=== attempt 1 2026-09-04_17:31:52 ===
2026-09-04 17:31:53.038633: E external/local_xla/xla/stream_executor/cuda/cuda_fft.cc:479] Unable to register cuFFT factory: Attempting to register factory for plugin cuFFT when one has already been registered
2026-09-04 17:31:53.064524: E external/local_xla/xla/stream_executor/cuda/cuda_dnn.cc:10575] Unable to register cuDNN factory: Attempting to register factory for plugin cuDNN when one has already been registered
2026-09-04 17:31:53.064578: E external/local_xla/xla/stream_executor/cuda/cuda_blas.cc:1442] Unable to register cuBLAS factory: Attempting to register factory for plugin cuBLAS when one has already been registered
2026-09-04 17:31:53.968186: W tensorflow/compiler/tf2tensorrt/utils/py_utils.cc:38] TF-TRT Warning: Could not find TensorRT
[trunk_ft_restore_sens] set medium, embedder yamnet_trunk, translation general: 11 rotating fold(s), 311 train-only, 0 holdout
/home/luke/projects/buzzdetect-training/.local/worktrees/trunk-ft-restore-sens/03_train/dataset.py:130: UserWarning: all 1 embedding file(s) under /home/luke/projects/buzzdetect-training/.local/worktrees/trunk-ft-restore-sens/02_set/sets/medium/embeddings/yamnet_trunk/raw/Luke - External Data Sources/InsectSound1000/Coccinella_septempunctata/2023419-16-19/000020 were dropped by the translation; raw label(s) present: ['EXCLUDE']
  warnings.warn(
/home/luke/projects/buzzdetect-training/.local/worktrees/trunk-ft-restore-sens/03_train/dataset.py:130: UserWarning: all 1 embedding file(s) under /home/luke/projects/buzzdetect-training/.local/worktrees/trunk-ft-restore-sens/02_set/sets/medium/embeddings/yamnet_trunk/raw/Luke - External Data Sources/InsectSound1000/Nezara_viridula/2022511-18-10/000018 were dropped by the translation; raw label(s) present: ['EXCLUDE']
  warnings.warn(
/home/luke/projects/buzzdetect-training/.local/worktrees/trunk-ft-restore-sens/03_train/dataset.py:130: UserWarning: all 2 embedding file(s) under /home/luke/projects/buzzdetect-training/.local/worktrees/trunk-ft-restore-sens/02_set/sets/medium/embeddings/yamnet_trunk/raw/Luke - External Data Sources/InsectSound1000/Nezara_viridula/2022511-18-10/000025 were dropped by the translation; raw label(s) present: ['EXCLUDE']
  warnings.warn(
/home/luke/projects/buzzdetect-training/.local/worktrees/trunk-ft-restore-sens/03_train/dataset.py:130: UserWarning: all 1 embedding file(s) under /home/luke/projects/buzzdetect-training/.local/worktrees/trunk-ft-restore-sens/02_set/sets/medium/embeddings/yamnet_trunk/raw/Luke - External Data Sources/InsectSound1000/Nezara_viridula/2022511-18-10/000032 were dropped by the translation; raw label(s) present: ['EXCLUDE']
  warnings.warn(
2026-09-04 17:32:14.346750: I external/local_xla/xla/stream_executor/cuda/cuda_executor.cc:998] successful NUMA node read from SysFS had negative value (-1), but there must be at least one NUMA node, so returning NUMA node zero. See more at https://github.com/torvalds/linux/blob/v6.0/Documentation/ABI/testing/sysfs-bus-pci#L344-L355
2026-09-04 17:32:14.386641: I external/local_xla/xla/stream_executor/cuda/cuda_executor.cc:998] successful NUMA node read from SysFS had negative value (-1), but there must be at least one NUMA node, so returning NUMA node zero. See more at https://github.com/torvalds/linux/blob/v6.0/Documentation/ABI/testing/sysfs-bus-pci#L344-L355
2026-09-04 17:32:14.390143: I external/local_xla/xla/stream_executor/cuda/cuda_executor.cc:998] successful NUMA node read from SysFS had negative value (-1), but there must be at least one NUMA node, so returning NUMA node zero. See more at https://github.com/torvalds/linux/blob/v6.0/Documentation/ABI/testing/sysfs-bus-pci#L344-L355
2026-09-04 17:32:14.395459: I external/local_xla/xla/stream_executor/cuda/cuda_executor.cc:998] successful NUMA node read from SysFS had negative value (-1), but there must be at least one NUMA node, so returning NUMA node zero. See more at https://github.com/torvalds/linux/blob/v6.0/Documentation/ABI/testing/sysfs-bus-pci#L344-L355
2026-09-04 17:32:14.400488: I external/local_xla/xla/stream_executor/cuda/cuda_executor.cc:998] successful NUMA node read from SysFS had negative value (-1), but there must be at least one NUMA node, so returning NUMA node zero. See more at https://github.com/torvalds/linux/blob/v6.0/Documentation/ABI/testing/sysfs-bus-pci#L344-L355
2026-09-04 17:32:14.404524: I external/local_xla/xla/stream_executor/cuda/cuda_executor.cc:998] successful NUMA node read from SysFS had negative value (-1), but there must be at least one NUMA node, so returning NUMA node zero. See more at https://github.com/torvalds/linux/blob/v6.0/Documentation/ABI/testing/sysfs-bus-pci#L344-L355
2026-09-04 17:32:14.578902: I external/local_xla/xla/stream_executor/cuda/cuda_executor.cc:998] successful NUMA node read from SysFS had negative value (-1), but there must be at least one NUMA node, so returning NUMA node zero. See more at https://github.com/torvalds/linux/blob/v6.0/Documentation/ABI/testing/sysfs-bus-pci#L344-L355
2026-09-04 17:32:14.580009: I external/local_xla/xla/stream_executor/cuda/cuda_executor.cc:998] successful NUMA node read from SysFS had negative value (-1), but there must be at least one NUMA node, so returning NUMA node zero. See more at https://github.com/torvalds/linux/blob/v6.0/Documentation/ABI/testing/sysfs-bus-pci#L344-L355
2026-09-04 17:32:14.581009: I external/local_xla/xla/stream_executor/cuda/cuda_executor.cc:998] successful NUMA node read from SysFS had negative value (-1), but there must be at least one NUMA node, so returning NUMA node zero. See more at https://github.com/torvalds/linux/blob/v6.0/Documentation/ABI/testing/sysfs-bus-pci#L344-L355
2026-09-04 17:32:14.581966: I tensorflow/core/common_runtime/gpu/gpu_device.cc:1928] Created device /job:localhost/replica:0/task:0/device:GPU:0 with 2328 MB memory:  -> device: 0, name: NVIDIA GeForce GTX 1650, pci bus id: 0000:01:00.0, compute capability: 7.5
2026-09-04 17:32:14.583354: W external/local_tsl/tsl/framework/cpu_allocator_impl.cc:83] Allocation of 1641947136 exceeds 10% of free system memory.
2026-09-04 17:32:15.822618: W external/local_tsl/tsl/framework/cpu_allocator_impl.cc:83] Allocation of 1641947136 exceeds 10% of free system memory.
[trunk_ft_restore_sens_foldJamesU - MustardBumbler/1_29] training on 321 fold(s), 66811 frames; early stopping on JamesU - MustardBumbler/1_29 (6984 frames)...
/home/luke/anaconda3/envs/buzzdetect-train/lib/python3.12/site-packages/keras/src/trainers/epoch_iterator.py:74: UserWarning: `shuffle=True` was passed, but will be ignored since the data `x` was provided as a tf.data.Dataset. The Dataset is expected to already be shuffled (via `.shuffle(buffer_size)`).
  self.data_adapter = data_adapters.get_data_adapter(
Epoch 1/400
2026-09-04 17:32:18.947936: W external/local_tsl/tsl/framework/cpu_allocator_impl.cc:83] Allocation of 1641947136 exceeds 10% of free system memory.
WARNING: All log messages before absl::InitializeLog() is called are written to STDERR
I0000 00:00:1788557541.261029 1321211 service.cc:145] XLA service 0x7ce50c02d490 initialized for platform CUDA (this does not guarantee that XLA will be used). Devices:
I0000 00:00:1788557541.261150 1321211 service.cc:153]   StreamExecutor device (0): NVIDIA GeForce GTX 1650, Compute Capability 7.5
2026-09-04 17:32:21.396333: I tensorflow/compiler/mlir/tensorflow/utils/dump_mlir_util.cc:268] disabling MLIR crash reproducer, set env var `MLIR_CRASH_REPRODUCER_DIRECTORY` to enable.
2026-09-04 17:32:21.690958: I external/local_xla/xla/stream_executor/cuda/cuda_dnn.cc:465] Loaded cuDNN version 8907
2026-09-04 17:32:23.478083: W external/local_tsl/tsl/framework/bfc_allocator.cc:296] Allocator (GPU_0_bfc) ran out of memory trying to allocate 696.00MiB with freed_by_count=0. The caller indicates that this is not a failure, but this may mean that there could be performance gains if more memory were available.
2026-09-04 17:32:23.478166: W external/local_tsl/tsl/framework/bfc_allocator.cc:296] Allocator (GPU_0_bfc) ran out of memory trying to allocate 2.27GiB with freed_by_count=0. The caller indicates that this is not a failure, but this may mean that there could be performance gains if more memory were available.
2026-09-04 17:32:24.986626: W external/local_tsl/tsl/framework/bfc_allocator.cc:296] Allocator (GPU_0_bfc) ran out of memory trying to allocate 968.00MiB with freed_by_count=0. The caller indicates that this is not a failure, but this may mean that there could be performance gains if more memory were available.
2026-09-04 17:32:24.986705: W external/local_tsl/tsl/framework/bfc_allocator.cc:296] Allocator (GPU_0_bfc) ran out of memory trying to allocate 4.52GiB with freed_by_count=0. The caller indicates that this is not a failure, but this may mean that there could be performance gains if more memory were available.
2026-09-04 17:32:25.423883: W external/local_tsl/tsl/framework/bfc_allocator.cc:296] Allocator (GPU_0_bfc) ran out of memory trying to allocate 696.00MiB with freed_by_count=0. The caller indicates that this is not a failure, but this may mean that there could be performance gains if more memory were available.
2026-09-04 17:32:25.423943: W external/local_tsl/tsl/framework/bfc_allocator.cc:296] Allocator (GPU_0_bfc) ran out of memory trying to allocate 3.39GiB with freed_by_count=0. The caller indicates that this is not a failure, but this may mean that there could be performance gains if more memory were available.
2026-09-04 17:32:25.743012: W external/local_tsl/tsl/framework/bfc_allocator.cc:296] Allocator (GPU_0_bfc) ran out of memory trying to allocate 2.02GiB with freed_by_count=0. The caller indicates that this is not a failure, but this may mean that there could be performance gains if more memory were available.
2026-09-04 17:32:25.743081: W external/local_tsl/tsl/framework/bfc_allocator.cc:296] Allocator (GPU_0_bfc) ran out of memory trying to allocate 2.02GiB with freed_by_count=0. The caller indicates that this is not a failure, but this may mean that there could be performance gains if more memory were available.
2026-09-04 17:32:25.743116: W external/local_tsl/tsl/framework/bfc_allocator.cc:296] Allocator (GPU_0_bfc) ran out of memory trying to allocate 2.02GiB with freed_by_count=0. The caller indicates that this is not a failure, but this may mean that there could be performance gains if more memory were available.
2026-09-04 17:32:26.638980: W external/local_tsl/tsl/framework/bfc_allocator.cc:296] Allocator (GPU_0_bfc) ran out of memory trying to allocate 4.02GiB with freed_by_count=0. The caller indicates that this is not a failure, but this may mean that there could be performance gains if more memory were available.
I0000 00:00:1788557550.060121 1321211 device_compiler.h:188] Compiled cluster using XLA!  This line is logged at most once for the lifetime of the process.
66/66 - 23s - 349ms/step - accuracy: 0.0849 - loss: 0.5382 - val_accuracy: 0.2600 - val_loss: 0.4494 - val_sens_fpr0.005: 9.3284e-04
Epoch 2/400
66/66 - 5s - 72ms/step - accuracy: 0.3033 - loss: 0.4241 - val_accuracy: 0.4708 - val_loss: 0.4306 - val_sens_fpr0.005: 0.2995
Epoch 3/400
66/66 - 5s - 71ms/step - accuracy: 0.4146 - loss: 0.4084 - val_accuracy: 0.5126 - val_loss: 0.4238 - val_sens_fpr0.005: 0.4092
Epoch 4/400
66/66 - 5s - 72ms/step - accuracy: 0.4717 - loss: 0.4010 - val_accuracy: 0.5163 - val_loss: 0.4239 - val_sens_fpr0.005: 0.4406
Epoch 5/400
66/66 - 5s - 72ms/step - accuracy: 0.5067 - loss: 0.3964 - val_accuracy: 0.5218 - val_loss: 0.4229 - val_sens_fpr0.005: 0.4537
Epoch 6/400
66/66 - 5s - 72ms/step - accuracy: 0.5327 - loss: 0.3933 - val_accuracy: 0.5375 - val_loss: 0.4185 - val_sens_fpr0.005: 0.4494
Epoch 7/400
66/66 - 5s - 73ms/step - accuracy: 0.5493 - loss: 0.3908 - val_accuracy: 0.5375 - val_loss: 0.4190 - val_sens_fpr0.005: 0.4498
Epoch 8/400
66/66 - 5s - 73ms/step - accuracy: 0.5632 - loss: 0.3887 - val_accuracy: 0.5402 - val_loss: 0.4196 - val_sens_fpr0.005: 0.4664
Epoch 9/400
66/66 - 5s - 72ms/step - accuracy: 0.5747 - loss: 0.3872 - val_accuracy: 0.5425 - val_loss: 0.4177 - val_sens_fpr0.005: 0.4957
Epoch 10/400
66/66 - 5s - 72ms/step - accuracy: 0.5833 - loss: 0.3860 - val_accuracy: 0.5315 - val_loss: 0.4214 - val_sens_fpr0.005: 0.4952
Epoch 11/400
66/66 - 5s - 72ms/step - accuracy: 0.5908 - loss: 0.3849 - val_accuracy: 0.5445 - val_loss: 0.4187 - val_sens_fpr0.005: 0.4960
Epoch 12/400
66/66 - 5s - 72ms/step - accuracy: 0.5996 - loss: 0.3838 - val_accuracy: 0.5458 - val_loss: 0.4165 - val_sens_fpr0.005: 0.4982
Epoch 13/400
66/66 - 5s - 72ms/step - accuracy: 0.6021 - loss: 0.3829 - val_accuracy: 0.5431 - val_loss: 0.4165 - val_sens_fpr0.005: 0.5025
Epoch 14/400
66/66 - 5s - 73ms/step - accuracy: 0.6107 - loss: 0.3820 - val_accuracy: 0.5361 - val_loss: 0.4193 - val_sens_fpr0.005: 0.5045
Epoch 15/400
66/66 - 5s - 72ms/step - accuracy: 0.6159 - loss: 0.3813 - val_accuracy: 0.5425 - val_loss: 0.4177 - val_sens_fpr0.005: 0.4930
Epoch 16/400
66/66 - 5s - 72ms/step - accuracy: 0.6197 - loss: 0.3806 - val_accuracy: 0.5347 - val_loss: 0.4190 - val_sens_fpr0.005: 0.4976
Epoch 17/400
66/66 - 5s - 72ms/step - accuracy: 0.6239 - loss: 0.3799 - val_accuracy: 0.5344 - val_loss: 0.4187 - val_sens_fpr0.005: 0.5050
Epoch 18/400
66/66 - 5s - 72ms/step - accuracy: 0.6270 - loss: 0.3794 - val_accuracy: 0.5421 - val_loss: 0.4172 - val_sens_fpr0.005: 0.4887
Epoch 19/400
66/66 - 5s - 72ms/step - accuracy: 0.6296 - loss: 0.3789 - val_accuracy: 0.5298 - val_loss: 0.4185 - val_sens_fpr0.005: 0.5087
Epoch 20/400
66/66 - 5s - 73ms/step - accuracy: 0.6311 - loss: 0.3784 - val_accuracy: 0.5304 - val_loss: 0.4187 - val_sens_fpr0.005: 0.5049
Epoch 21/400
66/66 - 5s - 73ms/step - accuracy: 0.6356 - loss: 0.3778 - val_accuracy: 0.5299 - val_loss: 0.4186 - val_sens_fpr0.005: 0.5117
Epoch 22/400
66/66 - 5s - 72ms/step - accuracy: 0.6387 - loss: 0.3774 - val_accuracy: 0.5311 - val_loss: 0.4177 - val_sens_fpr0.005: 0.5081
Epoch 23/400
66/66 - 5s - 72ms/step - accuracy: 0.6393 - loss: 0.3770 - val_accuracy: 0.5332 - val_loss: 0.4171 - val_sens_fpr0.005: 0.5128
Epoch 24/400
66/66 - 5s - 73ms/step - accuracy: 0.6422 - loss: 0.3765 - val_accuracy: 0.5318 - val_loss: 0.4172 - val_sens_fpr0.005: 0.5119
Epoch 25/400
66/66 - 5s - 72ms/step - accuracy: 0.6444 - loss: 0.3760 - val_accuracy: 0.5316 - val_loss: 0.4166 - val_sens_fpr0.005: 0.5062
Epoch 26/400
66/66 - 5s - 73ms/step - accuracy: 0.6456 - loss: 0.3757 - val_accuracy: 0.5215 - val_loss: 0.4182 - val_sens_fpr0.005: 0.4969
Epoch 27/400
66/66 - 5s - 72ms/step - accuracy: 0.6482 - loss: 0.3754 - val_accuracy: 0.5176 - val_loss: 0.4198 - val_sens_fpr0.005: 0.4962
Epoch 28/400
66/66 - 5s - 72ms/step - accuracy: 0.6503 - loss: 0.3750 - val_accuracy: 0.5152 - val_loss: 0.4201 - val_sens_fpr0.005: 0.4980
Epoch 29/400
66/66 - 5s - 72ms/step - accuracy: 0.6524 - loss: 0.3747 - val_accuracy: 0.5169 - val_loss: 0.4198 - val_sens_fpr0.005: 0.4994
Epoch 30/400
66/66 - 5s - 72ms/step - accuracy: 0.6543 - loss: 0.3743 - val_accuracy: 0.5122 - val_loss: 0.4205 - val_sens_fpr0.005: 0.4915
Epoch 31/400
66/66 - 5s - 72ms/step - accuracy: 0.6541 - loss: 0.3741 - val_accuracy: 0.5145 - val_loss: 0.4196 - val_sens_fpr0.005: 0.4919
Epoch 32/400
66/66 - 5s - 73ms/step - accuracy: 0.6560 - loss: 0.3737 - val_accuracy: 0.5136 - val_loss: 0.4203 - val_sens_fpr0.005: 0.4993
Epoch 33/400
66/66 - 5s - 71ms/step - accuracy: 0.6572 - loss: 0.3735 - val_accuracy: 0.5142 - val_loss: 0.4202 - val_sens_fpr0.005: 0.4979
Epoch 34/400
66/66 - 5s - 72ms/step - accuracy: 0.6605 - loss: 0.3731 - val_accuracy: 0.5200 - val_loss: 0.4197 - val_sens_fpr0.005: 0.4993
Epoch 35/400
66/66 - 5s - 72ms/step - accuracy: 0.6598 - loss: 0.3728 - val_accuracy: 0.5074 - val_loss: 0.4215 - val_sens_fpr0.005: 0.4960
Epoch 36/400
66/66 - 5s - 72ms/step - accuracy: 0.6626 - loss: 0.3726 - val_accuracy: 0.5024 - val_loss: 0.4200 - val_sens_fpr0.005: 0.4968
Epoch 37/400
66/66 - 5s - 72ms/step - accuracy: 0.6624 - loss: 0.3724 - val_accuracy: 0.5106 - val_loss: 0.4208 - val_sens_fpr0.005: 0.4982
Epoch 38/400
66/66 - 5s - 71ms/step - accuracy: 0.6648 - loss: 0.3720 - val_accuracy: 0.4963 - val_loss: 0.4226 - val_sens_fpr0.005: 0.4941
Epoch 39/400
66/66 - 5s - 72ms/step - accuracy: 0.6655 - loss: 0.3719 - val_accuracy: 0.4980 - val_loss: 0.4217 - val_sens_fpr0.005: 0.4924
Epoch 40/400
66/66 - 5s - 71ms/step - accuracy: 0.6666 - loss: 0.3716 - val_accuracy: 0.5093 - val_loss: 0.4194 - val_sens_fpr0.005: 0.4926
Epoch 41/400
66/66 - 5s - 71ms/step - accuracy: 0.6692 - loss: 0.3713 - val_accuracy: 0.5169 - val_loss: 0.4175 - val_sens_fpr0.005: 0.4973
Epoch 42/400
66/66 - 5s - 73ms/step - accuracy: 0.6698 - loss: 0.3712 - val_accuracy: 0.4971 - val_loss: 0.4210 - val_sens_fpr0.005: 0.4961
Epoch 43/400
66/66 - 5s - 72ms/step - accuracy: 0.6702 - loss: 0.3710 - val_accuracy: 0.5033 - val_loss: 0.4207 - val_sens_fpr0.005: 0.4888
Epoch 44/400
66/66 - 5s - 72ms/step - accuracy: 0.6713 - loss: 0.3707 - val_accuracy: 0.4963 - val_loss: 0.4209 - val_sens_fpr0.005: 0.4872
Epoch 45/400
66/66 - 5s - 72ms/step - accuracy: 0.6725 - loss: 0.3705 - val_accuracy: 0.5033 - val_loss: 0.4203 - val_sens_fpr0.005: 0.4921
Epoch 46/400
66/66 - 5s - 72ms/step - accuracy: 0.6732 - loss: 0.3702 - val_accuracy: 0.5052 - val_loss: 0.4191 - val_sens_fpr0.005: 0.4898
Epoch 47/400
66/66 - 5s - 72ms/step - accuracy: 0.6743 - loss: 0.3702 - val_accuracy: 0.4979 - val_loss: 0.4218 - val_sens_fpr0.005: 0.4912
Epoch 48/400
66/66 - 5s - 72ms/step - accuracy: 0.6748 - loss: 0.3698 - val_accuracy: 0.5039 - val_loss: 0.4196 - val_sens_fpr0.005: 0.4816
Epoch 49/400
66/66 - 5s - 72ms/step - accuracy: 0.6776 - loss: 0.3696 - val_accuracy: 0.5000 - val_loss: 0.4214 - val_sens_fpr0.005: 0.4879
Epoch 50/400
66/66 - 5s - 72ms/step - accuracy: 0.6762 - loss: 0.3695 - val_accuracy: 0.4968 - val_loss: 0.4215 - val_sens_fpr0.005: 0.4894
Epoch 51/400
66/66 - 5s - 72ms/step - accuracy: 0.6774 - loss: 0.3693 - val_accuracy: 0.5007 - val_loss: 0.4219 - val_sens_fpr0.005: 0.4936
Epoch 52/400
66/66 - 5s - 72ms/step - accuracy: 0.6786 - loss: 0.3692 - val_accuracy: 0.4785 - val_loss: 0.4232 - val_sens_fpr0.005: 0.4845
Epoch 53/400
66/66 - 5s - 72ms/step - accuracy: 0.6813 - loss: 0.3690 - val_accuracy: 0.4845 - val_loss: 0.4227 - val_sens_fpr0.005: 0.4884
Epoch 54/400
66/66 - 5s - 72ms/step - accuracy: 0.6802 - loss: 0.3689 - val_accuracy: 0.4917 - val_loss: 0.4220 - val_sens_fpr0.005: 0.4797
Epoch 55/400
66/66 - 5s - 72ms/step - accuracy: 0.6818 - loss: 0.3686 - val_accuracy: 0.4964 - val_loss: 0.4209 - val_sens_fpr0.005: 0.4825
Epoch 56/400
66/66 - 5s - 72ms/step - accuracy: 0.6834 - loss: 0.3685 - val_accuracy: 0.4953 - val_loss: 0.4205 - val_sens_fpr0.005: 0.4875
Epoch 57/400
66/66 - 5s - 72ms/step - accuracy: 0.6836 - loss: 0.3684 - val_accuracy: 0.4741 - val_loss: 0.4248 - val_sens_fpr0.005: 0.4760
Epoch 58/400
66/66 - 5s - 72ms/step - accuracy: 0.6840 - loss: 0.3682 - val_accuracy: 0.4850 - val_loss: 0.4223 - val_sens_fpr0.005: 0.4816
Epoch 59/400
66/66 - 5s - 73ms/step - accuracy: 0.6841 - loss: 0.3680 - val_accuracy: 0.4874 - val_loss: 0.4222 - val_sens_fpr0.005: 0.4805
Epoch 60/400
66/66 - 5s - 72ms/step - accuracy: 0.6854 - loss: 0.3678 - val_accuracy: 0.4817 - val_loss: 0.4232 - val_sens_fpr0.005: 0.4834
Epoch 61/400
66/66 - 5s - 73ms/step - accuracy: 0.6855 - loss: 0.3678 - val_accuracy: 0.4815 - val_loss: 0.4222 - val_sens_fpr0.005: 0.4800
Epoch 62/400
66/66 - 5s - 72ms/step - accuracy: 0.6875 - loss: 0.3676 - val_accuracy: 0.4794 - val_loss: 0.4231 - val_sens_fpr0.005: 0.4809
  RestoreBestSens: epoch 25 — smoothed val_sens_fpr0.005 (window 5)
[1/11] JamesU - MustardBumbler/1_29: 62 epochs (best 25), val_loss 0.4165, 66811/6984 frames train/val, sens@fpr0.5%=0.506
2026-09-04 17:37:52.379649: W external/local_tsl/tsl/framework/cpu_allocator_impl.cc:83] Allocation of 1697783808 exceeds 10% of free system memory.
2026-09-04 17:38:03.228650: W external/local_tsl/tsl/framework/bfc_allocator.cc:487] Allocator (GPU_0_bfc) ran out of memory trying to allocate 1.58GiB (rounded to 1697783808)requested by op _EagerConst
If the cause is memory fragmentation maybe the environment variable 'TF_GPU_ALLOCATOR=cuda_malloc_async' will improve the situation. 
Current allocation summary follows.
Current allocation summary follows.
2026-09-04 17:38:03.228722: I external/local_tsl/tsl/framework/bfc_allocator.cc:1044] BFCAllocator dump for GPU_0_bfc
2026-09-04 17:38:03.228736: I external/local_tsl/tsl/framework/bfc_allocator.cc:1051] Bin (256): 	Total Chunks: 133, Chunks in use: 131. 33.2KiB allocated for chunks. 32.8KiB in use in bin. 3.0KiB client-requested in use in bin.
2026-09-04 17:38:03.228761: I external/local_tsl/tsl/framework/bfc_allocator.cc:1051] Bin (512): 	Total Chunks: 14, Chunks in use: 12. 7.8KiB allocated for chunks. 6.2KiB in use in bin. 6.0KiB client-requested in use in bin.
2026-09-04 17:38:03.228771: I external/local_tsl/tsl/framework/bfc_allocator.cc:1051] Bin (1024): 	Total Chunks: 15, Chunks in use: 15. 16.0KiB allocated for chunks. 16.0KiB in use in bin. 15.3KiB client-requested in use in bin.
2026-09-04 17:38:03.228780: I external/local_tsl/tsl/framework/bfc_allocator.cc:1051] Bin (2048): 	Total Chunks: 38, Chunks in use: 37. 79.8KiB allocated for chunks. 77.5KiB in use in bin. 74.2KiB client-requested in use in bin.
2026-09-04 17:38:03.228788: I external/local_tsl/tsl/framework/bfc_allocator.cc:1051] Bin (4096): 	Total Chunks: 12, Chunks in use: 11. 51.0KiB allocated for chunks. 47.0KiB in use in bin. 45.0KiB client-requested in use in bin.
2026-09-04 17:38:03.228797: I external/local_tsl/tsl/framework/bfc_allocator.cc:1051] Bin (8192): 	Total Chunks: 3, Chunks in use: 3. 29.0KiB allocated for chunks. 29.0KiB in use in bin. 26.0KiB client-requested in use in bin.
2026-09-04 17:38:03.228806: I external/local_tsl/tsl/framework/bfc_allocator.cc:1051] Bin (16384): 	Total Chunks: 9, Chunks in use: 8. 174.5KiB allocated for chunks. 149.0KiB in use in bin. 144.0KiB client-requested in use in bin.
2026-09-04 17:38:03.228815: I external/local_tsl/tsl/framework/bfc_allocator.cc:1051] Bin (32768): 	Total Chunks: 4, Chunks in use: 4. 144.0KiB allocated for chunks. 144.0KiB in use in bin. 140.0KiB client-requested in use in bin.
2026-09-04 17:38:03.228831: I external/local_tsl/tsl/framework/bfc_allocator.cc:1051] Bin (65536): 	Total Chunks: 5, Chunks in use: 4. 338.0KiB allocated for chunks. 270.0KiB in use in bin. 268.0KiB client-requested in use in bin.
2026-09-04 17:38:03.228841: I external/local_tsl/tsl/framework/bfc_allocator.cc:1051] Bin (131072): 	Total Chunks: 3, Chunks in use: 1. 473.5KiB allocated for chunks. 128.0KiB in use in bin. 128.0KiB client-requested in use in bin.
2026-09-04 17:38:03.228850: I external/local_tsl/tsl/framework/bfc_allocator.cc:1051] Bin (262144): 	Total Chunks: 2, Chunks in use: 2. 720.0KiB allocated for chunks. 720.0KiB in use in bin. 719.8KiB client-requested in use in bin.
2026-09-04 17:38:03.228858: I external/local_tsl/tsl/framework/bfc_allocator.cc:1051] Bin (524288): 	Total Chunks: 2, Chunks in use: 1. 1.25MiB allocated for chunks. 512.0KiB in use in bin. 512.0KiB client-requested in use in bin.
2026-09-04 17:38:03.228867: I external/local_tsl/tsl/framework/bfc_allocator.cc:1051] Bin (1048576): 	Total Chunks: 5, Chunks in use: 5. 5.50MiB allocated for chunks. 5.50MiB in use in bin. 5.00MiB client-requested in use in bin.
2026-09-04 17:38:03.228875: I external/local_tsl/tsl/framework/bfc_allocator.cc:1051] Bin (2097152): 	Total Chunks: 3, Chunks in use: 3. 6.00MiB allocated for chunks. 6.00MiB in use in bin. 6.00MiB client-requested in use in bin.
2026-09-04 17:38:03.228884: I external/local_tsl/tsl/framework/bfc_allocator.cc:1051] Bin (4194304): 	Total Chunks: 5, Chunks in use: 4. 23.33MiB allocated for chunks. 16.33MiB in use in bin. 16.33MiB client-requested in use in bin.
2026-09-04 17:38:03.228892: I external/local_tsl/tsl/framework/bfc_allocator.cc:1051] Bin (8388608): 	Total Chunks: 0, Chunks in use: 0. 0B allocated for chunks. 0B in use in bin. 0B client-requested in use in bin.
2026-09-04 17:38:03.228901: I external/local_tsl/tsl/framework/bfc_allocator.cc:1051] Bin (16777216): 	Total Chunks: 0, Chunks in use: 0. 0B allocated for chunks. 0B in use in bin. 0B client-requested in use in bin.
2026-09-04 17:38:03.228908: I external/local_tsl/tsl/framework/bfc_allocator.cc:1051] Bin (33554432): 	Total Chunks: 0, Chunks in use: 0. 0B allocated for chunks. 0B in use in bin. 0B client-requested in use in bin.
2026-09-04 17:38:03.228915: I external/local_tsl/tsl/framework/bfc_allocator.cc:1051] Bin (67108864): 	Total Chunks: 0, Chunks in use: 0. 0B allocated for chunks. 0B in use in bin. 0B client-requested in use in bin.
2026-09-04 17:38:03.228929: I external/local_tsl/tsl/framework/bfc_allocator.cc:1051] Bin (134217728): 	Total Chunks: 1, Chunks in use: 1. 163.69MiB allocated for chunks. 163.69MiB in use in bin. 163.69MiB client-requested in use in bin.
2026-09-04 17:38:03.228937: I external/local_tsl/tsl/framework/bfc_allocator.cc:1051] Bin (268435456): 	Total Chunks: 3, Chunks in use: 1. 2.08GiB allocated for chunks. 1.53GiB in use in bin. 1.53GiB client-requested in use in bin.
2026-09-04 17:38:03.228946: I external/local_tsl/tsl/framework/bfc_allocator.cc:1067] Bin for 1.58GiB was 256.00MiB, Chunk State: 
2026-09-04 17:38:03.228959: I external/local_tsl/tsl/framework/bfc_allocator.cc:1073]   Size: 272.14MiB | Requested Size: 15.38MiB | in_use: 0 | bin_num: 20, prev:   Size: 4.00MiB | Requested Size: 4.00MiB | in_use: 1 | bin_num: -1, next:   Size: 2.00MiB | Requested Size: 2.00MiB | in_use: 1 | bin_num: -1
2026-09-04 17:38:03.228969: I external/local_tsl/tsl/framework/bfc_allocator.cc:1073]   Size: 288.19MiB | Requested Size: 24.00MiB | in_use: 0 | bin_num: 20, prev:   Size: 4.00MiB | Requested Size: 4.00MiB | in_use: 1 | bin_num: -1
2026-09-04 17:38:03.228976: I external/local_tsl/tsl/framework/bfc_allocator.cc:1080] Next region of size 2441084928
2026-09-04 17:38:03.228984: I external/local_tsl/tsl/framework/bfc_allocator.cc:1100] InUse at 7ce2b8000000 of size 1641947136 next 1
2026-09-04 17:38:03.228991: I external/local_tsl/tsl/framework/bfc_allocator.cc:1100] InUse at 7ce319de2000 of size 1280 next 2
2026-09-04 17:38:03.228998: I external/local_tsl/tsl/framework/bfc_allocator.cc:1100] InUse at 7ce319de2500 of size 4543232 next 3
2026-09-04 17:38:03.229005: I external/local_tsl/tsl/framework/bfc_allocator.cc:1100] InUse at 7ce31a237800 of size 256 next 4
2026-09-04 17:38:03.229011: I external/local_tsl/tsl/framework/bfc_allocator.cc:1100] InUse at 7ce31a237900 of size 256 next 5
2026-09-04 17:38:03.229017: I external/local_tsl/tsl/framework/bfc_allocator.cc:1100] InUse at 7ce31a237a00 of size 256 next 6
2026-09-04 17:38:03.229022: I external/local_tsl/tsl/framework/bfc_allocator.cc:1100] InUse at 7ce31a237b00 of size 256 next 7
2026-09-04 17:38:03.229028: I external/local_tsl/tsl/framework/bfc_allocator.cc:1100] InUse at 7ce31a237c00 of size 256 next 8
2026-09-04 17:38:03.229033: I external/local_tsl/tsl/framework/bfc_allocator.cc:1100] InUse at 7ce31a237d00 of size 171638784 next 9
2026-09-04 17:38:03.229040: I external/local_tsl/tsl/framework/bfc_allocator.cc:1100] InUse at 7ce3245e7d00 of size 475136 next 10
2026-09-04 17:38:03.229047: I external/local_tsl/tsl/framework/bfc_allocator.cc:1100] InUse at 7ce32465bd00 of size 256 next 11
2026-09-04 17:38:03.229053: I external/local_tsl/tsl/framework/bfc_allocator.cc:1100] InUse at 7ce32465be00 of size 256 next 12
2026-09-04 17:38:03.229058: I external/local_tsl/tsl/framework/bfc_allocator.cc:1100] InUse at 7ce32465bf00 of size 256 next 13
2026-09-04 17:38:03.229064: I external/local_tsl/tsl/framework/bfc_allocator.cc:1100] InUse at 7ce32465c000 of size 256 next 14
2026-09-04 17:38:03.229069: I external/local_tsl/tsl/framework/bfc_allocator.cc:1100] InUse at 7ce32465c100 of size 256 next 16
2026-09-04 17:38:03.229075: I external/local_tsl/tsl/framework/bfc_allocator.cc:1100] InUse at 7ce32465c200 of size 256 next 17
2026-09-04 17:38:03.229081: I external/local_tsl/tsl/framework/bfc_allocator.cc:1100] InUse at 7ce32465c300 of size 256 next 15
2026-09-04 17:38:03.229086: I external/local_tsl/tsl/framework/bfc_allocator.cc:1100] InUse at 7ce32465c400 of size 256 next 18
2026-09-04 17:38:03.229092: I external/local_tsl/tsl/framework/bfc_allocator.cc:1100] InUse at 7ce32465c500 of size 256 next 30
2026-09-04 17:38:03.229097: I external/local_tsl/tsl/framework/bfc_allocator.cc:1100] InUse at 7ce32465c600 of size 256 next 28
2026-09-04 17:38:03.229103: I external/local_tsl/tsl/framework/bfc_allocator.cc:1100] InUse at 7ce32465c700 of size 256 next 29
2026-09-04 17:38:03.229112: I external/local_tsl/tsl/framework/bfc_allocator.cc:1100] InUse at 7ce32465c800 of size 256 next 33
2026-09-04 17:38:03.229118: I external/local_tsl/tsl/framework/bfc_allocator.cc:1100] InUse at 7ce32465c900 of size 256 next 34
2026-09-04 17:38:03.229123: I external/local_tsl/tsl/framework/bfc_allocator.cc:1100] InUse at 7ce32465ca00 of size 256 next 37
2026-09-04 17:38:03.229129: I external/local_tsl/tsl/framework/bfc_allocator.cc:1100] InUse at 7ce32465cb00 of size 256 next 35
2026-09-04 17:38:03.229135: I external/local_tsl/tsl/framework/bfc_allocator.cc:1100] InUse at 7ce32465cc00 of size 256 next 36
2026-09-04 17:38:03.229140: I external/local_tsl/tsl/framework/bfc_allocator.cc:1100] InUse at 7ce32465cd00 of size 256 next 19
2026-09-04 17:38:03.229146: I external/local_tsl/tsl/framework/bfc_allocator.cc:1100] InUse at 7ce32465ce00 of size 256 next 161
2026-09-04 17:38:03.229153: I external/local_tsl/tsl/framework/bfc_allocator.cc:1100] InUse at 7ce32465cf00 of size 256 next 20
2026-09-04 17:38:03.229158: I external/local_tsl/tsl/framework/bfc_allocator.cc:1100] InUse at 7ce32465d000 of size 256 next 22
2026-09-04 17:38:03.229164: I external/local_tsl/tsl/framework/bfc_allocator.cc:1100] InUse at 7ce32465d100 of size 256 next 23
2026-09-04 17:38:03.229169: I external/local_tsl/tsl/framework/bfc_allocator.cc:1100] InUse at 7ce32465d200 of size 256 next 25
2026-09-04 17:38:03.229175: I external/local_tsl/tsl/framework/bfc_allocator.cc:1100] InUse at 7ce32465d300 of size 768 next 21
2026-09-04 17:38:03.229181: I external/local_tsl/tsl/framework/bfc_allocator.cc:1100] InUse at 7ce32465d600 of size 256 next 24
2026-09-04 17:38:03.229186: I external/local_tsl/tsl/framework/bfc_allocator.cc:1100] InUse at 7ce32465d700 of size 256 next 27
2026-09-04 17:38:03.229192: I external/local_tsl/tsl/framework/bfc_allocator.cc:1100] InUse at 7ce32465d800 of size 512 next 26
2026-09-04 17:38:03.229198: I external/local_tsl/tsl/framework/bfc_allocator.cc:1100] InUse at 7ce32465da00 of size 512 next 40
2026-09-04 17:38:03.229204: I external/local_tsl/tsl/framework/bfc_allocator.cc:1100] InUse at 7ce32465dc00 of size 512 next 43
2026-09-04 17:38:03.229209: I external/local_tsl/tsl/framework/bfc_allocator.cc:1100] InUse at 7ce32465de00 of size 512 next 38
2026-09-04 17:38:03.229215: I external/local_tsl/tsl/framework/bfc_allocator.cc:1100] InUse at 7ce32465e000 of size 512 next 52
2026-09-04 17:38:03.229228: I external/local_tsl/tsl/framework/bfc_allocator.cc:1100] InUse at 7ce32465e200 of size 512 next 41
2026-09-04 17:38:03.229235: I external/local_tsl/tsl/framework/bfc_allocator.cc:1100] InUse at 7ce32465e400 of size 256 next 42
2026-09-04 17:38:03.229240: I external/local_tsl/tsl/framework/bfc_allocator.cc:1100] InUse at 7ce32465e500 of size 256 next 46
2026-09-04 17:38:03.229246: I external/local_tsl/tsl/framework/bfc_allocator.cc:1100] InUse at 7ce32465e600 of size 512 next 47
2026-09-04 17:38:03.229252: I external/local_tsl/tsl/framework/bfc_allocator.cc:1100] InUse at 7ce32465e800 of size 512 next 50
2026-09-04 17:38:03.229257: I external/local_tsl/tsl/framework/bfc_allocator.cc:1100] InUse at 7ce32465ea00 of size 512 next 48
2026-09-04 17:38:03.229263: I external/local_tsl/tsl/framework/bfc_allocator.cc:1100] InUse at 7ce32465ec00 of size 256 next 49
2026-09-04 17:38:03.229269: I external/local_tsl/tsl/framework/bfc_allocator.cc:1100] InUse at 7ce32465ed00 of size 512 next 53
2026-09-04 17:38:03.229282: I external/local_tsl/tsl/framework/bfc_allocator.cc:1100] InUse at 7ce32465ef00 of size 256 next 39
2026-09-04 17:38:03.229289: I external/local_tsl/tsl/framework/bfc_allocator.cc:1100] InUse at 7ce32465f000 of size 1024 next 61
2026-09-04 17:38:03.229295: I external/local_tsl/tsl/framework/bfc_allocator.cc:1100] InUse at 7ce32465f400 of size 1024 next 68
2026-09-04 17:38:03.229302: I external/local_tsl/tsl/framework/bfc_allocator.cc:1100] InUse at 7ce32465f800 of size 2304 next 65
2026-09-04 17:38:03.229309: I external/local_tsl/tsl/framework/bfc_allocator.cc:1100] InUse at 7ce324660100 of size 256 next 66
2026-09-04 17:38:03.229317: I external/local_tsl/tsl/framework/bfc_allocator.cc:1100] InUse at 7ce324660200 of size 256 next 69
2026-09-04 17:38:03.229323: I external/local_tsl/tsl/framework/bfc_allocator.cc:1100] InUse at 7ce324660300 of size 1024 next 70
2026-09-04 17:38:03.229330: I external/local_tsl/tsl/framework/bfc_allocator.cc:1100] InUse at 7ce324660700 of size 1024 next 73
2026-09-04 17:38:03.229336: I external/local_tsl/tsl/framework/bfc_allocator.cc:1100] InUse at 7ce324660b00 of size 1024 next 71
2026-09-04 17:38:03.229342: I external/local_tsl/tsl/framework/bfc_allocator.cc:1100] InUse at 7ce324660f00 of size 256 next 72
2026-09-04 17:38:03.229348: I external/local_tsl/tsl/framework/bfc_allocator.cc:1100] InUse at 7ce324661000 of size 256 next 76
2026-09-04 17:38:03.229353: I external/local_tsl/tsl/framework/bfc_allocator.cc:1100] InUse at 7ce324661100 of size 1024 next 77
2026-09-04 17:38:03.229360: I external/local_tsl/tsl/framework/bfc_allocator.cc:1100] InUse at 7ce324661500 of size 1024 next 80
2026-09-04 17:38:03.229366: I external/local_tsl/tsl/framework/bfc_allocator.cc:1100] InUse at 7ce324661900 of size 1280 next 32
2026-09-04 17:38:03.229373: I external/local_tsl/tsl/framework/bfc_allocator.cc:1100] InUse at 7ce324661e00 of size 2304 next 163
2026-09-04 17:38:03.229380: I external/local_tsl/tsl/framework/bfc_allocator.cc:1100] InUse at 7ce324662700 of size 5888 next 31
2026-09-04 17:38:03.229386: I external/local_tsl/tsl/framework/bfc_allocator.cc:1100] InUse at 7ce324663e00 of size 4608 next 51
2026-09-04 17:38:03.229393: I external/local_tsl/tsl/framework/bfc_allocator.cc:1100] InUse at 7ce324665000 of size 512 next 58
2026-09-04 17:38:03.229399: I external/local_tsl/tsl/framework/bfc_allocator.cc:1100] InUse at 7ce324665200 of size 1024 next 54
2026-09-04 17:38:03.229405: I external/local_tsl/tsl/framework/bfc_allocator.cc:1100] InUse at 7ce324665600 of size 256 next 60
2026-09-04 17:38:03.229411: I external/local_tsl/tsl/framework/bfc_allocator.cc:1100] InUse at 7ce324665700 of size 256 next 63
2026-09-04 17:38:03.229417: I external/local_tsl/tsl/framework/bfc_allocator.cc:1100] InUse at 7ce324665800 of size 1024 next 64
2026-09-04 17:38:03.229423: I external/local_tsl/tsl/framework/bfc_allocator.cc:1100] InUse at 7ce324665c00 of size 2048 next 85
2026-09-04 17:38:03.229429: I external/local_tsl/tsl/framework/bfc_allocator.cc:1100] InUse at 7ce324666400 of size 2048 next 62
2026-09-04 17:38:03.229436: I external/local_tsl/tsl/framework/bfc_allocator.cc:1100] InUse at 7ce324666c00 of size 2048 next 124
2026-09-04 17:38:03.229442: I external/local_tsl/tsl/framework/bfc_allocator.cc:1100] Free  at 7ce324667400 of size 2304 next 88
2026-09-04 17:38:03.229449: I external/local_tsl/tsl/framework/bfc_allocator.cc:1100] InUse at 7ce324667d00 of size 256 next 89
2026-09-04 17:38:03.229454: I external/local_tsl/tsl/framework/bfc_allocator.cc:1100] InUse at 7ce324667e00 of size 256 next 92
2026-09-04 17:38:03.229460: I external/local_tsl/tsl/framework/bfc_allocator.cc:1100] InUse at 7ce324667f00 of size 2048 next 93
2026-09-04 17:38:03.229466: I external/local_tsl/tsl/framework/bfc_allocator.cc:1100] InUse at 7ce324668700 of size 2048 next 96
2026-09-04 17:38:03.229473: I external/local_tsl/tsl/framework/bfc_allocator.cc:1100] InUse at 7ce324668f00 of size 2048 next 94
2026-09-04 17:38:03.229479: I external/local_tsl/tsl/framework/bfc_allocator.cc:1100] InUse at 7ce324669700 of size 256 next 95
2026-09-04 17:38:03.229484: I external/local_tsl/tsl/framework/bfc_allocator.cc:1100] InUse at 7ce324669800 of size 256 next 99
2026-09-04 17:38:03.229490: I external/local_tsl/tsl/framework/bfc_allocator.cc:1100] InUse at 7ce324669900 of size 2048 next 100
2026-09-04 17:38:03.229496: I external/local_tsl/tsl/framework/bfc_allocator.cc:1100] InUse at 7ce32466a100 of size 2048 next 103
2026-09-04 17:38:03.229503: I external/local_tsl/tsl/framework/bfc_allocator.cc:1100] InUse at 7ce32466a900 of size 2048 next 101
2026-09-04 17:38:03.229510: I external/local_tsl/tsl/framework/bfc_allocator.cc:1100] InUse at 7ce32466b100 of size 3072 next 75
2026-09-04 17:38:03.229519: I external/local_tsl/tsl/framework/bfc_allocator.cc:1100] InUse at 7ce32466bd00 of size 9216 next 74
2026-09-04 17:38:03.229527: I external/local_tsl/tsl/framework/bfc_allocator.cc:1100] InUse at 7ce32466e100 of size 1024 next 79
2026-09-04 17:38:03.229533: I external/local_tsl/tsl/framework/bfc_allocator.cc:1100] InUse at 7ce32466e500 of size 1024 next 83
2026-09-04 17:38:03.229540: I external/local_tsl/tsl/framework/bfc_allocator.cc:1100] InUse at 7ce32466e900 of size 256 next 159
2026-09-04 17:38:03.229546: I external/local_tsl/tsl/framework/bfc_allocator.cc:1100] InUse at 7ce32466ea00 of size 256 next 138
2026-09-04 17:38:03.229553: I external/local_tsl/tsl/framework/bfc_allocator.cc:1100] Free  at 7ce32466eb00 of size 256 next 133
2026-09-04 17:38:03.229559: I external/local_tsl/tsl/framework/bfc_allocator.cc:1100] InUse at 7ce32466ec00 of size 256 next 78
2026-09-04 17:38:03.229565: I external/local_tsl/tsl/framework/bfc_allocator.cc:1100] InUse at 7ce32466ed00 of size 256 next 84
2026-09-04 17:38:03.229570: I external/local_tsl/tsl/framework/bfc_allocator.cc:1100] InUse at 7ce32466ee00 of size 256 next 86
2026-09-04 17:38:03.229576: I external/local_tsl/tsl/framework/bfc_allocator.cc:1100] InUse at 7ce32466ef00 of size 2048 next 87
2026-09-04 17:38:03.229583: I external/local_tsl/tsl/framework/bfc_allocator.cc:1100] InUse at 7ce32466f700 of size 4096 next 146
2026-09-04 17:38:03.229590: I external/local_tsl/tsl/framework/bfc_allocator.cc:1100] InUse at 7ce324670700 of size 4096 next 160
2026-09-04 17:38:03.229596: I external/local_tsl/tsl/framework/bfc_allocator.cc:1100] InUse at 7ce324671700 of size 256 next 208
2026-09-04 17:38:03.229603: I external/local_tsl/tsl/framework/bfc_allocator.cc:1100] InUse at 7ce324671800 of size 256 next 198
2026-09-04 17:38:03.229609: I external/local_tsl/tsl/framework/bfc_allocator.cc:1100] InUse at 7ce324671900 of size 256 next 209
2026-09-04 17:38:03.229616: I external/local_tsl/tsl/framework/bfc_allocator.cc:1100] InUse at 7ce324671a00 of size 256 next 203
2026-09-04 17:38:03.229622: I external/local_tsl/tsl/framework/bfc_allocator.cc:1100] InUse at 7ce324671b00 of size 256 next 204
2026-09-04 17:38:03.229629: I external/local_tsl/tsl/framework/bfc_allocator.cc:1100] InUse at 7ce324671c00 of size 256 next 205
2026-09-04 17:38:03.229635: I external/local_tsl/tsl/framework/bfc_allocator.cc:1100] InUse at 7ce324671d00 of size 256 next 169
2026-09-04 17:38:03.229642: I external/local_tsl/tsl/framework/bfc_allocator.cc:1100] InUse at 7ce324671e00 of size 256 next 214
2026-09-04 17:38:03.229648: I external/local_tsl/tsl/framework/bfc_allocator.cc:1100] InUse at 7ce324671f00 of size 256 next 196
2026-09-04 17:38:03.229655: I external/local_tsl/tsl/framework/bfc_allocator.cc:1100] InUse at 7ce324672000 of size 256 next 178
2026-09-04 17:38:03.229662: I external/local_tsl/tsl/framework/bfc_allocator.cc:1100] InUse at 7ce324672100 of size 256 next 173
2026-09-04 17:38:03.229668: I external/local_tsl/tsl/framework/bfc_allocator.cc:1100] InUse at 7ce324672200 of size 256 next 195
2026-09-04 17:38:03.229675: I external/local_tsl/tsl/framework/bfc_allocator.cc:1100] InUse at 7ce324672300 of size 256 next 222
2026-09-04 17:38:03.229681: I external/local_tsl/tsl/framework/bfc_allocator.cc:1100] InUse at 7ce324672400 of size 256 next 217
2026-09-04 17:38:03.229688: I external/local_tsl/tsl/framework/bfc_allocator.cc:1100] InUse at 7ce324672500 of size 256 next 200
2026-09-04 17:38:03.229694: I external/local_tsl/tsl/framework/bfc_allocator.cc:1100] InUse at 7ce324672600 of size 256 next 179
2026-09-04 17:38:03.229701: I external/local_tsl/tsl/framework/bfc_allocator.cc:1100] InUse at 7ce324672700 of size 256 next 216
2026-09-04 17:38:03.229707: I external/local_tsl/tsl/framework/bfc_allocator.cc:1100] InUse at 7ce324672800 of size 256 next 197
2026-09-04 17:38:03.229714: I external/local_tsl/tsl/framework/bfc_allocator.cc:1100] InUse at 7ce324672900 of size 256 next 175
2026-09-04 17:38:03.229720: I external/local_tsl/tsl/framework/bfc_allocator.cc:1100] InUse at 7ce324672a00 of size 256 next 202
2026-09-04 17:38:03.229730: I external/local_tsl/tsl/framework/bfc_allocator.cc:1100] InUse at 7ce324672b00 of size 256 next 227
2026-09-04 17:38:03.229737: I external/local_tsl/tsl/framework/bfc_allocator.cc:1100] InUse at 7ce324672c00 of size 256 next 224
2026-09-04 17:38:03.229743: I external/local_tsl/tsl/framework/bfc_allocator.cc:1100] InUse at 7ce324672d00 of size 256 next 225
2026-09-04 17:38:03.229750: I external/local_tsl/tsl/framework/bfc_allocator.cc:1100] InUse at 7ce324672e00 of size 256 next 213
2026-09-04 17:38:03.229756: I external/local_tsl/tsl/framework/bfc_allocator.cc:1100] InUse at 7ce324672f00 of size 256 next 228
2026-09-04 17:38:03.229763: I external/local_tsl/tsl/framework/bfc_allocator.cc:1100] Free  at 7ce324673000 of size 768 next 232
2026-09-04 17:38:03.229770: I external/local_tsl/tsl/framework/bfc_allocator.cc:1100] InUse at 7ce324673300 of size 256 next 201
2026-09-04 17:38:03.229776: I external/local_tsl/tsl/framework/bfc_allocator.cc:1100] InUse at 7ce324673400 of size 256 next 233
2026-09-04 17:38:03.229783: I external/local_tsl/tsl/framework/bfc_allocator.cc:1100] InUse at 7ce324673500 of size 256 next 170
2026-09-04 17:38:03.229789: I external/local_tsl/tsl/framework/bfc_allocator.cc:1100] Free  at 7ce324673600 of size 768 next 211
2026-09-04 17:38:03.229796: I external/local_tsl/tsl/framework/bfc_allocator.cc:1100] InUse at 7ce324673900 of size 256 next 212
2026-09-04 17:38:03.229802: I external/local_tsl/tsl/framework/bfc_allocator.cc:1100] Free  at 7ce324673a00 of size 256 next 240
2026-09-04 17:38:03.229809: I external/local_tsl/tsl/framework/bfc_allocator.cc:1100] InUse at 7ce324673b00 of size 256 next 234
2026-09-04 17:38:03.229815: I external/local_tsl/tsl/framework/bfc_allocator.cc:1100] InUse at 7ce324673c00 of size 256 next 215
2026-09-04 17:38:03.229827: I external/local_tsl/tsl/framework/bfc_allocator.cc:1100] InUse at 7ce324673d00 of size 256 next 45
2026-09-04 17:38:03.229835: I external/local_tsl/tsl/framework/bfc_allocator.cc:1100] InUse at 7ce324673e00 of size 9216 next 55
2026-09-04 17:38:03.229842: I external/local_tsl/tsl/framework/bfc_allocator.cc:1100] InUse at 7ce324676200 of size 23552 next 44
2026-09-04 17:38:03.229849: I external/local_tsl/tsl/framework/bfc_allocator.cc:1100] InUse at 7ce32467be00 of size 2048 next 106
2026-09-04 17:38:03.229856: I external/local_tsl/tsl/framework/bfc_allocator.cc:1100] InUse at 7ce32467c600 of size 2048 next 107
2026-09-04 17:38:03.229862: I external/local_tsl/tsl/framework/bfc_allocator.cc:1100] InUse at 7ce32467ce00 of size 2048 next 102
2026-09-04 17:38:03.229869: I external/local_tsl/tsl/framework/bfc_allocator.cc:1100] InUse at 7ce32467d600 of size 2048 next 110
2026-09-04 17:38:03.229875: I external/local_tsl/tsl/framework/bfc_allocator.cc:1100] InUse at 7ce32467de00 of size 2048 next 111
2026-09-04 17:38:03.229882: I external/local_tsl/tsl/framework/bfc_allocator.cc:1100] InUse at 7ce32467e600 of size 256 next 151
2026-09-04 17:38:03.229888: I external/local_tsl/tsl/framework/bfc_allocator.cc:1100] InUse at 7ce32467e700 of size 256 next 154
2026-09-04 17:38:03.229895: I external/local_tsl/tsl/framework/bfc_allocator.cc:1100] InUse at 7ce32467e800 of size 4096 next 155
2026-09-04 17:38:03.229901: I external/local_tsl/tsl/framework/bfc_allocator.cc:1100] Free  at 7ce32467f800 of size 4096 next 158
2026-09-04 17:38:03.229908: I external/local_tsl/tsl/framework/bfc_allocator.cc:1100] InUse at 7ce324680800 of size 256 next 137
2026-09-04 17:38:03.229915: I external/local_tsl/tsl/framework/bfc_allocator.cc:1100] InUse at 7ce324680900 of size 256 next 139
2026-09-04 17:38:03.229921: I external/local_tsl/tsl/framework/bfc_allocator.cc:1100] InUse at 7ce324680a00 of size 256 next 247
2026-09-04 17:38:03.229927: I external/local_tsl/tsl/framework/bfc_allocator.cc:1100] InUse at 7ce324680b00 of size 256 next 167
2026-09-04 17:38:03.229934: I external/local_tsl/tsl/framework/bfc_allocator.cc:1100] InUse at 7ce324680c00 of size 256 next 168
2026-09-04 17:38:03.229944: I external/local_tsl/tsl/framework/bfc_allocator.cc:1100] InUse at 7ce324680d00 of size 256 next 172
2026-09-04 17:38:03.229951: I external/local_tsl/tsl/framework/bfc_allocator.cc:1100] InUse at 7ce324680e00 of size 256 next 193
2026-09-04 17:38:03.229957: I external/local_tsl/tsl/framework/bfc_allocator.cc:1100] InUse at 7ce324680f00 of size 256 next 171
2026-09-04 17:38:03.229964: I external/local_tsl/tsl/framework/bfc_allocator.cc:1100] InUse at 7ce324681000 of size 256 next 176
2026-09-04 17:38:03.229970: I external/local_tsl/tsl/framework/bfc_allocator.cc:1100] InUse at 7ce324681100 of size 256 next 181
2026-09-04 17:38:03.229977: I external/local_tsl/tsl/framework/bfc_allocator.cc:1100] InUse at 7ce324681200 of size 256 next 191
2026-09-04 17:38:03.229983: I external/local_tsl/tsl/framework/bfc_allocator.cc:1100] InUse at 7ce324681300 of size 256 next 192
2026-09-04 17:38:03.229990: I external/local_tsl/tsl/framework/bfc_allocator.cc:1100] InUse at 7ce324681400 of size 256 next 174
2026-09-04 17:38:03.229996: I external/local_tsl/tsl/framework/bfc_allocator.cc:1100] InUse at 7ce324681500 of size 256 next 194
2026-09-04 17:38:03.230003: I external/local_tsl/tsl/framework/bfc_allocator.cc:1100] InUse at 7ce324681600 of size 256 next 177
2026-09-04 17:38:03.230009: I external/local_tsl/tsl/framework/bfc_allocator.cc:1100] InUse at 7ce324681700 of size 256 next 156
2026-09-04 17:38:03.230016: I external/local_tsl/tsl/framework/bfc_allocator.cc:1100] InUse at 7ce324681800 of size 1280 next 157
2026-09-04 17:38:03.230022: I external/local_tsl/tsl/framework/bfc_allocator.cc:1100] InUse at 7ce324681d00 of size 1280 next 162
2026-09-04 17:38:03.230029: I external/local_tsl/tsl/framework/bfc_allocator.cc:1100] InUse at 7ce324682200 of size 11264 next 98
2026-09-04 17:38:03.230036: I external/local_tsl/tsl/framework/bfc_allocator.cc:1100] InUse at 7ce324684e00 of size 18432 next 97
2026-09-04 17:38:03.230043: I external/local_tsl/tsl/framework/bfc_allocator.cc:1100] InUse at 7ce324689600 of size 18432 next 109
2026-09-04 17:38:03.230049: I external/local_tsl/tsl/framework/bfc_allocator.cc:1100] InUse at 7ce32468de00 of size 2048 next 113
2026-09-04 17:38:03.230056: I external/local_tsl/tsl/framework/bfc_allocator.cc:1100] InUse at 7ce32468e600 of size 2048 next 114
2026-09-04 17:38:03.230062: I external/local_tsl/tsl/framework/bfc_allocator.cc:1100] InUse at 7ce32468ee00 of size 2048 next 108
2026-09-04 17:38:03.230069: I external/local_tsl/tsl/framework/bfc_allocator.cc:1100] InUse at 7ce32468f600 of size 2048 next 118
2026-09-04 17:38:03.230075: I external/local_tsl/tsl/framework/bfc_allocator.cc:1100] InUse at 7ce32468fe00 of size 2048 next 119
2026-09-04 17:38:03.230082: I external/local_tsl/tsl/framework/bfc_allocator.cc:1100] InUse at 7ce324690600 of size 2048 next 120
2026-09-04 17:38:03.230088: I external/local_tsl/tsl/framework/bfc_allocator.cc:1100] InUse at 7ce324690e00 of size 2048 next 122
2026-09-04 17:38:03.230095: I external/local_tsl/tsl/framework/bfc_allocator.cc:1100] InUse at 7ce324691600 of size 2048 next 123
2026-09-04 17:38:03.230101: I external/local_tsl/tsl/framework/bfc_allocator.cc:1100] InUse at 7ce324691e00 of size 2304 next 116
2026-09-04 17:38:03.230108: I external/local_tsl/tsl/framework/bfc_allocator.cc:1100] InUse at 7ce324692700 of size 18432 next 117
2026-09-04 17:38:03.230114: I external/local_tsl/tsl/framework/bfc_allocator.cc:1100] InUse at 7ce324696f00 of size 2048 next 125
2026-09-04 17:38:03.230121: I external/local_tsl/tsl/framework/bfc_allocator.cc:1100] InUse at 7ce324697700 of size 2048 next 126
2026-09-04 17:38:03.230127: I external/local_tsl/tsl/framework/bfc_allocator.cc:1100] InUse at 7ce324697f00 of size 2048 next 127
2026-09-04 17:38:03.230134: I external/local_tsl/tsl/framework/bfc_allocator.cc:1100] InUse at 7ce324698700 of size 2048 next 129
2026-09-04 17:38:03.230140: I external/local_tsl/tsl/framework/bfc_allocator.cc:1100] InUse at 7ce324698f00 of size 2048 next 130
2026-09-04 17:38:03.230147: I external/local_tsl/tsl/framework/bfc_allocator.cc:1100] InUse at 7ce324699700 of size 2048 next 115
2026-09-04 17:38:03.230156: I external/local_tsl/tsl/framework/bfc_allocator.cc:1100] InUse at 7ce324699f00 of size 2048 next 134
2026-09-04 17:38:03.230163: I external/local_tsl/tsl/framework/bfc_allocator.cc:1100] InUse at 7ce32469a700 of size 2048 next 135
2026-09-04 17:38:03.230170: I external/local_tsl/tsl/framework/bfc_allocator.cc:1100] InUse at 7ce32469af00 of size 3840 next 57
2026-09-04 17:38:03.230177: I external/local_tsl/tsl/framework/bfc_allocator.cc:1100] InUse at 7ce32469be00 of size 18432 next 56
2026-09-04 17:38:03.230183: I external/local_tsl/tsl/framework/bfc_allocator.cc:1100] InUse at 7ce3246a0600 of size 71680 next 136
2026-09-04 17:38:03.230190: I external/local_tsl/tsl/framework/bfc_allocator.cc:1100] InUse at 7ce3246b1e00 of size 256 next 141
2026-09-04 17:38:03.230197: I external/local_tsl/tsl/framework/bfc_allocator.cc:1100] InUse at 7ce3246b1f00 of size 256 next 142
2026-09-04 17:38:03.230203: I external/local_tsl/tsl/framework/bfc_allocator.cc:1100] InUse at 7ce3246b2000 of size 4096 next 143
2026-09-04 17:38:03.230210: I external/local_tsl/tsl/framework/bfc_allocator.cc:1100] InUse at 7ce3246b3000 of size 4096 next 131
2026-09-04 17:38:03.230216: I external/local_tsl/tsl/framework/bfc_allocator.cc:1100] Free  at 7ce3246b4000 of size 26112 next 144
2026-09-04 17:38:03.230223: I external/local_tsl/tsl/framework/bfc_allocator.cc:1100] InUse at 7ce3246ba600 of size 256 next 145
2026-09-04 17:38:03.230229: I external/local_tsl/tsl/framework/bfc_allocator.cc:1100] InUse at 7ce3246ba700 of size 256 next 148
2026-09-04 17:38:03.230235: I external/local_tsl/tsl/framework/bfc_allocator.cc:1100] InUse at 7ce3246ba800 of size 4096 next 149
2026-09-04 17:38:03.230242: I external/local_tsl/tsl/framework/bfc_allocator.cc:1100] InUse at 7ce3246bb800 of size 4096 next 150
2026-09-04 17:38:03.230248: I external/local_tsl/tsl/framework/bfc_allocator.cc:1100] InUse at 7ce3246bc800 of size 18432 next 270
2026-09-04 17:38:03.230255: I external/local_tsl/tsl/framework/bfc_allocator.cc:1100] InUse at 7ce3246c1000 of size 36864 next 132
2026-09-04 17:38:03.230262: I external/local_tsl/tsl/framework/bfc_allocator.cc:1100] Free  at 7ce3246ca000 of size 138752 next 67
2026-09-04 17:38:03.230268: I external/local_tsl/tsl/framework/bfc_allocator.cc:1100] InUse at 7ce3246ebe00 of size 36864 next 153
2026-09-04 17:38:03.230275: I external/local_tsl/tsl/framework/bfc_allocator.cc:1100] InUse at 7ce3246f4e00 of size 256 next 223
2026-09-04 17:38:03.230281: I external/local_tsl/tsl/framework/bfc_allocator.cc:1100] InUse at 7ce3246f4f00 of size 256 next 231
2026-09-04 17:38:03.230288: I external/local_tsl/tsl/framework/bfc_allocator.cc:1100] InUse at 7ce3246f5000 of size 256 next 236
2026-09-04 17:38:03.230294: I external/local_tsl/tsl/framework/bfc_allocator.cc:1100] InUse at 7ce3246f5100 of size 256 next 199
2026-09-04 17:38:03.230301: I external/local_tsl/tsl/framework/bfc_allocator.cc:1100] InUse at 7ce3246f5200 of size 256 next 246
2026-09-04 17:38:03.230307: I external/local_tsl/tsl/framework/bfc_allocator.cc:1100] InUse at 7ce3246f5300 of size 256 next 239
2026-09-04 17:38:03.230314: I external/local_tsl/tsl/framework/bfc_allocator.cc:1100] InUse at 7ce3246f5400 of size 256 next 238
2026-09-04 17:38:03.230320: I external/local_tsl/tsl/framework/bfc_allocator.cc:1100] InUse at 7ce3246f5500 of size 256 next 242
2026-09-04 17:38:03.230327: I external/local_tsl/tsl/framework/bfc_allocator.cc:1100] InUse at 7ce3246f5600 of size 256 next 251
2026-09-04 17:38:03.230333: I external/local_tsl/tsl/framework/bfc_allocator.cc:1100] InUse at 7ce3246f5700 of size 256 next 241
2026-09-04 17:38:03.230340: I external/local_tsl/tsl/framework/bfc_allocator.cc:1100] InUse at 7ce3246f5800 of size 256 next 249
2026-09-04 17:38:03.230346: I external/local_tsl/tsl/framework/bfc_allocator.cc:1100] InUse at 7ce3246f5900 of size 256 next 250
2026-09-04 17:38:03.230353: I external/local_tsl/tsl/framework/bfc_allocator.cc:1100] InUse at 7ce3246f5a00 of size 256 next 245
2026-09-04 17:38:03.230359: I external/local_tsl/tsl/framework/bfc_allocator.cc:1100] InUse at 7ce3246f5b00 of size 256 next 248
2026-09-04 17:38:03.230368: I external/local_tsl/tsl/framework/bfc_allocator.cc:1100] InUse at 7ce3246f5c00 of size 256 next 257
2026-09-04 17:38:03.230375: I external/local_tsl/tsl/framework/bfc_allocator.cc:1100] InUse at 7ce3246f5d00 of size 256 next 254
2026-09-04 17:38:03.230382: I external/local_tsl/tsl/framework/bfc_allocator.cc:1100] InUse at 7ce3246f5e00 of size 256 next 235
2026-09-04 17:38:03.230388: I external/local_tsl/tsl/framework/bfc_allocator.cc:1100] InUse at 7ce3246f5f00 of size 256 next 258
2026-09-04 17:38:03.230395: I external/local_tsl/tsl/framework/bfc_allocator.cc:1100] InUse at 7ce3246f6000 of size 256 next 207
2026-09-04 17:38:03.230401: I external/local_tsl/tsl/framework/bfc_allocator.cc:1100] InUse at 7ce3246f6100 of size 256 next 259
2026-09-04 17:38:03.230408: I external/local_tsl/tsl/framework/bfc_allocator.cc:1100] InUse at 7ce3246f6200 of size 256 next 220
2026-09-04 17:38:03.230414: I external/local_tsl/tsl/framework/bfc_allocator.cc:1100] InUse at 7ce3246f6300 of size 256 next 255
2026-09-04 17:38:03.230421: I external/local_tsl/tsl/framework/bfc_allocator.cc:1100] InUse at 7ce3246f6400 of size 256 next 271
2026-09-04 17:38:03.230427: I external/local_tsl/tsl/framework/bfc_allocator.cc:1100] InUse at 7ce3246f6500 of size 256 next 262
2026-09-04 17:38:03.230433: I external/local_tsl/tsl/framework/bfc_allocator.cc:1100] InUse at 7ce3246f6600 of size 256 next 272
2026-09-04 17:38:03.230440: I external/local_tsl/tsl/framework/bfc_allocator.cc:1100] InUse at 7ce3246f6700 of size 256 next 267
2026-09-04 17:38:03.230447: I external/local_tsl/tsl/framework/bfc_allocator.cc:1100] InUse at 7ce3246f6800 of size 256 next 260
2026-09-04 17:38:03.230453: I external/local_tsl/tsl/framework/bfc_allocator.cc:1100] InUse at 7ce3246f6900 of size 256 next 273
2026-09-04 17:38:03.230460: I external/local_tsl/tsl/framework/bfc_allocator.cc:1100] InUse at 7ce3246f6a00 of size 256 next 274
2026-09-04 17:38:03.230466: I external/local_tsl/tsl/framework/bfc_allocator.cc:1100] InUse at 7ce3246f6b00 of size 2048 next 261
2026-09-04 17:38:03.230473: I external/local_tsl/tsl/framework/bfc_allocator.cc:1100] InUse at 7ce3246f7300 of size 4096 next 244
2026-09-04 17:38:03.230479: I external/local_tsl/tsl/framework/bfc_allocator.cc:1100] InUse at 7ce3246f8300 of size 4864 next 166
2026-09-04 17:38:03.230486: I external/local_tsl/tsl/framework/bfc_allocator.cc:1100] InUse at 7ce3246f9600 of size 18432 next 152
2026-09-04 17:38:03.230493: I external/local_tsl/tsl/framework/bfc_allocator.cc:1100] InUse at 7ce3246fde00 of size 65536 next 164
2026-09-04 17:38:03.230500: I external/local_tsl/tsl/framework/bfc_allocator.cc:1100] InUse at 7ce32470de00 of size 131072 next 59
2026-09-04 17:38:03.230506: I external/local_tsl/tsl/framework/bfc_allocator.cc:1100] Free  at 7ce32472de00 of size 69632 next 91
2026-09-04 17:38:03.230513: I external/local_tsl/tsl/framework/bfc_allocator.cc:1100] InUse at 7ce32473ee00 of size 18432 next 182
2026-09-04 17:38:03.230519: I external/local_tsl/tsl/framework/bfc_allocator.cc:1100] InUse at 7ce324743600 of size 36864 next 185
2026-09-04 17:38:03.230526: I external/local_tsl/tsl/framework/bfc_allocator.cc:1100] InUse at 7ce32474c600 of size 36864 next 186
2026-09-04 17:38:03.230532: I external/local_tsl/tsl/framework/bfc_allocator.cc:1100] InUse at 7ce324755600 of size 69632 next 189
2026-09-04 17:38:03.230539: I external/local_tsl/tsl/framework/bfc_allocator.cc:1100] InUse at 7ce324766600 of size 69632 next 190
2026-09-04 17:38:03.230546: I external/local_tsl/tsl/framework/bfc_allocator.cc:1100] Free  at 7ce324777600 of size 215040 next 81
2026-09-04 17:38:03.230552: I external/local_tsl/tsl/framework/bfc_allocator.cc:1100] InUse at 7ce3247abe00 of size 262144 next 165
2026-09-04 17:38:03.230559: I external/local_tsl/tsl/framework/bfc_allocator.cc:1100] Free  at 7ce3247ebe00 of size 786432 next 90
2026-09-04 17:38:03.230566: I external/local_tsl/tsl/framework/bfc_allocator.cc:1100] InUse at 7ce3248abe00 of size 524288 next 82
2026-09-04 17:38:03.230576: I external/local_tsl/tsl/framework/bfc_allocator.cc:1100] InUse at 7ce32492be00 of size 1572864 next 105
2026-09-04 17:38:03.230583: I external/local_tsl/tsl/framework/bfc_allocator.cc:1100] InUse at 7ce324aabe00 of size 1048576 next 104
2026-09-04 17:38:03.230590: I external/local_tsl/tsl/framework/bfc_allocator.cc:1100] InUse at 7ce324babe00 of size 1048576 next 112
2026-09-04 17:38:03.230596: I external/local_tsl/tsl/framework/bfc_allocator.cc:1100] InUse at 7ce324cabe00 of size 1048576 next 121
2026-09-04 17:38:03.230602: I external/local_tsl/tsl/framework/bfc_allocator.cc:1100] InUse at 7ce324dabe00 of size 1048576 next 128
2026-09-04 17:38:03.230609: I external/local_tsl/tsl/framework/bfc_allocator.cc:1100] Free  at 7ce324eabe00 of size 7340032 next 140
2026-09-04 17:38:03.230616: I external/local_tsl/tsl/framework/bfc_allocator.cc:1100] InUse at 7ce3255abe00 of size 2097152 next 268
2026-09-04 17:38:03.230623: I external/local_tsl/tsl/framework/bfc_allocator.cc:1100] InUse at 7ce3257abe00 of size 4194304 next 275
2026-09-04 17:38:03.230629: I external/local_tsl/tsl/framework/bfc_allocator.cc:1100] Free  at 7ce325babe00 of size 285357824 next 180
2026-09-04 17:38:03.230636: I external/local_tsl/tsl/framework/bfc_allocator.cc:1100] InUse at 7ce336bcf500 of size 2097152 next 183
2026-09-04 17:38:03.230643: I external/local_tsl/tsl/framework/bfc_allocator.cc:1100] InUse at 7ce336dcf500 of size 2097152 next 184
2026-09-04 17:38:03.230649: I external/local_tsl/tsl/framework/bfc_allocator.cc:1100] InUse at 7ce336fcf500 of size 4194304 next 187
2026-09-04 17:38:03.230656: I external/local_tsl/tsl/framework/bfc_allocator.cc:1100] InUse at 7ce3373cf500 of size 4194304 next 188
2026-09-04 17:38:03.230662: I external/local_tsl/tsl/framework/bfc_allocator.cc:1100] Free  at 7ce3377cf500 of size 302189312 next 18446744073709551615
2026-09-04 17:38:03.230669: I external/local_tsl/tsl/framework/bfc_allocator.cc:1105]      Summary of in-use Chunks by size: 
2026-09-04 17:38:03.230677: I external/local_tsl/tsl/framework/bfc_allocator.cc:1108] 131 Chunks of size 256 totalling 32.8KiB
2026-09-04 17:38:03.230684: I external/local_tsl/tsl/framework/bfc_allocator.cc:1108] 11 Chunks of size 512 totalling 5.5KiB
2026-09-04 17:38:03.230690: I external/local_tsl/tsl/framework/bfc_allocator.cc:1108] 1 Chunks of size 768 totalling 768B
2026-09-04 17:38:03.230697: I external/local_tsl/tsl/framework/bfc_allocator.cc:1108] 11 Chunks of size 1024 totalling 11.0KiB
2026-09-04 17:38:03.230703: I external/local_tsl/tsl/framework/bfc_allocator.cc:1108] 4 Chunks of size 1280 totalling 5.0KiB
2026-09-04 17:38:03.230710: I external/local_tsl/tsl/framework/bfc_allocator.cc:1108] 32 Chunks of size 2048 totalling 64.0KiB
2026-09-04 17:38:03.230716: I external/local_tsl/tsl/framework/bfc_allocator.cc:1108] 3 Chunks of size 2304 totalling 6.8KiB
2026-09-04 17:38:03.230723: I external/local_tsl/tsl/framework/bfc_allocator.cc:1108] 1 Chunks of size 3072 totalling 3.0KiB
2026-09-04 17:38:03.230729: I external/local_tsl/tsl/framework/bfc_allocator.cc:1108] 1 Chunks of size 3840 totalling 3.8KiB
2026-09-04 17:38:03.230736: I external/local_tsl/tsl/framework/bfc_allocator.cc:1108] 8 Chunks of size 4096 totalling 32.0KiB
2026-09-04 17:38:03.230743: I external/local_tsl/tsl/framework/bfc_allocator.cc:1108] 1 Chunks of size 4608 totalling 4.5KiB
2026-09-04 17:38:03.230749: I external/local_tsl/tsl/framework/bfc_allocator.cc:1108] 1 Chunks of size 4864 totalling 4.8KiB
2026-09-04 17:38:03.230755: I external/local_tsl/tsl/framework/bfc_allocator.cc:1108] 1 Chunks of size 5888 totalling 5.8KiB
2026-09-04 17:38:03.230762: I external/local_tsl/tsl/framework/bfc_allocator.cc:1108] 2 Chunks of size 9216 totalling 18.0KiB
2026-09-04 17:38:03.230769: I external/local_tsl/tsl/framework/bfc_allocator.cc:1108] 1 Chunks of size 11264 totalling 11.0KiB
2026-09-04 17:38:03.230776: I external/local_tsl/tsl/framework/bfc_allocator.cc:1108] 7 Chunks of size 18432 totalling 126.0KiB
2026-09-04 17:38:03.230782: I external/local_tsl/tsl/framework/bfc_allocator.cc:1108] 1 Chunks of size 23552 totalling 23.0KiB
2026-09-04 17:38:03.230792: I external/local_tsl/tsl/framework/bfc_allocator.cc:1108] 4 Chunks of size 36864 totalling 144.0KiB
2026-09-04 17:38:03.230800: I external/local_tsl/tsl/framework/bfc_allocator.cc:1108] 1 Chunks of size 65536 totalling 64.0KiB
2026-09-04 17:38:03.230806: I external/local_tsl/tsl/framework/bfc_allocator.cc:1108] 2 Chunks of size 69632 totalling 136.0KiB
2026-09-04 17:38:03.230813: I external/local_tsl/tsl/framework/bfc_allocator.cc:1108] 1 Chunks of size 71680 totalling 70.0KiB
2026-09-04 17:38:03.230820: I external/local_tsl/tsl/framework/bfc_allocator.cc:1108] 1 Chunks of size 131072 totalling 128.0KiB
2026-09-04 17:38:03.230834: I external/local_tsl/tsl/framework/bfc_allocator.cc:1108] 1 Chunks of size 262144 totalling 256.0KiB
2026-09-04 17:38:03.230842: I external/local_tsl/tsl/framework/bfc_allocator.cc:1108] 1 Chunks of size 475136 totalling 464.0KiB
2026-09-04 17:38:03.230850: I external/local_tsl/tsl/framework/bfc_allocator.cc:1108] 1 Chunks of size 524288 totalling 512.0KiB
2026-09-04 17:38:03.230857: I external/local_tsl/tsl/framework/bfc_allocator.cc:1108] 4 Chunks of size 1048576 totalling 4.00MiB
2026-09-04 17:38:03.230865: I external/local_tsl/tsl/framework/bfc_allocator.cc:1108] 1 Chunks of size 1572864 totalling 1.50MiB
2026-09-04 17:38:03.230872: I external/local_tsl/tsl/framework/bfc_allocator.cc:1108] 3 Chunks of size 2097152 totalling 6.00MiB
2026-09-04 17:38:03.230880: I external/local_tsl/tsl/framework/bfc_allocator.cc:1108] 3 Chunks of size 4194304 totalling 12.00MiB
2026-09-04 17:38:03.230887: I external/local_tsl/tsl/framework/bfc_allocator.cc:1108] 1 Chunks of size 4543232 totalling 4.33MiB
2026-09-04 17:38:03.230895: I external/local_tsl/tsl/framework/bfc_allocator.cc:1108] 1 Chunks of size 171638784 totalling 163.69MiB
2026-09-04 17:38:03.230902: I external/local_tsl/tsl/framework/bfc_allocator.cc:1108] 1 Chunks of size 1641947136 totalling 1.53GiB
2026-09-04 17:38:03.230910: I external/local_tsl/tsl/framework/bfc_allocator.cc:1112] Sum Total of in-use chunks: 1.72GiB
2026-09-04 17:38:03.230916: I external/local_tsl/tsl/framework/bfc_allocator.cc:1114] Total bytes in pool: 2441084928 memory_limit_: 2441084928 available bytes: 0 curr_region_allocation_bytes_: 4882169856
2026-09-04 17:38:03.230926: I external/local_tsl/tsl/framework/bfc_allocator.cc:1119] Stats: 
Limit:                      2441084928
InUse:                      1844953344
MaxInUse:                   2167071744
NumAllocs:                       54089
MaxAllocSize:               1641947136
Reserved:                            0
PeakReserved:                        0
LargestFreeBlock:                    0

2026-09-04 17:38:03.230945: W external/local_tsl/tsl/framework/bfc_allocator.cc:499] ****************************************************************************___________*____________
Traceback (most recent call last):
  File "/home/luke/projects/buzzdetect-training/.local/worktrees/trunk-ft-restore-sens/03_train/main.py", line 52, in <module>
    train_set(
  File "/home/luke/projects/buzzdetect-training/.local/worktrees/trunk-ft-restore-sens/03_train/train.py", line 510, in train_set
    data = _load_data(setname, embeddername, folds_train, name_translation,
           ^^^^^^^^^^^^^^^^^^^^^^^^^^^^^^^^^^^^^^^^^^^^^^^^^^^^^^^^^^^^^^^^
  File "/home/luke/projects/buzzdetect-training/.local/worktrees/trunk-ft-restore-sens/03_train/train.py", line 141, in _load_data
    train_tf=_to_tf(data_train, size_batch, size_shuffle),
             ^^^^^^^^^^^^^^^^^^^^^^^^^^^^^^^^^^^^^^^^^^^^
  File "/home/luke/projects/buzzdetect-training/.local/worktrees/trunk-ft-restore-sens/03_train/train.py", line 69, in _to_tf
    ds = tf.data.Dataset.from_tensor_slices((emb_np, tgt_np))
         ^^^^^^^^^^^^^^^^^^^^^^^^^^^^^^^^^^^^^^^^^^^^^^^^^^^^
  File "/home/luke/anaconda3/envs/buzzdetect-train/lib/python3.12/site-packages/tensorflow/python/data/ops/dataset_ops.py", line 826, in from_tensor_slices
    return from_tensor_slices_op._from_tensor_slices(tensors, name)
           ^^^^^^^^^^^^^^^^^^^^^^^^^^^^^^^^^^^^^^^^^^^^^^^^^^^^^^^^
  File "/home/luke/anaconda3/envs/buzzdetect-train/lib/python3.12/site-packages/tensorflow/python/data/ops/from_tensor_slices_op.py", line 25, in _from_tensor_slices
    return _TensorSliceDataset(tensors, name=name)
           ^^^^^^^^^^^^^^^^^^^^^^^^^^^^^^^^^^^^^^^
  File "/home/luke/anaconda3/envs/buzzdetect-train/lib/python3.12/site-packages/tensorflow/python/data/ops/from_tensor_slices_op.py", line 33, in __init__
    element = structure.normalize_element(element)
              ^^^^^^^^^^^^^^^^^^^^^^^^^^^^^^^^^^^^
  File "/home/luke/anaconda3/envs/buzzdetect-train/lib/python3.12/site-packages/tensorflow/python/data/util/structure.py", line 134, in normalize_element
    ops.convert_to_tensor(t, name="component_%d" % i, dtype=dtype))
    ^^^^^^^^^^^^^^^^^^^^^^^^^^^^^^^^^^^^^^^^^^^^^^^^^^^^^^^^^^^^^^
  File "/home/luke/anaconda3/envs/buzzdetect-train/lib/python3.12/site-packages/tensorflow/python/profiler/trace.py", line 183, in wrapped
    return func(*args, **kwargs)
           ^^^^^^^^^^^^^^^^^^^^^
  File "/home/luke/anaconda3/envs/buzzdetect-train/lib/python3.12/site-packages/tensorflow/python/framework/ops.py", line 713, in convert_to_tensor
    return tensor_conversion_registry.convert(
           ^^^^^^^^^^^^^^^^^^^^^^^^^^^^^^^^^^^
  File "/home/luke/anaconda3/envs/buzzdetect-train/lib/python3.12/site-packages/tensorflow/python/framework/tensor_conversion_registry.py", line 234, in convert
    ret = conversion_func(value, dtype=dtype, name=name, as_ref=as_ref)
          ^^^^^^^^^^^^^^^^^^^^^^^^^^^^^^^^^^^^^^^^^^^^^^^^^^^^^^^^^^^^^
  File "/home/luke/anaconda3/envs/buzzdetect-train/lib/python3.12/site-packages/tensorflow/python/framework/constant_tensor_conversion.py", line 29, in _constant_tensor_conversion_function
    return constant_op.constant(v, dtype=dtype, name=name)
           ^^^^^^^^^^^^^^^^^^^^^^^^^^^^^^^^^^^^^^^^^^^^^^^
  File "/home/luke/anaconda3/envs/buzzdetect-train/lib/python3.12/site-packages/tensorflow/python/ops/weak_tensor_ops.py", line 142, in wrapper
    return op(*args, **kwargs)
           ^^^^^^^^^^^^^^^^^^^
  File "/home/luke/anaconda3/envs/buzzdetect-train/lib/python3.12/site-packages/tensorflow/python/framework/constant_op.py", line 276, in constant
    return _constant_impl(value, dtype, shape, name, verify_shape=False,
           ^^^^^^^^^^^^^^^^^^^^^^^^^^^^^^^^^^^^^^^^^^^^^^^^^^^^^^^^^^^^^
  File "/home/luke/anaconda3/envs/buzzdetect-train/lib/python3.12/site-packages/tensorflow/python/framework/constant_op.py", line 289, in _constant_impl
    return _constant_eager_impl(ctx, value, dtype, shape, verify_shape)
           ^^^^^^^^^^^^^^^^^^^^^^^^^^^^^^^^^^^^^^^^^^^^^^^^^^^^^^^^^^^^
  File "/home/luke/anaconda3/envs/buzzdetect-train/lib/python3.12/site-packages/tensorflow/python/framework/constant_op.py", line 301, in _constant_eager_impl
    t = convert_to_eager_tensor(value, ctx, dtype)
        ^^^^^^^^^^^^^^^^^^^^^^^^^^^^^^^^^^^^^^^^^^
  File "/home/luke/anaconda3/envs/buzzdetect-train/lib/python3.12/site-packages/tensorflow/python/framework/constant_op.py", line 108, in convert_to_eager_tensor
    return ops.EagerTensor(value, ctx.device_name, dtype)
           ^^^^^^^^^^^^^^^^^^^^^^^^^^^^^^^^^^^^^^^^^^^^^^
tensorflow.python.framework.errors_impl.InternalError: Failed copying input tensor from /job:localhost/replica:0/task:0/device:CPU:0 to /job:localhost/replica:0/task:0/device:GPU:0 in order to run _EagerConst: Dst tensor is not initialized.
=== attempt 1 exited rc=1 ===
=== attempt 2 2026-09-04_17:38:04 ===
2026-09-04 17:38:05.168418: E external/local_xla/xla/stream_executor/cuda/cuda_fft.cc:479] Unable to register cuFFT factory: Attempting to register factory for plugin cuFFT when one has already been registered
2026-09-04 17:38:05.192876: E external/local_xla/xla/stream_executor/cuda/cuda_dnn.cc:10575] Unable to register cuDNN factory: Attempting to register factory for plugin cuDNN when one has already been registered
2026-09-04 17:38:05.192928: E external/local_xla/xla/stream_executor/cuda/cuda_blas.cc:1442] Unable to register cuBLAS factory: Attempting to register factory for plugin cuBLAS when one has already been registered
2026-09-04 17:38:06.063130: W tensorflow/compiler/tf2tensorrt/utils/py_utils.cc:38] TF-TRT Warning: Could not find TensorRT
[trunk_ft_restore_sens] set medium, embedder yamnet_trunk, translation general: 11 rotating fold(s), 311 train-only, 0 holdout
[1/11] JamesU - MustardBumbler/1_29: already trained; skipping
/home/luke/projects/buzzdetect-training/.local/worktrees/trunk-ft-restore-sens/03_train/dataset.py:130: UserWarning: all 1 embedding file(s) under /home/luke/projects/buzzdetect-training/.local/worktrees/trunk-ft-restore-sens/02_set/sets/medium/embeddings/yamnet_trunk/raw/Luke - External Data Sources/InsectSound1000/Coccinella_septempunctata/2023419-16-19/000020 were dropped by the translation; raw label(s) present: ['EXCLUDE']
  warnings.warn(
/home/luke/projects/buzzdetect-training/.local/worktrees/trunk-ft-restore-sens/03_train/dataset.py:130: UserWarning: all 1 embedding file(s) under /home/luke/projects/buzzdetect-training/.local/worktrees/trunk-ft-restore-sens/02_set/sets/medium/embeddings/yamnet_trunk/raw/Luke - External Data Sources/InsectSound1000/Nezara_viridula/2022511-18-10/000018 were dropped by the translation; raw label(s) present: ['EXCLUDE']
  warnings.warn(
/home/luke/projects/buzzdetect-training/.local/worktrees/trunk-ft-restore-sens/03_train/dataset.py:130: UserWarning: all 2 embedding file(s) under /home/luke/projects/buzzdetect-training/.local/worktrees/trunk-ft-restore-sens/02_set/sets/medium/embeddings/yamnet_trunk/raw/Luke - External Data Sources/InsectSound1000/Nezara_viridula/2022511-18-10/000025 were dropped by the translation; raw label(s) present: ['EXCLUDE']
  warnings.warn(
/home/luke/projects/buzzdetect-training/.local/worktrees/trunk-ft-restore-sens/03_train/dataset.py:130: UserWarning: all 1 embedding file(s) under /home/luke/projects/buzzdetect-training/.local/worktrees/trunk-ft-restore-sens/02_set/sets/medium/embeddings/yamnet_trunk/raw/Luke - External Data Sources/InsectSound1000/Nezara_viridula/2022511-18-10/000032 were dropped by the translation; raw label(s) present: ['EXCLUDE']
  warnings.warn(
2026-09-04 17:38:20.824406: I external/local_xla/xla/stream_executor/cuda/cuda_executor.cc:998] successful NUMA node read from SysFS had negative value (-1), but there must be at least one NUMA node, so returning NUMA node zero. See more at https://github.com/torvalds/linux/blob/v6.0/Documentation/ABI/testing/sysfs-bus-pci#L344-L355
2026-09-04 17:38:20.916944: I external/local_xla/xla/stream_executor/cuda/cuda_executor.cc:998] successful NUMA node read from SysFS had negative value (-1), but there must be at least one NUMA node, so returning NUMA node zero. See more at https://github.com/torvalds/linux/blob/v6.0/Documentation/ABI/testing/sysfs-bus-pci#L344-L355
2026-09-04 17:38:20.919428: I external/local_xla/xla/stream_executor/cuda/cuda_executor.cc:998] successful NUMA node read from SysFS had negative value (-1), but there must be at least one NUMA node, so returning NUMA node zero. See more at https://github.com/torvalds/linux/blob/v6.0/Documentation/ABI/testing/sysfs-bus-pci#L344-L355
2026-09-04 17:38:20.922124: I external/local_xla/xla/stream_executor/cuda/cuda_executor.cc:998] successful NUMA node read from SysFS had negative value (-1), but there must be at least one NUMA node, so returning NUMA node zero. See more at https://github.com/torvalds/linux/blob/v6.0/Documentation/ABI/testing/sysfs-bus-pci#L344-L355
2026-09-04 17:38:20.924253: I external/local_xla/xla/stream_executor/cuda/cuda_executor.cc:998] successful NUMA node read from SysFS had negative value (-1), but there must be at least one NUMA node, so returning NUMA node zero. See more at https://github.com/torvalds/linux/blob/v6.0/Documentation/ABI/testing/sysfs-bus-pci#L344-L355
2026-09-04 17:38:20.926238: I external/local_xla/xla/stream_executor/cuda/cuda_executor.cc:998] successful NUMA node read from SysFS had negative value (-1), but there must be at least one NUMA node, so returning NUMA node zero. See more at https://github.com/torvalds/linux/blob/v6.0/Documentation/ABI/testing/sysfs-bus-pci#L344-L355
2026-09-04 17:38:21.085517: I external/local_xla/xla/stream_executor/cuda/cuda_executor.cc:998] successful NUMA node read from SysFS had negative value (-1), but there must be at least one NUMA node, so returning NUMA node zero. See more at https://github.com/torvalds/linux/blob/v6.0/Documentation/ABI/testing/sysfs-bus-pci#L344-L355
2026-09-04 17:38:21.086624: I external/local_xla/xla/stream_executor/cuda/cuda_executor.cc:998] successful NUMA node read from SysFS had negative value (-1), but there must be at least one NUMA node, so returning NUMA node zero. See more at https://github.com/torvalds/linux/blob/v6.0/Documentation/ABI/testing/sysfs-bus-pci#L344-L355
2026-09-04 17:38:21.087619: I external/local_xla/xla/stream_executor/cuda/cuda_executor.cc:998] successful NUMA node read from SysFS had negative value (-1), but there must be at least one NUMA node, so returning NUMA node zero. See more at https://github.com/torvalds/linux/blob/v6.0/Documentation/ABI/testing/sysfs-bus-pci#L344-L355
2026-09-04 17:38:21.088571: I tensorflow/core/common_runtime/gpu/gpu_device.cc:1928] Created device /job:localhost/replica:0/task:0/device:GPU:0 with 2322 MB memory:  -> device: 0, name: NVIDIA GeForce GTX 1650, pci bus id: 0000:01:00.0, compute capability: 7.5
2026-09-04 17:38:21.089697: W external/local_tsl/tsl/framework/cpu_allocator_impl.cc:83] Allocation of 1697783808 exceeds 10% of free system memory.
2026-09-04 17:38:22.336773: W external/local_tsl/tsl/framework/cpu_allocator_impl.cc:83] Allocation of 1697783808 exceeds 10% of free system memory.
[trunk_ft_restore_sens_foldLily - Fit+Fast/2023_R3_Marysville/53] training on 321 fold(s), 69083 frames; early stopping on Lily - Fit+Fast/2023_R3_Marysville/53 (4712 frames)...
/home/luke/anaconda3/envs/buzzdetect-train/lib/python3.12/site-packages/keras/src/trainers/epoch_iterator.py:74: UserWarning: `shuffle=True` was passed, but will be ignored since the data `x` was provided as a tf.data.Dataset. The Dataset is expected to already be shuffled (via `.shuffle(buffer_size)`).
  self.data_adapter = data_adapters.get_data_adapter(
Epoch 1/400
2026-09-04 17:38:25.085101: W external/local_tsl/tsl/framework/cpu_allocator_impl.cc:83] Allocation of 1697783808 exceeds 10% of free system memory.
WARNING: All log messages before absl::InitializeLog() is called are written to STDERR
I0000 00:00:1788557907.309411 1325060 service.cc:145] XLA service 0x644d972c8680 initialized for platform CUDA (this does not guarantee that XLA will be used). Devices:
I0000 00:00:1788557907.309517 1325060 service.cc:153]   StreamExecutor device (0): NVIDIA GeForce GTX 1650, Compute Capability 7.5
2026-09-04 17:38:27.462470: I tensorflow/compiler/mlir/tensorflow/utils/dump_mlir_util.cc:268] disabling MLIR crash reproducer, set env var `MLIR_CRASH_REPRODUCER_DIRECTORY` to enable.
2026-09-04 17:38:27.764907: I external/local_xla/xla/stream_executor/cuda/cuda_dnn.cc:465] Loaded cuDNN version 8907
2026-09-04 17:38:29.054929: W external/local_tsl/tsl/framework/bfc_allocator.cc:296] Allocator (GPU_0_bfc) ran out of memory trying to allocate 696.00MiB with freed_by_count=0. The caller indicates that this is not a failure, but this may mean that there could be performance gains if more memory were available.
2026-09-04 17:38:29.055005: W external/local_tsl/tsl/framework/bfc_allocator.cc:296] Allocator (GPU_0_bfc) ran out of memory trying to allocate 2.27GiB with freed_by_count=0. The caller indicates that this is not a failure, but this may mean that there could be performance gains if more memory were available.
2026-09-04 17:38:30.261138: W external/local_tsl/tsl/framework/bfc_allocator.cc:296] Allocator (GPU_0_bfc) ran out of memory trying to allocate 968.00MiB with freed_by_count=0. The caller indicates that this is not a failure, but this may mean that there could be performance gains if more memory were available.
2026-09-04 17:38:30.261211: W external/local_tsl/tsl/framework/bfc_allocator.cc:296] Allocator (GPU_0_bfc) ran out of memory trying to allocate 4.52GiB with freed_by_count=0. The caller indicates that this is not a failure, but this may mean that there could be performance gains if more memory were available.
2026-09-04 17:38:30.649362: W external/local_tsl/tsl/framework/bfc_allocator.cc:296] Allocator (GPU_0_bfc) ran out of memory trying to allocate 696.00MiB with freed_by_count=0. The caller indicates that this is not a failure, but this may mean that there could be performance gains if more memory were available.
2026-09-04 17:38:30.649439: W external/local_tsl/tsl/framework/bfc_allocator.cc:296] Allocator (GPU_0_bfc) ran out of memory trying to allocate 3.39GiB with freed_by_count=0. The caller indicates that this is not a failure, but this may mean that there could be performance gains if more memory were available.
2026-09-04 17:38:30.808556: W external/local_tsl/tsl/framework/bfc_allocator.cc:296] Allocator (GPU_0_bfc) ran out of memory trying to allocate 2.02GiB with freed_by_count=0. The caller indicates that this is not a failure, but this may mean that there could be performance gains if more memory were available.
2026-09-04 17:38:30.808627: W external/local_tsl/tsl/framework/bfc_allocator.cc:296] Allocator (GPU_0_bfc) ran out of memory trying to allocate 2.02GiB with freed_by_count=0. The caller indicates that this is not a failure, but this may mean that there could be performance gains if more memory were available.
2026-09-04 17:38:30.808654: W external/local_tsl/tsl/framework/bfc_allocator.cc:296] Allocator (GPU_0_bfc) ran out of memory trying to allocate 2.02GiB with freed_by_count=0. The caller indicates that this is not a failure, but this may mean that there could be performance gains if more memory were available.
2026-09-04 17:38:31.673237: W external/local_tsl/tsl/framework/bfc_allocator.cc:296] Allocator (GPU_0_bfc) ran out of memory trying to allocate 4.02GiB with freed_by_count=0. The caller indicates that this is not a failure, but this may mean that there could be performance gains if more memory were available.
I0000 00:00:1788557914.814223 1325060 device_compiler.h:188] Compiled cluster using XLA!  This line is logged at most once for the lifetime of the process.
68/68 - 22s - 325ms/step - accuracy: 0.1162 - loss: 0.5258 - val_accuracy: 0.1685 - val_loss: 0.4232 - val_sens_fpr0.005: 0.2239
Epoch 2/400
68/68 - 5s - 69ms/step - accuracy: 0.3209 - loss: 0.4239 - val_accuracy: 0.3323 - val_loss: 0.4114 - val_sens_fpr0.005: 0.3385
Epoch 3/400
68/68 - 5s - 68ms/step - accuracy: 0.4231 - loss: 0.4076 - val_accuracy: 0.3824 - val_loss: 0.4080 - val_sens_fpr0.005: 0.3486
Epoch 4/400
68/68 - 5s - 69ms/step - accuracy: 0.4700 - loss: 0.3998 - val_accuracy: 0.5053 - val_loss: 0.4020 - val_sens_fpr0.005: 0.3657
Epoch 5/400
68/68 - 5s - 70ms/step - accuracy: 0.5027 - loss: 0.3953 - val_accuracy: 0.5242 - val_loss: 0.4002 - val_sens_fpr0.005: 0.3767
Epoch 6/400
68/68 - 5s - 70ms/step - accuracy: 0.5300 - loss: 0.3922 - val_accuracy: 0.5316 - val_loss: 0.3993 - val_sens_fpr0.005: 0.3768
Epoch 7/400
68/68 - 5s - 69ms/step - accuracy: 0.5511 - loss: 0.3899 - val_accuracy: 0.5376 - val_loss: 0.3972 - val_sens_fpr0.005: 0.3855
Epoch 8/400
68/68 - 5s - 70ms/step - accuracy: 0.5655 - loss: 0.3879 - val_accuracy: 0.5410 - val_loss: 0.3968 - val_sens_fpr0.005: 0.3897
Epoch 9/400
68/68 - 5s - 70ms/step - accuracy: 0.5758 - loss: 0.3863 - val_accuracy: 0.5511 - val_loss: 0.3944 - val_sens_fpr0.005: 0.3957
Epoch 10/400
68/68 - 5s - 69ms/step - accuracy: 0.5862 - loss: 0.3851 - val_accuracy: 0.5486 - val_loss: 0.3951 - val_sens_fpr0.005: 0.4039
Epoch 11/400
68/68 - 5s - 70ms/step - accuracy: 0.5943 - loss: 0.3841 - val_accuracy: 0.5497 - val_loss: 0.3961 - val_sens_fpr0.005: 0.4029
Epoch 12/400
68/68 - 5s - 70ms/step - accuracy: 0.6009 - loss: 0.3831 - val_accuracy: 0.5584 - val_loss: 0.3940 - val_sens_fpr0.005: 0.4039
Epoch 13/400
68/68 - 5s - 70ms/step - accuracy: 0.6072 - loss: 0.3821 - val_accuracy: 0.5581 - val_loss: 0.3929 - val_sens_fpr0.005: 0.4149
Epoch 14/400
68/68 - 5s - 70ms/step - accuracy: 0.6109 - loss: 0.3813 - val_accuracy: 0.5609 - val_loss: 0.3921 - val_sens_fpr0.005: 0.4126
Epoch 15/400
68/68 - 5s - 69ms/step - accuracy: 0.6158 - loss: 0.3806 - val_accuracy: 0.5482 - val_loss: 0.3921 - val_sens_fpr0.005: 0.4190
Epoch 16/400
68/68 - 5s - 69ms/step - accuracy: 0.6220 - loss: 0.3799 - val_accuracy: 0.5437 - val_loss: 0.3933 - val_sens_fpr0.005: 0.4184
Epoch 17/400
68/68 - 5s - 69ms/step - accuracy: 0.6253 - loss: 0.3792 - val_accuracy: 0.5571 - val_loss: 0.3912 - val_sens_fpr0.005: 0.4223
Epoch 18/400
68/68 - 5s - 70ms/step - accuracy: 0.6282 - loss: 0.3786 - val_accuracy: 0.5586 - val_loss: 0.3914 - val_sens_fpr0.005: 0.4229
Epoch 19/400
68/68 - 5s - 70ms/step - accuracy: 0.6326 - loss: 0.3780 - val_accuracy: 0.5514 - val_loss: 0.3913 - val_sens_fpr0.005: 0.4248
Epoch 20/400
68/68 - 5s - 70ms/step - accuracy: 0.6347 - loss: 0.3776 - val_accuracy: 0.5473 - val_loss: 0.3908 - val_sens_fpr0.005: 0.4258
Epoch 21/400
68/68 - 5s - 70ms/step - accuracy: 0.6383 - loss: 0.3771 - val_accuracy: 0.5511 - val_loss: 0.3906 - val_sens_fpr0.005: 0.4239
Epoch 22/400
68/68 - 5s - 70ms/step - accuracy: 0.6400 - loss: 0.3766 - val_accuracy: 0.5473 - val_loss: 0.3907 - val_sens_fpr0.005: 0.4266
Epoch 23/400
68/68 - 5s - 70ms/step - accuracy: 0.6429 - loss: 0.3763 - val_accuracy: 0.5452 - val_loss: 0.3902 - val_sens_fpr0.005: 0.4324
Epoch 24/400
68/68 - 5s - 69ms/step - accuracy: 0.6468 - loss: 0.3757 - val_accuracy: 0.5403 - val_loss: 0.3902 - val_sens_fpr0.005: 0.4285
Epoch 25/400
68/68 - 5s - 69ms/step - accuracy: 0.6475 - loss: 0.3753 - val_accuracy: 0.5499 - val_loss: 0.3905 - val_sens_fpr0.005: 0.4293
Epoch 26/400
68/68 - 5s - 69ms/step - accuracy: 0.6500 - loss: 0.3750 - val_accuracy: 0.5405 - val_loss: 0.3899 - val_sens_fpr0.005: 0.4268
Epoch 27/400
68/68 - 5s - 70ms/step - accuracy: 0.6522 - loss: 0.3746 - val_accuracy: 0.5486 - val_loss: 0.3891 - val_sens_fpr0.005: 0.4326
Epoch 28/400
68/68 - 5s - 69ms/step - accuracy: 0.6529 - loss: 0.3743 - val_accuracy: 0.5435 - val_loss: 0.3896 - val_sens_fpr0.005: 0.4289
Epoch 29/400
68/68 - 5s - 69ms/step - accuracy: 0.6548 - loss: 0.3739 - val_accuracy: 0.5388 - val_loss: 0.3895 - val_sens_fpr0.005: 0.4245
Epoch 30/400
68/68 - 5s - 69ms/step - accuracy: 0.6571 - loss: 0.3736 - val_accuracy: 0.5465 - val_loss: 0.3891 - val_sens_fpr0.005: 0.4256
Epoch 31/400
68/68 - 5s - 69ms/step - accuracy: 0.6576 - loss: 0.3733 - val_accuracy: 0.5437 - val_loss: 0.3897 - val_sens_fpr0.005: 0.4227
Epoch 32/400
68/68 - 5s - 69ms/step - accuracy: 0.6590 - loss: 0.3730 - val_accuracy: 0.5395 - val_loss: 0.3897 - val_sens_fpr0.005: 0.4258
Epoch 33/400
68/68 - 5s - 70ms/step - accuracy: 0.6611 - loss: 0.3727 - val_accuracy: 0.5335 - val_loss: 0.3898 - val_sens_fpr0.005: 0.4349
Epoch 34/400
68/68 - 5s - 69ms/step - accuracy: 0.6614 - loss: 0.3724 - val_accuracy: 0.5374 - val_loss: 0.3891 - val_sens_fpr0.005: 0.4290
Epoch 35/400
68/68 - 5s - 70ms/step - accuracy: 0.6643 - loss: 0.3721 - val_accuracy: 0.5458 - val_loss: 0.3889 - val_sens_fpr0.005: 0.4357
Epoch 36/400
68/68 - 5s - 69ms/step - accuracy: 0.6652 - loss: 0.3720 - val_accuracy: 0.5371 - val_loss: 0.3899 - val_sens_fpr0.005: 0.4390
Epoch 37/400
68/68 - 5s - 69ms/step - accuracy: 0.6668 - loss: 0.3717 - val_accuracy: 0.5306 - val_loss: 0.3895 - val_sens_fpr0.005: 0.4374
Epoch 38/400
68/68 - 5s - 70ms/step - accuracy: 0.6672 - loss: 0.3714 - val_accuracy: 0.5299 - val_loss: 0.3898 - val_sens_fpr0.005: 0.4380
Epoch 39/400
68/68 - 5s - 70ms/step - accuracy: 0.6673 - loss: 0.3713 - val_accuracy: 0.5429 - val_loss: 0.3883 - val_sens_fpr0.005: 0.4340
Epoch 40/400
68/68 - 5s - 70ms/step - accuracy: 0.6700 - loss: 0.3709 - val_accuracy: 0.5420 - val_loss: 0.3886 - val_sens_fpr0.005: 0.4359
Epoch 41/400
68/68 - 5s - 70ms/step - accuracy: 0.6710 - loss: 0.3707 - val_accuracy: 0.5359 - val_loss: 0.3885 - val_sens_fpr0.005: 0.4384
Epoch 42/400
68/68 - 5s - 69ms/step - accuracy: 0.6719 - loss: 0.3705 - val_accuracy: 0.5233 - val_loss: 0.3897 - val_sens_fpr0.005: 0.4384
Epoch 43/400
68/68 - 5s - 70ms/step - accuracy: 0.6720 - loss: 0.3703 - val_accuracy: 0.5259 - val_loss: 0.3891 - val_sens_fpr0.005: 0.4380
Epoch 44/400
68/68 - 5s - 70ms/step - accuracy: 0.6731 - loss: 0.3701 - val_accuracy: 0.5350 - val_loss: 0.3885 - val_sens_fpr0.005: 0.4386
Epoch 45/400
68/68 - 5s - 69ms/step - accuracy: 0.6751 - loss: 0.3699 - val_accuracy: 0.5208 - val_loss: 0.3893 - val_sens_fpr0.005: 0.4353
Epoch 46/400
68/68 - 5s - 69ms/step - accuracy: 0.6764 - loss: 0.3696 - val_accuracy: 0.5359 - val_loss: 0.3884 - val_sens_fpr0.005: 0.4369
Epoch 47/400
68/68 - 5s - 70ms/step - accuracy: 0.6764 - loss: 0.3695 - val_accuracy: 0.5471 - val_loss: 0.3879 - val_sens_fpr0.005: 0.4374
Epoch 48/400
68/68 - 5s - 69ms/step - accuracy: 0.6793 - loss: 0.3693 - val_accuracy: 0.5270 - val_loss: 0.3889 - val_sens_fpr0.005: 0.4363
Epoch 49/400
68/68 - 5s - 69ms/step - accuracy: 0.6803 - loss: 0.3690 - val_accuracy: 0.5280 - val_loss: 0.3888 - val_sens_fpr0.005: 0.4378
Epoch 50/400
68/68 - 5s - 69ms/step - accuracy: 0.6802 - loss: 0.3690 - val_accuracy: 0.5253 - val_loss: 0.3893 - val_sens_fpr0.005: 0.4406
Epoch 51/400
68/68 - 5s - 70ms/step - accuracy: 0.6825 - loss: 0.3687 - val_accuracy: 0.5420 - val_loss: 0.3880 - val_sens_fpr0.005: 0.4367
Epoch 52/400
68/68 - 5s - 69ms/step - accuracy: 0.6820 - loss: 0.3685 - val_accuracy: 0.5280 - val_loss: 0.3885 - val_sens_fpr0.005: 0.4378
Epoch 53/400
68/68 - 5s - 70ms/step - accuracy: 0.6833 - loss: 0.3684 - val_accuracy: 0.5219 - val_loss: 0.3892 - val_sens_fpr0.005: 0.4411
Epoch 54/400
68/68 - 5s - 69ms/step - accuracy: 0.6858 - loss: 0.3682 - val_accuracy: 0.5359 - val_loss: 0.3881 - val_sens_fpr0.005: 0.4415
Epoch 55/400
68/68 - 5s - 70ms/step - accuracy: 0.6846 - loss: 0.3681 - val_accuracy: 0.5316 - val_loss: 0.3883 - val_sens_fpr0.005: 0.4437
Epoch 56/400
68/68 - 5s - 69ms/step - accuracy: 0.6856 - loss: 0.3679 - val_accuracy: 0.5310 - val_loss: 0.3883 - val_sens_fpr0.005: 0.4386
Epoch 57/400
68/68 - 5s - 69ms/step - accuracy: 0.6851 - loss: 0.3678 - val_accuracy: 0.5316 - val_loss: 0.3884 - val_sens_fpr0.005: 0.4413
Epoch 58/400
68/68 - 5s - 70ms/step - accuracy: 0.6881 - loss: 0.3676 - val_accuracy: 0.5297 - val_loss: 0.3886 - val_sens_fpr0.005: 0.4437
Epoch 59/400
68/68 - 5s - 69ms/step - accuracy: 0.6898 - loss: 0.3673 - val_accuracy: 0.5259 - val_loss: 0.3886 - val_sens_fpr0.005: 0.4475
Epoch 60/400
68/68 - 5s - 70ms/step - accuracy: 0.6892 - loss: 0.3672 - val_accuracy: 0.5265 - val_loss: 0.3884 - val_sens_fpr0.005: 0.4446
Epoch 61/400
68/68 - 5s - 69ms/step - accuracy: 0.6905 - loss: 0.3671 - val_accuracy: 0.5257 - val_loss: 0.3881 - val_sens_fpr0.005: 0.4395
Epoch 62/400
68/68 - 5s - 69ms/step - accuracy: 0.6908 - loss: 0.3670 - val_accuracy: 0.5246 - val_loss: 0.3885 - val_sens_fpr0.005: 0.4499
Epoch 63/400
68/68 - 5s - 70ms/step - accuracy: 0.6923 - loss: 0.3669 - val_accuracy: 0.5246 - val_loss: 0.3885 - val_sens_fpr0.005: 0.4499
Epoch 64/400
68/68 - 5s - 69ms/step - accuracy: 0.6921 - loss: 0.3667 - val_accuracy: 0.5248 - val_loss: 0.3884 - val_sens_fpr0.005: 0.4411
Epoch 65/400
68/68 - 5s - 69ms/step - accuracy: 0.6942 - loss: 0.3666 - val_accuracy: 0.5170 - val_loss: 0.3886 - val_sens_fpr0.005: 0.4478
Epoch 66/400
68/68 - 5s - 70ms/step - accuracy: 0.6958 - loss: 0.3664 - val_accuracy: 0.5278 - val_loss: 0.3877 - val_sens_fpr0.005: 0.4499
Epoch 67/400
68/68 - 5s - 69ms/step - accuracy: 0.6967 - loss: 0.3663 - val_accuracy: 0.5448 - val_loss: 0.3868 - val_sens_fpr0.005: 0.4508
Epoch 68/400
68/68 - 5s - 69ms/step - accuracy: 0.6960 - loss: 0.3661 - val_accuracy: 0.5384 - val_loss: 0.3876 - val_sens_fpr0.005: 0.4516
Epoch 69/400
68/68 - 5s - 69ms/step - accuracy: 0.6977 - loss: 0.3660 - val_accuracy: 0.5359 - val_loss: 0.3875 - val_sens_fpr0.005: 0.4557
Epoch 70/400
68/68 - 5s - 70ms/step - accuracy: 0.6982 - loss: 0.3658 - val_accuracy: 0.5303 - val_loss: 0.3881 - val_sens_fpr0.005: 0.4570
Epoch 71/400
68/68 - 5s - 69ms/step - accuracy: 0.6990 - loss: 0.3657 - val_accuracy: 0.5246 - val_loss: 0.3881 - val_sens_fpr0.005: 0.4567
Epoch 72/400
68/68 - 5s - 69ms/step - accuracy: 0.6980 - loss: 0.3657 - val_accuracy: 0.5199 - val_loss: 0.3884 - val_sens_fpr0.005: 0.4557
Epoch 73/400
68/68 - 5s - 69ms/step - accuracy: 0.6993 - loss: 0.3654 - val_accuracy: 0.5344 - val_loss: 0.3882 - val_sens_fpr0.005: 0.4582
Epoch 74/400
68/68 - 5s - 70ms/step - accuracy: 0.7001 - loss: 0.3654 - val_accuracy: 0.5412 - val_loss: 0.3874 - val_sens_fpr0.005: 0.4590
Epoch 75/400
68/68 - 5s - 69ms/step - accuracy: 0.7022 - loss: 0.3653 - val_accuracy: 0.5287 - val_loss: 0.3875 - val_sens_fpr0.005: 0.4601
Epoch 76/400
68/68 - 5s - 70ms/step - accuracy: 0.7020 - loss: 0.3651 - val_accuracy: 0.5437 - val_loss: 0.3866 - val_sens_fpr0.005: 0.4571
Epoch 77/400
68/68 - 5s - 69ms/step - accuracy: 0.7042 - loss: 0.3650 - val_accuracy: 0.5456 - val_loss: 0.3866 - val_sens_fpr0.005: 0.4588
Epoch 78/400
68/68 - 5s - 69ms/step - accuracy: 0.7033 - loss: 0.3649 - val_accuracy: 0.5331 - val_loss: 0.3874 - val_sens_fpr0.005: 0.4602
Epoch 79/400
68/68 - 5s - 69ms/step - accuracy: 0.7040 - loss: 0.3647 - val_accuracy: 0.5399 - val_loss: 0.3869 - val_sens_fpr0.005: 0.4597
Epoch 80/400
68/68 - 5s - 69ms/step - accuracy: 0.7058 - loss: 0.3646 - val_accuracy: 0.5314 - val_loss: 0.3874 - val_sens_fpr0.005: 0.4549
Epoch 81/400
68/68 - 5s - 69ms/step - accuracy: 0.7040 - loss: 0.3645 - val_accuracy: 0.5301 - val_loss: 0.3878 - val_sens_fpr0.005: 0.4619
Epoch 82/400
68/68 - 5s - 70ms/step - accuracy: 0.7064 - loss: 0.3644 - val_accuracy: 0.5337 - val_loss: 0.3873 - val_sens_fpr0.005: 0.4557
Epoch 83/400
68/68 - 5s - 69ms/step - accuracy: 0.7076 - loss: 0.3643 - val_accuracy: 0.5325 - val_loss: 0.3873 - val_sens_fpr0.005: 0.4617
Epoch 84/400
68/68 - 5s - 70ms/step - accuracy: 0.7070 - loss: 0.3642 - val_accuracy: 0.5371 - val_loss: 0.3877 - val_sens_fpr0.005: 0.4681
Epoch 85/400
68/68 - 5s - 70ms/step - accuracy: 0.7073 - loss: 0.3641 - val_accuracy: 0.5248 - val_loss: 0.3878 - val_sens_fpr0.005: 0.4694
Epoch 86/400
68/68 - 5s - 69ms/step - accuracy: 0.7087 - loss: 0.3640 - val_accuracy: 0.5469 - val_loss: 0.3863 - val_sens_fpr0.005: 0.4689
Epoch 87/400
68/68 - 5s - 69ms/step - accuracy: 0.7114 - loss: 0.3639 - val_accuracy: 0.5374 - val_loss: 0.3871 - val_sens_fpr0.005: 0.4650
Epoch 88/400
68/68 - 5s - 69ms/step - accuracy: 0.7117 - loss: 0.3638 - val_accuracy: 0.5342 - val_loss: 0.3874 - val_sens_fpr0.005: 0.4654
Epoch 89/400
68/68 - 5s - 69ms/step - accuracy: 0.7096 - loss: 0.3637 - val_accuracy: 0.5424 - val_loss: 0.3868 - val_sens_fpr0.005: 0.4694
Epoch 90/400
68/68 - 5s - 69ms/step - accuracy: 0.7119 - loss: 0.3635 - val_accuracy: 0.5197 - val_loss: 0.3886 - val_sens_fpr0.005: 0.4694
Epoch 91/400
68/68 - 5s - 70ms/step - accuracy: 0.7111 - loss: 0.3634 - val_accuracy: 0.5384 - val_loss: 0.3870 - val_sens_fpr0.005: 0.4714
Epoch 92/400
68/68 - 5s - 69ms/step - accuracy: 0.7136 - loss: 0.3634 - val_accuracy: 0.5452 - val_loss: 0.3866 - val_sens_fpr0.005: 0.4747
Epoch 93/400
68/68 - 5s - 70ms/step - accuracy: 0.7153 - loss: 0.3632 - val_accuracy: 0.5376 - val_loss: 0.3869 - val_sens_fpr0.005: 0.4708
Epoch 94/400
68/68 - 5s - 70ms/step - accuracy: 0.7149 - loss: 0.3631 - val_accuracy: 0.5348 - val_loss: 0.3868 - val_sens_fpr0.005: 0.4761
Epoch 95/400
68/68 - 5s - 69ms/step - accuracy: 0.7158 - loss: 0.3629 - val_accuracy: 0.5306 - val_loss: 0.3876 - val_sens_fpr0.005: 0.4782
Epoch 96/400
68/68 - 5s - 70ms/step - accuracy: 0.7160 - loss: 0.3629 - val_accuracy: 0.5367 - val_loss: 0.3872 - val_sens_fpr0.005: 0.4747
Epoch 97/400
68/68 - 5s - 69ms/step - accuracy: 0.7171 - loss: 0.3628 - val_accuracy: 0.5280 - val_loss: 0.3878 - val_sens_fpr0.005: 0.4704
  RestoreBestSens: epoch 96 — smoothed val_sens_fpr0.005 (window 5)
[2/11] Lily - Fit+Fast/2023_R3_Marysville/53: 97 epochs (best 96), val_loss 0.3863, 69083/4712 frames train/val, sens@fpr0.5%=0.475
2026-09-04 17:46:32.942575: W external/local_tsl/tsl/framework/cpu_allocator_impl.cc:83] Allocation of 1697341440 exceeds 10% of free system memory.
2026-09-04 17:46:43.735692: W external/local_tsl/tsl/framework/bfc_allocator.cc:487] Allocator (GPU_0_bfc) ran out of memory trying to allocate 1.58GiB (rounded to 1697341440)requested by op _EagerConst
If the cause is memory fragmentation maybe the environment variable 'TF_GPU_ALLOCATOR=cuda_malloc_async' will improve the situation. 
Current allocation summary follows.
Current allocation summary follows.
2026-09-04 17:46:43.735845: I external/local_tsl/tsl/framework/bfc_allocator.cc:1044] BFCAllocator dump for GPU_0_bfc
2026-09-04 17:46:43.735875: I external/local_tsl/tsl/framework/bfc_allocator.cc:1051] Bin (256): 	Total Chunks: 174, Chunks in use: 171. 43.5KiB allocated for chunks. 42.8KiB in use in bin. 3.2KiB client-requested in use in bin.
2026-09-04 17:46:43.735897: I external/local_tsl/tsl/framework/bfc_allocator.cc:1051] Bin (512): 	Total Chunks: 15, Chunks in use: 12. 8.2KiB allocated for chunks. 6.2KiB in use in bin. 6.0KiB client-requested in use in bin.
2026-09-04 17:46:43.735924: I external/local_tsl/tsl/framework/bfc_allocator.cc:1051] Bin (1024): 	Total Chunks: 15, Chunks in use: 15. 16.0KiB allocated for chunks. 16.0KiB in use in bin. 15.3KiB client-requested in use in bin.
2026-09-04 17:46:43.735933: I external/local_tsl/tsl/framework/bfc_allocator.cc:1051] Bin (2048): 	Total Chunks: 38, Chunks in use: 37. 79.8KiB allocated for chunks. 77.5KiB in use in bin. 74.2KiB client-requested in use in bin.
2026-09-04 17:46:43.735942: I external/local_tsl/tsl/framework/bfc_allocator.cc:1051] Bin (4096): 	Total Chunks: 12, Chunks in use: 11. 53.8KiB allocated for chunks. 49.8KiB in use in bin. 45.0KiB client-requested in use in bin.
2026-09-04 17:46:43.735951: I external/local_tsl/tsl/framework/bfc_allocator.cc:1051] Bin (8192): 	Total Chunks: 4, Chunks in use: 3. 41.0KiB allocated for chunks. 29.0KiB in use in bin. 26.0KiB client-requested in use in bin.
2026-09-04 17:46:43.735960: I external/local_tsl/tsl/framework/bfc_allocator.cc:1051] Bin (16384): 	Total Chunks: 8, Chunks in use: 8. 149.0KiB allocated for chunks. 149.0KiB in use in bin. 144.0KiB client-requested in use in bin.
2026-09-04 17:46:43.735968: I external/local_tsl/tsl/framework/bfc_allocator.cc:1051] Bin (32768): 	Total Chunks: 4, Chunks in use: 4. 144.0KiB allocated for chunks. 144.0KiB in use in bin. 140.0KiB client-requested in use in bin.
2026-09-04 17:46:43.735977: I external/local_tsl/tsl/framework/bfc_allocator.cc:1051] Bin (65536): 	Total Chunks: 5, Chunks in use: 4. 338.0KiB allocated for chunks. 270.0KiB in use in bin. 268.0KiB client-requested in use in bin.
2026-09-04 17:46:43.735986: I external/local_tsl/tsl/framework/bfc_allocator.cc:1051] Bin (131072): 	Total Chunks: 3, Chunks in use: 1. 473.5KiB allocated for chunks. 128.0KiB in use in bin. 128.0KiB client-requested in use in bin.
2026-09-04 17:46:43.735995: I external/local_tsl/tsl/framework/bfc_allocator.cc:1051] Bin (262144): 	Total Chunks: 2, Chunks in use: 2. 569.0KiB allocated for chunks. 569.0KiB in use in bin. 568.9KiB client-requested in use in bin.
2026-09-04 17:46:43.736003: I external/local_tsl/tsl/framework/bfc_allocator.cc:1051] Bin (524288): 	Total Chunks: 2, Chunks in use: 1. 1.25MiB allocated for chunks. 512.0KiB in use in bin. 512.0KiB client-requested in use in bin.
2026-09-04 17:46:43.736012: I external/local_tsl/tsl/framework/bfc_allocator.cc:1051] Bin (1048576): 	Total Chunks: 5, Chunks in use: 5. 5.50MiB allocated for chunks. 5.50MiB in use in bin. 5.00MiB client-requested in use in bin.
2026-09-04 17:46:43.736020: I external/local_tsl/tsl/framework/bfc_allocator.cc:1051] Bin (2097152): 	Total Chunks: 3, Chunks in use: 3. 6.00MiB allocated for chunks. 6.00MiB in use in bin. 6.00MiB client-requested in use in bin.
2026-09-04 17:46:43.736029: I external/local_tsl/tsl/framework/bfc_allocator.cc:1051] Bin (4194304): 	Total Chunks: 5, Chunks in use: 4. 23.48MiB allocated for chunks. 16.48MiB in use in bin. 16.48MiB client-requested in use in bin.
2026-09-04 17:46:43.736037: I external/local_tsl/tsl/framework/bfc_allocator.cc:1051] Bin (8388608): 	Total Chunks: 0, Chunks in use: 0. 0B allocated for chunks. 0B in use in bin. 0B client-requested in use in bin.
2026-09-04 17:46:43.736045: I external/local_tsl/tsl/framework/bfc_allocator.cc:1051] Bin (16777216): 	Total Chunks: 0, Chunks in use: 0. 0B allocated for chunks. 0B in use in bin. 0B client-requested in use in bin.
2026-09-04 17:46:43.736056: I external/local_tsl/tsl/framework/bfc_allocator.cc:1051] Bin (33554432): 	Total Chunks: 0, Chunks in use: 0. 0B allocated for chunks. 0B in use in bin. 0B client-requested in use in bin.
2026-09-04 17:46:43.736066: I external/local_tsl/tsl/framework/bfc_allocator.cc:1051] Bin (67108864): 	Total Chunks: 1, Chunks in use: 1. 110.44MiB allocated for chunks. 110.44MiB in use in bin. 110.44MiB client-requested in use in bin.
2026-09-04 17:46:43.736073: I external/local_tsl/tsl/framework/bfc_allocator.cc:1051] Bin (134217728): 	Total Chunks: 0, Chunks in use: 0. 0B allocated for chunks. 0B in use in bin. 0B client-requested in use in bin.
2026-09-04 17:46:43.736082: I external/local_tsl/tsl/framework/bfc_allocator.cc:1051] Bin (268435456): 	Total Chunks: 3, Chunks in use: 1. 2.12GiB allocated for chunks. 1.58GiB in use in bin. 1.58GiB client-requested in use in bin.
2026-09-04 17:46:43.736090: I external/local_tsl/tsl/framework/bfc_allocator.cc:1067] Bin for 1.58GiB was 256.00MiB, Chunk State: 
2026-09-04 17:46:43.736102: I external/local_tsl/tsl/framework/bfc_allocator.cc:1073]   Size: 272.14MiB | Requested Size: 1.22MiB | in_use: 0 | bin_num: 20, prev:   Size: 4.00MiB | Requested Size: 4.00MiB | in_use: 1 | bin_num: -1, next:   Size: 2.00MiB | Requested Size: 2.00MiB | in_use: 1 | bin_num: -1
2026-09-04 17:46:43.736113: I external/local_tsl/tsl/framework/bfc_allocator.cc:1073]   Size: 282.19MiB | Requested Size: 24.00MiB | in_use: 0 | bin_num: 20, prev:   Size: 4.00MiB | Requested Size: 4.00MiB | in_use: 1 | bin_num: -1
2026-09-04 17:46:43.736120: I external/local_tsl/tsl/framework/bfc_allocator.cc:1080] Next region of size 2434793472
2026-09-04 17:46:43.736128: I external/local_tsl/tsl/framework/bfc_allocator.cc:1100] InUse at 7e1680000000 of size 1697783808 next 1
2026-09-04 17:46:43.736135: I external/local_tsl/tsl/framework/bfc_allocator.cc:1100] InUse at 7e16e5322000 of size 1280 next 2
2026-09-04 17:46:43.736142: I external/local_tsl/tsl/framework/bfc_allocator.cc:1100] InUse at 7e16e5322500 of size 4697856 next 3
2026-09-04 17:46:43.736149: I external/local_tsl/tsl/framework/bfc_allocator.cc:1100] InUse at 7e16e579d400 of size 256 next 4
2026-09-04 17:46:43.736155: I external/local_tsl/tsl/framework/bfc_allocator.cc:1100] InUse at 7e16e579d500 of size 256 next 5
2026-09-04 17:46:43.736160: I external/local_tsl/tsl/framework/bfc_allocator.cc:1100] InUse at 7e16e579d600 of size 256 next 6
2026-09-04 17:46:43.736166: I external/local_tsl/tsl/framework/bfc_allocator.cc:1100] InUse at 7e16e579d700 of size 256 next 7
2026-09-04 17:46:43.736171: I external/local_tsl/tsl/framework/bfc_allocator.cc:1100] InUse at 7e16e579d800 of size 256 next 8
2026-09-04 17:46:43.736177: I external/local_tsl/tsl/framework/bfc_allocator.cc:1100] InUse at 7e16e579d900 of size 115802112 next 9
2026-09-04 17:46:43.736184: I external/local_tsl/tsl/framework/bfc_allocator.cc:1100] InUse at 7e16ec60d900 of size 320512 next 10
2026-09-04 17:46:43.736190: I external/local_tsl/tsl/framework/bfc_allocator.cc:1100] InUse at 7e16ec65bd00 of size 256 next 11
2026-09-04 17:46:43.736196: I external/local_tsl/tsl/framework/bfc_allocator.cc:1100] InUse at 7e16ec65be00 of size 256 next 12
2026-09-04 17:46:43.736201: I external/local_tsl/tsl/framework/bfc_allocator.cc:1100] InUse at 7e16ec65bf00 of size 256 next 13
2026-09-04 17:46:43.736207: I external/local_tsl/tsl/framework/bfc_allocator.cc:1100] InUse at 7e16ec65c000 of size 256 next 14
2026-09-04 17:46:43.736212: I external/local_tsl/tsl/framework/bfc_allocator.cc:1100] InUse at 7e16ec65c100 of size 256 next 16
2026-09-04 17:46:43.736218: I external/local_tsl/tsl/framework/bfc_allocator.cc:1100] InUse at 7e16ec65c200 of size 256 next 17
2026-09-04 17:46:43.736223: I external/local_tsl/tsl/framework/bfc_allocator.cc:1100] InUse at 7e16ec65c300 of size 256 next 15
2026-09-04 17:46:43.736229: I external/local_tsl/tsl/framework/bfc_allocator.cc:1100] InUse at 7e16ec65c400 of size 256 next 18
2026-09-04 17:46:43.736239: I external/local_tsl/tsl/framework/bfc_allocator.cc:1100] InUse at 7e16ec65c500 of size 256 next 30
2026-09-04 17:46:43.736245: I external/local_tsl/tsl/framework/bfc_allocator.cc:1100] InUse at 7e16ec65c600 of size 256 next 28
2026-09-04 17:46:43.736250: I external/local_tsl/tsl/framework/bfc_allocator.cc:1100] InUse at 7e16ec65c700 of size 256 next 29
2026-09-04 17:46:43.736256: I external/local_tsl/tsl/framework/bfc_allocator.cc:1100] InUse at 7e16ec65c800 of size 256 next 33
2026-09-04 17:46:43.736261: I external/local_tsl/tsl/framework/bfc_allocator.cc:1100] InUse at 7e16ec65c900 of size 256 next 34
2026-09-04 17:46:43.736267: I external/local_tsl/tsl/framework/bfc_allocator.cc:1100] InUse at 7e16ec65ca00 of size 256 next 37
2026-09-04 17:46:43.736272: I external/local_tsl/tsl/framework/bfc_allocator.cc:1100] InUse at 7e16ec65cb00 of size 256 next 35
2026-09-04 17:46:43.736278: I external/local_tsl/tsl/framework/bfc_allocator.cc:1100] InUse at 7e16ec65cc00 of size 256 next 36
2026-09-04 17:46:43.736283: I external/local_tsl/tsl/framework/bfc_allocator.cc:1100] InUse at 7e16ec65cd00 of size 256 next 19
2026-09-04 17:46:43.736288: I external/local_tsl/tsl/framework/bfc_allocator.cc:1100] InUse at 7e16ec65ce00 of size 256 next 161
2026-09-04 17:46:43.736295: I external/local_tsl/tsl/framework/bfc_allocator.cc:1100] InUse at 7e16ec65cf00 of size 256 next 20
2026-09-04 17:46:43.736300: I external/local_tsl/tsl/framework/bfc_allocator.cc:1100] InUse at 7e16ec65d000 of size 256 next 22
2026-09-04 17:46:43.736306: I external/local_tsl/tsl/framework/bfc_allocator.cc:1100] InUse at 7e16ec65d100 of size 256 next 23
2026-09-04 17:46:43.736311: I external/local_tsl/tsl/framework/bfc_allocator.cc:1100] InUse at 7e16ec65d200 of size 256 next 25
2026-09-04 17:46:43.736317: I external/local_tsl/tsl/framework/bfc_allocator.cc:1100] InUse at 7e16ec65d300 of size 768 next 21
2026-09-04 17:46:43.736323: I external/local_tsl/tsl/framework/bfc_allocator.cc:1100] InUse at 7e16ec65d600 of size 256 next 24
2026-09-04 17:46:43.736328: I external/local_tsl/tsl/framework/bfc_allocator.cc:1100] InUse at 7e16ec65d700 of size 256 next 27
2026-09-04 17:46:43.736334: I external/local_tsl/tsl/framework/bfc_allocator.cc:1100] InUse at 7e16ec65d800 of size 512 next 26
2026-09-04 17:46:43.736340: I external/local_tsl/tsl/framework/bfc_allocator.cc:1100] InUse at 7e16ec65da00 of size 512 next 40
2026-09-04 17:46:43.736345: I external/local_tsl/tsl/framework/bfc_allocator.cc:1100] InUse at 7e16ec65dc00 of size 512 next 43
2026-09-04 17:46:43.736350: I external/local_tsl/tsl/framework/bfc_allocator.cc:1100] InUse at 7e16ec65de00 of size 512 next 38
2026-09-04 17:46:43.736356: I external/local_tsl/tsl/framework/bfc_allocator.cc:1100] InUse at 7e16ec65e000 of size 512 next 52
2026-09-04 17:46:43.736361: I external/local_tsl/tsl/framework/bfc_allocator.cc:1100] InUse at 7e16ec65e200 of size 512 next 41
2026-09-04 17:46:43.736367: I external/local_tsl/tsl/framework/bfc_allocator.cc:1100] InUse at 7e16ec65e400 of size 256 next 42
2026-09-04 17:46:43.736372: I external/local_tsl/tsl/framework/bfc_allocator.cc:1100] InUse at 7e16ec65e500 of size 256 next 46
2026-09-04 17:46:43.736377: I external/local_tsl/tsl/framework/bfc_allocator.cc:1100] InUse at 7e16ec65e600 of size 512 next 47
2026-09-04 17:46:43.736383: I external/local_tsl/tsl/framework/bfc_allocator.cc:1100] InUse at 7e16ec65e800 of size 512 next 50
2026-09-04 17:46:43.736389: I external/local_tsl/tsl/framework/bfc_allocator.cc:1100] InUse at 7e16ec65ea00 of size 512 next 48
2026-09-04 17:46:43.736394: I external/local_tsl/tsl/framework/bfc_allocator.cc:1100] InUse at 7e16ec65ec00 of size 256 next 49
2026-09-04 17:46:43.736399: I external/local_tsl/tsl/framework/bfc_allocator.cc:1100] InUse at 7e16ec65ed00 of size 512 next 53
2026-09-04 17:46:43.736405: I external/local_tsl/tsl/framework/bfc_allocator.cc:1100] InUse at 7e16ec65ef00 of size 256 next 39
2026-09-04 17:46:43.736411: I external/local_tsl/tsl/framework/bfc_allocator.cc:1100] InUse at 7e16ec65f000 of size 1024 next 61
2026-09-04 17:46:43.736420: I external/local_tsl/tsl/framework/bfc_allocator.cc:1100] InUse at 7e16ec65f400 of size 1024 next 68
2026-09-04 17:46:43.736427: I external/local_tsl/tsl/framework/bfc_allocator.cc:1100] InUse at 7e16ec65f800 of size 2304 next 65
2026-09-04 17:46:43.736434: I external/local_tsl/tsl/framework/bfc_allocator.cc:1100] InUse at 7e16ec660100 of size 256 next 66
2026-09-04 17:46:43.736439: I external/local_tsl/tsl/framework/bfc_allocator.cc:1100] InUse at 7e16ec660200 of size 256 next 69
2026-09-04 17:46:43.736445: I external/local_tsl/tsl/framework/bfc_allocator.cc:1100] InUse at 7e16ec660300 of size 1024 next 70
2026-09-04 17:46:43.736451: I external/local_tsl/tsl/framework/bfc_allocator.cc:1100] InUse at 7e16ec660700 of size 1024 next 73
2026-09-04 17:46:43.736458: I external/local_tsl/tsl/framework/bfc_allocator.cc:1100] InUse at 7e16ec660b00 of size 1024 next 71
2026-09-04 17:46:43.736464: I external/local_tsl/tsl/framework/bfc_allocator.cc:1100] InUse at 7e16ec660f00 of size 256 next 72
2026-09-04 17:46:43.736469: I external/local_tsl/tsl/framework/bfc_allocator.cc:1100] InUse at 7e16ec661000 of size 256 next 76
2026-09-04 17:46:43.736475: I external/local_tsl/tsl/framework/bfc_allocator.cc:1100] InUse at 7e16ec661100 of size 1024 next 77
2026-09-04 17:46:43.736481: I external/local_tsl/tsl/framework/bfc_allocator.cc:1100] InUse at 7e16ec661500 of size 1024 next 80
2026-09-04 17:46:43.736487: I external/local_tsl/tsl/framework/bfc_allocator.cc:1100] InUse at 7e16ec661900 of size 1280 next 32
2026-09-04 17:46:43.736493: I external/local_tsl/tsl/framework/bfc_allocator.cc:1100] InUse at 7e16ec661e00 of size 2304 next 163
2026-09-04 17:46:43.736500: I external/local_tsl/tsl/framework/bfc_allocator.cc:1100] InUse at 7e16ec662700 of size 5888 next 31
2026-09-04 17:46:43.736507: I external/local_tsl/tsl/framework/bfc_allocator.cc:1100] InUse at 7e16ec663e00 of size 4608 next 51
2026-09-04 17:46:43.736513: I external/local_tsl/tsl/framework/bfc_allocator.cc:1100] InUse at 7e16ec665000 of size 512 next 58
2026-09-04 17:46:43.736519: I external/local_tsl/tsl/framework/bfc_allocator.cc:1100] InUse at 7e16ec665200 of size 1024 next 54
2026-09-04 17:46:43.736525: I external/local_tsl/tsl/framework/bfc_allocator.cc:1100] InUse at 7e16ec665600 of size 256 next 60
2026-09-04 17:46:43.736531: I external/local_tsl/tsl/framework/bfc_allocator.cc:1100] InUse at 7e16ec665700 of size 256 next 63
2026-09-04 17:46:43.736536: I external/local_tsl/tsl/framework/bfc_allocator.cc:1100] InUse at 7e16ec665800 of size 1024 next 64
2026-09-04 17:46:43.736543: I external/local_tsl/tsl/framework/bfc_allocator.cc:1100] InUse at 7e16ec665c00 of size 2048 next 85
2026-09-04 17:46:43.736549: I external/local_tsl/tsl/framework/bfc_allocator.cc:1100] InUse at 7e16ec666400 of size 2048 next 62
2026-09-04 17:46:43.736556: I external/local_tsl/tsl/framework/bfc_allocator.cc:1100] InUse at 7e16ec666c00 of size 2048 next 124
2026-09-04 17:46:43.736562: I external/local_tsl/tsl/framework/bfc_allocator.cc:1100] Free  at 7e16ec667400 of size 2304 next 88
2026-09-04 17:46:43.736568: I external/local_tsl/tsl/framework/bfc_allocator.cc:1100] InUse at 7e16ec667d00 of size 256 next 89
2026-09-04 17:46:43.736574: I external/local_tsl/tsl/framework/bfc_allocator.cc:1100] InUse at 7e16ec667e00 of size 256 next 92
2026-09-04 17:46:43.736579: I external/local_tsl/tsl/framework/bfc_allocator.cc:1100] InUse at 7e16ec667f00 of size 2048 next 93
2026-09-04 17:46:43.736586: I external/local_tsl/tsl/framework/bfc_allocator.cc:1100] InUse at 7e16ec668700 of size 2048 next 96
2026-09-04 17:46:43.736592: I external/local_tsl/tsl/framework/bfc_allocator.cc:1100] InUse at 7e16ec668f00 of size 2048 next 94
2026-09-04 17:46:43.736598: I external/local_tsl/tsl/framework/bfc_allocator.cc:1100] InUse at 7e16ec669700 of size 256 next 95
2026-09-04 17:46:43.736604: I external/local_tsl/tsl/framework/bfc_allocator.cc:1100] InUse at 7e16ec669800 of size 256 next 99
2026-09-04 17:46:43.736609: I external/local_tsl/tsl/framework/bfc_allocator.cc:1100] InUse at 7e16ec669900 of size 2048 next 100
2026-09-04 17:46:43.736619: I external/local_tsl/tsl/framework/bfc_allocator.cc:1100] InUse at 7e16ec66a100 of size 2048 next 103
2026-09-04 17:46:43.736626: I external/local_tsl/tsl/framework/bfc_allocator.cc:1100] InUse at 7e16ec66a900 of size 2048 next 101
2026-09-04 17:46:43.736632: I external/local_tsl/tsl/framework/bfc_allocator.cc:1100] InUse at 7e16ec66b100 of size 3072 next 75
2026-09-04 17:46:43.736639: I external/local_tsl/tsl/framework/bfc_allocator.cc:1100] InUse at 7e16ec66bd00 of size 9216 next 74
2026-09-04 17:46:43.736646: I external/local_tsl/tsl/framework/bfc_allocator.cc:1100] InUse at 7e16ec66e100 of size 1024 next 79
2026-09-04 17:46:43.736652: I external/local_tsl/tsl/framework/bfc_allocator.cc:1100] InUse at 7e16ec66e500 of size 1024 next 83
2026-09-04 17:46:43.736658: I external/local_tsl/tsl/framework/bfc_allocator.cc:1100] InUse at 7e16ec66e900 of size 256 next 159
2026-09-04 17:46:43.736665: I external/local_tsl/tsl/framework/bfc_allocator.cc:1100] InUse at 7e16ec66ea00 of size 256 next 138
2026-09-04 17:46:43.736671: I external/local_tsl/tsl/framework/bfc_allocator.cc:1100] Free  at 7e16ec66eb00 of size 256 next 133
2026-09-04 17:46:43.736677: I external/local_tsl/tsl/framework/bfc_allocator.cc:1100] InUse at 7e16ec66ec00 of size 256 next 78
2026-09-04 17:46:43.736683: I external/local_tsl/tsl/framework/bfc_allocator.cc:1100] InUse at 7e16ec66ed00 of size 256 next 84
2026-09-04 17:46:43.736688: I external/local_tsl/tsl/framework/bfc_allocator.cc:1100] InUse at 7e16ec66ee00 of size 256 next 86
2026-09-04 17:46:43.736694: I external/local_tsl/tsl/framework/bfc_allocator.cc:1100] InUse at 7e16ec66ef00 of size 2048 next 87
2026-09-04 17:46:43.736700: I external/local_tsl/tsl/framework/bfc_allocator.cc:1100] InUse at 7e16ec66f700 of size 4096 next 146
2026-09-04 17:46:43.736707: I external/local_tsl/tsl/framework/bfc_allocator.cc:1100] InUse at 7e16ec670700 of size 4096 next 160
2026-09-04 17:46:43.736713: I external/local_tsl/tsl/framework/bfc_allocator.cc:1100] InUse at 7e16ec671700 of size 256 next 198
2026-09-04 17:46:43.736720: I external/local_tsl/tsl/framework/bfc_allocator.cc:1100] InUse at 7e16ec671800 of size 256 next 195
2026-09-04 17:46:43.736726: I external/local_tsl/tsl/framework/bfc_allocator.cc:1100] InUse at 7e16ec671900 of size 256 next 196
2026-09-04 17:46:43.736732: I external/local_tsl/tsl/framework/bfc_allocator.cc:1100] InUse at 7e16ec671a00 of size 256 next 202
2026-09-04 17:46:43.736739: I external/local_tsl/tsl/framework/bfc_allocator.cc:1100] InUse at 7e16ec671b00 of size 256 next 201
2026-09-04 17:46:43.736745: I external/local_tsl/tsl/framework/bfc_allocator.cc:1100] InUse at 7e16ec671c00 of size 256 next 207
2026-09-04 17:46:43.736752: I external/local_tsl/tsl/framework/bfc_allocator.cc:1100] InUse at 7e16ec671d00 of size 256 next 206
2026-09-04 17:46:43.736758: I external/local_tsl/tsl/framework/bfc_allocator.cc:1100] InUse at 7e16ec671e00 of size 256 next 208
2026-09-04 17:46:43.736764: I external/local_tsl/tsl/framework/bfc_allocator.cc:1100] InUse at 7e16ec671f00 of size 256 next 177
2026-09-04 17:46:43.736771: I external/local_tsl/tsl/framework/bfc_allocator.cc:1100] InUse at 7e16ec672000 of size 256 next 211
2026-09-04 17:46:43.736777: I external/local_tsl/tsl/framework/bfc_allocator.cc:1100] InUse at 7e16ec672100 of size 256 next 199
2026-09-04 17:46:43.736783: I external/local_tsl/tsl/framework/bfc_allocator.cc:1100] InUse at 7e16ec672200 of size 256 next 200
2026-09-04 17:46:43.736790: I external/local_tsl/tsl/framework/bfc_allocator.cc:1100] InUse at 7e16ec672300 of size 256 next 217
2026-09-04 17:46:43.736796: I external/local_tsl/tsl/framework/bfc_allocator.cc:1100] InUse at 7e16ec672400 of size 256 next 216
2026-09-04 17:46:43.736802: I external/local_tsl/tsl/framework/bfc_allocator.cc:1100] InUse at 7e16ec672500 of size 256 next 213
2026-09-04 17:46:43.736809: I external/local_tsl/tsl/framework/bfc_allocator.cc:1100] InUse at 7e16ec672600 of size 256 next 193
2026-09-04 17:46:43.736815: I external/local_tsl/tsl/framework/bfc_allocator.cc:1100] InUse at 7e16ec672700 of size 256 next 174
2026-09-04 17:46:43.736831: I external/local_tsl/tsl/framework/bfc_allocator.cc:1100] InUse at 7e16ec672800 of size 256 next 171
2026-09-04 17:46:43.736839: I external/local_tsl/tsl/framework/bfc_allocator.cc:1100] InUse at 7e16ec672900 of size 256 next 226
2026-09-04 17:46:43.736845: I external/local_tsl/tsl/framework/bfc_allocator.cc:1100] InUse at 7e16ec672a00 of size 256 next 222
2026-09-04 17:46:43.736851: I external/local_tsl/tsl/framework/bfc_allocator.cc:1100] InUse at 7e16ec672b00 of size 256 next 232
2026-09-04 17:46:43.736858: I external/local_tsl/tsl/framework/bfc_allocator.cc:1100] InUse at 7e16ec672c00 of size 256 next 229
2026-09-04 17:46:43.736864: I external/local_tsl/tsl/framework/bfc_allocator.cc:1100] InUse at 7e16ec672d00 of size 256 next 205
2026-09-04 17:46:43.736871: I external/local_tsl/tsl/framework/bfc_allocator.cc:1100] InUse at 7e16ec672e00 of size 256 next 170
2026-09-04 17:46:43.736877: I external/local_tsl/tsl/framework/bfc_allocator.cc:1100] InUse at 7e16ec672f00 of size 256 next 221
2026-09-04 17:46:43.736883: I external/local_tsl/tsl/framework/bfc_allocator.cc:1100] Free  at 7e16ec673000 of size 768 next 235
2026-09-04 17:46:43.736890: I external/local_tsl/tsl/framework/bfc_allocator.cc:1100] InUse at 7e16ec673300 of size 256 next 212
2026-09-04 17:46:43.736896: I external/local_tsl/tsl/framework/bfc_allocator.cc:1100] InUse at 7e16ec673400 of size 256 next 237
2026-09-04 17:46:43.736902: I external/local_tsl/tsl/framework/bfc_allocator.cc:1100] InUse at 7e16ec673500 of size 256 next 241
2026-09-04 17:46:43.736909: I external/local_tsl/tsl/framework/bfc_allocator.cc:1100] InUse at 7e16ec673600 of size 256 next 224
2026-09-04 17:46:43.736915: I external/local_tsl/tsl/framework/bfc_allocator.cc:1100] InUse at 7e16ec673700 of size 256 next 228
2026-09-04 17:46:43.736921: I external/local_tsl/tsl/framework/bfc_allocator.cc:1100] InUse at 7e16ec673800 of size 256 next 218
2026-09-04 17:46:43.736928: I external/local_tsl/tsl/framework/bfc_allocator.cc:1100] InUse at 7e16ec673900 of size 256 next 238
2026-09-04 17:46:43.736934: I external/local_tsl/tsl/framework/bfc_allocator.cc:1100] Free  at 7e16ec673a00 of size 256 next 230
2026-09-04 17:46:43.736940: I external/local_tsl/tsl/framework/bfc_allocator.cc:1100] InUse at 7e16ec673b00 of size 256 next 233
2026-09-04 17:46:43.736947: I external/local_tsl/tsl/framework/bfc_allocator.cc:1100] Free  at 7e16ec673c00 of size 256 next 242
2026-09-04 17:46:43.736953: I external/local_tsl/tsl/framework/bfc_allocator.cc:1100] InUse at 7e16ec673d00 of size 256 next 45
2026-09-04 17:46:43.736959: I external/local_tsl/tsl/framework/bfc_allocator.cc:1100] InUse at 7e16ec673e00 of size 9216 next 55
2026-09-04 17:46:43.736966: I external/local_tsl/tsl/framework/bfc_allocator.cc:1100] InUse at 7e16ec676200 of size 23552 next 44
2026-09-04 17:46:43.736972: I external/local_tsl/tsl/framework/bfc_allocator.cc:1100] InUse at 7e16ec67be00 of size 2048 next 106
2026-09-04 17:46:43.736979: I external/local_tsl/tsl/framework/bfc_allocator.cc:1100] InUse at 7e16ec67c600 of size 2048 next 107
2026-09-04 17:46:43.736985: I external/local_tsl/tsl/framework/bfc_allocator.cc:1100] InUse at 7e16ec67ce00 of size 2048 next 102
2026-09-04 17:46:43.736991: I external/local_tsl/tsl/framework/bfc_allocator.cc:1100] InUse at 7e16ec67d600 of size 2048 next 110
2026-09-04 17:46:43.736998: I external/local_tsl/tsl/framework/bfc_allocator.cc:1100] InUse at 7e16ec67de00 of size 2048 next 111
2026-09-04 17:46:43.737004: I external/local_tsl/tsl/framework/bfc_allocator.cc:1100] InUse at 7e16ec67e600 of size 256 next 151
2026-09-04 17:46:43.737011: I external/local_tsl/tsl/framework/bfc_allocator.cc:1100] InUse at 7e16ec67e700 of size 256 next 154
2026-09-04 17:46:43.737017: I external/local_tsl/tsl/framework/bfc_allocator.cc:1100] InUse at 7e16ec67e800 of size 4096 next 155
2026-09-04 17:46:43.737024: I external/local_tsl/tsl/framework/bfc_allocator.cc:1100] Free  at 7e16ec67f800 of size 4096 next 158
2026-09-04 17:46:43.737033: I external/local_tsl/tsl/framework/bfc_allocator.cc:1100] InUse at 7e16ec680800 of size 256 next 137
2026-09-04 17:46:43.737040: I external/local_tsl/tsl/framework/bfc_allocator.cc:1100] InUse at 7e16ec680900 of size 256 next 139
2026-09-04 17:46:43.737047: I external/local_tsl/tsl/framework/bfc_allocator.cc:1100] InUse at 7e16ec680a00 of size 256 next 197
2026-09-04 17:46:43.737053: I external/local_tsl/tsl/framework/bfc_allocator.cc:1100] InUse at 7e16ec680b00 of size 256 next 167
2026-09-04 17:46:43.737060: I external/local_tsl/tsl/framework/bfc_allocator.cc:1100] InUse at 7e16ec680c00 of size 256 next 168
2026-09-04 17:46:43.737066: I external/local_tsl/tsl/framework/bfc_allocator.cc:1100] InUse at 7e16ec680d00 of size 256 next 172
2026-09-04 17:46:43.737072: I external/local_tsl/tsl/framework/bfc_allocator.cc:1100] InUse at 7e16ec680e00 of size 256 next 179
2026-09-04 17:46:43.737079: I external/local_tsl/tsl/framework/bfc_allocator.cc:1100] InUse at 7e16ec680f00 of size 256 next 204
2026-09-04 17:46:43.737085: I external/local_tsl/tsl/framework/bfc_allocator.cc:1100] InUse at 7e16ec681000 of size 256 next 175
2026-09-04 17:46:43.737091: I external/local_tsl/tsl/framework/bfc_allocator.cc:1100] InUse at 7e16ec681100 of size 256 next 181
2026-09-04 17:46:43.737098: I external/local_tsl/tsl/framework/bfc_allocator.cc:1100] InUse at 7e16ec681200 of size 256 next 191
2026-09-04 17:46:43.737104: I external/local_tsl/tsl/framework/bfc_allocator.cc:1100] InUse at 7e16ec681300 of size 256 next 192
2026-09-04 17:46:43.737110: I external/local_tsl/tsl/framework/bfc_allocator.cc:1100] InUse at 7e16ec681400 of size 256 next 176
2026-09-04 17:46:43.737117: I external/local_tsl/tsl/framework/bfc_allocator.cc:1100] InUse at 7e16ec681500 of size 256 next 194
2026-09-04 17:46:43.737123: I external/local_tsl/tsl/framework/bfc_allocator.cc:1100] InUse at 7e16ec681600 of size 256 next 173
2026-09-04 17:46:43.737130: I external/local_tsl/tsl/framework/bfc_allocator.cc:1100] InUse at 7e16ec681700 of size 256 next 156
2026-09-04 17:46:43.737136: I external/local_tsl/tsl/framework/bfc_allocator.cc:1100] InUse at 7e16ec681800 of size 1280 next 157
2026-09-04 17:46:43.737142: I external/local_tsl/tsl/framework/bfc_allocator.cc:1100] InUse at 7e16ec681d00 of size 1280 next 162
2026-09-04 17:46:43.737149: I external/local_tsl/tsl/framework/bfc_allocator.cc:1100] InUse at 7e16ec682200 of size 11264 next 98
2026-09-04 17:46:43.737156: I external/local_tsl/tsl/framework/bfc_allocator.cc:1100] InUse at 7e16ec684e00 of size 18432 next 97
2026-09-04 17:46:43.737163: I external/local_tsl/tsl/framework/bfc_allocator.cc:1100] InUse at 7e16ec689600 of size 18432 next 109
2026-09-04 17:46:43.737169: I external/local_tsl/tsl/framework/bfc_allocator.cc:1100] InUse at 7e16ec68de00 of size 2048 next 113
2026-09-04 17:46:43.737176: I external/local_tsl/tsl/framework/bfc_allocator.cc:1100] InUse at 7e16ec68e600 of size 2048 next 114
2026-09-04 17:46:43.737182: I external/local_tsl/tsl/framework/bfc_allocator.cc:1100] InUse at 7e16ec68ee00 of size 2048 next 108
2026-09-04 17:46:43.737188: I external/local_tsl/tsl/framework/bfc_allocator.cc:1100] InUse at 7e16ec68f600 of size 2048 next 118
2026-09-04 17:46:43.737195: I external/local_tsl/tsl/framework/bfc_allocator.cc:1100] InUse at 7e16ec68fe00 of size 2048 next 119
2026-09-04 17:46:43.737201: I external/local_tsl/tsl/framework/bfc_allocator.cc:1100] InUse at 7e16ec690600 of size 2048 next 120
2026-09-04 17:46:43.737207: I external/local_tsl/tsl/framework/bfc_allocator.cc:1100] InUse at 7e16ec690e00 of size 2048 next 122
2026-09-04 17:46:43.737214: I external/local_tsl/tsl/framework/bfc_allocator.cc:1100] InUse at 7e16ec691600 of size 2048 next 123
2026-09-04 17:46:43.737220: I external/local_tsl/tsl/framework/bfc_allocator.cc:1100] InUse at 7e16ec691e00 of size 2304 next 116
2026-09-04 17:46:43.737227: I external/local_tsl/tsl/framework/bfc_allocator.cc:1100] InUse at 7e16ec692700 of size 18432 next 117
2026-09-04 17:46:43.737233: I external/local_tsl/tsl/framework/bfc_allocator.cc:1100] InUse at 7e16ec696f00 of size 2048 next 125
2026-09-04 17:46:43.737242: I external/local_tsl/tsl/framework/bfc_allocator.cc:1100] InUse at 7e16ec697700 of size 2048 next 126
2026-09-04 17:46:43.737249: I external/local_tsl/tsl/framework/bfc_allocator.cc:1100] InUse at 7e16ec697f00 of size 2048 next 127
2026-09-04 17:46:43.737256: I external/local_tsl/tsl/framework/bfc_allocator.cc:1100] InUse at 7e16ec698700 of size 2048 next 129
2026-09-04 17:46:43.737262: I external/local_tsl/tsl/framework/bfc_allocator.cc:1100] InUse at 7e16ec698f00 of size 2048 next 130
2026-09-04 17:46:43.737268: I external/local_tsl/tsl/framework/bfc_allocator.cc:1100] InUse at 7e16ec699700 of size 2048 next 115
2026-09-04 17:46:43.737275: I external/local_tsl/tsl/framework/bfc_allocator.cc:1100] InUse at 7e16ec699f00 of size 2048 next 134
2026-09-04 17:46:43.737281: I external/local_tsl/tsl/framework/bfc_allocator.cc:1100] InUse at 7e16ec69a700 of size 2048 next 135
2026-09-04 17:46:43.737288: I external/local_tsl/tsl/framework/bfc_allocator.cc:1100] InUse at 7e16ec69af00 of size 3840 next 57
2026-09-04 17:46:43.737294: I external/local_tsl/tsl/framework/bfc_allocator.cc:1100] InUse at 7e16ec69be00 of size 18432 next 56
2026-09-04 17:46:43.737301: I external/local_tsl/tsl/framework/bfc_allocator.cc:1100] InUse at 7e16ec6a0600 of size 71680 next 136
2026-09-04 17:46:43.737308: I external/local_tsl/tsl/framework/bfc_allocator.cc:1100] InUse at 7e16ec6b1e00 of size 256 next 141
2026-09-04 17:46:43.737314: I external/local_tsl/tsl/framework/bfc_allocator.cc:1100] InUse at 7e16ec6b1f00 of size 256 next 142
2026-09-04 17:46:43.737321: I external/local_tsl/tsl/framework/bfc_allocator.cc:1100] InUse at 7e16ec6b2000 of size 4096 next 143
2026-09-04 17:46:43.737327: I external/local_tsl/tsl/framework/bfc_allocator.cc:1100] InUse at 7e16ec6b3000 of size 7680 next 132
2026-09-04 17:46:43.737334: I external/local_tsl/tsl/framework/bfc_allocator.cc:1100] InUse at 7e16ec6b4e00 of size 2048 next 264
2026-09-04 17:46:43.737340: I external/local_tsl/tsl/framework/bfc_allocator.cc:1100] InUse at 7e16ec6b5600 of size 4096 next 312
2026-09-04 17:46:43.737347: I external/local_tsl/tsl/framework/bfc_allocator.cc:1100] InUse at 7e16ec6b6600 of size 4096 next 131
2026-09-04 17:46:43.737353: I external/local_tsl/tsl/framework/bfc_allocator.cc:1100] Free  at 7e16ec6b7600 of size 12288 next 144
2026-09-04 17:46:43.737359: I external/local_tsl/tsl/framework/bfc_allocator.cc:1100] InUse at 7e16ec6ba600 of size 256 next 145
2026-09-04 17:46:43.737366: I external/local_tsl/tsl/framework/bfc_allocator.cc:1100] InUse at 7e16ec6ba700 of size 256 next 148
2026-09-04 17:46:43.737372: I external/local_tsl/tsl/framework/bfc_allocator.cc:1100] InUse at 7e16ec6ba800 of size 4096 next 149
2026-09-04 17:46:43.737379: I external/local_tsl/tsl/framework/bfc_allocator.cc:1100] InUse at 7e16ec6bb800 of size 4096 next 150
2026-09-04 17:46:43.737385: I external/local_tsl/tsl/framework/bfc_allocator.cc:1100] InUse at 7e16ec6bc800 of size 18432 next 299
2026-09-04 17:46:43.737391: I external/local_tsl/tsl/framework/bfc_allocator.cc:1100] InUse at 7e16ec6c1000 of size 36864 next 261
2026-09-04 17:46:43.737398: I external/local_tsl/tsl/framework/bfc_allocator.cc:1100] Free  at 7e16ec6ca000 of size 138752 next 67
2026-09-04 17:46:43.737404: I external/local_tsl/tsl/framework/bfc_allocator.cc:1100] InUse at 7e16ec6ebe00 of size 36864 next 153
2026-09-04 17:46:43.737411: I external/local_tsl/tsl/framework/bfc_allocator.cc:1100] InUse at 7e16ec6f4e00 of size 256 next 227
2026-09-04 17:46:43.737417: I external/local_tsl/tsl/framework/bfc_allocator.cc:1100] InUse at 7e16ec6f4f00 of size 256 next 169
2026-09-04 17:46:43.737423: I external/local_tsl/tsl/framework/bfc_allocator.cc:1100] InUse at 7e16ec6f5000 of size 256 next 248
2026-09-04 17:46:43.737430: I external/local_tsl/tsl/framework/bfc_allocator.cc:1100] InUse at 7e16ec6f5100 of size 256 next 249
2026-09-04 17:46:43.737436: I external/local_tsl/tsl/framework/bfc_allocator.cc:1100] InUse at 7e16ec6f5200 of size 256 next 225
2026-09-04 17:46:43.737442: I external/local_tsl/tsl/framework/bfc_allocator.cc:1100] InUse at 7e16ec6f5300 of size 256 next 219
2026-09-04 17:46:43.737452: I external/local_tsl/tsl/framework/bfc_allocator.cc:1100] InUse at 7e16ec6f5400 of size 256 next 178
2026-09-04 17:46:43.737459: I external/local_tsl/tsl/framework/bfc_allocator.cc:1100] InUse at 7e16ec6f5500 of size 256 next 223
2026-09-04 17:46:43.737465: I external/local_tsl/tsl/framework/bfc_allocator.cc:1100] InUse at 7e16ec6f5600 of size 256 next 210
2026-09-04 17:46:43.737472: I external/local_tsl/tsl/framework/bfc_allocator.cc:1100] InUse at 7e16ec6f5700 of size 256 next 247
2026-09-04 17:46:43.737478: I external/local_tsl/tsl/framework/bfc_allocator.cc:1100] InUse at 7e16ec6f5800 of size 256 next 239
2026-09-04 17:46:43.737484: I external/local_tsl/tsl/framework/bfc_allocator.cc:1100] InUse at 7e16ec6f5900 of size 256 next 240
2026-09-04 17:46:43.737491: I external/local_tsl/tsl/framework/bfc_allocator.cc:1100] InUse at 7e16ec6f5a00 of size 256 next 254
2026-09-04 17:46:43.737497: I external/local_tsl/tsl/framework/bfc_allocator.cc:1100] InUse at 7e16ec6f5b00 of size 256 next 220
2026-09-04 17:46:43.737503: I external/local_tsl/tsl/framework/bfc_allocator.cc:1100] InUse at 7e16ec6f5c00 of size 256 next 251
2026-09-04 17:46:43.737510: I external/local_tsl/tsl/framework/bfc_allocator.cc:1100] InUse at 7e16ec6f5d00 of size 256 next 252
2026-09-04 17:46:43.737516: I external/local_tsl/tsl/framework/bfc_allocator.cc:1100] InUse at 7e16ec6f5e00 of size 256 next 209
2026-09-04 17:46:43.737522: I external/local_tsl/tsl/framework/bfc_allocator.cc:1100] InUse at 7e16ec6f5f00 of size 256 next 267
2026-09-04 17:46:43.737528: I external/local_tsl/tsl/framework/bfc_allocator.cc:1100] InUse at 7e16ec6f6000 of size 256 next 256
2026-09-04 17:46:43.737535: I external/local_tsl/tsl/framework/bfc_allocator.cc:1100] InUse at 7e16ec6f6100 of size 256 next 269
2026-09-04 17:46:43.737541: I external/local_tsl/tsl/framework/bfc_allocator.cc:1100] InUse at 7e16ec6f6200 of size 256 next 262
2026-09-04 17:46:43.737547: I external/local_tsl/tsl/framework/bfc_allocator.cc:1100] InUse at 7e16ec6f6300 of size 256 next 246
2026-09-04 17:46:43.737554: I external/local_tsl/tsl/framework/bfc_allocator.cc:1100] InUse at 7e16ec6f6400 of size 256 next 259
2026-09-04 17:46:43.737560: I external/local_tsl/tsl/framework/bfc_allocator.cc:1100] InUse at 7e16ec6f6500 of size 256 next 257
2026-09-04 17:46:43.737566: I external/local_tsl/tsl/framework/bfc_allocator.cc:1100] InUse at 7e16ec6f6600 of size 256 next 255
2026-09-04 17:46:43.737573: I external/local_tsl/tsl/framework/bfc_allocator.cc:1100] InUse at 7e16ec6f6700 of size 256 next 275
2026-09-04 17:46:43.737579: I external/local_tsl/tsl/framework/bfc_allocator.cc:1100] InUse at 7e16ec6f6800 of size 256 next 214
2026-09-04 17:46:43.737586: I external/local_tsl/tsl/framework/bfc_allocator.cc:1100] InUse at 7e16ec6f6900 of size 256 next 258
2026-09-04 17:46:43.737592: I external/local_tsl/tsl/framework/bfc_allocator.cc:1100] InUse at 7e16ec6f6a00 of size 256 next 268
2026-09-04 17:46:43.737598: I external/local_tsl/tsl/framework/bfc_allocator.cc:1100] InUse at 7e16ec6f6b00 of size 256 next 250
2026-09-04 17:46:43.737605: I external/local_tsl/tsl/framework/bfc_allocator.cc:1100] InUse at 7e16ec6f6c00 of size 256 next 280
2026-09-04 17:46:43.737611: I external/local_tsl/tsl/framework/bfc_allocator.cc:1100] InUse at 7e16ec6f6d00 of size 256 next 271
2026-09-04 17:46:43.737617: I external/local_tsl/tsl/framework/bfc_allocator.cc:1100] InUse at 7e16ec6f6e00 of size 256 next 266
2026-09-04 17:46:43.737624: I external/local_tsl/tsl/framework/bfc_allocator.cc:1100] InUse at 7e16ec6f6f00 of size 256 next 273
2026-09-04 17:46:43.737630: I external/local_tsl/tsl/framework/bfc_allocator.cc:1100] InUse at 7e16ec6f7000 of size 256 next 253
2026-09-04 17:46:43.737637: I external/local_tsl/tsl/framework/bfc_allocator.cc:1100] InUse at 7e16ec6f7100 of size 256 next 278
2026-09-04 17:46:43.737643: I external/local_tsl/tsl/framework/bfc_allocator.cc:1100] InUse at 7e16ec6f7200 of size 256 next 231
2026-09-04 17:46:43.737652: I external/local_tsl/tsl/framework/bfc_allocator.cc:1100] InUse at 7e16ec6f7300 of size 256 next 270
2026-09-04 17:46:43.737659: I external/local_tsl/tsl/framework/bfc_allocator.cc:1100] InUse at 7e16ec6f7400 of size 256 next 284
2026-09-04 17:46:43.737665: I external/local_tsl/tsl/framework/bfc_allocator.cc:1100] InUse at 7e16ec6f7500 of size 256 next 285
2026-09-04 17:46:43.737672: I external/local_tsl/tsl/framework/bfc_allocator.cc:1100] InUse at 7e16ec6f7600 of size 256 next 286
2026-09-04 17:46:43.737678: I external/local_tsl/tsl/framework/bfc_allocator.cc:1100] InUse at 7e16ec6f7700 of size 256 next 287
2026-09-04 17:46:43.737684: I external/local_tsl/tsl/framework/bfc_allocator.cc:1100] InUse at 7e16ec6f7800 of size 256 next 288
2026-09-04 17:46:43.737691: I external/local_tsl/tsl/framework/bfc_allocator.cc:1100] InUse at 7e16ec6f7900 of size 256 next 289
2026-09-04 17:46:43.737697: I external/local_tsl/tsl/framework/bfc_allocator.cc:1100] InUse at 7e16ec6f7a00 of size 256 next 290
2026-09-04 17:46:43.737703: I external/local_tsl/tsl/framework/bfc_allocator.cc:1100] InUse at 7e16ec6f7b00 of size 256 next 291
2026-09-04 17:46:43.737710: I external/local_tsl/tsl/framework/bfc_allocator.cc:1100] InUse at 7e16ec6f7c00 of size 256 next 292
2026-09-04 17:46:43.737716: I external/local_tsl/tsl/framework/bfc_allocator.cc:1100] InUse at 7e16ec6f7d00 of size 256 next 293
2026-09-04 17:46:43.737722: I external/local_tsl/tsl/framework/bfc_allocator.cc:1100] InUse at 7e16ec6f7e00 of size 256 next 294
2026-09-04 17:46:43.737729: I external/local_tsl/tsl/framework/bfc_allocator.cc:1100] InUse at 7e16ec6f7f00 of size 256 next 260
2026-09-04 17:46:43.737735: I external/local_tsl/tsl/framework/bfc_allocator.cc:1100] InUse at 7e16ec6f8000 of size 256 next 283
2026-09-04 17:46:43.737741: I external/local_tsl/tsl/framework/bfc_allocator.cc:1100] InUse at 7e16ec6f8100 of size 256 next 297
2026-09-04 17:46:43.737748: I external/local_tsl/tsl/framework/bfc_allocator.cc:1100] InUse at 7e16ec6f8200 of size 256 next 282
2026-09-04 17:46:43.737754: I external/local_tsl/tsl/framework/bfc_allocator.cc:1100] InUse at 7e16ec6f8300 of size 256 next 243
2026-09-04 17:46:43.737761: I external/local_tsl/tsl/framework/bfc_allocator.cc:1100] InUse at 7e16ec6f8400 of size 256 next 263
2026-09-04 17:46:43.737767: I external/local_tsl/tsl/framework/bfc_allocator.cc:1100] InUse at 7e16ec6f8500 of size 256 next 295
2026-09-04 17:46:43.737773: I external/local_tsl/tsl/framework/bfc_allocator.cc:1100] InUse at 7e16ec6f8600 of size 256 next 300
2026-09-04 17:46:43.737780: I external/local_tsl/tsl/framework/bfc_allocator.cc:1100] InUse at 7e16ec6f8700 of size 256 next 245
2026-09-04 17:46:43.737786: I external/local_tsl/tsl/framework/bfc_allocator.cc:1100] InUse at 7e16ec6f8800 of size 256 next 303
2026-09-04 17:46:43.737792: I external/local_tsl/tsl/framework/bfc_allocator.cc:1100] InUse at 7e16ec6f8900 of size 256 next 307
2026-09-04 17:46:43.737799: I external/local_tsl/tsl/framework/bfc_allocator.cc:1100] InUse at 7e16ec6f8a00 of size 256 next 215
2026-09-04 17:46:43.737805: I external/local_tsl/tsl/framework/bfc_allocator.cc:1100] InUse at 7e16ec6f8b00 of size 256 next 244
2026-09-04 17:46:43.737811: I external/local_tsl/tsl/framework/bfc_allocator.cc:1100] InUse at 7e16ec6f8c00 of size 256 next 298
2026-09-04 17:46:43.737818: I external/local_tsl/tsl/framework/bfc_allocator.cc:1100] Free  at 7e16ec6f8d00 of size 512 next 304
2026-09-04 17:46:43.737830: I external/local_tsl/tsl/framework/bfc_allocator.cc:1100] InUse at 7e16ec6f8f00 of size 256 next 310
2026-09-04 17:46:43.737838: I external/local_tsl/tsl/framework/bfc_allocator.cc:1100] InUse at 7e16ec6f9000 of size 256 next 309
2026-09-04 17:46:43.737844: I external/local_tsl/tsl/framework/bfc_allocator.cc:1100] InUse at 7e16ec6f9100 of size 256 next 311
2026-09-04 17:46:43.737850: I external/local_tsl/tsl/framework/bfc_allocator.cc:1100] InUse at 7e16ec6f9200 of size 256 next 306
2026-09-04 17:46:43.737856: I external/local_tsl/tsl/framework/bfc_allocator.cc:1100] Free  at 7e16ec6f9300 of size 768 next 166
2026-09-04 17:46:43.737866: I external/local_tsl/tsl/framework/bfc_allocator.cc:1100] InUse at 7e16ec6f9600 of size 18432 next 152
2026-09-04 17:46:43.737873: I external/local_tsl/tsl/framework/bfc_allocator.cc:1100] InUse at 7e16ec6fde00 of size 65536 next 164
2026-09-04 17:46:43.737880: I external/local_tsl/tsl/framework/bfc_allocator.cc:1100] InUse at 7e16ec70de00 of size 131072 next 59
2026-09-04 17:46:43.737887: I external/local_tsl/tsl/framework/bfc_allocator.cc:1100] Free  at 7e16ec72de00 of size 69632 next 91
2026-09-04 17:46:43.737893: I external/local_tsl/tsl/framework/bfc_allocator.cc:1100] InUse at 7e16ec73ee00 of size 18432 next 182
2026-09-04 17:46:43.737899: I external/local_tsl/tsl/framework/bfc_allocator.cc:1100] InUse at 7e16ec743600 of size 36864 next 185
2026-09-04 17:46:43.737906: I external/local_tsl/tsl/framework/bfc_allocator.cc:1100] InUse at 7e16ec74c600 of size 36864 next 186
2026-09-04 17:46:43.737912: I external/local_tsl/tsl/framework/bfc_allocator.cc:1100] InUse at 7e16ec755600 of size 69632 next 189
2026-09-04 17:46:43.737919: I external/local_tsl/tsl/framework/bfc_allocator.cc:1100] InUse at 7e16ec766600 of size 69632 next 190
2026-09-04 17:46:43.737925: I external/local_tsl/tsl/framework/bfc_allocator.cc:1100] Free  at 7e16ec777600 of size 215040 next 81
2026-09-04 17:46:43.737932: I external/local_tsl/tsl/framework/bfc_allocator.cc:1100] InUse at 7e16ec7abe00 of size 262144 next 165
2026-09-04 17:46:43.737938: I external/local_tsl/tsl/framework/bfc_allocator.cc:1100] Free  at 7e16ec7ebe00 of size 786432 next 90
2026-09-04 17:46:43.737945: I external/local_tsl/tsl/framework/bfc_allocator.cc:1100] InUse at 7e16ec8abe00 of size 524288 next 82
2026-09-04 17:46:43.737952: I external/local_tsl/tsl/framework/bfc_allocator.cc:1100] InUse at 7e16ec92be00 of size 1572864 next 105
2026-09-04 17:46:43.737959: I external/local_tsl/tsl/framework/bfc_allocator.cc:1100] InUse at 7e16ecaabe00 of size 1048576 next 104
2026-09-04 17:46:43.737965: I external/local_tsl/tsl/framework/bfc_allocator.cc:1100] InUse at 7e16ecbabe00 of size 1048576 next 112
2026-09-04 17:46:43.737972: I external/local_tsl/tsl/framework/bfc_allocator.cc:1100] InUse at 7e16eccabe00 of size 1048576 next 121
2026-09-04 17:46:43.737978: I external/local_tsl/tsl/framework/bfc_allocator.cc:1100] InUse at 7e16ecdabe00 of size 1048576 next 128
2026-09-04 17:46:43.737984: I external/local_tsl/tsl/framework/bfc_allocator.cc:1100] Free  at 7e16eceabe00 of size 7340032 next 140
2026-09-04 17:46:43.737991: I external/local_tsl/tsl/framework/bfc_allocator.cc:1100] InUse at 7e16ed5abe00 of size 2097152 next 272
2026-09-04 17:46:43.737998: I external/local_tsl/tsl/framework/bfc_allocator.cc:1100] InUse at 7e16ed7abe00 of size 4194304 next 305
2026-09-04 17:46:43.738004: I external/local_tsl/tsl/framework/bfc_allocator.cc:1100] Free  at 7e16edbabe00 of size 285357824 next 180
2026-09-04 17:46:43.738011: I external/local_tsl/tsl/framework/bfc_allocator.cc:1100] InUse at 7e16febcf500 of size 2097152 next 183
2026-09-04 17:46:43.738017: I external/local_tsl/tsl/framework/bfc_allocator.cc:1100] InUse at 7e16fedcf500 of size 2097152 next 184
2026-09-04 17:46:43.738024: I external/local_tsl/tsl/framework/bfc_allocator.cc:1100] InUse at 7e16fefcf500 of size 4194304 next 187
2026-09-04 17:46:43.738030: I external/local_tsl/tsl/framework/bfc_allocator.cc:1100] InUse at 7e16ff3cf500 of size 4194304 next 188
2026-09-04 17:46:43.738036: I external/local_tsl/tsl/framework/bfc_allocator.cc:1100] Free  at 7e16ff7cf500 of size 295897856 next 18446744073709551615
2026-09-04 17:46:43.738043: I external/local_tsl/tsl/framework/bfc_allocator.cc:1105]      Summary of in-use Chunks by size: 
2026-09-04 17:46:43.738051: I external/local_tsl/tsl/framework/bfc_allocator.cc:1108] 171 Chunks of size 256 totalling 42.8KiB
2026-09-04 17:46:43.738058: I external/local_tsl/tsl/framework/bfc_allocator.cc:1108] 11 Chunks of size 512 totalling 5.5KiB
2026-09-04 17:46:43.738064: I external/local_tsl/tsl/framework/bfc_allocator.cc:1108] 1 Chunks of size 768 totalling 768B
2026-09-04 17:46:43.738074: I external/local_tsl/tsl/framework/bfc_allocator.cc:1108] 11 Chunks of size 1024 totalling 11.0KiB
2026-09-04 17:46:43.738081: I external/local_tsl/tsl/framework/bfc_allocator.cc:1108] 4 Chunks of size 1280 totalling 5.0KiB
2026-09-04 17:46:43.738088: I external/local_tsl/tsl/framework/bfc_allocator.cc:1108] 32 Chunks of size 2048 totalling 64.0KiB
2026-09-04 17:46:43.738094: I external/local_tsl/tsl/framework/bfc_allocator.cc:1108] 3 Chunks of size 2304 totalling 6.8KiB
2026-09-04 17:46:43.738100: I external/local_tsl/tsl/framework/bfc_allocator.cc:1108] 1 Chunks of size 3072 totalling 3.0KiB
2026-09-04 17:46:43.738107: I external/local_tsl/tsl/framework/bfc_allocator.cc:1108] 1 Chunks of size 3840 totalling 3.8KiB
2026-09-04 17:46:43.738113: I external/local_tsl/tsl/framework/bfc_allocator.cc:1108] 8 Chunks of size 4096 totalling 32.0KiB
2026-09-04 17:46:43.738120: I external/local_tsl/tsl/framework/bfc_allocator.cc:1108] 1 Chunks of size 4608 totalling 4.5KiB
2026-09-04 17:46:43.738126: I external/local_tsl/tsl/framework/bfc_allocator.cc:1108] 1 Chunks of size 5888 totalling 5.8KiB
2026-09-04 17:46:43.738133: I external/local_tsl/tsl/framework/bfc_allocator.cc:1108] 1 Chunks of size 7680 totalling 7.5KiB
2026-09-04 17:46:43.738139: I external/local_tsl/tsl/framework/bfc_allocator.cc:1108] 2 Chunks of size 9216 totalling 18.0KiB
2026-09-04 17:46:43.738146: I external/local_tsl/tsl/framework/bfc_allocator.cc:1108] 1 Chunks of size 11264 totalling 11.0KiB
2026-09-04 17:46:43.738153: I external/local_tsl/tsl/framework/bfc_allocator.cc:1108] 7 Chunks of size 18432 totalling 126.0KiB
2026-09-04 17:46:43.738159: I external/local_tsl/tsl/framework/bfc_allocator.cc:1108] 1 Chunks of size 23552 totalling 23.0KiB
2026-09-04 17:46:43.738166: I external/local_tsl/tsl/framework/bfc_allocator.cc:1108] 4 Chunks of size 36864 totalling 144.0KiB
2026-09-04 17:46:43.738173: I external/local_tsl/tsl/framework/bfc_allocator.cc:1108] 1 Chunks of size 65536 totalling 64.0KiB
2026-09-04 17:46:43.738180: I external/local_tsl/tsl/framework/bfc_allocator.cc:1108] 2 Chunks of size 69632 totalling 136.0KiB
2026-09-04 17:46:43.738186: I external/local_tsl/tsl/framework/bfc_allocator.cc:1108] 1 Chunks of size 71680 totalling 70.0KiB
2026-09-04 17:46:43.738193: I external/local_tsl/tsl/framework/bfc_allocator.cc:1108] 1 Chunks of size 131072 totalling 128.0KiB
2026-09-04 17:46:43.738200: I external/local_tsl/tsl/framework/bfc_allocator.cc:1108] 1 Chunks of size 262144 totalling 256.0KiB
2026-09-04 17:46:43.738208: I external/local_tsl/tsl/framework/bfc_allocator.cc:1108] 1 Chunks of size 320512 totalling 313.0KiB
2026-09-04 17:46:43.738216: I external/local_tsl/tsl/framework/bfc_allocator.cc:1108] 1 Chunks of size 524288 totalling 512.0KiB
2026-09-04 17:46:43.738223: I external/local_tsl/tsl/framework/bfc_allocator.cc:1108] 4 Chunks of size 1048576 totalling 4.00MiB
2026-09-04 17:46:43.738230: I external/local_tsl/tsl/framework/bfc_allocator.cc:1108] 1 Chunks of size 1572864 totalling 1.50MiB
2026-09-04 17:46:43.738238: I external/local_tsl/tsl/framework/bfc_allocator.cc:1108] 3 Chunks of size 2097152 totalling 6.00MiB
2026-09-04 17:46:43.738245: I external/local_tsl/tsl/framework/bfc_allocator.cc:1108] 3 Chunks of size 4194304 totalling 12.00MiB
2026-09-04 17:46:43.738252: I external/local_tsl/tsl/framework/bfc_allocator.cc:1108] 1 Chunks of size 4697856 totalling 4.48MiB
2026-09-04 17:46:43.738260: I external/local_tsl/tsl/framework/bfc_allocator.cc:1108] 1 Chunks of size 115802112 totalling 110.44MiB
2026-09-04 17:46:43.738267: I external/local_tsl/tsl/framework/bfc_allocator.cc:1108] 1 Chunks of size 1697783808 totalling 1.58GiB
2026-09-04 17:46:43.738275: I external/local_tsl/tsl/framework/bfc_allocator.cc:1112] Sum Total of in-use chunks: 1.72GiB
2026-09-04 17:46:43.738281: I external/local_tsl/tsl/framework/bfc_allocator.cc:1114] Total bytes in pool: 2434793472 memory_limit_: 2434793472 available bytes: 0 curr_region_allocation_bytes_: 4869586944
2026-09-04 17:46:43.738291: I external/local_tsl/tsl/framework/bfc_allocator.cc:1119] Stats: 
Limit:                      2434793472
InUse:                      1844966400
MaxInUse:                   2167070976
NumAllocs:                       76713
MaxAllocSize:               1697783808
Reserved:                            0
PeakReserved:                        0
LargestFreeBlock:                    0

2026-09-04 17:46:43.738314: W external/local_tsl/tsl/framework/bfc_allocator.cc:499] ****************************************************************************___________*____________
Traceback (most recent call last):
  File "/home/luke/projects/buzzdetect-training/.local/worktrees/trunk-ft-restore-sens/03_train/main.py", line 52, in <module>
    train_set(
  File "/home/luke/projects/buzzdetect-training/.local/worktrees/trunk-ft-restore-sens/03_train/train.py", line 510, in train_set
    data = _load_data(setname, embeddername, folds_train, name_translation,
           ^^^^^^^^^^^^^^^^^^^^^^^^^^^^^^^^^^^^^^^^^^^^^^^^^^^^^^^^^^^^^^^^
  File "/home/luke/projects/buzzdetect-training/.local/worktrees/trunk-ft-restore-sens/03_train/train.py", line 141, in _load_data
    train_tf=_to_tf(data_train, size_batch, size_shuffle),
             ^^^^^^^^^^^^^^^^^^^^^^^^^^^^^^^^^^^^^^^^^^^^
  File "/home/luke/projects/buzzdetect-training/.local/worktrees/trunk-ft-restore-sens/03_train/train.py", line 69, in _to_tf
    ds = tf.data.Dataset.from_tensor_slices((emb_np, tgt_np))
         ^^^^^^^^^^^^^^^^^^^^^^^^^^^^^^^^^^^^^^^^^^^^^^^^^^^^
  File "/home/luke/anaconda3/envs/buzzdetect-train/lib/python3.12/site-packages/tensorflow/python/data/ops/dataset_ops.py", line 826, in from_tensor_slices
    return from_tensor_slices_op._from_tensor_slices(tensors, name)
           ^^^^^^^^^^^^^^^^^^^^^^^^^^^^^^^^^^^^^^^^^^^^^^^^^^^^^^^^
  File "/home/luke/anaconda3/envs/buzzdetect-train/lib/python3.12/site-packages/tensorflow/python/data/ops/from_tensor_slices_op.py", line 25, in _from_tensor_slices
    return _TensorSliceDataset(tensors, name=name)
           ^^^^^^^^^^^^^^^^^^^^^^^^^^^^^^^^^^^^^^^
  File "/home/luke/anaconda3/envs/buzzdetect-train/lib/python3.12/site-packages/tensorflow/python/data/ops/from_tensor_slices_op.py", line 33, in __init__
    element = structure.normalize_element(element)
              ^^^^^^^^^^^^^^^^^^^^^^^^^^^^^^^^^^^^
  File "/home/luke/anaconda3/envs/buzzdetect-train/lib/python3.12/site-packages/tensorflow/python/data/util/structure.py", line 134, in normalize_element
    ops.convert_to_tensor(t, name="component_%d" % i, dtype=dtype))
    ^^^^^^^^^^^^^^^^^^^^^^^^^^^^^^^^^^^^^^^^^^^^^^^^^^^^^^^^^^^^^^
  File "/home/luke/anaconda3/envs/buzzdetect-train/lib/python3.12/site-packages/tensorflow/python/profiler/trace.py", line 183, in wrapped
    return func(*args, **kwargs)
           ^^^^^^^^^^^^^^^^^^^^^
  File "/home/luke/anaconda3/envs/buzzdetect-train/lib/python3.12/site-packages/tensorflow/python/framework/ops.py", line 713, in convert_to_tensor
    return tensor_conversion_registry.convert(
           ^^^^^^^^^^^^^^^^^^^^^^^^^^^^^^^^^^^
  File "/home/luke/anaconda3/envs/buzzdetect-train/lib/python3.12/site-packages/tensorflow/python/framework/tensor_conversion_registry.py", line 234, in convert
    ret = conversion_func(value, dtype=dtype, name=name, as_ref=as_ref)
          ^^^^^^^^^^^^^^^^^^^^^^^^^^^^^^^^^^^^^^^^^^^^^^^^^^^^^^^^^^^^^
  File "/home/luke/anaconda3/envs/buzzdetect-train/lib/python3.12/site-packages/tensorflow/python/framework/constant_tensor_conversion.py", line 29, in _constant_tensor_conversion_function
    return constant_op.constant(v, dtype=dtype, name=name)
           ^^^^^^^^^^^^^^^^^^^^^^^^^^^^^^^^^^^^^^^^^^^^^^^
  File "/home/luke/anaconda3/envs/buzzdetect-train/lib/python3.12/site-packages/tensorflow/python/ops/weak_tensor_ops.py", line 142, in wrapper
    return op(*args, **kwargs)
           ^^^^^^^^^^^^^^^^^^^
  File "/home/luke/anaconda3/envs/buzzdetect-train/lib/python3.12/site-packages/tensorflow/python/framework/constant_op.py", line 276, in constant
    return _constant_impl(value, dtype, shape, name, verify_shape=False,
           ^^^^^^^^^^^^^^^^^^^^^^^^^^^^^^^^^^^^^^^^^^^^^^^^^^^^^^^^^^^^^
  File "/home/luke/anaconda3/envs/buzzdetect-train/lib/python3.12/site-packages/tensorflow/python/framework/constant_op.py", line 289, in _constant_impl
    return _constant_eager_impl(ctx, value, dtype, shape, verify_shape)
           ^^^^^^^^^^^^^^^^^^^^^^^^^^^^^^^^^^^^^^^^^^^^^^^^^^^^^^^^^^^^
  File "/home/luke/anaconda3/envs/buzzdetect-train/lib/python3.12/site-packages/tensorflow/python/framework/constant_op.py", line 301, in _constant_eager_impl
    t = convert_to_eager_tensor(value, ctx, dtype)
        ^^^^^^^^^^^^^^^^^^^^^^^^^^^^^^^^^^^^^^^^^^
  File "/home/luke/anaconda3/envs/buzzdetect-train/lib/python3.12/site-packages/tensorflow/python/framework/constant_op.py", line 108, in convert_to_eager_tensor
    return ops.EagerTensor(value, ctx.device_name, dtype)
           ^^^^^^^^^^^^^^^^^^^^^^^^^^^^^^^^^^^^^^^^^^^^^^
tensorflow.python.framework.errors_impl.InternalError: Failed copying input tensor from /job:localhost/replica:0/task:0/device:CPU:0 to /job:localhost/replica:0/task:0/device:GPU:0 in order to run _EagerConst: Dst tensor is not initialized.
=== attempt 2 exited rc=1 ===
=== attempt 3 2026-09-04_17:46:45 ===
2026-09-04 17:46:45.580518: E external/local_xla/xla/stream_executor/cuda/cuda_fft.cc:479] Unable to register cuFFT factory: Attempting to register factory for plugin cuFFT when one has already been registered
2026-09-04 17:46:45.604034: E external/local_xla/xla/stream_executor/cuda/cuda_dnn.cc:10575] Unable to register cuDNN factory: Attempting to register factory for plugin cuDNN when one has already been registered
2026-09-04 17:46:45.604102: E external/local_xla/xla/stream_executor/cuda/cuda_blas.cc:1442] Unable to register cuBLAS factory: Attempting to register factory for plugin cuBLAS when one has already been registered
2026-09-04 17:46:46.470196: W tensorflow/compiler/tf2tensorrt/utils/py_utils.cc:38] TF-TRT Warning: Could not find TensorRT
[trunk_ft_restore_sens] set medium, embedder yamnet_trunk, translation general: 11 rotating fold(s), 311 train-only, 0 holdout
[1/11] JamesU - MustardBumbler/1_29: already trained; skipping
[2/11] Lily - Fit+Fast/2023_R3_Marysville/53: already trained; skipping
/home/luke/projects/buzzdetect-training/.local/worktrees/trunk-ft-restore-sens/03_train/dataset.py:130: UserWarning: all 1 embedding file(s) under /home/luke/projects/buzzdetect-training/.local/worktrees/trunk-ft-restore-sens/02_set/sets/medium/embeddings/yamnet_trunk/raw/Luke - External Data Sources/InsectSound1000/Coccinella_septempunctata/2023419-16-19/000020 were dropped by the translation; raw label(s) present: ['EXCLUDE']
  warnings.warn(
/home/luke/projects/buzzdetect-training/.local/worktrees/trunk-ft-restore-sens/03_train/dataset.py:130: UserWarning: all 1 embedding file(s) under /home/luke/projects/buzzdetect-training/.local/worktrees/trunk-ft-restore-sens/02_set/sets/medium/embeddings/yamnet_trunk/raw/Luke - External Data Sources/InsectSound1000/Nezara_viridula/2022511-18-10/000018 were dropped by the translation; raw label(s) present: ['EXCLUDE']
  warnings.warn(
/home/luke/projects/buzzdetect-training/.local/worktrees/trunk-ft-restore-sens/03_train/dataset.py:130: UserWarning: all 2 embedding file(s) under /home/luke/projects/buzzdetect-training/.local/worktrees/trunk-ft-restore-sens/02_set/sets/medium/embeddings/yamnet_trunk/raw/Luke - External Data Sources/InsectSound1000/Nezara_viridula/2022511-18-10/000025 were dropped by the translation; raw label(s) present: ['EXCLUDE']
  warnings.warn(
/home/luke/projects/buzzdetect-training/.local/worktrees/trunk-ft-restore-sens/03_train/dataset.py:130: UserWarning: all 1 embedding file(s) under /home/luke/projects/buzzdetect-training/.local/worktrees/trunk-ft-restore-sens/02_set/sets/medium/embeddings/yamnet_trunk/raw/Luke - External Data Sources/InsectSound1000/Nezara_viridula/2022511-18-10/000032 were dropped by the translation; raw label(s) present: ['EXCLUDE']
  warnings.warn(
2026-09-04 17:46:58.919864: I external/local_xla/xla/stream_executor/cuda/cuda_executor.cc:998] successful NUMA node read from SysFS had negative value (-1), but there must be at least one NUMA node, so returning NUMA node zero. See more at https://github.com/torvalds/linux/blob/v6.0/Documentation/ABI/testing/sysfs-bus-pci#L344-L355
2026-09-04 17:46:58.958806: I external/local_xla/xla/stream_executor/cuda/cuda_executor.cc:998] successful NUMA node read from SysFS had negative value (-1), but there must be at least one NUMA node, so returning NUMA node zero. See more at https://github.com/torvalds/linux/blob/v6.0/Documentation/ABI/testing/sysfs-bus-pci#L344-L355
2026-09-04 17:46:58.961056: I external/local_xla/xla/stream_executor/cuda/cuda_executor.cc:998] successful NUMA node read from SysFS had negative value (-1), but there must be at least one NUMA node, so returning NUMA node zero. See more at https://github.com/torvalds/linux/blob/v6.0/Documentation/ABI/testing/sysfs-bus-pci#L344-L355
2026-09-04 17:46:58.963934: I external/local_xla/xla/stream_executor/cuda/cuda_executor.cc:998] successful NUMA node read from SysFS had negative value (-1), but there must be at least one NUMA node, so returning NUMA node zero. See more at https://github.com/torvalds/linux/blob/v6.0/Documentation/ABI/testing/sysfs-bus-pci#L344-L355
2026-09-04 17:46:58.965920: I external/local_xla/xla/stream_executor/cuda/cuda_executor.cc:998] successful NUMA node read from SysFS had negative value (-1), but there must be at least one NUMA node, so returning NUMA node zero. See more at https://github.com/torvalds/linux/blob/v6.0/Documentation/ABI/testing/sysfs-bus-pci#L344-L355
2026-09-04 17:46:58.967904: I external/local_xla/xla/stream_executor/cuda/cuda_executor.cc:998] successful NUMA node read from SysFS had negative value (-1), but there must be at least one NUMA node, so returning NUMA node zero. See more at https://github.com/torvalds/linux/blob/v6.0/Documentation/ABI/testing/sysfs-bus-pci#L344-L355
2026-09-04 17:46:59.126477: I external/local_xla/xla/stream_executor/cuda/cuda_executor.cc:998] successful NUMA node read from SysFS had negative value (-1), but there must be at least one NUMA node, so returning NUMA node zero. See more at https://github.com/torvalds/linux/blob/v6.0/Documentation/ABI/testing/sysfs-bus-pci#L344-L355
2026-09-04 17:46:59.127541: I external/local_xla/xla/stream_executor/cuda/cuda_executor.cc:998] successful NUMA node read from SysFS had negative value (-1), but there must be at least one NUMA node, so returning NUMA node zero. See more at https://github.com/torvalds/linux/blob/v6.0/Documentation/ABI/testing/sysfs-bus-pci#L344-L355
2026-09-04 17:46:59.128517: I external/local_xla/xla/stream_executor/cuda/cuda_executor.cc:998] successful NUMA node read from SysFS had negative value (-1), but there must be at least one NUMA node, so returning NUMA node zero. See more at https://github.com/torvalds/linux/blob/v6.0/Documentation/ABI/testing/sysfs-bus-pci#L344-L355
2026-09-04 17:46:59.129637: I tensorflow/core/common_runtime/gpu/gpu_device.cc:1928] Created device /job:localhost/replica:0/task:0/device:GPU:0 with 2322 MB memory:  -> device: 0, name: NVIDIA GeForce GTX 1650, pci bus id: 0000:01:00.0, compute capability: 7.5
2026-09-04 17:46:59.130876: W external/local_tsl/tsl/framework/cpu_allocator_impl.cc:83] Allocation of 1697341440 exceeds 10% of free system memory.
2026-09-04 17:47:00.364421: W external/local_tsl/tsl/framework/cpu_allocator_impl.cc:83] Allocation of 1697341440 exceeds 10% of free system memory.
[trunk_ft_restore_sens_foldLily Adam - One Hive/recorders/willard/2024-08-07/1_11] training on 321 fold(s), 69065 frames; early stopping on Lily Adam - One Hive/recorders/willard/2024-08-07/1_11 (4730 frames)...
/home/luke/anaconda3/envs/buzzdetect-train/lib/python3.12/site-packages/keras/src/trainers/epoch_iterator.py:74: UserWarning: `shuffle=True` was passed, but will be ignored since the data `x` was provided as a tf.data.Dataset. The Dataset is expected to already be shuffled (via `.shuffle(buffer_size)`).
  self.data_adapter = data_adapters.get_data_adapter(
Epoch 1/400
2026-09-04 17:47:03.082627: W external/local_tsl/tsl/framework/cpu_allocator_impl.cc:83] Allocation of 1697341440 exceeds 10% of free system memory.
WARNING: All log messages before absl::InitializeLog() is called are written to STDERR
I0000 00:00:1788558425.245122 1329147 service.cc:145] XLA service 0x78393428f560 initialized for platform CUDA (this does not guarantee that XLA will be used). Devices:
I0000 00:00:1788558425.245229 1329147 service.cc:153]   StreamExecutor device (0): NVIDIA GeForce GTX 1650, Compute Capability 7.5
2026-09-04 17:47:05.388965: I tensorflow/compiler/mlir/tensorflow/utils/dump_mlir_util.cc:268] disabling MLIR crash reproducer, set env var `MLIR_CRASH_REPRODUCER_DIRECTORY` to enable.
2026-09-04 17:47:05.634667: I external/local_xla/xla/stream_executor/cuda/cuda_dnn.cc:465] Loaded cuDNN version 8907
2026-09-04 17:47:06.851755: W external/local_tsl/tsl/framework/bfc_allocator.cc:296] Allocator (GPU_0_bfc) ran out of memory trying to allocate 696.00MiB with freed_by_count=0. The caller indicates that this is not a failure, but this may mean that there could be performance gains if more memory were available.
2026-09-04 17:47:06.851840: W external/local_tsl/tsl/framework/bfc_allocator.cc:296] Allocator (GPU_0_bfc) ran out of memory trying to allocate 2.27GiB with freed_by_count=0. The caller indicates that this is not a failure, but this may mean that there could be performance gains if more memory were available.
2026-09-04 17:47:08.052021: W external/local_tsl/tsl/framework/bfc_allocator.cc:296] Allocator (GPU_0_bfc) ran out of memory trying to allocate 968.00MiB with freed_by_count=0. The caller indicates that this is not a failure, but this may mean that there could be performance gains if more memory were available.
2026-09-04 17:47:08.052092: W external/local_tsl/tsl/framework/bfc_allocator.cc:296] Allocator (GPU_0_bfc) ran out of memory trying to allocate 4.52GiB with freed_by_count=0. The caller indicates that this is not a failure, but this may mean that there could be performance gains if more memory were available.
2026-09-04 17:47:08.440728: W external/local_tsl/tsl/framework/bfc_allocator.cc:296] Allocator (GPU_0_bfc) ran out of memory trying to allocate 696.00MiB with freed_by_count=0. The caller indicates that this is not a failure, but this may mean that there could be performance gains if more memory were available.
2026-09-04 17:47:08.440784: W external/local_tsl/tsl/framework/bfc_allocator.cc:296] Allocator (GPU_0_bfc) ran out of memory trying to allocate 3.39GiB with freed_by_count=0. The caller indicates that this is not a failure, but this may mean that there could be performance gains if more memory were available.
2026-09-04 17:47:08.626518: W external/local_tsl/tsl/framework/bfc_allocator.cc:296] Allocator (GPU_0_bfc) ran out of memory trying to allocate 2.02GiB with freed_by_count=0. The caller indicates that this is not a failure, but this may mean that there could be performance gains if more memory were available.
2026-09-04 17:47:08.626588: W external/local_tsl/tsl/framework/bfc_allocator.cc:296] Allocator (GPU_0_bfc) ran out of memory trying to allocate 2.02GiB with freed_by_count=0. The caller indicates that this is not a failure, but this may mean that there could be performance gains if more memory were available.
2026-09-04 17:47:08.626617: W external/local_tsl/tsl/framework/bfc_allocator.cc:296] Allocator (GPU_0_bfc) ran out of memory trying to allocate 2.02GiB with freed_by_count=0. The caller indicates that this is not a failure, but this may mean that there could be performance gains if more memory were available.
2026-09-04 17:47:09.492041: W external/local_tsl/tsl/framework/bfc_allocator.cc:296] Allocator (GPU_0_bfc) ran out of memory trying to allocate 4.02GiB with freed_by_count=0. The caller indicates that this is not a failure, but this may mean that there could be performance gains if more memory were available.
I0000 00:00:1788558432.632308 1329147 device_compiler.h:188] Compiled cluster using XLA!  This line is logged at most once for the lifetime of the process.
68/68 - 21s - 314ms/step - accuracy: 0.1197 - loss: 0.5375 - val_accuracy: 0.1476 - val_loss: 0.4202 - val_sens_fpr0.005: 0.1082
Epoch 2/400
68/68 - 5s - 69ms/step - accuracy: 0.3151 - loss: 0.4199 - val_accuracy: 0.2076 - val_loss: 0.4189 - val_sens_fpr0.005: 0.1775
Epoch 3/400
68/68 - 5s - 70ms/step - accuracy: 0.4173 - loss: 0.4057 - val_accuracy: 0.2427 - val_loss: 0.4158 - val_sens_fpr0.005: 0.1869
Epoch 4/400
68/68 - 5s - 69ms/step - accuracy: 0.4662 - loss: 0.3988 - val_accuracy: 0.2347 - val_loss: 0.4161 - val_sens_fpr0.005: 0.2000
Epoch 5/400
68/68 - 5s - 70ms/step - accuracy: 0.5059 - loss: 0.3943 - val_accuracy: 0.2330 - val_loss: 0.4171 - val_sens_fpr0.005: 0.2131
Epoch 6/400
68/68 - 5s - 70ms/step - accuracy: 0.5313 - loss: 0.3911 - val_accuracy: 0.2254 - val_loss: 0.4171 - val_sens_fpr0.005: 0.2197
Epoch 7/400
68/68 - 5s - 70ms/step - accuracy: 0.5474 - loss: 0.3888 - val_accuracy: 0.2285 - val_loss: 0.4171 - val_sens_fpr0.005: 0.2262
Epoch 8/400
68/68 - 5s - 69ms/step - accuracy: 0.5624 - loss: 0.3868 - val_accuracy: 0.2167 - val_loss: 0.4173 - val_sens_fpr0.005: 0.2393
Epoch 9/400
68/68 - 5s - 69ms/step - accuracy: 0.5723 - loss: 0.3854 - val_accuracy: 0.1920 - val_loss: 0.4197 - val_sens_fpr0.005: 0.2463
Epoch 10/400
68/68 - 5s - 69ms/step - accuracy: 0.5827 - loss: 0.3840 - val_accuracy: 0.1930 - val_loss: 0.4204 - val_sens_fpr0.005: 0.2430
Epoch 11/400
68/68 - 5s - 69ms/step - accuracy: 0.5895 - loss: 0.3827 - val_accuracy: 0.1727 - val_loss: 0.4225 - val_sens_fpr0.005: 0.2590
Epoch 12/400
68/68 - 5s - 69ms/step - accuracy: 0.5948 - loss: 0.3817 - val_accuracy: 0.1871 - val_loss: 0.4201 - val_sens_fpr0.005: 0.2721
Epoch 13/400
68/68 - 5s - 70ms/step - accuracy: 0.6005 - loss: 0.3809 - val_accuracy: 0.1892 - val_loss: 0.4192 - val_sens_fpr0.005: 0.2709
Epoch 14/400
68/68 - 5s - 69ms/step - accuracy: 0.6061 - loss: 0.3800 - val_accuracy: 0.1763 - val_loss: 0.4212 - val_sens_fpr0.005: 0.2721
Epoch 15/400
68/68 - 5s - 69ms/step - accuracy: 0.6095 - loss: 0.3793 - val_accuracy: 0.1833 - val_loss: 0.4189 - val_sens_fpr0.005: 0.2754
Epoch 16/400
68/68 - 5s - 69ms/step - accuracy: 0.6145 - loss: 0.3786 - val_accuracy: 0.1708 - val_loss: 0.4215 - val_sens_fpr0.005: 0.2787
Epoch 17/400
68/68 - 5s - 69ms/step - accuracy: 0.6185 - loss: 0.3778 - val_accuracy: 0.1712 - val_loss: 0.4205 - val_sens_fpr0.005: 0.2820
Epoch 18/400
68/68 - 5s - 69ms/step - accuracy: 0.6202 - loss: 0.3773 - val_accuracy: 0.1655 - val_loss: 0.4213 - val_sens_fpr0.005: 0.2889
Epoch 19/400
68/68 - 5s - 70ms/step - accuracy: 0.6231 - loss: 0.3768 - val_accuracy: 0.1584 - val_loss: 0.4220 - val_sens_fpr0.005: 0.2984
Epoch 20/400
68/68 - 5s - 68ms/step - accuracy: 0.6261 - loss: 0.3762 - val_accuracy: 0.1628 - val_loss: 0.4219 - val_sens_fpr0.005: 0.2984
Epoch 21/400
68/68 - 5s - 70ms/step - accuracy: 0.6297 - loss: 0.3757 - val_accuracy: 0.1653 - val_loss: 0.4201 - val_sens_fpr0.005: 0.2955
Epoch 22/400
68/68 - 5s - 69ms/step - accuracy: 0.6312 - loss: 0.3752 - val_accuracy: 0.1461 - val_loss: 0.4241 - val_sens_fpr0.005: 0.2984
Epoch 23/400
68/68 - 5s - 69ms/step - accuracy: 0.6330 - loss: 0.3749 - val_accuracy: 0.1459 - val_loss: 0.4239 - val_sens_fpr0.005: 0.2984
Epoch 24/400
68/68 - 5s - 70ms/step - accuracy: 0.6361 - loss: 0.3744 - val_accuracy: 0.1575 - val_loss: 0.4211 - val_sens_fpr0.005: 0.2988
Epoch 25/400
68/68 - 5s - 69ms/step - accuracy: 0.6383 - loss: 0.3740 - val_accuracy: 0.1651 - val_loss: 0.4205 - val_sens_fpr0.005: 0.3016
Epoch 26/400
68/68 - 5s - 69ms/step - accuracy: 0.6407 - loss: 0.3735 - val_accuracy: 0.1564 - val_loss: 0.4217 - val_sens_fpr0.005: 0.3020
Epoch 27/400
68/68 - 5s - 69ms/step - accuracy: 0.6422 - loss: 0.3732 - val_accuracy: 0.1564 - val_loss: 0.4204 - val_sens_fpr0.005: 0.3053
Epoch 28/400
68/68 - 5s - 69ms/step - accuracy: 0.6434 - loss: 0.3729 - val_accuracy: 0.1493 - val_loss: 0.4216 - val_sens_fpr0.005: 0.3057
Epoch 29/400
68/68 - 5s - 69ms/step - accuracy: 0.6451 - loss: 0.3725 - val_accuracy: 0.1619 - val_loss: 0.4199 - val_sens_fpr0.005: 0.3016
Epoch 30/400
68/68 - 5s - 70ms/step - accuracy: 0.6460 - loss: 0.3722 - val_accuracy: 0.1353 - val_loss: 0.4237 - val_sens_fpr0.005: 0.3053
Epoch 31/400
68/68 - 5s - 69ms/step - accuracy: 0.6491 - loss: 0.3719 - val_accuracy: 0.1490 - val_loss: 0.4208 - val_sens_fpr0.005: 0.3049
Epoch 32/400
68/68 - 5s - 69ms/step - accuracy: 0.6493 - loss: 0.3717 - val_accuracy: 0.1366 - val_loss: 0.4236 - val_sens_fpr0.005: 0.3020
Epoch 33/400
68/68 - 5s - 68ms/step - accuracy: 0.6528 - loss: 0.3713 - val_accuracy: 0.1338 - val_loss: 0.4246 - val_sens_fpr0.005: 0.3057
Epoch 34/400
68/68 - 5s - 70ms/step - accuracy: 0.6533 - loss: 0.3710 - val_accuracy: 0.1387 - val_loss: 0.4236 - val_sens_fpr0.005: 0.3086
Epoch 35/400
68/68 - 5s - 69ms/step - accuracy: 0.6539 - loss: 0.3708 - val_accuracy: 0.1548 - val_loss: 0.4204 - val_sens_fpr0.005: 0.3115
Epoch 36/400
68/68 - 5s - 69ms/step - accuracy: 0.6546 - loss: 0.3704 - val_accuracy: 0.1505 - val_loss: 0.4209 - val_sens_fpr0.005: 0.3082
Epoch 37/400
68/68 - 5s - 70ms/step - accuracy: 0.6568 - loss: 0.3703 - val_accuracy: 0.1342 - val_loss: 0.4232 - val_sens_fpr0.005: 0.3016
Epoch 38/400
68/68 - 5s - 69ms/step - accuracy: 0.6578 - loss: 0.3700 - val_accuracy: 0.1539 - val_loss: 0.4199 - val_sens_fpr0.005: 0.3082
Epoch 39/400
68/68 - 5s - 69ms/step - accuracy: 0.6589 - loss: 0.3698 - val_accuracy: 0.1452 - val_loss: 0.4215 - val_sens_fpr0.005: 0.3049
Epoch 40/400
68/68 - 5s - 70ms/step - accuracy: 0.6605 - loss: 0.3694 - val_accuracy: 0.1611 - val_loss: 0.4198 - val_sens_fpr0.005: 0.3025
Epoch 41/400
68/68 - 5s - 69ms/step - accuracy: 0.6625 - loss: 0.3692 - val_accuracy: 0.1455 - val_loss: 0.4215 - val_sens_fpr0.005: 0.3082
Epoch 42/400
68/68 - 5s - 69ms/step - accuracy: 0.6625 - loss: 0.3691 - val_accuracy: 0.1372 - val_loss: 0.4224 - val_sens_fpr0.005: 0.3082
Epoch 43/400
68/68 - 5s - 70ms/step - accuracy: 0.6635 - loss: 0.3689 - val_accuracy: 0.1556 - val_loss: 0.4206 - val_sens_fpr0.005: 0.3049
Epoch 44/400
68/68 - 5s - 69ms/step - accuracy: 0.6648 - loss: 0.3686 - val_accuracy: 0.1419 - val_loss: 0.4223 - val_sens_fpr0.005: 0.3082
Epoch 45/400
68/68 - 5s - 69ms/step - accuracy: 0.6651 - loss: 0.3684 - val_accuracy: 0.1480 - val_loss: 0.4210 - val_sens_fpr0.005: 0.3082
Epoch 46/400
68/68 - 5s - 68ms/step - accuracy: 0.6679 - loss: 0.3682 - val_accuracy: 0.1433 - val_loss: 0.4226 - val_sens_fpr0.005: 0.3049
Epoch 47/400
68/68 - 5s - 70ms/step - accuracy: 0.6688 - loss: 0.3680 - val_accuracy: 0.1531 - val_loss: 0.4207 - val_sens_fpr0.005: 0.3053
Epoch 48/400
68/68 - 5s - 69ms/step - accuracy: 0.6702 - loss: 0.3678 - val_accuracy: 0.1581 - val_loss: 0.4197 - val_sens_fpr0.005: 0.3082
Epoch 49/400
68/68 - 5s - 69ms/step - accuracy: 0.6701 - loss: 0.3676 - val_accuracy: 0.1368 - val_loss: 0.4232 - val_sens_fpr0.005: 0.3049
Epoch 50/400
68/68 - 5s - 69ms/step - accuracy: 0.6709 - loss: 0.3673 - val_accuracy: 0.1349 - val_loss: 0.4229 - val_sens_fpr0.005: 0.3049
Epoch 51/400
68/68 - 5s - 69ms/step - accuracy: 0.6726 - loss: 0.3672 - val_accuracy: 0.1366 - val_loss: 0.4234 - val_sens_fpr0.005: 0.3049
Epoch 52/400
68/68 - 5s - 69ms/step - accuracy: 0.6725 - loss: 0.3671 - val_accuracy: 0.1455 - val_loss: 0.4219 - val_sens_fpr0.005: 0.3049
Epoch 53/400
68/68 - 5s - 70ms/step - accuracy: 0.6736 - loss: 0.3669 - val_accuracy: 0.1626 - val_loss: 0.4193 - val_sens_fpr0.005: 0.3049
  RestoreBestSens: epoch 38 — smoothed val_sens_fpr0.005 (window 5)
[3/11] Lily Adam - One Hive/recorders/willard/2024-08-07/1_11: 53 epochs (best 38), val_loss 0.4158, 69065/4730 frames train/val, sens@fpr0.5%=0.308
2026-09-04 17:51:38.932978: W external/local_tsl/tsl/framework/cpu_allocator_impl.cc:83] Allocation of 1697882112 exceeds 10% of free system memory.
2026-09-04 17:51:49.736102: W external/local_tsl/tsl/framework/bfc_allocator.cc:487] Allocator (GPU_0_bfc) ran out of memory trying to allocate 1.58GiB (rounded to 1697882112)requested by op _EagerConst
If the cause is memory fragmentation maybe the environment variable 'TF_GPU_ALLOCATOR=cuda_malloc_async' will improve the situation. 
Current allocation summary follows.
Current allocation summary follows.
2026-09-04 17:51:49.736175: I external/local_tsl/tsl/framework/bfc_allocator.cc:1044] BFCAllocator dump for GPU_0_bfc
2026-09-04 17:51:49.736210: I external/local_tsl/tsl/framework/bfc_allocator.cc:1051] Bin (256): 	Total Chunks: 121, Chunks in use: 119. 30.2KiB allocated for chunks. 29.8KiB in use in bin. 3.0KiB client-requested in use in bin.
2026-09-04 17:51:49.736220: I external/local_tsl/tsl/framework/bfc_allocator.cc:1051] Bin (512): 	Total Chunks: 14, Chunks in use: 12. 7.8KiB allocated for chunks. 6.2KiB in use in bin. 6.0KiB client-requested in use in bin.
2026-09-04 17:51:49.736229: I external/local_tsl/tsl/framework/bfc_allocator.cc:1051] Bin (1024): 	Total Chunks: 15, Chunks in use: 15. 16.0KiB allocated for chunks. 16.0KiB in use in bin. 15.3KiB client-requested in use in bin.
2026-09-04 17:51:49.736238: I external/local_tsl/tsl/framework/bfc_allocator.cc:1051] Bin (2048): 	Total Chunks: 38, Chunks in use: 37. 79.8KiB allocated for chunks. 77.5KiB in use in bin. 74.2KiB client-requested in use in bin.
2026-09-04 17:51:49.736247: I external/local_tsl/tsl/framework/bfc_allocator.cc:1051] Bin (4096): 	Total Chunks: 12, Chunks in use: 11. 54.0KiB allocated for chunks. 50.0KiB in use in bin. 45.0KiB client-requested in use in bin.
2026-09-04 17:51:49.736255: I external/local_tsl/tsl/framework/bfc_allocator.cc:1051] Bin (8192): 	Total Chunks: 3, Chunks in use: 3. 29.0KiB allocated for chunks. 29.0KiB in use in bin. 26.0KiB client-requested in use in bin.
2026-09-04 17:51:49.736265: I external/local_tsl/tsl/framework/bfc_allocator.cc:1051] Bin (16384): 	Total Chunks: 9, Chunks in use: 8. 174.5KiB allocated for chunks. 149.0KiB in use in bin. 144.0KiB client-requested in use in bin.
2026-09-04 17:51:49.736273: I external/local_tsl/tsl/framework/bfc_allocator.cc:1051] Bin (32768): 	Total Chunks: 4, Chunks in use: 4. 144.0KiB allocated for chunks. 144.0KiB in use in bin. 140.0KiB client-requested in use in bin.
2026-09-04 17:51:49.736282: I external/local_tsl/tsl/framework/bfc_allocator.cc:1051] Bin (65536): 	Total Chunks: 5, Chunks in use: 4. 338.0KiB allocated for chunks. 270.0KiB in use in bin. 268.0KiB client-requested in use in bin.
2026-09-04 17:51:49.736291: I external/local_tsl/tsl/framework/bfc_allocator.cc:1051] Bin (131072): 	Total Chunks: 3, Chunks in use: 1. 473.5KiB allocated for chunks. 128.0KiB in use in bin. 128.0KiB client-requested in use in bin.
2026-09-04 17:51:49.736299: I external/local_tsl/tsl/framework/bfc_allocator.cc:1051] Bin (262144): 	Total Chunks: 2, Chunks in use: 2. 570.2KiB allocated for chunks. 570.2KiB in use in bin. 570.1KiB client-requested in use in bin.
2026-09-04 17:51:49.736308: I external/local_tsl/tsl/framework/bfc_allocator.cc:1051] Bin (524288): 	Total Chunks: 2, Chunks in use: 1. 1.25MiB allocated for chunks. 512.0KiB in use in bin. 512.0KiB client-requested in use in bin.
2026-09-04 17:51:49.736316: I external/local_tsl/tsl/framework/bfc_allocator.cc:1051] Bin (1048576): 	Total Chunks: 5, Chunks in use: 5. 5.50MiB allocated for chunks. 5.50MiB in use in bin. 5.00MiB client-requested in use in bin.
2026-09-04 17:51:49.736324: I external/local_tsl/tsl/framework/bfc_allocator.cc:1051] Bin (2097152): 	Total Chunks: 3, Chunks in use: 3. 6.00MiB allocated for chunks. 6.00MiB in use in bin. 6.00MiB client-requested in use in bin.
2026-09-04 17:51:49.736333: I external/local_tsl/tsl/framework/bfc_allocator.cc:1051] Bin (4194304): 	Total Chunks: 5, Chunks in use: 4. 23.48MiB allocated for chunks. 16.48MiB in use in bin. 16.48MiB client-requested in use in bin.
2026-09-04 17:51:49.736341: I external/local_tsl/tsl/framework/bfc_allocator.cc:1051] Bin (8388608): 	Total Chunks: 0, Chunks in use: 0. 0B allocated for chunks. 0B in use in bin. 0B client-requested in use in bin.
2026-09-04 17:51:49.736350: I external/local_tsl/tsl/framework/bfc_allocator.cc:1051] Bin (16777216): 	Total Chunks: 0, Chunks in use: 0. 0B allocated for chunks. 0B in use in bin. 0B client-requested in use in bin.
2026-09-04 17:51:49.736357: I external/local_tsl/tsl/framework/bfc_allocator.cc:1051] Bin (33554432): 	Total Chunks: 0, Chunks in use: 0. 0B allocated for chunks. 0B in use in bin. 0B client-requested in use in bin.
2026-09-04 17:51:49.736370: I external/local_tsl/tsl/framework/bfc_allocator.cc:1051] Bin (67108864): 	Total Chunks: 1, Chunks in use: 1. 110.86MiB allocated for chunks. 110.86MiB in use in bin. 110.86MiB client-requested in use in bin.
2026-09-04 17:51:49.736378: I external/local_tsl/tsl/framework/bfc_allocator.cc:1051] Bin (134217728): 	Total Chunks: 0, Chunks in use: 0. 0B allocated for chunks. 0B in use in bin. 0B client-requested in use in bin.
2026-09-04 17:51:49.736386: I external/local_tsl/tsl/framework/bfc_allocator.cc:1051] Bin (268435456): 	Total Chunks: 3, Chunks in use: 1. 2.12GiB allocated for chunks. 1.58GiB in use in bin. 1.58GiB client-requested in use in bin.
2026-09-04 17:51:49.736394: I external/local_tsl/tsl/framework/bfc_allocator.cc:1067] Bin for 1.58GiB was 256.00MiB, Chunk State: 
2026-09-04 17:51:49.736407: I external/local_tsl/tsl/framework/bfc_allocator.cc:1073]   Size: 272.14MiB | Requested Size: 1.43MiB | in_use: 0 | bin_num: 20, prev:   Size: 4.00MiB | Requested Size: 4.00MiB | in_use: 1 | bin_num: -1, next:   Size: 2.00MiB | Requested Size: 2.00MiB | in_use: 1 | bin_num: -1
2026-09-04 17:51:49.736418: I external/local_tsl/tsl/framework/bfc_allocator.cc:1073]   Size: 282.19MiB | Requested Size: 24.00MiB | in_use: 0 | bin_num: 20, prev:   Size: 4.00MiB | Requested Size: 4.00MiB | in_use: 1 | bin_num: -1
2026-09-04 17:51:49.736424: I external/local_tsl/tsl/framework/bfc_allocator.cc:1080] Next region of size 2434793472
2026-09-04 17:51:49.736433: I external/local_tsl/tsl/framework/bfc_allocator.cc:1100] InUse at 7836dc000000 of size 1697341440 next 1
2026-09-04 17:51:49.736440: I external/local_tsl/tsl/framework/bfc_allocator.cc:1100] InUse at 7837412b6000 of size 1280 next 2
2026-09-04 17:51:49.736446: I external/local_tsl/tsl/framework/bfc_allocator.cc:1100] InUse at 7837412b6500 of size 4696576 next 3
2026-09-04 17:51:49.736453: I external/local_tsl/tsl/framework/bfc_allocator.cc:1100] InUse at 783741730f00 of size 256 next 4
2026-09-04 17:51:49.736459: I external/local_tsl/tsl/framework/bfc_allocator.cc:1100] InUse at 783741731000 of size 256 next 5
2026-09-04 17:51:49.736465: I external/local_tsl/tsl/framework/bfc_allocator.cc:1100] InUse at 783741731100 of size 256 next 6
2026-09-04 17:51:49.736471: I external/local_tsl/tsl/framework/bfc_allocator.cc:1100] InUse at 783741731200 of size 256 next 7
2026-09-04 17:51:49.736476: I external/local_tsl/tsl/framework/bfc_allocator.cc:1100] InUse at 783741731300 of size 256 next 8
2026-09-04 17:51:49.736482: I external/local_tsl/tsl/framework/bfc_allocator.cc:1100] InUse at 783741731400 of size 116244480 next 9
2026-09-04 17:51:49.736489: I external/local_tsl/tsl/framework/bfc_allocator.cc:1100] InUse at 78374860d400 of size 321792 next 10
2026-09-04 17:51:49.736496: I external/local_tsl/tsl/framework/bfc_allocator.cc:1100] InUse at 78374865bd00 of size 256 next 11
2026-09-04 17:51:49.736501: I external/local_tsl/tsl/framework/bfc_allocator.cc:1100] InUse at 78374865be00 of size 256 next 12
2026-09-04 17:51:49.736507: I external/local_tsl/tsl/framework/bfc_allocator.cc:1100] InUse at 78374865bf00 of size 256 next 13
2026-09-04 17:51:49.736513: I external/local_tsl/tsl/framework/bfc_allocator.cc:1100] InUse at 78374865c000 of size 256 next 14
2026-09-04 17:51:49.736518: I external/local_tsl/tsl/framework/bfc_allocator.cc:1100] InUse at 78374865c100 of size 256 next 16
2026-09-04 17:51:49.736524: I external/local_tsl/tsl/framework/bfc_allocator.cc:1100] InUse at 78374865c200 of size 256 next 17
2026-09-04 17:51:49.736529: I external/local_tsl/tsl/framework/bfc_allocator.cc:1100] InUse at 78374865c300 of size 256 next 15
2026-09-04 17:51:49.736535: I external/local_tsl/tsl/framework/bfc_allocator.cc:1100] InUse at 78374865c400 of size 256 next 18
2026-09-04 17:51:49.736540: I external/local_tsl/tsl/framework/bfc_allocator.cc:1100] InUse at 78374865c500 of size 256 next 30
2026-09-04 17:51:49.736546: I external/local_tsl/tsl/framework/bfc_allocator.cc:1100] InUse at 78374865c600 of size 256 next 28
2026-09-04 17:51:49.736555: I external/local_tsl/tsl/framework/bfc_allocator.cc:1100] InUse at 78374865c700 of size 256 next 29
2026-09-04 17:51:49.736561: I external/local_tsl/tsl/framework/bfc_allocator.cc:1100] InUse at 78374865c800 of size 256 next 33
2026-09-04 17:51:49.736567: I external/local_tsl/tsl/framework/bfc_allocator.cc:1100] InUse at 78374865c900 of size 256 next 34
2026-09-04 17:51:49.736573: I external/local_tsl/tsl/framework/bfc_allocator.cc:1100] InUse at 78374865ca00 of size 256 next 37
2026-09-04 17:51:49.736578: I external/local_tsl/tsl/framework/bfc_allocator.cc:1100] InUse at 78374865cb00 of size 256 next 35
2026-09-04 17:51:49.736584: I external/local_tsl/tsl/framework/bfc_allocator.cc:1100] InUse at 78374865cc00 of size 256 next 36
2026-09-04 17:51:49.736589: I external/local_tsl/tsl/framework/bfc_allocator.cc:1100] InUse at 78374865cd00 of size 256 next 19
2026-09-04 17:51:49.736595: I external/local_tsl/tsl/framework/bfc_allocator.cc:1100] InUse at 78374865ce00 of size 256 next 161
2026-09-04 17:51:49.736602: I external/local_tsl/tsl/framework/bfc_allocator.cc:1100] InUse at 78374865cf00 of size 256 next 20
2026-09-04 17:51:49.736607: I external/local_tsl/tsl/framework/bfc_allocator.cc:1100] InUse at 78374865d000 of size 256 next 22
2026-09-04 17:51:49.736613: I external/local_tsl/tsl/framework/bfc_allocator.cc:1100] InUse at 78374865d100 of size 256 next 23
2026-09-04 17:51:49.736618: I external/local_tsl/tsl/framework/bfc_allocator.cc:1100] InUse at 78374865d200 of size 256 next 25
2026-09-04 17:51:49.736624: I external/local_tsl/tsl/framework/bfc_allocator.cc:1100] InUse at 78374865d300 of size 768 next 21
2026-09-04 17:51:49.736630: I external/local_tsl/tsl/framework/bfc_allocator.cc:1100] InUse at 78374865d600 of size 256 next 24
2026-09-04 17:51:49.736636: I external/local_tsl/tsl/framework/bfc_allocator.cc:1100] InUse at 78374865d700 of size 256 next 27
2026-09-04 17:51:49.736641: I external/local_tsl/tsl/framework/bfc_allocator.cc:1100] InUse at 78374865d800 of size 512 next 26
2026-09-04 17:51:49.736647: I external/local_tsl/tsl/framework/bfc_allocator.cc:1100] InUse at 78374865da00 of size 512 next 40
2026-09-04 17:51:49.736653: I external/local_tsl/tsl/framework/bfc_allocator.cc:1100] InUse at 78374865dc00 of size 512 next 43
2026-09-04 17:51:49.736658: I external/local_tsl/tsl/framework/bfc_allocator.cc:1100] InUse at 78374865de00 of size 512 next 38
2026-09-04 17:51:49.736664: I external/local_tsl/tsl/framework/bfc_allocator.cc:1100] InUse at 78374865e000 of size 512 next 52
2026-09-04 17:51:49.736669: I external/local_tsl/tsl/framework/bfc_allocator.cc:1100] InUse at 78374865e200 of size 512 next 41
2026-09-04 17:51:49.736675: I external/local_tsl/tsl/framework/bfc_allocator.cc:1100] InUse at 78374865e400 of size 256 next 42
2026-09-04 17:51:49.736681: I external/local_tsl/tsl/framework/bfc_allocator.cc:1100] InUse at 78374865e500 of size 256 next 46
2026-09-04 17:51:49.736686: I external/local_tsl/tsl/framework/bfc_allocator.cc:1100] InUse at 78374865e600 of size 512 next 47
2026-09-04 17:51:49.736692: I external/local_tsl/tsl/framework/bfc_allocator.cc:1100] InUse at 78374865e800 of size 512 next 50
2026-09-04 17:51:49.736697: I external/local_tsl/tsl/framework/bfc_allocator.cc:1100] InUse at 78374865ea00 of size 512 next 48
2026-09-04 17:51:49.736703: I external/local_tsl/tsl/framework/bfc_allocator.cc:1100] InUse at 78374865ec00 of size 256 next 49
2026-09-04 17:51:49.736708: I external/local_tsl/tsl/framework/bfc_allocator.cc:1100] InUse at 78374865ed00 of size 512 next 53
2026-09-04 17:51:49.736714: I external/local_tsl/tsl/framework/bfc_allocator.cc:1100] InUse at 78374865ef00 of size 256 next 39
2026-09-04 17:51:49.736720: I external/local_tsl/tsl/framework/bfc_allocator.cc:1100] InUse at 78374865f000 of size 1024 next 61
2026-09-04 17:51:49.736726: I external/local_tsl/tsl/framework/bfc_allocator.cc:1100] InUse at 78374865f400 of size 1024 next 68
2026-09-04 17:51:49.736733: I external/local_tsl/tsl/framework/bfc_allocator.cc:1100] InUse at 78374865f800 of size 2304 next 65
2026-09-04 17:51:49.736743: I external/local_tsl/tsl/framework/bfc_allocator.cc:1100] InUse at 783748660100 of size 256 next 66
2026-09-04 17:51:49.736749: I external/local_tsl/tsl/framework/bfc_allocator.cc:1100] InUse at 783748660200 of size 256 next 69
2026-09-04 17:51:49.736754: I external/local_tsl/tsl/framework/bfc_allocator.cc:1100] InUse at 783748660300 of size 1024 next 70
2026-09-04 17:51:49.736761: I external/local_tsl/tsl/framework/bfc_allocator.cc:1100] InUse at 783748660700 of size 1024 next 73
2026-09-04 17:51:49.736767: I external/local_tsl/tsl/framework/bfc_allocator.cc:1100] InUse at 783748660b00 of size 1024 next 71
2026-09-04 17:51:49.736774: I external/local_tsl/tsl/framework/bfc_allocator.cc:1100] InUse at 783748660f00 of size 256 next 72
2026-09-04 17:51:49.736779: I external/local_tsl/tsl/framework/bfc_allocator.cc:1100] InUse at 783748661000 of size 256 next 76
2026-09-04 17:51:49.736785: I external/local_tsl/tsl/framework/bfc_allocator.cc:1100] InUse at 783748661100 of size 1024 next 77
2026-09-04 17:51:49.736791: I external/local_tsl/tsl/framework/bfc_allocator.cc:1100] InUse at 783748661500 of size 1024 next 80
2026-09-04 17:51:49.736798: I external/local_tsl/tsl/framework/bfc_allocator.cc:1100] InUse at 783748661900 of size 1280 next 32
2026-09-04 17:51:49.736804: I external/local_tsl/tsl/framework/bfc_allocator.cc:1100] InUse at 783748661e00 of size 2304 next 163
2026-09-04 17:51:49.736811: I external/local_tsl/tsl/framework/bfc_allocator.cc:1100] InUse at 783748662700 of size 5888 next 31
2026-09-04 17:51:49.736818: I external/local_tsl/tsl/framework/bfc_allocator.cc:1100] InUse at 783748663e00 of size 4608 next 51
2026-09-04 17:51:49.736846: I external/local_tsl/tsl/framework/bfc_allocator.cc:1100] InUse at 783748665000 of size 512 next 58
2026-09-04 17:51:49.736853: I external/local_tsl/tsl/framework/bfc_allocator.cc:1100] InUse at 783748665200 of size 1024 next 54
2026-09-04 17:51:49.736860: I external/local_tsl/tsl/framework/bfc_allocator.cc:1100] InUse at 783748665600 of size 256 next 60
2026-09-04 17:51:49.736873: I external/local_tsl/tsl/framework/bfc_allocator.cc:1100] InUse at 783748665700 of size 256 next 63
2026-09-04 17:51:49.736879: I external/local_tsl/tsl/framework/bfc_allocator.cc:1100] InUse at 783748665800 of size 1024 next 64
2026-09-04 17:51:49.736886: I external/local_tsl/tsl/framework/bfc_allocator.cc:1100] InUse at 783748665c00 of size 2048 next 85
2026-09-04 17:51:49.736892: I external/local_tsl/tsl/framework/bfc_allocator.cc:1100] InUse at 783748666400 of size 2048 next 62
2026-09-04 17:51:49.736899: I external/local_tsl/tsl/framework/bfc_allocator.cc:1100] InUse at 783748666c00 of size 2048 next 124
2026-09-04 17:51:49.736906: I external/local_tsl/tsl/framework/bfc_allocator.cc:1100] Free  at 783748667400 of size 2304 next 88
2026-09-04 17:51:49.736912: I external/local_tsl/tsl/framework/bfc_allocator.cc:1100] InUse at 783748667d00 of size 256 next 89
2026-09-04 17:51:49.736918: I external/local_tsl/tsl/framework/bfc_allocator.cc:1100] InUse at 783748667e00 of size 256 next 92
2026-09-04 17:51:49.736923: I external/local_tsl/tsl/framework/bfc_allocator.cc:1100] InUse at 783748667f00 of size 2048 next 93
2026-09-04 17:51:49.736930: I external/local_tsl/tsl/framework/bfc_allocator.cc:1100] InUse at 783748668700 of size 2048 next 96
2026-09-04 17:51:49.736936: I external/local_tsl/tsl/framework/bfc_allocator.cc:1100] InUse at 783748668f00 of size 2048 next 94
2026-09-04 17:51:49.736943: I external/local_tsl/tsl/framework/bfc_allocator.cc:1100] InUse at 783748669700 of size 256 next 95
2026-09-04 17:51:49.736948: I external/local_tsl/tsl/framework/bfc_allocator.cc:1100] InUse at 783748669800 of size 256 next 99
2026-09-04 17:51:49.736954: I external/local_tsl/tsl/framework/bfc_allocator.cc:1100] InUse at 783748669900 of size 2048 next 100
2026-09-04 17:51:49.736960: I external/local_tsl/tsl/framework/bfc_allocator.cc:1100] InUse at 78374866a100 of size 2048 next 103
2026-09-04 17:51:49.736967: I external/local_tsl/tsl/framework/bfc_allocator.cc:1100] InUse at 78374866a900 of size 2048 next 101
2026-09-04 17:51:49.736978: I external/local_tsl/tsl/framework/bfc_allocator.cc:1100] InUse at 78374866b100 of size 3072 next 75
2026-09-04 17:51:49.736985: I external/local_tsl/tsl/framework/bfc_allocator.cc:1100] InUse at 78374866bd00 of size 9216 next 74
2026-09-04 17:51:49.736992: I external/local_tsl/tsl/framework/bfc_allocator.cc:1100] InUse at 78374866e100 of size 1024 next 79
2026-09-04 17:51:49.736998: I external/local_tsl/tsl/framework/bfc_allocator.cc:1100] InUse at 78374866e500 of size 1024 next 83
2026-09-04 17:51:49.737005: I external/local_tsl/tsl/framework/bfc_allocator.cc:1100] InUse at 78374866e900 of size 256 next 159
2026-09-04 17:51:49.737011: I external/local_tsl/tsl/framework/bfc_allocator.cc:1100] InUse at 78374866ea00 of size 256 next 138
2026-09-04 17:51:49.737018: I external/local_tsl/tsl/framework/bfc_allocator.cc:1100] Free  at 78374866eb00 of size 256 next 133
2026-09-04 17:51:49.737024: I external/local_tsl/tsl/framework/bfc_allocator.cc:1100] InUse at 78374866ec00 of size 256 next 78
2026-09-04 17:51:49.737030: I external/local_tsl/tsl/framework/bfc_allocator.cc:1100] InUse at 78374866ed00 of size 256 next 84
2026-09-04 17:51:49.737035: I external/local_tsl/tsl/framework/bfc_allocator.cc:1100] InUse at 78374866ee00 of size 256 next 86
2026-09-04 17:51:49.737041: I external/local_tsl/tsl/framework/bfc_allocator.cc:1100] InUse at 78374866ef00 of size 2048 next 87
2026-09-04 17:51:49.737048: I external/local_tsl/tsl/framework/bfc_allocator.cc:1100] InUse at 78374866f700 of size 4096 next 146
2026-09-04 17:51:49.737054: I external/local_tsl/tsl/framework/bfc_allocator.cc:1100] InUse at 783748670700 of size 4096 next 160
2026-09-04 17:51:49.737061: I external/local_tsl/tsl/framework/bfc_allocator.cc:1100] InUse at 783748671700 of size 256 next 198
2026-09-04 17:51:49.737067: I external/local_tsl/tsl/framework/bfc_allocator.cc:1100] InUse at 783748671800 of size 256 next 176
2026-09-04 17:51:49.737074: I external/local_tsl/tsl/framework/bfc_allocator.cc:1100] InUse at 783748671900 of size 256 next 196
2026-09-04 17:51:49.737080: I external/local_tsl/tsl/framework/bfc_allocator.cc:1100] InUse at 783748671a00 of size 256 next 200
2026-09-04 17:51:49.737087: I external/local_tsl/tsl/framework/bfc_allocator.cc:1100] InUse at 783748671b00 of size 256 next 213
2026-09-04 17:51:49.737093: I external/local_tsl/tsl/framework/bfc_allocator.cc:1100] InUse at 783748671c00 of size 256 next 174
2026-09-04 17:51:49.737099: I external/local_tsl/tsl/framework/bfc_allocator.cc:1100] InUse at 783748671d00 of size 256 next 206
2026-09-04 17:51:49.737106: I external/local_tsl/tsl/framework/bfc_allocator.cc:1100] InUse at 783748671e00 of size 256 next 209
2026-09-04 17:51:49.737112: I external/local_tsl/tsl/framework/bfc_allocator.cc:1100] InUse at 783748671f00 of size 256 next 207
2026-09-04 17:51:49.737119: I external/local_tsl/tsl/framework/bfc_allocator.cc:1100] InUse at 783748672000 of size 256 next 170
2026-09-04 17:51:49.737125: I external/local_tsl/tsl/framework/bfc_allocator.cc:1100] InUse at 783748672100 of size 256 next 217
2026-09-04 17:51:49.737132: I external/local_tsl/tsl/framework/bfc_allocator.cc:1100] InUse at 783748672200 of size 256 next 218
2026-09-04 17:51:49.737138: I external/local_tsl/tsl/framework/bfc_allocator.cc:1100] InUse at 783748672300 of size 256 next 219
2026-09-04 17:51:49.737145: I external/local_tsl/tsl/framework/bfc_allocator.cc:1100] InUse at 783748672400 of size 256 next 173
2026-09-04 17:51:49.737151: I external/local_tsl/tsl/framework/bfc_allocator.cc:1100] InUse at 783748672500 of size 256 next 221
2026-09-04 17:51:49.737158: I external/local_tsl/tsl/framework/bfc_allocator.cc:1100] InUse at 783748672600 of size 256 next 197
2026-09-04 17:51:49.737164: I external/local_tsl/tsl/framework/bfc_allocator.cc:1100] InUse at 783748672700 of size 256 next 223
2026-09-04 17:51:49.737171: I external/local_tsl/tsl/framework/bfc_allocator.cc:1100] InUse at 783748672800 of size 256 next 226
2026-09-04 17:51:49.737177: I external/local_tsl/tsl/framework/bfc_allocator.cc:1100] InUse at 783748672900 of size 256 next 230
2026-09-04 17:51:49.737199: I external/local_tsl/tsl/framework/bfc_allocator.cc:1100] InUse at 783748672a00 of size 256 next 199
2026-09-04 17:51:49.737206: I external/local_tsl/tsl/framework/bfc_allocator.cc:1100] InUse at 783748672b00 of size 256 next 211
2026-09-04 17:51:49.737212: I external/local_tsl/tsl/framework/bfc_allocator.cc:1100] InUse at 783748672c00 of size 256 next 233
2026-09-04 17:51:49.737219: I external/local_tsl/tsl/framework/bfc_allocator.cc:1100] InUse at 783748672d00 of size 256 next 234
2026-09-04 17:51:49.737225: I external/local_tsl/tsl/framework/bfc_allocator.cc:1100] InUse at 783748672e00 of size 256 next 208
2026-09-04 17:51:49.737232: I external/local_tsl/tsl/framework/bfc_allocator.cc:1100] InUse at 783748672f00 of size 256 next 193
2026-09-04 17:51:49.737238: I external/local_tsl/tsl/framework/bfc_allocator.cc:1100] Free  at 783748673000 of size 768 next 205
2026-09-04 17:51:49.737245: I external/local_tsl/tsl/framework/bfc_allocator.cc:1100] InUse at 783748673300 of size 256 next 195
2026-09-04 17:51:49.737251: I external/local_tsl/tsl/framework/bfc_allocator.cc:1100] InUse at 783748673400 of size 256 next 216
2026-09-04 17:51:49.737258: I external/local_tsl/tsl/framework/bfc_allocator.cc:1100] InUse at 783748673500 of size 256 next 212
2026-09-04 17:51:49.737264: I external/local_tsl/tsl/framework/bfc_allocator.cc:1100] Free  at 783748673600 of size 768 next 229
2026-09-04 17:51:49.737271: I external/local_tsl/tsl/framework/bfc_allocator.cc:1100] InUse at 783748673900 of size 256 next 177
2026-09-04 17:51:49.737277: I external/local_tsl/tsl/framework/bfc_allocator.cc:1100] Free  at 783748673a00 of size 256 next 215
2026-09-04 17:51:49.737283: I external/local_tsl/tsl/framework/bfc_allocator.cc:1100] InUse at 783748673b00 of size 256 next 228
2026-09-04 17:51:49.737290: I external/local_tsl/tsl/framework/bfc_allocator.cc:1100] InUse at 783748673c00 of size 256 next 227
2026-09-04 17:51:49.737297: I external/local_tsl/tsl/framework/bfc_allocator.cc:1100] InUse at 783748673d00 of size 256 next 45
2026-09-04 17:51:49.737302: I external/local_tsl/tsl/framework/bfc_allocator.cc:1100] InUse at 783748673e00 of size 9216 next 55
2026-09-04 17:51:49.737309: I external/local_tsl/tsl/framework/bfc_allocator.cc:1100] InUse at 783748676200 of size 23552 next 44
2026-09-04 17:51:49.737316: I external/local_tsl/tsl/framework/bfc_allocator.cc:1100] InUse at 78374867be00 of size 2048 next 106
2026-09-04 17:51:49.737322: I external/local_tsl/tsl/framework/bfc_allocator.cc:1100] InUse at 78374867c600 of size 2048 next 107
2026-09-04 17:51:49.737329: I external/local_tsl/tsl/framework/bfc_allocator.cc:1100] InUse at 78374867ce00 of size 2048 next 102
2026-09-04 17:51:49.737335: I external/local_tsl/tsl/framework/bfc_allocator.cc:1100] InUse at 78374867d600 of size 2048 next 110
2026-09-04 17:51:49.737342: I external/local_tsl/tsl/framework/bfc_allocator.cc:1100] InUse at 78374867de00 of size 2048 next 111
2026-09-04 17:51:49.737348: I external/local_tsl/tsl/framework/bfc_allocator.cc:1100] InUse at 78374867e600 of size 256 next 151
2026-09-04 17:51:49.737355: I external/local_tsl/tsl/framework/bfc_allocator.cc:1100] InUse at 78374867e700 of size 256 next 154
2026-09-04 17:51:49.737361: I external/local_tsl/tsl/framework/bfc_allocator.cc:1100] InUse at 78374867e800 of size 4096 next 155
2026-09-04 17:51:49.737368: I external/local_tsl/tsl/framework/bfc_allocator.cc:1100] Free  at 78374867f800 of size 4096 next 158
2026-09-04 17:51:49.737374: I external/local_tsl/tsl/framework/bfc_allocator.cc:1100] InUse at 783748680800 of size 256 next 137
2026-09-04 17:51:49.737380: I external/local_tsl/tsl/framework/bfc_allocator.cc:1100] InUse at 783748680900 of size 256 next 139
2026-09-04 17:51:49.737387: I external/local_tsl/tsl/framework/bfc_allocator.cc:1100] InUse at 783748680a00 of size 256 next 232
2026-09-04 17:51:49.737393: I external/local_tsl/tsl/framework/bfc_allocator.cc:1100] InUse at 783748680b00 of size 256 next 167
2026-09-04 17:51:49.737403: I external/local_tsl/tsl/framework/bfc_allocator.cc:1100] InUse at 783748680c00 of size 256 next 168
2026-09-04 17:51:49.737410: I external/local_tsl/tsl/framework/bfc_allocator.cc:1100] InUse at 783748680d00 of size 256 next 172
2026-09-04 17:51:49.737417: I external/local_tsl/tsl/framework/bfc_allocator.cc:1100] InUse at 783748680e00 of size 256 next 179
2026-09-04 17:51:49.737423: I external/local_tsl/tsl/framework/bfc_allocator.cc:1100] InUse at 783748680f00 of size 256 next 204
2026-09-04 17:51:49.737429: I external/local_tsl/tsl/framework/bfc_allocator.cc:1100] InUse at 783748681000 of size 256 next 202
2026-09-04 17:51:49.737436: I external/local_tsl/tsl/framework/bfc_allocator.cc:1100] InUse at 783748681100 of size 256 next 181
2026-09-04 17:51:49.737442: I external/local_tsl/tsl/framework/bfc_allocator.cc:1100] InUse at 783748681200 of size 256 next 191
2026-09-04 17:51:49.737449: I external/local_tsl/tsl/framework/bfc_allocator.cc:1100] InUse at 783748681300 of size 256 next 192
2026-09-04 17:51:49.737455: I external/local_tsl/tsl/framework/bfc_allocator.cc:1100] InUse at 783748681400 of size 256 next 169
2026-09-04 17:51:49.737462: I external/local_tsl/tsl/framework/bfc_allocator.cc:1100] InUse at 783748681500 of size 256 next 194
2026-09-04 17:51:49.737468: I external/local_tsl/tsl/framework/bfc_allocator.cc:1100] InUse at 783748681600 of size 256 next 178
2026-09-04 17:51:49.737475: I external/local_tsl/tsl/framework/bfc_allocator.cc:1100] InUse at 783748681700 of size 256 next 156
2026-09-04 17:51:49.737481: I external/local_tsl/tsl/framework/bfc_allocator.cc:1100] InUse at 783748681800 of size 1280 next 157
2026-09-04 17:51:49.737488: I external/local_tsl/tsl/framework/bfc_allocator.cc:1100] InUse at 783748681d00 of size 1280 next 162
2026-09-04 17:51:49.737495: I external/local_tsl/tsl/framework/bfc_allocator.cc:1100] InUse at 783748682200 of size 11264 next 98
2026-09-04 17:51:49.737502: I external/local_tsl/tsl/framework/bfc_allocator.cc:1100] InUse at 783748684e00 of size 18432 next 97
2026-09-04 17:51:49.737508: I external/local_tsl/tsl/framework/bfc_allocator.cc:1100] InUse at 783748689600 of size 18432 next 109
2026-09-04 17:51:49.737515: I external/local_tsl/tsl/framework/bfc_allocator.cc:1100] InUse at 78374868de00 of size 2048 next 113
2026-09-04 17:51:49.737521: I external/local_tsl/tsl/framework/bfc_allocator.cc:1100] InUse at 78374868e600 of size 2048 next 114
2026-09-04 17:51:49.737528: I external/local_tsl/tsl/framework/bfc_allocator.cc:1100] InUse at 78374868ee00 of size 2048 next 108
2026-09-04 17:51:49.737534: I external/local_tsl/tsl/framework/bfc_allocator.cc:1100] InUse at 78374868f600 of size 2048 next 118
2026-09-04 17:51:49.737541: I external/local_tsl/tsl/framework/bfc_allocator.cc:1100] InUse at 78374868fe00 of size 2048 next 119
2026-09-04 17:51:49.737547: I external/local_tsl/tsl/framework/bfc_allocator.cc:1100] InUse at 783748690600 of size 2048 next 120
2026-09-04 17:51:49.737553: I external/local_tsl/tsl/framework/bfc_allocator.cc:1100] InUse at 783748690e00 of size 2048 next 122
2026-09-04 17:51:49.737560: I external/local_tsl/tsl/framework/bfc_allocator.cc:1100] InUse at 783748691600 of size 2048 next 123
2026-09-04 17:51:49.737566: I external/local_tsl/tsl/framework/bfc_allocator.cc:1100] InUse at 783748691e00 of size 2304 next 116
2026-09-04 17:51:49.737573: I external/local_tsl/tsl/framework/bfc_allocator.cc:1100] InUse at 783748692700 of size 18432 next 117
2026-09-04 17:51:49.737579: I external/local_tsl/tsl/framework/bfc_allocator.cc:1100] InUse at 783748696f00 of size 2048 next 125
2026-09-04 17:51:49.737585: I external/local_tsl/tsl/framework/bfc_allocator.cc:1100] InUse at 783748697700 of size 2048 next 126
2026-09-04 17:51:49.737592: I external/local_tsl/tsl/framework/bfc_allocator.cc:1100] InUse at 783748697f00 of size 2048 next 127
2026-09-04 17:51:49.737598: I external/local_tsl/tsl/framework/bfc_allocator.cc:1100] InUse at 783748698700 of size 2048 next 129
2026-09-04 17:51:49.737605: I external/local_tsl/tsl/framework/bfc_allocator.cc:1100] InUse at 783748698f00 of size 2048 next 130
2026-09-04 17:51:49.737615: I external/local_tsl/tsl/framework/bfc_allocator.cc:1100] InUse at 783748699700 of size 2048 next 115
2026-09-04 17:51:49.737622: I external/local_tsl/tsl/framework/bfc_allocator.cc:1100] InUse at 783748699f00 of size 2048 next 134
2026-09-04 17:51:49.737628: I external/local_tsl/tsl/framework/bfc_allocator.cc:1100] InUse at 78374869a700 of size 2048 next 135
2026-09-04 17:51:49.737635: I external/local_tsl/tsl/framework/bfc_allocator.cc:1100] InUse at 78374869af00 of size 3840 next 57
2026-09-04 17:51:49.737641: I external/local_tsl/tsl/framework/bfc_allocator.cc:1100] InUse at 78374869be00 of size 18432 next 56
2026-09-04 17:51:49.737648: I external/local_tsl/tsl/framework/bfc_allocator.cc:1100] InUse at 7837486a0600 of size 71680 next 136
2026-09-04 17:51:49.737655: I external/local_tsl/tsl/framework/bfc_allocator.cc:1100] InUse at 7837486b1e00 of size 256 next 141
2026-09-04 17:51:49.737661: I external/local_tsl/tsl/framework/bfc_allocator.cc:1100] InUse at 7837486b1f00 of size 256 next 142
2026-09-04 17:51:49.737668: I external/local_tsl/tsl/framework/bfc_allocator.cc:1100] InUse at 7837486b2000 of size 4096 next 143
2026-09-04 17:51:49.737674: I external/local_tsl/tsl/framework/bfc_allocator.cc:1100] InUse at 7837486b3000 of size 4096 next 131
2026-09-04 17:51:49.737681: I external/local_tsl/tsl/framework/bfc_allocator.cc:1100] Free  at 7837486b4000 of size 26112 next 144
2026-09-04 17:51:49.737687: I external/local_tsl/tsl/framework/bfc_allocator.cc:1100] InUse at 7837486ba600 of size 256 next 145
2026-09-04 17:51:49.737694: I external/local_tsl/tsl/framework/bfc_allocator.cc:1100] InUse at 7837486ba700 of size 256 next 148
2026-09-04 17:51:49.737700: I external/local_tsl/tsl/framework/bfc_allocator.cc:1100] InUse at 7837486ba800 of size 4096 next 149
2026-09-04 17:51:49.737707: I external/local_tsl/tsl/framework/bfc_allocator.cc:1100] InUse at 7837486bb800 of size 4096 next 150
2026-09-04 17:51:49.737713: I external/local_tsl/tsl/framework/bfc_allocator.cc:1100] InUse at 7837486bc800 of size 18432 next 251
2026-09-04 17:51:49.737720: I external/local_tsl/tsl/framework/bfc_allocator.cc:1100] InUse at 7837486c1000 of size 36864 next 132
2026-09-04 17:51:49.737727: I external/local_tsl/tsl/framework/bfc_allocator.cc:1100] Free  at 7837486ca000 of size 138752 next 67
2026-09-04 17:51:49.737733: I external/local_tsl/tsl/framework/bfc_allocator.cc:1100] InUse at 7837486ebe00 of size 36864 next 153
2026-09-04 17:51:49.737740: I external/local_tsl/tsl/framework/bfc_allocator.cc:1100] InUse at 7837486f4e00 of size 256 next 210
2026-09-04 17:51:49.737746: I external/local_tsl/tsl/framework/bfc_allocator.cc:1100] InUse at 7837486f4f00 of size 256 next 243
2026-09-04 17:51:49.737752: I external/local_tsl/tsl/framework/bfc_allocator.cc:1100] InUse at 7837486f5000 of size 256 next 237
2026-09-04 17:51:49.737759: I external/local_tsl/tsl/framework/bfc_allocator.cc:1100] InUse at 7837486f5100 of size 256 next 240
2026-09-04 17:51:49.737765: I external/local_tsl/tsl/framework/bfc_allocator.cc:1100] InUse at 7837486f5200 of size 256 next 239
2026-09-04 17:51:49.737772: I external/local_tsl/tsl/framework/bfc_allocator.cc:1100] InUse at 7837486f5300 of size 256 next 220
2026-09-04 17:51:49.737778: I external/local_tsl/tsl/framework/bfc_allocator.cc:1100] InUse at 7837486f5400 of size 256 next 201
2026-09-04 17:51:49.737785: I external/local_tsl/tsl/framework/bfc_allocator.cc:1100] InUse at 7837486f5500 of size 256 next 244
2026-09-04 17:51:49.737791: I external/local_tsl/tsl/framework/bfc_allocator.cc:1100] InUse at 7837486f5600 of size 256 next 238
2026-09-04 17:51:49.737797: I external/local_tsl/tsl/framework/bfc_allocator.cc:1100] InUse at 7837486f5700 of size 256 next 241
2026-09-04 17:51:49.737804: I external/local_tsl/tsl/framework/bfc_allocator.cc:1100] InUse at 7837486f5800 of size 256 next 231
2026-09-04 17:51:49.737810: I external/local_tsl/tsl/framework/bfc_allocator.cc:1100] InUse at 7837486f5900 of size 256 next 249
2026-09-04 17:51:49.737817: I external/local_tsl/tsl/framework/bfc_allocator.cc:1100] InUse at 7837486f5a00 of size 256 next 175
2026-09-04 17:51:49.737834: I external/local_tsl/tsl/framework/bfc_allocator.cc:1100] InUse at 7837486f5b00 of size 256 next 171
2026-09-04 17:51:49.737842: I external/local_tsl/tsl/framework/bfc_allocator.cc:1100] InUse at 7837486f5c00 of size 256 next 252
2026-09-04 17:51:49.737848: I external/local_tsl/tsl/framework/bfc_allocator.cc:1100] InUse at 7837486f5d00 of size 256 next 253
2026-09-04 17:51:49.737855: I external/local_tsl/tsl/framework/bfc_allocator.cc:1100] InUse at 7837486f5e00 of size 256 next 255
2026-09-04 17:51:49.737861: I external/local_tsl/tsl/framework/bfc_allocator.cc:1100] InUse at 7837486f5f00 of size 2048 next 261
2026-09-04 17:51:49.737868: I external/local_tsl/tsl/framework/bfc_allocator.cc:1100] InUse at 7837486f6700 of size 4096 next 259
2026-09-04 17:51:49.737875: I external/local_tsl/tsl/framework/bfc_allocator.cc:1100] InUse at 7837486f7700 of size 7936 next 166
2026-09-04 17:51:49.737881: I external/local_tsl/tsl/framework/bfc_allocator.cc:1100] InUse at 7837486f9600 of size 18432 next 152
2026-09-04 17:51:49.737888: I external/local_tsl/tsl/framework/bfc_allocator.cc:1100] InUse at 7837486fde00 of size 65536 next 164
2026-09-04 17:51:49.737895: I external/local_tsl/tsl/framework/bfc_allocator.cc:1100] InUse at 78374870de00 of size 131072 next 59
2026-09-04 17:51:49.737902: I external/local_tsl/tsl/framework/bfc_allocator.cc:1100] Free  at 78374872de00 of size 69632 next 91
2026-09-04 17:51:49.737908: I external/local_tsl/tsl/framework/bfc_allocator.cc:1100] InUse at 78374873ee00 of size 18432 next 182
2026-09-04 17:51:49.737915: I external/local_tsl/tsl/framework/bfc_allocator.cc:1100] InUse at 783748743600 of size 36864 next 185
2026-09-04 17:51:49.737921: I external/local_tsl/tsl/framework/bfc_allocator.cc:1100] InUse at 78374874c600 of size 36864 next 186
2026-09-04 17:51:49.737928: I external/local_tsl/tsl/framework/bfc_allocator.cc:1100] InUse at 783748755600 of size 69632 next 189
2026-09-04 17:51:49.737935: I external/local_tsl/tsl/framework/bfc_allocator.cc:1100] InUse at 783748766600 of size 69632 next 190
2026-09-04 17:51:49.737941: I external/local_tsl/tsl/framework/bfc_allocator.cc:1100] Free  at 783748777600 of size 215040 next 81
2026-09-04 17:51:49.737948: I external/local_tsl/tsl/framework/bfc_allocator.cc:1100] InUse at 7837487abe00 of size 262144 next 165
2026-09-04 17:51:49.737955: I external/local_tsl/tsl/framework/bfc_allocator.cc:1100] Free  at 7837487ebe00 of size 786432 next 90
2026-09-04 17:51:49.737961: I external/local_tsl/tsl/framework/bfc_allocator.cc:1100] InUse at 7837488abe00 of size 524288 next 82
2026-09-04 17:51:49.737968: I external/local_tsl/tsl/framework/bfc_allocator.cc:1100] InUse at 78374892be00 of size 1572864 next 105
2026-09-04 17:51:49.737975: I external/local_tsl/tsl/framework/bfc_allocator.cc:1100] InUse at 783748aabe00 of size 1048576 next 104
2026-09-04 17:51:49.737982: I external/local_tsl/tsl/framework/bfc_allocator.cc:1100] InUse at 783748babe00 of size 1048576 next 112
2026-09-04 17:51:49.737988: I external/local_tsl/tsl/framework/bfc_allocator.cc:1100] InUse at 783748cabe00 of size 1048576 next 121
2026-09-04 17:51:49.737995: I external/local_tsl/tsl/framework/bfc_allocator.cc:1100] InUse at 783748dabe00 of size 1048576 next 128
2026-09-04 17:51:49.738001: I external/local_tsl/tsl/framework/bfc_allocator.cc:1100] Free  at 783748eabe00 of size 7340032 next 140
2026-09-04 17:51:49.738008: I external/local_tsl/tsl/framework/bfc_allocator.cc:1100] InUse at 7837495abe00 of size 2097152 next 248
2026-09-04 17:51:49.738015: I external/local_tsl/tsl/framework/bfc_allocator.cc:1100] InUse at 7837497abe00 of size 4194304 next 256
2026-09-04 17:51:49.738021: I external/local_tsl/tsl/framework/bfc_allocator.cc:1100] Free  at 783749babe00 of size 285357824 next 180
2026-09-04 17:51:49.738028: I external/local_tsl/tsl/framework/bfc_allocator.cc:1100] InUse at 78375abcf500 of size 2097152 next 183
2026-09-04 17:51:49.738035: I external/local_tsl/tsl/framework/bfc_allocator.cc:1100] InUse at 78375adcf500 of size 2097152 next 184
2026-09-04 17:51:49.738044: I external/local_tsl/tsl/framework/bfc_allocator.cc:1100] InUse at 78375afcf500 of size 4194304 next 187
2026-09-04 17:51:49.738051: I external/local_tsl/tsl/framework/bfc_allocator.cc:1100] InUse at 78375b3cf500 of size 4194304 next 188
2026-09-04 17:51:49.738058: I external/local_tsl/tsl/framework/bfc_allocator.cc:1100] Free  at 78375b7cf500 of size 295897856 next 18446744073709551615
2026-09-04 17:51:49.738064: I external/local_tsl/tsl/framework/bfc_allocator.cc:1105]      Summary of in-use Chunks by size: 
2026-09-04 17:51:49.738072: I external/local_tsl/tsl/framework/bfc_allocator.cc:1108] 119 Chunks of size 256 totalling 29.8KiB
2026-09-04 17:51:49.738079: I external/local_tsl/tsl/framework/bfc_allocator.cc:1108] 11 Chunks of size 512 totalling 5.5KiB
2026-09-04 17:51:49.738086: I external/local_tsl/tsl/framework/bfc_allocator.cc:1108] 1 Chunks of size 768 totalling 768B
2026-09-04 17:51:49.738092: I external/local_tsl/tsl/framework/bfc_allocator.cc:1108] 11 Chunks of size 1024 totalling 11.0KiB
2026-09-04 17:51:49.738099: I external/local_tsl/tsl/framework/bfc_allocator.cc:1108] 4 Chunks of size 1280 totalling 5.0KiB
2026-09-04 17:51:49.738106: I external/local_tsl/tsl/framework/bfc_allocator.cc:1108] 32 Chunks of size 2048 totalling 64.0KiB
2026-09-04 17:51:49.738112: I external/local_tsl/tsl/framework/bfc_allocator.cc:1108] 3 Chunks of size 2304 totalling 6.8KiB
2026-09-04 17:51:49.738119: I external/local_tsl/tsl/framework/bfc_allocator.cc:1108] 1 Chunks of size 3072 totalling 3.0KiB
2026-09-04 17:51:49.738125: I external/local_tsl/tsl/framework/bfc_allocator.cc:1108] 1 Chunks of size 3840 totalling 3.8KiB
2026-09-04 17:51:49.738132: I external/local_tsl/tsl/framework/bfc_allocator.cc:1108] 8 Chunks of size 4096 totalling 32.0KiB
2026-09-04 17:51:49.738138: I external/local_tsl/tsl/framework/bfc_allocator.cc:1108] 1 Chunks of size 4608 totalling 4.5KiB
2026-09-04 17:51:49.738145: I external/local_tsl/tsl/framework/bfc_allocator.cc:1108] 1 Chunks of size 5888 totalling 5.8KiB
2026-09-04 17:51:49.738151: I external/local_tsl/tsl/framework/bfc_allocator.cc:1108] 1 Chunks of size 7936 totalling 7.8KiB
2026-09-04 17:51:49.738158: I external/local_tsl/tsl/framework/bfc_allocator.cc:1108] 2 Chunks of size 9216 totalling 18.0KiB
2026-09-04 17:51:49.738165: I external/local_tsl/tsl/framework/bfc_allocator.cc:1108] 1 Chunks of size 11264 totalling 11.0KiB
2026-09-04 17:51:49.738171: I external/local_tsl/tsl/framework/bfc_allocator.cc:1108] 7 Chunks of size 18432 totalling 126.0KiB
2026-09-04 17:51:49.738178: I external/local_tsl/tsl/framework/bfc_allocator.cc:1108] 1 Chunks of size 23552 totalling 23.0KiB
2026-09-04 17:51:49.738185: I external/local_tsl/tsl/framework/bfc_allocator.cc:1108] 4 Chunks of size 36864 totalling 144.0KiB
2026-09-04 17:51:49.738191: I external/local_tsl/tsl/framework/bfc_allocator.cc:1108] 1 Chunks of size 65536 totalling 64.0KiB
2026-09-04 17:51:49.738198: I external/local_tsl/tsl/framework/bfc_allocator.cc:1108] 2 Chunks of size 69632 totalling 136.0KiB
2026-09-04 17:51:49.738205: I external/local_tsl/tsl/framework/bfc_allocator.cc:1108] 1 Chunks of size 71680 totalling 70.0KiB
2026-09-04 17:51:49.738212: I external/local_tsl/tsl/framework/bfc_allocator.cc:1108] 1 Chunks of size 131072 totalling 128.0KiB
2026-09-04 17:51:49.738219: I external/local_tsl/tsl/framework/bfc_allocator.cc:1108] 1 Chunks of size 262144 totalling 256.0KiB
2026-09-04 17:51:49.738227: I external/local_tsl/tsl/framework/bfc_allocator.cc:1108] 1 Chunks of size 321792 totalling 314.2KiB
2026-09-04 17:51:49.738235: I external/local_tsl/tsl/framework/bfc_allocator.cc:1108] 1 Chunks of size 524288 totalling 512.0KiB
2026-09-04 17:51:49.738242: I external/local_tsl/tsl/framework/bfc_allocator.cc:1108] 4 Chunks of size 1048576 totalling 4.00MiB
2026-09-04 17:51:49.738250: I external/local_tsl/tsl/framework/bfc_allocator.cc:1108] 1 Chunks of size 1572864 totalling 1.50MiB
2026-09-04 17:51:49.738257: I external/local_tsl/tsl/framework/bfc_allocator.cc:1108] 3 Chunks of size 2097152 totalling 6.00MiB
2026-09-04 17:51:49.738268: I external/local_tsl/tsl/framework/bfc_allocator.cc:1108] 3 Chunks of size 4194304 totalling 12.00MiB
2026-09-04 17:51:49.738276: I external/local_tsl/tsl/framework/bfc_allocator.cc:1108] 1 Chunks of size 4696576 totalling 4.48MiB
2026-09-04 17:51:49.738284: I external/local_tsl/tsl/framework/bfc_allocator.cc:1108] 1 Chunks of size 116244480 totalling 110.86MiB
2026-09-04 17:51:49.738291: I external/local_tsl/tsl/framework/bfc_allocator.cc:1108] 1 Chunks of size 1697341440 totalling 1.58GiB
2026-09-04 17:51:49.738299: I external/local_tsl/tsl/framework/bfc_allocator.cc:1112] Sum Total of in-use chunks: 1.72GiB
2026-09-04 17:51:49.738305: I external/local_tsl/tsl/framework/bfc_allocator.cc:1114] Total bytes in pool: 2434793472 memory_limit_: 2434793472 available bytes: 0 curr_region_allocation_bytes_: 4869586944
2026-09-04 17:51:49.738315: I external/local_tsl/tsl/framework/bfc_allocator.cc:1119] Stats: 
Limit:                      2434793472
InUse:                      1844953344
MaxInUse:                   2167059456
NumAllocs:                       42473
MaxAllocSize:               1697341440
Reserved:                            0
PeakReserved:                        0
LargestFreeBlock:                    0

2026-09-04 17:51:49.738334: W external/local_tsl/tsl/framework/bfc_allocator.cc:499] ****************************************************************************___________*____________
Traceback (most recent call last):
  File "/home/luke/projects/buzzdetect-training/.local/worktrees/trunk-ft-restore-sens/03_train/main.py", line 52, in <module>
    train_set(
  File "/home/luke/projects/buzzdetect-training/.local/worktrees/trunk-ft-restore-sens/03_train/train.py", line 510, in train_set
    data = _load_data(setname, embeddername, folds_train, name_translation,
           ^^^^^^^^^^^^^^^^^^^^^^^^^^^^^^^^^^^^^^^^^^^^^^^^^^^^^^^^^^^^^^^^
  File "/home/luke/projects/buzzdetect-training/.local/worktrees/trunk-ft-restore-sens/03_train/train.py", line 141, in _load_data
    train_tf=_to_tf(data_train, size_batch, size_shuffle),
             ^^^^^^^^^^^^^^^^^^^^^^^^^^^^^^^^^^^^^^^^^^^^
  File "/home/luke/projects/buzzdetect-training/.local/worktrees/trunk-ft-restore-sens/03_train/train.py", line 69, in _to_tf
    ds = tf.data.Dataset.from_tensor_slices((emb_np, tgt_np))
         ^^^^^^^^^^^^^^^^^^^^^^^^^^^^^^^^^^^^^^^^^^^^^^^^^^^^
  File "/home/luke/anaconda3/envs/buzzdetect-train/lib/python3.12/site-packages/tensorflow/python/data/ops/dataset_ops.py", line 826, in from_tensor_slices
    return from_tensor_slices_op._from_tensor_slices(tensors, name)
           ^^^^^^^^^^^^^^^^^^^^^^^^^^^^^^^^^^^^^^^^^^^^^^^^^^^^^^^^
  File "/home/luke/anaconda3/envs/buzzdetect-train/lib/python3.12/site-packages/tensorflow/python/data/ops/from_tensor_slices_op.py", line 25, in _from_tensor_slices
    return _TensorSliceDataset(tensors, name=name)
           ^^^^^^^^^^^^^^^^^^^^^^^^^^^^^^^^^^^^^^^
  File "/home/luke/anaconda3/envs/buzzdetect-train/lib/python3.12/site-packages/tensorflow/python/data/ops/from_tensor_slices_op.py", line 33, in __init__
    element = structure.normalize_element(element)
              ^^^^^^^^^^^^^^^^^^^^^^^^^^^^^^^^^^^^
  File "/home/luke/anaconda3/envs/buzzdetect-train/lib/python3.12/site-packages/tensorflow/python/data/util/structure.py", line 134, in normalize_element
    ops.convert_to_tensor(t, name="component_%d" % i, dtype=dtype))
    ^^^^^^^^^^^^^^^^^^^^^^^^^^^^^^^^^^^^^^^^^^^^^^^^^^^^^^^^^^^^^^
  File "/home/luke/anaconda3/envs/buzzdetect-train/lib/python3.12/site-packages/tensorflow/python/profiler/trace.py", line 183, in wrapped
    return func(*args, **kwargs)
           ^^^^^^^^^^^^^^^^^^^^^
  File "/home/luke/anaconda3/envs/buzzdetect-train/lib/python3.12/site-packages/tensorflow/python/framework/ops.py", line 713, in convert_to_tensor
    return tensor_conversion_registry.convert(
           ^^^^^^^^^^^^^^^^^^^^^^^^^^^^^^^^^^^
  File "/home/luke/anaconda3/envs/buzzdetect-train/lib/python3.12/site-packages/tensorflow/python/framework/tensor_conversion_registry.py", line 234, in convert
    ret = conversion_func(value, dtype=dtype, name=name, as_ref=as_ref)
          ^^^^^^^^^^^^^^^^^^^^^^^^^^^^^^^^^^^^^^^^^^^^^^^^^^^^^^^^^^^^^
  File "/home/luke/anaconda3/envs/buzzdetect-train/lib/python3.12/site-packages/tensorflow/python/framework/constant_tensor_conversion.py", line 29, in _constant_tensor_conversion_function
    return constant_op.constant(v, dtype=dtype, name=name)
           ^^^^^^^^^^^^^^^^^^^^^^^^^^^^^^^^^^^^^^^^^^^^^^^
  File "/home/luke/anaconda3/envs/buzzdetect-train/lib/python3.12/site-packages/tensorflow/python/ops/weak_tensor_ops.py", line 142, in wrapper
    return op(*args, **kwargs)
           ^^^^^^^^^^^^^^^^^^^
  File "/home/luke/anaconda3/envs/buzzdetect-train/lib/python3.12/site-packages/tensorflow/python/framework/constant_op.py", line 276, in constant
    return _constant_impl(value, dtype, shape, name, verify_shape=False,
           ^^^^^^^^^^^^^^^^^^^^^^^^^^^^^^^^^^^^^^^^^^^^^^^^^^^^^^^^^^^^^
  File "/home/luke/anaconda3/envs/buzzdetect-train/lib/python3.12/site-packages/tensorflow/python/framework/constant_op.py", line 289, in _constant_impl
    return _constant_eager_impl(ctx, value, dtype, shape, verify_shape)
           ^^^^^^^^^^^^^^^^^^^^^^^^^^^^^^^^^^^^^^^^^^^^^^^^^^^^^^^^^^^^
  File "/home/luke/anaconda3/envs/buzzdetect-train/lib/python3.12/site-packages/tensorflow/python/framework/constant_op.py", line 301, in _constant_eager_impl
    t = convert_to_eager_tensor(value, ctx, dtype)
        ^^^^^^^^^^^^^^^^^^^^^^^^^^^^^^^^^^^^^^^^^^
  File "/home/luke/anaconda3/envs/buzzdetect-train/lib/python3.12/site-packages/tensorflow/python/framework/constant_op.py", line 108, in convert_to_eager_tensor
    return ops.EagerTensor(value, ctx.device_name, dtype)
           ^^^^^^^^^^^^^^^^^^^^^^^^^^^^^^^^^^^^^^^^^^^^^^
tensorflow.python.framework.errors_impl.InternalError: Failed copying input tensor from /job:localhost/replica:0/task:0/device:CPU:0 to /job:localhost/replica:0/task:0/device:GPU:0 in order to run _EagerConst: Dst tensor is not initialized.
=== attempt 3 exited rc=1 ===
=== attempt 4 2026-09-04_17:51:51 ===
2026-09-04 17:51:51.525254: E external/local_xla/xla/stream_executor/cuda/cuda_fft.cc:479] Unable to register cuFFT factory: Attempting to register factory for plugin cuFFT when one has already been registered
2026-09-04 17:51:51.549019: E external/local_xla/xla/stream_executor/cuda/cuda_dnn.cc:10575] Unable to register cuDNN factory: Attempting to register factory for plugin cuDNN when one has already been registered
2026-09-04 17:51:51.549075: E external/local_xla/xla/stream_executor/cuda/cuda_blas.cc:1442] Unable to register cuBLAS factory: Attempting to register factory for plugin cuBLAS when one has already been registered
2026-09-04 17:51:52.412215: W tensorflow/compiler/tf2tensorrt/utils/py_utils.cc:38] TF-TRT Warning: Could not find TensorRT
[trunk_ft_restore_sens] set medium, embedder yamnet_trunk, translation general: 11 rotating fold(s), 311 train-only, 0 holdout
[1/11] JamesU - MustardBumbler/1_29: already trained; skipping
[2/11] Lily - Fit+Fast/2023_R3_Marysville/53: already trained; skipping
[3/11] Lily Adam - One Hive/recorders/willard/2024-08-07/1_11: already trained; skipping
/home/luke/projects/buzzdetect-training/.local/worktrees/trunk-ft-restore-sens/03_train/dataset.py:130: UserWarning: all 1 embedding file(s) under /home/luke/projects/buzzdetect-training/.local/worktrees/trunk-ft-restore-sens/02_set/sets/medium/embeddings/yamnet_trunk/raw/Luke - External Data Sources/InsectSound1000/Coccinella_septempunctata/2023419-16-19/000020 were dropped by the translation; raw label(s) present: ['EXCLUDE']
  warnings.warn(
/home/luke/projects/buzzdetect-training/.local/worktrees/trunk-ft-restore-sens/03_train/dataset.py:130: UserWarning: all 1 embedding file(s) under /home/luke/projects/buzzdetect-training/.local/worktrees/trunk-ft-restore-sens/02_set/sets/medium/embeddings/yamnet_trunk/raw/Luke - External Data Sources/InsectSound1000/Nezara_viridula/2022511-18-10/000018 were dropped by the translation; raw label(s) present: ['EXCLUDE']
  warnings.warn(
/home/luke/projects/buzzdetect-training/.local/worktrees/trunk-ft-restore-sens/03_train/dataset.py:130: UserWarning: all 2 embedding file(s) under /home/luke/projects/buzzdetect-training/.local/worktrees/trunk-ft-restore-sens/02_set/sets/medium/embeddings/yamnet_trunk/raw/Luke - External Data Sources/InsectSound1000/Nezara_viridula/2022511-18-10/000025 were dropped by the translation; raw label(s) present: ['EXCLUDE']
  warnings.warn(
/home/luke/projects/buzzdetect-training/.local/worktrees/trunk-ft-restore-sens/03_train/dataset.py:130: UserWarning: all 1 embedding file(s) under /home/luke/projects/buzzdetect-training/.local/worktrees/trunk-ft-restore-sens/02_set/sets/medium/embeddings/yamnet_trunk/raw/Luke - External Data Sources/InsectSound1000/Nezara_viridula/2022511-18-10/000032 were dropped by the translation; raw label(s) present: ['EXCLUDE']
  warnings.warn(
2026-09-04 17:52:01.846652: I external/local_xla/xla/stream_executor/cuda/cuda_executor.cc:998] successful NUMA node read from SysFS had negative value (-1), but there must be at least one NUMA node, so returning NUMA node zero. See more at https://github.com/torvalds/linux/blob/v6.0/Documentation/ABI/testing/sysfs-bus-pci#L344-L355
2026-09-04 17:52:01.886599: I external/local_xla/xla/stream_executor/cuda/cuda_executor.cc:998] successful NUMA node read from SysFS had negative value (-1), but there must be at least one NUMA node, so returning NUMA node zero. See more at https://github.com/torvalds/linux/blob/v6.0/Documentation/ABI/testing/sysfs-bus-pci#L344-L355
2026-09-04 17:52:01.889982: I external/local_xla/xla/stream_executor/cuda/cuda_executor.cc:998] successful NUMA node read from SysFS had negative value (-1), but there must be at least one NUMA node, so returning NUMA node zero. See more at https://github.com/torvalds/linux/blob/v6.0/Documentation/ABI/testing/sysfs-bus-pci#L344-L355
2026-09-04 17:52:01.894403: I external/local_xla/xla/stream_executor/cuda/cuda_executor.cc:998] successful NUMA node read from SysFS had negative value (-1), but there must be at least one NUMA node, so returning NUMA node zero. See more at https://github.com/torvalds/linux/blob/v6.0/Documentation/ABI/testing/sysfs-bus-pci#L344-L355
2026-09-04 17:52:01.897433: I external/local_xla/xla/stream_executor/cuda/cuda_executor.cc:998] successful NUMA node read from SysFS had negative value (-1), but there must be at least one NUMA node, so returning NUMA node zero. See more at https://github.com/torvalds/linux/blob/v6.0/Documentation/ABI/testing/sysfs-bus-pci#L344-L355
2026-09-04 17:52:01.900293: I external/local_xla/xla/stream_executor/cuda/cuda_executor.cc:998] successful NUMA node read from SysFS had negative value (-1), but there must be at least one NUMA node, so returning NUMA node zero. See more at https://github.com/torvalds/linux/blob/v6.0/Documentation/ABI/testing/sysfs-bus-pci#L344-L355
2026-09-04 17:52:02.063027: I external/local_xla/xla/stream_executor/cuda/cuda_executor.cc:998] successful NUMA node read from SysFS had negative value (-1), but there must be at least one NUMA node, so returning NUMA node zero. See more at https://github.com/torvalds/linux/blob/v6.0/Documentation/ABI/testing/sysfs-bus-pci#L344-L355
2026-09-04 17:52:02.064144: I external/local_xla/xla/stream_executor/cuda/cuda_executor.cc:998] successful NUMA node read from SysFS had negative value (-1), but there must be at least one NUMA node, so returning NUMA node zero. See more at https://github.com/torvalds/linux/blob/v6.0/Documentation/ABI/testing/sysfs-bus-pci#L344-L355
2026-09-04 17:52:02.065141: I external/local_xla/xla/stream_executor/cuda/cuda_executor.cc:998] successful NUMA node read from SysFS had negative value (-1), but there must be at least one NUMA node, so returning NUMA node zero. See more at https://github.com/torvalds/linux/blob/v6.0/Documentation/ABI/testing/sysfs-bus-pci#L344-L355
2026-09-04 17:52:02.066095: I tensorflow/core/common_runtime/gpu/gpu_device.cc:1928] Created device /job:localhost/replica:0/task:0/device:GPU:0 with 2322 MB memory:  -> device: 0, name: NVIDIA GeForce GTX 1650, pci bus id: 0000:01:00.0, compute capability: 7.5
2026-09-04 17:52:02.067349: W external/local_tsl/tsl/framework/cpu_allocator_impl.cc:83] Allocation of 1697882112 exceeds 10% of free system memory.
2026-09-04 17:52:03.311194: W external/local_tsl/tsl/framework/cpu_allocator_impl.cc:83] Allocation of 1697882112 exceeds 10% of free system memory.
[trunk_ft_restore_sens_foldLily Adam - One Hive/recorders/wooster/2024-07-26/1_143] training on 321 fold(s), 69087 frames; early stopping on Lily Adam - One Hive/recorders/wooster/2024-07-26/1_143 (4708 frames)...
/home/luke/anaconda3/envs/buzzdetect-train/lib/python3.12/site-packages/keras/src/trainers/epoch_iterator.py:74: UserWarning: `shuffle=True` was passed, but will be ignored since the data `x` was provided as a tf.data.Dataset. The Dataset is expected to already be shuffled (via `.shuffle(buffer_size)`).
  self.data_adapter = data_adapters.get_data_adapter(
Epoch 1/400
2026-09-04 17:52:05.992208: W external/local_tsl/tsl/framework/cpu_allocator_impl.cc:83] Allocation of 1697882112 exceeds 10% of free system memory.
WARNING: All log messages before absl::InitializeLog() is called are written to STDERR
I0000 00:00:1788558728.152889 1331462 service.cc:145] XLA service 0x7e62ec334390 initialized for platform CUDA (this does not guarantee that XLA will be used). Devices:
I0000 00:00:1788558728.152999 1331462 service.cc:153]   StreamExecutor device (0): NVIDIA GeForce GTX 1650, Compute Capability 7.5
2026-09-04 17:52:08.314037: I tensorflow/compiler/mlir/tensorflow/utils/dump_mlir_util.cc:268] disabling MLIR crash reproducer, set env var `MLIR_CRASH_REPRODUCER_DIRECTORY` to enable.
2026-09-04 17:52:08.559689: I external/local_xla/xla/stream_executor/cuda/cuda_dnn.cc:465] Loaded cuDNN version 8907
2026-09-04 17:52:09.792847: W external/local_tsl/tsl/framework/bfc_allocator.cc:296] Allocator (GPU_0_bfc) ran out of memory trying to allocate 696.00MiB with freed_by_count=0. The caller indicates that this is not a failure, but this may mean that there could be performance gains if more memory were available.
2026-09-04 17:52:09.792920: W external/local_tsl/tsl/framework/bfc_allocator.cc:296] Allocator (GPU_0_bfc) ran out of memory trying to allocate 2.27GiB with freed_by_count=0. The caller indicates that this is not a failure, but this may mean that there could be performance gains if more memory were available.
2026-09-04 17:52:11.020921: W external/local_tsl/tsl/framework/bfc_allocator.cc:296] Allocator (GPU_0_bfc) ran out of memory trying to allocate 968.00MiB with freed_by_count=0. The caller indicates that this is not a failure, but this may mean that there could be performance gains if more memory were available.
2026-09-04 17:52:11.020978: W external/local_tsl/tsl/framework/bfc_allocator.cc:296] Allocator (GPU_0_bfc) ran out of memory trying to allocate 4.52GiB with freed_by_count=0. The caller indicates that this is not a failure, but this may mean that there could be performance gains if more memory were available.
2026-09-04 17:52:11.419479: W external/local_tsl/tsl/framework/bfc_allocator.cc:296] Allocator (GPU_0_bfc) ran out of memory trying to allocate 696.00MiB with freed_by_count=0. The caller indicates that this is not a failure, but this may mean that there could be performance gains if more memory were available.
2026-09-04 17:52:11.419540: W external/local_tsl/tsl/framework/bfc_allocator.cc:296] Allocator (GPU_0_bfc) ran out of memory trying to allocate 3.39GiB with freed_by_count=0. The caller indicates that this is not a failure, but this may mean that there could be performance gains if more memory were available.
2026-09-04 17:52:11.568936: W external/local_tsl/tsl/framework/bfc_allocator.cc:296] Allocator (GPU_0_bfc) ran out of memory trying to allocate 2.02GiB with freed_by_count=0. The caller indicates that this is not a failure, but this may mean that there could be performance gains if more memory were available.
2026-09-04 17:52:11.569003: W external/local_tsl/tsl/framework/bfc_allocator.cc:296] Allocator (GPU_0_bfc) ran out of memory trying to allocate 2.02GiB with freed_by_count=0. The caller indicates that this is not a failure, but this may mean that there could be performance gains if more memory were available.
2026-09-04 17:52:11.569048: W external/local_tsl/tsl/framework/bfc_allocator.cc:296] Allocator (GPU_0_bfc) ran out of memory trying to allocate 2.02GiB with freed_by_count=0. The caller indicates that this is not a failure, but this may mean that there could be performance gains if more memory were available.
2026-09-04 17:52:12.441474: W external/local_tsl/tsl/framework/bfc_allocator.cc:296] Allocator (GPU_0_bfc) ran out of memory trying to allocate 4.02GiB with freed_by_count=0. The caller indicates that this is not a failure, but this may mean that there could be performance gains if more memory were available.
I0000 00:00:1788558735.552177 1331462 device_compiler.h:188] Compiled cluster using XLA!  This line is logged at most once for the lifetime of the process.
68/68 - 22s - 323ms/step - accuracy: 0.1279 - loss: 0.5352 - val_accuracy: 0.1831 - val_loss: 0.4137 - val_sens_fpr0.005: 0.1610
Epoch 2/400
68/68 - 5s - 69ms/step - accuracy: 0.3183 - loss: 0.4224 - val_accuracy: 0.3095 - val_loss: 0.4054 - val_sens_fpr0.005: 0.2053
Epoch 3/400
68/68 - 5s - 69ms/step - accuracy: 0.4330 - loss: 0.4076 - val_accuracy: 0.3001 - val_loss: 0.4054 - val_sens_fpr0.005: 0.2347
Epoch 4/400
68/68 - 5s - 69ms/step - accuracy: 0.4763 - loss: 0.4005 - val_accuracy: 0.3571 - val_loss: 0.4027 - val_sens_fpr0.005: 0.2452
Epoch 5/400
68/68 - 5s - 70ms/step - accuracy: 0.5077 - loss: 0.3963 - val_accuracy: 0.4010 - val_loss: 0.4003 - val_sens_fpr0.005: 0.2421
Epoch 6/400
68/68 - 5s - 69ms/step - accuracy: 0.5319 - loss: 0.3934 - val_accuracy: 0.4312 - val_loss: 0.3997 - val_sens_fpr0.005: 0.2474
Epoch 7/400
68/68 - 5s - 69ms/step - accuracy: 0.5502 - loss: 0.3911 - val_accuracy: 0.4237 - val_loss: 0.3994 - val_sens_fpr0.005: 0.2421
Epoch 8/400
68/68 - 5s - 69ms/step - accuracy: 0.5634 - loss: 0.3891 - val_accuracy: 0.4138 - val_loss: 0.4003 - val_sens_fpr0.005: 0.2474
Epoch 9/400
68/68 - 5s - 69ms/step - accuracy: 0.5747 - loss: 0.3876 - val_accuracy: 0.4242 - val_loss: 0.3996 - val_sens_fpr0.005: 0.2684
Epoch 10/400
68/68 - 5s - 70ms/step - accuracy: 0.5846 - loss: 0.3861 - val_accuracy: 0.4233 - val_loss: 0.3995 - val_sens_fpr0.005: 0.2789
Epoch 11/400
68/68 - 5s - 70ms/step - accuracy: 0.5930 - loss: 0.3849 - val_accuracy: 0.4407 - val_loss: 0.3984 - val_sens_fpr0.005: 0.2789
Epoch 12/400
68/68 - 5s - 69ms/step - accuracy: 0.5978 - loss: 0.3838 - val_accuracy: 0.4269 - val_loss: 0.3990 - val_sens_fpr0.005: 0.2842
Epoch 13/400
68/68 - 5s - 69ms/step - accuracy: 0.6050 - loss: 0.3830 - val_accuracy: 0.4694 - val_loss: 0.3971 - val_sens_fpr0.005: 0.2895
Epoch 14/400
68/68 - 5s - 70ms/step - accuracy: 0.6087 - loss: 0.3821 - val_accuracy: 0.4890 - val_loss: 0.3955 - val_sens_fpr0.005: 0.2947
Epoch 15/400
68/68 - 5s - 69ms/step - accuracy: 0.6148 - loss: 0.3813 - val_accuracy: 0.4265 - val_loss: 0.3991 - val_sens_fpr0.005: 0.2947
Epoch 16/400
68/68 - 5s - 69ms/step - accuracy: 0.6184 - loss: 0.3805 - val_accuracy: 0.4630 - val_loss: 0.3972 - val_sens_fpr0.005: 0.3053
Epoch 17/400
68/68 - 5s - 70ms/step - accuracy: 0.6240 - loss: 0.3799 - val_accuracy: 0.4667 - val_loss: 0.3970 - val_sens_fpr0.005: 0.3053
Epoch 18/400
68/68 - 5s - 69ms/step - accuracy: 0.6258 - loss: 0.3793 - val_accuracy: 0.4475 - val_loss: 0.3977 - val_sens_fpr0.005: 0.3105
Epoch 19/400
68/68 - 5s - 69ms/step - accuracy: 0.6284 - loss: 0.3787 - val_accuracy: 0.4492 - val_loss: 0.3977 - val_sens_fpr0.005: 0.3105
Epoch 20/400
68/68 - 5s - 69ms/step - accuracy: 0.6345 - loss: 0.3780 - val_accuracy: 0.4220 - val_loss: 0.3990 - val_sens_fpr0.005: 0.3105
Epoch 21/400
68/68 - 5s - 69ms/step - accuracy: 0.6358 - loss: 0.3776 - val_accuracy: 0.4488 - val_loss: 0.3977 - val_sens_fpr0.005: 0.3105
Epoch 22/400
68/68 - 5s - 69ms/step - accuracy: 0.6396 - loss: 0.3772 - val_accuracy: 0.4764 - val_loss: 0.3964 - val_sens_fpr0.005: 0.3105
Epoch 23/400
68/68 - 5s - 69ms/step - accuracy: 0.6431 - loss: 0.3767 - val_accuracy: 0.4467 - val_loss: 0.3980 - val_sens_fpr0.005: 0.3105
Epoch 24/400
68/68 - 5s - 69ms/step - accuracy: 0.6436 - loss: 0.3762 - val_accuracy: 0.4327 - val_loss: 0.3982 - val_sens_fpr0.005: 0.3105
Epoch 25/400
68/68 - 5s - 69ms/step - accuracy: 0.6469 - loss: 0.3758 - val_accuracy: 0.4667 - val_loss: 0.3967 - val_sens_fpr0.005: 0.3105
Epoch 26/400
68/68 - 5s - 69ms/step - accuracy: 0.6494 - loss: 0.3754 - val_accuracy: 0.4509 - val_loss: 0.3975 - val_sens_fpr0.005: 0.3084
Epoch 27/400
68/68 - 5s - 69ms/step - accuracy: 0.6526 - loss: 0.3751 - val_accuracy: 0.4817 - val_loss: 0.3961 - val_sens_fpr0.005: 0.3105
Epoch 28/400
68/68 - 5s - 69ms/step - accuracy: 0.6527 - loss: 0.3746 - val_accuracy: 0.4762 - val_loss: 0.3965 - val_sens_fpr0.005: 0.3158
Epoch 29/400
68/68 - 5s - 69ms/step - accuracy: 0.6552 - loss: 0.3743 - val_accuracy: 0.4758 - val_loss: 0.3961 - val_sens_fpr0.005: 0.3105
Epoch 30/400
68/68 - 5s - 69ms/step - accuracy: 0.6565 - loss: 0.3739 - val_accuracy: 0.4588 - val_loss: 0.3968 - val_sens_fpr0.005: 0.3167
Epoch 31/400
68/68 - 5s - 69ms/step - accuracy: 0.6593 - loss: 0.3735 - val_accuracy: 0.4280 - val_loss: 0.3986 - val_sens_fpr0.005: 0.3136
Epoch 32/400
68/68 - 5s - 70ms/step - accuracy: 0.6600 - loss: 0.3733 - val_accuracy: 0.4297 - val_loss: 0.3982 - val_sens_fpr0.005: 0.3211
Epoch 33/400
68/68 - 5s - 69ms/step - accuracy: 0.6615 - loss: 0.3730 - val_accuracy: 0.4516 - val_loss: 0.3969 - val_sens_fpr0.005: 0.3211
Epoch 34/400
68/68 - 5s - 69ms/step - accuracy: 0.6636 - loss: 0.3727 - val_accuracy: 0.4246 - val_loss: 0.3984 - val_sens_fpr0.005: 0.3136
Epoch 35/400
68/68 - 5s - 69ms/step - accuracy: 0.6632 - loss: 0.3724 - val_accuracy: 0.4662 - val_loss: 0.3965 - val_sens_fpr0.005: 0.3211
Epoch 36/400
68/68 - 5s - 69ms/step - accuracy: 0.6664 - loss: 0.3721 - val_accuracy: 0.4337 - val_loss: 0.3972 - val_sens_fpr0.005: 0.3220
Epoch 37/400
68/68 - 5s - 70ms/step - accuracy: 0.6677 - loss: 0.3719 - val_accuracy: 0.4785 - val_loss: 0.3955 - val_sens_fpr0.005: 0.3242
Epoch 38/400
68/68 - 5s - 69ms/step - accuracy: 0.6684 - loss: 0.3716 - val_accuracy: 0.4497 - val_loss: 0.3968 - val_sens_fpr0.005: 0.3242
Epoch 39/400
68/68 - 5s - 69ms/step - accuracy: 0.6696 - loss: 0.3714 - val_accuracy: 0.3912 - val_loss: 0.4001 - val_sens_fpr0.005: 0.3211
Epoch 40/400
68/68 - 5s - 69ms/step - accuracy: 0.6693 - loss: 0.3712 - val_accuracy: 0.4397 - val_loss: 0.3977 - val_sens_fpr0.005: 0.3263
Epoch 41/400
68/68 - 5s - 69ms/step - accuracy: 0.6715 - loss: 0.3709 - val_accuracy: 0.4522 - val_loss: 0.3965 - val_sens_fpr0.005: 0.3263
Epoch 42/400
68/68 - 5s - 69ms/step - accuracy: 0.6724 - loss: 0.3707 - val_accuracy: 0.4248 - val_loss: 0.3975 - val_sens_fpr0.005: 0.3263
Epoch 43/400
68/68 - 5s - 70ms/step - accuracy: 0.6736 - loss: 0.3705 - val_accuracy: 0.4637 - val_loss: 0.3961 - val_sens_fpr0.005: 0.3263
Epoch 44/400
68/68 - 5s - 69ms/step - accuracy: 0.6763 - loss: 0.3703 - val_accuracy: 0.4785 - val_loss: 0.3959 - val_sens_fpr0.005: 0.3263
Epoch 45/400
68/68 - 5s - 69ms/step - accuracy: 0.6783 - loss: 0.3700 - val_accuracy: 0.4346 - val_loss: 0.3979 - val_sens_fpr0.005: 0.3263
Epoch 46/400
68/68 - 5s - 70ms/step - accuracy: 0.6771 - loss: 0.3699 - val_accuracy: 0.4594 - val_loss: 0.3962 - val_sens_fpr0.005: 0.3263
Epoch 47/400
68/68 - 5s - 70ms/step - accuracy: 0.6791 - loss: 0.3695 - val_accuracy: 0.4378 - val_loss: 0.3977 - val_sens_fpr0.005: 0.3294
Epoch 48/400
68/68 - 5s - 69ms/step - accuracy: 0.6815 - loss: 0.3694 - val_accuracy: 0.4169 - val_loss: 0.3991 - val_sens_fpr0.005: 0.3263
Epoch 49/400
68/68 - 5s - 70ms/step - accuracy: 0.6801 - loss: 0.3692 - val_accuracy: 0.4403 - val_loss: 0.3972 - val_sens_fpr0.005: 0.3294
Epoch 50/400
68/68 - 5s - 69ms/step - accuracy: 0.6826 - loss: 0.3690 - val_accuracy: 0.4582 - val_loss: 0.3965 - val_sens_fpr0.005: 0.3263
Epoch 51/400
68/68 - 5s - 70ms/step - accuracy: 0.6815 - loss: 0.3689 - val_accuracy: 0.4422 - val_loss: 0.3976 - val_sens_fpr0.005: 0.3294
Epoch 52/400
68/68 - 5s - 70ms/step - accuracy: 0.6851 - loss: 0.3687 - val_accuracy: 0.4314 - val_loss: 0.3976 - val_sens_fpr0.005: 0.3263
Epoch 53/400
68/68 - 5s - 70ms/step - accuracy: 0.6853 - loss: 0.3685 - val_accuracy: 0.4369 - val_loss: 0.3981 - val_sens_fpr0.005: 0.3316
Epoch 54/400
68/68 - 5s - 69ms/step - accuracy: 0.6856 - loss: 0.3683 - val_accuracy: 0.4259 - val_loss: 0.3982 - val_sens_fpr0.005: 0.3294
Epoch 55/400
68/68 - 5s - 70ms/step - accuracy: 0.6864 - loss: 0.3681 - val_accuracy: 0.4399 - val_loss: 0.3976 - val_sens_fpr0.005: 0.3263
Epoch 56/400
68/68 - 5s - 69ms/step - accuracy: 0.6875 - loss: 0.3680 - val_accuracy: 0.4497 - val_loss: 0.3969 - val_sens_fpr0.005: 0.3263
Epoch 57/400
68/68 - 5s - 69ms/step - accuracy: 0.6895 - loss: 0.3679 - val_accuracy: 0.4454 - val_loss: 0.3967 - val_sens_fpr0.005: 0.3263
Epoch 58/400
68/68 - 5s - 69ms/step - accuracy: 0.6884 - loss: 0.3677 - val_accuracy: 0.4571 - val_loss: 0.3958 - val_sens_fpr0.005: 0.3294
Epoch 59/400
68/68 - 5s - 69ms/step - accuracy: 0.6894 - loss: 0.3675 - val_accuracy: 0.4380 - val_loss: 0.3976 - val_sens_fpr0.005: 0.3316
Epoch 60/400
68/68 - 5s - 70ms/step - accuracy: 0.6906 - loss: 0.3673 - val_accuracy: 0.4758 - val_loss: 0.3950 - val_sens_fpr0.005: 0.3294
Epoch 61/400
68/68 - 5s - 70ms/step - accuracy: 0.6919 - loss: 0.3672 - val_accuracy: 0.4679 - val_loss: 0.3957 - val_sens_fpr0.005: 0.3316
Epoch 62/400
68/68 - 5s - 70ms/step - accuracy: 0.6923 - loss: 0.3670 - val_accuracy: 0.4384 - val_loss: 0.3973 - val_sens_fpr0.005: 0.3316
Epoch 63/400
68/68 - 5s - 69ms/step - accuracy: 0.6945 - loss: 0.3669 - val_accuracy: 0.4599 - val_loss: 0.3958 - val_sens_fpr0.005: 0.3316
Epoch 64/400
68/68 - 5s - 69ms/step - accuracy: 0.6950 - loss: 0.3668 - val_accuracy: 0.4278 - val_loss: 0.3975 - val_sens_fpr0.005: 0.3316
Epoch 65/400
68/68 - 5s - 70ms/step - accuracy: 0.6967 - loss: 0.3666 - val_accuracy: 0.4894 - val_loss: 0.3941 - val_sens_fpr0.005: 0.3316
Epoch 66/400
68/68 - 5s - 69ms/step - accuracy: 0.6959 - loss: 0.3665 - val_accuracy: 0.4488 - val_loss: 0.3966 - val_sens_fpr0.005: 0.3316
Epoch 67/400
68/68 - 5s - 69ms/step - accuracy: 0.6982 - loss: 0.3663 - val_accuracy: 0.4346 - val_loss: 0.3970 - val_sens_fpr0.005: 0.3316
Epoch 68/400
68/68 - 5s - 69ms/step - accuracy: 0.6978 - loss: 0.3662 - val_accuracy: 0.4592 - val_loss: 0.3960 - val_sens_fpr0.005: 0.3316
Epoch 69/400
68/68 - 5s - 69ms/step - accuracy: 0.6992 - loss: 0.3661 - val_accuracy: 0.4554 - val_loss: 0.3962 - val_sens_fpr0.005: 0.3399
Epoch 70/400
68/68 - 5s - 69ms/step - accuracy: 0.6993 - loss: 0.3660 - val_accuracy: 0.4518 - val_loss: 0.3964 - val_sens_fpr0.005: 0.3421
Epoch 71/400
68/68 - 5s - 70ms/step - accuracy: 0.7002 - loss: 0.3658 - val_accuracy: 0.4424 - val_loss: 0.3970 - val_sens_fpr0.005: 0.3347
Epoch 72/400
68/68 - 5s - 69ms/step - accuracy: 0.7007 - loss: 0.3656 - val_accuracy: 0.4509 - val_loss: 0.3963 - val_sens_fpr0.005: 0.3316
Epoch 73/400
68/68 - 5s - 69ms/step - accuracy: 0.7014 - loss: 0.3657 - val_accuracy: 0.4531 - val_loss: 0.3961 - val_sens_fpr0.005: 0.3316
Epoch 74/400
68/68 - 5s - 69ms/step - accuracy: 0.7026 - loss: 0.3654 - val_accuracy: 0.4715 - val_loss: 0.3952 - val_sens_fpr0.005: 0.3421
Epoch 75/400
68/68 - 5s - 69ms/step - accuracy: 0.7033 - loss: 0.3654 - val_accuracy: 0.4322 - val_loss: 0.3979 - val_sens_fpr0.005: 0.3368
Epoch 76/400
68/68 - 5s - 69ms/step - accuracy: 0.7031 - loss: 0.3651 - val_accuracy: 0.4584 - val_loss: 0.3961 - val_sens_fpr0.005: 0.3474
Epoch 77/400
68/68 - 5s - 69ms/step - accuracy: 0.7037 - loss: 0.3651 - val_accuracy: 0.4480 - val_loss: 0.3968 - val_sens_fpr0.005: 0.3452
Epoch 78/400
68/68 - 5s - 69ms/step - accuracy: 0.7054 - loss: 0.3649 - val_accuracy: 0.4437 - val_loss: 0.3978 - val_sens_fpr0.005: 0.3452
Epoch 79/400
68/68 - 5s - 70ms/step - accuracy: 0.7076 - loss: 0.3648 - val_accuracy: 0.4488 - val_loss: 0.3968 - val_sens_fpr0.005: 0.3474
Epoch 80/400
68/68 - 5s - 69ms/step - accuracy: 0.7059 - loss: 0.3647 - val_accuracy: 0.4675 - val_loss: 0.3954 - val_sens_fpr0.005: 0.3474
Epoch 81/400
68/68 - 5s - 69ms/step - accuracy: 0.7076 - loss: 0.3646 - val_accuracy: 0.4507 - val_loss: 0.3968 - val_sens_fpr0.005: 0.3474
Epoch 82/400
68/68 - 5s - 69ms/step - accuracy: 0.7076 - loss: 0.3645 - val_accuracy: 0.4720 - val_loss: 0.3951 - val_sens_fpr0.005: 0.3474
Epoch 83/400
68/68 - 5s - 69ms/step - accuracy: 0.7092 - loss: 0.3643 - val_accuracy: 0.4507 - val_loss: 0.3966 - val_sens_fpr0.005: 0.3421
Epoch 84/400
68/68 - 5s - 70ms/step - accuracy: 0.7094 - loss: 0.3643 - val_accuracy: 0.4535 - val_loss: 0.3965 - val_sens_fpr0.005: 0.3474
Epoch 85/400
68/68 - 5s - 70ms/step - accuracy: 0.7102 - loss: 0.3641 - val_accuracy: 0.4148 - val_loss: 0.3989 - val_sens_fpr0.005: 0.3452
Epoch 86/400
68/68 - 5s - 69ms/step - accuracy: 0.7106 - loss: 0.3641 - val_accuracy: 0.4613 - val_loss: 0.3957 - val_sens_fpr0.005: 0.3474
Epoch 87/400
68/68 - 5s - 70ms/step - accuracy: 0.7126 - loss: 0.3640 - val_accuracy: 0.4550 - val_loss: 0.3964 - val_sens_fpr0.005: 0.3452
Epoch 88/400
68/68 - 5s - 69ms/step - accuracy: 0.7112 - loss: 0.3638 - val_accuracy: 0.4261 - val_loss: 0.3987 - val_sens_fpr0.005: 0.3474
Epoch 89/400
68/68 - 5s - 69ms/step - accuracy: 0.7135 - loss: 0.3638 - val_accuracy: 0.4418 - val_loss: 0.3972 - val_sens_fpr0.005: 0.3421
Epoch 90/400
68/68 - 5s - 70ms/step - accuracy: 0.7132 - loss: 0.3636 - val_accuracy: 0.4633 - val_loss: 0.3959 - val_sens_fpr0.005: 0.3514
Epoch 91/400
68/68 - 5s - 69ms/step - accuracy: 0.7148 - loss: 0.3635 - val_accuracy: 0.4658 - val_loss: 0.3958 - val_sens_fpr0.005: 0.3567
Epoch 92/400
68/68 - 5s - 69ms/step - accuracy: 0.7144 - loss: 0.3634 - val_accuracy: 0.4548 - val_loss: 0.3968 - val_sens_fpr0.005: 0.3474
Epoch 93/400
68/68 - 5s - 69ms/step - accuracy: 0.7156 - loss: 0.3633 - val_accuracy: 0.4654 - val_loss: 0.3960 - val_sens_fpr0.005: 0.3421
Epoch 94/400
68/68 - 5s - 69ms/step - accuracy: 0.7155 - loss: 0.3632 - val_accuracy: 0.4652 - val_loss: 0.3960 - val_sens_fpr0.005: 0.3474
Epoch 95/400
68/68 - 5s - 70ms/step - accuracy: 0.7166 - loss: 0.3631 - val_accuracy: 0.4775 - val_loss: 0.3950 - val_sens_fpr0.005: 0.3557
Epoch 96/400
68/68 - 5s - 70ms/step - accuracy: 0.7174 - loss: 0.3630 - val_accuracy: 0.4654 - val_loss: 0.3960 - val_sens_fpr0.005: 0.3474
Epoch 97/400
68/68 - 5s - 69ms/step - accuracy: 0.7186 - loss: 0.3630 - val_accuracy: 0.4870 - val_loss: 0.3942 - val_sens_fpr0.005: 0.3474
Epoch 98/400
68/68 - 5s - 70ms/step - accuracy: 0.7197 - loss: 0.3628 - val_accuracy: 0.4800 - val_loss: 0.3946 - val_sens_fpr0.005: 0.3579
Epoch 99/400
68/68 - 5s - 68ms/step - accuracy: 0.7203 - loss: 0.3628 - val_accuracy: 0.4407 - val_loss: 0.3966 - val_sens_fpr0.005: 0.3474
Epoch 100/400
68/68 - 5s - 69ms/step - accuracy: 0.7198 - loss: 0.3627 - val_accuracy: 0.4667 - val_loss: 0.3961 - val_sens_fpr0.005: 0.3474
Epoch 101/400
68/68 - 5s - 69ms/step - accuracy: 0.7210 - loss: 0.3626 - val_accuracy: 0.4698 - val_loss: 0.3953 - val_sens_fpr0.005: 0.3526
Epoch 102/400
68/68 - 5s - 68ms/step - accuracy: 0.7214 - loss: 0.3624 - val_accuracy: 0.4575 - val_loss: 0.3962 - val_sens_fpr0.005: 0.3526
Epoch 103/400
68/68 - 5s - 70ms/step - accuracy: 0.7236 - loss: 0.3624 - val_accuracy: 0.4422 - val_loss: 0.3970 - val_sens_fpr0.005: 0.3557
Epoch 104/400
68/68 - 5s - 70ms/step - accuracy: 0.7225 - loss: 0.3622 - val_accuracy: 0.4405 - val_loss: 0.3968 - val_sens_fpr0.005: 0.3526
Epoch 105/400
68/68 - 5s - 70ms/step - accuracy: 0.7229 - loss: 0.3622 - val_accuracy: 0.4677 - val_loss: 0.3956 - val_sens_fpr0.005: 0.3579
Epoch 106/400
68/68 - 5s - 70ms/step - accuracy: 0.7240 - loss: 0.3621 - val_accuracy: 0.4567 - val_loss: 0.3962 - val_sens_fpr0.005: 0.3579
Epoch 107/400
68/68 - 5s - 70ms/step - accuracy: 0.7249 - loss: 0.3620 - val_accuracy: 0.4560 - val_loss: 0.3962 - val_sens_fpr0.005: 0.3579
Epoch 108/400
68/68 - 5s - 69ms/step - accuracy: 0.7253 - loss: 0.3620 - val_accuracy: 0.4637 - val_loss: 0.3960 - val_sens_fpr0.005: 0.3610
Epoch 109/400
68/68 - 5s - 69ms/step - accuracy: 0.7249 - loss: 0.3618 - val_accuracy: 0.4775 - val_loss: 0.3951 - val_sens_fpr0.005: 0.3579
Epoch 110/400
68/68 - 5s - 70ms/step - accuracy: 0.7259 - loss: 0.3618 - val_accuracy: 0.4745 - val_loss: 0.3955 - val_sens_fpr0.005: 0.3579
  RestoreBestSens: epoch 109 — smoothed val_sens_fpr0.005 (window 5)
[4/11] Lily Adam - One Hive/recorders/wooster/2024-07-26/1_143: 110 epochs (best 109), val_loss 0.3941, 69087/4708 frames train/val, sens@fpr0.5%=0.358
2026-09-04 18:01:10.588769: W external/local_tsl/tsl/framework/cpu_allocator_impl.cc:83] Allocation of 1692008448 exceeds 10% of free system memory.
2026-09-04 18:01:21.399537: W external/local_tsl/tsl/framework/bfc_allocator.cc:487] Allocator (GPU_0_bfc) ran out of memory trying to allocate 1.58GiB (rounded to 1692008448)requested by op _EagerConst
If the cause is memory fragmentation maybe the environment variable 'TF_GPU_ALLOCATOR=cuda_malloc_async' will improve the situation. 
Current allocation summary follows.
Current allocation summary follows.
2026-09-04 18:01:21.399609: I external/local_tsl/tsl/framework/bfc_allocator.cc:1044] BFCAllocator dump for GPU_0_bfc
2026-09-04 18:01:21.399622: I external/local_tsl/tsl/framework/bfc_allocator.cc:1051] Bin (256): 	Total Chunks: 183, Chunks in use: 180. 45.8KiB allocated for chunks. 45.0KiB in use in bin. 3.2KiB client-requested in use in bin.
2026-09-04 18:01:21.399634: I external/local_tsl/tsl/framework/bfc_allocator.cc:1051] Bin (512): 	Total Chunks: 13, Chunks in use: 12. 7.0KiB allocated for chunks. 6.2KiB in use in bin. 6.0KiB client-requested in use in bin.
2026-09-04 18:01:21.399645: I external/local_tsl/tsl/framework/bfc_allocator.cc:1051] Bin (1024): 	Total Chunks: 15, Chunks in use: 15. 16.0KiB allocated for chunks. 16.0KiB in use in bin. 15.3KiB client-requested in use in bin.
2026-09-04 18:01:21.399655: I external/local_tsl/tsl/framework/bfc_allocator.cc:1051] Bin (2048): 	Total Chunks: 38, Chunks in use: 37. 79.8KiB allocated for chunks. 77.5KiB in use in bin. 74.2KiB client-requested in use in bin.
2026-09-04 18:01:21.399666: I external/local_tsl/tsl/framework/bfc_allocator.cc:1051] Bin (4096): 	Total Chunks: 12, Chunks in use: 11. 53.8KiB allocated for chunks. 49.8KiB in use in bin. 45.0KiB client-requested in use in bin.
2026-09-04 18:01:21.399677: I external/local_tsl/tsl/framework/bfc_allocator.cc:1051] Bin (8192): 	Total Chunks: 4, Chunks in use: 3. 41.0KiB allocated for chunks. 29.0KiB in use in bin. 26.0KiB client-requested in use in bin.
2026-09-04 18:01:21.399687: I external/local_tsl/tsl/framework/bfc_allocator.cc:1051] Bin (16384): 	Total Chunks: 8, Chunks in use: 8. 149.0KiB allocated for chunks. 149.0KiB in use in bin. 144.0KiB client-requested in use in bin.
2026-09-04 18:01:21.399698: I external/local_tsl/tsl/framework/bfc_allocator.cc:1051] Bin (32768): 	Total Chunks: 4, Chunks in use: 4. 158.5KiB allocated for chunks. 158.5KiB in use in bin. 140.0KiB client-requested in use in bin.
2026-09-04 18:01:21.399709: I external/local_tsl/tsl/framework/bfc_allocator.cc:1051] Bin (65536): 	Total Chunks: 6, Chunks in use: 4. 458.0KiB allocated for chunks. 270.0KiB in use in bin. 268.0KiB client-requested in use in bin.
2026-09-04 18:01:21.399719: I external/local_tsl/tsl/framework/bfc_allocator.cc:1051] Bin (131072): 	Total Chunks: 2, Chunks in use: 1. 338.0KiB allocated for chunks. 128.0KiB in use in bin. 128.0KiB client-requested in use in bin.
2026-09-04 18:01:21.399731: I external/local_tsl/tsl/framework/bfc_allocator.cc:1051] Bin (262144): 	Total Chunks: 2, Chunks in use: 2. 568.8KiB allocated for chunks. 568.8KiB in use in bin. 568.6KiB client-requested in use in bin.
2026-09-04 18:01:21.399741: I external/local_tsl/tsl/framework/bfc_allocator.cc:1051] Bin (524288): 	Total Chunks: 2, Chunks in use: 1. 1.25MiB allocated for chunks. 512.0KiB in use in bin. 512.0KiB client-requested in use in bin.
2026-09-04 18:01:21.399752: I external/local_tsl/tsl/framework/bfc_allocator.cc:1051] Bin (1048576): 	Total Chunks: 5, Chunks in use: 5. 5.50MiB allocated for chunks. 5.50MiB in use in bin. 5.00MiB client-requested in use in bin.
2026-09-04 18:01:21.399762: I external/local_tsl/tsl/framework/bfc_allocator.cc:1051] Bin (2097152): 	Total Chunks: 3, Chunks in use: 3. 6.00MiB allocated for chunks. 6.00MiB in use in bin. 6.00MiB client-requested in use in bin.
2026-09-04 18:01:21.400060: I external/local_tsl/tsl/framework/bfc_allocator.cc:1051] Bin (4194304): 	Total Chunks: 5, Chunks in use: 4. 23.48MiB allocated for chunks. 16.48MiB in use in bin. 16.48MiB client-requested in use in bin.
2026-09-04 18:01:21.400071: I external/local_tsl/tsl/framework/bfc_allocator.cc:1051] Bin (8388608): 	Total Chunks: 0, Chunks in use: 0. 0B allocated for chunks. 0B in use in bin. 0B client-requested in use in bin.
2026-09-04 18:01:21.400079: I external/local_tsl/tsl/framework/bfc_allocator.cc:1051] Bin (16777216): 	Total Chunks: 0, Chunks in use: 0. 0B allocated for chunks. 0B in use in bin. 0B client-requested in use in bin.
2026-09-04 18:01:21.400086: I external/local_tsl/tsl/framework/bfc_allocator.cc:1051] Bin (33554432): 	Total Chunks: 0, Chunks in use: 0. 0B allocated for chunks. 0B in use in bin. 0B client-requested in use in bin.
2026-09-04 18:01:21.400095: I external/local_tsl/tsl/framework/bfc_allocator.cc:1051] Bin (67108864): 	Total Chunks: 1, Chunks in use: 1. 110.34MiB allocated for chunks. 110.34MiB in use in bin. 110.34MiB client-requested in use in bin.
2026-09-04 18:01:21.400103: I external/local_tsl/tsl/framework/bfc_allocator.cc:1051] Bin (134217728): 	Total Chunks: 0, Chunks in use: 0. 0B allocated for chunks. 0B in use in bin. 0B client-requested in use in bin.
2026-09-04 18:01:21.400111: I external/local_tsl/tsl/framework/bfc_allocator.cc:1051] Bin (268435456): 	Total Chunks: 3, Chunks in use: 1. 2.12GiB allocated for chunks. 1.58GiB in use in bin. 1.58GiB client-requested in use in bin.
2026-09-04 18:01:21.400119: I external/local_tsl/tsl/framework/bfc_allocator.cc:1067] Bin for 1.58GiB was 256.00MiB, Chunk State: 
2026-09-04 18:01:21.400132: I external/local_tsl/tsl/framework/bfc_allocator.cc:1073]   Size: 272.14MiB | Requested Size: 1.17MiB | in_use: 0 | bin_num: 20, prev:   Size: 4.00MiB | Requested Size: 4.00MiB | in_use: 1 | bin_num: -1, next:   Size: 2.00MiB | Requested Size: 2.00MiB | in_use: 1 | bin_num: -1
2026-09-04 18:01:21.400142: I external/local_tsl/tsl/framework/bfc_allocator.cc:1073]   Size: 282.19MiB | Requested Size: 24.00MiB | in_use: 0 | bin_num: 20, prev:   Size: 4.00MiB | Requested Size: 4.00MiB | in_use: 1 | bin_num: -1
2026-09-04 18:01:21.400149: I external/local_tsl/tsl/framework/bfc_allocator.cc:1080] Next region of size 2434793472
2026-09-04 18:01:21.400157: I external/local_tsl/tsl/framework/bfc_allocator.cc:1100] InUse at 7e6092000000 of size 1697882112 next 1
2026-09-04 18:01:21.400165: I external/local_tsl/tsl/framework/bfc_allocator.cc:1100] InUse at 7e60f733a000 of size 1280 next 2
2026-09-04 18:01:21.400171: I external/local_tsl/tsl/framework/bfc_allocator.cc:1100] InUse at 7e60f733a500 of size 4698112 next 3
2026-09-04 18:01:21.400178: I external/local_tsl/tsl/framework/bfc_allocator.cc:1100] InUse at 7e60f77b5500 of size 256 next 4
2026-09-04 18:01:21.400184: I external/local_tsl/tsl/framework/bfc_allocator.cc:1100] InUse at 7e60f77b5600 of size 256 next 5
2026-09-04 18:01:21.400190: I external/local_tsl/tsl/framework/bfc_allocator.cc:1100] InUse at 7e60f77b5700 of size 256 next 6
2026-09-04 18:01:21.400195: I external/local_tsl/tsl/framework/bfc_allocator.cc:1100] InUse at 7e60f77b5800 of size 256 next 7
2026-09-04 18:01:21.400201: I external/local_tsl/tsl/framework/bfc_allocator.cc:1100] InUse at 7e60f77b5900 of size 256 next 8
2026-09-04 18:01:21.400206: I external/local_tsl/tsl/framework/bfc_allocator.cc:1100] InUse at 7e60f77b5a00 of size 115703808 next 9
2026-09-04 18:01:21.400213: I external/local_tsl/tsl/framework/bfc_allocator.cc:1100] InUse at 7e60fe60da00 of size 320256 next 10
2026-09-04 18:01:21.400220: I external/local_tsl/tsl/framework/bfc_allocator.cc:1100] InUse at 7e60fe65bd00 of size 256 next 11
2026-09-04 18:01:21.400226: I external/local_tsl/tsl/framework/bfc_allocator.cc:1100] InUse at 7e60fe65be00 of size 256 next 12
2026-09-04 18:01:21.400231: I external/local_tsl/tsl/framework/bfc_allocator.cc:1100] InUse at 7e60fe65bf00 of size 256 next 13
2026-09-04 18:01:21.400241: I external/local_tsl/tsl/framework/bfc_allocator.cc:1100] InUse at 7e60fe65c000 of size 256 next 14
2026-09-04 18:01:21.400247: I external/local_tsl/tsl/framework/bfc_allocator.cc:1100] InUse at 7e60fe65c100 of size 256 next 16
2026-09-04 18:01:21.400253: I external/local_tsl/tsl/framework/bfc_allocator.cc:1100] InUse at 7e60fe65c200 of size 256 next 17
2026-09-04 18:01:21.400258: I external/local_tsl/tsl/framework/bfc_allocator.cc:1100] InUse at 7e60fe65c300 of size 256 next 15
2026-09-04 18:01:21.400264: I external/local_tsl/tsl/framework/bfc_allocator.cc:1100] InUse at 7e60fe65c400 of size 256 next 18
2026-09-04 18:01:21.400269: I external/local_tsl/tsl/framework/bfc_allocator.cc:1100] InUse at 7e60fe65c500 of size 256 next 30
2026-09-04 18:01:21.400275: I external/local_tsl/tsl/framework/bfc_allocator.cc:1100] InUse at 7e60fe65c600 of size 256 next 28
2026-09-04 18:01:21.400280: I external/local_tsl/tsl/framework/bfc_allocator.cc:1100] InUse at 7e60fe65c700 of size 256 next 29
2026-09-04 18:01:21.400286: I external/local_tsl/tsl/framework/bfc_allocator.cc:1100] InUse at 7e60fe65c800 of size 256 next 33
2026-09-04 18:01:21.400291: I external/local_tsl/tsl/framework/bfc_allocator.cc:1100] InUse at 7e60fe65c900 of size 256 next 34
2026-09-04 18:01:21.400297: I external/local_tsl/tsl/framework/bfc_allocator.cc:1100] InUse at 7e60fe65ca00 of size 256 next 37
2026-09-04 18:01:21.400302: I external/local_tsl/tsl/framework/bfc_allocator.cc:1100] InUse at 7e60fe65cb00 of size 256 next 35
2026-09-04 18:01:21.400308: I external/local_tsl/tsl/framework/bfc_allocator.cc:1100] InUse at 7e60fe65cc00 of size 256 next 36
2026-09-04 18:01:21.400314: I external/local_tsl/tsl/framework/bfc_allocator.cc:1100] InUse at 7e60fe65cd00 of size 256 next 19
2026-09-04 18:01:21.400319: I external/local_tsl/tsl/framework/bfc_allocator.cc:1100] InUse at 7e60fe65ce00 of size 256 next 161
2026-09-04 18:01:21.400326: I external/local_tsl/tsl/framework/bfc_allocator.cc:1100] InUse at 7e60fe65cf00 of size 256 next 20
2026-09-04 18:01:21.400331: I external/local_tsl/tsl/framework/bfc_allocator.cc:1100] InUse at 7e60fe65d000 of size 256 next 22
2026-09-04 18:01:21.400337: I external/local_tsl/tsl/framework/bfc_allocator.cc:1100] InUse at 7e60fe65d100 of size 256 next 23
2026-09-04 18:01:21.400343: I external/local_tsl/tsl/framework/bfc_allocator.cc:1100] InUse at 7e60fe65d200 of size 256 next 25
2026-09-04 18:01:21.400349: I external/local_tsl/tsl/framework/bfc_allocator.cc:1100] InUse at 7e60fe65d300 of size 768 next 21
2026-09-04 18:01:21.400355: I external/local_tsl/tsl/framework/bfc_allocator.cc:1100] InUse at 7e60fe65d600 of size 256 next 24
2026-09-04 18:01:21.400361: I external/local_tsl/tsl/framework/bfc_allocator.cc:1100] InUse at 7e60fe65d700 of size 256 next 27
2026-09-04 18:01:21.400366: I external/local_tsl/tsl/framework/bfc_allocator.cc:1100] InUse at 7e60fe65d800 of size 512 next 26
2026-09-04 18:01:21.400372: I external/local_tsl/tsl/framework/bfc_allocator.cc:1100] InUse at 7e60fe65da00 of size 512 next 40
2026-09-04 18:01:21.400378: I external/local_tsl/tsl/framework/bfc_allocator.cc:1100] InUse at 7e60fe65dc00 of size 512 next 43
2026-09-04 18:01:21.400383: I external/local_tsl/tsl/framework/bfc_allocator.cc:1100] InUse at 7e60fe65de00 of size 512 next 38
2026-09-04 18:01:21.400389: I external/local_tsl/tsl/framework/bfc_allocator.cc:1100] InUse at 7e60fe65e000 of size 512 next 52
2026-09-04 18:01:21.400394: I external/local_tsl/tsl/framework/bfc_allocator.cc:1100] InUse at 7e60fe65e200 of size 512 next 41
2026-09-04 18:01:21.400400: I external/local_tsl/tsl/framework/bfc_allocator.cc:1100] InUse at 7e60fe65e400 of size 256 next 42
2026-09-04 18:01:21.400406: I external/local_tsl/tsl/framework/bfc_allocator.cc:1100] InUse at 7e60fe65e500 of size 256 next 46
2026-09-04 18:01:21.400411: I external/local_tsl/tsl/framework/bfc_allocator.cc:1100] InUse at 7e60fe65e600 of size 512 next 47
2026-09-04 18:01:21.400417: I external/local_tsl/tsl/framework/bfc_allocator.cc:1100] InUse at 7e60fe65e800 of size 512 next 50
2026-09-04 18:01:21.400425: I external/local_tsl/tsl/framework/bfc_allocator.cc:1100] InUse at 7e60fe65ea00 of size 512 next 48
2026-09-04 18:01:21.400432: I external/local_tsl/tsl/framework/bfc_allocator.cc:1100] InUse at 7e60fe65ec00 of size 256 next 49
2026-09-04 18:01:21.400437: I external/local_tsl/tsl/framework/bfc_allocator.cc:1100] InUse at 7e60fe65ed00 of size 512 next 53
2026-09-04 18:01:21.400443: I external/local_tsl/tsl/framework/bfc_allocator.cc:1100] InUse at 7e60fe65ef00 of size 256 next 39
2026-09-04 18:01:21.400449: I external/local_tsl/tsl/framework/bfc_allocator.cc:1100] InUse at 7e60fe65f000 of size 1024 next 61
2026-09-04 18:01:21.400455: I external/local_tsl/tsl/framework/bfc_allocator.cc:1100] InUse at 7e60fe65f400 of size 1024 next 68
2026-09-04 18:01:21.400462: I external/local_tsl/tsl/framework/bfc_allocator.cc:1100] InUse at 7e60fe65f800 of size 2304 next 65
2026-09-04 18:01:21.400468: I external/local_tsl/tsl/framework/bfc_allocator.cc:1100] InUse at 7e60fe660100 of size 256 next 66
2026-09-04 18:01:21.400474: I external/local_tsl/tsl/framework/bfc_allocator.cc:1100] InUse at 7e60fe660200 of size 256 next 69
2026-09-04 18:01:21.400479: I external/local_tsl/tsl/framework/bfc_allocator.cc:1100] InUse at 7e60fe660300 of size 1024 next 70
2026-09-04 18:01:21.400486: I external/local_tsl/tsl/framework/bfc_allocator.cc:1100] InUse at 7e60fe660700 of size 1024 next 73
2026-09-04 18:01:21.400492: I external/local_tsl/tsl/framework/bfc_allocator.cc:1100] InUse at 7e60fe660b00 of size 1024 next 71
2026-09-04 18:01:21.400499: I external/local_tsl/tsl/framework/bfc_allocator.cc:1100] InUse at 7e60fe660f00 of size 256 next 72
2026-09-04 18:01:21.400505: I external/local_tsl/tsl/framework/bfc_allocator.cc:1100] InUse at 7e60fe661000 of size 256 next 76
2026-09-04 18:01:21.400510: I external/local_tsl/tsl/framework/bfc_allocator.cc:1100] InUse at 7e60fe661100 of size 1024 next 77
2026-09-04 18:01:21.400517: I external/local_tsl/tsl/framework/bfc_allocator.cc:1100] InUse at 7e60fe661500 of size 1024 next 80
2026-09-04 18:01:21.400523: I external/local_tsl/tsl/framework/bfc_allocator.cc:1100] InUse at 7e60fe661900 of size 1280 next 32
2026-09-04 18:01:21.400530: I external/local_tsl/tsl/framework/bfc_allocator.cc:1100] InUse at 7e60fe661e00 of size 2304 next 163
2026-09-04 18:01:21.400536: I external/local_tsl/tsl/framework/bfc_allocator.cc:1100] InUse at 7e60fe662700 of size 5888 next 31
2026-09-04 18:01:21.400543: I external/local_tsl/tsl/framework/bfc_allocator.cc:1100] InUse at 7e60fe663e00 of size 4608 next 51
2026-09-04 18:01:21.400550: I external/local_tsl/tsl/framework/bfc_allocator.cc:1100] InUse at 7e60fe665000 of size 512 next 58
2026-09-04 18:01:21.400556: I external/local_tsl/tsl/framework/bfc_allocator.cc:1100] InUse at 7e60fe665200 of size 1024 next 54
2026-09-04 18:01:21.400563: I external/local_tsl/tsl/framework/bfc_allocator.cc:1100] InUse at 7e60fe665600 of size 256 next 60
2026-09-04 18:01:21.400568: I external/local_tsl/tsl/framework/bfc_allocator.cc:1100] InUse at 7e60fe665700 of size 256 next 63
2026-09-04 18:01:21.400574: I external/local_tsl/tsl/framework/bfc_allocator.cc:1100] InUse at 7e60fe665800 of size 1024 next 64
2026-09-04 18:01:21.400581: I external/local_tsl/tsl/framework/bfc_allocator.cc:1100] InUse at 7e60fe665c00 of size 2048 next 85
2026-09-04 18:01:21.400587: I external/local_tsl/tsl/framework/bfc_allocator.cc:1100] InUse at 7e60fe666400 of size 2048 next 62
2026-09-04 18:01:21.400594: I external/local_tsl/tsl/framework/bfc_allocator.cc:1100] InUse at 7e60fe666c00 of size 2048 next 124
2026-09-04 18:01:21.400600: I external/local_tsl/tsl/framework/bfc_allocator.cc:1100] Free  at 7e60fe667400 of size 2304 next 88
2026-09-04 18:01:21.400607: I external/local_tsl/tsl/framework/bfc_allocator.cc:1100] InUse at 7e60fe667d00 of size 256 next 89
2026-09-04 18:01:21.400613: I external/local_tsl/tsl/framework/bfc_allocator.cc:1100] InUse at 7e60fe667e00 of size 256 next 92
2026-09-04 18:01:21.400618: I external/local_tsl/tsl/framework/bfc_allocator.cc:1100] InUse at 7e60fe667f00 of size 2048 next 93
2026-09-04 18:01:21.400628: I external/local_tsl/tsl/framework/bfc_allocator.cc:1100] InUse at 7e60fe668700 of size 2048 next 96
2026-09-04 18:01:21.400635: I external/local_tsl/tsl/framework/bfc_allocator.cc:1100] InUse at 7e60fe668f00 of size 2048 next 94
2026-09-04 18:01:21.400641: I external/local_tsl/tsl/framework/bfc_allocator.cc:1100] InUse at 7e60fe669700 of size 256 next 95
2026-09-04 18:01:21.400647: I external/local_tsl/tsl/framework/bfc_allocator.cc:1100] InUse at 7e60fe669800 of size 256 next 99
2026-09-04 18:01:21.400652: I external/local_tsl/tsl/framework/bfc_allocator.cc:1100] InUse at 7e60fe669900 of size 2048 next 100
2026-09-04 18:01:21.400659: I external/local_tsl/tsl/framework/bfc_allocator.cc:1100] InUse at 7e60fe66a100 of size 2048 next 103
2026-09-04 18:01:21.400665: I external/local_tsl/tsl/framework/bfc_allocator.cc:1100] InUse at 7e60fe66a900 of size 2048 next 101
2026-09-04 18:01:21.400672: I external/local_tsl/tsl/framework/bfc_allocator.cc:1100] InUse at 7e60fe66b100 of size 3072 next 75
2026-09-04 18:01:21.400679: I external/local_tsl/tsl/framework/bfc_allocator.cc:1100] InUse at 7e60fe66bd00 of size 9216 next 74
2026-09-04 18:01:21.400685: I external/local_tsl/tsl/framework/bfc_allocator.cc:1100] InUse at 7e60fe66e100 of size 1024 next 79
2026-09-04 18:01:21.400692: I external/local_tsl/tsl/framework/bfc_allocator.cc:1100] InUse at 7e60fe66e500 of size 1024 next 83
2026-09-04 18:01:21.400698: I external/local_tsl/tsl/framework/bfc_allocator.cc:1100] InUse at 7e60fe66e900 of size 256 next 159
2026-09-04 18:01:21.400704: I external/local_tsl/tsl/framework/bfc_allocator.cc:1100] InUse at 7e60fe66ea00 of size 256 next 138
2026-09-04 18:01:21.400711: I external/local_tsl/tsl/framework/bfc_allocator.cc:1100] Free  at 7e60fe66eb00 of size 256 next 133
2026-09-04 18:01:21.400717: I external/local_tsl/tsl/framework/bfc_allocator.cc:1100] InUse at 7e60fe66ec00 of size 256 next 78
2026-09-04 18:01:21.400723: I external/local_tsl/tsl/framework/bfc_allocator.cc:1100] InUse at 7e60fe66ed00 of size 256 next 84
2026-09-04 18:01:21.400728: I external/local_tsl/tsl/framework/bfc_allocator.cc:1100] InUse at 7e60fe66ee00 of size 256 next 86
2026-09-04 18:01:21.400734: I external/local_tsl/tsl/framework/bfc_allocator.cc:1100] InUse at 7e60fe66ef00 of size 2048 next 87
2026-09-04 18:01:21.400740: I external/local_tsl/tsl/framework/bfc_allocator.cc:1100] InUse at 7e60fe66f700 of size 4096 next 146
2026-09-04 18:01:21.400747: I external/local_tsl/tsl/framework/bfc_allocator.cc:1100] InUse at 7e60fe670700 of size 4096 next 160
2026-09-04 18:01:21.400753: I external/local_tsl/tsl/framework/bfc_allocator.cc:1100] InUse at 7e60fe671700 of size 256 next 198
2026-09-04 18:01:21.400760: I external/local_tsl/tsl/framework/bfc_allocator.cc:1100] InUse at 7e60fe671800 of size 256 next 179
2026-09-04 18:01:21.400766: I external/local_tsl/tsl/framework/bfc_allocator.cc:1100] InUse at 7e60fe671900 of size 256 next 206
2026-09-04 18:01:21.400773: I external/local_tsl/tsl/framework/bfc_allocator.cc:1100] InUse at 7e60fe671a00 of size 256 next 207
2026-09-04 18:01:21.400779: I external/local_tsl/tsl/framework/bfc_allocator.cc:1100] InUse at 7e60fe671b00 of size 256 next 169
2026-09-04 18:01:21.400786: I external/local_tsl/tsl/framework/bfc_allocator.cc:1100] InUse at 7e60fe671c00 of size 256 next 212
2026-09-04 18:01:21.400792: I external/local_tsl/tsl/framework/bfc_allocator.cc:1100] InUse at 7e60fe671d00 of size 256 next 209
2026-09-04 18:01:21.400798: I external/local_tsl/tsl/framework/bfc_allocator.cc:1100] InUse at 7e60fe671e00 of size 256 next 170
2026-09-04 18:01:21.400805: I external/local_tsl/tsl/framework/bfc_allocator.cc:1100] InUse at 7e60fe671f00 of size 256 next 208
2026-09-04 18:01:21.400811: I external/local_tsl/tsl/framework/bfc_allocator.cc:1100] InUse at 7e60fe672000 of size 256 next 171
2026-09-04 18:01:21.400817: I external/local_tsl/tsl/framework/bfc_allocator.cc:1100] InUse at 7e60fe672100 of size 256 next 217
2026-09-04 18:01:21.400830: I external/local_tsl/tsl/framework/bfc_allocator.cc:1100] InUse at 7e60fe672200 of size 256 next 213
2026-09-04 18:01:21.400844: I external/local_tsl/tsl/framework/bfc_allocator.cc:1100] InUse at 7e60fe672300 of size 256 next 196
2026-09-04 18:01:21.400851: I external/local_tsl/tsl/framework/bfc_allocator.cc:1100] InUse at 7e60fe672400 of size 256 next 210
2026-09-04 18:01:21.400857: I external/local_tsl/tsl/framework/bfc_allocator.cc:1100] InUse at 7e60fe672500 of size 256 next 211
2026-09-04 18:01:21.400864: I external/local_tsl/tsl/framework/bfc_allocator.cc:1100] InUse at 7e60fe672600 of size 256 next 175
2026-09-04 18:01:21.400870: I external/local_tsl/tsl/framework/bfc_allocator.cc:1100] InUse at 7e60fe672700 of size 256 next 219
2026-09-04 18:01:21.400877: I external/local_tsl/tsl/framework/bfc_allocator.cc:1100] InUse at 7e60fe672800 of size 256 next 228
2026-09-04 18:01:21.400883: I external/local_tsl/tsl/framework/bfc_allocator.cc:1100] InUse at 7e60fe672900 of size 256 next 197
2026-09-04 18:01:21.400889: I external/local_tsl/tsl/framework/bfc_allocator.cc:1100] InUse at 7e60fe672a00 of size 256 next 215
2026-09-04 18:01:21.400896: I external/local_tsl/tsl/framework/bfc_allocator.cc:1100] InUse at 7e60fe672b00 of size 256 next 225
2026-09-04 18:01:21.400902: I external/local_tsl/tsl/framework/bfc_allocator.cc:1100] InUse at 7e60fe672c00 of size 256 next 231
2026-09-04 18:01:21.400909: I external/local_tsl/tsl/framework/bfc_allocator.cc:1100] InUse at 7e60fe672d00 of size 256 next 234
2026-09-04 18:01:21.400915: I external/local_tsl/tsl/framework/bfc_allocator.cc:1100] InUse at 7e60fe672e00 of size 256 next 176
2026-09-04 18:01:21.400921: I external/local_tsl/tsl/framework/bfc_allocator.cc:1100] InUse at 7e60fe672f00 of size 256 next 221
2026-09-04 18:01:21.400928: I external/local_tsl/tsl/framework/bfc_allocator.cc:1100] Free  at 7e60fe673000 of size 768 next 233
2026-09-04 18:01:21.400934: I external/local_tsl/tsl/framework/bfc_allocator.cc:1100] InUse at 7e60fe673300 of size 256 next 224
2026-09-04 18:01:21.400941: I external/local_tsl/tsl/framework/bfc_allocator.cc:1100] InUse at 7e60fe673400 of size 256 next 237
2026-09-04 18:01:21.400947: I external/local_tsl/tsl/framework/bfc_allocator.cc:1100] InUse at 7e60fe673500 of size 256 next 229
2026-09-04 18:01:21.400953: I external/local_tsl/tsl/framework/bfc_allocator.cc:1100] InUse at 7e60fe673600 of size 256 next 259
2026-09-04 18:01:21.400960: I external/local_tsl/tsl/framework/bfc_allocator.cc:1100] InUse at 7e60fe673700 of size 256 next 245
2026-09-04 18:01:21.400966: I external/local_tsl/tsl/framework/bfc_allocator.cc:1100] Free  at 7e60fe673800 of size 256 next 216
2026-09-04 18:01:21.400972: I external/local_tsl/tsl/framework/bfc_allocator.cc:1100] InUse at 7e60fe673900 of size 256 next 218
2026-09-04 18:01:21.400979: I external/local_tsl/tsl/framework/bfc_allocator.cc:1100] Free  at 7e60fe673a00 of size 256 next 214
2026-09-04 18:01:21.400985: I external/local_tsl/tsl/framework/bfc_allocator.cc:1100] InUse at 7e60fe673b00 of size 256 next 238
2026-09-04 18:01:21.400992: I external/local_tsl/tsl/framework/bfc_allocator.cc:1100] InUse at 7e60fe673c00 of size 256 next 226
2026-09-04 18:01:21.400998: I external/local_tsl/tsl/framework/bfc_allocator.cc:1100] InUse at 7e60fe673d00 of size 256 next 45
2026-09-04 18:01:21.401004: I external/local_tsl/tsl/framework/bfc_allocator.cc:1100] InUse at 7e60fe673e00 of size 9216 next 55
2026-09-04 18:01:21.401010: I external/local_tsl/tsl/framework/bfc_allocator.cc:1100] InUse at 7e60fe676200 of size 23552 next 44
2026-09-04 18:01:21.401017: I external/local_tsl/tsl/framework/bfc_allocator.cc:1100] InUse at 7e60fe67be00 of size 2048 next 106
2026-09-04 18:01:21.401023: I external/local_tsl/tsl/framework/bfc_allocator.cc:1100] InUse at 7e60fe67c600 of size 2048 next 107
2026-09-04 18:01:21.401030: I external/local_tsl/tsl/framework/bfc_allocator.cc:1100] InUse at 7e60fe67ce00 of size 2048 next 102
2026-09-04 18:01:21.401036: I external/local_tsl/tsl/framework/bfc_allocator.cc:1100] InUse at 7e60fe67d600 of size 2048 next 110
2026-09-04 18:01:21.401043: I external/local_tsl/tsl/framework/bfc_allocator.cc:1100] InUse at 7e60fe67de00 of size 2048 next 111
2026-09-04 18:01:21.401052: I external/local_tsl/tsl/framework/bfc_allocator.cc:1100] InUse at 7e60fe67e600 of size 256 next 151
2026-09-04 18:01:21.401059: I external/local_tsl/tsl/framework/bfc_allocator.cc:1100] InUse at 7e60fe67e700 of size 256 next 154
2026-09-04 18:01:21.401066: I external/local_tsl/tsl/framework/bfc_allocator.cc:1100] InUse at 7e60fe67e800 of size 4096 next 155
2026-09-04 18:01:21.401072: I external/local_tsl/tsl/framework/bfc_allocator.cc:1100] Free  at 7e60fe67f800 of size 4096 next 158
2026-09-04 18:01:21.401078: I external/local_tsl/tsl/framework/bfc_allocator.cc:1100] InUse at 7e60fe680800 of size 256 next 137
2026-09-04 18:01:21.401085: I external/local_tsl/tsl/framework/bfc_allocator.cc:1100] InUse at 7e60fe680900 of size 256 next 139
2026-09-04 18:01:21.401091: I external/local_tsl/tsl/framework/bfc_allocator.cc:1100] InUse at 7e60fe680a00 of size 256 next 203
2026-09-04 18:01:21.401098: I external/local_tsl/tsl/framework/bfc_allocator.cc:1100] InUse at 7e60fe680b00 of size 256 next 167
2026-09-04 18:01:21.401104: I external/local_tsl/tsl/framework/bfc_allocator.cc:1100] InUse at 7e60fe680c00 of size 256 next 168
2026-09-04 18:01:21.401110: I external/local_tsl/tsl/framework/bfc_allocator.cc:1100] InUse at 7e60fe680d00 of size 256 next 177
2026-09-04 18:01:21.401117: I external/local_tsl/tsl/framework/bfc_allocator.cc:1100] InUse at 7e60fe680e00 of size 256 next 193
2026-09-04 18:01:21.401123: I external/local_tsl/tsl/framework/bfc_allocator.cc:1100] InUse at 7e60fe680f00 of size 256 next 174
2026-09-04 18:01:21.401129: I external/local_tsl/tsl/framework/bfc_allocator.cc:1100] InUse at 7e60fe681000 of size 256 next 178
2026-09-04 18:01:21.401136: I external/local_tsl/tsl/framework/bfc_allocator.cc:1100] InUse at 7e60fe681100 of size 256 next 181
2026-09-04 18:01:21.401142: I external/local_tsl/tsl/framework/bfc_allocator.cc:1100] InUse at 7e60fe681200 of size 256 next 191
2026-09-04 18:01:21.401149: I external/local_tsl/tsl/framework/bfc_allocator.cc:1100] InUse at 7e60fe681300 of size 256 next 192
2026-09-04 18:01:21.401155: I external/local_tsl/tsl/framework/bfc_allocator.cc:1100] InUse at 7e60fe681400 of size 256 next 173
2026-09-04 18:01:21.401161: I external/local_tsl/tsl/framework/bfc_allocator.cc:1100] InUse at 7e60fe681500 of size 256 next 194
2026-09-04 18:01:21.401168: I external/local_tsl/tsl/framework/bfc_allocator.cc:1100] InUse at 7e60fe681600 of size 256 next 172
2026-09-04 18:01:21.401174: I external/local_tsl/tsl/framework/bfc_allocator.cc:1100] InUse at 7e60fe681700 of size 256 next 156
2026-09-04 18:01:21.401181: I external/local_tsl/tsl/framework/bfc_allocator.cc:1100] InUse at 7e60fe681800 of size 1280 next 157
2026-09-04 18:01:21.401187: I external/local_tsl/tsl/framework/bfc_allocator.cc:1100] InUse at 7e60fe681d00 of size 1280 next 162
2026-09-04 18:01:21.401194: I external/local_tsl/tsl/framework/bfc_allocator.cc:1100] InUse at 7e60fe682200 of size 11264 next 98
2026-09-04 18:01:21.401201: I external/local_tsl/tsl/framework/bfc_allocator.cc:1100] InUse at 7e60fe684e00 of size 18432 next 97
2026-09-04 18:01:21.401207: I external/local_tsl/tsl/framework/bfc_allocator.cc:1100] InUse at 7e60fe689600 of size 18432 next 109
2026-09-04 18:01:21.401214: I external/local_tsl/tsl/framework/bfc_allocator.cc:1100] InUse at 7e60fe68de00 of size 2048 next 113
2026-09-04 18:01:21.401221: I external/local_tsl/tsl/framework/bfc_allocator.cc:1100] InUse at 7e60fe68e600 of size 2048 next 114
2026-09-04 18:01:21.401227: I external/local_tsl/tsl/framework/bfc_allocator.cc:1100] InUse at 7e60fe68ee00 of size 2048 next 108
2026-09-04 18:01:21.401234: I external/local_tsl/tsl/framework/bfc_allocator.cc:1100] InUse at 7e60fe68f600 of size 2048 next 118
2026-09-04 18:01:21.401240: I external/local_tsl/tsl/framework/bfc_allocator.cc:1100] InUse at 7e60fe68fe00 of size 2048 next 119
2026-09-04 18:01:21.401246: I external/local_tsl/tsl/framework/bfc_allocator.cc:1100] InUse at 7e60fe690600 of size 2048 next 120
2026-09-04 18:01:21.401256: I external/local_tsl/tsl/framework/bfc_allocator.cc:1100] InUse at 7e60fe690e00 of size 2048 next 122
2026-09-04 18:01:21.401263: I external/local_tsl/tsl/framework/bfc_allocator.cc:1100] InUse at 7e60fe691600 of size 2048 next 123
2026-09-04 18:01:21.401270: I external/local_tsl/tsl/framework/bfc_allocator.cc:1100] InUse at 7e60fe691e00 of size 2304 next 116
2026-09-04 18:01:21.401276: I external/local_tsl/tsl/framework/bfc_allocator.cc:1100] InUse at 7e60fe692700 of size 18432 next 117
2026-09-04 18:01:21.401282: I external/local_tsl/tsl/framework/bfc_allocator.cc:1100] InUse at 7e60fe696f00 of size 2048 next 125
2026-09-04 18:01:21.401289: I external/local_tsl/tsl/framework/bfc_allocator.cc:1100] InUse at 7e60fe697700 of size 2048 next 126
2026-09-04 18:01:21.401295: I external/local_tsl/tsl/framework/bfc_allocator.cc:1100] InUse at 7e60fe697f00 of size 2048 next 127
2026-09-04 18:01:21.401302: I external/local_tsl/tsl/framework/bfc_allocator.cc:1100] InUse at 7e60fe698700 of size 2048 next 129
2026-09-04 18:01:21.401309: I external/local_tsl/tsl/framework/bfc_allocator.cc:1100] InUse at 7e60fe698f00 of size 2048 next 130
2026-09-04 18:01:21.401315: I external/local_tsl/tsl/framework/bfc_allocator.cc:1100] InUse at 7e60fe699700 of size 2048 next 115
2026-09-04 18:01:21.401322: I external/local_tsl/tsl/framework/bfc_allocator.cc:1100] InUse at 7e60fe699f00 of size 2048 next 134
2026-09-04 18:01:21.401328: I external/local_tsl/tsl/framework/bfc_allocator.cc:1100] InUse at 7e60fe69a700 of size 2048 next 135
2026-09-04 18:01:21.401335: I external/local_tsl/tsl/framework/bfc_allocator.cc:1100] InUse at 7e60fe69af00 of size 3840 next 57
2026-09-04 18:01:21.401342: I external/local_tsl/tsl/framework/bfc_allocator.cc:1100] InUse at 7e60fe69be00 of size 18432 next 56
2026-09-04 18:01:21.401348: I external/local_tsl/tsl/framework/bfc_allocator.cc:1100] InUse at 7e60fe6a0600 of size 71680 next 136
2026-09-04 18:01:21.401355: I external/local_tsl/tsl/framework/bfc_allocator.cc:1100] InUse at 7e60fe6b1e00 of size 256 next 141
2026-09-04 18:01:21.401361: I external/local_tsl/tsl/framework/bfc_allocator.cc:1100] InUse at 7e60fe6b1f00 of size 256 next 142
2026-09-04 18:01:21.401368: I external/local_tsl/tsl/framework/bfc_allocator.cc:1100] InUse at 7e60fe6b2000 of size 4096 next 143
2026-09-04 18:01:21.401375: I external/local_tsl/tsl/framework/bfc_allocator.cc:1100] InUse at 7e60fe6b3000 of size 7680 next 132
2026-09-04 18:01:21.401382: I external/local_tsl/tsl/framework/bfc_allocator.cc:1100] InUse at 7e60fe6b4e00 of size 2048 next 279
2026-09-04 18:01:21.401388: I external/local_tsl/tsl/framework/bfc_allocator.cc:1100] InUse at 7e60fe6b5600 of size 4096 next 318
2026-09-04 18:01:21.401395: I external/local_tsl/tsl/framework/bfc_allocator.cc:1100] InUse at 7e60fe6b6600 of size 4096 next 131
2026-09-04 18:01:21.401401: I external/local_tsl/tsl/framework/bfc_allocator.cc:1100] Free  at 7e60fe6b7600 of size 12288 next 144
2026-09-04 18:01:21.401408: I external/local_tsl/tsl/framework/bfc_allocator.cc:1100] InUse at 7e60fe6ba600 of size 256 next 145
2026-09-04 18:01:21.401414: I external/local_tsl/tsl/framework/bfc_allocator.cc:1100] InUse at 7e60fe6ba700 of size 256 next 148
2026-09-04 18:01:21.401421: I external/local_tsl/tsl/framework/bfc_allocator.cc:1100] InUse at 7e60fe6ba800 of size 4096 next 149
2026-09-04 18:01:21.401427: I external/local_tsl/tsl/framework/bfc_allocator.cc:1100] InUse at 7e60fe6bb800 of size 4096 next 150
2026-09-04 18:01:21.401433: I external/local_tsl/tsl/framework/bfc_allocator.cc:1100] InUse at 7e60fe6bc800 of size 18432 next 296
2026-09-04 18:01:21.401440: I external/local_tsl/tsl/framework/bfc_allocator.cc:1100] InUse at 7e60fe6c1000 of size 51712 next 309
2026-09-04 18:01:21.401447: I external/local_tsl/tsl/framework/bfc_allocator.cc:1100] InUse at 7e60fe6cda00 of size 256 next 316
2026-09-04 18:01:21.401453: I external/local_tsl/tsl/framework/bfc_allocator.cc:1100] InUse at 7e60fe6cdb00 of size 256 next 297
2026-09-04 18:01:21.401460: I external/local_tsl/tsl/framework/bfc_allocator.cc:1100] InUse at 7e60fe6cdc00 of size 256 next 310
2026-09-04 18:01:21.401469: I external/local_tsl/tsl/framework/bfc_allocator.cc:1100] InUse at 7e60fe6cdd00 of size 256 next 319
2026-09-04 18:01:21.401476: I external/local_tsl/tsl/framework/bfc_allocator.cc:1100] Free  at 7e60fe6cde00 of size 122880 next 67
2026-09-04 18:01:21.401483: I external/local_tsl/tsl/framework/bfc_allocator.cc:1100] InUse at 7e60fe6ebe00 of size 36864 next 153
2026-09-04 18:01:21.401490: I external/local_tsl/tsl/framework/bfc_allocator.cc:1100] InUse at 7e60fe6f4e00 of size 256 next 202
2026-09-04 18:01:21.401496: I external/local_tsl/tsl/framework/bfc_allocator.cc:1100] InUse at 7e60fe6f4f00 of size 256 next 195
2026-09-04 18:01:21.401502: I external/local_tsl/tsl/framework/bfc_allocator.cc:1100] InUse at 7e60fe6f5000 of size 256 next 235
2026-09-04 18:01:21.401509: I external/local_tsl/tsl/framework/bfc_allocator.cc:1100] InUse at 7e60fe6f5100 of size 256 next 230
2026-09-04 18:01:21.401515: I external/local_tsl/tsl/framework/bfc_allocator.cc:1100] InUse at 7e60fe6f5200 of size 256 next 243
2026-09-04 18:01:21.401522: I external/local_tsl/tsl/framework/bfc_allocator.cc:1100] InUse at 7e60fe6f5300 of size 256 next 199
2026-09-04 18:01:21.401528: I external/local_tsl/tsl/framework/bfc_allocator.cc:1100] InUse at 7e60fe6f5400 of size 256 next 236
2026-09-04 18:01:21.401535: I external/local_tsl/tsl/framework/bfc_allocator.cc:1100] InUse at 7e60fe6f5500 of size 256 next 239
2026-09-04 18:01:21.401541: I external/local_tsl/tsl/framework/bfc_allocator.cc:1100] InUse at 7e60fe6f5600 of size 256 next 205
2026-09-04 18:01:21.401548: I external/local_tsl/tsl/framework/bfc_allocator.cc:1100] InUse at 7e60fe6f5700 of size 256 next 241
2026-09-04 18:01:21.401554: I external/local_tsl/tsl/framework/bfc_allocator.cc:1100] InUse at 7e60fe6f5800 of size 256 next 223
2026-09-04 18:01:21.401561: I external/local_tsl/tsl/framework/bfc_allocator.cc:1100] InUse at 7e60fe6f5900 of size 256 next 257
2026-09-04 18:01:21.401567: I external/local_tsl/tsl/framework/bfc_allocator.cc:1100] InUse at 7e60fe6f5a00 of size 256 next 254
2026-09-04 18:01:21.401573: I external/local_tsl/tsl/framework/bfc_allocator.cc:1100] InUse at 7e60fe6f5b00 of size 256 next 204
2026-09-04 18:01:21.401580: I external/local_tsl/tsl/framework/bfc_allocator.cc:1100] InUse at 7e60fe6f5c00 of size 256 next 227
2026-09-04 18:01:21.401586: I external/local_tsl/tsl/framework/bfc_allocator.cc:1100] InUse at 7e60fe6f5d00 of size 256 next 253
2026-09-04 18:01:21.401593: I external/local_tsl/tsl/framework/bfc_allocator.cc:1100] InUse at 7e60fe6f5e00 of size 256 next 252
2026-09-04 18:01:21.401599: I external/local_tsl/tsl/framework/bfc_allocator.cc:1100] InUse at 7e60fe6f5f00 of size 256 next 260
2026-09-04 18:01:21.401606: I external/local_tsl/tsl/framework/bfc_allocator.cc:1100] InUse at 7e60fe6f6000 of size 256 next 263
2026-09-04 18:01:21.401612: I external/local_tsl/tsl/framework/bfc_allocator.cc:1100] InUse at 7e60fe6f6100 of size 256 next 251
2026-09-04 18:01:21.401619: I external/local_tsl/tsl/framework/bfc_allocator.cc:1100] InUse at 7e60fe6f6200 of size 256 next 248
2026-09-04 18:01:21.401625: I external/local_tsl/tsl/framework/bfc_allocator.cc:1100] InUse at 7e60fe6f6300 of size 256 next 265
2026-09-04 18:01:21.401632: I external/local_tsl/tsl/framework/bfc_allocator.cc:1100] InUse at 7e60fe6f6400 of size 256 next 256
2026-09-04 18:01:21.401638: I external/local_tsl/tsl/framework/bfc_allocator.cc:1100] InUse at 7e60fe6f6500 of size 256 next 249
2026-09-04 18:01:21.401645: I external/local_tsl/tsl/framework/bfc_allocator.cc:1100] InUse at 7e60fe6f6600 of size 256 next 246
2026-09-04 18:01:21.401651: I external/local_tsl/tsl/framework/bfc_allocator.cc:1100] InUse at 7e60fe6f6700 of size 256 next 274
2026-09-04 18:01:21.401658: I external/local_tsl/tsl/framework/bfc_allocator.cc:1100] InUse at 7e60fe6f6800 of size 256 next 222
2026-09-04 18:01:21.401664: I external/local_tsl/tsl/framework/bfc_allocator.cc:1100] InUse at 7e60fe6f6900 of size 256 next 277
2026-09-04 18:01:21.401674: I external/local_tsl/tsl/framework/bfc_allocator.cc:1100] InUse at 7e60fe6f6a00 of size 256 next 268
2026-09-04 18:01:21.401680: I external/local_tsl/tsl/framework/bfc_allocator.cc:1100] InUse at 7e60fe6f6b00 of size 256 next 271
2026-09-04 18:01:21.401687: I external/local_tsl/tsl/framework/bfc_allocator.cc:1100] InUse at 7e60fe6f6c00 of size 256 next 272
2026-09-04 18:01:21.401693: I external/local_tsl/tsl/framework/bfc_allocator.cc:1100] InUse at 7e60fe6f6d00 of size 256 next 264
2026-09-04 18:01:21.401700: I external/local_tsl/tsl/framework/bfc_allocator.cc:1100] InUse at 7e60fe6f6e00 of size 256 next 282
2026-09-04 18:01:21.401706: I external/local_tsl/tsl/framework/bfc_allocator.cc:1100] InUse at 7e60fe6f6f00 of size 256 next 283
2026-09-04 18:01:21.401712: I external/local_tsl/tsl/framework/bfc_allocator.cc:1100] InUse at 7e60fe6f7000 of size 256 next 269
2026-09-04 18:01:21.401719: I external/local_tsl/tsl/framework/bfc_allocator.cc:1100] InUse at 7e60fe6f7100 of size 256 next 278
2026-09-04 18:01:21.401725: I external/local_tsl/tsl/framework/bfc_allocator.cc:1100] InUse at 7e60fe6f7200 of size 256 next 270
2026-09-04 18:01:21.401732: I external/local_tsl/tsl/framework/bfc_allocator.cc:1100] InUse at 7e60fe6f7300 of size 256 next 242
2026-09-04 18:01:21.401738: I external/local_tsl/tsl/framework/bfc_allocator.cc:1100] InUse at 7e60fe6f7400 of size 256 next 266
2026-09-04 18:01:21.401745: I external/local_tsl/tsl/framework/bfc_allocator.cc:1100] InUse at 7e60fe6f7500 of size 256 next 285
2026-09-04 18:01:21.401751: I external/local_tsl/tsl/framework/bfc_allocator.cc:1100] InUse at 7e60fe6f7600 of size 256 next 286
2026-09-04 18:01:21.401758: I external/local_tsl/tsl/framework/bfc_allocator.cc:1100] InUse at 7e60fe6f7700 of size 256 next 287
2026-09-04 18:01:21.401764: I external/local_tsl/tsl/framework/bfc_allocator.cc:1100] InUse at 7e60fe6f7800 of size 256 next 275
2026-09-04 18:01:21.401771: I external/local_tsl/tsl/framework/bfc_allocator.cc:1100] InUse at 7e60fe6f7900 of size 256 next 289
2026-09-04 18:01:21.401777: I external/local_tsl/tsl/framework/bfc_allocator.cc:1100] InUse at 7e60fe6f7a00 of size 256 next 290
2026-09-04 18:01:21.401784: I external/local_tsl/tsl/framework/bfc_allocator.cc:1100] InUse at 7e60fe6f7b00 of size 256 next 291
2026-09-04 18:01:21.401790: I external/local_tsl/tsl/framework/bfc_allocator.cc:1100] InUse at 7e60fe6f7c00 of size 256 next 292
2026-09-04 18:01:21.401797: I external/local_tsl/tsl/framework/bfc_allocator.cc:1100] InUse at 7e60fe6f7d00 of size 256 next 288
2026-09-04 18:01:21.401803: I external/local_tsl/tsl/framework/bfc_allocator.cc:1100] InUse at 7e60fe6f7e00 of size 256 next 262
2026-09-04 18:01:21.401809: I external/local_tsl/tsl/framework/bfc_allocator.cc:1100] InUse at 7e60fe6f7f00 of size 256 next 295
2026-09-04 18:01:21.401816: I external/local_tsl/tsl/framework/bfc_allocator.cc:1100] InUse at 7e60fe6f8000 of size 256 next 280
2026-09-04 18:01:21.401827: I external/local_tsl/tsl/framework/bfc_allocator.cc:1100] InUse at 7e60fe6f8100 of size 256 next 250
2026-09-04 18:01:21.401836: I external/local_tsl/tsl/framework/bfc_allocator.cc:1100] InUse at 7e60fe6f8200 of size 256 next 300
2026-09-04 18:01:21.401843: I external/local_tsl/tsl/framework/bfc_allocator.cc:1100] InUse at 7e60fe6f8300 of size 256 next 255
2026-09-04 18:01:21.401849: I external/local_tsl/tsl/framework/bfc_allocator.cc:1100] InUse at 7e60fe6f8400 of size 256 next 258
2026-09-04 18:01:21.401856: I external/local_tsl/tsl/framework/bfc_allocator.cc:1100] InUse at 7e60fe6f8500 of size 256 next 276
2026-09-04 18:01:21.401862: I external/local_tsl/tsl/framework/bfc_allocator.cc:1100] InUse at 7e60fe6f8600 of size 256 next 284
2026-09-04 18:01:21.401868: I external/local_tsl/tsl/framework/bfc_allocator.cc:1100] InUse at 7e60fe6f8700 of size 256 next 294
2026-09-04 18:01:21.401875: I external/local_tsl/tsl/framework/bfc_allocator.cc:1100] InUse at 7e60fe6f8800 of size 256 next 303
2026-09-04 18:01:21.401881: I external/local_tsl/tsl/framework/bfc_allocator.cc:1100] InUse at 7e60fe6f8900 of size 256 next 267
2026-09-04 18:01:21.401891: I external/local_tsl/tsl/framework/bfc_allocator.cc:1100] InUse at 7e60fe6f8a00 of size 256 next 273
2026-09-04 18:01:21.401898: I external/local_tsl/tsl/framework/bfc_allocator.cc:1100] InUse at 7e60fe6f8b00 of size 256 next 244
2026-09-04 18:01:21.401905: I external/local_tsl/tsl/framework/bfc_allocator.cc:1100] InUse at 7e60fe6f8c00 of size 256 next 299
2026-09-04 18:01:21.401911: I external/local_tsl/tsl/framework/bfc_allocator.cc:1100] InUse at 7e60fe6f8d00 of size 256 next 305
2026-09-04 18:01:21.401917: I external/local_tsl/tsl/framework/bfc_allocator.cc:1100] InUse at 7e60fe6f8e00 of size 256 next 293
2026-09-04 18:01:21.401924: I external/local_tsl/tsl/framework/bfc_allocator.cc:1100] InUse at 7e60fe6f8f00 of size 256 next 281
2026-09-04 18:01:21.401930: I external/local_tsl/tsl/framework/bfc_allocator.cc:1100] InUse at 7e60fe6f9000 of size 256 next 304
2026-09-04 18:01:21.401937: I external/local_tsl/tsl/framework/bfc_allocator.cc:1100] InUse at 7e60fe6f9100 of size 256 next 312
2026-09-04 18:01:21.401943: I external/local_tsl/tsl/framework/bfc_allocator.cc:1100] InUse at 7e60fe6f9200 of size 256 next 200
2026-09-04 18:01:21.401950: I external/local_tsl/tsl/framework/bfc_allocator.cc:1100] InUse at 7e60fe6f9300 of size 256 next 298
2026-09-04 18:01:21.401957: I external/local_tsl/tsl/framework/bfc_allocator.cc:1100] InUse at 7e60fe6f9400 of size 256 next 311
2026-09-04 18:01:21.401963: I external/local_tsl/tsl/framework/bfc_allocator.cc:1100] InUse at 7e60fe6f9500 of size 256 next 166
2026-09-04 18:01:21.401969: I external/local_tsl/tsl/framework/bfc_allocator.cc:1100] InUse at 7e60fe6f9600 of size 18432 next 152
2026-09-04 18:01:21.401976: I external/local_tsl/tsl/framework/bfc_allocator.cc:1100] InUse at 7e60fe6fde00 of size 65536 next 164
2026-09-04 18:01:21.401983: I external/local_tsl/tsl/framework/bfc_allocator.cc:1100] InUse at 7e60fe70de00 of size 131072 next 59
2026-09-04 18:01:21.401990: I external/local_tsl/tsl/framework/bfc_allocator.cc:1100] Free  at 7e60fe72de00 of size 69632 next 91
2026-09-04 18:01:21.401996: I external/local_tsl/tsl/framework/bfc_allocator.cc:1100] InUse at 7e60fe73ee00 of size 18432 next 182
2026-09-04 18:01:21.402003: I external/local_tsl/tsl/framework/bfc_allocator.cc:1100] InUse at 7e60fe743600 of size 36864 next 185
2026-09-04 18:01:21.402009: I external/local_tsl/tsl/framework/bfc_allocator.cc:1100] InUse at 7e60fe74c600 of size 36864 next 186
2026-09-04 18:01:21.402016: I external/local_tsl/tsl/framework/bfc_allocator.cc:1100] InUse at 7e60fe755600 of size 69632 next 189
2026-09-04 18:01:21.402023: I external/local_tsl/tsl/framework/bfc_allocator.cc:1100] InUse at 7e60fe766600 of size 69632 next 190
2026-09-04 18:01:21.402029: I external/local_tsl/tsl/framework/bfc_allocator.cc:1100] Free  at 7e60fe777600 of size 215040 next 81
2026-09-04 18:01:21.402036: I external/local_tsl/tsl/framework/bfc_allocator.cc:1100] InUse at 7e60fe7abe00 of size 262144 next 165
2026-09-04 18:01:21.402043: I external/local_tsl/tsl/framework/bfc_allocator.cc:1100] Free  at 7e60fe7ebe00 of size 786432 next 90
2026-09-04 18:01:21.402050: I external/local_tsl/tsl/framework/bfc_allocator.cc:1100] InUse at 7e60fe8abe00 of size 524288 next 82
2026-09-04 18:01:21.402056: I external/local_tsl/tsl/framework/bfc_allocator.cc:1100] InUse at 7e60fe92be00 of size 1572864 next 105
2026-09-04 18:01:21.402063: I external/local_tsl/tsl/framework/bfc_allocator.cc:1100] InUse at 7e60feaabe00 of size 1048576 next 104
2026-09-04 18:01:21.402070: I external/local_tsl/tsl/framework/bfc_allocator.cc:1100] InUse at 7e60febabe00 of size 1048576 next 112
2026-09-04 18:01:21.402077: I external/local_tsl/tsl/framework/bfc_allocator.cc:1100] InUse at 7e60fecabe00 of size 1048576 next 121
2026-09-04 18:01:21.402083: I external/local_tsl/tsl/framework/bfc_allocator.cc:1100] InUse at 7e60fedabe00 of size 1048576 next 128
2026-09-04 18:01:21.402089: I external/local_tsl/tsl/framework/bfc_allocator.cc:1100] Free  at 7e60feeabe00 of size 7340032 next 140
2026-09-04 18:01:21.402096: I external/local_tsl/tsl/framework/bfc_allocator.cc:1100] InUse at 7e60ff5abe00 of size 2097152 next 317
2026-09-04 18:01:21.402106: I external/local_tsl/tsl/framework/bfc_allocator.cc:1100] InUse at 7e60ff7abe00 of size 4194304 next 320
2026-09-04 18:01:21.402113: I external/local_tsl/tsl/framework/bfc_allocator.cc:1100] Free  at 7e60ffbabe00 of size 285357824 next 180
2026-09-04 18:01:21.402120: I external/local_tsl/tsl/framework/bfc_allocator.cc:1100] InUse at 7e6110bcf500 of size 2097152 next 183
2026-09-04 18:01:21.402126: I external/local_tsl/tsl/framework/bfc_allocator.cc:1100] InUse at 7e6110dcf500 of size 2097152 next 184
2026-09-04 18:01:21.402133: I external/local_tsl/tsl/framework/bfc_allocator.cc:1100] InUse at 7e6110fcf500 of size 4194304 next 187
2026-09-04 18:01:21.402139: I external/local_tsl/tsl/framework/bfc_allocator.cc:1100] InUse at 7e61113cf500 of size 4194304 next 188
2026-09-04 18:01:21.402146: I external/local_tsl/tsl/framework/bfc_allocator.cc:1100] Free  at 7e61117cf500 of size 295897856 next 18446744073709551615
2026-09-04 18:01:21.402152: I external/local_tsl/tsl/framework/bfc_allocator.cc:1105]      Summary of in-use Chunks by size: 
2026-09-04 18:01:21.402160: I external/local_tsl/tsl/framework/bfc_allocator.cc:1108] 180 Chunks of size 256 totalling 45.0KiB
2026-09-04 18:01:21.402167: I external/local_tsl/tsl/framework/bfc_allocator.cc:1108] 11 Chunks of size 512 totalling 5.5KiB
2026-09-04 18:01:21.402173: I external/local_tsl/tsl/framework/bfc_allocator.cc:1108] 1 Chunks of size 768 totalling 768B
2026-09-04 18:01:21.402180: I external/local_tsl/tsl/framework/bfc_allocator.cc:1108] 11 Chunks of size 1024 totalling 11.0KiB
2026-09-04 18:01:21.402186: I external/local_tsl/tsl/framework/bfc_allocator.cc:1108] 4 Chunks of size 1280 totalling 5.0KiB
2026-09-04 18:01:21.402193: I external/local_tsl/tsl/framework/bfc_allocator.cc:1108] 32 Chunks of size 2048 totalling 64.0KiB
2026-09-04 18:01:21.402199: I external/local_tsl/tsl/framework/bfc_allocator.cc:1108] 3 Chunks of size 2304 totalling 6.8KiB
2026-09-04 18:01:21.402206: I external/local_tsl/tsl/framework/bfc_allocator.cc:1108] 1 Chunks of size 3072 totalling 3.0KiB
2026-09-04 18:01:21.402212: I external/local_tsl/tsl/framework/bfc_allocator.cc:1108] 1 Chunks of size 3840 totalling 3.8KiB
2026-09-04 18:01:21.402219: I external/local_tsl/tsl/framework/bfc_allocator.cc:1108] 8 Chunks of size 4096 totalling 32.0KiB
2026-09-04 18:01:21.402225: I external/local_tsl/tsl/framework/bfc_allocator.cc:1108] 1 Chunks of size 4608 totalling 4.5KiB
2026-09-04 18:01:21.402232: I external/local_tsl/tsl/framework/bfc_allocator.cc:1108] 1 Chunks of size 5888 totalling 5.8KiB
2026-09-04 18:01:21.402238: I external/local_tsl/tsl/framework/bfc_allocator.cc:1108] 1 Chunks of size 7680 totalling 7.5KiB
2026-09-04 18:01:21.402244: I external/local_tsl/tsl/framework/bfc_allocator.cc:1108] 2 Chunks of size 9216 totalling 18.0KiB
2026-09-04 18:01:21.402251: I external/local_tsl/tsl/framework/bfc_allocator.cc:1108] 1 Chunks of size 11264 totalling 11.0KiB
2026-09-04 18:01:21.402258: I external/local_tsl/tsl/framework/bfc_allocator.cc:1108] 7 Chunks of size 18432 totalling 126.0KiB
2026-09-04 18:01:21.402265: I external/local_tsl/tsl/framework/bfc_allocator.cc:1108] 1 Chunks of size 23552 totalling 23.0KiB
2026-09-04 18:01:21.402271: I external/local_tsl/tsl/framework/bfc_allocator.cc:1108] 3 Chunks of size 36864 totalling 108.0KiB
2026-09-04 18:01:21.402278: I external/local_tsl/tsl/framework/bfc_allocator.cc:1108] 1 Chunks of size 51712 totalling 50.5KiB
2026-09-04 18:01:21.402285: I external/local_tsl/tsl/framework/bfc_allocator.cc:1108] 1 Chunks of size 65536 totalling 64.0KiB
2026-09-04 18:01:21.402291: I external/local_tsl/tsl/framework/bfc_allocator.cc:1108] 2 Chunks of size 69632 totalling 136.0KiB
2026-09-04 18:01:21.402298: I external/local_tsl/tsl/framework/bfc_allocator.cc:1108] 1 Chunks of size 71680 totalling 70.0KiB
2026-09-04 18:01:21.402305: I external/local_tsl/tsl/framework/bfc_allocator.cc:1108] 1 Chunks of size 131072 totalling 128.0KiB
2026-09-04 18:01:21.402316: I external/local_tsl/tsl/framework/bfc_allocator.cc:1108] 1 Chunks of size 262144 totalling 256.0KiB
2026-09-04 18:01:21.402325: I external/local_tsl/tsl/framework/bfc_allocator.cc:1108] 1 Chunks of size 320256 totalling 312.8KiB
2026-09-04 18:01:21.402332: I external/local_tsl/tsl/framework/bfc_allocator.cc:1108] 1 Chunks of size 524288 totalling 512.0KiB
2026-09-04 18:01:21.402340: I external/local_tsl/tsl/framework/bfc_allocator.cc:1108] 4 Chunks of size 1048576 totalling 4.00MiB
2026-09-04 18:01:21.402347: I external/local_tsl/tsl/framework/bfc_allocator.cc:1108] 1 Chunks of size 1572864 totalling 1.50MiB
2026-09-04 18:01:21.402355: I external/local_tsl/tsl/framework/bfc_allocator.cc:1108] 3 Chunks of size 2097152 totalling 6.00MiB
2026-09-04 18:01:21.402362: I external/local_tsl/tsl/framework/bfc_allocator.cc:1108] 3 Chunks of size 4194304 totalling 12.00MiB
2026-09-04 18:01:21.402370: I external/local_tsl/tsl/framework/bfc_allocator.cc:1108] 1 Chunks of size 4698112 totalling 4.48MiB
2026-09-04 18:01:21.402377: I external/local_tsl/tsl/framework/bfc_allocator.cc:1108] 1 Chunks of size 115703808 totalling 110.34MiB
2026-09-04 18:01:21.402385: I external/local_tsl/tsl/framework/bfc_allocator.cc:1108] 1 Chunks of size 1697882112 totalling 1.58GiB
2026-09-04 18:01:21.402392: I external/local_tsl/tsl/framework/bfc_allocator.cc:1112] Sum Total of in-use chunks: 1.72GiB
2026-09-04 18:01:21.402398: I external/local_tsl/tsl/framework/bfc_allocator.cc:1114] Total bytes in pool: 2434793472 memory_limit_: 2434793472 available bytes: 0 curr_region_allocation_bytes_: 4869586944
2026-09-04 18:01:21.402408: I external/local_tsl/tsl/framework/bfc_allocator.cc:1119] Stats: 
Limit:                      2434793472
InUse:                      1844983552
MaxInUse:                   2167073280
NumAllocs:                       86823
MaxAllocSize:               1697882112
Reserved:                            0
PeakReserved:                        0
LargestFreeBlock:                    0

2026-09-04 18:01:21.402430: W external/local_tsl/tsl/framework/bfc_allocator.cc:499] ****************************************************************************___________*____________
Traceback (most recent call last):
  File "/home/luke/projects/buzzdetect-training/.local/worktrees/trunk-ft-restore-sens/03_train/main.py", line 52, in <module>
    train_set(
  File "/home/luke/projects/buzzdetect-training/.local/worktrees/trunk-ft-restore-sens/03_train/train.py", line 510, in train_set
    data = _load_data(setname, embeddername, folds_train, name_translation,
           ^^^^^^^^^^^^^^^^^^^^^^^^^^^^^^^^^^^^^^^^^^^^^^^^^^^^^^^^^^^^^^^^
  File "/home/luke/projects/buzzdetect-training/.local/worktrees/trunk-ft-restore-sens/03_train/train.py", line 141, in _load_data
    train_tf=_to_tf(data_train, size_batch, size_shuffle),
             ^^^^^^^^^^^^^^^^^^^^^^^^^^^^^^^^^^^^^^^^^^^^
  File "/home/luke/projects/buzzdetect-training/.local/worktrees/trunk-ft-restore-sens/03_train/train.py", line 69, in _to_tf
    ds = tf.data.Dataset.from_tensor_slices((emb_np, tgt_np))
         ^^^^^^^^^^^^^^^^^^^^^^^^^^^^^^^^^^^^^^^^^^^^^^^^^^^^
  File "/home/luke/anaconda3/envs/buzzdetect-train/lib/python3.12/site-packages/tensorflow/python/data/ops/dataset_ops.py", line 826, in from_tensor_slices
    return from_tensor_slices_op._from_tensor_slices(tensors, name)
           ^^^^^^^^^^^^^^^^^^^^^^^^^^^^^^^^^^^^^^^^^^^^^^^^^^^^^^^^
  File "/home/luke/anaconda3/envs/buzzdetect-train/lib/python3.12/site-packages/tensorflow/python/data/ops/from_tensor_slices_op.py", line 25, in _from_tensor_slices
    return _TensorSliceDataset(tensors, name=name)
           ^^^^^^^^^^^^^^^^^^^^^^^^^^^^^^^^^^^^^^^
  File "/home/luke/anaconda3/envs/buzzdetect-train/lib/python3.12/site-packages/tensorflow/python/data/ops/from_tensor_slices_op.py", line 33, in __init__
    element = structure.normalize_element(element)
              ^^^^^^^^^^^^^^^^^^^^^^^^^^^^^^^^^^^^
  File "/home/luke/anaconda3/envs/buzzdetect-train/lib/python3.12/site-packages/tensorflow/python/data/util/structure.py", line 134, in normalize_element
    ops.convert_to_tensor(t, name="component_%d" % i, dtype=dtype))
    ^^^^^^^^^^^^^^^^^^^^^^^^^^^^^^^^^^^^^^^^^^^^^^^^^^^^^^^^^^^^^^
  File "/home/luke/anaconda3/envs/buzzdetect-train/lib/python3.12/site-packages/tensorflow/python/profiler/trace.py", line 183, in wrapped
    return func(*args, **kwargs)
           ^^^^^^^^^^^^^^^^^^^^^
  File "/home/luke/anaconda3/envs/buzzdetect-train/lib/python3.12/site-packages/tensorflow/python/framework/ops.py", line 713, in convert_to_tensor
    return tensor_conversion_registry.convert(
           ^^^^^^^^^^^^^^^^^^^^^^^^^^^^^^^^^^^
  File "/home/luke/anaconda3/envs/buzzdetect-train/lib/python3.12/site-packages/tensorflow/python/framework/tensor_conversion_registry.py", line 234, in convert
    ret = conversion_func(value, dtype=dtype, name=name, as_ref=as_ref)
          ^^^^^^^^^^^^^^^^^^^^^^^^^^^^^^^^^^^^^^^^^^^^^^^^^^^^^^^^^^^^^
  File "/home/luke/anaconda3/envs/buzzdetect-train/lib/python3.12/site-packages/tensorflow/python/framework/constant_tensor_conversion.py", line 29, in _constant_tensor_conversion_function
    return constant_op.constant(v, dtype=dtype, name=name)
           ^^^^^^^^^^^^^^^^^^^^^^^^^^^^^^^^^^^^^^^^^^^^^^^
  File "/home/luke/anaconda3/envs/buzzdetect-train/lib/python3.12/site-packages/tensorflow/python/ops/weak_tensor_ops.py", line 142, in wrapper
    return op(*args, **kwargs)
           ^^^^^^^^^^^^^^^^^^^
  File "/home/luke/anaconda3/envs/buzzdetect-train/lib/python3.12/site-packages/tensorflow/python/framework/constant_op.py", line 276, in constant
    return _constant_impl(value, dtype, shape, name, verify_shape=False,
           ^^^^^^^^^^^^^^^^^^^^^^^^^^^^^^^^^^^^^^^^^^^^^^^^^^^^^^^^^^^^^
  File "/home/luke/anaconda3/envs/buzzdetect-train/lib/python3.12/site-packages/tensorflow/python/framework/constant_op.py", line 289, in _constant_impl
    return _constant_eager_impl(ctx, value, dtype, shape, verify_shape)
           ^^^^^^^^^^^^^^^^^^^^^^^^^^^^^^^^^^^^^^^^^^^^^^^^^^^^^^^^^^^^
  File "/home/luke/anaconda3/envs/buzzdetect-train/lib/python3.12/site-packages/tensorflow/python/framework/constant_op.py", line 301, in _constant_eager_impl
    t = convert_to_eager_tensor(value, ctx, dtype)
        ^^^^^^^^^^^^^^^^^^^^^^^^^^^^^^^^^^^^^^^^^^
  File "/home/luke/anaconda3/envs/buzzdetect-train/lib/python3.12/site-packages/tensorflow/python/framework/constant_op.py", line 108, in convert_to_eager_tensor
    return ops.EagerTensor(value, ctx.device_name, dtype)
           ^^^^^^^^^^^^^^^^^^^^^^^^^^^^^^^^^^^^^^^^^^^^^^
tensorflow.python.framework.errors_impl.InternalError: Failed copying input tensor from /job:localhost/replica:0/task:0/device:CPU:0 to /job:localhost/replica:0/task:0/device:GPU:0 in order to run _EagerConst: Dst tensor is not initialized.
=== attempt 4 exited rc=1 ===
=== attempt 5 2026-09-04_18:01:22 ===
2026-09-04 18:01:23.209700: E external/local_xla/xla/stream_executor/cuda/cuda_fft.cc:479] Unable to register cuFFT factory: Attempting to register factory for plugin cuFFT when one has already been registered
2026-09-04 18:01:23.233164: E external/local_xla/xla/stream_executor/cuda/cuda_dnn.cc:10575] Unable to register cuDNN factory: Attempting to register factory for plugin cuDNN when one has already been registered
2026-09-04 18:01:23.233224: E external/local_xla/xla/stream_executor/cuda/cuda_blas.cc:1442] Unable to register cuBLAS factory: Attempting to register factory for plugin cuBLAS when one has already been registered
2026-09-04 18:01:24.120412: W tensorflow/compiler/tf2tensorrt/utils/py_utils.cc:38] TF-TRT Warning: Could not find TensorRT
[trunk_ft_restore_sens] set medium, embedder yamnet_trunk, translation general: 11 rotating fold(s), 311 train-only, 0 holdout
[1/11] JamesU - MustardBumbler/1_29: already trained; skipping
[2/11] Lily - Fit+Fast/2023_R3_Marysville/53: already trained; skipping
[3/11] Lily Adam - One Hive/recorders/willard/2024-08-07/1_11: already trained; skipping
[4/11] Lily Adam - One Hive/recorders/wooster/2024-07-26/1_143: already trained; skipping
/home/luke/projects/buzzdetect-training/.local/worktrees/trunk-ft-restore-sens/03_train/dataset.py:130: UserWarning: all 1 embedding file(s) under /home/luke/projects/buzzdetect-training/.local/worktrees/trunk-ft-restore-sens/02_set/sets/medium/embeddings/yamnet_trunk/raw/Luke - External Data Sources/InsectSound1000/Coccinella_septempunctata/2023419-16-19/000020 were dropped by the translation; raw label(s) present: ['EXCLUDE']
  warnings.warn(
/home/luke/projects/buzzdetect-training/.local/worktrees/trunk-ft-restore-sens/03_train/dataset.py:130: UserWarning: all 1 embedding file(s) under /home/luke/projects/buzzdetect-training/.local/worktrees/trunk-ft-restore-sens/02_set/sets/medium/embeddings/yamnet_trunk/raw/Luke - External Data Sources/InsectSound1000/Nezara_viridula/2022511-18-10/000018 were dropped by the translation; raw label(s) present: ['EXCLUDE']
  warnings.warn(
/home/luke/projects/buzzdetect-training/.local/worktrees/trunk-ft-restore-sens/03_train/dataset.py:130: UserWarning: all 2 embedding file(s) under /home/luke/projects/buzzdetect-training/.local/worktrees/trunk-ft-restore-sens/02_set/sets/medium/embeddings/yamnet_trunk/raw/Luke - External Data Sources/InsectSound1000/Nezara_viridula/2022511-18-10/000025 were dropped by the translation; raw label(s) present: ['EXCLUDE']
  warnings.warn(
/home/luke/projects/buzzdetect-training/.local/worktrees/trunk-ft-restore-sens/03_train/dataset.py:130: UserWarning: all 1 embedding file(s) under /home/luke/projects/buzzdetect-training/.local/worktrees/trunk-ft-restore-sens/02_set/sets/medium/embeddings/yamnet_trunk/raw/Luke - External Data Sources/InsectSound1000/Nezara_viridula/2022511-18-10/000032 were dropped by the translation; raw label(s) present: ['EXCLUDE']
  warnings.warn(
2026-09-04 18:01:33.326395: I external/local_xla/xla/stream_executor/cuda/cuda_executor.cc:998] successful NUMA node read from SysFS had negative value (-1), but there must be at least one NUMA node, so returning NUMA node zero. See more at https://github.com/torvalds/linux/blob/v6.0/Documentation/ABI/testing/sysfs-bus-pci#L344-L355
2026-09-04 18:01:33.364649: I external/local_xla/xla/stream_executor/cuda/cuda_executor.cc:998] successful NUMA node read from SysFS had negative value (-1), but there must be at least one NUMA node, so returning NUMA node zero. See more at https://github.com/torvalds/linux/blob/v6.0/Documentation/ABI/testing/sysfs-bus-pci#L344-L355
2026-09-04 18:01:33.367122: I external/local_xla/xla/stream_executor/cuda/cuda_executor.cc:998] successful NUMA node read from SysFS had negative value (-1), but there must be at least one NUMA node, so returning NUMA node zero. See more at https://github.com/torvalds/linux/blob/v6.0/Documentation/ABI/testing/sysfs-bus-pci#L344-L355
2026-09-04 18:01:33.369810: I external/local_xla/xla/stream_executor/cuda/cuda_executor.cc:998] successful NUMA node read from SysFS had negative value (-1), but there must be at least one NUMA node, so returning NUMA node zero. See more at https://github.com/torvalds/linux/blob/v6.0/Documentation/ABI/testing/sysfs-bus-pci#L344-L355
2026-09-04 18:01:33.371954: I external/local_xla/xla/stream_executor/cuda/cuda_executor.cc:998] successful NUMA node read from SysFS had negative value (-1), but there must be at least one NUMA node, so returning NUMA node zero. See more at https://github.com/torvalds/linux/blob/v6.0/Documentation/ABI/testing/sysfs-bus-pci#L344-L355
2026-09-04 18:01:33.373942: I external/local_xla/xla/stream_executor/cuda/cuda_executor.cc:998] successful NUMA node read from SysFS had negative value (-1), but there must be at least one NUMA node, so returning NUMA node zero. See more at https://github.com/torvalds/linux/blob/v6.0/Documentation/ABI/testing/sysfs-bus-pci#L344-L355
2026-09-04 18:01:33.530707: I external/local_xla/xla/stream_executor/cuda/cuda_executor.cc:998] successful NUMA node read from SysFS had negative value (-1), but there must be at least one NUMA node, so returning NUMA node zero. See more at https://github.com/torvalds/linux/blob/v6.0/Documentation/ABI/testing/sysfs-bus-pci#L344-L355
2026-09-04 18:01:33.531780: I external/local_xla/xla/stream_executor/cuda/cuda_executor.cc:998] successful NUMA node read from SysFS had negative value (-1), but there must be at least one NUMA node, so returning NUMA node zero. See more at https://github.com/torvalds/linux/blob/v6.0/Documentation/ABI/testing/sysfs-bus-pci#L344-L355
2026-09-04 18:01:33.532960: I external/local_xla/xla/stream_executor/cuda/cuda_executor.cc:998] successful NUMA node read from SysFS had negative value (-1), but there must be at least one NUMA node, so returning NUMA node zero. See more at https://github.com/torvalds/linux/blob/v6.0/Documentation/ABI/testing/sysfs-bus-pci#L344-L355
2026-09-04 18:01:33.533923: I tensorflow/core/common_runtime/gpu/gpu_device.cc:1928] Created device /job:localhost/replica:0/task:0/device:GPU:0 with 2322 MB memory:  -> device: 0, name: NVIDIA GeForce GTX 1650, pci bus id: 0000:01:00.0, compute capability: 7.5
2026-09-04 18:01:33.535186: W external/local_tsl/tsl/framework/cpu_allocator_impl.cc:83] Allocation of 1692008448 exceeds 10% of free system memory.
2026-09-04 18:01:34.862478: W external/local_tsl/tsl/framework/cpu_allocator_impl.cc:83] Allocation of 1692008448 exceeds 10% of free system memory.
[trunk_ft_restore_sens_foldLuke - Diel Drivers/2026-04-08/1_150] training on 321 fold(s), 68848 frames; early stopping on Luke - Diel Drivers/2026-04-08/1_150 (4947 frames)...
/home/luke/anaconda3/envs/buzzdetect-train/lib/python3.12/site-packages/keras/src/trainers/epoch_iterator.py:74: UserWarning: `shuffle=True` was passed, but will be ignored since the data `x` was provided as a tf.data.Dataset. The Dataset is expected to already be shuffled (via `.shuffle(buffer_size)`).
  self.data_adapter = data_adapters.get_data_adapter(
Epoch 1/400
2026-09-04 18:01:37.557129: W external/local_tsl/tsl/framework/cpu_allocator_impl.cc:83] Allocation of 1692008448 exceeds 10% of free system memory.
WARNING: All log messages before absl::InitializeLog() is called are written to STDERR
I0000 00:00:1788559299.751332 1336154 service.cc:145] XLA service 0x56599a482060 initialized for platform CUDA (this does not guarantee that XLA will be used). Devices:
I0000 00:00:1788559299.751417 1336154 service.cc:153]   StreamExecutor device (0): NVIDIA GeForce GTX 1650, Compute Capability 7.5
2026-09-04 18:01:39.894909: I tensorflow/compiler/mlir/tensorflow/utils/dump_mlir_util.cc:268] disabling MLIR crash reproducer, set env var `MLIR_CRASH_REPRODUCER_DIRECTORY` to enable.
2026-09-04 18:01:40.139325: I external/local_xla/xla/stream_executor/cuda/cuda_dnn.cc:465] Loaded cuDNN version 8907
2026-09-04 18:01:41.434214: W external/local_tsl/tsl/framework/bfc_allocator.cc:296] Allocator (GPU_0_bfc) ran out of memory trying to allocate 696.00MiB with freed_by_count=0. The caller indicates that this is not a failure, but this may mean that there could be performance gains if more memory were available.
2026-09-04 18:01:41.434291: W external/local_tsl/tsl/framework/bfc_allocator.cc:296] Allocator (GPU_0_bfc) ran out of memory trying to allocate 2.27GiB with freed_by_count=0. The caller indicates that this is not a failure, but this may mean that there could be performance gains if more memory were available.
2026-09-04 18:01:42.857502: W external/local_tsl/tsl/framework/bfc_allocator.cc:296] Allocator (GPU_0_bfc) ran out of memory trying to allocate 968.00MiB with freed_by_count=0. The caller indicates that this is not a failure, but this may mean that there could be performance gains if more memory were available.
2026-09-04 18:01:42.857572: W external/local_tsl/tsl/framework/bfc_allocator.cc:296] Allocator (GPU_0_bfc) ran out of memory trying to allocate 4.52GiB with freed_by_count=0. The caller indicates that this is not a failure, but this may mean that there could be performance gains if more memory were available.
2026-09-04 18:01:43.248690: W external/local_tsl/tsl/framework/bfc_allocator.cc:296] Allocator (GPU_0_bfc) ran out of memory trying to allocate 696.00MiB with freed_by_count=0. The caller indicates that this is not a failure, but this may mean that there could be performance gains if more memory were available.
2026-09-04 18:01:43.248777: W external/local_tsl/tsl/framework/bfc_allocator.cc:296] Allocator (GPU_0_bfc) ran out of memory trying to allocate 3.39GiB with freed_by_count=0. The caller indicates that this is not a failure, but this may mean that there could be performance gains if more memory were available.
2026-09-04 18:01:43.400548: W external/local_tsl/tsl/framework/bfc_allocator.cc:296] Allocator (GPU_0_bfc) ran out of memory trying to allocate 2.02GiB with freed_by_count=0. The caller indicates that this is not a failure, but this may mean that there could be performance gains if more memory were available.
2026-09-04 18:01:43.400618: W external/local_tsl/tsl/framework/bfc_allocator.cc:296] Allocator (GPU_0_bfc) ran out of memory trying to allocate 2.02GiB with freed_by_count=0. The caller indicates that this is not a failure, but this may mean that there could be performance gains if more memory were available.
2026-09-04 18:01:43.400645: W external/local_tsl/tsl/framework/bfc_allocator.cc:296] Allocator (GPU_0_bfc) ran out of memory trying to allocate 2.02GiB with freed_by_count=0. The caller indicates that this is not a failure, but this may mean that there could be performance gains if more memory were available.
2026-09-04 18:01:44.352301: W external/local_tsl/tsl/framework/bfc_allocator.cc:296] Allocator (GPU_0_bfc) ran out of memory trying to allocate 4.02GiB with freed_by_count=0. The caller indicates that this is not a failure, but this may mean that there could be performance gains if more memory were available.
I0000 00:00:1788559307.478892 1336154 device_compiler.h:188] Compiled cluster using XLA!  This line is logged at most once for the lifetime of the process.
68/68 - 21s - 315ms/step - accuracy: 0.1573 - loss: 0.5499 - val_accuracy: 0.0643 - val_loss: 0.4360 - val_sens_fpr0.005: 0.0000e+00
Epoch 2/400
68/68 - 5s - 69ms/step - accuracy: 0.2889 - loss: 0.4225 - val_accuracy: 0.2385 - val_loss: 0.4223 - val_sens_fpr0.005: 0.0137
Epoch 3/400
68/68 - 5s - 70ms/step - accuracy: 0.4257 - loss: 0.4061 - val_accuracy: 0.2054 - val_loss: 0.4210 - val_sens_fpr0.005: 0.0616
Epoch 4/400
68/68 - 5s - 70ms/step - accuracy: 0.4801 - loss: 0.3990 - val_accuracy: 0.1953 - val_loss: 0.4216 - val_sens_fpr0.005: 0.0890
Epoch 5/400
68/68 - 5s - 69ms/step - accuracy: 0.5131 - loss: 0.3948 - val_accuracy: 0.1854 - val_loss: 0.4234 - val_sens_fpr0.005: 0.0890
Epoch 6/400
68/68 - 5s - 70ms/step - accuracy: 0.5368 - loss: 0.3915 - val_accuracy: 0.1672 - val_loss: 0.4267 - val_sens_fpr0.005: 0.1027
Epoch 7/400
68/68 - 5s - 70ms/step - accuracy: 0.5523 - loss: 0.3892 - val_accuracy: 0.1607 - val_loss: 0.4278 - val_sens_fpr0.005: 0.1096
Epoch 8/400
68/68 - 5s - 69ms/step - accuracy: 0.5647 - loss: 0.3873 - val_accuracy: 0.1641 - val_loss: 0.4268 - val_sens_fpr0.005: 0.1096
Epoch 9/400
68/68 - 5s - 69ms/step - accuracy: 0.5756 - loss: 0.3856 - val_accuracy: 0.1581 - val_loss: 0.4290 - val_sens_fpr0.005: 0.1233
Epoch 10/400
68/68 - 5s - 70ms/step - accuracy: 0.5821 - loss: 0.3843 - val_accuracy: 0.1581 - val_loss: 0.4287 - val_sens_fpr0.005: 0.1164
Epoch 11/400
68/68 - 5s - 70ms/step - accuracy: 0.5890 - loss: 0.3831 - val_accuracy: 0.1552 - val_loss: 0.4308 - val_sens_fpr0.005: 0.1301
Epoch 12/400
68/68 - 5s - 70ms/step - accuracy: 0.5960 - loss: 0.3823 - val_accuracy: 0.1567 - val_loss: 0.4294 - val_sens_fpr0.005: 0.1301
Epoch 13/400
68/68 - 5s - 69ms/step - accuracy: 0.6010 - loss: 0.3811 - val_accuracy: 0.1605 - val_loss: 0.4284 - val_sens_fpr0.005: 0.1370
Epoch 14/400
68/68 - 5s - 70ms/step - accuracy: 0.6074 - loss: 0.3802 - val_accuracy: 0.1617 - val_loss: 0.4287 - val_sens_fpr0.005: 0.1370
Epoch 15/400
68/68 - 5s - 70ms/step - accuracy: 0.6138 - loss: 0.3794 - val_accuracy: 0.1589 - val_loss: 0.4284 - val_sens_fpr0.005: 0.1438
Epoch 16/400
68/68 - 5s - 70ms/step - accuracy: 0.6158 - loss: 0.3788 - val_accuracy: 0.1526 - val_loss: 0.4324 - val_sens_fpr0.005: 0.1438
Epoch 17/400
68/68 - 5s - 70ms/step - accuracy: 0.6220 - loss: 0.3780 - val_accuracy: 0.1611 - val_loss: 0.4294 - val_sens_fpr0.005: 0.1507
Epoch 18/400
68/68 - 5s - 69ms/step - accuracy: 0.6238 - loss: 0.3775 - val_accuracy: 0.1542 - val_loss: 0.4328 - val_sens_fpr0.005: 0.1507
Epoch 19/400
68/68 - 5s - 70ms/step - accuracy: 0.6282 - loss: 0.3769 - val_accuracy: 0.1654 - val_loss: 0.4285 - val_sens_fpr0.005: 0.1507
Epoch 20/400
68/68 - 5s - 70ms/step - accuracy: 0.6316 - loss: 0.3763 - val_accuracy: 0.1631 - val_loss: 0.4291 - val_sens_fpr0.005: 0.1507
Epoch 21/400
68/68 - 5s - 69ms/step - accuracy: 0.6337 - loss: 0.3758 - val_accuracy: 0.1526 - val_loss: 0.4318 - val_sens_fpr0.005: 0.1507
Epoch 22/400
68/68 - 5s - 69ms/step - accuracy: 0.6364 - loss: 0.3753 - val_accuracy: 0.1534 - val_loss: 0.4317 - val_sens_fpr0.005: 0.1507
Epoch 23/400
68/68 - 5s - 69ms/step - accuracy: 0.6387 - loss: 0.3748 - val_accuracy: 0.1492 - val_loss: 0.4353 - val_sens_fpr0.005: 0.1575
Epoch 24/400
68/68 - 5s - 70ms/step - accuracy: 0.6430 - loss: 0.3743 - val_accuracy: 0.1567 - val_loss: 0.4316 - val_sens_fpr0.005: 0.1507
Epoch 25/400
68/68 - 5s - 70ms/step - accuracy: 0.6440 - loss: 0.3740 - val_accuracy: 0.1476 - val_loss: 0.4379 - val_sens_fpr0.005: 0.1644
Epoch 26/400
68/68 - 5s - 70ms/step - accuracy: 0.6461 - loss: 0.3735 - val_accuracy: 0.1492 - val_loss: 0.4370 - val_sens_fpr0.005: 0.1781
Epoch 27/400
68/68 - 5s - 70ms/step - accuracy: 0.6483 - loss: 0.3732 - val_accuracy: 0.1536 - val_loss: 0.4329 - val_sens_fpr0.005: 0.1713
Epoch 28/400
68/68 - 5s - 70ms/step - accuracy: 0.6508 - loss: 0.3728 - val_accuracy: 0.1512 - val_loss: 0.4348 - val_sens_fpr0.005: 0.1644
Epoch 29/400
68/68 - 5s - 70ms/step - accuracy: 0.6526 - loss: 0.3725 - val_accuracy: 0.1494 - val_loss: 0.4358 - val_sens_fpr0.005: 0.1644
Epoch 30/400
68/68 - 5s - 70ms/step - accuracy: 0.6537 - loss: 0.3721 - val_accuracy: 0.1502 - val_loss: 0.4359 - val_sens_fpr0.005: 0.1712
Epoch 31/400
68/68 - 5s - 69ms/step - accuracy: 0.6559 - loss: 0.3718 - val_accuracy: 0.1506 - val_loss: 0.4377 - val_sens_fpr0.005: 0.1575
Epoch 32/400
68/68 - 5s - 70ms/step - accuracy: 0.6569 - loss: 0.3715 - val_accuracy: 0.1514 - val_loss: 0.4364 - val_sens_fpr0.005: 0.1575
Epoch 33/400
68/68 - 5s - 70ms/step - accuracy: 0.6599 - loss: 0.3713 - val_accuracy: 0.1542 - val_loss: 0.4364 - val_sens_fpr0.005: 0.1575
Epoch 34/400
68/68 - 5s - 70ms/step - accuracy: 0.6591 - loss: 0.3710 - val_accuracy: 0.1546 - val_loss: 0.4363 - val_sens_fpr0.005: 0.1575
Epoch 35/400
68/68 - 5s - 69ms/step - accuracy: 0.6610 - loss: 0.3707 - val_accuracy: 0.1536 - val_loss: 0.4370 - val_sens_fpr0.005: 0.1575
Epoch 36/400
68/68 - 5s - 70ms/step - accuracy: 0.6632 - loss: 0.3703 - val_accuracy: 0.1548 - val_loss: 0.4369 - val_sens_fpr0.005: 0.1644
Epoch 37/400
68/68 - 5s - 70ms/step - accuracy: 0.6639 - loss: 0.3700 - val_accuracy: 0.1542 - val_loss: 0.4373 - val_sens_fpr0.005: 0.1575
Epoch 38/400
68/68 - 5s - 70ms/step - accuracy: 0.6654 - loss: 0.3699 - val_accuracy: 0.1575 - val_loss: 0.4341 - val_sens_fpr0.005: 0.1644
Epoch 39/400
68/68 - 5s - 70ms/step - accuracy: 0.6668 - loss: 0.3697 - val_accuracy: 0.1510 - val_loss: 0.4401 - val_sens_fpr0.005: 0.1644
Epoch 40/400
68/68 - 5s - 69ms/step - accuracy: 0.6671 - loss: 0.3695 - val_accuracy: 0.1536 - val_loss: 0.4396 - val_sens_fpr0.005: 0.1507
Epoch 41/400
68/68 - 5s - 70ms/step - accuracy: 0.6704 - loss: 0.3691 - val_accuracy: 0.1532 - val_loss: 0.4401 - val_sens_fpr0.005: 0.1713
Epoch 42/400
68/68 - 5s - 70ms/step - accuracy: 0.6704 - loss: 0.3690 - val_accuracy: 0.1536 - val_loss: 0.4378 - val_sens_fpr0.005: 0.1575
Epoch 43/400
68/68 - 5s - 69ms/step - accuracy: 0.6713 - loss: 0.3687 - val_accuracy: 0.1512 - val_loss: 0.4427 - val_sens_fpr0.005: 0.1644
Epoch 44/400
68/68 - 5s - 69ms/step - accuracy: 0.6727 - loss: 0.3685 - val_accuracy: 0.1548 - val_loss: 0.4390 - val_sens_fpr0.005: 0.1644
Epoch 45/400
68/68 - 5s - 70ms/step - accuracy: 0.6722 - loss: 0.3683 - val_accuracy: 0.1556 - val_loss: 0.4378 - val_sens_fpr0.005: 0.1644
Epoch 46/400
68/68 - 5s - 69ms/step - accuracy: 0.6741 - loss: 0.3681 - val_accuracy: 0.1538 - val_loss: 0.4388 - val_sens_fpr0.005: 0.1712
Epoch 47/400
68/68 - 5s - 70ms/step - accuracy: 0.6755 - loss: 0.3679 - val_accuracy: 0.1613 - val_loss: 0.4349 - val_sens_fpr0.005: 0.1712
Epoch 48/400
68/68 - 5s - 70ms/step - accuracy: 0.6748 - loss: 0.3677 - val_accuracy: 0.1524 - val_loss: 0.4408 - val_sens_fpr0.005: 0.1508
Epoch 49/400
68/68 - 5s - 70ms/step - accuracy: 0.6757 - loss: 0.3675 - val_accuracy: 0.1565 - val_loss: 0.4388 - val_sens_fpr0.005: 0.1712
Epoch 50/400
68/68 - 5s - 69ms/step - accuracy: 0.6772 - loss: 0.3673 - val_accuracy: 0.1540 - val_loss: 0.4427 - val_sens_fpr0.005: 0.1575
Epoch 51/400
68/68 - 5s - 69ms/step - accuracy: 0.6779 - loss: 0.3671 - val_accuracy: 0.1530 - val_loss: 0.4423 - val_sens_fpr0.005: 0.1645
Epoch 52/400
68/68 - 5s - 70ms/step - accuracy: 0.6788 - loss: 0.3670 - val_accuracy: 0.1542 - val_loss: 0.4414 - val_sens_fpr0.005: 0.1576
  RestoreBestSens: epoch 30 — smoothed val_sens_fpr0.005 (window 5)
[5/11] Luke - Diel Drivers/2026-04-08/1_150: 52 epochs (best 30), val_loss 0.4210, 68848/4947 frames train/val, sens@fpr0.5%=0.171
2026-09-04 18:06:09.572086: W external/local_tsl/tsl/framework/cpu_allocator_impl.cc:83] Allocation of 1650696192 exceeds 10% of free system memory.
2026-09-04 18:06:20.359770: W external/local_tsl/tsl/framework/bfc_allocator.cc:487] Allocator (GPU_0_bfc) ran out of memory trying to allocate 1.54GiB (rounded to 1650696192)requested by op _EagerConst
If the cause is memory fragmentation maybe the environment variable 'TF_GPU_ALLOCATOR=cuda_malloc_async' will improve the situation. 
Current allocation summary follows.
Current allocation summary follows.
2026-09-04 18:06:20.359858: I external/local_tsl/tsl/framework/bfc_allocator.cc:1044] BFCAllocator dump for GPU_0_bfc
2026-09-04 18:06:20.359880: I external/local_tsl/tsl/framework/bfc_allocator.cc:1051] Bin (256): 	Total Chunks: 121, Chunks in use: 118. 30.2KiB allocated for chunks. 29.5KiB in use in bin. 2.9KiB client-requested in use in bin.
2026-09-04 18:06:20.359891: I external/local_tsl/tsl/framework/bfc_allocator.cc:1051] Bin (512): 	Total Chunks: 14, Chunks in use: 12. 7.5KiB allocated for chunks. 6.2KiB in use in bin. 6.0KiB client-requested in use in bin.
2026-09-04 18:06:20.359902: I external/local_tsl/tsl/framework/bfc_allocator.cc:1051] Bin (1024): 	Total Chunks: 15, Chunks in use: 15. 16.0KiB allocated for chunks. 16.0KiB in use in bin. 15.3KiB client-requested in use in bin.
2026-09-04 18:06:20.359913: I external/local_tsl/tsl/framework/bfc_allocator.cc:1051] Bin (2048): 	Total Chunks: 38, Chunks in use: 37. 79.8KiB allocated for chunks. 77.5KiB in use in bin. 74.2KiB client-requested in use in bin.
2026-09-04 18:06:20.359923: I external/local_tsl/tsl/framework/bfc_allocator.cc:1051] Bin (4096): 	Total Chunks: 12, Chunks in use: 11. 50.2KiB allocated for chunks. 46.2KiB in use in bin. 45.0KiB client-requested in use in bin.
2026-09-04 18:06:20.359934: I external/local_tsl/tsl/framework/bfc_allocator.cc:1051] Bin (8192): 	Total Chunks: 3, Chunks in use: 3. 29.0KiB allocated for chunks. 29.0KiB in use in bin. 26.0KiB client-requested in use in bin.
2026-09-04 18:06:20.359945: I external/local_tsl/tsl/framework/bfc_allocator.cc:1051] Bin (16384): 	Total Chunks: 9, Chunks in use: 8. 178.5KiB allocated for chunks. 149.0KiB in use in bin. 144.0KiB client-requested in use in bin.
2026-09-04 18:06:20.359956: I external/local_tsl/tsl/framework/bfc_allocator.cc:1051] Bin (32768): 	Total Chunks: 4, Chunks in use: 4. 144.0KiB allocated for chunks. 144.0KiB in use in bin. 140.0KiB client-requested in use in bin.
2026-09-04 18:06:20.359967: I external/local_tsl/tsl/framework/bfc_allocator.cc:1051] Bin (65536): 	Total Chunks: 5, Chunks in use: 4. 338.0KiB allocated for chunks. 270.0KiB in use in bin. 268.0KiB client-requested in use in bin.
2026-09-04 18:06:20.359977: I external/local_tsl/tsl/framework/bfc_allocator.cc:1051] Bin (131072): 	Total Chunks: 3, Chunks in use: 1. 473.5KiB allocated for chunks. 128.0KiB in use in bin. 128.0KiB client-requested in use in bin.
2026-09-04 18:06:20.359988: I external/local_tsl/tsl/framework/bfc_allocator.cc:1051] Bin (262144): 	Total Chunks: 2, Chunks in use: 2. 584.8KiB allocated for chunks. 584.8KiB in use in bin. 584.5KiB client-requested in use in bin.
2026-09-04 18:06:20.360016: I external/local_tsl/tsl/framework/bfc_allocator.cc:1051] Bin (524288): 	Total Chunks: 2, Chunks in use: 1. 1.25MiB allocated for chunks. 512.0KiB in use in bin. 512.0KiB client-requested in use in bin.
2026-09-04 18:06:20.360026: I external/local_tsl/tsl/framework/bfc_allocator.cc:1051] Bin (1048576): 	Total Chunks: 5, Chunks in use: 5. 5.50MiB allocated for chunks. 5.50MiB in use in bin. 5.00MiB client-requested in use in bin.
2026-09-04 18:06:20.360034: I external/local_tsl/tsl/framework/bfc_allocator.cc:1051] Bin (2097152): 	Total Chunks: 3, Chunks in use: 3. 6.00MiB allocated for chunks. 6.00MiB in use in bin. 6.00MiB client-requested in use in bin.
2026-09-04 18:06:20.360043: I external/local_tsl/tsl/framework/bfc_allocator.cc:1051] Bin (4194304): 	Total Chunks: 5, Chunks in use: 4. 23.46MiB allocated for chunks. 16.46MiB in use in bin. 16.46MiB client-requested in use in bin.
2026-09-04 18:06:20.360052: I external/local_tsl/tsl/framework/bfc_allocator.cc:1051] Bin (8388608): 	Total Chunks: 0, Chunks in use: 0. 0B allocated for chunks. 0B in use in bin. 0B client-requested in use in bin.
2026-09-04 18:06:20.360061: I external/local_tsl/tsl/framework/bfc_allocator.cc:1051] Bin (16777216): 	Total Chunks: 0, Chunks in use: 0. 0B allocated for chunks. 0B in use in bin. 0B client-requested in use in bin.
2026-09-04 18:06:20.360069: I external/local_tsl/tsl/framework/bfc_allocator.cc:1051] Bin (33554432): 	Total Chunks: 0, Chunks in use: 0. 0B allocated for chunks. 0B in use in bin. 0B client-requested in use in bin.
2026-09-04 18:06:20.360079: I external/local_tsl/tsl/framework/bfc_allocator.cc:1051] Bin (67108864): 	Total Chunks: 1, Chunks in use: 1. 115.95MiB allocated for chunks. 115.95MiB in use in bin. 115.95MiB client-requested in use in bin.
2026-09-04 18:06:20.360086: I external/local_tsl/tsl/framework/bfc_allocator.cc:1051] Bin (134217728): 	Total Chunks: 0, Chunks in use: 0. 0B allocated for chunks. 0B in use in bin. 0B client-requested in use in bin.
2026-09-04 18:06:20.360095: I external/local_tsl/tsl/framework/bfc_allocator.cc:1051] Bin (268435456): 	Total Chunks: 3, Chunks in use: 1. 2.12GiB allocated for chunks. 1.58GiB in use in bin. 1.58GiB client-requested in use in bin.
2026-09-04 18:06:20.360103: I external/local_tsl/tsl/framework/bfc_allocator.cc:1067] Bin for 1.54GiB was 256.00MiB, Chunk State: 
2026-09-04 18:06:20.360117: I external/local_tsl/tsl/framework/bfc_allocator.cc:1073]   Size: 272.14MiB | Requested Size: 15.89MiB | in_use: 0 | bin_num: 20, prev:   Size: 4.00MiB | Requested Size: 4.00MiB | in_use: 1 | bin_num: -1, next:   Size: 2.00MiB | Requested Size: 2.00MiB | in_use: 1 | bin_num: -1
2026-09-04 18:06:20.360128: I external/local_tsl/tsl/framework/bfc_allocator.cc:1073]   Size: 282.19MiB | Requested Size: 24.00MiB | in_use: 0 | bin_num: 20, prev:   Size: 4.00MiB | Requested Size: 4.00MiB | in_use: 1 | bin_num: -1
2026-09-04 18:06:20.360135: I external/local_tsl/tsl/framework/bfc_allocator.cc:1080] Next region of size 2434793472
2026-09-04 18:06:20.360143: I external/local_tsl/tsl/framework/bfc_allocator.cc:1100] InUse at 78dbcc000000 of size 1692008448 next 1
2026-09-04 18:06:20.360150: I external/local_tsl/tsl/framework/bfc_allocator.cc:1100] InUse at 78dc30da0000 of size 1280 next 2
2026-09-04 18:06:20.360156: I external/local_tsl/tsl/framework/bfc_allocator.cc:1100] InUse at 78dc30da0500 of size 4681728 next 3
2026-09-04 18:06:20.360163: I external/local_tsl/tsl/framework/bfc_allocator.cc:1100] InUse at 78dc31217500 of size 256 next 4
2026-09-04 18:06:20.360168: I external/local_tsl/tsl/framework/bfc_allocator.cc:1100] InUse at 78dc31217600 of size 256 next 5
2026-09-04 18:06:20.360174: I external/local_tsl/tsl/framework/bfc_allocator.cc:1100] InUse at 78dc31217700 of size 256 next 6
2026-09-04 18:06:20.360179: I external/local_tsl/tsl/framework/bfc_allocator.cc:1100] InUse at 78dc31217800 of size 256 next 7
2026-09-04 18:06:20.360189: I external/local_tsl/tsl/framework/bfc_allocator.cc:1100] InUse at 78dc31217900 of size 256 next 8
2026-09-04 18:06:20.360195: I external/local_tsl/tsl/framework/bfc_allocator.cc:1100] InUse at 78dc31217a00 of size 121577472 next 9
2026-09-04 18:06:20.360202: I external/local_tsl/tsl/framework/bfc_allocator.cc:1100] InUse at 78dc38609a00 of size 336640 next 10
2026-09-04 18:06:20.360209: I external/local_tsl/tsl/framework/bfc_allocator.cc:1100] InUse at 78dc3865bd00 of size 256 next 11
2026-09-04 18:06:20.360215: I external/local_tsl/tsl/framework/bfc_allocator.cc:1100] InUse at 78dc3865be00 of size 256 next 12
2026-09-04 18:06:20.360220: I external/local_tsl/tsl/framework/bfc_allocator.cc:1100] InUse at 78dc3865bf00 of size 256 next 13
2026-09-04 18:06:20.360226: I external/local_tsl/tsl/framework/bfc_allocator.cc:1100] InUse at 78dc3865c000 of size 256 next 14
2026-09-04 18:06:20.360231: I external/local_tsl/tsl/framework/bfc_allocator.cc:1100] InUse at 78dc3865c100 of size 256 next 16
2026-09-04 18:06:20.360237: I external/local_tsl/tsl/framework/bfc_allocator.cc:1100] InUse at 78dc3865c200 of size 256 next 17
2026-09-04 18:06:20.360242: I external/local_tsl/tsl/framework/bfc_allocator.cc:1100] InUse at 78dc3865c300 of size 256 next 15
2026-09-04 18:06:20.360248: I external/local_tsl/tsl/framework/bfc_allocator.cc:1100] InUse at 78dc3865c400 of size 256 next 18
2026-09-04 18:06:20.360253: I external/local_tsl/tsl/framework/bfc_allocator.cc:1100] InUse at 78dc3865c500 of size 256 next 30
2026-09-04 18:06:20.360259: I external/local_tsl/tsl/framework/bfc_allocator.cc:1100] InUse at 78dc3865c600 of size 256 next 28
2026-09-04 18:06:20.360264: I external/local_tsl/tsl/framework/bfc_allocator.cc:1100] InUse at 78dc3865c700 of size 256 next 29
2026-09-04 18:06:20.360270: I external/local_tsl/tsl/framework/bfc_allocator.cc:1100] InUse at 78dc3865c800 of size 256 next 33
2026-09-04 18:06:20.360275: I external/local_tsl/tsl/framework/bfc_allocator.cc:1100] InUse at 78dc3865c900 of size 256 next 34
2026-09-04 18:06:20.360281: I external/local_tsl/tsl/framework/bfc_allocator.cc:1100] InUse at 78dc3865ca00 of size 256 next 37
2026-09-04 18:06:20.360286: I external/local_tsl/tsl/framework/bfc_allocator.cc:1100] InUse at 78dc3865cb00 of size 256 next 35
2026-09-04 18:06:20.360292: I external/local_tsl/tsl/framework/bfc_allocator.cc:1100] InUse at 78dc3865cc00 of size 256 next 36
2026-09-04 18:06:20.360297: I external/local_tsl/tsl/framework/bfc_allocator.cc:1100] InUse at 78dc3865cd00 of size 256 next 19
2026-09-04 18:06:20.360303: I external/local_tsl/tsl/framework/bfc_allocator.cc:1100] InUse at 78dc3865ce00 of size 256 next 161
2026-09-04 18:06:20.360309: I external/local_tsl/tsl/framework/bfc_allocator.cc:1100] InUse at 78dc3865cf00 of size 256 next 20
2026-09-04 18:06:20.360315: I external/local_tsl/tsl/framework/bfc_allocator.cc:1100] InUse at 78dc3865d000 of size 256 next 22
2026-09-04 18:06:20.360320: I external/local_tsl/tsl/framework/bfc_allocator.cc:1100] InUse at 78dc3865d100 of size 256 next 23
2026-09-04 18:06:20.360326: I external/local_tsl/tsl/framework/bfc_allocator.cc:1100] InUse at 78dc3865d200 of size 256 next 25
2026-09-04 18:06:20.360332: I external/local_tsl/tsl/framework/bfc_allocator.cc:1100] InUse at 78dc3865d300 of size 768 next 21
2026-09-04 18:06:20.360337: I external/local_tsl/tsl/framework/bfc_allocator.cc:1100] InUse at 78dc3865d600 of size 256 next 24
2026-09-04 18:06:20.360343: I external/local_tsl/tsl/framework/bfc_allocator.cc:1100] InUse at 78dc3865d700 of size 256 next 27
2026-09-04 18:06:20.360349: I external/local_tsl/tsl/framework/bfc_allocator.cc:1100] InUse at 78dc3865d800 of size 512 next 26
2026-09-04 18:06:20.360354: I external/local_tsl/tsl/framework/bfc_allocator.cc:1100] InUse at 78dc3865da00 of size 512 next 40
2026-09-04 18:06:20.360360: I external/local_tsl/tsl/framework/bfc_allocator.cc:1100] InUse at 78dc3865dc00 of size 512 next 43
2026-09-04 18:06:20.360366: I external/local_tsl/tsl/framework/bfc_allocator.cc:1100] InUse at 78dc3865de00 of size 512 next 38
2026-09-04 18:06:20.360374: I external/local_tsl/tsl/framework/bfc_allocator.cc:1100] InUse at 78dc3865e000 of size 512 next 52
2026-09-04 18:06:20.360380: I external/local_tsl/tsl/framework/bfc_allocator.cc:1100] InUse at 78dc3865e200 of size 512 next 41
2026-09-04 18:06:20.360386: I external/local_tsl/tsl/framework/bfc_allocator.cc:1100] InUse at 78dc3865e400 of size 256 next 42
2026-09-04 18:06:20.360391: I external/local_tsl/tsl/framework/bfc_allocator.cc:1100] InUse at 78dc3865e500 of size 256 next 46
2026-09-04 18:06:20.360397: I external/local_tsl/tsl/framework/bfc_allocator.cc:1100] InUse at 78dc3865e600 of size 512 next 47
2026-09-04 18:06:20.360402: I external/local_tsl/tsl/framework/bfc_allocator.cc:1100] InUse at 78dc3865e800 of size 512 next 50
2026-09-04 18:06:20.360408: I external/local_tsl/tsl/framework/bfc_allocator.cc:1100] InUse at 78dc3865ea00 of size 512 next 48
2026-09-04 18:06:20.360413: I external/local_tsl/tsl/framework/bfc_allocator.cc:1100] InUse at 78dc3865ec00 of size 256 next 49
2026-09-04 18:06:20.360418: I external/local_tsl/tsl/framework/bfc_allocator.cc:1100] InUse at 78dc3865ed00 of size 512 next 53
2026-09-04 18:06:20.360424: I external/local_tsl/tsl/framework/bfc_allocator.cc:1100] InUse at 78dc3865ef00 of size 256 next 39
2026-09-04 18:06:20.360430: I external/local_tsl/tsl/framework/bfc_allocator.cc:1100] InUse at 78dc3865f000 of size 1024 next 61
2026-09-04 18:06:20.360437: I external/local_tsl/tsl/framework/bfc_allocator.cc:1100] InUse at 78dc3865f400 of size 1024 next 68
2026-09-04 18:06:20.360443: I external/local_tsl/tsl/framework/bfc_allocator.cc:1100] InUse at 78dc3865f800 of size 2304 next 65
2026-09-04 18:06:20.360450: I external/local_tsl/tsl/framework/bfc_allocator.cc:1100] InUse at 78dc38660100 of size 256 next 66
2026-09-04 18:06:20.360456: I external/local_tsl/tsl/framework/bfc_allocator.cc:1100] InUse at 78dc38660200 of size 256 next 69
2026-09-04 18:06:20.360461: I external/local_tsl/tsl/framework/bfc_allocator.cc:1100] InUse at 78dc38660300 of size 1024 next 70
2026-09-04 18:06:20.360468: I external/local_tsl/tsl/framework/bfc_allocator.cc:1100] InUse at 78dc38660700 of size 1024 next 73
2026-09-04 18:06:20.360474: I external/local_tsl/tsl/framework/bfc_allocator.cc:1100] InUse at 78dc38660b00 of size 1024 next 71
2026-09-04 18:06:20.360480: I external/local_tsl/tsl/framework/bfc_allocator.cc:1100] InUse at 78dc38660f00 of size 256 next 72
2026-09-04 18:06:20.360486: I external/local_tsl/tsl/framework/bfc_allocator.cc:1100] InUse at 78dc38661000 of size 256 next 76
2026-09-04 18:06:20.360491: I external/local_tsl/tsl/framework/bfc_allocator.cc:1100] InUse at 78dc38661100 of size 1024 next 77
2026-09-04 18:06:20.360498: I external/local_tsl/tsl/framework/bfc_allocator.cc:1100] InUse at 78dc38661500 of size 1024 next 80
2026-09-04 18:06:20.360504: I external/local_tsl/tsl/framework/bfc_allocator.cc:1100] InUse at 78dc38661900 of size 1280 next 32
2026-09-04 18:06:20.360511: I external/local_tsl/tsl/framework/bfc_allocator.cc:1100] InUse at 78dc38661e00 of size 2304 next 163
2026-09-04 18:06:20.360518: I external/local_tsl/tsl/framework/bfc_allocator.cc:1100] InUse at 78dc38662700 of size 5888 next 31
2026-09-04 18:06:20.360524: I external/local_tsl/tsl/framework/bfc_allocator.cc:1100] InUse at 78dc38663e00 of size 4608 next 51
2026-09-04 18:06:20.360531: I external/local_tsl/tsl/framework/bfc_allocator.cc:1100] InUse at 78dc38665000 of size 512 next 58
2026-09-04 18:06:20.360537: I external/local_tsl/tsl/framework/bfc_allocator.cc:1100] InUse at 78dc38665200 of size 1024 next 54
2026-09-04 18:06:20.360543: I external/local_tsl/tsl/framework/bfc_allocator.cc:1100] InUse at 78dc38665600 of size 256 next 60
2026-09-04 18:06:20.360549: I external/local_tsl/tsl/framework/bfc_allocator.cc:1100] InUse at 78dc38665700 of size 256 next 63
2026-09-04 18:06:20.360555: I external/local_tsl/tsl/framework/bfc_allocator.cc:1100] InUse at 78dc38665800 of size 1024 next 64
2026-09-04 18:06:20.360561: I external/local_tsl/tsl/framework/bfc_allocator.cc:1100] InUse at 78dc38665c00 of size 2048 next 85
2026-09-04 18:06:20.360571: I external/local_tsl/tsl/framework/bfc_allocator.cc:1100] InUse at 78dc38666400 of size 2048 next 62
2026-09-04 18:06:20.360578: I external/local_tsl/tsl/framework/bfc_allocator.cc:1100] InUse at 78dc38666c00 of size 2048 next 124
2026-09-04 18:06:20.360585: I external/local_tsl/tsl/framework/bfc_allocator.cc:1100] Free  at 78dc38667400 of size 2304 next 88
2026-09-04 18:06:20.360591: I external/local_tsl/tsl/framework/bfc_allocator.cc:1100] InUse at 78dc38667d00 of size 256 next 89
2026-09-04 18:06:20.360597: I external/local_tsl/tsl/framework/bfc_allocator.cc:1100] InUse at 78dc38667e00 of size 256 next 92
2026-09-04 18:06:20.360602: I external/local_tsl/tsl/framework/bfc_allocator.cc:1100] InUse at 78dc38667f00 of size 2048 next 93
2026-09-04 18:06:20.360609: I external/local_tsl/tsl/framework/bfc_allocator.cc:1100] InUse at 78dc38668700 of size 2048 next 96
2026-09-04 18:06:20.360615: I external/local_tsl/tsl/framework/bfc_allocator.cc:1100] InUse at 78dc38668f00 of size 2048 next 94
2026-09-04 18:06:20.360622: I external/local_tsl/tsl/framework/bfc_allocator.cc:1100] InUse at 78dc38669700 of size 256 next 95
2026-09-04 18:06:20.360627: I external/local_tsl/tsl/framework/bfc_allocator.cc:1100] InUse at 78dc38669800 of size 256 next 99
2026-09-04 18:06:20.360633: I external/local_tsl/tsl/framework/bfc_allocator.cc:1100] InUse at 78dc38669900 of size 2048 next 100
2026-09-04 18:06:20.360639: I external/local_tsl/tsl/framework/bfc_allocator.cc:1100] InUse at 78dc3866a100 of size 2048 next 103
2026-09-04 18:06:20.360646: I external/local_tsl/tsl/framework/bfc_allocator.cc:1100] InUse at 78dc3866a900 of size 2048 next 101
2026-09-04 18:06:20.360653: I external/local_tsl/tsl/framework/bfc_allocator.cc:1100] InUse at 78dc3866b100 of size 3072 next 75
2026-09-04 18:06:20.360660: I external/local_tsl/tsl/framework/bfc_allocator.cc:1100] InUse at 78dc3866bd00 of size 9216 next 74
2026-09-04 18:06:20.360666: I external/local_tsl/tsl/framework/bfc_allocator.cc:1100] InUse at 78dc3866e100 of size 1024 next 79
2026-09-04 18:06:20.360673: I external/local_tsl/tsl/framework/bfc_allocator.cc:1100] InUse at 78dc3866e500 of size 1024 next 83
2026-09-04 18:06:20.360679: I external/local_tsl/tsl/framework/bfc_allocator.cc:1100] InUse at 78dc3866e900 of size 256 next 159
2026-09-04 18:06:20.360686: I external/local_tsl/tsl/framework/bfc_allocator.cc:1100] InUse at 78dc3866ea00 of size 256 next 138
2026-09-04 18:06:20.360692: I external/local_tsl/tsl/framework/bfc_allocator.cc:1100] Free  at 78dc3866eb00 of size 256 next 133
2026-09-04 18:06:20.360699: I external/local_tsl/tsl/framework/bfc_allocator.cc:1100] InUse at 78dc3866ec00 of size 256 next 78
2026-09-04 18:06:20.360704: I external/local_tsl/tsl/framework/bfc_allocator.cc:1100] InUse at 78dc3866ed00 of size 256 next 84
2026-09-04 18:06:20.360710: I external/local_tsl/tsl/framework/bfc_allocator.cc:1100] InUse at 78dc3866ee00 of size 256 next 86
2026-09-04 18:06:20.360716: I external/local_tsl/tsl/framework/bfc_allocator.cc:1100] InUse at 78dc3866ef00 of size 2048 next 87
2026-09-04 18:06:20.360723: I external/local_tsl/tsl/framework/bfc_allocator.cc:1100] InUse at 78dc3866f700 of size 4096 next 146
2026-09-04 18:06:20.360729: I external/local_tsl/tsl/framework/bfc_allocator.cc:1100] InUse at 78dc38670700 of size 4096 next 160
2026-09-04 18:06:20.360736: I external/local_tsl/tsl/framework/bfc_allocator.cc:1100] InUse at 78dc38671700 of size 256 next 198
2026-09-04 18:06:20.360742: I external/local_tsl/tsl/framework/bfc_allocator.cc:1100] InUse at 78dc38671800 of size 256 next 178
2026-09-04 18:06:20.360749: I external/local_tsl/tsl/framework/bfc_allocator.cc:1100] InUse at 78dc38671900 of size 256 next 196
2026-09-04 18:06:20.360755: I external/local_tsl/tsl/framework/bfc_allocator.cc:1100] InUse at 78dc38671a00 of size 256 next 206
2026-09-04 18:06:20.360762: I external/local_tsl/tsl/framework/bfc_allocator.cc:1100] InUse at 78dc38671b00 of size 256 next 169
2026-09-04 18:06:20.360768: I external/local_tsl/tsl/framework/bfc_allocator.cc:1100] InUse at 78dc38671c00 of size 256 next 207
2026-09-04 18:06:20.360778: I external/local_tsl/tsl/framework/bfc_allocator.cc:1100] InUse at 78dc38671d00 of size 256 next 209
2026-09-04 18:06:20.360785: I external/local_tsl/tsl/framework/bfc_allocator.cc:1100] InUse at 78dc38671e00 of size 256 next 197
2026-09-04 18:06:20.360792: I external/local_tsl/tsl/framework/bfc_allocator.cc:1100] InUse at 78dc38671f00 of size 256 next 202
2026-09-04 18:06:20.360798: I external/local_tsl/tsl/framework/bfc_allocator.cc:1100] InUse at 78dc38672000 of size 256 next 214
2026-09-04 18:06:20.360805: I external/local_tsl/tsl/framework/bfc_allocator.cc:1100] InUse at 78dc38672100 of size 256 next 217
2026-09-04 18:06:20.360811: I external/local_tsl/tsl/framework/bfc_allocator.cc:1100] InUse at 78dc38672200 of size 256 next 193
2026-09-04 18:06:20.360818: I external/local_tsl/tsl/framework/bfc_allocator.cc:1100] InUse at 78dc38672300 of size 256 next 219
2026-09-04 18:06:20.360831: I external/local_tsl/tsl/framework/bfc_allocator.cc:1100] InUse at 78dc38672400 of size 256 next 208
2026-09-04 18:06:20.360839: I external/local_tsl/tsl/framework/bfc_allocator.cc:1100] InUse at 78dc38672500 of size 256 next 171
2026-09-04 18:06:20.360845: I external/local_tsl/tsl/framework/bfc_allocator.cc:1100] InUse at 78dc38672600 of size 256 next 222
2026-09-04 18:06:20.360852: I external/local_tsl/tsl/framework/bfc_allocator.cc:1100] InUse at 78dc38672700 of size 256 next 211
2026-09-04 18:06:20.360858: I external/local_tsl/tsl/framework/bfc_allocator.cc:1100] InUse at 78dc38672800 of size 256 next 216
2026-09-04 18:06:20.360865: I external/local_tsl/tsl/framework/bfc_allocator.cc:1100] InUse at 78dc38672900 of size 256 next 221
2026-09-04 18:06:20.360871: I external/local_tsl/tsl/framework/bfc_allocator.cc:1100] InUse at 78dc38672a00 of size 256 next 212
2026-09-04 18:06:20.360878: I external/local_tsl/tsl/framework/bfc_allocator.cc:1100] InUse at 78dc38672b00 of size 256 next 199
2026-09-04 18:06:20.360884: I external/local_tsl/tsl/framework/bfc_allocator.cc:1100] InUse at 78dc38672c00 of size 256 next 223
2026-09-04 18:06:20.360890: I external/local_tsl/tsl/framework/bfc_allocator.cc:1100] InUse at 78dc38672d00 of size 256 next 213
2026-09-04 18:06:20.360897: I external/local_tsl/tsl/framework/bfc_allocator.cc:1100] InUse at 78dc38672e00 of size 256 next 201
2026-09-04 18:06:20.360903: I external/local_tsl/tsl/framework/bfc_allocator.cc:1100] Free  at 78dc38672f00 of size 256 next 233
2026-09-04 18:06:20.360910: I external/local_tsl/tsl/framework/bfc_allocator.cc:1100] InUse at 78dc38673000 of size 256 next 218
2026-09-04 18:06:20.360917: I external/local_tsl/tsl/framework/bfc_allocator.cc:1100] Free  at 78dc38673100 of size 512 next 172
2026-09-04 18:06:20.360923: I external/local_tsl/tsl/framework/bfc_allocator.cc:1100] InUse at 78dc38673300 of size 256 next 203
2026-09-04 18:06:20.360930: I external/local_tsl/tsl/framework/bfc_allocator.cc:1100] InUse at 78dc38673400 of size 256 next 237
2026-09-04 18:06:20.360936: I external/local_tsl/tsl/framework/bfc_allocator.cc:1100] InUse at 78dc38673500 of size 256 next 228
2026-09-04 18:06:20.360943: I external/local_tsl/tsl/framework/bfc_allocator.cc:1100] Free  at 78dc38673600 of size 768 next 231
2026-09-04 18:06:20.360950: I external/local_tsl/tsl/framework/bfc_allocator.cc:1100] InUse at 78dc38673900 of size 256 next 200
2026-09-04 18:06:20.360956: I external/local_tsl/tsl/framework/bfc_allocator.cc:1100] Free  at 78dc38673a00 of size 256 next 205
2026-09-04 18:06:20.360963: I external/local_tsl/tsl/framework/bfc_allocator.cc:1100] InUse at 78dc38673b00 of size 256 next 234
2026-09-04 18:06:20.360969: I external/local_tsl/tsl/framework/bfc_allocator.cc:1100] InUse at 78dc38673c00 of size 256 next 241
2026-09-04 18:06:20.360976: I external/local_tsl/tsl/framework/bfc_allocator.cc:1100] InUse at 78dc38673d00 of size 256 next 45
2026-09-04 18:06:20.360982: I external/local_tsl/tsl/framework/bfc_allocator.cc:1100] InUse at 78dc38673e00 of size 9216 next 55
2026-09-04 18:06:20.360988: I external/local_tsl/tsl/framework/bfc_allocator.cc:1100] InUse at 78dc38676200 of size 23552 next 44
2026-09-04 18:06:20.360999: I external/local_tsl/tsl/framework/bfc_allocator.cc:1100] InUse at 78dc3867be00 of size 2048 next 106
2026-09-04 18:06:20.361006: I external/local_tsl/tsl/framework/bfc_allocator.cc:1100] InUse at 78dc3867c600 of size 2048 next 107
2026-09-04 18:06:20.361013: I external/local_tsl/tsl/framework/bfc_allocator.cc:1100] InUse at 78dc3867ce00 of size 2048 next 102
2026-09-04 18:06:20.361019: I external/local_tsl/tsl/framework/bfc_allocator.cc:1100] InUse at 78dc3867d600 of size 2048 next 110
2026-09-04 18:06:20.361026: I external/local_tsl/tsl/framework/bfc_allocator.cc:1100] InUse at 78dc3867de00 of size 2048 next 111
2026-09-04 18:06:20.361032: I external/local_tsl/tsl/framework/bfc_allocator.cc:1100] InUse at 78dc3867e600 of size 256 next 151
2026-09-04 18:06:20.361039: I external/local_tsl/tsl/framework/bfc_allocator.cc:1100] InUse at 78dc3867e700 of size 256 next 154
2026-09-04 18:06:20.361045: I external/local_tsl/tsl/framework/bfc_allocator.cc:1100] InUse at 78dc3867e800 of size 4096 next 155
2026-09-04 18:06:20.361052: I external/local_tsl/tsl/framework/bfc_allocator.cc:1100] Free  at 78dc3867f800 of size 4096 next 158
2026-09-04 18:06:20.361058: I external/local_tsl/tsl/framework/bfc_allocator.cc:1100] InUse at 78dc38680800 of size 256 next 137
2026-09-04 18:06:20.361065: I external/local_tsl/tsl/framework/bfc_allocator.cc:1100] InUse at 78dc38680900 of size 256 next 139
2026-09-04 18:06:20.361071: I external/local_tsl/tsl/framework/bfc_allocator.cc:1100] InUse at 78dc38680a00 of size 256 next 239
2026-09-04 18:06:20.361078: I external/local_tsl/tsl/framework/bfc_allocator.cc:1100] InUse at 78dc38680b00 of size 256 next 167
2026-09-04 18:06:20.361084: I external/local_tsl/tsl/framework/bfc_allocator.cc:1100] InUse at 78dc38680c00 of size 256 next 168
2026-09-04 18:06:20.361091: I external/local_tsl/tsl/framework/bfc_allocator.cc:1100] InUse at 78dc38680d00 of size 256 next 175
2026-09-04 18:06:20.361097: I external/local_tsl/tsl/framework/bfc_allocator.cc:1100] InUse at 78dc38680e00 of size 256 next 179
2026-09-04 18:06:20.361104: I external/local_tsl/tsl/framework/bfc_allocator.cc:1100] InUse at 78dc38680f00 of size 256 next 204
2026-09-04 18:06:20.361110: I external/local_tsl/tsl/framework/bfc_allocator.cc:1100] InUse at 78dc38681000 of size 256 next 173
2026-09-04 18:06:20.361117: I external/local_tsl/tsl/framework/bfc_allocator.cc:1100] InUse at 78dc38681100 of size 256 next 181
2026-09-04 18:06:20.361123: I external/local_tsl/tsl/framework/bfc_allocator.cc:1100] InUse at 78dc38681200 of size 256 next 191
2026-09-04 18:06:20.361129: I external/local_tsl/tsl/framework/bfc_allocator.cc:1100] InUse at 78dc38681300 of size 256 next 192
2026-09-04 18:06:20.361136: I external/local_tsl/tsl/framework/bfc_allocator.cc:1100] InUse at 78dc38681400 of size 256 next 177
2026-09-04 18:06:20.361142: I external/local_tsl/tsl/framework/bfc_allocator.cc:1100] InUse at 78dc38681500 of size 256 next 194
2026-09-04 18:06:20.361149: I external/local_tsl/tsl/framework/bfc_allocator.cc:1100] InUse at 78dc38681600 of size 256 next 176
2026-09-04 18:06:20.361155: I external/local_tsl/tsl/framework/bfc_allocator.cc:1100] InUse at 78dc38681700 of size 256 next 156
2026-09-04 18:06:20.361161: I external/local_tsl/tsl/framework/bfc_allocator.cc:1100] InUse at 78dc38681800 of size 1280 next 157
2026-09-04 18:06:20.361168: I external/local_tsl/tsl/framework/bfc_allocator.cc:1100] InUse at 78dc38681d00 of size 1280 next 162
2026-09-04 18:06:20.361175: I external/local_tsl/tsl/framework/bfc_allocator.cc:1100] InUse at 78dc38682200 of size 11264 next 98
2026-09-04 18:06:20.361182: I external/local_tsl/tsl/framework/bfc_allocator.cc:1100] InUse at 78dc38684e00 of size 18432 next 97
2026-09-04 18:06:20.361188: I external/local_tsl/tsl/framework/bfc_allocator.cc:1100] InUse at 78dc38689600 of size 18432 next 109
2026-09-04 18:06:20.361195: I external/local_tsl/tsl/framework/bfc_allocator.cc:1100] InUse at 78dc3868de00 of size 2048 next 113
2026-09-04 18:06:20.361204: I external/local_tsl/tsl/framework/bfc_allocator.cc:1100] InUse at 78dc3868e600 of size 2048 next 114
2026-09-04 18:06:20.361211: I external/local_tsl/tsl/framework/bfc_allocator.cc:1100] InUse at 78dc3868ee00 of size 2048 next 108
2026-09-04 18:06:20.361218: I external/local_tsl/tsl/framework/bfc_allocator.cc:1100] InUse at 78dc3868f600 of size 2048 next 118
2026-09-04 18:06:20.361224: I external/local_tsl/tsl/framework/bfc_allocator.cc:1100] InUse at 78dc3868fe00 of size 2048 next 119
2026-09-04 18:06:20.361230: I external/local_tsl/tsl/framework/bfc_allocator.cc:1100] InUse at 78dc38690600 of size 2048 next 120
2026-09-04 18:06:20.361237: I external/local_tsl/tsl/framework/bfc_allocator.cc:1100] InUse at 78dc38690e00 of size 2048 next 122
2026-09-04 18:06:20.361243: I external/local_tsl/tsl/framework/bfc_allocator.cc:1100] InUse at 78dc38691600 of size 2048 next 123
2026-09-04 18:06:20.361250: I external/local_tsl/tsl/framework/bfc_allocator.cc:1100] InUse at 78dc38691e00 of size 2304 next 116
2026-09-04 18:06:20.361257: I external/local_tsl/tsl/framework/bfc_allocator.cc:1100] InUse at 78dc38692700 of size 18432 next 117
2026-09-04 18:06:20.361263: I external/local_tsl/tsl/framework/bfc_allocator.cc:1100] InUse at 78dc38696f00 of size 2048 next 125
2026-09-04 18:06:20.361270: I external/local_tsl/tsl/framework/bfc_allocator.cc:1100] InUse at 78dc38697700 of size 2048 next 126
2026-09-04 18:06:20.361276: I external/local_tsl/tsl/framework/bfc_allocator.cc:1100] InUse at 78dc38697f00 of size 2048 next 127
2026-09-04 18:06:20.361283: I external/local_tsl/tsl/framework/bfc_allocator.cc:1100] InUse at 78dc38698700 of size 2048 next 129
2026-09-04 18:06:20.361289: I external/local_tsl/tsl/framework/bfc_allocator.cc:1100] InUse at 78dc38698f00 of size 2048 next 130
2026-09-04 18:06:20.361296: I external/local_tsl/tsl/framework/bfc_allocator.cc:1100] InUse at 78dc38699700 of size 2048 next 115
2026-09-04 18:06:20.361302: I external/local_tsl/tsl/framework/bfc_allocator.cc:1100] InUse at 78dc38699f00 of size 2048 next 134
2026-09-04 18:06:20.361309: I external/local_tsl/tsl/framework/bfc_allocator.cc:1100] InUse at 78dc3869a700 of size 2048 next 135
2026-09-04 18:06:20.361316: I external/local_tsl/tsl/framework/bfc_allocator.cc:1100] InUse at 78dc3869af00 of size 3840 next 57
2026-09-04 18:06:20.361322: I external/local_tsl/tsl/framework/bfc_allocator.cc:1100] InUse at 78dc3869be00 of size 18432 next 56
2026-09-04 18:06:20.361329: I external/local_tsl/tsl/framework/bfc_allocator.cc:1100] InUse at 78dc386a0600 of size 71680 next 136
2026-09-04 18:06:20.361336: I external/local_tsl/tsl/framework/bfc_allocator.cc:1100] InUse at 78dc386b1e00 of size 256 next 141
2026-09-04 18:06:20.361342: I external/local_tsl/tsl/framework/bfc_allocator.cc:1100] InUse at 78dc386b1f00 of size 256 next 142
2026-09-04 18:06:20.361349: I external/local_tsl/tsl/framework/bfc_allocator.cc:1100] InUse at 78dc386b2000 of size 4096 next 143
2026-09-04 18:06:20.361355: I external/local_tsl/tsl/framework/bfc_allocator.cc:1100] Free  at 78dc386b3000 of size 30208 next 144
2026-09-04 18:06:20.361362: I external/local_tsl/tsl/framework/bfc_allocator.cc:1100] InUse at 78dc386ba600 of size 256 next 145
2026-09-04 18:06:20.361368: I external/local_tsl/tsl/framework/bfc_allocator.cc:1100] InUse at 78dc386ba700 of size 256 next 148
2026-09-04 18:06:20.361375: I external/local_tsl/tsl/framework/bfc_allocator.cc:1100] InUse at 78dc386ba800 of size 4096 next 149
2026-09-04 18:06:20.361381: I external/local_tsl/tsl/framework/bfc_allocator.cc:1100] InUse at 78dc386bb800 of size 4096 next 150
2026-09-04 18:06:20.361388: I external/local_tsl/tsl/framework/bfc_allocator.cc:1100] InUse at 78dc386bc800 of size 18432 next 252
2026-09-04 18:06:20.361395: I external/local_tsl/tsl/framework/bfc_allocator.cc:1100] InUse at 78dc386c1000 of size 36864 next 132
2026-09-04 18:06:20.361401: I external/local_tsl/tsl/framework/bfc_allocator.cc:1100] Free  at 78dc386ca000 of size 138752 next 67
2026-09-04 18:06:20.361408: I external/local_tsl/tsl/framework/bfc_allocator.cc:1100] InUse at 78dc386ebe00 of size 36864 next 153
2026-09-04 18:06:20.361417: I external/local_tsl/tsl/framework/bfc_allocator.cc:1100] InUse at 78dc386f4e00 of size 256 next 243
2026-09-04 18:06:20.361424: I external/local_tsl/tsl/framework/bfc_allocator.cc:1100] InUse at 78dc386f4f00 of size 256 next 242
2026-09-04 18:06:20.361431: I external/local_tsl/tsl/framework/bfc_allocator.cc:1100] InUse at 78dc386f5000 of size 256 next 246
2026-09-04 18:06:20.361437: I external/local_tsl/tsl/framework/bfc_allocator.cc:1100] InUse at 78dc386f5100 of size 256 next 249
2026-09-04 18:06:20.361444: I external/local_tsl/tsl/framework/bfc_allocator.cc:1100] InUse at 78dc386f5200 of size 256 next 232
2026-09-04 18:06:20.361450: I external/local_tsl/tsl/framework/bfc_allocator.cc:1100] InUse at 78dc386f5300 of size 256 next 195
2026-09-04 18:06:20.361457: I external/local_tsl/tsl/framework/bfc_allocator.cc:1100] InUse at 78dc386f5400 of size 256 next 220
2026-09-04 18:06:20.361463: I external/local_tsl/tsl/framework/bfc_allocator.cc:1100] InUse at 78dc386f5500 of size 256 next 251
2026-09-04 18:06:20.361469: I external/local_tsl/tsl/framework/bfc_allocator.cc:1100] InUse at 78dc386f5600 of size 256 next 174
2026-09-04 18:06:20.361476: I external/local_tsl/tsl/framework/bfc_allocator.cc:1100] InUse at 78dc386f5700 of size 256 next 248
2026-09-04 18:06:20.361482: I external/local_tsl/tsl/framework/bfc_allocator.cc:1100] InUse at 78dc386f5800 of size 256 next 225
2026-09-04 18:06:20.361489: I external/local_tsl/tsl/framework/bfc_allocator.cc:1100] InUse at 78dc386f5900 of size 256 next 230
2026-09-04 18:06:20.361495: I external/local_tsl/tsl/framework/bfc_allocator.cc:1100] InUse at 78dc386f5a00 of size 256 next 247
2026-09-04 18:06:20.361502: I external/local_tsl/tsl/framework/bfc_allocator.cc:1100] InUse at 78dc386f5b00 of size 256 next 240
2026-09-04 18:06:20.361508: I external/local_tsl/tsl/framework/bfc_allocator.cc:1100] InUse at 78dc386f5c00 of size 256 next 257
2026-09-04 18:06:20.361515: I external/local_tsl/tsl/framework/bfc_allocator.cc:1100] InUse at 78dc386f5d00 of size 256 next 236
2026-09-04 18:06:20.361521: I external/local_tsl/tsl/framework/bfc_allocator.cc:1100] InUse at 78dc386f5e00 of size 2048 next 260
2026-09-04 18:06:20.361527: I external/local_tsl/tsl/framework/bfc_allocator.cc:1100] InUse at 78dc386f6600 of size 4096 next 250
2026-09-04 18:06:20.361534: I external/local_tsl/tsl/framework/bfc_allocator.cc:1100] InUse at 78dc386f7600 of size 4096 next 255
2026-09-04 18:06:20.361540: I external/local_tsl/tsl/framework/bfc_allocator.cc:1100] InUse at 78dc386f8600 of size 4096 next 166
2026-09-04 18:06:20.361547: I external/local_tsl/tsl/framework/bfc_allocator.cc:1100] InUse at 78dc386f9600 of size 18432 next 152
2026-09-04 18:06:20.361553: I external/local_tsl/tsl/framework/bfc_allocator.cc:1100] InUse at 78dc386fde00 of size 65536 next 164
2026-09-04 18:06:20.361560: I external/local_tsl/tsl/framework/bfc_allocator.cc:1100] InUse at 78dc3870de00 of size 131072 next 59
2026-09-04 18:06:20.361567: I external/local_tsl/tsl/framework/bfc_allocator.cc:1100] Free  at 78dc3872de00 of size 69632 next 91
2026-09-04 18:06:20.361573: I external/local_tsl/tsl/framework/bfc_allocator.cc:1100] InUse at 78dc3873ee00 of size 18432 next 182
2026-09-04 18:06:20.361579: I external/local_tsl/tsl/framework/bfc_allocator.cc:1100] InUse at 78dc38743600 of size 36864 next 185
2026-09-04 18:06:20.361586: I external/local_tsl/tsl/framework/bfc_allocator.cc:1100] InUse at 78dc3874c600 of size 36864 next 186
2026-09-04 18:06:20.361592: I external/local_tsl/tsl/framework/bfc_allocator.cc:1100] InUse at 78dc38755600 of size 69632 next 189
2026-09-04 18:06:20.361599: I external/local_tsl/tsl/framework/bfc_allocator.cc:1100] InUse at 78dc38766600 of size 69632 next 190
2026-09-04 18:06:20.361605: I external/local_tsl/tsl/framework/bfc_allocator.cc:1100] Free  at 78dc38777600 of size 215040 next 81
2026-09-04 18:06:20.361611: I external/local_tsl/tsl/framework/bfc_allocator.cc:1100] InUse at 78dc387abe00 of size 262144 next 165
2026-09-04 18:06:20.361621: I external/local_tsl/tsl/framework/bfc_allocator.cc:1100] Free  at 78dc387ebe00 of size 786432 next 90
2026-09-04 18:06:20.361628: I external/local_tsl/tsl/framework/bfc_allocator.cc:1100] InUse at 78dc388abe00 of size 524288 next 82
2026-09-04 18:06:20.361635: I external/local_tsl/tsl/framework/bfc_allocator.cc:1100] InUse at 78dc3892be00 of size 1572864 next 105
2026-09-04 18:06:20.361642: I external/local_tsl/tsl/framework/bfc_allocator.cc:1100] InUse at 78dc38aabe00 of size 1048576 next 104
2026-09-04 18:06:20.361649: I external/local_tsl/tsl/framework/bfc_allocator.cc:1100] InUse at 78dc38babe00 of size 1048576 next 112
2026-09-04 18:06:20.361655: I external/local_tsl/tsl/framework/bfc_allocator.cc:1100] InUse at 78dc38cabe00 of size 1048576 next 121
2026-09-04 18:06:20.361662: I external/local_tsl/tsl/framework/bfc_allocator.cc:1100] InUse at 78dc38dabe00 of size 1048576 next 128
2026-09-04 18:06:20.361668: I external/local_tsl/tsl/framework/bfc_allocator.cc:1100] Free  at 78dc38eabe00 of size 7340032 next 140
2026-09-04 18:06:20.361675: I external/local_tsl/tsl/framework/bfc_allocator.cc:1100] InUse at 78dc395abe00 of size 2097152 next 215
2026-09-04 18:06:20.361681: I external/local_tsl/tsl/framework/bfc_allocator.cc:1100] InUse at 78dc397abe00 of size 4194304 next 131
2026-09-04 18:06:20.361688: I external/local_tsl/tsl/framework/bfc_allocator.cc:1100] Free  at 78dc39babe00 of size 285357824 next 180
2026-09-04 18:06:20.361695: I external/local_tsl/tsl/framework/bfc_allocator.cc:1100] InUse at 78dc4abcf500 of size 2097152 next 183
2026-09-04 18:06:20.361701: I external/local_tsl/tsl/framework/bfc_allocator.cc:1100] InUse at 78dc4adcf500 of size 2097152 next 184
2026-09-04 18:06:20.361708: I external/local_tsl/tsl/framework/bfc_allocator.cc:1100] InUse at 78dc4afcf500 of size 4194304 next 187
2026-09-04 18:06:20.361714: I external/local_tsl/tsl/framework/bfc_allocator.cc:1100] InUse at 78dc4b3cf500 of size 4194304 next 188
2026-09-04 18:06:20.361721: I external/local_tsl/tsl/framework/bfc_allocator.cc:1100] Free  at 78dc4b7cf500 of size 295897856 next 18446744073709551615
2026-09-04 18:06:20.361728: I external/local_tsl/tsl/framework/bfc_allocator.cc:1105]      Summary of in-use Chunks by size: 
2026-09-04 18:06:20.361736: I external/local_tsl/tsl/framework/bfc_allocator.cc:1108] 118 Chunks of size 256 totalling 29.5KiB
2026-09-04 18:06:20.361743: I external/local_tsl/tsl/framework/bfc_allocator.cc:1108] 11 Chunks of size 512 totalling 5.5KiB
2026-09-04 18:06:20.361749: I external/local_tsl/tsl/framework/bfc_allocator.cc:1108] 1 Chunks of size 768 totalling 768B
2026-09-04 18:06:20.361756: I external/local_tsl/tsl/framework/bfc_allocator.cc:1108] 11 Chunks of size 1024 totalling 11.0KiB
2026-09-04 18:06:20.361762: I external/local_tsl/tsl/framework/bfc_allocator.cc:1108] 4 Chunks of size 1280 totalling 5.0KiB
2026-09-04 18:06:20.361769: I external/local_tsl/tsl/framework/bfc_allocator.cc:1108] 32 Chunks of size 2048 totalling 64.0KiB
2026-09-04 18:06:20.361775: I external/local_tsl/tsl/framework/bfc_allocator.cc:1108] 3 Chunks of size 2304 totalling 6.8KiB
2026-09-04 18:06:20.361782: I external/local_tsl/tsl/framework/bfc_allocator.cc:1108] 1 Chunks of size 3072 totalling 3.0KiB
2026-09-04 18:06:20.361788: I external/local_tsl/tsl/framework/bfc_allocator.cc:1108] 1 Chunks of size 3840 totalling 3.8KiB
2026-09-04 18:06:20.361795: I external/local_tsl/tsl/framework/bfc_allocator.cc:1108] 9 Chunks of size 4096 totalling 36.0KiB
2026-09-04 18:06:20.361801: I external/local_tsl/tsl/framework/bfc_allocator.cc:1108] 1 Chunks of size 4608 totalling 4.5KiB
2026-09-04 18:06:20.361807: I external/local_tsl/tsl/framework/bfc_allocator.cc:1108] 1 Chunks of size 5888 totalling 5.8KiB
2026-09-04 18:06:20.361814: I external/local_tsl/tsl/framework/bfc_allocator.cc:1108] 2 Chunks of size 9216 totalling 18.0KiB
2026-09-04 18:06:20.361821: I external/local_tsl/tsl/framework/bfc_allocator.cc:1108] 1 Chunks of size 11264 totalling 11.0KiB
2026-09-04 18:06:20.361834: I external/local_tsl/tsl/framework/bfc_allocator.cc:1108] 7 Chunks of size 18432 totalling 126.0KiB
2026-09-04 18:06:20.361845: I external/local_tsl/tsl/framework/bfc_allocator.cc:1108] 1 Chunks of size 23552 totalling 23.0KiB
2026-09-04 18:06:20.361852: I external/local_tsl/tsl/framework/bfc_allocator.cc:1108] 4 Chunks of size 36864 totalling 144.0KiB
2026-09-04 18:06:20.361859: I external/local_tsl/tsl/framework/bfc_allocator.cc:1108] 1 Chunks of size 65536 totalling 64.0KiB
2026-09-04 18:06:20.361866: I external/local_tsl/tsl/framework/bfc_allocator.cc:1108] 2 Chunks of size 69632 totalling 136.0KiB
2026-09-04 18:06:20.361872: I external/local_tsl/tsl/framework/bfc_allocator.cc:1108] 1 Chunks of size 71680 totalling 70.0KiB
2026-09-04 18:06:20.361879: I external/local_tsl/tsl/framework/bfc_allocator.cc:1108] 1 Chunks of size 131072 totalling 128.0KiB
2026-09-04 18:06:20.361887: I external/local_tsl/tsl/framework/bfc_allocator.cc:1108] 1 Chunks of size 262144 totalling 256.0KiB
2026-09-04 18:06:20.361894: I external/local_tsl/tsl/framework/bfc_allocator.cc:1108] 1 Chunks of size 336640 totalling 328.8KiB
2026-09-04 18:06:20.361902: I external/local_tsl/tsl/framework/bfc_allocator.cc:1108] 1 Chunks of size 524288 totalling 512.0KiB
2026-09-04 18:06:20.361909: I external/local_tsl/tsl/framework/bfc_allocator.cc:1108] 4 Chunks of size 1048576 totalling 4.00MiB
2026-09-04 18:06:20.361917: I external/local_tsl/tsl/framework/bfc_allocator.cc:1108] 1 Chunks of size 1572864 totalling 1.50MiB
2026-09-04 18:06:20.361924: I external/local_tsl/tsl/framework/bfc_allocator.cc:1108] 3 Chunks of size 2097152 totalling 6.00MiB
2026-09-04 18:06:20.361931: I external/local_tsl/tsl/framework/bfc_allocator.cc:1108] 3 Chunks of size 4194304 totalling 12.00MiB
2026-09-04 18:06:20.361939: I external/local_tsl/tsl/framework/bfc_allocator.cc:1108] 1 Chunks of size 4681728 totalling 4.46MiB
2026-09-04 18:06:20.361947: I external/local_tsl/tsl/framework/bfc_allocator.cc:1108] 1 Chunks of size 121577472 totalling 115.95MiB
2026-09-04 18:06:20.361954: I external/local_tsl/tsl/framework/bfc_allocator.cc:1108] 1 Chunks of size 1692008448 totalling 1.58GiB
2026-09-04 18:06:20.361961: I external/local_tsl/tsl/framework/bfc_allocator.cc:1112] Sum Total of in-use chunks: 1.72GiB
2026-09-04 18:06:20.361968: I external/local_tsl/tsl/framework/bfc_allocator.cc:1114] Total bytes in pool: 2434793472 memory_limit_: 2434793472 available bytes: 0 curr_region_allocation_bytes_: 4869586944
2026-09-04 18:06:20.361978: I external/local_tsl/tsl/framework/bfc_allocator.cc:1119] Stats: 
Limit:                      2434793472
InUse:                      1844949248
MaxInUse:                   2167059456
NumAllocs:                       41694
MaxAllocSize:               1692008448
Reserved:                            0
PeakReserved:                        0
LargestFreeBlock:                    0

2026-09-04 18:06:20.361997: W external/local_tsl/tsl/framework/bfc_allocator.cc:499] ****************************************************************************___________*____________
Traceback (most recent call last):
  File "/home/luke/projects/buzzdetect-training/.local/worktrees/trunk-ft-restore-sens/03_train/main.py", line 52, in <module>
    train_set(
  File "/home/luke/projects/buzzdetect-training/.local/worktrees/trunk-ft-restore-sens/03_train/train.py", line 510, in train_set
    data = _load_data(setname, embeddername, folds_train, name_translation,
           ^^^^^^^^^^^^^^^^^^^^^^^^^^^^^^^^^^^^^^^^^^^^^^^^^^^^^^^^^^^^^^^^
  File "/home/luke/projects/buzzdetect-training/.local/worktrees/trunk-ft-restore-sens/03_train/train.py", line 141, in _load_data
    train_tf=_to_tf(data_train, size_batch, size_shuffle),
             ^^^^^^^^^^^^^^^^^^^^^^^^^^^^^^^^^^^^^^^^^^^^
  File "/home/luke/projects/buzzdetect-training/.local/worktrees/trunk-ft-restore-sens/03_train/train.py", line 69, in _to_tf
    ds = tf.data.Dataset.from_tensor_slices((emb_np, tgt_np))
         ^^^^^^^^^^^^^^^^^^^^^^^^^^^^^^^^^^^^^^^^^^^^^^^^^^^^
  File "/home/luke/anaconda3/envs/buzzdetect-train/lib/python3.12/site-packages/tensorflow/python/data/ops/dataset_ops.py", line 826, in from_tensor_slices
    return from_tensor_slices_op._from_tensor_slices(tensors, name)
           ^^^^^^^^^^^^^^^^^^^^^^^^^^^^^^^^^^^^^^^^^^^^^^^^^^^^^^^^
  File "/home/luke/anaconda3/envs/buzzdetect-train/lib/python3.12/site-packages/tensorflow/python/data/ops/from_tensor_slices_op.py", line 25, in _from_tensor_slices
    return _TensorSliceDataset(tensors, name=name)
           ^^^^^^^^^^^^^^^^^^^^^^^^^^^^^^^^^^^^^^^
  File "/home/luke/anaconda3/envs/buzzdetect-train/lib/python3.12/site-packages/tensorflow/python/data/ops/from_tensor_slices_op.py", line 33, in __init__
    element = structure.normalize_element(element)
              ^^^^^^^^^^^^^^^^^^^^^^^^^^^^^^^^^^^^
  File "/home/luke/anaconda3/envs/buzzdetect-train/lib/python3.12/site-packages/tensorflow/python/data/util/structure.py", line 134, in normalize_element
    ops.convert_to_tensor(t, name="component_%d" % i, dtype=dtype))
    ^^^^^^^^^^^^^^^^^^^^^^^^^^^^^^^^^^^^^^^^^^^^^^^^^^^^^^^^^^^^^^
  File "/home/luke/anaconda3/envs/buzzdetect-train/lib/python3.12/site-packages/tensorflow/python/profiler/trace.py", line 183, in wrapped
    return func(*args, **kwargs)
           ^^^^^^^^^^^^^^^^^^^^^
  File "/home/luke/anaconda3/envs/buzzdetect-train/lib/python3.12/site-packages/tensorflow/python/framework/ops.py", line 713, in convert_to_tensor
    return tensor_conversion_registry.convert(
           ^^^^^^^^^^^^^^^^^^^^^^^^^^^^^^^^^^^
  File "/home/luke/anaconda3/envs/buzzdetect-train/lib/python3.12/site-packages/tensorflow/python/framework/tensor_conversion_registry.py", line 234, in convert
    ret = conversion_func(value, dtype=dtype, name=name, as_ref=as_ref)
          ^^^^^^^^^^^^^^^^^^^^^^^^^^^^^^^^^^^^^^^^^^^^^^^^^^^^^^^^^^^^^
  File "/home/luke/anaconda3/envs/buzzdetect-train/lib/python3.12/site-packages/tensorflow/python/framework/constant_tensor_conversion.py", line 29, in _constant_tensor_conversion_function
    return constant_op.constant(v, dtype=dtype, name=name)
           ^^^^^^^^^^^^^^^^^^^^^^^^^^^^^^^^^^^^^^^^^^^^^^^
  File "/home/luke/anaconda3/envs/buzzdetect-train/lib/python3.12/site-packages/tensorflow/python/ops/weak_tensor_ops.py", line 142, in wrapper
    return op(*args, **kwargs)
           ^^^^^^^^^^^^^^^^^^^
  File "/home/luke/anaconda3/envs/buzzdetect-train/lib/python3.12/site-packages/tensorflow/python/framework/constant_op.py", line 276, in constant
    return _constant_impl(value, dtype, shape, name, verify_shape=False,
           ^^^^^^^^^^^^^^^^^^^^^^^^^^^^^^^^^^^^^^^^^^^^^^^^^^^^^^^^^^^^^
  File "/home/luke/anaconda3/envs/buzzdetect-train/lib/python3.12/site-packages/tensorflow/python/framework/constant_op.py", line 289, in _constant_impl
    return _constant_eager_impl(ctx, value, dtype, shape, verify_shape)
           ^^^^^^^^^^^^^^^^^^^^^^^^^^^^^^^^^^^^^^^^^^^^^^^^^^^^^^^^^^^^
  File "/home/luke/anaconda3/envs/buzzdetect-train/lib/python3.12/site-packages/tensorflow/python/framework/constant_op.py", line 301, in _constant_eager_impl
    t = convert_to_eager_tensor(value, ctx, dtype)
        ^^^^^^^^^^^^^^^^^^^^^^^^^^^^^^^^^^^^^^^^^^
  File "/home/luke/anaconda3/envs/buzzdetect-train/lib/python3.12/site-packages/tensorflow/python/framework/constant_op.py", line 108, in convert_to_eager_tensor
    return ops.EagerTensor(value, ctx.device_name, dtype)
           ^^^^^^^^^^^^^^^^^^^^^^^^^^^^^^^^^^^^^^^^^^^^^^
tensorflow.python.framework.errors_impl.InternalError: Failed copying input tensor from /job:localhost/replica:0/task:0/device:CPU:0 to /job:localhost/replica:0/task:0/device:GPU:0 in order to run _EagerConst: Dst tensor is not initialized.
=== attempt 5 exited rc=1 ===
=== attempt 6 2026-09-04_18:06:21 ===
2026-09-04 18:06:22.174274: E external/local_xla/xla/stream_executor/cuda/cuda_fft.cc:479] Unable to register cuFFT factory: Attempting to register factory for plugin cuFFT when one has already been registered
2026-09-04 18:06:22.197705: E external/local_xla/xla/stream_executor/cuda/cuda_dnn.cc:10575] Unable to register cuDNN factory: Attempting to register factory for plugin cuDNN when one has already been registered
2026-09-04 18:06:22.197770: E external/local_xla/xla/stream_executor/cuda/cuda_blas.cc:1442] Unable to register cuBLAS factory: Attempting to register factory for plugin cuBLAS when one has already been registered
2026-09-04 18:06:23.067758: W tensorflow/compiler/tf2tensorrt/utils/py_utils.cc:38] TF-TRT Warning: Could not find TensorRT
[trunk_ft_restore_sens] set medium, embedder yamnet_trunk, translation general: 11 rotating fold(s), 311 train-only, 0 holdout
[1/11] JamesU - MustardBumbler/1_29: already trained; skipping
[2/11] Lily - Fit+Fast/2023_R3_Marysville/53: already trained; skipping
[3/11] Lily Adam - One Hive/recorders/willard/2024-08-07/1_11: already trained; skipping
[4/11] Lily Adam - One Hive/recorders/wooster/2024-07-26/1_143: already trained; skipping
[5/11] Luke - Diel Drivers/2026-04-08/1_150: already trained; skipping
/home/luke/projects/buzzdetect-training/.local/worktrees/trunk-ft-restore-sens/03_train/dataset.py:130: UserWarning: all 1 embedding file(s) under /home/luke/projects/buzzdetect-training/.local/worktrees/trunk-ft-restore-sens/02_set/sets/medium/embeddings/yamnet_trunk/raw/Luke - External Data Sources/InsectSound1000/Coccinella_septempunctata/2023419-16-19/000020 were dropped by the translation; raw label(s) present: ['EXCLUDE']
  warnings.warn(
/home/luke/projects/buzzdetect-training/.local/worktrees/trunk-ft-restore-sens/03_train/dataset.py:130: UserWarning: all 1 embedding file(s) under /home/luke/projects/buzzdetect-training/.local/worktrees/trunk-ft-restore-sens/02_set/sets/medium/embeddings/yamnet_trunk/raw/Luke - External Data Sources/InsectSound1000/Nezara_viridula/2022511-18-10/000018 were dropped by the translation; raw label(s) present: ['EXCLUDE']
  warnings.warn(
/home/luke/projects/buzzdetect-training/.local/worktrees/trunk-ft-restore-sens/03_train/dataset.py:130: UserWarning: all 2 embedding file(s) under /home/luke/projects/buzzdetect-training/.local/worktrees/trunk-ft-restore-sens/02_set/sets/medium/embeddings/yamnet_trunk/raw/Luke - External Data Sources/InsectSound1000/Nezara_viridula/2022511-18-10/000025 were dropped by the translation; raw label(s) present: ['EXCLUDE']
  warnings.warn(
/home/luke/projects/buzzdetect-training/.local/worktrees/trunk-ft-restore-sens/03_train/dataset.py:130: UserWarning: all 1 embedding file(s) under /home/luke/projects/buzzdetect-training/.local/worktrees/trunk-ft-restore-sens/02_set/sets/medium/embeddings/yamnet_trunk/raw/Luke - External Data Sources/InsectSound1000/Nezara_viridula/2022511-18-10/000032 were dropped by the translation; raw label(s) present: ['EXCLUDE']
  warnings.warn(
2026-09-04 18:06:32.471914: I external/local_xla/xla/stream_executor/cuda/cuda_executor.cc:998] successful NUMA node read from SysFS had negative value (-1), but there must be at least one NUMA node, so returning NUMA node zero. See more at https://github.com/torvalds/linux/blob/v6.0/Documentation/ABI/testing/sysfs-bus-pci#L344-L355
2026-09-04 18:06:32.510034: I external/local_xla/xla/stream_executor/cuda/cuda_executor.cc:998] successful NUMA node read from SysFS had negative value (-1), but there must be at least one NUMA node, so returning NUMA node zero. See more at https://github.com/torvalds/linux/blob/v6.0/Documentation/ABI/testing/sysfs-bus-pci#L344-L355
2026-09-04 18:06:32.512377: I external/local_xla/xla/stream_executor/cuda/cuda_executor.cc:998] successful NUMA node read from SysFS had negative value (-1), but there must be at least one NUMA node, so returning NUMA node zero. See more at https://github.com/torvalds/linux/blob/v6.0/Documentation/ABI/testing/sysfs-bus-pci#L344-L355
2026-09-04 18:06:32.515022: I external/local_xla/xla/stream_executor/cuda/cuda_executor.cc:998] successful NUMA node read from SysFS had negative value (-1), but there must be at least one NUMA node, so returning NUMA node zero. See more at https://github.com/torvalds/linux/blob/v6.0/Documentation/ABI/testing/sysfs-bus-pci#L344-L355
2026-09-04 18:06:32.517172: I external/local_xla/xla/stream_executor/cuda/cuda_executor.cc:998] successful NUMA node read from SysFS had negative value (-1), but there must be at least one NUMA node, so returning NUMA node zero. See more at https://github.com/torvalds/linux/blob/v6.0/Documentation/ABI/testing/sysfs-bus-pci#L344-L355
2026-09-04 18:06:32.519482: I external/local_xla/xla/stream_executor/cuda/cuda_executor.cc:998] successful NUMA node read from SysFS had negative value (-1), but there must be at least one NUMA node, so returning NUMA node zero. See more at https://github.com/torvalds/linux/blob/v6.0/Documentation/ABI/testing/sysfs-bus-pci#L344-L355
2026-09-04 18:06:32.676011: I external/local_xla/xla/stream_executor/cuda/cuda_executor.cc:998] successful NUMA node read from SysFS had negative value (-1), but there must be at least one NUMA node, so returning NUMA node zero. See more at https://github.com/torvalds/linux/blob/v6.0/Documentation/ABI/testing/sysfs-bus-pci#L344-L355
2026-09-04 18:06:32.677068: I external/local_xla/xla/stream_executor/cuda/cuda_executor.cc:998] successful NUMA node read from SysFS had negative value (-1), but there must be at least one NUMA node, so returning NUMA node zero. See more at https://github.com/torvalds/linux/blob/v6.0/Documentation/ABI/testing/sysfs-bus-pci#L344-L355
2026-09-04 18:06:32.678043: I external/local_xla/xla/stream_executor/cuda/cuda_executor.cc:998] successful NUMA node read from SysFS had negative value (-1), but there must be at least one NUMA node, so returning NUMA node zero. See more at https://github.com/torvalds/linux/blob/v6.0/Documentation/ABI/testing/sysfs-bus-pci#L344-L355
2026-09-04 18:06:32.678976: I tensorflow/core/common_runtime/gpu/gpu_device.cc:1928] Created device /job:localhost/replica:0/task:0/device:GPU:0 with 2322 MB memory:  -> device: 0, name: NVIDIA GeForce GTX 1650, pci bus id: 0000:01:00.0, compute capability: 7.5
2026-09-04 18:06:32.680345: W external/local_tsl/tsl/framework/cpu_allocator_impl.cc:83] Allocation of 1650696192 exceeds 10% of free system memory.
2026-09-04 18:06:33.886460: W external/local_tsl/tsl/framework/cpu_allocator_impl.cc:83] Allocation of 1650696192 exceeds 10% of free system memory.
[trunk_ft_restore_sens_foldLuke - Diel Drivers/2026-05-06/1_95] training on 321 fold(s), 67167 frames; early stopping on Luke - Diel Drivers/2026-05-06/1_95 (6628 frames)...
/home/luke/anaconda3/envs/buzzdetect-train/lib/python3.12/site-packages/keras/src/trainers/epoch_iterator.py:74: UserWarning: `shuffle=True` was passed, but will be ignored since the data `x` was provided as a tf.data.Dataset. The Dataset is expected to already be shuffled (via `.shuffle(buffer_size)`).
  self.data_adapter = data_adapters.get_data_adapter(
Epoch 1/400
2026-09-04 18:06:36.625268: W external/local_tsl/tsl/framework/cpu_allocator_impl.cc:83] Allocation of 1650696192 exceeds 10% of free system memory.
WARNING: All log messages before absl::InitializeLog() is called are written to STDERR
I0000 00:00:1788559598.762600 1338418 service.cc:145] XLA service 0x71fd11b4a280 initialized for platform CUDA (this does not guarantee that XLA will be used). Devices:
I0000 00:00:1788559598.762716 1338418 service.cc:153]   StreamExecutor device (0): NVIDIA GeForce GTX 1650, Compute Capability 7.5
2026-09-04 18:06:38.922725: I tensorflow/compiler/mlir/tensorflow/utils/dump_mlir_util.cc:268] disabling MLIR crash reproducer, set env var `MLIR_CRASH_REPRODUCER_DIRECTORY` to enable.
2026-09-04 18:06:39.169500: I external/local_xla/xla/stream_executor/cuda/cuda_dnn.cc:465] Loaded cuDNN version 8907
2026-09-04 18:06:40.414398: W external/local_tsl/tsl/framework/bfc_allocator.cc:296] Allocator (GPU_0_bfc) ran out of memory trying to allocate 696.00MiB with freed_by_count=0. The caller indicates that this is not a failure, but this may mean that there could be performance gains if more memory were available.
2026-09-04 18:06:40.414467: W external/local_tsl/tsl/framework/bfc_allocator.cc:296] Allocator (GPU_0_bfc) ran out of memory trying to allocate 2.27GiB with freed_by_count=0. The caller indicates that this is not a failure, but this may mean that there could be performance gains if more memory were available.
2026-09-04 18:06:41.471476: W external/local_tsl/tsl/framework/bfc_allocator.cc:296] Allocator (GPU_0_bfc) ran out of memory trying to allocate 968.00MiB with freed_by_count=0. The caller indicates that this is not a failure, but this may mean that there could be performance gains if more memory were available.
2026-09-04 18:06:41.471542: W external/local_tsl/tsl/framework/bfc_allocator.cc:296] Allocator (GPU_0_bfc) ran out of memory trying to allocate 4.52GiB with freed_by_count=0. The caller indicates that this is not a failure, but this may mean that there could be performance gains if more memory were available.
2026-09-04 18:06:41.862149: W external/local_tsl/tsl/framework/bfc_allocator.cc:296] Allocator (GPU_0_bfc) ran out of memory trying to allocate 696.00MiB with freed_by_count=0. The caller indicates that this is not a failure, but this may mean that there could be performance gains if more memory were available.
2026-09-04 18:06:41.862210: W external/local_tsl/tsl/framework/bfc_allocator.cc:296] Allocator (GPU_0_bfc) ran out of memory trying to allocate 3.39GiB with freed_by_count=0. The caller indicates that this is not a failure, but this may mean that there could be performance gains if more memory were available.
2026-09-04 18:06:42.038873: W external/local_tsl/tsl/framework/bfc_allocator.cc:296] Allocator (GPU_0_bfc) ran out of memory trying to allocate 2.02GiB with freed_by_count=0. The caller indicates that this is not a failure, but this may mean that there could be performance gains if more memory were available.
2026-09-04 18:06:42.038937: W external/local_tsl/tsl/framework/bfc_allocator.cc:296] Allocator (GPU_0_bfc) ran out of memory trying to allocate 2.02GiB with freed_by_count=0. The caller indicates that this is not a failure, but this may mean that there could be performance gains if more memory were available.
2026-09-04 18:06:42.038966: W external/local_tsl/tsl/framework/bfc_allocator.cc:296] Allocator (GPU_0_bfc) ran out of memory trying to allocate 2.02GiB with freed_by_count=0. The caller indicates that this is not a failure, but this may mean that there could be performance gains if more memory were available.
2026-09-04 18:06:42.954601: W external/local_tsl/tsl/framework/bfc_allocator.cc:296] Allocator (GPU_0_bfc) ran out of memory trying to allocate 4.02GiB with freed_by_count=0. The caller indicates that this is not a failure, but this may mean that there could be performance gains if more memory were available.
I0000 00:00:1788559606.084374 1338418 device_compiler.h:188] Compiled cluster using XLA!  This line is logged at most once for the lifetime of the process.
66/66 - 22s - 333ms/step - accuracy: 0.1938 - loss: 0.6926 - val_accuracy: 0.0297 - val_loss: 0.4392 - val_sens_fpr0.005: 0.0069
Epoch 2/400
66/66 - 5s - 71ms/step - accuracy: 0.2150 - loss: 0.5144 - val_accuracy: 0.0712 - val_loss: 0.4354 - val_sens_fpr0.005: 0.0254
Epoch 3/400
66/66 - 5s - 72ms/step - accuracy: 0.3381 - loss: 0.4900 - val_accuracy: 0.1718 - val_loss: 0.4300 - val_sens_fpr0.005: 0.0253
Epoch 4/400
66/66 - 5s - 72ms/step - accuracy: 0.4012 - loss: 0.4785 - val_accuracy: 0.2625 - val_loss: 0.4239 - val_sens_fpr0.005: 0.0208
Epoch 5/400
66/66 - 5s - 71ms/step - accuracy: 0.4380 - loss: 0.4717 - val_accuracy: 0.2918 - val_loss: 0.4232 - val_sens_fpr0.005: 0.0230
Epoch 6/400
66/66 - 5s - 72ms/step - accuracy: 0.4653 - loss: 0.4670 - val_accuracy: 0.3368 - val_loss: 0.4211 - val_sens_fpr0.005: 0.0208
Epoch 7/400
66/66 - 5s - 72ms/step - accuracy: 0.4947 - loss: 0.4637 - val_accuracy: 0.3654 - val_loss: 0.4198 - val_sens_fpr0.005: 0.0208
Epoch 8/400
66/66 - 5s - 72ms/step - accuracy: 0.5156 - loss: 0.4607 - val_accuracy: 0.3730 - val_loss: 0.4194 - val_sens_fpr0.005: 0.0208
Epoch 9/400
66/66 - 5s - 72ms/step - accuracy: 0.5361 - loss: 0.4581 - val_accuracy: 0.3761 - val_loss: 0.4187 - val_sens_fpr0.005: 0.0208
Epoch 10/400
66/66 - 5s - 72ms/step - accuracy: 0.5492 - loss: 0.4565 - val_accuracy: 0.4045 - val_loss: 0.4176 - val_sens_fpr0.005: 0.0231
Epoch 11/400
66/66 - 5s - 72ms/step - accuracy: 0.5588 - loss: 0.4550 - val_accuracy: 0.4013 - val_loss: 0.4180 - val_sens_fpr0.005: 0.0253
Epoch 12/400
66/66 - 5s - 72ms/step - accuracy: 0.5682 - loss: 0.4535 - val_accuracy: 0.4102 - val_loss: 0.4176 - val_sens_fpr0.005: 0.0208
Epoch 13/400
66/66 - 5s - 71ms/step - accuracy: 0.5790 - loss: 0.4523 - val_accuracy: 0.4086 - val_loss: 0.4181 - val_sens_fpr0.005: 0.0231
Epoch 14/400
66/66 - 5s - 72ms/step - accuracy: 0.5840 - loss: 0.4512 - val_accuracy: 0.4135 - val_loss: 0.4172 - val_sens_fpr0.005: 0.0231
Epoch 15/400
66/66 - 5s - 73ms/step - accuracy: 0.5941 - loss: 0.4500 - val_accuracy: 0.4126 - val_loss: 0.4174 - val_sens_fpr0.005: 0.0254
Epoch 16/400
66/66 - 5s - 72ms/step - accuracy: 0.5968 - loss: 0.4497 - val_accuracy: 0.4093 - val_loss: 0.4178 - val_sens_fpr0.005: 0.0254
Epoch 17/400
66/66 - 5s - 72ms/step - accuracy: 0.6029 - loss: 0.4485 - val_accuracy: 0.4243 - val_loss: 0.4168 - val_sens_fpr0.005: 0.0254
Epoch 18/400
66/66 - 5s - 72ms/step - accuracy: 0.6079 - loss: 0.4477 - val_accuracy: 0.4258 - val_loss: 0.4165 - val_sens_fpr0.005: 0.0253
Epoch 19/400
66/66 - 5s - 72ms/step - accuracy: 0.6142 - loss: 0.4470 - val_accuracy: 0.4378 - val_loss: 0.4153 - val_sens_fpr0.005: 0.0254
Epoch 20/400
66/66 - 5s - 72ms/step - accuracy: 0.6178 - loss: 0.4462 - val_accuracy: 0.4374 - val_loss: 0.4163 - val_sens_fpr0.005: 0.0254
Epoch 21/400
66/66 - 5s - 72ms/step - accuracy: 0.6231 - loss: 0.4458 - val_accuracy: 0.4392 - val_loss: 0.4152 - val_sens_fpr0.005: 0.0231
Epoch 22/400
66/66 - 5s - 71ms/step - accuracy: 0.6261 - loss: 0.4450 - val_accuracy: 0.4418 - val_loss: 0.4153 - val_sens_fpr0.005: 0.0254
Epoch 23/400
66/66 - 5s - 71ms/step - accuracy: 0.6270 - loss: 0.4447 - val_accuracy: 0.4449 - val_loss: 0.4153 - val_sens_fpr0.005: 0.0277
Epoch 24/400
66/66 - 5s - 72ms/step - accuracy: 0.6310 - loss: 0.4441 - val_accuracy: 0.4629 - val_loss: 0.4153 - val_sens_fpr0.005: 0.0276
Epoch 25/400
66/66 - 5s - 72ms/step - accuracy: 0.6340 - loss: 0.4436 - val_accuracy: 0.4614 - val_loss: 0.4146 - val_sens_fpr0.005: 0.0208
Epoch 26/400
66/66 - 5s - 72ms/step - accuracy: 0.6378 - loss: 0.4430 - val_accuracy: 0.4561 - val_loss: 0.4142 - val_sens_fpr0.005: 0.0231
Epoch 27/400
66/66 - 5s - 72ms/step - accuracy: 0.6421 - loss: 0.4427 - val_accuracy: 0.4517 - val_loss: 0.4146 - val_sens_fpr0.005: 0.0231
Epoch 28/400
66/66 - 5s - 72ms/step - accuracy: 0.6432 - loss: 0.4422 - val_accuracy: 0.4547 - val_loss: 0.4145 - val_sens_fpr0.005: 0.0231
Epoch 29/400
66/66 - 5s - 72ms/step - accuracy: 0.6448 - loss: 0.4419 - val_accuracy: 0.4547 - val_loss: 0.4146 - val_sens_fpr0.005: 0.0231
Epoch 30/400
66/66 - 5s - 72ms/step - accuracy: 0.6479 - loss: 0.4414 - val_accuracy: 0.4645 - val_loss: 0.4137 - val_sens_fpr0.005: 0.0231
Epoch 31/400
66/66 - 5s - 71ms/step - accuracy: 0.6510 - loss: 0.4408 - val_accuracy: 0.4670 - val_loss: 0.4143 - val_sens_fpr0.005: 0.0208
Epoch 32/400
66/66 - 5s - 72ms/step - accuracy: 0.6530 - loss: 0.4409 - val_accuracy: 0.4587 - val_loss: 0.4146 - val_sens_fpr0.005: 0.0230
Epoch 33/400
66/66 - 5s - 71ms/step - accuracy: 0.6562 - loss: 0.4403 - val_accuracy: 0.4704 - val_loss: 0.4145 - val_sens_fpr0.005: 0.0231
Epoch 34/400
66/66 - 5s - 72ms/step - accuracy: 0.6572 - loss: 0.4400 - val_accuracy: 0.4706 - val_loss: 0.4143 - val_sens_fpr0.005: 0.0231
Epoch 35/400
66/66 - 5s - 71ms/step - accuracy: 0.6607 - loss: 0.4395 - val_accuracy: 0.4737 - val_loss: 0.4140 - val_sens_fpr0.005: 0.0231
Epoch 36/400
66/66 - 5s - 72ms/step - accuracy: 0.6608 - loss: 0.4393 - val_accuracy: 0.4745 - val_loss: 0.4138 - val_sens_fpr0.005: 0.0231
Epoch 37/400
66/66 - 5s - 72ms/step - accuracy: 0.6631 - loss: 0.4390 - val_accuracy: 0.4750 - val_loss: 0.4135 - val_sens_fpr0.005: 0.0231
Epoch 38/400
66/66 - 5s - 71ms/step - accuracy: 0.6646 - loss: 0.4388 - val_accuracy: 0.4784 - val_loss: 0.4142 - val_sens_fpr0.005: 0.0231
Epoch 39/400
66/66 - 5s - 72ms/step - accuracy: 0.6674 - loss: 0.4384 - val_accuracy: 0.4777 - val_loss: 0.4127 - val_sens_fpr0.005: 0.0231
Epoch 40/400
66/66 - 5s - 72ms/step - accuracy: 0.6680 - loss: 0.4381 - val_accuracy: 0.4822 - val_loss: 0.4139 - val_sens_fpr0.005: 0.0231
Epoch 41/400
66/66 - 5s - 72ms/step - accuracy: 0.6700 - loss: 0.4378 - val_accuracy: 0.4810 - val_loss: 0.4137 - val_sens_fpr0.005: 0.0231
Epoch 42/400
66/66 - 5s - 72ms/step - accuracy: 0.6711 - loss: 0.4375 - val_accuracy: 0.4826 - val_loss: 0.4129 - val_sens_fpr0.005: 0.0231
Epoch 43/400
66/66 - 5s - 72ms/step - accuracy: 0.6739 - loss: 0.4373 - val_accuracy: 0.4885 - val_loss: 0.4129 - val_sens_fpr0.005: 0.0231
Epoch 44/400
66/66 - 5s - 72ms/step - accuracy: 0.6757 - loss: 0.4372 - val_accuracy: 0.4866 - val_loss: 0.4128 - val_sens_fpr0.005: 0.0254
Epoch 45/400
66/66 - 5s - 72ms/step - accuracy: 0.6762 - loss: 0.4367 - val_accuracy: 0.4813 - val_loss: 0.4121 - val_sens_fpr0.005: 0.0254
Epoch 46/400
66/66 - 5s - 72ms/step - accuracy: 0.6767 - loss: 0.4365 - val_accuracy: 0.4896 - val_loss: 0.4119 - val_sens_fpr0.005: 0.0254
Epoch 47/400
66/66 - 5s - 72ms/step - accuracy: 0.6786 - loss: 0.4363 - val_accuracy: 0.4855 - val_loss: 0.4123 - val_sens_fpr0.005: 0.0277
Epoch 48/400
66/66 - 5s - 72ms/step - accuracy: 0.6803 - loss: 0.4362 - val_accuracy: 0.4845 - val_loss: 0.4132 - val_sens_fpr0.005: 0.0277
Epoch 49/400
66/66 - 5s - 72ms/step - accuracy: 0.6806 - loss: 0.4360 - val_accuracy: 0.4912 - val_loss: 0.4115 - val_sens_fpr0.005: 0.0277
Epoch 50/400
66/66 - 5s - 72ms/step - accuracy: 0.6816 - loss: 0.4356 - val_accuracy: 0.4912 - val_loss: 0.4127 - val_sens_fpr0.005: 0.0254
Epoch 51/400
66/66 - 5s - 72ms/step - accuracy: 0.6850 - loss: 0.4355 - val_accuracy: 0.4893 - val_loss: 0.4122 - val_sens_fpr0.005: 0.0277
Epoch 52/400
66/66 - 5s - 72ms/step - accuracy: 0.6834 - loss: 0.4354 - val_accuracy: 0.4932 - val_loss: 0.4126 - val_sens_fpr0.005: 0.0277
Epoch 53/400
66/66 - 5s - 72ms/step - accuracy: 0.6851 - loss: 0.4351 - val_accuracy: 0.4911 - val_loss: 0.4122 - val_sens_fpr0.005: 0.0300
Epoch 54/400
66/66 - 5s - 72ms/step - accuracy: 0.6848 - loss: 0.4350 - val_accuracy: 0.4916 - val_loss: 0.4117 - val_sens_fpr0.005: 0.0300
Epoch 55/400
66/66 - 5s - 72ms/step - accuracy: 0.6866 - loss: 0.4347 - val_accuracy: 0.4935 - val_loss: 0.4120 - val_sens_fpr0.005: 0.0300
Epoch 56/400
66/66 - 5s - 72ms/step - accuracy: 0.6892 - loss: 0.4344 - val_accuracy: 0.4876 - val_loss: 0.4130 - val_sens_fpr0.005: 0.0300
Epoch 57/400
66/66 - 5s - 72ms/step - accuracy: 0.6907 - loss: 0.4343 - val_accuracy: 0.4935 - val_loss: 0.4114 - val_sens_fpr0.005: 0.0300
Epoch 58/400
66/66 - 5s - 72ms/step - accuracy: 0.6903 - loss: 0.4341 - val_accuracy: 0.4943 - val_loss: 0.4115 - val_sens_fpr0.005: 0.0300
Epoch 59/400
66/66 - 5s - 73ms/step - accuracy: 0.6916 - loss: 0.4340 - val_accuracy: 0.4967 - val_loss: 0.4113 - val_sens_fpr0.005: 0.0300
Epoch 60/400
66/66 - 5s - 72ms/step - accuracy: 0.6945 - loss: 0.4337 - val_accuracy: 0.4992 - val_loss: 0.4107 - val_sens_fpr0.005: 0.0300
Epoch 61/400
66/66 - 5s - 72ms/step - accuracy: 0.6940 - loss: 0.4336 - val_accuracy: 0.4934 - val_loss: 0.4111 - val_sens_fpr0.005: 0.0277
Epoch 62/400
66/66 - 5s - 72ms/step - accuracy: 0.6939 - loss: 0.4334 - val_accuracy: 0.4962 - val_loss: 0.4110 - val_sens_fpr0.005: 0.0300
Epoch 63/400
66/66 - 5s - 72ms/step - accuracy: 0.6951 - loss: 0.4332 - val_accuracy: 0.4980 - val_loss: 0.4112 - val_sens_fpr0.005: 0.0277
Epoch 64/400
66/66 - 5s - 72ms/step - accuracy: 0.6957 - loss: 0.4332 - val_accuracy: 0.5003 - val_loss: 0.4116 - val_sens_fpr0.005: 0.0277
Epoch 65/400
66/66 - 5s - 72ms/step - accuracy: 0.6986 - loss: 0.4329 - val_accuracy: 0.4955 - val_loss: 0.4114 - val_sens_fpr0.005: 0.0277
Epoch 66/400
66/66 - 5s - 71ms/step - accuracy: 0.6980 - loss: 0.4329 - val_accuracy: 0.4973 - val_loss: 0.4104 - val_sens_fpr0.005: 0.0300
Epoch 67/400
66/66 - 5s - 71ms/step - accuracy: 0.6994 - loss: 0.4327 - val_accuracy: 0.5009 - val_loss: 0.4105 - val_sens_fpr0.005: 0.0300
Epoch 68/400
66/66 - 5s - 72ms/step - accuracy: 0.6991 - loss: 0.4326 - val_accuracy: 0.5045 - val_loss: 0.4111 - val_sens_fpr0.005: 0.0277
Epoch 69/400
66/66 - 5s - 71ms/step - accuracy: 0.7006 - loss: 0.4324 - val_accuracy: 0.5063 - val_loss: 0.4106 - val_sens_fpr0.005: 0.0323
Epoch 70/400
66/66 - 5s - 72ms/step - accuracy: 0.7005 - loss: 0.4323 - val_accuracy: 0.5030 - val_loss: 0.4102 - val_sens_fpr0.005: 0.0323
Epoch 71/400
66/66 - 5s - 72ms/step - accuracy: 0.7023 - loss: 0.4321 - val_accuracy: 0.5036 - val_loss: 0.4109 - val_sens_fpr0.005: 0.0323
Epoch 72/400
66/66 - 5s - 72ms/step - accuracy: 0.7028 - loss: 0.4321 - val_accuracy: 0.5011 - val_loss: 0.4105 - val_sens_fpr0.005: 0.0300
Epoch 73/400
66/66 - 5s - 72ms/step - accuracy: 0.7045 - loss: 0.4317 - val_accuracy: 0.5018 - val_loss: 0.4109 - val_sens_fpr0.005: 0.0323
Epoch 74/400
66/66 - 5s - 72ms/step - accuracy: 0.7049 - loss: 0.4318 - val_accuracy: 0.4959 - val_loss: 0.4108 - val_sens_fpr0.005: 0.0300
Epoch 75/400
66/66 - 5s - 72ms/step - accuracy: 0.7060 - loss: 0.4316 - val_accuracy: 0.5039 - val_loss: 0.4113 - val_sens_fpr0.005: 0.0300
Epoch 76/400
66/66 - 5s - 71ms/step - accuracy: 0.7054 - loss: 0.4314 - val_accuracy: 0.5017 - val_loss: 0.4105 - val_sens_fpr0.005: 0.0300
Epoch 77/400
66/66 - 5s - 71ms/step - accuracy: 0.7062 - loss: 0.4314 - val_accuracy: 0.5029 - val_loss: 0.4105 - val_sens_fpr0.005: 0.0300
Epoch 78/400
66/66 - 5s - 72ms/step - accuracy: 0.7074 - loss: 0.4312 - val_accuracy: 0.5062 - val_loss: 0.4110 - val_sens_fpr0.005: 0.0300
Epoch 79/400
66/66 - 5s - 72ms/step - accuracy: 0.7092 - loss: 0.4312 - val_accuracy: 0.5068 - val_loss: 0.4104 - val_sens_fpr0.005: 0.0323
Epoch 80/400
66/66 - 5s - 72ms/step - accuracy: 0.7089 - loss: 0.4310 - val_accuracy: 0.5044 - val_loss: 0.4105 - val_sens_fpr0.005: 0.0300
Epoch 81/400
66/66 - 5s - 72ms/step - accuracy: 0.7109 - loss: 0.4308 - val_accuracy: 0.5008 - val_loss: 0.4101 - val_sens_fpr0.005: 0.0323
Epoch 82/400
66/66 - 5s - 72ms/step - accuracy: 0.7099 - loss: 0.4307 - val_accuracy: 0.5069 - val_loss: 0.4113 - val_sens_fpr0.005: 0.0300
Epoch 83/400
66/66 - 5s - 72ms/step - accuracy: 0.7104 - loss: 0.4306 - val_accuracy: 0.5015 - val_loss: 0.4102 - val_sens_fpr0.005: 0.0300
Epoch 84/400
66/66 - 5s - 72ms/step - accuracy: 0.7124 - loss: 0.4305 - val_accuracy: 0.5072 - val_loss: 0.4101 - val_sens_fpr0.005: 0.0300
Epoch 85/400
66/66 - 5s - 72ms/step - accuracy: 0.7117 - loss: 0.4304 - val_accuracy: 0.5072 - val_loss: 0.4106 - val_sens_fpr0.005: 0.0300
Epoch 86/400
66/66 - 5s - 71ms/step - accuracy: 0.7139 - loss: 0.4303 - val_accuracy: 0.5029 - val_loss: 0.4106 - val_sens_fpr0.005: 0.0300
Epoch 87/400
66/66 - 5s - 71ms/step - accuracy: 0.7145 - loss: 0.4302 - val_accuracy: 0.5039 - val_loss: 0.4104 - val_sens_fpr0.005: 0.0300
Epoch 88/400
66/66 - 5s - 72ms/step - accuracy: 0.7146 - loss: 0.4299 - val_accuracy: 0.5054 - val_loss: 0.4104 - val_sens_fpr0.005: 0.0300
Epoch 89/400
66/66 - 5s - 72ms/step - accuracy: 0.7155 - loss: 0.4300 - val_accuracy: 0.5005 - val_loss: 0.4102 - val_sens_fpr0.005: 0.0300
Epoch 90/400
66/66 - 5s - 72ms/step - accuracy: 0.7162 - loss: 0.4298 - val_accuracy: 0.5062 - val_loss: 0.4101 - val_sens_fpr0.005: 0.0300
Epoch 91/400
66/66 - 5s - 72ms/step - accuracy: 0.7164 - loss: 0.4296 - val_accuracy: 0.5069 - val_loss: 0.4108 - val_sens_fpr0.005: 0.0300
Epoch 92/400
66/66 - 5s - 72ms/step - accuracy: 0.7169 - loss: 0.4296 - val_accuracy: 0.5038 - val_loss: 0.4097 - val_sens_fpr0.005: 0.0323
Epoch 93/400
66/66 - 5s - 72ms/step - accuracy: 0.7189 - loss: 0.4296 - val_accuracy: 0.5006 - val_loss: 0.4100 - val_sens_fpr0.005: 0.0323
Epoch 94/400
66/66 - 5s - 72ms/step - accuracy: 0.7194 - loss: 0.4293 - val_accuracy: 0.5036 - val_loss: 0.4107 - val_sens_fpr0.005: 0.0300
Epoch 95/400
66/66 - 5s - 72ms/step - accuracy: 0.7184 - loss: 0.4293 - val_accuracy: 0.5041 - val_loss: 0.4103 - val_sens_fpr0.005: 0.0346
Epoch 96/400
66/66 - 5s - 72ms/step - accuracy: 0.7204 - loss: 0.4292 - val_accuracy: 0.5057 - val_loss: 0.4094 - val_sens_fpr0.005: 0.0323
Epoch 97/400
66/66 - 5s - 71ms/step - accuracy: 0.7209 - loss: 0.4290 - val_accuracy: 0.5012 - val_loss: 0.4111 - val_sens_fpr0.005: 0.0323
Epoch 98/400
66/66 - 5s - 72ms/step - accuracy: 0.7207 - loss: 0.4291 - val_accuracy: 0.5072 - val_loss: 0.4104 - val_sens_fpr0.005: 0.0300
Epoch 99/400
66/66 - 5s - 71ms/step - accuracy: 0.7205 - loss: 0.4289 - val_accuracy: 0.5048 - val_loss: 0.4105 - val_sens_fpr0.005: 0.0346
Epoch 100/400
66/66 - 5s - 72ms/step - accuracy: 0.7246 - loss: 0.4288 - val_accuracy: 0.5069 - val_loss: 0.4102 - val_sens_fpr0.005: 0.0393
Epoch 101/400
66/66 - 5s - 71ms/step - accuracy: 0.7241 - loss: 0.4288 - val_accuracy: 0.5020 - val_loss: 0.4108 - val_sens_fpr0.005: 0.0393
Epoch 102/400
66/66 - 5s - 72ms/step - accuracy: 0.7245 - loss: 0.4286 - val_accuracy: 0.5014 - val_loss: 0.4106 - val_sens_fpr0.005: 0.0391
Epoch 103/400
66/66 - 5s - 71ms/step - accuracy: 0.7254 - loss: 0.4286 - val_accuracy: 0.5056 - val_loss: 0.4106 - val_sens_fpr0.005: 0.0393
Epoch 104/400
66/66 - 5s - 72ms/step - accuracy: 0.7247 - loss: 0.4284 - val_accuracy: 0.5069 - val_loss: 0.4103 - val_sens_fpr0.005: 0.0393
Epoch 105/400
66/66 - 5s - 72ms/step - accuracy: 0.7253 - loss: 0.4284 - val_accuracy: 0.5095 - val_loss: 0.4109 - val_sens_fpr0.005: 0.0393
Epoch 106/400
66/66 - 5s - 72ms/step - accuracy: 0.7264 - loss: 0.4283 - val_accuracy: 0.5078 - val_loss: 0.4105 - val_sens_fpr0.005: 0.0393
Epoch 107/400
66/66 - 5s - 72ms/step - accuracy: 0.7278 - loss: 0.4282 - val_accuracy: 0.5066 - val_loss: 0.4109 - val_sens_fpr0.005: 0.0393
Epoch 108/400
66/66 - 5s - 72ms/step - accuracy: 0.7276 - loss: 0.4281 - val_accuracy: 0.5012 - val_loss: 0.4104 - val_sens_fpr0.005: 0.0393
Epoch 109/400
66/66 - 5s - 72ms/step - accuracy: 0.7275 - loss: 0.4279 - val_accuracy: 0.5091 - val_loss: 0.4111 - val_sens_fpr0.005: 0.0393
Epoch 110/400
66/66 - 5s - 71ms/step - accuracy: 0.7286 - loss: 0.4279 - val_accuracy: 0.5056 - val_loss: 0.4107 - val_sens_fpr0.005: 0.0393
Epoch 111/400
66/66 - 5s - 72ms/step - accuracy: 0.7289 - loss: 0.4278 - val_accuracy: 0.4997 - val_loss: 0.4106 - val_sens_fpr0.005: 0.0393
Epoch 112/400
66/66 - 5s - 71ms/step - accuracy: 0.7301 - loss: 0.4279 - val_accuracy: 0.5051 - val_loss: 0.4101 - val_sens_fpr0.005: 0.0415
Epoch 113/400
66/66 - 5s - 72ms/step - accuracy: 0.7302 - loss: 0.4277 - val_accuracy: 0.5026 - val_loss: 0.4104 - val_sens_fpr0.005: 0.0415
Epoch 114/400
66/66 - 5s - 72ms/step - accuracy: 0.7322 - loss: 0.4276 - val_accuracy: 0.5083 - val_loss: 0.4107 - val_sens_fpr0.005: 0.0393
Epoch 115/400
66/66 - 5s - 71ms/step - accuracy: 0.7319 - loss: 0.4274 - val_accuracy: 0.5027 - val_loss: 0.4106 - val_sens_fpr0.005: 0.0438
Epoch 116/400
66/66 - 5s - 72ms/step - accuracy: 0.7321 - loss: 0.4273 - val_accuracy: 0.5033 - val_loss: 0.4102 - val_sens_fpr0.005: 0.0439
Epoch 117/400
66/66 - 5s - 72ms/step - accuracy: 0.7318 - loss: 0.4273 - val_accuracy: 0.5050 - val_loss: 0.4109 - val_sens_fpr0.005: 0.0438
Epoch 118/400
66/66 - 5s - 72ms/step - accuracy: 0.7317 - loss: 0.4273 - val_accuracy: 0.5065 - val_loss: 0.4101 - val_sens_fpr0.005: 0.0438
Epoch 119/400
66/66 - 5s - 72ms/step - accuracy: 0.7337 - loss: 0.4271 - val_accuracy: 0.5068 - val_loss: 0.4110 - val_sens_fpr0.005: 0.0439
Epoch 120/400
66/66 - 5s - 72ms/step - accuracy: 0.7339 - loss: 0.4271 - val_accuracy: 0.5069 - val_loss: 0.4110 - val_sens_fpr0.005: 0.0460
Epoch 121/400
66/66 - 5s - 71ms/step - accuracy: 0.7338 - loss: 0.4270 - val_accuracy: 0.5054 - val_loss: 0.4105 - val_sens_fpr0.005: 0.0462
Epoch 122/400
66/66 - 5s - 72ms/step - accuracy: 0.7344 - loss: 0.4270 - val_accuracy: 0.5003 - val_loss: 0.4107 - val_sens_fpr0.005: 0.0484
Epoch 123/400
66/66 - 5s - 72ms/step - accuracy: 0.7365 - loss: 0.4268 - val_accuracy: 0.5035 - val_loss: 0.4107 - val_sens_fpr0.005: 0.0416
Epoch 124/400
66/66 - 5s - 72ms/step - accuracy: 0.7354 - loss: 0.4268 - val_accuracy: 0.5104 - val_loss: 0.4107 - val_sens_fpr0.005: 0.0462
Epoch 125/400
66/66 - 5s - 72ms/step - accuracy: 0.7372 - loss: 0.4266 - val_accuracy: 0.5089 - val_loss: 0.4109 - val_sens_fpr0.005: 0.0461
Epoch 126/400
66/66 - 5s - 72ms/step - accuracy: 0.7374 - loss: 0.4266 - val_accuracy: 0.5027 - val_loss: 0.4106 - val_sens_fpr0.005: 0.0439
Epoch 127/400
66/66 - 5s - 72ms/step - accuracy: 0.7376 - loss: 0.4265 - val_accuracy: 0.5054 - val_loss: 0.4104 - val_sens_fpr0.005: 0.0462
Epoch 128/400
66/66 - 5s - 72ms/step - accuracy: 0.7377 - loss: 0.4265 - val_accuracy: 0.5060 - val_loss: 0.4107 - val_sens_fpr0.005: 0.0484
Epoch 129/400
66/66 - 5s - 72ms/step - accuracy: 0.7378 - loss: 0.4264 - val_accuracy: 0.5048 - val_loss: 0.4101 - val_sens_fpr0.005: 0.0462
Epoch 130/400
66/66 - 5s - 72ms/step - accuracy: 0.7392 - loss: 0.4265 - val_accuracy: 0.5054 - val_loss: 0.4105 - val_sens_fpr0.005: 0.0484
Epoch 131/400
66/66 - 5s - 72ms/step - accuracy: 0.7400 - loss: 0.4262 - val_accuracy: 0.5020 - val_loss: 0.4102 - val_sens_fpr0.005: 0.0462
Epoch 132/400
66/66 - 5s - 72ms/step - accuracy: 0.7403 - loss: 0.4262 - val_accuracy: 0.5080 - val_loss: 0.4105 - val_sens_fpr0.005: 0.0462
Epoch 133/400
66/66 - 5s - 71ms/step - accuracy: 0.7405 - loss: 0.4262 - val_accuracy: 0.5054 - val_loss: 0.4104 - val_sens_fpr0.005: 0.0485
Epoch 134/400
66/66 - 5s - 72ms/step - accuracy: 0.7398 - loss: 0.4261 - val_accuracy: 0.5017 - val_loss: 0.4103 - val_sens_fpr0.005: 0.0462
  RestoreBestSens: epoch 133 — smoothed val_sens_fpr0.005 (window 5)
[6/11] Luke - Diel Drivers/2026-05-06/1_95: 134 epochs (best 133), val_loss 0.4094, 67167/6628 frames train/val, sens@fpr0.5%=0.048
2026-09-04 18:17:38.018397: W external/local_tsl/tsl/framework/cpu_allocator_impl.cc:83] Allocation of 1805844480 exceeds 10% of free system memory.
2026-09-04 18:17:48.863918: W external/local_tsl/tsl/framework/bfc_allocator.cc:487] Allocator (GPU_0_bfc) ran out of memory trying to allocate 1.68GiB (rounded to 1805844480)requested by op _EagerConst
If the cause is memory fragmentation maybe the environment variable 'TF_GPU_ALLOCATOR=cuda_malloc_async' will improve the situation. 
Current allocation summary follows.
Current allocation summary follows.
2026-09-04 18:17:48.863989: I external/local_tsl/tsl/framework/bfc_allocator.cc:1044] BFCAllocator dump for GPU_0_bfc
2026-09-04 18:17:48.864002: I external/local_tsl/tsl/framework/bfc_allocator.cc:1051] Bin (256): 	Total Chunks: 211, Chunks in use: 208. 52.8KiB allocated for chunks. 52.0KiB in use in bin. 3.3KiB client-requested in use in bin.
2026-09-04 18:17:48.864013: I external/local_tsl/tsl/framework/bfc_allocator.cc:1051] Bin (512): 	Total Chunks: 13, Chunks in use: 12. 7.0KiB allocated for chunks. 6.2KiB in use in bin. 6.0KiB client-requested in use in bin.
2026-09-04 18:17:48.864024: I external/local_tsl/tsl/framework/bfc_allocator.cc:1051] Bin (1024): 	Total Chunks: 15, Chunks in use: 15. 16.0KiB allocated for chunks. 16.0KiB in use in bin. 15.3KiB client-requested in use in bin.
2026-09-04 18:17:48.864035: I external/local_tsl/tsl/framework/bfc_allocator.cc:1051] Bin (2048): 	Total Chunks: 38, Chunks in use: 37. 79.8KiB allocated for chunks. 77.5KiB in use in bin. 74.2KiB client-requested in use in bin.
2026-09-04 18:17:48.864046: I external/local_tsl/tsl/framework/bfc_allocator.cc:1051] Bin (4096): 	Total Chunks: 12, Chunks in use: 11. 53.8KiB allocated for chunks. 49.8KiB in use in bin. 45.0KiB client-requested in use in bin.
2026-09-04 18:17:48.864056: I external/local_tsl/tsl/framework/bfc_allocator.cc:1051] Bin (8192): 	Total Chunks: 4, Chunks in use: 3. 41.0KiB allocated for chunks. 29.0KiB in use in bin. 26.0KiB client-requested in use in bin.
2026-09-04 18:17:48.864067: I external/local_tsl/tsl/framework/bfc_allocator.cc:1051] Bin (16384): 	Total Chunks: 8, Chunks in use: 8. 149.0KiB allocated for chunks. 149.0KiB in use in bin. 144.0KiB client-requested in use in bin.
2026-09-04 18:17:48.864078: I external/local_tsl/tsl/framework/bfc_allocator.cc:1051] Bin (32768): 	Total Chunks: 4, Chunks in use: 4. 158.5KiB allocated for chunks. 158.5KiB in use in bin. 140.0KiB client-requested in use in bin.
2026-09-04 18:17:48.864088: I external/local_tsl/tsl/framework/bfc_allocator.cc:1051] Bin (65536): 	Total Chunks: 6, Chunks in use: 4. 451.0KiB allocated for chunks. 270.0KiB in use in bin. 268.0KiB client-requested in use in bin.
2026-09-04 18:17:48.864099: I external/local_tsl/tsl/framework/bfc_allocator.cc:1051] Bin (131072): 	Total Chunks: 2, Chunks in use: 1. 338.0KiB allocated for chunks. 128.0KiB in use in bin. 128.0KiB client-requested in use in bin.
2026-09-04 18:17:48.864126: I external/local_tsl/tsl/framework/bfc_allocator.cc:1051] Bin (262144): 	Total Chunks: 2, Chunks in use: 2. 696.2KiB allocated for chunks. 696.2KiB in use in bin. 696.1KiB client-requested in use in bin.
2026-09-04 18:17:48.864136: I external/local_tsl/tsl/framework/bfc_allocator.cc:1051] Bin (524288): 	Total Chunks: 2, Chunks in use: 1. 1.25MiB allocated for chunks. 512.0KiB in use in bin. 512.0KiB client-requested in use in bin.
2026-09-04 18:17:48.864144: I external/local_tsl/tsl/framework/bfc_allocator.cc:1051] Bin (1048576): 	Total Chunks: 5, Chunks in use: 5. 5.50MiB allocated for chunks. 5.50MiB in use in bin. 5.00MiB client-requested in use in bin.
2026-09-04 18:17:48.864153: I external/local_tsl/tsl/framework/bfc_allocator.cc:1051] Bin (2097152): 	Total Chunks: 3, Chunks in use: 3. 6.00MiB allocated for chunks. 6.00MiB in use in bin. 6.00MiB client-requested in use in bin.
2026-09-04 18:17:48.864161: I external/local_tsl/tsl/framework/bfc_allocator.cc:1051] Bin (4194304): 	Total Chunks: 5, Chunks in use: 4. 23.36MiB allocated for chunks. 16.36MiB in use in bin. 16.36MiB client-requested in use in bin.
2026-09-04 18:17:48.864170: I external/local_tsl/tsl/framework/bfc_allocator.cc:1051] Bin (8388608): 	Total Chunks: 0, Chunks in use: 0. 0B allocated for chunks. 0B in use in bin. 0B client-requested in use in bin.
2026-09-04 18:17:48.864178: I external/local_tsl/tsl/framework/bfc_allocator.cc:1051] Bin (16777216): 	Total Chunks: 0, Chunks in use: 0. 0B allocated for chunks. 0B in use in bin. 0B client-requested in use in bin.
2026-09-04 18:17:48.864185: I external/local_tsl/tsl/framework/bfc_allocator.cc:1051] Bin (33554432): 	Total Chunks: 0, Chunks in use: 0. 0B allocated for chunks. 0B in use in bin. 0B client-requested in use in bin.
2026-09-04 18:17:48.864192: I external/local_tsl/tsl/framework/bfc_allocator.cc:1051] Bin (67108864): 	Total Chunks: 0, Chunks in use: 0. 0B allocated for chunks. 0B in use in bin. 0B client-requested in use in bin.
2026-09-04 18:17:48.864201: I external/local_tsl/tsl/framework/bfc_allocator.cc:1051] Bin (134217728): 	Total Chunks: 1, Chunks in use: 1. 155.34MiB allocated for chunks. 155.34MiB in use in bin. 155.34MiB client-requested in use in bin.
2026-09-04 18:17:48.864209: I external/local_tsl/tsl/framework/bfc_allocator.cc:1051] Bin (268435456): 	Total Chunks: 3, Chunks in use: 1. 2.08GiB allocated for chunks. 1.54GiB in use in bin. 1.54GiB client-requested in use in bin.
2026-09-04 18:17:48.864217: I external/local_tsl/tsl/framework/bfc_allocator.cc:1067] Bin for 1.68GiB was 256.00MiB, Chunk State: 
2026-09-04 18:17:48.864230: I external/local_tsl/tsl/framework/bfc_allocator.cc:1073]   Size: 272.14MiB | Requested Size: 22.69MiB | in_use: 0 | bin_num: 20, prev:   Size: 4.00MiB | Requested Size: 4.00MiB | in_use: 1 | bin_num: -1, next:   Size: 2.00MiB | Requested Size: 2.00MiB | in_use: 1 | bin_num: -1
2026-09-04 18:17:48.864240: I external/local_tsl/tsl/framework/bfc_allocator.cc:1073]   Size: 282.19MiB | Requested Size: 24.00MiB | in_use: 0 | bin_num: 20, prev:   Size: 4.00MiB | Requested Size: 4.00MiB | in_use: 1 | bin_num: -1
2026-09-04 18:17:48.864247: I external/local_tsl/tsl/framework/bfc_allocator.cc:1080] Next region of size 2434793472
2026-09-04 18:17:48.864255: I external/local_tsl/tsl/framework/bfc_allocator.cc:1100] InUse at 71faba000000 of size 1650696192 next 1
2026-09-04 18:17:48.864262: I external/local_tsl/tsl/framework/bfc_allocator.cc:1100] InUse at 71fb1c63a000 of size 1280 next 2
2026-09-04 18:17:48.864268: I external/local_tsl/tsl/framework/bfc_allocator.cc:1100] InUse at 71fb1c63a500 of size 4567552 next 3
2026-09-04 18:17:48.864276: I external/local_tsl/tsl/framework/bfc_allocator.cc:1100] InUse at 71fb1ca95700 of size 256 next 4
2026-09-04 18:17:48.864281: I external/local_tsl/tsl/framework/bfc_allocator.cc:1100] InUse at 71fb1ca95800 of size 256 next 5
2026-09-04 18:17:48.864287: I external/local_tsl/tsl/framework/bfc_allocator.cc:1100] InUse at 71fb1ca95900 of size 256 next 6
2026-09-04 18:17:48.864296: I external/local_tsl/tsl/framework/bfc_allocator.cc:1100] InUse at 71fb1ca95a00 of size 256 next 7
2026-09-04 18:17:48.864303: I external/local_tsl/tsl/framework/bfc_allocator.cc:1100] InUse at 71fb1ca95b00 of size 256 next 8
2026-09-04 18:17:48.864308: I external/local_tsl/tsl/framework/bfc_allocator.cc:1100] InUse at 71fb1ca95c00 of size 162889728 next 9
2026-09-04 18:17:48.864315: I external/local_tsl/tsl/framework/bfc_allocator.cc:1100] InUse at 71fb265edc00 of size 450816 next 10
2026-09-04 18:17:48.864322: I external/local_tsl/tsl/framework/bfc_allocator.cc:1100] InUse at 71fb2665bd00 of size 256 next 11
2026-09-04 18:17:48.864328: I external/local_tsl/tsl/framework/bfc_allocator.cc:1100] InUse at 71fb2665be00 of size 256 next 12
2026-09-04 18:17:48.864333: I external/local_tsl/tsl/framework/bfc_allocator.cc:1100] InUse at 71fb2665bf00 of size 256 next 13
2026-09-04 18:17:48.864338: I external/local_tsl/tsl/framework/bfc_allocator.cc:1100] InUse at 71fb2665c000 of size 256 next 14
2026-09-04 18:17:48.864344: I external/local_tsl/tsl/framework/bfc_allocator.cc:1100] InUse at 71fb2665c100 of size 256 next 16
2026-09-04 18:17:48.864350: I external/local_tsl/tsl/framework/bfc_allocator.cc:1100] InUse at 71fb2665c200 of size 256 next 17
2026-09-04 18:17:48.864355: I external/local_tsl/tsl/framework/bfc_allocator.cc:1100] InUse at 71fb2665c300 of size 256 next 15
2026-09-04 18:17:48.864361: I external/local_tsl/tsl/framework/bfc_allocator.cc:1100] InUse at 71fb2665c400 of size 256 next 18
2026-09-04 18:17:48.864366: I external/local_tsl/tsl/framework/bfc_allocator.cc:1100] InUse at 71fb2665c500 of size 256 next 30
2026-09-04 18:17:48.864372: I external/local_tsl/tsl/framework/bfc_allocator.cc:1100] InUse at 71fb2665c600 of size 256 next 28
2026-09-04 18:17:48.864377: I external/local_tsl/tsl/framework/bfc_allocator.cc:1100] InUse at 71fb2665c700 of size 256 next 29
2026-09-04 18:17:48.864383: I external/local_tsl/tsl/framework/bfc_allocator.cc:1100] InUse at 71fb2665c800 of size 256 next 33
2026-09-04 18:17:48.864388: I external/local_tsl/tsl/framework/bfc_allocator.cc:1100] InUse at 71fb2665c900 of size 256 next 34
2026-09-04 18:17:48.864394: I external/local_tsl/tsl/framework/bfc_allocator.cc:1100] InUse at 71fb2665ca00 of size 256 next 37
2026-09-04 18:17:48.864399: I external/local_tsl/tsl/framework/bfc_allocator.cc:1100] InUse at 71fb2665cb00 of size 256 next 35
2026-09-04 18:17:48.864405: I external/local_tsl/tsl/framework/bfc_allocator.cc:1100] InUse at 71fb2665cc00 of size 256 next 36
2026-09-04 18:17:48.864410: I external/local_tsl/tsl/framework/bfc_allocator.cc:1100] InUse at 71fb2665cd00 of size 256 next 19
2026-09-04 18:17:48.864416: I external/local_tsl/tsl/framework/bfc_allocator.cc:1100] InUse at 71fb2665ce00 of size 256 next 161
2026-09-04 18:17:48.864422: I external/local_tsl/tsl/framework/bfc_allocator.cc:1100] InUse at 71fb2665cf00 of size 256 next 20
2026-09-04 18:17:48.864428: I external/local_tsl/tsl/framework/bfc_allocator.cc:1100] InUse at 71fb2665d000 of size 256 next 22
2026-09-04 18:17:48.864433: I external/local_tsl/tsl/framework/bfc_allocator.cc:1100] InUse at 71fb2665d100 of size 256 next 23
2026-09-04 18:17:48.864439: I external/local_tsl/tsl/framework/bfc_allocator.cc:1100] InUse at 71fb2665d200 of size 256 next 25
2026-09-04 18:17:48.864444: I external/local_tsl/tsl/framework/bfc_allocator.cc:1100] InUse at 71fb2665d300 of size 768 next 21
2026-09-04 18:17:48.864450: I external/local_tsl/tsl/framework/bfc_allocator.cc:1100] InUse at 71fb2665d600 of size 256 next 24
2026-09-04 18:17:48.864456: I external/local_tsl/tsl/framework/bfc_allocator.cc:1100] InUse at 71fb2665d700 of size 256 next 27
2026-09-04 18:17:48.864461: I external/local_tsl/tsl/framework/bfc_allocator.cc:1100] InUse at 71fb2665d800 of size 512 next 26
2026-09-04 18:17:48.864467: I external/local_tsl/tsl/framework/bfc_allocator.cc:1100] InUse at 71fb2665da00 of size 512 next 40
2026-09-04 18:17:48.864473: I external/local_tsl/tsl/framework/bfc_allocator.cc:1100] InUse at 71fb2665dc00 of size 512 next 43
2026-09-04 18:17:48.864481: I external/local_tsl/tsl/framework/bfc_allocator.cc:1100] InUse at 71fb2665de00 of size 512 next 38
2026-09-04 18:17:48.864487: I external/local_tsl/tsl/framework/bfc_allocator.cc:1100] InUse at 71fb2665e000 of size 512 next 52
2026-09-04 18:17:48.864493: I external/local_tsl/tsl/framework/bfc_allocator.cc:1100] InUse at 71fb2665e200 of size 512 next 41
2026-09-04 18:17:48.864498: I external/local_tsl/tsl/framework/bfc_allocator.cc:1100] InUse at 71fb2665e400 of size 256 next 42
2026-09-04 18:17:48.864504: I external/local_tsl/tsl/framework/bfc_allocator.cc:1100] InUse at 71fb2665e500 of size 256 next 46
2026-09-04 18:17:48.864509: I external/local_tsl/tsl/framework/bfc_allocator.cc:1100] InUse at 71fb2665e600 of size 512 next 47
2026-09-04 18:17:48.864515: I external/local_tsl/tsl/framework/bfc_allocator.cc:1100] InUse at 71fb2665e800 of size 512 next 50
2026-09-04 18:17:48.864520: I external/local_tsl/tsl/framework/bfc_allocator.cc:1100] InUse at 71fb2665ea00 of size 512 next 48
2026-09-04 18:17:48.864526: I external/local_tsl/tsl/framework/bfc_allocator.cc:1100] InUse at 71fb2665ec00 of size 256 next 49
2026-09-04 18:17:48.864531: I external/local_tsl/tsl/framework/bfc_allocator.cc:1100] InUse at 71fb2665ed00 of size 512 next 53
2026-09-04 18:17:48.864537: I external/local_tsl/tsl/framework/bfc_allocator.cc:1100] InUse at 71fb2665ef00 of size 256 next 39
2026-09-04 18:17:48.864543: I external/local_tsl/tsl/framework/bfc_allocator.cc:1100] InUse at 71fb2665f000 of size 1024 next 61
2026-09-04 18:17:48.864549: I external/local_tsl/tsl/framework/bfc_allocator.cc:1100] InUse at 71fb2665f400 of size 1024 next 68
2026-09-04 18:17:48.864556: I external/local_tsl/tsl/framework/bfc_allocator.cc:1100] InUse at 71fb2665f800 of size 2304 next 65
2026-09-04 18:17:48.864563: I external/local_tsl/tsl/framework/bfc_allocator.cc:1100] InUse at 71fb26660100 of size 256 next 66
2026-09-04 18:17:48.864568: I external/local_tsl/tsl/framework/bfc_allocator.cc:1100] InUse at 71fb26660200 of size 256 next 69
2026-09-04 18:17:48.864574: I external/local_tsl/tsl/framework/bfc_allocator.cc:1100] InUse at 71fb26660300 of size 1024 next 70
2026-09-04 18:17:48.864580: I external/local_tsl/tsl/framework/bfc_allocator.cc:1100] InUse at 71fb26660700 of size 1024 next 73
2026-09-04 18:17:48.864587: I external/local_tsl/tsl/framework/bfc_allocator.cc:1100] InUse at 71fb26660b00 of size 1024 next 71
2026-09-04 18:17:48.864593: I external/local_tsl/tsl/framework/bfc_allocator.cc:1100] InUse at 71fb26660f00 of size 256 next 72
2026-09-04 18:17:48.864599: I external/local_tsl/tsl/framework/bfc_allocator.cc:1100] InUse at 71fb26661000 of size 256 next 76
2026-09-04 18:17:48.864604: I external/local_tsl/tsl/framework/bfc_allocator.cc:1100] InUse at 71fb26661100 of size 1024 next 77
2026-09-04 18:17:48.864611: I external/local_tsl/tsl/framework/bfc_allocator.cc:1100] InUse at 71fb26661500 of size 1024 next 80
2026-09-04 18:17:48.864617: I external/local_tsl/tsl/framework/bfc_allocator.cc:1100] InUse at 71fb26661900 of size 1280 next 32
2026-09-04 18:17:48.864624: I external/local_tsl/tsl/framework/bfc_allocator.cc:1100] InUse at 71fb26661e00 of size 2304 next 163
2026-09-04 18:17:48.864630: I external/local_tsl/tsl/framework/bfc_allocator.cc:1100] InUse at 71fb26662700 of size 5888 next 31
2026-09-04 18:17:48.864637: I external/local_tsl/tsl/framework/bfc_allocator.cc:1100] InUse at 71fb26663e00 of size 4608 next 51
2026-09-04 18:17:48.864644: I external/local_tsl/tsl/framework/bfc_allocator.cc:1100] InUse at 71fb26665000 of size 512 next 58
2026-09-04 18:17:48.864649: I external/local_tsl/tsl/framework/bfc_allocator.cc:1100] InUse at 71fb26665200 of size 1024 next 54
2026-09-04 18:17:48.864656: I external/local_tsl/tsl/framework/bfc_allocator.cc:1100] InUse at 71fb26665600 of size 256 next 60
2026-09-04 18:17:48.864661: I external/local_tsl/tsl/framework/bfc_allocator.cc:1100] InUse at 71fb26665700 of size 256 next 63
2026-09-04 18:17:48.864667: I external/local_tsl/tsl/framework/bfc_allocator.cc:1100] InUse at 71fb26665800 of size 1024 next 64
2026-09-04 18:17:48.864677: I external/local_tsl/tsl/framework/bfc_allocator.cc:1100] InUse at 71fb26665c00 of size 2048 next 85
2026-09-04 18:17:48.864684: I external/local_tsl/tsl/framework/bfc_allocator.cc:1100] InUse at 71fb26666400 of size 2048 next 62
2026-09-04 18:17:48.864690: I external/local_tsl/tsl/framework/bfc_allocator.cc:1100] InUse at 71fb26666c00 of size 2048 next 124
2026-09-04 18:17:48.864697: I external/local_tsl/tsl/framework/bfc_allocator.cc:1100] Free  at 71fb26667400 of size 2304 next 88
2026-09-04 18:17:48.864703: I external/local_tsl/tsl/framework/bfc_allocator.cc:1100] InUse at 71fb26667d00 of size 256 next 89
2026-09-04 18:17:48.864709: I external/local_tsl/tsl/framework/bfc_allocator.cc:1100] InUse at 71fb26667e00 of size 256 next 92
2026-09-04 18:17:48.864714: I external/local_tsl/tsl/framework/bfc_allocator.cc:1100] InUse at 71fb26667f00 of size 2048 next 93
2026-09-04 18:17:48.864721: I external/local_tsl/tsl/framework/bfc_allocator.cc:1100] InUse at 71fb26668700 of size 2048 next 96
2026-09-04 18:17:48.864727: I external/local_tsl/tsl/framework/bfc_allocator.cc:1100] InUse at 71fb26668f00 of size 2048 next 94
2026-09-04 18:17:48.864734: I external/local_tsl/tsl/framework/bfc_allocator.cc:1100] InUse at 71fb26669700 of size 256 next 95
2026-09-04 18:17:48.864739: I external/local_tsl/tsl/framework/bfc_allocator.cc:1100] InUse at 71fb26669800 of size 256 next 99
2026-09-04 18:17:48.864745: I external/local_tsl/tsl/framework/bfc_allocator.cc:1100] InUse at 71fb26669900 of size 2048 next 100
2026-09-04 18:17:48.864751: I external/local_tsl/tsl/framework/bfc_allocator.cc:1100] InUse at 71fb2666a100 of size 2048 next 103
2026-09-04 18:17:48.864758: I external/local_tsl/tsl/framework/bfc_allocator.cc:1100] InUse at 71fb2666a900 of size 2048 next 101
2026-09-04 18:17:48.864765: I external/local_tsl/tsl/framework/bfc_allocator.cc:1100] InUse at 71fb2666b100 of size 3072 next 75
2026-09-04 18:17:48.864771: I external/local_tsl/tsl/framework/bfc_allocator.cc:1100] InUse at 71fb2666bd00 of size 9216 next 74
2026-09-04 18:17:48.864778: I external/local_tsl/tsl/framework/bfc_allocator.cc:1100] InUse at 71fb2666e100 of size 1024 next 79
2026-09-04 18:17:48.864784: I external/local_tsl/tsl/framework/bfc_allocator.cc:1100] InUse at 71fb2666e500 of size 1024 next 83
2026-09-04 18:17:48.864791: I external/local_tsl/tsl/framework/bfc_allocator.cc:1100] InUse at 71fb2666e900 of size 256 next 159
2026-09-04 18:17:48.864797: I external/local_tsl/tsl/framework/bfc_allocator.cc:1100] InUse at 71fb2666ea00 of size 256 next 138
2026-09-04 18:17:48.864804: I external/local_tsl/tsl/framework/bfc_allocator.cc:1100] Free  at 71fb2666eb00 of size 256 next 133
2026-09-04 18:17:48.864810: I external/local_tsl/tsl/framework/bfc_allocator.cc:1100] InUse at 71fb2666ec00 of size 256 next 78
2026-09-04 18:17:48.864816: I external/local_tsl/tsl/framework/bfc_allocator.cc:1100] InUse at 71fb2666ed00 of size 256 next 84
2026-09-04 18:17:48.864838: I external/local_tsl/tsl/framework/bfc_allocator.cc:1100] InUse at 71fb2666ee00 of size 256 next 86
2026-09-04 18:17:48.864848: I external/local_tsl/tsl/framework/bfc_allocator.cc:1100] InUse at 71fb2666ef00 of size 2048 next 87
2026-09-04 18:17:48.864855: I external/local_tsl/tsl/framework/bfc_allocator.cc:1100] InUse at 71fb2666f700 of size 4096 next 146
2026-09-04 18:17:48.864862: I external/local_tsl/tsl/framework/bfc_allocator.cc:1100] InUse at 71fb26670700 of size 4096 next 160
2026-09-04 18:17:48.864877: I external/local_tsl/tsl/framework/bfc_allocator.cc:1100] InUse at 71fb26671700 of size 256 next 208
2026-09-04 18:17:48.864883: I external/local_tsl/tsl/framework/bfc_allocator.cc:1100] InUse at 71fb26671800 of size 256 next 203
2026-09-04 18:17:48.864889: I external/local_tsl/tsl/framework/bfc_allocator.cc:1100] InUse at 71fb26671900 of size 256 next 209
2026-09-04 18:17:48.864896: I external/local_tsl/tsl/framework/bfc_allocator.cc:1100] InUse at 71fb26671a00 of size 256 next 204
2026-09-04 18:17:48.864902: I external/local_tsl/tsl/framework/bfc_allocator.cc:1100] InUse at 71fb26671b00 of size 256 next 197
2026-09-04 18:17:48.864913: I external/local_tsl/tsl/framework/bfc_allocator.cc:1100] InUse at 71fb26671c00 of size 256 next 173
2026-09-04 18:17:48.864920: I external/local_tsl/tsl/framework/bfc_allocator.cc:1100] InUse at 71fb26671d00 of size 256 next 177
2026-09-04 18:17:48.864926: I external/local_tsl/tsl/framework/bfc_allocator.cc:1100] InUse at 71fb26671e00 of size 256 next 213
2026-09-04 18:17:48.864932: I external/local_tsl/tsl/framework/bfc_allocator.cc:1100] InUse at 71fb26671f00 of size 256 next 214
2026-09-04 18:17:48.864939: I external/local_tsl/tsl/framework/bfc_allocator.cc:1100] InUse at 71fb26672000 of size 256 next 202
2026-09-04 18:17:48.864945: I external/local_tsl/tsl/framework/bfc_allocator.cc:1100] InUse at 71fb26672100 of size 256 next 178
2026-09-04 18:17:48.864951: I external/local_tsl/tsl/framework/bfc_allocator.cc:1100] InUse at 71fb26672200 of size 256 next 198
2026-09-04 18:17:48.864958: I external/local_tsl/tsl/framework/bfc_allocator.cc:1100] InUse at 71fb26672300 of size 256 next 215
2026-09-04 18:17:48.864964: I external/local_tsl/tsl/framework/bfc_allocator.cc:1100] InUse at 71fb26672400 of size 256 next 199
2026-09-04 18:17:48.864970: I external/local_tsl/tsl/framework/bfc_allocator.cc:1100] InUse at 71fb26672500 of size 256 next 219
2026-09-04 18:17:48.864977: I external/local_tsl/tsl/framework/bfc_allocator.cc:1100] InUse at 71fb26672600 of size 256 next 218
2026-09-04 18:17:48.864983: I external/local_tsl/tsl/framework/bfc_allocator.cc:1100] InUse at 71fb26672700 of size 256 next 217
2026-09-04 18:17:48.864990: I external/local_tsl/tsl/framework/bfc_allocator.cc:1100] InUse at 71fb26672800 of size 256 next 226
2026-09-04 18:17:48.864996: I external/local_tsl/tsl/framework/bfc_allocator.cc:1100] InUse at 71fb26672900 of size 256 next 210
2026-09-04 18:17:48.865003: I external/local_tsl/tsl/framework/bfc_allocator.cc:1100] InUse at 71fb26672a00 of size 256 next 228
2026-09-04 18:17:48.865009: I external/local_tsl/tsl/framework/bfc_allocator.cc:1100] InUse at 71fb26672b00 of size 256 next 221
2026-09-04 18:17:48.865015: I external/local_tsl/tsl/framework/bfc_allocator.cc:1100] InUse at 71fb26672c00 of size 256 next 193
2026-09-04 18:17:48.865022: I external/local_tsl/tsl/framework/bfc_allocator.cc:1100] InUse at 71fb26672d00 of size 256 next 207
2026-09-04 18:17:48.865028: I external/local_tsl/tsl/framework/bfc_allocator.cc:1100] InUse at 71fb26672e00 of size 256 next 229
2026-09-04 18:17:48.865034: I external/local_tsl/tsl/framework/bfc_allocator.cc:1100] InUse at 71fb26672f00 of size 256 next 220
2026-09-04 18:17:48.865041: I external/local_tsl/tsl/framework/bfc_allocator.cc:1100] Free  at 71fb26673000 of size 768 next 225
2026-09-04 18:17:48.865047: I external/local_tsl/tsl/framework/bfc_allocator.cc:1100] InUse at 71fb26673300 of size 256 next 211
2026-09-04 18:17:48.865054: I external/local_tsl/tsl/framework/bfc_allocator.cc:1100] InUse at 71fb26673400 of size 256 next 212
2026-09-04 18:17:48.865060: I external/local_tsl/tsl/framework/bfc_allocator.cc:1100] InUse at 71fb26673500 of size 256 next 245
2026-09-04 18:17:48.865066: I external/local_tsl/tsl/framework/bfc_allocator.cc:1100] InUse at 71fb26673600 of size 256 next 258
2026-09-04 18:17:48.865073: I external/local_tsl/tsl/framework/bfc_allocator.cc:1100] InUse at 71fb26673700 of size 256 next 235
2026-09-04 18:17:48.865079: I external/local_tsl/tsl/framework/bfc_allocator.cc:1100] Free  at 71fb26673800 of size 256 next 232
2026-09-04 18:17:48.865086: I external/local_tsl/tsl/framework/bfc_allocator.cc:1100] InUse at 71fb26673900 of size 256 next 205
2026-09-04 18:17:48.865092: I external/local_tsl/tsl/framework/bfc_allocator.cc:1100] Free  at 71fb26673a00 of size 256 next 231
2026-09-04 18:17:48.865098: I external/local_tsl/tsl/framework/bfc_allocator.cc:1100] InUse at 71fb26673b00 of size 256 next 243
2026-09-04 18:17:48.865105: I external/local_tsl/tsl/framework/bfc_allocator.cc:1100] InUse at 71fb26673c00 of size 256 next 175
2026-09-04 18:17:48.865114: I external/local_tsl/tsl/framework/bfc_allocator.cc:1100] InUse at 71fb26673d00 of size 256 next 45
2026-09-04 18:17:48.865121: I external/local_tsl/tsl/framework/bfc_allocator.cc:1100] InUse at 71fb26673e00 of size 9216 next 55
2026-09-04 18:17:48.865127: I external/local_tsl/tsl/framework/bfc_allocator.cc:1100] InUse at 71fb26676200 of size 23552 next 44
2026-09-04 18:17:48.865134: I external/local_tsl/tsl/framework/bfc_allocator.cc:1100] InUse at 71fb2667be00 of size 2048 next 106
2026-09-04 18:17:48.865140: I external/local_tsl/tsl/framework/bfc_allocator.cc:1100] InUse at 71fb2667c600 of size 2048 next 107
2026-09-04 18:17:48.865147: I external/local_tsl/tsl/framework/bfc_allocator.cc:1100] InUse at 71fb2667ce00 of size 2048 next 102
2026-09-04 18:17:48.865153: I external/local_tsl/tsl/framework/bfc_allocator.cc:1100] InUse at 71fb2667d600 of size 2048 next 110
2026-09-04 18:17:48.865160: I external/local_tsl/tsl/framework/bfc_allocator.cc:1100] InUse at 71fb2667de00 of size 2048 next 111
2026-09-04 18:17:48.865166: I external/local_tsl/tsl/framework/bfc_allocator.cc:1100] InUse at 71fb2667e600 of size 256 next 151
2026-09-04 18:17:48.865173: I external/local_tsl/tsl/framework/bfc_allocator.cc:1100] InUse at 71fb2667e700 of size 256 next 154
2026-09-04 18:17:48.865179: I external/local_tsl/tsl/framework/bfc_allocator.cc:1100] InUse at 71fb2667e800 of size 4096 next 155
2026-09-04 18:17:48.865185: I external/local_tsl/tsl/framework/bfc_allocator.cc:1100] Free  at 71fb2667f800 of size 4096 next 158
2026-09-04 18:17:48.865192: I external/local_tsl/tsl/framework/bfc_allocator.cc:1100] InUse at 71fb26680800 of size 256 next 137
2026-09-04 18:17:48.865198: I external/local_tsl/tsl/framework/bfc_allocator.cc:1100] InUse at 71fb26680900 of size 256 next 139
2026-09-04 18:17:48.865205: I external/local_tsl/tsl/framework/bfc_allocator.cc:1100] InUse at 71fb26680a00 of size 256 next 171
2026-09-04 18:17:48.865211: I external/local_tsl/tsl/framework/bfc_allocator.cc:1100] InUse at 71fb26680b00 of size 256 next 167
2026-09-04 18:17:48.865218: I external/local_tsl/tsl/framework/bfc_allocator.cc:1100] InUse at 71fb26680c00 of size 256 next 168
2026-09-04 18:17:48.865224: I external/local_tsl/tsl/framework/bfc_allocator.cc:1100] InUse at 71fb26680d00 of size 256 next 176
2026-09-04 18:17:48.865230: I external/local_tsl/tsl/framework/bfc_allocator.cc:1100] InUse at 71fb26680e00 of size 256 next 170
2026-09-04 18:17:48.865237: I external/local_tsl/tsl/framework/bfc_allocator.cc:1100] InUse at 71fb26680f00 of size 256 next 196
2026-09-04 18:17:48.865243: I external/local_tsl/tsl/framework/bfc_allocator.cc:1100] InUse at 71fb26681000 of size 256 next 174
2026-09-04 18:17:48.865250: I external/local_tsl/tsl/framework/bfc_allocator.cc:1100] InUse at 71fb26681100 of size 256 next 181
2026-09-04 18:17:48.865256: I external/local_tsl/tsl/framework/bfc_allocator.cc:1100] InUse at 71fb26681200 of size 256 next 191
2026-09-04 18:17:48.865263: I external/local_tsl/tsl/framework/bfc_allocator.cc:1100] InUse at 71fb26681300 of size 256 next 192
2026-09-04 18:17:48.865269: I external/local_tsl/tsl/framework/bfc_allocator.cc:1100] InUse at 71fb26681400 of size 256 next 169
2026-09-04 18:17:48.865275: I external/local_tsl/tsl/framework/bfc_allocator.cc:1100] InUse at 71fb26681500 of size 256 next 194
2026-09-04 18:17:48.865282: I external/local_tsl/tsl/framework/bfc_allocator.cc:1100] InUse at 71fb26681600 of size 256 next 172
2026-09-04 18:17:48.865288: I external/local_tsl/tsl/framework/bfc_allocator.cc:1100] InUse at 71fb26681700 of size 256 next 156
2026-09-04 18:17:48.865295: I external/local_tsl/tsl/framework/bfc_allocator.cc:1100] InUse at 71fb26681800 of size 1280 next 157
2026-09-04 18:17:48.865301: I external/local_tsl/tsl/framework/bfc_allocator.cc:1100] InUse at 71fb26681d00 of size 1280 next 162
2026-09-04 18:17:48.865308: I external/local_tsl/tsl/framework/bfc_allocator.cc:1100] InUse at 71fb26682200 of size 11264 next 98
2026-09-04 18:17:48.865315: I external/local_tsl/tsl/framework/bfc_allocator.cc:1100] InUse at 71fb26684e00 of size 18432 next 97
2026-09-04 18:17:48.865324: I external/local_tsl/tsl/framework/bfc_allocator.cc:1100] InUse at 71fb26689600 of size 18432 next 109
2026-09-04 18:17:48.865331: I external/local_tsl/tsl/framework/bfc_allocator.cc:1100] InUse at 71fb2668de00 of size 2048 next 113
2026-09-04 18:17:48.865338: I external/local_tsl/tsl/framework/bfc_allocator.cc:1100] InUse at 71fb2668e600 of size 2048 next 114
2026-09-04 18:17:48.865344: I external/local_tsl/tsl/framework/bfc_allocator.cc:1100] InUse at 71fb2668ee00 of size 2048 next 108
2026-09-04 18:17:48.865351: I external/local_tsl/tsl/framework/bfc_allocator.cc:1100] InUse at 71fb2668f600 of size 2048 next 118
2026-09-04 18:17:48.865357: I external/local_tsl/tsl/framework/bfc_allocator.cc:1100] InUse at 71fb2668fe00 of size 2048 next 119
2026-09-04 18:17:48.865363: I external/local_tsl/tsl/framework/bfc_allocator.cc:1100] InUse at 71fb26690600 of size 2048 next 120
2026-09-04 18:17:48.865370: I external/local_tsl/tsl/framework/bfc_allocator.cc:1100] InUse at 71fb26690e00 of size 2048 next 122
2026-09-04 18:17:48.865376: I external/local_tsl/tsl/framework/bfc_allocator.cc:1100] InUse at 71fb26691600 of size 2048 next 123
2026-09-04 18:17:48.865383: I external/local_tsl/tsl/framework/bfc_allocator.cc:1100] InUse at 71fb26691e00 of size 2304 next 116
2026-09-04 18:17:48.865389: I external/local_tsl/tsl/framework/bfc_allocator.cc:1100] InUse at 71fb26692700 of size 18432 next 117
2026-09-04 18:17:48.865396: I external/local_tsl/tsl/framework/bfc_allocator.cc:1100] InUse at 71fb26696f00 of size 2048 next 125
2026-09-04 18:17:48.865402: I external/local_tsl/tsl/framework/bfc_allocator.cc:1100] InUse at 71fb26697700 of size 2048 next 126
2026-09-04 18:17:48.865408: I external/local_tsl/tsl/framework/bfc_allocator.cc:1100] InUse at 71fb26697f00 of size 2048 next 127
2026-09-04 18:17:48.865415: I external/local_tsl/tsl/framework/bfc_allocator.cc:1100] InUse at 71fb26698700 of size 2048 next 129
2026-09-04 18:17:48.865421: I external/local_tsl/tsl/framework/bfc_allocator.cc:1100] InUse at 71fb26698f00 of size 2048 next 130
2026-09-04 18:17:48.865428: I external/local_tsl/tsl/framework/bfc_allocator.cc:1100] InUse at 71fb26699700 of size 2048 next 115
2026-09-04 18:17:48.865434: I external/local_tsl/tsl/framework/bfc_allocator.cc:1100] InUse at 71fb26699f00 of size 2048 next 134
2026-09-04 18:17:48.865441: I external/local_tsl/tsl/framework/bfc_allocator.cc:1100] InUse at 71fb2669a700 of size 2048 next 135
2026-09-04 18:17:48.865447: I external/local_tsl/tsl/framework/bfc_allocator.cc:1100] InUse at 71fb2669af00 of size 3840 next 57
2026-09-04 18:17:48.865454: I external/local_tsl/tsl/framework/bfc_allocator.cc:1100] InUse at 71fb2669be00 of size 18432 next 56
2026-09-04 18:17:48.865461: I external/local_tsl/tsl/framework/bfc_allocator.cc:1100] InUse at 71fb266a0600 of size 71680 next 136
2026-09-04 18:17:48.865467: I external/local_tsl/tsl/framework/bfc_allocator.cc:1100] InUse at 71fb266b1e00 of size 256 next 141
2026-09-04 18:17:48.865474: I external/local_tsl/tsl/framework/bfc_allocator.cc:1100] InUse at 71fb266b1f00 of size 256 next 142
2026-09-04 18:17:48.865480: I external/local_tsl/tsl/framework/bfc_allocator.cc:1100] InUse at 71fb266b2000 of size 4096 next 143
2026-09-04 18:17:48.865487: I external/local_tsl/tsl/framework/bfc_allocator.cc:1100] InUse at 71fb266b3000 of size 7680 next 132
2026-09-04 18:17:48.865493: I external/local_tsl/tsl/framework/bfc_allocator.cc:1100] InUse at 71fb266b4e00 of size 2048 next 323
2026-09-04 18:17:48.865500: I external/local_tsl/tsl/framework/bfc_allocator.cc:1100] InUse at 71fb266b5600 of size 4096 next 341
2026-09-04 18:17:48.865506: I external/local_tsl/tsl/framework/bfc_allocator.cc:1100] InUse at 71fb266b6600 of size 4096 next 131
2026-09-04 18:17:48.865513: I external/local_tsl/tsl/framework/bfc_allocator.cc:1100] Free  at 71fb266b7600 of size 12288 next 144
2026-09-04 18:17:48.865519: I external/local_tsl/tsl/framework/bfc_allocator.cc:1100] InUse at 71fb266ba600 of size 256 next 145
2026-09-04 18:17:48.865526: I external/local_tsl/tsl/framework/bfc_allocator.cc:1100] InUse at 71fb266ba700 of size 256 next 148
2026-09-04 18:17:48.865535: I external/local_tsl/tsl/framework/bfc_allocator.cc:1100] InUse at 71fb266ba800 of size 4096 next 149
2026-09-04 18:17:48.865542: I external/local_tsl/tsl/framework/bfc_allocator.cc:1100] InUse at 71fb266bb800 of size 4096 next 150
2026-09-04 18:17:48.865549: I external/local_tsl/tsl/framework/bfc_allocator.cc:1100] InUse at 71fb266bc800 of size 256 next 305
2026-09-04 18:17:48.865555: I external/local_tsl/tsl/framework/bfc_allocator.cc:1100] InUse at 71fb266bc900 of size 256 next 320
2026-09-04 18:17:48.865561: I external/local_tsl/tsl/framework/bfc_allocator.cc:1100] InUse at 71fb266bca00 of size 256 next 302
2026-09-04 18:17:48.865568: I external/local_tsl/tsl/framework/bfc_allocator.cc:1100] InUse at 71fb266bcb00 of size 256 next 313
2026-09-04 18:17:48.865574: I external/local_tsl/tsl/framework/bfc_allocator.cc:1100] InUse at 71fb266bcc00 of size 256 next 267
2026-09-04 18:17:48.865580: I external/local_tsl/tsl/framework/bfc_allocator.cc:1100] InUse at 71fb266bcd00 of size 256 next 325
2026-09-04 18:17:48.865587: I external/local_tsl/tsl/framework/bfc_allocator.cc:1100] InUse at 71fb266bce00 of size 256 next 271
2026-09-04 18:17:48.865593: I external/local_tsl/tsl/framework/bfc_allocator.cc:1100] InUse at 71fb266bcf00 of size 256 next 326
2026-09-04 18:17:48.865600: I external/local_tsl/tsl/framework/bfc_allocator.cc:1100] InUse at 71fb266bd000 of size 256 next 250
2026-09-04 18:17:48.865606: I external/local_tsl/tsl/framework/bfc_allocator.cc:1100] InUse at 71fb266bd100 of size 256 next 278
2026-09-04 18:17:48.865613: I external/local_tsl/tsl/framework/bfc_allocator.cc:1100] InUse at 71fb266bd200 of size 256 next 329
2026-09-04 18:17:48.865619: I external/local_tsl/tsl/framework/bfc_allocator.cc:1100] InUse at 71fb266bd300 of size 256 next 280
2026-09-04 18:17:48.865626: I external/local_tsl/tsl/framework/bfc_allocator.cc:1100] InUse at 71fb266bd400 of size 256 next 321
2026-09-04 18:17:48.865632: I external/local_tsl/tsl/framework/bfc_allocator.cc:1100] InUse at 71fb266bd500 of size 256 next 332
2026-09-04 18:17:48.865638: I external/local_tsl/tsl/framework/bfc_allocator.cc:1100] InUse at 71fb266bd600 of size 256 next 319
2026-09-04 18:17:48.865645: I external/local_tsl/tsl/framework/bfc_allocator.cc:1100] InUse at 71fb266bd700 of size 256 next 333
2026-09-04 18:17:48.865651: I external/local_tsl/tsl/framework/bfc_allocator.cc:1100] InUse at 71fb266bd800 of size 256 next 334
2026-09-04 18:17:48.865658: I external/local_tsl/tsl/framework/bfc_allocator.cc:1100] InUse at 71fb266bd900 of size 256 next 307
2026-09-04 18:17:48.865664: I external/local_tsl/tsl/framework/bfc_allocator.cc:1100] InUse at 71fb266bda00 of size 256 next 337
2026-09-04 18:17:48.865671: I external/local_tsl/tsl/framework/bfc_allocator.cc:1100] InUse at 71fb266bdb00 of size 256 next 327
2026-09-04 18:17:48.865677: I external/local_tsl/tsl/framework/bfc_allocator.cc:1100] InUse at 71fb266bdc00 of size 256 next 309
2026-09-04 18:17:48.865683: I external/local_tsl/tsl/framework/bfc_allocator.cc:1100] InUse at 71fb266bdd00 of size 256 next 276
2026-09-04 18:17:48.865690: I external/local_tsl/tsl/framework/bfc_allocator.cc:1100] InUse at 71fb266bde00 of size 256 next 306
2026-09-04 18:17:48.865696: I external/local_tsl/tsl/framework/bfc_allocator.cc:1100] InUse at 71fb266bdf00 of size 256 next 342
2026-09-04 18:17:48.865703: I external/local_tsl/tsl/framework/bfc_allocator.cc:1100] InUse at 71fb266be000 of size 256 next 343
2026-09-04 18:17:48.865709: I external/local_tsl/tsl/framework/bfc_allocator.cc:1100] InUse at 71fb266be100 of size 256 next 324
2026-09-04 18:17:48.865715: I external/local_tsl/tsl/framework/bfc_allocator.cc:1100] InUse at 71fb266be200 of size 256 next 345
2026-09-04 18:17:48.865722: I external/local_tsl/tsl/framework/bfc_allocator.cc:1100] InUse at 71fb266be300 of size 256 next 330
2026-09-04 18:17:48.865728: I external/local_tsl/tsl/framework/bfc_allocator.cc:1100] InUse at 71fb266be400 of size 18432 next 328
2026-09-04 18:17:48.865738: I external/local_tsl/tsl/framework/bfc_allocator.cc:1100] InUse at 71fb266c2c00 of size 51712 next 340
2026-09-04 18:17:48.865746: I external/local_tsl/tsl/framework/bfc_allocator.cc:1100] InUse at 71fb266cf600 of size 256 next 339
2026-09-04 18:17:48.865752: I external/local_tsl/tsl/framework/bfc_allocator.cc:1100] InUse at 71fb266cf700 of size 256 next 348
2026-09-04 18:17:48.865759: I external/local_tsl/tsl/framework/bfc_allocator.cc:1100] InUse at 71fb266cf800 of size 256 next 236
2026-09-04 18:17:48.865765: I external/local_tsl/tsl/framework/bfc_allocator.cc:1100] InUse at 71fb266cf900 of size 256 next 349
2026-09-04 18:17:48.865771: I external/local_tsl/tsl/framework/bfc_allocator.cc:1100] Free  at 71fb266cfa00 of size 115712 next 67
2026-09-04 18:17:48.865778: I external/local_tsl/tsl/framework/bfc_allocator.cc:1100] InUse at 71fb266ebe00 of size 36864 next 153
2026-09-04 18:17:48.865784: I external/local_tsl/tsl/framework/bfc_allocator.cc:1100] InUse at 71fb266f4e00 of size 256 next 244
2026-09-04 18:17:48.865791: I external/local_tsl/tsl/framework/bfc_allocator.cc:1100] InUse at 71fb266f4f00 of size 256 next 227
2026-09-04 18:17:48.865797: I external/local_tsl/tsl/framework/bfc_allocator.cc:1100] InUse at 71fb266f5000 of size 256 next 240
2026-09-04 18:17:48.865803: I external/local_tsl/tsl/framework/bfc_allocator.cc:1100] InUse at 71fb266f5100 of size 256 next 200
2026-09-04 18:17:48.865810: I external/local_tsl/tsl/framework/bfc_allocator.cc:1100] InUse at 71fb266f5200 of size 256 next 216
2026-09-04 18:17:48.865816: I external/local_tsl/tsl/framework/bfc_allocator.cc:1100] InUse at 71fb266f5300 of size 256 next 247
2026-09-04 18:17:48.865827: I external/local_tsl/tsl/framework/bfc_allocator.cc:1100] InUse at 71fb266f5400 of size 256 next 179
2026-09-04 18:17:48.865836: I external/local_tsl/tsl/framework/bfc_allocator.cc:1100] InUse at 71fb266f5500 of size 256 next 251
2026-09-04 18:17:48.865843: I external/local_tsl/tsl/framework/bfc_allocator.cc:1100] InUse at 71fb266f5600 of size 256 next 233
2026-09-04 18:17:48.865849: I external/local_tsl/tsl/framework/bfc_allocator.cc:1100] InUse at 71fb266f5700 of size 256 next 242
2026-09-04 18:17:48.865856: I external/local_tsl/tsl/framework/bfc_allocator.cc:1100] InUse at 71fb266f5800 of size 256 next 241
2026-09-04 18:17:48.865862: I external/local_tsl/tsl/framework/bfc_allocator.cc:1100] InUse at 71fb266f5900 of size 256 next 246
2026-09-04 18:17:48.865868: I external/local_tsl/tsl/framework/bfc_allocator.cc:1100] InUse at 71fb266f5a00 of size 256 next 249
2026-09-04 18:17:48.865875: I external/local_tsl/tsl/framework/bfc_allocator.cc:1100] InUse at 71fb266f5b00 of size 256 next 253
2026-09-04 18:17:48.865881: I external/local_tsl/tsl/framework/bfc_allocator.cc:1100] InUse at 71fb266f5c00 of size 256 next 206
2026-09-04 18:17:48.865888: I external/local_tsl/tsl/framework/bfc_allocator.cc:1100] InUse at 71fb266f5d00 of size 256 next 263
2026-09-04 18:17:48.865894: I external/local_tsl/tsl/framework/bfc_allocator.cc:1100] InUse at 71fb266f5e00 of size 256 next 256
2026-09-04 18:17:48.865900: I external/local_tsl/tsl/framework/bfc_allocator.cc:1100] InUse at 71fb266f5f00 of size 256 next 265
2026-09-04 18:17:48.865907: I external/local_tsl/tsl/framework/bfc_allocator.cc:1100] InUse at 71fb266f6000 of size 256 next 238
2026-09-04 18:17:48.865913: I external/local_tsl/tsl/framework/bfc_allocator.cc:1100] InUse at 71fb266f6100 of size 256 next 239
2026-09-04 18:17:48.865920: I external/local_tsl/tsl/framework/bfc_allocator.cc:1100] InUse at 71fb266f6200 of size 256 next 248
2026-09-04 18:17:48.865926: I external/local_tsl/tsl/framework/bfc_allocator.cc:1100] InUse at 71fb266f6300 of size 256 next 252
2026-09-04 18:17:48.865932: I external/local_tsl/tsl/framework/bfc_allocator.cc:1100] InUse at 71fb266f6400 of size 256 next 269
2026-09-04 18:17:48.865939: I external/local_tsl/tsl/framework/bfc_allocator.cc:1100] InUse at 71fb266f6500 of size 256 next 234
2026-09-04 18:17:48.865945: I external/local_tsl/tsl/framework/bfc_allocator.cc:1100] InUse at 71fb266f6600 of size 256 next 201
2026-09-04 18:17:48.865955: I external/local_tsl/tsl/framework/bfc_allocator.cc:1100] InUse at 71fb266f6700 of size 256 next 268
2026-09-04 18:17:48.865962: I external/local_tsl/tsl/framework/bfc_allocator.cc:1100] InUse at 71fb266f6800 of size 256 next 264
2026-09-04 18:17:48.865969: I external/local_tsl/tsl/framework/bfc_allocator.cc:1100] InUse at 71fb266f6900 of size 256 next 274
2026-09-04 18:17:48.865975: I external/local_tsl/tsl/framework/bfc_allocator.cc:1100] InUse at 71fb266f6a00 of size 256 next 257
2026-09-04 18:17:48.865981: I external/local_tsl/tsl/framework/bfc_allocator.cc:1100] InUse at 71fb266f6b00 of size 256 next 254
2026-09-04 18:17:48.865988: I external/local_tsl/tsl/framework/bfc_allocator.cc:1100] InUse at 71fb266f6c00 of size 256 next 275
2026-09-04 18:17:48.865994: I external/local_tsl/tsl/framework/bfc_allocator.cc:1100] InUse at 71fb266f6d00 of size 256 next 195
2026-09-04 18:17:48.866001: I external/local_tsl/tsl/framework/bfc_allocator.cc:1100] InUse at 71fb266f6e00 of size 256 next 273
2026-09-04 18:17:48.866007: I external/local_tsl/tsl/framework/bfc_allocator.cc:1100] InUse at 71fb266f6f00 of size 256 next 255
2026-09-04 18:17:48.866013: I external/local_tsl/tsl/framework/bfc_allocator.cc:1100] InUse at 71fb266f7000 of size 256 next 286
2026-09-04 18:17:48.866020: I external/local_tsl/tsl/framework/bfc_allocator.cc:1100] InUse at 71fb266f7100 of size 256 next 287
2026-09-04 18:17:48.866026: I external/local_tsl/tsl/framework/bfc_allocator.cc:1100] InUse at 71fb266f7200 of size 256 next 288
2026-09-04 18:17:48.866032: I external/local_tsl/tsl/framework/bfc_allocator.cc:1100] InUse at 71fb266f7300 of size 256 next 289
2026-09-04 18:17:48.866039: I external/local_tsl/tsl/framework/bfc_allocator.cc:1100] InUse at 71fb266f7400 of size 256 next 290
2026-09-04 18:17:48.866045: I external/local_tsl/tsl/framework/bfc_allocator.cc:1100] InUse at 71fb266f7500 of size 256 next 291
2026-09-04 18:17:48.866052: I external/local_tsl/tsl/framework/bfc_allocator.cc:1100] InUse at 71fb266f7600 of size 256 next 292
2026-09-04 18:17:48.866058: I external/local_tsl/tsl/framework/bfc_allocator.cc:1100] InUse at 71fb266f7700 of size 256 next 293
2026-09-04 18:17:48.866065: I external/local_tsl/tsl/framework/bfc_allocator.cc:1100] InUse at 71fb266f7800 of size 256 next 294
2026-09-04 18:17:48.866071: I external/local_tsl/tsl/framework/bfc_allocator.cc:1100] InUse at 71fb266f7900 of size 256 next 295
2026-09-04 18:17:48.866077: I external/local_tsl/tsl/framework/bfc_allocator.cc:1100] InUse at 71fb266f7a00 of size 256 next 296
2026-09-04 18:17:48.866084: I external/local_tsl/tsl/framework/bfc_allocator.cc:1100] InUse at 71fb266f7b00 of size 256 next 297
2026-09-04 18:17:48.866090: I external/local_tsl/tsl/framework/bfc_allocator.cc:1100] InUse at 71fb266f7c00 of size 256 next 298
2026-09-04 18:17:48.866097: I external/local_tsl/tsl/framework/bfc_allocator.cc:1100] InUse at 71fb266f7d00 of size 256 next 299
2026-09-04 18:17:48.866103: I external/local_tsl/tsl/framework/bfc_allocator.cc:1100] InUse at 71fb266f7e00 of size 256 next 300
2026-09-04 18:17:48.866110: I external/local_tsl/tsl/framework/bfc_allocator.cc:1100] InUse at 71fb266f7f00 of size 256 next 301
2026-09-04 18:17:48.866116: I external/local_tsl/tsl/framework/bfc_allocator.cc:1100] InUse at 71fb266f8000 of size 256 next 266
2026-09-04 18:17:48.866122: I external/local_tsl/tsl/framework/bfc_allocator.cc:1100] InUse at 71fb266f8100 of size 256 next 272
2026-09-04 18:17:48.866129: I external/local_tsl/tsl/framework/bfc_allocator.cc:1100] InUse at 71fb266f8200 of size 256 next 277
2026-09-04 18:17:48.866135: I external/local_tsl/tsl/framework/bfc_allocator.cc:1100] InUse at 71fb266f8300 of size 256 next 282
2026-09-04 18:17:48.866142: I external/local_tsl/tsl/framework/bfc_allocator.cc:1100] InUse at 71fb266f8400 of size 256 next 262
2026-09-04 18:17:48.866148: I external/local_tsl/tsl/framework/bfc_allocator.cc:1100] InUse at 71fb266f8500 of size 256 next 224
2026-09-04 18:17:48.866155: I external/local_tsl/tsl/framework/bfc_allocator.cc:1100] InUse at 71fb266f8600 of size 256 next 283
2026-09-04 18:17:48.866164: I external/local_tsl/tsl/framework/bfc_allocator.cc:1100] InUse at 71fb266f8700 of size 256 next 237
2026-09-04 18:17:48.866171: I external/local_tsl/tsl/framework/bfc_allocator.cc:1100] InUse at 71fb266f8800 of size 256 next 285
2026-09-04 18:17:48.866178: I external/local_tsl/tsl/framework/bfc_allocator.cc:1100] InUse at 71fb266f8900 of size 256 next 260
2026-09-04 18:17:48.866184: I external/local_tsl/tsl/framework/bfc_allocator.cc:1100] InUse at 71fb266f8a00 of size 256 next 281
2026-09-04 18:17:48.866190: I external/local_tsl/tsl/framework/bfc_allocator.cc:1100] InUse at 71fb266f8b00 of size 256 next 261
2026-09-04 18:17:48.866197: I external/local_tsl/tsl/framework/bfc_allocator.cc:1100] InUse at 71fb266f8c00 of size 256 next 308
2026-09-04 18:17:48.866203: I external/local_tsl/tsl/framework/bfc_allocator.cc:1100] InUse at 71fb266f8d00 of size 256 next 317
2026-09-04 18:17:48.866210: I external/local_tsl/tsl/framework/bfc_allocator.cc:1100] InUse at 71fb266f8e00 of size 256 next 279
2026-09-04 18:17:48.866216: I external/local_tsl/tsl/framework/bfc_allocator.cc:1100] InUse at 71fb266f8f00 of size 256 next 314
2026-09-04 18:17:48.866222: I external/local_tsl/tsl/framework/bfc_allocator.cc:1100] InUse at 71fb266f9000 of size 256 next 315
2026-09-04 18:17:48.866229: I external/local_tsl/tsl/framework/bfc_allocator.cc:1100] InUse at 71fb266f9100 of size 256 next 310
2026-09-04 18:17:48.866235: I external/local_tsl/tsl/framework/bfc_allocator.cc:1100] InUse at 71fb266f9200 of size 256 next 312
2026-09-04 18:17:48.866242: I external/local_tsl/tsl/framework/bfc_allocator.cc:1100] InUse at 71fb266f9300 of size 256 next 311
2026-09-04 18:17:48.866248: I external/local_tsl/tsl/framework/bfc_allocator.cc:1100] InUse at 71fb266f9400 of size 256 next 223
2026-09-04 18:17:48.866254: I external/local_tsl/tsl/framework/bfc_allocator.cc:1100] InUse at 71fb266f9500 of size 256 next 166
2026-09-04 18:17:48.866261: I external/local_tsl/tsl/framework/bfc_allocator.cc:1100] InUse at 71fb266f9600 of size 18432 next 152
2026-09-04 18:17:48.866267: I external/local_tsl/tsl/framework/bfc_allocator.cc:1100] InUse at 71fb266fde00 of size 65536 next 164
2026-09-04 18:17:48.866274: I external/local_tsl/tsl/framework/bfc_allocator.cc:1100] InUse at 71fb2670de00 of size 131072 next 59
2026-09-04 18:17:48.866281: I external/local_tsl/tsl/framework/bfc_allocator.cc:1100] Free  at 71fb2672de00 of size 69632 next 91
2026-09-04 18:17:48.866287: I external/local_tsl/tsl/framework/bfc_allocator.cc:1100] InUse at 71fb2673ee00 of size 18432 next 182
2026-09-04 18:17:48.866294: I external/local_tsl/tsl/framework/bfc_allocator.cc:1100] InUse at 71fb26743600 of size 36864 next 185
2026-09-04 18:17:48.866300: I external/local_tsl/tsl/framework/bfc_allocator.cc:1100] InUse at 71fb2674c600 of size 36864 next 186
2026-09-04 18:17:48.866307: I external/local_tsl/tsl/framework/bfc_allocator.cc:1100] InUse at 71fb26755600 of size 69632 next 189
2026-09-04 18:17:48.866314: I external/local_tsl/tsl/framework/bfc_allocator.cc:1100] InUse at 71fb26766600 of size 69632 next 190
2026-09-04 18:17:48.866320: I external/local_tsl/tsl/framework/bfc_allocator.cc:1100] Free  at 71fb26777600 of size 215040 next 81
2026-09-04 18:17:48.866327: I external/local_tsl/tsl/framework/bfc_allocator.cc:1100] InUse at 71fb267abe00 of size 262144 next 165
2026-09-04 18:17:48.866333: I external/local_tsl/tsl/framework/bfc_allocator.cc:1100] Free  at 71fb267ebe00 of size 786432 next 90
2026-09-04 18:17:48.866340: I external/local_tsl/tsl/framework/bfc_allocator.cc:1100] InUse at 71fb268abe00 of size 524288 next 82
2026-09-04 18:17:48.866347: I external/local_tsl/tsl/framework/bfc_allocator.cc:1100] InUse at 71fb2692be00 of size 1572864 next 105
2026-09-04 18:17:48.866354: I external/local_tsl/tsl/framework/bfc_allocator.cc:1100] InUse at 71fb26aabe00 of size 1048576 next 104
2026-09-04 18:17:48.866360: I external/local_tsl/tsl/framework/bfc_allocator.cc:1100] InUse at 71fb26babe00 of size 1048576 next 112
2026-09-04 18:17:48.866370: I external/local_tsl/tsl/framework/bfc_allocator.cc:1100] InUse at 71fb26cabe00 of size 1048576 next 121
2026-09-04 18:17:48.866377: I external/local_tsl/tsl/framework/bfc_allocator.cc:1100] InUse at 71fb26dabe00 of size 1048576 next 128
2026-09-04 18:17:48.866383: I external/local_tsl/tsl/framework/bfc_allocator.cc:1100] Free  at 71fb26eabe00 of size 7340032 next 140
2026-09-04 18:17:48.866390: I external/local_tsl/tsl/framework/bfc_allocator.cc:1100] InUse at 71fb275abe00 of size 2097152 next 284
2026-09-04 18:17:48.866397: I external/local_tsl/tsl/framework/bfc_allocator.cc:1100] InUse at 71fb277abe00 of size 4194304 next 350
2026-09-04 18:17:48.866403: I external/local_tsl/tsl/framework/bfc_allocator.cc:1100] Free  at 71fb27babe00 of size 285357824 next 180
2026-09-04 18:17:48.866410: I external/local_tsl/tsl/framework/bfc_allocator.cc:1100] InUse at 71fb38bcf500 of size 2097152 next 183
2026-09-04 18:17:48.866416: I external/local_tsl/tsl/framework/bfc_allocator.cc:1100] InUse at 71fb38dcf500 of size 2097152 next 184
2026-09-04 18:17:48.866422: I external/local_tsl/tsl/framework/bfc_allocator.cc:1100] InUse at 71fb38fcf500 of size 4194304 next 187
2026-09-04 18:17:48.866429: I external/local_tsl/tsl/framework/bfc_allocator.cc:1100] InUse at 71fb393cf500 of size 4194304 next 188
2026-09-04 18:17:48.866435: I external/local_tsl/tsl/framework/bfc_allocator.cc:1100] Free  at 71fb397cf500 of size 295897856 next 18446744073709551615
2026-09-04 18:17:48.866442: I external/local_tsl/tsl/framework/bfc_allocator.cc:1105]      Summary of in-use Chunks by size: 
2026-09-04 18:17:48.866450: I external/local_tsl/tsl/framework/bfc_allocator.cc:1108] 208 Chunks of size 256 totalling 52.0KiB
2026-09-04 18:17:48.866457: I external/local_tsl/tsl/framework/bfc_allocator.cc:1108] 11 Chunks of size 512 totalling 5.5KiB
2026-09-04 18:17:48.866463: I external/local_tsl/tsl/framework/bfc_allocator.cc:1108] 1 Chunks of size 768 totalling 768B
2026-09-04 18:17:48.866469: I external/local_tsl/tsl/framework/bfc_allocator.cc:1108] 11 Chunks of size 1024 totalling 11.0KiB
2026-09-04 18:17:48.866476: I external/local_tsl/tsl/framework/bfc_allocator.cc:1108] 4 Chunks of size 1280 totalling 5.0KiB
2026-09-04 18:17:48.866482: I external/local_tsl/tsl/framework/bfc_allocator.cc:1108] 32 Chunks of size 2048 totalling 64.0KiB
2026-09-04 18:17:48.866489: I external/local_tsl/tsl/framework/bfc_allocator.cc:1108] 3 Chunks of size 2304 totalling 6.8KiB
2026-09-04 18:17:48.866495: I external/local_tsl/tsl/framework/bfc_allocator.cc:1108] 1 Chunks of size 3072 totalling 3.0KiB
2026-09-04 18:17:48.866502: I external/local_tsl/tsl/framework/bfc_allocator.cc:1108] 1 Chunks of size 3840 totalling 3.8KiB
2026-09-04 18:17:48.866508: I external/local_tsl/tsl/framework/bfc_allocator.cc:1108] 8 Chunks of size 4096 totalling 32.0KiB
2026-09-04 18:17:48.866515: I external/local_tsl/tsl/framework/bfc_allocator.cc:1108] 1 Chunks of size 4608 totalling 4.5KiB
2026-09-04 18:17:48.866521: I external/local_tsl/tsl/framework/bfc_allocator.cc:1108] 1 Chunks of size 5888 totalling 5.8KiB
2026-09-04 18:17:48.866528: I external/local_tsl/tsl/framework/bfc_allocator.cc:1108] 1 Chunks of size 7680 totalling 7.5KiB
2026-09-04 18:17:48.866534: I external/local_tsl/tsl/framework/bfc_allocator.cc:1108] 2 Chunks of size 9216 totalling 18.0KiB
2026-09-04 18:17:48.866541: I external/local_tsl/tsl/framework/bfc_allocator.cc:1108] 1 Chunks of size 11264 totalling 11.0KiB
2026-09-04 18:17:48.866548: I external/local_tsl/tsl/framework/bfc_allocator.cc:1108] 7 Chunks of size 18432 totalling 126.0KiB
2026-09-04 18:17:48.866554: I external/local_tsl/tsl/framework/bfc_allocator.cc:1108] 1 Chunks of size 23552 totalling 23.0KiB
2026-09-04 18:17:48.866561: I external/local_tsl/tsl/framework/bfc_allocator.cc:1108] 3 Chunks of size 36864 totalling 108.0KiB
2026-09-04 18:17:48.866567: I external/local_tsl/tsl/framework/bfc_allocator.cc:1108] 1 Chunks of size 51712 totalling 50.5KiB
2026-09-04 18:17:48.866574: I external/local_tsl/tsl/framework/bfc_allocator.cc:1108] 1 Chunks of size 65536 totalling 64.0KiB
2026-09-04 18:17:48.866584: I external/local_tsl/tsl/framework/bfc_allocator.cc:1108] 2 Chunks of size 69632 totalling 136.0KiB
2026-09-04 18:17:48.866591: I external/local_tsl/tsl/framework/bfc_allocator.cc:1108] 1 Chunks of size 71680 totalling 70.0KiB
2026-09-04 18:17:48.866598: I external/local_tsl/tsl/framework/bfc_allocator.cc:1108] 1 Chunks of size 131072 totalling 128.0KiB
2026-09-04 18:17:48.866606: I external/local_tsl/tsl/framework/bfc_allocator.cc:1108] 1 Chunks of size 262144 totalling 256.0KiB
2026-09-04 18:17:48.866613: I external/local_tsl/tsl/framework/bfc_allocator.cc:1108] 1 Chunks of size 450816 totalling 440.2KiB
2026-09-04 18:17:48.866621: I external/local_tsl/tsl/framework/bfc_allocator.cc:1108] 1 Chunks of size 524288 totalling 512.0KiB
2026-09-04 18:17:48.866628: I external/local_tsl/tsl/framework/bfc_allocator.cc:1108] 4 Chunks of size 1048576 totalling 4.00MiB
2026-09-04 18:17:48.866636: I external/local_tsl/tsl/framework/bfc_allocator.cc:1108] 1 Chunks of size 1572864 totalling 1.50MiB
2026-09-04 18:17:48.866643: I external/local_tsl/tsl/framework/bfc_allocator.cc:1108] 3 Chunks of size 2097152 totalling 6.00MiB
2026-09-04 18:17:48.866650: I external/local_tsl/tsl/framework/bfc_allocator.cc:1108] 3 Chunks of size 4194304 totalling 12.00MiB
2026-09-04 18:17:48.866658: I external/local_tsl/tsl/framework/bfc_allocator.cc:1108] 1 Chunks of size 4567552 totalling 4.36MiB
2026-09-04 18:17:48.866665: I external/local_tsl/tsl/framework/bfc_allocator.cc:1108] 1 Chunks of size 162889728 totalling 155.34MiB
2026-09-04 18:17:48.866673: I external/local_tsl/tsl/framework/bfc_allocator.cc:1108] 1 Chunks of size 1650696192 totalling 1.54GiB
2026-09-04 18:17:48.866680: I external/local_tsl/tsl/framework/bfc_allocator.cc:1112] Sum Total of in-use chunks: 1.72GiB
2026-09-04 18:17:48.866686: I external/local_tsl/tsl/framework/bfc_allocator.cc:1114] Total bytes in pool: 2434793472 memory_limit_: 2434793472 available bytes: 0 curr_region_allocation_bytes_: 4869586944
2026-09-04 18:17:48.866695: I external/local_tsl/tsl/framework/bfc_allocator.cc:1119] Stats: 
Limit:                      2434793472
InUse:                      1844990720
MaxInUse:                   2167088640
NumAllocs:                      115258
MaxAllocSize:               1650696192
Reserved:                            0
PeakReserved:                        0
LargestFreeBlock:                    0

2026-09-04 18:17:48.866718: W external/local_tsl/tsl/framework/bfc_allocator.cc:499] ****************************************************************************___________*____________
Traceback (most recent call last):
  File "/home/luke/projects/buzzdetect-training/.local/worktrees/trunk-ft-restore-sens/03_train/main.py", line 52, in <module>
    train_set(
  File "/home/luke/projects/buzzdetect-training/.local/worktrees/trunk-ft-restore-sens/03_train/train.py", line 510, in train_set
    data = _load_data(setname, embeddername, folds_train, name_translation,
           ^^^^^^^^^^^^^^^^^^^^^^^^^^^^^^^^^^^^^^^^^^^^^^^^^^^^^^^^^^^^^^^^
  File "/home/luke/projects/buzzdetect-training/.local/worktrees/trunk-ft-restore-sens/03_train/train.py", line 141, in _load_data
    train_tf=_to_tf(data_train, size_batch, size_shuffle),
             ^^^^^^^^^^^^^^^^^^^^^^^^^^^^^^^^^^^^^^^^^^^^
  File "/home/luke/projects/buzzdetect-training/.local/worktrees/trunk-ft-restore-sens/03_train/train.py", line 69, in _to_tf
    ds = tf.data.Dataset.from_tensor_slices((emb_np, tgt_np))
         ^^^^^^^^^^^^^^^^^^^^^^^^^^^^^^^^^^^^^^^^^^^^^^^^^^^^
  File "/home/luke/anaconda3/envs/buzzdetect-train/lib/python3.12/site-packages/tensorflow/python/data/ops/dataset_ops.py", line 826, in from_tensor_slices
    return from_tensor_slices_op._from_tensor_slices(tensors, name)
           ^^^^^^^^^^^^^^^^^^^^^^^^^^^^^^^^^^^^^^^^^^^^^^^^^^^^^^^^
  File "/home/luke/anaconda3/envs/buzzdetect-train/lib/python3.12/site-packages/tensorflow/python/data/ops/from_tensor_slices_op.py", line 25, in _from_tensor_slices
    return _TensorSliceDataset(tensors, name=name)
           ^^^^^^^^^^^^^^^^^^^^^^^^^^^^^^^^^^^^^^^
  File "/home/luke/anaconda3/envs/buzzdetect-train/lib/python3.12/site-packages/tensorflow/python/data/ops/from_tensor_slices_op.py", line 33, in __init__
    element = structure.normalize_element(element)
              ^^^^^^^^^^^^^^^^^^^^^^^^^^^^^^^^^^^^
  File "/home/luke/anaconda3/envs/buzzdetect-train/lib/python3.12/site-packages/tensorflow/python/data/util/structure.py", line 134, in normalize_element
    ops.convert_to_tensor(t, name="component_%d" % i, dtype=dtype))
    ^^^^^^^^^^^^^^^^^^^^^^^^^^^^^^^^^^^^^^^^^^^^^^^^^^^^^^^^^^^^^^
  File "/home/luke/anaconda3/envs/buzzdetect-train/lib/python3.12/site-packages/tensorflow/python/profiler/trace.py", line 183, in wrapped
    return func(*args, **kwargs)
           ^^^^^^^^^^^^^^^^^^^^^
  File "/home/luke/anaconda3/envs/buzzdetect-train/lib/python3.12/site-packages/tensorflow/python/framework/ops.py", line 713, in convert_to_tensor
    return tensor_conversion_registry.convert(
           ^^^^^^^^^^^^^^^^^^^^^^^^^^^^^^^^^^^
  File "/home/luke/anaconda3/envs/buzzdetect-train/lib/python3.12/site-packages/tensorflow/python/framework/tensor_conversion_registry.py", line 234, in convert
    ret = conversion_func(value, dtype=dtype, name=name, as_ref=as_ref)
          ^^^^^^^^^^^^^^^^^^^^^^^^^^^^^^^^^^^^^^^^^^^^^^^^^^^^^^^^^^^^^
  File "/home/luke/anaconda3/envs/buzzdetect-train/lib/python3.12/site-packages/tensorflow/python/framework/constant_tensor_conversion.py", line 29, in _constant_tensor_conversion_function
    return constant_op.constant(v, dtype=dtype, name=name)
           ^^^^^^^^^^^^^^^^^^^^^^^^^^^^^^^^^^^^^^^^^^^^^^^
  File "/home/luke/anaconda3/envs/buzzdetect-train/lib/python3.12/site-packages/tensorflow/python/ops/weak_tensor_ops.py", line 142, in wrapper
    return op(*args, **kwargs)
           ^^^^^^^^^^^^^^^^^^^
  File "/home/luke/anaconda3/envs/buzzdetect-train/lib/python3.12/site-packages/tensorflow/python/framework/constant_op.py", line 276, in constant
    return _constant_impl(value, dtype, shape, name, verify_shape=False,
           ^^^^^^^^^^^^^^^^^^^^^^^^^^^^^^^^^^^^^^^^^^^^^^^^^^^^^^^^^^^^^
  File "/home/luke/anaconda3/envs/buzzdetect-train/lib/python3.12/site-packages/tensorflow/python/framework/constant_op.py", line 289, in _constant_impl
    return _constant_eager_impl(ctx, value, dtype, shape, verify_shape)
           ^^^^^^^^^^^^^^^^^^^^^^^^^^^^^^^^^^^^^^^^^^^^^^^^^^^^^^^^^^^^
  File "/home/luke/anaconda3/envs/buzzdetect-train/lib/python3.12/site-packages/tensorflow/python/framework/constant_op.py", line 301, in _constant_eager_impl
    t = convert_to_eager_tensor(value, ctx, dtype)
        ^^^^^^^^^^^^^^^^^^^^^^^^^^^^^^^^^^^^^^^^^^
  File "/home/luke/anaconda3/envs/buzzdetect-train/lib/python3.12/site-packages/tensorflow/python/framework/constant_op.py", line 108, in convert_to_eager_tensor
    return ops.EagerTensor(value, ctx.device_name, dtype)
           ^^^^^^^^^^^^^^^^^^^^^^^^^^^^^^^^^^^^^^^^^^^^^^
tensorflow.python.framework.errors_impl.InternalError: Failed copying input tensor from /job:localhost/replica:0/task:0/device:CPU:0 to /job:localhost/replica:0/task:0/device:GPU:0 in order to run _EagerConst: Dst tensor is not initialized.
=== attempt 6 exited rc=1 ===
=== attempt 7 2026-09-04_18:17:50 ===
2026-09-04 18:17:50.681553: E external/local_xla/xla/stream_executor/cuda/cuda_fft.cc:479] Unable to register cuFFT factory: Attempting to register factory for plugin cuFFT when one has already been registered
2026-09-04 18:17:50.705153: E external/local_xla/xla/stream_executor/cuda/cuda_dnn.cc:10575] Unable to register cuDNN factory: Attempting to register factory for plugin cuDNN when one has already been registered
2026-09-04 18:17:50.705211: E external/local_xla/xla/stream_executor/cuda/cuda_blas.cc:1442] Unable to register cuBLAS factory: Attempting to register factory for plugin cuBLAS when one has already been registered
2026-09-04 18:17:51.569768: W tensorflow/compiler/tf2tensorrt/utils/py_utils.cc:38] TF-TRT Warning: Could not find TensorRT
[trunk_ft_restore_sens] set medium, embedder yamnet_trunk, translation general: 11 rotating fold(s), 311 train-only, 0 holdout
[1/11] JamesU - MustardBumbler/1_29: already trained; skipping
[2/11] Lily - Fit+Fast/2023_R3_Marysville/53: already trained; skipping
[3/11] Lily Adam - One Hive/recorders/willard/2024-08-07/1_11: already trained; skipping
[4/11] Lily Adam - One Hive/recorders/wooster/2024-07-26/1_143: already trained; skipping
[5/11] Luke - Diel Drivers/2026-04-08/1_150: already trained; skipping
[6/11] Luke - Diel Drivers/2026-05-06/1_95: already trained; skipping
/home/luke/projects/buzzdetect-training/.local/worktrees/trunk-ft-restore-sens/03_train/dataset.py:130: UserWarning: all 1 embedding file(s) under /home/luke/projects/buzzdetect-training/.local/worktrees/trunk-ft-restore-sens/02_set/sets/medium/embeddings/yamnet_trunk/raw/Luke - External Data Sources/InsectSound1000/Coccinella_septempunctata/2023419-16-19/000020 were dropped by the translation; raw label(s) present: ['EXCLUDE']
  warnings.warn(
/home/luke/projects/buzzdetect-training/.local/worktrees/trunk-ft-restore-sens/03_train/dataset.py:130: UserWarning: all 1 embedding file(s) under /home/luke/projects/buzzdetect-training/.local/worktrees/trunk-ft-restore-sens/02_set/sets/medium/embeddings/yamnet_trunk/raw/Luke - External Data Sources/InsectSound1000/Nezara_viridula/2022511-18-10/000018 were dropped by the translation; raw label(s) present: ['EXCLUDE']
  warnings.warn(
/home/luke/projects/buzzdetect-training/.local/worktrees/trunk-ft-restore-sens/03_train/dataset.py:130: UserWarning: all 2 embedding file(s) under /home/luke/projects/buzzdetect-training/.local/worktrees/trunk-ft-restore-sens/02_set/sets/medium/embeddings/yamnet_trunk/raw/Luke - External Data Sources/InsectSound1000/Nezara_viridula/2022511-18-10/000025 were dropped by the translation; raw label(s) present: ['EXCLUDE']
  warnings.warn(
/home/luke/projects/buzzdetect-training/.local/worktrees/trunk-ft-restore-sens/03_train/dataset.py:130: UserWarning: all 1 embedding file(s) under /home/luke/projects/buzzdetect-training/.local/worktrees/trunk-ft-restore-sens/02_set/sets/medium/embeddings/yamnet_trunk/raw/Luke - External Data Sources/InsectSound1000/Nezara_viridula/2022511-18-10/000032 were dropped by the translation; raw label(s) present: ['EXCLUDE']
  warnings.warn(
2026-09-04 18:18:00.471840: I external/local_xla/xla/stream_executor/cuda/cuda_executor.cc:998] successful NUMA node read from SysFS had negative value (-1), but there must be at least one NUMA node, so returning NUMA node zero. See more at https://github.com/torvalds/linux/blob/v6.0/Documentation/ABI/testing/sysfs-bus-pci#L344-L355
2026-09-04 18:18:00.510265: I external/local_xla/xla/stream_executor/cuda/cuda_executor.cc:998] successful NUMA node read from SysFS had negative value (-1), but there must be at least one NUMA node, so returning NUMA node zero. See more at https://github.com/torvalds/linux/blob/v6.0/Documentation/ABI/testing/sysfs-bus-pci#L344-L355
2026-09-04 18:18:00.512580: I external/local_xla/xla/stream_executor/cuda/cuda_executor.cc:998] successful NUMA node read from SysFS had negative value (-1), but there must be at least one NUMA node, so returning NUMA node zero. See more at https://github.com/torvalds/linux/blob/v6.0/Documentation/ABI/testing/sysfs-bus-pci#L344-L355
2026-09-04 18:18:00.515389: I external/local_xla/xla/stream_executor/cuda/cuda_executor.cc:998] successful NUMA node read from SysFS had negative value (-1), but there must be at least one NUMA node, so returning NUMA node zero. See more at https://github.com/torvalds/linux/blob/v6.0/Documentation/ABI/testing/sysfs-bus-pci#L344-L355
2026-09-04 18:18:00.517553: I external/local_xla/xla/stream_executor/cuda/cuda_executor.cc:998] successful NUMA node read from SysFS had negative value (-1), but there must be at least one NUMA node, so returning NUMA node zero. See more at https://github.com/torvalds/linux/blob/v6.0/Documentation/ABI/testing/sysfs-bus-pci#L344-L355
2026-09-04 18:18:00.519579: I external/local_xla/xla/stream_executor/cuda/cuda_executor.cc:998] successful NUMA node read from SysFS had negative value (-1), but there must be at least one NUMA node, so returning NUMA node zero. See more at https://github.com/torvalds/linux/blob/v6.0/Documentation/ABI/testing/sysfs-bus-pci#L344-L355
2026-09-04 18:18:00.678534: I external/local_xla/xla/stream_executor/cuda/cuda_executor.cc:998] successful NUMA node read from SysFS had negative value (-1), but there must be at least one NUMA node, so returning NUMA node zero. See more at https://github.com/torvalds/linux/blob/v6.0/Documentation/ABI/testing/sysfs-bus-pci#L344-L355
2026-09-04 18:18:00.679640: I external/local_xla/xla/stream_executor/cuda/cuda_executor.cc:998] successful NUMA node read from SysFS had negative value (-1), but there must be at least one NUMA node, so returning NUMA node zero. See more at https://github.com/torvalds/linux/blob/v6.0/Documentation/ABI/testing/sysfs-bus-pci#L344-L355
2026-09-04 18:18:00.680633: I external/local_xla/xla/stream_executor/cuda/cuda_executor.cc:998] successful NUMA node read from SysFS had negative value (-1), but there must be at least one NUMA node, so returning NUMA node zero. See more at https://github.com/torvalds/linux/blob/v6.0/Documentation/ABI/testing/sysfs-bus-pci#L344-L355
2026-09-04 18:18:00.681580: I tensorflow/core/common_runtime/gpu/gpu_device.cc:1928] Created device /job:localhost/replica:0/task:0/device:GPU:0 with 2322 MB memory:  -> device: 0, name: NVIDIA GeForce GTX 1650, pci bus id: 0000:01:00.0, compute capability: 7.5
2026-09-04 18:18:00.682833: W external/local_tsl/tsl/framework/cpu_allocator_impl.cc:83] Allocation of 1805844480 exceeds 10% of free system memory.
2026-09-04 18:18:01.995035: W external/local_tsl/tsl/framework/cpu_allocator_impl.cc:83] Allocation of 1805844480 exceeds 10% of free system memory.
[trunk_ft_restore_sens_foldLuke - Various Opportunistic Recordings/2025-06-23/1_23] training on 321 fold(s), 73480 frames; early stopping on Luke - Various Opportunistic Recordings/2025-06-23/1_23 (315 frames)...
/home/luke/anaconda3/envs/buzzdetect-train/lib/python3.12/site-packages/keras/src/trainers/epoch_iterator.py:74: UserWarning: `shuffle=True` was passed, but will be ignored since the data `x` was provided as a tf.data.Dataset. The Dataset is expected to already be shuffled (via `.shuffle(buffer_size)`).
  self.data_adapter = data_adapters.get_data_adapter(
Epoch 1/400
2026-09-04 18:18:04.550527: W external/local_tsl/tsl/framework/cpu_allocator_impl.cc:83] Allocation of 1805844480 exceeds 10% of free system memory.
WARNING: All log messages before absl::InitializeLog() is called are written to STDERR
I0000 00:00:1788560286.773021 1344109 service.cc:145] XLA service 0x59737aefea60 initialized for platform CUDA (this does not guarantee that XLA will be used). Devices:
I0000 00:00:1788560286.773206 1344109 service.cc:153]   StreamExecutor device (0): NVIDIA GeForce GTX 1650, Compute Capability 7.5
2026-09-04 18:18:06.876390: I tensorflow/compiler/mlir/tensorflow/utils/dump_mlir_util.cc:268] disabling MLIR crash reproducer, set env var `MLIR_CRASH_REPRODUCER_DIRECTORY` to enable.
2026-09-04 18:18:07.141697: I external/local_xla/xla/stream_executor/cuda/cuda_dnn.cc:465] Loaded cuDNN version 8907
2026-09-04 18:18:08.387338: W external/local_tsl/tsl/framework/bfc_allocator.cc:296] Allocator (GPU_0_bfc) ran out of memory trying to allocate 696.00MiB with freed_by_count=0. The caller indicates that this is not a failure, but this may mean that there could be performance gains if more memory were available.
2026-09-04 18:18:08.387405: W external/local_tsl/tsl/framework/bfc_allocator.cc:296] Allocator (GPU_0_bfc) ran out of memory trying to allocate 2.27GiB with freed_by_count=0. The caller indicates that this is not a failure, but this may mean that there could be performance gains if more memory were available.
2026-09-04 18:18:09.344099: W external/local_tsl/tsl/framework/bfc_allocator.cc:296] Allocator (GPU_0_bfc) ran out of memory trying to allocate 968.00MiB with freed_by_count=0. The caller indicates that this is not a failure, but this may mean that there could be performance gains if more memory were available.
2026-09-04 18:18:09.344176: W external/local_tsl/tsl/framework/bfc_allocator.cc:296] Allocator (GPU_0_bfc) ran out of memory trying to allocate 4.52GiB with freed_by_count=0. The caller indicates that this is not a failure, but this may mean that there could be performance gains if more memory were available.
2026-09-04 18:18:09.738150: W external/local_tsl/tsl/framework/bfc_allocator.cc:296] Allocator (GPU_0_bfc) ran out of memory trying to allocate 696.00MiB with freed_by_count=0. The caller indicates that this is not a failure, but this may mean that there could be performance gains if more memory were available.
2026-09-04 18:18:09.738213: W external/local_tsl/tsl/framework/bfc_allocator.cc:296] Allocator (GPU_0_bfc) ran out of memory trying to allocate 3.39GiB with freed_by_count=0. The caller indicates that this is not a failure, but this may mean that there could be performance gains if more memory were available.
2026-09-04 18:18:09.946796: W external/local_tsl/tsl/framework/bfc_allocator.cc:296] Allocator (GPU_0_bfc) ran out of memory trying to allocate 2.02GiB with freed_by_count=0. The caller indicates that this is not a failure, but this may mean that there could be performance gains if more memory were available.
2026-09-04 18:18:09.946860: W external/local_tsl/tsl/framework/bfc_allocator.cc:296] Allocator (GPU_0_bfc) ran out of memory trying to allocate 2.02GiB with freed_by_count=0. The caller indicates that this is not a failure, but this may mean that there could be performance gains if more memory were available.
2026-09-04 18:18:09.946881: W external/local_tsl/tsl/framework/bfc_allocator.cc:296] Allocator (GPU_0_bfc) ran out of memory trying to allocate 2.02GiB with freed_by_count=0. The caller indicates that this is not a failure, but this may mean that there could be performance gains if more memory were available.
2026-09-04 18:18:10.815280: W external/local_tsl/tsl/framework/bfc_allocator.cc:296] Allocator (GPU_0_bfc) ran out of memory trying to allocate 4.02GiB with freed_by_count=0. The caller indicates that this is not a failure, but this may mean that there could be performance gains if more memory were available.
I0000 00:00:1788560293.974267 1344109 device_compiler.h:188] Compiled cluster using XLA!  This line is logged at most once for the lifetime of the process.
72/72 - 22s - 300ms/step - accuracy: 0.1205 - loss: 0.5099 - val_accuracy: 0.0857 - val_loss: 0.4374 - val_sens_fpr0.005: 0.2229
Epoch 2/400
72/72 - 5s - 66ms/step - accuracy: 0.3460 - loss: 0.4053 - val_accuracy: 0.1238 - val_loss: 0.4279 - val_sens_fpr0.005: 0.3714
Epoch 3/400
72/72 - 5s - 66ms/step - accuracy: 0.4375 - loss: 0.3928 - val_accuracy: 0.1619 - val_loss: 0.4239 - val_sens_fpr0.005: 0.3429
Epoch 4/400
72/72 - 5s - 66ms/step - accuracy: 0.4860 - loss: 0.3867 - val_accuracy: 0.1683 - val_loss: 0.4239 - val_sens_fpr0.005: 0.3429
Epoch 5/400
72/72 - 5s - 66ms/step - accuracy: 0.5167 - loss: 0.3827 - val_accuracy: 0.1365 - val_loss: 0.4252 - val_sens_fpr0.005: 0.3429
Epoch 6/400
72/72 - 5s - 65ms/step - accuracy: 0.5366 - loss: 0.3799 - val_accuracy: 0.2095 - val_loss: 0.4204 - val_sens_fpr0.005: 0.3429
Epoch 7/400
72/72 - 5s - 65ms/step - accuracy: 0.5531 - loss: 0.3777 - val_accuracy: 0.2095 - val_loss: 0.4196 - val_sens_fpr0.005: 0.3543
Epoch 8/400
72/72 - 5s - 65ms/step - accuracy: 0.5681 - loss: 0.3758 - val_accuracy: 0.2349 - val_loss: 0.4174 - val_sens_fpr0.005: 0.3429
Epoch 9/400
72/72 - 5s - 65ms/step - accuracy: 0.5783 - loss: 0.3744 - val_accuracy: 0.1683 - val_loss: 0.4216 - val_sens_fpr0.005: 0.3657
Epoch 10/400
72/72 - 5s - 65ms/step - accuracy: 0.5875 - loss: 0.3731 - val_accuracy: 0.2032 - val_loss: 0.4192 - val_sens_fpr0.005: 0.3657
Epoch 11/400
72/72 - 5s - 66ms/step - accuracy: 0.5955 - loss: 0.3720 - val_accuracy: 0.1937 - val_loss: 0.4189 - val_sens_fpr0.005: 0.3657
Epoch 12/400
72/72 - 5s - 65ms/step - accuracy: 0.6019 - loss: 0.3710 - val_accuracy: 0.2032 - val_loss: 0.4192 - val_sens_fpr0.005: 0.3657
Epoch 13/400
72/72 - 5s - 65ms/step - accuracy: 0.6097 - loss: 0.3701 - val_accuracy: 0.2000 - val_loss: 0.4195 - val_sens_fpr0.005: 0.3657
Epoch 14/400
72/72 - 5s - 65ms/step - accuracy: 0.6134 - loss: 0.3693 - val_accuracy: 0.2127 - val_loss: 0.4172 - val_sens_fpr0.005: 0.3657
Epoch 15/400
72/72 - 5s - 65ms/step - accuracy: 0.6206 - loss: 0.3686 - val_accuracy: 0.2095 - val_loss: 0.4190 - val_sens_fpr0.005: 0.3657
Epoch 16/400
72/72 - 5s - 66ms/step - accuracy: 0.6220 - loss: 0.3679 - val_accuracy: 0.2159 - val_loss: 0.4169 - val_sens_fpr0.005: 0.3657
Epoch 17/400
72/72 - 5s - 65ms/step - accuracy: 0.6275 - loss: 0.3672 - val_accuracy: 0.2286 - val_loss: 0.4174 - val_sens_fpr0.005: 0.3543
Epoch 18/400
72/72 - 5s - 65ms/step - accuracy: 0.6298 - loss: 0.3667 - val_accuracy: 0.2286 - val_loss: 0.4160 - val_sens_fpr0.005: 0.3543
Epoch 19/400
72/72 - 5s - 65ms/step - accuracy: 0.6362 - loss: 0.3661 - val_accuracy: 0.2476 - val_loss: 0.4157 - val_sens_fpr0.005: 0.3543
Epoch 20/400
72/72 - 5s - 66ms/step - accuracy: 0.6383 - loss: 0.3656 - val_accuracy: 0.2032 - val_loss: 0.4190 - val_sens_fpr0.005: 0.3543
Epoch 21/400
72/72 - 5s - 65ms/step - accuracy: 0.6390 - loss: 0.3651 - val_accuracy: 0.2032 - val_loss: 0.4196 - val_sens_fpr0.005: 0.3543
Epoch 22/400
72/72 - 5s - 65ms/step - accuracy: 0.6418 - loss: 0.3647 - val_accuracy: 0.2159 - val_loss: 0.4186 - val_sens_fpr0.005: 0.3543
Epoch 23/400
72/72 - 5s - 65ms/step - accuracy: 0.6455 - loss: 0.3641 - val_accuracy: 0.2286 - val_loss: 0.4169 - val_sens_fpr0.005: 0.3714
Epoch 24/400
72/72 - 5s - 65ms/step - accuracy: 0.6471 - loss: 0.3638 - val_accuracy: 0.2317 - val_loss: 0.4170 - val_sens_fpr0.005: 0.3714
Epoch 25/400
72/72 - 5s - 65ms/step - accuracy: 0.6501 - loss: 0.3635 - val_accuracy: 0.2286 - val_loss: 0.4169 - val_sens_fpr0.005: 0.3714
Epoch 26/400
72/72 - 5s - 65ms/step - accuracy: 0.6524 - loss: 0.3629 - val_accuracy: 0.2222 - val_loss: 0.4190 - val_sens_fpr0.005: 0.3714
Epoch 27/400
72/72 - 5s - 66ms/step - accuracy: 0.6547 - loss: 0.3626 - val_accuracy: 0.2159 - val_loss: 0.4196 - val_sens_fpr0.005: 0.3714
Epoch 28/400
72/72 - 5s - 65ms/step - accuracy: 0.6557 - loss: 0.3624 - val_accuracy: 0.2159 - val_loss: 0.4198 - val_sens_fpr0.005: 0.3714
Epoch 29/400
72/72 - 5s - 65ms/step - accuracy: 0.6565 - loss: 0.3621 - val_accuracy: 0.2190 - val_loss: 0.4189 - val_sens_fpr0.005: 0.3714
Epoch 30/400
72/72 - 5s - 65ms/step - accuracy: 0.6594 - loss: 0.3616 - val_accuracy: 0.2349 - val_loss: 0.4173 - val_sens_fpr0.005: 0.3714
Epoch 31/400
72/72 - 5s - 65ms/step - accuracy: 0.6605 - loss: 0.3615 - val_accuracy: 0.2349 - val_loss: 0.4171 - val_sens_fpr0.005: 0.3714
Epoch 32/400
72/72 - 5s - 65ms/step - accuracy: 0.6612 - loss: 0.3610 - val_accuracy: 0.2190 - val_loss: 0.4196 - val_sens_fpr0.005: 0.3714
Epoch 33/400
72/72 - 5s - 65ms/step - accuracy: 0.6639 - loss: 0.3607 - val_accuracy: 0.2349 - val_loss: 0.4175 - val_sens_fpr0.005: 0.3714
Epoch 34/400
72/72 - 5s - 65ms/step - accuracy: 0.6665 - loss: 0.3605 - val_accuracy: 0.2476 - val_loss: 0.4166 - val_sens_fpr0.005: 0.3714
Epoch 35/400
72/72 - 5s - 65ms/step - accuracy: 0.6669 - loss: 0.3602 - val_accuracy: 0.2349 - val_loss: 0.4164 - val_sens_fpr0.005: 0.3714
Epoch 36/400
72/72 - 5s - 66ms/step - accuracy: 0.6675 - loss: 0.3600 - val_accuracy: 0.2413 - val_loss: 0.4162 - val_sens_fpr0.005: 0.3714
Epoch 37/400
72/72 - 5s - 65ms/step - accuracy: 0.6696 - loss: 0.3597 - val_accuracy: 0.2254 - val_loss: 0.4182 - val_sens_fpr0.005: 0.3714
Epoch 38/400
72/72 - 5s - 65ms/step - accuracy: 0.6713 - loss: 0.3594 - val_accuracy: 0.2254 - val_loss: 0.4187 - val_sens_fpr0.005: 0.3714
Epoch 39/400
72/72 - 5s - 65ms/step - accuracy: 0.6715 - loss: 0.3591 - val_accuracy: 0.2317 - val_loss: 0.4167 - val_sens_fpr0.005: 0.3714
Epoch 40/400
72/72 - 5s - 65ms/step - accuracy: 0.6739 - loss: 0.3590 - val_accuracy: 0.2413 - val_loss: 0.4170 - val_sens_fpr0.005: 0.3714
Epoch 41/400
72/72 - 5s - 65ms/step - accuracy: 0.6741 - loss: 0.3587 - val_accuracy: 0.2349 - val_loss: 0.4182 - val_sens_fpr0.005: 0.3714
Epoch 42/400
72/72 - 5s - 65ms/step - accuracy: 0.6756 - loss: 0.3586 - val_accuracy: 0.2254 - val_loss: 0.4182 - val_sens_fpr0.005: 0.3714
Epoch 43/400
72/72 - 5s - 65ms/step - accuracy: 0.6753 - loss: 0.3583 - val_accuracy: 0.2254 - val_loss: 0.4175 - val_sens_fpr0.005: 0.3714
Epoch 44/400
72/72 - 5s - 65ms/step - accuracy: 0.6763 - loss: 0.3582 - val_accuracy: 0.2286 - val_loss: 0.4187 - val_sens_fpr0.005: 0.3714
Epoch 45/400
72/72 - 5s - 65ms/step - accuracy: 0.6802 - loss: 0.3578 - val_accuracy: 0.2095 - val_loss: 0.4197 - val_sens_fpr0.005: 0.3714
Epoch 46/400
72/72 - 5s - 65ms/step - accuracy: 0.6793 - loss: 0.3577 - val_accuracy: 0.2381 - val_loss: 0.4169 - val_sens_fpr0.005: 0.3714
Epoch 47/400
72/72 - 5s - 66ms/step - accuracy: 0.6813 - loss: 0.3575 - val_accuracy: 0.2254 - val_loss: 0.4182 - val_sens_fpr0.005: 0.3714
Epoch 48/400
72/72 - 5s - 65ms/step - accuracy: 0.6825 - loss: 0.3573 - val_accuracy: 0.2286 - val_loss: 0.4164 - val_sens_fpr0.005: 0.3714
Epoch 49/400
72/72 - 5s - 65ms/step - accuracy: 0.6823 - loss: 0.3572 - val_accuracy: 0.2095 - val_loss: 0.4208 - val_sens_fpr0.005: 0.3714
Epoch 50/400
72/72 - 5s - 66ms/step - accuracy: 0.6832 - loss: 0.3569 - val_accuracy: 0.2349 - val_loss: 0.4169 - val_sens_fpr0.005: 0.3714
Epoch 51/400
72/72 - 5s - 66ms/step - accuracy: 0.6842 - loss: 0.3568 - val_accuracy: 0.2381 - val_loss: 0.4143 - val_sens_fpr0.005: 0.3714
Epoch 52/400
72/72 - 5s - 65ms/step - accuracy: 0.6846 - loss: 0.3566 - val_accuracy: 0.2286 - val_loss: 0.4179 - val_sens_fpr0.005: 0.3714
Epoch 53/400
72/72 - 5s - 65ms/step - accuracy: 0.6872 - loss: 0.3564 - val_accuracy: 0.2222 - val_loss: 0.4180 - val_sens_fpr0.005: 0.3714
Epoch 54/400
72/72 - 5s - 65ms/step - accuracy: 0.6872 - loss: 0.3563 - val_accuracy: 0.2222 - val_loss: 0.4173 - val_sens_fpr0.005: 0.3714
Epoch 55/400
72/72 - 5s - 65ms/step - accuracy: 0.6889 - loss: 0.3560 - val_accuracy: 0.2540 - val_loss: 0.4151 - val_sens_fpr0.005: 0.3714
Epoch 56/400
72/72 - 5s - 66ms/step - accuracy: 0.6894 - loss: 0.3559 - val_accuracy: 0.2508 - val_loss: 0.4143 - val_sens_fpr0.005: 0.3714
Epoch 57/400
72/72 - 5s - 65ms/step - accuracy: 0.6907 - loss: 0.3557 - val_accuracy: 0.2190 - val_loss: 0.4173 - val_sens_fpr0.005: 0.3714
Epoch 58/400
72/72 - 5s - 65ms/step - accuracy: 0.6919 - loss: 0.3555 - val_accuracy: 0.2286 - val_loss: 0.4168 - val_sens_fpr0.005: 0.3714
Epoch 59/400
72/72 - 5s - 65ms/step - accuracy: 0.6913 - loss: 0.3553 - val_accuracy: 0.2317 - val_loss: 0.4158 - val_sens_fpr0.005: 0.3714
Epoch 60/400
72/72 - 5s - 65ms/step - accuracy: 0.6926 - loss: 0.3553 - val_accuracy: 0.2286 - val_loss: 0.4169 - val_sens_fpr0.005: 0.3714
Epoch 61/400
72/72 - 5s - 65ms/step - accuracy: 0.6922 - loss: 0.3551 - val_accuracy: 0.2571 - val_loss: 0.4134 - val_sens_fpr0.005: 0.3714
Epoch 62/400
72/72 - 5s - 65ms/step - accuracy: 0.6935 - loss: 0.3549 - val_accuracy: 0.2603 - val_loss: 0.4145 - val_sens_fpr0.005: 0.3714
Epoch 63/400
72/72 - 5s - 65ms/step - accuracy: 0.6946 - loss: 0.3548 - val_accuracy: 0.2317 - val_loss: 0.4176 - val_sens_fpr0.005: 0.3714
Epoch 64/400
72/72 - 5s - 66ms/step - accuracy: 0.6970 - loss: 0.3547 - val_accuracy: 0.2571 - val_loss: 0.4118 - val_sens_fpr0.005: 0.3714
Epoch 65/400
72/72 - 5s - 65ms/step - accuracy: 0.6952 - loss: 0.3545 - val_accuracy: 0.2317 - val_loss: 0.4164 - val_sens_fpr0.005: 0.3714
Epoch 66/400
72/72 - 5s - 65ms/step - accuracy: 0.6978 - loss: 0.3544 - val_accuracy: 0.2286 - val_loss: 0.4186 - val_sens_fpr0.005: 0.3714
Epoch 67/400
72/72 - 5s - 65ms/step - accuracy: 0.7001 - loss: 0.3541 - val_accuracy: 0.2349 - val_loss: 0.4154 - val_sens_fpr0.005: 0.3714
Epoch 68/400
72/72 - 5s - 65ms/step - accuracy: 0.6993 - loss: 0.3541 - val_accuracy: 0.3016 - val_loss: 0.4104 - val_sens_fpr0.005: 0.3714
Epoch 69/400
72/72 - 5s - 65ms/step - accuracy: 0.6997 - loss: 0.3540 - val_accuracy: 0.2286 - val_loss: 0.4165 - val_sens_fpr0.005: 0.3714
Epoch 70/400
72/72 - 5s - 65ms/step - accuracy: 0.7000 - loss: 0.3539 - val_accuracy: 0.2603 - val_loss: 0.4141 - val_sens_fpr0.005: 0.3714
Epoch 71/400
72/72 - 5s - 65ms/step - accuracy: 0.7020 - loss: 0.3538 - val_accuracy: 0.2508 - val_loss: 0.4125 - val_sens_fpr0.005: 0.3714
Epoch 72/400
72/72 - 5s - 65ms/step - accuracy: 0.7028 - loss: 0.3536 - val_accuracy: 0.2540 - val_loss: 0.4142 - val_sens_fpr0.005: 0.3714
Epoch 73/400
72/72 - 5s - 65ms/step - accuracy: 0.7026 - loss: 0.3535 - val_accuracy: 0.2794 - val_loss: 0.4111 - val_sens_fpr0.005: 0.3714
Epoch 74/400
72/72 - 5s - 65ms/step - accuracy: 0.7038 - loss: 0.3533 - val_accuracy: 0.2540 - val_loss: 0.4142 - val_sens_fpr0.005: 0.3714
Epoch 75/400
72/72 - 5s - 65ms/step - accuracy: 0.7033 - loss: 0.3532 - val_accuracy: 0.2349 - val_loss: 0.4145 - val_sens_fpr0.005: 0.3714
Epoch 76/400
72/72 - 5s - 65ms/step - accuracy: 0.7053 - loss: 0.3531 - val_accuracy: 0.2444 - val_loss: 0.4137 - val_sens_fpr0.005: 0.3714
Epoch 77/400
72/72 - 5s - 65ms/step - accuracy: 0.7065 - loss: 0.3529 - val_accuracy: 0.2698 - val_loss: 0.4119 - val_sens_fpr0.005: 0.3714
Epoch 78/400
72/72 - 5s - 66ms/step - accuracy: 0.7066 - loss: 0.3529 - val_accuracy: 0.2762 - val_loss: 0.4119 - val_sens_fpr0.005: 0.3714
Epoch 79/400
72/72 - 5s - 65ms/step - accuracy: 0.7064 - loss: 0.3527 - val_accuracy: 0.2476 - val_loss: 0.4126 - val_sens_fpr0.005: 0.3714
Epoch 80/400
72/72 - 5s - 66ms/step - accuracy: 0.7072 - loss: 0.3527 - val_accuracy: 0.2413 - val_loss: 0.4144 - val_sens_fpr0.005: 0.3714
Epoch 81/400
72/72 - 5s - 65ms/step - accuracy: 0.7078 - loss: 0.3524 - val_accuracy: 0.2952 - val_loss: 0.4108 - val_sens_fpr0.005: 0.3714
Epoch 82/400
72/72 - 5s - 65ms/step - accuracy: 0.7098 - loss: 0.3524 - val_accuracy: 0.2381 - val_loss: 0.4158 - val_sens_fpr0.005: 0.3714
Epoch 83/400
72/72 - 5s - 66ms/step - accuracy: 0.7093 - loss: 0.3523 - val_accuracy: 0.2952 - val_loss: 0.4106 - val_sens_fpr0.005: 0.3714
Epoch 84/400
72/72 - 5s - 65ms/step - accuracy: 0.7106 - loss: 0.3521 - val_accuracy: 0.2444 - val_loss: 0.4140 - val_sens_fpr0.005: 0.3714
Epoch 85/400
72/72 - 5s - 66ms/step - accuracy: 0.7115 - loss: 0.3520 - val_accuracy: 0.2476 - val_loss: 0.4138 - val_sens_fpr0.005: 0.3714
Epoch 86/400
72/72 - 5s - 65ms/step - accuracy: 0.7123 - loss: 0.3519 - val_accuracy: 0.2603 - val_loss: 0.4120 - val_sens_fpr0.005: 0.3714
Epoch 87/400
72/72 - 5s - 65ms/step - accuracy: 0.7125 - loss: 0.3518 - val_accuracy: 0.2667 - val_loss: 0.4126 - val_sens_fpr0.005: 0.3714
Epoch 88/400
72/72 - 5s - 65ms/step - accuracy: 0.7136 - loss: 0.3517 - val_accuracy: 0.2730 - val_loss: 0.4112 - val_sens_fpr0.005: 0.3714
Epoch 89/400
72/72 - 5s - 65ms/step - accuracy: 0.7133 - loss: 0.3516 - val_accuracy: 0.3079 - val_loss: 0.4091 - val_sens_fpr0.005: 0.3714
Epoch 90/400
72/72 - 5s - 65ms/step - accuracy: 0.7136 - loss: 0.3515 - val_accuracy: 0.2540 - val_loss: 0.4123 - val_sens_fpr0.005: 0.3714
Epoch 91/400
72/72 - 5s - 65ms/step - accuracy: 0.7148 - loss: 0.3514 - val_accuracy: 0.2952 - val_loss: 0.4110 - val_sens_fpr0.005: 0.3714
Epoch 92/400
72/72 - 5s - 66ms/step - accuracy: 0.7143 - loss: 0.3513 - val_accuracy: 0.3079 - val_loss: 0.4091 - val_sens_fpr0.005: 0.3714
Epoch 93/400
72/72 - 5s - 65ms/step - accuracy: 0.7163 - loss: 0.3512 - val_accuracy: 0.2921 - val_loss: 0.4104 - val_sens_fpr0.005: 0.3714
Epoch 94/400
72/72 - 5s - 65ms/step - accuracy: 0.7172 - loss: 0.3511 - val_accuracy: 0.2444 - val_loss: 0.4150 - val_sens_fpr0.005: 0.3714
Epoch 95/400
72/72 - 5s - 65ms/step - accuracy: 0.7161 - loss: 0.3510 - val_accuracy: 0.2857 - val_loss: 0.4099 - val_sens_fpr0.005: 0.3714
Epoch 96/400
72/72 - 5s - 66ms/step - accuracy: 0.7169 - loss: 0.3509 - val_accuracy: 0.2667 - val_loss: 0.4121 - val_sens_fpr0.005: 0.3714
Epoch 97/400
72/72 - 5s - 66ms/step - accuracy: 0.7182 - loss: 0.3508 - val_accuracy: 0.2159 - val_loss: 0.4176 - val_sens_fpr0.005: 0.3829
Epoch 98/400
72/72 - 5s - 66ms/step - accuracy: 0.7186 - loss: 0.3507 - val_accuracy: 0.2857 - val_loss: 0.4111 - val_sens_fpr0.005: 0.3714
Epoch 99/400
72/72 - 5s - 65ms/step - accuracy: 0.7207 - loss: 0.3506 - val_accuracy: 0.2984 - val_loss: 0.4097 - val_sens_fpr0.005: 0.3714
Epoch 100/400
72/72 - 5s - 65ms/step - accuracy: 0.7200 - loss: 0.3505 - val_accuracy: 0.2317 - val_loss: 0.4141 - val_sens_fpr0.005: 0.3714
Epoch 101/400
72/72 - 5s - 65ms/step - accuracy: 0.7216 - loss: 0.3504 - val_accuracy: 0.2635 - val_loss: 0.4119 - val_sens_fpr0.005: 0.3714
Epoch 102/400
72/72 - 5s - 65ms/step - accuracy: 0.7226 - loss: 0.3503 - val_accuracy: 0.2730 - val_loss: 0.4110 - val_sens_fpr0.005: 0.3714
Epoch 103/400
72/72 - 5s - 65ms/step - accuracy: 0.7226 - loss: 0.3502 - val_accuracy: 0.2952 - val_loss: 0.4104 - val_sens_fpr0.005: 0.3714
Epoch 104/400
72/72 - 5s - 65ms/step - accuracy: 0.7235 - loss: 0.3502 - val_accuracy: 0.2984 - val_loss: 0.4099 - val_sens_fpr0.005: 0.3657
Epoch 105/400
72/72 - 5s - 65ms/step - accuracy: 0.7240 - loss: 0.3501 - val_accuracy: 0.2889 - val_loss: 0.4107 - val_sens_fpr0.005: 0.3829
Epoch 106/400
72/72 - 5s - 65ms/step - accuracy: 0.7235 - loss: 0.3500 - val_accuracy: 0.2698 - val_loss: 0.4127 - val_sens_fpr0.005: 0.3829
Epoch 107/400
72/72 - 5s - 66ms/step - accuracy: 0.7242 - loss: 0.3499 - val_accuracy: 0.2635 - val_loss: 0.4129 - val_sens_fpr0.005: 0.3829
Epoch 108/400
72/72 - 5s - 66ms/step - accuracy: 0.7250 - loss: 0.3497 - val_accuracy: 0.2889 - val_loss: 0.4107 - val_sens_fpr0.005: 0.3829
Epoch 109/400
72/72 - 5s - 65ms/step - accuracy: 0.7269 - loss: 0.3497 - val_accuracy: 0.2667 - val_loss: 0.4126 - val_sens_fpr0.005: 0.3657
Epoch 110/400
72/72 - 5s - 66ms/step - accuracy: 0.7263 - loss: 0.3496 - val_accuracy: 0.2762 - val_loss: 0.4115 - val_sens_fpr0.005: 0.3829
Epoch 111/400
72/72 - 5s - 66ms/step - accuracy: 0.7276 - loss: 0.3495 - val_accuracy: 0.2635 - val_loss: 0.4119 - val_sens_fpr0.005: 0.3714
Epoch 112/400
72/72 - 5s - 65ms/step - accuracy: 0.7275 - loss: 0.3494 - val_accuracy: 0.2635 - val_loss: 0.4130 - val_sens_fpr0.005: 0.3829
Epoch 113/400
72/72 - 5s - 65ms/step - accuracy: 0.7291 - loss: 0.3493 - val_accuracy: 0.3016 - val_loss: 0.4101 - val_sens_fpr0.005: 0.3714
Epoch 114/400
72/72 - 5s - 65ms/step - accuracy: 0.7285 - loss: 0.3493 - val_accuracy: 0.2540 - val_loss: 0.4132 - val_sens_fpr0.005: 0.3714
Epoch 115/400
72/72 - 5s - 65ms/step - accuracy: 0.7290 - loss: 0.3493 - val_accuracy: 0.2667 - val_loss: 0.4123 - val_sens_fpr0.005: 0.3829
Epoch 116/400
72/72 - 5s - 66ms/step - accuracy: 0.7293 - loss: 0.3492 - val_accuracy: 0.2317 - val_loss: 0.4168 - val_sens_fpr0.005: 0.3543
Epoch 117/400
72/72 - 5s - 66ms/step - accuracy: 0.7316 - loss: 0.3491 - val_accuracy: 0.3079 - val_loss: 0.4095 - val_sens_fpr0.005: 0.3543
Epoch 118/400
72/72 - 5s - 66ms/step - accuracy: 0.7311 - loss: 0.3490 - val_accuracy: 0.2730 - val_loss: 0.4112 - val_sens_fpr0.005: 0.3543
Epoch 119/400
72/72 - 5s - 65ms/step - accuracy: 0.7332 - loss: 0.3488 - val_accuracy: 0.3048 - val_loss: 0.4095 - val_sens_fpr0.005: 0.3657
Epoch 120/400
72/72 - 5s - 66ms/step - accuracy: 0.7304 - loss: 0.3488 - val_accuracy: 0.3143 - val_loss: 0.4106 - val_sens_fpr0.005: 0.3657
Epoch 121/400
72/72 - 5s - 66ms/step - accuracy: 0.7348 - loss: 0.3487 - val_accuracy: 0.2825 - val_loss: 0.4106 - val_sens_fpr0.005: 0.3543
Epoch 122/400
72/72 - 5s - 65ms/step - accuracy: 0.7335 - loss: 0.3487 - val_accuracy: 0.2571 - val_loss: 0.4137 - val_sens_fpr0.005: 0.3543
Epoch 123/400
72/72 - 5s - 65ms/step - accuracy: 0.7338 - loss: 0.3486 - val_accuracy: 0.2921 - val_loss: 0.4109 - val_sens_fpr0.005: 0.3657
Epoch 124/400
72/72 - 5s - 65ms/step - accuracy: 0.7328 - loss: 0.3486 - val_accuracy: 0.2762 - val_loss: 0.4115 - val_sens_fpr0.005: 0.3543
Epoch 125/400
72/72 - 5s - 66ms/step - accuracy: 0.7348 - loss: 0.3484 - val_accuracy: 0.2603 - val_loss: 0.4142 - val_sens_fpr0.005: 0.3657
Epoch 126/400
72/72 - 5s - 65ms/step - accuracy: 0.7346 - loss: 0.3484 - val_accuracy: 0.2794 - val_loss: 0.4128 - val_sens_fpr0.005: 0.3543
Epoch 127/400
72/72 - 5s - 65ms/step - accuracy: 0.7360 - loss: 0.3483 - val_accuracy: 0.3048 - val_loss: 0.4106 - val_sens_fpr0.005: 0.3657
Epoch 128/400
72/72 - 5s - 65ms/step - accuracy: 0.7371 - loss: 0.3482 - val_accuracy: 0.2635 - val_loss: 0.4124 - val_sens_fpr0.005: 0.3543
Epoch 129/400
72/72 - 5s - 66ms/step - accuracy: 0.7366 - loss: 0.3481 - val_accuracy: 0.2571 - val_loss: 0.4139 - val_sens_fpr0.005: 0.3657
Epoch 130/400
72/72 - 5s - 66ms/step - accuracy: 0.7359 - loss: 0.3480 - val_accuracy: 0.3302 - val_loss: 0.4086 - val_sens_fpr0.005: 0.3657
Epoch 131/400
72/72 - 5s - 65ms/step - accuracy: 0.7382 - loss: 0.3480 - val_accuracy: 0.2952 - val_loss: 0.4114 - val_sens_fpr0.005: 0.3657
Epoch 132/400
72/72 - 5s - 66ms/step - accuracy: 0.7382 - loss: 0.3479 - val_accuracy: 0.3111 - val_loss: 0.4097 - val_sens_fpr0.005: 0.3657
Epoch 133/400
72/72 - 5s - 66ms/step - accuracy: 0.7401 - loss: 0.3478 - val_accuracy: 0.2889 - val_loss: 0.4116 - val_sens_fpr0.005: 0.3657
Epoch 134/400
72/72 - 5s - 65ms/step - accuracy: 0.7392 - loss: 0.3477 - val_accuracy: 0.2762 - val_loss: 0.4120 - val_sens_fpr0.005: 0.3657
Epoch 135/400
72/72 - 5s - 65ms/step - accuracy: 0.7405 - loss: 0.3477 - val_accuracy: 0.3302 - val_loss: 0.4084 - val_sens_fpr0.005: 0.3657
Epoch 136/400
72/72 - 5s - 65ms/step - accuracy: 0.7410 - loss: 0.3476 - val_accuracy: 0.2857 - val_loss: 0.4125 - val_sens_fpr0.005: 0.3657
Epoch 137/400
72/72 - 5s - 65ms/step - accuracy: 0.7408 - loss: 0.3476 - val_accuracy: 0.3238 - val_loss: 0.4096 - val_sens_fpr0.005: 0.3657
Epoch 138/400
72/72 - 5s - 65ms/step - accuracy: 0.7417 - loss: 0.3475 - val_accuracy: 0.3175 - val_loss: 0.4086 - val_sens_fpr0.005: 0.3657
Epoch 139/400
72/72 - 5s - 65ms/step - accuracy: 0.7409 - loss: 0.3474 - val_accuracy: 0.3111 - val_loss: 0.4092 - val_sens_fpr0.005: 0.3657
  RestoreBestSens: epoch 108 — smoothed val_sens_fpr0.005 (window 5)
[7/11] Luke - Various Opportunistic Recordings/2025-06-23/1_23: 139 epochs (best 108), val_loss 0.4084, 73480/315 frames train/val, sens@fpr0.5%=0.383
2026-09-04 18:29:23.062876: W external/local_tsl/tsl/framework/cpu_allocator_impl.cc:83] Allocation of 1697710080 exceeds 10% of free system memory.
2026-09-04 18:29:33.860561: W external/local_tsl/tsl/framework/bfc_allocator.cc:487] Allocator (GPU_0_bfc) ran out of memory trying to allocate 1.58GiB (rounded to 1697710080)requested by op _EagerConst
If the cause is memory fragmentation maybe the environment variable 'TF_GPU_ALLOCATOR=cuda_malloc_async' will improve the situation. 
Current allocation summary follows.
Current allocation summary follows.
2026-09-04 18:29:33.860625: I external/local_tsl/tsl/framework/bfc_allocator.cc:1044] BFCAllocator dump for GPU_0_bfc
2026-09-04 18:29:33.860638: I external/local_tsl/tsl/framework/bfc_allocator.cc:1051] Bin (256): 	Total Chunks: 215, Chunks in use: 211. 53.8KiB allocated for chunks. 52.8KiB in use in bin. 3.3KiB client-requested in use in bin.
2026-09-04 18:29:33.860650: I external/local_tsl/tsl/framework/bfc_allocator.cc:1051] Bin (512): 	Total Chunks: 13, Chunks in use: 12. 6.8KiB allocated for chunks. 6.2KiB in use in bin. 6.0KiB client-requested in use in bin.
2026-09-04 18:29:33.860661: I external/local_tsl/tsl/framework/bfc_allocator.cc:1051] Bin (1024): 	Total Chunks: 15, Chunks in use: 15. 16.0KiB allocated for chunks. 16.0KiB in use in bin. 15.3KiB client-requested in use in bin.
2026-09-04 18:29:33.860672: I external/local_tsl/tsl/framework/bfc_allocator.cc:1051] Bin (2048): 	Total Chunks: 38, Chunks in use: 37. 79.8KiB allocated for chunks. 77.5KiB in use in bin. 74.2KiB client-requested in use in bin.
2026-09-04 18:29:33.860683: I external/local_tsl/tsl/framework/bfc_allocator.cc:1051] Bin (4096): 	Total Chunks: 12, Chunks in use: 11. 53.8KiB allocated for chunks. 49.8KiB in use in bin. 45.0KiB client-requested in use in bin.
2026-09-04 18:29:33.860693: I external/local_tsl/tsl/framework/bfc_allocator.cc:1051] Bin (8192): 	Total Chunks: 4, Chunks in use: 3. 41.0KiB allocated for chunks. 29.0KiB in use in bin. 26.0KiB client-requested in use in bin.
2026-09-04 18:29:33.860705: I external/local_tsl/tsl/framework/bfc_allocator.cc:1051] Bin (16384): 	Total Chunks: 9, Chunks in use: 9. 173.5KiB allocated for chunks. 173.5KiB in use in bin. 164.9KiB client-requested in use in bin.
2026-09-04 18:29:33.860716: I external/local_tsl/tsl/framework/bfc_allocator.cc:1051] Bin (32768): 	Total Chunks: 4, Chunks in use: 4. 144.0KiB allocated for chunks. 144.0KiB in use in bin. 140.0KiB client-requested in use in bin.
2026-09-04 18:29:33.860739: I external/local_tsl/tsl/framework/bfc_allocator.cc:1051] Bin (65536): 	Total Chunks: 6, Chunks in use: 4. 461.2KiB allocated for chunks. 270.0KiB in use in bin. 268.0KiB client-requested in use in bin.
2026-09-04 18:29:33.860749: I external/local_tsl/tsl/framework/bfc_allocator.cc:1051] Bin (131072): 	Total Chunks: 2, Chunks in use: 1. 338.0KiB allocated for chunks. 128.0KiB in use in bin. 128.0KiB client-requested in use in bin.
2026-09-04 18:29:33.860758: I external/local_tsl/tsl/framework/bfc_allocator.cc:1051] Bin (262144): 	Total Chunks: 1, Chunks in use: 1. 256.0KiB allocated for chunks. 256.0KiB in use in bin. 256.0KiB client-requested in use in bin.
2026-09-04 18:29:33.860766: I external/local_tsl/tsl/framework/bfc_allocator.cc:1051] Bin (524288): 	Total Chunks: 2, Chunks in use: 1. 1.25MiB allocated for chunks. 512.0KiB in use in bin. 512.0KiB client-requested in use in bin.
2026-09-04 18:29:33.860775: I external/local_tsl/tsl/framework/bfc_allocator.cc:1051] Bin (1048576): 	Total Chunks: 5, Chunks in use: 5. 5.50MiB allocated for chunks. 5.50MiB in use in bin. 5.00MiB client-requested in use in bin.
2026-09-04 18:29:33.860783: I external/local_tsl/tsl/framework/bfc_allocator.cc:1051] Bin (2097152): 	Total Chunks: 3, Chunks in use: 3. 6.00MiB allocated for chunks. 6.00MiB in use in bin. 6.00MiB client-requested in use in bin.
2026-09-04 18:29:33.860792: I external/local_tsl/tsl/framework/bfc_allocator.cc:1051] Bin (4194304): 	Total Chunks: 6, Chunks in use: 5. 31.15MiB allocated for chunks. 24.15MiB in use in bin. 24.15MiB client-requested in use in bin.
2026-09-04 18:29:33.860800: I external/local_tsl/tsl/framework/bfc_allocator.cc:1051] Bin (8388608): 	Total Chunks: 0, Chunks in use: 0. 0B allocated for chunks. 0B in use in bin. 0B client-requested in use in bin.
2026-09-04 18:29:33.860808: I external/local_tsl/tsl/framework/bfc_allocator.cc:1051] Bin (16777216): 	Total Chunks: 0, Chunks in use: 0. 0B allocated for chunks. 0B in use in bin. 0B client-requested in use in bin.
2026-09-04 18:29:33.860816: I external/local_tsl/tsl/framework/bfc_allocator.cc:1051] Bin (33554432): 	Total Chunks: 0, Chunks in use: 0. 0B allocated for chunks. 0B in use in bin. 0B client-requested in use in bin.
2026-09-04 18:29:33.860838: I external/local_tsl/tsl/framework/bfc_allocator.cc:1051] Bin (67108864): 	Total Chunks: 0, Chunks in use: 0. 0B allocated for chunks. 0B in use in bin. 0B client-requested in use in bin.
2026-09-04 18:29:33.860847: I external/local_tsl/tsl/framework/bfc_allocator.cc:1051] Bin (134217728): 	Total Chunks: 0, Chunks in use: 0. 0B allocated for chunks. 0B in use in bin. 0B client-requested in use in bin.
2026-09-04 18:29:33.860856: I external/local_tsl/tsl/framework/bfc_allocator.cc:1051] Bin (268435456): 	Total Chunks: 3, Chunks in use: 1. 2.22GiB allocated for chunks. 1.68GiB in use in bin. 1.68GiB client-requested in use in bin.
2026-09-04 18:29:33.860872: I external/local_tsl/tsl/framework/bfc_allocator.cc:1067] Bin for 1.58GiB was 256.00MiB, Chunk State: 
2026-09-04 18:29:33.860886: I external/local_tsl/tsl/framework/bfc_allocator.cc:1073]   Size: 272.14MiB | Requested Size: 14.77MiB | in_use: 0 | bin_num: 20, prev:   Size: 4.00MiB | Requested Size: 4.00MiB | in_use: 1 | bin_num: -1, next:   Size: 2.00MiB | Requested Size: 2.00MiB | in_use: 1 | bin_num: -1
2026-09-04 18:29:33.860896: I external/local_tsl/tsl/framework/bfc_allocator.cc:1073]   Size: 282.19MiB | Requested Size: 0B | in_use: 0 | bin_num: 20, prev:   Size: 4.00MiB | Requested Size: 4.00MiB | in_use: 1 | bin_num: -1
2026-09-04 18:29:33.860903: I external/local_tsl/tsl/framework/bfc_allocator.cc:1080] Next region of size 2434793472
2026-09-04 18:29:33.860911: I external/local_tsl/tsl/framework/bfc_allocator.cc:1100] InUse at 7a329a000000 of size 1805844480 next 1
2026-09-04 18:29:33.860918: I external/local_tsl/tsl/framework/bfc_allocator.cc:1100] InUse at 7a3305a30000 of size 1280 next 2
2026-09-04 18:29:33.860925: I external/local_tsl/tsl/framework/bfc_allocator.cc:1100] InUse at 7a3305a30500 of size 4996864 next 3
2026-09-04 18:29:33.860936: I external/local_tsl/tsl/framework/bfc_allocator.cc:1100] InUse at 7a3305ef4400 of size 256 next 4
2026-09-04 18:29:33.860943: I external/local_tsl/tsl/framework/bfc_allocator.cc:1100] InUse at 7a3305ef4500 of size 256 next 5
2026-09-04 18:29:33.860948: I external/local_tsl/tsl/framework/bfc_allocator.cc:1100] InUse at 7a3305ef4600 of size 256 next 6
2026-09-04 18:29:33.860954: I external/local_tsl/tsl/framework/bfc_allocator.cc:1100] InUse at 7a3305ef4700 of size 256 next 7
2026-09-04 18:29:33.860959: I external/local_tsl/tsl/framework/bfc_allocator.cc:1100] InUse at 7a3305ef4800 of size 256 next 8
2026-09-04 18:29:33.860965: I external/local_tsl/tsl/framework/bfc_allocator.cc:1100] InUse at 7a3305ef4900 of size 7741440 next 9
2026-09-04 18:29:33.860972: I external/local_tsl/tsl/framework/bfc_allocator.cc:1100] InUse at 7a3306656900 of size 21504 next 10
2026-09-04 18:29:33.860978: I external/local_tsl/tsl/framework/bfc_allocator.cc:1100] InUse at 7a330665bd00 of size 256 next 11
2026-09-04 18:29:33.860984: I external/local_tsl/tsl/framework/bfc_allocator.cc:1100] InUse at 7a330665be00 of size 256 next 12
2026-09-04 18:29:33.860990: I external/local_tsl/tsl/framework/bfc_allocator.cc:1100] InUse at 7a330665bf00 of size 256 next 13
2026-09-04 18:29:33.860995: I external/local_tsl/tsl/framework/bfc_allocator.cc:1100] InUse at 7a330665c000 of size 256 next 14
2026-09-04 18:29:33.861001: I external/local_tsl/tsl/framework/bfc_allocator.cc:1100] InUse at 7a330665c100 of size 256 next 16
2026-09-04 18:29:33.861006: I external/local_tsl/tsl/framework/bfc_allocator.cc:1100] InUse at 7a330665c200 of size 256 next 17
2026-09-04 18:29:33.861012: I external/local_tsl/tsl/framework/bfc_allocator.cc:1100] InUse at 7a330665c300 of size 256 next 15
2026-09-04 18:29:33.861018: I external/local_tsl/tsl/framework/bfc_allocator.cc:1100] InUse at 7a330665c400 of size 256 next 18
2026-09-04 18:29:33.861023: I external/local_tsl/tsl/framework/bfc_allocator.cc:1100] InUse at 7a330665c500 of size 256 next 30
2026-09-04 18:29:33.861029: I external/local_tsl/tsl/framework/bfc_allocator.cc:1100] InUse at 7a330665c600 of size 256 next 28
2026-09-04 18:29:33.861034: I external/local_tsl/tsl/framework/bfc_allocator.cc:1100] InUse at 7a330665c700 of size 256 next 29
2026-09-04 18:29:33.861040: I external/local_tsl/tsl/framework/bfc_allocator.cc:1100] InUse at 7a330665c800 of size 256 next 33
2026-09-04 18:29:33.861045: I external/local_tsl/tsl/framework/bfc_allocator.cc:1100] InUse at 7a330665c900 of size 256 next 34
2026-09-04 18:29:33.861051: I external/local_tsl/tsl/framework/bfc_allocator.cc:1100] InUse at 7a330665ca00 of size 256 next 37
2026-09-04 18:29:33.861056: I external/local_tsl/tsl/framework/bfc_allocator.cc:1100] InUse at 7a330665cb00 of size 256 next 35
2026-09-04 18:29:33.861062: I external/local_tsl/tsl/framework/bfc_allocator.cc:1100] InUse at 7a330665cc00 of size 256 next 36
2026-09-04 18:29:33.861067: I external/local_tsl/tsl/framework/bfc_allocator.cc:1100] InUse at 7a330665cd00 of size 256 next 19
2026-09-04 18:29:33.861073: I external/local_tsl/tsl/framework/bfc_allocator.cc:1100] InUse at 7a330665ce00 of size 256 next 161
2026-09-04 18:29:33.861079: I external/local_tsl/tsl/framework/bfc_allocator.cc:1100] InUse at 7a330665cf00 of size 256 next 20
2026-09-04 18:29:33.861085: I external/local_tsl/tsl/framework/bfc_allocator.cc:1100] InUse at 7a330665d000 of size 256 next 22
2026-09-04 18:29:33.861091: I external/local_tsl/tsl/framework/bfc_allocator.cc:1100] InUse at 7a330665d100 of size 256 next 23
2026-09-04 18:29:33.861096: I external/local_tsl/tsl/framework/bfc_allocator.cc:1100] InUse at 7a330665d200 of size 256 next 25
2026-09-04 18:29:33.861102: I external/local_tsl/tsl/framework/bfc_allocator.cc:1100] InUse at 7a330665d300 of size 768 next 21
2026-09-04 18:29:33.861107: I external/local_tsl/tsl/framework/bfc_allocator.cc:1100] InUse at 7a330665d600 of size 256 next 24
2026-09-04 18:29:33.861113: I external/local_tsl/tsl/framework/bfc_allocator.cc:1100] InUse at 7a330665d700 of size 256 next 27
2026-09-04 18:29:33.861122: I external/local_tsl/tsl/framework/bfc_allocator.cc:1100] InUse at 7a330665d800 of size 512 next 26
2026-09-04 18:29:33.861128: I external/local_tsl/tsl/framework/bfc_allocator.cc:1100] InUse at 7a330665da00 of size 512 next 40
2026-09-04 18:29:33.861134: I external/local_tsl/tsl/framework/bfc_allocator.cc:1100] InUse at 7a330665dc00 of size 512 next 43
2026-09-04 18:29:33.861139: I external/local_tsl/tsl/framework/bfc_allocator.cc:1100] InUse at 7a330665de00 of size 512 next 38
2026-09-04 18:29:33.861145: I external/local_tsl/tsl/framework/bfc_allocator.cc:1100] InUse at 7a330665e000 of size 512 next 52
2026-09-04 18:29:33.861150: I external/local_tsl/tsl/framework/bfc_allocator.cc:1100] InUse at 7a330665e200 of size 512 next 41
2026-09-04 18:29:33.861156: I external/local_tsl/tsl/framework/bfc_allocator.cc:1100] InUse at 7a330665e400 of size 256 next 42
2026-09-04 18:29:33.861161: I external/local_tsl/tsl/framework/bfc_allocator.cc:1100] InUse at 7a330665e500 of size 256 next 46
2026-09-04 18:29:33.861167: I external/local_tsl/tsl/framework/bfc_allocator.cc:1100] InUse at 7a330665e600 of size 512 next 47
2026-09-04 18:29:33.861172: I external/local_tsl/tsl/framework/bfc_allocator.cc:1100] InUse at 7a330665e800 of size 512 next 50
2026-09-04 18:29:33.861178: I external/local_tsl/tsl/framework/bfc_allocator.cc:1100] InUse at 7a330665ea00 of size 512 next 48
2026-09-04 18:29:33.861183: I external/local_tsl/tsl/framework/bfc_allocator.cc:1100] InUse at 7a330665ec00 of size 256 next 49
2026-09-04 18:29:33.861189: I external/local_tsl/tsl/framework/bfc_allocator.cc:1100] InUse at 7a330665ed00 of size 512 next 53
2026-09-04 18:29:33.861194: I external/local_tsl/tsl/framework/bfc_allocator.cc:1100] InUse at 7a330665ef00 of size 256 next 39
2026-09-04 18:29:33.861200: I external/local_tsl/tsl/framework/bfc_allocator.cc:1100] InUse at 7a330665f000 of size 1024 next 61
2026-09-04 18:29:33.861207: I external/local_tsl/tsl/framework/bfc_allocator.cc:1100] InUse at 7a330665f400 of size 1024 next 68
2026-09-04 18:29:33.861214: I external/local_tsl/tsl/framework/bfc_allocator.cc:1100] InUse at 7a330665f800 of size 2304 next 65
2026-09-04 18:29:33.861220: I external/local_tsl/tsl/framework/bfc_allocator.cc:1100] InUse at 7a3306660100 of size 256 next 66
2026-09-04 18:29:33.861226: I external/local_tsl/tsl/framework/bfc_allocator.cc:1100] InUse at 7a3306660200 of size 256 next 69
2026-09-04 18:29:33.861231: I external/local_tsl/tsl/framework/bfc_allocator.cc:1100] InUse at 7a3306660300 of size 1024 next 70
2026-09-04 18:29:33.861238: I external/local_tsl/tsl/framework/bfc_allocator.cc:1100] InUse at 7a3306660700 of size 1024 next 73
2026-09-04 18:29:33.861244: I external/local_tsl/tsl/framework/bfc_allocator.cc:1100] InUse at 7a3306660b00 of size 1024 next 71
2026-09-04 18:29:33.861251: I external/local_tsl/tsl/framework/bfc_allocator.cc:1100] InUse at 7a3306660f00 of size 256 next 72
2026-09-04 18:29:33.861256: I external/local_tsl/tsl/framework/bfc_allocator.cc:1100] InUse at 7a3306661000 of size 256 next 76
2026-09-04 18:29:33.861262: I external/local_tsl/tsl/framework/bfc_allocator.cc:1100] InUse at 7a3306661100 of size 1024 next 77
2026-09-04 18:29:33.861268: I external/local_tsl/tsl/framework/bfc_allocator.cc:1100] InUse at 7a3306661500 of size 1024 next 80
2026-09-04 18:29:33.861275: I external/local_tsl/tsl/framework/bfc_allocator.cc:1100] InUse at 7a3306661900 of size 1280 next 32
2026-09-04 18:29:33.861281: I external/local_tsl/tsl/framework/bfc_allocator.cc:1100] InUse at 7a3306661e00 of size 2304 next 163
2026-09-04 18:29:33.861288: I external/local_tsl/tsl/framework/bfc_allocator.cc:1100] InUse at 7a3306662700 of size 5888 next 31
2026-09-04 18:29:33.861295: I external/local_tsl/tsl/framework/bfc_allocator.cc:1100] InUse at 7a3306663e00 of size 4608 next 51
2026-09-04 18:29:33.861303: I external/local_tsl/tsl/framework/bfc_allocator.cc:1100] InUse at 7a3306665000 of size 512 next 58
2026-09-04 18:29:33.861308: I external/local_tsl/tsl/framework/bfc_allocator.cc:1100] InUse at 7a3306665200 of size 1024 next 54
2026-09-04 18:29:33.861318: I external/local_tsl/tsl/framework/bfc_allocator.cc:1100] InUse at 7a3306665600 of size 256 next 60
2026-09-04 18:29:33.861324: I external/local_tsl/tsl/framework/bfc_allocator.cc:1100] InUse at 7a3306665700 of size 256 next 63
2026-09-04 18:29:33.861329: I external/local_tsl/tsl/framework/bfc_allocator.cc:1100] InUse at 7a3306665800 of size 1024 next 64
2026-09-04 18:29:33.861336: I external/local_tsl/tsl/framework/bfc_allocator.cc:1100] InUse at 7a3306665c00 of size 2048 next 85
2026-09-04 18:29:33.861343: I external/local_tsl/tsl/framework/bfc_allocator.cc:1100] InUse at 7a3306666400 of size 2048 next 62
2026-09-04 18:29:33.861349: I external/local_tsl/tsl/framework/bfc_allocator.cc:1100] InUse at 7a3306666c00 of size 2048 next 124
2026-09-04 18:29:33.861356: I external/local_tsl/tsl/framework/bfc_allocator.cc:1100] Free  at 7a3306667400 of size 2304 next 88
2026-09-04 18:29:33.861362: I external/local_tsl/tsl/framework/bfc_allocator.cc:1100] InUse at 7a3306667d00 of size 256 next 89
2026-09-04 18:29:33.861368: I external/local_tsl/tsl/framework/bfc_allocator.cc:1100] InUse at 7a3306667e00 of size 256 next 92
2026-09-04 18:29:33.861373: I external/local_tsl/tsl/framework/bfc_allocator.cc:1100] InUse at 7a3306667f00 of size 2048 next 93
2026-09-04 18:29:33.861380: I external/local_tsl/tsl/framework/bfc_allocator.cc:1100] InUse at 7a3306668700 of size 2048 next 96
2026-09-04 18:29:33.861386: I external/local_tsl/tsl/framework/bfc_allocator.cc:1100] InUse at 7a3306668f00 of size 2048 next 94
2026-09-04 18:29:33.861392: I external/local_tsl/tsl/framework/bfc_allocator.cc:1100] InUse at 7a3306669700 of size 256 next 95
2026-09-04 18:29:33.861398: I external/local_tsl/tsl/framework/bfc_allocator.cc:1100] InUse at 7a3306669800 of size 256 next 99
2026-09-04 18:29:33.861404: I external/local_tsl/tsl/framework/bfc_allocator.cc:1100] InUse at 7a3306669900 of size 2048 next 100
2026-09-04 18:29:33.861410: I external/local_tsl/tsl/framework/bfc_allocator.cc:1100] InUse at 7a330666a100 of size 2048 next 103
2026-09-04 18:29:33.861416: I external/local_tsl/tsl/framework/bfc_allocator.cc:1100] InUse at 7a330666a900 of size 2048 next 101
2026-09-04 18:29:33.861423: I external/local_tsl/tsl/framework/bfc_allocator.cc:1100] InUse at 7a330666b100 of size 3072 next 75
2026-09-04 18:29:33.861430: I external/local_tsl/tsl/framework/bfc_allocator.cc:1100] InUse at 7a330666bd00 of size 9216 next 74
2026-09-04 18:29:33.861437: I external/local_tsl/tsl/framework/bfc_allocator.cc:1100] InUse at 7a330666e100 of size 1024 next 79
2026-09-04 18:29:33.861443: I external/local_tsl/tsl/framework/bfc_allocator.cc:1100] InUse at 7a330666e500 of size 1024 next 83
2026-09-04 18:29:33.861449: I external/local_tsl/tsl/framework/bfc_allocator.cc:1100] InUse at 7a330666e900 of size 256 next 159
2026-09-04 18:29:33.861456: I external/local_tsl/tsl/framework/bfc_allocator.cc:1100] InUse at 7a330666ea00 of size 256 next 138
2026-09-04 18:29:33.861463: I external/local_tsl/tsl/framework/bfc_allocator.cc:1100] Free  at 7a330666eb00 of size 256 next 133
2026-09-04 18:29:33.861469: I external/local_tsl/tsl/framework/bfc_allocator.cc:1100] InUse at 7a330666ec00 of size 256 next 78
2026-09-04 18:29:33.861475: I external/local_tsl/tsl/framework/bfc_allocator.cc:1100] InUse at 7a330666ed00 of size 256 next 84
2026-09-04 18:29:33.861480: I external/local_tsl/tsl/framework/bfc_allocator.cc:1100] InUse at 7a330666ee00 of size 256 next 86
2026-09-04 18:29:33.861486: I external/local_tsl/tsl/framework/bfc_allocator.cc:1100] InUse at 7a330666ef00 of size 2048 next 87
2026-09-04 18:29:33.861492: I external/local_tsl/tsl/framework/bfc_allocator.cc:1100] InUse at 7a330666f700 of size 4096 next 146
2026-09-04 18:29:33.861499: I external/local_tsl/tsl/framework/bfc_allocator.cc:1100] InUse at 7a3306670700 of size 4096 next 160
2026-09-04 18:29:33.861506: I external/local_tsl/tsl/framework/bfc_allocator.cc:1100] InUse at 7a3306671700 of size 256 next 195
2026-09-04 18:29:33.861512: I external/local_tsl/tsl/framework/bfc_allocator.cc:1100] InUse at 7a3306671800 of size 256 next 204
2026-09-04 18:29:33.861522: I external/local_tsl/tsl/framework/bfc_allocator.cc:1100] InUse at 7a3306671900 of size 256 next 201
2026-09-04 18:29:33.861529: I external/local_tsl/tsl/framework/bfc_allocator.cc:1100] InUse at 7a3306671a00 of size 256 next 200
2026-09-04 18:29:33.861535: I external/local_tsl/tsl/framework/bfc_allocator.cc:1100] InUse at 7a3306671b00 of size 256 next 170
2026-09-04 18:29:33.861542: I external/local_tsl/tsl/framework/bfc_allocator.cc:1100] InUse at 7a3306671c00 of size 256 next 193
2026-09-04 18:29:33.861548: I external/local_tsl/tsl/framework/bfc_allocator.cc:1100] InUse at 7a3306671d00 of size 256 next 206
2026-09-04 18:29:33.861554: I external/local_tsl/tsl/framework/bfc_allocator.cc:1100] InUse at 7a3306671e00 of size 256 next 209
2026-09-04 18:29:33.861561: I external/local_tsl/tsl/framework/bfc_allocator.cc:1100] InUse at 7a3306671f00 of size 256 next 171
2026-09-04 18:29:33.861567: I external/local_tsl/tsl/framework/bfc_allocator.cc:1100] InUse at 7a3306672000 of size 256 next 172
2026-09-04 18:29:33.861574: I external/local_tsl/tsl/framework/bfc_allocator.cc:1100] InUse at 7a3306672100 of size 256 next 177
2026-09-04 18:29:33.861580: I external/local_tsl/tsl/framework/bfc_allocator.cc:1100] InUse at 7a3306672200 of size 256 next 208
2026-09-04 18:29:33.861587: I external/local_tsl/tsl/framework/bfc_allocator.cc:1100] InUse at 7a3306672300 of size 256 next 218
2026-09-04 18:29:33.861593: I external/local_tsl/tsl/framework/bfc_allocator.cc:1100] InUse at 7a3306672400 of size 256 next 211
2026-09-04 18:29:33.861599: I external/local_tsl/tsl/framework/bfc_allocator.cc:1100] InUse at 7a3306672500 of size 256 next 178
2026-09-04 18:29:33.861606: I external/local_tsl/tsl/framework/bfc_allocator.cc:1100] InUse at 7a3306672600 of size 256 next 221
2026-09-04 18:29:33.861612: I external/local_tsl/tsl/framework/bfc_allocator.cc:1100] InUse at 7a3306672700 of size 256 next 173
2026-09-04 18:29:33.861619: I external/local_tsl/tsl/framework/bfc_allocator.cc:1100] InUse at 7a3306672800 of size 256 next 219
2026-09-04 18:29:33.861625: I external/local_tsl/tsl/framework/bfc_allocator.cc:1100] InUse at 7a3306672900 of size 256 next 174
2026-09-04 18:29:33.861632: I external/local_tsl/tsl/framework/bfc_allocator.cc:1100] InUse at 7a3306672a00 of size 256 next 220
2026-09-04 18:29:33.861638: I external/local_tsl/tsl/framework/bfc_allocator.cc:1100] InUse at 7a3306672b00 of size 256 next 199
2026-09-04 18:29:33.861645: I external/local_tsl/tsl/framework/bfc_allocator.cc:1100] InUse at 7a3306672c00 of size 256 next 216
2026-09-04 18:29:33.861651: I external/local_tsl/tsl/framework/bfc_allocator.cc:1100] InUse at 7a3306672d00 of size 256 next 213
2026-09-04 18:29:33.861658: I external/local_tsl/tsl/framework/bfc_allocator.cc:1100] InUse at 7a3306672e00 of size 256 next 215
2026-09-04 18:29:33.861664: I external/local_tsl/tsl/framework/bfc_allocator.cc:1100] Free  at 7a3306672f00 of size 256 next 198
2026-09-04 18:29:33.861670: I external/local_tsl/tsl/framework/bfc_allocator.cc:1100] InUse at 7a3306673000 of size 256 next 224
2026-09-04 18:29:33.861677: I external/local_tsl/tsl/framework/bfc_allocator.cc:1100] Free  at 7a3306673100 of size 512 next 197
2026-09-04 18:29:33.861683: I external/local_tsl/tsl/framework/bfc_allocator.cc:1100] InUse at 7a3306673300 of size 256 next 231
2026-09-04 18:29:33.861690: I external/local_tsl/tsl/framework/bfc_allocator.cc:1100] InUse at 7a3306673400 of size 256 next 235
2026-09-04 18:29:33.861696: I external/local_tsl/tsl/framework/bfc_allocator.cc:1100] InUse at 7a3306673500 of size 256 next 229
2026-09-04 18:29:33.861703: I external/local_tsl/tsl/framework/bfc_allocator.cc:1100] InUse at 7a3306673600 of size 256 next 244
2026-09-04 18:29:33.861709: I external/local_tsl/tsl/framework/bfc_allocator.cc:1100] InUse at 7a3306673700 of size 256 next 241
2026-09-04 18:29:33.861715: I external/local_tsl/tsl/framework/bfc_allocator.cc:1100] Free  at 7a3306673800 of size 256 next 210
2026-09-04 18:29:33.861725: I external/local_tsl/tsl/framework/bfc_allocator.cc:1100] InUse at 7a3306673900 of size 256 next 214
2026-09-04 18:29:33.861732: I external/local_tsl/tsl/framework/bfc_allocator.cc:1100] Free  at 7a3306673a00 of size 256 next 227
2026-09-04 18:29:33.861738: I external/local_tsl/tsl/framework/bfc_allocator.cc:1100] InUse at 7a3306673b00 of size 256 next 228
2026-09-04 18:29:33.861745: I external/local_tsl/tsl/framework/bfc_allocator.cc:1100] InUse at 7a3306673c00 of size 256 next 237
2026-09-04 18:29:33.861751: I external/local_tsl/tsl/framework/bfc_allocator.cc:1100] InUse at 7a3306673d00 of size 256 next 45
2026-09-04 18:29:33.861757: I external/local_tsl/tsl/framework/bfc_allocator.cc:1100] InUse at 7a3306673e00 of size 9216 next 55
2026-09-04 18:29:33.861763: I external/local_tsl/tsl/framework/bfc_allocator.cc:1100] InUse at 7a3306676200 of size 23552 next 44
2026-09-04 18:29:33.861770: I external/local_tsl/tsl/framework/bfc_allocator.cc:1100] InUse at 7a330667be00 of size 2048 next 106
2026-09-04 18:29:33.861776: I external/local_tsl/tsl/framework/bfc_allocator.cc:1100] InUse at 7a330667c600 of size 2048 next 107
2026-09-04 18:29:33.861783: I external/local_tsl/tsl/framework/bfc_allocator.cc:1100] InUse at 7a330667ce00 of size 2048 next 102
2026-09-04 18:29:33.861789: I external/local_tsl/tsl/framework/bfc_allocator.cc:1100] InUse at 7a330667d600 of size 2048 next 110
2026-09-04 18:29:33.861796: I external/local_tsl/tsl/framework/bfc_allocator.cc:1100] InUse at 7a330667de00 of size 2048 next 111
2026-09-04 18:29:33.861802: I external/local_tsl/tsl/framework/bfc_allocator.cc:1100] InUse at 7a330667e600 of size 256 next 151
2026-09-04 18:29:33.861809: I external/local_tsl/tsl/framework/bfc_allocator.cc:1100] InUse at 7a330667e700 of size 256 next 154
2026-09-04 18:29:33.861815: I external/local_tsl/tsl/framework/bfc_allocator.cc:1100] InUse at 7a330667e800 of size 4096 next 155
2026-09-04 18:29:33.861826: I external/local_tsl/tsl/framework/bfc_allocator.cc:1100] Free  at 7a330667f800 of size 4096 next 158
2026-09-04 18:29:33.861836: I external/local_tsl/tsl/framework/bfc_allocator.cc:1100] InUse at 7a3306680800 of size 256 next 137
2026-09-04 18:29:33.861843: I external/local_tsl/tsl/framework/bfc_allocator.cc:1100] InUse at 7a3306680900 of size 256 next 139
2026-09-04 18:29:33.861849: I external/local_tsl/tsl/framework/bfc_allocator.cc:1100] InUse at 7a3306680a00 of size 256 next 238
2026-09-04 18:29:33.861855: I external/local_tsl/tsl/framework/bfc_allocator.cc:1100] InUse at 7a3306680b00 of size 256 next 167
2026-09-04 18:29:33.861862: I external/local_tsl/tsl/framework/bfc_allocator.cc:1100] InUse at 7a3306680c00 of size 256 next 168
2026-09-04 18:29:33.861868: I external/local_tsl/tsl/framework/bfc_allocator.cc:1100] InUse at 7a3306680d00 of size 256 next 176
2026-09-04 18:29:33.861874: I external/local_tsl/tsl/framework/bfc_allocator.cc:1100] InUse at 7a3306680e00 of size 256 next 196
2026-09-04 18:29:33.861881: I external/local_tsl/tsl/framework/bfc_allocator.cc:1100] InUse at 7a3306680f00 of size 256 next 203
2026-09-04 18:29:33.861887: I external/local_tsl/tsl/framework/bfc_allocator.cc:1100] InUse at 7a3306681000 of size 256 next 169
2026-09-04 18:29:33.861894: I external/local_tsl/tsl/framework/bfc_allocator.cc:1100] InUse at 7a3306681100 of size 256 next 181
2026-09-04 18:29:33.861900: I external/local_tsl/tsl/framework/bfc_allocator.cc:1100] InUse at 7a3306681200 of size 256 next 191
2026-09-04 18:29:33.861907: I external/local_tsl/tsl/framework/bfc_allocator.cc:1100] InUse at 7a3306681300 of size 256 next 192
2026-09-04 18:29:33.861913: I external/local_tsl/tsl/framework/bfc_allocator.cc:1100] InUse at 7a3306681400 of size 256 next 179
2026-09-04 18:29:33.861920: I external/local_tsl/tsl/framework/bfc_allocator.cc:1100] InUse at 7a3306681500 of size 256 next 194
2026-09-04 18:29:33.861926: I external/local_tsl/tsl/framework/bfc_allocator.cc:1100] InUse at 7a3306681600 of size 256 next 175
2026-09-04 18:29:33.861932: I external/local_tsl/tsl/framework/bfc_allocator.cc:1100] InUse at 7a3306681700 of size 256 next 156
2026-09-04 18:29:33.861942: I external/local_tsl/tsl/framework/bfc_allocator.cc:1100] InUse at 7a3306681800 of size 1280 next 157
2026-09-04 18:29:33.861949: I external/local_tsl/tsl/framework/bfc_allocator.cc:1100] InUse at 7a3306681d00 of size 1280 next 162
2026-09-04 18:29:33.861956: I external/local_tsl/tsl/framework/bfc_allocator.cc:1100] InUse at 7a3306682200 of size 11264 next 98
2026-09-04 18:29:33.861963: I external/local_tsl/tsl/framework/bfc_allocator.cc:1100] InUse at 7a3306684e00 of size 18432 next 97
2026-09-04 18:29:33.861969: I external/local_tsl/tsl/framework/bfc_allocator.cc:1100] InUse at 7a3306689600 of size 18432 next 109
2026-09-04 18:29:33.861976: I external/local_tsl/tsl/framework/bfc_allocator.cc:1100] InUse at 7a330668de00 of size 2048 next 113
2026-09-04 18:29:33.861982: I external/local_tsl/tsl/framework/bfc_allocator.cc:1100] InUse at 7a330668e600 of size 2048 next 114
2026-09-04 18:29:33.861988: I external/local_tsl/tsl/framework/bfc_allocator.cc:1100] InUse at 7a330668ee00 of size 2048 next 108
2026-09-04 18:29:33.861995: I external/local_tsl/tsl/framework/bfc_allocator.cc:1100] InUse at 7a330668f600 of size 2048 next 118
2026-09-04 18:29:33.862001: I external/local_tsl/tsl/framework/bfc_allocator.cc:1100] InUse at 7a330668fe00 of size 2048 next 119
2026-09-04 18:29:33.862007: I external/local_tsl/tsl/framework/bfc_allocator.cc:1100] InUse at 7a3306690600 of size 2048 next 120
2026-09-04 18:29:33.862013: I external/local_tsl/tsl/framework/bfc_allocator.cc:1100] InUse at 7a3306690e00 of size 2048 next 122
2026-09-04 18:29:33.862020: I external/local_tsl/tsl/framework/bfc_allocator.cc:1100] InUse at 7a3306691600 of size 2048 next 123
2026-09-04 18:29:33.862026: I external/local_tsl/tsl/framework/bfc_allocator.cc:1100] InUse at 7a3306691e00 of size 2304 next 116
2026-09-04 18:29:33.862032: I external/local_tsl/tsl/framework/bfc_allocator.cc:1100] InUse at 7a3306692700 of size 18432 next 117
2026-09-04 18:29:33.862039: I external/local_tsl/tsl/framework/bfc_allocator.cc:1100] InUse at 7a3306696f00 of size 2048 next 125
2026-09-04 18:29:33.862045: I external/local_tsl/tsl/framework/bfc_allocator.cc:1100] InUse at 7a3306697700 of size 2048 next 126
2026-09-04 18:29:33.862051: I external/local_tsl/tsl/framework/bfc_allocator.cc:1100] InUse at 7a3306697f00 of size 2048 next 127
2026-09-04 18:29:33.862058: I external/local_tsl/tsl/framework/bfc_allocator.cc:1100] InUse at 7a3306698700 of size 2048 next 129
2026-09-04 18:29:33.862065: I external/local_tsl/tsl/framework/bfc_allocator.cc:1100] InUse at 7a3306698f00 of size 2048 next 130
2026-09-04 18:29:33.862071: I external/local_tsl/tsl/framework/bfc_allocator.cc:1100] InUse at 7a3306699700 of size 2048 next 115
2026-09-04 18:29:33.862077: I external/local_tsl/tsl/framework/bfc_allocator.cc:1100] InUse at 7a3306699f00 of size 2048 next 134
2026-09-04 18:29:33.862084: I external/local_tsl/tsl/framework/bfc_allocator.cc:1100] InUse at 7a330669a700 of size 2048 next 135
2026-09-04 18:29:33.862090: I external/local_tsl/tsl/framework/bfc_allocator.cc:1100] InUse at 7a330669af00 of size 3840 next 57
2026-09-04 18:29:33.862097: I external/local_tsl/tsl/framework/bfc_allocator.cc:1100] InUse at 7a330669be00 of size 18432 next 56
2026-09-04 18:29:33.862104: I external/local_tsl/tsl/framework/bfc_allocator.cc:1100] InUse at 7a33066a0600 of size 71680 next 136
2026-09-04 18:29:33.862110: I external/local_tsl/tsl/framework/bfc_allocator.cc:1100] InUse at 7a33066b1e00 of size 256 next 141
2026-09-04 18:29:33.862117: I external/local_tsl/tsl/framework/bfc_allocator.cc:1100] InUse at 7a33066b1f00 of size 256 next 142
2026-09-04 18:29:33.862123: I external/local_tsl/tsl/framework/bfc_allocator.cc:1100] InUse at 7a33066b2000 of size 4096 next 143
2026-09-04 18:29:33.862130: I external/local_tsl/tsl/framework/bfc_allocator.cc:1100] InUse at 7a33066b3000 of size 7680 next 132
2026-09-04 18:29:33.862137: I external/local_tsl/tsl/framework/bfc_allocator.cc:1100] InUse at 7a33066b4e00 of size 2048 next 347
2026-09-04 18:29:33.862143: I external/local_tsl/tsl/framework/bfc_allocator.cc:1100] InUse at 7a33066b5600 of size 4096 next 343
2026-09-04 18:29:33.862153: I external/local_tsl/tsl/framework/bfc_allocator.cc:1100] InUse at 7a33066b6600 of size 4096 next 131
2026-09-04 18:29:33.862160: I external/local_tsl/tsl/framework/bfc_allocator.cc:1100] Free  at 7a33066b7600 of size 12288 next 144
2026-09-04 18:29:33.862166: I external/local_tsl/tsl/framework/bfc_allocator.cc:1100] InUse at 7a33066ba600 of size 256 next 145
2026-09-04 18:29:33.862173: I external/local_tsl/tsl/framework/bfc_allocator.cc:1100] InUse at 7a33066ba700 of size 256 next 148
2026-09-04 18:29:33.862179: I external/local_tsl/tsl/framework/bfc_allocator.cc:1100] InUse at 7a33066ba800 of size 4096 next 149
2026-09-04 18:29:33.862186: I external/local_tsl/tsl/framework/bfc_allocator.cc:1100] InUse at 7a33066bb800 of size 4096 next 150
2026-09-04 18:29:33.862192: I external/local_tsl/tsl/framework/bfc_allocator.cc:1100] InUse at 7a33066bc800 of size 256 next 301
2026-09-04 18:29:33.862199: I external/local_tsl/tsl/framework/bfc_allocator.cc:1100] InUse at 7a33066bc900 of size 256 next 314
2026-09-04 18:29:33.862205: I external/local_tsl/tsl/framework/bfc_allocator.cc:1100] InUse at 7a33066bca00 of size 256 next 285
2026-09-04 18:29:33.862211: I external/local_tsl/tsl/framework/bfc_allocator.cc:1100] InUse at 7a33066bcb00 of size 256 next 307
2026-09-04 18:29:33.862218: I external/local_tsl/tsl/framework/bfc_allocator.cc:1100] InUse at 7a33066bcc00 of size 256 next 277
2026-09-04 18:29:33.862224: I external/local_tsl/tsl/framework/bfc_allocator.cc:1100] InUse at 7a33066bcd00 of size 256 next 315
2026-09-04 18:29:33.862231: I external/local_tsl/tsl/framework/bfc_allocator.cc:1100] InUse at 7a33066bce00 of size 256 next 313
2026-09-04 18:29:33.862237: I external/local_tsl/tsl/framework/bfc_allocator.cc:1100] InUse at 7a33066bcf00 of size 256 next 284
2026-09-04 18:29:33.862243: I external/local_tsl/tsl/framework/bfc_allocator.cc:1100] InUse at 7a33066bd000 of size 256 next 312
2026-09-04 18:29:33.862249: I external/local_tsl/tsl/framework/bfc_allocator.cc:1100] InUse at 7a33066bd100 of size 256 next 303
2026-09-04 18:29:33.862256: I external/local_tsl/tsl/framework/bfc_allocator.cc:1100] InUse at 7a33066bd200 of size 256 next 300
2026-09-04 18:29:33.862262: I external/local_tsl/tsl/framework/bfc_allocator.cc:1100] InUse at 7a33066bd300 of size 256 next 311
2026-09-04 18:29:33.862268: I external/local_tsl/tsl/framework/bfc_allocator.cc:1100] InUse at 7a33066bd400 of size 256 next 306
2026-09-04 18:29:33.862275: I external/local_tsl/tsl/framework/bfc_allocator.cc:1100] InUse at 7a33066bd500 of size 256 next 316
2026-09-04 18:29:33.862281: I external/local_tsl/tsl/framework/bfc_allocator.cc:1100] InUse at 7a33066bd600 of size 256 next 324
2026-09-04 18:29:33.862288: I external/local_tsl/tsl/framework/bfc_allocator.cc:1100] InUse at 7a33066bd700 of size 256 next 319
2026-09-04 18:29:33.862294: I external/local_tsl/tsl/framework/bfc_allocator.cc:1100] InUse at 7a33066bd800 of size 256 next 321
2026-09-04 18:29:33.862300: I external/local_tsl/tsl/framework/bfc_allocator.cc:1100] InUse at 7a33066bd900 of size 256 next 299
2026-09-04 18:29:33.862307: I external/local_tsl/tsl/framework/bfc_allocator.cc:1100] InUse at 7a33066bda00 of size 256 next 323
2026-09-04 18:29:33.862313: I external/local_tsl/tsl/framework/bfc_allocator.cc:1100] InUse at 7a33066bdb00 of size 256 next 325
2026-09-04 18:29:33.862320: I external/local_tsl/tsl/framework/bfc_allocator.cc:1100] InUse at 7a33066bdc00 of size 256 next 330
2026-09-04 18:29:33.862326: I external/local_tsl/tsl/framework/bfc_allocator.cc:1100] InUse at 7a33066bdd00 of size 256 next 322
2026-09-04 18:29:33.862332: I external/local_tsl/tsl/framework/bfc_allocator.cc:1100] InUse at 7a33066bde00 of size 256 next 320
2026-09-04 18:29:33.862339: I external/local_tsl/tsl/framework/bfc_allocator.cc:1100] InUse at 7a33066bdf00 of size 256 next 326
2026-09-04 18:29:33.862345: I external/local_tsl/tsl/framework/bfc_allocator.cc:1100] InUse at 7a33066be000 of size 256 next 334
2026-09-04 18:29:33.862355: I external/local_tsl/tsl/framework/bfc_allocator.cc:1100] InUse at 7a33066be100 of size 256 next 328
2026-09-04 18:29:33.862362: I external/local_tsl/tsl/framework/bfc_allocator.cc:1100] InUse at 7a33066be200 of size 256 next 327
2026-09-04 18:29:33.862368: I external/local_tsl/tsl/framework/bfc_allocator.cc:1100] InUse at 7a33066be300 of size 256 next 336
2026-09-04 18:29:33.862374: I external/local_tsl/tsl/framework/bfc_allocator.cc:1100] InUse at 7a33066be400 of size 256 next 329
2026-09-04 18:29:33.862381: I external/local_tsl/tsl/framework/bfc_allocator.cc:1100] InUse at 7a33066be500 of size 256 next 331
2026-09-04 18:29:33.862387: I external/local_tsl/tsl/framework/bfc_allocator.cc:1100] InUse at 7a33066be600 of size 256 next 333
2026-09-04 18:29:33.862394: I external/local_tsl/tsl/framework/bfc_allocator.cc:1100] InUse at 7a33066be700 of size 22016 next 341
2026-09-04 18:29:33.862400: I external/local_tsl/tsl/framework/bfc_allocator.cc:1100] InUse at 7a33066c3d00 of size 256 next 332
2026-09-04 18:29:33.862407: I external/local_tsl/tsl/framework/bfc_allocator.cc:1100] InUse at 7a33066c3e00 of size 256 next 340
2026-09-04 18:29:33.862413: I external/local_tsl/tsl/framework/bfc_allocator.cc:1100] InUse at 7a33066c3f00 of size 256 next 339
2026-09-04 18:29:33.862419: I external/local_tsl/tsl/framework/bfc_allocator.cc:1100] InUse at 7a33066c4000 of size 256 next 335
2026-09-04 18:29:33.862426: I external/local_tsl/tsl/framework/bfc_allocator.cc:1100] InUse at 7a33066c4100 of size 36864 next 342
2026-09-04 18:29:33.862432: I external/local_tsl/tsl/framework/bfc_allocator.cc:1100] Free  at 7a33066cd100 of size 126208 next 67
2026-09-04 18:29:33.862439: I external/local_tsl/tsl/framework/bfc_allocator.cc:1100] InUse at 7a33066ebe00 of size 36864 next 153
2026-09-04 18:29:33.862445: I external/local_tsl/tsl/framework/bfc_allocator.cc:1100] InUse at 7a33066f4e00 of size 256 next 212
2026-09-04 18:29:33.862452: I external/local_tsl/tsl/framework/bfc_allocator.cc:1100] InUse at 7a33066f4f00 of size 256 next 234
2026-09-04 18:29:33.862458: I external/local_tsl/tsl/framework/bfc_allocator.cc:1100] InUse at 7a33066f5000 of size 256 next 223
2026-09-04 18:29:33.862465: I external/local_tsl/tsl/framework/bfc_allocator.cc:1100] InUse at 7a33066f5100 of size 256 next 246
2026-09-04 18:29:33.862471: I external/local_tsl/tsl/framework/bfc_allocator.cc:1100] InUse at 7a33066f5200 of size 256 next 249
2026-09-04 18:29:33.862478: I external/local_tsl/tsl/framework/bfc_allocator.cc:1100] InUse at 7a33066f5300 of size 256 next 205
2026-09-04 18:29:33.862484: I external/local_tsl/tsl/framework/bfc_allocator.cc:1100] InUse at 7a33066f5400 of size 256 next 242
2026-09-04 18:29:33.862491: I external/local_tsl/tsl/framework/bfc_allocator.cc:1100] InUse at 7a33066f5500 of size 256 next 225
2026-09-04 18:29:33.862497: I external/local_tsl/tsl/framework/bfc_allocator.cc:1100] InUse at 7a33066f5600 of size 256 next 240
2026-09-04 18:29:33.862504: I external/local_tsl/tsl/framework/bfc_allocator.cc:1100] InUse at 7a33066f5700 of size 256 next 233
2026-09-04 18:29:33.862510: I external/local_tsl/tsl/framework/bfc_allocator.cc:1100] InUse at 7a33066f5800 of size 256 next 253
2026-09-04 18:29:33.862517: I external/local_tsl/tsl/framework/bfc_allocator.cc:1100] InUse at 7a33066f5900 of size 256 next 243
2026-09-04 18:29:33.862523: I external/local_tsl/tsl/framework/bfc_allocator.cc:1100] InUse at 7a33066f5a00 of size 256 next 232
2026-09-04 18:29:33.862529: I external/local_tsl/tsl/framework/bfc_allocator.cc:1100] InUse at 7a33066f5b00 of size 256 next 245
2026-09-04 18:29:33.862536: I external/local_tsl/tsl/framework/bfc_allocator.cc:1100] InUse at 7a33066f5c00 of size 256 next 207
2026-09-04 18:29:33.862542: I external/local_tsl/tsl/framework/bfc_allocator.cc:1100] InUse at 7a33066f5d00 of size 256 next 258
2026-09-04 18:29:33.862549: I external/local_tsl/tsl/framework/bfc_allocator.cc:1100] InUse at 7a33066f5e00 of size 256 next 259
2026-09-04 18:29:33.862555: I external/local_tsl/tsl/framework/bfc_allocator.cc:1100] InUse at 7a33066f5f00 of size 256 next 247
2026-09-04 18:29:33.862566: I external/local_tsl/tsl/framework/bfc_allocator.cc:1100] InUse at 7a33066f6000 of size 256 next 239
2026-09-04 18:29:33.862573: I external/local_tsl/tsl/framework/bfc_allocator.cc:1100] InUse at 7a33066f6100 of size 256 next 250
2026-09-04 18:29:33.862579: I external/local_tsl/tsl/framework/bfc_allocator.cc:1100] InUse at 7a33066f6200 of size 256 next 255
2026-09-04 18:29:33.862586: I external/local_tsl/tsl/framework/bfc_allocator.cc:1100] InUse at 7a33066f6300 of size 256 next 248
2026-09-04 18:29:33.862592: I external/local_tsl/tsl/framework/bfc_allocator.cc:1100] InUse at 7a33066f6400 of size 256 next 254
2026-09-04 18:29:33.862598: I external/local_tsl/tsl/framework/bfc_allocator.cc:1100] InUse at 7a33066f6500 of size 256 next 217
2026-09-04 18:29:33.862605: I external/local_tsl/tsl/framework/bfc_allocator.cc:1100] InUse at 7a33066f6600 of size 256 next 261
2026-09-04 18:29:33.862611: I external/local_tsl/tsl/framework/bfc_allocator.cc:1100] InUse at 7a33066f6700 of size 256 next 251
2026-09-04 18:29:33.862618: I external/local_tsl/tsl/framework/bfc_allocator.cc:1100] InUse at 7a33066f6800 of size 256 next 257
2026-09-04 18:29:33.862624: I external/local_tsl/tsl/framework/bfc_allocator.cc:1100] InUse at 7a33066f6900 of size 256 next 270
2026-09-04 18:29:33.862630: I external/local_tsl/tsl/framework/bfc_allocator.cc:1100] InUse at 7a33066f6a00 of size 256 next 230
2026-09-04 18:29:33.862637: I external/local_tsl/tsl/framework/bfc_allocator.cc:1100] InUse at 7a33066f6b00 of size 256 next 266
2026-09-04 18:29:33.862643: I external/local_tsl/tsl/framework/bfc_allocator.cc:1100] InUse at 7a33066f6c00 of size 256 next 267
2026-09-04 18:29:33.862650: I external/local_tsl/tsl/framework/bfc_allocator.cc:1100] InUse at 7a33066f6d00 of size 256 next 256
2026-09-04 18:29:33.862656: I external/local_tsl/tsl/framework/bfc_allocator.cc:1100] InUse at 7a33066f6e00 of size 256 next 269
2026-09-04 18:29:33.862662: I external/local_tsl/tsl/framework/bfc_allocator.cc:1100] InUse at 7a33066f6f00 of size 256 next 271
2026-09-04 18:29:33.862669: I external/local_tsl/tsl/framework/bfc_allocator.cc:1100] InUse at 7a33066f7000 of size 256 next 272
2026-09-04 18:29:33.862675: I external/local_tsl/tsl/framework/bfc_allocator.cc:1100] InUse at 7a33066f7100 of size 256 next 236
2026-09-04 18:29:33.862681: I external/local_tsl/tsl/framework/bfc_allocator.cc:1100] InUse at 7a33066f7200 of size 256 next 263
2026-09-04 18:29:33.862688: I external/local_tsl/tsl/framework/bfc_allocator.cc:1100] InUse at 7a33066f7300 of size 256 next 262
2026-09-04 18:29:33.862694: I external/local_tsl/tsl/framework/bfc_allocator.cc:1100] InUse at 7a33066f7400 of size 256 next 252
2026-09-04 18:29:33.862701: I external/local_tsl/tsl/framework/bfc_allocator.cc:1100] InUse at 7a33066f7500 of size 256 next 279
2026-09-04 18:29:33.862707: I external/local_tsl/tsl/framework/bfc_allocator.cc:1100] InUse at 7a33066f7600 of size 256 next 275
2026-09-04 18:29:33.862714: I external/local_tsl/tsl/framework/bfc_allocator.cc:1100] InUse at 7a33066f7700 of size 256 next 260
2026-09-04 18:29:33.862720: I external/local_tsl/tsl/framework/bfc_allocator.cc:1100] InUse at 7a33066f7800 of size 256 next 287
2026-09-04 18:29:33.862726: I external/local_tsl/tsl/framework/bfc_allocator.cc:1100] InUse at 7a33066f7900 of size 256 next 288
2026-09-04 18:29:33.862733: I external/local_tsl/tsl/framework/bfc_allocator.cc:1100] InUse at 7a33066f7a00 of size 256 next 289
2026-09-04 18:29:33.862739: I external/local_tsl/tsl/framework/bfc_allocator.cc:1100] InUse at 7a33066f7b00 of size 256 next 280
2026-09-04 18:29:33.862746: I external/local_tsl/tsl/framework/bfc_allocator.cc:1100] InUse at 7a33066f7c00 of size 256 next 291
2026-09-04 18:29:33.862752: I external/local_tsl/tsl/framework/bfc_allocator.cc:1100] InUse at 7a33066f7d00 of size 256 next 292
2026-09-04 18:29:33.862758: I external/local_tsl/tsl/framework/bfc_allocator.cc:1100] InUse at 7a33066f7e00 of size 256 next 222
2026-09-04 18:29:33.862765: I external/local_tsl/tsl/framework/bfc_allocator.cc:1100] InUse at 7a33066f7f00 of size 256 next 278
2026-09-04 18:29:33.862774: I external/local_tsl/tsl/framework/bfc_allocator.cc:1100] InUse at 7a33066f8000 of size 256 next 290
2026-09-04 18:29:33.862781: I external/local_tsl/tsl/framework/bfc_allocator.cc:1100] InUse at 7a33066f8100 of size 256 next 282
2026-09-04 18:29:33.862788: I external/local_tsl/tsl/framework/bfc_allocator.cc:1100] InUse at 7a33066f8200 of size 256 next 281
2026-09-04 18:29:33.862794: I external/local_tsl/tsl/framework/bfc_allocator.cc:1100] InUse at 7a33066f8300 of size 256 next 265
2026-09-04 18:29:33.862801: I external/local_tsl/tsl/framework/bfc_allocator.cc:1100] InUse at 7a33066f8400 of size 256 next 264
2026-09-04 18:29:33.862807: I external/local_tsl/tsl/framework/bfc_allocator.cc:1100] InUse at 7a33066f8500 of size 256 next 283
2026-09-04 18:29:33.862814: I external/local_tsl/tsl/framework/bfc_allocator.cc:1100] InUse at 7a33066f8600 of size 256 next 226
2026-09-04 18:29:33.862820: I external/local_tsl/tsl/framework/bfc_allocator.cc:1100] InUse at 7a33066f8700 of size 256 next 276
2026-09-04 18:29:33.862833: I external/local_tsl/tsl/framework/bfc_allocator.cc:1100] InUse at 7a33066f8800 of size 256 next 294
2026-09-04 18:29:33.862840: I external/local_tsl/tsl/framework/bfc_allocator.cc:1100] InUse at 7a33066f8900 of size 256 next 302
2026-09-04 18:29:33.862846: I external/local_tsl/tsl/framework/bfc_allocator.cc:1100] InUse at 7a33066f8a00 of size 256 next 286
2026-09-04 18:29:33.862853: I external/local_tsl/tsl/framework/bfc_allocator.cc:1100] InUse at 7a33066f8b00 of size 256 next 296
2026-09-04 18:29:33.862859: I external/local_tsl/tsl/framework/bfc_allocator.cc:1100] InUse at 7a33066f8c00 of size 256 next 297
2026-09-04 18:29:33.862865: I external/local_tsl/tsl/framework/bfc_allocator.cc:1100] InUse at 7a33066f8d00 of size 256 next 309
2026-09-04 18:29:33.862872: I external/local_tsl/tsl/framework/bfc_allocator.cc:1100] InUse at 7a33066f8e00 of size 256 next 304
2026-09-04 18:29:33.862878: I external/local_tsl/tsl/framework/bfc_allocator.cc:1100] InUse at 7a33066f8f00 of size 256 next 310
2026-09-04 18:29:33.862884: I external/local_tsl/tsl/framework/bfc_allocator.cc:1100] InUse at 7a33066f9000 of size 256 next 295
2026-09-04 18:29:33.862891: I external/local_tsl/tsl/framework/bfc_allocator.cc:1100] InUse at 7a33066f9100 of size 256 next 317
2026-09-04 18:29:33.862897: I external/local_tsl/tsl/framework/bfc_allocator.cc:1100] InUse at 7a33066f9200 of size 256 next 293
2026-09-04 18:29:33.862903: I external/local_tsl/tsl/framework/bfc_allocator.cc:1100] InUse at 7a33066f9300 of size 256 next 305
2026-09-04 18:29:33.862910: I external/local_tsl/tsl/framework/bfc_allocator.cc:1100] InUse at 7a33066f9400 of size 256 next 273
2026-09-04 18:29:33.862916: I external/local_tsl/tsl/framework/bfc_allocator.cc:1100] InUse at 7a33066f9500 of size 256 next 166
2026-09-04 18:29:33.862923: I external/local_tsl/tsl/framework/bfc_allocator.cc:1100] InUse at 7a33066f9600 of size 18432 next 152
2026-09-04 18:29:33.862930: I external/local_tsl/tsl/framework/bfc_allocator.cc:1100] InUse at 7a33066fde00 of size 65536 next 164
2026-09-04 18:29:33.862937: I external/local_tsl/tsl/framework/bfc_allocator.cc:1100] InUse at 7a330670de00 of size 131072 next 59
2026-09-04 18:29:33.862944: I external/local_tsl/tsl/framework/bfc_allocator.cc:1100] Free  at 7a330672de00 of size 69632 next 91
2026-09-04 18:29:33.862950: I external/local_tsl/tsl/framework/bfc_allocator.cc:1100] InUse at 7a330673ee00 of size 18432 next 182
2026-09-04 18:29:33.862957: I external/local_tsl/tsl/framework/bfc_allocator.cc:1100] InUse at 7a3306743600 of size 36864 next 185
2026-09-04 18:29:33.862963: I external/local_tsl/tsl/framework/bfc_allocator.cc:1100] InUse at 7a330674c600 of size 36864 next 186
2026-09-04 18:29:33.862969: I external/local_tsl/tsl/framework/bfc_allocator.cc:1100] InUse at 7a3306755600 of size 69632 next 189
2026-09-04 18:29:33.862976: I external/local_tsl/tsl/framework/bfc_allocator.cc:1100] InUse at 7a3306766600 of size 69632 next 190
2026-09-04 18:29:33.862986: I external/local_tsl/tsl/framework/bfc_allocator.cc:1100] Free  at 7a3306777600 of size 215040 next 81
2026-09-04 18:29:33.862993: I external/local_tsl/tsl/framework/bfc_allocator.cc:1100] InUse at 7a33067abe00 of size 262144 next 165
2026-09-04 18:29:33.863000: I external/local_tsl/tsl/framework/bfc_allocator.cc:1100] Free  at 7a33067ebe00 of size 786432 next 90
2026-09-04 18:29:33.863006: I external/local_tsl/tsl/framework/bfc_allocator.cc:1100] InUse at 7a33068abe00 of size 524288 next 82
2026-09-04 18:29:33.863013: I external/local_tsl/tsl/framework/bfc_allocator.cc:1100] InUse at 7a330692be00 of size 1572864 next 105
2026-09-04 18:29:33.863020: I external/local_tsl/tsl/framework/bfc_allocator.cc:1100] InUse at 7a3306aabe00 of size 1048576 next 104
2026-09-04 18:29:33.863026: I external/local_tsl/tsl/framework/bfc_allocator.cc:1100] InUse at 7a3306babe00 of size 1048576 next 112
2026-09-04 18:29:33.863033: I external/local_tsl/tsl/framework/bfc_allocator.cc:1100] InUse at 7a3306cabe00 of size 1048576 next 121
2026-09-04 18:29:33.863039: I external/local_tsl/tsl/framework/bfc_allocator.cc:1100] InUse at 7a3306dabe00 of size 1048576 next 128
2026-09-04 18:29:33.863046: I external/local_tsl/tsl/framework/bfc_allocator.cc:1100] Free  at 7a3306eabe00 of size 7340032 next 140
2026-09-04 18:29:33.863052: I external/local_tsl/tsl/framework/bfc_allocator.cc:1100] InUse at 7a33075abe00 of size 2097152 next 349
2026-09-04 18:29:33.863059: I external/local_tsl/tsl/framework/bfc_allocator.cc:1100] InUse at 7a33077abe00 of size 4194304 next 338
2026-09-04 18:29:33.863066: I external/local_tsl/tsl/framework/bfc_allocator.cc:1100] Free  at 7a3307babe00 of size 285357824 next 180
2026-09-04 18:29:33.863072: I external/local_tsl/tsl/framework/bfc_allocator.cc:1100] InUse at 7a3318bcf500 of size 2097152 next 183
2026-09-04 18:29:33.863078: I external/local_tsl/tsl/framework/bfc_allocator.cc:1100] InUse at 7a3318dcf500 of size 2097152 next 184
2026-09-04 18:29:33.863085: I external/local_tsl/tsl/framework/bfc_allocator.cc:1100] InUse at 7a3318fcf500 of size 4194304 next 187
2026-09-04 18:29:33.863092: I external/local_tsl/tsl/framework/bfc_allocator.cc:1100] InUse at 7a33193cf500 of size 4194304 next 188
2026-09-04 18:29:33.863098: I external/local_tsl/tsl/framework/bfc_allocator.cc:1100] Free  at 7a33197cf500 of size 295897856 next 18446744073709551615
2026-09-04 18:29:33.863105: I external/local_tsl/tsl/framework/bfc_allocator.cc:1105]      Summary of in-use Chunks by size: 
2026-09-04 18:29:33.863113: I external/local_tsl/tsl/framework/bfc_allocator.cc:1108] 211 Chunks of size 256 totalling 52.8KiB
2026-09-04 18:29:33.863120: I external/local_tsl/tsl/framework/bfc_allocator.cc:1108] 11 Chunks of size 512 totalling 5.5KiB
2026-09-04 18:29:33.863126: I external/local_tsl/tsl/framework/bfc_allocator.cc:1108] 1 Chunks of size 768 totalling 768B
2026-09-04 18:29:33.863133: I external/local_tsl/tsl/framework/bfc_allocator.cc:1108] 11 Chunks of size 1024 totalling 11.0KiB
2026-09-04 18:29:33.863139: I external/local_tsl/tsl/framework/bfc_allocator.cc:1108] 4 Chunks of size 1280 totalling 5.0KiB
2026-09-04 18:29:33.863146: I external/local_tsl/tsl/framework/bfc_allocator.cc:1108] 32 Chunks of size 2048 totalling 64.0KiB
2026-09-04 18:29:33.863153: I external/local_tsl/tsl/framework/bfc_allocator.cc:1108] 3 Chunks of size 2304 totalling 6.8KiB
2026-09-04 18:29:33.863159: I external/local_tsl/tsl/framework/bfc_allocator.cc:1108] 1 Chunks of size 3072 totalling 3.0KiB
2026-09-04 18:29:33.863165: I external/local_tsl/tsl/framework/bfc_allocator.cc:1108] 1 Chunks of size 3840 totalling 3.8KiB
2026-09-04 18:29:33.863172: I external/local_tsl/tsl/framework/bfc_allocator.cc:1108] 8 Chunks of size 4096 totalling 32.0KiB
2026-09-04 18:29:33.863179: I external/local_tsl/tsl/framework/bfc_allocator.cc:1108] 1 Chunks of size 4608 totalling 4.5KiB
2026-09-04 18:29:33.863185: I external/local_tsl/tsl/framework/bfc_allocator.cc:1108] 1 Chunks of size 5888 totalling 5.8KiB
2026-09-04 18:29:33.863192: I external/local_tsl/tsl/framework/bfc_allocator.cc:1108] 1 Chunks of size 7680 totalling 7.5KiB
2026-09-04 18:29:33.863202: I external/local_tsl/tsl/framework/bfc_allocator.cc:1108] 2 Chunks of size 9216 totalling 18.0KiB
2026-09-04 18:29:33.863209: I external/local_tsl/tsl/framework/bfc_allocator.cc:1108] 1 Chunks of size 11264 totalling 11.0KiB
2026-09-04 18:29:33.863216: I external/local_tsl/tsl/framework/bfc_allocator.cc:1108] 6 Chunks of size 18432 totalling 108.0KiB
2026-09-04 18:29:33.863222: I external/local_tsl/tsl/framework/bfc_allocator.cc:1108] 1 Chunks of size 21504 totalling 21.0KiB
2026-09-04 18:29:33.863229: I external/local_tsl/tsl/framework/bfc_allocator.cc:1108] 1 Chunks of size 22016 totalling 21.5KiB
2026-09-04 18:29:33.863236: I external/local_tsl/tsl/framework/bfc_allocator.cc:1108] 1 Chunks of size 23552 totalling 23.0KiB
2026-09-04 18:29:33.863243: I external/local_tsl/tsl/framework/bfc_allocator.cc:1108] 4 Chunks of size 36864 totalling 144.0KiB
2026-09-04 18:29:33.863249: I external/local_tsl/tsl/framework/bfc_allocator.cc:1108] 1 Chunks of size 65536 totalling 64.0KiB
2026-09-04 18:29:33.863256: I external/local_tsl/tsl/framework/bfc_allocator.cc:1108] 2 Chunks of size 69632 totalling 136.0KiB
2026-09-04 18:29:33.863263: I external/local_tsl/tsl/framework/bfc_allocator.cc:1108] 1 Chunks of size 71680 totalling 70.0KiB
2026-09-04 18:29:33.863270: I external/local_tsl/tsl/framework/bfc_allocator.cc:1108] 1 Chunks of size 131072 totalling 128.0KiB
2026-09-04 18:29:33.863277: I external/local_tsl/tsl/framework/bfc_allocator.cc:1108] 1 Chunks of size 262144 totalling 256.0KiB
2026-09-04 18:29:33.863285: I external/local_tsl/tsl/framework/bfc_allocator.cc:1108] 1 Chunks of size 524288 totalling 512.0KiB
2026-09-04 18:29:33.863292: I external/local_tsl/tsl/framework/bfc_allocator.cc:1108] 4 Chunks of size 1048576 totalling 4.00MiB
2026-09-04 18:29:33.863300: I external/local_tsl/tsl/framework/bfc_allocator.cc:1108] 1 Chunks of size 1572864 totalling 1.50MiB
2026-09-04 18:29:33.863307: I external/local_tsl/tsl/framework/bfc_allocator.cc:1108] 3 Chunks of size 2097152 totalling 6.00MiB
2026-09-04 18:29:33.863315: I external/local_tsl/tsl/framework/bfc_allocator.cc:1108] 3 Chunks of size 4194304 totalling 12.00MiB
2026-09-04 18:29:33.863322: I external/local_tsl/tsl/framework/bfc_allocator.cc:1108] 1 Chunks of size 4996864 totalling 4.76MiB
2026-09-04 18:29:33.863330: I external/local_tsl/tsl/framework/bfc_allocator.cc:1108] 1 Chunks of size 7741440 totalling 7.38MiB
2026-09-04 18:29:33.863337: I external/local_tsl/tsl/framework/bfc_allocator.cc:1108] 1 Chunks of size 1805844480 totalling 1.68GiB
2026-09-04 18:29:33.863344: I external/local_tsl/tsl/framework/bfc_allocator.cc:1112] Sum Total of in-use chunks: 1.72GiB
2026-09-04 18:29:33.863350: I external/local_tsl/tsl/framework/bfc_allocator.cc:1114] Total bytes in pool: 2434793472 memory_limit_: 2434793472 available bytes: 0 curr_region_allocation_bytes_: 4869586944
2026-09-04 18:29:33.863360: I external/local_tsl/tsl/framework/bfc_allocator.cc:1119] Stats: 
Limit:                      2434793472
InUse:                      1844980224
MaxInUse:                   2137887744
NumAllocs:                       89036
MaxAllocSize:               1805844480
Reserved:                            0
PeakReserved:                        0
LargestFreeBlock:                    0

2026-09-04 18:29:33.863383: W external/local_tsl/tsl/framework/bfc_allocator.cc:499] ****************************************************************************___________*____________
Traceback (most recent call last):
  File "/home/luke/projects/buzzdetect-training/.local/worktrees/trunk-ft-restore-sens/03_train/main.py", line 52, in <module>
    train_set(
  File "/home/luke/projects/buzzdetect-training/.local/worktrees/trunk-ft-restore-sens/03_train/train.py", line 510, in train_set
    data = _load_data(setname, embeddername, folds_train, name_translation,
           ^^^^^^^^^^^^^^^^^^^^^^^^^^^^^^^^^^^^^^^^^^^^^^^^^^^^^^^^^^^^^^^^
  File "/home/luke/projects/buzzdetect-training/.local/worktrees/trunk-ft-restore-sens/03_train/train.py", line 141, in _load_data
    train_tf=_to_tf(data_train, size_batch, size_shuffle),
             ^^^^^^^^^^^^^^^^^^^^^^^^^^^^^^^^^^^^^^^^^^^^
  File "/home/luke/projects/buzzdetect-training/.local/worktrees/trunk-ft-restore-sens/03_train/train.py", line 69, in _to_tf
    ds = tf.data.Dataset.from_tensor_slices((emb_np, tgt_np))
         ^^^^^^^^^^^^^^^^^^^^^^^^^^^^^^^^^^^^^^^^^^^^^^^^^^^^
  File "/home/luke/anaconda3/envs/buzzdetect-train/lib/python3.12/site-packages/tensorflow/python/data/ops/dataset_ops.py", line 826, in from_tensor_slices
    return from_tensor_slices_op._from_tensor_slices(tensors, name)
           ^^^^^^^^^^^^^^^^^^^^^^^^^^^^^^^^^^^^^^^^^^^^^^^^^^^^^^^^
  File "/home/luke/anaconda3/envs/buzzdetect-train/lib/python3.12/site-packages/tensorflow/python/data/ops/from_tensor_slices_op.py", line 25, in _from_tensor_slices
    return _TensorSliceDataset(tensors, name=name)
           ^^^^^^^^^^^^^^^^^^^^^^^^^^^^^^^^^^^^^^^
  File "/home/luke/anaconda3/envs/buzzdetect-train/lib/python3.12/site-packages/tensorflow/python/data/ops/from_tensor_slices_op.py", line 33, in __init__
    element = structure.normalize_element(element)
              ^^^^^^^^^^^^^^^^^^^^^^^^^^^^^^^^^^^^
  File "/home/luke/anaconda3/envs/buzzdetect-train/lib/python3.12/site-packages/tensorflow/python/data/util/structure.py", line 134, in normalize_element
    ops.convert_to_tensor(t, name="component_%d" % i, dtype=dtype))
    ^^^^^^^^^^^^^^^^^^^^^^^^^^^^^^^^^^^^^^^^^^^^^^^^^^^^^^^^^^^^^^
  File "/home/luke/anaconda3/envs/buzzdetect-train/lib/python3.12/site-packages/tensorflow/python/profiler/trace.py", line 183, in wrapped
    return func(*args, **kwargs)
           ^^^^^^^^^^^^^^^^^^^^^
  File "/home/luke/anaconda3/envs/buzzdetect-train/lib/python3.12/site-packages/tensorflow/python/framework/ops.py", line 713, in convert_to_tensor
    return tensor_conversion_registry.convert(
           ^^^^^^^^^^^^^^^^^^^^^^^^^^^^^^^^^^^
  File "/home/luke/anaconda3/envs/buzzdetect-train/lib/python3.12/site-packages/tensorflow/python/framework/tensor_conversion_registry.py", line 234, in convert
    ret = conversion_func(value, dtype=dtype, name=name, as_ref=as_ref)
          ^^^^^^^^^^^^^^^^^^^^^^^^^^^^^^^^^^^^^^^^^^^^^^^^^^^^^^^^^^^^^
  File "/home/luke/anaconda3/envs/buzzdetect-train/lib/python3.12/site-packages/tensorflow/python/framework/constant_tensor_conversion.py", line 29, in _constant_tensor_conversion_function
    return constant_op.constant(v, dtype=dtype, name=name)
           ^^^^^^^^^^^^^^^^^^^^^^^^^^^^^^^^^^^^^^^^^^^^^^^
  File "/home/luke/anaconda3/envs/buzzdetect-train/lib/python3.12/site-packages/tensorflow/python/ops/weak_tensor_ops.py", line 142, in wrapper
    return op(*args, **kwargs)
           ^^^^^^^^^^^^^^^^^^^
  File "/home/luke/anaconda3/envs/buzzdetect-train/lib/python3.12/site-packages/tensorflow/python/framework/constant_op.py", line 276, in constant
    return _constant_impl(value, dtype, shape, name, verify_shape=False,
           ^^^^^^^^^^^^^^^^^^^^^^^^^^^^^^^^^^^^^^^^^^^^^^^^^^^^^^^^^^^^^
  File "/home/luke/anaconda3/envs/buzzdetect-train/lib/python3.12/site-packages/tensorflow/python/framework/constant_op.py", line 289, in _constant_impl
    return _constant_eager_impl(ctx, value, dtype, shape, verify_shape)
           ^^^^^^^^^^^^^^^^^^^^^^^^^^^^^^^^^^^^^^^^^^^^^^^^^^^^^^^^^^^^
  File "/home/luke/anaconda3/envs/buzzdetect-train/lib/python3.12/site-packages/tensorflow/python/framework/constant_op.py", line 301, in _constant_eager_impl
    t = convert_to_eager_tensor(value, ctx, dtype)
        ^^^^^^^^^^^^^^^^^^^^^^^^^^^^^^^^^^^^^^^^^^
  File "/home/luke/anaconda3/envs/buzzdetect-train/lib/python3.12/site-packages/tensorflow/python/framework/constant_op.py", line 108, in convert_to_eager_tensor
    return ops.EagerTensor(value, ctx.device_name, dtype)
           ^^^^^^^^^^^^^^^^^^^^^^^^^^^^^^^^^^^^^^^^^^^^^^
tensorflow.python.framework.errors_impl.InternalError: Failed copying input tensor from /job:localhost/replica:0/task:0/device:CPU:0 to /job:localhost/replica:0/task:0/device:GPU:0 in order to run _EagerConst: Dst tensor is not initialized.
=== attempt 7 exited rc=1 ===
=== attempt 8 2026-09-04_18:29:35 ===
2026-09-04 18:29:35.664469: E external/local_xla/xla/stream_executor/cuda/cuda_fft.cc:479] Unable to register cuFFT factory: Attempting to register factory for plugin cuFFT when one has already been registered
2026-09-04 18:29:35.688176: E external/local_xla/xla/stream_executor/cuda/cuda_dnn.cc:10575] Unable to register cuDNN factory: Attempting to register factory for plugin cuDNN when one has already been registered
2026-09-04 18:29:35.688236: E external/local_xla/xla/stream_executor/cuda/cuda_blas.cc:1442] Unable to register cuBLAS factory: Attempting to register factory for plugin cuBLAS when one has already been registered
2026-09-04 18:29:36.572113: W tensorflow/compiler/tf2tensorrt/utils/py_utils.cc:38] TF-TRT Warning: Could not find TensorRT
[trunk_ft_restore_sens] set medium, embedder yamnet_trunk, translation general: 11 rotating fold(s), 311 train-only, 0 holdout
[1/11] JamesU - MustardBumbler/1_29: already trained; skipping
[2/11] Lily - Fit+Fast/2023_R3_Marysville/53: already trained; skipping
[3/11] Lily Adam - One Hive/recorders/willard/2024-08-07/1_11: already trained; skipping
[4/11] Lily Adam - One Hive/recorders/wooster/2024-07-26/1_143: already trained; skipping
[5/11] Luke - Diel Drivers/2026-04-08/1_150: already trained; skipping
[6/11] Luke - Diel Drivers/2026-05-06/1_95: already trained; skipping
[7/11] Luke - Various Opportunistic Recordings/2025-06-23/1_23: already trained; skipping
/home/luke/projects/buzzdetect-training/.local/worktrees/trunk-ft-restore-sens/03_train/dataset.py:130: UserWarning: all 1 embedding file(s) under /home/luke/projects/buzzdetect-training/.local/worktrees/trunk-ft-restore-sens/02_set/sets/medium/embeddings/yamnet_trunk/raw/Luke - External Data Sources/InsectSound1000/Coccinella_septempunctata/2023419-16-19/000020 were dropped by the translation; raw label(s) present: ['EXCLUDE']
  warnings.warn(
/home/luke/projects/buzzdetect-training/.local/worktrees/trunk-ft-restore-sens/03_train/dataset.py:130: UserWarning: all 1 embedding file(s) under /home/luke/projects/buzzdetect-training/.local/worktrees/trunk-ft-restore-sens/02_set/sets/medium/embeddings/yamnet_trunk/raw/Luke - External Data Sources/InsectSound1000/Nezara_viridula/2022511-18-10/000018 were dropped by the translation; raw label(s) present: ['EXCLUDE']
  warnings.warn(
/home/luke/projects/buzzdetect-training/.local/worktrees/trunk-ft-restore-sens/03_train/dataset.py:130: UserWarning: all 2 embedding file(s) under /home/luke/projects/buzzdetect-training/.local/worktrees/trunk-ft-restore-sens/02_set/sets/medium/embeddings/yamnet_trunk/raw/Luke - External Data Sources/InsectSound1000/Nezara_viridula/2022511-18-10/000025 were dropped by the translation; raw label(s) present: ['EXCLUDE']
  warnings.warn(
/home/luke/projects/buzzdetect-training/.local/worktrees/trunk-ft-restore-sens/03_train/dataset.py:130: UserWarning: all 1 embedding file(s) under /home/luke/projects/buzzdetect-training/.local/worktrees/trunk-ft-restore-sens/02_set/sets/medium/embeddings/yamnet_trunk/raw/Luke - External Data Sources/InsectSound1000/Nezara_viridula/2022511-18-10/000032 were dropped by the translation; raw label(s) present: ['EXCLUDE']
  warnings.warn(
2026-09-04 18:29:45.979674: I external/local_xla/xla/stream_executor/cuda/cuda_executor.cc:998] successful NUMA node read from SysFS had negative value (-1), but there must be at least one NUMA node, so returning NUMA node zero. See more at https://github.com/torvalds/linux/blob/v6.0/Documentation/ABI/testing/sysfs-bus-pci#L344-L355
2026-09-04 18:29:46.018604: I external/local_xla/xla/stream_executor/cuda/cuda_executor.cc:998] successful NUMA node read from SysFS had negative value (-1), but there must be at least one NUMA node, so returning NUMA node zero. See more at https://github.com/torvalds/linux/blob/v6.0/Documentation/ABI/testing/sysfs-bus-pci#L344-L355
2026-09-04 18:29:46.021061: I external/local_xla/xla/stream_executor/cuda/cuda_executor.cc:998] successful NUMA node read from SysFS had negative value (-1), but there must be at least one NUMA node, so returning NUMA node zero. See more at https://github.com/torvalds/linux/blob/v6.0/Documentation/ABI/testing/sysfs-bus-pci#L344-L355
2026-09-04 18:29:46.023742: I external/local_xla/xla/stream_executor/cuda/cuda_executor.cc:998] successful NUMA node read from SysFS had negative value (-1), but there must be at least one NUMA node, so returning NUMA node zero. See more at https://github.com/torvalds/linux/blob/v6.0/Documentation/ABI/testing/sysfs-bus-pci#L344-L355
2026-09-04 18:29:46.025885: I external/local_xla/xla/stream_executor/cuda/cuda_executor.cc:998] successful NUMA node read from SysFS had negative value (-1), but there must be at least one NUMA node, so returning NUMA node zero. See more at https://github.com/torvalds/linux/blob/v6.0/Documentation/ABI/testing/sysfs-bus-pci#L344-L355
2026-09-04 18:29:46.027881: I external/local_xla/xla/stream_executor/cuda/cuda_executor.cc:998] successful NUMA node read from SysFS had negative value (-1), but there must be at least one NUMA node, so returning NUMA node zero. See more at https://github.com/torvalds/linux/blob/v6.0/Documentation/ABI/testing/sysfs-bus-pci#L344-L355
2026-09-04 18:29:46.187139: I external/local_xla/xla/stream_executor/cuda/cuda_executor.cc:998] successful NUMA node read from SysFS had negative value (-1), but there must be at least one NUMA node, so returning NUMA node zero. See more at https://github.com/torvalds/linux/blob/v6.0/Documentation/ABI/testing/sysfs-bus-pci#L344-L355
2026-09-04 18:29:46.188256: I external/local_xla/xla/stream_executor/cuda/cuda_executor.cc:998] successful NUMA node read from SysFS had negative value (-1), but there must be at least one NUMA node, so returning NUMA node zero. See more at https://github.com/torvalds/linux/blob/v6.0/Documentation/ABI/testing/sysfs-bus-pci#L344-L355
2026-09-04 18:29:46.189257: I external/local_xla/xla/stream_executor/cuda/cuda_executor.cc:998] successful NUMA node read from SysFS had negative value (-1), but there must be at least one NUMA node, so returning NUMA node zero. See more at https://github.com/torvalds/linux/blob/v6.0/Documentation/ABI/testing/sysfs-bus-pci#L344-L355
2026-09-04 18:29:46.190209: I tensorflow/core/common_runtime/gpu/gpu_device.cc:1928] Created device /job:localhost/replica:0/task:0/device:GPU:0 with 2322 MB memory:  -> device: 0, name: NVIDIA GeForce GTX 1650, pci bus id: 0000:01:00.0, compute capability: 7.5
2026-09-04 18:29:46.191459: W external/local_tsl/tsl/framework/cpu_allocator_impl.cc:83] Allocation of 1697710080 exceeds 10% of free system memory.
2026-09-04 18:29:47.505860: W external/local_tsl/tsl/framework/cpu_allocator_impl.cc:83] Allocation of 1697710080 exceeds 10% of free system memory.
[trunk_ft_restore_sens_foldLuke - Various Opportunistic Recordings/2025-07-03/1_37] training on 321 fold(s), 69080 frames; early stopping on Luke - Various Opportunistic Recordings/2025-07-03/1_37 (4715 frames)...
/home/luke/anaconda3/envs/buzzdetect-train/lib/python3.12/site-packages/keras/src/trainers/epoch_iterator.py:74: UserWarning: `shuffle=True` was passed, but will be ignored since the data `x` was provided as a tf.data.Dataset. The Dataset is expected to already be shuffled (via `.shuffle(buffer_size)`).
  self.data_adapter = data_adapters.get_data_adapter(
Epoch 1/400
2026-09-04 18:29:50.193745: W external/local_tsl/tsl/framework/cpu_allocator_impl.cc:83] Allocation of 1697710080 exceeds 10% of free system memory.
WARNING: All log messages before absl::InitializeLog() is called are written to STDERR
I0000 00:00:1788560992.353903 1349882 service.cc:145] XLA service 0x63ed4f8c2120 initialized for platform CUDA (this does not guarantee that XLA will be used). Devices:
I0000 00:00:1788560992.353976 1349882 service.cc:153]   StreamExecutor device (0): NVIDIA GeForce GTX 1650, Compute Capability 7.5
2026-09-04 18:29:52.475311: I tensorflow/compiler/mlir/tensorflow/utils/dump_mlir_util.cc:268] disabling MLIR crash reproducer, set env var `MLIR_CRASH_REPRODUCER_DIRECTORY` to enable.
2026-09-04 18:29:52.741146: I external/local_xla/xla/stream_executor/cuda/cuda_dnn.cc:465] Loaded cuDNN version 8907
2026-09-04 18:29:54.012845: W external/local_tsl/tsl/framework/bfc_allocator.cc:296] Allocator (GPU_0_bfc) ran out of memory trying to allocate 696.00MiB with freed_by_count=0. The caller indicates that this is not a failure, but this may mean that there could be performance gains if more memory were available.
2026-09-04 18:29:54.012919: W external/local_tsl/tsl/framework/bfc_allocator.cc:296] Allocator (GPU_0_bfc) ran out of memory trying to allocate 2.27GiB with freed_by_count=0. The caller indicates that this is not a failure, but this may mean that there could be performance gains if more memory were available.
2026-09-04 18:29:55.313244: W external/local_tsl/tsl/framework/bfc_allocator.cc:296] Allocator (GPU_0_bfc) ran out of memory trying to allocate 968.00MiB with freed_by_count=0. The caller indicates that this is not a failure, but this may mean that there could be performance gains if more memory were available.
2026-09-04 18:29:55.313313: W external/local_tsl/tsl/framework/bfc_allocator.cc:296] Allocator (GPU_0_bfc) ran out of memory trying to allocate 4.52GiB with freed_by_count=0. The caller indicates that this is not a failure, but this may mean that there could be performance gains if more memory were available.
2026-09-04 18:29:55.710885: W external/local_tsl/tsl/framework/bfc_allocator.cc:296] Allocator (GPU_0_bfc) ran out of memory trying to allocate 696.00MiB with freed_by_count=0. The caller indicates that this is not a failure, but this may mean that there could be performance gains if more memory were available.
2026-09-04 18:29:55.710948: W external/local_tsl/tsl/framework/bfc_allocator.cc:296] Allocator (GPU_0_bfc) ran out of memory trying to allocate 3.39GiB with freed_by_count=0. The caller indicates that this is not a failure, but this may mean that there could be performance gains if more memory were available.
2026-09-04 18:29:55.858233: W external/local_tsl/tsl/framework/bfc_allocator.cc:296] Allocator (GPU_0_bfc) ran out of memory trying to allocate 2.02GiB with freed_by_count=0. The caller indicates that this is not a failure, but this may mean that there could be performance gains if more memory were available.
2026-09-04 18:29:55.858296: W external/local_tsl/tsl/framework/bfc_allocator.cc:296] Allocator (GPU_0_bfc) ran out of memory trying to allocate 2.02GiB with freed_by_count=0. The caller indicates that this is not a failure, but this may mean that there could be performance gains if more memory were available.
2026-09-04 18:29:55.858325: W external/local_tsl/tsl/framework/bfc_allocator.cc:296] Allocator (GPU_0_bfc) ran out of memory trying to allocate 2.02GiB with freed_by_count=0. The caller indicates that this is not a failure, but this may mean that there could be performance gains if more memory were available.
2026-09-04 18:29:56.733657: W external/local_tsl/tsl/framework/bfc_allocator.cc:296] Allocator (GPU_0_bfc) ran out of memory trying to allocate 4.02GiB with freed_by_count=0. The caller indicates that this is not a failure, but this may mean that there could be performance gains if more memory were available.
I0000 00:00:1788560999.891621 1349882 device_compiler.h:188] Compiled cluster using XLA!  This line is logged at most once for the lifetime of the process.
68/68 - 22s - 323ms/step - accuracy: 0.1721 - loss: 0.5476 - val_accuracy: 0.2310 - val_loss: 0.4194 - val_sens_fpr0.005: 0.0228
Epoch 2/400
68/68 - 5s - 70ms/step - accuracy: 0.3198 - loss: 0.4230 - val_accuracy: 0.2218 - val_loss: 0.4170 - val_sens_fpr0.005: 0.1694
Epoch 3/400
68/68 - 5s - 70ms/step - accuracy: 0.4041 - loss: 0.4101 - val_accuracy: 0.3784 - val_loss: 0.4070 - val_sens_fpr0.005: 0.2184
Epoch 4/400
68/68 - 5s - 70ms/step - accuracy: 0.4544 - loss: 0.4034 - val_accuracy: 0.4371 - val_loss: 0.4027 - val_sens_fpr0.005: 0.2410
Epoch 5/400
68/68 - 5s - 70ms/step - accuracy: 0.4853 - loss: 0.3994 - val_accuracy: 0.5010 - val_loss: 0.3987 - val_sens_fpr0.005: 0.2446
Epoch 6/400
68/68 - 5s - 70ms/step - accuracy: 0.5085 - loss: 0.3962 - val_accuracy: 0.5784 - val_loss: 0.3938 - val_sens_fpr0.005: 0.2671
Epoch 7/400
68/68 - 5s - 70ms/step - accuracy: 0.5296 - loss: 0.3939 - val_accuracy: 0.5777 - val_loss: 0.3925 - val_sens_fpr0.005: 0.2704
Epoch 8/400
68/68 - 5s - 70ms/step - accuracy: 0.5439 - loss: 0.3920 - val_accuracy: 0.5849 - val_loss: 0.3915 - val_sens_fpr0.005: 0.2769
Epoch 9/400
68/68 - 5s - 70ms/step - accuracy: 0.5544 - loss: 0.3905 - val_accuracy: 0.6051 - val_loss: 0.3898 - val_sens_fpr0.005: 0.2834
Epoch 10/400
68/68 - 5s - 70ms/step - accuracy: 0.5669 - loss: 0.3890 - val_accuracy: 0.5951 - val_loss: 0.3898 - val_sens_fpr0.005: 0.2899
Epoch 11/400
68/68 - 5s - 70ms/step - accuracy: 0.5729 - loss: 0.3878 - val_accuracy: 0.5726 - val_loss: 0.3907 - val_sens_fpr0.005: 0.2899
Epoch 12/400
68/68 - 5s - 70ms/step - accuracy: 0.5806 - loss: 0.3867 - val_accuracy: 0.5629 - val_loss: 0.3903 - val_sens_fpr0.005: 0.2899
Epoch 13/400
68/68 - 5s - 70ms/step - accuracy: 0.5858 - loss: 0.3859 - val_accuracy: 0.5786 - val_loss: 0.3895 - val_sens_fpr0.005: 0.2899
Epoch 14/400
68/68 - 5s - 70ms/step - accuracy: 0.5909 - loss: 0.3849 - val_accuracy: 0.6076 - val_loss: 0.3875 - val_sens_fpr0.005: 0.2868
Epoch 15/400
68/68 - 5s - 70ms/step - accuracy: 0.5973 - loss: 0.3841 - val_accuracy: 0.6102 - val_loss: 0.3870 - val_sens_fpr0.005: 0.2899
Epoch 16/400
68/68 - 5s - 70ms/step - accuracy: 0.6021 - loss: 0.3834 - val_accuracy: 0.6286 - val_loss: 0.3853 - val_sens_fpr0.005: 0.2868
Epoch 17/400
68/68 - 5s - 70ms/step - accuracy: 0.6063 - loss: 0.3828 - val_accuracy: 0.6335 - val_loss: 0.3854 - val_sens_fpr0.005: 0.2902
Epoch 18/400
68/68 - 5s - 70ms/step - accuracy: 0.6102 - loss: 0.3822 - val_accuracy: 0.5902 - val_loss: 0.3875 - val_sens_fpr0.005: 0.2932
Epoch 19/400
68/68 - 5s - 69ms/step - accuracy: 0.6129 - loss: 0.3816 - val_accuracy: 0.6255 - val_loss: 0.3851 - val_sens_fpr0.005: 0.2932
Epoch 20/400
68/68 - 5s - 70ms/step - accuracy: 0.6165 - loss: 0.3810 - val_accuracy: 0.6335 - val_loss: 0.3846 - val_sens_fpr0.005: 0.2900
Epoch 21/400
68/68 - 5s - 70ms/step - accuracy: 0.6194 - loss: 0.3806 - val_accuracy: 0.6112 - val_loss: 0.3854 - val_sens_fpr0.005: 0.2906
Epoch 22/400
68/68 - 5s - 70ms/step - accuracy: 0.6214 - loss: 0.3800 - val_accuracy: 0.6068 - val_loss: 0.3857 - val_sens_fpr0.005: 0.2932
Epoch 23/400
68/68 - 5s - 70ms/step - accuracy: 0.6249 - loss: 0.3796 - val_accuracy: 0.6613 - val_loss: 0.3827 - val_sens_fpr0.005: 0.2834
Epoch 24/400
68/68 - 5s - 70ms/step - accuracy: 0.6278 - loss: 0.3792 - val_accuracy: 0.6524 - val_loss: 0.3832 - val_sens_fpr0.005: 0.2834
Epoch 25/400
68/68 - 5s - 70ms/step - accuracy: 0.6293 - loss: 0.3787 - val_accuracy: 0.6316 - val_loss: 0.3840 - val_sens_fpr0.005: 0.2801
Epoch 26/400
68/68 - 5s - 70ms/step - accuracy: 0.6333 - loss: 0.3784 - val_accuracy: 0.6204 - val_loss: 0.3840 - val_sens_fpr0.005: 0.2801
Epoch 27/400
68/68 - 5s - 70ms/step - accuracy: 0.6357 - loss: 0.3780 - val_accuracy: 0.6780 - val_loss: 0.3817 - val_sens_fpr0.005: 0.2739
Epoch 28/400
68/68 - 5s - 70ms/step - accuracy: 0.6386 - loss: 0.3776 - val_accuracy: 0.6649 - val_loss: 0.3822 - val_sens_fpr0.005: 0.2770
Epoch 29/400
68/68 - 5s - 70ms/step - accuracy: 0.6391 - loss: 0.3773 - val_accuracy: 0.6378 - val_loss: 0.3828 - val_sens_fpr0.005: 0.2769
Epoch 30/400
68/68 - 5s - 70ms/step - accuracy: 0.6414 - loss: 0.3769 - val_accuracy: 0.6496 - val_loss: 0.3824 - val_sens_fpr0.005: 0.2769
Epoch 31/400
68/68 - 5s - 69ms/step - accuracy: 0.6419 - loss: 0.3767 - val_accuracy: 0.6607 - val_loss: 0.3817 - val_sens_fpr0.005: 0.2801
Epoch 32/400
68/68 - 5s - 70ms/step - accuracy: 0.6451 - loss: 0.3762 - val_accuracy: 0.6361 - val_loss: 0.3825 - val_sens_fpr0.005: 0.2739
Epoch 33/400
68/68 - 5s - 70ms/step - accuracy: 0.6473 - loss: 0.3760 - val_accuracy: 0.6445 - val_loss: 0.3823 - val_sens_fpr0.005: 0.2803
Epoch 34/400
68/68 - 5s - 70ms/step - accuracy: 0.6499 - loss: 0.3757 - val_accuracy: 0.6322 - val_loss: 0.3831 - val_sens_fpr0.005: 0.2801
Epoch 35/400
68/68 - 5s - 70ms/step - accuracy: 0.6501 - loss: 0.3754 - val_accuracy: 0.6473 - val_loss: 0.3819 - val_sens_fpr0.005: 0.2834
Epoch 36/400
68/68 - 5s - 70ms/step - accuracy: 0.6511 - loss: 0.3752 - val_accuracy: 0.6492 - val_loss: 0.3818 - val_sens_fpr0.005: 0.2801
Epoch 37/400
68/68 - 5s - 70ms/step - accuracy: 0.6528 - loss: 0.3749 - val_accuracy: 0.6884 - val_loss: 0.3795 - val_sens_fpr0.005: 0.2801
Epoch 38/400
68/68 - 5s - 70ms/step - accuracy: 0.6562 - loss: 0.3745 - val_accuracy: 0.6554 - val_loss: 0.3814 - val_sens_fpr0.005: 0.2836
Epoch 39/400
68/68 - 5s - 70ms/step - accuracy: 0.6568 - loss: 0.3743 - val_accuracy: 0.6840 - val_loss: 0.3797 - val_sens_fpr0.005: 0.2866
Epoch 40/400
68/68 - 5s - 70ms/step - accuracy: 0.6569 - loss: 0.3741 - val_accuracy: 0.6893 - val_loss: 0.3792 - val_sens_fpr0.005: 0.2868
Epoch 41/400
68/68 - 5s - 70ms/step - accuracy: 0.6595 - loss: 0.3740 - val_accuracy: 0.6689 - val_loss: 0.3804 - val_sens_fpr0.005: 0.2899
Epoch 42/400
68/68 - 5s - 69ms/step - accuracy: 0.6604 - loss: 0.3737 - val_accuracy: 0.6740 - val_loss: 0.3802 - val_sens_fpr0.005: 0.2801
Epoch 43/400
68/68 - 5s - 70ms/step - accuracy: 0.6627 - loss: 0.3735 - val_accuracy: 0.6649 - val_loss: 0.3804 - val_sens_fpr0.005: 0.2964
Epoch 44/400
68/68 - 5s - 70ms/step - accuracy: 0.6632 - loss: 0.3732 - val_accuracy: 0.6774 - val_loss: 0.3796 - val_sens_fpr0.005: 0.2899
Epoch 45/400
68/68 - 5s - 70ms/step - accuracy: 0.6657 - loss: 0.3730 - val_accuracy: 0.6766 - val_loss: 0.3796 - val_sens_fpr0.005: 0.2869
Epoch 46/400
68/68 - 5s - 70ms/step - accuracy: 0.6654 - loss: 0.3728 - val_accuracy: 0.6884 - val_loss: 0.3787 - val_sens_fpr0.005: 0.2900
Epoch 47/400
68/68 - 5s - 70ms/step - accuracy: 0.6661 - loss: 0.3726 - val_accuracy: 0.6501 - val_loss: 0.3817 - val_sens_fpr0.005: 0.2965
Epoch 48/400
68/68 - 5s - 70ms/step - accuracy: 0.6673 - loss: 0.3724 - val_accuracy: 0.6753 - val_loss: 0.3797 - val_sens_fpr0.005: 0.2964
Epoch 49/400
68/68 - 5s - 70ms/step - accuracy: 0.6687 - loss: 0.3723 - val_accuracy: 0.6791 - val_loss: 0.3792 - val_sens_fpr0.005: 0.2933
Epoch 50/400
68/68 - 5s - 70ms/step - accuracy: 0.6708 - loss: 0.3719 - val_accuracy: 0.6515 - val_loss: 0.3812 - val_sens_fpr0.005: 0.2933
Epoch 51/400
68/68 - 5s - 70ms/step - accuracy: 0.6710 - loss: 0.3719 - val_accuracy: 0.6617 - val_loss: 0.3800 - val_sens_fpr0.005: 0.2743
Epoch 52/400
68/68 - 5s - 70ms/step - accuracy: 0.6721 - loss: 0.3717 - val_accuracy: 0.6613 - val_loss: 0.3801 - val_sens_fpr0.005: 0.2997
Epoch 53/400
68/68 - 5s - 70ms/step - accuracy: 0.6727 - loss: 0.3715 - val_accuracy: 0.6740 - val_loss: 0.3794 - val_sens_fpr0.005: 0.2933
Epoch 54/400
68/68 - 5s - 70ms/step - accuracy: 0.6734 - loss: 0.3713 - val_accuracy: 0.6973 - val_loss: 0.3777 - val_sens_fpr0.005: 0.3029
Epoch 55/400
68/68 - 5s - 70ms/step - accuracy: 0.6742 - loss: 0.3710 - val_accuracy: 0.6810 - val_loss: 0.3783 - val_sens_fpr0.005: 0.2872
Epoch 56/400
68/68 - 5s - 70ms/step - accuracy: 0.6762 - loss: 0.3709 - val_accuracy: 0.6808 - val_loss: 0.3788 - val_sens_fpr0.005: 0.2900
Epoch 57/400
68/68 - 5s - 70ms/step - accuracy: 0.6757 - loss: 0.3708 - val_accuracy: 0.6545 - val_loss: 0.3807 - val_sens_fpr0.005: 0.2964
Epoch 58/400
68/68 - 5s - 70ms/step - accuracy: 0.6776 - loss: 0.3706 - val_accuracy: 0.6814 - val_loss: 0.3782 - val_sens_fpr0.005: 0.2997
Epoch 59/400
68/68 - 5s - 70ms/step - accuracy: 0.6784 - loss: 0.3705 - val_accuracy: 0.6505 - val_loss: 0.3808 - val_sens_fpr0.005: 0.2965
Epoch 60/400
68/68 - 5s - 70ms/step - accuracy: 0.6811 - loss: 0.3703 - val_accuracy: 0.6602 - val_loss: 0.3799 - val_sens_fpr0.005: 0.2932
Epoch 61/400
68/68 - 5s - 70ms/step - accuracy: 0.6804 - loss: 0.3702 - val_accuracy: 0.6454 - val_loss: 0.3805 - val_sens_fpr0.005: 0.2932
Epoch 62/400
68/68 - 5s - 71ms/step - accuracy: 0.6821 - loss: 0.3699 - val_accuracy: 0.6861 - val_loss: 0.3776 - val_sens_fpr0.005: 0.2899
Epoch 63/400
68/68 - 5s - 70ms/step - accuracy: 0.6830 - loss: 0.3698 - val_accuracy: 0.6617 - val_loss: 0.3793 - val_sens_fpr0.005: 0.2932
Epoch 64/400
68/68 - 5s - 70ms/step - accuracy: 0.6838 - loss: 0.3697 - val_accuracy: 0.6551 - val_loss: 0.3802 - val_sens_fpr0.005: 0.2900
Epoch 65/400
68/68 - 5s - 70ms/step - accuracy: 0.6841 - loss: 0.3695 - val_accuracy: 0.6604 - val_loss: 0.3792 - val_sens_fpr0.005: 0.2869
Epoch 66/400
68/68 - 5s - 70ms/step - accuracy: 0.6860 - loss: 0.3693 - val_accuracy: 0.6556 - val_loss: 0.3796 - val_sens_fpr0.005: 0.2777
Epoch 67/400
68/68 - 5s - 70ms/step - accuracy: 0.6865 - loss: 0.3692 - val_accuracy: 0.6749 - val_loss: 0.3784 - val_sens_fpr0.005: 0.2902
Epoch 68/400
68/68 - 5s - 70ms/step - accuracy: 0.6857 - loss: 0.3690 - val_accuracy: 0.6683 - val_loss: 0.3779 - val_sens_fpr0.005: 0.2932
Epoch 69/400
68/68 - 5s - 70ms/step - accuracy: 0.6868 - loss: 0.3690 - val_accuracy: 0.6592 - val_loss: 0.3792 - val_sens_fpr0.005: 0.2870
Epoch 70/400
68/68 - 5s - 70ms/step - accuracy: 0.6889 - loss: 0.3688 - val_accuracy: 0.6859 - val_loss: 0.3765 - val_sens_fpr0.005: 0.2932
Epoch 71/400
68/68 - 5s - 69ms/step - accuracy: 0.6886 - loss: 0.3687 - val_accuracy: 0.6757 - val_loss: 0.3779 - val_sens_fpr0.005: 0.2904
Epoch 72/400
68/68 - 5s - 70ms/step - accuracy: 0.6897 - loss: 0.3685 - val_accuracy: 0.6876 - val_loss: 0.3767 - val_sens_fpr0.005: 0.2870
Epoch 73/400
68/68 - 5s - 70ms/step - accuracy: 0.6903 - loss: 0.3684 - val_accuracy: 0.6619 - val_loss: 0.3785 - val_sens_fpr0.005: 0.2903
Epoch 74/400
68/68 - 5s - 70ms/step - accuracy: 0.6918 - loss: 0.3683 - val_accuracy: 0.6742 - val_loss: 0.3779 - val_sens_fpr0.005: 0.2909
Epoch 75/400
68/68 - 5s - 69ms/step - accuracy: 0.6926 - loss: 0.3681 - val_accuracy: 0.6764 - val_loss: 0.3772 - val_sens_fpr0.005: 0.2942
Epoch 76/400
68/68 - 5s - 69ms/step - accuracy: 0.6923 - loss: 0.3680 - val_accuracy: 0.6730 - val_loss: 0.3782 - val_sens_fpr0.005: 0.2932
Epoch 77/400
68/68 - 5s - 70ms/step - accuracy: 0.6940 - loss: 0.3679 - val_accuracy: 0.6607 - val_loss: 0.3784 - val_sens_fpr0.005: 0.2903
Epoch 78/400
68/68 - 5s - 70ms/step - accuracy: 0.6949 - loss: 0.3677 - val_accuracy: 0.6543 - val_loss: 0.3794 - val_sens_fpr0.005: 0.3035
Epoch 79/400
68/68 - 5s - 70ms/step - accuracy: 0.6957 - loss: 0.3676 - val_accuracy: 0.6539 - val_loss: 0.3790 - val_sens_fpr0.005: 0.2969
Epoch 80/400
68/68 - 5s - 70ms/step - accuracy: 0.6960 - loss: 0.3675 - val_accuracy: 0.6662 - val_loss: 0.3779 - val_sens_fpr0.005: 0.3094
Epoch 81/400
68/68 - 5s - 69ms/step - accuracy: 0.6963 - loss: 0.3674 - val_accuracy: 0.6602 - val_loss: 0.3781 - val_sens_fpr0.005: 0.3006
Epoch 82/400
68/68 - 5s - 70ms/step - accuracy: 0.6972 - loss: 0.3673 - val_accuracy: 0.6706 - val_loss: 0.3777 - val_sens_fpr0.005: 0.3094
Epoch 83/400
68/68 - 5s - 70ms/step - accuracy: 0.6987 - loss: 0.3672 - val_accuracy: 0.6568 - val_loss: 0.3785 - val_sens_fpr0.005: 0.3097
Epoch 84/400
68/68 - 5s - 70ms/step - accuracy: 0.6994 - loss: 0.3670 - val_accuracy: 0.6725 - val_loss: 0.3778 - val_sens_fpr0.005: 0.3097
Epoch 85/400
68/68 - 5s - 69ms/step - accuracy: 0.6997 - loss: 0.3670 - val_accuracy: 0.6653 - val_loss: 0.3781 - val_sens_fpr0.005: 0.3130
Epoch 86/400
68/68 - 5s - 70ms/step - accuracy: 0.7002 - loss: 0.3667 - val_accuracy: 0.6636 - val_loss: 0.3782 - val_sens_fpr0.005: 0.3127
Epoch 87/400
68/68 - 5s - 70ms/step - accuracy: 0.7011 - loss: 0.3667 - val_accuracy: 0.6464 - val_loss: 0.3794 - val_sens_fpr0.005: 0.3257
Epoch 88/400
68/68 - 5s - 70ms/step - accuracy: 0.7015 - loss: 0.3667 - val_accuracy: 0.6685 - val_loss: 0.3778 - val_sens_fpr0.005: 0.3225
Epoch 89/400
68/68 - 5s - 70ms/step - accuracy: 0.7020 - loss: 0.3664 - val_accuracy: 0.6668 - val_loss: 0.3778 - val_sens_fpr0.005: 0.3257
Epoch 90/400
68/68 - 5s - 70ms/step - accuracy: 0.7028 - loss: 0.3663 - val_accuracy: 0.6997 - val_loss: 0.3752 - val_sens_fpr0.005: 0.3195
Epoch 91/400
68/68 - 5s - 70ms/step - accuracy: 0.7034 - loss: 0.3663 - val_accuracy: 0.6450 - val_loss: 0.3795 - val_sens_fpr0.005: 0.3225
Epoch 92/400
68/68 - 5s - 70ms/step - accuracy: 0.7040 - loss: 0.3661 - val_accuracy: 0.6541 - val_loss: 0.3788 - val_sens_fpr0.005: 0.3290
Epoch 93/400
68/68 - 5s - 70ms/step - accuracy: 0.7041 - loss: 0.3661 - val_accuracy: 0.6441 - val_loss: 0.3797 - val_sens_fpr0.005: 0.3259
Epoch 94/400
68/68 - 5s - 70ms/step - accuracy: 0.7060 - loss: 0.3659 - val_accuracy: 0.6522 - val_loss: 0.3785 - val_sens_fpr0.005: 0.3257
Epoch 95/400
68/68 - 5s - 70ms/step - accuracy: 0.7063 - loss: 0.3659 - val_accuracy: 0.6674 - val_loss: 0.3775 - val_sens_fpr0.005: 0.3257
Epoch 96/400
68/68 - 5s - 70ms/step - accuracy: 0.7053 - loss: 0.3658 - val_accuracy: 0.6679 - val_loss: 0.3777 - val_sens_fpr0.005: 0.3259
Epoch 97/400
68/68 - 5s - 69ms/step - accuracy: 0.7079 - loss: 0.3656 - val_accuracy: 0.6551 - val_loss: 0.3787 - val_sens_fpr0.005: 0.3227
Epoch 98/400
68/68 - 5s - 70ms/step - accuracy: 0.7093 - loss: 0.3656 - val_accuracy: 0.6668 - val_loss: 0.3772 - val_sens_fpr0.005: 0.3290
Epoch 99/400
68/68 - 5s - 70ms/step - accuracy: 0.7079 - loss: 0.3654 - val_accuracy: 0.6464 - val_loss: 0.3796 - val_sens_fpr0.005: 0.3225
Epoch 100/400
68/68 - 5s - 70ms/step - accuracy: 0.7095 - loss: 0.3653 - val_accuracy: 0.6730 - val_loss: 0.3770 - val_sens_fpr0.005: 0.3193
Epoch 101/400
68/68 - 5s - 70ms/step - accuracy: 0.7096 - loss: 0.3652 - val_accuracy: 0.6628 - val_loss: 0.3776 - val_sens_fpr0.005: 0.3130
Epoch 102/400
68/68 - 5s - 70ms/step - accuracy: 0.7099 - loss: 0.3652 - val_accuracy: 0.6571 - val_loss: 0.3787 - val_sens_fpr0.005: 0.3160
Epoch 103/400
68/68 - 5s - 70ms/step - accuracy: 0.7110 - loss: 0.3651 - val_accuracy: 0.6613 - val_loss: 0.3782 - val_sens_fpr0.005: 0.3193
Epoch 104/400
68/68 - 5s - 69ms/step - accuracy: 0.7109 - loss: 0.3650 - val_accuracy: 0.6479 - val_loss: 0.3792 - val_sens_fpr0.005: 0.3131
Epoch 105/400
68/68 - 5s - 70ms/step - accuracy: 0.7122 - loss: 0.3649 - val_accuracy: 0.6681 - val_loss: 0.3775 - val_sens_fpr0.005: 0.3193
Epoch 106/400
68/68 - 5s - 70ms/step - accuracy: 0.7131 - loss: 0.3647 - val_accuracy: 0.6581 - val_loss: 0.3781 - val_sens_fpr0.005: 0.3160
Epoch 107/400
68/68 - 5s - 70ms/step - accuracy: 0.7131 - loss: 0.3647 - val_accuracy: 0.6532 - val_loss: 0.3787 - val_sens_fpr0.005: 0.3161
Epoch 108/400
68/68 - 5s - 70ms/step - accuracy: 0.7139 - loss: 0.3645 - val_accuracy: 0.6630 - val_loss: 0.3780 - val_sens_fpr0.005: 0.3161
Epoch 109/400
68/68 - 5s - 70ms/step - accuracy: 0.7142 - loss: 0.3645 - val_accuracy: 0.6590 - val_loss: 0.3781 - val_sens_fpr0.005: 0.3162
Epoch 110/400
68/68 - 5s - 70ms/step - accuracy: 0.7160 - loss: 0.3644 - val_accuracy: 0.6632 - val_loss: 0.3776 - val_sens_fpr0.005: 0.3160
Epoch 111/400
68/68 - 5s - 70ms/step - accuracy: 0.7153 - loss: 0.3644 - val_accuracy: 0.6386 - val_loss: 0.3800 - val_sens_fpr0.005: 0.3192
Epoch 112/400
68/68 - 5s - 70ms/step - accuracy: 0.7156 - loss: 0.3643 - val_accuracy: 0.6308 - val_loss: 0.3808 - val_sens_fpr0.005: 0.3127
Epoch 113/400
68/68 - 5s - 70ms/step - accuracy: 0.7166 - loss: 0.3642 - val_accuracy: 0.6596 - val_loss: 0.3781 - val_sens_fpr0.005: 0.3192
Epoch 114/400
68/68 - 5s - 69ms/step - accuracy: 0.7167 - loss: 0.3641 - val_accuracy: 0.6554 - val_loss: 0.3785 - val_sens_fpr0.005: 0.3192
Epoch 115/400
68/68 - 5s - 70ms/step - accuracy: 0.7184 - loss: 0.3640 - val_accuracy: 0.6643 - val_loss: 0.3776 - val_sens_fpr0.005: 0.3160
Epoch 116/400
68/68 - 5s - 70ms/step - accuracy: 0.7180 - loss: 0.3639 - val_accuracy: 0.6761 - val_loss: 0.3768 - val_sens_fpr0.005: 0.3098
Epoch 117/400
68/68 - 5s - 70ms/step - accuracy: 0.7185 - loss: 0.3638 - val_accuracy: 0.6681 - val_loss: 0.3771 - val_sens_fpr0.005: 0.3127
Epoch 118/400
68/68 - 5s - 70ms/step - accuracy: 0.7201 - loss: 0.3637 - val_accuracy: 0.6494 - val_loss: 0.3790 - val_sens_fpr0.005: 0.3161
Epoch 119/400
68/68 - 5s - 70ms/step - accuracy: 0.7194 - loss: 0.3637 - val_accuracy: 0.6742 - val_loss: 0.3763 - val_sens_fpr0.005: 0.3160
Epoch 120/400
68/68 - 5s - 69ms/step - accuracy: 0.7195 - loss: 0.3636 - val_accuracy: 0.6566 - val_loss: 0.3784 - val_sens_fpr0.005: 0.3192
  RestoreBestSens: epoch 96 — smoothed val_sens_fpr0.005 (window 5)
[8/11] Luke - Various Opportunistic Recordings/2025-07-03/1_37: 120 epochs (best 96), val_loss 0.3752, 69080/4715 frames train/val, sens@fpr0.5%=0.326
2026-09-04 18:39:45.452088: W external/local_tsl/tsl/framework/cpu_allocator_impl.cc:83] Allocation of 1790435328 exceeds 10% of free system memory.
2026-09-04 18:39:56.291541: W external/local_tsl/tsl/framework/bfc_allocator.cc:487] Allocator (GPU_0_bfc) ran out of memory trying to allocate 1.67GiB (rounded to 1790435328)requested by op _EagerConst
If the cause is memory fragmentation maybe the environment variable 'TF_GPU_ALLOCATOR=cuda_malloc_async' will improve the situation. 
Current allocation summary follows.
Current allocation summary follows.
2026-09-04 18:39:56.291610: I external/local_tsl/tsl/framework/bfc_allocator.cc:1044] BFCAllocator dump for GPU_0_bfc
2026-09-04 18:39:56.291622: I external/local_tsl/tsl/framework/bfc_allocator.cc:1051] Bin (256): 	Total Chunks: 200, Chunks in use: 197. 50.0KiB allocated for chunks. 49.2KiB in use in bin. 3.3KiB client-requested in use in bin.
2026-09-04 18:39:56.291631: I external/local_tsl/tsl/framework/bfc_allocator.cc:1051] Bin (512): 	Total Chunks: 13, Chunks in use: 12. 7.0KiB allocated for chunks. 6.2KiB in use in bin. 6.0KiB client-requested in use in bin.
2026-09-04 18:39:56.291640: I external/local_tsl/tsl/framework/bfc_allocator.cc:1051] Bin (1024): 	Total Chunks: 15, Chunks in use: 15. 16.0KiB allocated for chunks. 16.0KiB in use in bin. 15.3KiB client-requested in use in bin.
2026-09-04 18:39:56.291649: I external/local_tsl/tsl/framework/bfc_allocator.cc:1051] Bin (2048): 	Total Chunks: 38, Chunks in use: 37. 79.8KiB allocated for chunks. 77.5KiB in use in bin. 74.2KiB client-requested in use in bin.
2026-09-04 18:39:56.291658: I external/local_tsl/tsl/framework/bfc_allocator.cc:1051] Bin (4096): 	Total Chunks: 12, Chunks in use: 11. 53.8KiB allocated for chunks. 49.8KiB in use in bin. 45.0KiB client-requested in use in bin.
2026-09-04 18:39:56.291667: I external/local_tsl/tsl/framework/bfc_allocator.cc:1051] Bin (8192): 	Total Chunks: 4, Chunks in use: 3. 41.0KiB allocated for chunks. 29.0KiB in use in bin. 26.0KiB client-requested in use in bin.
2026-09-04 18:39:56.291676: I external/local_tsl/tsl/framework/bfc_allocator.cc:1051] Bin (16384): 	Total Chunks: 8, Chunks in use: 8. 149.0KiB allocated for chunks. 149.0KiB in use in bin. 144.0KiB client-requested in use in bin.
2026-09-04 18:39:56.291685: I external/local_tsl/tsl/framework/bfc_allocator.cc:1051] Bin (32768): 	Total Chunks: 4, Chunks in use: 4. 158.5KiB allocated for chunks. 158.5KiB in use in bin. 140.0KiB client-requested in use in bin.
2026-09-04 18:39:56.291694: I external/local_tsl/tsl/framework/bfc_allocator.cc:1051] Bin (65536): 	Total Chunks: 6, Chunks in use: 4. 453.8KiB allocated for chunks. 270.0KiB in use in bin. 268.0KiB client-requested in use in bin.
2026-09-04 18:39:56.291702: I external/local_tsl/tsl/framework/bfc_allocator.cc:1051] Bin (131072): 	Total Chunks: 2, Chunks in use: 1. 338.0KiB allocated for chunks. 128.0KiB in use in bin. 128.0KiB client-requested in use in bin.
2026-09-04 18:39:56.291711: I external/local_tsl/tsl/framework/bfc_allocator.cc:1051] Bin (262144): 	Total Chunks: 2, Chunks in use: 2. 569.2KiB allocated for chunks. 569.2KiB in use in bin. 569.1KiB client-requested in use in bin.
2026-09-04 18:39:56.291720: I external/local_tsl/tsl/framework/bfc_allocator.cc:1051] Bin (524288): 	Total Chunks: 2, Chunks in use: 1. 1.25MiB allocated for chunks. 512.0KiB in use in bin. 512.0KiB client-requested in use in bin.
2026-09-04 18:39:56.291728: I external/local_tsl/tsl/framework/bfc_allocator.cc:1051] Bin (1048576): 	Total Chunks: 5, Chunks in use: 5. 5.50MiB allocated for chunks. 5.50MiB in use in bin. 5.00MiB client-requested in use in bin.
2026-09-04 18:39:56.291737: I external/local_tsl/tsl/framework/bfc_allocator.cc:1051] Bin (2097152): 	Total Chunks: 3, Chunks in use: 3. 6.00MiB allocated for chunks. 6.00MiB in use in bin. 6.00MiB client-requested in use in bin.
2026-09-04 18:39:56.291746: I external/local_tsl/tsl/framework/bfc_allocator.cc:1051] Bin (4194304): 	Total Chunks: 5, Chunks in use: 4. 23.48MiB allocated for chunks. 16.48MiB in use in bin. 16.48MiB client-requested in use in bin.
2026-09-04 18:39:56.291768: I external/local_tsl/tsl/framework/bfc_allocator.cc:1051] Bin (8388608): 	Total Chunks: 0, Chunks in use: 0. 0B allocated for chunks. 0B in use in bin. 0B client-requested in use in bin.
2026-09-04 18:39:56.291777: I external/local_tsl/tsl/framework/bfc_allocator.cc:1051] Bin (16777216): 	Total Chunks: 0, Chunks in use: 0. 0B allocated for chunks. 0B in use in bin. 0B client-requested in use in bin.
2026-09-04 18:39:56.291784: I external/local_tsl/tsl/framework/bfc_allocator.cc:1051] Bin (33554432): 	Total Chunks: 0, Chunks in use: 0. 0B allocated for chunks. 0B in use in bin. 0B client-requested in use in bin.
2026-09-04 18:39:56.291793: I external/local_tsl/tsl/framework/bfc_allocator.cc:1051] Bin (67108864): 	Total Chunks: 1, Chunks in use: 1. 110.51MiB allocated for chunks. 110.51MiB in use in bin. 110.51MiB client-requested in use in bin.
2026-09-04 18:39:56.291800: I external/local_tsl/tsl/framework/bfc_allocator.cc:1051] Bin (134217728): 	Total Chunks: 0, Chunks in use: 0. 0B allocated for chunks. 0B in use in bin. 0B client-requested in use in bin.
2026-09-04 18:39:56.291808: I external/local_tsl/tsl/framework/bfc_allocator.cc:1051] Bin (268435456): 	Total Chunks: 3, Chunks in use: 1. 2.12GiB allocated for chunks. 1.58GiB in use in bin. 1.58GiB client-requested in use in bin.
2026-09-04 18:39:56.291817: I external/local_tsl/tsl/framework/bfc_allocator.cc:1067] Bin for 1.67GiB was 256.00MiB, Chunk State: 
2026-09-04 18:39:56.291848: I external/local_tsl/tsl/framework/bfc_allocator.cc:1073]   Size: 272.14MiB | Requested Size: 1.25MiB | in_use: 0 | bin_num: 20, prev:   Size: 4.00MiB | Requested Size: 4.00MiB | in_use: 1 | bin_num: -1, next:   Size: 2.00MiB | Requested Size: 2.00MiB | in_use: 1 | bin_num: -1
2026-09-04 18:39:56.291868: I external/local_tsl/tsl/framework/bfc_allocator.cc:1073]   Size: 282.19MiB | Requested Size: 24.00MiB | in_use: 0 | bin_num: 20, prev:   Size: 4.00MiB | Requested Size: 4.00MiB | in_use: 1 | bin_num: -1
2026-09-04 18:39:56.291876: I external/local_tsl/tsl/framework/bfc_allocator.cc:1080] Next region of size 2434793472
2026-09-04 18:39:56.291884: I external/local_tsl/tsl/framework/bfc_allocator.cc:1100] InUse at 79c022000000 of size 1697710080 next 1
2026-09-04 18:39:56.291891: I external/local_tsl/tsl/framework/bfc_allocator.cc:1100] InUse at 79c087310000 of size 1280 next 2
2026-09-04 18:39:56.291897: I external/local_tsl/tsl/framework/bfc_allocator.cc:1100] InUse at 79c087310500 of size 4697600 next 3
2026-09-04 18:39:56.291905: I external/local_tsl/tsl/framework/bfc_allocator.cc:1100] InUse at 79c08778b300 of size 256 next 4
2026-09-04 18:39:56.291910: I external/local_tsl/tsl/framework/bfc_allocator.cc:1100] InUse at 79c08778b400 of size 256 next 5
2026-09-04 18:39:56.291916: I external/local_tsl/tsl/framework/bfc_allocator.cc:1100] InUse at 79c08778b500 of size 256 next 6
2026-09-04 18:39:56.291921: I external/local_tsl/tsl/framework/bfc_allocator.cc:1100] InUse at 79c08778b600 of size 256 next 7
2026-09-04 18:39:56.291927: I external/local_tsl/tsl/framework/bfc_allocator.cc:1100] InUse at 79c08778b700 of size 256 next 8
2026-09-04 18:39:56.291933: I external/local_tsl/tsl/framework/bfc_allocator.cc:1100] InUse at 79c08778b800 of size 115875840 next 9
2026-09-04 18:39:56.291939: I external/local_tsl/tsl/framework/bfc_allocator.cc:1100] InUse at 79c08e60d800 of size 320768 next 10
2026-09-04 18:39:56.291946: I external/local_tsl/tsl/framework/bfc_allocator.cc:1100] InUse at 79c08e65bd00 of size 256 next 11
2026-09-04 18:39:56.291951: I external/local_tsl/tsl/framework/bfc_allocator.cc:1100] InUse at 79c08e65be00 of size 256 next 12
2026-09-04 18:39:56.291957: I external/local_tsl/tsl/framework/bfc_allocator.cc:1100] InUse at 79c08e65bf00 of size 256 next 13
2026-09-04 18:39:56.291962: I external/local_tsl/tsl/framework/bfc_allocator.cc:1100] InUse at 79c08e65c000 of size 256 next 14
2026-09-04 18:39:56.291968: I external/local_tsl/tsl/framework/bfc_allocator.cc:1100] InUse at 79c08e65c100 of size 256 next 16
2026-09-04 18:39:56.291973: I external/local_tsl/tsl/framework/bfc_allocator.cc:1100] InUse at 79c08e65c200 of size 256 next 17
2026-09-04 18:39:56.291983: I external/local_tsl/tsl/framework/bfc_allocator.cc:1100] InUse at 79c08e65c300 of size 256 next 15
2026-09-04 18:39:56.291989: I external/local_tsl/tsl/framework/bfc_allocator.cc:1100] InUse at 79c08e65c400 of size 256 next 18
2026-09-04 18:39:56.291994: I external/local_tsl/tsl/framework/bfc_allocator.cc:1100] InUse at 79c08e65c500 of size 256 next 30
2026-09-04 18:39:56.292000: I external/local_tsl/tsl/framework/bfc_allocator.cc:1100] InUse at 79c08e65c600 of size 256 next 28
2026-09-04 18:39:56.292005: I external/local_tsl/tsl/framework/bfc_allocator.cc:1100] InUse at 79c08e65c700 of size 256 next 29
2026-09-04 18:39:56.292011: I external/local_tsl/tsl/framework/bfc_allocator.cc:1100] InUse at 79c08e65c800 of size 256 next 33
2026-09-04 18:39:56.292016: I external/local_tsl/tsl/framework/bfc_allocator.cc:1100] InUse at 79c08e65c900 of size 256 next 34
2026-09-04 18:39:56.292021: I external/local_tsl/tsl/framework/bfc_allocator.cc:1100] InUse at 79c08e65ca00 of size 256 next 37
2026-09-04 18:39:56.292027: I external/local_tsl/tsl/framework/bfc_allocator.cc:1100] InUse at 79c08e65cb00 of size 256 next 35
2026-09-04 18:39:56.292032: I external/local_tsl/tsl/framework/bfc_allocator.cc:1100] InUse at 79c08e65cc00 of size 256 next 36
2026-09-04 18:39:56.292038: I external/local_tsl/tsl/framework/bfc_allocator.cc:1100] InUse at 79c08e65cd00 of size 256 next 19
2026-09-04 18:39:56.292043: I external/local_tsl/tsl/framework/bfc_allocator.cc:1100] InUse at 79c08e65ce00 of size 256 next 161
2026-09-04 18:39:56.292049: I external/local_tsl/tsl/framework/bfc_allocator.cc:1100] InUse at 79c08e65cf00 of size 256 next 20
2026-09-04 18:39:56.292055: I external/local_tsl/tsl/framework/bfc_allocator.cc:1100] InUse at 79c08e65d000 of size 256 next 22
2026-09-04 18:39:56.292061: I external/local_tsl/tsl/framework/bfc_allocator.cc:1100] InUse at 79c08e65d100 of size 256 next 23
2026-09-04 18:39:56.292066: I external/local_tsl/tsl/framework/bfc_allocator.cc:1100] InUse at 79c08e65d200 of size 256 next 25
2026-09-04 18:39:56.292072: I external/local_tsl/tsl/framework/bfc_allocator.cc:1100] InUse at 79c08e65d300 of size 768 next 21
2026-09-04 18:39:56.292077: I external/local_tsl/tsl/framework/bfc_allocator.cc:1100] InUse at 79c08e65d600 of size 256 next 24
2026-09-04 18:39:56.292083: I external/local_tsl/tsl/framework/bfc_allocator.cc:1100] InUse at 79c08e65d700 of size 256 next 27
2026-09-04 18:39:56.292088: I external/local_tsl/tsl/framework/bfc_allocator.cc:1100] InUse at 79c08e65d800 of size 512 next 26
2026-09-04 18:39:56.292094: I external/local_tsl/tsl/framework/bfc_allocator.cc:1100] InUse at 79c08e65da00 of size 512 next 40
2026-09-04 18:39:56.292099: I external/local_tsl/tsl/framework/bfc_allocator.cc:1100] InUse at 79c08e65dc00 of size 512 next 43
2026-09-04 18:39:56.292104: I external/local_tsl/tsl/framework/bfc_allocator.cc:1100] InUse at 79c08e65de00 of size 512 next 38
2026-09-04 18:39:56.292110: I external/local_tsl/tsl/framework/bfc_allocator.cc:1100] InUse at 79c08e65e000 of size 512 next 52
2026-09-04 18:39:56.292115: I external/local_tsl/tsl/framework/bfc_allocator.cc:1100] InUse at 79c08e65e200 of size 512 next 41
2026-09-04 18:39:56.292121: I external/local_tsl/tsl/framework/bfc_allocator.cc:1100] InUse at 79c08e65e400 of size 256 next 42
2026-09-04 18:39:56.292126: I external/local_tsl/tsl/framework/bfc_allocator.cc:1100] InUse at 79c08e65e500 of size 256 next 46
2026-09-04 18:39:56.292132: I external/local_tsl/tsl/framework/bfc_allocator.cc:1100] InUse at 79c08e65e600 of size 512 next 47
2026-09-04 18:39:56.292137: I external/local_tsl/tsl/framework/bfc_allocator.cc:1100] InUse at 79c08e65e800 of size 512 next 50
2026-09-04 18:39:56.292143: I external/local_tsl/tsl/framework/bfc_allocator.cc:1100] InUse at 79c08e65ea00 of size 512 next 48
2026-09-04 18:39:56.292148: I external/local_tsl/tsl/framework/bfc_allocator.cc:1100] InUse at 79c08e65ec00 of size 256 next 49
2026-09-04 18:39:56.292153: I external/local_tsl/tsl/framework/bfc_allocator.cc:1100] InUse at 79c08e65ed00 of size 512 next 53
2026-09-04 18:39:56.292163: I external/local_tsl/tsl/framework/bfc_allocator.cc:1100] InUse at 79c08e65ef00 of size 256 next 39
2026-09-04 18:39:56.292169: I external/local_tsl/tsl/framework/bfc_allocator.cc:1100] InUse at 79c08e65f000 of size 1024 next 61
2026-09-04 18:39:56.292176: I external/local_tsl/tsl/framework/bfc_allocator.cc:1100] InUse at 79c08e65f400 of size 1024 next 68
2026-09-04 18:39:56.292183: I external/local_tsl/tsl/framework/bfc_allocator.cc:1100] InUse at 79c08e65f800 of size 2304 next 65
2026-09-04 18:39:56.292190: I external/local_tsl/tsl/framework/bfc_allocator.cc:1100] InUse at 79c08e660100 of size 256 next 66
2026-09-04 18:39:56.292195: I external/local_tsl/tsl/framework/bfc_allocator.cc:1100] InUse at 79c08e660200 of size 256 next 69
2026-09-04 18:39:56.292201: I external/local_tsl/tsl/framework/bfc_allocator.cc:1100] InUse at 79c08e660300 of size 1024 next 70
2026-09-04 18:39:56.292207: I external/local_tsl/tsl/framework/bfc_allocator.cc:1100] InUse at 79c08e660700 of size 1024 next 73
2026-09-04 18:39:56.292213: I external/local_tsl/tsl/framework/bfc_allocator.cc:1100] InUse at 79c08e660b00 of size 1024 next 71
2026-09-04 18:39:56.292220: I external/local_tsl/tsl/framework/bfc_allocator.cc:1100] InUse at 79c08e660f00 of size 256 next 72
2026-09-04 18:39:56.292225: I external/local_tsl/tsl/framework/bfc_allocator.cc:1100] InUse at 79c08e661000 of size 256 next 76
2026-09-04 18:39:56.292231: I external/local_tsl/tsl/framework/bfc_allocator.cc:1100] InUse at 79c08e661100 of size 1024 next 77
2026-09-04 18:39:56.292237: I external/local_tsl/tsl/framework/bfc_allocator.cc:1100] InUse at 79c08e661500 of size 1024 next 80
2026-09-04 18:39:56.292243: I external/local_tsl/tsl/framework/bfc_allocator.cc:1100] InUse at 79c08e661900 of size 1280 next 32
2026-09-04 18:39:56.292250: I external/local_tsl/tsl/framework/bfc_allocator.cc:1100] InUse at 79c08e661e00 of size 2304 next 163
2026-09-04 18:39:56.292256: I external/local_tsl/tsl/framework/bfc_allocator.cc:1100] InUse at 79c08e662700 of size 5888 next 31
2026-09-04 18:39:56.292263: I external/local_tsl/tsl/framework/bfc_allocator.cc:1100] InUse at 79c08e663e00 of size 4608 next 51
2026-09-04 18:39:56.292270: I external/local_tsl/tsl/framework/bfc_allocator.cc:1100] InUse at 79c08e665000 of size 512 next 58
2026-09-04 18:39:56.292275: I external/local_tsl/tsl/framework/bfc_allocator.cc:1100] InUse at 79c08e665200 of size 1024 next 54
2026-09-04 18:39:56.292282: I external/local_tsl/tsl/framework/bfc_allocator.cc:1100] InUse at 79c08e665600 of size 256 next 60
2026-09-04 18:39:56.292287: I external/local_tsl/tsl/framework/bfc_allocator.cc:1100] InUse at 79c08e665700 of size 256 next 63
2026-09-04 18:39:56.292293: I external/local_tsl/tsl/framework/bfc_allocator.cc:1100] InUse at 79c08e665800 of size 1024 next 64
2026-09-04 18:39:56.292299: I external/local_tsl/tsl/framework/bfc_allocator.cc:1100] InUse at 79c08e665c00 of size 2048 next 85
2026-09-04 18:39:56.292306: I external/local_tsl/tsl/framework/bfc_allocator.cc:1100] InUse at 79c08e666400 of size 2048 next 62
2026-09-04 18:39:56.292312: I external/local_tsl/tsl/framework/bfc_allocator.cc:1100] InUse at 79c08e666c00 of size 2048 next 124
2026-09-04 18:39:56.292318: I external/local_tsl/tsl/framework/bfc_allocator.cc:1100] Free  at 79c08e667400 of size 2304 next 88
2026-09-04 18:39:56.292325: I external/local_tsl/tsl/framework/bfc_allocator.cc:1100] InUse at 79c08e667d00 of size 256 next 89
2026-09-04 18:39:56.292330: I external/local_tsl/tsl/framework/bfc_allocator.cc:1100] InUse at 79c08e667e00 of size 256 next 92
2026-09-04 18:39:56.292336: I external/local_tsl/tsl/framework/bfc_allocator.cc:1100] InUse at 79c08e667f00 of size 2048 next 93
2026-09-04 18:39:56.292342: I external/local_tsl/tsl/framework/bfc_allocator.cc:1100] InUse at 79c08e668700 of size 2048 next 96
2026-09-04 18:39:56.292348: I external/local_tsl/tsl/framework/bfc_allocator.cc:1100] InUse at 79c08e668f00 of size 2048 next 94
2026-09-04 18:39:56.292355: I external/local_tsl/tsl/framework/bfc_allocator.cc:1100] InUse at 79c08e669700 of size 256 next 95
2026-09-04 18:39:56.292363: I external/local_tsl/tsl/framework/bfc_allocator.cc:1100] InUse at 79c08e669800 of size 256 next 99
2026-09-04 18:39:56.292369: I external/local_tsl/tsl/framework/bfc_allocator.cc:1100] InUse at 79c08e669900 of size 2048 next 100
2026-09-04 18:39:56.292376: I external/local_tsl/tsl/framework/bfc_allocator.cc:1100] InUse at 79c08e66a100 of size 2048 next 103
2026-09-04 18:39:56.292382: I external/local_tsl/tsl/framework/bfc_allocator.cc:1100] InUse at 79c08e66a900 of size 2048 next 101
2026-09-04 18:39:56.292389: I external/local_tsl/tsl/framework/bfc_allocator.cc:1100] InUse at 79c08e66b100 of size 3072 next 75
2026-09-04 18:39:56.292395: I external/local_tsl/tsl/framework/bfc_allocator.cc:1100] InUse at 79c08e66bd00 of size 9216 next 74
2026-09-04 18:39:56.292402: I external/local_tsl/tsl/framework/bfc_allocator.cc:1100] InUse at 79c08e66e100 of size 1024 next 79
2026-09-04 18:39:56.292408: I external/local_tsl/tsl/framework/bfc_allocator.cc:1100] InUse at 79c08e66e500 of size 1024 next 83
2026-09-04 18:39:56.292415: I external/local_tsl/tsl/framework/bfc_allocator.cc:1100] InUse at 79c08e66e900 of size 256 next 159
2026-09-04 18:39:56.292421: I external/local_tsl/tsl/framework/bfc_allocator.cc:1100] InUse at 79c08e66ea00 of size 256 next 138
2026-09-04 18:39:56.292427: I external/local_tsl/tsl/framework/bfc_allocator.cc:1100] Free  at 79c08e66eb00 of size 256 next 133
2026-09-04 18:39:56.292434: I external/local_tsl/tsl/framework/bfc_allocator.cc:1100] InUse at 79c08e66ec00 of size 256 next 78
2026-09-04 18:39:56.292439: I external/local_tsl/tsl/framework/bfc_allocator.cc:1100] InUse at 79c08e66ed00 of size 256 next 84
2026-09-04 18:39:56.292445: I external/local_tsl/tsl/framework/bfc_allocator.cc:1100] InUse at 79c08e66ee00 of size 256 next 86
2026-09-04 18:39:56.292450: I external/local_tsl/tsl/framework/bfc_allocator.cc:1100] InUse at 79c08e66ef00 of size 2048 next 87
2026-09-04 18:39:56.292457: I external/local_tsl/tsl/framework/bfc_allocator.cc:1100] InUse at 79c08e66f700 of size 4096 next 146
2026-09-04 18:39:56.292464: I external/local_tsl/tsl/framework/bfc_allocator.cc:1100] InUse at 79c08e670700 of size 4096 next 160
2026-09-04 18:39:56.292470: I external/local_tsl/tsl/framework/bfc_allocator.cc:1100] InUse at 79c08e671700 of size 256 next 198
2026-09-04 18:39:56.292476: I external/local_tsl/tsl/framework/bfc_allocator.cc:1100] InUse at 79c08e671800 of size 256 next 200
2026-09-04 18:39:56.292483: I external/local_tsl/tsl/framework/bfc_allocator.cc:1100] InUse at 79c08e671900 of size 256 next 209
2026-09-04 18:39:56.292489: I external/local_tsl/tsl/framework/bfc_allocator.cc:1100] InUse at 79c08e671a00 of size 256 next 173
2026-09-04 18:39:56.292495: I external/local_tsl/tsl/framework/bfc_allocator.cc:1100] InUse at 79c08e671b00 of size 256 next 201
2026-09-04 18:39:56.292502: I external/local_tsl/tsl/framework/bfc_allocator.cc:1100] InUse at 79c08e671c00 of size 256 next 195
2026-09-04 18:39:56.292508: I external/local_tsl/tsl/framework/bfc_allocator.cc:1100] InUse at 79c08e671d00 of size 256 next 203
2026-09-04 18:39:56.292514: I external/local_tsl/tsl/framework/bfc_allocator.cc:1100] InUse at 79c08e671e00 of size 256 next 207
2026-09-04 18:39:56.292521: I external/local_tsl/tsl/framework/bfc_allocator.cc:1100] InUse at 79c08e671f00 of size 256 next 210
2026-09-04 18:39:56.292527: I external/local_tsl/tsl/framework/bfc_allocator.cc:1100] InUse at 79c08e672000 of size 256 next 171
2026-09-04 18:39:56.292534: I external/local_tsl/tsl/framework/bfc_allocator.cc:1100] InUse at 79c08e672100 of size 256 next 172
2026-09-04 18:39:56.292540: I external/local_tsl/tsl/framework/bfc_allocator.cc:1100] InUse at 79c08e672200 of size 256 next 216
2026-09-04 18:39:56.292546: I external/local_tsl/tsl/framework/bfc_allocator.cc:1100] InUse at 79c08e672300 of size 256 next 218
2026-09-04 18:39:56.292553: I external/local_tsl/tsl/framework/bfc_allocator.cc:1100] InUse at 79c08e672400 of size 256 next 179
2026-09-04 18:39:56.292562: I external/local_tsl/tsl/framework/bfc_allocator.cc:1100] InUse at 79c08e672500 of size 256 next 221
2026-09-04 18:39:56.292569: I external/local_tsl/tsl/framework/bfc_allocator.cc:1100] InUse at 79c08e672600 of size 256 next 199
2026-09-04 18:39:56.292575: I external/local_tsl/tsl/framework/bfc_allocator.cc:1100] InUse at 79c08e672700 of size 256 next 193
2026-09-04 18:39:56.292581: I external/local_tsl/tsl/framework/bfc_allocator.cc:1100] InUse at 79c08e672800 of size 256 next 220
2026-09-04 18:39:56.292588: I external/local_tsl/tsl/framework/bfc_allocator.cc:1100] InUse at 79c08e672900 of size 256 next 217
2026-09-04 18:39:56.292594: I external/local_tsl/tsl/framework/bfc_allocator.cc:1100] InUse at 79c08e672a00 of size 256 next 204
2026-09-04 18:39:56.292600: I external/local_tsl/tsl/framework/bfc_allocator.cc:1100] InUse at 79c08e672b00 of size 256 next 211
2026-09-04 18:39:56.292607: I external/local_tsl/tsl/framework/bfc_allocator.cc:1100] InUse at 79c08e672c00 of size 256 next 226
2026-09-04 18:39:56.292613: I external/local_tsl/tsl/framework/bfc_allocator.cc:1100] InUse at 79c08e672d00 of size 256 next 215
2026-09-04 18:39:56.292619: I external/local_tsl/tsl/framework/bfc_allocator.cc:1100] InUse at 79c08e672e00 of size 256 next 235
2026-09-04 18:39:56.292626: I external/local_tsl/tsl/framework/bfc_allocator.cc:1100] InUse at 79c08e672f00 of size 256 next 229
2026-09-04 18:39:56.292632: I external/local_tsl/tsl/framework/bfc_allocator.cc:1100] InUse at 79c08e673000 of size 256 next 236
2026-09-04 18:39:56.292638: I external/local_tsl/tsl/framework/bfc_allocator.cc:1100] Free  at 79c08e673100 of size 768 next 233
2026-09-04 18:39:56.292645: I external/local_tsl/tsl/framework/bfc_allocator.cc:1100] InUse at 79c08e673400 of size 256 next 205
2026-09-04 18:39:56.292651: I external/local_tsl/tsl/framework/bfc_allocator.cc:1100] InUse at 79c08e673500 of size 256 next 231
2026-09-04 18:39:56.292657: I external/local_tsl/tsl/framework/bfc_allocator.cc:1100] InUse at 79c08e673600 of size 256 next 219
2026-09-04 18:39:56.292664: I external/local_tsl/tsl/framework/bfc_allocator.cc:1100] InUse at 79c08e673700 of size 256 next 230
2026-09-04 18:39:56.292670: I external/local_tsl/tsl/framework/bfc_allocator.cc:1100] InUse at 79c08e673800 of size 256 next 234
2026-09-04 18:39:56.292676: I external/local_tsl/tsl/framework/bfc_allocator.cc:1100] Free  at 79c08e673900 of size 256 next 303
2026-09-04 18:39:56.292683: I external/local_tsl/tsl/framework/bfc_allocator.cc:1100] InUse at 79c08e673a00 of size 256 next 222
2026-09-04 18:39:56.292689: I external/local_tsl/tsl/framework/bfc_allocator.cc:1100] InUse at 79c08e673b00 of size 256 next 227
2026-09-04 18:39:56.292695: I external/local_tsl/tsl/framework/bfc_allocator.cc:1100] InUse at 79c08e673c00 of size 256 next 241
2026-09-04 18:39:56.292702: I external/local_tsl/tsl/framework/bfc_allocator.cc:1100] InUse at 79c08e673d00 of size 256 next 45
2026-09-04 18:39:56.292707: I external/local_tsl/tsl/framework/bfc_allocator.cc:1100] InUse at 79c08e673e00 of size 9216 next 55
2026-09-04 18:39:56.292714: I external/local_tsl/tsl/framework/bfc_allocator.cc:1100] InUse at 79c08e676200 of size 23552 next 44
2026-09-04 18:39:56.292721: I external/local_tsl/tsl/framework/bfc_allocator.cc:1100] InUse at 79c08e67be00 of size 2048 next 106
2026-09-04 18:39:56.292727: I external/local_tsl/tsl/framework/bfc_allocator.cc:1100] InUse at 79c08e67c600 of size 2048 next 107
2026-09-04 18:39:56.292733: I external/local_tsl/tsl/framework/bfc_allocator.cc:1100] InUse at 79c08e67ce00 of size 2048 next 102
2026-09-04 18:39:56.292739: I external/local_tsl/tsl/framework/bfc_allocator.cc:1100] InUse at 79c08e67d600 of size 2048 next 110
2026-09-04 18:39:56.292746: I external/local_tsl/tsl/framework/bfc_allocator.cc:1100] InUse at 79c08e67de00 of size 2048 next 111
2026-09-04 18:39:56.292752: I external/local_tsl/tsl/framework/bfc_allocator.cc:1100] InUse at 79c08e67e600 of size 256 next 151
2026-09-04 18:39:56.292758: I external/local_tsl/tsl/framework/bfc_allocator.cc:1100] InUse at 79c08e67e700 of size 256 next 154
2026-09-04 18:39:56.292768: I external/local_tsl/tsl/framework/bfc_allocator.cc:1100] InUse at 79c08e67e800 of size 4096 next 155
2026-09-04 18:39:56.292774: I external/local_tsl/tsl/framework/bfc_allocator.cc:1100] Free  at 79c08e67f800 of size 4096 next 158
2026-09-04 18:39:56.292781: I external/local_tsl/tsl/framework/bfc_allocator.cc:1100] InUse at 79c08e680800 of size 256 next 137
2026-09-04 18:39:56.292787: I external/local_tsl/tsl/framework/bfc_allocator.cc:1100] InUse at 79c08e680900 of size 256 next 139
2026-09-04 18:39:56.292794: I external/local_tsl/tsl/framework/bfc_allocator.cc:1100] InUse at 79c08e680a00 of size 256 next 196
2026-09-04 18:39:56.292800: I external/local_tsl/tsl/framework/bfc_allocator.cc:1100] InUse at 79c08e680b00 of size 256 next 167
2026-09-04 18:39:56.292806: I external/local_tsl/tsl/framework/bfc_allocator.cc:1100] InUse at 79c08e680c00 of size 256 next 168
2026-09-04 18:39:56.292813: I external/local_tsl/tsl/framework/bfc_allocator.cc:1100] InUse at 79c08e680d00 of size 256 next 176
2026-09-04 18:39:56.292819: I external/local_tsl/tsl/framework/bfc_allocator.cc:1100] InUse at 79c08e680e00 of size 256 next 178
2026-09-04 18:39:56.292833: I external/local_tsl/tsl/framework/bfc_allocator.cc:1100] InUse at 79c08e680f00 of size 256 next 169
2026-09-04 18:39:56.292840: I external/local_tsl/tsl/framework/bfc_allocator.cc:1100] InUse at 79c08e681000 of size 256 next 170
2026-09-04 18:39:56.292846: I external/local_tsl/tsl/framework/bfc_allocator.cc:1100] InUse at 79c08e681100 of size 256 next 181
2026-09-04 18:39:56.292853: I external/local_tsl/tsl/framework/bfc_allocator.cc:1100] InUse at 79c08e681200 of size 256 next 191
2026-09-04 18:39:56.292859: I external/local_tsl/tsl/framework/bfc_allocator.cc:1100] InUse at 79c08e681300 of size 256 next 192
2026-09-04 18:39:56.292865: I external/local_tsl/tsl/framework/bfc_allocator.cc:1100] InUse at 79c08e681400 of size 256 next 174
2026-09-04 18:39:56.292872: I external/local_tsl/tsl/framework/bfc_allocator.cc:1100] InUse at 79c08e681500 of size 256 next 194
2026-09-04 18:39:56.292878: I external/local_tsl/tsl/framework/bfc_allocator.cc:1100] InUse at 79c08e681600 of size 256 next 177
2026-09-04 18:39:56.292885: I external/local_tsl/tsl/framework/bfc_allocator.cc:1100] InUse at 79c08e681700 of size 256 next 156
2026-09-04 18:39:56.292891: I external/local_tsl/tsl/framework/bfc_allocator.cc:1100] InUse at 79c08e681800 of size 1280 next 157
2026-09-04 18:39:56.292897: I external/local_tsl/tsl/framework/bfc_allocator.cc:1100] InUse at 79c08e681d00 of size 1280 next 162
2026-09-04 18:39:56.292904: I external/local_tsl/tsl/framework/bfc_allocator.cc:1100] InUse at 79c08e682200 of size 11264 next 98
2026-09-04 18:39:56.292911: I external/local_tsl/tsl/framework/bfc_allocator.cc:1100] InUse at 79c08e684e00 of size 18432 next 97
2026-09-04 18:39:56.292917: I external/local_tsl/tsl/framework/bfc_allocator.cc:1100] InUse at 79c08e689600 of size 18432 next 109
2026-09-04 18:39:56.292924: I external/local_tsl/tsl/framework/bfc_allocator.cc:1100] InUse at 79c08e68de00 of size 2048 next 113
2026-09-04 18:39:56.292930: I external/local_tsl/tsl/framework/bfc_allocator.cc:1100] InUse at 79c08e68e600 of size 2048 next 114
2026-09-04 18:39:56.292937: I external/local_tsl/tsl/framework/bfc_allocator.cc:1100] InUse at 79c08e68ee00 of size 2048 next 108
2026-09-04 18:39:56.292943: I external/local_tsl/tsl/framework/bfc_allocator.cc:1100] InUse at 79c08e68f600 of size 2048 next 118
2026-09-04 18:39:56.292950: I external/local_tsl/tsl/framework/bfc_allocator.cc:1100] InUse at 79c08e68fe00 of size 2048 next 119
2026-09-04 18:39:56.292956: I external/local_tsl/tsl/framework/bfc_allocator.cc:1100] InUse at 79c08e690600 of size 2048 next 120
2026-09-04 18:39:56.292963: I external/local_tsl/tsl/framework/bfc_allocator.cc:1100] InUse at 79c08e690e00 of size 2048 next 122
2026-09-04 18:39:56.292969: I external/local_tsl/tsl/framework/bfc_allocator.cc:1100] InUse at 79c08e691600 of size 2048 next 123
2026-09-04 18:39:56.292976: I external/local_tsl/tsl/framework/bfc_allocator.cc:1100] InUse at 79c08e691e00 of size 2304 next 116
2026-09-04 18:39:56.292986: I external/local_tsl/tsl/framework/bfc_allocator.cc:1100] InUse at 79c08e692700 of size 18432 next 117
2026-09-04 18:39:56.292992: I external/local_tsl/tsl/framework/bfc_allocator.cc:1100] InUse at 79c08e696f00 of size 2048 next 125
2026-09-04 18:39:56.292999: I external/local_tsl/tsl/framework/bfc_allocator.cc:1100] InUse at 79c08e697700 of size 2048 next 126
2026-09-04 18:39:56.293005: I external/local_tsl/tsl/framework/bfc_allocator.cc:1100] InUse at 79c08e697f00 of size 2048 next 127
2026-09-04 18:39:56.293012: I external/local_tsl/tsl/framework/bfc_allocator.cc:1100] InUse at 79c08e698700 of size 2048 next 129
2026-09-04 18:39:56.293018: I external/local_tsl/tsl/framework/bfc_allocator.cc:1100] InUse at 79c08e698f00 of size 2048 next 130
2026-09-04 18:39:56.293025: I external/local_tsl/tsl/framework/bfc_allocator.cc:1100] InUse at 79c08e699700 of size 2048 next 115
2026-09-04 18:39:56.293031: I external/local_tsl/tsl/framework/bfc_allocator.cc:1100] InUse at 79c08e699f00 of size 2048 next 134
2026-09-04 18:39:56.293037: I external/local_tsl/tsl/framework/bfc_allocator.cc:1100] InUse at 79c08e69a700 of size 2048 next 135
2026-09-04 18:39:56.293044: I external/local_tsl/tsl/framework/bfc_allocator.cc:1100] InUse at 79c08e69af00 of size 3840 next 57
2026-09-04 18:39:56.293051: I external/local_tsl/tsl/framework/bfc_allocator.cc:1100] InUse at 79c08e69be00 of size 18432 next 56
2026-09-04 18:39:56.293057: I external/local_tsl/tsl/framework/bfc_allocator.cc:1100] InUse at 79c08e6a0600 of size 71680 next 136
2026-09-04 18:39:56.293064: I external/local_tsl/tsl/framework/bfc_allocator.cc:1100] InUse at 79c08e6b1e00 of size 256 next 141
2026-09-04 18:39:56.293070: I external/local_tsl/tsl/framework/bfc_allocator.cc:1100] InUse at 79c08e6b1f00 of size 256 next 142
2026-09-04 18:39:56.293077: I external/local_tsl/tsl/framework/bfc_allocator.cc:1100] InUse at 79c08e6b2000 of size 4096 next 143
2026-09-04 18:39:56.293083: I external/local_tsl/tsl/framework/bfc_allocator.cc:1100] InUse at 79c08e6b3000 of size 7680 next 132
2026-09-04 18:39:56.293090: I external/local_tsl/tsl/framework/bfc_allocator.cc:1100] InUse at 79c08e6b4e00 of size 2048 next 299
2026-09-04 18:39:56.293097: I external/local_tsl/tsl/framework/bfc_allocator.cc:1100] InUse at 79c08e6b5600 of size 4096 next 331
2026-09-04 18:39:56.293103: I external/local_tsl/tsl/framework/bfc_allocator.cc:1100] InUse at 79c08e6b6600 of size 4096 next 131
2026-09-04 18:39:56.293109: I external/local_tsl/tsl/framework/bfc_allocator.cc:1100] Free  at 79c08e6b7600 of size 12288 next 144
2026-09-04 18:39:56.293116: I external/local_tsl/tsl/framework/bfc_allocator.cc:1100] InUse at 79c08e6ba600 of size 256 next 145
2026-09-04 18:39:56.293122: I external/local_tsl/tsl/framework/bfc_allocator.cc:1100] InUse at 79c08e6ba700 of size 256 next 148
2026-09-04 18:39:56.293129: I external/local_tsl/tsl/framework/bfc_allocator.cc:1100] InUse at 79c08e6ba800 of size 4096 next 149
2026-09-04 18:39:56.293135: I external/local_tsl/tsl/framework/bfc_allocator.cc:1100] InUse at 79c08e6bb800 of size 4096 next 150
2026-09-04 18:39:56.293141: I external/local_tsl/tsl/framework/bfc_allocator.cc:1100] InUse at 79c08e6bc800 of size 256 next 300
2026-09-04 18:39:56.293148: I external/local_tsl/tsl/framework/bfc_allocator.cc:1100] InUse at 79c08e6bc900 of size 256 next 309
2026-09-04 18:39:56.293154: I external/local_tsl/tsl/framework/bfc_allocator.cc:1100] InUse at 79c08e6bca00 of size 256 next 311
2026-09-04 18:39:56.293161: I external/local_tsl/tsl/framework/bfc_allocator.cc:1100] InUse at 79c08e6bcb00 of size 256 next 319
2026-09-04 18:39:56.293167: I external/local_tsl/tsl/framework/bfc_allocator.cc:1100] InUse at 79c08e6bcc00 of size 256 next 307
2026-09-04 18:39:56.293174: I external/local_tsl/tsl/framework/bfc_allocator.cc:1100] InUse at 79c08e6bcd00 of size 256 next 239
2026-09-04 18:39:56.293180: I external/local_tsl/tsl/framework/bfc_allocator.cc:1100] InUse at 79c08e6bce00 of size 256 next 316
2026-09-04 18:39:56.293190: I external/local_tsl/tsl/framework/bfc_allocator.cc:1100] InUse at 79c08e6bcf00 of size 256 next 323
2026-09-04 18:39:56.293196: I external/local_tsl/tsl/framework/bfc_allocator.cc:1100] InUse at 79c08e6bd000 of size 256 next 264
2026-09-04 18:39:56.293203: I external/local_tsl/tsl/framework/bfc_allocator.cc:1100] InUse at 79c08e6bd100 of size 256 next 317
2026-09-04 18:39:56.293209: I external/local_tsl/tsl/framework/bfc_allocator.cc:1100] InUse at 79c08e6bd200 of size 256 next 312
2026-09-04 18:39:56.293215: I external/local_tsl/tsl/framework/bfc_allocator.cc:1100] InUse at 79c08e6bd300 of size 256 next 304
2026-09-04 18:39:56.293222: I external/local_tsl/tsl/framework/bfc_allocator.cc:1100] InUse at 79c08e6bd400 of size 256 next 315
2026-09-04 18:39:56.293228: I external/local_tsl/tsl/framework/bfc_allocator.cc:1100] InUse at 79c08e6bd500 of size 256 next 290
2026-09-04 18:39:56.293234: I external/local_tsl/tsl/framework/bfc_allocator.cc:1100] InUse at 79c08e6bd600 of size 256 next 318
2026-09-04 18:39:56.293241: I external/local_tsl/tsl/framework/bfc_allocator.cc:1100] InUse at 79c08e6bd700 of size 256 next 305
2026-09-04 18:39:56.293247: I external/local_tsl/tsl/framework/bfc_allocator.cc:1100] InUse at 79c08e6bd800 of size 256 next 321
2026-09-04 18:39:56.293254: I external/local_tsl/tsl/framework/bfc_allocator.cc:1100] InUse at 79c08e6bd900 of size 18432 next 334
2026-09-04 18:39:56.293260: I external/local_tsl/tsl/framework/bfc_allocator.cc:1100] InUse at 79c08e6c2100 of size 51712 next 328
2026-09-04 18:39:56.293268: I external/local_tsl/tsl/framework/bfc_allocator.cc:1100] InUse at 79c08e6ceb00 of size 256 next 327
2026-09-04 18:39:56.293274: I external/local_tsl/tsl/framework/bfc_allocator.cc:1100] InUse at 79c08e6cec00 of size 256 next 330
2026-09-04 18:39:56.293281: I external/local_tsl/tsl/framework/bfc_allocator.cc:1100] InUse at 79c08e6ced00 of size 256 next 301
2026-09-04 18:39:56.293287: I external/local_tsl/tsl/framework/bfc_allocator.cc:1100] InUse at 79c08e6cee00 of size 256 next 320
2026-09-04 18:39:56.293293: I external/local_tsl/tsl/framework/bfc_allocator.cc:1100] Free  at 79c08e6cef00 of size 118528 next 67
2026-09-04 18:39:56.293300: I external/local_tsl/tsl/framework/bfc_allocator.cc:1100] InUse at 79c08e6ebe00 of size 36864 next 153
2026-09-04 18:39:56.293307: I external/local_tsl/tsl/framework/bfc_allocator.cc:1100] InUse at 79c08e6f4e00 of size 256 next 228
2026-09-04 18:39:56.293313: I external/local_tsl/tsl/framework/bfc_allocator.cc:1100] InUse at 79c08e6f4f00 of size 256 next 237
2026-09-04 18:39:56.293320: I external/local_tsl/tsl/framework/bfc_allocator.cc:1100] InUse at 79c08e6f5000 of size 256 next 213
2026-09-04 18:39:56.293326: I external/local_tsl/tsl/framework/bfc_allocator.cc:1100] InUse at 79c08e6f5100 of size 256 next 238
2026-09-04 18:39:56.293332: I external/local_tsl/tsl/framework/bfc_allocator.cc:1100] InUse at 79c08e6f5200 of size 256 next 223
2026-09-04 18:39:56.293339: I external/local_tsl/tsl/framework/bfc_allocator.cc:1100] InUse at 79c08e6f5300 of size 256 next 251
2026-09-04 18:39:56.293345: I external/local_tsl/tsl/framework/bfc_allocator.cc:1100] InUse at 79c08e6f5400 of size 256 next 208
2026-09-04 18:39:56.293351: I external/local_tsl/tsl/framework/bfc_allocator.cc:1100] InUse at 79c08e6f5500 of size 256 next 244
2026-09-04 18:39:56.293358: I external/local_tsl/tsl/framework/bfc_allocator.cc:1100] InUse at 79c08e6f5600 of size 256 next 175
2026-09-04 18:39:56.293364: I external/local_tsl/tsl/framework/bfc_allocator.cc:1100] InUse at 79c08e6f5700 of size 256 next 224
2026-09-04 18:39:56.293370: I external/local_tsl/tsl/framework/bfc_allocator.cc:1100] InUse at 79c08e6f5800 of size 256 next 245
2026-09-04 18:39:56.293377: I external/local_tsl/tsl/framework/bfc_allocator.cc:1100] InUse at 79c08e6f5900 of size 256 next 248
2026-09-04 18:39:56.293383: I external/local_tsl/tsl/framework/bfc_allocator.cc:1100] InUse at 79c08e6f5a00 of size 256 next 202
2026-09-04 18:39:56.293390: I external/local_tsl/tsl/framework/bfc_allocator.cc:1100] InUse at 79c08e6f5b00 of size 256 next 242
2026-09-04 18:39:56.293399: I external/local_tsl/tsl/framework/bfc_allocator.cc:1100] InUse at 79c08e6f5c00 of size 256 next 240
2026-09-04 18:39:56.293406: I external/local_tsl/tsl/framework/bfc_allocator.cc:1100] InUse at 79c08e6f5d00 of size 256 next 253
2026-09-04 18:39:56.293413: I external/local_tsl/tsl/framework/bfc_allocator.cc:1100] InUse at 79c08e6f5e00 of size 256 next 266
2026-09-04 18:39:56.293419: I external/local_tsl/tsl/framework/bfc_allocator.cc:1100] InUse at 79c08e6f5f00 of size 256 next 260
2026-09-04 18:39:56.293425: I external/local_tsl/tsl/framework/bfc_allocator.cc:1100] InUse at 79c08e6f6000 of size 256 next 243
2026-09-04 18:39:56.293432: I external/local_tsl/tsl/framework/bfc_allocator.cc:1100] InUse at 79c08e6f6100 of size 256 next 269
2026-09-04 18:39:56.293438: I external/local_tsl/tsl/framework/bfc_allocator.cc:1100] InUse at 79c08e6f6200 of size 256 next 254
2026-09-04 18:39:56.293445: I external/local_tsl/tsl/framework/bfc_allocator.cc:1100] InUse at 79c08e6f6300 of size 256 next 271
2026-09-04 18:39:56.293451: I external/local_tsl/tsl/framework/bfc_allocator.cc:1100] InUse at 79c08e6f6400 of size 256 next 265
2026-09-04 18:39:56.293458: I external/local_tsl/tsl/framework/bfc_allocator.cc:1100] InUse at 79c08e6f6500 of size 256 next 273
2026-09-04 18:39:56.293465: I external/local_tsl/tsl/framework/bfc_allocator.cc:1100] InUse at 79c08e6f6600 of size 256 next 232
2026-09-04 18:39:56.293471: I external/local_tsl/tsl/framework/bfc_allocator.cc:1100] InUse at 79c08e6f6700 of size 256 next 275
2026-09-04 18:39:56.293478: I external/local_tsl/tsl/framework/bfc_allocator.cc:1100] InUse at 79c08e6f6800 of size 256 next 276
2026-09-04 18:39:56.293484: I external/local_tsl/tsl/framework/bfc_allocator.cc:1100] InUse at 79c08e6f6900 of size 256 next 252
2026-09-04 18:39:56.293491: I external/local_tsl/tsl/framework/bfc_allocator.cc:1100] InUse at 79c08e6f6a00 of size 256 next 256
2026-09-04 18:39:56.293497: I external/local_tsl/tsl/framework/bfc_allocator.cc:1100] InUse at 79c08e6f6b00 of size 256 next 225
2026-09-04 18:39:56.293504: I external/local_tsl/tsl/framework/bfc_allocator.cc:1100] InUse at 79c08e6f6c00 of size 256 next 250
2026-09-04 18:39:56.293510: I external/local_tsl/tsl/framework/bfc_allocator.cc:1100] InUse at 79c08e6f6d00 of size 256 next 272
2026-09-04 18:39:56.293516: I external/local_tsl/tsl/framework/bfc_allocator.cc:1100] InUse at 79c08e6f6e00 of size 256 next 282
2026-09-04 18:39:56.293523: I external/local_tsl/tsl/framework/bfc_allocator.cc:1100] InUse at 79c08e6f6f00 of size 256 next 274
2026-09-04 18:39:56.293529: I external/local_tsl/tsl/framework/bfc_allocator.cc:1100] InUse at 79c08e6f7000 of size 256 next 270
2026-09-04 18:39:56.293536: I external/local_tsl/tsl/framework/bfc_allocator.cc:1100] InUse at 79c08e6f7100 of size 256 next 278
2026-09-04 18:39:56.293542: I external/local_tsl/tsl/framework/bfc_allocator.cc:1100] InUse at 79c08e6f7200 of size 256 next 261
2026-09-04 18:39:56.293548: I external/local_tsl/tsl/framework/bfc_allocator.cc:1100] InUse at 79c08e6f7300 of size 256 next 263
2026-09-04 18:39:56.293555: I external/local_tsl/tsl/framework/bfc_allocator.cc:1100] InUse at 79c08e6f7400 of size 256 next 284
2026-09-04 18:39:56.293561: I external/local_tsl/tsl/framework/bfc_allocator.cc:1100] InUse at 79c08e6f7500 of size 256 next 257
2026-09-04 18:39:56.293567: I external/local_tsl/tsl/framework/bfc_allocator.cc:1100] InUse at 79c08e6f7600 of size 256 next 268
2026-09-04 18:39:56.293574: I external/local_tsl/tsl/framework/bfc_allocator.cc:1100] InUse at 79c08e6f7700 of size 256 next 258
2026-09-04 18:39:56.293580: I external/local_tsl/tsl/framework/bfc_allocator.cc:1100] InUse at 79c08e6f7800 of size 256 next 286
2026-09-04 18:39:56.293586: I external/local_tsl/tsl/framework/bfc_allocator.cc:1100] InUse at 79c08e6f7900 of size 256 next 277
2026-09-04 18:39:56.293593: I external/local_tsl/tsl/framework/bfc_allocator.cc:1100] InUse at 79c08e6f7a00 of size 256 next 255
2026-09-04 18:39:56.293599: I external/local_tsl/tsl/framework/bfc_allocator.cc:1100] InUse at 79c08e6f7b00 of size 256 next 291
2026-09-04 18:39:56.293609: I external/local_tsl/tsl/framework/bfc_allocator.cc:1100] InUse at 79c08e6f7c00 of size 256 next 292
2026-09-04 18:39:56.293615: I external/local_tsl/tsl/framework/bfc_allocator.cc:1100] InUse at 79c08e6f7d00 of size 256 next 293
2026-09-04 18:39:56.293622: I external/local_tsl/tsl/framework/bfc_allocator.cc:1100] InUse at 79c08e6f7e00 of size 256 next 294
2026-09-04 18:39:56.293628: I external/local_tsl/tsl/framework/bfc_allocator.cc:1100] InUse at 79c08e6f7f00 of size 256 next 295
2026-09-04 18:39:56.293634: I external/local_tsl/tsl/framework/bfc_allocator.cc:1100] InUse at 79c08e6f8000 of size 256 next 280
2026-09-04 18:39:56.293641: I external/local_tsl/tsl/framework/bfc_allocator.cc:1100] InUse at 79c08e6f8100 of size 256 next 247
2026-09-04 18:39:56.293647: I external/local_tsl/tsl/framework/bfc_allocator.cc:1100] InUse at 79c08e6f8200 of size 256 next 285
2026-09-04 18:39:56.293653: I external/local_tsl/tsl/framework/bfc_allocator.cc:1100] InUse at 79c08e6f8300 of size 256 next 262
2026-09-04 18:39:56.293660: I external/local_tsl/tsl/framework/bfc_allocator.cc:1100] InUse at 79c08e6f8400 of size 256 next 259
2026-09-04 18:39:56.293666: I external/local_tsl/tsl/framework/bfc_allocator.cc:1100] InUse at 79c08e6f8500 of size 256 next 297
2026-09-04 18:39:56.293673: I external/local_tsl/tsl/framework/bfc_allocator.cc:1100] InUse at 79c08e6f8600 of size 256 next 283
2026-09-04 18:39:56.293679: I external/local_tsl/tsl/framework/bfc_allocator.cc:1100] InUse at 79c08e6f8700 of size 256 next 249
2026-09-04 18:39:56.293686: I external/local_tsl/tsl/framework/bfc_allocator.cc:1100] InUse at 79c08e6f8800 of size 256 next 288
2026-09-04 18:39:56.293692: I external/local_tsl/tsl/framework/bfc_allocator.cc:1100] InUse at 79c08e6f8900 of size 256 next 287
2026-09-04 18:39:56.293698: I external/local_tsl/tsl/framework/bfc_allocator.cc:1100] InUse at 79c08e6f8a00 of size 256 next 289
2026-09-04 18:39:56.293705: I external/local_tsl/tsl/framework/bfc_allocator.cc:1100] InUse at 79c08e6f8b00 of size 256 next 302
2026-09-04 18:39:56.293711: I external/local_tsl/tsl/framework/bfc_allocator.cc:1100] InUse at 79c08e6f8c00 of size 256 next 281
2026-09-04 18:39:56.293718: I external/local_tsl/tsl/framework/bfc_allocator.cc:1100] Free  at 79c08e6f8d00 of size 256 next 310
2026-09-04 18:39:56.293725: I external/local_tsl/tsl/framework/bfc_allocator.cc:1100] InUse at 79c08e6f8e00 of size 256 next 279
2026-09-04 18:39:56.293731: I external/local_tsl/tsl/framework/bfc_allocator.cc:1100] InUse at 79c08e6f8f00 of size 256 next 296
2026-09-04 18:39:56.293737: I external/local_tsl/tsl/framework/bfc_allocator.cc:1100] InUse at 79c08e6f9000 of size 256 next 313
2026-09-04 18:39:56.293744: I external/local_tsl/tsl/framework/bfc_allocator.cc:1100] InUse at 79c08e6f9100 of size 256 next 267
2026-09-04 18:39:56.293750: I external/local_tsl/tsl/framework/bfc_allocator.cc:1100] InUse at 79c08e6f9200 of size 256 next 306
2026-09-04 18:39:56.293756: I external/local_tsl/tsl/framework/bfc_allocator.cc:1100] InUse at 79c08e6f9300 of size 256 next 308
2026-09-04 18:39:56.293763: I external/local_tsl/tsl/framework/bfc_allocator.cc:1100] InUse at 79c08e6f9400 of size 256 next 206
2026-09-04 18:39:56.293769: I external/local_tsl/tsl/framework/bfc_allocator.cc:1100] InUse at 79c08e6f9500 of size 256 next 166
2026-09-04 18:39:56.293776: I external/local_tsl/tsl/framework/bfc_allocator.cc:1100] InUse at 79c08e6f9600 of size 18432 next 152
2026-09-04 18:39:56.293782: I external/local_tsl/tsl/framework/bfc_allocator.cc:1100] InUse at 79c08e6fde00 of size 65536 next 164
2026-09-04 18:39:56.293789: I external/local_tsl/tsl/framework/bfc_allocator.cc:1100] InUse at 79c08e70de00 of size 131072 next 59
2026-09-04 18:39:56.293796: I external/local_tsl/tsl/framework/bfc_allocator.cc:1100] Free  at 79c08e72de00 of size 69632 next 91
2026-09-04 18:39:56.293802: I external/local_tsl/tsl/framework/bfc_allocator.cc:1100] InUse at 79c08e73ee00 of size 18432 next 182
2026-09-04 18:39:56.293812: I external/local_tsl/tsl/framework/bfc_allocator.cc:1100] InUse at 79c08e743600 of size 36864 next 185
2026-09-04 18:39:56.293819: I external/local_tsl/tsl/framework/bfc_allocator.cc:1100] InUse at 79c08e74c600 of size 36864 next 186
2026-09-04 18:39:56.293832: I external/local_tsl/tsl/framework/bfc_allocator.cc:1100] InUse at 79c08e755600 of size 69632 next 189
2026-09-04 18:39:56.293839: I external/local_tsl/tsl/framework/bfc_allocator.cc:1100] InUse at 79c08e766600 of size 69632 next 190
2026-09-04 18:39:56.293845: I external/local_tsl/tsl/framework/bfc_allocator.cc:1100] Free  at 79c08e777600 of size 215040 next 81
2026-09-04 18:39:56.293852: I external/local_tsl/tsl/framework/bfc_allocator.cc:1100] InUse at 79c08e7abe00 of size 262144 next 165
2026-09-04 18:39:56.293858: I external/local_tsl/tsl/framework/bfc_allocator.cc:1100] Free  at 79c08e7ebe00 of size 786432 next 90
2026-09-04 18:39:56.293865: I external/local_tsl/tsl/framework/bfc_allocator.cc:1100] InUse at 79c08e8abe00 of size 524288 next 82
2026-09-04 18:39:56.293872: I external/local_tsl/tsl/framework/bfc_allocator.cc:1100] InUse at 79c08e92be00 of size 1572864 next 105
2026-09-04 18:39:56.293878: I external/local_tsl/tsl/framework/bfc_allocator.cc:1100] InUse at 79c08eaabe00 of size 1048576 next 104
2026-09-04 18:39:56.293885: I external/local_tsl/tsl/framework/bfc_allocator.cc:1100] InUse at 79c08ebabe00 of size 1048576 next 112
2026-09-04 18:39:56.293891: I external/local_tsl/tsl/framework/bfc_allocator.cc:1100] InUse at 79c08ecabe00 of size 1048576 next 121
2026-09-04 18:39:56.293898: I external/local_tsl/tsl/framework/bfc_allocator.cc:1100] InUse at 79c08edabe00 of size 1048576 next 128
2026-09-04 18:39:56.293904: I external/local_tsl/tsl/framework/bfc_allocator.cc:1100] Free  at 79c08eeabe00 of size 7340032 next 140
2026-09-04 18:39:56.293911: I external/local_tsl/tsl/framework/bfc_allocator.cc:1100] InUse at 79c08f5abe00 of size 2097152 next 329
2026-09-04 18:39:56.293917: I external/local_tsl/tsl/framework/bfc_allocator.cc:1100] InUse at 79c08f7abe00 of size 4194304 next 246
2026-09-04 18:39:56.293924: I external/local_tsl/tsl/framework/bfc_allocator.cc:1100] Free  at 79c08fbabe00 of size 285357824 next 180
2026-09-04 18:39:56.293930: I external/local_tsl/tsl/framework/bfc_allocator.cc:1100] InUse at 79c0a0bcf500 of size 2097152 next 183
2026-09-04 18:39:56.293937: I external/local_tsl/tsl/framework/bfc_allocator.cc:1100] InUse at 79c0a0dcf500 of size 2097152 next 184
2026-09-04 18:39:56.293943: I external/local_tsl/tsl/framework/bfc_allocator.cc:1100] InUse at 79c0a0fcf500 of size 4194304 next 187
2026-09-04 18:39:56.293950: I external/local_tsl/tsl/framework/bfc_allocator.cc:1100] InUse at 79c0a13cf500 of size 4194304 next 188
2026-09-04 18:39:56.293956: I external/local_tsl/tsl/framework/bfc_allocator.cc:1100] Free  at 79c0a17cf500 of size 295897856 next 18446744073709551615
2026-09-04 18:39:56.293962: I external/local_tsl/tsl/framework/bfc_allocator.cc:1105]      Summary of in-use Chunks by size: 
2026-09-04 18:39:56.293971: I external/local_tsl/tsl/framework/bfc_allocator.cc:1108] 197 Chunks of size 256 totalling 49.2KiB
2026-09-04 18:39:56.293978: I external/local_tsl/tsl/framework/bfc_allocator.cc:1108] 11 Chunks of size 512 totalling 5.5KiB
2026-09-04 18:39:56.293984: I external/local_tsl/tsl/framework/bfc_allocator.cc:1108] 1 Chunks of size 768 totalling 768B
2026-09-04 18:39:56.293990: I external/local_tsl/tsl/framework/bfc_allocator.cc:1108] 11 Chunks of size 1024 totalling 11.0KiB
2026-09-04 18:39:56.293997: I external/local_tsl/tsl/framework/bfc_allocator.cc:1108] 4 Chunks of size 1280 totalling 5.0KiB
2026-09-04 18:39:56.294003: I external/local_tsl/tsl/framework/bfc_allocator.cc:1108] 32 Chunks of size 2048 totalling 64.0KiB
2026-09-04 18:39:56.294010: I external/local_tsl/tsl/framework/bfc_allocator.cc:1108] 3 Chunks of size 2304 totalling 6.8KiB
2026-09-04 18:39:56.294016: I external/local_tsl/tsl/framework/bfc_allocator.cc:1108] 1 Chunks of size 3072 totalling 3.0KiB
2026-09-04 18:39:56.294023: I external/local_tsl/tsl/framework/bfc_allocator.cc:1108] 1 Chunks of size 3840 totalling 3.8KiB
2026-09-04 18:39:56.294033: I external/local_tsl/tsl/framework/bfc_allocator.cc:1108] 8 Chunks of size 4096 totalling 32.0KiB
2026-09-04 18:39:56.294040: I external/local_tsl/tsl/framework/bfc_allocator.cc:1108] 1 Chunks of size 4608 totalling 4.5KiB
2026-09-04 18:39:56.294047: I external/local_tsl/tsl/framework/bfc_allocator.cc:1108] 1 Chunks of size 5888 totalling 5.8KiB
2026-09-04 18:39:56.294053: I external/local_tsl/tsl/framework/bfc_allocator.cc:1108] 1 Chunks of size 7680 totalling 7.5KiB
2026-09-04 18:39:56.294059: I external/local_tsl/tsl/framework/bfc_allocator.cc:1108] 2 Chunks of size 9216 totalling 18.0KiB
2026-09-04 18:39:56.294066: I external/local_tsl/tsl/framework/bfc_allocator.cc:1108] 1 Chunks of size 11264 totalling 11.0KiB
2026-09-04 18:39:56.294073: I external/local_tsl/tsl/framework/bfc_allocator.cc:1108] 7 Chunks of size 18432 totalling 126.0KiB
2026-09-04 18:39:56.294080: I external/local_tsl/tsl/framework/bfc_allocator.cc:1108] 1 Chunks of size 23552 totalling 23.0KiB
2026-09-04 18:39:56.294086: I external/local_tsl/tsl/framework/bfc_allocator.cc:1108] 3 Chunks of size 36864 totalling 108.0KiB
2026-09-04 18:39:56.294093: I external/local_tsl/tsl/framework/bfc_allocator.cc:1108] 1 Chunks of size 51712 totalling 50.5KiB
2026-09-04 18:39:56.294099: I external/local_tsl/tsl/framework/bfc_allocator.cc:1108] 1 Chunks of size 65536 totalling 64.0KiB
2026-09-04 18:39:56.294106: I external/local_tsl/tsl/framework/bfc_allocator.cc:1108] 2 Chunks of size 69632 totalling 136.0KiB
2026-09-04 18:39:56.294113: I external/local_tsl/tsl/framework/bfc_allocator.cc:1108] 1 Chunks of size 71680 totalling 70.0KiB
2026-09-04 18:39:56.294120: I external/local_tsl/tsl/framework/bfc_allocator.cc:1108] 1 Chunks of size 131072 totalling 128.0KiB
2026-09-04 18:39:56.294127: I external/local_tsl/tsl/framework/bfc_allocator.cc:1108] 1 Chunks of size 262144 totalling 256.0KiB
2026-09-04 18:39:56.294135: I external/local_tsl/tsl/framework/bfc_allocator.cc:1108] 1 Chunks of size 320768 totalling 313.2KiB
2026-09-04 18:39:56.294143: I external/local_tsl/tsl/framework/bfc_allocator.cc:1108] 1 Chunks of size 524288 totalling 512.0KiB
2026-09-04 18:39:56.294150: I external/local_tsl/tsl/framework/bfc_allocator.cc:1108] 4 Chunks of size 1048576 totalling 4.00MiB
2026-09-04 18:39:56.294158: I external/local_tsl/tsl/framework/bfc_allocator.cc:1108] 1 Chunks of size 1572864 totalling 1.50MiB
2026-09-04 18:39:56.294165: I external/local_tsl/tsl/framework/bfc_allocator.cc:1108] 3 Chunks of size 2097152 totalling 6.00MiB
2026-09-04 18:39:56.294172: I external/local_tsl/tsl/framework/bfc_allocator.cc:1108] 3 Chunks of size 4194304 totalling 12.00MiB
2026-09-04 18:39:56.294180: I external/local_tsl/tsl/framework/bfc_allocator.cc:1108] 1 Chunks of size 4697600 totalling 4.48MiB
2026-09-04 18:39:56.294187: I external/local_tsl/tsl/framework/bfc_allocator.cc:1108] 1 Chunks of size 115875840 totalling 110.51MiB
2026-09-04 18:39:56.294195: I external/local_tsl/tsl/framework/bfc_allocator.cc:1108] 1 Chunks of size 1697710080 totalling 1.58GiB
2026-09-04 18:39:56.294202: I external/local_tsl/tsl/framework/bfc_allocator.cc:1112] Sum Total of in-use chunks: 1.72GiB
2026-09-04 18:39:56.294208: I external/local_tsl/tsl/framework/bfc_allocator.cc:1114] Total bytes in pool: 2434793472 memory_limit_: 2434793472 available bytes: 0 curr_region_allocation_bytes_: 4869586944
2026-09-04 18:39:56.294218: I external/local_tsl/tsl/framework/bfc_allocator.cc:1119] Stats: 
Limit:                      2434793472
InUse:                      1844987904
MaxInUse:                   2167077632
NumAllocs:                       94610
MaxAllocSize:               1697710080
Reserved:                            0
PeakReserved:                        0
LargestFreeBlock:                    0

2026-09-04 18:39:56.294240: W external/local_tsl/tsl/framework/bfc_allocator.cc:499] ****************************************************************************___________*____________
Traceback (most recent call last):
  File "/home/luke/projects/buzzdetect-training/.local/worktrees/trunk-ft-restore-sens/03_train/main.py", line 52, in <module>
    train_set(
  File "/home/luke/projects/buzzdetect-training/.local/worktrees/trunk-ft-restore-sens/03_train/train.py", line 510, in train_set
    data = _load_data(setname, embeddername, folds_train, name_translation,
           ^^^^^^^^^^^^^^^^^^^^^^^^^^^^^^^^^^^^^^^^^^^^^^^^^^^^^^^^^^^^^^^^
  File "/home/luke/projects/buzzdetect-training/.local/worktrees/trunk-ft-restore-sens/03_train/train.py", line 141, in _load_data
    train_tf=_to_tf(data_train, size_batch, size_shuffle),
             ^^^^^^^^^^^^^^^^^^^^^^^^^^^^^^^^^^^^^^^^^^^^
  File "/home/luke/projects/buzzdetect-training/.local/worktrees/trunk-ft-restore-sens/03_train/train.py", line 69, in _to_tf
    ds = tf.data.Dataset.from_tensor_slices((emb_np, tgt_np))
         ^^^^^^^^^^^^^^^^^^^^^^^^^^^^^^^^^^^^^^^^^^^^^^^^^^^^
  File "/home/luke/anaconda3/envs/buzzdetect-train/lib/python3.12/site-packages/tensorflow/python/data/ops/dataset_ops.py", line 826, in from_tensor_slices
    return from_tensor_slices_op._from_tensor_slices(tensors, name)
           ^^^^^^^^^^^^^^^^^^^^^^^^^^^^^^^^^^^^^^^^^^^^^^^^^^^^^^^^
  File "/home/luke/anaconda3/envs/buzzdetect-train/lib/python3.12/site-packages/tensorflow/python/data/ops/from_tensor_slices_op.py", line 25, in _from_tensor_slices
    return _TensorSliceDataset(tensors, name=name)
           ^^^^^^^^^^^^^^^^^^^^^^^^^^^^^^^^^^^^^^^
  File "/home/luke/anaconda3/envs/buzzdetect-train/lib/python3.12/site-packages/tensorflow/python/data/ops/from_tensor_slices_op.py", line 33, in __init__
    element = structure.normalize_element(element)
              ^^^^^^^^^^^^^^^^^^^^^^^^^^^^^^^^^^^^
  File "/home/luke/anaconda3/envs/buzzdetect-train/lib/python3.12/site-packages/tensorflow/python/data/util/structure.py", line 134, in normalize_element
    ops.convert_to_tensor(t, name="component_%d" % i, dtype=dtype))
    ^^^^^^^^^^^^^^^^^^^^^^^^^^^^^^^^^^^^^^^^^^^^^^^^^^^^^^^^^^^^^^
  File "/home/luke/anaconda3/envs/buzzdetect-train/lib/python3.12/site-packages/tensorflow/python/profiler/trace.py", line 183, in wrapped
    return func(*args, **kwargs)
           ^^^^^^^^^^^^^^^^^^^^^
  File "/home/luke/anaconda3/envs/buzzdetect-train/lib/python3.12/site-packages/tensorflow/python/framework/ops.py", line 713, in convert_to_tensor
    return tensor_conversion_registry.convert(
           ^^^^^^^^^^^^^^^^^^^^^^^^^^^^^^^^^^^
  File "/home/luke/anaconda3/envs/buzzdetect-train/lib/python3.12/site-packages/tensorflow/python/framework/tensor_conversion_registry.py", line 234, in convert
    ret = conversion_func(value, dtype=dtype, name=name, as_ref=as_ref)
          ^^^^^^^^^^^^^^^^^^^^^^^^^^^^^^^^^^^^^^^^^^^^^^^^^^^^^^^^^^^^^
  File "/home/luke/anaconda3/envs/buzzdetect-train/lib/python3.12/site-packages/tensorflow/python/framework/constant_tensor_conversion.py", line 29, in _constant_tensor_conversion_function
    return constant_op.constant(v, dtype=dtype, name=name)
           ^^^^^^^^^^^^^^^^^^^^^^^^^^^^^^^^^^^^^^^^^^^^^^^
  File "/home/luke/anaconda3/envs/buzzdetect-train/lib/python3.12/site-packages/tensorflow/python/ops/weak_tensor_ops.py", line 142, in wrapper
    return op(*args, **kwargs)
           ^^^^^^^^^^^^^^^^^^^
  File "/home/luke/anaconda3/envs/buzzdetect-train/lib/python3.12/site-packages/tensorflow/python/framework/constant_op.py", line 276, in constant
    return _constant_impl(value, dtype, shape, name, verify_shape=False,
           ^^^^^^^^^^^^^^^^^^^^^^^^^^^^^^^^^^^^^^^^^^^^^^^^^^^^^^^^^^^^^
  File "/home/luke/anaconda3/envs/buzzdetect-train/lib/python3.12/site-packages/tensorflow/python/framework/constant_op.py", line 289, in _constant_impl
    return _constant_eager_impl(ctx, value, dtype, shape, verify_shape)
           ^^^^^^^^^^^^^^^^^^^^^^^^^^^^^^^^^^^^^^^^^^^^^^^^^^^^^^^^^^^^
  File "/home/luke/anaconda3/envs/buzzdetect-train/lib/python3.12/site-packages/tensorflow/python/framework/constant_op.py", line 301, in _constant_eager_impl
    t = convert_to_eager_tensor(value, ctx, dtype)
        ^^^^^^^^^^^^^^^^^^^^^^^^^^^^^^^^^^^^^^^^^^
  File "/home/luke/anaconda3/envs/buzzdetect-train/lib/python3.12/site-packages/tensorflow/python/framework/constant_op.py", line 108, in convert_to_eager_tensor
    return ops.EagerTensor(value, ctx.device_name, dtype)
           ^^^^^^^^^^^^^^^^^^^^^^^^^^^^^^^^^^^^^^^^^^^^^^
tensorflow.python.framework.errors_impl.InternalError: Failed copying input tensor from /job:localhost/replica:0/task:0/device:CPU:0 to /job:localhost/replica:0/task:0/device:GPU:0 in order to run _EagerConst: Dst tensor is not initialized.
=== attempt 8 exited rc=1 ===
=== attempt 9 2026-09-04_18:39:57 ===
2026-09-04 18:39:58.158353: E external/local_xla/xla/stream_executor/cuda/cuda_fft.cc:479] Unable to register cuFFT factory: Attempting to register factory for plugin cuFFT when one has already been registered
2026-09-04 18:39:58.182191: E external/local_xla/xla/stream_executor/cuda/cuda_dnn.cc:10575] Unable to register cuDNN factory: Attempting to register factory for plugin cuDNN when one has already been registered
2026-09-04 18:39:58.182248: E external/local_xla/xla/stream_executor/cuda/cuda_blas.cc:1442] Unable to register cuBLAS factory: Attempting to register factory for plugin cuBLAS when one has already been registered
2026-09-04 18:39:59.053449: W tensorflow/compiler/tf2tensorrt/utils/py_utils.cc:38] TF-TRT Warning: Could not find TensorRT
[trunk_ft_restore_sens] set medium, embedder yamnet_trunk, translation general: 11 rotating fold(s), 311 train-only, 0 holdout
[1/11] JamesU - MustardBumbler/1_29: already trained; skipping
[2/11] Lily - Fit+Fast/2023_R3_Marysville/53: already trained; skipping
[3/11] Lily Adam - One Hive/recorders/willard/2024-08-07/1_11: already trained; skipping
[4/11] Lily Adam - One Hive/recorders/wooster/2024-07-26/1_143: already trained; skipping
[5/11] Luke - Diel Drivers/2026-04-08/1_150: already trained; skipping
[6/11] Luke - Diel Drivers/2026-05-06/1_95: already trained; skipping
[7/11] Luke - Various Opportunistic Recordings/2025-06-23/1_23: already trained; skipping
[8/11] Luke - Various Opportunistic Recordings/2025-07-03/1_37: already trained; skipping
/home/luke/projects/buzzdetect-training/.local/worktrees/trunk-ft-restore-sens/03_train/dataset.py:130: UserWarning: all 1 embedding file(s) under /home/luke/projects/buzzdetect-training/.local/worktrees/trunk-ft-restore-sens/02_set/sets/medium/embeddings/yamnet_trunk/raw/Luke - External Data Sources/InsectSound1000/Coccinella_septempunctata/2023419-16-19/000020 were dropped by the translation; raw label(s) present: ['EXCLUDE']
  warnings.warn(
/home/luke/projects/buzzdetect-training/.local/worktrees/trunk-ft-restore-sens/03_train/dataset.py:130: UserWarning: all 1 embedding file(s) under /home/luke/projects/buzzdetect-training/.local/worktrees/trunk-ft-restore-sens/02_set/sets/medium/embeddings/yamnet_trunk/raw/Luke - External Data Sources/InsectSound1000/Nezara_viridula/2022511-18-10/000018 were dropped by the translation; raw label(s) present: ['EXCLUDE']
  warnings.warn(
/home/luke/projects/buzzdetect-training/.local/worktrees/trunk-ft-restore-sens/03_train/dataset.py:130: UserWarning: all 2 embedding file(s) under /home/luke/projects/buzzdetect-training/.local/worktrees/trunk-ft-restore-sens/02_set/sets/medium/embeddings/yamnet_trunk/raw/Luke - External Data Sources/InsectSound1000/Nezara_viridula/2022511-18-10/000025 were dropped by the translation; raw label(s) present: ['EXCLUDE']
  warnings.warn(
/home/luke/projects/buzzdetect-training/.local/worktrees/trunk-ft-restore-sens/03_train/dataset.py:130: UserWarning: all 1 embedding file(s) under /home/luke/projects/buzzdetect-training/.local/worktrees/trunk-ft-restore-sens/02_set/sets/medium/embeddings/yamnet_trunk/raw/Luke - External Data Sources/InsectSound1000/Nezara_viridula/2022511-18-10/000032 were dropped by the translation; raw label(s) present: ['EXCLUDE']
  warnings.warn(
2026-09-04 18:40:07.925200: I external/local_xla/xla/stream_executor/cuda/cuda_executor.cc:998] successful NUMA node read from SysFS had negative value (-1), but there must be at least one NUMA node, so returning NUMA node zero. See more at https://github.com/torvalds/linux/blob/v6.0/Documentation/ABI/testing/sysfs-bus-pci#L344-L355
2026-09-04 18:40:07.963357: I external/local_xla/xla/stream_executor/cuda/cuda_executor.cc:998] successful NUMA node read from SysFS had negative value (-1), but there must be at least one NUMA node, so returning NUMA node zero. See more at https://github.com/torvalds/linux/blob/v6.0/Documentation/ABI/testing/sysfs-bus-pci#L344-L355
2026-09-04 18:40:07.965624: I external/local_xla/xla/stream_executor/cuda/cuda_executor.cc:998] successful NUMA node read from SysFS had negative value (-1), but there must be at least one NUMA node, so returning NUMA node zero. See more at https://github.com/torvalds/linux/blob/v6.0/Documentation/ABI/testing/sysfs-bus-pci#L344-L355
2026-09-04 18:40:07.968559: I external/local_xla/xla/stream_executor/cuda/cuda_executor.cc:998] successful NUMA node read from SysFS had negative value (-1), but there must be at least one NUMA node, so returning NUMA node zero. See more at https://github.com/torvalds/linux/blob/v6.0/Documentation/ABI/testing/sysfs-bus-pci#L344-L355
2026-09-04 18:40:07.970562: I external/local_xla/xla/stream_executor/cuda/cuda_executor.cc:998] successful NUMA node read from SysFS had negative value (-1), but there must be at least one NUMA node, so returning NUMA node zero. See more at https://github.com/torvalds/linux/blob/v6.0/Documentation/ABI/testing/sysfs-bus-pci#L344-L355
2026-09-04 18:40:07.972553: I external/local_xla/xla/stream_executor/cuda/cuda_executor.cc:998] successful NUMA node read from SysFS had negative value (-1), but there must be at least one NUMA node, so returning NUMA node zero. See more at https://github.com/torvalds/linux/blob/v6.0/Documentation/ABI/testing/sysfs-bus-pci#L344-L355
2026-09-04 18:40:08.130371: I external/local_xla/xla/stream_executor/cuda/cuda_executor.cc:998] successful NUMA node read from SysFS had negative value (-1), but there must be at least one NUMA node, so returning NUMA node zero. See more at https://github.com/torvalds/linux/blob/v6.0/Documentation/ABI/testing/sysfs-bus-pci#L344-L355
2026-09-04 18:40:08.131444: I external/local_xla/xla/stream_executor/cuda/cuda_executor.cc:998] successful NUMA node read from SysFS had negative value (-1), but there must be at least one NUMA node, so returning NUMA node zero. See more at https://github.com/torvalds/linux/blob/v6.0/Documentation/ABI/testing/sysfs-bus-pci#L344-L355
2026-09-04 18:40:08.132433: I external/local_xla/xla/stream_executor/cuda/cuda_executor.cc:998] successful NUMA node read from SysFS had negative value (-1), but there must be at least one NUMA node, so returning NUMA node zero. See more at https://github.com/torvalds/linux/blob/v6.0/Documentation/ABI/testing/sysfs-bus-pci#L344-L355
2026-09-04 18:40:08.133387: I tensorflow/core/common_runtime/gpu/gpu_device.cc:1928] Created device /job:localhost/replica:0/task:0/device:GPU:0 with 2322 MB memory:  -> device: 0, name: NVIDIA GeForce GTX 1650, pci bus id: 0000:01:00.0, compute capability: 7.5
2026-09-04 18:40:08.134674: W external/local_tsl/tsl/framework/cpu_allocator_impl.cc:83] Allocation of 1790435328 exceeds 10% of free system memory.
2026-09-04 18:40:09.437597: W external/local_tsl/tsl/framework/cpu_allocator_impl.cc:83] Allocation of 1790435328 exceeds 10% of free system memory.
[trunk_ft_restore_sens_foldLuke - Various Opportunistic Recordings/2025-08-05/31] training on 321 fold(s), 72853 frames; early stopping on Luke - Various Opportunistic Recordings/2025-08-05/31 (942 frames)...
/home/luke/anaconda3/envs/buzzdetect-train/lib/python3.12/site-packages/keras/src/trainers/epoch_iterator.py:74: UserWarning: `shuffle=True` was passed, but will be ignored since the data `x` was provided as a tf.data.Dataset. The Dataset is expected to already be shuffled (via `.shuffle(buffer_size)`).
  self.data_adapter = data_adapters.get_data_adapter(
Epoch 1/400
2026-09-04 18:40:12.010417: W external/local_tsl/tsl/framework/cpu_allocator_impl.cc:83] Allocation of 1790435328 exceeds 10% of free system memory.
WARNING: All log messages before absl::InitializeLog() is called are written to STDERR
I0000 00:00:1788561614.240388 1354927 service.cc:145] XLA service 0x5b3d5a708270 initialized for platform CUDA (this does not guarantee that XLA will be used). Devices:
I0000 00:00:1788561614.240531 1354927 service.cc:153]   StreamExecutor device (0): NVIDIA GeForce GTX 1650, Compute Capability 7.5
2026-09-04 18:40:14.327186: I tensorflow/compiler/mlir/tensorflow/utils/dump_mlir_util.cc:268] disabling MLIR crash reproducer, set env var `MLIR_CRASH_REPRODUCER_DIRECTORY` to enable.
2026-09-04 18:40:14.615103: I external/local_xla/xla/stream_executor/cuda/cuda_dnn.cc:465] Loaded cuDNN version 8907
2026-09-04 18:40:15.855057: W external/local_tsl/tsl/framework/bfc_allocator.cc:296] Allocator (GPU_0_bfc) ran out of memory trying to allocate 696.00MiB with freed_by_count=0. The caller indicates that this is not a failure, but this may mean that there could be performance gains if more memory were available.
2026-09-04 18:40:15.855132: W external/local_tsl/tsl/framework/bfc_allocator.cc:296] Allocator (GPU_0_bfc) ran out of memory trying to allocate 2.27GiB with freed_by_count=0. The caller indicates that this is not a failure, but this may mean that there could be performance gains if more memory were available.
2026-09-04 18:40:17.386286: W external/local_tsl/tsl/framework/bfc_allocator.cc:296] Allocator (GPU_0_bfc) ran out of memory trying to allocate 968.00MiB with freed_by_count=0. The caller indicates that this is not a failure, but this may mean that there could be performance gains if more memory were available.
2026-09-04 18:40:17.386364: W external/local_tsl/tsl/framework/bfc_allocator.cc:296] Allocator (GPU_0_bfc) ran out of memory trying to allocate 4.52GiB with freed_by_count=0. The caller indicates that this is not a failure, but this may mean that there could be performance gains if more memory were available.
2026-09-04 18:40:17.775528: W external/local_tsl/tsl/framework/bfc_allocator.cc:296] Allocator (GPU_0_bfc) ran out of memory trying to allocate 696.00MiB with freed_by_count=0. The caller indicates that this is not a failure, but this may mean that there could be performance gains if more memory were available.
2026-09-04 18:40:17.775597: W external/local_tsl/tsl/framework/bfc_allocator.cc:296] Allocator (GPU_0_bfc) ran out of memory trying to allocate 3.39GiB with freed_by_count=0. The caller indicates that this is not a failure, but this may mean that there could be performance gains if more memory were available.
2026-09-04 18:40:17.915441: W external/local_tsl/tsl/framework/bfc_allocator.cc:296] Allocator (GPU_0_bfc) ran out of memory trying to allocate 2.02GiB with freed_by_count=0. The caller indicates that this is not a failure, but this may mean that there could be performance gains if more memory were available.
2026-09-04 18:40:17.915513: W external/local_tsl/tsl/framework/bfc_allocator.cc:296] Allocator (GPU_0_bfc) ran out of memory trying to allocate 2.02GiB with freed_by_count=0. The caller indicates that this is not a failure, but this may mean that there could be performance gains if more memory were available.
2026-09-04 18:40:17.915539: W external/local_tsl/tsl/framework/bfc_allocator.cc:296] Allocator (GPU_0_bfc) ran out of memory trying to allocate 2.02GiB with freed_by_count=0. The caller indicates that this is not a failure, but this may mean that there could be performance gains if more memory were available.
2026-09-04 18:40:18.780392: W external/local_tsl/tsl/framework/bfc_allocator.cc:296] Allocator (GPU_0_bfc) ran out of memory trying to allocate 4.02GiB with freed_by_count=0. The caller indicates that this is not a failure, but this may mean that there could be performance gains if more memory were available.
I0000 00:00:1788561621.944515 1354927 device_compiler.h:188] Compiled cluster using XLA!  This line is logged at most once for the lifetime of the process.
72/72 - 20s - 282ms/step - accuracy: 0.0967 - loss: 0.5164 - val_accuracy: 0.2144 - val_loss: 0.4461 - val_sens_fpr0.005: 0.0487
Epoch 2/400
72/72 - 5s - 66ms/step - accuracy: 0.3261 - loss: 0.4096 - val_accuracy: 0.3992 - val_loss: 0.4427 - val_sens_fpr0.005: 0.1114
Epoch 3/400
72/72 - 5s - 66ms/step - accuracy: 0.4480 - loss: 0.3963 - val_accuracy: 0.4225 - val_loss: 0.4420 - val_sens_fpr0.005: 0.1199
Epoch 4/400
72/72 - 5s - 66ms/step - accuracy: 0.4890 - loss: 0.3902 - val_accuracy: 0.4374 - val_loss: 0.4391 - val_sens_fpr0.005: 0.1336
Epoch 5/400
72/72 - 5s - 66ms/step - accuracy: 0.5154 - loss: 0.3862 - val_accuracy: 0.4406 - val_loss: 0.4381 - val_sens_fpr0.005: 0.1485
Epoch 6/400
72/72 - 5s - 66ms/step - accuracy: 0.5360 - loss: 0.3835 - val_accuracy: 0.4427 - val_loss: 0.4380 - val_sens_fpr0.005: 0.1629
Epoch 7/400
72/72 - 5s - 66ms/step - accuracy: 0.5509 - loss: 0.3812 - val_accuracy: 0.4437 - val_loss: 0.4365 - val_sens_fpr0.005: 0.1709
Epoch 8/400
72/72 - 5s - 66ms/step - accuracy: 0.5654 - loss: 0.3796 - val_accuracy: 0.4501 - val_loss: 0.4354 - val_sens_fpr0.005: 0.1685
Epoch 9/400
72/72 - 5s - 66ms/step - accuracy: 0.5764 - loss: 0.3781 - val_accuracy: 0.4554 - val_loss: 0.4349 - val_sens_fpr0.005: 0.1695
Epoch 10/400
72/72 - 5s - 66ms/step - accuracy: 0.5841 - loss: 0.3767 - val_accuracy: 0.4522 - val_loss: 0.4336 - val_sens_fpr0.005: 0.1706
Epoch 11/400
72/72 - 5s - 65ms/step - accuracy: 0.5917 - loss: 0.3757 - val_accuracy: 0.4607 - val_loss: 0.4306 - val_sens_fpr0.005: 0.1589
Epoch 12/400
72/72 - 5s - 66ms/step - accuracy: 0.6018 - loss: 0.3747 - val_accuracy: 0.4597 - val_loss: 0.4305 - val_sens_fpr0.005: 0.1612
Epoch 13/400
72/72 - 5s - 65ms/step - accuracy: 0.6079 - loss: 0.3738 - val_accuracy: 0.4607 - val_loss: 0.4310 - val_sens_fpr0.005: 0.1651
Epoch 14/400
72/72 - 5s - 66ms/step - accuracy: 0.6130 - loss: 0.3731 - val_accuracy: 0.4586 - val_loss: 0.4289 - val_sens_fpr0.005: 0.1736
Epoch 15/400
72/72 - 5s - 65ms/step - accuracy: 0.6168 - loss: 0.3724 - val_accuracy: 0.4607 - val_loss: 0.4281 - val_sens_fpr0.005: 0.1727
Epoch 16/400
72/72 - 5s - 65ms/step - accuracy: 0.6225 - loss: 0.3717 - val_accuracy: 0.4628 - val_loss: 0.4276 - val_sens_fpr0.005: 0.1576
Epoch 17/400
72/72 - 5s - 65ms/step - accuracy: 0.6254 - loss: 0.3710 - val_accuracy: 0.4639 - val_loss: 0.4279 - val_sens_fpr0.005: 0.1535
Epoch 18/400
72/72 - 5s - 65ms/step - accuracy: 0.6286 - loss: 0.3704 - val_accuracy: 0.4650 - val_loss: 0.4270 - val_sens_fpr0.005: 0.1359
Epoch 19/400
72/72 - 5s - 65ms/step - accuracy: 0.6332 - loss: 0.3698 - val_accuracy: 0.4671 - val_loss: 0.4267 - val_sens_fpr0.005: 0.1344
Epoch 20/400
72/72 - 5s - 66ms/step - accuracy: 0.6359 - loss: 0.3693 - val_accuracy: 0.4692 - val_loss: 0.4263 - val_sens_fpr0.005: 0.1288
Epoch 21/400
72/72 - 5s - 65ms/step - accuracy: 0.6390 - loss: 0.3688 - val_accuracy: 0.4682 - val_loss: 0.4257 - val_sens_fpr0.005: 0.1255
Epoch 22/400
72/72 - 5s - 65ms/step - accuracy: 0.6417 - loss: 0.3683 - val_accuracy: 0.4724 - val_loss: 0.4257 - val_sens_fpr0.005: 0.1264
Epoch 23/400
72/72 - 5s - 66ms/step - accuracy: 0.6425 - loss: 0.3679 - val_accuracy: 0.4692 - val_loss: 0.4243 - val_sens_fpr0.005: 0.1206
Epoch 24/400
72/72 - 5s - 65ms/step - accuracy: 0.6450 - loss: 0.3675 - val_accuracy: 0.4692 - val_loss: 0.4244 - val_sens_fpr0.005: 0.1222
Epoch 25/400
72/72 - 5s - 65ms/step - accuracy: 0.6487 - loss: 0.3672 - val_accuracy: 0.4756 - val_loss: 0.4244 - val_sens_fpr0.005: 0.1214
Epoch 26/400
72/72 - 5s - 66ms/step - accuracy: 0.6498 - loss: 0.3668 - val_accuracy: 0.4777 - val_loss: 0.4250 - val_sens_fpr0.005: 0.1166
Epoch 27/400
72/72 - 5s - 66ms/step - accuracy: 0.6533 - loss: 0.3664 - val_accuracy: 0.4713 - val_loss: 0.4239 - val_sens_fpr0.005: 0.1149
Epoch 28/400
72/72 - 5s - 65ms/step - accuracy: 0.6536 - loss: 0.3661 - val_accuracy: 0.4713 - val_loss: 0.4238 - val_sens_fpr0.005: 0.1206
Epoch 29/400
72/72 - 5s - 65ms/step - accuracy: 0.6558 - loss: 0.3657 - val_accuracy: 0.4724 - val_loss: 0.4240 - val_sens_fpr0.005: 0.1175
Epoch 30/400
72/72 - 5s - 66ms/step - accuracy: 0.6585 - loss: 0.3654 - val_accuracy: 0.4735 - val_loss: 0.4239 - val_sens_fpr0.005: 0.1142
Epoch 31/400
72/72 - 5s - 65ms/step - accuracy: 0.6602 - loss: 0.3651 - val_accuracy: 0.4756 - val_loss: 0.4241 - val_sens_fpr0.005: 0.1223
Epoch 32/400
72/72 - 5s - 66ms/step - accuracy: 0.6603 - loss: 0.3648 - val_accuracy: 0.4745 - val_loss: 0.4239 - val_sens_fpr0.005: 0.1143
Epoch 33/400
72/72 - 5s - 66ms/step - accuracy: 0.6620 - loss: 0.3644 - val_accuracy: 0.4798 - val_loss: 0.4229 - val_sens_fpr0.005: 0.1135
Epoch 34/400
72/72 - 5s - 66ms/step - accuracy: 0.6645 - loss: 0.3642 - val_accuracy: 0.4745 - val_loss: 0.4237 - val_sens_fpr0.005: 0.1118
Epoch 35/400
72/72 - 5s - 66ms/step - accuracy: 0.6670 - loss: 0.3639 - val_accuracy: 0.4777 - val_loss: 0.4234 - val_sens_fpr0.005: 0.1061
Epoch 36/400
72/72 - 5s - 66ms/step - accuracy: 0.6668 - loss: 0.3637 - val_accuracy: 0.4766 - val_loss: 0.4236 - val_sens_fpr0.005: 0.1119
Epoch 37/400
72/72 - 5s - 65ms/step - accuracy: 0.6688 - loss: 0.3635 - val_accuracy: 0.4809 - val_loss: 0.4231 - val_sens_fpr0.005: 0.1037
Epoch 38/400
72/72 - 5s - 66ms/step - accuracy: 0.6694 - loss: 0.3633 - val_accuracy: 0.4777 - val_loss: 0.4227 - val_sens_fpr0.005: 0.1076
Epoch 39/400
72/72 - 5s - 65ms/step - accuracy: 0.6711 - loss: 0.3630 - val_accuracy: 0.4766 - val_loss: 0.4233 - val_sens_fpr0.005: 0.1068
Epoch 40/400
72/72 - 5s - 66ms/step - accuracy: 0.6727 - loss: 0.3627 - val_accuracy: 0.4788 - val_loss: 0.4233 - val_sens_fpr0.005: 0.0954
Epoch 41/400
72/72 - 5s - 65ms/step - accuracy: 0.6729 - loss: 0.3626 - val_accuracy: 0.4745 - val_loss: 0.4251 - val_sens_fpr0.005: 0.0953
Epoch 42/400
72/72 - 5s - 65ms/step - accuracy: 0.6755 - loss: 0.3623 - val_accuracy: 0.4766 - val_loss: 0.4245 - val_sens_fpr0.005: 0.0898
Epoch 43/400
72/72 - 5s - 65ms/step - accuracy: 0.6752 - loss: 0.3621 - val_accuracy: 0.4798 - val_loss: 0.4230 - val_sens_fpr0.005: 0.0896
Epoch 44/400
72/72 - 5s - 66ms/step - accuracy: 0.6772 - loss: 0.3619 - val_accuracy: 0.4820 - val_loss: 0.4237 - val_sens_fpr0.005: 0.0912
Epoch 45/400
72/72 - 5s - 66ms/step - accuracy: 0.6776 - loss: 0.3616 - val_accuracy: 0.4788 - val_loss: 0.4243 - val_sens_fpr0.005: 0.0871
Epoch 46/400
72/72 - 5s - 65ms/step - accuracy: 0.6780 - loss: 0.3616 - val_accuracy: 0.4820 - val_loss: 0.4251 - val_sens_fpr0.005: 0.0768
Epoch 47/400
72/72 - 5s - 65ms/step - accuracy: 0.6788 - loss: 0.3614 - val_accuracy: 0.4841 - val_loss: 0.4226 - val_sens_fpr0.005: 0.0839
Epoch 48/400
72/72 - 5s - 66ms/step - accuracy: 0.6816 - loss: 0.3610 - val_accuracy: 0.4798 - val_loss: 0.4243 - val_sens_fpr0.005: 0.0831
Epoch 49/400
72/72 - 5s - 65ms/step - accuracy: 0.6819 - loss: 0.3610 - val_accuracy: 0.4745 - val_loss: 0.4248 - val_sens_fpr0.005: 0.0711
Epoch 50/400
72/72 - 5s - 66ms/step - accuracy: 0.6833 - loss: 0.3607 - val_accuracy: 0.4809 - val_loss: 0.4244 - val_sens_fpr0.005: 0.0639
Epoch 51/400
72/72 - 5s - 65ms/step - accuracy: 0.6828 - loss: 0.3606 - val_accuracy: 0.4820 - val_loss: 0.4242 - val_sens_fpr0.005: 0.0695
Epoch 52/400
72/72 - 5s - 66ms/step - accuracy: 0.6843 - loss: 0.3604 - val_accuracy: 0.4788 - val_loss: 0.4248 - val_sens_fpr0.005: 0.0640
Epoch 53/400
72/72 - 5s - 66ms/step - accuracy: 0.6858 - loss: 0.3601 - val_accuracy: 0.4830 - val_loss: 0.4234 - val_sens_fpr0.005: 0.0599
Epoch 54/400
72/72 - 5s - 66ms/step - accuracy: 0.6850 - loss: 0.3601 - val_accuracy: 0.4798 - val_loss: 0.4259 - val_sens_fpr0.005: 0.0591
Epoch 55/400
72/72 - 5s - 66ms/step - accuracy: 0.6878 - loss: 0.3599 - val_accuracy: 0.4798 - val_loss: 0.4247 - val_sens_fpr0.005: 0.0582
Epoch 56/400
72/72 - 5s - 66ms/step - accuracy: 0.6889 - loss: 0.3597 - val_accuracy: 0.4809 - val_loss: 0.4256 - val_sens_fpr0.005: 0.0559
Epoch 57/400
72/72 - 5s - 66ms/step - accuracy: 0.6882 - loss: 0.3595 - val_accuracy: 0.4820 - val_loss: 0.4241 - val_sens_fpr0.005: 0.0584
Epoch 58/400
72/72 - 5s - 66ms/step - accuracy: 0.6903 - loss: 0.3594 - val_accuracy: 0.4820 - val_loss: 0.4248 - val_sens_fpr0.005: 0.0567
Epoch 59/400
72/72 - 5s - 66ms/step - accuracy: 0.6897 - loss: 0.3593 - val_accuracy: 0.4873 - val_loss: 0.4262 - val_sens_fpr0.005: 0.0535
Epoch 60/400
72/72 - 5s - 65ms/step - accuracy: 0.6900 - loss: 0.3591 - val_accuracy: 0.4820 - val_loss: 0.4251 - val_sens_fpr0.005: 0.0551
Epoch 61/400
72/72 - 5s - 66ms/step - accuracy: 0.6908 - loss: 0.3590 - val_accuracy: 0.4798 - val_loss: 0.4241 - val_sens_fpr0.005: 0.0543
Epoch 62/400
72/72 - 5s - 66ms/step - accuracy: 0.6919 - loss: 0.3588 - val_accuracy: 0.4841 - val_loss: 0.4257 - val_sens_fpr0.005: 0.0493
Epoch 63/400
72/72 - 5s - 66ms/step - accuracy: 0.6934 - loss: 0.3587 - val_accuracy: 0.4798 - val_loss: 0.4256 - val_sens_fpr0.005: 0.0461
Epoch 64/400
72/72 - 5s - 66ms/step - accuracy: 0.6931 - loss: 0.3586 - val_accuracy: 0.4809 - val_loss: 0.4270 - val_sens_fpr0.005: 0.0461
Epoch 65/400
72/72 - 5s - 65ms/step - accuracy: 0.6933 - loss: 0.3584 - val_accuracy: 0.4830 - val_loss: 0.4269 - val_sens_fpr0.005: 0.0445
Epoch 66/400
72/72 - 5s - 66ms/step - accuracy: 0.6949 - loss: 0.3582 - val_accuracy: 0.4830 - val_loss: 0.4258 - val_sens_fpr0.005: 0.0453
Epoch 67/400
72/72 - 5s - 66ms/step - accuracy: 0.6959 - loss: 0.3582 - val_accuracy: 0.4862 - val_loss: 0.4257 - val_sens_fpr0.005: 0.0397
Epoch 68/400
72/72 - 5s - 66ms/step - accuracy: 0.6968 - loss: 0.3580 - val_accuracy: 0.4820 - val_loss: 0.4263 - val_sens_fpr0.005: 0.0389
Epoch 69/400
72/72 - 5s - 66ms/step - accuracy: 0.6976 - loss: 0.3579 - val_accuracy: 0.4788 - val_loss: 0.4270 - val_sens_fpr0.005: 0.0469
Epoch 70/400
72/72 - 5s - 66ms/step - accuracy: 0.6994 - loss: 0.3578 - val_accuracy: 0.4830 - val_loss: 0.4259 - val_sens_fpr0.005: 0.0452
Epoch 71/400
72/72 - 5s - 65ms/step - accuracy: 0.6987 - loss: 0.3577 - val_accuracy: 0.4798 - val_loss: 0.4261 - val_sens_fpr0.005: 0.0453
Epoch 72/400
72/72 - 5s - 66ms/step - accuracy: 0.7001 - loss: 0.3575 - val_accuracy: 0.4809 - val_loss: 0.4273 - val_sens_fpr0.005: 0.0404
Epoch 73/400
72/72 - 5s - 65ms/step - accuracy: 0.7005 - loss: 0.3574 - val_accuracy: 0.4862 - val_loss: 0.4279 - val_sens_fpr0.005: 0.0379
Epoch 74/400
72/72 - 5s - 66ms/step - accuracy: 0.7005 - loss: 0.3573 - val_accuracy: 0.4798 - val_loss: 0.4274 - val_sens_fpr0.005: 0.0380
Epoch 75/400
72/72 - 5s - 66ms/step - accuracy: 0.7013 - loss: 0.3571 - val_accuracy: 0.4830 - val_loss: 0.4269 - val_sens_fpr0.005: 0.0355
Epoch 76/400
72/72 - 5s - 66ms/step - accuracy: 0.7016 - loss: 0.3570 - val_accuracy: 0.4873 - val_loss: 0.4278 - val_sens_fpr0.005: 0.0356
Epoch 77/400
72/72 - 5s - 66ms/step - accuracy: 0.7016 - loss: 0.3569 - val_accuracy: 0.4820 - val_loss: 0.4269 - val_sens_fpr0.005: 0.0404
Epoch 78/400
72/72 - 5s - 65ms/step - accuracy: 0.7039 - loss: 0.3568 - val_accuracy: 0.4915 - val_loss: 0.4260 - val_sens_fpr0.005: 0.0404
Epoch 79/400
72/72 - 5s - 66ms/step - accuracy: 0.7059 - loss: 0.3567 - val_accuracy: 0.4851 - val_loss: 0.4273 - val_sens_fpr0.005: 0.0372
Epoch 80/400
72/72 - 5s - 66ms/step - accuracy: 0.7053 - loss: 0.3565 - val_accuracy: 0.4841 - val_loss: 0.4267 - val_sens_fpr0.005: 0.0372
Epoch 81/400
72/72 - 5s - 65ms/step - accuracy: 0.7047 - loss: 0.3564 - val_accuracy: 0.4979 - val_loss: 0.4262 - val_sens_fpr0.005: 0.0356
Epoch 82/400
72/72 - 5s - 65ms/step - accuracy: 0.7058 - loss: 0.3564 - val_accuracy: 0.4851 - val_loss: 0.4271 - val_sens_fpr0.005: 0.0315
Epoch 83/400
72/72 - 5s - 66ms/step - accuracy: 0.7067 - loss: 0.3562 - val_accuracy: 0.4883 - val_loss: 0.4254 - val_sens_fpr0.005: 0.0331
  RestoreBestSens: epoch 10 — smoothed val_sens_fpr0.005 (window 5)
[9/11] Luke - Various Opportunistic Recordings/2025-08-05/31: 83 epochs (best 10), val_loss 0.4226, 72853/942 frames train/val, sens@fpr0.5%=0.171
2026-09-04 18:47:07.597793: W external/local_tsl/tsl/framework/cpu_allocator_impl.cc:83] Allocation of 1720983552 exceeds 10% of free system memory.
2026-09-04 18:47:18.404439: W external/local_tsl/tsl/framework/bfc_allocator.cc:487] Allocator (GPU_0_bfc) ran out of memory trying to allocate 1.60GiB (rounded to 1720983552)requested by op _EagerConst
If the cause is memory fragmentation maybe the environment variable 'TF_GPU_ALLOCATOR=cuda_malloc_async' will improve the situation. 
Current allocation summary follows.
Current allocation summary follows.
2026-09-04 18:47:18.404545: I external/local_tsl/tsl/framework/bfc_allocator.cc:1044] BFCAllocator dump for GPU_0_bfc
2026-09-04 18:47:18.404559: I external/local_tsl/tsl/framework/bfc_allocator.cc:1051] Bin (256): 	Total Chunks: 160, Chunks in use: 156. 40.0KiB allocated for chunks. 39.0KiB in use in bin. 3.1KiB client-requested in use in bin.
2026-09-04 18:47:18.404568: I external/local_tsl/tsl/framework/bfc_allocator.cc:1051] Bin (512): 	Total Chunks: 14, Chunks in use: 12. 7.2KiB allocated for chunks. 6.2KiB in use in bin. 6.0KiB client-requested in use in bin.
2026-09-04 18:47:18.404577: I external/local_tsl/tsl/framework/bfc_allocator.cc:1051] Bin (1024): 	Total Chunks: 15, Chunks in use: 15. 16.0KiB allocated for chunks. 16.0KiB in use in bin. 15.3KiB client-requested in use in bin.
2026-09-04 18:47:18.404586: I external/local_tsl/tsl/framework/bfc_allocator.cc:1051] Bin (2048): 	Total Chunks: 39, Chunks in use: 37. 82.2KiB allocated for chunks. 76.2KiB in use in bin. 74.2KiB client-requested in use in bin.
2026-09-04 18:47:18.404595: I external/local_tsl/tsl/framework/bfc_allocator.cc:1051] Bin (4096): 	Total Chunks: 12, Chunks in use: 11. 53.8KiB allocated for chunks. 49.8KiB in use in bin. 45.0KiB client-requested in use in bin.
2026-09-04 18:47:18.404604: I external/local_tsl/tsl/framework/bfc_allocator.cc:1051] Bin (8192): 	Total Chunks: 4, Chunks in use: 3. 43.0KiB allocated for chunks. 29.0KiB in use in bin. 26.0KiB client-requested in use in bin.
2026-09-04 18:47:18.404613: I external/local_tsl/tsl/framework/bfc_allocator.cc:1051] Bin (16384): 	Total Chunks: 8, Chunks in use: 8. 149.0KiB allocated for chunks. 149.0KiB in use in bin. 144.0KiB client-requested in use in bin.
2026-09-04 18:47:18.404622: I external/local_tsl/tsl/framework/bfc_allocator.cc:1051] Bin (32768): 	Total Chunks: 5, Chunks in use: 5. 206.8KiB allocated for chunks. 206.8KiB in use in bin. 202.6KiB client-requested in use in bin.
2026-09-04 18:47:18.404630: I external/local_tsl/tsl/framework/bfc_allocator.cc:1051] Bin (65536): 	Total Chunks: 5, Chunks in use: 4. 338.0KiB allocated for chunks. 270.0KiB in use in bin. 268.0KiB client-requested in use in bin.
2026-09-04 18:47:18.404639: I external/local_tsl/tsl/framework/bfc_allocator.cc:1051] Bin (131072): 	Total Chunks: 3, Chunks in use: 1. 473.5KiB allocated for chunks. 128.0KiB in use in bin. 128.0KiB client-requested in use in bin.
2026-09-04 18:47:18.404648: I external/local_tsl/tsl/framework/bfc_allocator.cc:1051] Bin (262144): 	Total Chunks: 1, Chunks in use: 1. 256.0KiB allocated for chunks. 256.0KiB in use in bin. 256.0KiB client-requested in use in bin.
2026-09-04 18:47:18.404657: I external/local_tsl/tsl/framework/bfc_allocator.cc:1051] Bin (524288): 	Total Chunks: 2, Chunks in use: 1. 1.25MiB allocated for chunks. 512.0KiB in use in bin. 512.0KiB client-requested in use in bin.
2026-09-04 18:47:18.404665: I external/local_tsl/tsl/framework/bfc_allocator.cc:1051] Bin (1048576): 	Total Chunks: 5, Chunks in use: 5. 5.50MiB allocated for chunks. 5.50MiB in use in bin. 5.00MiB client-requested in use in bin.
2026-09-04 18:47:18.404673: I external/local_tsl/tsl/framework/bfc_allocator.cc:1051] Bin (2097152): 	Total Chunks: 3, Chunks in use: 3. 6.00MiB allocated for chunks. 6.00MiB in use in bin. 6.00MiB client-requested in use in bin.
2026-09-04 18:47:18.404682: I external/local_tsl/tsl/framework/bfc_allocator.cc:1051] Bin (4194304): 	Total Chunks: 5, Chunks in use: 4. 23.72MiB allocated for chunks. 16.72MiB in use in bin. 16.72MiB client-requested in use in bin.
2026-09-04 18:47:18.404690: I external/local_tsl/tsl/framework/bfc_allocator.cc:1051] Bin (8388608): 	Total Chunks: 0, Chunks in use: 0. 0B allocated for chunks. 0B in use in bin. 0B client-requested in use in bin.
2026-09-04 18:47:18.404700: I external/local_tsl/tsl/framework/bfc_allocator.cc:1051] Bin (16777216): 	Total Chunks: 1, Chunks in use: 1. 22.08MiB allocated for chunks. 22.08MiB in use in bin. 22.08MiB client-requested in use in bin.
2026-09-04 18:47:18.404708: I external/local_tsl/tsl/framework/bfc_allocator.cc:1051] Bin (33554432): 	Total Chunks: 0, Chunks in use: 0. 0B allocated for chunks. 0B in use in bin. 0B client-requested in use in bin.
2026-09-04 18:47:18.404719: I external/local_tsl/tsl/framework/bfc_allocator.cc:1051] Bin (67108864): 	Total Chunks: 0, Chunks in use: 0. 0B allocated for chunks. 0B in use in bin. 0B client-requested in use in bin.
2026-09-04 18:47:18.404727: I external/local_tsl/tsl/framework/bfc_allocator.cc:1051] Bin (134217728): 	Total Chunks: 0, Chunks in use: 0. 0B allocated for chunks. 0B in use in bin. 0B client-requested in use in bin.
2026-09-04 18:47:18.404735: I external/local_tsl/tsl/framework/bfc_allocator.cc:1051] Bin (268435456): 	Total Chunks: 3, Chunks in use: 1. 2.21GiB allocated for chunks. 1.67GiB in use in bin. 1.67GiB client-requested in use in bin.
2026-09-04 18:47:18.404743: I external/local_tsl/tsl/framework/bfc_allocator.cc:1067] Bin for 1.60GiB was 256.00MiB, Chunk State: 
2026-09-04 18:47:18.404755: I external/local_tsl/tsl/framework/bfc_allocator.cc:1073]   Size: 272.14MiB | Requested Size: 20.16MiB | in_use: 0 | bin_num: 20, prev:   Size: 4.00MiB | Requested Size: 4.00MiB | in_use: 1 | bin_num: -1, next:   Size: 2.00MiB | Requested Size: 2.00MiB | in_use: 1 | bin_num: -1
2026-09-04 18:47:18.404766: I external/local_tsl/tsl/framework/bfc_allocator.cc:1073]   Size: 282.19MiB | Requested Size: 3.68MiB | in_use: 0 | bin_num: 20, prev:   Size: 4.00MiB | Requested Size: 4.00MiB | in_use: 1 | bin_num: -1
2026-09-04 18:47:18.404773: I external/local_tsl/tsl/framework/bfc_allocator.cc:1080] Next region of size 2434793472
2026-09-04 18:47:18.404781: I external/local_tsl/tsl/framework/bfc_allocator.cc:1100] InUse at 77d66a000000 of size 1790435328 next 1
2026-09-04 18:47:18.404789: I external/local_tsl/tsl/framework/bfc_allocator.cc:1100] InUse at 77d6d4b7e000 of size 1280 next 2
2026-09-04 18:47:18.404795: I external/local_tsl/tsl/framework/bfc_allocator.cc:1100] InUse at 77d6d4b7e500 of size 4954112 next 3
2026-09-04 18:47:18.404802: I external/local_tsl/tsl/framework/bfc_allocator.cc:1100] InUse at 77d6d5037d00 of size 256 next 4
2026-09-04 18:47:18.404808: I external/local_tsl/tsl/framework/bfc_allocator.cc:1100] InUse at 77d6d5037e00 of size 256 next 5
2026-09-04 18:47:18.404814: I external/local_tsl/tsl/framework/bfc_allocator.cc:1100] InUse at 77d6d5037f00 of size 256 next 6
2026-09-04 18:47:18.404820: I external/local_tsl/tsl/framework/bfc_allocator.cc:1100] InUse at 77d6d5038000 of size 256 next 7
2026-09-04 18:47:18.404848: I external/local_tsl/tsl/framework/bfc_allocator.cc:1100] InUse at 77d6d5038100 of size 256 next 8
2026-09-04 18:47:18.404855: I external/local_tsl/tsl/framework/bfc_allocator.cc:1100] InUse at 77d6d5038200 of size 23150592 next 9
2026-09-04 18:47:18.404862: I external/local_tsl/tsl/framework/bfc_allocator.cc:1100] InUse at 77d6d664c200 of size 64256 next 10
2026-09-04 18:47:18.404877: I external/local_tsl/tsl/framework/bfc_allocator.cc:1100] InUse at 77d6d665bd00 of size 256 next 11
2026-09-04 18:47:18.404883: I external/local_tsl/tsl/framework/bfc_allocator.cc:1100] InUse at 77d6d665be00 of size 256 next 12
2026-09-04 18:47:18.404888: I external/local_tsl/tsl/framework/bfc_allocator.cc:1100] InUse at 77d6d665bf00 of size 256 next 13
2026-09-04 18:47:18.404894: I external/local_tsl/tsl/framework/bfc_allocator.cc:1100] InUse at 77d6d665c000 of size 256 next 14
2026-09-04 18:47:18.404900: I external/local_tsl/tsl/framework/bfc_allocator.cc:1100] InUse at 77d6d665c100 of size 256 next 16
2026-09-04 18:47:18.404905: I external/local_tsl/tsl/framework/bfc_allocator.cc:1100] InUse at 77d6d665c200 of size 256 next 17
2026-09-04 18:47:18.404911: I external/local_tsl/tsl/framework/bfc_allocator.cc:1100] InUse at 77d6d665c300 of size 256 next 15
2026-09-04 18:47:18.404916: I external/local_tsl/tsl/framework/bfc_allocator.cc:1100] InUse at 77d6d665c400 of size 256 next 18
2026-09-04 18:47:18.404922: I external/local_tsl/tsl/framework/bfc_allocator.cc:1100] InUse at 77d6d665c500 of size 256 next 30
2026-09-04 18:47:18.404927: I external/local_tsl/tsl/framework/bfc_allocator.cc:1100] InUse at 77d6d665c600 of size 256 next 28
2026-09-04 18:47:18.404937: I external/local_tsl/tsl/framework/bfc_allocator.cc:1100] InUse at 77d6d665c700 of size 256 next 29
2026-09-04 18:47:18.404943: I external/local_tsl/tsl/framework/bfc_allocator.cc:1100] InUse at 77d6d665c800 of size 256 next 33
2026-09-04 18:47:18.404949: I external/local_tsl/tsl/framework/bfc_allocator.cc:1100] InUse at 77d6d665c900 of size 256 next 34
2026-09-04 18:47:18.404954: I external/local_tsl/tsl/framework/bfc_allocator.cc:1100] InUse at 77d6d665ca00 of size 256 next 37
2026-09-04 18:47:18.404960: I external/local_tsl/tsl/framework/bfc_allocator.cc:1100] InUse at 77d6d665cb00 of size 256 next 35
2026-09-04 18:47:18.404965: I external/local_tsl/tsl/framework/bfc_allocator.cc:1100] InUse at 77d6d665cc00 of size 256 next 36
2026-09-04 18:47:18.404971: I external/local_tsl/tsl/framework/bfc_allocator.cc:1100] InUse at 77d6d665cd00 of size 256 next 19
2026-09-04 18:47:18.404977: I external/local_tsl/tsl/framework/bfc_allocator.cc:1100] InUse at 77d6d665ce00 of size 256 next 161
2026-09-04 18:47:18.404983: I external/local_tsl/tsl/framework/bfc_allocator.cc:1100] InUse at 77d6d665cf00 of size 256 next 20
2026-09-04 18:47:18.404989: I external/local_tsl/tsl/framework/bfc_allocator.cc:1100] InUse at 77d6d665d000 of size 256 next 22
2026-09-04 18:47:18.404994: I external/local_tsl/tsl/framework/bfc_allocator.cc:1100] InUse at 77d6d665d100 of size 256 next 23
2026-09-04 18:47:18.405000: I external/local_tsl/tsl/framework/bfc_allocator.cc:1100] InUse at 77d6d665d200 of size 256 next 25
2026-09-04 18:47:18.405006: I external/local_tsl/tsl/framework/bfc_allocator.cc:1100] InUse at 77d6d665d300 of size 768 next 21
2026-09-04 18:47:18.405012: I external/local_tsl/tsl/framework/bfc_allocator.cc:1100] InUse at 77d6d665d600 of size 256 next 24
2026-09-04 18:47:18.405017: I external/local_tsl/tsl/framework/bfc_allocator.cc:1100] InUse at 77d6d665d700 of size 256 next 27
2026-09-04 18:47:18.405023: I external/local_tsl/tsl/framework/bfc_allocator.cc:1100] InUse at 77d6d665d800 of size 512 next 26
2026-09-04 18:47:18.405028: I external/local_tsl/tsl/framework/bfc_allocator.cc:1100] InUse at 77d6d665da00 of size 512 next 40
2026-09-04 18:47:18.405034: I external/local_tsl/tsl/framework/bfc_allocator.cc:1100] InUse at 77d6d665dc00 of size 512 next 43
2026-09-04 18:47:18.405040: I external/local_tsl/tsl/framework/bfc_allocator.cc:1100] InUse at 77d6d665de00 of size 512 next 38
2026-09-04 18:47:18.405045: I external/local_tsl/tsl/framework/bfc_allocator.cc:1100] InUse at 77d6d665e000 of size 512 next 52
2026-09-04 18:47:18.405051: I external/local_tsl/tsl/framework/bfc_allocator.cc:1100] InUse at 77d6d665e200 of size 512 next 41
2026-09-04 18:47:18.405056: I external/local_tsl/tsl/framework/bfc_allocator.cc:1100] InUse at 77d6d665e400 of size 256 next 42
2026-09-04 18:47:18.405062: I external/local_tsl/tsl/framework/bfc_allocator.cc:1100] InUse at 77d6d665e500 of size 256 next 46
2026-09-04 18:47:18.405067: I external/local_tsl/tsl/framework/bfc_allocator.cc:1100] InUse at 77d6d665e600 of size 512 next 47
2026-09-04 18:47:18.405073: I external/local_tsl/tsl/framework/bfc_allocator.cc:1100] InUse at 77d6d665e800 of size 512 next 50
2026-09-04 18:47:18.405078: I external/local_tsl/tsl/framework/bfc_allocator.cc:1100] InUse at 77d6d665ea00 of size 512 next 48
2026-09-04 18:47:18.405084: I external/local_tsl/tsl/framework/bfc_allocator.cc:1100] InUse at 77d6d665ec00 of size 256 next 49
2026-09-04 18:47:18.405089: I external/local_tsl/tsl/framework/bfc_allocator.cc:1100] InUse at 77d6d665ed00 of size 512 next 53
2026-09-04 18:47:18.405095: I external/local_tsl/tsl/framework/bfc_allocator.cc:1100] InUse at 77d6d665ef00 of size 256 next 39
2026-09-04 18:47:18.405101: I external/local_tsl/tsl/framework/bfc_allocator.cc:1100] InUse at 77d6d665f000 of size 1024 next 61
2026-09-04 18:47:18.405108: I external/local_tsl/tsl/framework/bfc_allocator.cc:1100] InUse at 77d6d665f400 of size 1024 next 68
2026-09-04 18:47:18.405114: I external/local_tsl/tsl/framework/bfc_allocator.cc:1100] InUse at 77d6d665f800 of size 2304 next 65
2026-09-04 18:47:18.405124: I external/local_tsl/tsl/framework/bfc_allocator.cc:1100] InUse at 77d6d6660100 of size 256 next 66
2026-09-04 18:47:18.405130: I external/local_tsl/tsl/framework/bfc_allocator.cc:1100] InUse at 77d6d6660200 of size 256 next 69
2026-09-04 18:47:18.405136: I external/local_tsl/tsl/framework/bfc_allocator.cc:1100] InUse at 77d6d6660300 of size 1024 next 70
2026-09-04 18:47:18.405143: I external/local_tsl/tsl/framework/bfc_allocator.cc:1100] InUse at 77d6d6660700 of size 1024 next 73
2026-09-04 18:47:18.405149: I external/local_tsl/tsl/framework/bfc_allocator.cc:1100] InUse at 77d6d6660b00 of size 1024 next 71
2026-09-04 18:47:18.405156: I external/local_tsl/tsl/framework/bfc_allocator.cc:1100] InUse at 77d6d6660f00 of size 256 next 72
2026-09-04 18:47:18.405161: I external/local_tsl/tsl/framework/bfc_allocator.cc:1100] InUse at 77d6d6661000 of size 256 next 76
2026-09-04 18:47:18.405167: I external/local_tsl/tsl/framework/bfc_allocator.cc:1100] InUse at 77d6d6661100 of size 1024 next 77
2026-09-04 18:47:18.405173: I external/local_tsl/tsl/framework/bfc_allocator.cc:1100] InUse at 77d6d6661500 of size 1024 next 80
2026-09-04 18:47:18.405180: I external/local_tsl/tsl/framework/bfc_allocator.cc:1100] InUse at 77d6d6661900 of size 1280 next 32
2026-09-04 18:47:18.405186: I external/local_tsl/tsl/framework/bfc_allocator.cc:1100] InUse at 77d6d6661e00 of size 2304 next 163
2026-09-04 18:47:18.405193: I external/local_tsl/tsl/framework/bfc_allocator.cc:1100] InUse at 77d6d6662700 of size 5888 next 31
2026-09-04 18:47:18.405200: I external/local_tsl/tsl/framework/bfc_allocator.cc:1100] InUse at 77d6d6663e00 of size 4608 next 51
2026-09-04 18:47:18.405207: I external/local_tsl/tsl/framework/bfc_allocator.cc:1100] InUse at 77d6d6665000 of size 512 next 58
2026-09-04 18:47:18.405212: I external/local_tsl/tsl/framework/bfc_allocator.cc:1100] InUse at 77d6d6665200 of size 1024 next 54
2026-09-04 18:47:18.405219: I external/local_tsl/tsl/framework/bfc_allocator.cc:1100] InUse at 77d6d6665600 of size 256 next 60
2026-09-04 18:47:18.405224: I external/local_tsl/tsl/framework/bfc_allocator.cc:1100] InUse at 77d6d6665700 of size 256 next 63
2026-09-04 18:47:18.405230: I external/local_tsl/tsl/framework/bfc_allocator.cc:1100] InUse at 77d6d6665800 of size 1024 next 64
2026-09-04 18:47:18.405237: I external/local_tsl/tsl/framework/bfc_allocator.cc:1100] InUse at 77d6d6665c00 of size 2048 next 85
2026-09-04 18:47:18.405243: I external/local_tsl/tsl/framework/bfc_allocator.cc:1100] InUse at 77d6d6666400 of size 2048 next 62
2026-09-04 18:47:18.405250: I external/local_tsl/tsl/framework/bfc_allocator.cc:1100] InUse at 77d6d6666c00 of size 2048 next 124
2026-09-04 18:47:18.405257: I external/local_tsl/tsl/framework/bfc_allocator.cc:1100] Free  at 77d6d6667400 of size 2304 next 88
2026-09-04 18:47:18.405263: I external/local_tsl/tsl/framework/bfc_allocator.cc:1100] InUse at 77d6d6667d00 of size 256 next 89
2026-09-04 18:47:18.405269: I external/local_tsl/tsl/framework/bfc_allocator.cc:1100] InUse at 77d6d6667e00 of size 256 next 92
2026-09-04 18:47:18.405274: I external/local_tsl/tsl/framework/bfc_allocator.cc:1100] InUse at 77d6d6667f00 of size 2048 next 93
2026-09-04 18:47:18.405281: I external/local_tsl/tsl/framework/bfc_allocator.cc:1100] InUse at 77d6d6668700 of size 2048 next 96
2026-09-04 18:47:18.405287: I external/local_tsl/tsl/framework/bfc_allocator.cc:1100] InUse at 77d6d6668f00 of size 2048 next 94
2026-09-04 18:47:18.405294: I external/local_tsl/tsl/framework/bfc_allocator.cc:1100] InUse at 77d6d6669700 of size 256 next 95
2026-09-04 18:47:18.405299: I external/local_tsl/tsl/framework/bfc_allocator.cc:1100] InUse at 77d6d6669800 of size 256 next 99
2026-09-04 18:47:18.405305: I external/local_tsl/tsl/framework/bfc_allocator.cc:1100] InUse at 77d6d6669900 of size 2048 next 100
2026-09-04 18:47:18.405312: I external/local_tsl/tsl/framework/bfc_allocator.cc:1100] InUse at 77d6d666a100 of size 2048 next 103
2026-09-04 18:47:18.405318: I external/local_tsl/tsl/framework/bfc_allocator.cc:1100] InUse at 77d6d666a900 of size 2048 next 101
2026-09-04 18:47:18.405328: I external/local_tsl/tsl/framework/bfc_allocator.cc:1100] InUse at 77d6d666b100 of size 3072 next 75
2026-09-04 18:47:18.405336: I external/local_tsl/tsl/framework/bfc_allocator.cc:1100] InUse at 77d6d666bd00 of size 9216 next 74
2026-09-04 18:47:18.405342: I external/local_tsl/tsl/framework/bfc_allocator.cc:1100] InUse at 77d6d666e100 of size 1024 next 79
2026-09-04 18:47:18.405349: I external/local_tsl/tsl/framework/bfc_allocator.cc:1100] InUse at 77d6d666e500 of size 1024 next 83
2026-09-04 18:47:18.405355: I external/local_tsl/tsl/framework/bfc_allocator.cc:1100] InUse at 77d6d666e900 of size 256 next 159
2026-09-04 18:47:18.405362: I external/local_tsl/tsl/framework/bfc_allocator.cc:1100] InUse at 77d6d666ea00 of size 256 next 138
2026-09-04 18:47:18.405368: I external/local_tsl/tsl/framework/bfc_allocator.cc:1100] Free  at 77d6d666eb00 of size 256 next 133
2026-09-04 18:47:18.405374: I external/local_tsl/tsl/framework/bfc_allocator.cc:1100] InUse at 77d6d666ec00 of size 256 next 78
2026-09-04 18:47:18.405380: I external/local_tsl/tsl/framework/bfc_allocator.cc:1100] InUse at 77d6d666ed00 of size 256 next 84
2026-09-04 18:47:18.405386: I external/local_tsl/tsl/framework/bfc_allocator.cc:1100] InUse at 77d6d666ee00 of size 256 next 86
2026-09-04 18:47:18.405391: I external/local_tsl/tsl/framework/bfc_allocator.cc:1100] InUse at 77d6d666ef00 of size 2048 next 87
2026-09-04 18:47:18.405398: I external/local_tsl/tsl/framework/bfc_allocator.cc:1100] InUse at 77d6d666f700 of size 4096 next 146
2026-09-04 18:47:18.405405: I external/local_tsl/tsl/framework/bfc_allocator.cc:1100] InUse at 77d6d6670700 of size 4096 next 160
2026-09-04 18:47:18.405411: I external/local_tsl/tsl/framework/bfc_allocator.cc:1100] InUse at 77d6d6671700 of size 256 next 195
2026-09-04 18:47:18.405418: I external/local_tsl/tsl/framework/bfc_allocator.cc:1100] InUse at 77d6d6671800 of size 256 next 176
2026-09-04 18:47:18.405424: I external/local_tsl/tsl/framework/bfc_allocator.cc:1100] InUse at 77d6d6671900 of size 256 next 200
2026-09-04 18:47:18.405430: I external/local_tsl/tsl/framework/bfc_allocator.cc:1100] InUse at 77d6d6671a00 of size 256 next 178
2026-09-04 18:47:18.405437: I external/local_tsl/tsl/framework/bfc_allocator.cc:1100] InUse at 77d6d6671b00 of size 256 next 171
2026-09-04 18:47:18.405444: I external/local_tsl/tsl/framework/bfc_allocator.cc:1100] InUse at 77d6d6671c00 of size 256 next 172
2026-09-04 18:47:18.405450: I external/local_tsl/tsl/framework/bfc_allocator.cc:1100] InUse at 77d6d6671d00 of size 256 next 212
2026-09-04 18:47:18.405457: I external/local_tsl/tsl/framework/bfc_allocator.cc:1100] InUse at 77d6d6671e00 of size 256 next 208
2026-09-04 18:47:18.405463: I external/local_tsl/tsl/framework/bfc_allocator.cc:1100] InUse at 77d6d6671f00 of size 256 next 210
2026-09-04 18:47:18.405469: I external/local_tsl/tsl/framework/bfc_allocator.cc:1100] InUse at 77d6d6672000 of size 256 next 214
2026-09-04 18:47:18.405476: I external/local_tsl/tsl/framework/bfc_allocator.cc:1100] InUse at 77d6d6672100 of size 256 next 216
2026-09-04 18:47:18.405482: I external/local_tsl/tsl/framework/bfc_allocator.cc:1100] InUse at 77d6d6672200 of size 256 next 170
2026-09-04 18:47:18.405489: I external/local_tsl/tsl/framework/bfc_allocator.cc:1100] InUse at 77d6d6672300 of size 256 next 218
2026-09-04 18:47:18.405495: I external/local_tsl/tsl/framework/bfc_allocator.cc:1100] InUse at 77d6d6672400 of size 256 next 205
2026-09-04 18:47:18.405502: I external/local_tsl/tsl/framework/bfc_allocator.cc:1100] InUse at 77d6d6672500 of size 256 next 215
2026-09-04 18:47:18.405508: I external/local_tsl/tsl/framework/bfc_allocator.cc:1100] InUse at 77d6d6672600 of size 256 next 198
2026-09-04 18:47:18.405515: I external/local_tsl/tsl/framework/bfc_allocator.cc:1100] InUse at 77d6d6672700 of size 256 next 221
2026-09-04 18:47:18.405521: I external/local_tsl/tsl/framework/bfc_allocator.cc:1100] InUse at 77d6d6672800 of size 256 next 223
2026-09-04 18:47:18.405531: I external/local_tsl/tsl/framework/bfc_allocator.cc:1100] InUse at 77d6d6672900 of size 256 next 203
2026-09-04 18:47:18.405538: I external/local_tsl/tsl/framework/bfc_allocator.cc:1100] InUse at 77d6d6672a00 of size 256 next 204
2026-09-04 18:47:18.405544: I external/local_tsl/tsl/framework/bfc_allocator.cc:1100] InUse at 77d6d6672b00 of size 256 next 177
2026-09-04 18:47:18.405551: I external/local_tsl/tsl/framework/bfc_allocator.cc:1100] InUse at 77d6d6672c00 of size 256 next 220
2026-09-04 18:47:18.405557: I external/local_tsl/tsl/framework/bfc_allocator.cc:1100] InUse at 77d6d6672d00 of size 256 next 169
2026-09-04 18:47:18.405564: I external/local_tsl/tsl/framework/bfc_allocator.cc:1100] InUse at 77d6d6672e00 of size 256 next 219
2026-09-04 18:47:18.405570: I external/local_tsl/tsl/framework/bfc_allocator.cc:1100] InUse at 77d6d6672f00 of size 256 next 202
2026-09-04 18:47:18.405576: I external/local_tsl/tsl/framework/bfc_allocator.cc:1100] Free  at 77d6d6673000 of size 256 next 224
2026-09-04 18:47:18.405583: I external/local_tsl/tsl/framework/bfc_allocator.cc:1100] InUse at 77d6d6673100 of size 256 next 227
2026-09-04 18:47:18.405589: I external/local_tsl/tsl/framework/bfc_allocator.cc:1100] Free  at 77d6d6673200 of size 512 next 233
2026-09-04 18:47:18.405596: I external/local_tsl/tsl/framework/bfc_allocator.cc:1100] InUse at 77d6d6673400 of size 256 next 226
2026-09-04 18:47:18.405602: I external/local_tsl/tsl/framework/bfc_allocator.cc:1100] InUse at 77d6d6673500 of size 256 next 193
2026-09-04 18:47:18.405608: I external/local_tsl/tsl/framework/bfc_allocator.cc:1100] InUse at 77d6d6673600 of size 256 next 239
2026-09-04 18:47:18.405615: I external/local_tsl/tsl/framework/bfc_allocator.cc:1100] InUse at 77d6d6673700 of size 256 next 229
2026-09-04 18:47:18.405621: I external/local_tsl/tsl/framework/bfc_allocator.cc:1100] Free  at 77d6d6673800 of size 256 next 240
2026-09-04 18:47:18.405628: I external/local_tsl/tsl/framework/bfc_allocator.cc:1100] InUse at 77d6d6673900 of size 256 next 209
2026-09-04 18:47:18.405634: I external/local_tsl/tsl/framework/bfc_allocator.cc:1100] Free  at 77d6d6673a00 of size 256 next 207
2026-09-04 18:47:18.405640: I external/local_tsl/tsl/framework/bfc_allocator.cc:1100] InUse at 77d6d6673b00 of size 256 next 234
2026-09-04 18:47:18.405647: I external/local_tsl/tsl/framework/bfc_allocator.cc:1100] InUse at 77d6d6673c00 of size 256 next 232
2026-09-04 18:47:18.405653: I external/local_tsl/tsl/framework/bfc_allocator.cc:1100] InUse at 77d6d6673d00 of size 256 next 45
2026-09-04 18:47:18.405659: I external/local_tsl/tsl/framework/bfc_allocator.cc:1100] InUse at 77d6d6673e00 of size 9216 next 55
2026-09-04 18:47:18.405666: I external/local_tsl/tsl/framework/bfc_allocator.cc:1100] InUse at 77d6d6676200 of size 23552 next 44
2026-09-04 18:47:18.405674: I external/local_tsl/tsl/framework/bfc_allocator.cc:1100] InUse at 77d6d667be00 of size 2048 next 106
2026-09-04 18:47:18.405680: I external/local_tsl/tsl/framework/bfc_allocator.cc:1100] InUse at 77d6d667c600 of size 2048 next 107
2026-09-04 18:47:18.405687: I external/local_tsl/tsl/framework/bfc_allocator.cc:1100] InUse at 77d6d667ce00 of size 2048 next 102
2026-09-04 18:47:18.405693: I external/local_tsl/tsl/framework/bfc_allocator.cc:1100] InUse at 77d6d667d600 of size 2048 next 110
2026-09-04 18:47:18.405700: I external/local_tsl/tsl/framework/bfc_allocator.cc:1100] InUse at 77d6d667de00 of size 2048 next 111
2026-09-04 18:47:18.405706: I external/local_tsl/tsl/framework/bfc_allocator.cc:1100] InUse at 77d6d667e600 of size 256 next 151
2026-09-04 18:47:18.405713: I external/local_tsl/tsl/framework/bfc_allocator.cc:1100] InUse at 77d6d667e700 of size 256 next 154
2026-09-04 18:47:18.405719: I external/local_tsl/tsl/framework/bfc_allocator.cc:1100] InUse at 77d6d667e800 of size 4096 next 155
2026-09-04 18:47:18.405726: I external/local_tsl/tsl/framework/bfc_allocator.cc:1100] Free  at 77d6d667f800 of size 4096 next 158
2026-09-04 18:47:18.405732: I external/local_tsl/tsl/framework/bfc_allocator.cc:1100] InUse at 77d6d6680800 of size 256 next 137
2026-09-04 18:47:18.405742: I external/local_tsl/tsl/framework/bfc_allocator.cc:1100] InUse at 77d6d6680900 of size 256 next 139
2026-09-04 18:47:18.405749: I external/local_tsl/tsl/framework/bfc_allocator.cc:1100] InUse at 77d6d6680a00 of size 256 next 213
2026-09-04 18:47:18.405755: I external/local_tsl/tsl/framework/bfc_allocator.cc:1100] InUse at 77d6d6680b00 of size 256 next 167
2026-09-04 18:47:18.405762: I external/local_tsl/tsl/framework/bfc_allocator.cc:1100] InUse at 77d6d6680c00 of size 256 next 168
2026-09-04 18:47:18.405769: I external/local_tsl/tsl/framework/bfc_allocator.cc:1100] InUse at 77d6d6680d00 of size 256 next 174
2026-09-04 18:47:18.405775: I external/local_tsl/tsl/framework/bfc_allocator.cc:1100] InUse at 77d6d6680e00 of size 256 next 196
2026-09-04 18:47:18.405782: I external/local_tsl/tsl/framework/bfc_allocator.cc:1100] InUse at 77d6d6680f00 of size 256 next 199
2026-09-04 18:47:18.405788: I external/local_tsl/tsl/framework/bfc_allocator.cc:1100] InUse at 77d6d6681000 of size 256 next 201
2026-09-04 18:47:18.405795: I external/local_tsl/tsl/framework/bfc_allocator.cc:1100] InUse at 77d6d6681100 of size 256 next 181
2026-09-04 18:47:18.405801: I external/local_tsl/tsl/framework/bfc_allocator.cc:1100] InUse at 77d6d6681200 of size 256 next 191
2026-09-04 18:47:18.405807: I external/local_tsl/tsl/framework/bfc_allocator.cc:1100] InUse at 77d6d6681300 of size 256 next 192
2026-09-04 18:47:18.405814: I external/local_tsl/tsl/framework/bfc_allocator.cc:1100] InUse at 77d6d6681400 of size 256 next 173
2026-09-04 18:47:18.405820: I external/local_tsl/tsl/framework/bfc_allocator.cc:1100] InUse at 77d6d6681500 of size 256 next 194
2026-09-04 18:47:18.405834: I external/local_tsl/tsl/framework/bfc_allocator.cc:1100] InUse at 77d6d6681600 of size 256 next 175
2026-09-04 18:47:18.405841: I external/local_tsl/tsl/framework/bfc_allocator.cc:1100] InUse at 77d6d6681700 of size 256 next 156
2026-09-04 18:47:18.405848: I external/local_tsl/tsl/framework/bfc_allocator.cc:1100] InUse at 77d6d6681800 of size 1280 next 157
2026-09-04 18:47:18.405854: I external/local_tsl/tsl/framework/bfc_allocator.cc:1100] InUse at 77d6d6681d00 of size 1280 next 162
2026-09-04 18:47:18.405861: I external/local_tsl/tsl/framework/bfc_allocator.cc:1100] InUse at 77d6d6682200 of size 11264 next 98
2026-09-04 18:47:18.405868: I external/local_tsl/tsl/framework/bfc_allocator.cc:1100] InUse at 77d6d6684e00 of size 18432 next 97
2026-09-04 18:47:18.405875: I external/local_tsl/tsl/framework/bfc_allocator.cc:1100] InUse at 77d6d6689600 of size 18432 next 109
2026-09-04 18:47:18.405881: I external/local_tsl/tsl/framework/bfc_allocator.cc:1100] InUse at 77d6d668de00 of size 2048 next 113
2026-09-04 18:47:18.405888: I external/local_tsl/tsl/framework/bfc_allocator.cc:1100] InUse at 77d6d668e600 of size 2048 next 114
2026-09-04 18:47:18.405894: I external/local_tsl/tsl/framework/bfc_allocator.cc:1100] InUse at 77d6d668ee00 of size 2048 next 108
2026-09-04 18:47:18.405901: I external/local_tsl/tsl/framework/bfc_allocator.cc:1100] InUse at 77d6d668f600 of size 2048 next 118
2026-09-04 18:47:18.405907: I external/local_tsl/tsl/framework/bfc_allocator.cc:1100] InUse at 77d6d668fe00 of size 2048 next 119
2026-09-04 18:47:18.405914: I external/local_tsl/tsl/framework/bfc_allocator.cc:1100] InUse at 77d6d6690600 of size 2048 next 120
2026-09-04 18:47:18.405920: I external/local_tsl/tsl/framework/bfc_allocator.cc:1100] InUse at 77d6d6690e00 of size 2048 next 122
2026-09-04 18:47:18.405927: I external/local_tsl/tsl/framework/bfc_allocator.cc:1100] InUse at 77d6d6691600 of size 2048 next 123
2026-09-04 18:47:18.405933: I external/local_tsl/tsl/framework/bfc_allocator.cc:1100] InUse at 77d6d6691e00 of size 2304 next 116
2026-09-04 18:47:18.405940: I external/local_tsl/tsl/framework/bfc_allocator.cc:1100] InUse at 77d6d6692700 of size 18432 next 117
2026-09-04 18:47:18.405946: I external/local_tsl/tsl/framework/bfc_allocator.cc:1100] InUse at 77d6d6696f00 of size 2048 next 125
2026-09-04 18:47:18.405953: I external/local_tsl/tsl/framework/bfc_allocator.cc:1100] InUse at 77d6d6697700 of size 2048 next 126
2026-09-04 18:47:18.405963: I external/local_tsl/tsl/framework/bfc_allocator.cc:1100] InUse at 77d6d6697f00 of size 2048 next 127
2026-09-04 18:47:18.405970: I external/local_tsl/tsl/framework/bfc_allocator.cc:1100] InUse at 77d6d6698700 of size 2048 next 129
2026-09-04 18:47:18.405977: I external/local_tsl/tsl/framework/bfc_allocator.cc:1100] InUse at 77d6d6698f00 of size 2048 next 130
2026-09-04 18:47:18.405983: I external/local_tsl/tsl/framework/bfc_allocator.cc:1100] InUse at 77d6d6699700 of size 2048 next 115
2026-09-04 18:47:18.405989: I external/local_tsl/tsl/framework/bfc_allocator.cc:1100] InUse at 77d6d6699f00 of size 2048 next 134
2026-09-04 18:47:18.405996: I external/local_tsl/tsl/framework/bfc_allocator.cc:1100] InUse at 77d6d669a700 of size 2048 next 135
2026-09-04 18:47:18.406003: I external/local_tsl/tsl/framework/bfc_allocator.cc:1100] Free  at 77d6d669af00 of size 3840 next 57
2026-09-04 18:47:18.406009: I external/local_tsl/tsl/framework/bfc_allocator.cc:1100] InUse at 77d6d669be00 of size 18432 next 56
2026-09-04 18:47:18.406016: I external/local_tsl/tsl/framework/bfc_allocator.cc:1100] InUse at 77d6d66a0600 of size 71680 next 136
2026-09-04 18:47:18.406023: I external/local_tsl/tsl/framework/bfc_allocator.cc:1100] InUse at 77d6d66b1e00 of size 256 next 141
2026-09-04 18:47:18.406029: I external/local_tsl/tsl/framework/bfc_allocator.cc:1100] InUse at 77d6d66b1f00 of size 256 next 142
2026-09-04 18:47:18.406036: I external/local_tsl/tsl/framework/bfc_allocator.cc:1100] InUse at 77d6d66b2000 of size 4096 next 143
2026-09-04 18:47:18.406043: I external/local_tsl/tsl/framework/bfc_allocator.cc:1100] InUse at 77d6d66b3000 of size 7680 next 132
2026-09-04 18:47:18.406049: I external/local_tsl/tsl/framework/bfc_allocator.cc:1100] InUse at 77d6d66b4e00 of size 4096 next 286
2026-09-04 18:47:18.406056: I external/local_tsl/tsl/framework/bfc_allocator.cc:1100] InUse at 77d6d66b5e00 of size 4096 next 131
2026-09-04 18:47:18.406062: I external/local_tsl/tsl/framework/bfc_allocator.cc:1100] Free  at 77d6d66b6e00 of size 14336 next 144
2026-09-04 18:47:18.406069: I external/local_tsl/tsl/framework/bfc_allocator.cc:1100] InUse at 77d6d66ba600 of size 256 next 145
2026-09-04 18:47:18.406075: I external/local_tsl/tsl/framework/bfc_allocator.cc:1100] InUse at 77d6d66ba700 of size 256 next 148
2026-09-04 18:47:18.406082: I external/local_tsl/tsl/framework/bfc_allocator.cc:1100] InUse at 77d6d66ba800 of size 4096 next 149
2026-09-04 18:47:18.406088: I external/local_tsl/tsl/framework/bfc_allocator.cc:1100] InUse at 77d6d66bb800 of size 4096 next 150
2026-09-04 18:47:18.406095: I external/local_tsl/tsl/framework/bfc_allocator.cc:1100] InUse at 77d6d66bc800 of size 18432 next 292
2026-09-04 18:47:18.406102: I external/local_tsl/tsl/framework/bfc_allocator.cc:1100] InUse at 77d6d66c1000 of size 36864 next 283
2026-09-04 18:47:18.406108: I external/local_tsl/tsl/framework/bfc_allocator.cc:1100] Free  at 77d6d66ca000 of size 138752 next 67
2026-09-04 18:47:18.406115: I external/local_tsl/tsl/framework/bfc_allocator.cc:1100] InUse at 77d6d66ebe00 of size 36864 next 153
2026-09-04 18:47:18.406121: I external/local_tsl/tsl/framework/bfc_allocator.cc:1100] InUse at 77d6d66f4e00 of size 256 next 197
2026-09-04 18:47:18.406128: I external/local_tsl/tsl/framework/bfc_allocator.cc:1100] InUse at 77d6d66f4f00 of size 256 next 230
2026-09-04 18:47:18.406134: I external/local_tsl/tsl/framework/bfc_allocator.cc:1100] InUse at 77d6d66f5000 of size 256 next 235
2026-09-04 18:47:18.406141: I external/local_tsl/tsl/framework/bfc_allocator.cc:1100] InUse at 77d6d66f5100 of size 256 next 179
2026-09-04 18:47:18.406147: I external/local_tsl/tsl/framework/bfc_allocator.cc:1100] InUse at 77d6d66f5200 of size 256 next 225
2026-09-04 18:47:18.406154: I external/local_tsl/tsl/framework/bfc_allocator.cc:1100] InUse at 77d6d66f5300 of size 256 next 244
2026-09-04 18:47:18.406160: I external/local_tsl/tsl/framework/bfc_allocator.cc:1100] InUse at 77d6d66f5400 of size 256 next 231
2026-09-04 18:47:18.406170: I external/local_tsl/tsl/framework/bfc_allocator.cc:1100] InUse at 77d6d66f5500 of size 256 next 245
2026-09-04 18:47:18.406177: I external/local_tsl/tsl/framework/bfc_allocator.cc:1100] InUse at 77d6d66f5600 of size 256 next 246
2026-09-04 18:47:18.406183: I external/local_tsl/tsl/framework/bfc_allocator.cc:1100] InUse at 77d6d66f5700 of size 256 next 237
2026-09-04 18:47:18.406190: I external/local_tsl/tsl/framework/bfc_allocator.cc:1100] InUse at 77d6d66f5800 of size 256 next 242
2026-09-04 18:47:18.406196: I external/local_tsl/tsl/framework/bfc_allocator.cc:1100] InUse at 77d6d66f5900 of size 256 next 251
2026-09-04 18:47:18.406203: I external/local_tsl/tsl/framework/bfc_allocator.cc:1100] InUse at 77d6d66f5a00 of size 256 next 253
2026-09-04 18:47:18.406209: I external/local_tsl/tsl/framework/bfc_allocator.cc:1100] InUse at 77d6d66f5b00 of size 256 next 238
2026-09-04 18:47:18.406216: I external/local_tsl/tsl/framework/bfc_allocator.cc:1100] InUse at 77d6d66f5c00 of size 256 next 249
2026-09-04 18:47:18.406222: I external/local_tsl/tsl/framework/bfc_allocator.cc:1100] InUse at 77d6d66f5d00 of size 256 next 252
2026-09-04 18:47:18.406228: I external/local_tsl/tsl/framework/bfc_allocator.cc:1100] InUse at 77d6d66f5e00 of size 256 next 250
2026-09-04 18:47:18.406235: I external/local_tsl/tsl/framework/bfc_allocator.cc:1100] InUse at 77d6d66f5f00 of size 256 next 258
2026-09-04 18:47:18.406241: I external/local_tsl/tsl/framework/bfc_allocator.cc:1100] InUse at 77d6d66f6000 of size 256 next 247
2026-09-04 18:47:18.406248: I external/local_tsl/tsl/framework/bfc_allocator.cc:1100] InUse at 77d6d66f6100 of size 256 next 243
2026-09-04 18:47:18.406254: I external/local_tsl/tsl/framework/bfc_allocator.cc:1100] InUse at 77d6d66f6200 of size 256 next 228
2026-09-04 18:47:18.406260: I external/local_tsl/tsl/framework/bfc_allocator.cc:1100] InUse at 77d6d66f6300 of size 256 next 254
2026-09-04 18:47:18.406267: I external/local_tsl/tsl/framework/bfc_allocator.cc:1100] InUse at 77d6d66f6400 of size 256 next 255
2026-09-04 18:47:18.406273: I external/local_tsl/tsl/framework/bfc_allocator.cc:1100] InUse at 77d6d66f6500 of size 256 next 261
2026-09-04 18:47:18.406280: I external/local_tsl/tsl/framework/bfc_allocator.cc:1100] InUse at 77d6d66f6600 of size 256 next 263
2026-09-04 18:47:18.406286: I external/local_tsl/tsl/framework/bfc_allocator.cc:1100] InUse at 77d6d66f6700 of size 256 next 257
2026-09-04 18:47:18.406292: I external/local_tsl/tsl/framework/bfc_allocator.cc:1100] InUse at 77d6d66f6800 of size 256 next 241
2026-09-04 18:47:18.406299: I external/local_tsl/tsl/framework/bfc_allocator.cc:1100] InUse at 77d6d66f6900 of size 256 next 236
2026-09-04 18:47:18.406305: I external/local_tsl/tsl/framework/bfc_allocator.cc:1100] InUse at 77d6d66f6a00 of size 256 next 265
2026-09-04 18:47:18.406311: I external/local_tsl/tsl/framework/bfc_allocator.cc:1100] InUse at 77d6d66f6b00 of size 256 next 269
2026-09-04 18:47:18.406318: I external/local_tsl/tsl/framework/bfc_allocator.cc:1100] InUse at 77d6d66f6c00 of size 256 next 270
2026-09-04 18:47:18.406324: I external/local_tsl/tsl/framework/bfc_allocator.cc:1100] InUse at 77d6d66f6d00 of size 256 next 264
2026-09-04 18:47:18.406331: I external/local_tsl/tsl/framework/bfc_allocator.cc:1100] InUse at 77d6d66f6e00 of size 256 next 267
2026-09-04 18:47:18.406337: I external/local_tsl/tsl/framework/bfc_allocator.cc:1100] InUse at 77d6d66f6f00 of size 256 next 211
2026-09-04 18:47:18.406344: I external/local_tsl/tsl/framework/bfc_allocator.cc:1100] InUse at 77d6d66f7000 of size 256 next 222
2026-09-04 18:47:18.406350: I external/local_tsl/tsl/framework/bfc_allocator.cc:1100] InUse at 77d6d66f7100 of size 256 next 275
2026-09-04 18:47:18.406356: I external/local_tsl/tsl/framework/bfc_allocator.cc:1100] InUse at 77d6d66f7200 of size 256 next 271
2026-09-04 18:47:18.406363: I external/local_tsl/tsl/framework/bfc_allocator.cc:1100] InUse at 77d6d66f7300 of size 256 next 280
2026-09-04 18:47:18.406369: I external/local_tsl/tsl/framework/bfc_allocator.cc:1100] InUse at 77d6d66f7400 of size 256 next 273
2026-09-04 18:47:18.406379: I external/local_tsl/tsl/framework/bfc_allocator.cc:1100] InUse at 77d6d66f7500 of size 256 next 248
2026-09-04 18:47:18.406386: I external/local_tsl/tsl/framework/bfc_allocator.cc:1100] InUse at 77d6d66f7600 of size 256 next 268
2026-09-04 18:47:18.406392: I external/local_tsl/tsl/framework/bfc_allocator.cc:1100] InUse at 77d6d66f7700 of size 256 next 282
2026-09-04 18:47:18.406399: I external/local_tsl/tsl/framework/bfc_allocator.cc:1100] InUse at 77d6d66f7800 of size 256 next 285
2026-09-04 18:47:18.406405: I external/local_tsl/tsl/framework/bfc_allocator.cc:1100] InUse at 77d6d66f7900 of size 256 next 276
2026-09-04 18:47:18.406412: I external/local_tsl/tsl/framework/bfc_allocator.cc:1100] InUse at 77d6d66f7a00 of size 256 next 287
2026-09-04 18:47:18.406418: I external/local_tsl/tsl/framework/bfc_allocator.cc:1100] InUse at 77d6d66f7b00 of size 256 next 288
2026-09-04 18:47:18.406425: I external/local_tsl/tsl/framework/bfc_allocator.cc:1100] InUse at 77d6d66f7c00 of size 256 next 262
2026-09-04 18:47:18.406431: I external/local_tsl/tsl/framework/bfc_allocator.cc:1100] InUse at 77d6d66f7d00 of size 256 next 290
2026-09-04 18:47:18.406438: I external/local_tsl/tsl/framework/bfc_allocator.cc:1100] Free  at 77d6d66f7e00 of size 512 next 284
2026-09-04 18:47:18.406444: I external/local_tsl/tsl/framework/bfc_allocator.cc:1100] InUse at 77d6d66f8000 of size 256 next 289
2026-09-04 18:47:18.406451: I external/local_tsl/tsl/framework/bfc_allocator.cc:1100] InUse at 77d6d66f8100 of size 256 next 277
2026-09-04 18:47:18.406457: I external/local_tsl/tsl/framework/bfc_allocator.cc:1100] InUse at 77d6d66f8200 of size 256 next 279
2026-09-04 18:47:18.406464: I external/local_tsl/tsl/framework/bfc_allocator.cc:1100] InUse at 77d6d66f8300 of size 256 next 272
2026-09-04 18:47:18.406470: I external/local_tsl/tsl/framework/bfc_allocator.cc:1100] InUse at 77d6d66f8400 of size 2048 next 278
2026-09-04 18:47:18.406477: I external/local_tsl/tsl/framework/bfc_allocator.cc:1100] InUse at 77d6d66f8c00 of size 2560 next 166
2026-09-04 18:47:18.406484: I external/local_tsl/tsl/framework/bfc_allocator.cc:1100] InUse at 77d6d66f9600 of size 18432 next 152
2026-09-04 18:47:18.406490: I external/local_tsl/tsl/framework/bfc_allocator.cc:1100] InUse at 77d6d66fde00 of size 65536 next 164
2026-09-04 18:47:18.406497: I external/local_tsl/tsl/framework/bfc_allocator.cc:1100] InUse at 77d6d670de00 of size 131072 next 59
2026-09-04 18:47:18.406504: I external/local_tsl/tsl/framework/bfc_allocator.cc:1100] Free  at 77d6d672de00 of size 69632 next 91
2026-09-04 18:47:18.406510: I external/local_tsl/tsl/framework/bfc_allocator.cc:1100] InUse at 77d6d673ee00 of size 18432 next 182
2026-09-04 18:47:18.406517: I external/local_tsl/tsl/framework/bfc_allocator.cc:1100] InUse at 77d6d6743600 of size 36864 next 185
2026-09-04 18:47:18.406523: I external/local_tsl/tsl/framework/bfc_allocator.cc:1100] InUse at 77d6d674c600 of size 36864 next 186
2026-09-04 18:47:18.406530: I external/local_tsl/tsl/framework/bfc_allocator.cc:1100] InUse at 77d6d6755600 of size 69632 next 189
2026-09-04 18:47:18.406537: I external/local_tsl/tsl/framework/bfc_allocator.cc:1100] InUse at 77d6d6766600 of size 69632 next 190
2026-09-04 18:47:18.406544: I external/local_tsl/tsl/framework/bfc_allocator.cc:1100] Free  at 77d6d6777600 of size 215040 next 81
2026-09-04 18:47:18.406550: I external/local_tsl/tsl/framework/bfc_allocator.cc:1100] InUse at 77d6d67abe00 of size 262144 next 165
2026-09-04 18:47:18.406557: I external/local_tsl/tsl/framework/bfc_allocator.cc:1100] Free  at 77d6d67ebe00 of size 786432 next 90
2026-09-04 18:47:18.406563: I external/local_tsl/tsl/framework/bfc_allocator.cc:1100] InUse at 77d6d68abe00 of size 524288 next 82
2026-09-04 18:47:18.406570: I external/local_tsl/tsl/framework/bfc_allocator.cc:1100] InUse at 77d6d692be00 of size 1572864 next 105
2026-09-04 18:47:18.406577: I external/local_tsl/tsl/framework/bfc_allocator.cc:1100] InUse at 77d6d6aabe00 of size 1048576 next 104
2026-09-04 18:47:18.406583: I external/local_tsl/tsl/framework/bfc_allocator.cc:1100] InUse at 77d6d6babe00 of size 1048576 next 112
2026-09-04 18:47:18.406593: I external/local_tsl/tsl/framework/bfc_allocator.cc:1100] InUse at 77d6d6cabe00 of size 1048576 next 121
2026-09-04 18:47:18.406600: I external/local_tsl/tsl/framework/bfc_allocator.cc:1100] InUse at 77d6d6dabe00 of size 1048576 next 128
2026-09-04 18:47:18.406606: I external/local_tsl/tsl/framework/bfc_allocator.cc:1100] Free  at 77d6d6eabe00 of size 7340032 next 140
2026-09-04 18:47:18.406613: I external/local_tsl/tsl/framework/bfc_allocator.cc:1100] InUse at 77d6d75abe00 of size 2097152 next 266
2026-09-04 18:47:18.406620: I external/local_tsl/tsl/framework/bfc_allocator.cc:1100] InUse at 77d6d77abe00 of size 4194304 next 217
2026-09-04 18:47:18.406627: I external/local_tsl/tsl/framework/bfc_allocator.cc:1100] Free  at 77d6d7babe00 of size 285357824 next 180
2026-09-04 18:47:18.406633: I external/local_tsl/tsl/framework/bfc_allocator.cc:1100] InUse at 77d6e8bcf500 of size 2097152 next 183
2026-09-04 18:47:18.406639: I external/local_tsl/tsl/framework/bfc_allocator.cc:1100] InUse at 77d6e8dcf500 of size 2097152 next 184
2026-09-04 18:47:18.406646: I external/local_tsl/tsl/framework/bfc_allocator.cc:1100] InUse at 77d6e8fcf500 of size 4194304 next 187
2026-09-04 18:47:18.406652: I external/local_tsl/tsl/framework/bfc_allocator.cc:1100] InUse at 77d6e93cf500 of size 4194304 next 188
2026-09-04 18:47:18.406659: I external/local_tsl/tsl/framework/bfc_allocator.cc:1100] Free  at 77d6e97cf500 of size 295897856 next 18446744073709551615
2026-09-04 18:47:18.406665: I external/local_tsl/tsl/framework/bfc_allocator.cc:1105]      Summary of in-use Chunks by size: 
2026-09-04 18:47:18.406673: I external/local_tsl/tsl/framework/bfc_allocator.cc:1108] 156 Chunks of size 256 totalling 39.0KiB
2026-09-04 18:47:18.406680: I external/local_tsl/tsl/framework/bfc_allocator.cc:1108] 11 Chunks of size 512 totalling 5.5KiB
2026-09-04 18:47:18.406687: I external/local_tsl/tsl/framework/bfc_allocator.cc:1108] 1 Chunks of size 768 totalling 768B
2026-09-04 18:47:18.406693: I external/local_tsl/tsl/framework/bfc_allocator.cc:1108] 11 Chunks of size 1024 totalling 11.0KiB
2026-09-04 18:47:18.406700: I external/local_tsl/tsl/framework/bfc_allocator.cc:1108] 4 Chunks of size 1280 totalling 5.0KiB
2026-09-04 18:47:18.406706: I external/local_tsl/tsl/framework/bfc_allocator.cc:1108] 32 Chunks of size 2048 totalling 64.0KiB
2026-09-04 18:47:18.406713: I external/local_tsl/tsl/framework/bfc_allocator.cc:1108] 3 Chunks of size 2304 totalling 6.8KiB
2026-09-04 18:47:18.406719: I external/local_tsl/tsl/framework/bfc_allocator.cc:1108] 1 Chunks of size 2560 totalling 2.5KiB
2026-09-04 18:47:18.406726: I external/local_tsl/tsl/framework/bfc_allocator.cc:1108] 1 Chunks of size 3072 totalling 3.0KiB
2026-09-04 18:47:18.406732: I external/local_tsl/tsl/framework/bfc_allocator.cc:1108] 8 Chunks of size 4096 totalling 32.0KiB
2026-09-04 18:47:18.406739: I external/local_tsl/tsl/framework/bfc_allocator.cc:1108] 1 Chunks of size 4608 totalling 4.5KiB
2026-09-04 18:47:18.406745: I external/local_tsl/tsl/framework/bfc_allocator.cc:1108] 1 Chunks of size 5888 totalling 5.8KiB
2026-09-04 18:47:18.406751: I external/local_tsl/tsl/framework/bfc_allocator.cc:1108] 1 Chunks of size 7680 totalling 7.5KiB
2026-09-04 18:47:18.406758: I external/local_tsl/tsl/framework/bfc_allocator.cc:1108] 2 Chunks of size 9216 totalling 18.0KiB
2026-09-04 18:47:18.406765: I external/local_tsl/tsl/framework/bfc_allocator.cc:1108] 1 Chunks of size 11264 totalling 11.0KiB
2026-09-04 18:47:18.406771: I external/local_tsl/tsl/framework/bfc_allocator.cc:1108] 7 Chunks of size 18432 totalling 126.0KiB
2026-09-04 18:47:18.406778: I external/local_tsl/tsl/framework/bfc_allocator.cc:1108] 1 Chunks of size 23552 totalling 23.0KiB
2026-09-04 18:47:18.406785: I external/local_tsl/tsl/framework/bfc_allocator.cc:1108] 4 Chunks of size 36864 totalling 144.0KiB
2026-09-04 18:47:18.406791: I external/local_tsl/tsl/framework/bfc_allocator.cc:1108] 1 Chunks of size 64256 totalling 62.8KiB
2026-09-04 18:47:18.406801: I external/local_tsl/tsl/framework/bfc_allocator.cc:1108] 1 Chunks of size 65536 totalling 64.0KiB
2026-09-04 18:47:18.406808: I external/local_tsl/tsl/framework/bfc_allocator.cc:1108] 2 Chunks of size 69632 totalling 136.0KiB
2026-09-04 18:47:18.406815: I external/local_tsl/tsl/framework/bfc_allocator.cc:1108] 1 Chunks of size 71680 totalling 70.0KiB
2026-09-04 18:47:18.406826: I external/local_tsl/tsl/framework/bfc_allocator.cc:1108] 1 Chunks of size 131072 totalling 128.0KiB
2026-09-04 18:47:18.406837: I external/local_tsl/tsl/framework/bfc_allocator.cc:1108] 1 Chunks of size 262144 totalling 256.0KiB
2026-09-04 18:47:18.406845: I external/local_tsl/tsl/framework/bfc_allocator.cc:1108] 1 Chunks of size 524288 totalling 512.0KiB
2026-09-04 18:47:18.406852: I external/local_tsl/tsl/framework/bfc_allocator.cc:1108] 4 Chunks of size 1048576 totalling 4.00MiB
2026-09-04 18:47:18.406860: I external/local_tsl/tsl/framework/bfc_allocator.cc:1108] 1 Chunks of size 1572864 totalling 1.50MiB
2026-09-04 18:47:18.406867: I external/local_tsl/tsl/framework/bfc_allocator.cc:1108] 3 Chunks of size 2097152 totalling 6.00MiB
2026-09-04 18:47:18.406875: I external/local_tsl/tsl/framework/bfc_allocator.cc:1108] 3 Chunks of size 4194304 totalling 12.00MiB
2026-09-04 18:47:18.406882: I external/local_tsl/tsl/framework/bfc_allocator.cc:1108] 1 Chunks of size 4954112 totalling 4.72MiB
2026-09-04 18:47:18.406890: I external/local_tsl/tsl/framework/bfc_allocator.cc:1108] 1 Chunks of size 23150592 totalling 22.08MiB
2026-09-04 18:47:18.406897: I external/local_tsl/tsl/framework/bfc_allocator.cc:1108] 1 Chunks of size 1790435328 totalling 1.67GiB
2026-09-04 18:47:18.406904: I external/local_tsl/tsl/framework/bfc_allocator.cc:1112] Sum Total of in-use chunks: 1.72GiB
2026-09-04 18:47:18.406911: I external/local_tsl/tsl/framework/bfc_allocator.cc:1114] Total bytes in pool: 2434793472 memory_limit_: 2434793472 available bytes: 0 curr_region_allocation_bytes_: 4869586944
2026-09-04 18:47:18.406920: I external/local_tsl/tsl/framework/bfc_allocator.cc:1119] Stats: 
Limit:                      2434793472
InUse:                      1844961280
MaxInUse:                   2141553152
NumAllocs:                       53573
MaxAllocSize:               1790435328
Reserved:                            0
PeakReserved:                        0
LargestFreeBlock:                    0

2026-09-04 18:47:18.406941: W external/local_tsl/tsl/framework/bfc_allocator.cc:499] ****************************************************************************___________*____________
Traceback (most recent call last):
  File "/home/luke/projects/buzzdetect-training/.local/worktrees/trunk-ft-restore-sens/03_train/main.py", line 52, in <module>
    train_set(
  File "/home/luke/projects/buzzdetect-training/.local/worktrees/trunk-ft-restore-sens/03_train/train.py", line 510, in train_set
    data = _load_data(setname, embeddername, folds_train, name_translation,
           ^^^^^^^^^^^^^^^^^^^^^^^^^^^^^^^^^^^^^^^^^^^^^^^^^^^^^^^^^^^^^^^^
  File "/home/luke/projects/buzzdetect-training/.local/worktrees/trunk-ft-restore-sens/03_train/train.py", line 141, in _load_data
    train_tf=_to_tf(data_train, size_batch, size_shuffle),
             ^^^^^^^^^^^^^^^^^^^^^^^^^^^^^^^^^^^^^^^^^^^^
  File "/home/luke/projects/buzzdetect-training/.local/worktrees/trunk-ft-restore-sens/03_train/train.py", line 69, in _to_tf
    ds = tf.data.Dataset.from_tensor_slices((emb_np, tgt_np))
         ^^^^^^^^^^^^^^^^^^^^^^^^^^^^^^^^^^^^^^^^^^^^^^^^^^^^
  File "/home/luke/anaconda3/envs/buzzdetect-train/lib/python3.12/site-packages/tensorflow/python/data/ops/dataset_ops.py", line 826, in from_tensor_slices
    return from_tensor_slices_op._from_tensor_slices(tensors, name)
           ^^^^^^^^^^^^^^^^^^^^^^^^^^^^^^^^^^^^^^^^^^^^^^^^^^^^^^^^
  File "/home/luke/anaconda3/envs/buzzdetect-train/lib/python3.12/site-packages/tensorflow/python/data/ops/from_tensor_slices_op.py", line 25, in _from_tensor_slices
    return _TensorSliceDataset(tensors, name=name)
           ^^^^^^^^^^^^^^^^^^^^^^^^^^^^^^^^^^^^^^^
  File "/home/luke/anaconda3/envs/buzzdetect-train/lib/python3.12/site-packages/tensorflow/python/data/ops/from_tensor_slices_op.py", line 33, in __init__
    element = structure.normalize_element(element)
              ^^^^^^^^^^^^^^^^^^^^^^^^^^^^^^^^^^^^
  File "/home/luke/anaconda3/envs/buzzdetect-train/lib/python3.12/site-packages/tensorflow/python/data/util/structure.py", line 134, in normalize_element
    ops.convert_to_tensor(t, name="component_%d" % i, dtype=dtype))
    ^^^^^^^^^^^^^^^^^^^^^^^^^^^^^^^^^^^^^^^^^^^^^^^^^^^^^^^^^^^^^^
  File "/home/luke/anaconda3/envs/buzzdetect-train/lib/python3.12/site-packages/tensorflow/python/profiler/trace.py", line 183, in wrapped
    return func(*args, **kwargs)
           ^^^^^^^^^^^^^^^^^^^^^
  File "/home/luke/anaconda3/envs/buzzdetect-train/lib/python3.12/site-packages/tensorflow/python/framework/ops.py", line 713, in convert_to_tensor
    return tensor_conversion_registry.convert(
           ^^^^^^^^^^^^^^^^^^^^^^^^^^^^^^^^^^^
  File "/home/luke/anaconda3/envs/buzzdetect-train/lib/python3.12/site-packages/tensorflow/python/framework/tensor_conversion_registry.py", line 234, in convert
    ret = conversion_func(value, dtype=dtype, name=name, as_ref=as_ref)
          ^^^^^^^^^^^^^^^^^^^^^^^^^^^^^^^^^^^^^^^^^^^^^^^^^^^^^^^^^^^^^
  File "/home/luke/anaconda3/envs/buzzdetect-train/lib/python3.12/site-packages/tensorflow/python/framework/constant_tensor_conversion.py", line 29, in _constant_tensor_conversion_function
    return constant_op.constant(v, dtype=dtype, name=name)
           ^^^^^^^^^^^^^^^^^^^^^^^^^^^^^^^^^^^^^^^^^^^^^^^
  File "/home/luke/anaconda3/envs/buzzdetect-train/lib/python3.12/site-packages/tensorflow/python/ops/weak_tensor_ops.py", line 142, in wrapper
    return op(*args, **kwargs)
           ^^^^^^^^^^^^^^^^^^^
  File "/home/luke/anaconda3/envs/buzzdetect-train/lib/python3.12/site-packages/tensorflow/python/framework/constant_op.py", line 276, in constant
    return _constant_impl(value, dtype, shape, name, verify_shape=False,
           ^^^^^^^^^^^^^^^^^^^^^^^^^^^^^^^^^^^^^^^^^^^^^^^^^^^^^^^^^^^^^
  File "/home/luke/anaconda3/envs/buzzdetect-train/lib/python3.12/site-packages/tensorflow/python/framework/constant_op.py", line 289, in _constant_impl
    return _constant_eager_impl(ctx, value, dtype, shape, verify_shape)
           ^^^^^^^^^^^^^^^^^^^^^^^^^^^^^^^^^^^^^^^^^^^^^^^^^^^^^^^^^^^^
  File "/home/luke/anaconda3/envs/buzzdetect-train/lib/python3.12/site-packages/tensorflow/python/framework/constant_op.py", line 301, in _constant_eager_impl
    t = convert_to_eager_tensor(value, ctx, dtype)
        ^^^^^^^^^^^^^^^^^^^^^^^^^^^^^^^^^^^^^^^^^^
  File "/home/luke/anaconda3/envs/buzzdetect-train/lib/python3.12/site-packages/tensorflow/python/framework/constant_op.py", line 108, in convert_to_eager_tensor
    return ops.EagerTensor(value, ctx.device_name, dtype)
           ^^^^^^^^^^^^^^^^^^^^^^^^^^^^^^^^^^^^^^^^^^^^^^
tensorflow.python.framework.errors_impl.InternalError: Failed copying input tensor from /job:localhost/replica:0/task:0/device:CPU:0 to /job:localhost/replica:0/task:0/device:GPU:0 in order to run _EagerConst: Dst tensor is not initialized.
=== attempt 9 exited rc=1 ===
=== attempt 10 2026-09-04_18:47:19 ===
2026-09-04 18:47:20.198422: E external/local_xla/xla/stream_executor/cuda/cuda_fft.cc:479] Unable to register cuFFT factory: Attempting to register factory for plugin cuFFT when one has already been registered
2026-09-04 18:47:20.222022: E external/local_xla/xla/stream_executor/cuda/cuda_dnn.cc:10575] Unable to register cuDNN factory: Attempting to register factory for plugin cuDNN when one has already been registered
2026-09-04 18:47:20.222078: E external/local_xla/xla/stream_executor/cuda/cuda_blas.cc:1442] Unable to register cuBLAS factory: Attempting to register factory for plugin cuBLAS when one has already been registered
2026-09-04 18:47:21.102416: W tensorflow/compiler/tf2tensorrt/utils/py_utils.cc:38] TF-TRT Warning: Could not find TensorRT
[trunk_ft_restore_sens] set medium, embedder yamnet_trunk, translation general: 11 rotating fold(s), 311 train-only, 0 holdout
[1/11] JamesU - MustardBumbler/1_29: already trained; skipping
[2/11] Lily - Fit+Fast/2023_R3_Marysville/53: already trained; skipping
[3/11] Lily Adam - One Hive/recorders/willard/2024-08-07/1_11: already trained; skipping
[4/11] Lily Adam - One Hive/recorders/wooster/2024-07-26/1_143: already trained; skipping
[5/11] Luke - Diel Drivers/2026-04-08/1_150: already trained; skipping
[6/11] Luke - Diel Drivers/2026-05-06/1_95: already trained; skipping
[7/11] Luke - Various Opportunistic Recordings/2025-06-23/1_23: already trained; skipping
[8/11] Luke - Various Opportunistic Recordings/2025-07-03/1_37: already trained; skipping
[9/11] Luke - Various Opportunistic Recordings/2025-08-05/31: already trained; skipping
/home/luke/projects/buzzdetect-training/.local/worktrees/trunk-ft-restore-sens/03_train/dataset.py:130: UserWarning: all 1 embedding file(s) under /home/luke/projects/buzzdetect-training/.local/worktrees/trunk-ft-restore-sens/02_set/sets/medium/embeddings/yamnet_trunk/raw/Luke - External Data Sources/InsectSound1000/Coccinella_septempunctata/2023419-16-19/000020 were dropped by the translation; raw label(s) present: ['EXCLUDE']
  warnings.warn(
/home/luke/projects/buzzdetect-training/.local/worktrees/trunk-ft-restore-sens/03_train/dataset.py:130: UserWarning: all 1 embedding file(s) under /home/luke/projects/buzzdetect-training/.local/worktrees/trunk-ft-restore-sens/02_set/sets/medium/embeddings/yamnet_trunk/raw/Luke - External Data Sources/InsectSound1000/Nezara_viridula/2022511-18-10/000018 were dropped by the translation; raw label(s) present: ['EXCLUDE']
  warnings.warn(
/home/luke/projects/buzzdetect-training/.local/worktrees/trunk-ft-restore-sens/03_train/dataset.py:130: UserWarning: all 2 embedding file(s) under /home/luke/projects/buzzdetect-training/.local/worktrees/trunk-ft-restore-sens/02_set/sets/medium/embeddings/yamnet_trunk/raw/Luke - External Data Sources/InsectSound1000/Nezara_viridula/2022511-18-10/000025 were dropped by the translation; raw label(s) present: ['EXCLUDE']
  warnings.warn(
/home/luke/projects/buzzdetect-training/.local/worktrees/trunk-ft-restore-sens/03_train/dataset.py:130: UserWarning: all 1 embedding file(s) under /home/luke/projects/buzzdetect-training/.local/worktrees/trunk-ft-restore-sens/02_set/sets/medium/embeddings/yamnet_trunk/raw/Luke - External Data Sources/InsectSound1000/Nezara_viridula/2022511-18-10/000032 were dropped by the translation; raw label(s) present: ['EXCLUDE']
  warnings.warn(
2026-09-04 18:47:30.367285: I external/local_xla/xla/stream_executor/cuda/cuda_executor.cc:998] successful NUMA node read from SysFS had negative value (-1), but there must be at least one NUMA node, so returning NUMA node zero. See more at https://github.com/torvalds/linux/blob/v6.0/Documentation/ABI/testing/sysfs-bus-pci#L344-L355
2026-09-04 18:47:30.406570: I external/local_xla/xla/stream_executor/cuda/cuda_executor.cc:998] successful NUMA node read from SysFS had negative value (-1), but there must be at least one NUMA node, so returning NUMA node zero. See more at https://github.com/torvalds/linux/blob/v6.0/Documentation/ABI/testing/sysfs-bus-pci#L344-L355
2026-09-04 18:47:30.408820: I external/local_xla/xla/stream_executor/cuda/cuda_executor.cc:998] successful NUMA node read from SysFS had negative value (-1), but there must be at least one NUMA node, so returning NUMA node zero. See more at https://github.com/torvalds/linux/blob/v6.0/Documentation/ABI/testing/sysfs-bus-pci#L344-L355
2026-09-04 18:47:30.411529: I external/local_xla/xla/stream_executor/cuda/cuda_executor.cc:998] successful NUMA node read from SysFS had negative value (-1), but there must be at least one NUMA node, so returning NUMA node zero. See more at https://github.com/torvalds/linux/blob/v6.0/Documentation/ABI/testing/sysfs-bus-pci#L344-L355
2026-09-04 18:47:30.413657: I external/local_xla/xla/stream_executor/cuda/cuda_executor.cc:998] successful NUMA node read from SysFS had negative value (-1), but there must be at least one NUMA node, so returning NUMA node zero. See more at https://github.com/torvalds/linux/blob/v6.0/Documentation/ABI/testing/sysfs-bus-pci#L344-L355
2026-09-04 18:47:30.415643: I external/local_xla/xla/stream_executor/cuda/cuda_executor.cc:998] successful NUMA node read from SysFS had negative value (-1), but there must be at least one NUMA node, so returning NUMA node zero. See more at https://github.com/torvalds/linux/blob/v6.0/Documentation/ABI/testing/sysfs-bus-pci#L344-L355
2026-09-04 18:47:30.575008: I external/local_xla/xla/stream_executor/cuda/cuda_executor.cc:998] successful NUMA node read from SysFS had negative value (-1), but there must be at least one NUMA node, so returning NUMA node zero. See more at https://github.com/torvalds/linux/blob/v6.0/Documentation/ABI/testing/sysfs-bus-pci#L344-L355
2026-09-04 18:47:30.576133: I external/local_xla/xla/stream_executor/cuda/cuda_executor.cc:998] successful NUMA node read from SysFS had negative value (-1), but there must be at least one NUMA node, so returning NUMA node zero. See more at https://github.com/torvalds/linux/blob/v6.0/Documentation/ABI/testing/sysfs-bus-pci#L344-L355
2026-09-04 18:47:30.577126: I external/local_xla/xla/stream_executor/cuda/cuda_executor.cc:998] successful NUMA node read from SysFS had negative value (-1), but there must be at least one NUMA node, so returning NUMA node zero. See more at https://github.com/torvalds/linux/blob/v6.0/Documentation/ABI/testing/sysfs-bus-pci#L344-L355
2026-09-04 18:47:30.578074: I tensorflow/core/common_runtime/gpu/gpu_device.cc:1928] Created device /job:localhost/replica:0/task:0/device:GPU:0 with 2322 MB memory:  -> device: 0, name: NVIDIA GeForce GTX 1650, pci bus id: 0000:01:00.0, compute capability: 7.5
2026-09-04 18:47:30.579313: W external/local_tsl/tsl/framework/cpu_allocator_impl.cc:83] Allocation of 1720983552 exceeds 10% of free system memory.
2026-09-04 18:47:31.831616: W external/local_tsl/tsl/framework/cpu_allocator_impl.cc:83] Allocation of 1720983552 exceeds 10% of free system memory.
[trunk_ft_restore_sens_foldLuke - Various Opportunistic Recordings/2025-08-12/1_114] training on 321 fold(s), 70027 frames; early stopping on Luke - Various Opportunistic Recordings/2025-08-12/1_114 (3768 frames)...
/home/luke/anaconda3/envs/buzzdetect-train/lib/python3.12/site-packages/keras/src/trainers/epoch_iterator.py:74: UserWarning: `shuffle=True` was passed, but will be ignored since the data `x` was provided as a tf.data.Dataset. The Dataset is expected to already be shuffled (via `.shuffle(buffer_size)`).
  self.data_adapter = data_adapters.get_data_adapter(
Epoch 1/400
2026-09-04 18:47:34.490543: W external/local_tsl/tsl/framework/cpu_allocator_impl.cc:83] Allocation of 1720983552 exceeds 10% of free system memory.
WARNING: All log messages before absl::InitializeLog() is called are written to STDERR
I0000 00:00:1788562056.650414 1358441 service.cc:145] XLA service 0x5746ea843e60 initialized for platform CUDA (this does not guarantee that XLA will be used). Devices:
I0000 00:00:1788562056.650535 1358441 service.cc:153]   StreamExecutor device (0): NVIDIA GeForce GTX 1650, Compute Capability 7.5
2026-09-04 18:47:36.737081: I tensorflow/compiler/mlir/tensorflow/utils/dump_mlir_util.cc:268] disabling MLIR crash reproducer, set env var `MLIR_CRASH_REPRODUCER_DIRECTORY` to enable.
2026-09-04 18:47:37.007925: I external/local_xla/xla/stream_executor/cuda/cuda_dnn.cc:465] Loaded cuDNN version 8907
2026-09-04 18:47:38.252695: W external/local_tsl/tsl/framework/bfc_allocator.cc:296] Allocator (GPU_0_bfc) ran out of memory trying to allocate 696.00MiB with freed_by_count=0. The caller indicates that this is not a failure, but this may mean that there could be performance gains if more memory were available.
2026-09-04 18:47:38.252772: W external/local_tsl/tsl/framework/bfc_allocator.cc:296] Allocator (GPU_0_bfc) ran out of memory trying to allocate 2.27GiB with freed_by_count=0. The caller indicates that this is not a failure, but this may mean that there could be performance gains if more memory were available.
2026-09-04 18:47:39.730900: W external/local_tsl/tsl/framework/bfc_allocator.cc:296] Allocator (GPU_0_bfc) ran out of memory trying to allocate 968.00MiB with freed_by_count=0. The caller indicates that this is not a failure, but this may mean that there could be performance gains if more memory were available.
2026-09-04 18:47:39.730976: W external/local_tsl/tsl/framework/bfc_allocator.cc:296] Allocator (GPU_0_bfc) ran out of memory trying to allocate 4.52GiB with freed_by_count=0. The caller indicates that this is not a failure, but this may mean that there could be performance gains if more memory were available.
2026-09-04 18:47:40.122396: W external/local_tsl/tsl/framework/bfc_allocator.cc:296] Allocator (GPU_0_bfc) ran out of memory trying to allocate 696.00MiB with freed_by_count=0. The caller indicates that this is not a failure, but this may mean that there could be performance gains if more memory were available.
2026-09-04 18:47:40.122470: W external/local_tsl/tsl/framework/bfc_allocator.cc:296] Allocator (GPU_0_bfc) ran out of memory trying to allocate 3.39GiB with freed_by_count=0. The caller indicates that this is not a failure, but this may mean that there could be performance gains if more memory were available.
2026-09-04 18:47:40.260006: W external/local_tsl/tsl/framework/bfc_allocator.cc:296] Allocator (GPU_0_bfc) ran out of memory trying to allocate 2.02GiB with freed_by_count=0. The caller indicates that this is not a failure, but this may mean that there could be performance gains if more memory were available.
2026-09-04 18:47:40.260073: W external/local_tsl/tsl/framework/bfc_allocator.cc:296] Allocator (GPU_0_bfc) ran out of memory trying to allocate 2.02GiB with freed_by_count=0. The caller indicates that this is not a failure, but this may mean that there could be performance gains if more memory were available.
2026-09-04 18:47:40.260102: W external/local_tsl/tsl/framework/bfc_allocator.cc:296] Allocator (GPU_0_bfc) ran out of memory trying to allocate 2.02GiB with freed_by_count=0. The caller indicates that this is not a failure, but this may mean that there could be performance gains if more memory were available.
2026-09-04 18:47:41.221691: W external/local_tsl/tsl/framework/bfc_allocator.cc:296] Allocator (GPU_0_bfc) ran out of memory trying to allocate 4.02GiB with freed_by_count=0. The caller indicates that this is not a failure, but this may mean that there could be performance gains if more memory were available.
I0000 00:00:1788562064.380811 1358441 device_compiler.h:188] Compiled cluster using XLA!  This line is logged at most once for the lifetime of the process.
69/69 - 22s - 316ms/step - accuracy: 0.1401 - loss: 0.5627 - val_accuracy: 0.3028 - val_loss: 0.4984 - val_sens_fpr0.005: 0.0443
Epoch 2/400
69/69 - 5s - 69ms/step - accuracy: 0.2735 - loss: 0.4358 - val_accuracy: 0.6356 - val_loss: 0.4658 - val_sens_fpr0.005: 0.2579
Epoch 3/400
69/69 - 5s - 68ms/step - accuracy: 0.3977 - loss: 0.4209 - val_accuracy: 0.6465 - val_loss: 0.4576 - val_sens_fpr0.005: 0.2327
Epoch 4/400
69/69 - 5s - 68ms/step - accuracy: 0.4520 - loss: 0.4140 - val_accuracy: 0.6468 - val_loss: 0.4519 - val_sens_fpr0.005: 0.2108
Epoch 5/400
69/69 - 5s - 68ms/step - accuracy: 0.4848 - loss: 0.4099 - val_accuracy: 0.6499 - val_loss: 0.4473 - val_sens_fpr0.005: 0.1779
Epoch 6/400
69/69 - 5s - 68ms/step - accuracy: 0.5112 - loss: 0.4069 - val_accuracy: 0.6518 - val_loss: 0.4470 - val_sens_fpr0.005: 0.1487
Epoch 7/400
69/69 - 5s - 68ms/step - accuracy: 0.5309 - loss: 0.4047 - val_accuracy: 0.6523 - val_loss: 0.4482 - val_sens_fpr0.005: 0.1572
Epoch 8/400
69/69 - 5s - 68ms/step - accuracy: 0.5436 - loss: 0.4029 - val_accuracy: 0.6523 - val_loss: 0.4461 - val_sens_fpr0.005: 0.1764
Epoch 9/400
69/69 - 5s - 68ms/step - accuracy: 0.5590 - loss: 0.4014 - val_accuracy: 0.6523 - val_loss: 0.4436 - val_sens_fpr0.005: 0.1816
Epoch 10/400
69/69 - 5s - 68ms/step - accuracy: 0.5674 - loss: 0.4001 - val_accuracy: 0.6526 - val_loss: 0.4456 - val_sens_fpr0.005: 0.1977
Epoch 11/400
69/69 - 5s - 68ms/step - accuracy: 0.5755 - loss: 0.3990 - val_accuracy: 0.6521 - val_loss: 0.4435 - val_sens_fpr0.005: 0.2059
Epoch 12/400
69/69 - 5s - 69ms/step - accuracy: 0.5843 - loss: 0.3980 - val_accuracy: 0.6521 - val_loss: 0.4434 - val_sens_fpr0.005: 0.2166
Epoch 13/400
69/69 - 5s - 68ms/step - accuracy: 0.5906 - loss: 0.3969 - val_accuracy: 0.6518 - val_loss: 0.4444 - val_sens_fpr0.005: 0.2216
Epoch 14/400
69/69 - 5s - 69ms/step - accuracy: 0.5934 - loss: 0.3960 - val_accuracy: 0.6523 - val_loss: 0.4460 - val_sens_fpr0.005: 0.2191
Epoch 15/400
69/69 - 5s - 68ms/step - accuracy: 0.6005 - loss: 0.3954 - val_accuracy: 0.6526 - val_loss: 0.4455 - val_sens_fpr0.005: 0.2167
Epoch 16/400
69/69 - 5s - 68ms/step - accuracy: 0.6067 - loss: 0.3946 - val_accuracy: 0.6523 - val_loss: 0.4423 - val_sens_fpr0.005: 0.2277
Epoch 17/400
69/69 - 5s - 69ms/step - accuracy: 0.6098 - loss: 0.3939 - val_accuracy: 0.6531 - val_loss: 0.4431 - val_sens_fpr0.005: 0.2333
Epoch 18/400
69/69 - 5s - 68ms/step - accuracy: 0.6156 - loss: 0.3933 - val_accuracy: 0.6531 - val_loss: 0.4429 - val_sens_fpr0.005: 0.2413
Epoch 19/400
69/69 - 5s - 68ms/step - accuracy: 0.6177 - loss: 0.3927 - val_accuracy: 0.6529 - val_loss: 0.4444 - val_sens_fpr0.005: 0.2306
Epoch 20/400
69/69 - 5s - 68ms/step - accuracy: 0.6214 - loss: 0.3922 - val_accuracy: 0.6526 - val_loss: 0.4433 - val_sens_fpr0.005: 0.2410
Epoch 21/400
69/69 - 5s - 68ms/step - accuracy: 0.6255 - loss: 0.3917 - val_accuracy: 0.6529 - val_loss: 0.4430 - val_sens_fpr0.005: 0.2493
Epoch 22/400
69/69 - 5s - 69ms/step - accuracy: 0.6288 - loss: 0.3912 - val_accuracy: 0.6539 - val_loss: 0.4447 - val_sens_fpr0.005: 0.2495
Epoch 23/400
69/69 - 5s - 69ms/step - accuracy: 0.6313 - loss: 0.3907 - val_accuracy: 0.6537 - val_loss: 0.4434 - val_sens_fpr0.005: 0.2579
Epoch 24/400
69/69 - 5s - 68ms/step - accuracy: 0.6347 - loss: 0.3903 - val_accuracy: 0.6537 - val_loss: 0.4439 - val_sens_fpr0.005: 0.2525
Epoch 25/400
69/69 - 5s - 68ms/step - accuracy: 0.6373 - loss: 0.3899 - val_accuracy: 0.6526 - val_loss: 0.4433 - val_sens_fpr0.005: 0.2604
Epoch 26/400
69/69 - 5s - 68ms/step - accuracy: 0.6399 - loss: 0.3896 - val_accuracy: 0.6526 - val_loss: 0.4437 - val_sens_fpr0.005: 0.2659
Epoch 27/400
69/69 - 5s - 68ms/step - accuracy: 0.6420 - loss: 0.3891 - val_accuracy: 0.6523 - val_loss: 0.4446 - val_sens_fpr0.005: 0.2659
Epoch 28/400
69/69 - 5s - 68ms/step - accuracy: 0.6433 - loss: 0.3888 - val_accuracy: 0.6529 - val_loss: 0.4443 - val_sens_fpr0.005: 0.2663
Epoch 29/400
69/69 - 5s - 68ms/step - accuracy: 0.6449 - loss: 0.3884 - val_accuracy: 0.6534 - val_loss: 0.4464 - val_sens_fpr0.005: 0.2690
Epoch 30/400
69/69 - 5s - 68ms/step - accuracy: 0.6485 - loss: 0.3881 - val_accuracy: 0.6539 - val_loss: 0.4439 - val_sens_fpr0.005: 0.2690
Epoch 31/400
69/69 - 5s - 68ms/step - accuracy: 0.6501 - loss: 0.3878 - val_accuracy: 0.6539 - val_loss: 0.4427 - val_sens_fpr0.005: 0.2690
Epoch 32/400
69/69 - 5s - 68ms/step - accuracy: 0.6512 - loss: 0.3875 - val_accuracy: 0.6545 - val_loss: 0.4430 - val_sens_fpr0.005: 0.2742
Epoch 33/400
69/69 - 5s - 68ms/step - accuracy: 0.6545 - loss: 0.3872 - val_accuracy: 0.6534 - val_loss: 0.4445 - val_sens_fpr0.005: 0.2633
Epoch 34/400
69/69 - 5s - 69ms/step - accuracy: 0.6560 - loss: 0.3868 - val_accuracy: 0.6545 - val_loss: 0.4439 - val_sens_fpr0.005: 0.2637
Epoch 35/400
69/69 - 5s - 68ms/step - accuracy: 0.6556 - loss: 0.3866 - val_accuracy: 0.6534 - val_loss: 0.4433 - val_sens_fpr0.005: 0.2665
Epoch 36/400
69/69 - 5s - 68ms/step - accuracy: 0.6601 - loss: 0.3864 - val_accuracy: 0.6545 - val_loss: 0.4441 - val_sens_fpr0.005: 0.2663
Epoch 37/400
69/69 - 5s - 68ms/step - accuracy: 0.6611 - loss: 0.3861 - val_accuracy: 0.6550 - val_loss: 0.4441 - val_sens_fpr0.005: 0.2502
Epoch 38/400
69/69 - 5s - 68ms/step - accuracy: 0.6624 - loss: 0.3858 - val_accuracy: 0.6542 - val_loss: 0.4439 - val_sens_fpr0.005: 0.2582
Epoch 39/400
69/69 - 5s - 68ms/step - accuracy: 0.6647 - loss: 0.3856 - val_accuracy: 0.6539 - val_loss: 0.4433 - val_sens_fpr0.005: 0.2690
Epoch 40/400
69/69 - 5s - 68ms/step - accuracy: 0.6657 - loss: 0.3853 - val_accuracy: 0.6542 - val_loss: 0.4415 - val_sens_fpr0.005: 0.2799
Epoch 41/400
69/69 - 5s - 68ms/step - accuracy: 0.6659 - loss: 0.3851 - val_accuracy: 0.6545 - val_loss: 0.4440 - val_sens_fpr0.005: 0.2825
Epoch 42/400
69/69 - 5s - 68ms/step - accuracy: 0.6683 - loss: 0.3849 - val_accuracy: 0.6537 - val_loss: 0.4456 - val_sens_fpr0.005: 0.2719
Epoch 43/400
69/69 - 5s - 69ms/step - accuracy: 0.6700 - loss: 0.3845 - val_accuracy: 0.6547 - val_loss: 0.4459 - val_sens_fpr0.005: 0.2826
Epoch 44/400
69/69 - 5s - 68ms/step - accuracy: 0.6720 - loss: 0.3844 - val_accuracy: 0.6550 - val_loss: 0.4446 - val_sens_fpr0.005: 0.2826
Epoch 45/400
69/69 - 5s - 69ms/step - accuracy: 0.6722 - loss: 0.3841 - val_accuracy: 0.6547 - val_loss: 0.4411 - val_sens_fpr0.005: 0.2773
Epoch 46/400
69/69 - 5s - 68ms/step - accuracy: 0.6745 - loss: 0.3839 - val_accuracy: 0.6553 - val_loss: 0.4433 - val_sens_fpr0.005: 0.2826
Epoch 47/400
69/69 - 5s - 68ms/step - accuracy: 0.6748 - loss: 0.3838 - val_accuracy: 0.6542 - val_loss: 0.4440 - val_sens_fpr0.005: 0.2720
Epoch 48/400
69/69 - 5s - 68ms/step - accuracy: 0.6767 - loss: 0.3835 - val_accuracy: 0.6545 - val_loss: 0.4428 - val_sens_fpr0.005: 0.2715
Epoch 49/400
69/69 - 5s - 69ms/step - accuracy: 0.6772 - loss: 0.3833 - val_accuracy: 0.6547 - val_loss: 0.4443 - val_sens_fpr0.005: 0.2801
Epoch 50/400
69/69 - 5s - 68ms/step - accuracy: 0.6779 - loss: 0.3832 - val_accuracy: 0.6547 - val_loss: 0.4445 - val_sens_fpr0.005: 0.2746
Epoch 51/400
69/69 - 5s - 68ms/step - accuracy: 0.6803 - loss: 0.3829 - val_accuracy: 0.6550 - val_loss: 0.4441 - val_sens_fpr0.005: 0.2826
Epoch 52/400
69/69 - 5s - 68ms/step - accuracy: 0.6803 - loss: 0.3827 - val_accuracy: 0.6534 - val_loss: 0.4445 - val_sens_fpr0.005: 0.2771
Epoch 53/400
69/69 - 5s - 68ms/step - accuracy: 0.6818 - loss: 0.3825 - val_accuracy: 0.6545 - val_loss: 0.4418 - val_sens_fpr0.005: 0.2770
Epoch 54/400
69/69 - 5s - 68ms/step - accuracy: 0.6825 - loss: 0.3824 - val_accuracy: 0.6542 - val_loss: 0.4425 - val_sens_fpr0.005: 0.2770
Epoch 55/400
69/69 - 5s - 68ms/step - accuracy: 0.6849 - loss: 0.3821 - val_accuracy: 0.6542 - val_loss: 0.4437 - val_sens_fpr0.005: 0.2661
Epoch 56/400
69/69 - 5s - 69ms/step - accuracy: 0.6853 - loss: 0.3821 - val_accuracy: 0.6545 - val_loss: 0.4436 - val_sens_fpr0.005: 0.2716
Epoch 57/400
69/69 - 5s - 68ms/step - accuracy: 0.6863 - loss: 0.3819 - val_accuracy: 0.6545 - val_loss: 0.4420 - val_sens_fpr0.005: 0.2715
Epoch 58/400
69/69 - 5s - 68ms/step - accuracy: 0.6865 - loss: 0.3817 - val_accuracy: 0.6542 - val_loss: 0.4423 - val_sens_fpr0.005: 0.2720
Epoch 59/400
69/69 - 5s - 68ms/step - accuracy: 0.6881 - loss: 0.3815 - val_accuracy: 0.6542 - val_loss: 0.4440 - val_sens_fpr0.005: 0.2664
Epoch 60/400
69/69 - 5s - 68ms/step - accuracy: 0.6895 - loss: 0.3813 - val_accuracy: 0.6542 - val_loss: 0.4432 - val_sens_fpr0.005: 0.2742
Epoch 61/400
69/69 - 5s - 68ms/step - accuracy: 0.6902 - loss: 0.3812 - val_accuracy: 0.6534 - val_loss: 0.4418 - val_sens_fpr0.005: 0.2687
Epoch 62/400
69/69 - 5s - 68ms/step - accuracy: 0.6906 - loss: 0.3811 - val_accuracy: 0.6539 - val_loss: 0.4411 - val_sens_fpr0.005: 0.2742
Epoch 63/400
69/69 - 5s - 69ms/step - accuracy: 0.6919 - loss: 0.3809 - val_accuracy: 0.6545 - val_loss: 0.4410 - val_sens_fpr0.005: 0.2770
Epoch 64/400
69/69 - 5s - 69ms/step - accuracy: 0.6937 - loss: 0.3808 - val_accuracy: 0.6542 - val_loss: 0.4417 - val_sens_fpr0.005: 0.2770
Epoch 65/400
69/69 - 5s - 68ms/step - accuracy: 0.6948 - loss: 0.3806 - val_accuracy: 0.6537 - val_loss: 0.4421 - val_sens_fpr0.005: 0.2693
Epoch 66/400
69/69 - 5s - 68ms/step - accuracy: 0.6951 - loss: 0.3803 - val_accuracy: 0.6537 - val_loss: 0.4424 - val_sens_fpr0.005: 0.2720
Epoch 67/400
69/69 - 5s - 68ms/step - accuracy: 0.6960 - loss: 0.3803 - val_accuracy: 0.6534 - val_loss: 0.4413 - val_sens_fpr0.005: 0.2718
Epoch 68/400
69/69 - 5s - 68ms/step - accuracy: 0.6966 - loss: 0.3802 - val_accuracy: 0.6537 - val_loss: 0.4421 - val_sens_fpr0.005: 0.2771
Epoch 69/400
69/69 - 5s - 68ms/step - accuracy: 0.6986 - loss: 0.3800 - val_accuracy: 0.6545 - val_loss: 0.4420 - val_sens_fpr0.005: 0.2826
Epoch 70/400
69/69 - 5s - 69ms/step - accuracy: 0.6986 - loss: 0.3799 - val_accuracy: 0.6542 - val_loss: 0.4442 - val_sens_fpr0.005: 0.2745
Epoch 71/400
69/69 - 5s - 68ms/step - accuracy: 0.7007 - loss: 0.3797 - val_accuracy: 0.6545 - val_loss: 0.4422 - val_sens_fpr0.005: 0.2801
Epoch 72/400
69/69 - 5s - 69ms/step - accuracy: 0.7003 - loss: 0.3795 - val_accuracy: 0.6542 - val_loss: 0.4418 - val_sens_fpr0.005: 0.2774
Epoch 73/400
69/69 - 5s - 68ms/step - accuracy: 0.7025 - loss: 0.3794 - val_accuracy: 0.6534 - val_loss: 0.4433 - val_sens_fpr0.005: 0.2718
Epoch 74/400
69/69 - 5s - 68ms/step - accuracy: 0.7017 - loss: 0.3793 - val_accuracy: 0.6539 - val_loss: 0.4419 - val_sens_fpr0.005: 0.2690
Epoch 75/400
69/69 - 5s - 68ms/step - accuracy: 0.7047 - loss: 0.3792 - val_accuracy: 0.6537 - val_loss: 0.4430 - val_sens_fpr0.005: 0.2717
Epoch 76/400
69/69 - 5s - 68ms/step - accuracy: 0.7045 - loss: 0.3790 - val_accuracy: 0.6545 - val_loss: 0.4423 - val_sens_fpr0.005: 0.2772
Epoch 77/400
69/69 - 5s - 69ms/step - accuracy: 0.7051 - loss: 0.3790 - val_accuracy: 0.6545 - val_loss: 0.4413 - val_sens_fpr0.005: 0.2826
Epoch 78/400
69/69 - 5s - 68ms/step - accuracy: 0.7069 - loss: 0.3788 - val_accuracy: 0.6539 - val_loss: 0.4428 - val_sens_fpr0.005: 0.2825
Epoch 79/400
69/69 - 5s - 68ms/step - accuracy: 0.7066 - loss: 0.3787 - val_accuracy: 0.6542 - val_loss: 0.4431 - val_sens_fpr0.005: 0.2770
Epoch 80/400
69/69 - 5s - 68ms/step - accuracy: 0.7071 - loss: 0.3785 - val_accuracy: 0.6545 - val_loss: 0.4429 - val_sens_fpr0.005: 0.2716
Epoch 81/400
69/69 - 5s - 69ms/step - accuracy: 0.7069 - loss: 0.3785 - val_accuracy: 0.6545 - val_loss: 0.4438 - val_sens_fpr0.005: 0.2743
Epoch 82/400
69/69 - 5s - 68ms/step - accuracy: 0.7098 - loss: 0.3783 - val_accuracy: 0.6545 - val_loss: 0.4435 - val_sens_fpr0.005: 0.2715
Epoch 83/400
69/69 - 5s - 68ms/step - accuracy: 0.7094 - loss: 0.3782 - val_accuracy: 0.6542 - val_loss: 0.4418 - val_sens_fpr0.005: 0.2715
Epoch 84/400
69/69 - 5s - 68ms/step - accuracy: 0.7098 - loss: 0.3780 - val_accuracy: 0.6526 - val_loss: 0.4428 - val_sens_fpr0.005: 0.2688
Epoch 85/400
69/69 - 5s - 68ms/step - accuracy: 0.7117 - loss: 0.3780 - val_accuracy: 0.6539 - val_loss: 0.4420 - val_sens_fpr0.005: 0.2660
Epoch 86/400
69/69 - 5s - 69ms/step - accuracy: 0.7107 - loss: 0.3778 - val_accuracy: 0.6537 - val_loss: 0.4435 - val_sens_fpr0.005: 0.2687
Epoch 87/400
69/69 - 5s - 68ms/step - accuracy: 0.7123 - loss: 0.3777 - val_accuracy: 0.6537 - val_loss: 0.4421 - val_sens_fpr0.005: 0.2715
Epoch 88/400
69/69 - 5s - 68ms/step - accuracy: 0.7145 - loss: 0.3776 - val_accuracy: 0.6542 - val_loss: 0.4435 - val_sens_fpr0.005: 0.2687
Epoch 89/400
69/69 - 5s - 68ms/step - accuracy: 0.7141 - loss: 0.3775 - val_accuracy: 0.6537 - val_loss: 0.4432 - val_sens_fpr0.005: 0.2688
Epoch 90/400
69/69 - 5s - 68ms/step - accuracy: 0.7150 - loss: 0.3773 - val_accuracy: 0.6539 - val_loss: 0.4429 - val_sens_fpr0.005: 0.2715
  RestoreBestSens: epoch 44 — smoothed val_sens_fpr0.005 (window 5)
[10/11] Luke - Various Opportunistic Recordings/2025-08-12/1_114: 90 epochs (best 44), val_loss 0.4410, 70027/3768 frames train/val, sens@fpr0.5%=0.283
2026-09-04 18:55:03.292361: W external/local_tsl/tsl/framework/cpu_allocator_impl.cc:83] Allocation of 1774977024 exceeds 10% of free system memory.
2026-09-04 18:55:14.124473: W external/local_tsl/tsl/framework/bfc_allocator.cc:487] Allocator (GPU_0_bfc) ran out of memory trying to allocate 1.65GiB (rounded to 1774977024)requested by op _EagerConst
If the cause is memory fragmentation maybe the environment variable 'TF_GPU_ALLOCATOR=cuda_malloc_async' will improve the situation. 
Current allocation summary follows.
Current allocation summary follows.
2026-09-04 18:55:14.124547: I external/local_tsl/tsl/framework/bfc_allocator.cc:1044] BFCAllocator dump for GPU_0_bfc
2026-09-04 18:55:14.124560: I external/local_tsl/tsl/framework/bfc_allocator.cc:1051] Bin (256): 	Total Chunks: 166, Chunks in use: 161. 41.5KiB allocated for chunks. 40.2KiB in use in bin. 3.1KiB client-requested in use in bin.
2026-09-04 18:55:14.124572: I external/local_tsl/tsl/framework/bfc_allocator.cc:1051] Bin (512): 	Total Chunks: 13, Chunks in use: 12. 7.0KiB allocated for chunks. 6.2KiB in use in bin. 6.0KiB client-requested in use in bin.
2026-09-04 18:55:14.124597: I external/local_tsl/tsl/framework/bfc_allocator.cc:1051] Bin (1024): 	Total Chunks: 15, Chunks in use: 15. 16.0KiB allocated for chunks. 16.0KiB in use in bin. 15.3KiB client-requested in use in bin.
2026-09-04 18:55:14.124607: I external/local_tsl/tsl/framework/bfc_allocator.cc:1051] Bin (2048): 	Total Chunks: 38, Chunks in use: 37. 81.0KiB allocated for chunks. 78.8KiB in use in bin. 74.2KiB client-requested in use in bin.
2026-09-04 18:55:14.124616: I external/local_tsl/tsl/framework/bfc_allocator.cc:1051] Bin (4096): 	Total Chunks: 12, Chunks in use: 11. 53.8KiB allocated for chunks. 49.8KiB in use in bin. 45.0KiB client-requested in use in bin.
2026-09-04 18:55:14.124624: I external/local_tsl/tsl/framework/bfc_allocator.cc:1051] Bin (8192): 	Total Chunks: 4, Chunks in use: 3. 43.0KiB allocated for chunks. 29.0KiB in use in bin. 26.0KiB client-requested in use in bin.
2026-09-04 18:55:14.124633: I external/local_tsl/tsl/framework/bfc_allocator.cc:1051] Bin (16384): 	Total Chunks: 8, Chunks in use: 8. 149.0KiB allocated for chunks. 149.0KiB in use in bin. 144.0KiB client-requested in use in bin.
2026-09-04 18:55:14.124642: I external/local_tsl/tsl/framework/bfc_allocator.cc:1051] Bin (32768): 	Total Chunks: 4, Chunks in use: 4. 144.0KiB allocated for chunks. 144.0KiB in use in bin. 140.0KiB client-requested in use in bin.
2026-09-04 18:55:14.124651: I external/local_tsl/tsl/framework/bfc_allocator.cc:1051] Bin (65536): 	Total Chunks: 5, Chunks in use: 4. 338.0KiB allocated for chunks. 270.0KiB in use in bin. 268.0KiB client-requested in use in bin.
2026-09-04 18:55:14.124660: I external/local_tsl/tsl/framework/bfc_allocator.cc:1051] Bin (131072): 	Total Chunks: 4, Chunks in use: 2. 723.8KiB allocated for chunks. 378.2KiB in use in bin. 378.2KiB client-requested in use in bin.
2026-09-04 18:55:14.124668: I external/local_tsl/tsl/framework/bfc_allocator.cc:1051] Bin (262144): 	Total Chunks: 1, Chunks in use: 1. 256.0KiB allocated for chunks. 256.0KiB in use in bin. 256.0KiB client-requested in use in bin.
2026-09-04 18:55:14.124677: I external/local_tsl/tsl/framework/bfc_allocator.cc:1051] Bin (524288): 	Total Chunks: 2, Chunks in use: 1. 1.25MiB allocated for chunks. 512.0KiB in use in bin. 512.0KiB client-requested in use in bin.
2026-09-04 18:55:14.124685: I external/local_tsl/tsl/framework/bfc_allocator.cc:1051] Bin (1048576): 	Total Chunks: 5, Chunks in use: 5. 5.50MiB allocated for chunks. 5.50MiB in use in bin. 5.00MiB client-requested in use in bin.
2026-09-04 18:55:14.124693: I external/local_tsl/tsl/framework/bfc_allocator.cc:1051] Bin (2097152): 	Total Chunks: 3, Chunks in use: 3. 6.00MiB allocated for chunks. 6.00MiB in use in bin. 6.00MiB client-requested in use in bin.
2026-09-04 18:55:14.124702: I external/local_tsl/tsl/framework/bfc_allocator.cc:1051] Bin (4194304): 	Total Chunks: 5, Chunks in use: 4. 23.54MiB allocated for chunks. 16.54MiB in use in bin. 16.54MiB client-requested in use in bin.
2026-09-04 18:55:14.124711: I external/local_tsl/tsl/framework/bfc_allocator.cc:1051] Bin (8388608): 	Total Chunks: 0, Chunks in use: 0. 0B allocated for chunks. 0B in use in bin. 0B client-requested in use in bin.
2026-09-04 18:55:14.124719: I external/local_tsl/tsl/framework/bfc_allocator.cc:1051] Bin (16777216): 	Total Chunks: 0, Chunks in use: 0. 0B allocated for chunks. 0B in use in bin. 0B client-requested in use in bin.
2026-09-04 18:55:14.124727: I external/local_tsl/tsl/framework/bfc_allocator.cc:1051] Bin (33554432): 	Total Chunks: 0, Chunks in use: 0. 0B allocated for chunks. 0B in use in bin. 0B client-requested in use in bin.
2026-09-04 18:55:14.124735: I external/local_tsl/tsl/framework/bfc_allocator.cc:1051] Bin (67108864): 	Total Chunks: 1, Chunks in use: 1. 88.31MiB allocated for chunks. 88.31MiB in use in bin. 88.31MiB client-requested in use in bin.
2026-09-04 18:55:14.124742: I external/local_tsl/tsl/framework/bfc_allocator.cc:1051] Bin (134217728): 	Total Chunks: 0, Chunks in use: 0. 0B allocated for chunks. 0B in use in bin. 0B client-requested in use in bin.
2026-09-04 18:55:14.124755: I external/local_tsl/tsl/framework/bfc_allocator.cc:1051] Bin (268435456): 	Total Chunks: 3, Chunks in use: 1. 2.14GiB allocated for chunks. 1.60GiB in use in bin. 1.60GiB client-requested in use in bin.
2026-09-04 18:55:14.124764: I external/local_tsl/tsl/framework/bfc_allocator.cc:1067] Bin for 1.65GiB was 256.00MiB, Chunk State: 
2026-09-04 18:55:14.124776: I external/local_tsl/tsl/framework/bfc_allocator.cc:1073]   Size: 272.14MiB | Requested Size: 8.62MiB | in_use: 0 | bin_num: 20, prev:   Size: 4.00MiB | Requested Size: 4.00MiB | in_use: 1 | bin_num: -1, next:   Size: 2.00MiB | Requested Size: 2.00MiB | in_use: 1 | bin_num: -1
2026-09-04 18:55:14.124787: I external/local_tsl/tsl/framework/bfc_allocator.cc:1073]   Size: 282.19MiB | Requested Size: 24.00MiB | in_use: 0 | bin_num: 20, prev:   Size: 4.00MiB | Requested Size: 4.00MiB | in_use: 1 | bin_num: -1
2026-09-04 18:55:14.124793: I external/local_tsl/tsl/framework/bfc_allocator.cc:1080] Next region of size 2434793472
2026-09-04 18:55:14.124802: I external/local_tsl/tsl/framework/bfc_allocator.cc:1100] InUse at 7d4f46000000 of size 1720983552 next 1
2026-09-04 18:55:14.124809: I external/local_tsl/tsl/framework/bfc_allocator.cc:1100] InUse at 7d4fac942000 of size 1280 next 2
2026-09-04 18:55:14.124815: I external/local_tsl/tsl/framework/bfc_allocator.cc:1100] InUse at 7d4fac942500 of size 4761856 next 3
2026-09-04 18:55:14.124836: I external/local_tsl/tsl/framework/bfc_allocator.cc:1100] InUse at 7d4facdcce00 of size 256 next 4
2026-09-04 18:55:14.124845: I external/local_tsl/tsl/framework/bfc_allocator.cc:1100] InUse at 7d4facdccf00 of size 256 next 5
2026-09-04 18:55:14.124851: I external/local_tsl/tsl/framework/bfc_allocator.cc:1100] InUse at 7d4facdcd000 of size 256 next 6
2026-09-04 18:55:14.124857: I external/local_tsl/tsl/framework/bfc_allocator.cc:1100] InUse at 7d4facdcd100 of size 256 next 7
2026-09-04 18:55:14.124870: I external/local_tsl/tsl/framework/bfc_allocator.cc:1100] InUse at 7d4facdcd200 of size 256 next 8
2026-09-04 18:55:14.124876: I external/local_tsl/tsl/framework/bfc_allocator.cc:1100] InUse at 7d4facdcd300 of size 92602368 next 9
2026-09-04 18:55:14.124883: I external/local_tsl/tsl/framework/bfc_allocator.cc:1100] InUse at 7d4fb261d300 of size 256256 next 10
2026-09-04 18:55:14.124890: I external/local_tsl/tsl/framework/bfc_allocator.cc:1100] InUse at 7d4fb265bc00 of size 256 next 11
2026-09-04 18:55:14.124896: I external/local_tsl/tsl/framework/bfc_allocator.cc:1100] InUse at 7d4fb265bd00 of size 256 next 12
2026-09-04 18:55:14.124901: I external/local_tsl/tsl/framework/bfc_allocator.cc:1100] InUse at 7d4fb265be00 of size 256 next 13
2026-09-04 18:55:14.124907: I external/local_tsl/tsl/framework/bfc_allocator.cc:1100] InUse at 7d4fb265bf00 of size 256 next 14
2026-09-04 18:55:14.124913: I external/local_tsl/tsl/framework/bfc_allocator.cc:1100] InUse at 7d4fb265c000 of size 256 next 16
2026-09-04 18:55:14.124918: I external/local_tsl/tsl/framework/bfc_allocator.cc:1100] InUse at 7d4fb265c100 of size 256 next 17
2026-09-04 18:55:14.124924: I external/local_tsl/tsl/framework/bfc_allocator.cc:1100] InUse at 7d4fb265c200 of size 256 next 15
2026-09-04 18:55:14.124929: I external/local_tsl/tsl/framework/bfc_allocator.cc:1100] InUse at 7d4fb265c300 of size 256 next 18
2026-09-04 18:55:14.124935: I external/local_tsl/tsl/framework/bfc_allocator.cc:1100] InUse at 7d4fb265c400 of size 256 next 30
2026-09-04 18:55:14.124941: I external/local_tsl/tsl/framework/bfc_allocator.cc:1100] InUse at 7d4fb265c500 of size 256 next 28
2026-09-04 18:55:14.124946: I external/local_tsl/tsl/framework/bfc_allocator.cc:1100] InUse at 7d4fb265c600 of size 256 next 29
2026-09-04 18:55:14.124952: I external/local_tsl/tsl/framework/bfc_allocator.cc:1100] InUse at 7d4fb265c700 of size 256 next 33
2026-09-04 18:55:14.124958: I external/local_tsl/tsl/framework/bfc_allocator.cc:1100] InUse at 7d4fb265c800 of size 256 next 34
2026-09-04 18:55:14.124967: I external/local_tsl/tsl/framework/bfc_allocator.cc:1100] InUse at 7d4fb265c900 of size 256 next 37
2026-09-04 18:55:14.124973: I external/local_tsl/tsl/framework/bfc_allocator.cc:1100] InUse at 7d4fb265ca00 of size 256 next 35
2026-09-04 18:55:14.124979: I external/local_tsl/tsl/framework/bfc_allocator.cc:1100] InUse at 7d4fb265cb00 of size 256 next 36
2026-09-04 18:55:14.124984: I external/local_tsl/tsl/framework/bfc_allocator.cc:1100] InUse at 7d4fb265cc00 of size 256 next 19
2026-09-04 18:55:14.124990: I external/local_tsl/tsl/framework/bfc_allocator.cc:1100] InUse at 7d4fb265cd00 of size 256 next 161
2026-09-04 18:55:14.124997: I external/local_tsl/tsl/framework/bfc_allocator.cc:1100] InUse at 7d4fb265ce00 of size 256 next 20
2026-09-04 18:55:14.125002: I external/local_tsl/tsl/framework/bfc_allocator.cc:1100] InUse at 7d4fb265cf00 of size 256 next 22
2026-09-04 18:55:14.125008: I external/local_tsl/tsl/framework/bfc_allocator.cc:1100] InUse at 7d4fb265d000 of size 256 next 23
2026-09-04 18:55:14.125013: I external/local_tsl/tsl/framework/bfc_allocator.cc:1100] InUse at 7d4fb265d100 of size 256 next 25
2026-09-04 18:55:14.125019: I external/local_tsl/tsl/framework/bfc_allocator.cc:1100] InUse at 7d4fb265d200 of size 768 next 21
2026-09-04 18:55:14.125025: I external/local_tsl/tsl/framework/bfc_allocator.cc:1100] InUse at 7d4fb265d500 of size 256 next 24
2026-09-04 18:55:14.125031: I external/local_tsl/tsl/framework/bfc_allocator.cc:1100] InUse at 7d4fb265d600 of size 256 next 27
2026-09-04 18:55:14.125036: I external/local_tsl/tsl/framework/bfc_allocator.cc:1100] InUse at 7d4fb265d700 of size 512 next 26
2026-09-04 18:55:14.125042: I external/local_tsl/tsl/framework/bfc_allocator.cc:1100] InUse at 7d4fb265d900 of size 512 next 40
2026-09-04 18:55:14.125048: I external/local_tsl/tsl/framework/bfc_allocator.cc:1100] InUse at 7d4fb265db00 of size 512 next 43
2026-09-04 18:55:14.125053: I external/local_tsl/tsl/framework/bfc_allocator.cc:1100] InUse at 7d4fb265dd00 of size 512 next 38
2026-09-04 18:55:14.125059: I external/local_tsl/tsl/framework/bfc_allocator.cc:1100] InUse at 7d4fb265df00 of size 512 next 52
2026-09-04 18:55:14.125064: I external/local_tsl/tsl/framework/bfc_allocator.cc:1100] InUse at 7d4fb265e100 of size 512 next 41
2026-09-04 18:55:14.125070: I external/local_tsl/tsl/framework/bfc_allocator.cc:1100] InUse at 7d4fb265e300 of size 256 next 42
2026-09-04 18:55:14.125076: I external/local_tsl/tsl/framework/bfc_allocator.cc:1100] InUse at 7d4fb265e400 of size 256 next 46
2026-09-04 18:55:14.125081: I external/local_tsl/tsl/framework/bfc_allocator.cc:1100] InUse at 7d4fb265e500 of size 512 next 47
2026-09-04 18:55:14.125087: I external/local_tsl/tsl/framework/bfc_allocator.cc:1100] InUse at 7d4fb265e700 of size 512 next 50
2026-09-04 18:55:14.125092: I external/local_tsl/tsl/framework/bfc_allocator.cc:1100] InUse at 7d4fb265e900 of size 512 next 48
2026-09-04 18:55:14.125098: I external/local_tsl/tsl/framework/bfc_allocator.cc:1100] InUse at 7d4fb265eb00 of size 256 next 49
2026-09-04 18:55:14.125103: I external/local_tsl/tsl/framework/bfc_allocator.cc:1100] InUse at 7d4fb265ec00 of size 512 next 53
2026-09-04 18:55:14.125109: I external/local_tsl/tsl/framework/bfc_allocator.cc:1100] InUse at 7d4fb265ee00 of size 256 next 39
2026-09-04 18:55:14.125115: I external/local_tsl/tsl/framework/bfc_allocator.cc:1100] InUse at 7d4fb265ef00 of size 1024 next 61
2026-09-04 18:55:14.125121: I external/local_tsl/tsl/framework/bfc_allocator.cc:1100] InUse at 7d4fb265f300 of size 1024 next 68
2026-09-04 18:55:14.125128: I external/local_tsl/tsl/framework/bfc_allocator.cc:1100] InUse at 7d4fb265f700 of size 2304 next 65
2026-09-04 18:55:14.125135: I external/local_tsl/tsl/framework/bfc_allocator.cc:1100] InUse at 7d4fb2660000 of size 256 next 66
2026-09-04 18:55:14.125140: I external/local_tsl/tsl/framework/bfc_allocator.cc:1100] InUse at 7d4fb2660100 of size 256 next 69
2026-09-04 18:55:14.125146: I external/local_tsl/tsl/framework/bfc_allocator.cc:1100] InUse at 7d4fb2660200 of size 1024 next 70
2026-09-04 18:55:14.125156: I external/local_tsl/tsl/framework/bfc_allocator.cc:1100] InUse at 7d4fb2660600 of size 1024 next 73
2026-09-04 18:55:14.125163: I external/local_tsl/tsl/framework/bfc_allocator.cc:1100] InUse at 7d4fb2660a00 of size 1024 next 71
2026-09-04 18:55:14.125169: I external/local_tsl/tsl/framework/bfc_allocator.cc:1100] InUse at 7d4fb2660e00 of size 256 next 72
2026-09-04 18:55:14.125175: I external/local_tsl/tsl/framework/bfc_allocator.cc:1100] InUse at 7d4fb2660f00 of size 256 next 76
2026-09-04 18:55:14.125181: I external/local_tsl/tsl/framework/bfc_allocator.cc:1100] InUse at 7d4fb2661000 of size 1024 next 77
2026-09-04 18:55:14.125187: I external/local_tsl/tsl/framework/bfc_allocator.cc:1100] InUse at 7d4fb2661400 of size 1024 next 80
2026-09-04 18:55:14.125194: I external/local_tsl/tsl/framework/bfc_allocator.cc:1100] InUse at 7d4fb2661800 of size 1280 next 32
2026-09-04 18:55:14.125200: I external/local_tsl/tsl/framework/bfc_allocator.cc:1100] InUse at 7d4fb2661d00 of size 2304 next 163
2026-09-04 18:55:14.125207: I external/local_tsl/tsl/framework/bfc_allocator.cc:1100] InUse at 7d4fb2662600 of size 5888 next 31
2026-09-04 18:55:14.125214: I external/local_tsl/tsl/framework/bfc_allocator.cc:1100] InUse at 7d4fb2663d00 of size 4608 next 51
2026-09-04 18:55:14.125220: I external/local_tsl/tsl/framework/bfc_allocator.cc:1100] InUse at 7d4fb2664f00 of size 512 next 58
2026-09-04 18:55:14.125226: I external/local_tsl/tsl/framework/bfc_allocator.cc:1100] InUse at 7d4fb2665100 of size 1024 next 54
2026-09-04 18:55:14.125232: I external/local_tsl/tsl/framework/bfc_allocator.cc:1100] InUse at 7d4fb2665500 of size 256 next 60
2026-09-04 18:55:14.125238: I external/local_tsl/tsl/framework/bfc_allocator.cc:1100] InUse at 7d4fb2665600 of size 256 next 63
2026-09-04 18:55:14.125243: I external/local_tsl/tsl/framework/bfc_allocator.cc:1100] InUse at 7d4fb2665700 of size 1024 next 64
2026-09-04 18:55:14.125250: I external/local_tsl/tsl/framework/bfc_allocator.cc:1100] InUse at 7d4fb2665b00 of size 2048 next 85
2026-09-04 18:55:14.125256: I external/local_tsl/tsl/framework/bfc_allocator.cc:1100] InUse at 7d4fb2666300 of size 2048 next 62
2026-09-04 18:55:14.125263: I external/local_tsl/tsl/framework/bfc_allocator.cc:1100] InUse at 7d4fb2666b00 of size 2048 next 124
2026-09-04 18:55:14.125269: I external/local_tsl/tsl/framework/bfc_allocator.cc:1100] Free  at 7d4fb2667300 of size 2304 next 88
2026-09-04 18:55:14.125276: I external/local_tsl/tsl/framework/bfc_allocator.cc:1100] InUse at 7d4fb2667c00 of size 256 next 89
2026-09-04 18:55:14.125281: I external/local_tsl/tsl/framework/bfc_allocator.cc:1100] InUse at 7d4fb2667d00 of size 256 next 92
2026-09-04 18:55:14.125287: I external/local_tsl/tsl/framework/bfc_allocator.cc:1100] InUse at 7d4fb2667e00 of size 2048 next 93
2026-09-04 18:55:14.125293: I external/local_tsl/tsl/framework/bfc_allocator.cc:1100] InUse at 7d4fb2668600 of size 2048 next 96
2026-09-04 18:55:14.125300: I external/local_tsl/tsl/framework/bfc_allocator.cc:1100] InUse at 7d4fb2668e00 of size 2048 next 94
2026-09-04 18:55:14.125306: I external/local_tsl/tsl/framework/bfc_allocator.cc:1100] InUse at 7d4fb2669600 of size 256 next 95
2026-09-04 18:55:14.125312: I external/local_tsl/tsl/framework/bfc_allocator.cc:1100] InUse at 7d4fb2669700 of size 256 next 99
2026-09-04 18:55:14.125317: I external/local_tsl/tsl/framework/bfc_allocator.cc:1100] InUse at 7d4fb2669800 of size 2048 next 100
2026-09-04 18:55:14.125324: I external/local_tsl/tsl/framework/bfc_allocator.cc:1100] InUse at 7d4fb266a000 of size 2048 next 103
2026-09-04 18:55:14.125330: I external/local_tsl/tsl/framework/bfc_allocator.cc:1100] InUse at 7d4fb266a800 of size 2048 next 101
2026-09-04 18:55:14.125337: I external/local_tsl/tsl/framework/bfc_allocator.cc:1100] InUse at 7d4fb266b000 of size 3072 next 75
2026-09-04 18:55:14.125344: I external/local_tsl/tsl/framework/bfc_allocator.cc:1100] InUse at 7d4fb266bc00 of size 9216 next 74
2026-09-04 18:55:14.125350: I external/local_tsl/tsl/framework/bfc_allocator.cc:1100] InUse at 7d4fb266e000 of size 1024 next 79
2026-09-04 18:55:14.125360: I external/local_tsl/tsl/framework/bfc_allocator.cc:1100] InUse at 7d4fb266e400 of size 1024 next 83
2026-09-04 18:55:14.125367: I external/local_tsl/tsl/framework/bfc_allocator.cc:1100] InUse at 7d4fb266e800 of size 256 next 159
2026-09-04 18:55:14.125374: I external/local_tsl/tsl/framework/bfc_allocator.cc:1100] InUse at 7d4fb266e900 of size 256 next 138
2026-09-04 18:55:14.125380: I external/local_tsl/tsl/framework/bfc_allocator.cc:1100] Free  at 7d4fb266ea00 of size 256 next 133
2026-09-04 18:55:14.125386: I external/local_tsl/tsl/framework/bfc_allocator.cc:1100] InUse at 7d4fb266eb00 of size 256 next 78
2026-09-04 18:55:14.125392: I external/local_tsl/tsl/framework/bfc_allocator.cc:1100] InUse at 7d4fb266ec00 of size 256 next 84
2026-09-04 18:55:14.125398: I external/local_tsl/tsl/framework/bfc_allocator.cc:1100] InUse at 7d4fb266ed00 of size 256 next 86
2026-09-04 18:55:14.125403: I external/local_tsl/tsl/framework/bfc_allocator.cc:1100] InUse at 7d4fb266ee00 of size 2048 next 87
2026-09-04 18:55:14.125410: I external/local_tsl/tsl/framework/bfc_allocator.cc:1100] InUse at 7d4fb266f600 of size 4096 next 146
2026-09-04 18:55:14.125417: I external/local_tsl/tsl/framework/bfc_allocator.cc:1100] InUse at 7d4fb2670600 of size 4096 next 160
2026-09-04 18:55:14.125423: I external/local_tsl/tsl/framework/bfc_allocator.cc:1100] InUse at 7d4fb2671600 of size 256 next 173
2026-09-04 18:55:14.125430: I external/local_tsl/tsl/framework/bfc_allocator.cc:1100] InUse at 7d4fb2671700 of size 256 next 169
2026-09-04 18:55:14.125436: I external/local_tsl/tsl/framework/bfc_allocator.cc:1100] InUse at 7d4fb2671800 of size 256 next 172
2026-09-04 18:55:14.125443: I external/local_tsl/tsl/framework/bfc_allocator.cc:1100] InUse at 7d4fb2671900 of size 256 next 212
2026-09-04 18:55:14.125449: I external/local_tsl/tsl/framework/bfc_allocator.cc:1100] InUse at 7d4fb2671a00 of size 256 next 240
2026-09-04 18:55:14.125455: I external/local_tsl/tsl/framework/bfc_allocator.cc:1100] InUse at 7d4fb2671b00 of size 256 next 209
2026-09-04 18:55:14.125462: I external/local_tsl/tsl/framework/bfc_allocator.cc:1100] InUse at 7d4fb2671c00 of size 256 next 229
2026-09-04 18:55:14.125468: I external/local_tsl/tsl/framework/bfc_allocator.cc:1100] Free  at 7d4fb2671d00 of size 256 next 211
2026-09-04 18:55:14.125475: I external/local_tsl/tsl/framework/bfc_allocator.cc:1100] InUse at 7d4fb2671e00 of size 256 next 220
2026-09-04 18:55:14.125481: I external/local_tsl/tsl/framework/bfc_allocator.cc:1100] Free  at 7d4fb2671f00 of size 256 next 241
2026-09-04 18:55:14.125488: I external/local_tsl/tsl/framework/bfc_allocator.cc:1100] InUse at 7d4fb2672000 of size 256 next 270
2026-09-04 18:55:14.125494: I external/local_tsl/tsl/framework/bfc_allocator.cc:1100] Free  at 7d4fb2672100 of size 256 next 261
2026-09-04 18:55:14.125501: I external/local_tsl/tsl/framework/bfc_allocator.cc:1100] InUse at 7d4fb2672200 of size 256 next 253
2026-09-04 18:55:14.125507: I external/local_tsl/tsl/framework/bfc_allocator.cc:1100] Free  at 7d4fb2672300 of size 256 next 217
2026-09-04 18:55:14.125513: I external/local_tsl/tsl/framework/bfc_allocator.cc:1100] InUse at 7d4fb2672400 of size 256 next 224
2026-09-04 18:55:14.125520: I external/local_tsl/tsl/framework/bfc_allocator.cc:1100] InUse at 7d4fb2672500 of size 256 next 297
2026-09-04 18:55:14.125527: I external/local_tsl/tsl/framework/bfc_allocator.cc:1100] InUse at 7d4fb2672600 of size 256 next 298
2026-09-04 18:55:14.125533: I external/local_tsl/tsl/framework/bfc_allocator.cc:1100] InUse at 7d4fb2672700 of size 256 next 293
2026-09-04 18:55:14.125540: I external/local_tsl/tsl/framework/bfc_allocator.cc:1100] InUse at 7d4fb2672800 of size 3328 next 197
2026-09-04 18:55:14.125546: I external/local_tsl/tsl/framework/bfc_allocator.cc:1100] InUse at 7d4fb2673500 of size 256 next 195
2026-09-04 18:55:14.125553: I external/local_tsl/tsl/framework/bfc_allocator.cc:1100] InUse at 7d4fb2673600 of size 256 next 198
2026-09-04 18:55:14.125563: I external/local_tsl/tsl/framework/bfc_allocator.cc:1100] InUse at 7d4fb2673700 of size 256 next 206
2026-09-04 18:55:14.125569: I external/local_tsl/tsl/framework/bfc_allocator.cc:1100] InUse at 7d4fb2673800 of size 256 next 219
2026-09-04 18:55:14.125576: I external/local_tsl/tsl/framework/bfc_allocator.cc:1100] InUse at 7d4fb2673900 of size 256 next 170
2026-09-04 18:55:14.125582: I external/local_tsl/tsl/framework/bfc_allocator.cc:1100] InUse at 7d4fb2673a00 of size 256 next 199
2026-09-04 18:55:14.125588: I external/local_tsl/tsl/framework/bfc_allocator.cc:1100] InUse at 7d4fb2673b00 of size 256 next 200
2026-09-04 18:55:14.125595: I external/local_tsl/tsl/framework/bfc_allocator.cc:1100] InUse at 7d4fb2673c00 of size 256 next 45
2026-09-04 18:55:14.125600: I external/local_tsl/tsl/framework/bfc_allocator.cc:1100] InUse at 7d4fb2673d00 of size 9216 next 55
2026-09-04 18:55:14.125607: I external/local_tsl/tsl/framework/bfc_allocator.cc:1100] InUse at 7d4fb2676100 of size 23552 next 44
2026-09-04 18:55:14.125614: I external/local_tsl/tsl/framework/bfc_allocator.cc:1100] InUse at 7d4fb267bd00 of size 2048 next 106
2026-09-04 18:55:14.125620: I external/local_tsl/tsl/framework/bfc_allocator.cc:1100] InUse at 7d4fb267c500 of size 2048 next 107
2026-09-04 18:55:14.125627: I external/local_tsl/tsl/framework/bfc_allocator.cc:1100] InUse at 7d4fb267cd00 of size 2048 next 102
2026-09-04 18:55:14.125633: I external/local_tsl/tsl/framework/bfc_allocator.cc:1100] InUse at 7d4fb267d500 of size 2048 next 110
2026-09-04 18:55:14.125640: I external/local_tsl/tsl/framework/bfc_allocator.cc:1100] InUse at 7d4fb267dd00 of size 2048 next 111
2026-09-04 18:55:14.125646: I external/local_tsl/tsl/framework/bfc_allocator.cc:1100] InUse at 7d4fb267e500 of size 256 next 151
2026-09-04 18:55:14.125653: I external/local_tsl/tsl/framework/bfc_allocator.cc:1100] InUse at 7d4fb267e600 of size 256 next 154
2026-09-04 18:55:14.125659: I external/local_tsl/tsl/framework/bfc_allocator.cc:1100] InUse at 7d4fb267e700 of size 4096 next 155
2026-09-04 18:55:14.125666: I external/local_tsl/tsl/framework/bfc_allocator.cc:1100] Free  at 7d4fb267f700 of size 4096 next 158
2026-09-04 18:55:14.125672: I external/local_tsl/tsl/framework/bfc_allocator.cc:1100] InUse at 7d4fb2680700 of size 256 next 137
2026-09-04 18:55:14.125679: I external/local_tsl/tsl/framework/bfc_allocator.cc:1100] InUse at 7d4fb2680800 of size 256 next 139
2026-09-04 18:55:14.125685: I external/local_tsl/tsl/framework/bfc_allocator.cc:1100] InUse at 7d4fb2680900 of size 256 next 176
2026-09-04 18:55:14.125691: I external/local_tsl/tsl/framework/bfc_allocator.cc:1100] InUse at 7d4fb2680a00 of size 256 next 167
2026-09-04 18:55:14.125698: I external/local_tsl/tsl/framework/bfc_allocator.cc:1100] InUse at 7d4fb2680b00 of size 256 next 168
2026-09-04 18:55:14.125704: I external/local_tsl/tsl/framework/bfc_allocator.cc:1100] InUse at 7d4fb2680c00 of size 256 next 178
2026-09-04 18:55:14.125711: I external/local_tsl/tsl/framework/bfc_allocator.cc:1100] InUse at 7d4fb2680d00 of size 256 next 193
2026-09-04 18:55:14.125717: I external/local_tsl/tsl/framework/bfc_allocator.cc:1100] InUse at 7d4fb2680e00 of size 256 next 201
2026-09-04 18:55:14.125724: I external/local_tsl/tsl/framework/bfc_allocator.cc:1100] InUse at 7d4fb2680f00 of size 256 next 174
2026-09-04 18:55:14.125730: I external/local_tsl/tsl/framework/bfc_allocator.cc:1100] InUse at 7d4fb2681000 of size 256 next 181
2026-09-04 18:55:14.125737: I external/local_tsl/tsl/framework/bfc_allocator.cc:1100] InUse at 7d4fb2681100 of size 256 next 191
2026-09-04 18:55:14.125743: I external/local_tsl/tsl/framework/bfc_allocator.cc:1100] InUse at 7d4fb2681200 of size 256 next 192
2026-09-04 18:55:14.125750: I external/local_tsl/tsl/framework/bfc_allocator.cc:1100] InUse at 7d4fb2681300 of size 256 next 171
2026-09-04 18:55:14.125756: I external/local_tsl/tsl/framework/bfc_allocator.cc:1100] InUse at 7d4fb2681400 of size 256 next 194
2026-09-04 18:55:14.125763: I external/local_tsl/tsl/framework/bfc_allocator.cc:1100] InUse at 7d4fb2681500 of size 256 next 208
2026-09-04 18:55:14.125772: I external/local_tsl/tsl/framework/bfc_allocator.cc:1100] InUse at 7d4fb2681600 of size 256 next 156
2026-09-04 18:55:14.125779: I external/local_tsl/tsl/framework/bfc_allocator.cc:1100] InUse at 7d4fb2681700 of size 1280 next 157
2026-09-04 18:55:14.125786: I external/local_tsl/tsl/framework/bfc_allocator.cc:1100] InUse at 7d4fb2681c00 of size 1280 next 162
2026-09-04 18:55:14.125793: I external/local_tsl/tsl/framework/bfc_allocator.cc:1100] InUse at 7d4fb2682100 of size 11264 next 98
2026-09-04 18:55:14.125799: I external/local_tsl/tsl/framework/bfc_allocator.cc:1100] InUse at 7d4fb2684d00 of size 18432 next 97
2026-09-04 18:55:14.125806: I external/local_tsl/tsl/framework/bfc_allocator.cc:1100] InUse at 7d4fb2689500 of size 18432 next 109
2026-09-04 18:55:14.125813: I external/local_tsl/tsl/framework/bfc_allocator.cc:1100] InUse at 7d4fb268dd00 of size 2048 next 113
2026-09-04 18:55:14.125819: I external/local_tsl/tsl/framework/bfc_allocator.cc:1100] InUse at 7d4fb268e500 of size 2048 next 114
2026-09-04 18:55:14.125833: I external/local_tsl/tsl/framework/bfc_allocator.cc:1100] InUse at 7d4fb268ed00 of size 2048 next 108
2026-09-04 18:55:14.125840: I external/local_tsl/tsl/framework/bfc_allocator.cc:1100] InUse at 7d4fb268f500 of size 2048 next 118
2026-09-04 18:55:14.125846: I external/local_tsl/tsl/framework/bfc_allocator.cc:1100] InUse at 7d4fb268fd00 of size 2048 next 119
2026-09-04 18:55:14.125853: I external/local_tsl/tsl/framework/bfc_allocator.cc:1100] InUse at 7d4fb2690500 of size 2048 next 120
2026-09-04 18:55:14.125859: I external/local_tsl/tsl/framework/bfc_allocator.cc:1100] InUse at 7d4fb2690d00 of size 2048 next 122
2026-09-04 18:55:14.125866: I external/local_tsl/tsl/framework/bfc_allocator.cc:1100] InUse at 7d4fb2691500 of size 2048 next 123
2026-09-04 18:55:14.125872: I external/local_tsl/tsl/framework/bfc_allocator.cc:1100] InUse at 7d4fb2691d00 of size 2304 next 116
2026-09-04 18:55:14.125879: I external/local_tsl/tsl/framework/bfc_allocator.cc:1100] InUse at 7d4fb2692600 of size 18432 next 117
2026-09-04 18:55:14.125885: I external/local_tsl/tsl/framework/bfc_allocator.cc:1100] InUse at 7d4fb2696e00 of size 2048 next 125
2026-09-04 18:55:14.125892: I external/local_tsl/tsl/framework/bfc_allocator.cc:1100] InUse at 7d4fb2697600 of size 2048 next 126
2026-09-04 18:55:14.125898: I external/local_tsl/tsl/framework/bfc_allocator.cc:1100] InUse at 7d4fb2697e00 of size 2048 next 127
2026-09-04 18:55:14.125904: I external/local_tsl/tsl/framework/bfc_allocator.cc:1100] InUse at 7d4fb2698600 of size 2048 next 129
2026-09-04 18:55:14.125911: I external/local_tsl/tsl/framework/bfc_allocator.cc:1100] InUse at 7d4fb2698e00 of size 2048 next 130
2026-09-04 18:55:14.125917: I external/local_tsl/tsl/framework/bfc_allocator.cc:1100] InUse at 7d4fb2699600 of size 2048 next 115
2026-09-04 18:55:14.125924: I external/local_tsl/tsl/framework/bfc_allocator.cc:1100] InUse at 7d4fb2699e00 of size 2048 next 134
2026-09-04 18:55:14.125930: I external/local_tsl/tsl/framework/bfc_allocator.cc:1100] InUse at 7d4fb269a600 of size 2048 next 135
2026-09-04 18:55:14.125937: I external/local_tsl/tsl/framework/bfc_allocator.cc:1100] InUse at 7d4fb269ae00 of size 3840 next 57
2026-09-04 18:55:14.125944: I external/local_tsl/tsl/framework/bfc_allocator.cc:1100] InUse at 7d4fb269bd00 of size 18432 next 56
2026-09-04 18:55:14.125950: I external/local_tsl/tsl/framework/bfc_allocator.cc:1100] InUse at 7d4fb26a0500 of size 71680 next 136
2026-09-04 18:55:14.125957: I external/local_tsl/tsl/framework/bfc_allocator.cc:1100] InUse at 7d4fb26b1d00 of size 256 next 141
2026-09-04 18:55:14.125963: I external/local_tsl/tsl/framework/bfc_allocator.cc:1100] InUse at 7d4fb26b1e00 of size 256 next 142
2026-09-04 18:55:14.125970: I external/local_tsl/tsl/framework/bfc_allocator.cc:1100] InUse at 7d4fb26b1f00 of size 4096 next 143
2026-09-04 18:55:14.125977: I external/local_tsl/tsl/framework/bfc_allocator.cc:1100] InUse at 7d4fb26b2f00 of size 7680 next 132
2026-09-04 18:55:14.125983: I external/local_tsl/tsl/framework/bfc_allocator.cc:1100] InUse at 7d4fb26b4d00 of size 4096 next 289
2026-09-04 18:55:14.125993: I external/local_tsl/tsl/framework/bfc_allocator.cc:1100] InUse at 7d4fb26b5d00 of size 4096 next 131
2026-09-04 18:55:14.126000: I external/local_tsl/tsl/framework/bfc_allocator.cc:1100] Free  at 7d4fb26b6d00 of size 14336 next 144
2026-09-04 18:55:14.126007: I external/local_tsl/tsl/framework/bfc_allocator.cc:1100] InUse at 7d4fb26ba500 of size 256 next 145
2026-09-04 18:55:14.126013: I external/local_tsl/tsl/framework/bfc_allocator.cc:1100] InUse at 7d4fb26ba600 of size 256 next 148
2026-09-04 18:55:14.126020: I external/local_tsl/tsl/framework/bfc_allocator.cc:1100] InUse at 7d4fb26ba700 of size 4096 next 149
2026-09-04 18:55:14.126026: I external/local_tsl/tsl/framework/bfc_allocator.cc:1100] InUse at 7d4fb26bb700 of size 4096 next 150
2026-09-04 18:55:14.126033: I external/local_tsl/tsl/framework/bfc_allocator.cc:1100] InUse at 7d4fb26bc700 of size 18432 next 282
2026-09-04 18:55:14.126039: I external/local_tsl/tsl/framework/bfc_allocator.cc:1100] InUse at 7d4fb26c0f00 of size 36864 next 254
2026-09-04 18:55:14.126046: I external/local_tsl/tsl/framework/bfc_allocator.cc:1100] Free  at 7d4fb26c9f00 of size 138752 next 67
2026-09-04 18:55:14.126052: I external/local_tsl/tsl/framework/bfc_allocator.cc:1100] InUse at 7d4fb26ebd00 of size 36864 next 153
2026-09-04 18:55:14.126059: I external/local_tsl/tsl/framework/bfc_allocator.cc:1100] InUse at 7d4fb26f4d00 of size 256 next 214
2026-09-04 18:55:14.126065: I external/local_tsl/tsl/framework/bfc_allocator.cc:1100] InUse at 7d4fb26f4e00 of size 256 next 205
2026-09-04 18:55:14.126072: I external/local_tsl/tsl/framework/bfc_allocator.cc:1100] InUse at 7d4fb26f4f00 of size 256 next 207
2026-09-04 18:55:14.126078: I external/local_tsl/tsl/framework/bfc_allocator.cc:1100] InUse at 7d4fb26f5000 of size 256 next 222
2026-09-04 18:55:14.126085: I external/local_tsl/tsl/framework/bfc_allocator.cc:1100] InUse at 7d4fb26f5100 of size 256 next 223
2026-09-04 18:55:14.126091: I external/local_tsl/tsl/framework/bfc_allocator.cc:1100] InUse at 7d4fb26f5200 of size 256 next 221
2026-09-04 18:55:14.126098: I external/local_tsl/tsl/framework/bfc_allocator.cc:1100] InUse at 7d4fb26f5300 of size 256 next 218
2026-09-04 18:55:14.126104: I external/local_tsl/tsl/framework/bfc_allocator.cc:1100] InUse at 7d4fb26f5400 of size 256 next 215
2026-09-04 18:55:14.126111: I external/local_tsl/tsl/framework/bfc_allocator.cc:1100] InUse at 7d4fb26f5500 of size 256 next 203
2026-09-04 18:55:14.126117: I external/local_tsl/tsl/framework/bfc_allocator.cc:1100] InUse at 7d4fb26f5600 of size 256 next 213
2026-09-04 18:55:14.126124: I external/local_tsl/tsl/framework/bfc_allocator.cc:1100] InUse at 7d4fb26f5700 of size 256 next 196
2026-09-04 18:55:14.126130: I external/local_tsl/tsl/framework/bfc_allocator.cc:1100] InUse at 7d4fb26f5800 of size 256 next 210
2026-09-04 18:55:14.126137: I external/local_tsl/tsl/framework/bfc_allocator.cc:1100] InUse at 7d4fb26f5900 of size 256 next 179
2026-09-04 18:55:14.126143: I external/local_tsl/tsl/framework/bfc_allocator.cc:1100] InUse at 7d4fb26f5a00 of size 256 next 233
2026-09-04 18:55:14.126150: I external/local_tsl/tsl/framework/bfc_allocator.cc:1100] InUse at 7d4fb26f5b00 of size 256 next 225
2026-09-04 18:55:14.126156: I external/local_tsl/tsl/framework/bfc_allocator.cc:1100] InUse at 7d4fb26f5c00 of size 256 next 202
2026-09-04 18:55:14.126163: I external/local_tsl/tsl/framework/bfc_allocator.cc:1100] InUse at 7d4fb26f5d00 of size 256 next 236
2026-09-04 18:55:14.126169: I external/local_tsl/tsl/framework/bfc_allocator.cc:1100] InUse at 7d4fb26f5e00 of size 256 next 235
2026-09-04 18:55:14.126175: I external/local_tsl/tsl/framework/bfc_allocator.cc:1100] InUse at 7d4fb26f5f00 of size 256 next 238
2026-09-04 18:55:14.126182: I external/local_tsl/tsl/framework/bfc_allocator.cc:1100] InUse at 7d4fb26f6000 of size 256 next 232
2026-09-04 18:55:14.126188: I external/local_tsl/tsl/framework/bfc_allocator.cc:1100] InUse at 7d4fb26f6100 of size 256 next 230
2026-09-04 18:55:14.126198: I external/local_tsl/tsl/framework/bfc_allocator.cc:1100] InUse at 7d4fb26f6200 of size 256 next 228
2026-09-04 18:55:14.126205: I external/local_tsl/tsl/framework/bfc_allocator.cc:1100] InUse at 7d4fb26f6300 of size 256 next 237
2026-09-04 18:55:14.126211: I external/local_tsl/tsl/framework/bfc_allocator.cc:1100] InUse at 7d4fb26f6400 of size 256 next 204
2026-09-04 18:55:14.126218: I external/local_tsl/tsl/framework/bfc_allocator.cc:1100] InUse at 7d4fb26f6500 of size 256 next 244
2026-09-04 18:55:14.126224: I external/local_tsl/tsl/framework/bfc_allocator.cc:1100] InUse at 7d4fb26f6600 of size 256 next 227
2026-09-04 18:55:14.126231: I external/local_tsl/tsl/framework/bfc_allocator.cc:1100] InUse at 7d4fb26f6700 of size 256 next 216
2026-09-04 18:55:14.126237: I external/local_tsl/tsl/framework/bfc_allocator.cc:1100] InUse at 7d4fb26f6800 of size 256 next 239
2026-09-04 18:55:14.126243: I external/local_tsl/tsl/framework/bfc_allocator.cc:1100] InUse at 7d4fb26f6900 of size 256 next 245
2026-09-04 18:55:14.126250: I external/local_tsl/tsl/framework/bfc_allocator.cc:1100] InUse at 7d4fb26f6a00 of size 256 next 242
2026-09-04 18:55:14.126256: I external/local_tsl/tsl/framework/bfc_allocator.cc:1100] InUse at 7d4fb26f6b00 of size 256 next 249
2026-09-04 18:55:14.126263: I external/local_tsl/tsl/framework/bfc_allocator.cc:1100] InUse at 7d4fb26f6c00 of size 256 next 252
2026-09-04 18:55:14.126269: I external/local_tsl/tsl/framework/bfc_allocator.cc:1100] InUse at 7d4fb26f6d00 of size 256 next 250
2026-09-04 18:55:14.126276: I external/local_tsl/tsl/framework/bfc_allocator.cc:1100] InUse at 7d4fb26f6e00 of size 256 next 255
2026-09-04 18:55:14.126282: I external/local_tsl/tsl/framework/bfc_allocator.cc:1100] InUse at 7d4fb26f6f00 of size 256 next 256
2026-09-04 18:55:14.126289: I external/local_tsl/tsl/framework/bfc_allocator.cc:1100] InUse at 7d4fb26f7000 of size 256 next 243
2026-09-04 18:55:14.126295: I external/local_tsl/tsl/framework/bfc_allocator.cc:1100] InUse at 7d4fb26f7100 of size 256 next 258
2026-09-04 18:55:14.126302: I external/local_tsl/tsl/framework/bfc_allocator.cc:1100] InUse at 7d4fb26f7200 of size 256 next 259
2026-09-04 18:55:14.126308: I external/local_tsl/tsl/framework/bfc_allocator.cc:1100] InUse at 7d4fb26f7300 of size 256 next 247
2026-09-04 18:55:14.126315: I external/local_tsl/tsl/framework/bfc_allocator.cc:1100] InUse at 7d4fb26f7400 of size 256 next 251
2026-09-04 18:55:14.126321: I external/local_tsl/tsl/framework/bfc_allocator.cc:1100] InUse at 7d4fb26f7500 of size 256 next 226
2026-09-04 18:55:14.126328: I external/local_tsl/tsl/framework/bfc_allocator.cc:1100] InUse at 7d4fb26f7600 of size 256 next 263
2026-09-04 18:55:14.126334: I external/local_tsl/tsl/framework/bfc_allocator.cc:1100] InUse at 7d4fb26f7700 of size 256 next 248
2026-09-04 18:55:14.126341: I external/local_tsl/tsl/framework/bfc_allocator.cc:1100] InUse at 7d4fb26f7800 of size 256 next 265
2026-09-04 18:55:14.126347: I external/local_tsl/tsl/framework/bfc_allocator.cc:1100] InUse at 7d4fb26f7900 of size 256 next 266
2026-09-04 18:55:14.126354: I external/local_tsl/tsl/framework/bfc_allocator.cc:1100] InUse at 7d4fb26f7a00 of size 256 next 246
2026-09-04 18:55:14.126360: I external/local_tsl/tsl/framework/bfc_allocator.cc:1100] InUse at 7d4fb26f7b00 of size 256 next 231
2026-09-04 18:55:14.126366: I external/local_tsl/tsl/framework/bfc_allocator.cc:1100] InUse at 7d4fb26f7c00 of size 256 next 271
2026-09-04 18:55:14.126373: I external/local_tsl/tsl/framework/bfc_allocator.cc:1100] InUse at 7d4fb26f7d00 of size 256 next 264
2026-09-04 18:55:14.126379: I external/local_tsl/tsl/framework/bfc_allocator.cc:1100] InUse at 7d4fb26f7e00 of size 256 next 275
2026-09-04 18:55:14.126386: I external/local_tsl/tsl/framework/bfc_allocator.cc:1100] InUse at 7d4fb26f7f00 of size 256 next 278
2026-09-04 18:55:14.126393: I external/local_tsl/tsl/framework/bfc_allocator.cc:1100] InUse at 7d4fb26f8000 of size 256 next 273
2026-09-04 18:55:14.126399: I external/local_tsl/tsl/framework/bfc_allocator.cc:1100] InUse at 7d4fb26f8100 of size 256 next 274
2026-09-04 18:55:14.126409: I external/local_tsl/tsl/framework/bfc_allocator.cc:1100] InUse at 7d4fb26f8200 of size 256 next 272
2026-09-04 18:55:14.126415: I external/local_tsl/tsl/framework/bfc_allocator.cc:1100] InUse at 7d4fb26f8300 of size 256 next 283
2026-09-04 18:55:14.126422: I external/local_tsl/tsl/framework/bfc_allocator.cc:1100] InUse at 7d4fb26f8400 of size 256 next 279
2026-09-04 18:55:14.126428: I external/local_tsl/tsl/framework/bfc_allocator.cc:1100] InUse at 7d4fb26f8500 of size 256 next 177
2026-09-04 18:55:14.126435: I external/local_tsl/tsl/framework/bfc_allocator.cc:1100] InUse at 7d4fb26f8600 of size 256 next 262
2026-09-04 18:55:14.126441: I external/local_tsl/tsl/framework/bfc_allocator.cc:1100] InUse at 7d4fb26f8700 of size 256 next 288
2026-09-04 18:55:14.126447: I external/local_tsl/tsl/framework/bfc_allocator.cc:1100] InUse at 7d4fb26f8800 of size 256 next 286
2026-09-04 18:55:14.126454: I external/local_tsl/tsl/framework/bfc_allocator.cc:1100] InUse at 7d4fb26f8900 of size 256 next 285
2026-09-04 18:55:14.126460: I external/local_tsl/tsl/framework/bfc_allocator.cc:1100] InUse at 7d4fb26f8a00 of size 256 next 291
2026-09-04 18:55:14.126467: I external/local_tsl/tsl/framework/bfc_allocator.cc:1100] InUse at 7d4fb26f8b00 of size 256 next 292
2026-09-04 18:55:14.126473: I external/local_tsl/tsl/framework/bfc_allocator.cc:1100] InUse at 7d4fb26f8c00 of size 256 next 268
2026-09-04 18:55:14.126480: I external/local_tsl/tsl/framework/bfc_allocator.cc:1100] InUse at 7d4fb26f8d00 of size 256 next 257
2026-09-04 18:55:14.126486: I external/local_tsl/tsl/framework/bfc_allocator.cc:1100] InUse at 7d4fb26f8e00 of size 256 next 287
2026-09-04 18:55:14.126493: I external/local_tsl/tsl/framework/bfc_allocator.cc:1100] InUse at 7d4fb26f8f00 of size 256 next 280
2026-09-04 18:55:14.126499: I external/local_tsl/tsl/framework/bfc_allocator.cc:1100] InUse at 7d4fb26f9000 of size 256 next 277
2026-09-04 18:55:14.126506: I external/local_tsl/tsl/framework/bfc_allocator.cc:1100] Free  at 7d4fb26f9100 of size 768 next 284
2026-09-04 18:55:14.126512: I external/local_tsl/tsl/framework/bfc_allocator.cc:1100] InUse at 7d4fb26f9400 of size 256 next 166
2026-09-04 18:55:14.126519: I external/local_tsl/tsl/framework/bfc_allocator.cc:1100] InUse at 7d4fb26f9500 of size 18432 next 152
2026-09-04 18:55:14.126525: I external/local_tsl/tsl/framework/bfc_allocator.cc:1100] InUse at 7d4fb26fdd00 of size 65536 next 164
2026-09-04 18:55:14.126532: I external/local_tsl/tsl/framework/bfc_allocator.cc:1100] InUse at 7d4fb270dd00 of size 131072 next 59
2026-09-04 18:55:14.126539: I external/local_tsl/tsl/framework/bfc_allocator.cc:1100] Free  at 7d4fb272dd00 of size 69632 next 91
2026-09-04 18:55:14.126545: I external/local_tsl/tsl/framework/bfc_allocator.cc:1100] InUse at 7d4fb273ed00 of size 18432 next 182
2026-09-04 18:55:14.126552: I external/local_tsl/tsl/framework/bfc_allocator.cc:1100] InUse at 7d4fb2743500 of size 36864 next 185
2026-09-04 18:55:14.126558: I external/local_tsl/tsl/framework/bfc_allocator.cc:1100] InUse at 7d4fb274c500 of size 36864 next 186
2026-09-04 18:55:14.126565: I external/local_tsl/tsl/framework/bfc_allocator.cc:1100] InUse at 7d4fb2755500 of size 69632 next 189
2026-09-04 18:55:14.126572: I external/local_tsl/tsl/framework/bfc_allocator.cc:1100] InUse at 7d4fb2766500 of size 69632 next 190
2026-09-04 18:55:14.126578: I external/local_tsl/tsl/framework/bfc_allocator.cc:1100] Free  at 7d4fb2777500 of size 215040 next 81
2026-09-04 18:55:14.126585: I external/local_tsl/tsl/framework/bfc_allocator.cc:1100] InUse at 7d4fb27abd00 of size 262144 next 165
2026-09-04 18:55:14.126592: I external/local_tsl/tsl/framework/bfc_allocator.cc:1100] Free  at 7d4fb27ebd00 of size 786432 next 90
2026-09-04 18:55:14.126598: I external/local_tsl/tsl/framework/bfc_allocator.cc:1100] InUse at 7d4fb28abd00 of size 524288 next 82
2026-09-04 18:55:14.126605: I external/local_tsl/tsl/framework/bfc_allocator.cc:1100] InUse at 7d4fb292bd00 of size 1572864 next 105
2026-09-04 18:55:14.126615: I external/local_tsl/tsl/framework/bfc_allocator.cc:1100] InUse at 7d4fb2aabd00 of size 1048576 next 104
2026-09-04 18:55:14.126622: I external/local_tsl/tsl/framework/bfc_allocator.cc:1100] InUse at 7d4fb2babd00 of size 1048576 next 112
2026-09-04 18:55:14.126629: I external/local_tsl/tsl/framework/bfc_allocator.cc:1100] InUse at 7d4fb2cabd00 of size 1048576 next 121
2026-09-04 18:55:14.126635: I external/local_tsl/tsl/framework/bfc_allocator.cc:1100] InUse at 7d4fb2dabd00 of size 1048576 next 128
2026-09-04 18:55:14.126642: I external/local_tsl/tsl/framework/bfc_allocator.cc:1100] Free  at 7d4fb2eabd00 of size 7340032 next 140
2026-09-04 18:55:14.126648: I external/local_tsl/tsl/framework/bfc_allocator.cc:1100] InUse at 7d4fb35abd00 of size 2097152 next 281
2026-09-04 18:55:14.126655: I external/local_tsl/tsl/framework/bfc_allocator.cc:1100] InUse at 7d4fb37abd00 of size 4194304 next 296
2026-09-04 18:55:14.126662: I external/local_tsl/tsl/framework/bfc_allocator.cc:1100] Free  at 7d4fb3babd00 of size 285357824 next 180
2026-09-04 18:55:14.126668: I external/local_tsl/tsl/framework/bfc_allocator.cc:1100] InUse at 7d4fc4bcf400 of size 2097152 next 183
2026-09-04 18:55:14.126675: I external/local_tsl/tsl/framework/bfc_allocator.cc:1100] InUse at 7d4fc4dcf400 of size 2097152 next 184
2026-09-04 18:55:14.126681: I external/local_tsl/tsl/framework/bfc_allocator.cc:1100] InUse at 7d4fc4fcf400 of size 4194304 next 187
2026-09-04 18:55:14.126687: I external/local_tsl/tsl/framework/bfc_allocator.cc:1100] InUse at 7d4fc53cf400 of size 4194304 next 188
2026-09-04 18:55:14.126694: I external/local_tsl/tsl/framework/bfc_allocator.cc:1100] Free  at 7d4fc57cf400 of size 295898112 next 18446744073709551615
2026-09-04 18:55:14.126701: I external/local_tsl/tsl/framework/bfc_allocator.cc:1105]      Summary of in-use Chunks by size: 
2026-09-04 18:55:14.126709: I external/local_tsl/tsl/framework/bfc_allocator.cc:1108] 161 Chunks of size 256 totalling 40.2KiB
2026-09-04 18:55:14.126716: I external/local_tsl/tsl/framework/bfc_allocator.cc:1108] 11 Chunks of size 512 totalling 5.5KiB
2026-09-04 18:55:14.126722: I external/local_tsl/tsl/framework/bfc_allocator.cc:1108] 1 Chunks of size 768 totalling 768B
2026-09-04 18:55:14.126728: I external/local_tsl/tsl/framework/bfc_allocator.cc:1108] 11 Chunks of size 1024 totalling 11.0KiB
2026-09-04 18:55:14.126735: I external/local_tsl/tsl/framework/bfc_allocator.cc:1108] 4 Chunks of size 1280 totalling 5.0KiB
2026-09-04 18:55:14.126741: I external/local_tsl/tsl/framework/bfc_allocator.cc:1108] 31 Chunks of size 2048 totalling 62.0KiB
2026-09-04 18:55:14.126748: I external/local_tsl/tsl/framework/bfc_allocator.cc:1108] 3 Chunks of size 2304 totalling 6.8KiB
2026-09-04 18:55:14.126754: I external/local_tsl/tsl/framework/bfc_allocator.cc:1108] 1 Chunks of size 3072 totalling 3.0KiB
2026-09-04 18:55:14.126761: I external/local_tsl/tsl/framework/bfc_allocator.cc:1108] 1 Chunks of size 3328 totalling 3.2KiB
2026-09-04 18:55:14.126767: I external/local_tsl/tsl/framework/bfc_allocator.cc:1108] 1 Chunks of size 3840 totalling 3.8KiB
2026-09-04 18:55:14.126774: I external/local_tsl/tsl/framework/bfc_allocator.cc:1108] 8 Chunks of size 4096 totalling 32.0KiB
2026-09-04 18:55:14.126780: I external/local_tsl/tsl/framework/bfc_allocator.cc:1108] 1 Chunks of size 4608 totalling 4.5KiB
2026-09-04 18:55:14.126786: I external/local_tsl/tsl/framework/bfc_allocator.cc:1108] 1 Chunks of size 5888 totalling 5.8KiB
2026-09-04 18:55:14.126793: I external/local_tsl/tsl/framework/bfc_allocator.cc:1108] 1 Chunks of size 7680 totalling 7.5KiB
2026-09-04 18:55:14.126799: I external/local_tsl/tsl/framework/bfc_allocator.cc:1108] 2 Chunks of size 9216 totalling 18.0KiB
2026-09-04 18:55:14.126806: I external/local_tsl/tsl/framework/bfc_allocator.cc:1108] 1 Chunks of size 11264 totalling 11.0KiB
2026-09-04 18:55:14.126813: I external/local_tsl/tsl/framework/bfc_allocator.cc:1108] 7 Chunks of size 18432 totalling 126.0KiB
2026-09-04 18:55:14.126820: I external/local_tsl/tsl/framework/bfc_allocator.cc:1108] 1 Chunks of size 23552 totalling 23.0KiB
2026-09-04 18:55:14.126836: I external/local_tsl/tsl/framework/bfc_allocator.cc:1108] 4 Chunks of size 36864 totalling 144.0KiB
2026-09-04 18:55:14.126844: I external/local_tsl/tsl/framework/bfc_allocator.cc:1108] 1 Chunks of size 65536 totalling 64.0KiB
2026-09-04 18:55:14.126851: I external/local_tsl/tsl/framework/bfc_allocator.cc:1108] 2 Chunks of size 69632 totalling 136.0KiB
2026-09-04 18:55:14.126857: I external/local_tsl/tsl/framework/bfc_allocator.cc:1108] 1 Chunks of size 71680 totalling 70.0KiB
2026-09-04 18:55:14.126864: I external/local_tsl/tsl/framework/bfc_allocator.cc:1108] 1 Chunks of size 131072 totalling 128.0KiB
2026-09-04 18:55:14.126872: I external/local_tsl/tsl/framework/bfc_allocator.cc:1108] 1 Chunks of size 256256 totalling 250.2KiB
2026-09-04 18:55:14.126879: I external/local_tsl/tsl/framework/bfc_allocator.cc:1108] 1 Chunks of size 262144 totalling 256.0KiB
2026-09-04 18:55:14.126887: I external/local_tsl/tsl/framework/bfc_allocator.cc:1108] 1 Chunks of size 524288 totalling 512.0KiB
2026-09-04 18:55:14.126894: I external/local_tsl/tsl/framework/bfc_allocator.cc:1108] 4 Chunks of size 1048576 totalling 4.00MiB
2026-09-04 18:55:14.126902: I external/local_tsl/tsl/framework/bfc_allocator.cc:1108] 1 Chunks of size 1572864 totalling 1.50MiB
2026-09-04 18:55:14.126909: I external/local_tsl/tsl/framework/bfc_allocator.cc:1108] 3 Chunks of size 2097152 totalling 6.00MiB
2026-09-04 18:55:14.126916: I external/local_tsl/tsl/framework/bfc_allocator.cc:1108] 3 Chunks of size 4194304 totalling 12.00MiB
2026-09-04 18:55:14.126924: I external/local_tsl/tsl/framework/bfc_allocator.cc:1108] 1 Chunks of size 4761856 totalling 4.54MiB
2026-09-04 18:55:14.126932: I external/local_tsl/tsl/framework/bfc_allocator.cc:1108] 1 Chunks of size 92602368 totalling 88.31MiB
2026-09-04 18:55:14.126939: I external/local_tsl/tsl/framework/bfc_allocator.cc:1108] 1 Chunks of size 1720983552 totalling 1.60GiB
2026-09-04 18:55:14.126946: I external/local_tsl/tsl/framework/bfc_allocator.cc:1112] Sum Total of in-use chunks: 1.72GiB
2026-09-04 18:55:14.126953: I external/local_tsl/tsl/framework/bfc_allocator.cc:1114] Total bytes in pool: 2434793472 memory_limit_: 2434793472 available bytes: 0 curr_region_allocation_bytes_: 4869586944
2026-09-04 18:55:14.126963: I external/local_tsl/tsl/framework/bfc_allocator.cc:1119] Stats: 
Limit:                      2434793472
InUse:                      1844964864
MaxInUse:                   2167064064
NumAllocs:                       67950
MaxAllocSize:               1720983552
Reserved:                            0
PeakReserved:                        0
LargestFreeBlock:                    0

2026-09-04 18:55:14.126983: W external/local_tsl/tsl/framework/bfc_allocator.cc:499] ****************************************************************************___________*____________
Traceback (most recent call last):
  File "/home/luke/projects/buzzdetect-training/.local/worktrees/trunk-ft-restore-sens/03_train/main.py", line 52, in <module>
    train_set(
  File "/home/luke/projects/buzzdetect-training/.local/worktrees/trunk-ft-restore-sens/03_train/train.py", line 510, in train_set
    data = _load_data(setname, embeddername, folds_train, name_translation,
           ^^^^^^^^^^^^^^^^^^^^^^^^^^^^^^^^^^^^^^^^^^^^^^^^^^^^^^^^^^^^^^^^
  File "/home/luke/projects/buzzdetect-training/.local/worktrees/trunk-ft-restore-sens/03_train/train.py", line 141, in _load_data
    train_tf=_to_tf(data_train, size_batch, size_shuffle),
             ^^^^^^^^^^^^^^^^^^^^^^^^^^^^^^^^^^^^^^^^^^^^
  File "/home/luke/projects/buzzdetect-training/.local/worktrees/trunk-ft-restore-sens/03_train/train.py", line 69, in _to_tf
    ds = tf.data.Dataset.from_tensor_slices((emb_np, tgt_np))
         ^^^^^^^^^^^^^^^^^^^^^^^^^^^^^^^^^^^^^^^^^^^^^^^^^^^^
  File "/home/luke/anaconda3/envs/buzzdetect-train/lib/python3.12/site-packages/tensorflow/python/data/ops/dataset_ops.py", line 826, in from_tensor_slices
    return from_tensor_slices_op._from_tensor_slices(tensors, name)
           ^^^^^^^^^^^^^^^^^^^^^^^^^^^^^^^^^^^^^^^^^^^^^^^^^^^^^^^^
  File "/home/luke/anaconda3/envs/buzzdetect-train/lib/python3.12/site-packages/tensorflow/python/data/ops/from_tensor_slices_op.py", line 25, in _from_tensor_slices
    return _TensorSliceDataset(tensors, name=name)
           ^^^^^^^^^^^^^^^^^^^^^^^^^^^^^^^^^^^^^^^
  File "/home/luke/anaconda3/envs/buzzdetect-train/lib/python3.12/site-packages/tensorflow/python/data/ops/from_tensor_slices_op.py", line 33, in __init__
    element = structure.normalize_element(element)
              ^^^^^^^^^^^^^^^^^^^^^^^^^^^^^^^^^^^^
  File "/home/luke/anaconda3/envs/buzzdetect-train/lib/python3.12/site-packages/tensorflow/python/data/util/structure.py", line 134, in normalize_element
    ops.convert_to_tensor(t, name="component_%d" % i, dtype=dtype))
    ^^^^^^^^^^^^^^^^^^^^^^^^^^^^^^^^^^^^^^^^^^^^^^^^^^^^^^^^^^^^^^
  File "/home/luke/anaconda3/envs/buzzdetect-train/lib/python3.12/site-packages/tensorflow/python/profiler/trace.py", line 183, in wrapped
    return func(*args, **kwargs)
           ^^^^^^^^^^^^^^^^^^^^^
  File "/home/luke/anaconda3/envs/buzzdetect-train/lib/python3.12/site-packages/tensorflow/python/framework/ops.py", line 713, in convert_to_tensor
    return tensor_conversion_registry.convert(
           ^^^^^^^^^^^^^^^^^^^^^^^^^^^^^^^^^^^
  File "/home/luke/anaconda3/envs/buzzdetect-train/lib/python3.12/site-packages/tensorflow/python/framework/tensor_conversion_registry.py", line 234, in convert
    ret = conversion_func(value, dtype=dtype, name=name, as_ref=as_ref)
          ^^^^^^^^^^^^^^^^^^^^^^^^^^^^^^^^^^^^^^^^^^^^^^^^^^^^^^^^^^^^^
  File "/home/luke/anaconda3/envs/buzzdetect-train/lib/python3.12/site-packages/tensorflow/python/framework/constant_tensor_conversion.py", line 29, in _constant_tensor_conversion_function
    return constant_op.constant(v, dtype=dtype, name=name)
           ^^^^^^^^^^^^^^^^^^^^^^^^^^^^^^^^^^^^^^^^^^^^^^^
  File "/home/luke/anaconda3/envs/buzzdetect-train/lib/python3.12/site-packages/tensorflow/python/ops/weak_tensor_ops.py", line 142, in wrapper
    return op(*args, **kwargs)
           ^^^^^^^^^^^^^^^^^^^
  File "/home/luke/anaconda3/envs/buzzdetect-train/lib/python3.12/site-packages/tensorflow/python/framework/constant_op.py", line 276, in constant
    return _constant_impl(value, dtype, shape, name, verify_shape=False,
           ^^^^^^^^^^^^^^^^^^^^^^^^^^^^^^^^^^^^^^^^^^^^^^^^^^^^^^^^^^^^^
  File "/home/luke/anaconda3/envs/buzzdetect-train/lib/python3.12/site-packages/tensorflow/python/framework/constant_op.py", line 289, in _constant_impl
    return _constant_eager_impl(ctx, value, dtype, shape, verify_shape)
           ^^^^^^^^^^^^^^^^^^^^^^^^^^^^^^^^^^^^^^^^^^^^^^^^^^^^^^^^^^^^
  File "/home/luke/anaconda3/envs/buzzdetect-train/lib/python3.12/site-packages/tensorflow/python/framework/constant_op.py", line 301, in _constant_eager_impl
    t = convert_to_eager_tensor(value, ctx, dtype)
        ^^^^^^^^^^^^^^^^^^^^^^^^^^^^^^^^^^^^^^^^^^
  File "/home/luke/anaconda3/envs/buzzdetect-train/lib/python3.12/site-packages/tensorflow/python/framework/constant_op.py", line 108, in convert_to_eager_tensor
    return ops.EagerTensor(value, ctx.device_name, dtype)
           ^^^^^^^^^^^^^^^^^^^^^^^^^^^^^^^^^^^^^^^^^^^^^^
tensorflow.python.framework.errors_impl.InternalError: Failed copying input tensor from /job:localhost/replica:0/task:0/device:CPU:0 to /job:localhost/replica:0/task:0/device:GPU:0 in order to run _EagerConst: Dst tensor is not initialized.
=== attempt 10 exited rc=1 ===
=== attempt 11 2026-09-04_18:55:15 ===
2026-09-04 18:55:15.935971: E external/local_xla/xla/stream_executor/cuda/cuda_fft.cc:479] Unable to register cuFFT factory: Attempting to register factory for plugin cuFFT when one has already been registered
2026-09-04 18:55:15.961019: E external/local_xla/xla/stream_executor/cuda/cuda_dnn.cc:10575] Unable to register cuDNN factory: Attempting to register factory for plugin cuDNN when one has already been registered
2026-09-04 18:55:15.961076: E external/local_xla/xla/stream_executor/cuda/cuda_blas.cc:1442] Unable to register cuBLAS factory: Attempting to register factory for plugin cuBLAS when one has already been registered
2026-09-04 18:55:16.834359: W tensorflow/compiler/tf2tensorrt/utils/py_utils.cc:38] TF-TRT Warning: Could not find TensorRT
[trunk_ft_restore_sens] set medium, embedder yamnet_trunk, translation general: 11 rotating fold(s), 311 train-only, 0 holdout
[1/11] JamesU - MustardBumbler/1_29: already trained; skipping
[2/11] Lily - Fit+Fast/2023_R3_Marysville/53: already trained; skipping
[3/11] Lily Adam - One Hive/recorders/willard/2024-08-07/1_11: already trained; skipping
[4/11] Lily Adam - One Hive/recorders/wooster/2024-07-26/1_143: already trained; skipping
[5/11] Luke - Diel Drivers/2026-04-08/1_150: already trained; skipping
[6/11] Luke - Diel Drivers/2026-05-06/1_95: already trained; skipping
[7/11] Luke - Various Opportunistic Recordings/2025-06-23/1_23: already trained; skipping
[8/11] Luke - Various Opportunistic Recordings/2025-07-03/1_37: already trained; skipping
[9/11] Luke - Various Opportunistic Recordings/2025-08-05/31: already trained; skipping
[10/11] Luke - Various Opportunistic Recordings/2025-08-12/1_114: already trained; skipping
/home/luke/projects/buzzdetect-training/.local/worktrees/trunk-ft-restore-sens/03_train/dataset.py:130: UserWarning: all 1 embedding file(s) under /home/luke/projects/buzzdetect-training/.local/worktrees/trunk-ft-restore-sens/02_set/sets/medium/embeddings/yamnet_trunk/raw/Luke - External Data Sources/InsectSound1000/Coccinella_septempunctata/2023419-16-19/000020 were dropped by the translation; raw label(s) present: ['EXCLUDE']
  warnings.warn(
/home/luke/projects/buzzdetect-training/.local/worktrees/trunk-ft-restore-sens/03_train/dataset.py:130: UserWarning: all 1 embedding file(s) under /home/luke/projects/buzzdetect-training/.local/worktrees/trunk-ft-restore-sens/02_set/sets/medium/embeddings/yamnet_trunk/raw/Luke - External Data Sources/InsectSound1000/Nezara_viridula/2022511-18-10/000018 were dropped by the translation; raw label(s) present: ['EXCLUDE']
  warnings.warn(
/home/luke/projects/buzzdetect-training/.local/worktrees/trunk-ft-restore-sens/03_train/dataset.py:130: UserWarning: all 2 embedding file(s) under /home/luke/projects/buzzdetect-training/.local/worktrees/trunk-ft-restore-sens/02_set/sets/medium/embeddings/yamnet_trunk/raw/Luke - External Data Sources/InsectSound1000/Nezara_viridula/2022511-18-10/000025 were dropped by the translation; raw label(s) present: ['EXCLUDE']
  warnings.warn(
/home/luke/projects/buzzdetect-training/.local/worktrees/trunk-ft-restore-sens/03_train/dataset.py:130: UserWarning: all 1 embedding file(s) under /home/luke/projects/buzzdetect-training/.local/worktrees/trunk-ft-restore-sens/02_set/sets/medium/embeddings/yamnet_trunk/raw/Luke - External Data Sources/InsectSound1000/Nezara_viridula/2022511-18-10/000032 were dropped by the translation; raw label(s) present: ['EXCLUDE']
  warnings.warn(
2026-09-04 18:55:25.730134: I external/local_xla/xla/stream_executor/cuda/cuda_executor.cc:998] successful NUMA node read from SysFS had negative value (-1), but there must be at least one NUMA node, so returning NUMA node zero. See more at https://github.com/torvalds/linux/blob/v6.0/Documentation/ABI/testing/sysfs-bus-pci#L344-L355
2026-09-04 18:55:25.768976: I external/local_xla/xla/stream_executor/cuda/cuda_executor.cc:998] successful NUMA node read from SysFS had negative value (-1), but there must be at least one NUMA node, so returning NUMA node zero. See more at https://github.com/torvalds/linux/blob/v6.0/Documentation/ABI/testing/sysfs-bus-pci#L344-L355
2026-09-04 18:55:25.771227: I external/local_xla/xla/stream_executor/cuda/cuda_executor.cc:998] successful NUMA node read from SysFS had negative value (-1), but there must be at least one NUMA node, so returning NUMA node zero. See more at https://github.com/torvalds/linux/blob/v6.0/Documentation/ABI/testing/sysfs-bus-pci#L344-L355
2026-09-04 18:55:25.773921: I external/local_xla/xla/stream_executor/cuda/cuda_executor.cc:998] successful NUMA node read from SysFS had negative value (-1), but there must be at least one NUMA node, so returning NUMA node zero. See more at https://github.com/torvalds/linux/blob/v6.0/Documentation/ABI/testing/sysfs-bus-pci#L344-L355
2026-09-04 18:55:25.776057: I external/local_xla/xla/stream_executor/cuda/cuda_executor.cc:998] successful NUMA node read from SysFS had negative value (-1), but there must be at least one NUMA node, so returning NUMA node zero. See more at https://github.com/torvalds/linux/blob/v6.0/Documentation/ABI/testing/sysfs-bus-pci#L344-L355
2026-09-04 18:55:25.778041: I external/local_xla/xla/stream_executor/cuda/cuda_executor.cc:998] successful NUMA node read from SysFS had negative value (-1), but there must be at least one NUMA node, so returning NUMA node zero. See more at https://github.com/torvalds/linux/blob/v6.0/Documentation/ABI/testing/sysfs-bus-pci#L344-L355
2026-09-04 18:55:25.939629: I external/local_xla/xla/stream_executor/cuda/cuda_executor.cc:998] successful NUMA node read from SysFS had negative value (-1), but there must be at least one NUMA node, so returning NUMA node zero. See more at https://github.com/torvalds/linux/blob/v6.0/Documentation/ABI/testing/sysfs-bus-pci#L344-L355
2026-09-04 18:55:25.940738: I external/local_xla/xla/stream_executor/cuda/cuda_executor.cc:998] successful NUMA node read from SysFS had negative value (-1), but there must be at least one NUMA node, so returning NUMA node zero. See more at https://github.com/torvalds/linux/blob/v6.0/Documentation/ABI/testing/sysfs-bus-pci#L344-L355
2026-09-04 18:55:25.941763: I external/local_xla/xla/stream_executor/cuda/cuda_executor.cc:998] successful NUMA node read from SysFS had negative value (-1), but there must be at least one NUMA node, so returning NUMA node zero. See more at https://github.com/torvalds/linux/blob/v6.0/Documentation/ABI/testing/sysfs-bus-pci#L344-L355
2026-09-04 18:55:25.942720: I tensorflow/core/common_runtime/gpu/gpu_device.cc:1928] Created device /job:localhost/replica:0/task:0/device:GPU:0 with 2322 MB memory:  -> device: 0, name: NVIDIA GeForce GTX 1650, pci bus id: 0000:01:00.0, compute capability: 7.5
2026-09-04 18:55:25.943902: W external/local_tsl/tsl/framework/cpu_allocator_impl.cc:83] Allocation of 1774977024 exceeds 10% of free system memory.
2026-09-04 18:55:27.245793: W external/local_tsl/tsl/framework/cpu_allocator_impl.cc:83] Allocation of 1774977024 exceeds 10% of free system memory.
[trunk_ft_restore_sens_foldLuke - Various Opportunistic Recordings/2025-08-27/48] training on 321 fold(s), 72224 frames; early stopping on Luke - Various Opportunistic Recordings/2025-08-27/48 (1571 frames)...
/home/luke/anaconda3/envs/buzzdetect-train/lib/python3.12/site-packages/keras/src/trainers/epoch_iterator.py:74: UserWarning: `shuffle=True` was passed, but will be ignored since the data `x` was provided as a tf.data.Dataset. The Dataset is expected to already be shuffled (via `.shuffle(buffer_size)`).
  self.data_adapter = data_adapters.get_data_adapter(
Epoch 1/400
2026-09-04 18:55:29.825846: W external/local_tsl/tsl/framework/cpu_allocator_impl.cc:83] Allocation of 1774977024 exceeds 10% of free system memory.
WARNING: All log messages before absl::InitializeLog() is called are written to STDERR
I0000 00:00:1788562532.041169 1362253 service.cc:145] XLA service 0x5eb4373d1220 initialized for platform CUDA (this does not guarantee that XLA will be used). Devices:
I0000 00:00:1788562532.041255 1362253 service.cc:153]   StreamExecutor device (0): NVIDIA GeForce GTX 1650, Compute Capability 7.5
2026-09-04 18:55:32.180803: I tensorflow/compiler/mlir/tensorflow/utils/dump_mlir_util.cc:268] disabling MLIR crash reproducer, set env var `MLIR_CRASH_REPRODUCER_DIRECTORY` to enable.
2026-09-04 18:55:32.420902: I external/local_xla/xla/stream_executor/cuda/cuda_dnn.cc:465] Loaded cuDNN version 8907
2026-09-04 18:55:33.700372: W external/local_tsl/tsl/framework/bfc_allocator.cc:296] Allocator (GPU_0_bfc) ran out of memory trying to allocate 696.00MiB with freed_by_count=0. The caller indicates that this is not a failure, but this may mean that there could be performance gains if more memory were available.
2026-09-04 18:55:33.700463: W external/local_tsl/tsl/framework/bfc_allocator.cc:296] Allocator (GPU_0_bfc) ran out of memory trying to allocate 2.27GiB with freed_by_count=0. The caller indicates that this is not a failure, but this may mean that there could be performance gains if more memory were available.
2026-09-04 18:55:35.090993: W external/local_tsl/tsl/framework/bfc_allocator.cc:296] Allocator (GPU_0_bfc) ran out of memory trying to allocate 968.00MiB with freed_by_count=0. The caller indicates that this is not a failure, but this may mean that there could be performance gains if more memory were available.
2026-09-04 18:55:35.091055: W external/local_tsl/tsl/framework/bfc_allocator.cc:296] Allocator (GPU_0_bfc) ran out of memory trying to allocate 4.52GiB with freed_by_count=0. The caller indicates that this is not a failure, but this may mean that there could be performance gains if more memory were available.
2026-09-04 18:55:35.480234: W external/local_tsl/tsl/framework/bfc_allocator.cc:296] Allocator (GPU_0_bfc) ran out of memory trying to allocate 696.00MiB with freed_by_count=0. The caller indicates that this is not a failure, but this may mean that there could be performance gains if more memory were available.
2026-09-04 18:55:35.480292: W external/local_tsl/tsl/framework/bfc_allocator.cc:296] Allocator (GPU_0_bfc) ran out of memory trying to allocate 3.39GiB with freed_by_count=0. The caller indicates that this is not a failure, but this may mean that there could be performance gains if more memory were available.
2026-09-04 18:55:35.673650: W external/local_tsl/tsl/framework/bfc_allocator.cc:296] Allocator (GPU_0_bfc) ran out of memory trying to allocate 2.02GiB with freed_by_count=0. The caller indicates that this is not a failure, but this may mean that there could be performance gains if more memory were available.
2026-09-04 18:55:35.673717: W external/local_tsl/tsl/framework/bfc_allocator.cc:296] Allocator (GPU_0_bfc) ran out of memory trying to allocate 2.02GiB with freed_by_count=0. The caller indicates that this is not a failure, but this may mean that there could be performance gains if more memory were available.
2026-09-04 18:55:35.673746: W external/local_tsl/tsl/framework/bfc_allocator.cc:296] Allocator (GPU_0_bfc) ran out of memory trying to allocate 2.02GiB with freed_by_count=0. The caller indicates that this is not a failure, but this may mean that there could be performance gains if more memory were available.
2026-09-04 18:55:36.537959: W external/local_tsl/tsl/framework/bfc_allocator.cc:296] Allocator (GPU_0_bfc) ran out of memory trying to allocate 4.02GiB with freed_by_count=0. The caller indicates that this is not a failure, but this may mean that there could be performance gains if more memory were available.
I0000 00:00:1788562539.682754 1362253 device_compiler.h:188] Compiled cluster using XLA!  This line is logged at most once for the lifetime of the process.
71/71 - 22s - 309ms/step - accuracy: 0.0897 - loss: 0.5294 - val_accuracy: 0.3304 - val_loss: 0.4340 - val_sens_fpr0.005: 0.0903
Epoch 2/400
71/71 - 5s - 66ms/step - accuracy: 0.3151 - loss: 0.4115 - val_accuracy: 0.2222 - val_loss: 0.4333 - val_sens_fpr0.005: 0.2444
Epoch 3/400
71/71 - 5s - 66ms/step - accuracy: 0.4408 - loss: 0.3972 - val_accuracy: 0.2852 - val_loss: 0.4282 - val_sens_fpr0.005: 0.1371
Epoch 4/400
71/71 - 5s - 67ms/step - accuracy: 0.4877 - loss: 0.3907 - val_accuracy: 0.3246 - val_loss: 0.4273 - val_sens_fpr0.005: 0.1137
Epoch 5/400
71/71 - 5s - 66ms/step - accuracy: 0.5191 - loss: 0.3866 - val_accuracy: 0.3342 - val_loss: 0.4269 - val_sens_fpr0.005: 0.1237
Epoch 6/400
71/71 - 5s - 66ms/step - accuracy: 0.5412 - loss: 0.3836 - val_accuracy: 0.3055 - val_loss: 0.4305 - val_sens_fpr0.005: 0.1070
Epoch 7/400
71/71 - 5s - 67ms/step - accuracy: 0.5572 - loss: 0.3815 - val_accuracy: 0.3399 - val_loss: 0.4257 - val_sens_fpr0.005: 0.0936
Epoch 8/400
71/71 - 5s - 67ms/step - accuracy: 0.5717 - loss: 0.3797 - val_accuracy: 0.3609 - val_loss: 0.4239 - val_sens_fpr0.005: 0.0936
Epoch 9/400
71/71 - 5s - 66ms/step - accuracy: 0.5825 - loss: 0.3782 - val_accuracy: 0.3692 - val_loss: 0.4220 - val_sens_fpr0.005: 0.0882
Epoch 10/400
71/71 - 5s - 66ms/step - accuracy: 0.5894 - loss: 0.3770 - val_accuracy: 0.3641 - val_loss: 0.4229 - val_sens_fpr0.005: 0.0870
Epoch 11/400
71/71 - 5s - 66ms/step - accuracy: 0.5987 - loss: 0.3759 - val_accuracy: 0.3246 - val_loss: 0.4258 - val_sens_fpr0.005: 0.0815
Epoch 12/400
71/71 - 5s - 67ms/step - accuracy: 0.6038 - loss: 0.3748 - val_accuracy: 0.3202 - val_loss: 0.4269 - val_sens_fpr0.005: 0.0803
Epoch 13/400
71/71 - 5s - 67ms/step - accuracy: 0.6106 - loss: 0.3740 - val_accuracy: 0.3297 - val_loss: 0.4254 - val_sens_fpr0.005: 0.0803
Epoch 14/400
71/71 - 5s - 67ms/step - accuracy: 0.6144 - loss: 0.3732 - val_accuracy: 0.3418 - val_loss: 0.4241 - val_sens_fpr0.005: 0.0781
Epoch 15/400
71/71 - 5s - 67ms/step - accuracy: 0.6185 - loss: 0.3725 - val_accuracy: 0.3558 - val_loss: 0.4232 - val_sens_fpr0.005: 0.0696
Epoch 16/400
71/71 - 5s - 66ms/step - accuracy: 0.6237 - loss: 0.3717 - val_accuracy: 0.3125 - val_loss: 0.4266 - val_sens_fpr0.005: 0.0927
Epoch 17/400
71/71 - 5s - 67ms/step - accuracy: 0.6264 - loss: 0.3711 - val_accuracy: 0.3151 - val_loss: 0.4264 - val_sens_fpr0.005: 0.0894
Epoch 18/400
71/71 - 5s - 67ms/step - accuracy: 0.6297 - loss: 0.3704 - val_accuracy: 0.3507 - val_loss: 0.4233 - val_sens_fpr0.005: 0.0927
Epoch 19/400
71/71 - 5s - 67ms/step - accuracy: 0.6337 - loss: 0.3699 - val_accuracy: 0.3291 - val_loss: 0.4246 - val_sens_fpr0.005: 0.1003
Epoch 20/400
71/71 - 5s - 66ms/step - accuracy: 0.6356 - loss: 0.3696 - val_accuracy: 0.3157 - val_loss: 0.4247 - val_sens_fpr0.005: 0.0918
Epoch 21/400
71/71 - 5s - 67ms/step - accuracy: 0.6392 - loss: 0.3689 - val_accuracy: 0.3106 - val_loss: 0.4261 - val_sens_fpr0.005: 0.0997
Epoch 22/400
71/71 - 5s - 67ms/step - accuracy: 0.6409 - loss: 0.3684 - val_accuracy: 0.3285 - val_loss: 0.4245 - val_sens_fpr0.005: 0.0997
Epoch 23/400
71/71 - 5s - 67ms/step - accuracy: 0.6428 - loss: 0.3682 - val_accuracy: 0.3596 - val_loss: 0.4218 - val_sens_fpr0.005: 0.1082
Epoch 24/400
71/71 - 5s - 67ms/step - accuracy: 0.6462 - loss: 0.3676 - val_accuracy: 0.3609 - val_loss: 0.4210 - val_sens_fpr0.005: 0.1052
Epoch 25/400
71/71 - 5s - 67ms/step - accuracy: 0.6479 - loss: 0.3673 - val_accuracy: 0.3310 - val_loss: 0.4241 - val_sens_fpr0.005: 0.0997
Epoch 26/400
71/71 - 5s - 66ms/step - accuracy: 0.6499 - loss: 0.3669 - val_accuracy: 0.3265 - val_loss: 0.4237 - val_sens_fpr0.005: 0.1039
Epoch 27/400
71/71 - 5s - 67ms/step - accuracy: 0.6519 - loss: 0.3665 - val_accuracy: 0.3151 - val_loss: 0.4243 - val_sens_fpr0.005: 0.1070
Epoch 28/400
71/71 - 5s - 67ms/step - accuracy: 0.6527 - loss: 0.3662 - val_accuracy: 0.3151 - val_loss: 0.4253 - val_sens_fpr0.005: 0.1137
Epoch 29/400
71/71 - 5s - 67ms/step - accuracy: 0.6554 - loss: 0.3659 - val_accuracy: 0.3399 - val_loss: 0.4225 - val_sens_fpr0.005: 0.1116
Epoch 30/400
71/71 - 5s - 67ms/step - accuracy: 0.6563 - loss: 0.3655 - val_accuracy: 0.3094 - val_loss: 0.4242 - val_sens_fpr0.005: 0.1195
Epoch 31/400
71/71 - 5s - 67ms/step - accuracy: 0.6577 - loss: 0.3653 - val_accuracy: 0.3456 - val_loss: 0.4221 - val_sens_fpr0.005: 0.1128
Epoch 32/400
71/71 - 5s - 67ms/step - accuracy: 0.6589 - loss: 0.3650 - val_accuracy: 0.3195 - val_loss: 0.4239 - val_sens_fpr0.005: 0.1173
Epoch 33/400
71/71 - 5s - 67ms/step - accuracy: 0.6624 - loss: 0.3647 - val_accuracy: 0.3285 - val_loss: 0.4232 - val_sens_fpr0.005: 0.1204
Epoch 34/400
71/71 - 5s - 67ms/step - accuracy: 0.6625 - loss: 0.3643 - val_accuracy: 0.3437 - val_loss: 0.4231 - val_sens_fpr0.005: 0.1137
Epoch 35/400
71/71 - 5s - 67ms/step - accuracy: 0.6656 - loss: 0.3641 - val_accuracy: 0.3393 - val_loss: 0.4225 - val_sens_fpr0.005: 0.1204
Epoch 36/400
71/71 - 5s - 67ms/step - accuracy: 0.6644 - loss: 0.3639 - val_accuracy: 0.3253 - val_loss: 0.4230 - val_sens_fpr0.005: 0.1237
Epoch 37/400
71/71 - 5s - 67ms/step - accuracy: 0.6672 - loss: 0.3635 - val_accuracy: 0.3030 - val_loss: 0.4244 - val_sens_fpr0.005: 0.1274
Epoch 38/400
71/71 - 5s - 66ms/step - accuracy: 0.6691 - loss: 0.3634 - val_accuracy: 0.3183 - val_loss: 0.4232 - val_sens_fpr0.005: 0.1271
Epoch 39/400
71/71 - 5s - 66ms/step - accuracy: 0.6678 - loss: 0.3631 - val_accuracy: 0.3062 - val_loss: 0.4234 - val_sens_fpr0.005: 0.1204
Epoch 40/400
71/71 - 5s - 67ms/step - accuracy: 0.6713 - loss: 0.3629 - val_accuracy: 0.3119 - val_loss: 0.4236 - val_sens_fpr0.005: 0.1240
Epoch 41/400
71/71 - 5s - 67ms/step - accuracy: 0.6730 - loss: 0.3627 - val_accuracy: 0.3151 - val_loss: 0.4227 - val_sens_fpr0.005: 0.1295
Epoch 42/400
71/71 - 5s - 67ms/step - accuracy: 0.6719 - loss: 0.3625 - val_accuracy: 0.2864 - val_loss: 0.4252 - val_sens_fpr0.005: 0.1338
Epoch 43/400
71/71 - 5s - 67ms/step - accuracy: 0.6748 - loss: 0.3622 - val_accuracy: 0.3176 - val_loss: 0.4227 - val_sens_fpr0.005: 0.1316
Epoch 44/400
71/71 - 5s - 67ms/step - accuracy: 0.6763 - loss: 0.3621 - val_accuracy: 0.3278 - val_loss: 0.4221 - val_sens_fpr0.005: 0.1295
Epoch 45/400
71/71 - 5s - 67ms/step - accuracy: 0.6766 - loss: 0.3619 - val_accuracy: 0.2941 - val_loss: 0.4245 - val_sens_fpr0.005: 0.1295
Epoch 46/400
71/71 - 5s - 67ms/step - accuracy: 0.6769 - loss: 0.3617 - val_accuracy: 0.3246 - val_loss: 0.4211 - val_sens_fpr0.005: 0.1371
Epoch 47/400
71/71 - 5s - 67ms/step - accuracy: 0.6786 - loss: 0.3614 - val_accuracy: 0.3399 - val_loss: 0.4209 - val_sens_fpr0.005: 0.1316
Epoch 48/400
71/71 - 5s - 67ms/step - accuracy: 0.6790 - loss: 0.3613 - val_accuracy: 0.3195 - val_loss: 0.4219 - val_sens_fpr0.005: 0.1340
Epoch 49/400
71/71 - 5s - 67ms/step - accuracy: 0.6814 - loss: 0.3610 - val_accuracy: 0.3113 - val_loss: 0.4228 - val_sens_fpr0.005: 0.1338
Epoch 50/400
71/71 - 5s - 67ms/step - accuracy: 0.6804 - loss: 0.3609 - val_accuracy: 0.2928 - val_loss: 0.4238 - val_sens_fpr0.005: 0.1328
Epoch 51/400
71/71 - 5s - 67ms/step - accuracy: 0.6829 - loss: 0.3608 - val_accuracy: 0.3062 - val_loss: 0.4222 - val_sens_fpr0.005: 0.1362
Epoch 52/400
71/71 - 5s - 67ms/step - accuracy: 0.6831 - loss: 0.3605 - val_accuracy: 0.3157 - val_loss: 0.4225 - val_sens_fpr0.005: 0.1395
Epoch 53/400
71/71 - 5s - 68ms/step - accuracy: 0.6833 - loss: 0.3603 - val_accuracy: 0.3380 - val_loss: 0.4203 - val_sens_fpr0.005: 0.1310
Epoch 54/400
71/71 - 5s - 66ms/step - accuracy: 0.6840 - loss: 0.3602 - val_accuracy: 0.3176 - val_loss: 0.4225 - val_sens_fpr0.005: 0.1374
Epoch 55/400
71/71 - 5s - 67ms/step - accuracy: 0.6860 - loss: 0.3601 - val_accuracy: 0.3176 - val_loss: 0.4214 - val_sens_fpr0.005: 0.1395
Epoch 56/400
71/71 - 5s - 67ms/step - accuracy: 0.6862 - loss: 0.3600 - val_accuracy: 0.3386 - val_loss: 0.4201 - val_sens_fpr0.005: 0.1374
Epoch 57/400
71/71 - 5s - 67ms/step - accuracy: 0.6868 - loss: 0.3598 - val_accuracy: 0.3132 - val_loss: 0.4225 - val_sens_fpr0.005: 0.1417
Epoch 58/400
71/71 - 5s - 67ms/step - accuracy: 0.6882 - loss: 0.3595 - val_accuracy: 0.3418 - val_loss: 0.4195 - val_sens_fpr0.005: 0.1508
Epoch 59/400
71/71 - 5s - 67ms/step - accuracy: 0.6898 - loss: 0.3594 - val_accuracy: 0.3304 - val_loss: 0.4206 - val_sens_fpr0.005: 0.1450
Epoch 60/400
71/71 - 5s - 67ms/step - accuracy: 0.6907 - loss: 0.3593 - val_accuracy: 0.3246 - val_loss: 0.4209 - val_sens_fpr0.005: 0.1438
Epoch 61/400
71/71 - 5s - 66ms/step - accuracy: 0.6923 - loss: 0.3592 - val_accuracy: 0.3151 - val_loss: 0.4221 - val_sens_fpr0.005: 0.1472
Epoch 62/400
71/71 - 5s - 68ms/step - accuracy: 0.6912 - loss: 0.3590 - val_accuracy: 0.3316 - val_loss: 0.4207 - val_sens_fpr0.005: 0.1505
Epoch 63/400
71/71 - 5s - 67ms/step - accuracy: 0.6917 - loss: 0.3588 - val_accuracy: 0.3253 - val_loss: 0.4210 - val_sens_fpr0.005: 0.1472
Epoch 64/400
71/71 - 5s - 67ms/step - accuracy: 0.6929 - loss: 0.3586 - val_accuracy: 0.3125 - val_loss: 0.4221 - val_sens_fpr0.005: 0.1472
Epoch 65/400
71/71 - 5s - 67ms/step - accuracy: 0.6935 - loss: 0.3585 - val_accuracy: 0.3170 - val_loss: 0.4218 - val_sens_fpr0.005: 0.1496
Epoch 66/400
71/71 - 5s - 67ms/step - accuracy: 0.6942 - loss: 0.3584 - val_accuracy: 0.3304 - val_loss: 0.4201 - val_sens_fpr0.005: 0.1505
Epoch 67/400
71/71 - 5s - 67ms/step - accuracy: 0.6960 - loss: 0.3582 - val_accuracy: 0.3234 - val_loss: 0.4200 - val_sens_fpr0.005: 0.1517
Epoch 68/400
71/71 - 5s - 67ms/step - accuracy: 0.6967 - loss: 0.3581 - val_accuracy: 0.3030 - val_loss: 0.4230 - val_sens_fpr0.005: 0.1517
Epoch 69/400
71/71 - 5s - 68ms/step - accuracy: 0.6984 - loss: 0.3580 - val_accuracy: 0.3151 - val_loss: 0.4224 - val_sens_fpr0.005: 0.1505
Epoch 70/400
71/71 - 5s - 66ms/step - accuracy: 0.6969 - loss: 0.3580 - val_accuracy: 0.3043 - val_loss: 0.4223 - val_sens_fpr0.005: 0.1472
Epoch 71/400
71/71 - 5s - 67ms/step - accuracy: 0.6985 - loss: 0.3577 - val_accuracy: 0.3062 - val_loss: 0.4220 - val_sens_fpr0.005: 0.1472
Epoch 72/400
71/71 - 5s - 67ms/step - accuracy: 0.6996 - loss: 0.3576 - val_accuracy: 0.3062 - val_loss: 0.4222 - val_sens_fpr0.005: 0.1496
Epoch 73/400
71/71 - 5s - 67ms/step - accuracy: 0.6997 - loss: 0.3575 - val_accuracy: 0.3094 - val_loss: 0.4218 - val_sens_fpr0.005: 0.1551
Epoch 74/400
71/71 - 5s - 67ms/step - accuracy: 0.7007 - loss: 0.3573 - val_accuracy: 0.2992 - val_loss: 0.4231 - val_sens_fpr0.005: 0.1520
Epoch 75/400
71/71 - 5s - 67ms/step - accuracy: 0.7003 - loss: 0.3573 - val_accuracy: 0.3431 - val_loss: 0.4196 - val_sens_fpr0.005: 0.1572
Epoch 76/400
71/71 - 5s - 67ms/step - accuracy: 0.7010 - loss: 0.3571 - val_accuracy: 0.3176 - val_loss: 0.4209 - val_sens_fpr0.005: 0.1538
Epoch 77/400
71/71 - 5s - 66ms/step - accuracy: 0.7018 - loss: 0.3570 - val_accuracy: 0.2591 - val_loss: 0.4264 - val_sens_fpr0.005: 0.1605
Epoch 78/400
71/71 - 5s - 67ms/step - accuracy: 0.7019 - loss: 0.3569 - val_accuracy: 0.3100 - val_loss: 0.4225 - val_sens_fpr0.005: 0.1584
Epoch 79/400
71/71 - 5s - 67ms/step - accuracy: 0.7043 - loss: 0.3568 - val_accuracy: 0.3055 - val_loss: 0.4228 - val_sens_fpr0.005: 0.1605
Epoch 80/400
71/71 - 5s - 67ms/step - accuracy: 0.7045 - loss: 0.3566 - val_accuracy: 0.3094 - val_loss: 0.4217 - val_sens_fpr0.005: 0.1517
Epoch 81/400
71/71 - 5s - 67ms/step - accuracy: 0.7060 - loss: 0.3565 - val_accuracy: 0.3068 - val_loss: 0.4221 - val_sens_fpr0.005: 0.1605
Epoch 82/400
71/71 - 5s - 66ms/step - accuracy: 0.7055 - loss: 0.3564 - val_accuracy: 0.2884 - val_loss: 0.4236 - val_sens_fpr0.005: 0.1517
Epoch 83/400
71/71 - 5s - 67ms/step - accuracy: 0.7073 - loss: 0.3563 - val_accuracy: 0.2960 - val_loss: 0.4235 - val_sens_fpr0.005: 0.1496
Epoch 84/400
71/71 - 5s - 67ms/step - accuracy: 0.7067 - loss: 0.3562 - val_accuracy: 0.3030 - val_loss: 0.4230 - val_sens_fpr0.005: 0.1484
Epoch 85/400
71/71 - 5s - 67ms/step - accuracy: 0.7075 - loss: 0.3561 - val_accuracy: 0.2909 - val_loss: 0.4235 - val_sens_fpr0.005: 0.1417
Epoch 86/400
71/71 - 5s - 67ms/step - accuracy: 0.7079 - loss: 0.3560 - val_accuracy: 0.2743 - val_loss: 0.4251 - val_sens_fpr0.005: 0.1484
Epoch 87/400
71/71 - 5s - 66ms/step - accuracy: 0.7094 - loss: 0.3559 - val_accuracy: 0.2928 - val_loss: 0.4242 - val_sens_fpr0.005: 0.1551
Epoch 88/400
71/71 - 5s - 67ms/step - accuracy: 0.7080 - loss: 0.3558 - val_accuracy: 0.2852 - val_loss: 0.4243 - val_sens_fpr0.005: 0.1496
Epoch 89/400
71/71 - 5s - 67ms/step - accuracy: 0.7107 - loss: 0.3557 - val_accuracy: 0.2699 - val_loss: 0.4259 - val_sens_fpr0.005: 0.1517
Epoch 90/400
71/71 - 5s - 67ms/step - accuracy: 0.7101 - loss: 0.3556 - val_accuracy: 0.2763 - val_loss: 0.4259 - val_sens_fpr0.005: 0.1538
Epoch 91/400
71/71 - 5s - 67ms/step - accuracy: 0.7119 - loss: 0.3554 - val_accuracy: 0.2775 - val_loss: 0.4255 - val_sens_fpr0.005: 0.1505
Epoch 92/400
71/71 - 5s - 66ms/step - accuracy: 0.7120 - loss: 0.3553 - val_accuracy: 0.3017 - val_loss: 0.4223 - val_sens_fpr0.005: 0.1438
Epoch 93/400
71/71 - 5s - 67ms/step - accuracy: 0.7137 - loss: 0.3552 - val_accuracy: 0.2985 - val_loss: 0.4233 - val_sens_fpr0.005: 0.1429
Epoch 94/400
71/71 - 5s - 66ms/step - accuracy: 0.7143 - loss: 0.3551 - val_accuracy: 0.2903 - val_loss: 0.4239 - val_sens_fpr0.005: 0.1484
Epoch 95/400
71/71 - 5s - 67ms/step - accuracy: 0.7145 - loss: 0.3550 - val_accuracy: 0.3068 - val_loss: 0.4228 - val_sens_fpr0.005: 0.1505
Epoch 96/400
71/71 - 5s - 68ms/step - accuracy: 0.7149 - loss: 0.3549 - val_accuracy: 0.2877 - val_loss: 0.4238 - val_sens_fpr0.005: 0.1405
Epoch 97/400
71/71 - 5s - 67ms/step - accuracy: 0.7152 - loss: 0.3549 - val_accuracy: 0.3157 - val_loss: 0.4218 - val_sens_fpr0.005: 0.1417
Epoch 98/400
71/71 - 5s - 67ms/step - accuracy: 0.7162 - loss: 0.3547 - val_accuracy: 0.2813 - val_loss: 0.4254 - val_sens_fpr0.005: 0.1405
Epoch 99/400
71/71 - 5s - 66ms/step - accuracy: 0.7165 - loss: 0.3546 - val_accuracy: 0.2629 - val_loss: 0.4276 - val_sens_fpr0.005: 0.1362
Epoch 100/400
71/71 - 5s - 66ms/step - accuracy: 0.7167 - loss: 0.3546 - val_accuracy: 0.2813 - val_loss: 0.4248 - val_sens_fpr0.005: 0.1472
Epoch 101/400
71/71 - 5s - 67ms/step - accuracy: 0.7175 - loss: 0.3545 - val_accuracy: 0.2807 - val_loss: 0.4244 - val_sens_fpr0.005: 0.1353
Epoch 102/400
71/71 - 5s - 67ms/step - accuracy: 0.7183 - loss: 0.3543 - val_accuracy: 0.2743 - val_loss: 0.4257 - val_sens_fpr0.005: 0.1407
Epoch 103/400
71/71 - 5s - 66ms/step - accuracy: 0.7194 - loss: 0.3543 - val_accuracy: 0.3291 - val_loss: 0.4205 - val_sens_fpr0.005: 0.1405
Epoch 104/400
71/71 - 5s - 67ms/step - accuracy: 0.7200 - loss: 0.3542 - val_accuracy: 0.2686 - val_loss: 0.4261 - val_sens_fpr0.005: 0.1298
Epoch 105/400
71/71 - 5s - 67ms/step - accuracy: 0.7200 - loss: 0.3541 - val_accuracy: 0.2718 - val_loss: 0.4259 - val_sens_fpr0.005: 0.1472
Epoch 106/400
71/71 - 5s - 67ms/step - accuracy: 0.7206 - loss: 0.3540 - val_accuracy: 0.2864 - val_loss: 0.4251 - val_sens_fpr0.005: 0.1429
Epoch 107/400
71/71 - 5s - 67ms/step - accuracy: 0.7194 - loss: 0.3539 - val_accuracy: 0.3004 - val_loss: 0.4239 - val_sens_fpr0.005: 0.1419
Epoch 108/400
71/71 - 5s - 67ms/step - accuracy: 0.7213 - loss: 0.3538 - val_accuracy: 0.2858 - val_loss: 0.4243 - val_sens_fpr0.005: 0.1350
  RestoreBestSens: epoch 2 — smoothed val_sens_fpr0.005 (window 5)
[11/11] Luke - Various Opportunistic Recordings/2025-08-27/48: 108 epochs (best 2), val_loss 0.4195, 72224/1571 frames train/val, sens@fpr0.5%=0.244

[trunk_ft_restore_sens] sens@fpr0.5% per deployment: 0.298
  mean over 11/11 held-out fold(s), each tuned to 0.5% FPR on its own audio (~22 negative frames set each threshold)
  threshold: mean -0.357 — what each fold's own audio set, not one number to ship
    JamesU - MustardBumbler/1_29: threshold -0.820, sensitivity 0.506 (~24 negative frames)
    Lily - Fit+Fast/2023_R3_Marysville/53: threshold -0.583, sensitivity 0.475 (~18 negative frames)
    Lily Adam - One Hive/recorders/willard/2024-08-07/1_11: threshold -1.108, sensitivity 0.308 (~22 negative frames)
    Lily Adam - One Hive/recorders/wooster/2024-07-26/1_143: threshold -0.610, sensitivity 0.358 (~22 negative frames)
    Luke - Diel Drivers/2026-04-08/1_150: threshold -1.140, sensitivity 0.171 (~24 negative frames)
    Luke - Diel Drivers/2026-05-06/1_95: threshold 0.740, sensitivity 0.048 (~30 negative frames)
    Luke - Various Opportunistic Recordings/2025-06-23/1_23: threshold 0.202, sensitivity 0.383 (~1 negative frames)
    Luke - Various Opportunistic Recordings/2025-07-03/1_37: threshold -0.797, sensitivity 0.326 (~22 negative frames)
    Luke - Various Opportunistic Recordings/2025-08-05/31: threshold 1.926, sensitivity 0.171 (~2 negative frames)
    Luke - Various Opportunistic Recordings/2025-08-12/1_114: threshold -0.365, sensitivity 0.283 (~17 negative frames)
    Luke - Various Opportunistic Recordings/2025-08-27/48: threshold -1.368, sensitivity 0.244 (~6 negative frames)
  an oracle: each threshold is placed using that fold's labels, so read this as the ceiling on operator tuning
  per-fold spread understates uncertainty about a new deployment (training pools overlap heavily)

2026-09-04 19:04:26.892953: W external/local_tsl/tsl/framework/cpu_allocator_impl.cc:83] Allocation of 1813585920 exceeds 10% of free system memory.
2026-09-04 19:04:37.758937: W external/local_tsl/tsl/framework/bfc_allocator.cc:487] Allocator (GPU_0_bfc) ran out of memory trying to allocate 1.69GiB (rounded to 1813585920)requested by op _EagerConst
If the cause is memory fragmentation maybe the environment variable 'TF_GPU_ALLOCATOR=cuda_malloc_async' will improve the situation. 
Current allocation summary follows.
Current allocation summary follows.
2026-09-04 19:04:37.759035: I external/local_tsl/tsl/framework/bfc_allocator.cc:1044] BFCAllocator dump for GPU_0_bfc
2026-09-04 19:04:37.759048: I external/local_tsl/tsl/framework/bfc_allocator.cc:1051] Bin (256): 	Total Chunks: 183, Chunks in use: 177. 45.8KiB allocated for chunks. 44.2KiB in use in bin. 3.2KiB client-requested in use in bin.
2026-09-04 19:04:37.759057: I external/local_tsl/tsl/framework/bfc_allocator.cc:1051] Bin (512): 	Total Chunks: 13, Chunks in use: 12. 6.8KiB allocated for chunks. 6.2KiB in use in bin. 6.0KiB client-requested in use in bin.
2026-09-04 19:04:37.759066: I external/local_tsl/tsl/framework/bfc_allocator.cc:1051] Bin (1024): 	Total Chunks: 15, Chunks in use: 15. 16.0KiB allocated for chunks. 16.0KiB in use in bin. 15.3KiB client-requested in use in bin.
2026-09-04 19:04:37.759075: I external/local_tsl/tsl/framework/bfc_allocator.cc:1051] Bin (2048): 	Total Chunks: 38, Chunks in use: 37. 79.8KiB allocated for chunks. 77.5KiB in use in bin. 74.2KiB client-requested in use in bin.
2026-09-04 19:04:37.759083: I external/local_tsl/tsl/framework/bfc_allocator.cc:1051] Bin (4096): 	Total Chunks: 12, Chunks in use: 11. 53.8KiB allocated for chunks. 49.8KiB in use in bin. 45.0KiB client-requested in use in bin.
2026-09-04 19:04:37.759092: I external/local_tsl/tsl/framework/bfc_allocator.cc:1051] Bin (8192): 	Total Chunks: 4, Chunks in use: 3. 41.0KiB allocated for chunks. 29.0KiB in use in bin. 26.0KiB client-requested in use in bin.
2026-09-04 19:04:37.759101: I external/local_tsl/tsl/framework/bfc_allocator.cc:1051] Bin (16384): 	Total Chunks: 8, Chunks in use: 8. 149.0KiB allocated for chunks. 149.0KiB in use in bin. 144.0KiB client-requested in use in bin.
2026-09-04 19:04:37.759110: I external/local_tsl/tsl/framework/bfc_allocator.cc:1051] Bin (32768): 	Total Chunks: 4, Chunks in use: 4. 158.0KiB allocated for chunks. 158.0KiB in use in bin. 140.0KiB client-requested in use in bin.
2026-09-04 19:04:37.759118: I external/local_tsl/tsl/framework/bfc_allocator.cc:1051] Bin (65536): 	Total Chunks: 7, Chunks in use: 5. 563.2KiB allocated for chunks. 374.5KiB in use in bin. 372.3KiB client-requested in use in bin.
2026-09-04 19:04:37.759127: I external/local_tsl/tsl/framework/bfc_allocator.cc:1051] Bin (131072): 	Total Chunks: 2, Chunks in use: 1. 338.0KiB allocated for chunks. 128.0KiB in use in bin. 128.0KiB client-requested in use in bin.
2026-09-04 19:04:37.759136: I external/local_tsl/tsl/framework/bfc_allocator.cc:1051] Bin (262144): 	Total Chunks: 1, Chunks in use: 1. 256.0KiB allocated for chunks. 256.0KiB in use in bin. 256.0KiB client-requested in use in bin.
2026-09-04 19:04:37.759145: I external/local_tsl/tsl/framework/bfc_allocator.cc:1051] Bin (524288): 	Total Chunks: 2, Chunks in use: 1. 1.25MiB allocated for chunks. 512.0KiB in use in bin. 512.0KiB client-requested in use in bin.
2026-09-04 19:04:37.759153: I external/local_tsl/tsl/framework/bfc_allocator.cc:1051] Bin (1048576): 	Total Chunks: 5, Chunks in use: 5. 5.50MiB allocated for chunks. 5.50MiB in use in bin. 5.00MiB client-requested in use in bin.
2026-09-04 19:04:37.759161: I external/local_tsl/tsl/framework/bfc_allocator.cc:1051] Bin (2097152): 	Total Chunks: 3, Chunks in use: 3. 6.00MiB allocated for chunks. 6.00MiB in use in bin. 6.00MiB client-requested in use in bin.
2026-09-04 19:04:37.759170: I external/local_tsl/tsl/framework/bfc_allocator.cc:1051] Bin (4194304): 	Total Chunks: 5, Chunks in use: 4. 23.68MiB allocated for chunks. 16.68MiB in use in bin. 16.68MiB client-requested in use in bin.
2026-09-04 19:04:37.759178: I external/local_tsl/tsl/framework/bfc_allocator.cc:1051] Bin (8388608): 	Total Chunks: 0, Chunks in use: 0. 0B allocated for chunks. 0B in use in bin. 0B client-requested in use in bin.
2026-09-04 19:04:37.759187: I external/local_tsl/tsl/framework/bfc_allocator.cc:1051] Bin (16777216): 	Total Chunks: 0, Chunks in use: 0. 0B allocated for chunks. 0B in use in bin. 0B client-requested in use in bin.
2026-09-04 19:04:37.759200: I external/local_tsl/tsl/framework/bfc_allocator.cc:1051] Bin (33554432): 	Total Chunks: 1, Chunks in use: 1. 36.82MiB allocated for chunks. 36.82MiB in use in bin. 36.82MiB client-requested in use in bin.
2026-09-04 19:04:37.759208: I external/local_tsl/tsl/framework/bfc_allocator.cc:1051] Bin (67108864): 	Total Chunks: 0, Chunks in use: 0. 0B allocated for chunks. 0B in use in bin. 0B client-requested in use in bin.
2026-09-04 19:04:37.759215: I external/local_tsl/tsl/framework/bfc_allocator.cc:1051] Bin (134217728): 	Total Chunks: 0, Chunks in use: 0. 0B allocated for chunks. 0B in use in bin. 0B client-requested in use in bin.
2026-09-04 19:04:37.759223: I external/local_tsl/tsl/framework/bfc_allocator.cc:1051] Bin (268435456): 	Total Chunks: 3, Chunks in use: 1. 2.19GiB allocated for chunks. 1.65GiB in use in bin. 1.65GiB client-requested in use in bin.
2026-09-04 19:04:37.759231: I external/local_tsl/tsl/framework/bfc_allocator.cc:1067] Bin for 1.69GiB was 256.00MiB, Chunk State: 
2026-09-04 19:04:37.759243: I external/local_tsl/tsl/framework/bfc_allocator.cc:1073]   Size: 272.14MiB | Requested Size: 840.0KiB | in_use: 0 | bin_num: 20, prev:   Size: 4.00MiB | Requested Size: 4.00MiB | in_use: 1 | bin_num: -1, next:   Size: 2.00MiB | Requested Size: 2.00MiB | in_use: 1 | bin_num: -1
2026-09-04 19:04:37.759254: I external/local_tsl/tsl/framework/bfc_allocator.cc:1073]   Size: 282.19MiB | Requested Size: 24.00MiB | in_use: 0 | bin_num: 20, prev:   Size: 4.00MiB | Requested Size: 4.00MiB | in_use: 1 | bin_num: -1
2026-09-04 19:04:37.759261: I external/local_tsl/tsl/framework/bfc_allocator.cc:1080] Next region of size 2434793472
2026-09-04 19:04:37.759269: I external/local_tsl/tsl/framework/bfc_allocator.cc:1100] InUse at 754898000000 of size 1774977024 next 1
2026-09-04 19:04:37.759276: I external/local_tsl/tsl/framework/bfc_allocator.cc:1100] InUse at 754901cc0000 of size 1280 next 2
2026-09-04 19:04:37.759282: I external/local_tsl/tsl/framework/bfc_allocator.cc:1100] InUse at 754901cc0500 of size 4911360 next 3
2026-09-04 19:04:37.759289: I external/local_tsl/tsl/framework/bfc_allocator.cc:1100] InUse at 75490216f600 of size 256 next 4
2026-09-04 19:04:37.759295: I external/local_tsl/tsl/framework/bfc_allocator.cc:1100] InUse at 75490216f700 of size 256 next 5
2026-09-04 19:04:37.759301: I external/local_tsl/tsl/framework/bfc_allocator.cc:1100] InUse at 75490216f800 of size 256 next 6
2026-09-04 19:04:37.759306: I external/local_tsl/tsl/framework/bfc_allocator.cc:1100] InUse at 75490216f900 of size 256 next 7
2026-09-04 19:04:37.759312: I external/local_tsl/tsl/framework/bfc_allocator.cc:1100] InUse at 75490216fa00 of size 256 next 8
2026-09-04 19:04:37.759317: I external/local_tsl/tsl/framework/bfc_allocator.cc:1100] InUse at 75490216fb00 of size 38608896 next 9
2026-09-04 19:04:37.759324: I external/local_tsl/tsl/framework/bfc_allocator.cc:1100] InUse at 754904641b00 of size 107008 next 10
2026-09-04 19:04:37.759331: I external/local_tsl/tsl/framework/bfc_allocator.cc:1100] InUse at 75490465bd00 of size 256 next 11
2026-09-04 19:04:37.759336: I external/local_tsl/tsl/framework/bfc_allocator.cc:1100] InUse at 75490465be00 of size 256 next 12
2026-09-04 19:04:37.759342: I external/local_tsl/tsl/framework/bfc_allocator.cc:1100] InUse at 75490465bf00 of size 256 next 13
2026-09-04 19:04:37.759347: I external/local_tsl/tsl/framework/bfc_allocator.cc:1100] InUse at 75490465c000 of size 256 next 14
2026-09-04 19:04:37.759353: I external/local_tsl/tsl/framework/bfc_allocator.cc:1100] InUse at 75490465c100 of size 256 next 16
2026-09-04 19:04:37.759358: I external/local_tsl/tsl/framework/bfc_allocator.cc:1100] InUse at 75490465c200 of size 256 next 17
2026-09-04 19:04:37.759363: I external/local_tsl/tsl/framework/bfc_allocator.cc:1100] InUse at 75490465c300 of size 256 next 15
2026-09-04 19:04:37.759369: I external/local_tsl/tsl/framework/bfc_allocator.cc:1100] InUse at 75490465c400 of size 256 next 18
2026-09-04 19:04:37.759374: I external/local_tsl/tsl/framework/bfc_allocator.cc:1100] InUse at 75490465c500 of size 256 next 30
2026-09-04 19:04:37.759383: I external/local_tsl/tsl/framework/bfc_allocator.cc:1100] InUse at 75490465c600 of size 256 next 28
2026-09-04 19:04:37.759389: I external/local_tsl/tsl/framework/bfc_allocator.cc:1100] InUse at 75490465c700 of size 256 next 29
2026-09-04 19:04:37.759395: I external/local_tsl/tsl/framework/bfc_allocator.cc:1100] InUse at 75490465c800 of size 256 next 33
2026-09-04 19:04:37.759400: I external/local_tsl/tsl/framework/bfc_allocator.cc:1100] InUse at 75490465c900 of size 256 next 34
2026-09-04 19:04:37.759406: I external/local_tsl/tsl/framework/bfc_allocator.cc:1100] InUse at 75490465ca00 of size 256 next 37
2026-09-04 19:04:37.759411: I external/local_tsl/tsl/framework/bfc_allocator.cc:1100] InUse at 75490465cb00 of size 256 next 35
2026-09-04 19:04:37.759417: I external/local_tsl/tsl/framework/bfc_allocator.cc:1100] InUse at 75490465cc00 of size 256 next 36
2026-09-04 19:04:37.759422: I external/local_tsl/tsl/framework/bfc_allocator.cc:1100] InUse at 75490465cd00 of size 256 next 19
2026-09-04 19:04:37.759428: I external/local_tsl/tsl/framework/bfc_allocator.cc:1100] InUse at 75490465ce00 of size 256 next 161
2026-09-04 19:04:37.759434: I external/local_tsl/tsl/framework/bfc_allocator.cc:1100] InUse at 75490465cf00 of size 256 next 20
2026-09-04 19:04:37.759440: I external/local_tsl/tsl/framework/bfc_allocator.cc:1100] InUse at 75490465d000 of size 256 next 22
2026-09-04 19:04:37.759445: I external/local_tsl/tsl/framework/bfc_allocator.cc:1100] InUse at 75490465d100 of size 256 next 23
2026-09-04 19:04:37.759451: I external/local_tsl/tsl/framework/bfc_allocator.cc:1100] InUse at 75490465d200 of size 256 next 25
2026-09-04 19:04:37.759456: I external/local_tsl/tsl/framework/bfc_allocator.cc:1100] InUse at 75490465d300 of size 768 next 21
2026-09-04 19:04:37.759462: I external/local_tsl/tsl/framework/bfc_allocator.cc:1100] InUse at 75490465d600 of size 256 next 24
2026-09-04 19:04:37.759468: I external/local_tsl/tsl/framework/bfc_allocator.cc:1100] InUse at 75490465d700 of size 256 next 27
2026-09-04 19:04:37.759473: I external/local_tsl/tsl/framework/bfc_allocator.cc:1100] InUse at 75490465d800 of size 512 next 26
2026-09-04 19:04:37.759479: I external/local_tsl/tsl/framework/bfc_allocator.cc:1100] InUse at 75490465da00 of size 512 next 40
2026-09-04 19:04:37.759485: I external/local_tsl/tsl/framework/bfc_allocator.cc:1100] InUse at 75490465dc00 of size 512 next 43
2026-09-04 19:04:37.759490: I external/local_tsl/tsl/framework/bfc_allocator.cc:1100] InUse at 75490465de00 of size 512 next 38
2026-09-04 19:04:37.759496: I external/local_tsl/tsl/framework/bfc_allocator.cc:1100] InUse at 75490465e000 of size 512 next 52
2026-09-04 19:04:37.759501: I external/local_tsl/tsl/framework/bfc_allocator.cc:1100] InUse at 75490465e200 of size 512 next 41
2026-09-04 19:04:37.759507: I external/local_tsl/tsl/framework/bfc_allocator.cc:1100] InUse at 75490465e400 of size 256 next 42
2026-09-04 19:04:37.759512: I external/local_tsl/tsl/framework/bfc_allocator.cc:1100] InUse at 75490465e500 of size 256 next 46
2026-09-04 19:04:37.759518: I external/local_tsl/tsl/framework/bfc_allocator.cc:1100] InUse at 75490465e600 of size 512 next 47
2026-09-04 19:04:37.759523: I external/local_tsl/tsl/framework/bfc_allocator.cc:1100] InUse at 75490465e800 of size 512 next 50
2026-09-04 19:04:37.759529: I external/local_tsl/tsl/framework/bfc_allocator.cc:1100] InUse at 75490465ea00 of size 512 next 48
2026-09-04 19:04:37.759534: I external/local_tsl/tsl/framework/bfc_allocator.cc:1100] InUse at 75490465ec00 of size 256 next 49
2026-09-04 19:04:37.759540: I external/local_tsl/tsl/framework/bfc_allocator.cc:1100] InUse at 75490465ed00 of size 512 next 53
2026-09-04 19:04:37.759545: I external/local_tsl/tsl/framework/bfc_allocator.cc:1100] InUse at 75490465ef00 of size 256 next 39
2026-09-04 19:04:37.759551: I external/local_tsl/tsl/framework/bfc_allocator.cc:1100] InUse at 75490465f000 of size 1024 next 61
2026-09-04 19:04:37.759558: I external/local_tsl/tsl/framework/bfc_allocator.cc:1100] InUse at 75490465f400 of size 1024 next 68
2026-09-04 19:04:37.759568: I external/local_tsl/tsl/framework/bfc_allocator.cc:1100] InUse at 75490465f800 of size 2304 next 65
2026-09-04 19:04:37.759575: I external/local_tsl/tsl/framework/bfc_allocator.cc:1100] InUse at 754904660100 of size 256 next 66
2026-09-04 19:04:37.759580: I external/local_tsl/tsl/framework/bfc_allocator.cc:1100] InUse at 754904660200 of size 256 next 69
2026-09-04 19:04:37.759586: I external/local_tsl/tsl/framework/bfc_allocator.cc:1100] InUse at 754904660300 of size 1024 next 70
2026-09-04 19:04:37.759592: I external/local_tsl/tsl/framework/bfc_allocator.cc:1100] InUse at 754904660700 of size 1024 next 73
2026-09-04 19:04:37.759599: I external/local_tsl/tsl/framework/bfc_allocator.cc:1100] InUse at 754904660b00 of size 1024 next 71
2026-09-04 19:04:37.759605: I external/local_tsl/tsl/framework/bfc_allocator.cc:1100] InUse at 754904660f00 of size 256 next 72
2026-09-04 19:04:37.759611: I external/local_tsl/tsl/framework/bfc_allocator.cc:1100] InUse at 754904661000 of size 256 next 76
2026-09-04 19:04:37.759616: I external/local_tsl/tsl/framework/bfc_allocator.cc:1100] InUse at 754904661100 of size 1024 next 77
2026-09-04 19:04:37.759623: I external/local_tsl/tsl/framework/bfc_allocator.cc:1100] InUse at 754904661500 of size 1024 next 80
2026-09-04 19:04:37.759629: I external/local_tsl/tsl/framework/bfc_allocator.cc:1100] InUse at 754904661900 of size 1280 next 32
2026-09-04 19:04:37.759636: I external/local_tsl/tsl/framework/bfc_allocator.cc:1100] InUse at 754904661e00 of size 2304 next 163
2026-09-04 19:04:37.759642: I external/local_tsl/tsl/framework/bfc_allocator.cc:1100] InUse at 754904662700 of size 5888 next 31
2026-09-04 19:04:37.759649: I external/local_tsl/tsl/framework/bfc_allocator.cc:1100] InUse at 754904663e00 of size 4608 next 51
2026-09-04 19:04:37.759656: I external/local_tsl/tsl/framework/bfc_allocator.cc:1100] InUse at 754904665000 of size 512 next 58
2026-09-04 19:04:37.759661: I external/local_tsl/tsl/framework/bfc_allocator.cc:1100] InUse at 754904665200 of size 1024 next 54
2026-09-04 19:04:37.759668: I external/local_tsl/tsl/framework/bfc_allocator.cc:1100] InUse at 754904665600 of size 256 next 60
2026-09-04 19:04:37.759673: I external/local_tsl/tsl/framework/bfc_allocator.cc:1100] InUse at 754904665700 of size 256 next 63
2026-09-04 19:04:37.759678: I external/local_tsl/tsl/framework/bfc_allocator.cc:1100] InUse at 754904665800 of size 1024 next 64
2026-09-04 19:04:37.759685: I external/local_tsl/tsl/framework/bfc_allocator.cc:1100] InUse at 754904665c00 of size 2048 next 85
2026-09-04 19:04:37.759692: I external/local_tsl/tsl/framework/bfc_allocator.cc:1100] InUse at 754904666400 of size 2048 next 62
2026-09-04 19:04:37.759698: I external/local_tsl/tsl/framework/bfc_allocator.cc:1100] InUse at 754904666c00 of size 2048 next 124
2026-09-04 19:04:37.759705: I external/local_tsl/tsl/framework/bfc_allocator.cc:1100] Free  at 754904667400 of size 2304 next 88
2026-09-04 19:04:37.759711: I external/local_tsl/tsl/framework/bfc_allocator.cc:1100] InUse at 754904667d00 of size 256 next 89
2026-09-04 19:04:37.759716: I external/local_tsl/tsl/framework/bfc_allocator.cc:1100] InUse at 754904667e00 of size 256 next 92
2026-09-04 19:04:37.759722: I external/local_tsl/tsl/framework/bfc_allocator.cc:1100] InUse at 754904667f00 of size 2048 next 93
2026-09-04 19:04:37.759728: I external/local_tsl/tsl/framework/bfc_allocator.cc:1100] InUse at 754904668700 of size 2048 next 96
2026-09-04 19:04:37.759734: I external/local_tsl/tsl/framework/bfc_allocator.cc:1100] InUse at 754904668f00 of size 2048 next 94
2026-09-04 19:04:37.759741: I external/local_tsl/tsl/framework/bfc_allocator.cc:1100] InUse at 754904669700 of size 256 next 95
2026-09-04 19:04:37.759746: I external/local_tsl/tsl/framework/bfc_allocator.cc:1100] InUse at 754904669800 of size 256 next 99
2026-09-04 19:04:37.759752: I external/local_tsl/tsl/framework/bfc_allocator.cc:1100] InUse at 754904669900 of size 2048 next 100
2026-09-04 19:04:37.759758: I external/local_tsl/tsl/framework/bfc_allocator.cc:1100] InUse at 75490466a100 of size 2048 next 103
2026-09-04 19:04:37.759768: I external/local_tsl/tsl/framework/bfc_allocator.cc:1100] InUse at 75490466a900 of size 2048 next 101
2026-09-04 19:04:37.759775: I external/local_tsl/tsl/framework/bfc_allocator.cc:1100] InUse at 75490466b100 of size 3072 next 75
2026-09-04 19:04:37.759782: I external/local_tsl/tsl/framework/bfc_allocator.cc:1100] InUse at 75490466bd00 of size 9216 next 74
2026-09-04 19:04:37.759788: I external/local_tsl/tsl/framework/bfc_allocator.cc:1100] InUse at 75490466e100 of size 1024 next 79
2026-09-04 19:04:37.759795: I external/local_tsl/tsl/framework/bfc_allocator.cc:1100] InUse at 75490466e500 of size 1024 next 83
2026-09-04 19:04:37.759801: I external/local_tsl/tsl/framework/bfc_allocator.cc:1100] InUse at 75490466e900 of size 256 next 159
2026-09-04 19:04:37.759808: I external/local_tsl/tsl/framework/bfc_allocator.cc:1100] InUse at 75490466ea00 of size 256 next 138
2026-09-04 19:04:37.759814: I external/local_tsl/tsl/framework/bfc_allocator.cc:1100] Free  at 75490466eb00 of size 256 next 133
2026-09-04 19:04:37.759820: I external/local_tsl/tsl/framework/bfc_allocator.cc:1100] InUse at 75490466ec00 of size 256 next 78
2026-09-04 19:04:37.759846: I external/local_tsl/tsl/framework/bfc_allocator.cc:1100] InUse at 75490466ed00 of size 256 next 84
2026-09-04 19:04:37.759852: I external/local_tsl/tsl/framework/bfc_allocator.cc:1100] InUse at 75490466ee00 of size 256 next 86
2026-09-04 19:04:37.759858: I external/local_tsl/tsl/framework/bfc_allocator.cc:1100] InUse at 75490466ef00 of size 2048 next 87
2026-09-04 19:04:37.759873: I external/local_tsl/tsl/framework/bfc_allocator.cc:1100] InUse at 75490466f700 of size 4096 next 146
2026-09-04 19:04:37.759880: I external/local_tsl/tsl/framework/bfc_allocator.cc:1100] InUse at 754904670700 of size 4096 next 160
2026-09-04 19:04:37.759886: I external/local_tsl/tsl/framework/bfc_allocator.cc:1100] InUse at 754904671700 of size 256 next 199
2026-09-04 19:04:37.759892: I external/local_tsl/tsl/framework/bfc_allocator.cc:1100] InUse at 754904671800 of size 256 next 178
2026-09-04 19:04:37.759899: I external/local_tsl/tsl/framework/bfc_allocator.cc:1100] InUse at 754904671900 of size 256 next 200
2026-09-04 19:04:37.759905: I external/local_tsl/tsl/framework/bfc_allocator.cc:1100] InUse at 754904671a00 of size 256 next 219
2026-09-04 19:04:37.759912: I external/local_tsl/tsl/framework/bfc_allocator.cc:1100] InUse at 754904671b00 of size 256 next 221
2026-09-04 19:04:37.759918: I external/local_tsl/tsl/framework/bfc_allocator.cc:1100] InUse at 754904671c00 of size 256 next 215
2026-09-04 19:04:37.759924: I external/local_tsl/tsl/framework/bfc_allocator.cc:1100] InUse at 754904671d00 of size 256 next 213
2026-09-04 19:04:37.759931: I external/local_tsl/tsl/framework/bfc_allocator.cc:1100] InUse at 754904671e00 of size 256 next 193
2026-09-04 19:04:37.759937: I external/local_tsl/tsl/framework/bfc_allocator.cc:1100] InUse at 754904671f00 of size 256 next 223
2026-09-04 19:04:37.759943: I external/local_tsl/tsl/framework/bfc_allocator.cc:1100] InUse at 754904672000 of size 256 next 205
2026-09-04 19:04:37.759950: I external/local_tsl/tsl/framework/bfc_allocator.cc:1100] InUse at 754904672100 of size 256 next 212
2026-09-04 19:04:37.759956: I external/local_tsl/tsl/framework/bfc_allocator.cc:1100] InUse at 754904672200 of size 256 next 216
2026-09-04 19:04:37.759963: I external/local_tsl/tsl/framework/bfc_allocator.cc:1100] InUse at 754904672300 of size 256 next 207
2026-09-04 19:04:37.759969: I external/local_tsl/tsl/framework/bfc_allocator.cc:1100] InUse at 754904672400 of size 256 next 202
2026-09-04 19:04:37.759976: I external/local_tsl/tsl/framework/bfc_allocator.cc:1100] InUse at 754904672500 of size 256 next 231
2026-09-04 19:04:37.759982: I external/local_tsl/tsl/framework/bfc_allocator.cc:1100] InUse at 754904672600 of size 256 next 211
2026-09-04 19:04:37.759988: I external/local_tsl/tsl/framework/bfc_allocator.cc:1100] InUse at 754904672700 of size 256 next 198
2026-09-04 19:04:37.759995: I external/local_tsl/tsl/framework/bfc_allocator.cc:1100] InUse at 754904672800 of size 256 next 220
2026-09-04 19:04:37.760005: I external/local_tsl/tsl/framework/bfc_allocator.cc:1100] InUse at 754904672900 of size 256 next 206
2026-09-04 19:04:37.760012: I external/local_tsl/tsl/framework/bfc_allocator.cc:1100] InUse at 754904672a00 of size 256 next 203
2026-09-04 19:04:37.760018: I external/local_tsl/tsl/framework/bfc_allocator.cc:1100] InUse at 754904672b00 of size 256 next 226
2026-09-04 19:04:37.760025: I external/local_tsl/tsl/framework/bfc_allocator.cc:1100] InUse at 754904672c00 of size 256 next 218
2026-09-04 19:04:37.760031: I external/local_tsl/tsl/framework/bfc_allocator.cc:1100] Free  at 754904672d00 of size 256 next 235
2026-09-04 19:04:37.760038: I external/local_tsl/tsl/framework/bfc_allocator.cc:1100] InUse at 754904672e00 of size 256 next 240
2026-09-04 19:04:37.760044: I external/local_tsl/tsl/framework/bfc_allocator.cc:1100] InUse at 754904672f00 of size 256 next 170
2026-09-04 19:04:37.760051: I external/local_tsl/tsl/framework/bfc_allocator.cc:1100] InUse at 754904673000 of size 256 next 209
2026-09-04 19:04:37.760057: I external/local_tsl/tsl/framework/bfc_allocator.cc:1100] InUse at 754904673100 of size 256 next 195
2026-09-04 19:04:37.760064: I external/local_tsl/tsl/framework/bfc_allocator.cc:1100] InUse at 754904673200 of size 256 next 208
2026-09-04 19:04:37.760070: I external/local_tsl/tsl/framework/bfc_allocator.cc:1100] Free  at 754904673300 of size 256 next 214
2026-09-04 19:04:37.760076: I external/local_tsl/tsl/framework/bfc_allocator.cc:1100] InUse at 754904673400 of size 256 next 201
2026-09-04 19:04:37.760083: I external/local_tsl/tsl/framework/bfc_allocator.cc:1100] Free  at 754904673500 of size 256 next 229
2026-09-04 19:04:37.760089: I external/local_tsl/tsl/framework/bfc_allocator.cc:1100] InUse at 754904673600 of size 256 next 173
2026-09-04 19:04:37.760095: I external/local_tsl/tsl/framework/bfc_allocator.cc:1100] InUse at 754904673700 of size 256 next 197
2026-09-04 19:04:37.760102: I external/local_tsl/tsl/framework/bfc_allocator.cc:1100] InUse at 754904673800 of size 256 next 225
2026-09-04 19:04:37.760108: I external/local_tsl/tsl/framework/bfc_allocator.cc:1100] InUse at 754904673900 of size 256 next 171
2026-09-04 19:04:37.760115: I external/local_tsl/tsl/framework/bfc_allocator.cc:1100] Free  at 754904673a00 of size 256 next 243
2026-09-04 19:04:37.760121: I external/local_tsl/tsl/framework/bfc_allocator.cc:1100] InUse at 754904673b00 of size 256 next 224
2026-09-04 19:04:37.760127: I external/local_tsl/tsl/framework/bfc_allocator.cc:1100] InUse at 754904673c00 of size 256 next 204
2026-09-04 19:04:37.760134: I external/local_tsl/tsl/framework/bfc_allocator.cc:1100] InUse at 754904673d00 of size 256 next 45
2026-09-04 19:04:37.760139: I external/local_tsl/tsl/framework/bfc_allocator.cc:1100] InUse at 754904673e00 of size 9216 next 55
2026-09-04 19:04:37.760146: I external/local_tsl/tsl/framework/bfc_allocator.cc:1100] InUse at 754904676200 of size 23552 next 44
2026-09-04 19:04:37.760152: I external/local_tsl/tsl/framework/bfc_allocator.cc:1100] InUse at 75490467be00 of size 2048 next 106
2026-09-04 19:04:37.760159: I external/local_tsl/tsl/framework/bfc_allocator.cc:1100] InUse at 75490467c600 of size 2048 next 107
2026-09-04 19:04:37.760165: I external/local_tsl/tsl/framework/bfc_allocator.cc:1100] InUse at 75490467ce00 of size 2048 next 102
2026-09-04 19:04:37.760171: I external/local_tsl/tsl/framework/bfc_allocator.cc:1100] InUse at 75490467d600 of size 2048 next 110
2026-09-04 19:04:37.760178: I external/local_tsl/tsl/framework/bfc_allocator.cc:1100] InUse at 75490467de00 of size 2048 next 111
2026-09-04 19:04:37.760184: I external/local_tsl/tsl/framework/bfc_allocator.cc:1100] InUse at 75490467e600 of size 256 next 151
2026-09-04 19:04:37.760190: I external/local_tsl/tsl/framework/bfc_allocator.cc:1100] InUse at 75490467e700 of size 256 next 154
2026-09-04 19:04:37.760197: I external/local_tsl/tsl/framework/bfc_allocator.cc:1100] InUse at 75490467e800 of size 4096 next 155
2026-09-04 19:04:37.760206: I external/local_tsl/tsl/framework/bfc_allocator.cc:1100] Free  at 75490467f800 of size 4096 next 158
2026-09-04 19:04:37.760213: I external/local_tsl/tsl/framework/bfc_allocator.cc:1100] InUse at 754904680800 of size 256 next 137
2026-09-04 19:04:37.760220: I external/local_tsl/tsl/framework/bfc_allocator.cc:1100] InUse at 754904680900 of size 256 next 139
2026-09-04 19:04:37.760226: I external/local_tsl/tsl/framework/bfc_allocator.cc:1100] InUse at 754904680a00 of size 256 next 177
2026-09-04 19:04:37.760232: I external/local_tsl/tsl/framework/bfc_allocator.cc:1100] InUse at 754904680b00 of size 256 next 167
2026-09-04 19:04:37.760238: I external/local_tsl/tsl/framework/bfc_allocator.cc:1100] InUse at 754904680c00 of size 256 next 168
2026-09-04 19:04:37.760245: I external/local_tsl/tsl/framework/bfc_allocator.cc:1100] InUse at 754904680d00 of size 256 next 210
2026-09-04 19:04:37.760251: I external/local_tsl/tsl/framework/bfc_allocator.cc:1100] InUse at 754904680e00 of size 256 next 196
2026-09-04 19:04:37.760257: I external/local_tsl/tsl/framework/bfc_allocator.cc:1100] InUse at 754904680f00 of size 256 next 172
2026-09-04 19:04:37.760264: I external/local_tsl/tsl/framework/bfc_allocator.cc:1100] InUse at 754904681000 of size 256 next 179
2026-09-04 19:04:37.760270: I external/local_tsl/tsl/framework/bfc_allocator.cc:1100] InUse at 754904681100 of size 256 next 181
2026-09-04 19:04:37.760276: I external/local_tsl/tsl/framework/bfc_allocator.cc:1100] InUse at 754904681200 of size 256 next 191
2026-09-04 19:04:37.760283: I external/local_tsl/tsl/framework/bfc_allocator.cc:1100] InUse at 754904681300 of size 256 next 192
2026-09-04 19:04:37.760289: I external/local_tsl/tsl/framework/bfc_allocator.cc:1100] InUse at 754904681400 of size 256 next 176
2026-09-04 19:04:37.760295: I external/local_tsl/tsl/framework/bfc_allocator.cc:1100] InUse at 754904681500 of size 256 next 194
2026-09-04 19:04:37.760302: I external/local_tsl/tsl/framework/bfc_allocator.cc:1100] InUse at 754904681600 of size 256 next 175
2026-09-04 19:04:37.760308: I external/local_tsl/tsl/framework/bfc_allocator.cc:1100] InUse at 754904681700 of size 256 next 156
2026-09-04 19:04:37.760315: I external/local_tsl/tsl/framework/bfc_allocator.cc:1100] InUse at 754904681800 of size 1280 next 157
2026-09-04 19:04:37.760321: I external/local_tsl/tsl/framework/bfc_allocator.cc:1100] InUse at 754904681d00 of size 1280 next 162
2026-09-04 19:04:37.760328: I external/local_tsl/tsl/framework/bfc_allocator.cc:1100] InUse at 754904682200 of size 11264 next 98
2026-09-04 19:04:37.760334: I external/local_tsl/tsl/framework/bfc_allocator.cc:1100] InUse at 754904684e00 of size 18432 next 97
2026-09-04 19:04:37.760341: I external/local_tsl/tsl/framework/bfc_allocator.cc:1100] InUse at 754904689600 of size 18432 next 109
2026-09-04 19:04:37.760347: I external/local_tsl/tsl/framework/bfc_allocator.cc:1100] InUse at 75490468de00 of size 2048 next 113
2026-09-04 19:04:37.760354: I external/local_tsl/tsl/framework/bfc_allocator.cc:1100] InUse at 75490468e600 of size 2048 next 114
2026-09-04 19:04:37.760360: I external/local_tsl/tsl/framework/bfc_allocator.cc:1100] InUse at 75490468ee00 of size 2048 next 108
2026-09-04 19:04:37.760366: I external/local_tsl/tsl/framework/bfc_allocator.cc:1100] InUse at 75490468f600 of size 2048 next 118
2026-09-04 19:04:37.760373: I external/local_tsl/tsl/framework/bfc_allocator.cc:1100] InUse at 75490468fe00 of size 2048 next 119
2026-09-04 19:04:37.760379: I external/local_tsl/tsl/framework/bfc_allocator.cc:1100] InUse at 754904690600 of size 2048 next 120
2026-09-04 19:04:37.760385: I external/local_tsl/tsl/framework/bfc_allocator.cc:1100] InUse at 754904690e00 of size 2048 next 122
2026-09-04 19:04:37.760391: I external/local_tsl/tsl/framework/bfc_allocator.cc:1100] InUse at 754904691600 of size 2048 next 123
2026-09-04 19:04:37.760398: I external/local_tsl/tsl/framework/bfc_allocator.cc:1100] InUse at 754904691e00 of size 2304 next 116
2026-09-04 19:04:37.760404: I external/local_tsl/tsl/framework/bfc_allocator.cc:1100] InUse at 754904692700 of size 18432 next 117
2026-09-04 19:04:37.760414: I external/local_tsl/tsl/framework/bfc_allocator.cc:1100] InUse at 754904696f00 of size 2048 next 125
2026-09-04 19:04:37.760421: I external/local_tsl/tsl/framework/bfc_allocator.cc:1100] InUse at 754904697700 of size 2048 next 126
2026-09-04 19:04:37.760427: I external/local_tsl/tsl/framework/bfc_allocator.cc:1100] InUse at 754904697f00 of size 2048 next 127
2026-09-04 19:04:37.760433: I external/local_tsl/tsl/framework/bfc_allocator.cc:1100] InUse at 754904698700 of size 2048 next 129
2026-09-04 19:04:37.760440: I external/local_tsl/tsl/framework/bfc_allocator.cc:1100] InUse at 754904698f00 of size 2048 next 130
2026-09-04 19:04:37.760446: I external/local_tsl/tsl/framework/bfc_allocator.cc:1100] InUse at 754904699700 of size 2048 next 115
2026-09-04 19:04:37.760452: I external/local_tsl/tsl/framework/bfc_allocator.cc:1100] InUse at 754904699f00 of size 2048 next 134
2026-09-04 19:04:37.760459: I external/local_tsl/tsl/framework/bfc_allocator.cc:1100] InUse at 75490469a700 of size 2048 next 135
2026-09-04 19:04:37.760465: I external/local_tsl/tsl/framework/bfc_allocator.cc:1100] InUse at 75490469af00 of size 3840 next 57
2026-09-04 19:04:37.760472: I external/local_tsl/tsl/framework/bfc_allocator.cc:1100] InUse at 75490469be00 of size 18432 next 56
2026-09-04 19:04:37.760478: I external/local_tsl/tsl/framework/bfc_allocator.cc:1100] InUse at 7549046a0600 of size 71680 next 136
2026-09-04 19:04:37.760485: I external/local_tsl/tsl/framework/bfc_allocator.cc:1100] InUse at 7549046b1e00 of size 256 next 141
2026-09-04 19:04:37.760491: I external/local_tsl/tsl/framework/bfc_allocator.cc:1100] InUse at 7549046b1f00 of size 256 next 142
2026-09-04 19:04:37.760498: I external/local_tsl/tsl/framework/bfc_allocator.cc:1100] InUse at 7549046b2000 of size 4096 next 143
2026-09-04 19:04:37.760504: I external/local_tsl/tsl/framework/bfc_allocator.cc:1100] InUse at 7549046b3000 of size 7680 next 132
2026-09-04 19:04:37.760511: I external/local_tsl/tsl/framework/bfc_allocator.cc:1100] InUse at 7549046b4e00 of size 2048 next 279
2026-09-04 19:04:37.760517: I external/local_tsl/tsl/framework/bfc_allocator.cc:1100] InUse at 7549046b5600 of size 4096 next 317
2026-09-04 19:04:37.760524: I external/local_tsl/tsl/framework/bfc_allocator.cc:1100] InUse at 7549046b6600 of size 4096 next 131
2026-09-04 19:04:37.760530: I external/local_tsl/tsl/framework/bfc_allocator.cc:1100] Free  at 7549046b7600 of size 12288 next 144
2026-09-04 19:04:37.760536: I external/local_tsl/tsl/framework/bfc_allocator.cc:1100] InUse at 7549046ba600 of size 256 next 145
2026-09-04 19:04:37.760543: I external/local_tsl/tsl/framework/bfc_allocator.cc:1100] InUse at 7549046ba700 of size 256 next 148
2026-09-04 19:04:37.760549: I external/local_tsl/tsl/framework/bfc_allocator.cc:1100] InUse at 7549046ba800 of size 4096 next 149
2026-09-04 19:04:37.760556: I external/local_tsl/tsl/framework/bfc_allocator.cc:1100] InUse at 7549046bb800 of size 4096 next 150
2026-09-04 19:04:37.760562: I external/local_tsl/tsl/framework/bfc_allocator.cc:1100] InUse at 7549046bc800 of size 18432 next 276
2026-09-04 19:04:37.760569: I external/local_tsl/tsl/framework/bfc_allocator.cc:1100] InUse at 7549046c1000 of size 51200 next 316
2026-09-04 19:04:37.760575: I external/local_tsl/tsl/framework/bfc_allocator.cc:1100] InUse at 7549046cd800 of size 256 next 306
2026-09-04 19:04:37.760582: I external/local_tsl/tsl/framework/bfc_allocator.cc:1100] InUse at 7549046cd900 of size 256 next 289
2026-09-04 19:04:37.760588: I external/local_tsl/tsl/framework/bfc_allocator.cc:1100] InUse at 7549046cda00 of size 256 next 267
2026-09-04 19:04:37.760595: I external/local_tsl/tsl/framework/bfc_allocator.cc:1100] Free  at 7549046cdb00 of size 123648 next 67
2026-09-04 19:04:37.760601: I external/local_tsl/tsl/framework/bfc_allocator.cc:1100] InUse at 7549046ebe00 of size 36864 next 153
2026-09-04 19:04:37.760608: I external/local_tsl/tsl/framework/bfc_allocator.cc:1100] InUse at 7549046f4e00 of size 256 next 247
2026-09-04 19:04:37.760617: I external/local_tsl/tsl/framework/bfc_allocator.cc:1100] InUse at 7549046f4f00 of size 256 next 222
2026-09-04 19:04:37.760624: I external/local_tsl/tsl/framework/bfc_allocator.cc:1100] InUse at 7549046f5000 of size 256 next 248
2026-09-04 19:04:37.760631: I external/local_tsl/tsl/framework/bfc_allocator.cc:1100] InUse at 7549046f5100 of size 256 next 237
2026-09-04 19:04:37.760637: I external/local_tsl/tsl/framework/bfc_allocator.cc:1100] InUse at 7549046f5200 of size 256 next 238
2026-09-04 19:04:37.760643: I external/local_tsl/tsl/framework/bfc_allocator.cc:1100] InUse at 7549046f5300 of size 256 next 233
2026-09-04 19:04:37.760650: I external/local_tsl/tsl/framework/bfc_allocator.cc:1100] InUse at 7549046f5400 of size 256 next 250
2026-09-04 19:04:37.760656: I external/local_tsl/tsl/framework/bfc_allocator.cc:1100] InUse at 7549046f5500 of size 256 next 227
2026-09-04 19:04:37.760663: I external/local_tsl/tsl/framework/bfc_allocator.cc:1100] InUse at 7549046f5600 of size 256 next 230
2026-09-04 19:04:37.760669: I external/local_tsl/tsl/framework/bfc_allocator.cc:1100] InUse at 7549046f5700 of size 256 next 244
2026-09-04 19:04:37.760675: I external/local_tsl/tsl/framework/bfc_allocator.cc:1100] InUse at 7549046f5800 of size 256 next 174
2026-09-04 19:04:37.760682: I external/local_tsl/tsl/framework/bfc_allocator.cc:1100] InUse at 7549046f5900 of size 256 next 239
2026-09-04 19:04:37.760688: I external/local_tsl/tsl/framework/bfc_allocator.cc:1100] InUse at 7549046f5a00 of size 256 next 251
2026-09-04 19:04:37.760695: I external/local_tsl/tsl/framework/bfc_allocator.cc:1100] InUse at 7549046f5b00 of size 256 next 255
2026-09-04 19:04:37.760701: I external/local_tsl/tsl/framework/bfc_allocator.cc:1100] InUse at 7549046f5c00 of size 256 next 258
2026-09-04 19:04:37.760708: I external/local_tsl/tsl/framework/bfc_allocator.cc:1100] InUse at 7549046f5d00 of size 256 next 256
2026-09-04 19:04:37.760714: I external/local_tsl/tsl/framework/bfc_allocator.cc:1100] InUse at 7549046f5e00 of size 256 next 246
2026-09-04 19:04:37.760720: I external/local_tsl/tsl/framework/bfc_allocator.cc:1100] InUse at 7549046f5f00 of size 256 next 234
2026-09-04 19:04:37.760727: I external/local_tsl/tsl/framework/bfc_allocator.cc:1100] InUse at 7549046f6000 of size 256 next 264
2026-09-04 19:04:37.760733: I external/local_tsl/tsl/framework/bfc_allocator.cc:1100] InUse at 7549046f6100 of size 256 next 232
2026-09-04 19:04:37.760740: I external/local_tsl/tsl/framework/bfc_allocator.cc:1100] InUse at 7549046f6200 of size 256 next 253
2026-09-04 19:04:37.760746: I external/local_tsl/tsl/framework/bfc_allocator.cc:1100] InUse at 7549046f6300 of size 256 next 252
2026-09-04 19:04:37.760753: I external/local_tsl/tsl/framework/bfc_allocator.cc:1100] InUse at 7549046f6400 of size 256 next 266
2026-09-04 19:04:37.760759: I external/local_tsl/tsl/framework/bfc_allocator.cc:1100] InUse at 7549046f6500 of size 256 next 263
2026-09-04 19:04:37.760765: I external/local_tsl/tsl/framework/bfc_allocator.cc:1100] InUse at 7549046f6600 of size 256 next 278
2026-09-04 19:04:37.760772: I external/local_tsl/tsl/framework/bfc_allocator.cc:1100] InUse at 7549046f6700 of size 256 next 281
2026-09-04 19:04:37.760778: I external/local_tsl/tsl/framework/bfc_allocator.cc:1100] InUse at 7549046f6800 of size 256 next 241
2026-09-04 19:04:37.760785: I external/local_tsl/tsl/framework/bfc_allocator.cc:1100] InUse at 7549046f6900 of size 256 next 242
2026-09-04 19:04:37.760791: I external/local_tsl/tsl/framework/bfc_allocator.cc:1100] InUse at 7549046f6a00 of size 256 next 274
2026-09-04 19:04:37.760797: I external/local_tsl/tsl/framework/bfc_allocator.cc:1100] InUse at 7549046f6b00 of size 256 next 285
2026-09-04 19:04:37.760804: I external/local_tsl/tsl/framework/bfc_allocator.cc:1100] InUse at 7549046f6c00 of size 256 next 262
2026-09-04 19:04:37.760810: I external/local_tsl/tsl/framework/bfc_allocator.cc:1100] InUse at 7549046f6d00 of size 256 next 283
2026-09-04 19:04:37.760817: I external/local_tsl/tsl/framework/bfc_allocator.cc:1100] InUse at 7549046f6e00 of size 256 next 286
2026-09-04 19:04:37.760842: I external/local_tsl/tsl/framework/bfc_allocator.cc:1100] InUse at 7549046f6f00 of size 256 next 288
2026-09-04 19:04:37.760850: I external/local_tsl/tsl/framework/bfc_allocator.cc:1100] InUse at 7549046f7000 of size 256 next 277
2026-09-04 19:04:37.760856: I external/local_tsl/tsl/framework/bfc_allocator.cc:1100] InUse at 7549046f7100 of size 256 next 290
2026-09-04 19:04:37.760863: I external/local_tsl/tsl/framework/bfc_allocator.cc:1100] InUse at 7549046f7200 of size 256 next 228
2026-09-04 19:04:37.760878: I external/local_tsl/tsl/framework/bfc_allocator.cc:1100] InUse at 7549046f7300 of size 256 next 254
2026-09-04 19:04:37.760884: I external/local_tsl/tsl/framework/bfc_allocator.cc:1100] InUse at 7549046f7400 of size 256 next 261
2026-09-04 19:04:37.760890: I external/local_tsl/tsl/framework/bfc_allocator.cc:1100] InUse at 7549046f7500 of size 256 next 269
2026-09-04 19:04:37.760897: I external/local_tsl/tsl/framework/bfc_allocator.cc:1100] InUse at 7549046f7600 of size 256 next 284
2026-09-04 19:04:37.760903: I external/local_tsl/tsl/framework/bfc_allocator.cc:1100] InUse at 7549046f7700 of size 256 next 295
2026-09-04 19:04:37.760910: I external/local_tsl/tsl/framework/bfc_allocator.cc:1100] InUse at 7549046f7800 of size 256 next 260
2026-09-04 19:04:37.760916: I external/local_tsl/tsl/framework/bfc_allocator.cc:1100] InUse at 7549046f7900 of size 256 next 292
2026-09-04 19:04:37.760922: I external/local_tsl/tsl/framework/bfc_allocator.cc:1100] InUse at 7549046f7a00 of size 256 next 300
2026-09-04 19:04:37.760929: I external/local_tsl/tsl/framework/bfc_allocator.cc:1100] InUse at 7549046f7b00 of size 256 next 293
2026-09-04 19:04:37.760935: I external/local_tsl/tsl/framework/bfc_allocator.cc:1100] InUse at 7549046f7c00 of size 256 next 297
2026-09-04 19:04:37.760942: I external/local_tsl/tsl/framework/bfc_allocator.cc:1100] InUse at 7549046f7d00 of size 256 next 301
2026-09-04 19:04:37.760948: I external/local_tsl/tsl/framework/bfc_allocator.cc:1100] InUse at 7549046f7e00 of size 256 next 236
2026-09-04 19:04:37.760955: I external/local_tsl/tsl/framework/bfc_allocator.cc:1100] InUse at 7549046f7f00 of size 256 next 303
2026-09-04 19:04:37.760961: I external/local_tsl/tsl/framework/bfc_allocator.cc:1100] InUse at 7549046f8000 of size 256 next 169
2026-09-04 19:04:37.760967: I external/local_tsl/tsl/framework/bfc_allocator.cc:1100] InUse at 7549046f8100 of size 256 next 299
2026-09-04 19:04:37.760974: I external/local_tsl/tsl/framework/bfc_allocator.cc:1100] InUse at 7549046f8200 of size 256 next 291
2026-09-04 19:04:37.760980: I external/local_tsl/tsl/framework/bfc_allocator.cc:1100] InUse at 7549046f8300 of size 256 next 305
2026-09-04 19:04:37.760987: I external/local_tsl/tsl/framework/bfc_allocator.cc:1100] InUse at 7549046f8400 of size 256 next 309
2026-09-04 19:04:37.760993: I external/local_tsl/tsl/framework/bfc_allocator.cc:1100] InUse at 7549046f8500 of size 256 next 304
2026-09-04 19:04:37.761000: I external/local_tsl/tsl/framework/bfc_allocator.cc:1100] InUse at 7549046f8600 of size 256 next 296
2026-09-04 19:04:37.761006: I external/local_tsl/tsl/framework/bfc_allocator.cc:1100] InUse at 7549046f8700 of size 256 next 311
2026-09-04 19:04:37.761012: I external/local_tsl/tsl/framework/bfc_allocator.cc:1100] InUse at 7549046f8800 of size 256 next 302
2026-09-04 19:04:37.761019: I external/local_tsl/tsl/framework/bfc_allocator.cc:1100] Free  at 7549046f8900 of size 512 next 265
2026-09-04 19:04:37.761025: I external/local_tsl/tsl/framework/bfc_allocator.cc:1100] InUse at 7549046f8b00 of size 256 next 272
2026-09-04 19:04:37.761032: I external/local_tsl/tsl/framework/bfc_allocator.cc:1100] InUse at 7549046f8c00 of size 256 next 249
2026-09-04 19:04:37.761038: I external/local_tsl/tsl/framework/bfc_allocator.cc:1100] InUse at 7549046f8d00 of size 256 next 268
2026-09-04 19:04:37.761045: I external/local_tsl/tsl/framework/bfc_allocator.cc:1100] InUse at 7549046f8e00 of size 256 next 275
2026-09-04 19:04:37.761051: I external/local_tsl/tsl/framework/bfc_allocator.cc:1100] InUse at 7549046f8f00 of size 256 next 273
2026-09-04 19:04:37.761061: I external/local_tsl/tsl/framework/bfc_allocator.cc:1100] Free  at 7549046f9000 of size 256 next 287
2026-09-04 19:04:37.761068: I external/local_tsl/tsl/framework/bfc_allocator.cc:1100] InUse at 7549046f9100 of size 256 next 259
2026-09-04 19:04:37.761074: I external/local_tsl/tsl/framework/bfc_allocator.cc:1100] InUse at 7549046f9200 of size 256 next 257
2026-09-04 19:04:37.761081: I external/local_tsl/tsl/framework/bfc_allocator.cc:1100] InUse at 7549046f9300 of size 256 next 245
2026-09-04 19:04:37.761087: I external/local_tsl/tsl/framework/bfc_allocator.cc:1100] InUse at 7549046f9400 of size 256 next 271
2026-09-04 19:04:37.761093: I external/local_tsl/tsl/framework/bfc_allocator.cc:1100] InUse at 7549046f9500 of size 256 next 166
2026-09-04 19:04:37.761100: I external/local_tsl/tsl/framework/bfc_allocator.cc:1100] InUse at 7549046f9600 of size 18432 next 152
2026-09-04 19:04:37.761106: I external/local_tsl/tsl/framework/bfc_allocator.cc:1100] InUse at 7549046fde00 of size 65536 next 164
2026-09-04 19:04:37.761113: I external/local_tsl/tsl/framework/bfc_allocator.cc:1100] InUse at 75490470de00 of size 131072 next 59
2026-09-04 19:04:37.761120: I external/local_tsl/tsl/framework/bfc_allocator.cc:1100] Free  at 75490472de00 of size 69632 next 91
2026-09-04 19:04:37.761126: I external/local_tsl/tsl/framework/bfc_allocator.cc:1100] InUse at 75490473ee00 of size 18432 next 182
2026-09-04 19:04:37.761133: I external/local_tsl/tsl/framework/bfc_allocator.cc:1100] InUse at 754904743600 of size 36864 next 185
2026-09-04 19:04:37.761139: I external/local_tsl/tsl/framework/bfc_allocator.cc:1100] InUse at 75490474c600 of size 36864 next 186
2026-09-04 19:04:37.761145: I external/local_tsl/tsl/framework/bfc_allocator.cc:1100] InUse at 754904755600 of size 69632 next 189
2026-09-04 19:04:37.761152: I external/local_tsl/tsl/framework/bfc_allocator.cc:1100] InUse at 754904766600 of size 69632 next 190
2026-09-04 19:04:37.761158: I external/local_tsl/tsl/framework/bfc_allocator.cc:1100] Free  at 754904777600 of size 215040 next 81
2026-09-04 19:04:37.761165: I external/local_tsl/tsl/framework/bfc_allocator.cc:1100] InUse at 7549047abe00 of size 262144 next 165
2026-09-04 19:04:37.761172: I external/local_tsl/tsl/framework/bfc_allocator.cc:1100] Free  at 7549047ebe00 of size 786432 next 90
2026-09-04 19:04:37.761178: I external/local_tsl/tsl/framework/bfc_allocator.cc:1100] InUse at 7549048abe00 of size 524288 next 82
2026-09-04 19:04:37.761185: I external/local_tsl/tsl/framework/bfc_allocator.cc:1100] InUse at 75490492be00 of size 1572864 next 105
2026-09-04 19:04:37.761192: I external/local_tsl/tsl/framework/bfc_allocator.cc:1100] InUse at 754904aabe00 of size 1048576 next 104
2026-09-04 19:04:37.761198: I external/local_tsl/tsl/framework/bfc_allocator.cc:1100] InUse at 754904babe00 of size 1048576 next 112
2026-09-04 19:04:37.761205: I external/local_tsl/tsl/framework/bfc_allocator.cc:1100] InUse at 754904cabe00 of size 1048576 next 121
2026-09-04 19:04:37.761211: I external/local_tsl/tsl/framework/bfc_allocator.cc:1100] InUse at 754904dabe00 of size 1048576 next 128
2026-09-04 19:04:37.761217: I external/local_tsl/tsl/framework/bfc_allocator.cc:1100] Free  at 754904eabe00 of size 7340032 next 140
2026-09-04 19:04:37.761224: I external/local_tsl/tsl/framework/bfc_allocator.cc:1100] InUse at 7549055abe00 of size 2097152 next 314
2026-09-04 19:04:37.761231: I external/local_tsl/tsl/framework/bfc_allocator.cc:1100] InUse at 7549057abe00 of size 4194304 next 298
2026-09-04 19:04:37.761237: I external/local_tsl/tsl/framework/bfc_allocator.cc:1100] Free  at 754905babe00 of size 285357824 next 180
2026-09-04 19:04:37.761244: I external/local_tsl/tsl/framework/bfc_allocator.cc:1100] InUse at 754916bcf500 of size 2097152 next 183
2026-09-04 19:04:37.761250: I external/local_tsl/tsl/framework/bfc_allocator.cc:1100] InUse at 754916dcf500 of size 2097152 next 184
2026-09-04 19:04:37.761257: I external/local_tsl/tsl/framework/bfc_allocator.cc:1100] InUse at 754916fcf500 of size 4194304 next 187
2026-09-04 19:04:37.761266: I external/local_tsl/tsl/framework/bfc_allocator.cc:1100] InUse at 7549173cf500 of size 4194304 next 188
2026-09-04 19:04:37.761273: I external/local_tsl/tsl/framework/bfc_allocator.cc:1100] Free  at 7549177cf500 of size 295897856 next 18446744073709551615
2026-09-04 19:04:37.761280: I external/local_tsl/tsl/framework/bfc_allocator.cc:1105]      Summary of in-use Chunks by size: 
2026-09-04 19:04:37.761288: I external/local_tsl/tsl/framework/bfc_allocator.cc:1108] 177 Chunks of size 256 totalling 44.2KiB
2026-09-04 19:04:37.761295: I external/local_tsl/tsl/framework/bfc_allocator.cc:1108] 11 Chunks of size 512 totalling 5.5KiB
2026-09-04 19:04:37.761301: I external/local_tsl/tsl/framework/bfc_allocator.cc:1108] 1 Chunks of size 768 totalling 768B
2026-09-04 19:04:37.761308: I external/local_tsl/tsl/framework/bfc_allocator.cc:1108] 11 Chunks of size 1024 totalling 11.0KiB
2026-09-04 19:04:37.761314: I external/local_tsl/tsl/framework/bfc_allocator.cc:1108] 4 Chunks of size 1280 totalling 5.0KiB
2026-09-04 19:04:37.761321: I external/local_tsl/tsl/framework/bfc_allocator.cc:1108] 32 Chunks of size 2048 totalling 64.0KiB
2026-09-04 19:04:37.761327: I external/local_tsl/tsl/framework/bfc_allocator.cc:1108] 3 Chunks of size 2304 totalling 6.8KiB
2026-09-04 19:04:37.761334: I external/local_tsl/tsl/framework/bfc_allocator.cc:1108] 1 Chunks of size 3072 totalling 3.0KiB
2026-09-04 19:04:37.761340: I external/local_tsl/tsl/framework/bfc_allocator.cc:1108] 1 Chunks of size 3840 totalling 3.8KiB
2026-09-04 19:04:37.761347: I external/local_tsl/tsl/framework/bfc_allocator.cc:1108] 8 Chunks of size 4096 totalling 32.0KiB
2026-09-04 19:04:37.761353: I external/local_tsl/tsl/framework/bfc_allocator.cc:1108] 1 Chunks of size 4608 totalling 4.5KiB
2026-09-04 19:04:37.761360: I external/local_tsl/tsl/framework/bfc_allocator.cc:1108] 1 Chunks of size 5888 totalling 5.8KiB
2026-09-04 19:04:37.761366: I external/local_tsl/tsl/framework/bfc_allocator.cc:1108] 1 Chunks of size 7680 totalling 7.5KiB
2026-09-04 19:04:37.761372: I external/local_tsl/tsl/framework/bfc_allocator.cc:1108] 2 Chunks of size 9216 totalling 18.0KiB
2026-09-04 19:04:37.761379: I external/local_tsl/tsl/framework/bfc_allocator.cc:1108] 1 Chunks of size 11264 totalling 11.0KiB
2026-09-04 19:04:37.761386: I external/local_tsl/tsl/framework/bfc_allocator.cc:1108] 7 Chunks of size 18432 totalling 126.0KiB
2026-09-04 19:04:37.761392: I external/local_tsl/tsl/framework/bfc_allocator.cc:1108] 1 Chunks of size 23552 totalling 23.0KiB
2026-09-04 19:04:37.761399: I external/local_tsl/tsl/framework/bfc_allocator.cc:1108] 3 Chunks of size 36864 totalling 108.0KiB
2026-09-04 19:04:37.761406: I external/local_tsl/tsl/framework/bfc_allocator.cc:1108] 1 Chunks of size 51200 totalling 50.0KiB
2026-09-04 19:04:37.761412: I external/local_tsl/tsl/framework/bfc_allocator.cc:1108] 1 Chunks of size 65536 totalling 64.0KiB
2026-09-04 19:04:37.761419: I external/local_tsl/tsl/framework/bfc_allocator.cc:1108] 2 Chunks of size 69632 totalling 136.0KiB
2026-09-04 19:04:37.761425: I external/local_tsl/tsl/framework/bfc_allocator.cc:1108] 1 Chunks of size 71680 totalling 70.0KiB
2026-09-04 19:04:37.761432: I external/local_tsl/tsl/framework/bfc_allocator.cc:1108] 1 Chunks of size 107008 totalling 104.5KiB
2026-09-04 19:04:37.761440: I external/local_tsl/tsl/framework/bfc_allocator.cc:1108] 1 Chunks of size 131072 totalling 128.0KiB
2026-09-04 19:04:37.761447: I external/local_tsl/tsl/framework/bfc_allocator.cc:1108] 1 Chunks of size 262144 totalling 256.0KiB
2026-09-04 19:04:37.761455: I external/local_tsl/tsl/framework/bfc_allocator.cc:1108] 1 Chunks of size 524288 totalling 512.0KiB
2026-09-04 19:04:37.761462: I external/local_tsl/tsl/framework/bfc_allocator.cc:1108] 4 Chunks of size 1048576 totalling 4.00MiB
2026-09-04 19:04:37.761469: I external/local_tsl/tsl/framework/bfc_allocator.cc:1108] 1 Chunks of size 1572864 totalling 1.50MiB
2026-09-04 19:04:37.761477: I external/local_tsl/tsl/framework/bfc_allocator.cc:1108] 3 Chunks of size 2097152 totalling 6.00MiB
2026-09-04 19:04:37.761488: I external/local_tsl/tsl/framework/bfc_allocator.cc:1108] 3 Chunks of size 4194304 totalling 12.00MiB
2026-09-04 19:04:37.761496: I external/local_tsl/tsl/framework/bfc_allocator.cc:1108] 1 Chunks of size 4911360 totalling 4.68MiB
2026-09-04 19:04:37.761503: I external/local_tsl/tsl/framework/bfc_allocator.cc:1108] 1 Chunks of size 38608896 totalling 36.82MiB
2026-09-04 19:04:37.761511: I external/local_tsl/tsl/framework/bfc_allocator.cc:1108] 1 Chunks of size 1774977024 totalling 1.65GiB
2026-09-04 19:04:37.761518: I external/local_tsl/tsl/framework/bfc_allocator.cc:1112] Sum Total of in-use chunks: 1.72GiB
2026-09-04 19:04:37.761524: I external/local_tsl/tsl/framework/bfc_allocator.cc:1114] Total bytes in pool: 2434793472 memory_limit_: 2434793472 available bytes: 0 curr_region_allocation_bytes_: 4869586944
2026-09-04 19:04:37.761534: I external/local_tsl/tsl/framework/bfc_allocator.cc:1119] Stats: 
Limit:                      2434793472
InUse:                      1844982272
MaxInUse:                   2167060224
NumAllocs:                       73379
MaxAllocSize:               1774977024
Reserved:                            0
PeakReserved:                        0
LargestFreeBlock:                    0

2026-09-04 19:04:37.761555: W external/local_tsl/tsl/framework/bfc_allocator.cc:499] ****************************************************************************___________*____________
Traceback (most recent call last):
  File "/home/luke/projects/buzzdetect-training/.local/worktrees/trunk-ft-restore-sens/03_train/main.py", line 52, in <module>
    train_set(
  File "/home/luke/projects/buzzdetect-training/.local/worktrees/trunk-ft-restore-sens/03_train/train.py", line 576, in train_set
    data = _load_data(setname, embeddername, folds_shipped, name_translation,
           ^^^^^^^^^^^^^^^^^^^^^^^^^^^^^^^^^^^^^^^^^^^^^^^^^^^^^^^^^^^^^^^^^^
  File "/home/luke/projects/buzzdetect-training/.local/worktrees/trunk-ft-restore-sens/03_train/train.py", line 141, in _load_data
    train_tf=_to_tf(data_train, size_batch, size_shuffle),
             ^^^^^^^^^^^^^^^^^^^^^^^^^^^^^^^^^^^^^^^^^^^^
  File "/home/luke/projects/buzzdetect-training/.local/worktrees/trunk-ft-restore-sens/03_train/train.py", line 69, in _to_tf
    ds = tf.data.Dataset.from_tensor_slices((emb_np, tgt_np))
         ^^^^^^^^^^^^^^^^^^^^^^^^^^^^^^^^^^^^^^^^^^^^^^^^^^^^
  File "/home/luke/anaconda3/envs/buzzdetect-train/lib/python3.12/site-packages/tensorflow/python/data/ops/dataset_ops.py", line 826, in from_tensor_slices
    return from_tensor_slices_op._from_tensor_slices(tensors, name)
           ^^^^^^^^^^^^^^^^^^^^^^^^^^^^^^^^^^^^^^^^^^^^^^^^^^^^^^^^
  File "/home/luke/anaconda3/envs/buzzdetect-train/lib/python3.12/site-packages/tensorflow/python/data/ops/from_tensor_slices_op.py", line 25, in _from_tensor_slices
    return _TensorSliceDataset(tensors, name=name)
           ^^^^^^^^^^^^^^^^^^^^^^^^^^^^^^^^^^^^^^^
  File "/home/luke/anaconda3/envs/buzzdetect-train/lib/python3.12/site-packages/tensorflow/python/data/ops/from_tensor_slices_op.py", line 33, in __init__
    element = structure.normalize_element(element)
              ^^^^^^^^^^^^^^^^^^^^^^^^^^^^^^^^^^^^
  File "/home/luke/anaconda3/envs/buzzdetect-train/lib/python3.12/site-packages/tensorflow/python/data/util/structure.py", line 134, in normalize_element
    ops.convert_to_tensor(t, name="component_%d" % i, dtype=dtype))
    ^^^^^^^^^^^^^^^^^^^^^^^^^^^^^^^^^^^^^^^^^^^^^^^^^^^^^^^^^^^^^^
  File "/home/luke/anaconda3/envs/buzzdetect-train/lib/python3.12/site-packages/tensorflow/python/profiler/trace.py", line 183, in wrapped
    return func(*args, **kwargs)
           ^^^^^^^^^^^^^^^^^^^^^
  File "/home/luke/anaconda3/envs/buzzdetect-train/lib/python3.12/site-packages/tensorflow/python/framework/ops.py", line 713, in convert_to_tensor
    return tensor_conversion_registry.convert(
           ^^^^^^^^^^^^^^^^^^^^^^^^^^^^^^^^^^^
  File "/home/luke/anaconda3/envs/buzzdetect-train/lib/python3.12/site-packages/tensorflow/python/framework/tensor_conversion_registry.py", line 234, in convert
    ret = conversion_func(value, dtype=dtype, name=name, as_ref=as_ref)
          ^^^^^^^^^^^^^^^^^^^^^^^^^^^^^^^^^^^^^^^^^^^^^^^^^^^^^^^^^^^^^
  File "/home/luke/anaconda3/envs/buzzdetect-train/lib/python3.12/site-packages/tensorflow/python/framework/constant_tensor_conversion.py", line 29, in _constant_tensor_conversion_function
    return constant_op.constant(v, dtype=dtype, name=name)
           ^^^^^^^^^^^^^^^^^^^^^^^^^^^^^^^^^^^^^^^^^^^^^^^
  File "/home/luke/anaconda3/envs/buzzdetect-train/lib/python3.12/site-packages/tensorflow/python/ops/weak_tensor_ops.py", line 142, in wrapper
    return op(*args, **kwargs)
           ^^^^^^^^^^^^^^^^^^^
  File "/home/luke/anaconda3/envs/buzzdetect-train/lib/python3.12/site-packages/tensorflow/python/framework/constant_op.py", line 276, in constant
    return _constant_impl(value, dtype, shape, name, verify_shape=False,
           ^^^^^^^^^^^^^^^^^^^^^^^^^^^^^^^^^^^^^^^^^^^^^^^^^^^^^^^^^^^^^
  File "/home/luke/anaconda3/envs/buzzdetect-train/lib/python3.12/site-packages/tensorflow/python/framework/constant_op.py", line 289, in _constant_impl
    return _constant_eager_impl(ctx, value, dtype, shape, verify_shape)
           ^^^^^^^^^^^^^^^^^^^^^^^^^^^^^^^^^^^^^^^^^^^^^^^^^^^^^^^^^^^^
  File "/home/luke/anaconda3/envs/buzzdetect-train/lib/python3.12/site-packages/tensorflow/python/framework/constant_op.py", line 301, in _constant_eager_impl
    t = convert_to_eager_tensor(value, ctx, dtype)
        ^^^^^^^^^^^^^^^^^^^^^^^^^^^^^^^^^^^^^^^^^^
  File "/home/luke/anaconda3/envs/buzzdetect-train/lib/python3.12/site-packages/tensorflow/python/framework/constant_op.py", line 108, in convert_to_eager_tensor
    return ops.EagerTensor(value, ctx.device_name, dtype)
           ^^^^^^^^^^^^^^^^^^^^^^^^^^^^^^^^^^^^^^^^^^^^^^
tensorflow.python.framework.errors_impl.InternalError: Failed copying input tensor from /job:localhost/replica:0/task:0/device:CPU:0 to /job:localhost/replica:0/task:0/device:GPU:0 in order to run _EagerConst: Dst tensor is not initialized.
=== attempt 11 exited rc=1 ===
=== CV COMPLETE 2026-09-04_19:04:39 ===
