2026-09-02 22:35:12.905409: E external/local_xla/xla/stream_executor/cuda/cuda_fft.cc:479] Unable to register cuFFT factory: Attempting to register factory for plugin cuFFT when one has already been registered
2026-09-02 22:35:12.930841: E external/local_xla/xla/stream_executor/cuda/cuda_dnn.cc:10575] Unable to register cuDNN factory: Attempting to register factory for plugin cuDNN when one has already been registered
2026-09-02 22:35:12.930895: E external/local_xla/xla/stream_executor/cuda/cuda_blas.cc:1442] Unable to register cuBLAS factory: Attempting to register factory for plugin cuBLAS when one has already been registered
2026-09-02 22:35:13.825038: W tensorflow/compiler/tf2tensorrt/utils/py_utils.cc:38] TF-TRT Warning: Could not find TensorRT
0.0s - [medium/yamnet_trunk11] existing config: overlap_event_prop=0.2, framehop_prop=1
0.0s -   loaded from /home/luke/projects/buzzdetect-training/.local/worktrees/unfreeze-more/02_set/sets/medium/config_extract.json
1.4s - extract_snips: 0 ident(s) updated (0 snip(s) written, 0 superseded), 686 unchanged, 0 missing audio
3.1s - [medium/yamnet_trunk11] 686 of 686 idents to extract (0 already done or missing snips; 0 superseded by new annotations)
3.1s -   2 worker(s); folds: 322
2026-09-02 22:35:19.377777: E external/local_xla/xla/stream_executor/cuda/cuda_driver.cc:282] failed call to cuInit: CUDA_ERROR_NO_DEVICE: no CUDA-capable device is detected
2026-09-02 22:35:19.377845: I external/local_xla/xla/stream_executor/cuda/cuda_diagnostics.cc:134] retrieving CUDA diagnostic information for host: beelab-files
2026-09-02 22:35:19.377858: I external/local_xla/xla/stream_executor/cuda/cuda_diagnostics.cc:141] hostname: beelab-files
2026-09-02 22:35:19.377980: I external/local_xla/xla/stream_executor/cuda/cuda_diagnostics.cc:165] libcuda reported version is: 580.173.2
2026-09-02 22:35:19.378024: I external/local_xla/xla/stream_executor/cuda/cuda_diagnostics.cc:169] kernel reported version is: NOT_FOUND: could not find kernel module information in driver version file contents: "NVRM version: NVIDIA UNIX Open Kernel Module for x86_64  580.173.02  Release Build  (dvs-builder@U22-I3-AK02-24-4)  Tue Jun 23 08:17:01 UTC 2026
GCC version:  gcc version 13.3.0 (Ubuntu 13.3.0-6ubuntu2~24.04.1) 
"
2026-09-02 22:35:19.384249: E external/local_xla/xla/stream_executor/cuda/cuda_driver.cc:282] failed call to cuInit: CUDA_ERROR_NO_DEVICE: no CUDA-capable device is detected
2026-09-02 22:35:19.384313: I external/local_xla/xla/stream_executor/cuda/cuda_diagnostics.cc:134] retrieving CUDA diagnostic information for host: beelab-files
2026-09-02 22:35:19.384323: I external/local_xla/xla/stream_executor/cuda/cuda_diagnostics.cc:141] hostname: beelab-files
2026-09-02 22:35:19.384471: I external/local_xla/xla/stream_executor/cuda/cuda_diagnostics.cc:165] libcuda reported version is: 580.173.2
2026-09-02 22:35:19.384511: I external/local_xla/xla/stream_executor/cuda/cuda_diagnostics.cc:169] kernel reported version is: NOT_FOUND: could not find kernel module information in driver version file contents: "NVRM version: NVIDIA UNIX Open Kernel Module for x86_64  580.173.02  Release Build  (dvs-builder@U22-I3-AK02-24-4)  Tue Jun 23 08:17:01 UTC 2026
GCC version:  gcc version 13.3.0 (Ubuntu 13.3.0-6ubuntu2~24.04.1) 
"
1.0s - extractor 0: [1] JamesU - MustardBumbler/1_29/240903_1319 — starting (embeddings)
1.0s - extractor 1: [1] Lily - Fit+Fast/2023_R3_Marysville/53/230808_1208 — starting (embeddings)
38.4s - extractor 1: [1] Lily - Fit+Fast/2023_R3_Marysville/53/230808_1208 — 33 cached label file(s) → embeddings (ident took 37.4s)
38.4s - extractor 1: [2] Lily Adam - One Hive/recorders/willard/2024-08-07/1_11/240807_1016 — starting (embeddings)
54.1s - extractor 0: [1] JamesU - MustardBumbler/1_29/240903_1319 — 45 cached label file(s) → embeddings (ident took 53.1s)
54.1s - extractor 0: [2] Lily Adam - One Hive/recorders/wooster/2024-07-26/1_143/240726_1446 — starting (embeddings)
78.1s - extractor 1: [2] Lily Adam - One Hive/recorders/willard/2024-08-07/1_11/240807_1016 — 55 cached label file(s) → embeddings (ident took 39.7s)
78.2s - extractor 1: [3] Luke - Diel Drivers/2026-04-08/1_150/260408_1942 — starting (embeddings)
90.5s - extractor 0: [2] Lily Adam - One Hive/recorders/wooster/2024-07-26/1_143/240726_1446 — 31 cached label file(s) → embeddings (ident took 36.3s)
90.5s - extractor 0: [3] Luke - Diel Drivers/2026-05-06/1_95/260506_1924 — starting (embeddings)
117.7s - extractor 1: [3] Luke - Diel Drivers/2026-04-08/1_150/260408_1942 — 63 cached label file(s) → embeddings (ident took 39.5s)
117.7s - extractor 1: [4] Luke - Various Opportunistic Recordings/2025-06-23/1_23/250623_0857 — starting (embeddings)
121.8s - extractor 1: [4] Luke - Various Opportunistic Recordings/2025-06-23/1_23/250623_0857 — 18 cached label file(s) → embeddings (ident took 4.1s)
121.8s - extractor 1: [5] Luke - Various Opportunistic Recordings/2025-07-03/1_37/250703_1635 — starting (embeddings)
152.9s - extractor 0: [3] Luke - Diel Drivers/2026-05-06/1_95/260506_1924 — 145 cached label file(s) → embeddings (ident took 62.5s)
153.0s - extractor 0: [4] Luke - Various Opportunistic Recordings/2025-08-05/31/250805_1247 — starting (embeddings)
155.9s - extractor 1: [5] Luke - Various Opportunistic Recordings/2025-07-03/1_37/250703_1635 — 22 cached label file(s) → embeddings (ident took 34.1s)
155.9s - extractor 1: [6] Luke - Various Opportunistic Recordings/2025-08-12/1_114/250812_1225 — starting (embeddings)
161.8s - extractor 0: [4] Luke - Various Opportunistic Recordings/2025-08-05/31/250805_1247 — 23 cached label file(s) → embeddings (ident took 8.9s)
161.8s - extractor 0: [5] Luke - Various Opportunistic Recordings/2025-08-27/48/250827_1828 — starting (embeddings)
175.1s - extractor 0: [5] Luke - Various Opportunistic Recordings/2025-08-27/48/250827_1828 — 25 cached label file(s) → embeddings (ident took 13.2s)
175.1s - extractor 0: [6] Chia - Bee Audio 2022 Original/7-13-22_SouthCharleston/1/220713_0941_01 — starting (embeddings)
185.3s - extractor 0: [6] Chia - Bee Audio 2022 Original/7-13-22_SouthCharleston/1/220713_0941_01 — 21 cached label file(s) → embeddings (ident took 10.2s)
185.3s - extractor 0: [7] Chia - Bee Audio 2022 Original/7-13-22_SouthCharleston/1/220715_1123 — starting (embeddings)
188.2s - extractor 1: [6] Luke - Various Opportunistic Recordings/2025-08-12/1_114/250812_1225 — 70 cached label file(s) → embeddings (ident took 32.4s)
188.2s - extractor 1: [7] Chia - Bee Audio 2022 Original/7-13-22_SouthCharleston/2/220713_0943 — starting (embeddings)
189.4s - extractor 0: [7] Chia - Bee Audio 2022 Original/7-13-22_SouthCharleston/1/220715_1123 — 9 cached label file(s) → embeddings (ident took 4.1s)
189.4s - extractor 0: [8] Chia - Bee Audio 2022 Original/7-13-22_SouthCharleston/2/220715_1125 — starting (embeddings)
191.4s - extractor 0: [8] Chia - Bee Audio 2022 Original/7-13-22_SouthCharleston/2/220715_1125 — 7 cached label file(s) → embeddings (ident took 2.0s)
191.4s - extractor 0: [9] Chia - Bee Audio 2022 Original/7-13-22_SouthCharleston/3/220713_0944 — starting (embeddings)
191.3s - extractor 1: [7] Chia - Bee Audio 2022 Original/7-13-22_SouthCharleston/2/220713_0943 — 9 cached label file(s) → embeddings (ident took 3.1s)
191.4s - extractor 1: [8] Chia - Bee Audio 2022 Original/7-13-22_SouthCharleston/3/220715_1127 — starting (embeddings)
193.8s - extractor 0: [9] Chia - Bee Audio 2022 Original/7-13-22_SouthCharleston/3/220713_0944 — 5 cached label file(s) → embeddings (ident took 2.4s)
193.8s - extractor 0: [10] Chia - Bee Audio 2022 Original/7-13-22_SouthCharleston/4/220713_0946 — starting (embeddings)
194.5s - extractor 1: [8] Chia - Bee Audio 2022 Original/7-13-22_SouthCharleston/3/220715_1127 — 10 cached label file(s) → embeddings (ident took 3.1s)
194.5s - extractor 1: [9] Chia - Bee Audio 2022 Original/7-13-22_SouthCharleston/4/220715_1128 — starting (embeddings)
197.5s - extractor 1: [9] Chia - Bee Audio 2022 Original/7-13-22_SouthCharleston/4/220715_1128 — 11 cached label file(s) → embeddings (ident took 3.1s)
197.6s - extractor 1: [10] Chia - Bee Audio 2022 Original/7-13-22_SouthCharleston/5/220713_0947 — starting (embeddings)
200.2s - extractor 1: [10] Chia - Bee Audio 2022 Original/7-13-22_SouthCharleston/5/220713_0947 — 8 cached label file(s) → embeddings (ident took 2.6s)
200.2s - extractor 1: [11] Chia - Bee Audio 2022 Original/7-13-22_SouthCharleston/5/220715_1130 — starting (embeddings)
201.8s - extractor 1: [11] Chia - Bee Audio 2022 Original/7-13-22_SouthCharleston/5/220715_1130 — 6 cached label file(s) → embeddings (ident took 1.7s)
201.8s - extractor 1: [12] Chia - Bee Audio 2022 Original/7-13-22_SouthCharleston/6/220713_0948 — starting (embeddings)
202.0s - extractor 0: [10] Chia - Bee Audio 2022 Original/7-13-22_SouthCharleston/4/220713_0946 — 19 cached label file(s) → embeddings (ident took 8.2s)
202.0s - extractor 0: [11] Chia - Bee Audio 2022 Original/7-13-22_SouthCharleston/6/220715_1131 — starting (embeddings)
205.4s - extractor 0: [11] Chia - Bee Audio 2022 Original/7-13-22_SouthCharleston/6/220715_1131 — 13 cached label file(s) → embeddings (ident took 3.4s)
205.4s - extractor 0: [12] Chia - Bee Audio 2022 Original/7-13-22_SouthCharleston/7/220713_0951 — starting (embeddings)
205.7s - extractor 1: [12] Chia - Bee Audio 2022 Original/7-13-22_SouthCharleston/6/220713_0948 — 11 cached label file(s) → embeddings (ident took 3.8s)
205.7s - extractor 1: [13] Chia - Bee Audio 2022 Original/7-13-22_SouthCharleston/7/220715_1134 — starting (embeddings)
207.1s - extractor 1: [13] Chia - Bee Audio 2022 Original/7-13-22_SouthCharleston/7/220715_1134 — 4 cached label file(s) → embeddings (ident took 1.4s)
207.1s - extractor 1: [14] Chia - Bee Audio 2022 Original/7-13-22_SouthCharleston/8/220713_0953 — starting (embeddings)
209.5s - extractor 1: [14] Chia - Bee Audio 2022 Original/7-13-22_SouthCharleston/8/220713_0953 — 7 cached label file(s) → embeddings (ident took 2.4s)
209.5s - extractor 1: [15] Chia - Bee Audio 2022 Original/7-13-22_SouthCharleston/8/220715_1135 — starting (embeddings)
210.8s - extractor 0: [12] Chia - Bee Audio 2022 Original/7-13-22_SouthCharleston/7/220713_0951 — 12 cached label file(s) → embeddings (ident took 5.4s)
210.8s - extractor 0: [13] Chia - OSPT/2022/2022-07-26/10/220726_1209 — starting (embeddings)
211.2s - extractor 1: [15] Chia - Bee Audio 2022 Original/7-13-22_SouthCharleston/8/220715_1135 — 8 cached label file(s) → embeddings (ident took 1.7s)
211.2s - extractor 1: [16] Chia - OSPT/2022/2022-07-26/14/220726_1202 — starting (embeddings)
213.2s - extractor 1: [16] Chia - OSPT/2022/2022-07-26/14/220726_1202 — 5 cached label file(s) → embeddings (ident took 2.0s)
213.2s - extractor 1: [17] Chia - OSPT/2022/2022-07-26/15/220728_1403 — starting (embeddings)
213.4s - extractor 0: [13] Chia - OSPT/2022/2022-07-26/10/220726_1209 — 8 cached label file(s) → embeddings (ident took 2.6s)
213.4s - extractor 0: [14] Chia - OSPT/2022/2022-07-26/17/220725_1311 — starting (embeddings)
215.3s - extractor 1: [17] Chia - OSPT/2022/2022-07-26/15/220728_1403 — 8 cached label file(s) → embeddings (ident took 2.1s)
215.3s - extractor 1: [18] Chia - OSPT/2022/2022-07-26/18/220725_1319 — starting (embeddings)
215.5s - extractor 0: [14] Chia - OSPT/2022/2022-07-26/17/220725_1311 — 8 cached label file(s) → embeddings (ident took 2.1s)
215.5s - extractor 0: [15] Chia - OSPT/2022/2022-07-26/18/220727_1501 — starting (embeddings)
216.5s - extractor 1: [18] Chia - OSPT/2022/2022-07-26/18/220725_1319 — 3 cached label file(s) → embeddings (ident took 1.2s)
216.5s - extractor 1: [19] Chia - OSPT/2022/2022-07-26/23/220727_1453 — starting (embeddings)
216.8s - extractor 0: [15] Chia - OSPT/2022/2022-07-26/18/220727_1501 — 4 cached label file(s) → embeddings (ident took 1.3s)
216.8s - extractor 0: [16] Chia - OSPT/2022/2022-07-26/25/220725_1324 — starting (embeddings)
218.6s - extractor 0: [16] Chia - OSPT/2022/2022-07-26/25/220725_1324 — 3 cached label file(s) → embeddings (ident took 1.8s)
218.6s - extractor 0: [17] Chia - OSPT/2022/2022-07-26/25/220727_1507 — starting (embeddings)
218.7s - extractor 1: [19] Chia - OSPT/2022/2022-07-26/23/220727_1453 — 6 cached label file(s) → embeddings (ident took 2.2s)
218.7s - extractor 1: [20] Chia - OSPT/2022/2022-07-26/29/220725_1321 — starting (embeddings)
221.0s - extractor 0: [17] Chia - OSPT/2022/2022-07-26/25/220727_1507 — 9 cached label file(s) → embeddings (ident took 2.4s)
221.0s - extractor 0: [18] Chia - OSPT/2022/2022-08-02/11/220802_1058 — starting (embeddings)
222.0s - extractor 1: [20] Chia - OSPT/2022/2022-07-26/29/220725_1321 — 4 cached label file(s) → embeddings (ident took 3.3s)
222.0s - extractor 1: [21] Chia - OSPT/2022/2022-08-02/13/220802_1108 — starting (embeddings)
223.9s - extractor 1: [21] Chia - OSPT/2022/2022-08-02/13/220802_1108 — 6 cached label file(s) → embeddings (ident took 1.9s)
223.9s - extractor 1: [22] Chia - OSPT/2022/2022-08-02/13/220806_1432 — starting (embeddings)
224.9s - extractor 1: [22] Chia - OSPT/2022/2022-08-02/13/220806_1432 — 3 cached label file(s) → embeddings (ident took 1.0s)
224.9s - extractor 1: [23] Chia - OSPT/2022/2022-08-02/20/220802_1056 — starting (embeddings)
225.8s - extractor 1: [23] Chia - OSPT/2022/2022-08-02/20/220802_1056 — 3 cached label file(s) → embeddings (ident took 0.9s)
225.8s - extractor 1: [24] Chia - OSPT/2022/2022-08-02/22/220804_1241 — starting (embeddings)
226.8s - extractor 0: [18] Chia - OSPT/2022/2022-08-02/11/220802_1058 — 21 cached label file(s) → embeddings (ident took 5.8s)
226.8s - extractor 0: [19] Chia - OSPT/2022/2022-08-02/23/220802_1047 — starting (embeddings)
227.8s - extractor 0: [19] Chia - OSPT/2022/2022-08-02/23/220802_1047 — 5 cached label file(s) → embeddings (ident took 1.0s)
227.8s - extractor 0: [20] Chia - OSPT/2022/2022-08-02/29/220802_1102 — starting (embeddings)
228.0s - extractor 1: [24] Chia - OSPT/2022/2022-08-02/22/220804_1241 — 5 cached label file(s) → embeddings (ident took 2.2s)
228.0s - extractor 1: [25] Chia - OSPT/2022/2022-08-02/29/220804_1244 — starting (embeddings)
228.7s - extractor 0: [20] Chia - OSPT/2022/2022-08-02/29/220802_1102 — 3 cached label file(s) → embeddings (ident took 0.9s)
228.7s - extractor 0: [21] Chia - OSPT/2022/2022-08-02/32/220804_1227 — starting (embeddings)
228.8s - extractor 1: [25] Chia - OSPT/2022/2022-08-02/29/220804_1244 — 3 cached label file(s) → embeddings (ident took 0.9s)
228.8s - extractor 1: [26] Chia_Lin - Soybean on-farm spray audios/2023-07-25 Combs Sabine-Bigelow/14/230725_1202 — starting (embeddings)
231.2s - extractor 0: [21] Chia - OSPT/2022/2022-08-02/32/220804_1227 — 9 cached label file(s) → embeddings (ident took 2.4s)
231.2s - extractor 0: [22] Chia_Lin - Soybean on-farm spray audios/2023-07-25 Combs Sabine-Bigelow/14/230727_1344 — starting (embeddings)
232.8s - extractor 0: [22] Chia_Lin - Soybean on-farm spray audios/2023-07-25 Combs Sabine-Bigelow/14/230727_1344 — 8 cached label file(s) → embeddings (ident took 1.6s)
232.8s - extractor 0: [23] Chia_Lin - Soybean on-farm spray audios/2023-07-25 Combs Sabine-Bigelow/14/230730_1621 — starting (embeddings)
235.6s - extractor 1: [26] Chia_Lin - Soybean on-farm spray audios/2023-07-25 Combs Sabine-Bigelow/14/230725_1202 — 28 cached label file(s) → embeddings (ident took 6.8s)
235.6s - extractor 1: [27] Chia_Lin - Soybean on-farm spray audios/2023-07-25 Combs Sabine-Bigelow/14/230801_1803 — starting (embeddings)
237.9s - extractor 0: [23] Chia_Lin - Soybean on-farm spray audios/2023-07-25 Combs Sabine-Bigelow/14/230730_1621 — 14 cached label file(s) → embeddings (ident took 5.1s)
237.9s - extractor 0: [24] Chia_Lin - Soybean on-farm spray audios/2023-07-25 Combs Sabine-Bigelow/23/230725_1159 — starting (embeddings)
238.8s - extractor 1: [27] Chia_Lin - Soybean on-farm spray audios/2023-07-25 Combs Sabine-Bigelow/14/230801_1803 — 7 cached label file(s) → embeddings (ident took 3.2s)
238.8s - extractor 1: [28] Chia_Lin - Soybean on-farm spray audios/2023-07-25 Combs Sabine-Bigelow/23/230727_1341 — starting (embeddings)
241.8s - extractor 0: [24] Chia_Lin - Soybean on-farm spray audios/2023-07-25 Combs Sabine-Bigelow/23/230725_1159 — 19 cached label file(s) → embeddings (ident took 3.9s)
241.8s - extractor 0: [25] Chia_Lin - Soybean on-farm spray audios/2023-07-25 Combs Sabine-Bigelow/23/230730_1624 — starting (embeddings)
243.5s - extractor 1: [28] Chia_Lin - Soybean on-farm spray audios/2023-07-25 Combs Sabine-Bigelow/23/230727_1341 — 16 cached label file(s) → embeddings (ident took 4.7s)
243.5s - extractor 1: [29] Chia_Lin - Soybean on-farm spray audios/2023-07-25 Combs Sabine-Bigelow/23/230801_1806 — starting (embeddings)
244.5s - extractor 1: [29] Chia_Lin - Soybean on-farm spray audios/2023-07-25 Combs Sabine-Bigelow/23/230801_1806 — 3 cached label file(s) → embeddings (ident took 1.0s)
244.5s - extractor 1: [30] Chia_Lin - Soybean on-farm spray audios/2023-07-30 FSR/29/230730_1704 — starting (embeddings)
245.4s - extractor 0: [25] Chia_Lin - Soybean on-farm spray audios/2023-07-25 Combs Sabine-Bigelow/23/230730_1624 — 8 cached label file(s) → embeddings (ident took 3.5s)
245.4s - extractor 0: [26] Chia_Lin - Soybean on-farm spray audios/2023-07-30 FSR/29/230801_1846 — starting (embeddings)
249.5s - extractor 0: [26] Chia_Lin - Soybean on-farm spray audios/2023-07-30 FSR/29/230801_1846 — 10 cached label file(s) → embeddings (ident took 4.1s)
249.5s - extractor 0: [27] Chia_Lin - Soybean on-farm spray audios/2023-07-30 FSR/3/230730_1704 — starting (embeddings)
249.8s - extractor 1: [30] Chia_Lin - Soybean on-farm spray audios/2023-07-30 FSR/29/230730_1704 — 9 cached label file(s) → embeddings (ident took 5.3s)
249.8s - extractor 1: [31] Chia_Lin - Soybean on-farm spray audios/2023-07-30 FSR/3/230801_1847 — starting (embeddings)
251.5s - extractor 1: [31] Chia_Lin - Soybean on-farm spray audios/2023-07-30 FSR/3/230801_1847 — 5 cached label file(s) → embeddings (ident took 1.7s)
251.5s - extractor 1: [32] Karlan Forrester - Soybean Attractiveness/A11/4/210721_0949 — starting (embeddings)
254.4s - extractor 1: [32] Karlan Forrester - Soybean Attractiveness/A11/4/210721_0949 — 7 cached label file(s) → embeddings (ident took 2.9s)
254.4s - extractor 1: [33] Karlan Forrester - Soybean Attractiveness/A11/4/210723_1131 — starting (embeddings)
255.0s - extractor 0: [27] Chia_Lin - Soybean on-farm spray audios/2023-07-30 FSR/3/230730_1704 — 8 cached label file(s) → embeddings (ident took 5.6s)
255.1s - extractor 0: [28] Karlan Forrester - Soybean Attractiveness/A11/4/210726_1007 — starting (embeddings)
258.3s - extractor 1: [33] Karlan Forrester - Soybean Attractiveness/A11/4/210723_1131 — 14 cached label file(s) → embeddings (ident took 3.9s)
258.3s - extractor 1: [34] Karlan Forrester - Soybean Attractiveness/A11/4/210728_1150 — starting (embeddings)
258.4s - extractor 0: [28] Karlan Forrester - Soybean Attractiveness/A11/4/210726_1007 — 11 cached label file(s) → embeddings (ident took 3.4s)
258.4s - extractor 0: [29] Karlan Forrester - Soybean Attractiveness/A11/4/210805_0819 — starting (embeddings)
258.9s - extractor 1: [34] Karlan Forrester - Soybean Attractiveness/A11/4/210728_1150 — 4 cached label file(s) → embeddings (ident took 0.6s)
258.9s - extractor 1: [35] Karlan Forrester - Soybean Attractiveness/A11/4/210807_1001 — starting (embeddings)
259.9s - extractor 1: [35] Karlan Forrester - Soybean Attractiveness/A11/4/210807_1001 — 4 cached label file(s) → embeddings (ident took 1.0s)
259.9s - extractor 1: [36] Karlan Forrester - Soybean Attractiveness/C9-16/4/210721_0910 — starting (embeddings)
267.0s - extractor 0: [29] Karlan Forrester - Soybean Attractiveness/A11/4/210805_0819 — 20 cached label file(s) → embeddings (ident took 8.5s)
267.0s - extractor 0: [30] Karlan Forrester - Soybean Attractiveness/C9-16/4/210723_1052 — starting (embeddings)
273.6s - extractor 0: [30] Karlan Forrester - Soybean Attractiveness/C9-16/4/210723_1052 — 13 cached label file(s) → embeddings (ident took 6.6s)
273.6s - extractor 0: [31] Karlan Forrester - Soybean Attractiveness/C9-16/4/210726_0933 — starting (embeddings)
278.0s - extractor 1: [36] Karlan Forrester - Soybean Attractiveness/C9-16/4/210721_0910 — 12 cached label file(s) → embeddings (ident took 18.1s)
278.0s - extractor 1: [37] Karlan Forrester - Soybean Attractiveness/C9-16/4/210728_1115 — starting (embeddings)
278.8s - extractor 1: [37] Karlan Forrester - Soybean Attractiveness/C9-16/4/210728_1115 — 5 cached label file(s) → embeddings (ident took 0.8s)
278.8s - extractor 1: [38] Karlan Forrester - Soybean Attractiveness/C9-16/4/210805_0743 — starting (embeddings)
283.6s - extractor 0: [31] Karlan Forrester - Soybean Attractiveness/C9-16/4/210726_0933 — 30 cached label file(s) → embeddings (ident took 10.0s)
283.6s - extractor 0: [32] Karlan Forrester - Soybean Attractiveness/C9-16/4/210807_0925 — starting (embeddings)
284.6s - extractor 0: [32] Karlan Forrester - Soybean Attractiveness/C9-16/4/210807_0925 — 5 cached label file(s) → embeddings (ident took 1.0s)
284.6s - extractor 0: [33] Karlan Forrester - Soybean Attractiveness/EBN/4/210721_0930 — starting (embeddings)
286.4s - extractor 1: [38] Karlan Forrester - Soybean Attractiveness/C9-16/4/210805_0743 — 24 cached label file(s) → embeddings (ident took 7.6s)
286.4s - extractor 1: [39] Karlan Forrester - Soybean Attractiveness/EBN/4/210723_1112 — starting (embeddings)
290.2s - extractor 0: [33] Karlan Forrester - Soybean Attractiveness/EBN/4/210721_0930 — 18 cached label file(s) → embeddings (ident took 5.6s)
290.2s - extractor 0: [34] Karlan Forrester - Soybean Attractiveness/EBN/4/210726_0950 — starting (embeddings)
291.0s - extractor 1: [39] Karlan Forrester - Soybean Attractiveness/EBN/4/210723_1112 — 12 cached label file(s) → embeddings (ident took 4.6s)
291.0s - extractor 1: [40] Karlan Forrester - Soybean Attractiveness/EBN/4/210728_1132 — starting (embeddings)
293.2s - extractor 1: [40] Karlan Forrester - Soybean Attractiveness/EBN/4/210728_1132 — 7 cached label file(s) → embeddings (ident took 2.2s)
293.2s - extractor 1: [41] Karlan Forrester - Soybean Attractiveness/EBN/4/210805_0800 — starting (embeddings)
296.3s - extractor 0: [34] Karlan Forrester - Soybean Attractiveness/EBN/4/210726_0950 — 18 cached label file(s) → embeddings (ident took 6.2s)
296.3s - extractor 0: [35] Karlan Forrester - Soybean Attractiveness/L6-8/4/210721_0855 — starting (embeddings)
299.0s - extractor 0: [35] Karlan Forrester - Soybean Attractiveness/L6-8/4/210721_0855 — 8 cached label file(s) → embeddings (ident took 2.7s)
299.0s - extractor 0: [36] Karlan Forrester - Soybean Attractiveness/L6-8/4/210723_1038 — starting (embeddings)
301.3s - extractor 0: [36] Karlan Forrester - Soybean Attractiveness/L6-8/4/210723_1038 — 6 cached label file(s) → embeddings (ident took 2.3s)
301.3s - extractor 0: [37] Karlan Forrester - Soybean Attractiveness/L6-8/4/210726_0918 — starting (embeddings)
304.4s - extractor 1: [41] Karlan Forrester - Soybean Attractiveness/EBN/4/210805_0800 — 32 cached label file(s) → embeddings (ident took 11.2s)
304.4s - extractor 1: [42] Karlan Forrester - Soybean Attractiveness/L6-8/4/210728_1100 — starting (embeddings)
305.1s - extractor 0: [37] Karlan Forrester - Soybean Attractiveness/L6-8/4/210726_0918 — 7 cached label file(s) → embeddings (ident took 3.8s)
305.1s - extractor 0: [38] Karlan Forrester - Soybean Attractiveness/L6-8/4/210805_0726 — starting (embeddings)
305.8s - extractor 1: [42] Karlan Forrester - Soybean Attractiveness/L6-8/4/210728_1100 — 5 cached label file(s) → embeddings (ident took 1.4s)
305.8s - extractor 1: [43] Karlan Forrester - Soybean Attractiveness/L6-8/4/210807_0908 — starting (embeddings)
306.3s - extractor 1: [43] Karlan Forrester - Soybean Attractiveness/L6-8/4/210807_0908 — 4 cached label file(s) → embeddings (ident took 0.6s)
306.3s - extractor 1: [44] Luke - External Data Sources/InsectSound1000/Bombus_terrestris/2023427-16-31/000000/2023427-16-31_Bombus_terrestris_000000_s105_ch3 — starting (embeddings)
306.5s - extractor 1: [44] Luke - External Data Sources/InsectSound1000/Bombus_terrestris/2023427-16-31/000000/2023427-16-31_Bombus_terrestris_000000_s105_ch3 — 1 cached label file(s) → embeddings (ident took 0.1s)
306.5s - extractor 1: [45] Luke - External Data Sources/InsectSound1000/Bombus_terrestris/2023427-16-31/000000/2023427-16-31_Bombus_terrestris_000000_s118_ch3 — starting (embeddings)
306.6s - extractor 1: [45] Luke - External Data Sources/InsectSound1000/Bombus_terrestris/2023427-16-31/000000/2023427-16-31_Bombus_terrestris_000000_s118_ch3 — 1 cached label file(s) → embeddings (ident took 0.1s)
306.6s - extractor 1: [46] Luke - External Data Sources/InsectSound1000/Bombus_terrestris/2023427-16-31/000002/2023427-16-31_Bombus_terrestris_000002_s185_ch0 — starting (embeddings)
306.8s - extractor 1: [46] Luke - External Data Sources/InsectSound1000/Bombus_terrestris/2023427-16-31/000002/2023427-16-31_Bombus_terrestris_000002_s185_ch0 — 1 cached label file(s) → embeddings (ident took 0.2s)
306.8s - extractor 1: [47] Luke - External Data Sources/InsectSound1000/Bombus_terrestris/2023427-16-31/000003/2023427-16-31_Bombus_terrestris_000003_s56_ch1 — starting (embeddings)
306.9s - extractor 1: [47] Luke - External Data Sources/InsectSound1000/Bombus_terrestris/2023427-16-31/000003/2023427-16-31_Bombus_terrestris_000003_s56_ch1 — 1 cached label file(s) → embeddings (ident took 0.2s)
306.9s - extractor 1: [48] Luke - External Data Sources/InsectSound1000/Bombus_terrestris/2023427-16-31/000053/2023427-16-31_Bombus_terrestris_000053_s24_ch2 — starting (embeddings)
307.1s - extractor 1: [48] Luke - External Data Sources/InsectSound1000/Bombus_terrestris/2023427-16-31/000053/2023427-16-31_Bombus_terrestris_000053_s24_ch2 — 1 cached label file(s) → embeddings (ident took 0.1s)
307.1s - extractor 1: [49] Luke - External Data Sources/InsectSound1000/Bombus_terrestris/2023510-16-19/000009/2023510-16-19_Bombus_terrestris_000009_s92_ch1 — starting (embeddings)
307.2s - extractor 1: [49] Luke - External Data Sources/InsectSound1000/Bombus_terrestris/2023510-16-19/000009/2023510-16-19_Bombus_terrestris_000009_s92_ch1 — 1 cached label file(s) → embeddings (ident took 0.2s)
307.2s - extractor 1: [50] Luke - External Data Sources/InsectSound1000/Bombus_terrestris/2023510-16-19/000022/2023510-16-19_Bombus_terrestris_000022_s116_ch3 — starting (embeddings)
307.4s - extractor 1: [50] Luke - External Data Sources/InsectSound1000/Bombus_terrestris/2023510-16-19/000022/2023510-16-19_Bombus_terrestris_000022_s116_ch3 — 1 cached label file(s) → embeddings (ident took 0.2s)
307.4s - extractor 1: [51] Luke - External Data Sources/InsectSound1000/Bombus_terrestris/2023510-16-19/000031/2023510-16-19_Bombus_terrestris_000031_s158_ch3 — starting (embeddings)
307.5s - extractor 1: [51] Luke - External Data Sources/InsectSound1000/Bombus_terrestris/2023510-16-19/000031/2023510-16-19_Bombus_terrestris_000031_s158_ch3 — 1 cached label file(s) → embeddings (ident took 0.1s)
307.5s - extractor 1: [52] Luke - External Data Sources/InsectSound1000/Bombus_terrestris/2023510-16-19/000032/2023510-16-19_Bombus_terrestris_000032_s88_ch0 — starting (embeddings)
307.7s - extractor 1: [52] Luke - External Data Sources/InsectSound1000/Bombus_terrestris/2023510-16-19/000032/2023510-16-19_Bombus_terrestris_000032_s88_ch0 — 1 cached label file(s) → embeddings (ident took 0.2s)
307.7s - extractor 1: [53] Luke - External Data Sources/InsectSound1000/Bombus_terrestris/2023510-16-19/000033/2023510-16-19_Bombus_terrestris_000033_s183_ch2 — starting (embeddings)
307.8s - extractor 1: [53] Luke - External Data Sources/InsectSound1000/Bombus_terrestris/2023510-16-19/000033/2023510-16-19_Bombus_terrestris_000033_s183_ch2 — 1 cached label file(s) → embeddings (ident took 0.1s)
307.8s - extractor 1: [54] Luke - External Data Sources/InsectSound1000/Bombus_terrestris/2023510-16-19/000034/2023510-16-19_Bombus_terrestris_000034_s13_ch0 — starting (embeddings)
307.9s - extractor 0: [38] Karlan Forrester - Soybean Attractiveness/L6-8/4/210805_0726 — 10 cached label file(s) → embeddings (ident took 2.8s)
307.9s - extractor 0: [39] Luke - External Data Sources/InsectSound1000/Bombus_terrestris/2023510-16-19/000034/2023510-16-19_Bombus_terrestris_000034_s85_ch0 — starting (embeddings)
307.9s - extractor 1: [54] Luke - External Data Sources/InsectSound1000/Bombus_terrestris/2023510-16-19/000034/2023510-16-19_Bombus_terrestris_000034_s13_ch0 — 1 cached label file(s) → embeddings (ident took 0.1s)
307.9s - extractor 1: [55] Luke - External Data Sources/InsectSound1000/Bombus_terrestris/2023510-16-19/000034/2023510-16-19_Bombus_terrestris_000034_s95_ch0 — starting (embeddings)
307.9s - extractor 0: [39] Luke - External Data Sources/InsectSound1000/Bombus_terrestris/2023510-16-19/000034/2023510-16-19_Bombus_terrestris_000034_s85_ch0 — 1 cached label file(s) → embeddings (ident took 0.1s)
307.9s - extractor 0: [40] Luke - External Data Sources/InsectSound1000/Bombus_terrestris/202359-16-42/000002/202359-16-42_Bombus_terrestris_000002_s154_ch0 — starting (embeddings)
308.0s - extractor 1: [55] Luke - External Data Sources/InsectSound1000/Bombus_terrestris/2023510-16-19/000034/2023510-16-19_Bombus_terrestris_000034_s95_ch0 — 1 cached label file(s) → embeddings (ident took 0.1s)
308.0s - extractor 1: [56] Luke - External Data Sources/InsectSound1000/Bombus_terrestris/202359-16-42/000004/202359-16-42_Bombus_terrestris_000004_s220_ch3 — starting (embeddings)
308.0s - extractor 0: [40] Luke - External Data Sources/InsectSound1000/Bombus_terrestris/202359-16-42/000002/202359-16-42_Bombus_terrestris_000002_s154_ch0 — 1 cached label file(s) → embeddings (ident took 0.1s)
308.0s - extractor 0: [41] Luke - External Data Sources/InsectSound1000/Bombus_terrestris/202359-16-42/000004/202359-16-42_Bombus_terrestris_000004_s222_ch3 — starting (embeddings)
308.1s - extractor 1: [56] Luke - External Data Sources/InsectSound1000/Bombus_terrestris/202359-16-42/000004/202359-16-42_Bombus_terrestris_000004_s220_ch3 — 1 cached label file(s) → embeddings (ident took 0.1s)
308.1s - extractor 0: [41] Luke - External Data Sources/InsectSound1000/Bombus_terrestris/202359-16-42/000004/202359-16-42_Bombus_terrestris_000004_s222_ch3 — 1 cached label file(s) → embeddings (ident took 0.1s)
308.1s - extractor 1: [57] Luke - External Data Sources/InsectSound1000/Bombus_terrestris/202359-16-42/000021/202359-16-42_Bombus_terrestris_000021_s162_ch0 — starting (embeddings)
308.1s - extractor 0: [42] Luke - External Data Sources/InsectSound1000/Bombus_terrestris/202359-16-42/000027/202359-16-42_Bombus_terrestris_000027_s40_ch0 — starting (embeddings)
308.2s - extractor 0: [42] Luke - External Data Sources/InsectSound1000/Bombus_terrestris/202359-16-42/000027/202359-16-42_Bombus_terrestris_000027_s40_ch0 — 1 cached label file(s) → embeddings (ident took 0.1s)
308.2s - extractor 1: [57] Luke - External Data Sources/InsectSound1000/Bombus_terrestris/202359-16-42/000021/202359-16-42_Bombus_terrestris_000021_s162_ch0 — 1 cached label file(s) → embeddings (ident took 0.1s)
308.2s - extractor 0: [43] Luke - External Data Sources/InsectSound1000/Bombus_terrestris/202359-16-42/000029/202359-16-42_Bombus_terrestris_000029_s80_ch2 — starting (embeddings)308.2s - extractor 1: [58] Luke - External Data Sources/InsectSound1000/Coccinella_septempunctata/2023418-15-24/000000/2023418-15-24_Coccinella_septempunctata_000000_s1_ch0 — starting (embeddings)

308.3s - extractor 1: [58] Luke - External Data Sources/InsectSound1000/Coccinella_septempunctata/2023418-15-24/000000/2023418-15-24_Coccinella_septempunctata_000000_s1_ch0 — 1 cached label file(s) → embeddings (ident took 0.1s)
308.3s - extractor 0: [43] Luke - External Data Sources/InsectSound1000/Bombus_terrestris/202359-16-42/000029/202359-16-42_Bombus_terrestris_000029_s80_ch2 — 1 cached label file(s) → embeddings (ident took 0.1s)
308.3s - extractor 1: [59] Luke - External Data Sources/InsectSound1000/Coccinella_septempunctata/2023418-15-24/000000/2023418-15-24_Coccinella_septempunctata_000000_s10_ch0 — starting (embeddings)308.3s - extractor 0: [44] Luke - External Data Sources/InsectSound1000/Coccinella_septempunctata/2023418-15-24/000000/2023418-15-24_Coccinella_septempunctata_000000_s11_ch0 — starting (embeddings)

308.4s - extractor 0: [44] Luke - External Data Sources/InsectSound1000/Coccinella_septempunctata/2023418-15-24/000000/2023418-15-24_Coccinella_septempunctata_000000_s11_ch0 — 1 cached label file(s) → embeddings (ident took 0.1s)
308.4s - extractor 1: [59] Luke - External Data Sources/InsectSound1000/Coccinella_septempunctata/2023418-15-24/000000/2023418-15-24_Coccinella_septempunctata_000000_s10_ch0 — 1 cached label file(s) → embeddings (ident took 0.1s)
308.4s - extractor 1: [60] Luke - External Data Sources/InsectSound1000/Coccinella_septempunctata/2023418-15-24/000000/2023418-15-24_Coccinella_septempunctata_000000_s13_ch0 — starting (embeddings)308.4s - extractor 0: [45] Luke - External Data Sources/InsectSound1000/Coccinella_septempunctata/2023418-15-24/000000/2023418-15-24_Coccinella_septempunctata_000000_s12_ch0 — starting (embeddings)

308.5s - extractor 1: [60] Luke - External Data Sources/InsectSound1000/Coccinella_septempunctata/2023418-15-24/000000/2023418-15-24_Coccinella_septempunctata_000000_s13_ch0 — 1 cached label file(s) → embeddings (ident took 0.1s)
308.5s - extractor 0: [45] Luke - External Data Sources/InsectSound1000/Coccinella_septempunctata/2023418-15-24/000000/2023418-15-24_Coccinella_septempunctata_000000_s12_ch0 — 1 cached label file(s) → embeddings (ident took 0.1s)
308.5s - extractor 1: [61] Luke - External Data Sources/InsectSound1000/Coccinella_septempunctata/2023418-15-24/000000/2023418-15-24_Coccinella_septempunctata_000000_s14_ch0 — starting (embeddings)308.5s - extractor 0: [46] Luke - External Data Sources/InsectSound1000/Coccinella_septempunctata/2023418-15-24/000000/2023418-15-24_Coccinella_septempunctata_000000_s15_ch0 — starting (embeddings)

308.6s - extractor 1: [61] Luke - External Data Sources/InsectSound1000/Coccinella_septempunctata/2023418-15-24/000000/2023418-15-24_Coccinella_septempunctata_000000_s14_ch0 — 1 cached label file(s) → embeddings (ident took 0.1s)
308.6s - extractor 0: [46] Luke - External Data Sources/InsectSound1000/Coccinella_septempunctata/2023418-15-24/000000/2023418-15-24_Coccinella_septempunctata_000000_s15_ch0 — 1 cached label file(s) → embeddings (ident took 0.1s)
308.6s - extractor 1: [62] Luke - External Data Sources/InsectSound1000/Coccinella_septempunctata/2023418-15-24/000000/2023418-15-24_Coccinella_septempunctata_000000_s16_ch0 — starting (embeddings)
308.6s - extractor 0: [47] Luke - External Data Sources/InsectSound1000/Coccinella_septempunctata/2023418-15-24/000000/2023418-15-24_Coccinella_septempunctata_000000_s17_ch0 — starting (embeddings)
308.7s - extractor 1: [62] Luke - External Data Sources/InsectSound1000/Coccinella_septempunctata/2023418-15-24/000000/2023418-15-24_Coccinella_septempunctata_000000_s16_ch0 — 1 cached label file(s) → embeddings (ident took 0.1s)
308.7s - extractor 1: [63] Luke - External Data Sources/InsectSound1000/Coccinella_septempunctata/2023418-15-24/000000/2023418-15-24_Coccinella_septempunctata_000000_s18_ch0 — starting (embeddings)
308.7s - extractor 0: [47] Luke - External Data Sources/InsectSound1000/Coccinella_septempunctata/2023418-15-24/000000/2023418-15-24_Coccinella_septempunctata_000000_s17_ch0 — 1 cached label file(s) → embeddings (ident took 0.1s)
308.7s - extractor 0: [48] Luke - External Data Sources/InsectSound1000/Coccinella_septempunctata/2023418-15-24/000000/2023418-15-24_Coccinella_septempunctata_000000_s19_ch0 — starting (embeddings)
308.8s - extractor 1: [63] Luke - External Data Sources/InsectSound1000/Coccinella_septempunctata/2023418-15-24/000000/2023418-15-24_Coccinella_septempunctata_000000_s18_ch0 — 1 cached label file(s) → embeddings (ident took 0.1s)
308.8s - extractor 1: [64] Luke - External Data Sources/InsectSound1000/Coccinella_septempunctata/2023418-15-24/000000/2023418-15-24_Coccinella_septempunctata_000000_s2_ch0 — starting (embeddings)
308.8s - extractor 0: [48] Luke - External Data Sources/InsectSound1000/Coccinella_septempunctata/2023418-15-24/000000/2023418-15-24_Coccinella_septempunctata_000000_s19_ch0 — 1 cached label file(s) → embeddings (ident took 0.1s)
308.8s - extractor 0: [49] Luke - External Data Sources/InsectSound1000/Coccinella_septempunctata/2023418-15-24/000000/2023418-15-24_Coccinella_septempunctata_000000_s20_ch0 — starting (embeddings)
308.9s - extractor 0: [49] Luke - External Data Sources/InsectSound1000/Coccinella_septempunctata/2023418-15-24/000000/2023418-15-24_Coccinella_septempunctata_000000_s20_ch0 — 1 cached label file(s) → embeddings (ident took 0.1s)
308.9s - extractor 1: [64] Luke - External Data Sources/InsectSound1000/Coccinella_septempunctata/2023418-15-24/000000/2023418-15-24_Coccinella_septempunctata_000000_s2_ch0 — 1 cached label file(s) → embeddings (ident took 0.1s)
308.9s - extractor 0: [50] Luke - External Data Sources/InsectSound1000/Coccinella_septempunctata/2023418-15-24/000000/2023418-15-24_Coccinella_septempunctata_000000_s21_ch0 — starting (embeddings)
308.9s - extractor 1: [65] Luke - External Data Sources/InsectSound1000/Coccinella_septempunctata/2023418-15-24/000000/2023418-15-24_Coccinella_septempunctata_000000_s22_ch0 — starting (embeddings)
309.0s - extractor 0: [50] Luke - External Data Sources/InsectSound1000/Coccinella_septempunctata/2023418-15-24/000000/2023418-15-24_Coccinella_septempunctata_000000_s21_ch0 — 1 cached label file(s) → embeddings (ident took 0.1s)
309.0s - extractor 0: [51] Luke - External Data Sources/InsectSound1000/Coccinella_septempunctata/2023418-15-24/000000/2023418-15-24_Coccinella_septempunctata_000000_s23_ch0 — starting (embeddings)
309.0s - extractor 1: [65] Luke - External Data Sources/InsectSound1000/Coccinella_septempunctata/2023418-15-24/000000/2023418-15-24_Coccinella_septempunctata_000000_s22_ch0 — 1 cached label file(s) → embeddings (ident took 0.1s)
309.0s - extractor 1: [66] Luke - External Data Sources/InsectSound1000/Coccinella_septempunctata/2023418-15-24/000000/2023418-15-24_Coccinella_septempunctata_000000_s24_ch0 — starting (embeddings)
309.1s - extractor 0: [51] Luke - External Data Sources/InsectSound1000/Coccinella_septempunctata/2023418-15-24/000000/2023418-15-24_Coccinella_septempunctata_000000_s23_ch0 — 1 cached label file(s) → embeddings (ident took 0.1s)
309.1s - extractor 0: [52] Luke - External Data Sources/InsectSound1000/Coccinella_septempunctata/2023418-15-24/000000/2023418-15-24_Coccinella_septempunctata_000000_s25_ch0 — starting (embeddings)
309.1s - extractor 1: [66] Luke - External Data Sources/InsectSound1000/Coccinella_septempunctata/2023418-15-24/000000/2023418-15-24_Coccinella_septempunctata_000000_s24_ch0 — 1 cached label file(s) → embeddings (ident took 0.1s)
309.1s - extractor 1: [67] Luke - External Data Sources/InsectSound1000/Coccinella_septempunctata/2023418-15-24/000000/2023418-15-24_Coccinella_septempunctata_000000_s26_ch0 — starting (embeddings)
309.2s - extractor 1: [67] Luke - External Data Sources/InsectSound1000/Coccinella_septempunctata/2023418-15-24/000000/2023418-15-24_Coccinella_septempunctata_000000_s26_ch0 — 1 cached label file(s) → embeddings (ident took 0.1s)309.2s - extractor 0: [52] Luke - External Data Sources/InsectSound1000/Coccinella_septempunctata/2023418-15-24/000000/2023418-15-24_Coccinella_septempunctata_000000_s25_ch0 — 1 cached label file(s) → embeddings (ident took 0.1s)

309.2s - extractor 0: [53] Luke - External Data Sources/InsectSound1000/Coccinella_septempunctata/2023418-15-24/000000/2023418-15-24_Coccinella_septempunctata_000000_s27_ch0 — starting (embeddings)309.2s - extractor 1: [68] Luke - External Data Sources/InsectSound1000/Coccinella_septempunctata/2023418-15-24/000000/2023418-15-24_Coccinella_septempunctata_000000_s28_ch0 — starting (embeddings)

309.3s - extractor 0: [53] Luke - External Data Sources/InsectSound1000/Coccinella_septempunctata/2023418-15-24/000000/2023418-15-24_Coccinella_septempunctata_000000_s27_ch0 — 1 cached label file(s) → embeddings (ident took 0.1s)
309.3s - extractor 1: [68] Luke - External Data Sources/InsectSound1000/Coccinella_septempunctata/2023418-15-24/000000/2023418-15-24_Coccinella_septempunctata_000000_s28_ch0 — 1 cached label file(s) → embeddings (ident took 0.1s)
309.3s - extractor 0: [54] Luke - External Data Sources/InsectSound1000/Coccinella_septempunctata/2023418-15-24/000000/2023418-15-24_Coccinella_septempunctata_000000_s29_ch0 — starting (embeddings)
309.3s - extractor 1: [69] Luke - External Data Sources/InsectSound1000/Coccinella_septempunctata/2023418-15-24/000000/2023418-15-24_Coccinella_septempunctata_000000_s3_ch0 — starting (embeddings)
309.4s - extractor 0: [54] Luke - External Data Sources/InsectSound1000/Coccinella_septempunctata/2023418-15-24/000000/2023418-15-24_Coccinella_septempunctata_000000_s29_ch0 — 1 cached label file(s) → embeddings (ident took 0.1s)309.4s - extractor 1: [69] Luke - External Data Sources/InsectSound1000/Coccinella_septempunctata/2023418-15-24/000000/2023418-15-24_Coccinella_septempunctata_000000_s3_ch0 — 1 cached label file(s) → embeddings (ident took 0.1s)

309.4s - extractor 0: [55] Luke - External Data Sources/InsectSound1000/Coccinella_septempunctata/2023418-15-24/000000/2023418-15-24_Coccinella_septempunctata_000000_s30_ch0 — starting (embeddings)309.4s - extractor 1: [70] Luke - External Data Sources/InsectSound1000/Coccinella_septempunctata/2023418-15-24/000000/2023418-15-24_Coccinella_septempunctata_000000_s31_ch0 — starting (embeddings)

309.5s - extractor 0: [55] Luke - External Data Sources/InsectSound1000/Coccinella_septempunctata/2023418-15-24/000000/2023418-15-24_Coccinella_septempunctata_000000_s30_ch0 — 1 cached label file(s) → embeddings (ident took 0.1s)309.5s - extractor 1: [70] Luke - External Data Sources/InsectSound1000/Coccinella_septempunctata/2023418-15-24/000000/2023418-15-24_Coccinella_septempunctata_000000_s31_ch0 — 1 cached label file(s) → embeddings (ident took 0.1s)

309.5s - extractor 0: [56] Luke - External Data Sources/InsectSound1000/Coccinella_septempunctata/2023418-15-24/000000/2023418-15-24_Coccinella_septempunctata_000000_s32_ch0 — starting (embeddings)309.5s - extractor 1: [71] Luke - External Data Sources/InsectSound1000/Coccinella_septempunctata/2023418-15-24/000000/2023418-15-24_Coccinella_septempunctata_000000_s33_ch0 — starting (embeddings)

309.6s - extractor 1: [71] Luke - External Data Sources/InsectSound1000/Coccinella_septempunctata/2023418-15-24/000000/2023418-15-24_Coccinella_septempunctata_000000_s33_ch0 — 1 cached label file(s) → embeddings (ident took 0.1s)309.6s - extractor 0: [56] Luke - External Data Sources/InsectSound1000/Coccinella_septempunctata/2023418-15-24/000000/2023418-15-24_Coccinella_septempunctata_000000_s32_ch0 — 1 cached label file(s) → embeddings (ident took 0.1s)

309.6s - extractor 0: [57] Luke - External Data Sources/InsectSound1000/Coccinella_septempunctata/2023418-15-24/000000/2023418-15-24_Coccinella_septempunctata_000000_s35_ch0 — starting (embeddings)309.6s - extractor 1: [72] Luke - External Data Sources/InsectSound1000/Coccinella_septempunctata/2023418-15-24/000000/2023418-15-24_Coccinella_septempunctata_000000_s34_ch0 — starting (embeddings)

309.7s - extractor 0: [57] Luke - External Data Sources/InsectSound1000/Coccinella_septempunctata/2023418-15-24/000000/2023418-15-24_Coccinella_septempunctata_000000_s35_ch0 — 1 cached label file(s) → embeddings (ident took 0.1s)309.7s - extractor 1: [72] Luke - External Data Sources/InsectSound1000/Coccinella_septempunctata/2023418-15-24/000000/2023418-15-24_Coccinella_septempunctata_000000_s34_ch0 — 1 cached label file(s) → embeddings (ident took 0.1s)

309.7s - extractor 1: [73] Luke - External Data Sources/InsectSound1000/Coccinella_septempunctata/2023418-15-24/000000/2023418-15-24_Coccinella_septempunctata_000000_s37_ch0 — starting (embeddings)309.7s - extractor 0: [58] Luke - External Data Sources/InsectSound1000/Coccinella_septempunctata/2023418-15-24/000000/2023418-15-24_Coccinella_septempunctata_000000_s36_ch0 — starting (embeddings)

309.8s - extractor 1: [73] Luke - External Data Sources/InsectSound1000/Coccinella_septempunctata/2023418-15-24/000000/2023418-15-24_Coccinella_septempunctata_000000_s37_ch0 — 1 cached label file(s) → embeddings (ident took 0.1s)
309.8s - extractor 0: [58] Luke - External Data Sources/InsectSound1000/Coccinella_septempunctata/2023418-15-24/000000/2023418-15-24_Coccinella_septempunctata_000000_s36_ch0 — 1 cached label file(s) → embeddings (ident took 0.1s)
309.8s - extractor 1: [74] Luke - External Data Sources/InsectSound1000/Coccinella_septempunctata/2023418-15-24/000000/2023418-15-24_Coccinella_septempunctata_000000_s38_ch0 — starting (embeddings)
309.8s - extractor 0: [59] Luke - External Data Sources/InsectSound1000/Coccinella_septempunctata/2023418-15-24/000000/2023418-15-24_Coccinella_septempunctata_000000_s39_ch0 — starting (embeddings)
309.9s - extractor 0: [59] Luke - External Data Sources/InsectSound1000/Coccinella_septempunctata/2023418-15-24/000000/2023418-15-24_Coccinella_septempunctata_000000_s39_ch0 — 1 cached label file(s) → embeddings (ident took 0.1s)
309.9s - extractor 1: [74] Luke - External Data Sources/InsectSound1000/Coccinella_septempunctata/2023418-15-24/000000/2023418-15-24_Coccinella_septempunctata_000000_s38_ch0 — 1 cached label file(s) → embeddings (ident took 0.1s)
309.9s - extractor 0: [60] Luke - External Data Sources/InsectSound1000/Coccinella_septempunctata/2023418-15-24/000000/2023418-15-24_Coccinella_septempunctata_000000_s4_ch0 — starting (embeddings)309.9s - extractor 1: [75] Luke - External Data Sources/InsectSound1000/Coccinella_septempunctata/2023418-15-24/000000/2023418-15-24_Coccinella_septempunctata_000000_s40_ch0 — starting (embeddings)

310.0s - extractor 1: [75] Luke - External Data Sources/InsectSound1000/Coccinella_septempunctata/2023418-15-24/000000/2023418-15-24_Coccinella_septempunctata_000000_s40_ch0 — 1 cached label file(s) → embeddings (ident took 0.1s)310.0s - extractor 0: [60] Luke - External Data Sources/InsectSound1000/Coccinella_septempunctata/2023418-15-24/000000/2023418-15-24_Coccinella_septempunctata_000000_s4_ch0 — 1 cached label file(s) → embeddings (ident took 0.1s)

310.0s - extractor 1: [76] Luke - External Data Sources/InsectSound1000/Coccinella_septempunctata/2023418-15-24/000000/2023418-15-24_Coccinella_septempunctata_000000_s41_ch0 — starting (embeddings)310.0s - extractor 0: [61] Luke - External Data Sources/InsectSound1000/Coccinella_septempunctata/2023418-15-24/000000/2023418-15-24_Coccinella_septempunctata_000000_s42_ch0 — starting (embeddings)

310.1s - extractor 0: [61] Luke - External Data Sources/InsectSound1000/Coccinella_septempunctata/2023418-15-24/000000/2023418-15-24_Coccinella_septempunctata_000000_s42_ch0 — 1 cached label file(s) → embeddings (ident took 0.1s)310.1s - extractor 1: [76] Luke - External Data Sources/InsectSound1000/Coccinella_septempunctata/2023418-15-24/000000/2023418-15-24_Coccinella_septempunctata_000000_s41_ch0 — 1 cached label file(s) → embeddings (ident took 0.1s)

310.1s - extractor 0: [62] Luke - External Data Sources/InsectSound1000/Coccinella_septempunctata/2023418-15-24/000000/2023418-15-24_Coccinella_septempunctata_000000_s43_ch0 — starting (embeddings)310.1s - extractor 1: [77] Luke - External Data Sources/InsectSound1000/Coccinella_septempunctata/2023418-15-24/000000/2023418-15-24_Coccinella_septempunctata_000000_s44_ch0 — starting (embeddings)

310.2s - extractor 1: [77] Luke - External Data Sources/InsectSound1000/Coccinella_septempunctata/2023418-15-24/000000/2023418-15-24_Coccinella_septempunctata_000000_s44_ch0 — 1 cached label file(s) → embeddings (ident took 0.1s)310.2s - extractor 0: [62] Luke - External Data Sources/InsectSound1000/Coccinella_septempunctata/2023418-15-24/000000/2023418-15-24_Coccinella_septempunctata_000000_s43_ch0 — 1 cached label file(s) → embeddings (ident took 0.1s)

310.2s - extractor 1: [78] Luke - External Data Sources/InsectSound1000/Coccinella_septempunctata/2023418-15-24/000000/2023418-15-24_Coccinella_septempunctata_000000_s46_ch0 — starting (embeddings)310.2s - extractor 0: [63] Luke - External Data Sources/InsectSound1000/Coccinella_septempunctata/2023418-15-24/000000/2023418-15-24_Coccinella_septempunctata_000000_s45_ch0 — starting (embeddings)

310.3s - extractor 0: [63] Luke - External Data Sources/InsectSound1000/Coccinella_septempunctata/2023418-15-24/000000/2023418-15-24_Coccinella_septempunctata_000000_s45_ch0 — 1 cached label file(s) → embeddings (ident took 0.1s)310.3s - extractor 1: [78] Luke - External Data Sources/InsectSound1000/Coccinella_septempunctata/2023418-15-24/000000/2023418-15-24_Coccinella_septempunctata_000000_s46_ch0 — 1 cached label file(s) → embeddings (ident took 0.1s)

310.3s - extractor 1: [79] Luke - External Data Sources/InsectSound1000/Coccinella_septempunctata/2023418-15-24/000000/2023418-15-24_Coccinella_septempunctata_000000_s48_ch0 — starting (embeddings)310.3s - extractor 0: [64] Luke - External Data Sources/InsectSound1000/Coccinella_septempunctata/2023418-15-24/000000/2023418-15-24_Coccinella_septempunctata_000000_s47_ch0 — starting (embeddings)

310.4s - extractor 0: [64] Luke - External Data Sources/InsectSound1000/Coccinella_septempunctata/2023418-15-24/000000/2023418-15-24_Coccinella_septempunctata_000000_s47_ch0 — 1 cached label file(s) → embeddings (ident took 0.1s)
310.4s - extractor 1: [79] Luke - External Data Sources/InsectSound1000/Coccinella_septempunctata/2023418-15-24/000000/2023418-15-24_Coccinella_septempunctata_000000_s48_ch0 — 1 cached label file(s) → embeddings (ident took 0.1s)
310.4s - extractor 1: [80] Luke - External Data Sources/InsectSound1000/Coccinella_septempunctata/2023418-15-24/000000/2023418-15-24_Coccinella_septempunctata_000000_s50_ch0 — starting (embeddings)310.4s - extractor 0: [65] Luke - External Data Sources/InsectSound1000/Coccinella_septempunctata/2023418-15-24/000000/2023418-15-24_Coccinella_septempunctata_000000_s49_ch0 — starting (embeddings)

310.5s - extractor 0: [65] Luke - External Data Sources/InsectSound1000/Coccinella_septempunctata/2023418-15-24/000000/2023418-15-24_Coccinella_septempunctata_000000_s49_ch0 — 1 cached label file(s) → embeddings (ident took 0.1s)
310.5s - extractor 1: [80] Luke - External Data Sources/InsectSound1000/Coccinella_septempunctata/2023418-15-24/000000/2023418-15-24_Coccinella_septempunctata_000000_s50_ch0 — 1 cached label file(s) → embeddings (ident took 0.1s)
310.5s - extractor 0: [66] Luke - External Data Sources/InsectSound1000/Coccinella_septempunctata/2023418-15-24/000000/2023418-15-24_Coccinella_septempunctata_000000_s51_ch0 — starting (embeddings)310.5s - extractor 1: [81] Luke - External Data Sources/InsectSound1000/Coccinella_septempunctata/2023418-15-24/000000/2023418-15-24_Coccinella_septempunctata_000000_s52_ch0 — starting (embeddings)

310.6s - extractor 0: [66] Luke - External Data Sources/InsectSound1000/Coccinella_septempunctata/2023418-15-24/000000/2023418-15-24_Coccinella_septempunctata_000000_s51_ch0 — 1 cached label file(s) → embeddings (ident took 0.1s)
310.6s - extractor 1: [81] Luke - External Data Sources/InsectSound1000/Coccinella_septempunctata/2023418-15-24/000000/2023418-15-24_Coccinella_septempunctata_000000_s52_ch0 — 1 cached label file(s) → embeddings (ident took 0.1s)
310.6s - extractor 1: [82] Luke - External Data Sources/InsectSound1000/Coccinella_septempunctata/2023418-15-24/000000/2023418-15-24_Coccinella_septempunctata_000000_s54_ch0 — starting (embeddings)310.6s - extractor 0: [67] Luke - External Data Sources/InsectSound1000/Coccinella_septempunctata/2023418-15-24/000000/2023418-15-24_Coccinella_septempunctata_000000_s53_ch0 — starting (embeddings)

310.7s - extractor 0: [67] Luke - External Data Sources/InsectSound1000/Coccinella_septempunctata/2023418-15-24/000000/2023418-15-24_Coccinella_septempunctata_000000_s53_ch0 — 1 cached label file(s) → embeddings (ident took 0.1s)
310.7s - extractor 0: [68] Luke - External Data Sources/InsectSound1000/Coccinella_septempunctata/2023418-15-24/000008/2023418-15-24_Coccinella_septempunctata_000008_s2_ch0 — starting (embeddings)
310.7s - extractor 1: [82] Luke - External Data Sources/InsectSound1000/Coccinella_septempunctata/2023418-15-24/000000/2023418-15-24_Coccinella_septempunctata_000000_s54_ch0 — 1 cached label file(s) → embeddings (ident took 0.1s)
310.7s - extractor 1: [83] Luke - External Data Sources/InsectSound1000/Coccinella_septempunctata/2023419-16-19/000000/2023419-16-19_Coccinella_septempunctata_000000_s1_ch0 — starting (embeddings)
310.8s - extractor 0: [68] Luke - External Data Sources/InsectSound1000/Coccinella_septempunctata/2023418-15-24/000008/2023418-15-24_Coccinella_septempunctata_000008_s2_ch0 — 1 cached label file(s) → embeddings (ident took 0.1s)
310.8s - extractor 0: [69] Luke - External Data Sources/InsectSound1000/Coccinella_septempunctata/2023419-16-19/000012/2023419-16-19_Coccinella_septempunctata_000012_s99_ch0 — starting (embeddings)
310.8s - extractor 1: [83] Luke - External Data Sources/InsectSound1000/Coccinella_septempunctata/2023419-16-19/000000/2023419-16-19_Coccinella_septempunctata_000000_s1_ch0 — 1 cached label file(s) → embeddings (ident took 0.1s)
310.8s - extractor 1: [84] Luke - External Data Sources/InsectSound1000/Coccinella_septempunctata/2023419-16-19/000017/2023419-16-19_Coccinella_septempunctata_000017_s123_ch0 — starting (embeddings)
310.9s - extractor 1: [84] Luke - External Data Sources/InsectSound1000/Coccinella_septempunctata/2023419-16-19/000017/2023419-16-19_Coccinella_septempunctata_000017_s123_ch0 — 1 cached label file(s) → embeddings (ident took 0.1s)310.9s - extractor 0: [69] Luke - External Data Sources/InsectSound1000/Coccinella_septempunctata/2023419-16-19/000012/2023419-16-19_Coccinella_septempunctata_000012_s99_ch0 — 1 cached label file(s) → embeddings (ident took 0.1s)

310.9s - extractor 1: [85] Luke - External Data Sources/InsectSound1000/Coccinella_septempunctata/2023419-16-19/000017/2023419-16-19_Coccinella_septempunctata_000017_s47_ch0 — starting (embeddings)310.9s - extractor 0: [70] Luke - External Data Sources/InsectSound1000/Coccinella_septempunctata/2023419-16-19/000017/2023419-16-19_Coccinella_septempunctata_000017_s58_ch0 — starting (embeddings)

311.0s - extractor 1: [85] Luke - External Data Sources/InsectSound1000/Coccinella_septempunctata/2023419-16-19/000017/2023419-16-19_Coccinella_septempunctata_000017_s47_ch0 — 1 cached label file(s) → embeddings (ident took 0.1s)
311.0s - extractor 0: [70] Luke - External Data Sources/InsectSound1000/Coccinella_septempunctata/2023419-16-19/000017/2023419-16-19_Coccinella_septempunctata_000017_s58_ch0 — 1 cached label file(s) → embeddings (ident took 0.1s)
311.0s - extractor 1: [86] Luke - External Data Sources/InsectSound1000/Coccinella_septempunctata/2023419-16-19/000020/2023419-16-19_Coccinella_septempunctata_000020_s37_ch0 — starting (embeddings)
311.0s - extractor 0: [71] Luke - External Data Sources/InsectSound1000/Coccinella_septempunctata/2023419-16-19/000022/2023419-16-19_Coccinella_septempunctata_000022_s94_ch0 — starting (embeddings)
311.1s - extractor 1: [86] Luke - External Data Sources/InsectSound1000/Coccinella_septempunctata/2023419-16-19/000020/2023419-16-19_Coccinella_septempunctata_000020_s37_ch0 — 1 cached label file(s) → embeddings (ident took 0.1s)311.1s - extractor 0: [71] Luke - External Data Sources/InsectSound1000/Coccinella_septempunctata/2023419-16-19/000022/2023419-16-19_Coccinella_septempunctata_000022_s94_ch0 — 1 cached label file(s) → embeddings (ident took 0.1s)

311.1s - extractor 0: [72] Luke - External Data Sources/InsectSound1000/Coccinella_septempunctata/2023419-16-19/000023/2023419-16-19_Coccinella_septempunctata_000023_s73_ch0 — starting (embeddings)311.1s - extractor 1: [87] Luke - External Data Sources/InsectSound1000/Coccinella_septempunctata/2023419-16-19/000023/2023419-16-19_Coccinella_septempunctata_000023_s51_ch0 — starting (embeddings)

311.2s - extractor 1: [87] Luke - External Data Sources/InsectSound1000/Coccinella_septempunctata/2023419-16-19/000023/2023419-16-19_Coccinella_septempunctata_000023_s51_ch0 — 1 cached label file(s) → embeddings (ident took 0.1s)311.2s - extractor 0: [72] Luke - External Data Sources/InsectSound1000/Coccinella_septempunctata/2023419-16-19/000023/2023419-16-19_Coccinella_septempunctata_000023_s73_ch0 — 1 cached label file(s) → embeddings (ident took 0.1s)

311.2s - extractor 1: [88] Luke - External Data Sources/InsectSound1000/Coccinella_septempunctata/2023419-16-19/000026/2023419-16-19_Coccinella_septempunctata_000026_s55_ch0 — starting (embeddings)
311.2s - extractor 0: [73] Luke - External Data Sources/InsectSound1000/Coccinella_septempunctata/2023419-16-19/000025/2023419-16-19_Coccinella_septempunctata_000025_s85_ch0 — starting (embeddings)
311.3s - extractor 0: [73] Luke - External Data Sources/InsectSound1000/Coccinella_septempunctata/2023419-16-19/000025/2023419-16-19_Coccinella_septempunctata_000025_s85_ch0 — 1 cached label file(s) → embeddings (ident took 0.1s)
311.3s - extractor 1: [88] Luke - External Data Sources/InsectSound1000/Coccinella_septempunctata/2023419-16-19/000026/2023419-16-19_Coccinella_septempunctata_000026_s55_ch0 — 1 cached label file(s) → embeddings (ident took 0.1s)
311.3s - extractor 1: [89] Luke - External Data Sources/InsectSound1000/Coccinella_septempunctata/2023419-16-19/000027/2023419-16-19_Coccinella_septempunctata_000027_s17_ch0 — starting (embeddings)311.3s - extractor 0: [74] Luke - External Data Sources/InsectSound1000/Coccinella_septempunctata/2023419-16-19/000026/2023419-16-19_Coccinella_septempunctata_000026_s56_ch0 — starting (embeddings)

311.4s - extractor 0: [74] Luke - External Data Sources/InsectSound1000/Coccinella_septempunctata/2023419-16-19/000026/2023419-16-19_Coccinella_septempunctata_000026_s56_ch0 — 1 cached label file(s) → embeddings (ident took 0.1s)
311.4s - extractor 1: [89] Luke - External Data Sources/InsectSound1000/Coccinella_septempunctata/2023419-16-19/000027/2023419-16-19_Coccinella_septempunctata_000027_s17_ch0 — 1 cached label file(s) → embeddings (ident took 0.1s)
311.4s - extractor 0: [75] Luke - External Data Sources/InsectSound1000/Coccinella_septempunctata/2023419-16-19/000033/2023419-16-19_Coccinella_septempunctata_000033_s94_ch0 — starting (embeddings)311.4s - extractor 1: [90] Luke - External Data Sources/InsectSound1000/Coccinella_septempunctata/2023419-16-19/000038/2023419-16-19_Coccinella_septempunctata_000038_s63_ch0 — starting (embeddings)

311.5s - extractor 1: [90] Luke - External Data Sources/InsectSound1000/Coccinella_septempunctata/2023419-16-19/000038/2023419-16-19_Coccinella_septempunctata_000038_s63_ch0 — 1 cached label file(s) → embeddings (ident took 0.1s)311.5s - extractor 0: [75] Luke - External Data Sources/InsectSound1000/Coccinella_septempunctata/2023419-16-19/000033/2023419-16-19_Coccinella_septempunctata_000033_s94_ch0 — 1 cached label file(s) → embeddings (ident took 0.1s)

311.5s - extractor 1: [91] Luke - External Data Sources/InsectSound1000/Coccinella_septempunctata/2023419-16-19/000043/2023419-16-19_Coccinella_septempunctata_000043_s12_ch0 — starting (embeddings)311.5s - extractor 0: [76] Luke - External Data Sources/InsectSound1000/Coccinella_septempunctata/2023419-16-19/000043/2023419-16-19_Coccinella_septempunctata_000043_s16_ch0 — starting (embeddings)

311.6s - extractor 0: [76] Luke - External Data Sources/InsectSound1000/Coccinella_septempunctata/2023419-16-19/000043/2023419-16-19_Coccinella_septempunctata_000043_s16_ch0 — 1 cached label file(s) → embeddings (ident took 0.1s)
311.6s - extractor 1: [91] Luke - External Data Sources/InsectSound1000/Coccinella_septempunctata/2023419-16-19/000043/2023419-16-19_Coccinella_septempunctata_000043_s12_ch0 — 1 cached label file(s) → embeddings (ident took 0.1s)
311.6s - extractor 0: [77] Luke - External Data Sources/InsectSound1000/Coccinella_septempunctata/2023419-16-19/000044/2023419-16-19_Coccinella_septempunctata_000044_s27_ch0 — starting (embeddings)311.6s - extractor 1: [92] Luke - External Data Sources/InsectSound1000/Coccinella_septempunctata/2023419-16-19/000053/2023419-16-19_Coccinella_septempunctata_000053_s28_ch0 — starting (embeddings)

311.7s - extractor 0: [77] Luke - External Data Sources/InsectSound1000/Coccinella_septempunctata/2023419-16-19/000044/2023419-16-19_Coccinella_septempunctata_000044_s27_ch0 — 1 cached label file(s) → embeddings (ident took 0.1s)
311.7s - extractor 1: [92] Luke - External Data Sources/InsectSound1000/Coccinella_septempunctata/2023419-16-19/000053/2023419-16-19_Coccinella_septempunctata_000053_s28_ch0 — 1 cached label file(s) → embeddings (ident took 0.1s)
311.7s - extractor 0: [78] Luke - External Data Sources/InsectSound1000/Coccinella_septempunctata/2023419-16-19/000054/2023419-16-19_Coccinella_septempunctata_000054_s67_ch0 — starting (embeddings)311.7s - extractor 1: [93] Luke - External Data Sources/InsectSound1000/Coccinella_septempunctata/2023419-16-19/000055/2023419-16-19_Coccinella_septempunctata_000055_s150_ch0 — starting (embeddings)

311.8s - extractor 1: [93] Luke - External Data Sources/InsectSound1000/Coccinella_septempunctata/2023419-16-19/000055/2023419-16-19_Coccinella_septempunctata_000055_s150_ch0 — 1 cached label file(s) → embeddings (ident took 0.1s)
311.8s - extractor 0: [78] Luke - External Data Sources/InsectSound1000/Coccinella_septempunctata/2023419-16-19/000054/2023419-16-19_Coccinella_septempunctata_000054_s67_ch0 — 1 cached label file(s) → embeddings (ident took 0.1s)
311.8s - extractor 1: [94] Luke - External Data Sources/InsectSound1000/Coccinella_septempunctata/2023419-16-19/000055/2023419-16-19_Coccinella_septempunctata_000055_s8_ch0 — starting (embeddings)
311.8s - extractor 0: [79] Luke - External Data Sources/InsectSound1000/Coccinella_septempunctata/2023419-16-19/000056/2023419-16-19_Coccinella_septempunctata_000056_s43_ch0 — starting (embeddings)
311.9s - extractor 1: [94] Luke - External Data Sources/InsectSound1000/Coccinella_septempunctata/2023419-16-19/000055/2023419-16-19_Coccinella_septempunctata_000055_s8_ch0 — 1 cached label file(s) → embeddings (ident took 0.1s)311.9s - extractor 0: [79] Luke - External Data Sources/InsectSound1000/Coccinella_septempunctata/2023419-16-19/000056/2023419-16-19_Coccinella_septempunctata_000056_s43_ch0 — 1 cached label file(s) → embeddings (ident took 0.1s)

311.9s - extractor 1: [95] Luke - External Data Sources/InsectSound1000/Coccinella_septempunctata/2023419-16-19/000057/2023419-16-19_Coccinella_septempunctata_000057_s51_ch0 — starting (embeddings)311.9s - extractor 0: [80] Luke - External Data Sources/InsectSound1000/Coccinella_septempunctata/2023419-16-19/000057/2023419-16-19_Coccinella_septempunctata_000057_s90_ch0 — starting (embeddings)

312.0s - extractor 1: [95] Luke - External Data Sources/InsectSound1000/Coccinella_septempunctata/2023419-16-19/000057/2023419-16-19_Coccinella_septempunctata_000057_s51_ch0 — 1 cached label file(s) → embeddings (ident took 0.1s)
312.0s - extractor 1: [96] Luke - External Data Sources/InsectSound1000/Coccinella_septempunctata/2023419-16-19/000060/2023419-16-19_Coccinella_septempunctata_000060_s68_ch0 — starting (embeddings)
312.0s - extractor 0: [80] Luke - External Data Sources/InsectSound1000/Coccinella_septempunctata/2023419-16-19/000057/2023419-16-19_Coccinella_septempunctata_000057_s90_ch0 — 1 cached label file(s) → embeddings (ident took 0.1s)
312.0s - extractor 0: [81] Luke - External Data Sources/InsectSound1000/Coccinella_septempunctata/2023419-16-19/000060/2023419-16-19_Coccinella_septempunctata_000060_s88_ch0 — starting (embeddings)
312.1s - extractor 0: [81] Luke - External Data Sources/InsectSound1000/Coccinella_septempunctata/2023419-16-19/000060/2023419-16-19_Coccinella_septempunctata_000060_s88_ch0 — 1 cached label file(s) → embeddings (ident took 0.1s)
312.1s - extractor 1: [96] Luke - External Data Sources/InsectSound1000/Coccinella_septempunctata/2023419-16-19/000060/2023419-16-19_Coccinella_septempunctata_000060_s68_ch0 — 1 cached label file(s) → embeddings (ident took 0.1s)
312.1s - extractor 0: [82] Luke - External Data Sources/InsectSound1000/Coccinella_septempunctata/2023419-16-19/000060/2023419-16-19_Coccinella_septempunctata_000060_s92_ch0 — starting (embeddings)
312.1s - extractor 1: [97] Luke - External Data Sources/InsectSound1000/Coccinella_septempunctata/2023419-16-19/000061/2023419-16-19_Coccinella_septempunctata_000061_s5_ch0 — starting (embeddings)
312.2s - extractor 1: [97] Luke - External Data Sources/InsectSound1000/Coccinella_septempunctata/2023419-16-19/000061/2023419-16-19_Coccinella_septempunctata_000061_s5_ch0 — 1 cached label file(s) → embeddings (ident took 0.1s)
312.2s - extractor 1: [98] Luke - External Data Sources/InsectSound1000/Coccinella_septempunctata/2023419-16-19/000061/2023419-16-19_Coccinella_septempunctata_000061_s63_ch0 — starting (embeddings)
312.2s - extractor 0: [82] Luke - External Data Sources/InsectSound1000/Coccinella_septempunctata/2023419-16-19/000060/2023419-16-19_Coccinella_septempunctata_000060_s92_ch0 — 1 cached label file(s) → embeddings (ident took 0.1s)
312.2s - extractor 0: [83] Luke - External Data Sources/InsectSound1000/Coccinella_septempunctata/2023419-16-19/000063/2023419-16-19_Coccinella_septempunctata_000063_s93_ch0 — starting (embeddings)
312.3s - extractor 1: [98] Luke - External Data Sources/InsectSound1000/Coccinella_septempunctata/2023419-16-19/000061/2023419-16-19_Coccinella_septempunctata_000061_s63_ch0 — 1 cached label file(s) → embeddings (ident took 0.1s)
312.3s - extractor 0: [83] Luke - External Data Sources/InsectSound1000/Coccinella_septempunctata/2023419-16-19/000063/2023419-16-19_Coccinella_septempunctata_000063_s93_ch0 — 1 cached label file(s) → embeddings (ident took 0.1s)
312.3s - extractor 1: [99] Luke - External Data Sources/InsectSound1000/Coccinella_septempunctata/2023419-16-19/000065/2023419-16-19_Coccinella_septempunctata_000065_s117_ch0 — starting (embeddings)
312.3s - extractor 0: [84] Luke - External Data Sources/InsectSound1000/Coccinella_septempunctata/2023419-16-19/000065/2023419-16-19_Coccinella_septempunctata_000065_s64_ch0 — starting (embeddings)
312.4s - extractor 0: [84] Luke - External Data Sources/InsectSound1000/Coccinella_septempunctata/2023419-16-19/000065/2023419-16-19_Coccinella_septempunctata_000065_s64_ch0 — 1 cached label file(s) → embeddings (ident took 0.1s)
312.4s - extractor 0: [85] Luke - External Data Sources/InsectSound1000/Coccinella_septempunctata/2023419-16-19/000065/2023419-16-19_Coccinella_septempunctata_000065_s70_ch0 — starting (embeddings)
312.4s - extractor 1: [99] Luke - External Data Sources/InsectSound1000/Coccinella_septempunctata/2023419-16-19/000065/2023419-16-19_Coccinella_septempunctata_000065_s117_ch0 — 1 cached label file(s) → embeddings (ident took 0.1s)
312.4s - extractor 1: [100] Luke - External Data Sources/InsectSound1000/Coccinella_septempunctata/2023419-16-19/000067/2023419-16-19_Coccinella_septempunctata_000067_s105_ch0 — starting (embeddings)
312.5s - extractor 0: [85] Luke - External Data Sources/InsectSound1000/Coccinella_septempunctata/2023419-16-19/000065/2023419-16-19_Coccinella_septempunctata_000065_s70_ch0 — 1 cached label file(s) → embeddings (ident took 0.1s)
312.5s - extractor 0: [86] Luke - External Data Sources/InsectSound1000/Coccinella_septempunctata/2023419-16-19/000067/2023419-16-19_Coccinella_septempunctata_000067_s79_ch0 — starting (embeddings)
312.5s - extractor 1: [100] Luke - External Data Sources/InsectSound1000/Coccinella_septempunctata/2023419-16-19/000067/2023419-16-19_Coccinella_septempunctata_000067_s105_ch0 — 1 cached label file(s) → embeddings (ident took 0.1s)
312.5s - extractor 1: [101] Luke - External Data Sources/InsectSound1000/Coccinella_septempunctata/2023420-16-9/000004/2023420-16-9_Coccinella_septempunctata_000004_s20_ch0 — starting (embeddings)
312.6s - extractor 0: [86] Luke - External Data Sources/InsectSound1000/Coccinella_septempunctata/2023419-16-19/000067/2023419-16-19_Coccinella_septempunctata_000067_s79_ch0 — 1 cached label file(s) → embeddings (ident took 0.1s)
312.6s - extractor 0: [87] Luke - External Data Sources/InsectSound1000/Coccinella_septempunctata/2023420-16-9/000006/2023420-16-9_Coccinella_septempunctata_000006_s14_ch0 — starting (embeddings)
312.6s - extractor 1: [101] Luke - External Data Sources/InsectSound1000/Coccinella_septempunctata/2023420-16-9/000004/2023420-16-9_Coccinella_septempunctata_000004_s20_ch0 — 1 cached label file(s) → embeddings (ident took 0.1s)
312.6s - extractor 1: [102] Luke - External Data Sources/InsectSound1000/Coccinella_septempunctata/2023420-16-9/000007/2023420-16-9_Coccinella_septempunctata_000007_s59_ch0 — starting (embeddings)
312.7s - extractor 0: [87] Luke - External Data Sources/InsectSound1000/Coccinella_septempunctata/2023420-16-9/000006/2023420-16-9_Coccinella_septempunctata_000006_s14_ch0 — 1 cached label file(s) → embeddings (ident took 0.1s)
312.7s - extractor 0: [88] Luke - External Data Sources/InsectSound1000/Coccinella_septempunctata/2023420-16-9/000012/2023420-16-9_Coccinella_septempunctata_000012_s101_ch2 — starting (embeddings)
312.7s - extractor 1: [102] Luke - External Data Sources/InsectSound1000/Coccinella_septempunctata/2023420-16-9/000007/2023420-16-9_Coccinella_septempunctata_000007_s59_ch0 — 1 cached label file(s) → embeddings (ident took 0.1s)
312.7s - extractor 1: [103] Luke - External Data Sources/InsectSound1000/Coccinella_septempunctata/2023420-16-9/000014/2023420-16-9_Coccinella_septempunctata_000014_s16_ch0 — starting (embeddings)
312.8s - extractor 1: [103] Luke - External Data Sources/InsectSound1000/Coccinella_septempunctata/2023420-16-9/000014/2023420-16-9_Coccinella_septempunctata_000014_s16_ch0 — 1 cached label file(s) → embeddings (ident took 0.1s)312.8s - extractor 0: [88] Luke - External Data Sources/InsectSound1000/Coccinella_septempunctata/2023420-16-9/000012/2023420-16-9_Coccinella_septempunctata_000012_s101_ch2 — 1 cached label file(s) → embeddings (ident took 0.1s)

312.8s - extractor 1: [104] Luke - External Data Sources/InsectSound1000/Coccinella_septempunctata/2023420-16-9/000015/2023420-16-9_Coccinella_septempunctata_000015_s5_ch0 — starting (embeddings)312.8s - extractor 0: [89] Luke - External Data Sources/InsectSound1000/Coccinella_septempunctata/2023420-16-9/000017/2023420-16-9_Coccinella_septempunctata_000017_s17_ch1 — starting (embeddings)

312.9s - extractor 0: [89] Luke - External Data Sources/InsectSound1000/Coccinella_septempunctata/2023420-16-9/000017/2023420-16-9_Coccinella_septempunctata_000017_s17_ch1 — 1 cached label file(s) → embeddings (ident took 0.1s)
312.9s - extractor 0: [90] Luke - External Data Sources/InsectSound1000/Coccinella_septempunctata/2023420-16-9/000021/2023420-16-9_Coccinella_septempunctata_000021_s54_ch2 — starting (embeddings)
312.9s - extractor 1: [104] Luke - External Data Sources/InsectSound1000/Coccinella_septempunctata/2023420-16-9/000015/2023420-16-9_Coccinella_septempunctata_000015_s5_ch0 — 1 cached label file(s) → embeddings (ident took 0.1s)
312.9s - extractor 1: [105] Luke - External Data Sources/InsectSound1000/Coccinella_septempunctata/2023420-16-9/000028/2023420-16-9_Coccinella_septempunctata_000028_s11_ch1 — starting (embeddings)
313.0s - extractor 1: [105] Luke - External Data Sources/InsectSound1000/Coccinella_septempunctata/2023420-16-9/000028/2023420-16-9_Coccinella_septempunctata_000028_s11_ch1 — 1 cached label file(s) → embeddings (ident took 0.1s)313.0s - extractor 0: [90] Luke - External Data Sources/InsectSound1000/Coccinella_septempunctata/2023420-16-9/000021/2023420-16-9_Coccinella_septempunctata_000021_s54_ch2 — 1 cached label file(s) → embeddings (ident took 0.1s)

313.0s - extractor 0: [91] Luke - External Data Sources/InsectSound1000/Coccinella_septempunctata/2023420-16-9/000035/2023420-16-9_Coccinella_septempunctata_000035_s22_ch0 — starting (embeddings)
313.0s - extractor 1: [106] Luke - External Data Sources/InsectSound1000/Coccinella_septempunctata/2023420-16-9/000032/2023420-16-9_Coccinella_septempunctata_000032_s58_ch0 — starting (embeddings)
313.1s - extractor 0: [91] Luke - External Data Sources/InsectSound1000/Coccinella_septempunctata/2023420-16-9/000035/2023420-16-9_Coccinella_septempunctata_000035_s22_ch0 — 1 cached label file(s) → embeddings (ident took 0.1s)313.1s - extractor 1: [106] Luke - External Data Sources/InsectSound1000/Coccinella_septempunctata/2023420-16-9/000032/2023420-16-9_Coccinella_septempunctata_000032_s58_ch0 — 1 cached label file(s) → embeddings (ident took 0.1s)

313.1s - extractor 1: [107] Luke - External Data Sources/InsectSound1000/Coccinella_septempunctata/2023420-16-9/000037/2023420-16-9_Coccinella_septempunctata_000037_s100_ch1 — starting (embeddings)313.1s - extractor 0: [92] Luke - External Data Sources/InsectSound1000/Coccinella_septempunctata/2023420-16-9/000036/2023420-16-9_Coccinella_septempunctata_000036_s59_ch2 — starting (embeddings)

313.2s - extractor 1: [107] Luke - External Data Sources/InsectSound1000/Coccinella_septempunctata/2023420-16-9/000037/2023420-16-9_Coccinella_septempunctata_000037_s100_ch1 — 1 cached label file(s) → embeddings (ident took 0.1s)
313.2s - extractor 0: [92] Luke - External Data Sources/InsectSound1000/Coccinella_septempunctata/2023420-16-9/000036/2023420-16-9_Coccinella_septempunctata_000036_s59_ch2 — 1 cached label file(s) → embeddings (ident took 0.1s)
313.2s - extractor 0: [93] Luke - External Data Sources/InsectSound1000/Coccinella_septempunctata/2023420-16-9/000039/2023420-16-9_Coccinella_septempunctata_000039_s48_ch0 — starting (embeddings)313.2s - extractor 1: [108] Luke - External Data Sources/InsectSound1000/Coccinella_septempunctata/2023420-16-9/000039/2023420-16-9_Coccinella_septempunctata_000039_s38_ch0 — starting (embeddings)

313.3s - extractor 0: [93] Luke - External Data Sources/InsectSound1000/Coccinella_septempunctata/2023420-16-9/000039/2023420-16-9_Coccinella_septempunctata_000039_s48_ch0 — 1 cached label file(s) → embeddings (ident took 0.1s)
313.3s - extractor 1: [108] Luke - External Data Sources/InsectSound1000/Coccinella_septempunctata/2023420-16-9/000039/2023420-16-9_Coccinella_septempunctata_000039_s38_ch0 — 1 cached label file(s) → embeddings (ident took 0.1s)
313.3s - extractor 0: [94] Luke - External Data Sources/InsectSound1000/Coccinella_septempunctata/2023420-16-9/000040/2023420-16-9_Coccinella_septempunctata_000040_s12_ch0 — starting (embeddings)313.3s - extractor 1: [109] Luke - External Data Sources/InsectSound1000/Coccinella_septempunctata/2023420-16-9/000042/2023420-16-9_Coccinella_septempunctata_000042_s88_ch1 — starting (embeddings)

313.4s - extractor 0: [94] Luke - External Data Sources/InsectSound1000/Coccinella_septempunctata/2023420-16-9/000040/2023420-16-9_Coccinella_septempunctata_000040_s12_ch0 — 1 cached label file(s) → embeddings (ident took 0.1s)
313.4s - extractor 1: [109] Luke - External Data Sources/InsectSound1000/Coccinella_septempunctata/2023420-16-9/000042/2023420-16-9_Coccinella_septempunctata_000042_s88_ch1 — 1 cached label file(s) → embeddings (ident took 0.1s)
313.4s - extractor 0: [95] Luke - External Data Sources/InsectSound1000/Coccinella_septempunctata/2023420-16-9/000045/2023420-16-9_Coccinella_septempunctata_000045_s102_ch1 — starting (embeddings)313.4s - extractor 1: [110] Luke - External Data Sources/InsectSound1000/Coccinella_septempunctata/2023420-16-9/000045/2023420-16-9_Coccinella_septempunctata_000045_s41_ch1 — starting (embeddings)

313.5s - extractor 0: [95] Luke - External Data Sources/InsectSound1000/Coccinella_septempunctata/2023420-16-9/000045/2023420-16-9_Coccinella_septempunctata_000045_s102_ch1 — 1 cached label file(s) → embeddings (ident took 0.1s)313.5s - extractor 1: [110] Luke - External Data Sources/InsectSound1000/Coccinella_septempunctata/2023420-16-9/000045/2023420-16-9_Coccinella_septempunctata_000045_s41_ch1 — 1 cached label file(s) → embeddings (ident took 0.1s)

313.5s - extractor 1: [111] Luke - External Data Sources/InsectSound1000/Coccinella_septempunctata/2023420-16-9/000047/2023420-16-9_Coccinella_septempunctata_000047_s112_ch1 — starting (embeddings)
313.5s - extractor 0: [96] Luke - External Data Sources/InsectSound1000/Coccinella_septempunctata/2023420-16-9/000046/2023420-16-9_Coccinella_septempunctata_000046_s79_ch1 — starting (embeddings)
313.6s - extractor 1: [111] Luke - External Data Sources/InsectSound1000/Coccinella_septempunctata/2023420-16-9/000047/2023420-16-9_Coccinella_septempunctata_000047_s112_ch1 — 1 cached label file(s) → embeddings (ident took 0.1s)313.6s - extractor 0: [96] Luke - External Data Sources/InsectSound1000/Coccinella_septempunctata/2023420-16-9/000046/2023420-16-9_Coccinella_septempunctata_000046_s79_ch1 — 1 cached label file(s) → embeddings (ident took 0.1s)

313.6s - extractor 0: [97] Luke - External Data Sources/InsectSound1000/Coccinella_septempunctata/2023420-16-9/000048/2023420-16-9_Coccinella_septempunctata_000048_s150_ch0 — starting (embeddings)313.6s - extractor 1: [112] Luke - External Data Sources/InsectSound1000/Coccinella_septempunctata/2023420-16-9/000047/2023420-16-9_Coccinella_septempunctata_000047_s120_ch1 — starting (embeddings)

313.7s - extractor 0: [97] Luke - External Data Sources/InsectSound1000/Coccinella_septempunctata/2023420-16-9/000048/2023420-16-9_Coccinella_septempunctata_000048_s150_ch0 — 1 cached label file(s) → embeddings (ident took 0.1s)313.7s - extractor 1: [112] Luke - External Data Sources/InsectSound1000/Coccinella_septempunctata/2023420-16-9/000047/2023420-16-9_Coccinella_septempunctata_000047_s120_ch1 — 1 cached label file(s) → embeddings (ident took 0.1s)

313.7s - extractor 1: [113] Luke - External Data Sources/InsectSound1000/Coccinella_septempunctata/2023420-16-9/000050/2023420-16-9_Coccinella_septempunctata_000050_s33_ch3 — starting (embeddings)313.7s - extractor 0: [98] Luke - External Data Sources/InsectSound1000/Coccinella_septempunctata/2023420-16-9/000048/2023420-16-9_Coccinella_septempunctata_000048_s67_ch0 — starting (embeddings)

313.8s - extractor 0: [98] Luke - External Data Sources/InsectSound1000/Coccinella_septempunctata/2023420-16-9/000048/2023420-16-9_Coccinella_septempunctata_000048_s67_ch0 — 1 cached label file(s) → embeddings (ident took 0.1s)
313.8s - extractor 1: [113] Luke - External Data Sources/InsectSound1000/Coccinella_septempunctata/2023420-16-9/000050/2023420-16-9_Coccinella_septempunctata_000050_s33_ch3 — 1 cached label file(s) → embeddings (ident took 0.1s)
313.8s - extractor 0: [99] Luke - External Data Sources/InsectSound1000/Coccinella_septempunctata/2023420-16-9/000051/2023420-16-9_Coccinella_septempunctata_000051_s100_ch0 — starting (embeddings)
313.8s - extractor 1: [114] Luke - External Data Sources/InsectSound1000/Coccinella_septempunctata/2023420-16-9/000051/2023420-16-9_Coccinella_septempunctata_000051_s13_ch0 — starting (embeddings)
313.9s - extractor 0: [99] Luke - External Data Sources/InsectSound1000/Coccinella_septempunctata/2023420-16-9/000051/2023420-16-9_Coccinella_septempunctata_000051_s100_ch0 — 1 cached label file(s) → embeddings (ident took 0.1s)
313.9s - extractor 1: [114] Luke - External Data Sources/InsectSound1000/Coccinella_septempunctata/2023420-16-9/000051/2023420-16-9_Coccinella_septempunctata_000051_s13_ch0 — 1 cached label file(s) → embeddings (ident took 0.1s)
313.9s - extractor 0: [100] Luke - External Data Sources/InsectSound1000/Coccinella_septempunctata/2023420-16-9/000051/2023420-16-9_Coccinella_septempunctata_000051_s94_ch0 — starting (embeddings)
313.9s - extractor 1: [115] Luke - External Data Sources/InsectSound1000/Coccinella_septempunctata/2023420-16-9/000051/2023420-16-9_Coccinella_septempunctata_000051_s98_ch0 — starting (embeddings)
314.0s - extractor 1: [115] Luke - External Data Sources/InsectSound1000/Coccinella_septempunctata/2023420-16-9/000051/2023420-16-9_Coccinella_septempunctata_000051_s98_ch0 — 1 cached label file(s) → embeddings (ident took 0.1s)314.0s - extractor 0: [100] Luke - External Data Sources/InsectSound1000/Coccinella_septempunctata/2023420-16-9/000051/2023420-16-9_Coccinella_septempunctata_000051_s94_ch0 — 1 cached label file(s) → embeddings (ident took 0.1s)

314.0s - extractor 0: [101] Luke - External Data Sources/InsectSound1000/Coccinella_septempunctata/2023420-16-9/000054/2023420-16-9_Coccinella_septempunctata_000054_s36_ch0 — starting (embeddings)314.0s - extractor 1: [116] Luke - External Data Sources/InsectSound1000/Coccinella_septempunctata/2023420-16-9/000052/2023420-16-9_Coccinella_septempunctata_000052_s17_ch0 — starting (embeddings)

314.1s - extractor 0: [101] Luke - External Data Sources/InsectSound1000/Coccinella_septempunctata/2023420-16-9/000054/2023420-16-9_Coccinella_septempunctata_000054_s36_ch0 — 1 cached label file(s) → embeddings (ident took 0.1s)
314.1s - extractor 1: [116] Luke - External Data Sources/InsectSound1000/Coccinella_septempunctata/2023420-16-9/000052/2023420-16-9_Coccinella_septempunctata_000052_s17_ch0 — 1 cached label file(s) → embeddings (ident took 0.1s)
314.1s - extractor 1: [117] Luke - External Data Sources/InsectSound1000/Coccinella_septempunctata/2023420-16-9/000056/2023420-16-9_Coccinella_septempunctata_000056_s61_ch0 — starting (embeddings)314.1s - extractor 0: [102] Luke - External Data Sources/InsectSound1000/Coccinella_septempunctata/2023420-16-9/000055/2023420-16-9_Coccinella_septempunctata_000055_s48_ch0 — starting (embeddings)

314.2s - extractor 1: [117] Luke - External Data Sources/InsectSound1000/Coccinella_septempunctata/2023420-16-9/000056/2023420-16-9_Coccinella_septempunctata_000056_s61_ch0 — 1 cached label file(s) → embeddings (ident took 0.1s)314.2s - extractor 0: [102] Luke - External Data Sources/InsectSound1000/Coccinella_septempunctata/2023420-16-9/000055/2023420-16-9_Coccinella_septempunctata_000055_s48_ch0 — 1 cached label file(s) → embeddings (ident took 0.1s)

314.2s - extractor 1: [118] Luke - External Data Sources/InsectSound1000/Coccinella_septempunctata/2023420-16-9/000057/2023420-16-9_Coccinella_septempunctata_000057_s15_ch3 — starting (embeddings)314.2s - extractor 0: [103] Luke - External Data Sources/InsectSound1000/Coccinella_septempunctata/2023420-16-9/000058/2023420-16-9_Coccinella_septempunctata_000058_s113_ch0 — starting (embeddings)

314.3s - extractor 0: [103] Luke - External Data Sources/InsectSound1000/Coccinella_septempunctata/2023420-16-9/000058/2023420-16-9_Coccinella_septempunctata_000058_s113_ch0 — 1 cached label file(s) → embeddings (ident took 0.1s)
314.3s - extractor 1: [118] Luke - External Data Sources/InsectSound1000/Coccinella_septempunctata/2023420-16-9/000057/2023420-16-9_Coccinella_septempunctata_000057_s15_ch3 — 1 cached label file(s) → embeddings (ident took 0.1s)
314.3s - extractor 1: [119] Luke - External Data Sources/InsectSound1000/Coccinella_septempunctata/2023420-16-9/000064/2023420-16-9_Coccinella_septempunctata_000064_s137_ch0 — starting (embeddings)314.3s - extractor 0: [104] Luke - External Data Sources/InsectSound1000/Coccinella_septempunctata/2023420-16-9/000059/2023420-16-9_Coccinella_septempunctata_000059_s35_ch0 — starting (embeddings)

314.4s - extractor 1: [119] Luke - External Data Sources/InsectSound1000/Coccinella_septempunctata/2023420-16-9/000064/2023420-16-9_Coccinella_septempunctata_000064_s137_ch0 — 1 cached label file(s) → embeddings (ident took 0.1s)314.4s - extractor 0: [104] Luke - External Data Sources/InsectSound1000/Coccinella_septempunctata/2023420-16-9/000059/2023420-16-9_Coccinella_septempunctata_000059_s35_ch0 — 1 cached label file(s) → embeddings (ident took 0.1s)

314.4s - extractor 1: [120] Luke - External Data Sources/InsectSound1000/Coccinella_septempunctata/2023420-16-9/000065/2023420-16-9_Coccinella_septempunctata_000065_s70_ch0 — starting (embeddings)314.4s - extractor 0: [105] Luke - External Data Sources/InsectSound1000/Coccinella_septempunctata/2023420-16-9/000065/2023420-16-9_Coccinella_septempunctata_000065_s84_ch0 — starting (embeddings)

314.5s - extractor 1: [120] Luke - External Data Sources/InsectSound1000/Coccinella_septempunctata/2023420-16-9/000065/2023420-16-9_Coccinella_septempunctata_000065_s70_ch0 — 1 cached label file(s) → embeddings (ident took 0.1s)314.5s - extractor 0: [105] Luke - External Data Sources/InsectSound1000/Coccinella_septempunctata/2023420-16-9/000065/2023420-16-9_Coccinella_septempunctata_000065_s84_ch0 — 1 cached label file(s) → embeddings (ident took 0.1s)

314.5s - extractor 1: [121] Luke - External Data Sources/InsectSound1000/Coccinella_septempunctata/2023420-16-9/000066/2023420-16-9_Coccinella_septempunctata_000066_s78_ch0 — starting (embeddings)314.5s - extractor 0: [106] Luke - External Data Sources/InsectSound1000/Coccinella_septempunctata/2023420-16-9/000066/2023420-16-9_Coccinella_septempunctata_000066_s62_ch0 — starting (embeddings)

314.6s - extractor 1: [121] Luke - External Data Sources/InsectSound1000/Coccinella_septempunctata/2023420-16-9/000066/2023420-16-9_Coccinella_septempunctata_000066_s78_ch0 — 1 cached label file(s) → embeddings (ident took 0.1s)314.6s - extractor 0: [106] Luke - External Data Sources/InsectSound1000/Coccinella_septempunctata/2023420-16-9/000066/2023420-16-9_Coccinella_septempunctata_000066_s62_ch0 — 1 cached label file(s) → embeddings (ident took 0.1s)

314.6s - extractor 0: [107] Luke - External Data Sources/InsectSound1000/Coccinella_septempunctata/2023424-16-23/000014/2023424-16-23_Coccinella_septempunctata_000014_s3_ch0 — starting (embeddings)314.6s - extractor 1: [122] Luke - External Data Sources/InsectSound1000/Coccinella_septempunctata/2023420-16-9/000068/2023420-16-9_Coccinella_septempunctata_000068_s56_ch0 — starting (embeddings)

314.7s - extractor 0: [107] Luke - External Data Sources/InsectSound1000/Coccinella_septempunctata/2023424-16-23/000014/2023424-16-23_Coccinella_septempunctata_000014_s3_ch0 — 1 cached label file(s) → embeddings (ident took 0.1s)
314.7s - extractor 1: [122] Luke - External Data Sources/InsectSound1000/Coccinella_septempunctata/2023420-16-9/000068/2023420-16-9_Coccinella_septempunctata_000068_s56_ch0 — 1 cached label file(s) → embeddings (ident took 0.1s)
314.7s - extractor 1: [123] Luke - External Data Sources/InsectSound1000/Coccinella_septempunctata/2023424-16-23/000064/2023424-16-23_Coccinella_septempunctata_000064_s12_ch0 — starting (embeddings)314.7s - extractor 0: [108] Luke - External Data Sources/InsectSound1000/Coccinella_septempunctata/2023424-16-23/000062/2023424-16-23_Coccinella_septempunctata_000062_s28_ch0 — starting (embeddings)

314.8s - extractor 1: [123] Luke - External Data Sources/InsectSound1000/Coccinella_septempunctata/2023424-16-23/000064/2023424-16-23_Coccinella_septempunctata_000064_s12_ch0 — 1 cached label file(s) → embeddings (ident took 0.1s)314.8s - extractor 0: [108] Luke - External Data Sources/InsectSound1000/Coccinella_septempunctata/2023424-16-23/000062/2023424-16-23_Coccinella_septempunctata_000062_s28_ch0 — 1 cached label file(s) → embeddings (ident took 0.1s)

314.8s - extractor 0: [109] Luke - External Data Sources/InsectSound1000/Coccinella_septempunctata/2023424-16-23/000064/2023424-16-23_Coccinella_septempunctata_000064_s32_ch0 — starting (embeddings)314.8s - extractor 1: [124] Luke - External Data Sources/InsectSound1000/Coccinella_septempunctata/2023424-16-23/000064/2023424-16-23_Coccinella_septempunctata_000064_s30_ch0 — starting (embeddings)

314.9s - extractor 1: [124] Luke - External Data Sources/InsectSound1000/Coccinella_septempunctata/2023424-16-23/000064/2023424-16-23_Coccinella_septempunctata_000064_s30_ch0 — 1 cached label file(s) → embeddings (ident took 0.1s)
314.9s - extractor 0: [109] Luke - External Data Sources/InsectSound1000/Coccinella_septempunctata/2023424-16-23/000064/2023424-16-23_Coccinella_septempunctata_000064_s32_ch0 — 1 cached label file(s) → embeddings (ident took 0.1s)
314.9s - extractor 1: [125] Luke - External Data Sources/InsectSound1000/Coccinella_septempunctata/2023425-16-22/000005/2023425-16-22_Coccinella_septempunctata_000005_s1_ch0 — starting (embeddings)
314.9s - extractor 0: [110] Luke - External Data Sources/InsectSound1000/Coccinella_septempunctata/2023425-16-22/000030/2023425-16-22_Coccinella_septempunctata_000030_s12_ch0 — starting (embeddings)
315.0s - extractor 1: [125] Luke - External Data Sources/InsectSound1000/Coccinella_septempunctata/2023425-16-22/000005/2023425-16-22_Coccinella_septempunctata_000005_s1_ch0 — 1 cached label file(s) → embeddings (ident took 0.1s)
315.0s - extractor 0: [110] Luke - External Data Sources/InsectSound1000/Coccinella_septempunctata/2023425-16-22/000030/2023425-16-22_Coccinella_septempunctata_000030_s12_ch0 — 1 cached label file(s) → embeddings (ident took 0.1s)
315.0s - extractor 0: [111] Luke - External Data Sources/InsectSound1000/Coccinella_septempunctata/2023425-16-22/000051/2023425-16-22_Coccinella_septempunctata_000051_s15_ch0 — starting (embeddings)315.0s - extractor 1: [126] Luke - External Data Sources/InsectSound1000/Coccinella_septempunctata/2023425-16-22/000031/2023425-16-22_Coccinella_septempunctata_000031_s26_ch0 — starting (embeddings)

315.1s - extractor 1: [126] Luke - External Data Sources/InsectSound1000/Coccinella_septempunctata/2023425-16-22/000031/2023425-16-22_Coccinella_septempunctata_000031_s26_ch0 — 1 cached label file(s) → embeddings (ident took 0.1s)315.1s - extractor 0: [111] Luke - External Data Sources/InsectSound1000/Coccinella_septempunctata/2023425-16-22/000051/2023425-16-22_Coccinella_septempunctata_000051_s15_ch0 — 1 cached label file(s) → embeddings (ident took 0.1s)

315.1s - extractor 0: [112] Luke - External Data Sources/InsectSound1000/Coccinella_septempunctata/2023425-16-22/000052/2023425-16-22_Coccinella_septempunctata_000052_s16_ch0 — starting (embeddings)315.1s - extractor 1: [127] Luke - External Data Sources/InsectSound1000/Coccinella_septempunctata/2023425-16-22/000052/2023425-16-22_Coccinella_septempunctata_000052_s6_ch0 — starting (embeddings)

315.2s - extractor 1: [127] Luke - External Data Sources/InsectSound1000/Coccinella_septempunctata/2023425-16-22/000052/2023425-16-22_Coccinella_septempunctata_000052_s6_ch0 — 1 cached label file(s) → embeddings (ident took 0.1s)315.2s - extractor 0: [112] Luke - External Data Sources/InsectSound1000/Coccinella_septempunctata/2023425-16-22/000052/2023425-16-22_Coccinella_septempunctata_000052_s16_ch0 — 1 cached label file(s) → embeddings (ident took 0.1s)

315.2s - extractor 1: [128] Luke - External Data Sources/InsectSound1000/Coccinella_septempunctata/2023425-16-22/000058/2023425-16-22_Coccinella_septempunctata_000058_s2_ch0 — starting (embeddings)315.2s - extractor 0: [113] Luke - External Data Sources/InsectSound1000/Coccinella_septempunctata/2023425-16-22/000058/2023425-16-22_Coccinella_septempunctata_000058_s3_ch0 — starting (embeddings)

315.3s - extractor 1: [128] Luke - External Data Sources/InsectSound1000/Coccinella_septempunctata/2023425-16-22/000058/2023425-16-22_Coccinella_septempunctata_000058_s2_ch0 — 1 cached label file(s) → embeddings (ident took 0.1s)
315.3s - extractor 1: [129] Luke - External Data Sources/InsectSound1000/Coccinella_septempunctata/2023425-16-22/000058/2023425-16-22_Coccinella_septempunctata_000058_s31_ch0 — starting (embeddings)
315.3s - extractor 0: [113] Luke - External Data Sources/InsectSound1000/Coccinella_septempunctata/2023425-16-22/000058/2023425-16-22_Coccinella_septempunctata_000058_s3_ch0 — 1 cached label file(s) → embeddings (ident took 0.1s)
315.3s - extractor 0: [114] Luke - External Data Sources/InsectSound1000/Coccinella_septempunctata/2023425-16-22/000058/2023425-16-22_Coccinella_septempunctata_000058_s32_ch0 — starting (embeddings)
315.4s - extractor 1: [129] Luke - External Data Sources/InsectSound1000/Coccinella_septempunctata/2023425-16-22/000058/2023425-16-22_Coccinella_septempunctata_000058_s31_ch0 — 1 cached label file(s) → embeddings (ident took 0.1s)
315.4s - extractor 0: [114] Luke - External Data Sources/InsectSound1000/Coccinella_septempunctata/2023425-16-22/000058/2023425-16-22_Coccinella_septempunctata_000058_s32_ch0 — 1 cached label file(s) → embeddings (ident took 0.1s)
315.4s - extractor 1: [130] Luke - External Data Sources/InsectSound1000/Coccinella_septempunctata/2023425-16-22/000058/2023425-16-22_Coccinella_septempunctata_000058_s35_ch0 — starting (embeddings)
315.4s - extractor 0: [115] Luke - External Data Sources/InsectSound1000/Coccinella_septempunctata/2023425-16-22/000058/2023425-16-22_Coccinella_septempunctata_000058_s41_ch0 — starting (embeddings)
315.5s - extractor 0: [115] Luke - External Data Sources/InsectSound1000/Coccinella_septempunctata/2023425-16-22/000058/2023425-16-22_Coccinella_septempunctata_000058_s41_ch0 — 1 cached label file(s) → embeddings (ident took 0.1s)315.5s - extractor 1: [130] Luke - External Data Sources/InsectSound1000/Coccinella_septempunctata/2023425-16-22/000058/2023425-16-22_Coccinella_septempunctata_000058_s35_ch0 — 1 cached label file(s) → embeddings (ident took 0.1s)

315.5s - extractor 0: [116] Luke - External Data Sources/InsectSound1000/Coccinella_septempunctata/2023425-16-22/000058/2023425-16-22_Coccinella_septempunctata_000058_s46_ch0 — starting (embeddings)315.5s - extractor 1: [131] Luke - External Data Sources/InsectSound1000/Coccinella_septempunctata/2023425-16-22/000058/2023425-16-22_Coccinella_septempunctata_000058_s49_ch0 — starting (embeddings)

315.6s - extractor 0: [116] Luke - External Data Sources/InsectSound1000/Coccinella_septempunctata/2023425-16-22/000058/2023425-16-22_Coccinella_septempunctata_000058_s46_ch0 — 1 cached label file(s) → embeddings (ident took 0.1s)
315.6s - extractor 1: [131] Luke - External Data Sources/InsectSound1000/Coccinella_septempunctata/2023425-16-22/000058/2023425-16-22_Coccinella_septempunctata_000058_s49_ch0 — 1 cached label file(s) → embeddings (ident took 0.1s)
315.6s - extractor 0: [117] Luke - External Data Sources/InsectSound1000/Coccinella_septempunctata/2023425-16-22/000058/2023425-16-22_Coccinella_septempunctata_000058_s50_ch0 — starting (embeddings)315.6s - extractor 1: [132] Luke - External Data Sources/InsectSound1000/Coccinella_septempunctata/2023425-16-22/000058/2023425-16-22_Coccinella_septempunctata_000058_s65_ch0 — starting (embeddings)

315.7s - extractor 1: [132] Luke - External Data Sources/InsectSound1000/Coccinella_septempunctata/2023425-16-22/000058/2023425-16-22_Coccinella_septempunctata_000058_s65_ch0 — 1 cached label file(s) → embeddings (ident took 0.1s)
315.7s - extractor 0: [117] Luke - External Data Sources/InsectSound1000/Coccinella_septempunctata/2023425-16-22/000058/2023425-16-22_Coccinella_septempunctata_000058_s50_ch0 — 1 cached label file(s) → embeddings (ident took 0.1s)
315.7s - extractor 1: [133] Luke - External Data Sources/InsectSound1000/Episyrphus_balteatus/2023515-16-42/000001/2023515-16-42_Episyrphus_balteatus_000001_s91_ch0 — starting (embeddings)
315.7s - extractor 0: [118] Luke - External Data Sources/InsectSound1000/Episyrphus_balteatus/2023515-16-42/000005/2023515-16-42_Episyrphus_balteatus_000005_s21_ch0 — starting (embeddings)
315.8s - extractor 0: [118] Luke - External Data Sources/InsectSound1000/Episyrphus_balteatus/2023515-16-42/000005/2023515-16-42_Episyrphus_balteatus_000005_s21_ch0 — 1 cached label file(s) → embeddings (ident took 0.1s)
315.8s - extractor 0: [119] Luke - External Data Sources/InsectSound1000/Episyrphus_balteatus/2023515-16-42/000032/2023515-16-42_Episyrphus_balteatus_000032_s19_ch3 — starting (embeddings)
315.8s - extractor 1: [133] Luke - External Data Sources/InsectSound1000/Episyrphus_balteatus/2023515-16-42/000001/2023515-16-42_Episyrphus_balteatus_000001_s91_ch0 — 1 cached label file(s) → embeddings (ident took 0.1s)
315.8s - extractor 1: [134] Luke - External Data Sources/InsectSound1000/Episyrphus_balteatus/2023515-16-42/000037/2023515-16-42_Episyrphus_balteatus_000037_s56_ch3 — starting (embeddings)
315.9s - extractor 0: [119] Luke - External Data Sources/InsectSound1000/Episyrphus_balteatus/2023515-16-42/000032/2023515-16-42_Episyrphus_balteatus_000032_s19_ch3 — 1 cached label file(s) → embeddings (ident took 0.1s)
315.9s - extractor 1: [134] Luke - External Data Sources/InsectSound1000/Episyrphus_balteatus/2023515-16-42/000037/2023515-16-42_Episyrphus_balteatus_000037_s56_ch3 — 1 cached label file(s) → embeddings (ident took 0.1s)
315.9s - extractor 0: [120] Luke - External Data Sources/InsectSound1000/Episyrphus_balteatus/2023515-16-42/000044/2023515-16-42_Episyrphus_balteatus_000044_s40_ch3 — starting (embeddings)
315.9s - extractor 1: [135] Luke - External Data Sources/InsectSound1000/Episyrphus_balteatus/2023515-16-42/000045/2023515-16-42_Episyrphus_balteatus_000045_s54_ch0 — starting (embeddings)
316.0s - extractor 1: [135] Luke - External Data Sources/InsectSound1000/Episyrphus_balteatus/2023515-16-42/000045/2023515-16-42_Episyrphus_balteatus_000045_s54_ch0 — 1 cached label file(s) → embeddings (ident took 0.1s)
316.0s - extractor 1: [136] Luke - External Data Sources/InsectSound1000/Episyrphus_balteatus/2023515-16-42/000045/2023515-16-42_Episyrphus_balteatus_000045_s83_ch0 — starting (embeddings)
316.0s - extractor 0: [120] Luke - External Data Sources/InsectSound1000/Episyrphus_balteatus/2023515-16-42/000044/2023515-16-42_Episyrphus_balteatus_000044_s40_ch3 — 1 cached label file(s) → embeddings (ident took 0.1s)
316.0s - extractor 0: [121] Luke - External Data Sources/InsectSound1000/Episyrphus_balteatus/2023515-16-42/000047/2023515-16-42_Episyrphus_balteatus_000047_s111_ch1 — starting (embeddings)
316.1s - extractor 1: [136] Luke - External Data Sources/InsectSound1000/Episyrphus_balteatus/2023515-16-42/000045/2023515-16-42_Episyrphus_balteatus_000045_s83_ch0 — 1 cached label file(s) → embeddings (ident took 0.1s)
316.1s - extractor 1: [137] Luke - External Data Sources/InsectSound1000/Episyrphus_balteatus/2023612-16-19/000001/2023612-16-19_Episyrphus_balteatus_000001_s46_ch0 — starting (embeddings)
316.2s - extractor 0: [121] Luke - External Data Sources/InsectSound1000/Episyrphus_balteatus/2023515-16-42/000047/2023515-16-42_Episyrphus_balteatus_000047_s111_ch1 — 2 cached label file(s) → embeddings (ident took 0.2s)
316.2s - extractor 0: [122] Luke - External Data Sources/InsectSound1000/Episyrphus_balteatus/2023612-16-19/000003/2023612-16-19_Episyrphus_balteatus_000003_s42_ch0 — starting (embeddings)
316.2s - extractor 1: [137] Luke - External Data Sources/InsectSound1000/Episyrphus_balteatus/2023612-16-19/000001/2023612-16-19_Episyrphus_balteatus_000001_s46_ch0 — 1 cached label file(s) → embeddings (ident took 0.1s)
316.2s - extractor 1: [138] Luke - External Data Sources/InsectSound1000/Episyrphus_balteatus/2023612-16-19/000005/2023612-16-19_Episyrphus_balteatus_000005_s100_ch0 — starting (embeddings)
316.3s - extractor 0: [122] Luke - External Data Sources/InsectSound1000/Episyrphus_balteatus/2023612-16-19/000003/2023612-16-19_Episyrphus_balteatus_000003_s42_ch0 — 1 cached label file(s) → embeddings (ident took 0.1s)
316.3s - extractor 1: [138] Luke - External Data Sources/InsectSound1000/Episyrphus_balteatus/2023612-16-19/000005/2023612-16-19_Episyrphus_balteatus_000005_s100_ch0 — 1 cached label file(s) → embeddings (ident took 0.1s)
316.3s - extractor 0: [123] Luke - External Data Sources/InsectSound1000/Episyrphus_balteatus/2023612-16-19/000005/2023612-16-19_Episyrphus_balteatus_000005_s101_ch0 — starting (embeddings)
316.3s - extractor 1: [139] Luke - External Data Sources/InsectSound1000/Episyrphus_balteatus/2023612-16-19/000005/2023612-16-19_Episyrphus_balteatus_000005_s102_ch0 — starting (embeddings)
316.4s - extractor 1: [139] Luke - External Data Sources/InsectSound1000/Episyrphus_balteatus/2023612-16-19/000005/2023612-16-19_Episyrphus_balteatus_000005_s102_ch0 — 1 cached label file(s) → embeddings (ident took 0.1s)316.4s - extractor 0: [123] Luke - External Data Sources/InsectSound1000/Episyrphus_balteatus/2023612-16-19/000005/2023612-16-19_Episyrphus_balteatus_000005_s101_ch0 — 1 cached label file(s) → embeddings (ident took 0.1s)

316.4s - extractor 1: [140] Luke - External Data Sources/InsectSound1000/Episyrphus_balteatus/2023612-16-19/000005/2023612-16-19_Episyrphus_balteatus_000005_s109_ch0 — starting (embeddings)
316.4s - extractor 0: [124] Luke - External Data Sources/InsectSound1000/Episyrphus_balteatus/2023612-16-19/000005/2023612-16-19_Episyrphus_balteatus_000005_s110_ch0 — starting (embeddings)
316.5s - extractor 1: [140] Luke - External Data Sources/InsectSound1000/Episyrphus_balteatus/2023612-16-19/000005/2023612-16-19_Episyrphus_balteatus_000005_s109_ch0 — 1 cached label file(s) → embeddings (ident took 0.1s)316.5s - extractor 0: [124] Luke - External Data Sources/InsectSound1000/Episyrphus_balteatus/2023612-16-19/000005/2023612-16-19_Episyrphus_balteatus_000005_s110_ch0 — 1 cached label file(s) → embeddings (ident took 0.1s)

316.5s - extractor 1: [141] Luke - External Data Sources/InsectSound1000/Episyrphus_balteatus/2023612-16-19/000005/2023612-16-19_Episyrphus_balteatus_000005_s126_ch0 — starting (embeddings)316.5s - extractor 0: [125] Luke - External Data Sources/InsectSound1000/Episyrphus_balteatus/2023612-16-19/000005/2023612-16-19_Episyrphus_balteatus_000005_s128_ch0 — starting (embeddings)

316.6s - extractor 0: [125] Luke - External Data Sources/InsectSound1000/Episyrphus_balteatus/2023612-16-19/000005/2023612-16-19_Episyrphus_balteatus_000005_s128_ch0 — 1 cached label file(s) → embeddings (ident took 0.1s)316.6s - extractor 1: [141] Luke - External Data Sources/InsectSound1000/Episyrphus_balteatus/2023612-16-19/000005/2023612-16-19_Episyrphus_balteatus_000005_s126_ch0 — 1 cached label file(s) → embeddings (ident took 0.1s)

316.6s - extractor 0: [126] Luke - External Data Sources/InsectSound1000/Episyrphus_balteatus/2023612-16-19/000005/2023612-16-19_Episyrphus_balteatus_000005_s136_ch0 — starting (embeddings)316.6s - extractor 1: [142] Luke - External Data Sources/InsectSound1000/Episyrphus_balteatus/2023612-16-19/000005/2023612-16-19_Episyrphus_balteatus_000005_s143_ch0 — starting (embeddings)

316.7s - extractor 0: [126] Luke - External Data Sources/InsectSound1000/Episyrphus_balteatus/2023612-16-19/000005/2023612-16-19_Episyrphus_balteatus_000005_s136_ch0 — 1 cached label file(s) → embeddings (ident took 0.1s)316.7s - extractor 1: [142] Luke - External Data Sources/InsectSound1000/Episyrphus_balteatus/2023612-16-19/000005/2023612-16-19_Episyrphus_balteatus_000005_s143_ch0 — 1 cached label file(s) → embeddings (ident took 0.1s)

316.7s - extractor 0: [127] Luke - External Data Sources/InsectSound1000/Episyrphus_balteatus/2023612-16-19/000005/2023612-16-19_Episyrphus_balteatus_000005_s144_ch0 — starting (embeddings)316.7s - extractor 1: [143] Luke - External Data Sources/InsectSound1000/Episyrphus_balteatus/2023612-16-19/000005/2023612-16-19_Episyrphus_balteatus_000005_s15_ch0 — starting (embeddings)

316.8s - extractor 1: [143] Luke - External Data Sources/InsectSound1000/Episyrphus_balteatus/2023612-16-19/000005/2023612-16-19_Episyrphus_balteatus_000005_s15_ch0 — 1 cached label file(s) → embeddings (ident took 0.1s)
316.8s - extractor 0: [127] Luke - External Data Sources/InsectSound1000/Episyrphus_balteatus/2023612-16-19/000005/2023612-16-19_Episyrphus_balteatus_000005_s144_ch0 — 1 cached label file(s) → embeddings (ident took 0.1s)
316.8s - extractor 1: [144] Luke - External Data Sources/InsectSound1000/Episyrphus_balteatus/2023612-16-19/000005/2023612-16-19_Episyrphus_balteatus_000005_s152_ch0 — starting (embeddings)316.8s - extractor 0: [128] Luke - External Data Sources/InsectSound1000/Episyrphus_balteatus/2023612-16-19/000005/2023612-16-19_Episyrphus_balteatus_000005_s153_ch0 — starting (embeddings)

316.9s - extractor 0: [128] Luke - External Data Sources/InsectSound1000/Episyrphus_balteatus/2023612-16-19/000005/2023612-16-19_Episyrphus_balteatus_000005_s153_ch0 — 1 cached label file(s) → embeddings (ident took 0.1s)
316.9s - extractor 0: [129] Luke - External Data Sources/InsectSound1000/Episyrphus_balteatus/2023612-16-19/000005/2023612-16-19_Episyrphus_balteatus_000005_s154_ch0 — starting (embeddings)
316.9s - extractor 1: [144] Luke - External Data Sources/InsectSound1000/Episyrphus_balteatus/2023612-16-19/000005/2023612-16-19_Episyrphus_balteatus_000005_s152_ch0 — 1 cached label file(s) → embeddings (ident took 0.1s)
316.9s - extractor 1: [145] Luke - External Data Sources/InsectSound1000/Episyrphus_balteatus/2023612-16-19/000005/2023612-16-19_Episyrphus_balteatus_000005_s155_ch0 — starting (embeddings)
317.0s - extractor 0: [129] Luke - External Data Sources/InsectSound1000/Episyrphus_balteatus/2023612-16-19/000005/2023612-16-19_Episyrphus_balteatus_000005_s154_ch0 — 1 cached label file(s) → embeddings (ident took 0.1s)
317.0s - extractor 0: [130] Luke - External Data Sources/InsectSound1000/Episyrphus_balteatus/2023612-16-19/000005/2023612-16-19_Episyrphus_balteatus_000005_s161_ch0 — starting (embeddings)
317.0s - extractor 1: [145] Luke - External Data Sources/InsectSound1000/Episyrphus_balteatus/2023612-16-19/000005/2023612-16-19_Episyrphus_balteatus_000005_s155_ch0 — 1 cached label file(s) → embeddings (ident took 0.1s)
317.0s - extractor 1: [146] Luke - External Data Sources/InsectSound1000/Episyrphus_balteatus/2023612-16-19/000005/2023612-16-19_Episyrphus_balteatus_000005_s169_ch0 — starting (embeddings)
317.1s - extractor 0: [130] Luke - External Data Sources/InsectSound1000/Episyrphus_balteatus/2023612-16-19/000005/2023612-16-19_Episyrphus_balteatus_000005_s161_ch0 — 1 cached label file(s) → embeddings (ident took 0.1s)
317.1s - extractor 0: [131] Luke - External Data Sources/InsectSound1000/Episyrphus_balteatus/2023612-16-19/000005/2023612-16-19_Episyrphus_balteatus_000005_s18_ch0 — starting (embeddings)
317.1s - extractor 1: [146] Luke - External Data Sources/InsectSound1000/Episyrphus_balteatus/2023612-16-19/000005/2023612-16-19_Episyrphus_balteatus_000005_s169_ch0 — 1 cached label file(s) → embeddings (ident took 0.1s)
317.1s - extractor 1: [147] Luke - External Data Sources/InsectSound1000/Episyrphus_balteatus/2023612-16-19/000005/2023612-16-19_Episyrphus_balteatus_000005_s24_ch0 — starting (embeddings)
317.2s - extractor 1: [147] Luke - External Data Sources/InsectSound1000/Episyrphus_balteatus/2023612-16-19/000005/2023612-16-19_Episyrphus_balteatus_000005_s24_ch0 — 1 cached label file(s) → embeddings (ident took 0.1s)
317.2s - extractor 0: [131] Luke - External Data Sources/InsectSound1000/Episyrphus_balteatus/2023612-16-19/000005/2023612-16-19_Episyrphus_balteatus_000005_s18_ch0 — 1 cached label file(s) → embeddings (ident took 0.1s)
317.2s - extractor 1: [148] Luke - External Data Sources/InsectSound1000/Episyrphus_balteatus/2023612-16-19/000005/2023612-16-19_Episyrphus_balteatus_000005_s40_ch0 — starting (embeddings)
317.2s - extractor 0: [132] Luke - External Data Sources/InsectSound1000/Episyrphus_balteatus/2023612-16-19/000005/2023612-16-19_Episyrphus_balteatus_000005_s45_ch0 — starting (embeddings)
317.3s - extractor 1: [148] Luke - External Data Sources/InsectSound1000/Episyrphus_balteatus/2023612-16-19/000005/2023612-16-19_Episyrphus_balteatus_000005_s40_ch0 — 1 cached label file(s) → embeddings (ident took 0.1s)317.3s - extractor 0: [132] Luke - External Data Sources/InsectSound1000/Episyrphus_balteatus/2023612-16-19/000005/2023612-16-19_Episyrphus_balteatus_000005_s45_ch0 — 1 cached label file(s) → embeddings (ident took 0.1s)

317.3s - extractor 1: [149] Luke - External Data Sources/InsectSound1000/Episyrphus_balteatus/2023612-16-19/000005/2023612-16-19_Episyrphus_balteatus_000005_s46_ch0 — starting (embeddings)317.3s - extractor 0: [133] Luke - External Data Sources/InsectSound1000/Episyrphus_balteatus/2023612-16-19/000005/2023612-16-19_Episyrphus_balteatus_000005_s48_ch0 — starting (embeddings)

317.4s - extractor 0: [133] Luke - External Data Sources/InsectSound1000/Episyrphus_balteatus/2023612-16-19/000005/2023612-16-19_Episyrphus_balteatus_000005_s48_ch0 — 1 cached label file(s) → embeddings (ident took 0.1s)
317.4s - extractor 1: [149] Luke - External Data Sources/InsectSound1000/Episyrphus_balteatus/2023612-16-19/000005/2023612-16-19_Episyrphus_balteatus_000005_s46_ch0 — 1 cached label file(s) → embeddings (ident took 0.1s)
317.4s - extractor 0: [134] Luke - External Data Sources/InsectSound1000/Episyrphus_balteatus/2023612-16-19/000005/2023612-16-19_Episyrphus_balteatus_000005_s55_ch0 — starting (embeddings)
317.4s - extractor 1: [150] Luke - External Data Sources/InsectSound1000/Episyrphus_balteatus/2023612-16-19/000005/2023612-16-19_Episyrphus_balteatus_000005_s56_ch0 — starting (embeddings)
317.5s - extractor 1: [150] Luke - External Data Sources/InsectSound1000/Episyrphus_balteatus/2023612-16-19/000005/2023612-16-19_Episyrphus_balteatus_000005_s56_ch0 — 1 cached label file(s) → embeddings (ident took 0.1s)
317.5s - extractor 0: [134] Luke - External Data Sources/InsectSound1000/Episyrphus_balteatus/2023612-16-19/000005/2023612-16-19_Episyrphus_balteatus_000005_s55_ch0 — 1 cached label file(s) → embeddings (ident took 0.1s)
317.5s - extractor 0: [135] Luke - External Data Sources/InsectSound1000/Episyrphus_balteatus/2023612-16-19/000005/2023612-16-19_Episyrphus_balteatus_000005_s58_ch0 — starting (embeddings)317.5s - extractor 1: [151] Luke - External Data Sources/InsectSound1000/Episyrphus_balteatus/2023612-16-19/000005/2023612-16-19_Episyrphus_balteatus_000005_s57_ch0 — starting (embeddings)

317.6s - extractor 1: [151] Luke - External Data Sources/InsectSound1000/Episyrphus_balteatus/2023612-16-19/000005/2023612-16-19_Episyrphus_balteatus_000005_s57_ch0 — 1 cached label file(s) → embeddings (ident took 0.1s)
317.6s - extractor 0: [135] Luke - External Data Sources/InsectSound1000/Episyrphus_balteatus/2023612-16-19/000005/2023612-16-19_Episyrphus_balteatus_000005_s58_ch0 — 1 cached label file(s) → embeddings (ident took 0.1s)
317.6s - extractor 0: [136] Luke - External Data Sources/InsectSound1000/Episyrphus_balteatus/2023612-16-19/000005/2023612-16-19_Episyrphus_balteatus_000005_s61_ch0 — starting (embeddings)317.6s - extractor 1: [152] Luke - External Data Sources/InsectSound1000/Episyrphus_balteatus/2023612-16-19/000005/2023612-16-19_Episyrphus_balteatus_000005_s60_ch0 — starting (embeddings)

317.7s - extractor 1: [152] Luke - External Data Sources/InsectSound1000/Episyrphus_balteatus/2023612-16-19/000005/2023612-16-19_Episyrphus_balteatus_000005_s60_ch0 — 1 cached label file(s) → embeddings (ident took 0.1s)317.7s - extractor 0: [136] Luke - External Data Sources/InsectSound1000/Episyrphus_balteatus/2023612-16-19/000005/2023612-16-19_Episyrphus_balteatus_000005_s61_ch0 — 1 cached label file(s) → embeddings (ident took 0.1s)

317.7s - extractor 1: [153] Luke - External Data Sources/InsectSound1000/Episyrphus_balteatus/2023612-16-19/000005/2023612-16-19_Episyrphus_balteatus_000005_s62_ch0 — starting (embeddings)317.7s - extractor 0: [137] Luke - External Data Sources/InsectSound1000/Episyrphus_balteatus/2023612-16-19/000005/2023612-16-19_Episyrphus_balteatus_000005_s63_ch0 — starting (embeddings)

317.8s - extractor 1: [153] Luke - External Data Sources/InsectSound1000/Episyrphus_balteatus/2023612-16-19/000005/2023612-16-19_Episyrphus_balteatus_000005_s62_ch0 — 1 cached label file(s) → embeddings (ident took 0.1s)317.8s - extractor 0: [137] Luke - External Data Sources/InsectSound1000/Episyrphus_balteatus/2023612-16-19/000005/2023612-16-19_Episyrphus_balteatus_000005_s63_ch0 — 1 cached label file(s) → embeddings (ident took 0.1s)

317.8s - extractor 1: [154] Luke - External Data Sources/InsectSound1000/Episyrphus_balteatus/2023612-16-19/000005/2023612-16-19_Episyrphus_balteatus_000005_s66_ch0 — starting (embeddings)
317.8s - extractor 0: [138] Luke - External Data Sources/InsectSound1000/Episyrphus_balteatus/2023612-16-19/000005/2023612-16-19_Episyrphus_balteatus_000005_s69_ch0 — starting (embeddings)
317.9s - extractor 1: [154] Luke - External Data Sources/InsectSound1000/Episyrphus_balteatus/2023612-16-19/000005/2023612-16-19_Episyrphus_balteatus_000005_s66_ch0 — 1 cached label file(s) → embeddings (ident took 0.1s)
317.9s - extractor 1: [155] Luke - External Data Sources/InsectSound1000/Episyrphus_balteatus/2023612-16-19/000005/2023612-16-19_Episyrphus_balteatus_000005_s71_ch0 — starting (embeddings)
317.9s - extractor 0: [138] Luke - External Data Sources/InsectSound1000/Episyrphus_balteatus/2023612-16-19/000005/2023612-16-19_Episyrphus_balteatus_000005_s69_ch0 — 1 cached label file(s) → embeddings (ident took 0.1s)
317.9s - extractor 0: [139] Luke - External Data Sources/InsectSound1000/Episyrphus_balteatus/2023612-16-19/000005/2023612-16-19_Episyrphus_balteatus_000005_s72_ch0 — starting (embeddings)
318.0s - extractor 1: [155] Luke - External Data Sources/InsectSound1000/Episyrphus_balteatus/2023612-16-19/000005/2023612-16-19_Episyrphus_balteatus_000005_s71_ch0 — 1 cached label file(s) → embeddings (ident took 0.1s)
318.0s - extractor 0: [139] Luke - External Data Sources/InsectSound1000/Episyrphus_balteatus/2023612-16-19/000005/2023612-16-19_Episyrphus_balteatus_000005_s72_ch0 — 1 cached label file(s) → embeddings (ident took 0.1s)
318.0s - extractor 1: [156] Luke - External Data Sources/InsectSound1000/Episyrphus_balteatus/2023612-16-19/000005/2023612-16-19_Episyrphus_balteatus_000005_s73_ch0 — starting (embeddings)318.0s - extractor 0: [140] Luke - External Data Sources/InsectSound1000/Episyrphus_balteatus/2023612-16-19/000005/2023612-16-19_Episyrphus_balteatus_000005_s78_ch0 — starting (embeddings)

318.1s - extractor 0: [140] Luke - External Data Sources/InsectSound1000/Episyrphus_balteatus/2023612-16-19/000005/2023612-16-19_Episyrphus_balteatus_000005_s78_ch0 — 1 cached label file(s) → embeddings (ident took 0.1s)
318.1s - extractor 1: [156] Luke - External Data Sources/InsectSound1000/Episyrphus_balteatus/2023612-16-19/000005/2023612-16-19_Episyrphus_balteatus_000005_s73_ch0 — 1 cached label file(s) → embeddings (ident took 0.1s)
318.1s - extractor 1: [157] Luke - External Data Sources/InsectSound1000/Episyrphus_balteatus/2023612-16-19/000005/2023612-16-19_Episyrphus_balteatus_000005_s83_ch0 — starting (embeddings)318.1s - extractor 0: [141] Luke - External Data Sources/InsectSound1000/Episyrphus_balteatus/2023612-16-19/000005/2023612-16-19_Episyrphus_balteatus_000005_s82_ch0 — starting (embeddings)

318.2s - extractor 1: [157] Luke - External Data Sources/InsectSound1000/Episyrphus_balteatus/2023612-16-19/000005/2023612-16-19_Episyrphus_balteatus_000005_s83_ch0 — 1 cached label file(s) → embeddings (ident took 0.1s)
318.2s - extractor 0: [141] Luke - External Data Sources/InsectSound1000/Episyrphus_balteatus/2023612-16-19/000005/2023612-16-19_Episyrphus_balteatus_000005_s82_ch0 — 1 cached label file(s) → embeddings (ident took 0.1s)
318.2s - extractor 1: [158] Luke - External Data Sources/InsectSound1000/Episyrphus_balteatus/2023612-16-19/000005/2023612-16-19_Episyrphus_balteatus_000005_s84_ch0 — starting (embeddings)
318.2s - extractor 0: [142] Luke - External Data Sources/InsectSound1000/Episyrphus_balteatus/2023612-16-19/000005/2023612-16-19_Episyrphus_balteatus_000005_s85_ch0 — starting (embeddings)
318.3s - extractor 1: [158] Luke - External Data Sources/InsectSound1000/Episyrphus_balteatus/2023612-16-19/000005/2023612-16-19_Episyrphus_balteatus_000005_s84_ch0 — 1 cached label file(s) → embeddings (ident took 0.1s)
318.3s - extractor 0: [142] Luke - External Data Sources/InsectSound1000/Episyrphus_balteatus/2023612-16-19/000005/2023612-16-19_Episyrphus_balteatus_000005_s85_ch0 — 1 cached label file(s) → embeddings (ident took 0.1s)
318.3s - extractor 1: [159] Luke - External Data Sources/InsectSound1000/Episyrphus_balteatus/2023612-16-19/000005/2023612-16-19_Episyrphus_balteatus_000005_s86_ch0 — starting (embeddings)
318.3s - extractor 0: [143] Luke - External Data Sources/InsectSound1000/Episyrphus_balteatus/2023612-16-19/000005/2023612-16-19_Episyrphus_balteatus_000005_s87_ch0 — starting (embeddings)
318.4s - extractor 1: [159] Luke - External Data Sources/InsectSound1000/Episyrphus_balteatus/2023612-16-19/000005/2023612-16-19_Episyrphus_balteatus_000005_s86_ch0 — 1 cached label file(s) → embeddings (ident took 0.1s)318.4s - extractor 0: [143] Luke - External Data Sources/InsectSound1000/Episyrphus_balteatus/2023612-16-19/000005/2023612-16-19_Episyrphus_balteatus_000005_s87_ch0 — 1 cached label file(s) → embeddings (ident took 0.1s)

318.4s - extractor 1: [160] Luke - External Data Sources/InsectSound1000/Episyrphus_balteatus/2023612-16-19/000007/2023612-16-19_Episyrphus_balteatus_000007_s123_ch0 — starting (embeddings)318.4s - extractor 0: [144] Luke - External Data Sources/InsectSound1000/Episyrphus_balteatus/2023612-16-19/000008/2023612-16-19_Episyrphus_balteatus_000008_s179_ch0 — starting (embeddings)

318.5s - extractor 0: [144] Luke - External Data Sources/InsectSound1000/Episyrphus_balteatus/2023612-16-19/000008/2023612-16-19_Episyrphus_balteatus_000008_s179_ch0 — 1 cached label file(s) → embeddings (ident took 0.1s)
318.5s - extractor 1: [160] Luke - External Data Sources/InsectSound1000/Episyrphus_balteatus/2023612-16-19/000007/2023612-16-19_Episyrphus_balteatus_000007_s123_ch0 — 1 cached label file(s) → embeddings (ident took 0.1s)
318.5s - extractor 0: [145] Luke - External Data Sources/InsectSound1000/Episyrphus_balteatus/2023612-16-19/000010/2023612-16-19_Episyrphus_balteatus_000010_s53_ch0 — starting (embeddings)318.5s - extractor 1: [161] Luke - External Data Sources/InsectSound1000/Episyrphus_balteatus/2023612-16-19/000033/2023612-16-19_Episyrphus_balteatus_000033_s1_ch0 — starting (embeddings)

318.6s - extractor 1: [161] Luke - External Data Sources/InsectSound1000/Episyrphus_balteatus/2023612-16-19/000033/2023612-16-19_Episyrphus_balteatus_000033_s1_ch0 — 1 cached label file(s) → embeddings (ident took 0.1s)
318.6s - extractor 0: [145] Luke - External Data Sources/InsectSound1000/Episyrphus_balteatus/2023612-16-19/000010/2023612-16-19_Episyrphus_balteatus_000010_s53_ch0 — 1 cached label file(s) → embeddings (ident took 0.1s)
318.6s - extractor 1: [162] Luke - External Data Sources/InsectSound1000/Episyrphus_balteatus/2023612-16-19/000066/2023612-16-19_Episyrphus_balteatus_000066_s32_ch0 — starting (embeddings)
318.6s - extractor 0: [146] Luke - External Data Sources/InsectSound1000/Episyrphus_balteatus/2023613-16-37/000001/2023613-16-37_Episyrphus_balteatus_000001_s146_ch2 — starting (embeddings)
318.7s - extractor 0: [146] Luke - External Data Sources/InsectSound1000/Episyrphus_balteatus/2023613-16-37/000001/2023613-16-37_Episyrphus_balteatus_000001_s146_ch2 — 1 cached label file(s) → embeddings (ident took 0.1s)318.7s - extractor 1: [162] Luke - External Data Sources/InsectSound1000/Episyrphus_balteatus/2023612-16-19/000066/2023612-16-19_Episyrphus_balteatus_000066_s32_ch0 — 1 cached label file(s) → embeddings (ident took 0.1s)

318.7s - extractor 1: [163] Luke - External Data Sources/InsectSound1000/Episyrphus_balteatus/2023613-16-37/000003/2023613-16-37_Episyrphus_balteatus_000003_s40_ch0 — starting (embeddings)318.7s - extractor 0: [147] Luke - External Data Sources/InsectSound1000/Episyrphus_balteatus/2023613-16-37/000003/2023613-16-37_Episyrphus_balteatus_000003_s22_ch0 — starting (embeddings)

318.8s - extractor 1: [163] Luke - External Data Sources/InsectSound1000/Episyrphus_balteatus/2023613-16-37/000003/2023613-16-37_Episyrphus_balteatus_000003_s40_ch0 — 1 cached label file(s) → embeddings (ident took 0.1s)318.8s - extractor 0: [147] Luke - External Data Sources/InsectSound1000/Episyrphus_balteatus/2023613-16-37/000003/2023613-16-37_Episyrphus_balteatus_000003_s22_ch0 — 1 cached label file(s) → embeddings (ident took 0.1s)

318.8s - extractor 0: [148] Luke - External Data Sources/InsectSound1000/Episyrphus_balteatus/2023613-16-37/000003/2023613-16-37_Episyrphus_balteatus_000003_s88_ch0 — starting (embeddings)318.8s - extractor 1: [164] Luke - External Data Sources/InsectSound1000/Episyrphus_balteatus/2023613-16-37/000003/2023613-16-37_Episyrphus_balteatus_000003_s67_ch0 — starting (embeddings)

318.9s - extractor 0: [148] Luke - External Data Sources/InsectSound1000/Episyrphus_balteatus/2023613-16-37/000003/2023613-16-37_Episyrphus_balteatus_000003_s88_ch0 — 1 cached label file(s) → embeddings (ident took 0.1s)
318.9s - extractor 1: [164] Luke - External Data Sources/InsectSound1000/Episyrphus_balteatus/2023613-16-37/000003/2023613-16-37_Episyrphus_balteatus_000003_s67_ch0 — 1 cached label file(s) → embeddings (ident took 0.1s)
318.9s - extractor 0: [149] Luke - External Data Sources/InsectSound1000/Episyrphus_balteatus/2023613-16-37/000008/2023613-16-37_Episyrphus_balteatus_000008_s109_ch1 — starting (embeddings)
318.9s - extractor 1: [165] Luke - External Data Sources/InsectSound1000/Episyrphus_balteatus/2023613-16-37/000009/2023613-16-37_Episyrphus_balteatus_000009_s154_ch3 — starting (embeddings)
319.0s - extractor 0: [149] Luke - External Data Sources/InsectSound1000/Episyrphus_balteatus/2023613-16-37/000008/2023613-16-37_Episyrphus_balteatus_000008_s109_ch1 — 1 cached label file(s) → embeddings (ident took 0.1s)
319.0s - extractor 1: [165] Luke - External Data Sources/InsectSound1000/Episyrphus_balteatus/2023613-16-37/000009/2023613-16-37_Episyrphus_balteatus_000009_s154_ch3 — 1 cached label file(s) → embeddings (ident took 0.1s)
319.0s - extractor 0: [150] Luke - External Data Sources/InsectSound1000/Episyrphus_balteatus/2023613-16-37/000009/2023613-16-37_Episyrphus_balteatus_000009_s31_ch3 — starting (embeddings)319.0s - extractor 1: [166] Luke - External Data Sources/InsectSound1000/Episyrphus_balteatus/2023613-16-37/000011/2023613-16-37_Episyrphus_balteatus_000011_s39_ch1 — starting (embeddings)

319.1s - extractor 0: [150] Luke - External Data Sources/InsectSound1000/Episyrphus_balteatus/2023613-16-37/000009/2023613-16-37_Episyrphus_balteatus_000009_s31_ch3 — 1 cached label file(s) → embeddings (ident took 0.1s)
319.1s - extractor 1: [166] Luke - External Data Sources/InsectSound1000/Episyrphus_balteatus/2023613-16-37/000011/2023613-16-37_Episyrphus_balteatus_000011_s39_ch1 — 1 cached label file(s) → embeddings (ident took 0.1s)
319.1s - extractor 0: [151] Luke - External Data Sources/InsectSound1000/Episyrphus_balteatus/2023613-16-37/000012/2023613-16-37_Episyrphus_balteatus_000012_s36_ch1 — starting (embeddings)
319.1s - extractor 1: [167] Luke - External Data Sources/InsectSound1000/Episyrphus_balteatus/2023613-16-37/000064/2023613-16-37_Episyrphus_balteatus_000064_s99_ch0 — starting (embeddings)
319.2s - extractor 0: [151] Luke - External Data Sources/InsectSound1000/Episyrphus_balteatus/2023613-16-37/000012/2023613-16-37_Episyrphus_balteatus_000012_s36_ch1 — 1 cached label file(s) → embeddings (ident took 0.1s)
319.2s - extractor 1: [167] Luke - External Data Sources/InsectSound1000/Episyrphus_balteatus/2023613-16-37/000064/2023613-16-37_Episyrphus_balteatus_000064_s99_ch0 — 1 cached label file(s) → embeddings (ident took 0.1s)
319.2s - extractor 1: [168] Luke - External Data Sources/InsectSound1000/Episyrphus_balteatus/2023613-16-37/000066/2023613-16-37_Episyrphus_balteatus_000066_s89_ch3 — starting (embeddings)319.2s - extractor 0: [152] Luke - External Data Sources/InsectSound1000/Episyrphus_balteatus/2023613-16-37/000065/2023613-16-37_Episyrphus_balteatus_000065_s43_ch0 — starting (embeddings)

319.3s - extractor 0: [152] Luke - External Data Sources/InsectSound1000/Episyrphus_balteatus/2023613-16-37/000065/2023613-16-37_Episyrphus_balteatus_000065_s43_ch0 — 1 cached label file(s) → embeddings (ident took 0.1s)
319.3s - extractor 1: [168] Luke - External Data Sources/InsectSound1000/Episyrphus_balteatus/2023613-16-37/000066/2023613-16-37_Episyrphus_balteatus_000066_s89_ch3 — 1 cached label file(s) → embeddings (ident took 0.1s)
319.3s - extractor 1: [169] Luke - External Data Sources/InsectSound1000/Episyrphus_balteatus/2023614-16-27/000002/2023614-16-27_Episyrphus_balteatus_000002_s82_ch0 — starting (embeddings)319.3s - extractor 0: [153] Luke - External Data Sources/InsectSound1000/Episyrphus_balteatus/2023613-16-37/000067/2023613-16-37_Episyrphus_balteatus_000067_s155_ch0 — starting (embeddings)

319.4s - extractor 0: [153] Luke - External Data Sources/InsectSound1000/Episyrphus_balteatus/2023613-16-37/000067/2023613-16-37_Episyrphus_balteatus_000067_s155_ch0 — 1 cached label file(s) → embeddings (ident took 0.1s)
319.4s - extractor 0: [154] Luke - External Data Sources/InsectSound1000/Episyrphus_balteatus/2023614-16-27/000003/2023614-16-27_Episyrphus_balteatus_000003_s54_ch0 — starting (embeddings)
319.4s - extractor 1: [169] Luke - External Data Sources/InsectSound1000/Episyrphus_balteatus/2023614-16-27/000002/2023614-16-27_Episyrphus_balteatus_000002_s82_ch0 — 1 cached label file(s) → embeddings (ident took 0.1s)
319.4s - extractor 1: [170] Luke - External Data Sources/InsectSound1000/Episyrphus_balteatus/2023614-16-27/000006/2023614-16-27_Episyrphus_balteatus_000006_s121_ch0 — starting (embeddings)
319.5s - extractor 0: [154] Luke - External Data Sources/InsectSound1000/Episyrphus_balteatus/2023614-16-27/000003/2023614-16-27_Episyrphus_balteatus_000003_s54_ch0 — 1 cached label file(s) → embeddings (ident took 0.1s)
319.5s - extractor 0: [155] Luke - External Data Sources/InsectSound1000/Episyrphus_balteatus/2023614-16-27/000007/2023614-16-27_Episyrphus_balteatus_000007_s70_ch0 — starting (embeddings)
319.5s - extractor 1: [170] Luke - External Data Sources/InsectSound1000/Episyrphus_balteatus/2023614-16-27/000006/2023614-16-27_Episyrphus_balteatus_000006_s121_ch0 — 1 cached label file(s) → embeddings (ident took 0.1s)
319.5s - extractor 1: [171] Luke - External Data Sources/InsectSound1000/Episyrphus_balteatus/2023614-16-27/000007/2023614-16-27_Episyrphus_balteatus_000007_s77_ch0 — starting (embeddings)
319.6s - extractor 0: [155] Luke - External Data Sources/InsectSound1000/Episyrphus_balteatus/2023614-16-27/000007/2023614-16-27_Episyrphus_balteatus_000007_s70_ch0 — 1 cached label file(s) → embeddings (ident took 0.1s)
319.6s - extractor 1: [171] Luke - External Data Sources/InsectSound1000/Episyrphus_balteatus/2023614-16-27/000007/2023614-16-27_Episyrphus_balteatus_000007_s77_ch0 — 1 cached label file(s) → embeddings (ident took 0.1s)
319.6s - extractor 0: [156] Luke - External Data Sources/InsectSound1000/Episyrphus_balteatus/2023614-16-27/000007/2023614-16-27_Episyrphus_balteatus_000007_s92_ch0 — starting (embeddings)319.6s - extractor 1: [172] Luke - External Data Sources/InsectSound1000/Episyrphus_balteatus/2023614-16-27/000007/2023614-16-27_Episyrphus_balteatus_000007_s98_ch0 — starting (embeddings)

319.7s - extractor 1: [172] Luke - External Data Sources/InsectSound1000/Episyrphus_balteatus/2023614-16-27/000007/2023614-16-27_Episyrphus_balteatus_000007_s98_ch0 — 1 cached label file(s) → embeddings (ident took 0.1s)
319.7s - extractor 0: [156] Luke - External Data Sources/InsectSound1000/Episyrphus_balteatus/2023614-16-27/000007/2023614-16-27_Episyrphus_balteatus_000007_s92_ch0 — 1 cached label file(s) → embeddings (ident took 0.1s)
319.7s - extractor 1: [173] Luke - External Data Sources/InsectSound1000/Episyrphus_balteatus/2023614-16-27/000008/2023614-16-27_Episyrphus_balteatus_000008_s116_ch3 — starting (embeddings)
319.7s - extractor 0: [157] Luke - External Data Sources/InsectSound1000/Episyrphus_balteatus/2023614-16-27/000008/2023614-16-27_Episyrphus_balteatus_000008_s95_ch3 — starting (embeddings)
319.8s - extractor 0: [157] Luke - External Data Sources/InsectSound1000/Episyrphus_balteatus/2023614-16-27/000008/2023614-16-27_Episyrphus_balteatus_000008_s95_ch3 — 1 cached label file(s) → embeddings (ident took 0.1s)
319.8s - extractor 0: [158] Luke - External Data Sources/InsectSound1000/Episyrphus_balteatus/2023614-16-27/000013/2023614-16-27_Episyrphus_balteatus_000013_s21_ch3 — starting (embeddings)
319.8s - extractor 1: [173] Luke - External Data Sources/InsectSound1000/Episyrphus_balteatus/2023614-16-27/000008/2023614-16-27_Episyrphus_balteatus_000008_s116_ch3 — 1 cached label file(s) → embeddings (ident took 0.1s)
319.8s - extractor 1: [174] Luke - External Data Sources/InsectSound1000/Episyrphus_balteatus/2023614-16-27/000014/2023614-16-27_Episyrphus_balteatus_000014_s74_ch0 — starting (embeddings)
319.9s - extractor 0: [158] Luke - External Data Sources/InsectSound1000/Episyrphus_balteatus/2023614-16-27/000013/2023614-16-27_Episyrphus_balteatus_000013_s21_ch3 — 1 cached label file(s) → embeddings (ident took 0.1s)
319.9s - extractor 0: [159] Luke - External Data Sources/InsectSound1000/Episyrphus_balteatus/2023614-16-27/000014/2023614-16-27_Episyrphus_balteatus_000014_s9_ch0 — starting (embeddings)
319.9s - extractor 1: [174] Luke - External Data Sources/InsectSound1000/Episyrphus_balteatus/2023614-16-27/000014/2023614-16-27_Episyrphus_balteatus_000014_s74_ch0 — 1 cached label file(s) → embeddings (ident took 0.1s)
319.9s - extractor 1: [175] Luke - External Data Sources/InsectSound1000/Episyrphus_balteatus/2023614-16-27/000014/2023614-16-27_Episyrphus_balteatus_000014_s95_ch0 — starting (embeddings)
320.0s - extractor 1: [175] Luke - External Data Sources/InsectSound1000/Episyrphus_balteatus/2023614-16-27/000014/2023614-16-27_Episyrphus_balteatus_000014_s95_ch0 — 1 cached label file(s) → embeddings (ident took 0.1s)
320.0s - extractor 0: [159] Luke - External Data Sources/InsectSound1000/Episyrphus_balteatus/2023614-16-27/000014/2023614-16-27_Episyrphus_balteatus_000014_s9_ch0 — 1 cached label file(s) → embeddings (ident took 0.1s)
320.0s - extractor 0: [160] Luke - External Data Sources/InsectSound1000/Episyrphus_balteatus/2023615-16-27/000001/2023615-16-27_Episyrphus_balteatus_000001_s13_ch0 — starting (embeddings)320.0s - extractor 1: [176] Luke - External Data Sources/InsectSound1000/Episyrphus_balteatus/2023614-16-27/000067/2023614-16-27_Episyrphus_balteatus_000067_s90_ch0 — starting (embeddings)

320.1s - extractor 1: [176] Luke - External Data Sources/InsectSound1000/Episyrphus_balteatus/2023614-16-27/000067/2023614-16-27_Episyrphus_balteatus_000067_s90_ch0 — 1 cached label file(s) → embeddings (ident took 0.1s)
320.1s - extractor 1: [177] Luke - External Data Sources/InsectSound1000/Episyrphus_balteatus/2023615-16-27/000008/2023615-16-27_Episyrphus_balteatus_000008_s11_ch0 — starting (embeddings)
320.1s - extractor 0: [160] Luke - External Data Sources/InsectSound1000/Episyrphus_balteatus/2023615-16-27/000001/2023615-16-27_Episyrphus_balteatus_000001_s13_ch0 — 1 cached label file(s) → embeddings (ident took 0.1s)
320.1s - extractor 0: [161] Luke - External Data Sources/InsectSound1000/Episyrphus_balteatus/2023615-16-27/000008/2023615-16-27_Episyrphus_balteatus_000008_s111_ch0 — starting (embeddings)
320.2s - extractor 0: [161] Luke - External Data Sources/InsectSound1000/Episyrphus_balteatus/2023615-16-27/000008/2023615-16-27_Episyrphus_balteatus_000008_s111_ch0 — 1 cached label file(s) → embeddings (ident took 0.1s)
320.2s - extractor 1: [177] Luke - External Data Sources/InsectSound1000/Episyrphus_balteatus/2023615-16-27/000008/2023615-16-27_Episyrphus_balteatus_000008_s11_ch0 — 1 cached label file(s) → embeddings (ident took 0.1s)
320.2s - extractor 0: [162] Luke - External Data Sources/InsectSound1000/Episyrphus_balteatus/2023615-16-27/000008/2023615-16-27_Episyrphus_balteatus_000008_s16_ch0 — starting (embeddings)
320.2s - extractor 1: [178] Luke - External Data Sources/InsectSound1000/Episyrphus_balteatus/2023615-16-27/000009/2023615-16-27_Episyrphus_balteatus_000009_s63_ch0 — starting (embeddings)
320.3s - extractor 1: [178] Luke - External Data Sources/InsectSound1000/Episyrphus_balteatus/2023615-16-27/000009/2023615-16-27_Episyrphus_balteatus_000009_s63_ch0 — 1 cached label file(s) → embeddings (ident took 0.1s)320.3s - extractor 0: [162] Luke - External Data Sources/InsectSound1000/Episyrphus_balteatus/2023615-16-27/000008/2023615-16-27_Episyrphus_balteatus_000008_s16_ch0 — 1 cached label file(s) → embeddings (ident took 0.1s)

320.3s - extractor 0: [163] Luke - External Data Sources/InsectSound1000/Episyrphus_balteatus/2023615-16-27/000012/2023615-16-27_Episyrphus_balteatus_000012_s59_ch0 — starting (embeddings)320.3s - extractor 1: [179] Luke - External Data Sources/InsectSound1000/Episyrphus_balteatus/2023615-16-27/000010/2023615-16-27_Episyrphus_balteatus_000010_s8_ch0 — starting (embeddings)

320.4s - extractor 1: [179] Luke - External Data Sources/InsectSound1000/Episyrphus_balteatus/2023615-16-27/000010/2023615-16-27_Episyrphus_balteatus_000010_s8_ch0 — 1 cached label file(s) → embeddings (ident took 0.1s)
320.4s - extractor 0: [163] Luke - External Data Sources/InsectSound1000/Episyrphus_balteatus/2023615-16-27/000012/2023615-16-27_Episyrphus_balteatus_000012_s59_ch0 — 1 cached label file(s) → embeddings (ident took 0.1s)
320.4s - extractor 1: [180] Luke - External Data Sources/InsectSound1000/Episyrphus_balteatus/2023615-16-27/000013/2023615-16-27_Episyrphus_balteatus_000013_s48_ch0 — starting (embeddings)320.4s - extractor 0: [164] Luke - External Data Sources/InsectSound1000/Halyomorpha_halys/2022421-16-34/000000/2022421-16-34_Halyomorpha_halys_000000_s1_ch0 — starting (embeddings)

320.5s - extractor 0: [164] Luke - External Data Sources/InsectSound1000/Halyomorpha_halys/2022421-16-34/000000/2022421-16-34_Halyomorpha_halys_000000_s1_ch0 — 1 cached label file(s) → embeddings (ident took 0.1s)
320.5s - extractor 1: [180] Luke - External Data Sources/InsectSound1000/Episyrphus_balteatus/2023615-16-27/000013/2023615-16-27_Episyrphus_balteatus_000013_s48_ch0 — 1 cached label file(s) → embeddings (ident took 0.1s)
320.5s - extractor 0: [165] Luke - External Data Sources/InsectSound1000/Halyomorpha_halys/2022421-16-34/000000/2022421-16-34_Halyomorpha_halys_000000_s10_ch0 — starting (embeddings)
320.5s - extractor 1: [181] Luke - External Data Sources/InsectSound1000/Halyomorpha_halys/2022421-16-34/000000/2022421-16-34_Halyomorpha_halys_000000_s11_ch0 — starting (embeddings)
320.6s - extractor 1: [181] Luke - External Data Sources/InsectSound1000/Halyomorpha_halys/2022421-16-34/000000/2022421-16-34_Halyomorpha_halys_000000_s11_ch0 — 1 cached label file(s) → embeddings (ident took 0.1s)
320.6s - extractor 0: [165] Luke - External Data Sources/InsectSound1000/Halyomorpha_halys/2022421-16-34/000000/2022421-16-34_Halyomorpha_halys_000000_s10_ch0 — 1 cached label file(s) → embeddings (ident took 0.1s)
320.6s - extractor 1: [182] Luke - External Data Sources/InsectSound1000/Halyomorpha_halys/2022421-16-34/000000/2022421-16-34_Halyomorpha_halys_000000_s12_ch0 — starting (embeddings)
320.6s - extractor 0: [166] Luke - External Data Sources/InsectSound1000/Halyomorpha_halys/2022421-16-34/000000/2022421-16-34_Halyomorpha_halys_000000_s13_ch0 — starting (embeddings)
320.7s - extractor 1: [182] Luke - External Data Sources/InsectSound1000/Halyomorpha_halys/2022421-16-34/000000/2022421-16-34_Halyomorpha_halys_000000_s12_ch0 — 1 cached label file(s) → embeddings (ident took 0.1s)
320.7s - extractor 0: [166] Luke - External Data Sources/InsectSound1000/Halyomorpha_halys/2022421-16-34/000000/2022421-16-34_Halyomorpha_halys_000000_s13_ch0 — 1 cached label file(s) → embeddings (ident took 0.1s)
320.7s - extractor 1: [183] Luke - External Data Sources/InsectSound1000/Halyomorpha_halys/2022421-16-34/000000/2022421-16-34_Halyomorpha_halys_000000_s14_ch0 — starting (embeddings)
320.7s - extractor 0: [167] Luke - External Data Sources/InsectSound1000/Halyomorpha_halys/2022421-16-34/000000/2022421-16-34_Halyomorpha_halys_000000_s15_ch0 — starting (embeddings)
320.8s - extractor 1: [183] Luke - External Data Sources/InsectSound1000/Halyomorpha_halys/2022421-16-34/000000/2022421-16-34_Halyomorpha_halys_000000_s14_ch0 — 1 cached label file(s) → embeddings (ident took 0.1s)320.8s - extractor 0: [167] Luke - External Data Sources/InsectSound1000/Halyomorpha_halys/2022421-16-34/000000/2022421-16-34_Halyomorpha_halys_000000_s15_ch0 — 1 cached label file(s) → embeddings (ident took 0.1s)

320.8s - extractor 1: [184] Luke - External Data Sources/InsectSound1000/Halyomorpha_halys/2022421-16-34/000000/2022421-16-34_Halyomorpha_halys_000000_s16_ch0 — starting (embeddings)
320.8s - extractor 0: [168] Luke - External Data Sources/InsectSound1000/Halyomorpha_halys/2022421-16-34/000000/2022421-16-34_Halyomorpha_halys_000000_s17_ch0 — starting (embeddings)
320.9s - extractor 0: [168] Luke - External Data Sources/InsectSound1000/Halyomorpha_halys/2022421-16-34/000000/2022421-16-34_Halyomorpha_halys_000000_s17_ch0 — 1 cached label file(s) → embeddings (ident took 0.1s)320.9s - extractor 1: [184] Luke - External Data Sources/InsectSound1000/Halyomorpha_halys/2022421-16-34/000000/2022421-16-34_Halyomorpha_halys_000000_s16_ch0 — 1 cached label file(s) → embeddings (ident took 0.1s)

320.9s - extractor 1: [185] Luke - External Data Sources/InsectSound1000/Halyomorpha_halys/2022421-16-34/000000/2022421-16-34_Halyomorpha_halys_000000_s19_ch0 — starting (embeddings)320.9s - extractor 0: [169] Luke - External Data Sources/InsectSound1000/Halyomorpha_halys/2022421-16-34/000000/2022421-16-34_Halyomorpha_halys_000000_s18_ch0 — starting (embeddings)

321.0s - extractor 0: [169] Luke - External Data Sources/InsectSound1000/Halyomorpha_halys/2022421-16-34/000000/2022421-16-34_Halyomorpha_halys_000000_s18_ch0 — 1 cached label file(s) → embeddings (ident took 0.1s)
321.0s - extractor 1: [185] Luke - External Data Sources/InsectSound1000/Halyomorpha_halys/2022421-16-34/000000/2022421-16-34_Halyomorpha_halys_000000_s19_ch0 — 1 cached label file(s) → embeddings (ident took 0.1s)
321.0s - extractor 0: [170] Luke - External Data Sources/InsectSound1000/Halyomorpha_halys/2022421-16-34/000000/2022421-16-34_Halyomorpha_halys_000000_s20_ch0 — starting (embeddings)
321.0s - extractor 1: [186] Luke - External Data Sources/InsectSound1000/Halyomorpha_halys/2022421-16-34/000000/2022421-16-34_Halyomorpha_halys_000000_s21_ch0 — starting (embeddings)
321.1s - extractor 1: [186] Luke - External Data Sources/InsectSound1000/Halyomorpha_halys/2022421-16-34/000000/2022421-16-34_Halyomorpha_halys_000000_s21_ch0 — 1 cached label file(s) → embeddings (ident took 0.1s)
321.1s - extractor 1: [187] Luke - External Data Sources/InsectSound1000/Halyomorpha_halys/2022421-16-34/000000/2022421-16-34_Halyomorpha_halys_000000_s22_ch0 — starting (embeddings)
321.2s - extractor 0: [170] Luke - External Data Sources/InsectSound1000/Halyomorpha_halys/2022421-16-34/000000/2022421-16-34_Halyomorpha_halys_000000_s20_ch0 — 1 cached label file(s) → embeddings (ident took 0.1s)
321.2s - extractor 0: [171] Luke - External Data Sources/InsectSound1000/Halyomorpha_halys/2022421-16-34/000000/2022421-16-34_Halyomorpha_halys_000000_s23_ch0 — starting (embeddings)
321.2s - extractor 1: [187] Luke - External Data Sources/InsectSound1000/Halyomorpha_halys/2022421-16-34/000000/2022421-16-34_Halyomorpha_halys_000000_s22_ch0 — 1 cached label file(s) → embeddings (ident took 0.1s)
321.2s - extractor 1: [188] Luke - External Data Sources/InsectSound1000/Halyomorpha_halys/2022421-16-34/000001/2022421-16-34_Halyomorpha_halys_000001_s34_ch3 — starting (embeddings)
321.2s - extractor 0: [171] Luke - External Data Sources/InsectSound1000/Halyomorpha_halys/2022421-16-34/000000/2022421-16-34_Halyomorpha_halys_000000_s23_ch0 — 1 cached label file(s) → embeddings (ident took 0.1s)
321.2s - extractor 0: [172] Luke - External Data Sources/InsectSound1000/Halyomorpha_halys/2022421-16-34/000001/2022421-16-34_Halyomorpha_halys_000001_s52_ch3 — starting (embeddings)
321.3s - extractor 1: [188] Luke - External Data Sources/InsectSound1000/Halyomorpha_halys/2022421-16-34/000001/2022421-16-34_Halyomorpha_halys_000001_s34_ch3 — 1 cached label file(s) → embeddings (ident took 0.1s)
321.3s - extractor 1: [189] Luke - External Data Sources/InsectSound1000/Halyomorpha_halys/2022421-16-34/000003/2022421-16-34_Halyomorpha_halys_000003_s11_ch0 — starting (embeddings)
321.3s - extractor 0: [172] Luke - External Data Sources/InsectSound1000/Halyomorpha_halys/2022421-16-34/000001/2022421-16-34_Halyomorpha_halys_000001_s52_ch3 — 1 cached label file(s) → embeddings (ident took 0.1s)
321.3s - extractor 0: [173] Luke - External Data Sources/InsectSound1000/Halyomorpha_halys/2022421-16-34/000003/2022421-16-34_Halyomorpha_halys_000003_s23_ch0 — starting (embeddings)
321.4s - extractor 1: [189] Luke - External Data Sources/InsectSound1000/Halyomorpha_halys/2022421-16-34/000003/2022421-16-34_Halyomorpha_halys_000003_s11_ch0 — 1 cached label file(s) → embeddings (ident took 0.1s)
321.4s - extractor 1: [190] Luke - External Data Sources/InsectSound1000/Halyomorpha_halys/2022421-16-34/000004/2022421-16-34_Halyomorpha_halys_000004_s89_ch0 — starting (embeddings)
321.4s - extractor 0: [173] Luke - External Data Sources/InsectSound1000/Halyomorpha_halys/2022421-16-34/000003/2022421-16-34_Halyomorpha_halys_000003_s23_ch0 — 1 cached label file(s) → embeddings (ident took 0.1s)
321.4s - extractor 0: [174] Luke - External Data Sources/InsectSound1000/Halyomorpha_halys/2022421-16-34/000005/2022421-16-34_Halyomorpha_halys_000005_s22_ch1 — starting (embeddings)
321.5s - extractor 1: [190] Luke - External Data Sources/InsectSound1000/Halyomorpha_halys/2022421-16-34/000004/2022421-16-34_Halyomorpha_halys_000004_s89_ch0 — 1 cached label file(s) → embeddings (ident took 0.1s)
321.5s - extractor 0: [174] Luke - External Data Sources/InsectSound1000/Halyomorpha_halys/2022421-16-34/000005/2022421-16-34_Halyomorpha_halys_000005_s22_ch1 — 1 cached label file(s) → embeddings (ident took 0.1s)
321.5s - extractor 1: [191] Luke - External Data Sources/InsectSound1000/Halyomorpha_halys/2022421-16-34/000005/2022421-16-34_Halyomorpha_halys_000005_s39_ch1 — starting (embeddings)
321.5s - extractor 0: [175] Luke - External Data Sources/InsectSound1000/Halyomorpha_halys/2022421-16-34/000005/2022421-16-34_Halyomorpha_halys_000005_s62_ch1 — starting (embeddings)
321.6s - extractor 0: [175] Luke - External Data Sources/InsectSound1000/Halyomorpha_halys/2022421-16-34/000005/2022421-16-34_Halyomorpha_halys_000005_s62_ch1 — 1 cached label file(s) → embeddings (ident took 0.1s)
321.6s - extractor 0: [176] Luke - External Data Sources/InsectSound1000/Halyomorpha_halys/2022421-16-34/000009/2022421-16-34_Halyomorpha_halys_000009_s111_ch0 — starting (embeddings)
321.7s - extractor 1: [191] Luke - External Data Sources/InsectSound1000/Halyomorpha_halys/2022421-16-34/000005/2022421-16-34_Halyomorpha_halys_000005_s39_ch1 — 2 cached label file(s) → embeddings (ident took 0.2s)
321.7s - extractor 0: [176] Luke - External Data Sources/InsectSound1000/Halyomorpha_halys/2022421-16-34/000009/2022421-16-34_Halyomorpha_halys_000009_s111_ch0 — 1 cached label file(s) → embeddings (ident took 0.1s)
321.7s - extractor 1: [192] Luke - External Data Sources/InsectSound1000/Halyomorpha_halys/2022421-16-34/000010/2022421-16-34_Halyomorpha_halys_000010_s33_ch1 — starting (embeddings)
321.7s - extractor 0: [177] Luke - External Data Sources/InsectSound1000/Halyomorpha_halys/2022421-16-34/000010/2022421-16-34_Halyomorpha_halys_000010_s35_ch1 — starting (embeddings)
321.8s - extractor 0: [177] Luke - External Data Sources/InsectSound1000/Halyomorpha_halys/2022421-16-34/000010/2022421-16-34_Halyomorpha_halys_000010_s35_ch1 — 1 cached label file(s) → embeddings (ident took 0.1s)
321.8s - extractor 0: [178] Luke - External Data Sources/InsectSound1000/Halyomorpha_halys/2022421-16-34/000010/2022421-16-34_Halyomorpha_halys_000010_s41_ch1 — starting (embeddings)
321.9s - extractor 0: [178] Luke - External Data Sources/InsectSound1000/Halyomorpha_halys/2022421-16-34/000010/2022421-16-34_Halyomorpha_halys_000010_s41_ch1 — 1 cached label file(s) → embeddings (ident took 0.1s)321.9s - extractor 1: [192] Luke - External Data Sources/InsectSound1000/Halyomorpha_halys/2022421-16-34/000010/2022421-16-34_Halyomorpha_halys_000010_s33_ch1 — 2 cached label file(s) → embeddings (ident took 0.2s)

321.9s - extractor 1: [193] Luke - External Data Sources/InsectSound1000/Halyomorpha_halys/2022421-16-34/000012/2022421-16-34_Halyomorpha_halys_000012_s29_ch0 — starting (embeddings)321.9s - extractor 0: [179] Luke - External Data Sources/InsectSound1000/Halyomorpha_halys/2022421-16-34/000011/2022421-16-34_Halyomorpha_halys_000011_s56_ch3 — starting (embeddings)

322.0s - extractor 0: [179] Luke - External Data Sources/InsectSound1000/Halyomorpha_halys/2022421-16-34/000011/2022421-16-34_Halyomorpha_halys_000011_s56_ch3 — 1 cached label file(s) → embeddings (ident took 0.1s)
322.0s - extractor 0: [180] Luke - External Data Sources/InsectSound1000/Halyomorpha_halys/2022421-16-34/000013/2022421-16-34_Halyomorpha_halys_000013_s41_ch1 — starting (embeddings)
322.1s - extractor 0: [180] Luke - External Data Sources/InsectSound1000/Halyomorpha_halys/2022421-16-34/000013/2022421-16-34_Halyomorpha_halys_000013_s41_ch1 — 1 cached label file(s) → embeddings (ident took 0.1s)322.1s - extractor 1: [193] Luke - External Data Sources/InsectSound1000/Halyomorpha_halys/2022421-16-34/000012/2022421-16-34_Halyomorpha_halys_000012_s29_ch0 — 2 cached label file(s) → embeddings (ident took 0.2s)

322.1s - extractor 0: [181] Luke - External Data Sources/InsectSound1000/Halyomorpha_halys/2022421-16-34/000013/2022421-16-34_Halyomorpha_halys_000013_s56_ch1 — starting (embeddings)322.1s - extractor 1: [194] Luke - External Data Sources/InsectSound1000/Halyomorpha_halys/2022421-16-34/000014/2022421-16-34_Halyomorpha_halys_000014_s2_ch1 — starting (embeddings)

322.2s - extractor 0: [181] Luke - External Data Sources/InsectSound1000/Halyomorpha_halys/2022421-16-34/000013/2022421-16-34_Halyomorpha_halys_000013_s56_ch1 — 1 cached label file(s) → embeddings (ident took 0.1s)
322.2s - extractor 0: [182] Luke - External Data Sources/InsectSound1000/Halyomorpha_halys/2022421-16-34/000014/2022421-16-34_Halyomorpha_halys_000014_s50_ch1 — starting (embeddings)
322.2s - extractor 1: [194] Luke - External Data Sources/InsectSound1000/Halyomorpha_halys/2022421-16-34/000014/2022421-16-34_Halyomorpha_halys_000014_s2_ch1 — 1 cached label file(s) → embeddings (ident took 0.1s)
322.2s - extractor 1: [195] Luke - External Data Sources/InsectSound1000/Halyomorpha_halys/2022421-16-34/000014/2022421-16-34_Halyomorpha_halys_000014_s54_ch1 — starting (embeddings)
322.3s - extractor 0: [182] Luke - External Data Sources/InsectSound1000/Halyomorpha_halys/2022421-16-34/000014/2022421-16-34_Halyomorpha_halys_000014_s50_ch1 — 1 cached label file(s) → embeddings (ident took 0.1s)
322.3s - extractor 1: [195] Luke - External Data Sources/InsectSound1000/Halyomorpha_halys/2022421-16-34/000014/2022421-16-34_Halyomorpha_halys_000014_s54_ch1 — 1 cached label file(s) → embeddings (ident took 0.1s)
322.3s - extractor 0: [183] Luke - External Data Sources/InsectSound1000/Halyomorpha_halys/2022421-16-34/000015/2022421-16-34_Halyomorpha_halys_000015_s32_ch3 — starting (embeddings)
322.3s - extractor 1: [196] Luke - External Data Sources/InsectSound1000/Halyomorpha_halys/2022421-16-34/000015/2022421-16-34_Halyomorpha_halys_000015_s50_ch3 — starting (embeddings)
322.4s - extractor 0: [183] Luke - External Data Sources/InsectSound1000/Halyomorpha_halys/2022421-16-34/000015/2022421-16-34_Halyomorpha_halys_000015_s32_ch3 — 1 cached label file(s) → embeddings (ident took 0.1s)
322.4s - extractor 0: [184] Luke - External Data Sources/InsectSound1000/Halyomorpha_halys/2022421-16-34/000016/2022421-16-34_Halyomorpha_halys_000016_s18_ch3 — starting (embeddings)
322.4s - extractor 1: [196] Luke - External Data Sources/InsectSound1000/Halyomorpha_halys/2022421-16-34/000015/2022421-16-34_Halyomorpha_halys_000015_s50_ch3 — 1 cached label file(s) → embeddings (ident took 0.1s)
322.4s - extractor 1: [197] Luke - External Data Sources/InsectSound1000/Halyomorpha_halys/2022421-16-34/000016/2022421-16-34_Halyomorpha_halys_000016_s25_ch3 — starting (embeddings)
322.5s - extractor 1: [197] Luke - External Data Sources/InsectSound1000/Halyomorpha_halys/2022421-16-34/000016/2022421-16-34_Halyomorpha_halys_000016_s25_ch3 — 1 cached label file(s) → embeddings (ident took 0.1s)
322.5s - extractor 0: [184] Luke - External Data Sources/InsectSound1000/Halyomorpha_halys/2022421-16-34/000016/2022421-16-34_Halyomorpha_halys_000016_s18_ch3 — 1 cached label file(s) → embeddings (ident took 0.1s)
322.5s - extractor 0: [185] Luke - External Data Sources/InsectSound1000/Halyomorpha_halys/2022421-16-34/000025/2022421-16-34_Halyomorpha_halys_000025_s47_ch0 — starting (embeddings)322.5s - extractor 1: [198] Luke - External Data Sources/InsectSound1000/Halyomorpha_halys/2022421-16-34/000022/2022421-16-34_Halyomorpha_halys_000022_s3_ch0 — starting (embeddings)

322.6s - extractor 1: [198] Luke - External Data Sources/InsectSound1000/Halyomorpha_halys/2022421-16-34/000022/2022421-16-34_Halyomorpha_halys_000022_s3_ch0 — 1 cached label file(s) → embeddings (ident took 0.1s)
322.6s - extractor 1: [199] Luke - External Data Sources/InsectSound1000/Halyomorpha_halys/2022421-16-34/000028/2022421-16-34_Halyomorpha_halys_000028_s37_ch0 — starting (embeddings)
322.7s - extractor 0: [185] Luke - External Data Sources/InsectSound1000/Halyomorpha_halys/2022421-16-34/000025/2022421-16-34_Halyomorpha_halys_000025_s47_ch0 — 2 cached label file(s) → embeddings (ident took 0.2s)
322.7s - extractor 0: [186] Luke - External Data Sources/InsectSound1000/Halyomorpha_halys/2022421-16-34/000028/2022421-16-34_Halyomorpha_halys_000028_s60_ch0 — starting (embeddings)
322.8s - extractor 1: [199] Luke - External Data Sources/InsectSound1000/Halyomorpha_halys/2022421-16-34/000028/2022421-16-34_Halyomorpha_halys_000028_s37_ch0 — 2 cached label file(s) → embeddings (ident took 0.2s)
322.8s - extractor 0: [186] Luke - External Data Sources/InsectSound1000/Halyomorpha_halys/2022421-16-34/000028/2022421-16-34_Halyomorpha_halys_000028_s60_ch0 — 1 cached label file(s) → embeddings (ident took 0.1s)
322.8s - extractor 1: [200] Luke - External Data Sources/InsectSound1000/Halyomorpha_halys/2022421-16-34/000035/2022421-16-34_Halyomorpha_halys_000035_s2_ch0 — starting (embeddings)
322.8s - extractor 0: [187] Luke - External Data Sources/InsectSound1000/Halyomorpha_halys/2022421-16-34/000037/2022421-16-34_Halyomorpha_halys_000037_s9_ch3 — starting (embeddings)
322.9s - extractor 1: [200] Luke - External Data Sources/InsectSound1000/Halyomorpha_halys/2022421-16-34/000035/2022421-16-34_Halyomorpha_halys_000035_s2_ch0 — 1 cached label file(s) → embeddings (ident took 0.1s)
322.9s - extractor 0: [187] Luke - External Data Sources/InsectSound1000/Halyomorpha_halys/2022421-16-34/000037/2022421-16-34_Halyomorpha_halys_000037_s9_ch3 — 1 cached label file(s) → embeddings (ident took 0.1s)
322.9s - extractor 1: [201] Luke - External Data Sources/InsectSound1000/Halyomorpha_halys/2022421-16-34/000047/2022421-16-34_Halyomorpha_halys_000047_s8_ch0 — starting (embeddings)
322.9s - extractor 0: [188] Luke - External Data Sources/InsectSound1000/Halyomorpha_halys/2022421-16-34/000048/2022421-16-34_Halyomorpha_halys_000048_s1_ch0 — starting (embeddings)
323.0s - extractor 1: [201] Luke - External Data Sources/InsectSound1000/Halyomorpha_halys/2022421-16-34/000047/2022421-16-34_Halyomorpha_halys_000047_s8_ch0 — 1 cached label file(s) → embeddings (ident took 0.1s)323.0s - extractor 0: [188] Luke - External Data Sources/InsectSound1000/Halyomorpha_halys/2022421-16-34/000048/2022421-16-34_Halyomorpha_halys_000048_s1_ch0 — 1 cached label file(s) → embeddings (ident took 0.1s)

323.0s - extractor 1: [202] Luke - External Data Sources/InsectSound1000/Halyomorpha_halys/2022421-16-34/000049/2022421-16-34_Halyomorpha_halys_000049_s24_ch0 — starting (embeddings)323.0s - extractor 0: [189] Luke - External Data Sources/InsectSound1000/Halyomorpha_halys/2022421-16-34/000049/2022421-16-34_Halyomorpha_halys_000049_s53_ch0 — starting (embeddings)

323.1s - extractor 0: [189] Luke - External Data Sources/InsectSound1000/Halyomorpha_halys/2022421-16-34/000049/2022421-16-34_Halyomorpha_halys_000049_s53_ch0 — 1 cached label file(s) → embeddings (ident took 0.1s)
323.1s - extractor 1: [202] Luke - External Data Sources/InsectSound1000/Halyomorpha_halys/2022421-16-34/000049/2022421-16-34_Halyomorpha_halys_000049_s24_ch0 — 1 cached label file(s) → embeddings (ident took 0.1s)
323.1s - extractor 0: [190] Luke - External Data Sources/InsectSound1000/Halyomorpha_halys/2022421-16-34/000052/2022421-16-34_Halyomorpha_halys_000052_s30_ch2 — starting (embeddings)
323.1s - extractor 1: [203] Luke - External Data Sources/InsectSound1000/Halyomorpha_halys/2022421-16-34/000067/2022421-16-34_Halyomorpha_halys_000067_s85_ch0 — starting (embeddings)
323.2s - extractor 1: [203] Luke - External Data Sources/InsectSound1000/Halyomorpha_halys/2022421-16-34/000067/2022421-16-34_Halyomorpha_halys_000067_s85_ch0 — 1 cached label file(s) → embeddings (ident took 0.1s)
323.2s - extractor 1: [204] Luke - External Data Sources/InsectSound1000/Halyomorpha_halys/2022421-16-34/000068/2022421-16-34_Halyomorpha_halys_000068_s20_ch0 — starting (embeddings)
323.3s - extractor 0: [190] Luke - External Data Sources/InsectSound1000/Halyomorpha_halys/2022421-16-34/000052/2022421-16-34_Halyomorpha_halys_000052_s30_ch2 — 2 cached label file(s) → embeddings (ident took 0.2s)
323.3s - extractor 0: [191] Luke - External Data Sources/InsectSound1000/Halyomorpha_halys/2022421-8-56/000001/2022421-8-56_Halyomorpha_halys_000001_s4_ch0 — starting (embeddings)
323.3s - extractor 1: [204] Luke - External Data Sources/InsectSound1000/Halyomorpha_halys/2022421-16-34/000068/2022421-16-34_Halyomorpha_halys_000068_s20_ch0 — 1 cached label file(s) → embeddings (ident took 0.1s)
323.3s - extractor 1: [205] Luke - External Data Sources/InsectSound1000/Halyomorpha_halys/2022421-8-56/000002/2022421-8-56_Halyomorpha_halys_000002_s101_ch0 — starting (embeddings)
323.4s - extractor 0: [191] Luke - External Data Sources/InsectSound1000/Halyomorpha_halys/2022421-8-56/000001/2022421-8-56_Halyomorpha_halys_000001_s4_ch0 — 1 cached label file(s) → embeddings (ident took 0.1s)
323.4s - extractor 0: [192] Luke - External Data Sources/InsectSound1000/Halyomorpha_halys/2022425-18-24/000000/2022425-18-24_Halyomorpha_halys_000000_s1_ch0 — starting (embeddings)
323.4s - extractor 1: [205] Luke - External Data Sources/InsectSound1000/Halyomorpha_halys/2022421-8-56/000002/2022421-8-56_Halyomorpha_halys_000002_s101_ch0 — 1 cached label file(s) → embeddings (ident took 0.1s)
323.4s - extractor 1: [206] Luke - External Data Sources/InsectSound1000/Halyomorpha_halys/2022425-18-24/000009/2022425-18-24_Halyomorpha_halys_000009_s13_ch0 — starting (embeddings)
323.5s - extractor 0: [192] Luke - External Data Sources/InsectSound1000/Halyomorpha_halys/2022425-18-24/000000/2022425-18-24_Halyomorpha_halys_000000_s1_ch0 — 1 cached label file(s) → embeddings (ident took 0.1s)
323.5s - extractor 0: [193] Luke - External Data Sources/InsectSound1000/Halyomorpha_halys/2022425-18-24/000014/2022425-18-24_Halyomorpha_halys_000014_s4_ch0 — starting (embeddings)
323.5s - extractor 1: [206] Luke - External Data Sources/InsectSound1000/Halyomorpha_halys/2022425-18-24/000009/2022425-18-24_Halyomorpha_halys_000009_s13_ch0 — 1 cached label file(s) → embeddings (ident took 0.1s)
323.5s - extractor 1: [207] Luke - External Data Sources/InsectSound1000/Halyomorpha_halys/2022524-16-36/000002/2022524-16-36_Halyomorpha_halys_000002_s19_ch1 — starting (embeddings)
323.6s - extractor 0: [193] Luke - External Data Sources/InsectSound1000/Halyomorpha_halys/2022425-18-24/000014/2022425-18-24_Halyomorpha_halys_000014_s4_ch0 — 1 cached label file(s) → embeddings (ident took 0.1s)
323.6s - extractor 0: [194] Luke - External Data Sources/InsectSound1000/Halyomorpha_halys/2022524-16-36/000003/2022524-16-36_Halyomorpha_halys_000003_s33_ch0 — starting (embeddings)
323.6s - extractor 1: [207] Luke - External Data Sources/InsectSound1000/Halyomorpha_halys/2022524-16-36/000002/2022524-16-36_Halyomorpha_halys_000002_s19_ch1 — 1 cached label file(s) → embeddings (ident took 0.1s)
323.6s - extractor 1: [208] Luke - External Data Sources/InsectSound1000/Halyomorpha_halys/2022524-16-36/000003/2022524-16-36_Halyomorpha_halys_000003_s7_ch0 — starting (embeddings)
323.7s - extractor 0: [194] Luke - External Data Sources/InsectSound1000/Halyomorpha_halys/2022524-16-36/000003/2022524-16-36_Halyomorpha_halys_000003_s33_ch0 — 1 cached label file(s) → embeddings (ident took 0.1s)
323.7s - extractor 0: [195] Luke - External Data Sources/InsectSound1000/Halyomorpha_halys/2022524-16-36/000004/2022524-16-36_Halyomorpha_halys_000004_s4_ch0 — starting (embeddings)
323.7s - extractor 1: [208] Luke - External Data Sources/InsectSound1000/Halyomorpha_halys/2022524-16-36/000003/2022524-16-36_Halyomorpha_halys_000003_s7_ch0 — 1 cached label file(s) → embeddings (ident took 0.1s)
323.7s - extractor 1: [209] Luke - External Data Sources/InsectSound1000/Halyomorpha_halys/2022524-16-36/000004/2022524-16-36_Halyomorpha_halys_000004_s40_ch0 — starting (embeddings)
323.8s - extractor 0: [195] Luke - External Data Sources/InsectSound1000/Halyomorpha_halys/2022524-16-36/000004/2022524-16-36_Halyomorpha_halys_000004_s4_ch0 — 1 cached label file(s) → embeddings (ident took 0.1s)
323.8s - extractor 0: [196] Luke - External Data Sources/InsectSound1000/Halyomorpha_halys/2022524-16-36/000004/2022524-16-36_Halyomorpha_halys_000004_s44_ch0 — starting (embeddings)
323.8s - extractor 1: [209] Luke - External Data Sources/InsectSound1000/Halyomorpha_halys/2022524-16-36/000004/2022524-16-36_Halyomorpha_halys_000004_s40_ch0 — 1 cached label file(s) → embeddings (ident took 0.1s)
323.8s - extractor 1: [210] Luke - External Data Sources/InsectSound1000/Halyomorpha_halys/2022524-16-36/000004/2022524-16-36_Halyomorpha_halys_000004_s45_ch0 — starting (embeddings)
323.9s - extractor 0: [196] Luke - External Data Sources/InsectSound1000/Halyomorpha_halys/2022524-16-36/000004/2022524-16-36_Halyomorpha_halys_000004_s44_ch0 — 1 cached label file(s) → embeddings (ident took 0.1s)
323.9s - extractor 0: [197] Luke - External Data Sources/InsectSound1000/Halyomorpha_halys/2022524-16-36/000004/2022524-16-36_Halyomorpha_halys_000004_s77_ch0 — starting (embeddings)
323.8s - extractor 1: [210] Luke - External Data Sources/InsectSound1000/Halyomorpha_halys/2022524-16-36/000004/2022524-16-36_Halyomorpha_halys_000004_s45_ch0 — 1 cached label file(s) → embeddings (ident took 0.1s)
323.9s - extractor 1: [211] Luke - External Data Sources/InsectSound1000/Halyomorpha_halys/2022524-16-36/000005/2022524-16-36_Halyomorpha_halys_000005_s104_ch0 — starting (embeddings)
323.9s - extractor 0: [197] Luke - External Data Sources/InsectSound1000/Halyomorpha_halys/2022524-16-36/000004/2022524-16-36_Halyomorpha_halys_000004_s77_ch0 — 1 cached label file(s) → embeddings (ident took 0.1s)
323.9s - extractor 0: [198] Luke - External Data Sources/InsectSound1000/Halyomorpha_halys/2022524-16-36/000005/2022524-16-36_Halyomorpha_halys_000005_s118_ch0 — starting (embeddings)
324.0s - extractor 1: [211] Luke - External Data Sources/InsectSound1000/Halyomorpha_halys/2022524-16-36/000005/2022524-16-36_Halyomorpha_halys_000005_s104_ch0 — 2 cached label file(s) → embeddings (ident took 0.2s)
324.0s - extractor 0: [198] Luke - External Data Sources/InsectSound1000/Halyomorpha_halys/2022524-16-36/000005/2022524-16-36_Halyomorpha_halys_000005_s118_ch0 — 1 cached label file(s) → embeddings (ident took 0.1s)
324.0s - extractor 1: [212] Luke - External Data Sources/InsectSound1000/Halyomorpha_halys/2022524-16-36/000005/2022524-16-36_Halyomorpha_halys_000005_s145_ch0 — starting (embeddings)324.0s - extractor 0: [199] Luke - External Data Sources/InsectSound1000/Halyomorpha_halys/2022524-16-36/000005/2022524-16-36_Halyomorpha_halys_000005_s146_ch0 — starting (embeddings)

324.1s - extractor 1: [212] Luke - External Data Sources/InsectSound1000/Halyomorpha_halys/2022524-16-36/000005/2022524-16-36_Halyomorpha_halys_000005_s145_ch0 — 1 cached label file(s) → embeddings (ident took 0.1s)324.1s - extractor 0: [199] Luke - External Data Sources/InsectSound1000/Halyomorpha_halys/2022524-16-36/000005/2022524-16-36_Halyomorpha_halys_000005_s146_ch0 — 1 cached label file(s) → embeddings (ident took 0.1s)

324.1s - extractor 0: [200] Luke - External Data Sources/InsectSound1000/Halyomorpha_halys/2022524-16-36/000005/2022524-16-36_Halyomorpha_halys_000005_s32_ch0 — starting (embeddings)324.1s - extractor 1: [213] Luke - External Data Sources/InsectSound1000/Halyomorpha_halys/2022524-16-36/000005/2022524-16-36_Halyomorpha_halys_000005_s161_ch0 — starting (embeddings)

324.2s - extractor 0: [200] Luke - External Data Sources/InsectSound1000/Halyomorpha_halys/2022524-16-36/000005/2022524-16-36_Halyomorpha_halys_000005_s32_ch0 — 1 cached label file(s) → embeddings (ident took 0.1s)
324.2s - extractor 0: [201] Luke - External Data Sources/InsectSound1000/Halyomorpha_halys/2022524-16-36/000005/2022524-16-36_Halyomorpha_halys_000005_s38_ch0 — starting (embeddings)
324.3s - extractor 1: [213] Luke - External Data Sources/InsectSound1000/Halyomorpha_halys/2022524-16-36/000005/2022524-16-36_Halyomorpha_halys_000005_s161_ch0 — 2 cached label file(s) → embeddings (ident took 0.2s)
324.3s - extractor 0: [201] Luke - External Data Sources/InsectSound1000/Halyomorpha_halys/2022524-16-36/000005/2022524-16-36_Halyomorpha_halys_000005_s38_ch0 — 1 cached label file(s) → embeddings (ident took 0.1s)
324.3s - extractor 1: [214] Luke - External Data Sources/InsectSound1000/Halyomorpha_halys/2022524-16-36/000005/2022524-16-36_Halyomorpha_halys_000005_s39_ch0 — starting (embeddings)
324.3s - extractor 0: [202] Luke - External Data Sources/InsectSound1000/Halyomorpha_halys/2022524-16-36/000005/2022524-16-36_Halyomorpha_halys_000005_s40_ch0 — starting (embeddings)
324.4s - extractor 1: [214] Luke - External Data Sources/InsectSound1000/Halyomorpha_halys/2022524-16-36/000005/2022524-16-36_Halyomorpha_halys_000005_s39_ch0 — 1 cached label file(s) → embeddings (ident took 0.1s)324.4s - extractor 0: [202] Luke - External Data Sources/InsectSound1000/Halyomorpha_halys/2022524-16-36/000005/2022524-16-36_Halyomorpha_halys_000005_s40_ch0 — 1 cached label file(s) → embeddings (ident took 0.1s)

324.4s - extractor 0: [203] Luke - External Data Sources/InsectSound1000/Halyomorpha_halys/2022524-16-36/000005/2022524-16-36_Halyomorpha_halys_000005_s45_ch0 — starting (embeddings)324.4s - extractor 1: [215] Luke - External Data Sources/InsectSound1000/Halyomorpha_halys/2022524-16-36/000005/2022524-16-36_Halyomorpha_halys_000005_s47_ch0 — starting (embeddings)

324.5s - extractor 0: [203] Luke - External Data Sources/InsectSound1000/Halyomorpha_halys/2022524-16-36/000005/2022524-16-36_Halyomorpha_halys_000005_s45_ch0 — 1 cached label file(s) → embeddings (ident took 0.1s)
324.5s - extractor 0: [204] Luke - External Data Sources/InsectSound1000/Halyomorpha_halys/2022524-16-36/000005/2022524-16-36_Halyomorpha_halys_000005_s48_ch0 — starting (embeddings)
324.6s - extractor 0: [204] Luke - External Data Sources/InsectSound1000/Halyomorpha_halys/2022524-16-36/000005/2022524-16-36_Halyomorpha_halys_000005_s48_ch0 — 1 cached label file(s) → embeddings (ident took 0.1s)
324.6s - extractor 1: [215] Luke - External Data Sources/InsectSound1000/Halyomorpha_halys/2022524-16-36/000005/2022524-16-36_Halyomorpha_halys_000005_s47_ch0 — 2 cached label file(s) → embeddings (ident took 0.2s)
324.6s - extractor 0: [205] Luke - External Data Sources/InsectSound1000/Halyomorpha_halys/2022524-16-36/000005/2022524-16-36_Halyomorpha_halys_000005_s56_ch0 — starting (embeddings)
324.6s - extractor 1: [216] Luke - External Data Sources/InsectSound1000/Halyomorpha_halys/2022524-16-36/000005/2022524-16-36_Halyomorpha_halys_000005_s6_ch0 — starting (embeddings)
324.7s - extractor 1: [216] Luke - External Data Sources/InsectSound1000/Halyomorpha_halys/2022524-16-36/000005/2022524-16-36_Halyomorpha_halys_000005_s6_ch0 — 1 cached label file(s) → embeddings (ident took 0.1s)
324.7s - extractor 0: [205] Luke - External Data Sources/InsectSound1000/Halyomorpha_halys/2022524-16-36/000005/2022524-16-36_Halyomorpha_halys_000005_s56_ch0 — 1 cached label file(s) → embeddings (ident took 0.1s)
324.7s - extractor 1: [217] Luke - External Data Sources/InsectSound1000/Halyomorpha_halys/2022524-16-36/000005/2022524-16-36_Halyomorpha_halys_000005_s63_ch0 — starting (embeddings)
324.7s - extractor 0: [206] Luke - External Data Sources/InsectSound1000/Halyomorpha_halys/2022524-16-36/000005/2022524-16-36_Halyomorpha_halys_000005_s64_ch0 — starting (embeddings)
324.8s - extractor 1: [217] Luke - External Data Sources/InsectSound1000/Halyomorpha_halys/2022524-16-36/000005/2022524-16-36_Halyomorpha_halys_000005_s63_ch0 — 1 cached label file(s) → embeddings (ident took 0.1s)
324.8s - extractor 0: [206] Luke - External Data Sources/InsectSound1000/Halyomorpha_halys/2022524-16-36/000005/2022524-16-36_Halyomorpha_halys_000005_s64_ch0 — 1 cached label file(s) → embeddings (ident took 0.1s)
324.8s - extractor 1: [218] Luke - External Data Sources/InsectSound1000/Halyomorpha_halys/2022524-16-36/000005/2022524-16-36_Halyomorpha_halys_000005_s67_ch0 — starting (embeddings)
324.8s - extractor 0: [207] Luke - External Data Sources/InsectSound1000/Halyomorpha_halys/2022524-16-36/000005/2022524-16-36_Halyomorpha_halys_000005_s68_ch0 — starting (embeddings)
324.9s - extractor 0: [207] Luke - External Data Sources/InsectSound1000/Halyomorpha_halys/2022524-16-36/000005/2022524-16-36_Halyomorpha_halys_000005_s68_ch0 — 1 cached label file(s) → embeddings (ident took 0.1s)
324.9s - extractor 0: [208] Luke - External Data Sources/InsectSound1000/Halyomorpha_halys/2022524-16-36/000005/2022524-16-36_Halyomorpha_halys_000005_s69_ch0 — starting (embeddings)
325.0s - extractor 0: [208] Luke - External Data Sources/InsectSound1000/Halyomorpha_halys/2022524-16-36/000005/2022524-16-36_Halyomorpha_halys_000005_s69_ch0 — 1 cached label file(s) → embeddings (ident took 0.1s)
325.0s - extractor 0: [209] Luke - External Data Sources/InsectSound1000/Halyomorpha_halys/2022524-16-36/000005/2022524-16-36_Halyomorpha_halys_000005_s70_ch0 — starting (embeddings)
325.0s - extractor 1: [218] Luke - External Data Sources/InsectSound1000/Halyomorpha_halys/2022524-16-36/000005/2022524-16-36_Halyomorpha_halys_000005_s67_ch0 — 2 cached label file(s) → embeddings (ident took 0.2s)
325.0s - extractor 1: [219] Luke - External Data Sources/InsectSound1000/Halyomorpha_halys/2022524-16-36/000005/2022524-16-36_Halyomorpha_halys_000005_s88_ch0 — starting (embeddings)
325.1s - extractor 1: [219] Luke - External Data Sources/InsectSound1000/Halyomorpha_halys/2022524-16-36/000005/2022524-16-36_Halyomorpha_halys_000005_s88_ch0 — 1 cached label file(s) → embeddings (ident took 0.1s)325.1s - extractor 0: [209] Luke - External Data Sources/InsectSound1000/Halyomorpha_halys/2022524-16-36/000005/2022524-16-36_Halyomorpha_halys_000005_s70_ch0 — 1 cached label file(s) → embeddings (ident took 0.1s)

325.1s - extractor 1: [220] Luke - External Data Sources/InsectSound1000/Halyomorpha_halys/2022524-16-36/000005/2022524-16-36_Halyomorpha_halys_000005_s97_ch0 — starting (embeddings)325.1s - extractor 0: [210] Luke - External Data Sources/InsectSound1000/Halyomorpha_halys/2022524-16-36/000006/2022524-16-36_Halyomorpha_halys_000006_s110_ch0 — starting (embeddings)

325.2s - extractor 0: [210] Luke - External Data Sources/InsectSound1000/Halyomorpha_halys/2022524-16-36/000006/2022524-16-36_Halyomorpha_halys_000006_s110_ch0 — 1 cached label file(s) → embeddings (ident took 0.1s)
325.2s - extractor 1: [220] Luke - External Data Sources/InsectSound1000/Halyomorpha_halys/2022524-16-36/000005/2022524-16-36_Halyomorpha_halys_000005_s97_ch0 — 1 cached label file(s) → embeddings (ident took 0.1s)
325.2s - extractor 1: [221] Luke - External Data Sources/InsectSound1000/Halyomorpha_halys/2022524-16-36/000007/2022524-16-36_Halyomorpha_halys_000007_s116_ch0 — starting (embeddings)325.2s - extractor 0: [211] Luke - External Data Sources/InsectSound1000/Halyomorpha_halys/2022524-16-36/000006/2022524-16-36_Halyomorpha_halys_000006_s122_ch0 — starting (embeddings)

325.3s - extractor 1: [221] Luke - External Data Sources/InsectSound1000/Halyomorpha_halys/2022524-16-36/000007/2022524-16-36_Halyomorpha_halys_000007_s116_ch0 — 1 cached label file(s) → embeddings (ident took 0.1s)
325.3s - extractor 0: [211] Luke - External Data Sources/InsectSound1000/Halyomorpha_halys/2022524-16-36/000006/2022524-16-36_Halyomorpha_halys_000006_s122_ch0 — 1 cached label file(s) → embeddings (ident took 0.1s)
325.3s - extractor 1: [222] Luke - External Data Sources/InsectSound1000/Halyomorpha_halys/2022524-16-36/000007/2022524-16-36_Halyomorpha_halys_000007_s126_ch0 — starting (embeddings)
325.3s - extractor 0: [212] Luke - External Data Sources/InsectSound1000/Halyomorpha_halys/2022524-16-36/000007/2022524-16-36_Halyomorpha_halys_000007_s135_ch0 — starting (embeddings)
325.4s - extractor 1: [222] Luke - External Data Sources/InsectSound1000/Halyomorpha_halys/2022524-16-36/000007/2022524-16-36_Halyomorpha_halys_000007_s126_ch0 — 1 cached label file(s) → embeddings (ident took 0.1s)
325.4s - extractor 1: [223] Luke - External Data Sources/InsectSound1000/Halyomorpha_halys/2022524-16-36/000007/2022524-16-36_Halyomorpha_halys_000007_s165_ch0 — starting (embeddings)
325.4s - extractor 0: [212] Luke - External Data Sources/InsectSound1000/Halyomorpha_halys/2022524-16-36/000007/2022524-16-36_Halyomorpha_halys_000007_s135_ch0 — 1 cached label file(s) → embeddings (ident took 0.1s)
325.4s - extractor 0: [213] Luke - External Data Sources/InsectSound1000/Halyomorpha_halys/2022524-16-36/000007/2022524-16-36_Halyomorpha_halys_000007_s174_ch0 — starting (embeddings)
325.5s - extractor 1: [223] Luke - External Data Sources/InsectSound1000/Halyomorpha_halys/2022524-16-36/000007/2022524-16-36_Halyomorpha_halys_000007_s165_ch0 — 1 cached label file(s) → embeddings (ident took 0.1s)
325.5s - extractor 0: [213] Luke - External Data Sources/InsectSound1000/Halyomorpha_halys/2022524-16-36/000007/2022524-16-36_Halyomorpha_halys_000007_s174_ch0 — 1 cached label file(s) → embeddings (ident took 0.1s)
325.5s - extractor 1: [224] Luke - External Data Sources/InsectSound1000/Halyomorpha_halys/2022524-16-36/000007/2022524-16-36_Halyomorpha_halys_000007_s41_ch0 — starting (embeddings)
325.5s - extractor 0: [214] Luke - External Data Sources/InsectSound1000/Halyomorpha_halys/2022524-16-36/000007/2022524-16-36_Halyomorpha_halys_000007_s54_ch0 — starting (embeddings)
325.6s - extractor 1: [224] Luke - External Data Sources/InsectSound1000/Halyomorpha_halys/2022524-16-36/000007/2022524-16-36_Halyomorpha_halys_000007_s41_ch0 — 1 cached label file(s) → embeddings (ident took 0.1s)325.6s - extractor 0: [214] Luke - External Data Sources/InsectSound1000/Halyomorpha_halys/2022524-16-36/000007/2022524-16-36_Halyomorpha_halys_000007_s54_ch0 — 1 cached label file(s) → embeddings (ident took 0.1s)

325.6s - extractor 0: [215] Luke - External Data Sources/InsectSound1000/Halyomorpha_halys/2022524-16-36/000008/2022524-16-36_Halyomorpha_halys_000008_s29_ch0 — starting (embeddings)325.6s - extractor 1: [225] Luke - External Data Sources/InsectSound1000/Halyomorpha_halys/2022524-16-36/000008/2022524-16-36_Halyomorpha_halys_000008_s123_ch0 — starting (embeddings)

325.7s - extractor 1: [225] Luke - External Data Sources/InsectSound1000/Halyomorpha_halys/2022524-16-36/000008/2022524-16-36_Halyomorpha_halys_000008_s123_ch0 — 1 cached label file(s) → embeddings (ident took 0.1s)325.7s - extractor 0: [215] Luke - External Data Sources/InsectSound1000/Halyomorpha_halys/2022524-16-36/000008/2022524-16-36_Halyomorpha_halys_000008_s29_ch0 — 1 cached label file(s) → embeddings (ident took 0.1s)

325.7s - extractor 0: [216] Luke - External Data Sources/InsectSound1000/Halyomorpha_halys/2022524-16-36/000009/2022524-16-36_Halyomorpha_halys_000009_s109_ch0 — starting (embeddings)325.7s - extractor 1: [226] Luke - External Data Sources/InsectSound1000/Halyomorpha_halys/2022524-16-36/000008/2022524-16-36_Halyomorpha_halys_000008_s62_ch0 — starting (embeddings)

325.8s - extractor 1: [226] Luke - External Data Sources/InsectSound1000/Halyomorpha_halys/2022524-16-36/000008/2022524-16-36_Halyomorpha_halys_000008_s62_ch0 — 1 cached label file(s) → embeddings (ident took 0.1s)
325.8s - extractor 0: [216] Luke - External Data Sources/InsectSound1000/Halyomorpha_halys/2022524-16-36/000009/2022524-16-36_Halyomorpha_halys_000009_s109_ch0 — 1 cached label file(s) → embeddings (ident took 0.1s)
325.8s - extractor 1: [227] Luke - External Data Sources/InsectSound1000/Halyomorpha_halys/2022524-16-36/000009/2022524-16-36_Halyomorpha_halys_000009_s144_ch0 — starting (embeddings)
325.8s - extractor 0: [217] Luke - External Data Sources/InsectSound1000/Halyomorpha_halys/2022524-16-36/000009/2022524-16-36_Halyomorpha_halys_000009_s25_ch0 — starting (embeddings)
325.9s - extractor 0: [217] Luke - External Data Sources/InsectSound1000/Halyomorpha_halys/2022524-16-36/000009/2022524-16-36_Halyomorpha_halys_000009_s25_ch0 — 1 cached label file(s) → embeddings (ident took 0.1s)
325.9s - extractor 1: [227] Luke - External Data Sources/InsectSound1000/Halyomorpha_halys/2022524-16-36/000009/2022524-16-36_Halyomorpha_halys_000009_s144_ch0 — 1 cached label file(s) → embeddings (ident took 0.1s)
325.9s - extractor 0: [218] Luke - External Data Sources/InsectSound1000/Halyomorpha_halys/2022524-16-36/000010/2022524-16-36_Halyomorpha_halys_000010_s132_ch3 — starting (embeddings)325.9s - extractor 1: [228] Luke - External Data Sources/InsectSound1000/Halyomorpha_halys/2022524-16-36/000010/2022524-16-36_Halyomorpha_halys_000010_s167_ch3 — starting (embeddings)

326.0s - extractor 0: [218] Luke - External Data Sources/InsectSound1000/Halyomorpha_halys/2022524-16-36/000010/2022524-16-36_Halyomorpha_halys_000010_s132_ch3 — 1 cached label file(s) → embeddings (ident took 0.1s)
326.0s - extractor 1: [228] Luke - External Data Sources/InsectSound1000/Halyomorpha_halys/2022524-16-36/000010/2022524-16-36_Halyomorpha_halys_000010_s167_ch3 — 1 cached label file(s) → embeddings (ident took 0.1s)
326.0s - extractor 1: [229] Luke - External Data Sources/InsectSound1000/Halyomorpha_halys/2022524-16-36/000011/2022524-16-36_Halyomorpha_halys_000011_s169_ch1 — starting (embeddings)326.0s - extractor 0: [219] Luke - External Data Sources/InsectSound1000/Halyomorpha_halys/2022524-16-36/000010/2022524-16-36_Halyomorpha_halys_000010_s84_ch3 — starting (embeddings)

326.1s - extractor 1: [229] Luke - External Data Sources/InsectSound1000/Halyomorpha_halys/2022524-16-36/000011/2022524-16-36_Halyomorpha_halys_000011_s169_ch1 — 1 cached label file(s) → embeddings (ident took 0.1s)
326.1s - extractor 0: [219] Luke - External Data Sources/InsectSound1000/Halyomorpha_halys/2022524-16-36/000010/2022524-16-36_Halyomorpha_halys_000010_s84_ch3 — 1 cached label file(s) → embeddings (ident took 0.1s)
326.1s - extractor 1: [230] Luke - External Data Sources/InsectSound1000/Halyomorpha_halys/2022524-16-36/000011/2022524-16-36_Halyomorpha_halys_000011_s27_ch1 — starting (embeddings)
326.1s - extractor 0: [220] Luke - External Data Sources/InsectSound1000/Halyomorpha_halys/2022524-16-36/000011/2022524-16-36_Halyomorpha_halys_000011_s29_ch1 — starting (embeddings)
326.2s - extractor 0: [220] Luke - External Data Sources/InsectSound1000/Halyomorpha_halys/2022524-16-36/000011/2022524-16-36_Halyomorpha_halys_000011_s29_ch1 — 1 cached label file(s) → embeddings (ident took 0.1s)
326.2s - extractor 1: [230] Luke - External Data Sources/InsectSound1000/Halyomorpha_halys/2022524-16-36/000011/2022524-16-36_Halyomorpha_halys_000011_s27_ch1 — 1 cached label file(s) → embeddings (ident took 0.1s)
326.2s - extractor 0: [221] Luke - External Data Sources/InsectSound1000/Halyomorpha_halys/2022524-16-36/000011/2022524-16-36_Halyomorpha_halys_000011_s78_ch1 — starting (embeddings)
326.2s - extractor 1: [231] Luke - External Data Sources/InsectSound1000/Halyomorpha_halys/2022524-16-36/000012/2022524-16-36_Halyomorpha_halys_000012_s112_ch0 — starting (embeddings)
326.3s - extractor 1: [231] Luke - External Data Sources/InsectSound1000/Halyomorpha_halys/2022524-16-36/000012/2022524-16-36_Halyomorpha_halys_000012_s112_ch0 — 1 cached label file(s) → embeddings (ident took 0.1s)
326.3s - extractor 1: [232] Luke - External Data Sources/InsectSound1000/Halyomorpha_halys/2022524-16-36/000012/2022524-16-36_Halyomorpha_halys_000012_s82_ch0 — starting (embeddings)
326.3s - extractor 0: [221] Luke - External Data Sources/InsectSound1000/Halyomorpha_halys/2022524-16-36/000011/2022524-16-36_Halyomorpha_halys_000011_s78_ch1 — 1 cached label file(s) → embeddings (ident took 0.1s)
326.3s - extractor 0: [222] Luke - External Data Sources/InsectSound1000/Halyomorpha_halys/2022524-16-36/000013/2022524-16-36_Halyomorpha_halys_000013_s52_ch1 — starting (embeddings)
326.4s - extractor 1: [232] Luke - External Data Sources/InsectSound1000/Halyomorpha_halys/2022524-16-36/000012/2022524-16-36_Halyomorpha_halys_000012_s82_ch0 — 1 cached label file(s) → embeddings (ident took 0.1s)
326.4s - extractor 1: [233] Luke - External Data Sources/InsectSound1000/Halyomorpha_halys/2022524-16-36/000013/2022524-16-36_Halyomorpha_halys_000013_s8_ch1 — starting (embeddings)
326.4s - extractor 0: [222] Luke - External Data Sources/InsectSound1000/Halyomorpha_halys/2022524-16-36/000013/2022524-16-36_Halyomorpha_halys_000013_s52_ch1 — 1 cached label file(s) → embeddings (ident took 0.1s)
326.4s - extractor 0: [223] Luke - External Data Sources/InsectSound1000/Halyomorpha_halys/2022524-16-36/000014/2022524-16-36_Halyomorpha_halys_000014_s165_ch0 — starting (embeddings)
326.5s - extractor 0: [223] Luke - External Data Sources/InsectSound1000/Halyomorpha_halys/2022524-16-36/000014/2022524-16-36_Halyomorpha_halys_000014_s165_ch0 — 1 cached label file(s) → embeddings (ident took 0.1s)
326.5s - extractor 0: [224] Luke - External Data Sources/InsectSound1000/Halyomorpha_halys/2022524-16-36/000014/2022524-16-36_Halyomorpha_halys_000014_s178_ch0 — starting (embeddings)
326.5s - extractor 1: [233] Luke - External Data Sources/InsectSound1000/Halyomorpha_halys/2022524-16-36/000013/2022524-16-36_Halyomorpha_halys_000013_s8_ch1 — 1 cached label file(s) → embeddings (ident took 0.1s)
326.5s - extractor 1: [234] Luke - External Data Sources/InsectSound1000/Halyomorpha_halys/2022524-16-36/000015/2022524-16-36_Halyomorpha_halys_000015_s182_ch2 — starting (embeddings)
326.6s - extractor 0: [224] Luke - External Data Sources/InsectSound1000/Halyomorpha_halys/2022524-16-36/000014/2022524-16-36_Halyomorpha_halys_000014_s178_ch0 — 1 cached label file(s) → embeddings (ident took 0.1s)326.6s - extractor 1: [234] Luke - External Data Sources/InsectSound1000/Halyomorpha_halys/2022524-16-36/000015/2022524-16-36_Halyomorpha_halys_000015_s182_ch2 — 1 cached label file(s) → embeddings (ident took 0.1s)

326.6s - extractor 0: [225] Luke - External Data Sources/InsectSound1000/Halyomorpha_halys/2022524-16-36/000015/2022524-16-36_Halyomorpha_halys_000015_s31_ch2 — starting (embeddings)326.6s - extractor 1: [235] Luke - External Data Sources/InsectSound1000/Halyomorpha_halys/2022524-16-36/000016/2022524-16-36_Halyomorpha_halys_000016_s110_ch0 — starting (embeddings)

326.7s - extractor 0: [225] Luke - External Data Sources/InsectSound1000/Halyomorpha_halys/2022524-16-36/000015/2022524-16-36_Halyomorpha_halys_000015_s31_ch2 — 1 cached label file(s) → embeddings (ident took 0.1s)326.7s - extractor 1: [235] Luke - External Data Sources/InsectSound1000/Halyomorpha_halys/2022524-16-36/000016/2022524-16-36_Halyomorpha_halys_000016_s110_ch0 — 1 cached label file(s) → embeddings (ident took 0.1s)

326.7s - extractor 1: [236] Luke - External Data Sources/InsectSound1000/Halyomorpha_halys/2022524-16-36/000016/2022524-16-36_Halyomorpha_halys_000016_s14_ch0 — starting (embeddings)326.7s - extractor 0: [226] Luke - External Data Sources/InsectSound1000/Halyomorpha_halys/2022524-16-36/000016/2022524-16-36_Halyomorpha_halys_000016_s120_ch0 — starting (embeddings)

326.8s - extractor 1: [236] Luke - External Data Sources/InsectSound1000/Halyomorpha_halys/2022524-16-36/000016/2022524-16-36_Halyomorpha_halys_000016_s14_ch0 — 1 cached label file(s) → embeddings (ident took 0.1s)
326.8s - extractor 1: [237] Luke - External Data Sources/InsectSound1000/Halyomorpha_halys/2022524-16-36/000016/2022524-16-36_Halyomorpha_halys_000016_s7_ch0 — starting (embeddings)
326.8s - extractor 0: [226] Luke - External Data Sources/InsectSound1000/Halyomorpha_halys/2022524-16-36/000016/2022524-16-36_Halyomorpha_halys_000016_s120_ch0 — 1 cached label file(s) → embeddings (ident took 0.1s)
326.8s - extractor 0: [227] Luke - External Data Sources/InsectSound1000/Halyomorpha_halys/2022524-16-36/000017/2022524-16-36_Halyomorpha_halys_000017_s4_ch0 — starting (embeddings)
326.9s - extractor 1: [237] Luke - External Data Sources/InsectSound1000/Halyomorpha_halys/2022524-16-36/000016/2022524-16-36_Halyomorpha_halys_000016_s7_ch0 — 1 cached label file(s) → embeddings (ident took 0.1s)
326.9s - extractor 1: [238] Luke - External Data Sources/InsectSound1000/Halyomorpha_halys/2022524-16-36/000018/2022524-16-36_Halyomorpha_halys_000018_s62_ch1 — starting (embeddings)
326.9s - extractor 0: [227] Luke - External Data Sources/InsectSound1000/Halyomorpha_halys/2022524-16-36/000017/2022524-16-36_Halyomorpha_halys_000017_s4_ch0 — 1 cached label file(s) → embeddings (ident took 0.1s)
326.9s - extractor 0: [228] Luke - External Data Sources/InsectSound1000/Halyomorpha_halys/2022524-16-36/000020/2022524-16-36_Halyomorpha_halys_000020_s89_ch0 — starting (embeddings)
327.0s - extractor 1: [238] Luke - External Data Sources/InsectSound1000/Halyomorpha_halys/2022524-16-36/000018/2022524-16-36_Halyomorpha_halys_000018_s62_ch1 — 1 cached label file(s) → embeddings (ident took 0.1s)
327.0s - extractor 1: [239] Luke - External Data Sources/InsectSound1000/Halyomorpha_halys/2022524-16-36/000021/2022524-16-36_Halyomorpha_halys_000021_s118_ch0 — starting (embeddings)
327.0s - extractor 0: [228] Luke - External Data Sources/InsectSound1000/Halyomorpha_halys/2022524-16-36/000020/2022524-16-36_Halyomorpha_halys_000020_s89_ch0 — 1 cached label file(s) → embeddings (ident took 0.1s)
327.0s - extractor 0: [229] Luke - External Data Sources/InsectSound1000/Halyomorpha_halys/2022524-16-36/000022/2022524-16-36_Halyomorpha_halys_000022_s126_ch1 — starting (embeddings)
327.1s - extractor 0: [229] Luke - External Data Sources/InsectSound1000/Halyomorpha_halys/2022524-16-36/000022/2022524-16-36_Halyomorpha_halys_000022_s126_ch1 — 1 cached label file(s) → embeddings (ident took 0.1s)
327.1s - extractor 1: [239] Luke - External Data Sources/InsectSound1000/Halyomorpha_halys/2022524-16-36/000021/2022524-16-36_Halyomorpha_halys_000021_s118_ch0 — 1 cached label file(s) → embeddings (ident took 0.1s)
327.1s - extractor 1: [240] Luke - External Data Sources/InsectSound1000/Halyomorpha_halys/2022524-16-36/000025/2022524-16-36_Halyomorpha_halys_000025_s161_ch3 — starting (embeddings)327.1s - extractor 0: [230] Luke - External Data Sources/InsectSound1000/Halyomorpha_halys/2022524-16-36/000023/2022524-16-36_Halyomorpha_halys_000023_s102_ch1 — starting (embeddings)

327.2s - extractor 0: [230] Luke - External Data Sources/InsectSound1000/Halyomorpha_halys/2022524-16-36/000023/2022524-16-36_Halyomorpha_halys_000023_s102_ch1 — 1 cached label file(s) → embeddings (ident took 0.1s)
327.2s - extractor 0: [231] Luke - External Data Sources/InsectSound1000/Halyomorpha_halys/2022524-16-36/000025/2022524-16-36_Halyomorpha_halys_000025_s39_ch3 — starting (embeddings)
327.2s - extractor 1: [240] Luke - External Data Sources/InsectSound1000/Halyomorpha_halys/2022524-16-36/000025/2022524-16-36_Halyomorpha_halys_000025_s161_ch3 — 1 cached label file(s) → embeddings (ident took 0.1s)
327.2s - extractor 1: [241] Luke - External Data Sources/InsectSound1000/Halyomorpha_halys/2022524-16-36/000026/2022524-16-36_Halyomorpha_halys_000026_s76_ch3 — starting (embeddings)
327.3s - extractor 1: [241] Luke - External Data Sources/InsectSound1000/Halyomorpha_halys/2022524-16-36/000026/2022524-16-36_Halyomorpha_halys_000026_s76_ch3 — 1 cached label file(s) → embeddings (ident took 0.1s)
327.3s - extractor 0: [231] Luke - External Data Sources/InsectSound1000/Halyomorpha_halys/2022524-16-36/000025/2022524-16-36_Halyomorpha_halys_000025_s39_ch3 — 1 cached label file(s) → embeddings (ident took 0.1s)
327.3s - extractor 1: [242] Luke - External Data Sources/InsectSound1000/Halyomorpha_halys/2022524-16-36/000027/2022524-16-36_Halyomorpha_halys_000027_s67_ch2 — starting (embeddings)
327.3s - extractor 0: [232] Luke - External Data Sources/InsectSound1000/Halyomorpha_halys/2022524-16-36/000028/2022524-16-36_Halyomorpha_halys_000028_s161_ch1 — starting (embeddings)
327.4s - extractor 1: [242] Luke - External Data Sources/InsectSound1000/Halyomorpha_halys/2022524-16-36/000027/2022524-16-36_Halyomorpha_halys_000027_s67_ch2 — 1 cached label file(s) → embeddings (ident took 0.1s)
327.4s - extractor 0: [232] Luke - External Data Sources/InsectSound1000/Halyomorpha_halys/2022524-16-36/000028/2022524-16-36_Halyomorpha_halys_000028_s161_ch1 — 1 cached label file(s) → embeddings (ident took 0.1s)
327.4s - extractor 0: [233] Luke - External Data Sources/InsectSound1000/Halyomorpha_halys/2022524-16-36/000032/2022524-16-36_Halyomorpha_halys_000032_s4_ch1 — starting (embeddings)327.4s - extractor 1: [243] Luke - External Data Sources/InsectSound1000/Halyomorpha_halys/2022524-16-36/000028/2022524-16-36_Halyomorpha_halys_000028_s75_ch1 — starting (embeddings)

327.5s - extractor 0: [233] Luke - External Data Sources/InsectSound1000/Halyomorpha_halys/2022524-16-36/000032/2022524-16-36_Halyomorpha_halys_000032_s4_ch1 — 1 cached label file(s) → embeddings (ident took 0.1s)
327.5s - extractor 1: [243] Luke - External Data Sources/InsectSound1000/Halyomorpha_halys/2022524-16-36/000028/2022524-16-36_Halyomorpha_halys_000028_s75_ch1 — 1 cached label file(s) → embeddings (ident took 0.1s)
327.5s - extractor 0: [234] Luke - External Data Sources/InsectSound1000/Halyomorpha_halys/2022524-16-36/000033/2022524-16-36_Halyomorpha_halys_000033_s38_ch1 — starting (embeddings)327.5s - extractor 1: [244] Luke - External Data Sources/InsectSound1000/Halyomorpha_halys/2022524-16-36/000033/2022524-16-36_Halyomorpha_halys_000033_s39_ch1 — starting (embeddings)

327.6s - extractor 1: [244] Luke - External Data Sources/InsectSound1000/Halyomorpha_halys/2022524-16-36/000033/2022524-16-36_Halyomorpha_halys_000033_s39_ch1 — 1 cached label file(s) → embeddings (ident took 0.1s)
327.6s - extractor 1: [245] Luke - External Data Sources/InsectSound1000/Halyomorpha_halys/2022524-16-36/000033/2022524-16-36_Halyomorpha_halys_000033_s66_ch1 — starting (embeddings)
327.6s - extractor 0: [234] Luke - External Data Sources/InsectSound1000/Halyomorpha_halys/2022524-16-36/000033/2022524-16-36_Halyomorpha_halys_000033_s38_ch1 — 1 cached label file(s) → embeddings (ident took 0.1s)
327.6s - extractor 0: [235] Luke - External Data Sources/InsectSound1000/Halyomorpha_halys/2022524-16-36/000033/2022524-16-36_Halyomorpha_halys_000033_s71_ch1 — starting (embeddings)
327.7s - extractor 0: [235] Luke - External Data Sources/InsectSound1000/Halyomorpha_halys/2022524-16-36/000033/2022524-16-36_Halyomorpha_halys_000033_s71_ch1 — 1 cached label file(s) → embeddings (ident took 0.1s)
327.7s - extractor 1: [245] Luke - External Data Sources/InsectSound1000/Halyomorpha_halys/2022524-16-36/000033/2022524-16-36_Halyomorpha_halys_000033_s66_ch1 — 1 cached label file(s) → embeddings (ident took 0.1s)
327.7s - extractor 0: [236] Luke - External Data Sources/InsectSound1000/Halyomorpha_halys/2022524-16-36/000034/2022524-16-36_Halyomorpha_halys_000034_s25_ch0 — starting (embeddings)327.7s - extractor 1: [246] Luke - External Data Sources/InsectSound1000/Halyomorpha_halys/2022524-16-36/000034/2022524-16-36_Halyomorpha_halys_000034_s6_ch0 — starting (embeddings)

327.8s - extractor 1: [246] Luke - External Data Sources/InsectSound1000/Halyomorpha_halys/2022524-16-36/000034/2022524-16-36_Halyomorpha_halys_000034_s6_ch0 — 1 cached label file(s) → embeddings (ident took 0.1s)327.8s - extractor 0: [236] Luke - External Data Sources/InsectSound1000/Halyomorpha_halys/2022524-16-36/000034/2022524-16-36_Halyomorpha_halys_000034_s25_ch0 — 1 cached label file(s) → embeddings (ident took 0.1s)

327.8s - extractor 0: [237] Luke - External Data Sources/InsectSound1000/Halyomorpha_halys/2022524-16-36/000035/2022524-16-36_Halyomorpha_halys_000035_s14_ch1 — starting (embeddings)327.8s - extractor 1: [247] Luke - External Data Sources/InsectSound1000/Halyomorpha_halys/2022524-16-36/000034/2022524-16-36_Halyomorpha_halys_000034_s8_ch0 — starting (embeddings)

327.9s - extractor 1: [247] Luke - External Data Sources/InsectSound1000/Halyomorpha_halys/2022524-16-36/000034/2022524-16-36_Halyomorpha_halys_000034_s8_ch0 — 1 cached label file(s) → embeddings (ident took 0.1s)327.9s - extractor 0: [237] Luke - External Data Sources/InsectSound1000/Halyomorpha_halys/2022524-16-36/000035/2022524-16-36_Halyomorpha_halys_000035_s14_ch1 — 1 cached label file(s) → embeddings (ident took 0.1s)

327.9s - extractor 1: [248] Luke - External Data Sources/InsectSound1000/Halyomorpha_halys/2022524-16-36/000035/2022524-16-36_Halyomorpha_halys_000035_s84_ch1 — starting (embeddings)327.9s - extractor 0: [238] Luke - External Data Sources/InsectSound1000/Halyomorpha_halys/2022524-16-36/000035/2022524-16-36_Halyomorpha_halys_000035_s88_ch1 — starting (embeddings)

328.0s - extractor 1: [248] Luke - External Data Sources/InsectSound1000/Halyomorpha_halys/2022524-16-36/000035/2022524-16-36_Halyomorpha_halys_000035_s84_ch1 — 1 cached label file(s) → embeddings (ident took 0.1s)328.0s - extractor 0: [238] Luke - External Data Sources/InsectSound1000/Halyomorpha_halys/2022524-16-36/000035/2022524-16-36_Halyomorpha_halys_000035_s88_ch1 — 1 cached label file(s) → embeddings (ident took 0.1s)

328.0s - extractor 0: [239] Luke - External Data Sources/InsectSound1000/Halyomorpha_halys/2022524-16-36/000039/2022524-16-36_Halyomorpha_halys_000039_s35_ch0 — starting (embeddings)328.0s - extractor 1: [249] Luke - External Data Sources/InsectSound1000/Halyomorpha_halys/2022524-16-36/000037/2022524-16-36_Halyomorpha_halys_000037_s32_ch0 — starting (embeddings)

328.1s - extractor 1: [249] Luke - External Data Sources/InsectSound1000/Halyomorpha_halys/2022524-16-36/000037/2022524-16-36_Halyomorpha_halys_000037_s32_ch0 — 1 cached label file(s) → embeddings (ident took 0.1s)
328.1s - extractor 1: [250] Luke - External Data Sources/InsectSound1000/Halyomorpha_halys/2022524-16-36/000039/2022524-16-36_Halyomorpha_halys_000039_s51_ch0 — starting (embeddings)
328.1s - extractor 0: [239] Luke - External Data Sources/InsectSound1000/Halyomorpha_halys/2022524-16-36/000039/2022524-16-36_Halyomorpha_halys_000039_s35_ch0 — 1 cached label file(s) → embeddings (ident took 0.1s)
328.1s - extractor 0: [240] Luke - External Data Sources/InsectSound1000/Halyomorpha_halys/2022524-16-36/000043/2022524-16-36_Halyomorpha_halys_000043_s4_ch0 — starting (embeddings)
328.2s - extractor 1: [250] Luke - External Data Sources/InsectSound1000/Halyomorpha_halys/2022524-16-36/000039/2022524-16-36_Halyomorpha_halys_000039_s51_ch0 — 1 cached label file(s) → embeddings (ident took 0.1s)
328.2s - extractor 1: [251] Luke - External Data Sources/InsectSound1000/Halyomorpha_halys/2022524-16-36/000044/2022524-16-36_Halyomorpha_halys_000044_s23_ch1 — starting (embeddings)
328.2s - extractor 0: [240] Luke - External Data Sources/InsectSound1000/Halyomorpha_halys/2022524-16-36/000043/2022524-16-36_Halyomorpha_halys_000043_s4_ch0 — 1 cached label file(s) → embeddings (ident took 0.1s)
328.2s - extractor 0: [241] Luke - External Data Sources/InsectSound1000/Halyomorpha_halys/2022524-16-36/000044/2022524-16-36_Halyomorpha_halys_000044_s24_ch1 — starting (embeddings)
328.3s - extractor 1: [251] Luke - External Data Sources/InsectSound1000/Halyomorpha_halys/2022524-16-36/000044/2022524-16-36_Halyomorpha_halys_000044_s23_ch1 — 1 cached label file(s) → embeddings (ident took 0.1s)
328.3s - extractor 1: [252] Luke - External Data Sources/InsectSound1000/Halyomorpha_halys/2022524-16-36/000045/2022524-16-36_Halyomorpha_halys_000045_s26_ch1 — starting (embeddings)
328.3s - extractor 0: [241] Luke - External Data Sources/InsectSound1000/Halyomorpha_halys/2022524-16-36/000044/2022524-16-36_Halyomorpha_halys_000044_s24_ch1 — 1 cached label file(s) → embeddings (ident took 0.1s)
328.3s - extractor 0: [242] Luke - External Data Sources/InsectSound1000/Halyomorpha_halys/2022524-16-36/000055/2022524-16-36_Halyomorpha_halys_000055_s12_ch0 — starting (embeddings)
328.4s - extractor 1: [252] Luke - External Data Sources/InsectSound1000/Halyomorpha_halys/2022524-16-36/000045/2022524-16-36_Halyomorpha_halys_000045_s26_ch1 — 1 cached label file(s) → embeddings (ident took 0.1s)328.4s - extractor 0: [242] Luke - External Data Sources/InsectSound1000/Halyomorpha_halys/2022524-16-36/000055/2022524-16-36_Halyomorpha_halys_000055_s12_ch0 — 1 cached label file(s) → embeddings (ident took 0.1s)

328.4s - extractor 1: [253] Luke - External Data Sources/InsectSound1000/Halyomorpha_halys/2022524-16-36/000056/2022524-16-36_Halyomorpha_halys_000056_s7_ch0 — starting (embeddings)328.4s - extractor 0: [243] Luke - External Data Sources/InsectSound1000/Halyomorpha_halys/2022524-16-36/000057/2022524-16-36_Halyomorpha_halys_000057_s2_ch0 — starting (embeddings)

328.5s - extractor 1: [253] Luke - External Data Sources/InsectSound1000/Halyomorpha_halys/2022524-16-36/000056/2022524-16-36_Halyomorpha_halys_000056_s7_ch0 — 1 cached label file(s) → embeddings (ident took 0.1s)328.5s - extractor 0: [243] Luke - External Data Sources/InsectSound1000/Halyomorpha_halys/2022524-16-36/000057/2022524-16-36_Halyomorpha_halys_000057_s2_ch0 — 1 cached label file(s) → embeddings (ident took 0.1s)

328.5s - extractor 0: [244] Luke - External Data Sources/InsectSound1000/Halyomorpha_halys/2022524-16-36/000059/2022524-16-36_Halyomorpha_halys_000059_s24_ch0 — starting (embeddings)328.5s - extractor 1: [254] Luke - External Data Sources/InsectSound1000/Halyomorpha_halys/2022524-16-36/000058/2022524-16-36_Halyomorpha_halys_000058_s4_ch0 — starting (embeddings)

328.6s - extractor 1: [254] Luke - External Data Sources/InsectSound1000/Halyomorpha_halys/2022524-16-36/000058/2022524-16-36_Halyomorpha_halys_000058_s4_ch0 — 1 cached label file(s) → embeddings (ident took 0.1s)328.6s - extractor 0: [244] Luke - External Data Sources/InsectSound1000/Halyomorpha_halys/2022524-16-36/000059/2022524-16-36_Halyomorpha_halys_000059_s24_ch0 — 1 cached label file(s) → embeddings (ident took 0.1s)

328.6s - extractor 1: [255] Luke - External Data Sources/InsectSound1000/Halyomorpha_halys/2022524-16-36/000060/2022524-16-36_Halyomorpha_halys_000060_s43_ch0 — starting (embeddings)
328.6s - extractor 0: [245] Luke - External Data Sources/InsectSound1000/Halyomorpha_halys/2022524-16-36/000061/2022524-16-36_Halyomorpha_halys_000061_s118_ch0 — starting (embeddings)
328.7s - extractor 1: [255] Luke - External Data Sources/InsectSound1000/Halyomorpha_halys/2022524-16-36/000060/2022524-16-36_Halyomorpha_halys_000060_s43_ch0 — 1 cached label file(s) → embeddings (ident took 0.1s)328.7s - extractor 0: [245] Luke - External Data Sources/InsectSound1000/Halyomorpha_halys/2022524-16-36/000061/2022524-16-36_Halyomorpha_halys_000061_s118_ch0 — 1 cached label file(s) → embeddings (ident took 0.1s)

328.7s - extractor 0: [246] Luke - External Data Sources/InsectSound1000/Halyomorpha_halys/2022524-16-36/000061/2022524-16-36_Halyomorpha_halys_000061_s13_ch0 — starting (embeddings)328.7s - extractor 1: [256] Luke - External Data Sources/InsectSound1000/Halyomorpha_halys/2022524-16-36/000061/2022524-16-36_Halyomorpha_halys_000061_s124_ch0 — starting (embeddings)

328.8s - extractor 1: [256] Luke - External Data Sources/InsectSound1000/Halyomorpha_halys/2022524-16-36/000061/2022524-16-36_Halyomorpha_halys_000061_s124_ch0 — 1 cached label file(s) → embeddings (ident took 0.1s)328.8s - extractor 0: [246] Luke - External Data Sources/InsectSound1000/Halyomorpha_halys/2022524-16-36/000061/2022524-16-36_Halyomorpha_halys_000061_s13_ch0 — 1 cached label file(s) → embeddings (ident took 0.1s)

328.8s - extractor 1: [257] Luke - External Data Sources/InsectSound1000/Halyomorpha_halys/2022524-16-36/000061/2022524-16-36_Halyomorpha_halys_000061_s55_ch0 — starting (embeddings)328.8s - extractor 0: [247] Luke - External Data Sources/InsectSound1000/Halyomorpha_halys/2022524-16-36/000062/2022524-16-36_Halyomorpha_halys_000062_s137_ch0 — starting (embeddings)

328.9s - extractor 1: [257] Luke - External Data Sources/InsectSound1000/Halyomorpha_halys/2022524-16-36/000061/2022524-16-36_Halyomorpha_halys_000061_s55_ch0 — 1 cached label file(s) → embeddings (ident took 0.1s)328.9s - extractor 0: [247] Luke - External Data Sources/InsectSound1000/Halyomorpha_halys/2022524-16-36/000062/2022524-16-36_Halyomorpha_halys_000062_s137_ch0 — 1 cached label file(s) → embeddings (ident took 0.1s)

328.9s - extractor 0: [248] Luke - External Data Sources/InsectSound1000/Halyomorpha_halys/2022524-16-36/000062/2022524-16-36_Halyomorpha_halys_000062_s25_ch0 — starting (embeddings)328.9s - extractor 1: [258] Luke - External Data Sources/InsectSound1000/Halyomorpha_halys/2022524-16-36/000067/2022524-16-36_Halyomorpha_halys_000067_s28_ch0 — starting (embeddings)

329.0s - extractor 1: [258] Luke - External Data Sources/InsectSound1000/Halyomorpha_halys/2022524-16-36/000067/2022524-16-36_Halyomorpha_halys_000067_s28_ch0 — 1 cached label file(s) → embeddings (ident took 0.1s)329.0s - extractor 0: [248] Luke - External Data Sources/InsectSound1000/Halyomorpha_halys/2022524-16-36/000062/2022524-16-36_Halyomorpha_halys_000062_s25_ch0 — 1 cached label file(s) → embeddings (ident took 0.1s)

329.0s - extractor 0: [249] Luke - External Data Sources/InsectSound1000/Halyomorpha_halys/2022530-16-6/000000/2022530-16-6_Halyomorpha_halys_000000_s4_ch0 — starting (embeddings)329.0s - extractor 1: [259] Luke - External Data Sources/InsectSound1000/Halyomorpha_halys/2022524-16-36/000067/2022524-16-36_Halyomorpha_halys_000067_s86_ch0 — starting (embeddings)

329.1s - extractor 0: [249] Luke - External Data Sources/InsectSound1000/Halyomorpha_halys/2022530-16-6/000000/2022530-16-6_Halyomorpha_halys_000000_s4_ch0 — 1 cached label file(s) → embeddings (ident took 0.1s)329.1s - extractor 1: [259] Luke - External Data Sources/InsectSound1000/Halyomorpha_halys/2022524-16-36/000067/2022524-16-36_Halyomorpha_halys_000067_s86_ch0 — 1 cached label file(s) → embeddings (ident took 0.1s)

329.1s - extractor 0: [250] Luke - External Data Sources/InsectSound1000/Halyomorpha_halys/2022530-16-6/000006/2022530-16-6_Halyomorpha_halys_000006_s55_ch0 — starting (embeddings)329.1s - extractor 1: [260] Luke - External Data Sources/InsectSound1000/Halyomorpha_halys/2022530-16-6/000004/2022530-16-6_Halyomorpha_halys_000004_s19_ch0 — starting (embeddings)

329.2s - extractor 0: [250] Luke - External Data Sources/InsectSound1000/Halyomorpha_halys/2022530-16-6/000006/2022530-16-6_Halyomorpha_halys_000006_s55_ch0 — 1 cached label file(s) → embeddings (ident took 0.1s)
329.2s - extractor 1: [260] Luke - External Data Sources/InsectSound1000/Halyomorpha_halys/2022530-16-6/000004/2022530-16-6_Halyomorpha_halys_000004_s19_ch0 — 1 cached label file(s) → embeddings (ident took 0.1s)
329.2s - extractor 0: [251] Luke - External Data Sources/InsectSound1000/Halyomorpha_halys/2022530-16-6/000007/2022530-16-6_Halyomorpha_halys_000007_s48_ch0 — starting (embeddings)
329.2s - extractor 1: [261] Luke - External Data Sources/InsectSound1000/Halyomorpha_halys/2022530-16-6/000012/2022530-16-6_Halyomorpha_halys_000012_s126_ch0 — starting (embeddings)
329.3s - extractor 1: [261] Luke - External Data Sources/InsectSound1000/Halyomorpha_halys/2022530-16-6/000012/2022530-16-6_Halyomorpha_halys_000012_s126_ch0 — 1 cached label file(s) → embeddings (ident took 0.1s)
329.3s - extractor 0: [251] Luke - External Data Sources/InsectSound1000/Halyomorpha_halys/2022530-16-6/000007/2022530-16-6_Halyomorpha_halys_000007_s48_ch0 — 1 cached label file(s) → embeddings (ident took 0.1s)
329.3s - extractor 1: [262] Luke - External Data Sources/InsectSound1000/Halyomorpha_halys/2022530-16-6/000012/2022530-16-6_Halyomorpha_halys_000012_s129_ch0 — starting (embeddings)329.3s - extractor 0: [252] Luke - External Data Sources/InsectSound1000/Halyomorpha_halys/2022530-16-6/000013/2022530-16-6_Halyomorpha_halys_000013_s4_ch0 — starting (embeddings)

329.4s - extractor 1: [262] Luke - External Data Sources/InsectSound1000/Halyomorpha_halys/2022530-16-6/000012/2022530-16-6_Halyomorpha_halys_000012_s129_ch0 — 1 cached label file(s) → embeddings (ident took 0.1s)
329.4s - extractor 0: [252] Luke - External Data Sources/InsectSound1000/Halyomorpha_halys/2022530-16-6/000013/2022530-16-6_Halyomorpha_halys_000013_s4_ch0 — 1 cached label file(s) → embeddings (ident took 0.1s)
329.4s - extractor 0: [253] Luke - External Data Sources/InsectSound1000/Halyomorpha_halys/2022530-16-6/000013/2022530-16-6_Halyomorpha_halys_000013_s7_ch0 — starting (embeddings)329.4s - extractor 1: [263] Luke - External Data Sources/InsectSound1000/Halyomorpha_halys/2022530-16-6/000013/2022530-16-6_Halyomorpha_halys_000013_s49_ch0 — starting (embeddings)

329.5s - extractor 0: [253] Luke - External Data Sources/InsectSound1000/Halyomorpha_halys/2022530-16-6/000013/2022530-16-6_Halyomorpha_halys_000013_s7_ch0 — 1 cached label file(s) → embeddings (ident took 0.1s)
329.5s - extractor 1: [263] Luke - External Data Sources/InsectSound1000/Halyomorpha_halys/2022530-16-6/000013/2022530-16-6_Halyomorpha_halys_000013_s49_ch0 — 1 cached label file(s) → embeddings (ident took 0.1s)
329.5s - extractor 0: [254] Luke - External Data Sources/InsectSound1000/Halyomorpha_halys/2022530-16-6/000013/2022530-16-6_Halyomorpha_halys_000013_s70_ch0 — starting (embeddings)
329.5s - extractor 1: [264] Luke - External Data Sources/InsectSound1000/Halyomorpha_halys/2022530-16-6/000014/2022530-16-6_Halyomorpha_halys_000014_s125_ch3 — starting (embeddings)
329.6s - extractor 1: [264] Luke - External Data Sources/InsectSound1000/Halyomorpha_halys/2022530-16-6/000014/2022530-16-6_Halyomorpha_halys_000014_s125_ch3 — 1 cached label file(s) → embeddings (ident took 0.1s)329.6s - extractor 0: [254] Luke - External Data Sources/InsectSound1000/Halyomorpha_halys/2022530-16-6/000013/2022530-16-6_Halyomorpha_halys_000013_s70_ch0 — 1 cached label file(s) → embeddings (ident took 0.1s)

329.6s - extractor 0: [255] Luke - External Data Sources/InsectSound1000/Halyomorpha_halys/2022530-16-6/000014/2022530-16-6_Halyomorpha_halys_000014_s82_ch3 — starting (embeddings)
329.6s - extractor 1: [265] Luke - External Data Sources/InsectSound1000/Halyomorpha_halys/2022530-16-6/000015/2022530-16-6_Halyomorpha_halys_000015_s31_ch0 — starting (embeddings)
329.7s - extractor 0: [255] Luke - External Data Sources/InsectSound1000/Halyomorpha_halys/2022530-16-6/000014/2022530-16-6_Halyomorpha_halys_000014_s82_ch3 — 1 cached label file(s) → embeddings (ident took 0.1s)
329.7s - extractor 0: [256] Luke - External Data Sources/InsectSound1000/Halyomorpha_halys/2022530-16-6/000015/2022530-16-6_Halyomorpha_halys_000015_s7_ch0 — starting (embeddings)
329.7s - extractor 1: [265] Luke - External Data Sources/InsectSound1000/Halyomorpha_halys/2022530-16-6/000015/2022530-16-6_Halyomorpha_halys_000015_s31_ch0 — 1 cached label file(s) → embeddings (ident took 0.1s)
329.7s - extractor 1: [266] Luke - External Data Sources/InsectSound1000/Halyomorpha_halys/2022530-16-6/000016/2022530-16-6_Halyomorpha_halys_000016_s24_ch0 — starting (embeddings)
329.8s - extractor 1: [266] Luke - External Data Sources/InsectSound1000/Halyomorpha_halys/2022530-16-6/000016/2022530-16-6_Halyomorpha_halys_000016_s24_ch0 — 1 cached label file(s) → embeddings (ident took 0.1s)329.8s - extractor 0: [256] Luke - External Data Sources/InsectSound1000/Halyomorpha_halys/2022530-16-6/000015/2022530-16-6_Halyomorpha_halys_000015_s7_ch0 — 1 cached label file(s) → embeddings (ident took 0.1s)

329.8s - extractor 0: [257] Luke - External Data Sources/InsectSound1000/Halyomorpha_halys/2022530-16-6/000017/2022530-16-6_Halyomorpha_halys_000017_s17_ch3 — starting (embeddings)329.8s - extractor 1: [267] Luke - External Data Sources/InsectSound1000/Halyomorpha_halys/2022530-16-6/000016/2022530-16-6_Halyomorpha_halys_000016_s33_ch0 — starting (embeddings)

329.9s - extractor 1: [267] Luke - External Data Sources/InsectSound1000/Halyomorpha_halys/2022530-16-6/000016/2022530-16-6_Halyomorpha_halys_000016_s33_ch0 — 1 cached label file(s) → embeddings (ident took 0.1s)
329.9s - extractor 0: [257] Luke - External Data Sources/InsectSound1000/Halyomorpha_halys/2022530-16-6/000017/2022530-16-6_Halyomorpha_halys_000017_s17_ch3 — 1 cached label file(s) → embeddings (ident took 0.1s)
329.9s - extractor 0: [258] Luke - External Data Sources/InsectSound1000/Halyomorpha_halys/2022530-16-6/000017/2022530-16-6_Halyomorpha_halys_000017_s77_ch3 — starting (embeddings)329.9s - extractor 1: [268] Luke - External Data Sources/InsectSound1000/Halyomorpha_halys/2022530-16-6/000017/2022530-16-6_Halyomorpha_halys_000017_s19_ch3 — starting (embeddings)

330.0s - extractor 0: [258] Luke - External Data Sources/InsectSound1000/Halyomorpha_halys/2022530-16-6/000017/2022530-16-6_Halyomorpha_halys_000017_s77_ch3 — 1 cached label file(s) → embeddings (ident took 0.1s)330.0s - extractor 1: [268] Luke - External Data Sources/InsectSound1000/Halyomorpha_halys/2022530-16-6/000017/2022530-16-6_Halyomorpha_halys_000017_s19_ch3 — 1 cached label file(s) → embeddings (ident took 0.1s)

330.0s - extractor 0: [259] Luke - External Data Sources/InsectSound1000/Halyomorpha_halys/2022530-16-6/000020/2022530-16-6_Halyomorpha_halys_000020_s56_ch0 — starting (embeddings)
330.0s - extractor 1: [269] Luke - External Data Sources/InsectSound1000/Halyomorpha_halys/2022530-16-6/000020/2022530-16-6_Halyomorpha_halys_000020_s63_ch0 — starting (embeddings)
330.1s - extractor 1: [269] Luke - External Data Sources/InsectSound1000/Halyomorpha_halys/2022530-16-6/000020/2022530-16-6_Halyomorpha_halys_000020_s63_ch0 — 1 cached label file(s) → embeddings (ident took 0.1s)
330.1s - extractor 0: [259] Luke - External Data Sources/InsectSound1000/Halyomorpha_halys/2022530-16-6/000020/2022530-16-6_Halyomorpha_halys_000020_s56_ch0 — 1 cached label file(s) → embeddings (ident took 0.1s)
330.1s - extractor 1: [270] Luke - External Data Sources/InsectSound1000/Halyomorpha_halys/2022530-16-6/000023/2022530-16-6_Halyomorpha_halys_000023_s51_ch2 — starting (embeddings)330.1s - extractor 0: [260] Luke - External Data Sources/InsectSound1000/Halyomorpha_halys/2022530-16-6/000024/2022530-16-6_Halyomorpha_halys_000024_s26_ch3 — starting (embeddings)

330.2s - extractor 1: [270] Luke - External Data Sources/InsectSound1000/Halyomorpha_halys/2022530-16-6/000023/2022530-16-6_Halyomorpha_halys_000023_s51_ch2 — 1 cached label file(s) → embeddings (ident took 0.1s)330.2s - extractor 0: [260] Luke - External Data Sources/InsectSound1000/Halyomorpha_halys/2022530-16-6/000024/2022530-16-6_Halyomorpha_halys_000024_s26_ch3 — 1 cached label file(s) → embeddings (ident took 0.1s)

330.2s - extractor 0: [261] Luke - External Data Sources/InsectSound1000/Halyomorpha_halys/2022530-16-6/000028/2022530-16-6_Halyomorpha_halys_000028_s123_ch3 — starting (embeddings)330.2s - extractor 1: [271] Luke - External Data Sources/InsectSound1000/Halyomorpha_halys/2022530-16-6/000025/2022530-16-6_Halyomorpha_halys_000025_s90_ch0 — starting (embeddings)

330.3s - extractor 0: [261] Luke - External Data Sources/InsectSound1000/Halyomorpha_halys/2022530-16-6/000028/2022530-16-6_Halyomorpha_halys_000028_s123_ch3 — 1 cached label file(s) → embeddings (ident took 0.1s)330.3s - extractor 1: [271] Luke - External Data Sources/InsectSound1000/Halyomorpha_halys/2022530-16-6/000025/2022530-16-6_Halyomorpha_halys_000025_s90_ch0 — 1 cached label file(s) → embeddings (ident took 0.1s)

330.3s - extractor 1: [272] Luke - External Data Sources/InsectSound1000/Halyomorpha_halys/2022530-16-6/000041/2022530-16-6_Halyomorpha_halys_000041_s54_ch0 — starting (embeddings)330.3s - extractor 0: [262] Luke - External Data Sources/InsectSound1000/Halyomorpha_halys/2022530-16-6/000041/2022530-16-6_Halyomorpha_halys_000041_s40_ch0 — starting (embeddings)

330.4s - extractor 0: [262] Luke - External Data Sources/InsectSound1000/Halyomorpha_halys/2022530-16-6/000041/2022530-16-6_Halyomorpha_halys_000041_s40_ch0 — 1 cached label file(s) → embeddings (ident took 0.1s)
330.4s - extractor 1: [272] Luke - External Data Sources/InsectSound1000/Halyomorpha_halys/2022530-16-6/000041/2022530-16-6_Halyomorpha_halys_000041_s54_ch0 — 1 cached label file(s) → embeddings (ident took 0.1s)
330.4s - extractor 0: [263] Luke - External Data Sources/InsectSound1000/Halyomorpha_halys/2022530-16-6/000042/2022530-16-6_Halyomorpha_halys_000042_s4_ch1 — starting (embeddings)
330.4s - extractor 1: [273] Luke - External Data Sources/InsectSound1000/Halyomorpha_halys/2022530-16-6/000042/2022530-16-6_Halyomorpha_halys_000042_s46_ch1 — starting (embeddings)
330.5s - extractor 0: [263] Luke - External Data Sources/InsectSound1000/Halyomorpha_halys/2022530-16-6/000042/2022530-16-6_Halyomorpha_halys_000042_s4_ch1 — 1 cached label file(s) → embeddings (ident took 0.1s)330.5s - extractor 1: [273] Luke - External Data Sources/InsectSound1000/Halyomorpha_halys/2022530-16-6/000042/2022530-16-6_Halyomorpha_halys_000042_s46_ch1 — 1 cached label file(s) → embeddings (ident took 0.1s)

330.5s - extractor 1: [274] Luke - External Data Sources/InsectSound1000/Halyomorpha_halys/2022530-16-6/000042/2022530-16-6_Halyomorpha_halys_000042_s48_ch1 — starting (embeddings)330.5s - extractor 0: [264] Luke - External Data Sources/InsectSound1000/Halyomorpha_halys/2022530-16-6/000042/2022530-16-6_Halyomorpha_halys_000042_s47_ch1 — starting (embeddings)

330.6s - extractor 1: [274] Luke - External Data Sources/InsectSound1000/Halyomorpha_halys/2022530-16-6/000042/2022530-16-6_Halyomorpha_halys_000042_s48_ch1 — 1 cached label file(s) → embeddings (ident took 0.1s)330.6s - extractor 0: [264] Luke - External Data Sources/InsectSound1000/Halyomorpha_halys/2022530-16-6/000042/2022530-16-6_Halyomorpha_halys_000042_s47_ch1 — 1 cached label file(s) → embeddings (ident took 0.1s)

330.6s - extractor 1: [275] Luke - External Data Sources/InsectSound1000/Halyomorpha_halys/2022530-16-6/000042/2022530-16-6_Halyomorpha_halys_000042_s5_ch1 — starting (embeddings)330.6s - extractor 0: [265] Luke - External Data Sources/InsectSound1000/Halyomorpha_halys/2022530-16-6/000042/2022530-16-6_Halyomorpha_halys_000042_s49_ch1 — starting (embeddings)

330.8s - extractor 0: [265] Luke - External Data Sources/InsectSound1000/Halyomorpha_halys/2022530-16-6/000042/2022530-16-6_Halyomorpha_halys_000042_s49_ch1 — 1 cached label file(s) → embeddings (ident took 0.1s)
330.7s - extractor 1: [275] Luke - External Data Sources/InsectSound1000/Halyomorpha_halys/2022530-16-6/000042/2022530-16-6_Halyomorpha_halys_000042_s5_ch1 — 1 cached label file(s) → embeddings (ident took 0.1s)
330.8s - extractor 0: [266] Luke - External Data Sources/InsectSound1000/Halyomorpha_halys/2022530-16-6/000042/2022530-16-6_Halyomorpha_halys_000042_s50_ch1 — starting (embeddings)
330.7s - extractor 1: [276] Luke - External Data Sources/InsectSound1000/Halyomorpha_halys/2022530-16-6/000042/2022530-16-6_Halyomorpha_halys_000042_s51_ch1 — starting (embeddings)
330.9s - extractor 0: [266] Luke - External Data Sources/InsectSound1000/Halyomorpha_halys/2022530-16-6/000042/2022530-16-6_Halyomorpha_halys_000042_s50_ch1 — 1 cached label file(s) → embeddings (ident took 0.1s)330.8s - extractor 1: [276] Luke - External Data Sources/InsectSound1000/Halyomorpha_halys/2022530-16-6/000042/2022530-16-6_Halyomorpha_halys_000042_s51_ch1 — 1 cached label file(s) → embeddings (ident took 0.1s)

330.9s - extractor 0: [267] Luke - External Data Sources/InsectSound1000/Halyomorpha_halys/2022530-16-6/000042/2022530-16-6_Halyomorpha_halys_000042_s53_ch1 — starting (embeddings)330.9s - extractor 1: [277] Luke - External Data Sources/InsectSound1000/Halyomorpha_halys/2022530-16-6/000042/2022530-16-6_Halyomorpha_halys_000042_s52_ch1 — starting (embeddings)

331.0s - extractor 0: [267] Luke - External Data Sources/InsectSound1000/Halyomorpha_halys/2022530-16-6/000042/2022530-16-6_Halyomorpha_halys_000042_s53_ch1 — 1 cached label file(s) → embeddings (ident took 0.1s)
330.9s - extractor 1: [277] Luke - External Data Sources/InsectSound1000/Halyomorpha_halys/2022530-16-6/000042/2022530-16-6_Halyomorpha_halys_000042_s52_ch1 — 1 cached label file(s) → embeddings (ident took 0.1s)
331.0s - extractor 0: [268] Luke - External Data Sources/InsectSound1000/Halyomorpha_halys/2022530-16-6/000042/2022530-16-6_Halyomorpha_halys_000042_s54_ch1 — starting (embeddings)
331.0s - extractor 1: [278] Luke - External Data Sources/InsectSound1000/Halyomorpha_halys/2022530-16-6/000042/2022530-16-6_Halyomorpha_halys_000042_s55_ch1 — starting (embeddings)
331.1s - extractor 1: [278] Luke - External Data Sources/InsectSound1000/Halyomorpha_halys/2022530-16-6/000042/2022530-16-6_Halyomorpha_halys_000042_s55_ch1 — 1 cached label file(s) → embeddings (ident took 0.1s)331.1s - extractor 0: [268] Luke - External Data Sources/InsectSound1000/Halyomorpha_halys/2022530-16-6/000042/2022530-16-6_Halyomorpha_halys_000042_s54_ch1 — 1 cached label file(s) → embeddings (ident took 0.1s)

331.1s - extractor 1: [279] Luke - External Data Sources/InsectSound1000/Halyomorpha_halys/2022530-16-6/000042/2022530-16-6_Halyomorpha_halys_000042_s57_ch1 — starting (embeddings)331.1s - extractor 0: [269] Luke - External Data Sources/InsectSound1000/Halyomorpha_halys/2022530-16-6/000042/2022530-16-6_Halyomorpha_halys_000042_s56_ch1 — starting (embeddings)

331.1s - extractor 1: [279] Luke - External Data Sources/InsectSound1000/Halyomorpha_halys/2022530-16-6/000042/2022530-16-6_Halyomorpha_halys_000042_s57_ch1 — 1 cached label file(s) → embeddings (ident took 0.1s)331.2s - extractor 0: [269] Luke - External Data Sources/InsectSound1000/Halyomorpha_halys/2022530-16-6/000042/2022530-16-6_Halyomorpha_halys_000042_s56_ch1 — 1 cached label file(s) → embeddings (ident took 0.1s)

331.2s - extractor 1: [280] Luke - External Data Sources/InsectSound1000/Halyomorpha_halys/2022530-16-6/000042/2022530-16-6_Halyomorpha_halys_000042_s58_ch1 — starting (embeddings)331.2s - extractor 0: [270] Luke - External Data Sources/InsectSound1000/Halyomorpha_halys/2022530-16-6/000042/2022530-16-6_Halyomorpha_halys_000042_s59_ch1 — starting (embeddings)

331.2s - extractor 1: [280] Luke - External Data Sources/InsectSound1000/Halyomorpha_halys/2022530-16-6/000042/2022530-16-6_Halyomorpha_halys_000042_s58_ch1 — 1 cached label file(s) → embeddings (ident took 0.1s)
331.3s - extractor 0: [270] Luke - External Data Sources/InsectSound1000/Halyomorpha_halys/2022530-16-6/000042/2022530-16-6_Halyomorpha_halys_000042_s59_ch1 — 1 cached label file(s) → embeddings (ident took 0.1s)
331.3s - extractor 1: [281] Luke - External Data Sources/InsectSound1000/Halyomorpha_halys/2022530-16-6/000042/2022530-16-6_Halyomorpha_halys_000042_s6_ch1 — starting (embeddings)
331.3s - extractor 0: [271] Luke - External Data Sources/InsectSound1000/Halyomorpha_halys/2022530-16-6/000042/2022530-16-6_Halyomorpha_halys_000042_s60_ch1 — starting (embeddings)
331.4s - extractor 0: [271] Luke - External Data Sources/InsectSound1000/Halyomorpha_halys/2022530-16-6/000042/2022530-16-6_Halyomorpha_halys_000042_s60_ch1 — 1 cached label file(s) → embeddings (ident took 0.1s)
331.4s - extractor 0: [272] Luke - External Data Sources/InsectSound1000/Halyomorpha_halys/2022530-16-6/000042/2022530-16-6_Halyomorpha_halys_000042_s61_ch1 — starting (embeddings)
331.4s - extractor 1: [281] Luke - External Data Sources/InsectSound1000/Halyomorpha_halys/2022530-16-6/000042/2022530-16-6_Halyomorpha_halys_000042_s6_ch1 — 1 cached label file(s) → embeddings (ident took 0.2s)
331.4s - extractor 1: [282] Luke - External Data Sources/InsectSound1000/Halyomorpha_halys/2022530-16-6/000042/2022530-16-6_Halyomorpha_halys_000042_s62_ch1 — starting (embeddings)
331.5s - extractor 0: [272] Luke - External Data Sources/InsectSound1000/Halyomorpha_halys/2022530-16-6/000042/2022530-16-6_Halyomorpha_halys_000042_s61_ch1 — 1 cached label file(s) → embeddings (ident took 0.1s)
331.5s - extractor 0: [273] Luke - External Data Sources/InsectSound1000/Halyomorpha_halys/2022530-16-6/000042/2022530-16-6_Halyomorpha_halys_000042_s63_ch1 — starting (embeddings)
331.5s - extractor 1: [282] Luke - External Data Sources/InsectSound1000/Halyomorpha_halys/2022530-16-6/000042/2022530-16-6_Halyomorpha_halys_000042_s62_ch1 — 1 cached label file(s) → embeddings (ident took 0.1s)
331.5s - extractor 1: [283] Luke - External Data Sources/InsectSound1000/Halyomorpha_halys/2022530-16-6/000042/2022530-16-6_Halyomorpha_halys_000042_s64_ch1 — starting (embeddings)
331.6s - extractor 0: [273] Luke - External Data Sources/InsectSound1000/Halyomorpha_halys/2022530-16-6/000042/2022530-16-6_Halyomorpha_halys_000042_s63_ch1 — 1 cached label file(s) → embeddings (ident took 0.1s)
331.6s - extractor 0: [274] Luke - External Data Sources/InsectSound1000/Halyomorpha_halys/2022530-16-6/000042/2022530-16-6_Halyomorpha_halys_000042_s65_ch1 — starting (embeddings)
331.6s - extractor 1: [283] Luke - External Data Sources/InsectSound1000/Halyomorpha_halys/2022530-16-6/000042/2022530-16-6_Halyomorpha_halys_000042_s64_ch1 — 1 cached label file(s) → embeddings (ident took 0.1s)
331.6s - extractor 1: [284] Luke - External Data Sources/InsectSound1000/Halyomorpha_halys/2022530-16-6/000042/2022530-16-6_Halyomorpha_halys_000042_s66_ch1 — starting (embeddings)
331.7s - extractor 0: [274] Luke - External Data Sources/InsectSound1000/Halyomorpha_halys/2022530-16-6/000042/2022530-16-6_Halyomorpha_halys_000042_s65_ch1 — 1 cached label file(s) → embeddings (ident took 0.1s)
331.7s - extractor 0: [275] Luke - External Data Sources/InsectSound1000/Halyomorpha_halys/2022530-16-6/000042/2022530-16-6_Halyomorpha_halys_000042_s67_ch1 — starting (embeddings)
331.7s - extractor 1: [284] Luke - External Data Sources/InsectSound1000/Halyomorpha_halys/2022530-16-6/000042/2022530-16-6_Halyomorpha_halys_000042_s66_ch1 — 1 cached label file(s) → embeddings (ident took 0.1s)
331.7s - extractor 1: [285] Luke - External Data Sources/InsectSound1000/Halyomorpha_halys/2022530-16-6/000042/2022530-16-6_Halyomorpha_halys_000042_s68_ch1 — starting (embeddings)
331.8s - extractor 0: [275] Luke - External Data Sources/InsectSound1000/Halyomorpha_halys/2022530-16-6/000042/2022530-16-6_Halyomorpha_halys_000042_s67_ch1 — 1 cached label file(s) → embeddings (ident took 0.1s)
331.8s - extractor 0: [276] Luke - External Data Sources/InsectSound1000/Halyomorpha_halys/2022530-16-6/000042/2022530-16-6_Halyomorpha_halys_000042_s69_ch1 — starting (embeddings)
331.8s - extractor 1: [285] Luke - External Data Sources/InsectSound1000/Halyomorpha_halys/2022530-16-6/000042/2022530-16-6_Halyomorpha_halys_000042_s68_ch1 — 1 cached label file(s) → embeddings (ident took 0.1s)
331.8s - extractor 1: [286] Luke - External Data Sources/InsectSound1000/Halyomorpha_halys/2022530-16-6/000042/2022530-16-6_Halyomorpha_halys_000042_s70_ch1 — starting (embeddings)
331.8s - extractor 0: [276] Luke - External Data Sources/InsectSound1000/Halyomorpha_halys/2022530-16-6/000042/2022530-16-6_Halyomorpha_halys_000042_s69_ch1 — 1 cached label file(s) → embeddings (ident took 0.1s)
331.8s - extractor 0: [277] Luke - External Data Sources/InsectSound1000/Halyomorpha_halys/2022530-16-6/000042/2022530-16-6_Halyomorpha_halys_000042_s71_ch1 — starting (embeddings)
331.9s - extractor 1: [286] Luke - External Data Sources/InsectSound1000/Halyomorpha_halys/2022530-16-6/000042/2022530-16-6_Halyomorpha_halys_000042_s70_ch1 — 1 cached label file(s) → embeddings (ident took 0.1s)
331.9s - extractor 1: [287] Luke - External Data Sources/InsectSound1000/Halyomorpha_halys/2022530-16-6/000042/2022530-16-6_Halyomorpha_halys_000042_s72_ch1 — starting (embeddings)
331.9s - extractor 0: [277] Luke - External Data Sources/InsectSound1000/Halyomorpha_halys/2022530-16-6/000042/2022530-16-6_Halyomorpha_halys_000042_s71_ch1 — 1 cached label file(s) → embeddings (ident took 0.1s)
331.9s - extractor 0: [278] Luke - External Data Sources/InsectSound1000/Halyomorpha_halys/2022530-16-6/000042/2022530-16-6_Halyomorpha_halys_000042_s73_ch1 — starting (embeddings)
332.0s - extractor 1: [287] Luke - External Data Sources/InsectSound1000/Halyomorpha_halys/2022530-16-6/000042/2022530-16-6_Halyomorpha_halys_000042_s72_ch1 — 1 cached label file(s) → embeddings (ident took 0.1s)
332.0s - extractor 1: [288] Luke - External Data Sources/InsectSound1000/Halyomorpha_halys/2022530-16-6/000042/2022530-16-6_Halyomorpha_halys_000042_s74_ch1 — starting (embeddings)
332.0s - extractor 0: [278] Luke - External Data Sources/InsectSound1000/Halyomorpha_halys/2022530-16-6/000042/2022530-16-6_Halyomorpha_halys_000042_s73_ch1 — 1 cached label file(s) → embeddings (ident took 0.1s)
332.0s - extractor 0: [279] Luke - External Data Sources/InsectSound1000/Halyomorpha_halys/2022530-16-6/000042/2022530-16-6_Halyomorpha_halys_000042_s75_ch1 — starting (embeddings)
332.1s - extractor 1: [288] Luke - External Data Sources/InsectSound1000/Halyomorpha_halys/2022530-16-6/000042/2022530-16-6_Halyomorpha_halys_000042_s74_ch1 — 1 cached label file(s) → embeddings (ident took 0.1s)
332.1s - extractor 1: [289] Luke - External Data Sources/InsectSound1000/Halyomorpha_halys/2022530-16-6/000042/2022530-16-6_Halyomorpha_halys_000042_s76_ch1 — starting (embeddings)
332.1s - extractor 0: [279] Luke - External Data Sources/InsectSound1000/Halyomorpha_halys/2022530-16-6/000042/2022530-16-6_Halyomorpha_halys_000042_s75_ch1 — 1 cached label file(s) → embeddings (ident took 0.1s)
332.1s - extractor 0: [280] Luke - External Data Sources/InsectSound1000/Halyomorpha_halys/2022530-16-6/000042/2022530-16-6_Halyomorpha_halys_000042_s77_ch1 — starting (embeddings)
332.2s - extractor 1: [289] Luke - External Data Sources/InsectSound1000/Halyomorpha_halys/2022530-16-6/000042/2022530-16-6_Halyomorpha_halys_000042_s76_ch1 — 1 cached label file(s) → embeddings (ident took 0.1s)
332.2s - extractor 1: [290] Luke - External Data Sources/InsectSound1000/Halyomorpha_halys/2022530-16-6/000042/2022530-16-6_Halyomorpha_halys_000042_s78_ch1 — starting (embeddings)
332.2s - extractor 0: [280] Luke - External Data Sources/InsectSound1000/Halyomorpha_halys/2022530-16-6/000042/2022530-16-6_Halyomorpha_halys_000042_s77_ch1 — 1 cached label file(s) → embeddings (ident took 0.1s)
332.2s - extractor 0: [281] Luke - External Data Sources/InsectSound1000/Halyomorpha_halys/2022530-16-6/000043/2022530-16-6_Halyomorpha_halys_000043_s64_ch0 — starting (embeddings)
332.3s - extractor 1: [290] Luke - External Data Sources/InsectSound1000/Halyomorpha_halys/2022530-16-6/000042/2022530-16-6_Halyomorpha_halys_000042_s78_ch1 — 1 cached label file(s) → embeddings (ident took 0.1s)
332.3s - extractor 1: [291] Luke - External Data Sources/InsectSound1000/Halyomorpha_halys/2022530-16-6/000052/2022530-16-6_Halyomorpha_halys_000052_s10_ch0 — starting (embeddings)
332.3s - extractor 0: [281] Luke - External Data Sources/InsectSound1000/Halyomorpha_halys/2022530-16-6/000043/2022530-16-6_Halyomorpha_halys_000043_s64_ch0 — 1 cached label file(s) → embeddings (ident took 0.1s)
332.3s - extractor 0: [282] Luke - External Data Sources/InsectSound1000/Halyomorpha_halys/2022530-16-6/000052/2022530-16-6_Halyomorpha_halys_000052_s12_ch0 — starting (embeddings)
332.3s - extractor 1: [291] Luke - External Data Sources/InsectSound1000/Halyomorpha_halys/2022530-16-6/000052/2022530-16-6_Halyomorpha_halys_000052_s10_ch0 — 1 cached label file(s) → embeddings (ident took 0.1s)
332.3s - extractor 1: [292] Luke - External Data Sources/InsectSound1000/Halyomorpha_halys/2022530-16-6/000056/2022530-16-6_Halyomorpha_halys_000056_s72_ch0 — starting (embeddings)
332.4s - extractor 0: [282] Luke - External Data Sources/InsectSound1000/Halyomorpha_halys/2022530-16-6/000052/2022530-16-6_Halyomorpha_halys_000052_s12_ch0 — 1 cached label file(s) → embeddings (ident took 0.1s)
332.4s - extractor 0: [283] Luke - External Data Sources/InsectSound1000/Halyomorpha_halys/2022530-16-6/000057/2022530-16-6_Halyomorpha_halys_000057_s100_ch0 — starting (embeddings)
332.4s - extractor 1: [292] Luke - External Data Sources/InsectSound1000/Halyomorpha_halys/2022530-16-6/000056/2022530-16-6_Halyomorpha_halys_000056_s72_ch0 — 1 cached label file(s) → embeddings (ident took 0.1s)
332.4s - extractor 1: [293] Luke - External Data Sources/InsectSound1000/Halyomorpha_halys/2022530-16-6/000057/2022530-16-6_Halyomorpha_halys_000057_s74_ch0 — starting (embeddings)
332.5s - extractor 0: [283] Luke - External Data Sources/InsectSound1000/Halyomorpha_halys/2022530-16-6/000057/2022530-16-6_Halyomorpha_halys_000057_s100_ch0 — 1 cached label file(s) → embeddings (ident took 0.1s)
332.5s - extractor 0: [284] Luke - External Data Sources/InsectSound1000/Halyomorpha_halys/2022530-16-6/000057/2022530-16-6_Halyomorpha_halys_000057_s88_ch0 — starting (embeddings)
332.5s - extractor 1: [293] Luke - External Data Sources/InsectSound1000/Halyomorpha_halys/2022530-16-6/000057/2022530-16-6_Halyomorpha_halys_000057_s74_ch0 — 1 cached label file(s) → embeddings (ident took 0.1s)
332.5s - extractor 1: [294] Luke - External Data Sources/InsectSound1000/Halyomorpha_halys/2022530-16-6/000057/2022530-16-6_Halyomorpha_halys_000057_s97_ch0 — starting (embeddings)
332.6s - extractor 0: [284] Luke - External Data Sources/InsectSound1000/Halyomorpha_halys/2022530-16-6/000057/2022530-16-6_Halyomorpha_halys_000057_s88_ch0 — 1 cached label file(s) → embeddings (ident took 0.1s)
332.6s - extractor 0: [285] Luke - External Data Sources/InsectSound1000/Halyomorpha_halys/2022530-16-6/000058/2022530-16-6_Halyomorpha_halys_000058_s45_ch0 — starting (embeddings)
332.6s - extractor 1: [294] Luke - External Data Sources/InsectSound1000/Halyomorpha_halys/2022530-16-6/000057/2022530-16-6_Halyomorpha_halys_000057_s97_ch0 — 1 cached label file(s) → embeddings (ident took 0.1s)
332.6s - extractor 1: [295] Luke - External Data Sources/InsectSound1000/Halyomorpha_halys/2022530-16-6/000058/2022530-16-6_Halyomorpha_halys_000058_s58_ch0 — starting (embeddings)
332.7s - extractor 0: [285] Luke - External Data Sources/InsectSound1000/Halyomorpha_halys/2022530-16-6/000058/2022530-16-6_Halyomorpha_halys_000058_s45_ch0 — 1 cached label file(s) → embeddings (ident took 0.1s)
332.7s - extractor 0: [286] Luke - External Data Sources/InsectSound1000/Halyomorpha_halys/2022530-16-6/000061/2022530-16-6_Halyomorpha_halys_000061_s17_ch3 — starting (embeddings)
332.7s - extractor 1: [295] Luke - External Data Sources/InsectSound1000/Halyomorpha_halys/2022530-16-6/000058/2022530-16-6_Halyomorpha_halys_000058_s58_ch0 — 1 cached label file(s) → embeddings (ident took 0.1s)
332.7s - extractor 1: [296] Luke - External Data Sources/InsectSound1000/Halyomorpha_halys/2022530-16-6/000061/2022530-16-6_Halyomorpha_halys_000061_s19_ch3 — starting (embeddings)
332.8s - extractor 0: [286] Luke - External Data Sources/InsectSound1000/Halyomorpha_halys/2022530-16-6/000061/2022530-16-6_Halyomorpha_halys_000061_s17_ch3 — 1 cached label file(s) → embeddings (ident took 0.1s)
332.8s - extractor 0: [287] Luke - External Data Sources/InsectSound1000/Halyomorpha_halys/2022530-16-6/000061/2022530-16-6_Halyomorpha_halys_000061_s48_ch3 — starting (embeddings)
332.8s - extractor 1: [296] Luke - External Data Sources/InsectSound1000/Halyomorpha_halys/2022530-16-6/000061/2022530-16-6_Halyomorpha_halys_000061_s19_ch3 — 1 cached label file(s) → embeddings (ident took 0.1s)
332.8s - extractor 1: [297] Luke - External Data Sources/InsectSound1000/Halyomorpha_halys/2022531-16-10/000000/2022531-16-10_Halyomorpha_halys_000000_s1_ch0 — starting (embeddings)
332.9s - extractor 0: [287] Luke - External Data Sources/InsectSound1000/Halyomorpha_halys/2022530-16-6/000061/2022530-16-6_Halyomorpha_halys_000061_s48_ch3 — 1 cached label file(s) → embeddings (ident took 0.1s)
332.9s - extractor 0: [288] Luke - External Data Sources/InsectSound1000/Halyomorpha_halys/2022531-16-10/000001/2022531-16-10_Halyomorpha_halys_000001_s18_ch0 — starting (embeddings)
332.9s - extractor 1: [297] Luke - External Data Sources/InsectSound1000/Halyomorpha_halys/2022531-16-10/000000/2022531-16-10_Halyomorpha_halys_000000_s1_ch0 — 1 cached label file(s) → embeddings (ident took 0.1s)
332.9s - extractor 1: [298] Luke - External Data Sources/InsectSound1000/Halyomorpha_halys/2022531-16-10/000001/2022531-16-10_Halyomorpha_halys_000001_s21_ch0 — starting (embeddings)
333.0s - extractor 0: [288] Luke - External Data Sources/InsectSound1000/Halyomorpha_halys/2022531-16-10/000001/2022531-16-10_Halyomorpha_halys_000001_s18_ch0 — 1 cached label file(s) → embeddings (ident took 0.1s)
333.0s - extractor 0: [289] Luke - External Data Sources/InsectSound1000/Halyomorpha_halys/2022531-16-10/000001/2022531-16-10_Halyomorpha_halys_000001_s41_ch0 — starting (embeddings)
333.0s - extractor 1: [298] Luke - External Data Sources/InsectSound1000/Halyomorpha_halys/2022531-16-10/000001/2022531-16-10_Halyomorpha_halys_000001_s21_ch0 — 1 cached label file(s) → embeddings (ident took 0.1s)
333.0s - extractor 1: [299] Luke - External Data Sources/InsectSound1000/Halyomorpha_halys/2022531-16-10/000001/2022531-16-10_Halyomorpha_halys_000001_s7_ch0 — starting (embeddings)
333.0s - extractor 0: [289] Luke - External Data Sources/InsectSound1000/Halyomorpha_halys/2022531-16-10/000001/2022531-16-10_Halyomorpha_halys_000001_s41_ch0 — 1 cached label file(s) → embeddings (ident took 0.1s)
333.1s - extractor 0: [290] Luke - External Data Sources/InsectSound1000/Halyomorpha_halys/2022531-16-10/000001/2022531-16-10_Halyomorpha_halys_000001_s79_ch0 — starting (embeddings)
333.1s - extractor 1: [299] Luke - External Data Sources/InsectSound1000/Halyomorpha_halys/2022531-16-10/000001/2022531-16-10_Halyomorpha_halys_000001_s7_ch0 — 1 cached label file(s) → embeddings (ident took 0.1s)
333.1s - extractor 1: [300] Luke - External Data Sources/InsectSound1000/Halyomorpha_halys/2022531-16-10/000001/2022531-16-10_Halyomorpha_halys_000001_s82_ch0 — starting (embeddings)
333.1s - extractor 0: [290] Luke - External Data Sources/InsectSound1000/Halyomorpha_halys/2022531-16-10/000001/2022531-16-10_Halyomorpha_halys_000001_s79_ch0 — 1 cached label file(s) → embeddings (ident took 0.1s)
333.1s - extractor 0: [291] Luke - External Data Sources/InsectSound1000/Halyomorpha_halys/2022531-16-10/000001/2022531-16-10_Halyomorpha_halys_000001_s9_ch0 — starting (embeddings)
333.2s - extractor 1: [300] Luke - External Data Sources/InsectSound1000/Halyomorpha_halys/2022531-16-10/000001/2022531-16-10_Halyomorpha_halys_000001_s82_ch0 — 1 cached label file(s) → embeddings (ident took 0.1s)
333.2s - extractor 1: [301] Luke - External Data Sources/InsectSound1000/Halyomorpha_halys/202261-15-3/000000/202261-15-3_Halyomorpha_halys_000000_s8_ch0 — starting (embeddings)
333.2s - extractor 0: [291] Luke - External Data Sources/InsectSound1000/Halyomorpha_halys/2022531-16-10/000001/2022531-16-10_Halyomorpha_halys_000001_s9_ch0 — 1 cached label file(s) → embeddings (ident took 0.1s)
333.2s - extractor 0: [292] Luke - External Data Sources/InsectSound1000/Halyomorpha_halys/202261-15-3/000001/202261-15-3_Halyomorpha_halys_000001_s18_ch0 — starting (embeddings)
333.3s - extractor 1: [301] Luke - External Data Sources/InsectSound1000/Halyomorpha_halys/202261-15-3/000000/202261-15-3_Halyomorpha_halys_000000_s8_ch0 — 1 cached label file(s) → embeddings (ident took 0.1s)
333.3s - extractor 1: [302] Luke - External Data Sources/InsectSound1000/Halyomorpha_halys/202261-15-3/000001/202261-15-3_Halyomorpha_halys_000001_s32_ch0 — starting (embeddings)
333.3s - extractor 0: [292] Luke - External Data Sources/InsectSound1000/Halyomorpha_halys/202261-15-3/000001/202261-15-3_Halyomorpha_halys_000001_s18_ch0 — 1 cached label file(s) → embeddings (ident took 0.1s)
333.3s - extractor 0: [293] Luke - External Data Sources/InsectSound1000/Halyomorpha_halys/202261-15-3/000002/202261-15-3_Halyomorpha_halys_000002_s55_ch0 — starting (embeddings)
333.4s - extractor 1: [302] Luke - External Data Sources/InsectSound1000/Halyomorpha_halys/202261-15-3/000001/202261-15-3_Halyomorpha_halys_000001_s32_ch0 — 1 cached label file(s) → embeddings (ident took 0.1s)
333.4s - extractor 1: [303] Luke - External Data Sources/InsectSound1000/Halyomorpha_halys/202261-15-3/000005/202261-15-3_Halyomorpha_halys_000005_s2_ch0 — starting (embeddings)
333.4s - extractor 0: [293] Luke - External Data Sources/InsectSound1000/Halyomorpha_halys/202261-15-3/000002/202261-15-3_Halyomorpha_halys_000002_s55_ch0 — 1 cached label file(s) → embeddings (ident took 0.1s)
333.4s - extractor 0: [294] Luke - External Data Sources/InsectSound1000/Halyomorpha_halys/202261-15-3/000007/202261-15-3_Halyomorpha_halys_000007_s17_ch0 — starting (embeddings)
333.5s - extractor 1: [303] Luke - External Data Sources/InsectSound1000/Halyomorpha_halys/202261-15-3/000005/202261-15-3_Halyomorpha_halys_000005_s2_ch0 — 1 cached label file(s) → embeddings (ident took 0.1s)333.5s - extractor 0: [294] Luke - External Data Sources/InsectSound1000/Halyomorpha_halys/202261-15-3/000007/202261-15-3_Halyomorpha_halys_000007_s17_ch0 — 1 cached label file(s) → embeddings (ident took 0.1s)

333.5s - extractor 1: [304] Luke - External Data Sources/InsectSound1000/Halyomorpha_halys/202261-15-3/000009/202261-15-3_Halyomorpha_halys_000009_s49_ch0 — starting (embeddings)
333.5s - extractor 0: [295] Luke - External Data Sources/InsectSound1000/Halyomorpha_halys/202261-15-3/000009/202261-15-3_Halyomorpha_halys_000009_s57_ch0 — starting (embeddings)
333.6s - extractor 0: [295] Luke - External Data Sources/InsectSound1000/Halyomorpha_halys/202261-15-3/000009/202261-15-3_Halyomorpha_halys_000009_s57_ch0 — 1 cached label file(s) → embeddings (ident took 0.1s)
333.6s - extractor 1: [304] Luke - External Data Sources/InsectSound1000/Halyomorpha_halys/202261-15-3/000009/202261-15-3_Halyomorpha_halys_000009_s49_ch0 — 1 cached label file(s) → embeddings (ident took 0.1s)
333.6s - extractor 0: [296] Luke - External Data Sources/InsectSound1000/Halyomorpha_halys/202261-15-3/000013/202261-15-3_Halyomorpha_halys_000013_s28_ch0 — starting (embeddings)
333.6s - extractor 1: [305] Luke - External Data Sources/InsectSound1000/Halyomorpha_halys/202261-15-3/000014/202261-15-3_Halyomorpha_halys_000014_s11_ch1 — starting (embeddings)
333.7s - extractor 0: [296] Luke - External Data Sources/InsectSound1000/Halyomorpha_halys/202261-15-3/000013/202261-15-3_Halyomorpha_halys_000013_s28_ch0 — 1 cached label file(s) → embeddings (ident took 0.1s)333.7s - extractor 1: [305] Luke - External Data Sources/InsectSound1000/Halyomorpha_halys/202261-15-3/000014/202261-15-3_Halyomorpha_halys_000014_s11_ch1 — 1 cached label file(s) → embeddings (ident took 0.1s)

333.7s - extractor 0: [297] Luke - External Data Sources/InsectSound1000/Halyomorpha_halys/202261-15-3/000015/202261-15-3_Halyomorpha_halys_000015_s53_ch0 — starting (embeddings)333.7s - extractor 1: [306] Luke - External Data Sources/InsectSound1000/Halyomorpha_halys/202261-15-3/000017/202261-15-3_Halyomorpha_halys_000017_s8_ch0 — starting (embeddings)

333.8s - extractor 0: [297] Luke - External Data Sources/InsectSound1000/Halyomorpha_halys/202261-15-3/000015/202261-15-3_Halyomorpha_halys_000015_s53_ch0 — 1 cached label file(s) → embeddings (ident took 0.1s)
333.8s - extractor 0: [298] Luke - External Data Sources/InsectSound1000/Halyomorpha_halys/202261-15-3/000018/202261-15-3_Halyomorpha_halys_000018_s36_ch0 — starting (embeddings)
333.8s - extractor 1: [306] Luke - External Data Sources/InsectSound1000/Halyomorpha_halys/202261-15-3/000017/202261-15-3_Halyomorpha_halys_000017_s8_ch0 — 1 cached label file(s) → embeddings (ident took 0.1s)
333.8s - extractor 1: [307] Luke - External Data Sources/InsectSound1000/Halyomorpha_halys/202261-15-3/000019/202261-15-3_Halyomorpha_halys_000019_s59_ch0 — starting (embeddings)
333.9s - extractor 1: [307] Luke - External Data Sources/InsectSound1000/Halyomorpha_halys/202261-15-3/000019/202261-15-3_Halyomorpha_halys_000019_s59_ch0 — 1 cached label file(s) → embeddings (ident took 0.1s)
333.9s - extractor 1: [308] Luke - External Data Sources/InsectSound1000/Halyomorpha_halys/202261-15-3/000020/202261-15-3_Halyomorpha_halys_000020_s77_ch0 — starting (embeddings)
333.9s - extractor 0: [298] Luke - External Data Sources/InsectSound1000/Halyomorpha_halys/202261-15-3/000018/202261-15-3_Halyomorpha_halys_000018_s36_ch0 — 1 cached label file(s) → embeddings (ident took 0.1s)
333.9s - extractor 0: [299] Luke - External Data Sources/InsectSound1000/Halyomorpha_halys/202261-15-3/000021/202261-15-3_Halyomorpha_halys_000021_s11_ch0 — starting (embeddings)
334.0s - extractor 0: [299] Luke - External Data Sources/InsectSound1000/Halyomorpha_halys/202261-15-3/000021/202261-15-3_Halyomorpha_halys_000021_s11_ch0 — 1 cached label file(s) → embeddings (ident took 0.1s)334.0s - extractor 1: [308] Luke - External Data Sources/InsectSound1000/Halyomorpha_halys/202261-15-3/000020/202261-15-3_Halyomorpha_halys_000020_s77_ch0 — 1 cached label file(s) → embeddings (ident took 0.1s)

334.0s - extractor 0: [300] Luke - External Data Sources/InsectSound1000/Halyomorpha_halys/202261-15-3/000024/202261-15-3_Halyomorpha_halys_000024_s15_ch1 — starting (embeddings)334.0s - extractor 1: [309] Luke - External Data Sources/InsectSound1000/Halyomorpha_halys/202261-15-3/000028/202261-15-3_Halyomorpha_halys_000028_s7_ch1 — starting (embeddings)

334.1s - extractor 0: [300] Luke - External Data Sources/InsectSound1000/Halyomorpha_halys/202261-15-3/000024/202261-15-3_Halyomorpha_halys_000024_s15_ch1 — 1 cached label file(s) → embeddings (ident took 0.1s)
334.1s - extractor 1: [309] Luke - External Data Sources/InsectSound1000/Halyomorpha_halys/202261-15-3/000028/202261-15-3_Halyomorpha_halys_000028_s7_ch1 — 1 cached label file(s) → embeddings (ident took 0.1s)
334.1s - extractor 0: [301] Luke - External Data Sources/InsectSound1000/Halyomorpha_halys/202261-15-3/000029/202261-15-3_Halyomorpha_halys_000029_s11_ch0 — starting (embeddings)334.1s - extractor 1: [310] Luke - External Data Sources/InsectSound1000/Halyomorpha_halys/202261-15-3/000029/202261-15-3_Halyomorpha_halys_000029_s14_ch0 — starting (embeddings)

334.2s - extractor 0: [301] Luke - External Data Sources/InsectSound1000/Halyomorpha_halys/202261-15-3/000029/202261-15-3_Halyomorpha_halys_000029_s11_ch0 — 1 cached label file(s) → embeddings (ident took 0.1s)
334.2s - extractor 0: [302] Luke - External Data Sources/InsectSound1000/Halyomorpha_halys/202261-15-3/000033/202261-15-3_Halyomorpha_halys_000033_s23_ch3 — starting (embeddings)
334.2s - extractor 1: [310] Luke - External Data Sources/InsectSound1000/Halyomorpha_halys/202261-15-3/000029/202261-15-3_Halyomorpha_halys_000029_s14_ch0 — 1 cached label file(s) → embeddings (ident took 0.1s)
334.2s - extractor 1: [311] Luke - External Data Sources/InsectSound1000/Halyomorpha_halys/202261-15-3/000050/202261-15-3_Halyomorpha_halys_000050_s12_ch0 — starting (embeddings)
334.3s - extractor 0: [302] Luke - External Data Sources/InsectSound1000/Halyomorpha_halys/202261-15-3/000033/202261-15-3_Halyomorpha_halys_000033_s23_ch3 — 1 cached label file(s) → embeddings (ident took 0.1s)
334.3s - extractor 1: [311] Luke - External Data Sources/InsectSound1000/Halyomorpha_halys/202261-15-3/000050/202261-15-3_Halyomorpha_halys_000050_s12_ch0 — 1 cached label file(s) → embeddings (ident took 0.1s)
334.3s - extractor 0: [303] Luke - External Data Sources/InsectSound1000/Halyomorpha_halys/202261-15-3/000050/202261-15-3_Halyomorpha_halys_000050_s36_ch0 — starting (embeddings)
334.3s - extractor 1: [312] Luke - External Data Sources/InsectSound1000/Halyomorpha_halys/202261-15-3/000051/202261-15-3_Halyomorpha_halys_000051_s58_ch0 — starting (embeddings)
334.4s - extractor 0: [303] Luke - External Data Sources/InsectSound1000/Halyomorpha_halys/202261-15-3/000050/202261-15-3_Halyomorpha_halys_000050_s36_ch0 — 1 cached label file(s) → embeddings (ident took 0.1s)
334.4s - extractor 0: [304] Luke - External Data Sources/InsectSound1000/Halyomorpha_halys/202261-15-3/000056/202261-15-3_Halyomorpha_halys_000056_s69_ch0 — starting (embeddings)
334.4s - extractor 1: [312] Luke - External Data Sources/InsectSound1000/Halyomorpha_halys/202261-15-3/000051/202261-15-3_Halyomorpha_halys_000051_s58_ch0 — 1 cached label file(s) → embeddings (ident took 0.1s)
334.4s - extractor 1: [313] Luke - External Data Sources/InsectSound1000/Halyomorpha_halys/202261-15-3/000058/202261-15-3_Halyomorpha_halys_000058_s2_ch0 — starting (embeddings)
334.5s - extractor 1: [313] Luke - External Data Sources/InsectSound1000/Halyomorpha_halys/202261-15-3/000058/202261-15-3_Halyomorpha_halys_000058_s2_ch0 — 1 cached label file(s) → embeddings (ident took 0.1s)334.5s - extractor 0: [304] Luke - External Data Sources/InsectSound1000/Halyomorpha_halys/202261-15-3/000056/202261-15-3_Halyomorpha_halys_000056_s69_ch0 — 1 cached label file(s) → embeddings (ident took 0.1s)

334.5s - extractor 1: [314] Luke - External Data Sources/InsectSound1000/Nezara_viridula/2022511-18-10/000018/2022511-18-10_Nezara_viridula_000018_s76_ch0 — starting (embeddings)334.5s - extractor 0: [305] Luke - External Data Sources/InsectSound1000/Nezara_viridula/2022511-18-10/000023/2022511-18-10_Nezara_viridula_000023_s150_ch2 — starting (embeddings)

334.6s - extractor 0: [305] Luke - External Data Sources/InsectSound1000/Nezara_viridula/2022511-18-10/000023/2022511-18-10_Nezara_viridula_000023_s150_ch2 — 1 cached label file(s) → embeddings (ident took 0.1s)
334.6s - extractor 1: [314] Luke - External Data Sources/InsectSound1000/Nezara_viridula/2022511-18-10/000018/2022511-18-10_Nezara_viridula_000018_s76_ch0 — 1 cached label file(s) → embeddings (ident took 0.1s)
334.6s - extractor 0: [306] Luke - External Data Sources/InsectSound1000/Nezara_viridula/2022511-18-10/000023/2022511-18-10_Nezara_viridula_000023_s160_ch2 — starting (embeddings)
334.6s - extractor 1: [315] Luke - External Data Sources/InsectSound1000/Nezara_viridula/2022511-18-10/000023/2022511-18-10_Nezara_viridula_000023_s29_ch2 — starting (embeddings)
334.7s - extractor 1: [315] Luke - External Data Sources/InsectSound1000/Nezara_viridula/2022511-18-10/000023/2022511-18-10_Nezara_viridula_000023_s29_ch2 — 1 cached label file(s) → embeddings (ident took 0.1s)
334.7s - extractor 0: [306] Luke - External Data Sources/InsectSound1000/Nezara_viridula/2022511-18-10/000023/2022511-18-10_Nezara_viridula_000023_s160_ch2 — 1 cached label file(s) → embeddings (ident took 0.1s)
334.7s - extractor 1: [316] Luke - External Data Sources/InsectSound1000/Nezara_viridula/2022511-18-10/000023/2022511-18-10_Nezara_viridula_000023_s68_ch2 — starting (embeddings)
334.7s - extractor 0: [307] Luke - External Data Sources/InsectSound1000/Nezara_viridula/2022511-18-10/000024/2022511-18-10_Nezara_viridula_000024_s116_ch2 — starting (embeddings)
334.8s - extractor 1: [316] Luke - External Data Sources/InsectSound1000/Nezara_viridula/2022511-18-10/000023/2022511-18-10_Nezara_viridula_000023_s68_ch2 — 1 cached label file(s) → embeddings (ident took 0.1s)
334.8s - extractor 0: [307] Luke - External Data Sources/InsectSound1000/Nezara_viridula/2022511-18-10/000024/2022511-18-10_Nezara_viridula_000024_s116_ch2 — 1 cached label file(s) → embeddings (ident took 0.1s)
334.8s - extractor 1: [317] Luke - External Data Sources/InsectSound1000/Nezara_viridula/2022511-18-10/000025/2022511-18-10_Nezara_viridula_000025_s61_ch0 — starting (embeddings)
334.8s - extractor 0: [308] Luke - External Data Sources/InsectSound1000/Nezara_viridula/2022511-18-10/000025/2022511-18-10_Nezara_viridula_000025_s62_ch0 — starting (embeddings)
334.9s - extractor 0: [308] Luke - External Data Sources/InsectSound1000/Nezara_viridula/2022511-18-10/000025/2022511-18-10_Nezara_viridula_000025_s62_ch0 — 1 cached label file(s) → embeddings (ident took 0.1s)
334.9s - extractor 1: [317] Luke - External Data Sources/InsectSound1000/Nezara_viridula/2022511-18-10/000025/2022511-18-10_Nezara_viridula_000025_s61_ch0 — 1 cached label file(s) → embeddings (ident took 0.1s)
334.9s - extractor 0: [309] Luke - External Data Sources/InsectSound1000/Nezara_viridula/2022511-18-10/000032/2022511-18-10_Nezara_viridula_000032_s40_ch1 — starting (embeddings)
334.9s - extractor 1: [318] Luke - External Data Sources/InsectSound1000/Nezara_viridula/2022511-18-10/000034/2022511-18-10_Nezara_viridula_000034_s38_ch0 — starting (embeddings)
335.0s - extractor 1: [318] Luke - External Data Sources/InsectSound1000/Nezara_viridula/2022511-18-10/000034/2022511-18-10_Nezara_viridula_000034_s38_ch0 — 1 cached label file(s) → embeddings (ident took 0.1s)
335.0s - extractor 0: [309] Luke - External Data Sources/InsectSound1000/Nezara_viridula/2022511-18-10/000032/2022511-18-10_Nezara_viridula_000032_s40_ch1 — 1 cached label file(s) → embeddings (ident took 0.1s)
335.0s - extractor 0: [310] Luke - External Data Sources/InsectSound1000/Nezara_viridula/2022511-18-10/000036/2022511-18-10_Nezara_viridula_000036_s87_ch0 — starting (embeddings)335.0s - extractor 1: [319] Luke - External Data Sources/InsectSound1000/Nezara_viridula/2022511-18-10/000036/2022511-18-10_Nezara_viridula_000036_s155_ch0 — starting (embeddings)

335.1s - extractor 0: [310] Luke - External Data Sources/InsectSound1000/Nezara_viridula/2022511-18-10/000036/2022511-18-10_Nezara_viridula_000036_s87_ch0 — 1 cached label file(s) → embeddings (ident took 0.1s)335.1s - extractor 1: [319] Luke - External Data Sources/InsectSound1000/Nezara_viridula/2022511-18-10/000036/2022511-18-10_Nezara_viridula_000036_s155_ch0 — 1 cached label file(s) → embeddings (ident took 0.1s)

335.1s - extractor 1: [320] Luke - External Data Sources/InsectSound1000/Nezara_viridula/2022511-18-10/000050/2022511-18-10_Nezara_viridula_000050_s100_ch0 — starting (embeddings)335.1s - extractor 0: [311] Luke - External Data Sources/InsectSound1000/Nezara_viridula/2022511-18-10/000048/2022511-18-10_Nezara_viridula_000048_s56_ch0 — starting (embeddings)

335.2s - extractor 0: [311] Luke - External Data Sources/InsectSound1000/Nezara_viridula/2022511-18-10/000048/2022511-18-10_Nezara_viridula_000048_s56_ch0 — 1 cached label file(s) → embeddings (ident took 0.1s)335.2s - extractor 1: [320] Luke - External Data Sources/InsectSound1000/Nezara_viridula/2022511-18-10/000050/2022511-18-10_Nezara_viridula_000050_s100_ch0 — 1 cached label file(s) → embeddings (ident took 0.1s)

335.2s - extractor 0: [312] Luke - External Data Sources/InsectSound1000/Nezara_viridula/2022511-18-10/000050/2022511-18-10_Nezara_viridula_000050_s37_ch0 — starting (embeddings)335.2s - extractor 1: [321] Luke - External Data Sources/InsectSound1000/Nezara_viridula/2022511-18-10/000050/2022511-18-10_Nezara_viridula_000050_s38_ch0 — starting (embeddings)

335.3s - extractor 1: [321] Luke - External Data Sources/InsectSound1000/Nezara_viridula/2022511-18-10/000050/2022511-18-10_Nezara_viridula_000050_s38_ch0 — 1 cached label file(s) → embeddings (ident took 0.1s)335.3s - extractor 0: [312] Luke - External Data Sources/InsectSound1000/Nezara_viridula/2022511-18-10/000050/2022511-18-10_Nezara_viridula_000050_s37_ch0 — 1 cached label file(s) → embeddings (ident took 0.1s)

335.3s - extractor 1: [322] Luke - External Data Sources/InsectSound1000/Nezara_viridula/2022511-18-10/000051/2022511-18-10_Nezara_viridula_000051_s33_ch0 — starting (embeddings)335.3s - extractor 0: [313] Luke - External Data Sources/InsectSound1000/Nezara_viridula/2022511-18-10/000050/2022511-18-10_Nezara_viridula_000050_s58_ch0 — starting (embeddings)

335.4s - extractor 0: [313] Luke - External Data Sources/InsectSound1000/Nezara_viridula/2022511-18-10/000050/2022511-18-10_Nezara_viridula_000050_s58_ch0 — 1 cached label file(s) → embeddings (ident took 0.1s)335.4s - extractor 1: [322] Luke - External Data Sources/InsectSound1000/Nezara_viridula/2022511-18-10/000051/2022511-18-10_Nezara_viridula_000051_s33_ch0 — 1 cached label file(s) → embeddings (ident took 0.1s)

335.4s - extractor 0: [314] Luke - External Data Sources/InsectSound1000/Nezara_viridula/2022512-17-17/000000/2022512-17-17_Nezara_viridula_000000_s52_ch0 — starting (embeddings)335.4s - extractor 1: [323] Luke - External Data Sources/InsectSound1000/Nezara_viridula/2022512-17-17/000000/2022512-17-17_Nezara_viridula_000000_s58_ch0 — starting (embeddings)

335.5s - extractor 1: [323] Luke - External Data Sources/InsectSound1000/Nezara_viridula/2022512-17-17/000000/2022512-17-17_Nezara_viridula_000000_s58_ch0 — 1 cached label file(s) → embeddings (ident took 0.1s)
335.5s - extractor 0: [314] Luke - External Data Sources/InsectSound1000/Nezara_viridula/2022512-17-17/000000/2022512-17-17_Nezara_viridula_000000_s52_ch0 — 1 cached label file(s) → embeddings (ident took 0.1s)
335.5s - extractor 1: [324] Luke - External Data Sources/InsectSound1000/Nezara_viridula/2022512-17-17/000002/2022512-17-17_Nezara_viridula_000002_s124_ch3 — starting (embeddings)
335.5s - extractor 0: [315] Luke - External Data Sources/InsectSound1000/Nezara_viridula/2022512-17-17/000013/2022512-17-17_Nezara_viridula_000013_s21_ch1 — starting (embeddings)
335.6s - extractor 0: [315] Luke - External Data Sources/InsectSound1000/Nezara_viridula/2022512-17-17/000013/2022512-17-17_Nezara_viridula_000013_s21_ch1 — 1 cached label file(s) → embeddings (ident took 0.1s)
335.6s - extractor 1: [324] Luke - External Data Sources/InsectSound1000/Nezara_viridula/2022512-17-17/000002/2022512-17-17_Nezara_viridula_000002_s124_ch3 — 1 cached label file(s) → embeddings (ident took 0.1s)
335.6s - extractor 0: [316] Luke - External Data Sources/InsectSound1000/Nezara_viridula/2022512-17-17/000015/2022512-17-17_Nezara_viridula_000015_s110_ch0 — starting (embeddings)
335.6s - extractor 1: [325] Luke - External Data Sources/InsectSound1000/Nezara_viridula/2022512-17-17/000018/2022512-17-17_Nezara_viridula_000018_s139_ch0 — starting (embeddings)
335.7s - extractor 1: [325] Luke - External Data Sources/InsectSound1000/Nezara_viridula/2022512-17-17/000018/2022512-17-17_Nezara_viridula_000018_s139_ch0 — 1 cached label file(s) → embeddings (ident took 0.1s)
335.7s - extractor 0: [316] Luke - External Data Sources/InsectSound1000/Nezara_viridula/2022512-17-17/000015/2022512-17-17_Nezara_viridula_000015_s110_ch0 — 1 cached label file(s) → embeddings (ident took 0.1s)
335.7s - extractor 0: [317] Luke - External Data Sources/InsectSound1000/Nezara_viridula/2022512-17-17/000031/2022512-17-17_Nezara_viridula_000031_s19_ch0 — starting (embeddings)335.7s - extractor 1: [326] Luke - External Data Sources/InsectSound1000/Nezara_viridula/2022512-17-17/000028/2022512-17-17_Nezara_viridula_000028_s138_ch0 — starting (embeddings)

335.8s - extractor 0: [317] Luke - External Data Sources/InsectSound1000/Nezara_viridula/2022512-17-17/000031/2022512-17-17_Nezara_viridula_000031_s19_ch0 — 1 cached label file(s) → embeddings (ident took 0.1s)
335.8s - extractor 1: [326] Luke - External Data Sources/InsectSound1000/Nezara_viridula/2022512-17-17/000028/2022512-17-17_Nezara_viridula_000028_s138_ch0 — 1 cached label file(s) → embeddings (ident took 0.1s)
335.8s - extractor 0: [318] Luke - External Data Sources/InsectSound1000/Nezara_viridula/2022512-17-17/000039/2022512-17-17_Nezara_viridula_000039_s43_ch0 — starting (embeddings)
335.8s - extractor 1: [327] Luke - External Data Sources/InsectSound1000/Nezara_viridula/2022512-17-17/000040/2022512-17-17_Nezara_viridula_000040_s17_ch0 — starting (embeddings)
335.8s - extractor 1: [327] Luke - External Data Sources/InsectSound1000/Nezara_viridula/2022512-17-17/000040/2022512-17-17_Nezara_viridula_000040_s17_ch0 — 1 cached label file(s) → embeddings (ident took 0.1s)
335.9s - extractor 0: [318] Luke - External Data Sources/InsectSound1000/Nezara_viridula/2022512-17-17/000039/2022512-17-17_Nezara_viridula_000039_s43_ch0 — 1 cached label file(s) → embeddings (ident took 0.1s)
335.9s - extractor 1: [328] Luke - External Data Sources/InsectSound1000/Nezara_viridula/2022523-16-40/000004/2022523-16-40_Nezara_viridula_000004_s16_ch0 — starting (embeddings)
335.9s - extractor 0: [319] Luke - External Data Sources/InsectSound1000/Nezara_viridula/2022523-16-40/000005/2022523-16-40_Nezara_viridula_000005_s10_ch0 — starting (embeddings)
336.0s - extractor 1: [328] Luke - External Data Sources/InsectSound1000/Nezara_viridula/2022523-16-40/000004/2022523-16-40_Nezara_viridula_000004_s16_ch0 — 1 cached label file(s) → embeddings (ident took 0.1s)
336.0s - extractor 1: [329] Luke - External Data Sources/InsectSound1000/Nezara_viridula/2022523-16-40/000010/2022523-16-40_Nezara_viridula_000010_s10_ch1 — starting (embeddings)
336.0s - extractor 0: [319] Luke - External Data Sources/InsectSound1000/Nezara_viridula/2022523-16-40/000005/2022523-16-40_Nezara_viridula_000005_s10_ch0 — 1 cached label file(s) → embeddings (ident took 0.1s)
336.0s - extractor 0: [320] Luke - External Data Sources/InsectSound1000/Nezara_viridula/2022523-16-40/000010/2022523-16-40_Nezara_viridula_000010_s11_ch1 — starting (embeddings)
336.1s - extractor 1: [329] Luke - External Data Sources/InsectSound1000/Nezara_viridula/2022523-16-40/000010/2022523-16-40_Nezara_viridula_000010_s10_ch1 — 1 cached label file(s) → embeddings (ident took 0.1s)
336.1s - extractor 1: [330] Luke - External Data Sources/InsectSound1000/Nezara_viridula/2022523-16-40/000010/2022523-16-40_Nezara_viridula_000010_s12_ch1 — starting (embeddings)
336.1s - extractor 0: [320] Luke - External Data Sources/InsectSound1000/Nezara_viridula/2022523-16-40/000010/2022523-16-40_Nezara_viridula_000010_s11_ch1 — 1 cached label file(s) → embeddings (ident took 0.1s)
336.1s - extractor 0: [321] Luke - External Data Sources/InsectSound1000/Nezara_viridula/2022523-16-40/000010/2022523-16-40_Nezara_viridula_000010_s13_ch1 — starting (embeddings)
336.2s - extractor 1: [330] Luke - External Data Sources/InsectSound1000/Nezara_viridula/2022523-16-40/000010/2022523-16-40_Nezara_viridula_000010_s12_ch1 — 1 cached label file(s) → embeddings (ident took 0.1s)
336.2s - extractor 1: [331] Luke - External Data Sources/InsectSound1000/Nezara_viridula/2022523-16-40/000010/2022523-16-40_Nezara_viridula_000010_s15_ch1 — starting (embeddings)
336.2s - extractor 0: [321] Luke - External Data Sources/InsectSound1000/Nezara_viridula/2022523-16-40/000010/2022523-16-40_Nezara_viridula_000010_s13_ch1 — 1 cached label file(s) → embeddings (ident took 0.1s)
336.2s - extractor 0: [322] Luke - External Data Sources/InsectSound1000/Nezara_viridula/2022523-16-40/000010/2022523-16-40_Nezara_viridula_000010_s3_ch1 — starting (embeddings)
336.2s - extractor 1: [331] Luke - External Data Sources/InsectSound1000/Nezara_viridula/2022523-16-40/000010/2022523-16-40_Nezara_viridula_000010_s15_ch1 — 1 cached label file(s) → embeddings (ident took 0.1s)
336.2s - extractor 1: [332] Luke - External Data Sources/InsectSound1000/Nezara_viridula/2022523-16-40/000010/2022523-16-40_Nezara_viridula_000010_s65_ch1 — starting (embeddings)
336.3s - extractor 0: [322] Luke - External Data Sources/InsectSound1000/Nezara_viridula/2022523-16-40/000010/2022523-16-40_Nezara_viridula_000010_s3_ch1 — 2 cached label file(s) → embeddings (ident took 0.2s)
336.3s - extractor 1: [332] Luke - External Data Sources/InsectSound1000/Nezara_viridula/2022523-16-40/000010/2022523-16-40_Nezara_viridula_000010_s65_ch1 — 1 cached label file(s) → embeddings (ident took 0.1s)
336.3s - extractor 0: [323] Luke - External Data Sources/InsectSound1000/Nezara_viridula/2022523-16-40/000010/2022523-16-40_Nezara_viridula_000010_s66_ch1 — starting (embeddings)
336.3s - extractor 1: [333] Luke - External Data Sources/InsectSound1000/Nezara_viridula/2022523-16-40/000010/2022523-16-40_Nezara_viridula_000010_s67_ch1 — starting (embeddings)
336.4s - extractor 0: [323] Luke - External Data Sources/InsectSound1000/Nezara_viridula/2022523-16-40/000010/2022523-16-40_Nezara_viridula_000010_s66_ch1 — 1 cached label file(s) → embeddings (ident took 0.1s)
336.4s - extractor 0: [324] Luke - External Data Sources/InsectSound1000/Nezara_viridula/2022523-16-40/000010/2022523-16-40_Nezara_viridula_000010_s7_ch1 — starting (embeddings)
336.5s - extractor 1: [333] Luke - External Data Sources/InsectSound1000/Nezara_viridula/2022523-16-40/000010/2022523-16-40_Nezara_viridula_000010_s67_ch1 — 2 cached label file(s) → embeddings (ident took 0.2s)
336.5s - extractor 1: [334] Luke - External Data Sources/InsectSound1000/Nezara_viridula/2022523-16-40/000010/2022523-16-40_Nezara_viridula_000010_s79_ch1 — starting (embeddings)
336.5s - extractor 0: [324] Luke - External Data Sources/InsectSound1000/Nezara_viridula/2022523-16-40/000010/2022523-16-40_Nezara_viridula_000010_s7_ch1 — 1 cached label file(s) → embeddings (ident took 0.1s)
336.5s - extractor 0: [325] Luke - External Data Sources/InsectSound1000/Nezara_viridula/2022523-16-40/000010/2022523-16-40_Nezara_viridula_000010_s8_ch1 — starting (embeddings)
336.6s - extractor 0: [325] Luke - External Data Sources/InsectSound1000/Nezara_viridula/2022523-16-40/000010/2022523-16-40_Nezara_viridula_000010_s8_ch1 — 1 cached label file(s) → embeddings (ident took 0.1s)336.6s - extractor 1: [334] Luke - External Data Sources/InsectSound1000/Nezara_viridula/2022523-16-40/000010/2022523-16-40_Nezara_viridula_000010_s79_ch1 — 1 cached label file(s) → embeddings (ident took 0.1s)

336.6s - extractor 0: [326] Luke - External Data Sources/InsectSound1000/Nezara_viridula/2022523-16-40/000010/2022523-16-40_Nezara_viridula_000010_s9_ch1 — starting (embeddings)336.6s - extractor 1: [335] Luke - External Data Sources/InsectSound1000/Nezara_viridula/2022523-16-40/000019/2022523-16-40_Nezara_viridula_000019_s4_ch0 — starting (embeddings)

336.7s - extractor 1: [335] Luke - External Data Sources/InsectSound1000/Nezara_viridula/2022523-16-40/000019/2022523-16-40_Nezara_viridula_000019_s4_ch0 — 1 cached label file(s) → embeddings (ident took 0.1s)336.7s - extractor 0: [326] Luke - External Data Sources/InsectSound1000/Nezara_viridula/2022523-16-40/000010/2022523-16-40_Nezara_viridula_000010_s9_ch1 — 1 cached label file(s) → embeddings (ident took 0.1s)

336.7s - extractor 0: [327] Luke - External Data Sources/InsectSound1000/Nezara_viridula/2022523-16-40/000032/2022523-16-40_Nezara_viridula_000032_s11_ch3 — starting (embeddings)
336.7s - extractor 1: [336] Luke - External Data Sources/InsectSound1000/Nezara_viridula/2022523-16-40/000026/2022523-16-40_Nezara_viridula_000026_s63_ch0 — starting (embeddings)
336.8s - extractor 0: [327] Luke - External Data Sources/InsectSound1000/Nezara_viridula/2022523-16-40/000032/2022523-16-40_Nezara_viridula_000032_s11_ch3 — 1 cached label file(s) → embeddings (ident took 0.1s)
336.8s - extractor 1: [336] Luke - External Data Sources/InsectSound1000/Nezara_viridula/2022523-16-40/000026/2022523-16-40_Nezara_viridula_000026_s63_ch0 — 1 cached label file(s) → embeddings (ident took 0.1s)
336.8s - extractor 0: [328] Luke - External Data Sources/InsectSound1000/Nezara_viridula/2022523-16-40/000066/2022523-16-40_Nezara_viridula_000066_s16_ch0 — starting (embeddings)
336.8s - extractor 1: [337] Luke - External Data Sources/InsectSound1000/Nezara_viridula/2022523-16-40/000066/2022523-16-40_Nezara_viridula_000066_s17_ch0 — starting (embeddings)
336.9s - extractor 0: [328] Luke - External Data Sources/InsectSound1000/Nezara_viridula/2022523-16-40/000066/2022523-16-40_Nezara_viridula_000066_s16_ch0 — 1 cached label file(s) → embeddings (ident took 0.1s)
336.9s - extractor 1: [337] Luke - External Data Sources/InsectSound1000/Nezara_viridula/2022523-16-40/000066/2022523-16-40_Nezara_viridula_000066_s17_ch0 — 1 cached label file(s) → embeddings (ident took 0.1s)
336.9s - extractor 0: [329] Luke - External Data Sources/InsectSound1000/Nezara_viridula/2022523-16-40/000066/2022523-16-40_Nezara_viridula_000066_s20_ch0 — starting (embeddings)
336.9s - extractor 1: [338] Luke - External Data Sources/InsectSound1000/Nezara_viridula/2022523-16-40/000066/2022523-16-40_Nezara_viridula_000066_s21_ch0 — starting (embeddings)
337.0s - extractor 0: [329] Luke - External Data Sources/InsectSound1000/Nezara_viridula/2022523-16-40/000066/2022523-16-40_Nezara_viridula_000066_s20_ch0 — 1 cached label file(s) → embeddings (ident took 0.1s)
337.0s - extractor 1: [338] Luke - External Data Sources/InsectSound1000/Nezara_viridula/2022523-16-40/000066/2022523-16-40_Nezara_viridula_000066_s21_ch0 — 1 cached label file(s) → embeddings (ident took 0.1s)
337.0s - extractor 0: [330] Luke - External Data Sources/InsectSound1000/Nezara_viridula/2022523-16-40/000066/2022523-16-40_Nezara_viridula_000066_s22_ch0 — starting (embeddings)337.0s - extractor 1: [339] Luke - External Data Sources/InsectSound1000/Nezara_viridula/2022523-16-40/000066/2022523-16-40_Nezara_viridula_000066_s25_ch0 — starting (embeddings)

337.1s - extractor 0: [330] Luke - External Data Sources/InsectSound1000/Nezara_viridula/2022523-16-40/000066/2022523-16-40_Nezara_viridula_000066_s22_ch0 — 1 cached label file(s) → embeddings (ident took 0.1s)
337.1s - extractor 1: [339] Luke - External Data Sources/InsectSound1000/Nezara_viridula/2022523-16-40/000066/2022523-16-40_Nezara_viridula_000066_s25_ch0 — 1 cached label file(s) → embeddings (ident took 0.1s)
337.1s - extractor 0: [331] Luke - External Data Sources/InsectSound1000/Nezara_viridula/2022523-16-40/000066/2022523-16-40_Nezara_viridula_000066_s33_ch0 — starting (embeddings)337.1s - extractor 1: [340] Luke - External Data Sources/InsectSound1000/Nezara_viridula/2022523-16-40/000066/2022523-16-40_Nezara_viridula_000066_s34_ch0 — starting (embeddings)

337.2s - extractor 0: [331] Luke - External Data Sources/InsectSound1000/Nezara_viridula/2022523-16-40/000066/2022523-16-40_Nezara_viridula_000066_s33_ch0 — 1 cached label file(s) → embeddings (ident took 0.1s)
337.2s - extractor 0: [332] Luke - External Data Sources/InsectSound1000/Nezara_viridula/2022613-16-53/000025/2022613-16-53_Nezara_viridula_000025_s7_ch1 — starting (embeddings)
337.3s - extractor 1: [340] Luke - External Data Sources/InsectSound1000/Nezara_viridula/2022523-16-40/000066/2022523-16-40_Nezara_viridula_000066_s34_ch0 — 2 cached label file(s) → embeddings (ident took 0.2s)
337.3s - extractor 1: [341] Luke - External Data Sources/InsectSound1000/Nezara_viridula/2022613-16-53/000055/2022613-16-53_Nezara_viridula_000055_s122_ch0 — starting (embeddings)
337.3s - extractor 0: [332] Luke - External Data Sources/InsectSound1000/Nezara_viridula/2022613-16-53/000025/2022613-16-53_Nezara_viridula_000025_s7_ch1 — 1 cached label file(s) → embeddings (ident took 0.1s)
337.3s - extractor 0: [333] Luke - External Data Sources/InsectSound1000/Nezara_viridula/2022613-16-53/000057/2022613-16-53_Nezara_viridula_000057_s6_ch0 — starting (embeddings)
337.4s - extractor 0: [333] Luke - External Data Sources/InsectSound1000/Nezara_viridula/2022613-16-53/000057/2022613-16-53_Nezara_viridula_000057_s6_ch0 — 1 cached label file(s) → embeddings (ident took 0.1s)337.4s - extractor 1: [341] Luke - External Data Sources/InsectSound1000/Nezara_viridula/2022613-16-53/000055/2022613-16-53_Nezara_viridula_000055_s122_ch0 — 1 cached label file(s) → embeddings (ident took 0.1s)

337.4s - extractor 0: [334] Luke - External Data Sources/InsectSound1000/Nezara_viridula/2022614-15-44/000033/2022614-15-44_Nezara_viridula_000033_s9_ch0 — starting (embeddings)337.4s - extractor 1: [342] Luke - External Data Sources/InsectSound1000/Nezara_viridula/202262-15-28/000008/202262-15-28_Nezara_viridula_000008_s64_ch0 — starting (embeddings)

337.5s - extractor 1: [342] Luke - External Data Sources/InsectSound1000/Nezara_viridula/202262-15-28/000008/202262-15-28_Nezara_viridula_000008_s64_ch0 — 1 cached label file(s) → embeddings (ident took 0.1s)337.5s - extractor 0: [334] Luke - External Data Sources/InsectSound1000/Nezara_viridula/2022614-15-44/000033/2022614-15-44_Nezara_viridula_000033_s9_ch0 — 1 cached label file(s) → embeddings (ident took 0.1s)

337.5s - extractor 1: [343] Luke - External Data Sources/InsectSound1000/Nezara_viridula/202262-15-28/000009/202262-15-28_Nezara_viridula_000009_s26_ch3 — starting (embeddings)337.5s - extractor 0: [335] Luke - External Data Sources/InsectSound1000/Nezara_viridula/202262-15-28/000015/202262-15-28_Nezara_viridula_000015_s32_ch0 — starting (embeddings)

337.6s - extractor 0: [335] Luke - External Data Sources/InsectSound1000/Nezara_viridula/202262-15-28/000015/202262-15-28_Nezara_viridula_000015_s32_ch0 — 1 cached label file(s) → embeddings (ident took 0.1s)
337.6s - extractor 1: [343] Luke - External Data Sources/InsectSound1000/Nezara_viridula/202262-15-28/000009/202262-15-28_Nezara_viridula_000009_s26_ch3 — 1 cached label file(s) → embeddings (ident took 0.1s)
337.6s - extractor 0: [336] Luke - External Data Sources/InsectSound1000/Palomena_prasina/2022811-16-28/000016/2022811-16-28_Palomena_prasina_000016_s68_ch2 — starting (embeddings)
337.6s - extractor 1: [344] Luke - External Data Sources/InsectSound1000/Palomena_prasina/2022811-16-28/000060/2022811-16-28_Palomena_prasina_000060_s19_ch0 — starting (embeddings)
337.7s - extractor 0: [336] Luke - External Data Sources/InsectSound1000/Palomena_prasina/2022811-16-28/000016/2022811-16-28_Palomena_prasina_000016_s68_ch2 — 1 cached label file(s) → embeddings (ident took 0.1s)
337.7s - extractor 0: [337] Luke - External Data Sources/InsectSound1000/Palomena_prasina/2022815-16-45/000043/2022815-16-45_Palomena_prasina_000043_s16_ch3 — starting (embeddings)
337.8s - extractor 0: [337] Luke - External Data Sources/InsectSound1000/Palomena_prasina/2022815-16-45/000043/2022815-16-45_Palomena_prasina_000043_s16_ch3 — 1 cached label file(s) → embeddings (ident took 0.1s)
337.8s - extractor 1: [344] Luke - External Data Sources/InsectSound1000/Palomena_prasina/2022811-16-28/000060/2022811-16-28_Palomena_prasina_000060_s19_ch0 — 2 cached label file(s) → embeddings (ident took 0.2s)
337.8s - extractor 0: [338] Luke - External Data Sources/InsectSound1000/Rhaphigaster_nebulos/2023104-16-43/000059/2023104-16-43_Rhaphigaster_nebulos_000059_s73_ch0 — starting (embeddings)
337.8s - extractor 1: [345] Luke - External Data Sources/InsectSound1000/Rhaphigaster_nebulos/2023914-16-48/000002/2023914-16-48_Rhaphigaster_nebulos_000002_s1_ch0 — starting (embeddings)
337.9s - extractor 1: [345] Luke - External Data Sources/InsectSound1000/Rhaphigaster_nebulos/2023914-16-48/000002/2023914-16-48_Rhaphigaster_nebulos_000002_s1_ch0 — 1 cached label file(s) → embeddings (ident took 0.1s)337.9s - extractor 0: [338] Luke - External Data Sources/InsectSound1000/Rhaphigaster_nebulos/2023104-16-43/000059/2023104-16-43_Rhaphigaster_nebulos_000059_s73_ch0 — 1 cached label file(s) → embeddings (ident took 0.1s)

337.9s - extractor 0: [339] Luke - External Data Sources/InsectSound1000/Rhaphigaster_nebulos/2023918-17-42/000027/2023918-17-42_Rhaphigaster_nebulos_000027_s61_ch0 — starting (embeddings)337.9s - extractor 1: [346] Luke - External Data Sources/InsectSound1000/Rhaphigaster_nebulos/2023914-16-48/000002/2023914-16-48_Rhaphigaster_nebulos_000002_s2_ch0 — starting (embeddings)

338.0s - extractor 1: [346] Luke - External Data Sources/InsectSound1000/Rhaphigaster_nebulos/2023914-16-48/000002/2023914-16-48_Rhaphigaster_nebulos_000002_s2_ch0 — 1 cached label file(s) → embeddings (ident took 0.1s)338.0s - extractor 0: [339] Luke - External Data Sources/InsectSound1000/Rhaphigaster_nebulos/2023918-17-42/000027/2023918-17-42_Rhaphigaster_nebulos_000027_s61_ch0 — 1 cached label file(s) → embeddings (ident took 0.1s)

338.0s - extractor 0: terminating
338.0s - extractor 1: [347] Luke - External Data Sources/InsectSound1000/Rhaphigaster_nebulos/2023919-16-30/000039/2023919-16-30_Rhaphigaster_nebulos_000039_s34_ch0 — starting (embeddings)
338.1s - extractor 1: [347] Luke - External Data Sources/InsectSound1000/Rhaphigaster_nebulos/2023919-16-30/000039/2023919-16-30_Rhaphigaster_nebulos_000039_s34_ch0 — 1 cached label file(s) → embeddings (ident took 0.1s)
338.1s - extractor 1: terminating
341.3s - all extractions complete
:)
:D
:O
