2026-09-14 01:47:21.363876: E external/local_xla/xla/stream_executor/cuda/cuda_fft.cc:479] Unable to register cuFFT factory: Attempting to register factory for plugin cuFFT when one has already been registered
2026-09-14 01:47:21.389672: E external/local_xla/xla/stream_executor/cuda/cuda_dnn.cc:10575] Unable to register cuDNN factory: Attempting to register factory for plugin cuDNN when one has already been registered
2026-09-14 01:47:21.389729: E external/local_xla/xla/stream_executor/cuda/cuda_blas.cc:1442] Unable to register cuBLAS factory: Attempting to register factory for plugin cuBLAS when one has already been registered
2026-09-14 01:47:22.273453: W tensorflow/compiler/tf2tensorrt/utils/py_utils.cc:38] TF-TRT Warning: Could not find TensorRT
0.0s - [medium/yamnet_pitchshift_context] existing config: overlap_event_prop=0.2, framehop_prop=1
0.0s -   loaded from /home/luke/projects/buzzdetect-training/.local/worktrees/pitchshift-context/02_set/sets/medium/config_extract.json
0.2s - extract_snips: [1/82] JamesU - MustardBumbler/1_29/240903_1319 — unchanged (0 written, 0 deleted)
0.2s - extract_snips: [2/82] Lily - Fit+Fast/2023_R3_Marysville/53/230808_1208 — unchanged (0 written, 0 deleted)
0.2s - extract_snips: [3/82] Lily Adam - One Hive/recorders/willard/2024-08-07/1_11/240807_1016 — unchanged (0 written, 0 deleted)
0.2s - extract_snips: [4/82] Lily Adam - One Hive/recorders/wooster/2024-07-26/1_143/240726_1446 — unchanged (0 written, 0 deleted)
0.2s - extract_snips: [5/82] Luke - Diel Drivers/2026-04-08/1_150/260408_1942 — unchanged (0 written, 0 deleted)
0.2s - extract_snips: [6/82] Luke - Diel Drivers/2026-05-06/1_95/260506_1924 — unchanged (0 written, 0 deleted)
0.2s - extract_snips: [7/82] Luke - Various Opportunistic Recordings/2025-06-23/1_23/250623_0857 — unchanged (0 written, 0 deleted)
0.2s - extract_snips: [8/82] Luke - Various Opportunistic Recordings/2025-07-03/1_37/250703_1635 — unchanged (0 written, 0 deleted)
0.2s - extract_snips: [9/82] Luke - Various Opportunistic Recordings/2025-08-05/31/250805_1247 — unchanged (0 written, 0 deleted)
0.2s - extract_snips: [10/82] Luke - Various Opportunistic Recordings/2025-08-12/1_114/250812_1225 — unchanged (0 written, 0 deleted)
0.2s - extract_snips: [11/82] Luke - Various Opportunistic Recordings/2025-08-27/48/250827_1828 — unchanged (0 written, 0 deleted)
0.2s - extract_snips: [12/82] Luke - Various Opportunistic Recordings/2026-07-27/1_25/260727_1632 — unchanged (0 written, 0 deleted)
0.2s - extract_snips: [13/82] Chia - Bee Audio 2022 Original/7-13-22_SouthCharleston/1/220713_0941_01 — unchanged (0 written, 0 deleted)
0.2s - extract_snips: [14/82] Chia - Bee Audio 2022 Original/7-13-22_SouthCharleston/1/220715_1123 — unchanged (0 written, 0 deleted)
0.2s - extract_snips: [15/82] Chia - Bee Audio 2022 Original/7-13-22_SouthCharleston/2/220713_0943 — unchanged (0 written, 0 deleted)
0.2s - extract_snips: [16/82] Chia - Bee Audio 2022 Original/7-13-22_SouthCharleston/2/220715_1125 — unchanged (0 written, 0 deleted)
0.2s - extract_snips: [17/82] Chia - Bee Audio 2022 Original/7-13-22_SouthCharleston/3/220713_0944 — unchanged (0 written, 0 deleted)
0.2s - extract_snips: [18/82] Chia - Bee Audio 2022 Original/7-13-22_SouthCharleston/3/220715_1127 — unchanged (0 written, 0 deleted)
0.2s - extract_snips: [19/82] Chia - Bee Audio 2022 Original/7-13-22_SouthCharleston/4/220713_0946 — unchanged (0 written, 0 deleted)
0.2s - extract_snips: [20/82] Chia - Bee Audio 2022 Original/7-13-22_SouthCharleston/4/220715_1128 — unchanged (0 written, 0 deleted)
0.2s - extract_snips: [21/82] Chia - Bee Audio 2022 Original/7-13-22_SouthCharleston/5/220713_0947 — unchanged (0 written, 0 deleted)
0.2s - extract_snips: [22/82] Chia - Bee Audio 2022 Original/7-13-22_SouthCharleston/5/220715_1130 — unchanged (0 written, 0 deleted)
0.2s - extract_snips: [23/82] Chia - Bee Audio 2022 Original/7-13-22_SouthCharleston/6/220713_0948 — unchanged (0 written, 0 deleted)
0.2s - extract_snips: [24/82] Chia - Bee Audio 2022 Original/7-13-22_SouthCharleston/6/220715_1131 — unchanged (0 written, 0 deleted)
0.2s - extract_snips: [25/82] Chia - Bee Audio 2022 Original/7-13-22_SouthCharleston/7/220713_0951 — unchanged (0 written, 0 deleted)
0.2s - extract_snips: [26/82] Chia - Bee Audio 2022 Original/7-13-22_SouthCharleston/7/220715_1134 — unchanged (0 written, 0 deleted)
0.2s - extract_snips: [27/82] Chia - Bee Audio 2022 Original/7-13-22_SouthCharleston/8/220713_0953 — unchanged (0 written, 0 deleted)
0.2s - extract_snips: [28/82] Chia - Bee Audio 2022 Original/7-13-22_SouthCharleston/8/220715_1135 — unchanged (0 written, 0 deleted)
0.2s - extract_snips: [29/82] Chia - OSPT/2022/2022-07-26/10/220726_1209 — unchanged (0 written, 0 deleted)
0.2s - extract_snips: [30/82] Chia - OSPT/2022/2022-07-26/14/220726_1202 — unchanged (0 written, 0 deleted)
0.2s - extract_snips: [31/82] Chia - OSPT/2022/2022-07-26/15/220728_1403 — unchanged (0 written, 0 deleted)
0.2s - extract_snips: [32/82] Chia - OSPT/2022/2022-07-26/17/220725_1311 — unchanged (0 written, 0 deleted)
0.2s - extract_snips: [33/82] Chia - OSPT/2022/2022-07-26/18/220725_1319 — unchanged (0 written, 0 deleted)
0.2s - extract_snips: [34/82] Chia - OSPT/2022/2022-07-26/18/220727_1501 — unchanged (0 written, 0 deleted)
0.2s - extract_snips: [35/82] Chia - OSPT/2022/2022-07-26/23/220727_1453 — unchanged (0 written, 0 deleted)
0.2s - extract_snips: [36/82] Chia - OSPT/2022/2022-07-26/25/220725_1324 — unchanged (0 written, 0 deleted)
0.2s - extract_snips: [37/82] Chia - OSPT/2022/2022-07-26/25/220727_1507 — unchanged (0 written, 0 deleted)
0.2s - extract_snips: [38/82] Chia - OSPT/2022/2022-07-26/29/220725_1321 — unchanged (0 written, 0 deleted)
0.2s - extract_snips: [39/82] Chia - OSPT/2022/2022-08-02/11/220802_1058 — unchanged (0 written, 0 deleted)
0.2s - extract_snips: [40/82] Chia - OSPT/2022/2022-08-02/13/220802_1108 — unchanged (0 written, 0 deleted)
0.2s - extract_snips: [41/82] Chia - OSPT/2022/2022-08-02/13/220806_1432 — unchanged (0 written, 0 deleted)
0.2s - extract_snips: [42/82] Chia - OSPT/2022/2022-08-02/20/220802_1056 — unchanged (0 written, 0 deleted)
0.2s - extract_snips: [43/82] Chia - OSPT/2022/2022-08-02/22/220804_1241 — unchanged (0 written, 0 deleted)
0.2s - extract_snips: [44/82] Chia - OSPT/2022/2022-08-02/23/220802_1047 — unchanged (0 written, 0 deleted)
0.2s - extract_snips: [45/82] Chia - OSPT/2022/2022-08-02/29/220802_1102 — unchanged (0 written, 0 deleted)
0.2s - extract_snips: [46/82] Chia - OSPT/2022/2022-08-02/29/220804_1244 — unchanged (0 written, 0 deleted)
0.2s - extract_snips: [47/82] Chia - OSPT/2022/2022-08-02/32/220804_1227 — unchanged (0 written, 0 deleted)
0.2s - extract_snips: [48/82] Chia_Lin - Soybean on-farm spray audios/2023-07-25 Combs Sabine-Bigelow/14/230725_1202 — unchanged (0 written, 0 deleted)
0.2s - extract_snips: [49/82] Chia_Lin - Soybean on-farm spray audios/2023-07-25 Combs Sabine-Bigelow/14/230727_1344 — unchanged (0 written, 0 deleted)
0.2s - extract_snips: [50/82] Chia_Lin - Soybean on-farm spray audios/2023-07-25 Combs Sabine-Bigelow/14/230730_1621 — unchanged (0 written, 0 deleted)
0.2s - extract_snips: [51/82] Chia_Lin - Soybean on-farm spray audios/2023-07-25 Combs Sabine-Bigelow/14/230801_1803 — unchanged (0 written, 0 deleted)
0.2s - extract_snips: [52/82] Chia_Lin - Soybean on-farm spray audios/2023-07-25 Combs Sabine-Bigelow/23/230725_1159 — unchanged (0 written, 0 deleted)
0.2s - extract_snips: [53/82] Chia_Lin - Soybean on-farm spray audios/2023-07-25 Combs Sabine-Bigelow/23/230727_1341 — unchanged (0 written, 0 deleted)
0.2s - extract_snips: [54/82] Chia_Lin - Soybean on-farm spray audios/2023-07-25 Combs Sabine-Bigelow/23/230730_1624 — unchanged (0 written, 0 deleted)
0.2s - extract_snips: [55/82] Chia_Lin - Soybean on-farm spray audios/2023-07-25 Combs Sabine-Bigelow/23/230801_1806 — unchanged (0 written, 0 deleted)
0.2s - extract_snips: [56/82] Chia_Lin - Soybean on-farm spray audios/2023-07-30 FSR/29/230730_1704 — unchanged (0 written, 0 deleted)
0.2s - extract_snips: [57/82] Chia_Lin - Soybean on-farm spray audios/2023-07-30 FSR/29/230801_1846 — unchanged (0 written, 0 deleted)
0.2s - extract_snips: [58/82] Chia_Lin - Soybean on-farm spray audios/2023-07-30 FSR/3/230730_1704 — unchanged (0 written, 0 deleted)
0.2s - extract_snips: [59/82] Chia_Lin - Soybean on-farm spray audios/2023-07-30 FSR/3/230801_1847 — unchanged (0 written, 0 deleted)
0.2s - extract_snips: [60/82] Karlan Forrester - Soybean Attractiveness/A11/4/210721_0949 — unchanged (0 written, 0 deleted)
0.2s - extract_snips: [61/82] Karlan Forrester - Soybean Attractiveness/A11/4/210723_1131 — unchanged (0 written, 0 deleted)
0.2s - extract_snips: [62/82] Karlan Forrester - Soybean Attractiveness/A11/4/210726_1007 — unchanged (0 written, 0 deleted)
0.2s - extract_snips: [63/82] Karlan Forrester - Soybean Attractiveness/A11/4/210728_1150 — unchanged (0 written, 0 deleted)
0.2s - extract_snips: [64/82] Karlan Forrester - Soybean Attractiveness/A11/4/210805_0819 — unchanged (0 written, 0 deleted)
0.2s - extract_snips: [65/82] Karlan Forrester - Soybean Attractiveness/A11/4/210807_1001 — unchanged (0 written, 0 deleted)
0.2s - extract_snips: [66/82] Karlan Forrester - Soybean Attractiveness/C9-16/4/210721_0910 — unchanged (0 written, 0 deleted)
0.2s - extract_snips: [67/82] Karlan Forrester - Soybean Attractiveness/C9-16/4/210723_1052 — unchanged (0 written, 0 deleted)
0.2s - extract_snips: [68/82] Karlan Forrester - Soybean Attractiveness/C9-16/4/210726_0933 — unchanged (0 written, 0 deleted)
0.2s - extract_snips: [69/82] Karlan Forrester - Soybean Attractiveness/C9-16/4/210728_1115 — unchanged (0 written, 0 deleted)
0.2s - extract_snips: [70/82] Karlan Forrester - Soybean Attractiveness/C9-16/4/210805_0743 — unchanged (0 written, 0 deleted)
0.2s - extract_snips: [71/82] Karlan Forrester - Soybean Attractiveness/C9-16/4/210807_0925 — unchanged (0 written, 0 deleted)
0.2s - extract_snips: [72/82] Karlan Forrester - Soybean Attractiveness/EBN/4/210721_0930 — unchanged (0 written, 0 deleted)
0.2s - extract_snips: [73/82] Karlan Forrester - Soybean Attractiveness/EBN/4/210723_1112 — unchanged (0 written, 0 deleted)
0.2s - extract_snips: [74/82] Karlan Forrester - Soybean Attractiveness/EBN/4/210726_0950 — unchanged (0 written, 0 deleted)
0.2s - extract_snips: [75/82] Karlan Forrester - Soybean Attractiveness/EBN/4/210728_1132 — unchanged (0 written, 0 deleted)
0.2s - extract_snips: [76/82] Karlan Forrester - Soybean Attractiveness/EBN/4/210805_0800 — unchanged (0 written, 0 deleted)
0.2s - extract_snips: [77/82] Karlan Forrester - Soybean Attractiveness/L6-8/4/210721_0855 — unchanged (0 written, 0 deleted)
0.2s - extract_snips: [78/82] Karlan Forrester - Soybean Attractiveness/L6-8/4/210723_1038 — unchanged (0 written, 0 deleted)
0.2s - extract_snips: [79/82] Karlan Forrester - Soybean Attractiveness/L6-8/4/210726_0918 — unchanged (0 written, 0 deleted)
0.2s - extract_snips: [80/82] Karlan Forrester - Soybean Attractiveness/L6-8/4/210728_1100 — unchanged (0 written, 0 deleted)
0.2s - extract_snips: [81/82] Karlan Forrester - Soybean Attractiveness/L6-8/4/210805_0726 — unchanged (0 written, 0 deleted)
0.2s - extract_snips: [82/82] Karlan Forrester - Soybean Attractiveness/L6-8/4/210807_0908 — unchanged (0 written, 0 deleted)
0.2s - extract_snips: 82 ident(s): 0 updated (0 snip(s) written, 0 superseded), 82 unchanged
0.6s - [medium/yamnet_pitchshift_context] 82 ident(s): 82 to extract (82 new, 0 superseded by new annotations), 0 already current
0.6s -   1 worker(s); folds: 43
2026-09-14 01:47:25.170282: E external/local_xla/xla/stream_executor/cuda/cuda_driver.cc:282] failed call to cuInit: CUDA_ERROR_NO_DEVICE: no CUDA-capable device is detected
2026-09-14 01:47:25.170351: I external/local_xla/xla/stream_executor/cuda/cuda_diagnostics.cc:134] retrieving CUDA diagnostic information for host: beelab-files
2026-09-14 01:47:25.170374: I external/local_xla/xla/stream_executor/cuda/cuda_diagnostics.cc:141] hostname: beelab-files
2026-09-14 01:47:25.170558: I external/local_xla/xla/stream_executor/cuda/cuda_diagnostics.cc:165] libcuda reported version is: 580.173.2
2026-09-14 01:47:25.170661: I external/local_xla/xla/stream_executor/cuda/cuda_diagnostics.cc:169] kernel reported version is: NOT_FOUND: could not find kernel module information in driver version file contents: "NVRM version: NVIDIA UNIX Open Kernel Module for x86_64  580.173.02  Release Build  (dvs-builder@U22-I3-AK02-24-4)  Tue Jun 23 08:17:01 UTC 2026
GCC version:  gcc version 13.3.0 (Ubuntu 13.3.0-6ubuntu2~24.04.1) 
"
2.4s - extractor 0: [1] JamesU - MustardBumbler/1_29/240903_1319 — starting (embeddings)
2.4s - extractor 0: JamesU - MustardBumbler/1_29/240903_1319 snip [1/24] snip_103230.000_103590.004.flac
7.2s - extractor 0: JamesU - MustardBumbler/1_29/240903_1319 snip [2/24] snip_106830.000_107190.030.flac
12.0s - extractor 0: JamesU - MustardBumbler/1_29/240903_1319 snip [3/24] snip_110430.000_110790.004.flac
16.7s - extractor 0: JamesU - MustardBumbler/1_29/240903_1319 snip [4/24] snip_114030.000_114390.000.flac
21.5s - extractor 0: JamesU - MustardBumbler/1_29/240903_1319 snip [5/24] snip_117630.000_117990.000.flac
26.4s - extractor 0: rescued 'animal' at 117676.424s (0.118s) as animal+ins_trill
26.7s - extractor 0: rescued 'animal' at 117707.204s (0.164s) as animal+ins_trill
26.9s - extractor 0: rescued 'animal' at 117731.219s (0.204s) as animal+ins_trill
27.1s - extractor 0: rescued 'animal' at 117757.986s (0.190s) as animal+ins_trill
27.1s - extractor 0: JamesU - MustardBumbler/1_29/240903_1319 snip [6/24] snip_121230.000_121590.000.flac
31.9s - extractor 0: JamesU - MustardBumbler/1_29/240903_1319 snip [7/24] snip_38430.000_38790.000.flac
36.6s - extractor 0: JamesU - MustardBumbler/1_29/240903_1319 snip [8/24] snip_42030.000_42390.000.flac
41.4s - extractor 0: JamesU - MustardBumbler/1_29/240903_1319 snip [9/24] snip_45630.000_45990.000.flac
46.3s - extractor 0: rescued 'ins_trill' at 45663.912s (0.183s) as ins_trill+mech_plane
46.6s - extractor 0: rescued 'ins_trill' at 45670.604s (0.162s) as ins_trill+mech_plane
46.8s - extractor 0: rescued 'ins_trill' at 45675.464s (0.178s) as ins_trill+mech_plane
47.0s - extractor 0: rescued 'ins_trill' at 45679.396s (0.194s) as ins_trill+mech_plane
47.2s - extractor 0: rescued 'ins_trill' at 45680.295s (0.183s) as ins_trill+mech_plane
47.4s - extractor 0: rescued 'ins_trill' at 45681.190s (0.178s) as ins_trill+mech_plane
47.6s - extractor 0: rescued 'ins_trill' at 45684.092s (0.146s) as ins_trill+mech_plane
47.9s - extractor 0: rescued 'ins_trill' at 45684.998s (0.167s) as ins_trill+mech_plane
48.1s - extractor 0: rescued 'ins_trill' at 45686.028s (0.140s) as ins_trill+mech_plane
48.3s - extractor 0: rescued 'ins_trill' at 45691.746s (0.178s) as ins_trill+mech_plane
48.5s - extractor 0: rescued 'ins_trill' at 45704.314s (0.152s) as ins_trill+mech_plane
48.7s - extractor 0: rescued 'ins_trill' at 45706.156s (0.169s) as ins_trill+mech_plane
48.9s - extractor 0: rescued 'ins_trill' at 45712.971s (0.178s) as ins_trill+mech_plane
49.2s - extractor 0: rescued 'ins_trill' at 45716.833s (0.138s) as ins_trill+mech_plane
49.4s - extractor 0: rescued 'ins_trill' at 45717.747s (0.132s) as ins_trill+mech_plane
49.6s - extractor 0: rescued 'ins_trill' at 45718.666s (0.149s) as ins_trill+mech_plane
49.8s - extractor 0: rescued 'ins_trill' at 45734.120s (0.156s) as ambient_background+ins_trill
50.0s - extractor 0: rescued 'ins_trill' at 45735.044s (0.147s) as ambient_background+ins_trill
50.3s - extractor 0: rescued 'ins_trill' at 45735.940s (0.147s) as ambient_background+ins_trill
50.5s - extractor 0: rescued 'ins_trill' at 45737.876s (0.149s) as ambient_background+ins_trill
50.5s - extractor 0: JamesU - MustardBumbler/1_29/240903_1319 snip [10/24] snip_49230.000_49590.000.flac
55.5s - extractor 0: rescued 'ins_trill' at 49269.704s (0.100s) as ins_trill+mech_hum
55.7s - extractor 0: rescued 'ins_trill' at 49270.705s (0.130s) as ins_trill+mech_hum
55.9s - extractor 0: rescued 'ins_trill' at 49276.422s (0.128s) as ins_trill+mech_hum
56.1s - extractor 0: rescued 'ins_trill' at 49278.415s (0.130s) as ins_trill+mech_hum
56.3s - extractor 0: rescued 'ins_trill' at 49289.825s (0.149s) as ins_trill+mech_hum
56.6s - extractor 0: rescued 'ins_trill' at 49291.762s (0.135s) as ins_trill+mech_hum
56.8s - extractor 0: rescued 'ins_trill' at 49292.831s (0.135s) as ins_trill+mech_hum
57.0s - extractor 0: rescued 'ins_trill' at 49298.502s (0.131s) as ins_trill+mech_hum
57.2s - extractor 0: rescued 'ins_trill' at 49309.029s (0.158s) as ins_trill+mech_auto
57.4s - extractor 0: rescued 'ins_trill' at 49309.951s (0.237s) as ins_trill+mech_auto
57.6s - extractor 0: rescued 'ins_trill' at 49325.409s (0.131s) as ambient_background+ins_trill
57.9s - extractor 0: rescued 'ins_trill' at 49340.728s (0.185s) as ambient_background+ins_trill
58.1s - extractor 0: rescued 'ins_trill' at 49341.626s (0.176s) as ambient_background+ins_trill
58.3s - extractor 0: rescued 'ins_trill' at 49342.718s (0.146s) as ambient_background+ins_trill
58.5s - extractor 0: rescued 'ins_trill' at 49343.678s (0.182s) as ambient_background+ins_trill
58.7s - extractor 0: rescued 'ins_trill' at 49357.969s (0.152s) as ambient_background+ins_trill
58.9s - extractor 0: rescued 'ins_trill' at 49359.043s (0.155s) as ambient_background+ins_trill
59.2s - extractor 0: rescued 'ins_trill' at 49360.916s (0.142s) as ambient_background+ins_trill
59.4s - extractor 0: rescued 'ambient_background' at 49369.636s (0.164s) as ambient_background+ins_trill
59.6s - extractor 0: rescued 'ins_trill' at 49370.585s (0.149s) as ambient_background+ins_trill
59.8s - extractor 0: rescued 'ins_trill' at 49390.666s (0.143s) as ambient_background+ins_trill
60.0s - extractor 0: rescued 'ins_trill' at 49410.806s (0.140s) as ambient_background+ins_trill
60.3s - extractor 0: rescued 'ins_trill' at 49411.746s (0.155s) as ambient_background+ins_trill
60.5s - extractor 0: rescued 'ins_trill' at 49428.079s (0.178s) as ambient_background+ins_trill
60.7s - extractor 0: rescued 'ins_trill' at 49429.120s (0.146s) as ambient_background+ins_trill
60.9s - extractor 0: rescued 'ins_trill' at 49439.698s (0.086s) as ambient_background+ins_trill
61.1s - extractor 0: rescued 'ins_trill' at 49442.568s (0.137s) as ambient_background+ins_trill
61.4s - extractor 0: rescued 'ins_trill' at 49447.346s (0.143s) as ambient_background+ins_trill
61.6s - extractor 0: rescued 'ins_trill' at 49453.100s (0.144s) as ambient_background+ins_trill
61.8s - extractor 0: rescued 'ins_trill' at 49476.987s (0.198s) as ambient_background+ins_trill
62.0s - extractor 0: rescued 'ins_trill' at 49478.007s (0.146s) as ambient_background+ins_trill
62.2s - extractor 0: rescued 'ins_trill' at 49479.012s (0.158s) as ambient_background+ins_trill
62.5s - extractor 0: rescued 'ins_trill' at 49491.558s (0.136s) as ambient_background+ins_trill
62.7s - extractor 0: rescued 'ins_trill' at 49507.849s (0.146s) as ambient_background+ins_trill
62.9s - extractor 0: rescued 'ins_trill' at 49510.698s (0.134s) as ambient_background+ins_trill
63.1s - extractor 0: rescued 'ins_trill' at 49514.523s (0.146s) as ambient_background+ins_trill
63.3s - extractor 0: rescued 'ins_trill' at 49522.261s (0.085s) as ambient_background+ins_trill
63.6s - extractor 0: rescued 'ins_trill' at 49538.560s (0.144s) as ambient_background+ins_trill
63.8s - extractor 0: rescued 'ins_trill' at 49549.123s (0.141s) as ambient_background+ins_trill
64.0s - extractor 0: rescued 'ins_trill' at 49552.897s (0.126s) as ambient_background+ins_trill
64.2s - extractor 0: rescued 'ins_trill' at 49557.793s (0.142s) as ambient_background+ins_trill
64.2s - extractor 0: JamesU - MustardBumbler/1_29/240903_1319 snip [11/24] snip_52830.000_53190.000.flac
69.0s - extractor 0: JamesU - MustardBumbler/1_29/240903_1319 snip [12/24] snip_56430.000_56790.000.flac
74.1s - extractor 0: rescued 'animal' at 56461.953s (0.254s) as animal+ins_trill+mech_hum
74.4s - extractor 0: rescued 'animal' at 56464.025s (0.162s) as animal+ins_trill+mech_hum
74.6s - extractor 0: rescued 'ins_trill' at 56706.826s (0.145s) as ins_trill+mech_auto
74.8s - extractor 0: rescued 'ins_trill' at 56709.728s (0.151s) as ins_trill+mech_auto
75.0s - extractor 0: rescued 'ins_trill' at 56714.789s (0.131s) as ambient_background+ins_trill
75.0s - extractor 0: JamesU - MustardBumbler/1_29/240903_1319 snip [13/24] snip_60030.000_60389.960.flac
79.7s - extractor 0: JamesU - MustardBumbler/1_29/240903_1319 snip [14/24] snip_63630.000_63990.000.flac
84.7s - extractor 0: rescued 'ins_trill' at 63855.918s (0.217s) as ins_trill+mech_auto
84.9s - extractor 0: rescued 'ins_trill' at 63932.724s (0.192s) as ins_trill+mech_auto
84.9s - extractor 0: JamesU - MustardBumbler/1_29/240903_1319 snip [15/24] snip_67230.000_67590.000.flac
89.9s - extractor 0: rescued 'animal' at 67410.818s (0.145s) as animal+ins_trill+mech_auto
90.1s - extractor 0: rescued 'animal' at 67422.304s (0.277s) as animal+ins_trill+mech_auto
90.3s - extractor 0: rescued 'animal' at 67429.063s (0.225s) as animal+ins_trill+mech_auto
90.5s - extractor 0: rescued 'animal' at 67432.878s (0.212s) as animal+ins_trill+mech_auto
90.8s - extractor 0: rescued 'animal' at 67478.900s (0.225s) as animal+ins_trill+mech_auto
91.0s - extractor 0: rescued 'animal' at 67540.342s (0.224s) as animal+ins_trill+mech_auto
91.0s - extractor 0: JamesU - MustardBumbler/1_29/240903_1319 snip [16/24] snip_70830.000_71190.000.flac
95.8s - extractor 0: JamesU - MustardBumbler/1_29/240903_1319 snip [17/24] snip_74430.000_74790.004.flac
100.7s - extractor 0: rescued 'ins_buzz_rasp' at 74568.606s (0.155s) as ins_buzz_medium_background+ins_buzz_rasp+mech_auto+mech_plane
100.7s - extractor 0: JamesU - MustardBumbler/1_29/240903_1319 snip [18/24] snip_78030.000_78390.030.flac
105.5s - extractor 0: JamesU - MustardBumbler/1_29/240903_1319 snip [19/24] snip_81630.000_81990.004.flac
110.3s - extractor 0: JamesU - MustardBumbler/1_29/240903_1319 snip [20/24] snip_85230.000_85590.030.flac
115.0s - extractor 0: JamesU - MustardBumbler/1_29/240903_1319 snip [21/24] snip_88830.000_89190.004.flac
120.0s - extractor 0: rescued 'ins_buzz_medium' at 88903.333s (0.234s) as ins_buzz_medium+ins_buzz_medium_background+ins_trill
120.0s - extractor 0: JamesU - MustardBumbler/1_29/240903_1319 snip [22/24] snip_92430.000_92790.030.flac
125.0s - extractor 0: rescued 'ins_buzz_medium_quiet' at 92557.977s (0.192s) as ins_buzz_medium_background+ins_buzz_medium_quiet+ins_trill
125.0s - extractor 0: JamesU - MustardBumbler/1_29/240903_1319 snip [23/24] snip_96030.000_96390.004.flac
129.8s - extractor 0: JamesU - MustardBumbler/1_29/240903_1319 snip [24/24] snip_99630.000_99990.030.flac
136.2s - extractor 0: [1] JamesU - MustardBumbler/1_29/240903_1319 — 24 snip(s) → 7617 frames, 58 label(s) (ident took 133.8s)
136.2s - extractor 0: [2] Lily - Fit+Fast/2023_R3_Marysville/53/230808_1208 — starting (embeddings)
136.2s - extractor 0: Lily - Fit+Fast/2023_R3_Marysville/53/230808_1208 snip [1/24] snip_100290.000_100650.000.flac
140.7s - extractor 0: Lily - Fit+Fast/2023_R3_Marysville/53/230808_1208 snip [2/24] snip_103890.000_104250.000.flac
145.2s - extractor 0: rescued 'ins_buzz_medium_quiet' at 104026.664s (0.244s) as ambient_background+ins_buzz_medium_quiet
145.2s - extractor 0: Lily - Fit+Fast/2023_R3_Marysville/53/230808_1208 snip [3/24] snip_107490.000_107850.000.flac
149.6s - extractor 0: Lily - Fit+Fast/2023_R3_Marysville/53/230808_1208 snip [4/24] snip_111090.000_111450.000.flac
153.9s - extractor 0: Lily - Fit+Fast/2023_R3_Marysville/53/230808_1208 snip [5/24] snip_114690.000_115050.000.flac
158.3s - extractor 0: Lily - Fit+Fast/2023_R3_Marysville/53/230808_1208 snip [6/24] snip_118290.000_118650.000.flac
162.7s - extractor 0: Lily - Fit+Fast/2023_R3_Marysville/53/230808_1208 snip [7/24] snip_121890.000_122250.000.flac
167.0s - extractor 0: Lily - Fit+Fast/2023_R3_Marysville/53/230808_1208 snip [8/24] snip_125490.000_125850.000.flac
171.4s - extractor 0: Lily - Fit+Fast/2023_R3_Marysville/53/230808_1208 snip [9/24] snip_42690.000_43050.000.flac
175.9s - extractor 0: rescued 'ambient_noise' at 42776.680s (0.343s) as ambient_noise+ins_trill
175.9s - extractor 0: Lily - Fit+Fast/2023_R3_Marysville/53/230808_1208 snip [10/24] snip_46290.000_46650.000.flac
180.3s - extractor 0: Lily - Fit+Fast/2023_R3_Marysville/53/230808_1208 snip [11/24] snip_49890.000_50250.000.flac
184.8s - extractor 0: rescued 'ambient_noise' at 50152.448s (0.199s) as ambient_noise+ins_trill
184.8s - extractor 0: Lily - Fit+Fast/2023_R3_Marysville/53/230808_1208 snip [12/24] snip_53490.000_53850.000.flac
189.2s - extractor 0: Lily - Fit+Fast/2023_R3_Marysville/53/230808_1208 snip [13/24] snip_57090.000_57450.000.flac
193.5s - extractor 0: Lily - Fit+Fast/2023_R3_Marysville/53/230808_1208 snip [14/24] snip_60690.000_61050.000.flac
197.9s - extractor 0: Lily - Fit+Fast/2023_R3_Marysville/53/230808_1208 snip [15/24] snip_64290.000_64650.000.flac
202.2s - extractor 0: Lily - Fit+Fast/2023_R3_Marysville/53/230808_1208 snip [16/24] snip_67890.000_68250.000.flac
206.6s - extractor 0: Lily - Fit+Fast/2023_R3_Marysville/53/230808_1208 snip [17/24] snip_71490.000_71850.000.flac
210.9s - extractor 0: Lily - Fit+Fast/2023_R3_Marysville/53/230808_1208 snip [18/24] snip_75090.000_75450.000.flac
215.3s - extractor 0: Lily - Fit+Fast/2023_R3_Marysville/53/230808_1208 snip [19/24] snip_78690.000_79050.000.flac
219.6s - extractor 0: Lily - Fit+Fast/2023_R3_Marysville/53/230808_1208 snip [20/24] snip_82290.000_82650.000.flac
224.2s - extractor 0: rescued 'ins_buzz_medium_quiet' at 82581.165s (0.226s) as ambient_background+ins_buzz_medium_quiet
224.2s - extractor 0: Lily - Fit+Fast/2023_R3_Marysville/53/230808_1208 snip [21/24] snip_85890.000_86250.000.flac
228.9s - extractor 0: Lily - Fit+Fast/2023_R3_Marysville/53/230808_1208 snip [22/24] snip_89490.000_89850.000.flac
233.3s - extractor 0: Lily - Fit+Fast/2023_R3_Marysville/53/230808_1208 snip [23/24] snip_93090.000_93450.000.flac
237.7s - extractor 0: Lily - Fit+Fast/2023_R3_Marysville/53/230808_1208 snip [24/24] snip_96690.000_97050.000.flac
243.6s - extractor 0: [2] Lily - Fit+Fast/2023_R3_Marysville/53/230808_1208 — 24 snip(s) → 7540 frames, 50 label(s) (ident took 107.4s)
243.6s - extractor 0: [3] Lily Adam - One Hive/recorders/willard/2024-08-07/1_11/240807_1016 — starting (embeddings)
243.6s - extractor 0: Lily Adam - One Hive/recorders/willard/2024-08-07/1_11/240807_1016 snip [1/24] snip_103410.000_103770.000.flac
248.3s - extractor 0: rescued 'ambient_noise' at 103461.132s (0.329s) as ambient_background+ambient_noise
248.5s - extractor 0: rescued 'ins_buzz_high_quiet' at 103656.136s (0.139s) as ambient_background+ins_buzz_high_quiet
248.5s - extractor 0: Lily Adam - One Hive/recorders/willard/2024-08-07/1_11/240807_1016 snip [2/24] snip_107010.000_107370.000.flac
253.0s - extractor 0: Lily Adam - One Hive/recorders/willard/2024-08-07/1_11/240807_1016 snip [3/24] snip_110610.000_110970.000.flac
257.7s - extractor 0: rescued 'ambient_background' at 110759.057s (0.211s) as ambient_background+ins_buzz_high_quiet+ins_buzz_medium_quiet
257.7s - extractor 0: Lily Adam - One Hive/recorders/willard/2024-08-07/1_11/240807_1016 snip [4/24] snip_114210.000_114570.000.flac
262.4s - extractor 0: rescued 'ambient_noise' at 114334.120s (0.265s) as ambient_background+ambient_noise
262.7s - extractor 0: rescued 'ambient_noise' at 114470.557s (0.224s) as ambient_background+ambient_noise
262.7s - extractor 0: Lily Adam - One Hive/recorders/willard/2024-08-07/1_11/240807_1016 snip [5/24] snip_117810.000_118170.000.flac
267.4s - extractor 0: rescued 'ambient_noise' at 118121.439s (0.180s) as ambient_background+ambient_noise
267.4s - extractor 0: Lily Adam - One Hive/recorders/willard/2024-08-07/1_11/240807_1016 snip [6/24] snip_121410.000_121770.004.flac
272.0s - extractor 0: rescued 'ins_buzz_high_quiet' at 121647.373s (0.273s) as ins_buzz_high_quiet+ins_trill
272.0s - extractor 0: Lily Adam - One Hive/recorders/willard/2024-08-07/1_11/240807_1016 snip [7/24] snip_125010.000_125370.000.flac
276.5s - extractor 0: Lily Adam - One Hive/recorders/willard/2024-08-07/1_11/240807_1016 snip [8/24] snip_128610.000_128970.000.flac
281.0s - extractor 0: Lily Adam - One Hive/recorders/willard/2024-08-07/1_11/240807_1016 snip [9/24] snip_132210.000_132570.000.flac
285.5s - extractor 0: Lily Adam - One Hive/recorders/willard/2024-08-07/1_11/240807_1016 snip [10/24] snip_49410.000_49770.000.flac
290.2s - extractor 0: rescued 'ambient_noise' at 49667.607s (0.217s) as ambient_noise+ins_trill+mech_auto
290.2s - extractor 0: Lily Adam - One Hive/recorders/willard/2024-08-07/1_11/240807_1016 snip [11/24] snip_53010.000_53370.000.flac
294.9s - extractor 0: rescued 'ambient_noise' at 53124.503s (0.319s) as ambient_noise+ins_trill+mech_auto
294.9s - extractor 0: Lily Adam - One Hive/recorders/willard/2024-08-07/1_11/240807_1016 snip [12/24] snip_56610.000_56970.000.flac
299.4s - extractor 0: Lily Adam - One Hive/recorders/willard/2024-08-07/1_11/240807_1016 snip [13/24] snip_60210.000_60570.000.flac
303.8s - extractor 0: Lily Adam - One Hive/recorders/willard/2024-08-07/1_11/240807_1016 snip [14/24] snip_63810.000_64170.000.flac
308.5s - extractor 0: rescued 'ambient_noise' at 64096.498s (0.067s) as ambient_noise+ins_trill+mech_auto
308.5s - extractor 0: Lily Adam - One Hive/recorders/willard/2024-08-07/1_11/240807_1016 snip [15/24] snip_67410.000_67770.000.flac
313.3s - extractor 0: rescued 'ambient_noise' at 67584.131s (0.122s) as ambient_noise+mech_auto
313.5s - extractor 0: rescued 'ambient_noise' at 67585.148s (0.192s) as ambient_noise+mech_auto
313.7s - extractor 0: rescued 'ambient_noise' at 67626.305s (0.238s) as ambient_noise+mech_auto
313.7s - extractor 0: Lily Adam - One Hive/recorders/willard/2024-08-07/1_11/240807_1016 snip [16/24] snip_71010.000_71370.000.flac
318.2s - extractor 0: Lily Adam - One Hive/recorders/willard/2024-08-07/1_11/240807_1016 snip [17/24] snip_74610.000_74970.000.flac
323.0s - extractor 0: Lily Adam - One Hive/recorders/willard/2024-08-07/1_11/240807_1016 snip [18/24] snip_78210.000_78570.040.flac
328.0s - extractor 0: rescued 'ins_buzz_medium_quiet' at 78401.377s (0.202s) as ambient_background+ins_buzz_medium_quiet
328.2s - extractor 0: rescued 'ambient_noise' at 78515.292s (0.196s) as ambient_background+ambient_noise
328.2s - extractor 0: Lily Adam - One Hive/recorders/willard/2024-08-07/1_11/240807_1016 snip [19/24] snip_81810.000_82170.030.flac
332.8s - extractor 0: Lily Adam - One Hive/recorders/willard/2024-08-07/1_11/240807_1016 snip [20/24] snip_85410.000_85770.000.flac
337.5s - extractor 0: rescued 'ambient_noise' at 85514.057s (0.228s) as ambient_background+ambient_noise
337.5s - extractor 0: Lily Adam - One Hive/recorders/willard/2024-08-07/1_11/240807_1016 snip [21/24] snip_89010.000_89370.000.flac
342.1s - extractor 0: Lily Adam - One Hive/recorders/willard/2024-08-07/1_11/240807_1016 snip [22/24] snip_92610.000_92970.000.flac
346.9s - extractor 0: rescued 'ambient_noise' at 92792.718s (0.198s) as ambient_background+ambient_noise
347.1s - extractor 0: rescued 'ambient_noise' at 92818.669s (0.234s) as ambient_noise+ins_trill
347.1s - extractor 0: Lily Adam - One Hive/recorders/willard/2024-08-07/1_11/240807_1016 snip [23/24] snip_96210.000_96570.000.flac
351.9s - extractor 0: rescued 'ambient_noise' at 96373.464s (0.224s) as ambient_noise+ins_trill
352.1s - extractor 0: rescued 'ambient_noise' at 96399.382s (0.196s) as ambient_noise+ins_trill
352.3s - extractor 0: rescued 'ambient_noise' at 96406.180s (0.161s) as ambient_noise+ins_trill
352.5s - extractor 0: rescued 'ambient_noise' at 96503.265s (0.242s) as ambient_background+ambient_noise+ins_buzz_high
352.5s - extractor 0: Lily Adam - One Hive/recorders/willard/2024-08-07/1_11/240807_1016 snip [24/24] snip_99810.000_100169.926.flac
357.3s - extractor 0: rescued 'ambient_noise' at 100113.635s (0.240s) as ambient_background+ambient_noise
358.7s - extractor 0: [3] Lily Adam - One Hive/recorders/willard/2024-08-07/1_11/240807_1016 — 24 snip(s) → 7562 frames, 65 label(s) (ident took 115.1s)
358.7s - extractor 0: [4] Lily Adam - One Hive/recorders/wooster/2024-07-26/1_143/240726_1446 — starting (embeddings)
358.7s - extractor 0: Lily Adam - One Hive/recorders/wooster/2024-07-26/1_143/240726_1446 snip [1/16] snip_101610.000_101970.000.flac
363.0s - extractor 0: Lily Adam - One Hive/recorders/wooster/2024-07-26/1_143/240726_1446 snip [2/16] snip_105210.000_105570.004.flac
367.3s - extractor 0: Lily Adam - One Hive/recorders/wooster/2024-07-26/1_143/240726_1446 snip [3/16] snip_108810.000_109170.000.flac
371.6s - extractor 0: Lily Adam - One Hive/recorders/wooster/2024-07-26/1_143/240726_1446 snip [4/16] snip_54810.000_55170.000.flac
375.9s - extractor 0: Lily Adam - One Hive/recorders/wooster/2024-07-26/1_143/240726_1446 snip [5/16] snip_58410.000_58770.000.flac
380.3s - extractor 0: Lily Adam - One Hive/recorders/wooster/2024-07-26/1_143/240726_1446 snip [6/16] snip_62010.000_62370.000.flac
384.6s - extractor 0: Lily Adam - One Hive/recorders/wooster/2024-07-26/1_143/240726_1446 snip [7/16] snip_65610.000_65970.030.flac
388.9s - extractor 0: Lily Adam - One Hive/recorders/wooster/2024-07-26/1_143/240726_1446 snip [8/16] snip_69210.000_69570.004.flac
393.2s - extractor 0: Lily Adam - One Hive/recorders/wooster/2024-07-26/1_143/240726_1446 snip [9/16] snip_72810.000_73170.000.flac
397.5s - extractor 0: Lily Adam - One Hive/recorders/wooster/2024-07-26/1_143/240726_1446 snip [10/16] snip_76410.000_76770.000.flac
402.0s - extractor 0: Lily Adam - One Hive/recorders/wooster/2024-07-26/1_143/240726_1446 snip [11/16] snip_80010.000_80370.000.flac
406.3s - extractor 0: Lily Adam - One Hive/recorders/wooster/2024-07-26/1_143/240726_1446 snip [12/16] snip_83610.000_83970.000.flac
410.6s - extractor 0: Lily Adam - One Hive/recorders/wooster/2024-07-26/1_143/240726_1446 snip [13/16] snip_87210.000_87570.000.flac
415.2s - extractor 0: rescued 'ins_buzz_low' at 87283.294s (0.139s) as ambient_background+ins_buzz_low
415.2s - extractor 0: Lily Adam - One Hive/recorders/wooster/2024-07-26/1_143/240726_1446 snip [14/16] snip_90810.000_91170.000.flac
419.5s - extractor 0: Lily Adam - One Hive/recorders/wooster/2024-07-26/1_143/240726_1446 snip [15/16] snip_94410.000_94770.030.flac
423.8s - extractor 0: Lily Adam - One Hive/recorders/wooster/2024-07-26/1_143/240726_1446 snip [16/16] snip_98010.000_98370.031.flac
429.1s - extractor 0: [4] Lily Adam - One Hive/recorders/wooster/2024-07-26/1_143/240726_1446 — 16 snip(s) → 5024 frames, 44 label(s) (ident took 70.4s)
429.1s - extractor 0: [5] Luke - Diel Drivers/2026-04-08/1_150/260408_1942 — starting (embeddings)
429.1s - extractor 0: Luke - Diel Drivers/2026-04-08/1_150/260408_1942 snip [1/16] snip_15450.000_15810.000.flac
433.7s - extractor 0: Luke - Diel Drivers/2026-04-08/1_150/260408_1942 snip [2/16] snip_19050.000_19410.000.flac
438.3s - extractor 0: Luke - Diel Drivers/2026-04-08/1_150/260408_1942 snip [3/16] snip_22650.000_23010.000.flac
443.1s - extractor 0: rescued 'ambient_noise' at 22791.396s (0.285s) as ambient_noise+animal+mech_auto+mech_plane
443.3s - extractor 0: rescued 'animal' at 22792.504s (0.180s) as animal+mech_auto+mech_plane
443.6s - extractor 0: rescued 'animal' at 22795.333s (0.190s) as animal+mech_auto+mech_plane
443.8s - extractor 0: rescued 'animal' at 22797.271s (0.166s) as animal+mech_auto
444.0s - extractor 0: rescued 'animal' at 22799.165s (0.158s) as animal+mech_auto
444.3s - extractor 0: rescued 'animal' at 22801.041s (0.150s) as animal+mech_auto
444.5s - extractor 0: rescued 'animal' at 22807.750s (0.174s) as animal+mech_auto
444.7s - extractor 0: rescued 'animal' at 22812.644s (0.182s) as animal+mech_auto
444.9s - extractor 0: rescued 'animal' at 22815.486s (0.174s) as animal+mech_auto
445.1s - extractor 0: rescued 'animal' at 22818.318s (0.158s) as animal+mech_auto
445.3s - extractor 0: rescued 'animal' at 22826.030s (0.166s) as animal+mech_auto
445.6s - extractor 0: rescued 'animal' at 22827.924s (0.198s) as animal+mech_auto
445.8s - extractor 0: rescued 'animal' at 22830.919s (0.182s) as animal+mech_auto
446.0s - extractor 0: rescued 'animal' at 22833.759s (0.206s) as animal+mech_auto
446.2s - extractor 0: rescued 'animal' at 22837.610s (0.206s) as animal+mech_auto
446.4s - extractor 0: rescued 'animal' at 22840.346s (0.214s) as animal+mech_auto
446.6s - extractor 0: rescued 'animal' at 22842.414s (0.206s) as animal+mech_auto
446.9s - extractor 0: rescued 'animal' at 22843.299s (0.214s) as animal+mech_auto
447.1s - extractor 0: rescued 'animal' at 22847.211s (0.190s) as animal+mech_auto
447.3s - extractor 0: rescued 'animal' at 22851.899s (0.182s) as animal+mech_auto
447.5s - extractor 0: rescued 'animal' at 22856.698s (0.246s) as animal+mech_auto
447.7s - extractor 0: rescued 'animal' at 22863.386s (0.230s) as animal+mech_auto
448.0s - extractor 0: rescued 'animal' at 22864.369s (0.174s) as animal+mech_auto
448.2s - extractor 0: rescued 'ambient_noise' at 22870.227s (0.135s) as ambient_noise+mech_auto
448.4s - extractor 0: rescued 'animal' at 22875.932s (0.230s) as animal+mech_auto
448.6s - extractor 0: rescued 'animal' at 22880.658s (0.262s) as animal+mech_auto
448.8s - extractor 0: rescued 'animal' at 22884.628s (0.087s) as animal+mech_auto
448.8s - extractor 0: Luke - Diel Drivers/2026-04-08/1_150/260408_1942 snip [4/16] snip_26250.000_26610.000.flac
453.4s - extractor 0: Luke - Diel Drivers/2026-04-08/1_150/260408_1942 snip [5/16] snip_29850.000_30210.000.flac
458.3s - extractor 0: rescued 'animal' at 29975.150s (0.277s) as animal+mech_auto
458.5s - extractor 0: rescued 'animal' at 30064.480s (0.119s) as animal+mech_auto
458.8s - extractor 0: rescued 'animal' at 30148.856s (0.206s) as animal+mech_auto
458.8s - extractor 0: Luke - Diel Drivers/2026-04-08/1_150/260408_1942 snip [6/16] snip_33450.000_33810.000.flac
463.6s - extractor 0: rescued 'animal' at 33612.512s (0.182s) as animal+mech_auto
463.8s - extractor 0: rescued 'animal' at 33700.877s (0.293s) as animal+mech_auto
464.1s - extractor 0: rescued 'animal' at 33724.934s (0.198s) as animal+mech_auto
464.1s - extractor 0: Luke - Diel Drivers/2026-04-08/1_150/260408_1942 snip [7/16] snip_37050.000_37410.000.flac
468.9s - extractor 0: rescued 'ambient_noise' at 37267.364s (0.143s) as ambient_noise+mech_auto
468.9s - extractor 0: Luke - Diel Drivers/2026-04-08/1_150/260408_1942 snip [8/16] snip_40650.000_41010.000.flac
473.8s - extractor 0: rescued 'ambient_noise' at 40708.904s (0.253s) as ambient_noise+mech_auto
474.0s - extractor 0: rescued 'animal' at 40795.269s (0.230s) as animal+mech_auto
474.0s - extractor 0: Luke - Diel Drivers/2026-04-08/1_150/260408_1942 snip [9/16] snip_44250.000_44610.000.flac
478.6s - extractor 0: Luke - Diel Drivers/2026-04-08/1_150/260408_1942 snip [10/16] snip_51450.024_51810.000.flac
483.4s - extractor 0: rescued 'animal' at 51495.533s (0.135s) as animal+mech_auto
483.7s - extractor 0: rescued 'animal' at 51577.987s (0.158s) as animal+mech_auto
483.9s - extractor 0: rescued 'animal' at 51583.840s (0.095s) as animal+mech_auto
484.1s - extractor 0: rescued 'animal' at 51591.482s (0.293s) as animal+mech_auto
484.3s - extractor 0: rescued 'animal' at 51631.849s (0.166s) as animal+mech_auto
484.5s - extractor 0: rescued 'animal' at 51635.676s (0.166s) as animal+mech_auto
484.7s - extractor 0: rescued 'animal' at 51642.435s (0.135s) as animal+mech_auto
485.0s - extractor 0: rescued 'ins_buzz_rasp' at 51647.106s (0.160s) as ins_buzz_medium+ins_buzz_rasp+mech_auto
485.2s - extractor 0: rescued 'animal' at 51690.320s (0.230s) as animal+mech_auto
485.4s - extractor 0: rescued 'ambient_noise' at 51765.190s (0.238s) as ambient_noise+mech_auto
485.6s - extractor 0: rescued 'animal' at 51768.217s (0.166s) as animal+mech_auto
485.6s - extractor 0: Luke - Diel Drivers/2026-04-08/1_150/260408_1942 snip [11/16] snip_55050.000_55410.000.flac
490.4s - extractor 0: rescued 'ambient_background' at 55146.292s (0.266s) as ambient_background+ins_buzz_medium+ins_buzz_medium_quiet
490.7s - extractor 0: rescued 'ambient_background' at 55163.603s (0.181s) as ambient_background+ins_buzz_medium
490.7s - extractor 0: Luke - Diel Drivers/2026-04-08/1_150/260408_1942 snip [12/16] snip_58650.000_59010.000.flac
495.5s - extractor 0: rescued 'ins_buzz_medium' at 58918.103s (0.269s) as ins_buzz_medium+mech_auto
495.7s - extractor 0: rescued 'ambient_noise' at 58955.671s (0.166s) as ambient_noise+mech_auto+mech_plane
495.7s - extractor 0: Luke - Diel Drivers/2026-04-08/1_150/260408_1942 snip [13/16] snip_65850.000_66210.000.flac
500.6s - extractor 0: rescued 'ambient_noise' at 65899.329s (0.095s) as ambient_noise+mech_auto
500.8s - extractor 0: rescued 'ambient_noise' at 65929.017s (0.317s) as ambient_noise+mech_auto
501.0s - extractor 0: rescued 'animal' at 66103.772s (0.119s) as animal+mech_auto
501.3s - extractor 0: rescued 'animal' at 66106.606s (0.159s) as animal+mech_auto
501.3s - extractor 0: Luke - Diel Drivers/2026-04-08/1_150/260408_1942 snip [14/16] snip_69450.000_69810.000.flac
506.1s - extractor 0: rescued 'ambient_background' at 69620.342s (0.156s) as ambient_background+human+ins_buzz_medium
506.1s - extractor 0: Luke - Diel Drivers/2026-04-08/1_150/260408_1942 snip [15/16] snip_73050.095_73410.000.flac
511.1s - extractor 0: rescued 'ambient_background' at 73120.000s (0.182s) as ambient_background+ambient_noise+animal
511.4s - extractor 0: rescued 'ins_buzz_medium_quiet' at 73191.902s (0.341s) as ambient_background+ins_buzz_medium_quiet
511.6s - extractor 0: rescued 'ins_buzz_medium_quiet' at 73243.743s (0.214s) as ambient_background+ins_buzz_medium_quiet
511.8s - extractor 0: rescued 'animal' at 73364.657s (0.111s) as animal+mech_auto
511.8s - extractor 0: Luke - Diel Drivers/2026-04-08/1_150/260408_1942 snip [16/16] snip_76650.000_77010.000.flac
516.9s - extractor 0: rescued 'animal' at 76703.053s (0.372s) as ambient_background+animal+mech_auto
517.1s - extractor 0: rescued 'ambient_noise' at 76741.500s (0.087s) as ambient_noise
517.3s - extractor 0: rescued 'ambient_noise' at 76762.842s (0.071s) as ambient_background+ambient_noise+mech_auto
517.6s - extractor 0: rescued 'animal' at 76946.059s (0.190s) as ambient_background+animal
518.6s - extractor 0: [5] Luke - Diel Drivers/2026-04-08/1_150/260408_1942 — 16 snip(s) → 5091 frames, 59 label(s) (ident took 89.6s)
518.6s - extractor 0: [6] Luke - Diel Drivers/2026-05-06/1_95/260506_1924 — starting (embeddings)
518.6s - extractor 0: Luke - Diel Drivers/2026-05-06/1_95/260506_1924 snip [1/24] snip_16530.000_16890.000.flac
523.5s - extractor 0: rescued 'ambient_noise' at 16582.241s (0.101s) as ambient_noise+mech_machinery
523.5s - extractor 0: Luke - Diel Drivers/2026-05-06/1_95/260506_1924 snip [2/24] snip_20130.000_20490.000.flac
528.1s - extractor 0: Luke - Diel Drivers/2026-05-06/1_95/260506_1924 snip [3/24] snip_23730.000_24090.000.flac
532.7s - extractor 0: Luke - Diel Drivers/2026-05-06/1_95/260506_1924 snip [4/24] snip_27330.000_27690.000.flac
537.4s - extractor 0: Luke - Diel Drivers/2026-05-06/1_95/260506_1924 snip [5/24] snip_30930.000_31290.000.flac
542.0s - extractor 0: Luke - Diel Drivers/2026-05-06/1_95/260506_1924 snip [6/24] snip_34530.000_34890.000.flac
546.6s - extractor 0: Luke - Diel Drivers/2026-05-06/1_95/260506_1924 snip [7/24] snip_38130.000_38490.000.flac
551.3s - extractor 0: Luke - Diel Drivers/2026-05-06/1_95/260506_1924 snip [8/24] snip_41730.000_42090.000.flac
556.2s - extractor 0: Luke - Diel Drivers/2026-05-06/1_95/260506_1924 snip [9/24] snip_45330.000_45690.000.flac
560.8s - extractor 0: Luke - Diel Drivers/2026-05-06/1_95/260506_1924 snip [10/24] snip_48930.043_49290.000.flac
565.4s - extractor 0: Luke - Diel Drivers/2026-05-06/1_95/260506_1924 snip [11/24] snip_52530.000_52890.000.flac
570.5s - extractor 0: rescued 'ambient_noise' at 52615.813s (0.219s) as ambient_noise+mech_machinery
570.5s - extractor 0: Luke - Diel Drivers/2026-05-06/1_95/260506_1924 snip [12/24] snip_56130.000_56490.000.flac
575.6s - extractor 0: rescued 'ambient_background' at 56396.685s (0.250s) as ambient_background+ambient_music+animal
575.9s - extractor 0: rescued 'ambient_background' at 56400.560s (0.290s) as ambient_background+ambient_music+human
575.9s - extractor 0: Luke - Diel Drivers/2026-05-06/1_95/260506_1924 snip [13/24] snip_59730.000_60090.000.flac
581.8s - extractor 0: rescued 'ambient_music' at 59871.399s (0.191s) as ambient_background+ambient_music
582.0s - extractor 0: rescued 'ambient_background' at 59947.359s (0.257s) as ambient_background+ambient_noise+human
582.0s - extractor 0: Luke - Diel Drivers/2026-05-06/1_95/260506_1924 snip [14/24] snip_63330.000_63690.000.flac
586.9s - extractor 0: rescued 'ambient_noise' at 63364.024s (0.072s) as ambient_noise+mech_machinery
587.1s - extractor 0: rescued 'ambient_background' at 63457.953s (0.172s) as ambient_background+ambient_noise
587.1s - extractor 0: Luke - Diel Drivers/2026-05-06/1_95/260506_1924 snip [15/24] snip_66930.000_67290.000.flac
592.4s - extractor 0: rescued 'ambient_noise' at 66966.872s (0.184s) as ambient_noise+ins_buzz_low+ins_buzz_pollination
592.6s - extractor 0: rescued 'ambient_noise' at 67050.392s (0.173s) as ambient_noise+mech_auto+mech_machinery
592.7s - extractor 0: Luke - Diel Drivers/2026-05-06/1_95/260506_1924 snip [16/24] snip_70530.025_70890.000.flac
598.0s - extractor 0: rescued 'ambient_background' at 70566.821s (0.172s) as ambient_background+ambient_noise+ins_buzz_medium_quiet
598.3s - extractor 0: rescued 'ambient_music' at 70571.595s (0.301s) as ambient_background+ambient_music
598.5s - extractor 0: rescued 'ambient_music' at 70577.366s (0.173s) as ambient_background+ambient_music
598.7s - extractor 0: rescued 'ambient_background' at 70578.340s (0.246s) as ambient_background+ambient_music
598.9s - extractor 0: rescued 'ambient_background' at 70674.725s (0.296s) as ambient_background+ins_buzz_low+ins_buzz_pollination
599.1s - extractor 0: rescued 'ambient_background' at 70763.038s (0.214s) as ambient_background+ambient_noise+human
599.4s - extractor 0: rescued 'ambient_music' at 70805.280s (0.256s) as ambient_background+ambient_music
599.6s - extractor 0: rescued 'ambient_background' at 70821.609s (0.196s) as ambient_background+ins_buzz_low+ins_buzz_pollination
599.6s - extractor 0: Luke - Diel Drivers/2026-05-06/1_95/260506_1924 snip [17/24] snip_74130.063_74490.000.flac
604.5s - extractor 0: rescued 'ambient_noise' at 74378.150s (0.095s) as ambient_background+ambient_noise
604.7s - extractor 0: rescued 'ambient_background' at 74395.284s (0.202s) as ambient_background+ambient_noise+human
604.7s - extractor 0: Luke - Diel Drivers/2026-05-06/1_95/260506_1924 snip [18/24] snip_77730.000_78090.000.flac
609.6s - extractor 0: Luke - Diel Drivers/2026-05-06/1_95/260506_1924 snip [19/24] snip_81330.000_81690.000.flac
614.5s - extractor 0: rescued 'human' at 81473.438s (0.147s) as ambient_background+human
614.7s - extractor 0: rescued 'human' at 81544.348s (0.204s) as ambient_noise+human
614.7s - extractor 0: Luke - Diel Drivers/2026-05-06/1_95/260506_1924 snip [20/24] snip_84930.000_85290.000.flac
619.4s - extractor 0: Luke - Diel Drivers/2026-05-06/1_95/260506_1924 snip [21/24] snip_88530.000_88890.000.flac
624.1s - extractor 0: Luke - Diel Drivers/2026-05-06/1_95/260506_1924 snip [22/24] snip_92130.000_92490.000.flac
628.7s - extractor 0: Luke - Diel Drivers/2026-05-06/1_95/260506_1924 snip [23/24] snip_95730.000_96090.000.flac
633.4s - extractor 0: Luke - Diel Drivers/2026-05-06/1_95/260506_1924 snip [24/24] snip_99330.000_99690.000.flac
639.6s - extractor 0: [6] Luke - Diel Drivers/2026-05-06/1_95/260506_1924 — 24 snip(s) → 7572 frames, 120 label(s) (ident took 120.9s)
639.6s - extractor 0: [7] Luke - Various Opportunistic Recordings/2025-06-23/1_23/250623_0857 — starting (embeddings)
639.6s - extractor 0: Luke - Various Opportunistic Recordings/2025-06-23/1_23/250623_0857 snip [1/3] snip_100950.015_101310.000.flac
644.1s - extractor 0: rescued 'ambient_noise' at 101189.344s (0.239s) as ambient_noise+mech_machinery
644.1s - extractor 0: Luke - Various Opportunistic Recordings/2025-06-23/1_23/250623_0857 snip [2/3] snip_104550.000_104910.000.flac
649.7s - extractor 0: rescued 'ambient_background' at 104593.947s (0.139s) as ambient_background+ins_buzz_medium+mech_machinery
649.9s - extractor 0: rescued 'ambient_background' at 104698.326s (0.315s) as ambient_background+ins_buzz_medium+mech_hum
650.1s - extractor 0: rescued 'ambient_background' at 104857.446s (0.149s) as ambient_background+ins_buzz_medium+mech_machinery
650.1s - extractor 0: Luke - Various Opportunistic Recordings/2025-06-23/1_23/250623_0857 snip [3/3] snip_108150.000_108510.000.flac
654.7s - extractor 0: rescued 'ambient_noise' at 108468.163s (0.101s) as ambient_noise+mech_auto
654.8s - extractor 0: [7] Luke - Various Opportunistic Recordings/2025-06-23/1_23/250623_0857 — 3 snip(s) → 952 frames, 40 label(s) (ident took 15.2s)
654.8s - extractor 0: [8] Luke - Various Opportunistic Recordings/2025-07-03/1_37/250703_1635 — starting (embeddings)
654.8s - extractor 0: Luke - Various Opportunistic Recordings/2025-07-03/1_37/250703_1635 snip [1/16] snip_102270.000_102630.000.flac
659.4s - extractor 0: rescued 'ambient_noise' at 102455.670s (0.127s) as ambient_background+ambient_noise
659.6s - extractor 0: rescued 'ambient_background' at 102525.624s (0.225s) as ambient_background+ambient_noise+animal
659.8s - extractor 0: rescued 'animal' at 102545.959s (0.165s) as ambient_background+animal
660.0s - extractor 0: rescued 'ambient_noise' at 102565.104s (0.126s) as ambient_background+ambient_noise
660.0s - extractor 0: Luke - Various Opportunistic Recordings/2025-07-03/1_37/250703_1635 snip [2/16] snip_48270.000_48629.978.flac
664.4s - extractor 0: Luke - Various Opportunistic Recordings/2025-07-03/1_37/250703_1635 snip [3/16] snip_51870.000_52230.000.flac
668.7s - extractor 0: Luke - Various Opportunistic Recordings/2025-07-03/1_37/250703_1635 snip [4/16] snip_55470.000_55829.978.flac
673.1s - extractor 0: Luke - Various Opportunistic Recordings/2025-07-03/1_37/250703_1635 snip [5/16] snip_59070.000_59430.004.flac
677.9s - extractor 0: rescued 'ambient_background' at 59140.399s (0.208s) as ambient_background+ins_buzz_medium_loud+ins_buzz_medium_quiet
678.0s - extractor 0: Luke - Various Opportunistic Recordings/2025-07-03/1_37/250703_1635 snip [6/16] snip_62670.000_63030.000.flac
682.5s - extractor 0: rescued 'ins_buzz_high' at 62741.407s (0.229s) as ambient_background+ins_buzz_high
682.5s - extractor 0: Luke - Various Opportunistic Recordings/2025-07-03/1_37/250703_1635 snip [7/16] snip_66270.000_66630.000.flac
686.9s - extractor 0: Luke - Various Opportunistic Recordings/2025-07-03/1_37/250703_1635 snip [8/16] snip_69870.000_70230.000.flac
691.2s - extractor 0: Luke - Various Opportunistic Recordings/2025-07-03/1_37/250703_1635 snip [9/16] snip_73470.000_73830.000.flac
695.5s - extractor 0: Luke - Various Opportunistic Recordings/2025-07-03/1_37/250703_1635 snip [10/16] snip_77070.000_77430.000.flac
699.9s - extractor 0: Luke - Various Opportunistic Recordings/2025-07-03/1_37/250703_1635 snip [11/16] snip_80670.000_81030.000.flac
704.2s - extractor 0: Luke - Various Opportunistic Recordings/2025-07-03/1_37/250703_1635 snip [12/16] snip_84270.000_84630.000.flac
708.5s - extractor 0: Luke - Various Opportunistic Recordings/2025-07-03/1_37/250703_1635 snip [13/16] snip_87870.000_88230.000.flac
712.9s - extractor 0: Luke - Various Opportunistic Recordings/2025-07-03/1_37/250703_1635 snip [14/16] snip_91470.000_91830.000.flac
717.2s - extractor 0: Luke - Various Opportunistic Recordings/2025-07-03/1_37/250703_1635 snip [15/16] snip_95070.000_95430.000.flac
721.6s - extractor 0: Luke - Various Opportunistic Recordings/2025-07-03/1_37/250703_1635 snip [16/16] snip_98670.000_99030.000.flac
726.1s - extractor 0: rescued 'ambient_noise' at 98797.085s (0.159s) as ambient_background+ambient_noise
727.2s - extractor 0: [8] Luke - Various Opportunistic Recordings/2025-07-03/1_37/250703_1635 — 16 snip(s) → 5033 frames, 34 label(s) (ident took 72.4s)
727.2s - extractor 0: [9] Luke - Various Opportunistic Recordings/2025-08-05/31/250805_1247 — starting (embeddings)
727.2s - extractor 0: Luke - Various Opportunistic Recordings/2025-08-05/31/250805_1247 snip [1/3] snip_101550.000_101910.000.flac
731.4s - extractor 0: Luke - Various Opportunistic Recordings/2025-08-05/31/250805_1247 snip [2/3] snip_69150.000_69510.000.flac
735.7s - extractor 0: Luke - Various Opportunistic Recordings/2025-08-05/31/250805_1247 snip [3/3] snip_72750.000_73110.000.flac
740.2s - extractor 0: [9] Luke - Various Opportunistic Recordings/2025-08-05/31/250805_1247 — 3 snip(s) → 942 frames, 20 label(s) (ident took 13.0s)
740.2s - extractor 0: [10] Luke - Various Opportunistic Recordings/2025-08-12/1_114/250812_1225 — starting (embeddings)
740.2s - extractor 0: Luke - Various Opportunistic Recordings/2025-08-12/1_114/250812_1225 snip [1/16] snip_102870.000_103230.000.flac
744.6s - extractor 0: Luke - Various Opportunistic Recordings/2025-08-12/1_114/250812_1225 snip [2/16] snip_106470.000_106830.000.flac
749.0s - extractor 0: Luke - Various Opportunistic Recordings/2025-08-12/1_114/250812_1225 snip [3/16] snip_110070.000_110430.000.flac
753.4s - extractor 0: Luke - Various Opportunistic Recordings/2025-08-12/1_114/250812_1225 snip [4/16] snip_113670.000_114030.000.flac
757.8s - extractor 0: Luke - Various Opportunistic Recordings/2025-08-12/1_114/250812_1225 snip [5/16] snip_117270.000_117630.000.flac
762.2s - extractor 0: Luke - Various Opportunistic Recordings/2025-08-12/1_114/250812_1225 snip [6/16] snip_120870.000_121230.000.flac
766.5s - extractor 0: Luke - Various Opportunistic Recordings/2025-08-12/1_114/250812_1225 snip [7/16] snip_124470.000_124830.000.flac
770.9s - extractor 0: Luke - Various Opportunistic Recordings/2025-08-12/1_114/250812_1225 snip [8/16] snip_41670.000_42030.000.flac
775.3s - extractor 0: Luke - Various Opportunistic Recordings/2025-08-12/1_114/250812_1225 snip [9/16] snip_45270.000_45630.000.flac
779.7s - extractor 0: Luke - Various Opportunistic Recordings/2025-08-12/1_114/250812_1225 snip [10/16] snip_48870.000_49230.000.flac
784.0s - extractor 0: Luke - Various Opportunistic Recordings/2025-08-12/1_114/250812_1225 snip [11/16] snip_52470.000_52830.000.flac
788.4s - extractor 0: Luke - Various Opportunistic Recordings/2025-08-12/1_114/250812_1225 snip [12/16] snip_56070.000_56430.000.flac
792.7s - extractor 0: Luke - Various Opportunistic Recordings/2025-08-12/1_114/250812_1225 snip [13/16] snip_59670.000_60030.000.flac
797.1s - extractor 0: Luke - Various Opportunistic Recordings/2025-08-12/1_114/250812_1225 snip [14/16] snip_63270.000_63630.000.flac
801.5s - extractor 0: Luke - Various Opportunistic Recordings/2025-08-12/1_114/250812_1225 snip [15/16] snip_66870.000_67230.000.flac
806.2s - extractor 0: rescued 'ins_buzz_low_quiet' at 67079.565s (0.306s) as ins_buzz_low_quiet+ins_trill
806.2s - extractor 0: Luke - Various Opportunistic Recordings/2025-08-12/1_114/250812_1225 snip [16/16] snip_92070.000_92430.000.flac
811.6s - extractor 0: [10] Luke - Various Opportunistic Recordings/2025-08-12/1_114/250812_1225 — 16 snip(s) → 5025 frames, 56 label(s) (ident took 71.4s)
811.6s - extractor 0: [11] Luke - Various Opportunistic Recordings/2025-08-27/48/250827_1828 — starting (embeddings)
811.6s - extractor 0: Luke - Various Opportunistic Recordings/2025-08-27/48/250827_1828 snip [1/5] snip_19890.000_20250.000.flac
815.8s - extractor 0: Luke - Various Opportunistic Recordings/2025-08-27/48/250827_1828 snip [2/5] snip_23490.000_23850.000.flac
820.1s - extractor 0: Luke - Various Opportunistic Recordings/2025-08-27/48/250827_1828 snip [3/5] snip_27090.000_27450.000.flac
824.3s - extractor 0: Luke - Various Opportunistic Recordings/2025-08-27/48/250827_1828 snip [4/5] snip_41490.000_41850.000.flac
828.5s - extractor 0: Luke - Various Opportunistic Recordings/2025-08-27/48/250827_1828 snip [5/5] snip_48690.000_49050.000.flac
833.0s - extractor 0: rescued 'ambient_noise' at 48725.803s (0.238s) as ambient_background+ambient_noise
833.3s - extractor 0: [11] Luke - Various Opportunistic Recordings/2025-08-27/48/250827_1828 — 5 snip(s) → 1571 frames, 27 label(s) (ident took 21.8s)
833.3s - extractor 0: [12] Luke - Various Opportunistic Recordings/2026-07-27/1_25/260727_1632 — starting (embeddings)
833.3s - extractor 0: Luke - Various Opportunistic Recordings/2026-07-27/1_25/260727_1632 snip [1/1] snip_41250.000_41610.000.flac
837.6s - extractor 0: [12] Luke - Various Opportunistic Recordings/2026-07-27/1_25/260727_1632 — 1 snip(s) → 314 frames, 4 label(s) (ident took 4.2s)
837.6s - extractor 0: [13] Chia - Bee Audio 2022 Original/7-13-22_SouthCharleston/1/220713_0941_01 — starting (embeddings)
837.6s - extractor 0: Chia - Bee Audio 2022 Original/7-13-22_SouthCharleston/1/220713_0941_01 snip [1/158] snip_100751.830_100814.830.flac
837.9s - extractor 0: Chia - Bee Audio 2022 Original/7-13-22_SouthCharleston/1/220713_0941_01 snip [2/158] snip_101618.220_101679.250.flac
838.1s - extractor 0: Chia - Bee Audio 2022 Original/7-13-22_SouthCharleston/1/220713_0941_01 snip [3/158] snip_101856.890_101917.890.flac
838.4s - extractor 0: Chia - Bee Audio 2022 Original/7-13-22_SouthCharleston/1/220713_0941_01 snip [4/158] snip_102503.480_102566.480.flac
838.6s - extractor 0: Chia - Bee Audio 2022 Original/7-13-22_SouthCharleston/1/220713_0941_01 snip [5/158] snip_106371.640_106432.640.flac
838.9s - extractor 0: Chia - Bee Audio 2022 Original/7-13-22_SouthCharleston/1/220713_0941_01 snip [6/158] snip_108709.510_108772.510.flac
839.2s - extractor 0: Chia - Bee Audio 2022 Original/7-13-22_SouthCharleston/1/220713_0941_01 snip [7/158] snip_109065.750_109378.740.flac
844.0s - extractor 0: rescued 'ambient_noise' at 109152.430s (0.180s) as ambient_noise+mech_plane
844.0s - extractor 0: Chia - Bee Audio 2022 Original/7-13-22_SouthCharleston/1/220713_0941_01 snip [8/158] snip_110663.920_110726.920.flac
844.3s - extractor 0: Chia - Bee Audio 2022 Original/7-13-22_SouthCharleston/1/220713_0941_01 snip [9/158] snip_111276.780_111369.970.flac
844.7s - extractor 0: Chia - Bee Audio 2022 Original/7-13-22_SouthCharleston/1/220713_0941_01 snip [10/158] snip_111749.990_111812.990.flac
845.0s - extractor 0: Chia - Bee Audio 2022 Original/7-13-22_SouthCharleston/1/220713_0941_01 snip [11/158] snip_113064.080_113127.080.flac
845.3s - extractor 0: Chia - Bee Audio 2022 Original/7-13-22_SouthCharleston/1/220713_0941_01 snip [12/158] snip_114134.520_114197.520.flac
845.5s - extractor 0: Chia - Bee Audio 2022 Original/7-13-22_SouthCharleston/1/220713_0941_01 snip [13/158] snip_114668.860_114729.860.flac
845.8s - extractor 0: Chia - Bee Audio 2022 Original/7-13-22_SouthCharleston/1/220713_0941_01 snip [14/158] snip_115150.800_115213.800.flac
846.0s - extractor 0: Chia - Bee Audio 2022 Original/7-13-22_SouthCharleston/1/220713_0941_01 snip [15/158] snip_115635.120_115696.110.flac
846.3s - extractor 0: Chia - Bee Audio 2022 Original/7-13-22_SouthCharleston/1/220713_0941_01 snip [16/158] snip_116110.960_116171.960.flac
846.5s - extractor 0: Chia - Bee Audio 2022 Original/7-13-22_SouthCharleston/1/220713_0941_01 snip [17/158] snip_117128.500_117488.430.flac
854.7s - extractor 0: Chia - Bee Audio 2022 Original/7-13-22_SouthCharleston/1/220713_0941_01 snip [18/158] snip_12037.080_12098.080.flac
855.0s - extractor 0: Chia - Bee Audio 2022 Original/7-13-22_SouthCharleston/1/220713_0941_01 snip [19/158] snip_12105.690_12166.690.flac
855.2s - extractor 0: Chia - Bee Audio 2022 Original/7-13-22_SouthCharleston/1/220713_0941_01 snip [20/158] snip_12268.880_12331.880.flac
855.5s - extractor 0: Chia - Bee Audio 2022 Original/7-13-22_SouthCharleston/1/220713_0941_01 snip [21/158] snip_127110.000_127173.000.flac
855.7s - extractor 0: Chia - Bee Audio 2022 Original/7-13-22_SouthCharleston/1/220713_0941_01 snip [22/158] snip_130710.000_130773.000.flac
856.0s - extractor 0: Chia - Bee Audio 2022 Original/7-13-22_SouthCharleston/1/220713_0941_01 snip [23/158] snip_134310.000_134373.000.flac
856.3s - extractor 0: Chia - Bee Audio 2022 Original/7-13-22_SouthCharleston/1/220713_0941_01 snip [24/158] snip_13622.060_13683.060.flac
856.5s - extractor 0: Chia - Bee Audio 2022 Original/7-13-22_SouthCharleston/1/220713_0941_01 snip [25/158] snip_13759.790_13849.960.flac
857.0s - extractor 0: Chia - Bee Audio 2022 Original/7-13-22_SouthCharleston/1/220713_0941_01 snip [26/158] snip_137910.000_137973.000.flac
857.3s - extractor 0: Chia - Bee Audio 2022 Original/7-13-22_SouthCharleston/1/220713_0941_01 snip [27/158] snip_13915.440_13976.440.flac
857.5s - extractor 0: Chia - Bee Audio 2022 Original/7-13-22_SouthCharleston/1/220713_0941_01 snip [28/158] snip_13980.140_14083.430.flac
858.2s - extractor 0: Chia - Bee Audio 2022 Original/7-13-22_SouthCharleston/1/220713_0941_01 snip [29/158] snip_141868.980_141931.980.flac
858.5s - extractor 0: Chia - Bee Audio 2022 Original/7-13-22_SouthCharleston/1/220713_0941_01 snip [30/158] snip_14335.610_14685.250.flac
862.8s - extractor 0: Chia - Bee Audio 2022 Original/7-13-22_SouthCharleston/1/220713_0941_01 snip [31/158] snip_145110.000_145173.000.flac
863.1s - extractor 0: Chia - Bee Audio 2022 Original/7-13-22_SouthCharleston/1/220713_0941_01 snip [32/158] snip_14692.490_14770.960.flac
863.5s - extractor 0: Chia - Bee Audio 2022 Original/7-13-22_SouthCharleston/1/220713_0941_01 snip [33/158] snip_148710.000_148773.000.flac
863.8s - extractor 0: Chia - Bee Audio 2022 Original/7-13-22_SouthCharleston/1/220713_0941_01 snip [34/158] snip_14872.910_14933.900.flac
864.0s - extractor 0: Chia - Bee Audio 2022 Original/7-13-22_SouthCharleston/1/220713_0941_01 snip [35/158] snip_152310.000_152373.000.flac
864.3s - extractor 0: Chia - Bee Audio 2022 Original/7-13-22_SouthCharleston/1/220713_0941_01 snip [36/158] snip_15436.830_15654.580.flac
866.0s - extractor 0: Chia - Bee Audio 2022 Original/7-13-22_SouthCharleston/1/220713_0941_01 snip [37/158] snip_155910.000_155973.000.flac
866.3s - extractor 0: Chia - Bee Audio 2022 Original/7-13-22_SouthCharleston/1/220713_0941_01 snip [38/158] snip_15661.690_15799.480.flac
867.5s - extractor 0: Chia - Bee Audio 2022 Original/7-13-22_SouthCharleston/1/220713_0941_01 snip [39/158] snip_15837.240_15924.240.flac
867.9s - extractor 0: Chia - Bee Audio 2022 Original/7-13-22_SouthCharleston/1/220713_0941_01 snip [40/158] snip_159510.000_159573.000.flac
868.2s - extractor 0: Chia - Bee Audio 2022 Original/7-13-22_SouthCharleston/1/220713_0941_01 snip [41/158] snip_16244.010_16305.010.flac
868.4s - extractor 0: Chia - Bee Audio 2022 Original/7-13-22_SouthCharleston/1/220713_0941_01 snip [42/158] snip_16324.160_16387.160.flac
868.7s - extractor 0: Chia - Bee Audio 2022 Original/7-13-22_SouthCharleston/1/220713_0941_01 snip [43/158] snip_16406.510_16467.510.flac
869.0s - extractor 0: Chia - Bee Audio 2022 Original/7-13-22_SouthCharleston/1/220713_0941_01 snip [44/158] snip_167201.950_167262.950.flac
869.2s - extractor 0: Chia - Bee Audio 2022 Original/7-13-22_SouthCharleston/1/220713_0941_01 snip [45/158] snip_16770.830_16870.690.flac
869.9s - extractor 0: Chia - Bee Audio 2022 Original/7-13-22_SouthCharleston/1/220713_0941_01 snip [46/158] snip_168420.200_168483.200.flac
870.2s - extractor 0: Chia - Bee Audio 2022 Original/7-13-22_SouthCharleston/1/220713_0941_01 snip [47/158] snip_16874.700_16951.300.flac
870.9s - extractor 0: Chia - Bee Audio 2022 Original/7-13-22_SouthCharleston/1/220713_0941_01 snip [48/158] snip_169367.080_169428.080.flac
871.1s - extractor 0: Chia - Bee Audio 2022 Original/7-13-22_SouthCharleston/1/220713_0941_01 snip [49/158] snip_16966.970_17027.970.flac
871.4s - extractor 0: Chia - Bee Audio 2022 Original/7-13-22_SouthCharleston/1/220713_0941_01 snip [50/158] snip_17032.600_17130.240.flac
871.9s - extractor 0: Chia - Bee Audio 2022 Original/7-13-22_SouthCharleston/1/220713_0941_01 snip [51/158] snip_170627.910_170690.910.flac
872.2s - extractor 0: Chia - Bee Audio 2022 Original/7-13-22_SouthCharleston/1/220713_0941_01 snip [52/158] snip_17178.010_17316.600.flac
873.8s - extractor 0: Chia - Bee Audio 2022 Original/7-13-22_SouthCharleston/1/220713_0941_01 snip [53/158] snip_17388.640_17449.640.flac
874.1s - extractor 0: Chia - Bee Audio 2022 Original/7-13-22_SouthCharleston/1/220713_0941_01 snip [54/158] snip_17486.090_17583.170.flac
874.8s - extractor 0: Chia - Bee Audio 2022 Original/7-13-22_SouthCharleston/1/220713_0941_01 snip [55/158] snip_175019.330_175082.330.flac
875.1s - extractor 0: Chia - Bee Audio 2022 Original/7-13-22_SouthCharleston/1/220713_0941_01 snip [56/158] snip_17591.800_17737.940.flac
875.8s - extractor 0: Chia - Bee Audio 2022 Original/7-13-22_SouthCharleston/1/220713_0941_01 snip [57/158] snip_177521.100_177582.100.flac
876.0s - extractor 0: Chia - Bee Audio 2022 Original/7-13-22_SouthCharleston/1/220713_0941_01 snip [58/158] snip_177687.910_177750.910.flac
876.3s - extractor 0: Chia - Bee Audio 2022 Original/7-13-22_SouthCharleston/1/220713_0941_01 snip [59/158] snip_178463.880_178568.660.flac
876.8s - extractor 0: Chia - Bee Audio 2022 Original/7-13-22_SouthCharleston/1/220713_0941_01 snip [60/158] snip_17862.750_17932.960.flac
877.3s - extractor 0: Chia - Bee Audio 2022 Original/7-13-22_SouthCharleston/1/220713_0941_01 snip [61/158] snip_17969.600_18264.850.flac
879.9s - extractor 0: Chia - Bee Audio 2022 Original/7-13-22_SouthCharleston/1/220713_0941_01 snip [62/158] snip_18332.510_18483.590.flac
881.1s - extractor 0: Chia - Bee Audio 2022 Original/7-13-22_SouthCharleston/1/220713_0941_01 snip [63/158] snip_18567.290_18628.290.flac
881.3s - extractor 0: Chia - Bee Audio 2022 Original/7-13-22_SouthCharleston/1/220713_0941_01 snip [64/158] snip_18665.260_18726.260.flac
881.5s - extractor 0: Chia - Bee Audio 2022 Original/7-13-22_SouthCharleston/1/220713_0941_01 snip [65/158] snip_19335.180_19396.180.flac
881.8s - extractor 0: Chia - Bee Audio 2022 Original/7-13-22_SouthCharleston/1/220713_0941_01 snip [66/158] snip_20406.950_20469.950.flac
882.0s - extractor 0: Chia - Bee Audio 2022 Original/7-13-22_SouthCharleston/1/220713_0941_01 snip [67/158] snip_20671.720_20764.390.flac
882.5s - extractor 0: Chia - Bee Audio 2022 Original/7-13-22_SouthCharleston/1/220713_0941_01 snip [68/158] snip_20871.530_20952.920.flac
883.0s - extractor 0: Chia - Bee Audio 2022 Original/7-13-22_SouthCharleston/1/220713_0941_01 snip [69/158] snip_21183.080_21244.080.flac
883.2s - extractor 0: Chia - Bee Audio 2022 Original/7-13-22_SouthCharleston/1/220713_0941_01 snip [70/158] snip_21304.320_21365.320.flac
883.5s - extractor 0: Chia - Bee Audio 2022 Original/7-13-22_SouthCharleston/1/220713_0941_01 snip [71/158] snip_21480.910_21541.910.flac
883.7s - extractor 0: Chia - Bee Audio 2022 Original/7-13-22_SouthCharleston/1/220713_0941_01 snip [72/158] snip_21776.960_21839.960.flac
884.0s - extractor 0: Chia - Bee Audio 2022 Original/7-13-22_SouthCharleston/1/220713_0941_01 snip [73/158] snip_22074.800_22135.800.flac
884.2s - extractor 0: Chia - Bee Audio 2022 Original/7-13-22_SouthCharleston/1/220713_0941_01 snip [74/158] snip_22414.480_22477.480.flac
884.5s - extractor 0: Chia - Bee Audio 2022 Original/7-13-22_SouthCharleston/1/220713_0941_01 snip [75/158] snip_22756.190_22817.190.flac
884.8s - extractor 0: Chia - Bee Audio 2022 Original/7-13-22_SouthCharleston/1/220713_0941_01 snip [76/158] snip_22986.040_23049.040.flac
885.0s - extractor 0: Chia - Bee Audio 2022 Original/7-13-22_SouthCharleston/1/220713_0941_01 snip [77/158] snip_23218.120_23279.120.flac
885.3s - extractor 0: Chia - Bee Audio 2022 Original/7-13-22_SouthCharleston/1/220713_0941_01 snip [78/158] snip_23370.000_23433.000.flac
885.5s - extractor 0: Chia - Bee Audio 2022 Original/7-13-22_SouthCharleston/1/220713_0941_01 snip [79/158] snip_23523.760_23584.760.flac
885.8s - extractor 0: Chia - Bee Audio 2022 Original/7-13-22_SouthCharleston/1/220713_0941_01 snip [80/158] snip_23623.760_23686.760.flac
886.0s - extractor 0: Chia - Bee Audio 2022 Original/7-13-22_SouthCharleston/1/220713_0941_01 snip [81/158] snip_23725.840_23786.840.flac
886.3s - extractor 0: Chia - Bee Audio 2022 Original/7-13-22_SouthCharleston/1/220713_0941_01 snip [82/158] snip_24013.160_24076.160.flac
886.5s - extractor 0: Chia - Bee Audio 2022 Original/7-13-22_SouthCharleston/1/220713_0941_01 snip [83/158] snip_24302.270_24363.270.flac
886.8s - extractor 0: Chia - Bee Audio 2022 Original/7-13-22_SouthCharleston/1/220713_0941_01 snip [84/158] snip_24409.010_24472.010.flac
887.1s - extractor 0: Chia - Bee Audio 2022 Original/7-13-22_SouthCharleston/1/220713_0941_01 snip [85/158] snip_24518.010_24579.010.flac
887.3s - extractor 0: Chia - Bee Audio 2022 Original/7-13-22_SouthCharleston/1/220713_0941_01 snip [86/158] snip_24713.080_24774.080.flac
887.5s - extractor 0: Chia - Bee Audio 2022 Original/7-13-22_SouthCharleston/1/220713_0941_01 snip [87/158] snip_25471.370_25532.370.flac
887.8s - extractor 0: Chia - Bee Audio 2022 Original/7-13-22_SouthCharleston/1/220713_0941_01 snip [88/158] snip_25657.640_25720.640.flac
888.0s - extractor 0: Chia - Bee Audio 2022 Original/7-13-22_SouthCharleston/1/220713_0941_01 snip [89/158] snip_25846.250_25907.250.flac
888.3s - extractor 0: Chia - Bee Audio 2022 Original/7-13-22_SouthCharleston/1/220713_0941_01 snip [90/158] snip_26257.720_26320.720.flac
888.6s - extractor 0: Chia - Bee Audio 2022 Original/7-13-22_SouthCharleston/1/220713_0941_01 snip [91/158] snip_26671.260_26732.260.flac
888.8s - extractor 0: Chia - Bee Audio 2022 Original/7-13-22_SouthCharleston/1/220713_0941_01 snip [92/158] snip_27603.000_27676.240.flac
889.3s - extractor 0: Chia - Bee Audio 2022 Original/7-13-22_SouthCharleston/1/220713_0941_01 snip [93/158] snip_27786.790_27849.790.flac
889.5s - extractor 0: Chia - Bee Audio 2022 Original/7-13-22_SouthCharleston/1/220713_0941_01 snip [94/158] snip_28904.010_28965.010.flac
889.8s - extractor 0: Chia - Bee Audio 2022 Original/7-13-22_SouthCharleston/1/220713_0941_01 snip [95/158] snip_29235.270_29298.270.flac
890.0s - extractor 0: Chia - Bee Audio 2022 Original/7-13-22_SouthCharleston/1/220713_0941_01 snip [96/158] snip_3212.410_3322.150.flac
891.0s - extractor 0: Chia - Bee Audio 2022 Original/7-13-22_SouthCharleston/1/220713_0941_01 snip [97/158] snip_33144.770_33207.770.flac
891.3s - extractor 0: Chia - Bee Audio 2022 Original/7-13-22_SouthCharleston/1/220713_0941_01 snip [98/158] snip_334.670_397.630.flac
891.5s - extractor 0: Chia - Bee Audio 2022 Original/7-13-22_SouthCharleston/1/220713_0941_01 snip [99/158] snip_3529.150_3590.150.flac
891.8s - extractor 0: Chia - Bee Audio 2022 Original/7-13-22_SouthCharleston/1/220713_0941_01 snip [100/158] snip_35647.090_36458.310.flac
920.0s - extractor 0: Chia - Bee Audio 2022 Original/7-13-22_SouthCharleston/1/220713_0941_01 snip [101/158] snip_3616.390_3679.390.flac
920.3s - extractor 0: Chia - Bee Audio 2022 Original/7-13-22_SouthCharleston/1/220713_0941_01 snip [102/158] snip_36722.680_36783.680.flac
920.5s - extractor 0: Chia - Bee Audio 2022 Original/7-13-22_SouthCharleston/1/220713_0941_01 snip [103/158] snip_37584.800_37647.800.flac
920.8s - extractor 0: Chia - Bee Audio 2022 Original/7-13-22_SouthCharleston/1/220713_0941_01 snip [104/158] snip_38531.480_38594.480.flac
921.1s - extractor 0: Chia - Bee Audio 2022 Original/7-13-22_SouthCharleston/1/220713_0941_01 snip [105/158] snip_38615.840_38676.840.flac
921.3s - extractor 0: Chia - Bee Audio 2022 Original/7-13-22_SouthCharleston/1/220713_0941_01 snip [106/158] snip_40710.000_40773.000.flac
921.6s - extractor 0: Chia - Bee Audio 2022 Original/7-13-22_SouthCharleston/1/220713_0941_01 snip [107/158] snip_4151.610_4212.610.flac
921.8s - extractor 0: Chia - Bee Audio 2022 Original/7-13-22_SouthCharleston/1/220713_0941_01 snip [108/158] snip_4259.070_4320.070.flac
922.1s - extractor 0: Chia - Bee Audio 2022 Original/7-13-22_SouthCharleston/1/220713_0941_01 snip [109/158] snip_4374.960_4435.960.flac
922.3s - extractor 0: Chia - Bee Audio 2022 Original/7-13-22_SouthCharleston/1/220713_0941_01 snip [110/158] snip_44310.000_44373.000.flac
922.6s - extractor 0: Chia - Bee Audio 2022 Original/7-13-22_SouthCharleston/1/220713_0941_01 snip [111/158] snip_4455.560_4516.560.flac
922.8s - extractor 0: Chia - Bee Audio 2022 Original/7-13-22_SouthCharleston/1/220713_0941_01 snip [112/158] snip_47910.000_47973.000.flac
923.1s - extractor 0: Chia - Bee Audio 2022 Original/7-13-22_SouthCharleston/1/220713_0941_01 snip [113/158] snip_51510.000_51573.000.flac
923.3s - extractor 0: Chia - Bee Audio 2022 Original/7-13-22_SouthCharleston/1/220713_0941_01 snip [114/158] snip_5426.050_5489.050.flac
923.6s - extractor 0: Chia - Bee Audio 2022 Original/7-13-22_SouthCharleston/1/220713_0941_01 snip [115/158] snip_55110.000_55173.000.flac
923.9s - extractor 0: Chia - Bee Audio 2022 Original/7-13-22_SouthCharleston/1/220713_0941_01 snip [116/158] snip_58095.940_58158.940.flac
924.1s - extractor 0: Chia - Bee Audio 2022 Original/7-13-22_SouthCharleston/1/220713_0941_01 snip [117/158] snip_5846.350_5907.350.flac
924.4s - extractor 0: Chia - Bee Audio 2022 Original/7-13-22_SouthCharleston/1/220713_0941_01 snip [118/158] snip_58710.000_58773.000.flac
924.7s - extractor 0: Chia - Bee Audio 2022 Original/7-13-22_SouthCharleston/1/220713_0941_01 snip [119/158] snip_62310.000_62373.000.flac
924.9s - extractor 0: Chia - Bee Audio 2022 Original/7-13-22_SouthCharleston/1/220713_0941_01 snip [120/158] snip_65910.000_65973.000.flac
925.2s - extractor 0: Chia - Bee Audio 2022 Original/7-13-22_SouthCharleston/1/220713_0941_01 snip [121/158] snip_69510.000_69573.000.flac
925.4s - extractor 0: Chia - Bee Audio 2022 Original/7-13-22_SouthCharleston/1/220713_0941_01 snip [122/158] snip_7147.920_7208.920.flac
925.7s - extractor 0: Chia - Bee Audio 2022 Original/7-13-22_SouthCharleston/1/220713_0941_01 snip [123/158] snip_73110.000_73173.000.flac
926.0s - extractor 0: Chia - Bee Audio 2022 Original/7-13-22_SouthCharleston/1/220713_0941_01 snip [124/158] snip_76710.000_76773.000.flac
926.2s - extractor 0: Chia - Bee Audio 2022 Original/7-13-22_SouthCharleston/1/220713_0941_01 snip [125/158] snip_7720.920_7783.920.flac
926.5s - extractor 0: Chia - Bee Audio 2022 Original/7-13-22_SouthCharleston/1/220713_0941_01 snip [126/158] snip_78838.000_78901.000.flac
926.7s - extractor 0: Chia - Bee Audio 2022 Original/7-13-22_SouthCharleston/1/220713_0941_01 snip [127/158] snip_79799.390_79863.660.flac
927.2s - extractor 0: Chia - Bee Audio 2022 Original/7-13-22_SouthCharleston/1/220713_0941_01 snip [128/158] snip_80100.090_80161.090.flac
927.5s - extractor 0: Chia - Bee Audio 2022 Original/7-13-22_SouthCharleston/1/220713_0941_01 snip [129/158] snip_80310.000_80373.000.flac
927.7s - extractor 0: Chia - Bee Audio 2022 Original/7-13-22_SouthCharleston/1/220713_0941_01 snip [130/158] snip_80541.190_80604.190.flac
928.0s - extractor 0: Chia - Bee Audio 2022 Original/7-13-22_SouthCharleston/1/220713_0941_01 snip [131/158] snip_8056.400_8177.510.flac
929.0s - extractor 0: Chia - Bee Audio 2022 Original/7-13-22_SouthCharleston/1/220713_0941_01 snip [132/158] snip_80984.170_81045.170.flac
929.2s - extractor 0: Chia - Bee Audio 2022 Original/7-13-22_SouthCharleston/1/220713_0941_01 snip [133/158] snip_81547.220_81616.210.flac
929.9s - extractor 0: Chia - Bee Audio 2022 Original/7-13-22_SouthCharleston/1/220713_0941_01 snip [134/158] snip_81713.270_81776.270.flac
930.2s - extractor 0: Chia - Bee Audio 2022 Original/7-13-22_SouthCharleston/1/220713_0941_01 snip [135/158] snip_82557.240_82620.240.flac
930.5s - extractor 0: Chia - Bee Audio 2022 Original/7-13-22_SouthCharleston/1/220713_0941_01 snip [136/158] snip_82672.280_82733.280.flac
930.7s - extractor 0: Chia - Bee Audio 2022 Original/7-13-22_SouthCharleston/1/220713_0941_01 snip [137/158] snip_84274.720_84381.280.flac
931.6s - extractor 0: Chia - Bee Audio 2022 Original/7-13-22_SouthCharleston/1/220713_0941_01 snip [138/158] snip_84417.160_84494.560.flac
932.4s - extractor 0: Chia - Bee Audio 2022 Original/7-13-22_SouthCharleston/1/220713_0941_01 snip [139/158] snip_84502.430_84563.430.flac
932.6s - extractor 0: Chia - Bee Audio 2022 Original/7-13-22_SouthCharleston/1/220713_0941_01 snip [140/158] snip_84573.230_84648.690.flac
933.1s - extractor 0: Chia - Bee Audio 2022 Original/7-13-22_SouthCharleston/1/220713_0941_01 snip [141/158] snip_84965.260_85078.290.flac
934.3s - extractor 0: Chia - Bee Audio 2022 Original/7-13-22_SouthCharleston/1/220713_0941_01 snip [142/158] snip_85122.360_85210.000.flac
935.0s - extractor 0: Chia - Bee Audio 2022 Original/7-13-22_SouthCharleston/1/220713_0941_01 snip [143/158] snip_85485.930_85549.680.flac
935.5s - extractor 0: Chia - Bee Audio 2022 Original/7-13-22_SouthCharleston/1/220713_0941_01 snip [144/158] snip_85549.790_85624.210.flac
936.2s - extractor 0: Chia - Bee Audio 2022 Original/7-13-22_SouthCharleston/1/220713_0941_01 snip [145/158] snip_86108.970_86351.560.flac
939.5s - extractor 0: Chia - Bee Audio 2022 Original/7-13-22_SouthCharleston/1/220713_0941_01 snip [146/158] snip_86420.650_86501.640.flac
940.0s - extractor 0: Chia - Bee Audio 2022 Original/7-13-22_SouthCharleston/1/220713_0941_01 snip [147/158] snip_86620.200_86683.200.flac
940.3s - extractor 0: Chia - Bee Audio 2022 Original/7-13-22_SouthCharleston/1/220713_0941_01 snip [148/158] snip_89067.290_89128.290.flac
940.5s - extractor 0: Chia - Bee Audio 2022 Original/7-13-22_SouthCharleston/1/220713_0941_01 snip [149/158] snip_90370.110_90431.110.flac
940.7s - extractor 0: Chia - Bee Audio 2022 Original/7-13-22_SouthCharleston/1/220713_0941_01 snip [150/158] snip_90570.170_90631.170.flac
941.0s - extractor 0: Chia - Bee Audio 2022 Original/7-13-22_SouthCharleston/1/220713_0941_01 snip [151/158] snip_91211.910_91274.910.flac
941.2s - extractor 0: Chia - Bee Audio 2022 Original/7-13-22_SouthCharleston/1/220713_0941_01 snip [152/158] snip_91855.740_91916.740.flac
941.5s - extractor 0: Chia - Bee Audio 2022 Original/7-13-22_SouthCharleston/1/220713_0941_01 snip [153/158] snip_92927.110_92990.110.flac
941.8s - extractor 0: Chia - Bee Audio 2022 Original/7-13-22_SouthCharleston/1/220713_0941_01 snip [154/158] snip_94000.270_94061.270.flac
942.0s - extractor 0: Chia - Bee Audio 2022 Original/7-13-22_SouthCharleston/1/220713_0941_01 snip [155/158] snip_94826.580_94889.580.flac
942.3s - extractor 0: Chia - Bee Audio 2022 Original/7-13-22_SouthCharleston/1/220713_0941_01 snip [156/158] snip_96709.520_96770.520.flac
942.5s - extractor 0: Chia - Bee Audio 2022 Original/7-13-22_SouthCharleston/1/220713_0941_01 snip [157/158] snip_97770.320_97833.320.flac
942.8s - extractor 0: Chia - Bee Audio 2022 Original/7-13-22_SouthCharleston/1/220713_0941_01 snip [158/158] snip_99887.660_99948.660.flac
943.2s - extractor 0: [13] Chia - Bee Audio 2022 Original/7-13-22_SouthCharleston/1/220713_0941_01 — 158 snip(s) → 1219 frames, 16 label(s) (ident took 105.7s)
943.2s - extractor 0: [14] Chia - Bee Audio 2022 Original/7-13-22_SouthCharleston/1/220715_1123 — starting (embeddings)
943.2s - extractor 0: Chia - Bee Audio 2022 Original/7-13-22_SouthCharleston/1/220715_1123 snip [1/101] snip_10376.120_10437.120.flac
943.5s - extractor 0: Chia - Bee Audio 2022 Original/7-13-22_SouthCharleston/1/220715_1123 snip [2/101] snip_10687.000_10748.000.flac
943.7s - extractor 0: Chia - Bee Audio 2022 Original/7-13-22_SouthCharleston/1/220715_1123 snip [3/101] snip_11090.750_11151.750.flac
944.0s - extractor 0: Chia - Bee Audio 2022 Original/7-13-22_SouthCharleston/1/220715_1123 snip [4/101] snip_11155.500_11216.490.flac
944.2s - extractor 0: Chia - Bee Audio 2022 Original/7-13-22_SouthCharleston/1/220715_1123 snip [5/101] snip_11342.700_11406.480.flac
944.7s - extractor 0: Chia - Bee Audio 2022 Original/7-13-22_SouthCharleston/1/220715_1123 snip [6/101] snip_12057.420_12118.420.flac
944.9s - extractor 0: Chia - Bee Audio 2022 Original/7-13-22_SouthCharleston/1/220715_1123 snip [7/101] snip_12613.320_12677.970.flac
945.4s - extractor 0: Chia - Bee Audio 2022 Original/7-13-22_SouthCharleston/1/220715_1123 snip [8/101] snip_16888.910_16949.910.flac
945.6s - extractor 0: Chia - Bee Audio 2022 Original/7-13-22_SouthCharleston/1/220715_1123 snip [9/101] snip_17259.030_17322.030.flac
945.9s - extractor 0: Chia - Bee Audio 2022 Original/7-13-22_SouthCharleston/1/220715_1123 snip [10/101] snip_18116.490_18180.400.flac
946.4s - extractor 0: Chia - Bee Audio 2022 Original/7-13-22_SouthCharleston/1/220715_1123 snip [11/101] snip_18375.990_18438.990.flac
946.7s - extractor 0: Chia - Bee Audio 2022 Original/7-13-22_SouthCharleston/1/220715_1123 snip [12/101] snip_19122.920_19183.920.flac
946.9s - extractor 0: Chia - Bee Audio 2022 Original/7-13-22_SouthCharleston/1/220715_1123 snip [13/101] snip_19420.000_19483.000.flac
947.2s - extractor 0: Chia - Bee Audio 2022 Original/7-13-22_SouthCharleston/1/220715_1123 snip [14/101] snip_19719.310_19780.370.flac
947.4s - extractor 0: Chia - Bee Audio 2022 Original/7-13-22_SouthCharleston/1/220715_1123 snip [15/101] snip_20829.010_20892.010.flac
947.7s - extractor 0: Chia - Bee Audio 2022 Original/7-13-22_SouthCharleston/1/220715_1123 snip [16/101] snip_21940.430_22001.430.flac
947.9s - extractor 0: Chia - Bee Audio 2022 Original/7-13-22_SouthCharleston/1/220715_1123 snip [17/101] snip_23448.670_23509.670.flac
948.2s - extractor 0: Chia - Bee Audio 2022 Original/7-13-22_SouthCharleston/1/220715_1123 snip [18/101] snip_31094.280_31240.960.flac
949.4s - extractor 0: Chia - Bee Audio 2022 Original/7-13-22_SouthCharleston/1/220715_1123 snip [19/101] snip_31436.600_31609.790.flac
950.5s - extractor 0: Chia - Bee Audio 2022 Original/7-13-22_SouthCharleston/1/220715_1123 snip [20/101] snip_3284.230_3347.230.flac
950.8s - extractor 0: Chia - Bee Audio 2022 Original/7-13-22_SouthCharleston/1/220715_1123 snip [21/101] snip_34590.000_34653.000.flac
951.1s - extractor 0: Chia - Bee Audio 2022 Original/7-13-22_SouthCharleston/1/220715_1123 snip [22/101] snip_38190.000_38253.000.flac
951.3s - extractor 0: Chia - Bee Audio 2022 Original/7-13-22_SouthCharleston/1/220715_1123 snip [23/101] snip_398.680_459.680.flac
951.6s - extractor 0: Chia - Bee Audio 2022 Original/7-13-22_SouthCharleston/1/220715_1123 snip [24/101] snip_41790.000_41853.000.flac
951.8s - extractor 0: Chia - Bee Audio 2022 Original/7-13-22_SouthCharleston/1/220715_1123 snip [25/101] snip_45390.000_45453.000.flac
952.1s - extractor 0: Chia - Bee Audio 2022 Original/7-13-22_SouthCharleston/1/220715_1123 snip [26/101] snip_48548.750_48611.750.flac
952.4s - extractor 0: Chia - Bee Audio 2022 Original/7-13-22_SouthCharleston/1/220715_1123 snip [27/101] snip_48990.000_49053.000.flac
952.6s - extractor 0: Chia - Bee Audio 2022 Original/7-13-22_SouthCharleston/1/220715_1123 snip [28/101] snip_52590.000_52653.000.flac
952.9s - extractor 0: Chia - Bee Audio 2022 Original/7-13-22_SouthCharleston/1/220715_1123 snip [29/101] snip_56190.000_56253.000.flac
953.2s - extractor 0: Chia - Bee Audio 2022 Original/7-13-22_SouthCharleston/1/220715_1123 snip [30/101] snip_59790.000_59853.000.flac
953.4s - extractor 0: Chia - Bee Audio 2022 Original/7-13-22_SouthCharleston/1/220715_1123 snip [31/101] snip_63390.000_63453.000.flac
953.7s - extractor 0: Chia - Bee Audio 2022 Original/7-13-22_SouthCharleston/1/220715_1123 snip [32/101] snip_6576.580_6639.580.flac
953.9s - extractor 0: Chia - Bee Audio 2022 Original/7-13-22_SouthCharleston/1/220715_1123 snip [33/101] snip_66990.000_67053.000.flac
954.2s - extractor 0: Chia - Bee Audio 2022 Original/7-13-22_SouthCharleston/1/220715_1123 snip [34/101] snip_6749.190_6810.190.flac
954.4s - extractor 0: Chia - Bee Audio 2022 Original/7-13-22_SouthCharleston/1/220715_1123 snip [35/101] snip_70590.000_70653.000.flac
954.7s - extractor 0: Chia - Bee Audio 2022 Original/7-13-22_SouthCharleston/1/220715_1123 snip [36/101] snip_721.670_782.670.flac
954.9s - extractor 0: Chia - Bee Audio 2022 Original/7-13-22_SouthCharleston/1/220715_1123 snip [37/101] snip_7305.950_7366.950.flac
955.2s - extractor 0: Chia - Bee Audio 2022 Original/7-13-22_SouthCharleston/1/220715_1123 snip [38/101] snip_7389.510_7452.510.flac
955.5s - extractor 0: Chia - Bee Audio 2022 Original/7-13-22_SouthCharleston/1/220715_1123 snip [39/101] snip_74190.000_74253.000.flac
955.7s - extractor 0: Chia - Bee Audio 2022 Original/7-13-22_SouthCharleston/1/220715_1123 snip [40/101] snip_7475.420_7536.420.flac
956.0s - extractor 0: Chia - Bee Audio 2022 Original/7-13-22_SouthCharleston/1/220715_1123 snip [41/101] snip_76294.590_76355.590.flac
956.2s - extractor 0: Chia - Bee Audio 2022 Original/7-13-22_SouthCharleston/1/220715_1123 snip [42/101] snip_76677.710_76740.710.flac
956.5s - extractor 0: Chia - Bee Audio 2022 Original/7-13-22_SouthCharleston/1/220715_1123 snip [43/101] snip_78106.150_78256.190.flac
958.4s - extractor 0: Chia - Bee Audio 2022 Original/7-13-22_SouthCharleston/1/220715_1123 snip [44/101] snip_79707.100_79768.100.flac
958.6s - extractor 0: Chia - Bee Audio 2022 Original/7-13-22_SouthCharleston/1/220715_1123 snip [45/101] snip_80069.000_80130.000.flac
958.8s - extractor 0: Chia - Bee Audio 2022 Original/7-13-22_SouthCharleston/1/220715_1123 snip [46/101] snip_80203.690_80318.100.flac
959.3s - extractor 0: Chia - Bee Audio 2022 Original/7-13-22_SouthCharleston/1/220715_1123 snip [47/101] snip_80513.150_80629.670.flac
959.8s - extractor 0: Chia - Bee Audio 2022 Original/7-13-22_SouthCharleston/1/220715_1123 snip [48/101] snip_81321.000_81382.000.flac
960.1s - extractor 0: Chia - Bee Audio 2022 Original/7-13-22_SouthCharleston/1/220715_1123 snip [49/101] snip_81879.490_81942.490.flac
960.3s - extractor 0: Chia - Bee Audio 2022 Original/7-13-22_SouthCharleston/1/220715_1123 snip [50/101] snip_82440.090_82501.090.flac
960.6s - extractor 0: Chia - Bee Audio 2022 Original/7-13-22_SouthCharleston/1/220715_1123 snip [51/101] snip_82872.120_82933.120.flac
960.8s - extractor 0: Chia - Bee Audio 2022 Original/7-13-22_SouthCharleston/1/220715_1123 snip [52/101] snip_83327.910_83390.910.flac
961.1s - extractor 0: Chia - Bee Audio 2022 Original/7-13-22_SouthCharleston/1/220715_1123 snip [53/101] snip_84217.660_84278.660.flac
961.3s - extractor 0: Chia - Bee Audio 2022 Original/7-13-22_SouthCharleston/1/220715_1123 snip [54/101] snip_84450.100_84513.100.flac
961.6s - extractor 0: Chia - Bee Audio 2022 Original/7-13-22_SouthCharleston/1/220715_1123 snip [55/101] snip_84684.830_84745.830.flac
961.8s - extractor 0: Chia - Bee Audio 2022 Original/7-13-22_SouthCharleston/1/220715_1123 snip [56/101] snip_87103.640_87164.640.flac
962.1s - extractor 0: Chia - Bee Audio 2022 Original/7-13-22_SouthCharleston/1/220715_1123 snip [57/101] snip_87186.190_87309.420.flac
962.6s - extractor 0: Chia - Bee Audio 2022 Original/7-13-22_SouthCharleston/1/220715_1123 snip [58/101] snip_87592.010_87697.670.flac
963.1s - extractor 0: Chia - Bee Audio 2022 Original/7-13-22_SouthCharleston/1/220715_1123 snip [59/101] snip_88205.670_88322.770.flac
963.8s - extractor 0: Chia - Bee Audio 2022 Original/7-13-22_SouthCharleston/1/220715_1123 snip [60/101] snip_88568.590_88663.760.flac
964.3s - extractor 0: Chia - Bee Audio 2022 Original/7-13-22_SouthCharleston/1/220715_1123 snip [61/101] snip_89223.350_89284.350.flac
964.5s - extractor 0: Chia - Bee Audio 2022 Original/7-13-22_SouthCharleston/1/220715_1123 snip [62/101] snip_89309.580_89370.580.flac
964.7s - extractor 0: Chia - Bee Audio 2022 Original/7-13-22_SouthCharleston/1/220715_1123 snip [63/101] snip_89809.900_89870.900.flac
965.0s - extractor 0: Chia - Bee Audio 2022 Original/7-13-22_SouthCharleston/1/220715_1123 snip [64/101] snip_90730.570_90886.950.flac
965.7s - extractor 0: Chia - Bee Audio 2022 Original/7-13-22_SouthCharleston/1/220715_1123 snip [65/101] snip_91156.040_91285.470.flac
966.4s - extractor 0: Chia - Bee Audio 2022 Original/7-13-22_SouthCharleston/1/220715_1123 snip [66/101] snip_91315.120_91404.000.flac
967.0s - extractor 0: Chia - Bee Audio 2022 Original/7-13-22_SouthCharleston/1/220715_1123 snip [67/101] snip_91648.590_91731.070.flac
967.5s - extractor 0: Chia - Bee Audio 2022 Original/7-13-22_SouthCharleston/1/220715_1123 snip [68/101] snip_91885.150_91946.150.flac
967.7s - extractor 0: Chia - Bee Audio 2022 Original/7-13-22_SouthCharleston/1/220715_1123 snip [69/101] snip_92012.470_92073.470.flac
968.0s - extractor 0: Chia - Bee Audio 2022 Original/7-13-22_SouthCharleston/1/220715_1123 snip [70/101] snip_92076.510_92137.510.flac
968.2s - extractor 0: Chia - Bee Audio 2022 Original/7-13-22_SouthCharleston/1/220715_1123 snip [71/101] snip_9257.050_9318.050.flac
968.5s - extractor 0: Chia - Bee Audio 2022 Original/7-13-22_SouthCharleston/1/220715_1123 snip [72/101] snip_92822.280_92883.280.flac
968.7s - extractor 0: Chia - Bee Audio 2022 Original/7-13-22_SouthCharleston/1/220715_1123 snip [73/101] snip_92902.610_92965.610.flac
969.0s - extractor 0: Chia - Bee Audio 2022 Original/7-13-22_SouthCharleston/1/220715_1123 snip [74/101] snip_92984.950_93045.950.flac
969.2s - extractor 0: Chia - Bee Audio 2022 Original/7-13-22_SouthCharleston/1/220715_1123 snip [75/101] snip_93793.190_93854.190.flac
969.5s - extractor 0: Chia - Bee Audio 2022 Original/7-13-22_SouthCharleston/1/220715_1123 snip [76/101] snip_93915.960_93976.960.flac
969.7s - extractor 0: Chia - Bee Audio 2022 Original/7-13-22_SouthCharleston/1/220715_1123 snip [77/101] snip_94573.270_94634.270.flac
969.9s - extractor 0: Chia - Bee Audio 2022 Original/7-13-22_SouthCharleston/1/220715_1123 snip [78/101] snip_94967.010_95061.490.flac
970.4s - extractor 0: Chia - Bee Audio 2022 Original/7-13-22_SouthCharleston/1/220715_1123 snip [79/101] snip_95192.120_95253.120.flac
970.7s - extractor 0: Chia - Bee Audio 2022 Original/7-13-22_SouthCharleston/1/220715_1123 snip [80/101] snip_95253.830_95367.950.flac
971.6s - extractor 0: Chia - Bee Audio 2022 Original/7-13-22_SouthCharleston/1/220715_1123 snip [81/101] snip_95423.580_95484.580.flac
971.9s - extractor 0: Chia - Bee Audio 2022 Original/7-13-22_SouthCharleston/1/220715_1123 snip [82/101] snip_95620.310_95726.820.flac
972.4s - extractor 0: Chia - Bee Audio 2022 Original/7-13-22_SouthCharleston/1/220715_1123 snip [83/101] snip_95735.480_95796.480.flac
972.6s - extractor 0: Chia - Bee Audio 2022 Original/7-13-22_SouthCharleston/1/220715_1123 snip [84/101] snip_95977.720_96046.530.flac
973.3s - extractor 0: Chia - Bee Audio 2022 Original/7-13-22_SouthCharleston/1/220715_1123 snip [85/101] snip_96211.610_96272.610.flac
973.6s - extractor 0: Chia - Bee Audio 2022 Original/7-13-22_SouthCharleston/1/220715_1123 snip [86/101] snip_96303.930_96364.930.flac
973.8s - extractor 0: Chia - Bee Audio 2022 Original/7-13-22_SouthCharleston/1/220715_1123 snip [87/101] snip_96389.910_96450.910.flac
974.1s - extractor 0: Chia - Bee Audio 2022 Original/7-13-22_SouthCharleston/1/220715_1123 snip [88/101] snip_96611.950_96785.990.flac
975.2s - extractor 0: Chia - Bee Audio 2022 Original/7-13-22_SouthCharleston/1/220715_1123 snip [89/101] snip_96951.020_97012.020.flac
975.5s - extractor 0: Chia - Bee Audio 2022 Original/7-13-22_SouthCharleston/1/220715_1123 snip [90/101] snip_97160.090_97244.830.flac
976.2s - extractor 0: Chia - Bee Audio 2022 Original/7-13-22_SouthCharleston/1/220715_1123 snip [91/101] snip_97246.310_97307.310.flac
976.4s - extractor 0: Chia - Bee Audio 2022 Original/7-13-22_SouthCharleston/1/220715_1123 snip [92/101] snip_97335.930_97396.930.flac
976.7s - extractor 0: Chia - Bee Audio 2022 Original/7-13-22_SouthCharleston/1/220715_1123 snip [93/101] snip_97484.700_97697.390.flac
977.9s - extractor 0: Chia - Bee Audio 2022 Original/7-13-22_SouthCharleston/1/220715_1123 snip [94/101] snip_97832.530_97893.740.flac
978.1s - extractor 0: Chia - Bee Audio 2022 Original/7-13-22_SouthCharleston/1/220715_1123 snip [95/101] snip_97916.380_98033.300.flac
979.1s - extractor 0: Chia - Bee Audio 2022 Original/7-13-22_SouthCharleston/1/220715_1123 snip [96/101] snip_98080.700_98141.700.flac
979.3s - extractor 0: Chia - Bee Audio 2022 Original/7-13-22_SouthCharleston/1/220715_1123 snip [97/101] snip_98157.660_98372.310.flac
982.2s - extractor 0: Chia - Bee Audio 2022 Original/7-13-22_SouthCharleston/1/220715_1123 snip [98/101] snip_98385.770_98505.600.flac
983.4s - extractor 0: Chia - Bee Audio 2022 Original/7-13-22_SouthCharleston/1/220715_1123 snip [99/101] snip_98508.840_98569.840.flac
983.6s - extractor 0: Chia - Bee Audio 2022 Original/7-13-22_SouthCharleston/1/220715_1123 snip [100/101] snip_98576.760_98637.760.flac
983.8s - extractor 0: Chia - Bee Audio 2022 Original/7-13-22_SouthCharleston/1/220715_1123 snip [101/101] snip_99057.740_99268.040.flac
1000.2s - extractor 0: [14] Chia - Bee Audio 2022 Original/7-13-22_SouthCharleston/1/220715_1123 — 101 snip(s) → 540 frames, 8 label(s) (ident took 57.0s)
1000.2s - extractor 0: [15] Chia - Bee Audio 2022 Original/7-13-22_SouthCharleston/2/220713_0943 — starting (embeddings)
1000.2s - extractor 0: Chia - Bee Audio 2022 Original/7-13-22_SouthCharleston/2/220713_0943 snip [1/95] snip_106321.520_106384.520.flac
1000.5s - extractor 0: Chia - Bee Audio 2022 Original/7-13-22_SouthCharleston/2/220713_0943 snip [2/95] snip_10744.540_10805.540.flac
1000.7s - extractor 0: Chia - Bee Audio 2022 Original/7-13-22_SouthCharleston/2/220713_0943 snip [3/95] snip_108453.260_108514.260.flac
1001.0s - extractor 0: Chia - Bee Audio 2022 Original/7-13-22_SouthCharleston/2/220713_0943 snip [4/95] snip_108887.000_108948.000.flac
1001.2s - extractor 0: Chia - Bee Audio 2022 Original/7-13-22_SouthCharleston/2/220713_0943 snip [5/95] snip_110052.370_110115.370.flac
1001.5s - extractor 0: Chia - Bee Audio 2022 Original/7-13-22_SouthCharleston/2/220713_0943 snip [6/95] snip_111653.820_111714.820.flac
1001.7s - extractor 0: Chia - Bee Audio 2022 Original/7-13-22_SouthCharleston/2/220713_0943 snip [7/95] snip_112189.700_112252.700.flac
1002.0s - extractor 0: Chia - Bee Audio 2022 Original/7-13-22_SouthCharleston/2/220713_0943 snip [8/95] snip_112727.340_112788.340.flac
1002.2s - extractor 0: Chia - Bee Audio 2022 Original/7-13-22_SouthCharleston/2/220713_0943 snip [9/95] snip_113430.360_113491.360.flac
1002.5s - extractor 0: Chia - Bee Audio 2022 Original/7-13-22_SouthCharleston/2/220713_0943 snip [10/95] snip_113743.120_113806.120.flac
1002.7s - extractor 0: Chia - Bee Audio 2022 Original/7-13-22_SouthCharleston/2/220713_0943 snip [11/95] snip_114760.890_114821.890.flac
1003.0s - extractor 0: Chia - Bee Audio 2022 Original/7-13-22_SouthCharleston/2/220713_0943 snip [12/95] snip_115038.950_115101.950.flac
1003.2s - extractor 0: Chia - Bee Audio 2022 Original/7-13-22_SouthCharleston/2/220713_0943 snip [13/95] snip_115319.080_115380.080.flac
1003.5s - extractor 0: Chia - Bee Audio 2022 Original/7-13-22_SouthCharleston/2/220713_0943 snip [14/95] snip_123530.320_123593.320.flac
1003.7s - extractor 0: Chia - Bee Audio 2022 Original/7-13-22_SouthCharleston/2/220713_0943 snip [15/95] snip_124077.760_124140.760.flac
1004.0s - extractor 0: Chia - Bee Audio 2022 Original/7-13-22_SouthCharleston/2/220713_0943 snip [16/95] snip_1241.920_1302.920.flac
1004.2s - extractor 0: Chia - Bee Audio 2022 Original/7-13-22_SouthCharleston/2/220713_0943 snip [17/95] snip_125155.720_125218.720.flac
1004.5s - extractor 0: Chia - Bee Audio 2022 Original/7-13-22_SouthCharleston/2/220713_0943 snip [18/95] snip_126990.000_127053.000.flac
1004.8s - extractor 0: Chia - Bee Audio 2022 Original/7-13-22_SouthCharleston/2/220713_0943 snip [19/95] snip_130590.000_130653.000.flac
1005.0s - extractor 0: Chia - Bee Audio 2022 Original/7-13-22_SouthCharleston/2/220713_0943 snip [20/95] snip_134190.000_134253.000.flac
1005.3s - extractor 0: Chia - Bee Audio 2022 Original/7-13-22_SouthCharleston/2/220713_0943 snip [21/95] snip_137790.000_137853.000.flac
1005.6s - extractor 0: Chia - Bee Audio 2022 Original/7-13-22_SouthCharleston/2/220713_0943 snip [22/95] snip_144557.240_144620.240.flac
1005.8s - extractor 0: Chia - Bee Audio 2022 Original/7-13-22_SouthCharleston/2/220713_0943 snip [23/95] snip_144990.000_145053.000.flac
1006.1s - extractor 0: Chia - Bee Audio 2022 Original/7-13-22_SouthCharleston/2/220713_0943 snip [24/95] snip_14551.150_14612.150.flac
1006.3s - extractor 0: Chia - Bee Audio 2022 Original/7-13-22_SouthCharleston/2/220713_0943 snip [25/95] snip_148590.000_148653.000.flac
1006.6s - extractor 0: Chia - Bee Audio 2022 Original/7-13-22_SouthCharleston/2/220713_0943 snip [26/95] snip_152190.000_152253.000.flac
1006.9s - extractor 0: Chia - Bee Audio 2022 Original/7-13-22_SouthCharleston/2/220713_0943 snip [27/95] snip_155790.000_155853.000.flac
1007.1s - extractor 0: Chia - Bee Audio 2022 Original/7-13-22_SouthCharleston/2/220713_0943 snip [28/95] snip_15596.600_15659.600.flac
1007.4s - extractor 0: Chia - Bee Audio 2022 Original/7-13-22_SouthCharleston/2/220713_0943 snip [29/95] snip_1584.750_1645.750.flac
1007.6s - extractor 0: Chia - Bee Audio 2022 Original/7-13-22_SouthCharleston/2/220713_0943 snip [30/95] snip_159390.000_159453.000.flac
1007.9s - extractor 0: Chia - Bee Audio 2022 Original/7-13-22_SouthCharleston/2/220713_0943 snip [31/95] snip_162990.000_163053.000.flac
1008.2s - extractor 0: Chia - Bee Audio 2022 Original/7-13-22_SouthCharleston/2/220713_0943 snip [32/95] snip_164072.330_164133.330.flac
1008.4s - extractor 0: Chia - Bee Audio 2022 Original/7-13-22_SouthCharleston/2/220713_0943 snip [33/95] snip_164354.300_164415.300.flac
1008.6s - extractor 0: Chia - Bee Audio 2022 Original/7-13-22_SouthCharleston/2/220713_0943 snip [34/95] snip_164810.940_164871.940.flac
1008.9s - extractor 0: Chia - Bee Audio 2022 Original/7-13-22_SouthCharleston/2/220713_0943 snip [35/95] snip_165691.960_165754.960.flac
1009.1s - extractor 0: Chia - Bee Audio 2022 Original/7-13-22_SouthCharleston/2/220713_0943 snip [36/95] snip_165825.400_165886.400.flac
1009.4s - extractor 0: Chia - Bee Audio 2022 Original/7-13-22_SouthCharleston/2/220713_0943 snip [37/95] snip_166198.640_166259.640.flac
1009.6s - extractor 0: Chia - Bee Audio 2022 Original/7-13-22_SouthCharleston/2/220713_0943 snip [38/95] snip_167233.500_167294.500.flac
1009.9s - extractor 0: Chia - Bee Audio 2022 Original/7-13-22_SouthCharleston/2/220713_0943 snip [39/95] snip_167489.960_167550.960.flac
1010.1s - extractor 0: Chia - Bee Audio 2022 Original/7-13-22_SouthCharleston/2/220713_0943 snip [40/95] snip_168150.540_168211.540.flac
1010.3s - extractor 0: Chia - Bee Audio 2022 Original/7-13-22_SouthCharleston/2/220713_0943 snip [41/95] snip_168453.120_168515.330.flac
1010.8s - extractor 0: Chia - Bee Audio 2022 Original/7-13-22_SouthCharleston/2/220713_0943 snip [42/95] snip_169031.010_169094.010.flac
1011.1s - extractor 0: Chia - Bee Audio 2022 Original/7-13-22_SouthCharleston/2/220713_0943 snip [43/95] snip_170528.160_170591.160.flac
1011.3s - extractor 0: Chia - Bee Audio 2022 Original/7-13-22_SouthCharleston/2/220713_0943 snip [44/95] snip_171145.070_171206.070.flac
1011.6s - extractor 0: Chia - Bee Audio 2022 Original/7-13-22_SouthCharleston/2/220713_0943 snip [45/95] snip_171602.770_171665.770.flac
1011.8s - extractor 0: Chia - Bee Audio 2022 Original/7-13-22_SouthCharleston/2/220713_0943 snip [46/95] snip_172787.060_172850.060.flac
1012.1s - extractor 0: Chia - Bee Audio 2022 Original/7-13-22_SouthCharleston/2/220713_0943 snip [47/95] snip_173514.040_173575.040.flac
1012.3s - extractor 0: Chia - Bee Audio 2022 Original/7-13-22_SouthCharleston/2/220713_0943 snip [48/95] snip_173992.120_174055.120.flac
1012.6s - extractor 0: Chia - Bee Audio 2022 Original/7-13-22_SouthCharleston/2/220713_0943 snip [49/95] snip_175875.280_175938.280.flac
1012.9s - extractor 0: Chia - Bee Audio 2022 Original/7-13-22_SouthCharleston/2/220713_0943 snip [50/95] snip_176228.880_176302.480.flac
1013.8s - extractor 0: Chia - Bee Audio 2022 Original/7-13-22_SouthCharleston/2/220713_0943 snip [51/95] snip_177762.840_177825.840.flac
1014.1s - extractor 0: Chia - Bee Audio 2022 Original/7-13-22_SouthCharleston/2/220713_0943 snip [52/95] snip_18123.860_18186.860.flac
1014.4s - extractor 0: Chia - Bee Audio 2022 Original/7-13-22_SouthCharleston/2/220713_0943 snip [53/95] snip_20215.460_20278.460.flac
1014.6s - extractor 0: Chia - Bee Audio 2022 Original/7-13-22_SouthCharleston/2/220713_0943 snip [54/95] snip_20904.930_20967.930.flac
1014.9s - extractor 0: Chia - Bee Audio 2022 Original/7-13-22_SouthCharleston/2/220713_0943 snip [55/95] snip_21645.990_21708.990.flac
1015.2s - extractor 0: Chia - Bee Audio 2022 Original/7-13-22_SouthCharleston/2/220713_0943 snip [56/95] snip_22110.610_22171.630.flac
1015.4s - extractor 0: Chia - Bee Audio 2022 Original/7-13-22_SouthCharleston/2/220713_0943 snip [57/95] snip_22324.240_22387.240.flac
1015.7s - extractor 0: Chia - Bee Audio 2022 Original/7-13-22_SouthCharleston/2/220713_0943 snip [58/95] snip_22853.940_22916.940.flac
1015.9s - extractor 0: Chia - Bee Audio 2022 Original/7-13-22_SouthCharleston/2/220713_0943 snip [59/95] snip_24721.300_24784.300.flac
1016.2s - extractor 0: Chia - Bee Audio 2022 Original/7-13-22_SouthCharleston/2/220713_0943 snip [60/95] snip_2505.100_2567.730.flac
1016.4s - extractor 0: Chia - Bee Audio 2022 Original/7-13-22_SouthCharleston/2/220713_0943 snip [61/95] snip_26397.140_26460.140.flac
1016.7s - extractor 0: Chia - Bee Audio 2022 Original/7-13-22_SouthCharleston/2/220713_0943 snip [62/95] snip_27594.810_27663.080.flac
1017.2s - extractor 0: Chia - Bee Audio 2022 Original/7-13-22_SouthCharleston/2/220713_0943 snip [63/95] snip_27733.350_27796.350.flac
1017.4s - extractor 0: Chia - Bee Audio 2022 Original/7-13-22_SouthCharleston/2/220713_0943 snip [64/95] snip_32779.990_32842.990.flac
1017.7s - extractor 0: Chia - Bee Audio 2022 Original/7-13-22_SouthCharleston/2/220713_0943 snip [65/95] snip_37482.130_37545.130.flac
1018.0s - extractor 0: Chia - Bee Audio 2022 Original/7-13-22_SouthCharleston/2/220713_0943 snip [66/95] snip_40577.400_40653.000.flac
1018.7s - extractor 0: Chia - Bee Audio 2022 Original/7-13-22_SouthCharleston/2/220713_0943 snip [67/95] snip_44190.000_44253.000.flac
1019.0s - extractor 0: Chia - Bee Audio 2022 Original/7-13-22_SouthCharleston/2/220713_0943 snip [68/95] snip_47790.000_47853.000.flac
1019.2s - extractor 0: Chia - Bee Audio 2022 Original/7-13-22_SouthCharleston/2/220713_0943 snip [69/95] snip_51390.000_51453.000.flac
1019.5s - extractor 0: Chia - Bee Audio 2022 Original/7-13-22_SouthCharleston/2/220713_0943 snip [70/95] snip_5388.600_5449.600.flac
1019.7s - extractor 0: Chia - Bee Audio 2022 Original/7-13-22_SouthCharleston/2/220713_0943 snip [71/95] snip_54990.000_55053.000.flac
1020.0s - extractor 0: Chia - Bee Audio 2022 Original/7-13-22_SouthCharleston/2/220713_0943 snip [72/95] snip_58590.000_58653.000.flac
1020.3s - extractor 0: Chia - Bee Audio 2022 Original/7-13-22_SouthCharleston/2/220713_0943 snip [73/95] snip_59025.720_59088.720.flac
1020.5s - extractor 0: Chia - Bee Audio 2022 Original/7-13-22_SouthCharleston/2/220713_0943 snip [74/95] snip_62190.000_62253.000.flac
1020.8s - extractor 0: Chia - Bee Audio 2022 Original/7-13-22_SouthCharleston/2/220713_0943 snip [75/95] snip_65790.000_65853.000.flac
1021.0s - extractor 0: Chia - Bee Audio 2022 Original/7-13-22_SouthCharleston/2/220713_0943 snip [76/95] snip_69390.000_69453.000.flac
1021.3s - extractor 0: Chia - Bee Audio 2022 Original/7-13-22_SouthCharleston/2/220713_0943 snip [77/95] snip_72990.000_73053.000.flac
1021.6s - extractor 0: Chia - Bee Audio 2022 Original/7-13-22_SouthCharleston/2/220713_0943 snip [78/95] snip_79703.760_79765.100.flac
1021.8s - extractor 0: Chia - Bee Audio 2022 Original/7-13-22_SouthCharleston/2/220713_0943 snip [79/95] snip_79882.650_79943.650.flac
1022.1s - extractor 0: Chia - Bee Audio 2022 Original/7-13-22_SouthCharleston/2/220713_0943 snip [80/95] snip_79971.010_80034.010.flac
1022.3s - extractor 0: Chia - Bee Audio 2022 Original/7-13-22_SouthCharleston/2/220713_0943 snip [81/95] snip_81790.020_81853.020.flac
1022.6s - extractor 0: Chia - Bee Audio 2022 Original/7-13-22_SouthCharleston/2/220713_0943 snip [82/95] snip_82448.300_82509.300.flac
1022.8s - extractor 0: Chia - Bee Audio 2022 Original/7-13-22_SouthCharleston/2/220713_0943 snip [83/95] snip_83604.580_83667.580.flac
1023.1s - extractor 0: Chia - Bee Audio 2022 Original/7-13-22_SouthCharleston/2/220713_0943 snip [84/95] snip_83868.880_83929.880.flac
1023.3s - extractor 0: Chia - Bee Audio 2022 Original/7-13-22_SouthCharleston/2/220713_0943 snip [85/95] snip_85515.830_85580.880.flac
1023.6s - extractor 0: Chia - Bee Audio 2022 Original/7-13-22_SouthCharleston/2/220713_0943 snip [86/95] snip_87103.810_87166.810.flac
1023.9s - extractor 0: Chia - Bee Audio 2022 Original/7-13-22_SouthCharleston/2/220713_0943 snip [87/95] snip_87223.240_87284.240.flac
1024.1s - extractor 0: Chia - Bee Audio 2022 Original/7-13-22_SouthCharleston/2/220713_0943 snip [88/95] snip_88824.440_88887.440.flac
1024.4s - extractor 0: Chia - Bee Audio 2022 Original/7-13-22_SouthCharleston/2/220713_0943 snip [89/95] snip_89006.860_89067.860.flac
1024.6s - extractor 0: Chia - Bee Audio 2022 Original/7-13-22_SouthCharleston/2/220713_0943 snip [90/95] snip_91585.890_91648.890.flac
1024.9s - extractor 0: Chia - Bee Audio 2022 Original/7-13-22_SouthCharleston/2/220713_0943 snip [91/95] snip_92746.140_92807.140.flac
1025.1s - extractor 0: Chia - Bee Audio 2022 Original/7-13-22_SouthCharleston/2/220713_0943 snip [92/95] snip_94979.440_95048.500.flac
1026.1s - extractor 0: Chia - Bee Audio 2022 Original/7-13-22_SouthCharleston/2/220713_0943 snip [93/95] snip_9595.910_9658.910.flac
1026.3s - extractor 0: Chia - Bee Audio 2022 Original/7-13-22_SouthCharleston/2/220713_0943 snip [94/95] snip_99170.310_99233.310.flac
1026.6s - extractor 0: Chia - Bee Audio 2022 Original/7-13-22_SouthCharleston/2/220713_0943 snip [95/95] snip_99639.870_99784.040.flac
1027.6s - extractor 0: [15] Chia - Bee Audio 2022 Original/7-13-22_SouthCharleston/2/220713_0943 — 95 snip(s) → 340 frames, 7 label(s) (ident took 27.4s)
1027.6s - extractor 0: [16] Chia - Bee Audio 2022 Original/7-13-22_SouthCharleston/2/220715_1125 — starting (embeddings)
1027.6s - extractor 0: Chia - Bee Audio 2022 Original/7-13-22_SouthCharleston/2/220715_1125 snip [1/49] snip_11002.880_11063.880.flac
1027.9s - extractor 0: Chia - Bee Audio 2022 Original/7-13-22_SouthCharleston/2/220715_1125 snip [2/49] snip_11252.940_11313.940.flac
1028.1s - extractor 0: Chia - Bee Audio 2022 Original/7-13-22_SouthCharleston/2/220715_1125 snip [3/49] snip_12248.530_12310.720.flac
1028.4s - extractor 0: Chia - Bee Audio 2022 Original/7-13-22_SouthCharleston/2/220715_1125 snip [4/49] snip_13243.160_13306.160.flac
1028.6s - extractor 0: Chia - Bee Audio 2022 Original/7-13-22_SouthCharleston/2/220715_1125 snip [5/49] snip_15235.620_15296.640.flac
1028.9s - extractor 0: Chia - Bee Audio 2022 Original/7-13-22_SouthCharleston/2/220715_1125 snip [6/49] snip_17196.580_17313.210.flac
1030.1s - extractor 0: Chia - Bee Audio 2022 Original/7-13-22_SouthCharleston/2/220715_1125 snip [7/49] snip_19872.480_19933.480.flac
1030.3s - extractor 0: Chia - Bee Audio 2022 Original/7-13-22_SouthCharleston/2/220715_1125 snip [8/49] snip_20061.530_20124.530.flac
1030.6s - extractor 0: Chia - Bee Audio 2022 Original/7-13-22_SouthCharleston/2/220715_1125 snip [9/49] snip_20252.450_20313.450.flac
1030.8s - extractor 0: Chia - Bee Audio 2022 Original/7-13-22_SouthCharleston/2/220715_1125 snip [10/49] snip_21663.110_21726.110.flac
1031.1s - extractor 0: Chia - Bee Audio 2022 Original/7-13-22_SouthCharleston/2/220715_1125 snip [11/49] snip_23075.950_23136.950.flac
1031.3s - extractor 0: Chia - Bee Audio 2022 Original/7-13-22_SouthCharleston/2/220715_1125 snip [12/49] snip_26676.500_26739.500.flac
1031.6s - extractor 0: Chia - Bee Audio 2022 Original/7-13-22_SouthCharleston/2/220715_1125 snip [13/49] snip_34470.000_34533.000.flac
1031.9s - extractor 0: Chia - Bee Audio 2022 Original/7-13-22_SouthCharleston/2/220715_1125 snip [14/49] snip_38070.000_38133.000.flac
1032.1s - extractor 0: Chia - Bee Audio 2022 Original/7-13-22_SouthCharleston/2/220715_1125 snip [15/49] snip_41670.000_41733.000.flac
1032.4s - extractor 0: Chia - Bee Audio 2022 Original/7-13-22_SouthCharleston/2/220715_1125 snip [16/49] snip_45270.000_45333.000.flac
1032.7s - extractor 0: Chia - Bee Audio 2022 Original/7-13-22_SouthCharleston/2/220715_1125 snip [17/49] snip_48870.000_48933.000.flac
1032.9s - extractor 0: Chia - Bee Audio 2022 Original/7-13-22_SouthCharleston/2/220715_1125 snip [18/49] snip_52470.000_52533.000.flac
1033.2s - extractor 0: Chia - Bee Audio 2022 Original/7-13-22_SouthCharleston/2/220715_1125 snip [19/49] snip_52921.610_52984.610.flac
1033.5s - extractor 0: Chia - Bee Audio 2022 Original/7-13-22_SouthCharleston/2/220715_1125 snip [20/49] snip_5587.490_5648.490.flac
1033.7s - extractor 0: Chia - Bee Audio 2022 Original/7-13-22_SouthCharleston/2/220715_1125 snip [21/49] snip_56070.000_56133.000.flac
1034.0s - extractor 0: Chia - Bee Audio 2022 Original/7-13-22_SouthCharleston/2/220715_1125 snip [22/49] snip_5668.040_5731.040.flac
1034.2s - extractor 0: Chia - Bee Audio 2022 Original/7-13-22_SouthCharleston/2/220715_1125 snip [23/49] snip_59670.000_59733.000.flac
1034.5s - extractor 0: Chia - Bee Audio 2022 Original/7-13-22_SouthCharleston/2/220715_1125 snip [24/49] snip_63270.000_63333.000.flac
1034.7s - extractor 0: Chia - Bee Audio 2022 Original/7-13-22_SouthCharleston/2/220715_1125 snip [25/49] snip_66870.000_66933.000.flac
1035.0s - extractor 0: Chia - Bee Audio 2022 Original/7-13-22_SouthCharleston/2/220715_1125 snip [26/49] snip_70470.000_70533.000.flac
1035.3s - extractor 0: Chia - Bee Audio 2022 Original/7-13-22_SouthCharleston/2/220715_1125 snip [27/49] snip_74070.000_74133.000.flac
1035.5s - extractor 0: Chia - Bee Audio 2022 Original/7-13-22_SouthCharleston/2/220715_1125 snip [28/49] snip_75782.210_75845.210.flac
1035.8s - extractor 0: Chia - Bee Audio 2022 Original/7-13-22_SouthCharleston/2/220715_1125 snip [29/49] snip_76188.450_76258.600.flac
1036.3s - extractor 0: Chia - Bee Audio 2022 Original/7-13-22_SouthCharleston/2/220715_1125 snip [30/49] snip_76665.210_76728.210.flac
1036.5s - extractor 0: Chia - Bee Audio 2022 Original/7-13-22_SouthCharleston/2/220715_1125 snip [31/49] snip_7757.260_7818.260.flac
1036.8s - extractor 0: Chia - Bee Audio 2022 Original/7-13-22_SouthCharleston/2/220715_1125 snip [32/49] snip_78009.640_78072.640.flac
1037.0s - extractor 0: Chia - Bee Audio 2022 Original/7-13-22_SouthCharleston/2/220715_1125 snip [33/49] snip_79825.130_79888.130.flac
1037.3s - extractor 0: Chia - Bee Audio 2022 Original/7-13-22_SouthCharleston/2/220715_1125 snip [34/49] snip_81232.920_81295.920.flac
1037.6s - extractor 0: Chia - Bee Audio 2022 Original/7-13-22_SouthCharleston/2/220715_1125 snip [35/49] snip_82881.300_82944.300.flac
1037.8s - extractor 0: Chia - Bee Audio 2022 Original/7-13-22_SouthCharleston/2/220715_1125 snip [36/49] snip_84423.210_84486.210.flac
1038.1s - extractor 0: Chia - Bee Audio 2022 Original/7-13-22_SouthCharleston/2/220715_1125 snip [37/49] snip_84713.890_84776.890.flac
1038.4s - extractor 0: Chia - Bee Audio 2022 Original/7-13-22_SouthCharleston/2/220715_1125 snip [38/49] snip_85065.990_85128.990.flac
1038.6s - extractor 0: Chia - Bee Audio 2022 Original/7-13-22_SouthCharleston/2/220715_1125 snip [39/49] snip_85977.610_86040.610.flac
1038.9s - extractor 0: Chia - Bee Audio 2022 Original/7-13-22_SouthCharleston/2/220715_1125 snip [40/49] snip_86798.390_86861.390.flac
1039.2s - extractor 0: Chia - Bee Audio 2022 Original/7-13-22_SouthCharleston/2/220715_1125 snip [41/49] snip_87194.440_87257.440.flac
1039.4s - extractor 0: Chia - Bee Audio 2022 Original/7-13-22_SouthCharleston/2/220715_1125 snip [42/49] snip_90006.850_90069.850.flac
1039.7s - extractor 0: Chia - Bee Audio 2022 Original/7-13-22_SouthCharleston/2/220715_1125 snip [43/49] snip_91648.660_91710.640.flac
1040.0s - extractor 0: Chia - Bee Audio 2022 Original/7-13-22_SouthCharleston/2/220715_1125 snip [44/49] snip_92851.640_92914.640.flac
1040.2s - extractor 0: Chia - Bee Audio 2022 Original/7-13-22_SouthCharleston/2/220715_1125 snip [45/49] snip_93795.000_93858.000.flac
1040.5s - extractor 0: Chia - Bee Audio 2022 Original/7-13-22_SouthCharleston/2/220715_1125 snip [46/49] snip_95343.300_95406.300.flac
1040.7s - extractor 0: Chia - Bee Audio 2022 Original/7-13-22_SouthCharleston/2/220715_1125 snip [47/49] snip_95409.810_95470.810.flac
1041.0s - extractor 0: Chia - Bee Audio 2022 Original/7-13-22_SouthCharleston/2/220715_1125 snip [48/49] snip_96242.210_96303.210.flac
1041.2s - extractor 0: Chia - Bee Audio 2022 Original/7-13-22_SouthCharleston/2/220715_1125 snip [49/49] snip_9675.790_9736.790.flac
1041.5s - extractor 0: [16] Chia - Bee Audio 2022 Original/7-13-22_SouthCharleston/2/220715_1125 — 49 snip(s) → 178 frames, 7 label(s) (ident took 13.9s)
1041.5s - extractor 0: [17] Chia - Bee Audio 2022 Original/7-13-22_SouthCharleston/3/220713_0944 — starting (embeddings)
1041.5s - extractor 0: Chia - Bee Audio 2022 Original/7-13-22_SouthCharleston/3/220713_0944 snip [1/85] snip_100368.560_100431.560.flac
1041.8s - extractor 0: Chia - Bee Audio 2022 Original/7-13-22_SouthCharleston/3/220713_0944 snip [2/85] snip_101375.830_101438.830.flac
1042.0s - extractor 0: Chia - Bee Audio 2022 Original/7-13-22_SouthCharleston/3/220713_0944 snip [3/85] snip_10178.150_10241.150.flac
1042.3s - extractor 0: Chia - Bee Audio 2022 Original/7-13-22_SouthCharleston/3/220713_0944 snip [4/85] snip_102101.930_102162.930.flac
1042.6s - extractor 0: Chia - Bee Audio 2022 Original/7-13-22_SouthCharleston/3/220713_0944 snip [5/85] snip_103153.680_103216.680.flac
1042.8s - extractor 0: Chia - Bee Audio 2022 Original/7-13-22_SouthCharleston/3/220713_0944 snip [6/85] snip_103851.090_103914.090.flac
1043.1s - extractor 0: Chia - Bee Audio 2022 Original/7-13-22_SouthCharleston/3/220713_0944 snip [7/85] snip_107003.060_107066.060.flac
1043.3s - extractor 0: Chia - Bee Audio 2022 Original/7-13-22_SouthCharleston/3/220713_0944 snip [8/85] snip_108404.340_108467.340.flac
1043.6s - extractor 0: Chia - Bee Audio 2022 Original/7-13-22_SouthCharleston/3/220713_0944 snip [9/85] snip_110294.760_110355.760.flac
1043.8s - extractor 0: Chia - Bee Audio 2022 Original/7-13-22_SouthCharleston/3/220713_0944 snip [10/85] snip_11037.870_11098.870.flac
1044.1s - extractor 0: Chia - Bee Audio 2022 Original/7-13-22_SouthCharleston/3/220713_0944 snip [11/85] snip_110656.440_110719.440.flac
1044.4s - extractor 0: Chia - Bee Audio 2022 Original/7-13-22_SouthCharleston/3/220713_0944 snip [12/85] snip_111689.560_111750.560.flac
1044.6s - extractor 0: Chia - Bee Audio 2022 Original/7-13-22_SouthCharleston/3/220713_0944 snip [13/85] snip_112552.160_112615.160.flac
1044.9s - extractor 0: Chia - Bee Audio 2022 Original/7-13-22_SouthCharleston/3/220713_0944 snip [14/85] snip_112834.670_112895.670.flac
1045.1s - extractor 0: Chia - Bee Audio 2022 Original/7-13-22_SouthCharleston/3/220713_0944 snip [15/85] snip_117793.540_117856.540.flac
1045.4s - extractor 0: Chia - Bee Audio 2022 Original/7-13-22_SouthCharleston/3/220713_0944 snip [16/85] snip_12045.920_12106.920.flac
1045.6s - extractor 0: Chia - Bee Audio 2022 Original/7-13-22_SouthCharleston/3/220713_0944 snip [17/85] snip_122757.460_122820.460.flac
1045.9s - extractor 0: Chia - Bee Audio 2022 Original/7-13-22_SouthCharleston/3/220713_0944 snip [18/85] snip_126930.000_126993.000.flac
1046.1s - extractor 0: Chia - Bee Audio 2022 Original/7-13-22_SouthCharleston/3/220713_0944 snip [19/85] snip_130530.000_130593.000.flac
1046.4s - extractor 0: Chia - Bee Audio 2022 Original/7-13-22_SouthCharleston/3/220713_0944 snip [20/85] snip_134130.000_134193.000.flac
1046.7s - extractor 0: Chia - Bee Audio 2022 Original/7-13-22_SouthCharleston/3/220713_0944 snip [21/85] snip_137730.000_137793.000.flac
1046.9s - extractor 0: Chia - Bee Audio 2022 Original/7-13-22_SouthCharleston/3/220713_0944 snip [22/85] snip_144930.000_145005.820.flac
1047.4s - extractor 0: Chia - Bee Audio 2022 Original/7-13-22_SouthCharleston/3/220713_0944 snip [23/85] snip_152130.000_152193.000.flac
1047.7s - extractor 0: Chia - Bee Audio 2022 Original/7-13-22_SouthCharleston/3/220713_0944 snip [24/85] snip_155730.000_155793.000.flac
1048.0s - extractor 0: Chia - Bee Audio 2022 Original/7-13-22_SouthCharleston/3/220713_0944 snip [25/85] snip_15859.720_15932.280.flac
1048.9s - extractor 0: Chia - Bee Audio 2022 Original/7-13-22_SouthCharleston/3/220713_0944 snip [26/85] snip_159330.000_159393.000.flac
1049.2s - extractor 0: Chia - Bee Audio 2022 Original/7-13-22_SouthCharleston/3/220713_0944 snip [27/85] snip_16317.890_16380.000.flac
1049.4s - extractor 0: Chia - Bee Audio 2022 Original/7-13-22_SouthCharleston/3/220713_0944 snip [28/85] snip_16455.150_16587.360.flac
1050.1s - extractor 0: Chia - Bee Audio 2022 Original/7-13-22_SouthCharleston/3/220713_0944 snip [29/85] snip_16623.470_16734.560.flac
1050.6s - extractor 0: Chia - Bee Audio 2022 Original/7-13-22_SouthCharleston/3/220713_0944 snip [30/85] snip_166711.330_166774.330.flac
1050.9s - extractor 0: Chia - Bee Audio 2022 Original/7-13-22_SouthCharleston/3/220713_0944 snip [31/85] snip_166882.000_166943.000.flac
1051.1s - extractor 0: Chia - Bee Audio 2022 Original/7-13-22_SouthCharleston/3/220713_0944 snip [32/85] snip_167401.570_167464.570.flac
1051.4s - extractor 0: Chia - Bee Audio 2022 Original/7-13-22_SouthCharleston/3/220713_0944 snip [33/85] snip_168754.200_168817.670.flac
1051.9s - extractor 0: Chia - Bee Audio 2022 Original/7-13-22_SouthCharleston/3/220713_0944 snip [34/85] snip_169444.180_169542.130.flac
1052.3s - extractor 0: Chia - Bee Audio 2022 Original/7-13-22_SouthCharleston/3/220713_0944 snip [35/85] snip_171933.440_171996.440.flac
1052.6s - extractor 0: Chia - Bee Audio 2022 Original/7-13-22_SouthCharleston/3/220713_0944 snip [36/85] snip_176145.650_176218.030.flac
1053.6s - extractor 0: Chia - Bee Audio 2022 Original/7-13-22_SouthCharleston/3/220713_0944 snip [37/85] snip_176254.120_176317.120.flac
1053.8s - extractor 0: Chia - Bee Audio 2022 Original/7-13-22_SouthCharleston/3/220713_0944 snip [38/85] snip_176564.620_176625.620.flac
1054.1s - extractor 0: Chia - Bee Audio 2022 Original/7-13-22_SouthCharleston/3/220713_0944 snip [39/85] snip_21092.700_21155.220.flac
1054.5s - extractor 0: Chia - Bee Audio 2022 Original/7-13-22_SouthCharleston/3/220713_0944 snip [40/85] snip_23667.200_23730.200.flac
1054.8s - extractor 0: Chia - Bee Audio 2022 Original/7-13-22_SouthCharleston/3/220713_0944 snip [41/85] snip_25072.940_25143.990.flac
1055.5s - extractor 0: Chia - Bee Audio 2022 Original/7-13-22_SouthCharleston/3/220713_0944 snip [42/85] snip_2586.280_2647.280.flac
1055.8s - extractor 0: Chia - Bee Audio 2022 Original/7-13-22_SouthCharleston/3/220713_0944 snip [43/85] snip_29036.600_29097.600.flac
1056.0s - extractor 0: Chia - Bee Audio 2022 Original/7-13-22_SouthCharleston/3/220713_0944 snip [44/85] snip_3324.740_3387.740.flac
1056.3s - extractor 0: Chia - Bee Audio 2022 Original/7-13-22_SouthCharleston/3/220713_0944 snip [45/85] snip_33822.600_33885.600.flac
1056.5s - extractor 0: Chia - Bee Audio 2022 Original/7-13-22_SouthCharleston/3/220713_0944 snip [46/85] snip_39380.370_39443.370.flac
1056.8s - extractor 0: Chia - Bee Audio 2022 Original/7-13-22_SouthCharleston/3/220713_0944 snip [47/85] snip_40495.450_40593.000.flac
1057.3s - extractor 0: Chia - Bee Audio 2022 Original/7-13-22_SouthCharleston/3/220713_0944 snip [48/85] snip_4065.210_4126.210.flac
1057.5s - extractor 0: Chia - Bee Audio 2022 Original/7-13-22_SouthCharleston/3/220713_0944 snip [49/85] snip_44130.000_44193.000.flac
1057.8s - extractor 0: Chia - Bee Audio 2022 Original/7-13-22_SouthCharleston/3/220713_0944 snip [50/85] snip_47730.000_47793.000.flac
1058.1s - extractor 0: Chia - Bee Audio 2022 Original/7-13-22_SouthCharleston/3/220713_0944 snip [51/85] snip_4963.960_5026.960.flac
1058.3s - extractor 0: Chia - Bee Audio 2022 Original/7-13-22_SouthCharleston/3/220713_0944 snip [52/85] snip_51330.000_51393.000.flac
1058.6s - extractor 0: Chia - Bee Audio 2022 Original/7-13-22_SouthCharleston/3/220713_0944 snip [53/85] snip_54930.000_54993.000.flac
1058.9s - extractor 0: Chia - Bee Audio 2022 Original/7-13-22_SouthCharleston/3/220713_0944 snip [54/85] snip_58530.000_58593.000.flac
1059.1s - extractor 0: Chia - Bee Audio 2022 Original/7-13-22_SouthCharleston/3/220713_0944 snip [55/85] snip_5864.840_5925.840.flac
1059.4s - extractor 0: Chia - Bee Audio 2022 Original/7-13-22_SouthCharleston/3/220713_0944 snip [56/85] snip_60023.620_60086.620.flac
1059.7s - extractor 0: Chia - Bee Audio 2022 Original/7-13-22_SouthCharleston/3/220713_0944 snip [57/85] snip_62130.000_62193.000.flac
1059.9s - extractor 0: Chia - Bee Audio 2022 Original/7-13-22_SouthCharleston/3/220713_0944 snip [58/85] snip_69330.000_69393.000.flac
1060.2s - extractor 0: Chia - Bee Audio 2022 Original/7-13-22_SouthCharleston/3/220713_0944 snip [59/85] snip_6997.000_7060.000.flac
1060.5s - extractor 0: Chia - Bee Audio 2022 Original/7-13-22_SouthCharleston/3/220713_0944 snip [60/85] snip_72930.000_72993.000.flac
1060.7s - extractor 0: Chia - Bee Audio 2022 Original/7-13-22_SouthCharleston/3/220713_0944 snip [61/85] snip_79799.710_79860.710.flac
1061.0s - extractor 0: Chia - Bee Audio 2022 Original/7-13-22_SouthCharleston/3/220713_0944 snip [62/85] snip_80130.000_80193.000.flac
1061.2s - extractor 0: Chia - Bee Audio 2022 Original/7-13-22_SouthCharleston/3/220713_0944 snip [63/85] snip_80799.820_80860.820.flac
1061.5s - extractor 0: Chia - Bee Audio 2022 Original/7-13-22_SouthCharleston/3/220713_0944 snip [64/85] snip_83020.370_83083.370.flac
1061.7s - extractor 0: Chia - Bee Audio 2022 Original/7-13-22_SouthCharleston/3/220713_0944 snip [65/85] snip_83779.960_83840.960.flac
1062.0s - extractor 0: Chia - Bee Audio 2022 Original/7-13-22_SouthCharleston/3/220713_0944 snip [66/85] snip_8493.630_8554.630.flac
1062.2s - extractor 0: Chia - Bee Audio 2022 Original/7-13-22_SouthCharleston/3/220713_0944 snip [67/85] snip_85020.480_85081.480.flac
1062.4s - extractor 0: Chia - Bee Audio 2022 Original/7-13-22_SouthCharleston/3/220713_0944 snip [68/85] snip_8739.260_8818.160.flac
1062.9s - extractor 0: Chia - Bee Audio 2022 Original/7-13-22_SouthCharleston/3/220713_0944 snip [69/85] snip_88067.640_88130.640.flac
1063.2s - extractor 0: Chia - Bee Audio 2022 Original/7-13-22_SouthCharleston/3/220713_0944 snip [70/85] snip_8830.520_8891.520.flac
1063.4s - extractor 0: Chia - Bee Audio 2022 Original/7-13-22_SouthCharleston/3/220713_0944 snip [71/85] snip_89693.330_89754.420.flac
1063.7s - extractor 0: Chia - Bee Audio 2022 Original/7-13-22_SouthCharleston/3/220713_0944 snip [72/85] snip_8981.310_9042.310.flac
1063.9s - extractor 0: Chia - Bee Audio 2022 Original/7-13-22_SouthCharleston/3/220713_0944 snip [73/85] snip_90554.190_90652.450.flac
1064.6s - extractor 0: Chia - Bee Audio 2022 Original/7-13-22_SouthCharleston/3/220713_0944 snip [74/85] snip_91177.350_91240.350.flac
1064.9s - extractor 0: Chia - Bee Audio 2022 Original/7-13-22_SouthCharleston/3/220713_0944 snip [75/85] snip_9139.180_9217.070.flac
1065.4s - extractor 0: Chia - Bee Audio 2022 Original/7-13-22_SouthCharleston/3/220713_0944 snip [76/85] snip_92663.080_92724.080.flac
1065.6s - extractor 0: Chia - Bee Audio 2022 Original/7-13-22_SouthCharleston/3/220713_0944 snip [77/85] snip_92900.940_92962.160.flac
1065.9s - extractor 0: Chia - Bee Audio 2022 Original/7-13-22_SouthCharleston/3/220713_0944 snip [78/85] snip_9320.440_9381.440.flac
1066.1s - extractor 0: Chia - Bee Audio 2022 Original/7-13-22_SouthCharleston/3/220713_0944 snip [79/85] snip_94022.100_94085.100.flac
1066.4s - extractor 0: Chia - Bee Audio 2022 Original/7-13-22_SouthCharleston/3/220713_0944 snip [80/85] snip_9508.000_9630.210.flac
1068.0s - extractor 0: Chia - Bee Audio 2022 Original/7-13-22_SouthCharleston/3/220713_0944 snip [81/85] snip_95383.280_95444.280.flac
1068.3s - extractor 0: Chia - Bee Audio 2022 Original/7-13-22_SouthCharleston/3/220713_0944 snip [82/85] snip_97364.050_97427.050.flac
1068.5s - extractor 0: Chia - Bee Audio 2022 Original/7-13-22_SouthCharleston/3/220713_0944 snip [83/85] snip_9903.690_10012.050.flac
1069.3s - extractor 0: Chia - Bee Audio 2022 Original/7-13-22_SouthCharleston/3/220713_0944 snip [84/85] snip_99346.840_99407.840.flac
1069.5s - extractor 0: Chia - Bee Audio 2022 Original/7-13-22_SouthCharleston/3/220713_0944 snip [85/85] snip_99716.520_99779.520.flac
1069.8s - extractor 0: [17] Chia - Bee Audio 2022 Original/7-13-22_SouthCharleston/3/220713_0944 — 85 snip(s) → 322 frames, 4 label(s) (ident took 28.3s)
1069.8s - extractor 0: [18] Chia - Bee Audio 2022 Original/7-13-22_SouthCharleston/3/220715_1127 — starting (embeddings)
1069.8s - extractor 0: Chia - Bee Audio 2022 Original/7-13-22_SouthCharleston/3/220715_1127 snip [1/47] snip_10180.440_10243.440.flac
1070.1s - extractor 0: Chia - Bee Audio 2022 Original/7-13-22_SouthCharleston/3/220715_1127 snip [2/47] snip_11030.590_11091.590.flac
1070.3s - extractor 0: Chia - Bee Audio 2022 Original/7-13-22_SouthCharleston/3/220715_1127 snip [3/47] snip_12628.690_12689.690.flac
1070.6s - extractor 0: Chia - Bee Audio 2022 Original/7-13-22_SouthCharleston/3/220715_1127 snip [4/47] snip_12756.950_12817.970.flac
1070.8s - extractor 0: Chia - Bee Audio 2022 Original/7-13-22_SouthCharleston/3/220715_1127 snip [5/47] snip_16361.270_16422.270.flac
1071.1s - extractor 0: Chia - Bee Audio 2022 Original/7-13-22_SouthCharleston/3/220715_1127 snip [6/47] snip_1758.320_1819.320.flac
1071.3s - extractor 0: Chia - Bee Audio 2022 Original/7-13-22_SouthCharleston/3/220715_1127 snip [7/47] snip_18068.190_18131.190.flac
1071.6s - extractor 0: Chia - Bee Audio 2022 Original/7-13-22_SouthCharleston/3/220715_1127 snip [8/47] snip_18332.720_18675.220.flac
1080.9s - extractor 0: Chia - Bee Audio 2022 Original/7-13-22_SouthCharleston/3/220715_1127 snip [9/47] snip_1864.240_1925.240.flac
1081.1s - extractor 0: Chia - Bee Audio 2022 Original/7-13-22_SouthCharleston/3/220715_1127 snip [10/47] snip_19776.950_19837.950.flac
1081.4s - extractor 0: Chia - Bee Audio 2022 Original/7-13-22_SouthCharleston/3/220715_1127 snip [11/47] snip_20022.930_20083.990.flac
1081.6s - extractor 0: Chia - Bee Audio 2022 Original/7-13-22_SouthCharleston/3/220715_1127 snip [12/47] snip_25108.220_25171.220.flac
1081.9s - extractor 0: Chia - Bee Audio 2022 Original/7-13-22_SouthCharleston/3/220715_1127 snip [13/47] snip_34350.000_34413.000.flac
1082.1s - extractor 0: Chia - Bee Audio 2022 Original/7-13-22_SouthCharleston/3/220715_1127 snip [14/47] snip_37950.000_38013.000.flac
1082.4s - extractor 0: Chia - Bee Audio 2022 Original/7-13-22_SouthCharleston/3/220715_1127 snip [15/47] snip_3860.560_3921.560.flac
1082.6s - extractor 0: Chia - Bee Audio 2022 Original/7-13-22_SouthCharleston/3/220715_1127 snip [16/47] snip_41550.000_41613.000.flac
1082.9s - extractor 0: Chia - Bee Audio 2022 Original/7-13-22_SouthCharleston/3/220715_1127 snip [17/47] snip_45150.000_45213.000.flac
1083.2s - extractor 0: Chia - Bee Audio 2022 Original/7-13-22_SouthCharleston/3/220715_1127 snip [18/47] snip_48750.000_48813.000.flac
1083.4s - extractor 0: Chia - Bee Audio 2022 Original/7-13-22_SouthCharleston/3/220715_1127 snip [19/47] snip_52350.000_52413.000.flac
1083.7s - extractor 0: Chia - Bee Audio 2022 Original/7-13-22_SouthCharleston/3/220715_1127 snip [20/47] snip_55950.000_56013.000.flac
1083.9s - extractor 0: Chia - Bee Audio 2022 Original/7-13-22_SouthCharleston/3/220715_1127 snip [21/47] snip_59550.000_59613.000.flac
1084.2s - extractor 0: Chia - Bee Audio 2022 Original/7-13-22_SouthCharleston/3/220715_1127 snip [22/47] snip_6052.050_6171.350.flac
1084.9s - extractor 0: Chia - Bee Audio 2022 Original/7-13-22_SouthCharleston/3/220715_1127 snip [23/47] snip_6221.840_6325.740.flac
1086.6s - extractor 0: Chia - Bee Audio 2022 Original/7-13-22_SouthCharleston/3/220715_1127 snip [24/47] snip_63150.000_63213.000.flac
1086.8s - extractor 0: Chia - Bee Audio 2022 Original/7-13-22_SouthCharleston/3/220715_1127 snip [25/47] snip_66750.000_66813.000.flac
1087.1s - extractor 0: Chia - Bee Audio 2022 Original/7-13-22_SouthCharleston/3/220715_1127 snip [26/47] snip_6786.610_6908.120.flac
1087.6s - extractor 0: Chia - Bee Audio 2022 Original/7-13-22_SouthCharleston/3/220715_1127 snip [27/47] snip_7011.570_7076.880.flac
1087.9s - extractor 0: Chia - Bee Audio 2022 Original/7-13-22_SouthCharleston/3/220715_1127 snip [28/47] snip_70350.000_70413.000.flac
1088.1s - extractor 0: Chia - Bee Audio 2022 Original/7-13-22_SouthCharleston/3/220715_1127 snip [29/47] snip_71664.360_71727.360.flac
1088.4s - extractor 0: Chia - Bee Audio 2022 Original/7-13-22_SouthCharleston/3/220715_1127 snip [30/47] snip_7169.250_7240.040.flac
1088.8s - extractor 0: Chia - Bee Audio 2022 Original/7-13-22_SouthCharleston/3/220715_1127 snip [31/47] snip_73032.010_73095.010.flac
1089.0s - extractor 0: Chia - Bee Audio 2022 Original/7-13-22_SouthCharleston/3/220715_1127 snip [32/47] snip_73939.190_74013.000.flac
1089.6s - extractor 0: Chia - Bee Audio 2022 Original/7-13-22_SouthCharleston/3/220715_1127 snip [33/47] snip_76113.720_76174.740.flac
1089.8s - extractor 0: Chia - Bee Audio 2022 Original/7-13-22_SouthCharleston/3/220715_1127 snip [34/47] snip_78283.450_78346.450.flac
1090.1s - extractor 0: Chia - Bee Audio 2022 Original/7-13-22_SouthCharleston/3/220715_1127 snip [35/47] snip_82605.500_82668.500.flac
1090.3s - extractor 0: Chia - Bee Audio 2022 Original/7-13-22_SouthCharleston/3/220715_1127 snip [36/47] snip_83934.940_83997.940.flac
1090.6s - extractor 0: Chia - Bee Audio 2022 Original/7-13-22_SouthCharleston/3/220715_1127 snip [37/47] snip_85383.560_85446.560.flac
1090.9s - extractor 0: Chia - Bee Audio 2022 Original/7-13-22_SouthCharleston/3/220715_1127 snip [38/47] snip_90236.340_90297.340.flac
1091.1s - extractor 0: Chia - Bee Audio 2022 Original/7-13-22_SouthCharleston/3/220715_1127 snip [39/47] snip_9165.630_9226.630.flac
1091.3s - extractor 0: Chia - Bee Audio 2022 Original/7-13-22_SouthCharleston/3/220715_1127 snip [40/47] snip_92271.470_92332.470.flac
1091.6s - extractor 0: Chia - Bee Audio 2022 Original/7-13-22_SouthCharleston/3/220715_1127 snip [41/47] snip_9247.950_9310.950.flac
1091.8s - extractor 0: Chia - Bee Audio 2022 Original/7-13-22_SouthCharleston/3/220715_1127 snip [42/47] snip_9332.290_9393.290.flac
1092.1s - extractor 0: Chia - Bee Audio 2022 Original/7-13-22_SouthCharleston/3/220715_1127 snip [43/47] snip_93952.720_94040.100.flac
1093.1s - extractor 0: Chia - Bee Audio 2022 Original/7-13-22_SouthCharleston/3/220715_1127 snip [44/47] snip_94824.020_94885.020.flac
1093.3s - extractor 0: Chia - Bee Audio 2022 Original/7-13-22_SouthCharleston/3/220715_1127 snip [45/47] snip_96283.210_96346.210.flac
1093.6s - extractor 0: Chia - Bee Audio 2022 Original/7-13-22_SouthCharleston/3/220715_1127 snip [46/47] snip_9690.290_9753.720.flac
1094.0s - extractor 0: Chia - Bee Audio 2022 Original/7-13-22_SouthCharleston/3/220715_1127 snip [47/47] snip_97174.170_97237.170.flac
1094.4s - extractor 0: [18] Chia - Bee Audio 2022 Original/7-13-22_SouthCharleston/3/220715_1127 — 47 snip(s) → 324 frames, 9 label(s) (ident took 24.5s)
1094.4s - extractor 0: [19] Chia - Bee Audio 2022 Original/7-13-22_SouthCharleston/4/220713_0946 — starting (embeddings)
1094.4s - extractor 0: Chia - Bee Audio 2022 Original/7-13-22_SouthCharleston/4/220713_0946 snip [1/124] snip_100944.990_101005.990.flac
1094.6s - extractor 0: Chia - Bee Audio 2022 Original/7-13-22_SouthCharleston/4/220713_0946 snip [2/124] snip_101783.910_101846.910.flac
1094.9s - extractor 0: Chia - Bee Audio 2022 Original/7-13-22_SouthCharleston/4/220713_0946 snip [3/124] snip_10252.680_10315.680.flac
1095.1s - extractor 0: Chia - Bee Audio 2022 Original/7-13-22_SouthCharleston/4/220713_0946 snip [4/124] snip_102793.580_102854.580.flac
1095.4s - extractor 0: Chia - Bee Audio 2022 Original/7-13-22_SouthCharleston/4/220713_0946 snip [5/124] snip_102889.360_102952.360.flac
1095.6s - extractor 0: Chia - Bee Audio 2022 Original/7-13-22_SouthCharleston/4/220713_0946 snip [6/124] snip_104457.520_104520.520.flac
1095.9s - extractor 0: Chia - Bee Audio 2022 Original/7-13-22_SouthCharleston/4/220713_0946 snip [7/124] snip_106828.880_106891.880.flac
1096.2s - extractor 0: Chia - Bee Audio 2022 Original/7-13-22_SouthCharleston/4/220713_0946 snip [8/124] snip_1107.400_1169.830.flac
1096.6s - extractor 0: Chia - Bee Audio 2022 Original/7-13-22_SouthCharleston/4/220713_0946 snip [9/124] snip_111420.440_111487.330.flac
1097.3s - extractor 0: Chia - Bee Audio 2022 Original/7-13-22_SouthCharleston/4/220713_0946 snip [10/124] snip_113214.640_113275.640.flac
1097.6s - extractor 0: Chia - Bee Audio 2022 Original/7-13-22_SouthCharleston/4/220713_0946 snip [11/124] snip_11442.930_11503.950.flac
1097.8s - extractor 0: Chia - Bee Audio 2022 Original/7-13-22_SouthCharleston/4/220713_0946 snip [12/124] snip_115288.050_115351.050.flac
1098.1s - extractor 0: Chia - Bee Audio 2022 Original/7-13-22_SouthCharleston/4/220713_0946 snip [13/124] snip_11627.780_11690.780.flac
1098.4s - extractor 0: Chia - Bee Audio 2022 Original/7-13-22_SouthCharleston/4/220713_0946 snip [14/124] snip_12107.730_12170.730.flac
1098.6s - extractor 0: Chia - Bee Audio 2022 Original/7-13-22_SouthCharleston/4/220713_0946 snip [15/124] snip_122679.050_122740.050.flac
1098.9s - extractor 0: Chia - Bee Audio 2022 Original/7-13-22_SouthCharleston/4/220713_0946 snip [16/124] snip_122947.030_123010.030.flac
1099.2s - extractor 0: Chia - Bee Audio 2022 Original/7-13-22_SouthCharleston/4/220713_0946 snip [17/124] snip_123217.330_123278.350.flac
1099.4s - extractor 0: Chia - Bee Audio 2022 Original/7-13-22_SouthCharleston/4/220713_0946 snip [18/124] snip_123884.100_123947.100.flac
1099.7s - extractor 0: Chia - Bee Audio 2022 Original/7-13-22_SouthCharleston/4/220713_0946 snip [19/124] snip_125142.150_125205.150.flac
1099.9s - extractor 0: Chia - Bee Audio 2022 Original/7-13-22_SouthCharleston/4/220713_0946 snip [20/124] snip_126108.340_126171.340.flac
1100.2s - extractor 0: Chia - Bee Audio 2022 Original/7-13-22_SouthCharleston/4/220713_0946 snip [21/124] snip_126810.000_126873.000.flac
1100.5s - extractor 0: Chia - Bee Audio 2022 Original/7-13-22_SouthCharleston/4/220713_0946 snip [22/124] snip_130410.000_130473.000.flac
1100.7s - extractor 0: Chia - Bee Audio 2022 Original/7-13-22_SouthCharleston/4/220713_0946 snip [23/124] snip_134010.000_134073.000.flac
1101.0s - extractor 0: Chia - Bee Audio 2022 Original/7-13-22_SouthCharleston/4/220713_0946 snip [24/124] snip_137610.000_137673.000.flac
1101.2s - extractor 0: Chia - Bee Audio 2022 Original/7-13-22_SouthCharleston/4/220713_0946 snip [25/124] snip_144810.000_144873.000.flac
1101.5s - extractor 0: Chia - Bee Audio 2022 Original/7-13-22_SouthCharleston/4/220713_0946 snip [26/124] snip_145451.720_145514.720.flac
1101.8s - extractor 0: Chia - Bee Audio 2022 Original/7-13-22_SouthCharleston/4/220713_0946 snip [27/124] snip_152010.000_152073.000.flac
1102.0s - extractor 0: Chia - Bee Audio 2022 Original/7-13-22_SouthCharleston/4/220713_0946 snip [28/124] snip_15409.530_15769.460.flac
1109.4s - extractor 0: Chia - Bee Audio 2022 Original/7-13-22_SouthCharleston/4/220713_0946 snip [29/124] snip_155610.000_155673.000.flac
1109.7s - extractor 0: Chia - Bee Audio 2022 Original/7-13-22_SouthCharleston/4/220713_0946 snip [30/124] snip_159210.000_159273.000.flac
1109.9s - extractor 0: Chia - Bee Audio 2022 Original/7-13-22_SouthCharleston/4/220713_0946 snip [31/124] snip_15942.220_16003.220.flac
1110.2s - extractor 0: Chia - Bee Audio 2022 Original/7-13-22_SouthCharleston/4/220713_0946 snip [32/124] snip_162810.000_162873.000.flac
1110.4s - extractor 0: Chia - Bee Audio 2022 Original/7-13-22_SouthCharleston/4/220713_0946 snip [33/124] snip_16313.420_16377.600.flac
1110.9s - extractor 0: Chia - Bee Audio 2022 Original/7-13-22_SouthCharleston/4/220713_0946 snip [34/124] snip_163716.180_163777.230.flac
1111.2s - extractor 0: Chia - Bee Audio 2022 Original/7-13-22_SouthCharleston/4/220713_0946 snip [35/124] snip_164420.300_164481.300.flac
1111.4s - extractor 0: Chia - Bee Audio 2022 Original/7-13-22_SouthCharleston/4/220713_0946 snip [36/124] snip_165023.400_165084.400.flac
1111.7s - extractor 0: Chia - Bee Audio 2022 Original/7-13-22_SouthCharleston/4/220713_0946 snip [37/124] snip_165087.840_165148.840.flac
1111.9s - extractor 0: Chia - Bee Audio 2022 Original/7-13-22_SouthCharleston/4/220713_0946 snip [38/124] snip_165229.280_165292.080.flac
1112.4s - extractor 0: Chia - Bee Audio 2022 Original/7-13-22_SouthCharleston/4/220713_0946 snip [39/124] snip_166129.690_166192.390.flac
1112.8s - extractor 0: Chia - Bee Audio 2022 Original/7-13-22_SouthCharleston/4/220713_0946 snip [40/124] snip_166194.600_166257.600.flac
1113.1s - extractor 0: Chia - Bee Audio 2022 Original/7-13-22_SouthCharleston/4/220713_0946 snip [41/124] snip_166410.000_166473.000.flac
1113.4s - extractor 0: Chia - Bee Audio 2022 Original/7-13-22_SouthCharleston/4/220713_0946 snip [42/124] snip_166532.910_166593.970.flac
1113.6s - extractor 0: Chia - Bee Audio 2022 Original/7-13-22_SouthCharleston/4/220713_0946 snip [43/124] snip_166833.420_166894.420.flac
1113.9s - extractor 0: Chia - Bee Audio 2022 Original/7-13-22_SouthCharleston/4/220713_0946 snip [44/124] snip_167195.960_167256.960.flac
1114.1s - extractor 0: Chia - Bee Audio 2022 Original/7-13-22_SouthCharleston/4/220713_0946 snip [45/124] snip_167586.460_167648.960.flac
1114.6s - extractor 0: Chia - Bee Audio 2022 Original/7-13-22_SouthCharleston/4/220713_0946 snip [46/124] snip_167970.840_168031.840.flac
1114.8s - extractor 0: Chia - Bee Audio 2022 Original/7-13-22_SouthCharleston/4/220713_0946 snip [47/124] snip_168147.390_168208.390.flac
1115.1s - extractor 0: Chia - Bee Audio 2022 Original/7-13-22_SouthCharleston/4/220713_0946 snip [48/124] snip_168213.400_168274.400.flac
1115.3s - extractor 0: Chia - Bee Audio 2022 Original/7-13-22_SouthCharleston/4/220713_0946 snip [49/124] snip_168471.910_168534.910.flac
1115.6s - extractor 0: Chia - Bee Audio 2022 Original/7-13-22_SouthCharleston/4/220713_0946 snip [50/124] snip_169128.600_169195.060.flac
1116.3s - extractor 0: Chia - Bee Audio 2022 Original/7-13-22_SouthCharleston/4/220713_0946 snip [51/124] snip_169209.710_169270.710.flac
1116.5s - extractor 0: Chia - Bee Audio 2022 Original/7-13-22_SouthCharleston/4/220713_0946 snip [52/124] snip_169314.130_169377.130.flac
1116.8s - extractor 0: Chia - Bee Audio 2022 Original/7-13-22_SouthCharleston/4/220713_0946 snip [53/124] snip_169655.550_169716.550.flac
1117.0s - extractor 0: Chia - Bee Audio 2022 Original/7-13-22_SouthCharleston/4/220713_0946 snip [54/124] snip_170087.490_170150.490.flac
1117.3s - extractor 0: Chia - Bee Audio 2022 Original/7-13-22_SouthCharleston/4/220713_0946 snip [55/124] snip_170521.530_170582.530.flac
1117.5s - extractor 0: Chia - Bee Audio 2022 Original/7-13-22_SouthCharleston/4/220713_0946 snip [56/124] snip_171848.760_171911.760.flac
1117.8s - extractor 0: Chia - Bee Audio 2022 Original/7-13-22_SouthCharleston/4/220713_0946 snip [57/124] snip_173699.930_173760.930.flac
1118.1s - extractor 0: Chia - Bee Audio 2022 Original/7-13-22_SouthCharleston/4/220713_0946 snip [58/124] snip_173809.500_173870.500.flac
1118.3s - extractor 0: Chia - Bee Audio 2022 Original/7-13-22_SouthCharleston/4/220713_0946 snip [59/124] snip_174296.400_174359.400.flac
1118.6s - extractor 0: Chia - Bee Audio 2022 Original/7-13-22_SouthCharleston/4/220713_0946 snip [60/124] snip_174603.900_174664.900.flac
1118.8s - extractor 0: Chia - Bee Audio 2022 Original/7-13-22_SouthCharleston/4/220713_0946 snip [61/124] snip_174719.790_174785.810.flac
1119.3s - extractor 0: Chia - Bee Audio 2022 Original/7-13-22_SouthCharleston/4/220713_0946 snip [62/124] snip_175416.960_175477.960.flac
1119.5s - extractor 0: Chia - Bee Audio 2022 Original/7-13-22_SouthCharleston/4/220713_0946 snip [63/124] snip_176034.740_176103.980.flac
1120.3s - extractor 0: Chia - Bee Audio 2022 Original/7-13-22_SouthCharleston/4/220713_0946 snip [64/124] snip_176523.890_176586.890.flac
1120.5s - extractor 0: Chia - Bee Audio 2022 Original/7-13-22_SouthCharleston/4/220713_0946 snip [65/124] snip_177632.780_177693.780.flac
1120.8s - extractor 0: Chia - Bee Audio 2022 Original/7-13-22_SouthCharleston/4/220713_0946 snip [66/124] snip_23333.050_23394.050.flac
1121.0s - extractor 0: Chia - Bee Audio 2022 Original/7-13-22_SouthCharleston/4/220713_0946 snip [67/124] snip_23527.160_23612.420.flac
1121.5s - extractor 0: Chia - Bee Audio 2022 Original/7-13-22_SouthCharleston/4/220713_0946 snip [68/124] snip_24565.320_24626.320.flac
1121.7s - extractor 0: Chia - Bee Audio 2022 Original/7-13-22_SouthCharleston/4/220713_0946 snip [69/124] snip_24957.900_25028.460.flac
1122.7s - extractor 0: Chia - Bee Audio 2022 Original/7-13-22_SouthCharleston/4/220713_0946 snip [70/124] snip_28884.390_28947.390.flac
1123.0s - extractor 0: Chia - Bee Audio 2022 Original/7-13-22_SouthCharleston/4/220713_0946 snip [71/124] snip_28972.830_29039.590.flac
1123.4s - extractor 0: Chia - Bee Audio 2022 Original/7-13-22_SouthCharleston/4/220713_0946 snip [72/124] snip_3170.000_3237.070.flac
1123.7s - extractor 0: Chia - Bee Audio 2022 Original/7-13-22_SouthCharleston/4/220713_0946 snip [73/124] snip_33379.740_33440.740.flac
1124.0s - extractor 0: Chia - Bee Audio 2022 Original/7-13-22_SouthCharleston/4/220713_0946 snip [74/124] snip_40378.480_40473.000.flac
1125.0s - extractor 0: Chia - Bee Audio 2022 Original/7-13-22_SouthCharleston/4/220713_0946 snip [75/124] snip_44010.000_44073.000.flac
1125.2s - extractor 0: Chia - Bee Audio 2022 Original/7-13-22_SouthCharleston/4/220713_0946 snip [76/124] snip_47610.000_47673.000.flac
1125.5s - extractor 0: Chia - Bee Audio 2022 Original/7-13-22_SouthCharleston/4/220713_0946 snip [77/124] snip_54810.000_54873.000.flac
1125.8s - extractor 0: Chia - Bee Audio 2022 Original/7-13-22_SouthCharleston/4/220713_0946 snip [78/124] snip_58041.010_58104.010.flac
1126.0s - extractor 0: Chia - Bee Audio 2022 Original/7-13-22_SouthCharleston/4/220713_0946 snip [79/124] snip_58410.000_58473.000.flac
1126.3s - extractor 0: Chia - Bee Audio 2022 Original/7-13-22_SouthCharleston/4/220713_0946 snip [80/124] snip_62010.000_62073.000.flac
1126.6s - extractor 0: Chia - Bee Audio 2022 Original/7-13-22_SouthCharleston/4/220713_0946 snip [81/124] snip_6430.280_6491.280.flac
1126.8s - extractor 0: Chia - Bee Audio 2022 Original/7-13-22_SouthCharleston/4/220713_0946 snip [82/124] snip_65610.000_65673.000.flac
1127.1s - extractor 0: Chia - Bee Audio 2022 Original/7-13-22_SouthCharleston/4/220713_0946 snip [83/124] snip_6636.330_6697.330.flac
1127.3s - extractor 0: Chia - Bee Audio 2022 Original/7-13-22_SouthCharleston/4/220713_0946 snip [84/124] snip_69210.000_69273.000.flac
1127.6s - extractor 0: Chia - Bee Audio 2022 Original/7-13-22_SouthCharleston/4/220713_0946 snip [85/124] snip_72810.000_72873.000.flac
1127.8s - extractor 0: Chia - Bee Audio 2022 Original/7-13-22_SouthCharleston/4/220713_0946 snip [86/124] snip_77931.070_77992.070.flac
1128.1s - extractor 0: Chia - Bee Audio 2022 Original/7-13-22_SouthCharleston/4/220713_0946 snip [87/124] snip_78434.970_78495.970.flac
1128.3s - extractor 0: Chia - Bee Audio 2022 Original/7-13-22_SouthCharleston/4/220713_0946 snip [88/124] snip_78717.510_78780.510.flac
1128.6s - extractor 0: Chia - Bee Audio 2022 Original/7-13-22_SouthCharleston/4/220713_0946 snip [89/124] snip_7949.020_8010.020.flac
1128.8s - extractor 0: Chia - Bee Audio 2022 Original/7-13-22_SouthCharleston/4/220713_0946 snip [90/124] snip_79939.920_80000.920.flac
1129.1s - extractor 0: Chia - Bee Audio 2022 Original/7-13-22_SouthCharleston/4/220713_0946 snip [91/124] snip_80010.000_80073.000.flac
1129.3s - extractor 0: Chia - Bee Audio 2022 Original/7-13-22_SouthCharleston/4/220713_0946 snip [92/124] snip_80233.830_80298.660.flac
1129.8s - extractor 0: Chia - Bee Audio 2022 Original/7-13-22_SouthCharleston/4/220713_0946 snip [93/124] snip_80572.780_80633.780.flac
1130.1s - extractor 0: Chia - Bee Audio 2022 Original/7-13-22_SouthCharleston/4/220713_0946 snip [94/124] snip_80638.360_80699.360.flac
1130.3s - extractor 0: Chia - Bee Audio 2022 Original/7-13-22_SouthCharleston/4/220713_0946 snip [95/124] snip_80783.260_80844.260.flac
1130.6s - extractor 0: Chia - Bee Audio 2022 Original/7-13-22_SouthCharleston/4/220713_0946 snip [96/124] snip_80963.610_81024.610.flac
1130.8s - extractor 0: Chia - Bee Audio 2022 Original/7-13-22_SouthCharleston/4/220713_0946 snip [97/124] snip_81072.340_81135.340.flac
1131.1s - extractor 0: Chia - Bee Audio 2022 Original/7-13-22_SouthCharleston/4/220713_0946 snip [98/124] snip_81436.280_81499.280.flac
1131.3s - extractor 0: Chia - Bee Audio 2022 Original/7-13-22_SouthCharleston/4/220713_0946 snip [99/124] snip_81691.930_81752.930.flac
1131.6s - extractor 0: Chia - Bee Audio 2022 Original/7-13-22_SouthCharleston/4/220713_0946 snip [100/124] snip_81894.120_81998.500.flac
1132.1s - extractor 0: Chia - Bee Audio 2022 Original/7-13-22_SouthCharleston/4/220713_0946 snip [101/124] snip_82030.240_82091.240.flac
1132.3s - extractor 0: Chia - Bee Audio 2022 Original/7-13-22_SouthCharleston/4/220713_0946 snip [102/124] snip_82568.280_82629.280.flac
1132.5s - extractor 0: Chia - Bee Audio 2022 Original/7-13-22_SouthCharleston/4/220713_0946 snip [103/124] snip_83273.530_83336.940.flac
1133.0s - extractor 0: Chia - Bee Audio 2022 Original/7-13-22_SouthCharleston/4/220713_0946 snip [104/124] snip_85919.590_86279.080.flac
1139.6s - extractor 0: Chia - Bee Audio 2022 Original/7-13-22_SouthCharleston/4/220713_0946 snip [105/124] snip_86972.050_87063.140.flac
1140.1s - extractor 0: Chia - Bee Audio 2022 Original/7-13-22_SouthCharleston/4/220713_0946 snip [106/124] snip_89107.200_89168.200.flac
1140.3s - extractor 0: Chia - Bee Audio 2022 Original/7-13-22_SouthCharleston/4/220713_0946 snip [107/124] snip_89845.440_89906.440.flac
1140.6s - extractor 0: Chia - Bee Audio 2022 Original/7-13-22_SouthCharleston/4/220713_0946 snip [108/124] snip_9064.600_9125.600.flac
1140.8s - extractor 0: Chia - Bee Audio 2022 Original/7-13-22_SouthCharleston/4/220713_0946 snip [109/124] snip_90975.000_91038.000.flac
1141.1s - extractor 0: Chia - Bee Audio 2022 Original/7-13-22_SouthCharleston/4/220713_0946 snip [110/124] snip_92566.410_92665.780.flac
1141.6s - extractor 0: Chia - Bee Audio 2022 Original/7-13-22_SouthCharleston/4/220713_0946 snip [111/124] snip_92844.910_92905.910.flac
1141.8s - extractor 0: Chia - Bee Audio 2022 Original/7-13-22_SouthCharleston/4/220713_0946 snip [112/124] snip_93375.400_93438.400.flac
1142.1s - extractor 0: Chia - Bee Audio 2022 Original/7-13-22_SouthCharleston/4/220713_0946 snip [113/124] snip_93907.820_93968.820.flac
1142.3s - extractor 0: Chia - Bee Audio 2022 Original/7-13-22_SouthCharleston/4/220713_0946 snip [114/124] snip_94129.170_94192.170.flac
1142.6s - extractor 0: Chia - Bee Audio 2022 Original/7-13-22_SouthCharleston/4/220713_0946 snip [115/124] snip_94352.620_94413.620.flac
1142.8s - extractor 0: Chia - Bee Audio 2022 Original/7-13-22_SouthCharleston/4/220713_0946 snip [116/124] snip_94935.920_94996.920.flac
1143.0s - extractor 0: Chia - Bee Audio 2022 Original/7-13-22_SouthCharleston/4/220713_0946 snip [117/124] snip_95047.880_95110.880.flac
1143.3s - extractor 0: Chia - Bee Audio 2022 Original/7-13-22_SouthCharleston/4/220713_0946 snip [118/124] snip_95162.200_95223.200.flac
1143.6s - extractor 0: Chia - Bee Audio 2022 Original/7-13-22_SouthCharleston/4/220713_0946 snip [119/124] snip_95387.200_95450.130.flac
1144.0s - extractor 0: Chia - Bee Audio 2022 Original/7-13-22_SouthCharleston/4/220713_0946 snip [120/124] snip_96544.760_96647.480.flac
1144.5s - extractor 0: Chia - Bee Audio 2022 Original/7-13-22_SouthCharleston/4/220713_0946 snip [121/124] snip_98008.730_98069.730.flac
1144.8s - extractor 0: Chia - Bee Audio 2022 Original/7-13-22_SouthCharleston/4/220713_0946 snip [122/124] snip_98286.300_98347.300.flac
1145.0s - extractor 0: Chia - Bee Audio 2022 Original/7-13-22_SouthCharleston/4/220713_0946 snip [123/124] snip_98413.010_98474.570.flac
1145.3s - extractor 0: Chia - Bee Audio 2022 Original/7-13-22_SouthCharleston/4/220713_0946 snip [124/124] snip_99475.990_99538.990.flac
1145.7s - extractor 0: [19] Chia - Bee Audio 2022 Original/7-13-22_SouthCharleston/4/220713_0946 — 124 snip(s) → 1002 frames, 17 label(s) (ident took 51.3s)
1145.7s - extractor 0: [20] Chia - Bee Audio 2022 Original/7-13-22_SouthCharleston/4/220715_1128 — starting (embeddings)
1145.7s - extractor 0: Chia - Bee Audio 2022 Original/7-13-22_SouthCharleston/4/220715_1128 snip [1/69] snip_10397.950_10506.960.flac
1146.2s - extractor 0: Chia - Bee Audio 2022 Original/7-13-22_SouthCharleston/4/220715_1128 snip [2/69] snip_11593.770_11654.770.flac
1146.4s - extractor 0: Chia - Bee Audio 2022 Original/7-13-22_SouthCharleston/4/220715_1128 snip [3/69] snip_11687.790_11750.790.flac
1146.7s - extractor 0: Chia - Bee Audio 2022 Original/7-13-22_SouthCharleston/4/220715_1128 snip [4/69] snip_12344.880_12407.880.flac
1146.9s - extractor 0: Chia - Bee Audio 2022 Original/7-13-22_SouthCharleston/4/220715_1128 snip [5/69] snip_13540.080_13603.080.flac
1147.2s - extractor 0: Chia - Bee Audio 2022 Original/7-13-22_SouthCharleston/4/220715_1128 snip [6/69] snip_1395.960_1456.960.flac
1147.4s - extractor 0: Chia - Bee Audio 2022 Original/7-13-22_SouthCharleston/4/220715_1128 snip [7/69] snip_14615.390_14678.390.flac
1147.7s - extractor 0: Chia - Bee Audio 2022 Original/7-13-22_SouthCharleston/4/220715_1128 snip [8/69] snip_1494.900_1557.900.flac
1148.0s - extractor 0: Chia - Bee Audio 2022 Original/7-13-22_SouthCharleston/4/220715_1128 snip [9/69] snip_1595.830_1656.830.flac
1148.2s - extractor 0: Chia - Bee Audio 2022 Original/7-13-22_SouthCharleston/4/220715_1128 snip [10/69] snip_16591.690_16652.690.flac
1148.5s - extractor 0: Chia - Bee Audio 2022 Original/7-13-22_SouthCharleston/4/220715_1128 snip [11/69] snip_17525.720_17586.720.flac
1148.7s - extractor 0: Chia - Bee Audio 2022 Original/7-13-22_SouthCharleston/4/220715_1128 snip [12/69] snip_17685.490_17748.490.flac
1149.0s - extractor 0: Chia - Bee Audio 2022 Original/7-13-22_SouthCharleston/4/220715_1128 snip [13/69] snip_1819.840_2148.430.flac
1153.5s - extractor 0: rescued 'ambient_noise' at 1956.130s (0.080s) as ambient_noise+ins_buzz_medium
1153.5s - extractor 0: Chia - Bee Audio 2022 Original/7-13-22_SouthCharleston/4/220715_1128 snip [14/69] snip_18888.710_18949.710.flac
1153.7s - extractor 0: Chia - Bee Audio 2022 Original/7-13-22_SouthCharleston/4/220715_1128 snip [15/69] snip_20419.030_20482.030.flac
1154.0s - extractor 0: Chia - Bee Audio 2022 Original/7-13-22_SouthCharleston/4/220715_1128 snip [16/69] snip_20525.210_20586.210.flac
1154.2s - extractor 0: Chia - Bee Audio 2022 Original/7-13-22_SouthCharleston/4/220715_1128 snip [17/69] snip_21233.990_21294.990.flac
1154.5s - extractor 0: Chia - Bee Audio 2022 Original/7-13-22_SouthCharleston/4/220715_1128 snip [18/69] snip_25301.570_25364.570.flac
1154.7s - extractor 0: Chia - Bee Audio 2022 Original/7-13-22_SouthCharleston/4/220715_1128 snip [19/69] snip_2812.110_2875.110.flac
1155.0s - extractor 0: Chia - Bee Audio 2022 Original/7-13-22_SouthCharleston/4/220715_1128 snip [20/69] snip_34290.000_34353.000.flac
1155.3s - extractor 0: Chia - Bee Audio 2022 Original/7-13-22_SouthCharleston/4/220715_1128 snip [21/69] snip_37890.000_37953.000.flac
1155.5s - extractor 0: Chia - Bee Audio 2022 Original/7-13-22_SouthCharleston/4/220715_1128 snip [22/69] snip_4030.230_4091.230.flac
1155.8s - extractor 0: Chia - Bee Audio 2022 Original/7-13-22_SouthCharleston/4/220715_1128 snip [23/69] snip_41490.000_41553.000.flac
1156.0s - extractor 0: Chia - Bee Audio 2022 Original/7-13-22_SouthCharleston/4/220715_1128 snip [24/69] snip_45090.000_45153.000.flac
1156.3s - extractor 0: Chia - Bee Audio 2022 Original/7-13-22_SouthCharleston/4/220715_1128 snip [25/69] snip_48690.000_48753.000.flac
1156.6s - extractor 0: Chia - Bee Audio 2022 Original/7-13-22_SouthCharleston/4/220715_1128 snip [26/69] snip_50656.110_50719.110.flac
1156.8s - extractor 0: Chia - Bee Audio 2022 Original/7-13-22_SouthCharleston/4/220715_1128 snip [27/69] snip_52290.000_52353.000.flac
1157.1s - extractor 0: Chia - Bee Audio 2022 Original/7-13-22_SouthCharleston/4/220715_1128 snip [28/69] snip_5255.140_5318.140.flac
1157.4s - extractor 0: Chia - Bee Audio 2022 Original/7-13-22_SouthCharleston/4/220715_1128 snip [29/69] snip_55890.000_55953.000.flac
1157.6s - extractor 0: Chia - Bee Audio 2022 Original/7-13-22_SouthCharleston/4/220715_1128 snip [30/69] snip_59490.000_59553.000.flac
1157.9s - extractor 0: Chia - Bee Audio 2022 Original/7-13-22_SouthCharleston/4/220715_1128 snip [31/69] snip_63090.000_63153.000.flac
1158.2s - extractor 0: Chia - Bee Audio 2022 Original/7-13-22_SouthCharleston/4/220715_1128 snip [32/69] snip_6482.250_6543.250.flac
1158.4s - extractor 0: Chia - Bee Audio 2022 Original/7-13-22_SouthCharleston/4/220715_1128 snip [33/69] snip_66690.000_66753.000.flac
1158.7s - extractor 0: Chia - Bee Audio 2022 Original/7-13-22_SouthCharleston/4/220715_1128 snip [34/69] snip_6985.120_7048.120.flac
1159.0s - extractor 0: Chia - Bee Audio 2022 Original/7-13-22_SouthCharleston/4/220715_1128 snip [35/69] snip_70290.000_70353.000.flac
1159.2s - extractor 0: Chia - Bee Audio 2022 Original/7-13-22_SouthCharleston/4/220715_1128 snip [36/69] snip_72294.050_72357.050.flac
1159.5s - extractor 0: Chia - Bee Audio 2022 Original/7-13-22_SouthCharleston/4/220715_1128 snip [37/69] snip_73890.000_73953.000.flac
1159.7s - extractor 0: Chia - Bee Audio 2022 Original/7-13-22_SouthCharleston/4/220715_1128 snip [38/69] snip_74244.150_74307.150.flac
1160.0s - extractor 0: Chia - Bee Audio 2022 Original/7-13-22_SouthCharleston/4/220715_1128 snip [39/69] snip_75989.390_76059.380.flac
1160.5s - extractor 0: Chia - Bee Audio 2022 Original/7-13-22_SouthCharleston/4/220715_1128 snip [40/69] snip_77220.430_77283.430.flac
1160.7s - extractor 0: Chia - Bee Audio 2022 Original/7-13-22_SouthCharleston/4/220715_1128 snip [41/69] snip_8018.320_8081.320.flac
1161.0s - extractor 0: Chia - Bee Audio 2022 Original/7-13-22_SouthCharleston/4/220715_1128 snip [42/69] snip_81847.170_81910.170.flac
1161.3s - extractor 0: Chia - Bee Audio 2022 Original/7-13-22_SouthCharleston/4/220715_1128 snip [43/69] snip_84752.800_84815.800.flac
1161.5s - extractor 0: Chia - Bee Audio 2022 Original/7-13-22_SouthCharleston/4/220715_1128 snip [44/69] snip_86471.840_86534.840.flac
1161.8s - extractor 0: Chia - Bee Audio 2022 Original/7-13-22_SouthCharleston/4/220715_1128 snip [45/69] snip_86983.530_87050.980.flac
1162.7s - extractor 0: Chia - Bee Audio 2022 Original/7-13-22_SouthCharleston/4/220715_1128 snip [46/69] snip_87078.830_87139.890.flac
1163.0s - extractor 0: Chia - Bee Audio 2022 Original/7-13-22_SouthCharleston/4/220715_1128 snip [47/69] snip_88738.160_88801.160.flac
1163.2s - extractor 0: Chia - Bee Audio 2022 Original/7-13-22_SouthCharleston/4/220715_1128 snip [48/69] snip_8874.560_8937.560.flac
1163.5s - extractor 0: Chia - Bee Audio 2022 Original/7-13-22_SouthCharleston/4/220715_1128 snip [49/69] snip_89425.340_89486.340.flac
1163.7s - extractor 0: Chia - Bee Audio 2022 Original/7-13-22_SouthCharleston/4/220715_1128 snip [50/69] snip_89651.710_89712.710.flac
1164.0s - extractor 0: Chia - Bee Audio 2022 Original/7-13-22_SouthCharleston/4/220715_1128 snip [51/69] snip_89736.610_89799.610.flac
1164.2s - extractor 0: Chia - Bee Audio 2022 Original/7-13-22_SouthCharleston/4/220715_1128 snip [52/69] snip_90263.990_90326.990.flac
1164.5s - extractor 0: Chia - Bee Audio 2022 Original/7-13-22_SouthCharleston/4/220715_1128 snip [53/69] snip_90706.810_90767.810.flac
1164.7s - extractor 0: Chia - Bee Audio 2022 Original/7-13-22_SouthCharleston/4/220715_1128 snip [54/69] snip_91269.430_91376.430.flac
1165.9s - extractor 0: Chia - Bee Audio 2022 Original/7-13-22_SouthCharleston/4/220715_1128 snip [55/69] snip_91393.330_91456.330.flac
1166.2s - extractor 0: Chia - Bee Audio 2022 Original/7-13-22_SouthCharleston/4/220715_1128 snip [56/69] snip_91528.630_91589.630.flac
1166.4s - extractor 0: Chia - Bee Audio 2022 Original/7-13-22_SouthCharleston/4/220715_1128 snip [57/69] snip_9203.210_9300.780.flac
1167.0s - extractor 0: Chia - Bee Audio 2022 Original/7-13-22_SouthCharleston/4/220715_1128 snip [58/69] snip_92081.630_92142.630.flac
1167.2s - extractor 0: Chia - Bee Audio 2022 Original/7-13-22_SouthCharleston/4/220715_1128 snip [59/69] snip_92216.820_92279.820.flac
1167.5s - extractor 0: Chia - Bee Audio 2022 Original/7-13-22_SouthCharleston/4/220715_1128 snip [60/69] snip_93267.860_93330.860.flac
1167.7s - extractor 0: Chia - Bee Audio 2022 Original/7-13-22_SouthCharleston/4/220715_1128 snip [61/69] snip_94530.480_94593.480.flac
1168.0s - extractor 0: Chia - Bee Audio 2022 Original/7-13-22_SouthCharleston/4/220715_1128 snip [62/69] snip_94663.990_94724.990.flac
1168.2s - extractor 0: Chia - Bee Audio 2022 Original/7-13-22_SouthCharleston/4/220715_1128 snip [63/69] snip_95268.140_95347.500.flac
1169.2s - extractor 0: Chia - Bee Audio 2022 Original/7-13-22_SouthCharleston/4/220715_1128 snip [64/69] snip_95660.660_95723.660.flac
1169.4s - extractor 0: Chia - Bee Audio 2022 Original/7-13-22_SouthCharleston/4/220715_1128 snip [65/69] snip_96444.010_96505.010.flac
1169.7s - extractor 0: Chia - Bee Audio 2022 Original/7-13-22_SouthCharleston/4/220715_1128 snip [66/69] snip_96625.030_96686.030.flac
1169.9s - extractor 0: Chia - Bee Audio 2022 Original/7-13-22_SouthCharleston/4/220715_1128 snip [67/69] snip_96978.240_97041.240.flac
1170.2s - extractor 0: Chia - Bee Audio 2022 Original/7-13-22_SouthCharleston/4/220715_1128 snip [68/69] snip_97333.610_97394.670.flac
1170.4s - extractor 0: Chia - Bee Audio 2022 Original/7-13-22_SouthCharleston/4/220715_1128 snip [69/69] snip_98107.490_98172.010.flac
1170.8s - extractor 0: [20] Chia - Bee Audio 2022 Original/7-13-22_SouthCharleston/4/220715_1128 — 69 snip(s) → 296 frames, 10 label(s) (ident took 25.1s)
1170.8s - extractor 0: [21] Chia - Bee Audio 2022 Original/7-13-22_SouthCharleston/5/220713_0947 — starting (embeddings)
1170.8s - extractor 0: Chia - Bee Audio 2022 Original/7-13-22_SouthCharleston/5/220713_0947 snip [1/78] snip_101174.660_101237.660.flac
1171.0s - extractor 0: Chia - Bee Audio 2022 Original/7-13-22_SouthCharleston/5/220713_0947 snip [2/78] snip_102000.620_102061.620.flac
1171.3s - extractor 0: Chia - Bee Audio 2022 Original/7-13-22_SouthCharleston/5/220713_0947 snip [3/78] snip_102226.840_102289.840.flac
1171.5s - extractor 0: Chia - Bee Audio 2022 Original/7-13-22_SouthCharleston/5/220713_0947 snip [4/78] snip_103270.720_103333.720.flac
1171.8s - extractor 0: Chia - Bee Audio 2022 Original/7-13-22_SouthCharleston/5/220713_0947 snip [5/78] snip_103341.000_103402.000.flac
1172.0s - extractor 0: Chia - Bee Audio 2022 Original/7-13-22_SouthCharleston/5/220713_0947 snip [6/78] snip_10509.160_10570.160.flac
1172.3s - extractor 0: Chia - Bee Audio 2022 Original/7-13-22_SouthCharleston/5/220713_0947 snip [7/78] snip_105314.320_105377.320.flac
1172.6s - extractor 0: Chia - Bee Audio 2022 Original/7-13-22_SouthCharleston/5/220713_0947 snip [8/78] snip_107667.160_107730.160.flac
1172.8s - extractor 0: Chia - Bee Audio 2022 Original/7-13-22_SouthCharleston/5/220713_0947 snip [9/78] snip_108794.300_108855.300.flac
1173.1s - extractor 0: Chia - Bee Audio 2022 Original/7-13-22_SouthCharleston/5/220713_0947 snip [10/78] snip_109391.460_109454.460.flac
1173.3s - extractor 0: Chia - Bee Audio 2022 Original/7-13-22_SouthCharleston/5/220713_0947 snip [11/78] snip_110310.610_110373.610.flac
1173.6s - extractor 0: Chia - Bee Audio 2022 Original/7-13-22_SouthCharleston/5/220713_0947 snip [12/78] snip_111058.120_111119.120.flac
1173.8s - extractor 0: Chia - Bee Audio 2022 Original/7-13-22_SouthCharleston/5/220713_0947 snip [13/78] snip_112695.720_112758.720.flac
1174.1s - extractor 0: Chia - Bee Audio 2022 Original/7-13-22_SouthCharleston/5/220713_0947 snip [14/78] snip_11294.850_11357.850.flac
1174.4s - extractor 0: Chia - Bee Audio 2022 Original/7-13-22_SouthCharleston/5/220713_0947 snip [15/78] snip_114335.070_114396.070.flac
1174.6s - extractor 0: Chia - Bee Audio 2022 Original/7-13-22_SouthCharleston/5/220713_0947 snip [16/78] snip_114539.470_114608.100.flac
1174.9s - extractor 0: Chia - Bee Audio 2022 Original/7-13-22_SouthCharleston/5/220713_0947 snip [17/78] snip_119249.570_119312.570.flac
1175.2s - extractor 0: Chia - Bee Audio 2022 Original/7-13-22_SouthCharleston/5/220713_0947 snip [18/78] snip_126750.000_126813.000.flac
1175.5s - extractor 0: Chia - Bee Audio 2022 Original/7-13-22_SouthCharleston/5/220713_0947 snip [19/78] snip_130350.000_130413.000.flac
1175.7s - extractor 0: Chia - Bee Audio 2022 Original/7-13-22_SouthCharleston/5/220713_0947 snip [20/78] snip_13106.520_13167.520.flac
1176.0s - extractor 0: Chia - Bee Audio 2022 Original/7-13-22_SouthCharleston/5/220713_0947 snip [21/78] snip_133950.000_134013.000.flac
1176.2s - extractor 0: Chia - Bee Audio 2022 Original/7-13-22_SouthCharleston/5/220713_0947 snip [22/78] snip_1345.760_1406.760.flac
1176.5s - extractor 0: Chia - Bee Audio 2022 Original/7-13-22_SouthCharleston/5/220713_0947 snip [23/78] snip_137550.000_137613.000.flac
1176.7s - extractor 0: Chia - Bee Audio 2022 Original/7-13-22_SouthCharleston/5/220713_0947 snip [24/78] snip_144750.000_144813.000.flac
1177.0s - extractor 0: Chia - Bee Audio 2022 Original/7-13-22_SouthCharleston/5/220713_0947 snip [25/78] snip_145231.510_145294.510.flac
1177.3s - extractor 0: Chia - Bee Audio 2022 Original/7-13-22_SouthCharleston/5/220713_0947 snip [26/78] snip_151950.000_152013.000.flac
1177.5s - extractor 0: Chia - Bee Audio 2022 Original/7-13-22_SouthCharleston/5/220713_0947 snip [27/78] snip_155550.000_155613.000.flac
1177.8s - extractor 0: Chia - Bee Audio 2022 Original/7-13-22_SouthCharleston/5/220713_0947 snip [28/78] snip_159150.000_159213.000.flac
1178.1s - extractor 0: Chia - Bee Audio 2022 Original/7-13-22_SouthCharleston/5/220713_0947 snip [29/78] snip_164718.760_164779.760.flac
1178.3s - extractor 0: Chia - Bee Audio 2022 Original/7-13-22_SouthCharleston/5/220713_0947 snip [30/78] snip_165364.540_165425.540.flac
1178.6s - extractor 0: Chia - Bee Audio 2022 Original/7-13-22_SouthCharleston/5/220713_0947 snip [31/78] snip_166298.760_166359.760.flac
1178.8s - extractor 0: Chia - Bee Audio 2022 Original/7-13-22_SouthCharleston/5/220713_0947 snip [32/78] snip_166675.730_166738.730.flac
1179.1s - extractor 0: Chia - Bee Audio 2022 Original/7-13-22_SouthCharleston/5/220713_0947 snip [33/78] snip_166759.120_166820.120.flac
1179.3s - extractor 0: Chia - Bee Audio 2022 Original/7-13-22_SouthCharleston/5/220713_0947 snip [34/78] snip_166825.720_166886.720.flac
1179.5s - extractor 0: Chia - Bee Audio 2022 Original/7-13-22_SouthCharleston/5/220713_0947 snip [35/78] snip_167885.080_167948.080.flac
1179.8s - extractor 0: Chia - Bee Audio 2022 Original/7-13-22_SouthCharleston/5/220713_0947 snip [36/78] snip_168717.310_168778.310.flac
1180.1s - extractor 0: Chia - Bee Audio 2022 Original/7-13-22_SouthCharleston/5/220713_0947 snip [37/78] snip_168809.730_168872.730.flac
1180.3s - extractor 0: Chia - Bee Audio 2022 Original/7-13-22_SouthCharleston/5/220713_0947 snip [38/78] snip_169956.830_170017.830.flac
1180.6s - extractor 0: Chia - Bee Audio 2022 Original/7-13-22_SouthCharleston/5/220713_0947 snip [39/78] snip_175959.740_176033.390.flac
1181.5s - extractor 0: Chia - Bee Audio 2022 Original/7-13-22_SouthCharleston/5/220713_0947 snip [40/78] snip_17753.640_17814.640.flac
1181.8s - extractor 0: Chia - Bee Audio 2022 Original/7-13-22_SouthCharleston/5/220713_0947 snip [41/78] snip_20999.060_21062.060.flac
1182.0s - extractor 0: Chia - Bee Audio 2022 Original/7-13-22_SouthCharleston/5/220713_0947 snip [42/78] snip_23684.590_23745.590.flac
1182.3s - extractor 0: Chia - Bee Audio 2022 Original/7-13-22_SouthCharleston/5/220713_0947 snip [43/78] snip_2461.640_2522.640.flac
1182.5s - extractor 0: Chia - Bee Audio 2022 Original/7-13-22_SouthCharleston/5/220713_0947 snip [44/78] snip_24980.680_25043.680.flac
1182.8s - extractor 0: Chia - Bee Audio 2022 Original/7-13-22_SouthCharleston/5/220713_0947 snip [45/78] snip_252.000_317.100.flac
1183.1s - extractor 0: Chia - Bee Audio 2022 Original/7-13-22_SouthCharleston/5/220713_0947 snip [46/78] snip_27995.400_28058.400.flac
1183.3s - extractor 0: Chia - Bee Audio 2022 Original/7-13-22_SouthCharleston/5/220713_0947 snip [47/78] snip_28513.780_28576.780.flac
1183.6s - extractor 0: Chia - Bee Audio 2022 Original/7-13-22_SouthCharleston/5/220713_0947 snip [48/78] snip_3069.630_3130.630.flac
1183.8s - extractor 0: Chia - Bee Audio 2022 Original/7-13-22_SouthCharleston/5/220713_0947 snip [49/78] snip_32923.410_32986.410.flac
1184.1s - extractor 0: Chia - Bee Audio 2022 Original/7-13-22_SouthCharleston/5/220713_0947 snip [50/78] snip_37913.760_37976.760.flac
1184.4s - extractor 0: Chia - Bee Audio 2022 Original/7-13-22_SouthCharleston/5/220713_0947 snip [51/78] snip_39125.080_39188.080.flac
1184.6s - extractor 0: Chia - Bee Audio 2022 Original/7-13-22_SouthCharleston/5/220713_0947 snip [52/78] snip_40310.700_40413.000.flac
1185.1s - extractor 0: Chia - Bee Audio 2022 Original/7-13-22_SouthCharleston/5/220713_0947 snip [53/78] snip_43950.000_44013.000.flac
1185.4s - extractor 0: Chia - Bee Audio 2022 Original/7-13-22_SouthCharleston/5/220713_0947 snip [54/78] snip_47550.000_47613.000.flac
1185.7s - extractor 0: Chia - Bee Audio 2022 Original/7-13-22_SouthCharleston/5/220713_0947 snip [55/78] snip_51150.000_51213.000.flac
1185.9s - extractor 0: Chia - Bee Audio 2022 Original/7-13-22_SouthCharleston/5/220713_0947 snip [56/78] snip_54750.000_54813.000.flac
1186.2s - extractor 0: Chia - Bee Audio 2022 Original/7-13-22_SouthCharleston/5/220713_0947 snip [57/78] snip_58350.000_58413.000.flac
1186.4s - extractor 0: Chia - Bee Audio 2022 Original/7-13-22_SouthCharleston/5/220713_0947 snip [58/78] snip_58560.840_58623.840.flac
1186.7s - extractor 0: Chia - Bee Audio 2022 Original/7-13-22_SouthCharleston/5/220713_0947 snip [59/78] snip_61950.000_62013.000.flac
1187.0s - extractor 0: Chia - Bee Audio 2022 Original/7-13-22_SouthCharleston/5/220713_0947 snip [60/78] snip_65550.000_65613.000.flac
1187.2s - extractor 0: Chia - Bee Audio 2022 Original/7-13-22_SouthCharleston/5/220713_0947 snip [61/78] snip_69150.000_69213.000.flac
1187.5s - extractor 0: Chia - Bee Audio 2022 Original/7-13-22_SouthCharleston/5/220713_0947 snip [62/78] snip_72750.000_72813.000.flac
1187.8s - extractor 0: Chia - Bee Audio 2022 Original/7-13-22_SouthCharleston/5/220713_0947 snip [63/78] snip_7431.260_7492.260.flac
1188.0s - extractor 0: Chia - Bee Audio 2022 Original/7-13-22_SouthCharleston/5/220713_0947 snip [64/78] snip_78933.600_78996.600.flac
1188.3s - extractor 0: Chia - Bee Audio 2022 Original/7-13-22_SouthCharleston/5/220713_0947 snip [65/78] snip_79434.990_79496.300.flac
1188.5s - extractor 0: Chia - Bee Audio 2022 Original/7-13-22_SouthCharleston/5/220713_0947 snip [66/78] snip_79582.930_79645.930.flac
1188.8s - extractor 0: Chia - Bee Audio 2022 Original/7-13-22_SouthCharleston/5/220713_0947 snip [67/78] snip_81402.150_81465.150.flac
1189.1s - extractor 0: Chia - Bee Audio 2022 Original/7-13-22_SouthCharleston/5/220713_0947 snip [68/78] snip_87238.920_87301.920.flac
1189.3s - extractor 0: Chia - Bee Audio 2022 Original/7-13-22_SouthCharleston/5/220713_0947 snip [69/78] snip_89233.080_89294.080.flac
1189.6s - extractor 0: Chia - Bee Audio 2022 Original/7-13-22_SouthCharleston/5/220713_0947 snip [70/78] snip_90041.540_90104.540.flac
1189.8s - extractor 0: Chia - Bee Audio 2022 Original/7-13-22_SouthCharleston/5/220713_0947 snip [71/78] snip_91516.800_91586.680.flac
1190.3s - extractor 0: Chia - Bee Audio 2022 Original/7-13-22_SouthCharleston/5/220713_0947 snip [72/78] snip_91831.990_91894.990.flac
1190.6s - extractor 0: Chia - Bee Audio 2022 Original/7-13-22_SouthCharleston/5/220713_0947 snip [73/78] snip_92814.410_92875.410.flac
1190.8s - extractor 0: Chia - Bee Audio 2022 Original/7-13-22_SouthCharleston/5/220713_0947 snip [74/78] snip_9343.330_9406.330.flac
1191.1s - extractor 0: Chia - Bee Audio 2022 Original/7-13-22_SouthCharleston/5/220713_0947 snip [75/78] snip_96068.690_96131.690.flac
1191.3s - extractor 0: Chia - Bee Audio 2022 Original/7-13-22_SouthCharleston/5/220713_0947 snip [76/78] snip_98955.440_99049.730.flac
1192.0s - extractor 0: Chia - Bee Audio 2022 Original/7-13-22_SouthCharleston/5/220713_0947 snip [77/78] snip_99324.720_99385.720.flac
1192.3s - extractor 0: Chia - Bee Audio 2022 Original/7-13-22_SouthCharleston/5/220713_0947 snip [78/78] snip_99537.530_99598.530.flac
1192.6s - extractor 0: [21] Chia - Bee Audio 2022 Original/7-13-22_SouthCharleston/5/220713_0947 — 78 snip(s) → 280 frames, 7 label(s) (ident took 21.8s)
1192.6s - extractor 0: [22] Chia - Bee Audio 2022 Original/7-13-22_SouthCharleston/5/220715_1130 — starting (embeddings)
1192.6s - extractor 0: Chia - Bee Audio 2022 Original/7-13-22_SouthCharleston/5/220715_1130 snip [1/46] snip_11173.450_11239.530.flac
1193.0s - extractor 0: Chia - Bee Audio 2022 Original/7-13-22_SouthCharleston/5/220715_1130 snip [2/46] snip_13197.130_13260.130.flac
1193.3s - extractor 0: Chia - Bee Audio 2022 Original/7-13-22_SouthCharleston/5/220715_1130 snip [3/46] snip_14453.210_14514.210.flac
1193.6s - extractor 0: Chia - Bee Audio 2022 Original/7-13-22_SouthCharleston/5/220715_1130 snip [4/46] snip_14558.770_14627.410.flac
1194.3s - extractor 0: Chia - Bee Audio 2022 Original/7-13-22_SouthCharleston/5/220715_1130 snip [5/46] snip_14634.180_14695.170.flac
1194.5s - extractor 0: Chia - Bee Audio 2022 Original/7-13-22_SouthCharleston/5/220715_1130 snip [6/46] snip_16087.980_16151.250.flac
1195.0s - extractor 0: Chia - Bee Audio 2022 Original/7-13-22_SouthCharleston/5/220715_1130 snip [7/46] snip_16586.790_16648.130.flac
1195.2s - extractor 0: Chia - Bee Audio 2022 Original/7-13-22_SouthCharleston/5/220715_1130 snip [8/46] snip_18865.010_18928.010.flac
1195.5s - extractor 0: Chia - Bee Audio 2022 Original/7-13-22_SouthCharleston/5/220715_1130 snip [9/46] snip_34170.000_34233.000.flac
1195.8s - extractor 0: Chia - Bee Audio 2022 Original/7-13-22_SouthCharleston/5/220715_1130 snip [10/46] snip_41370.000_41433.000.flac
1196.0s - extractor 0: Chia - Bee Audio 2022 Original/7-13-22_SouthCharleston/5/220715_1130 snip [11/46] snip_44970.000_45033.000.flac
1196.3s - extractor 0: Chia - Bee Audio 2022 Original/7-13-22_SouthCharleston/5/220715_1130 snip [12/46] snip_48570.000_48633.000.flac
1196.6s - extractor 0: Chia - Bee Audio 2022 Original/7-13-22_SouthCharleston/5/220715_1130 snip [13/46] snip_4963.480_5026.480.flac
1196.8s - extractor 0: Chia - Bee Audio 2022 Original/7-13-22_SouthCharleston/5/220715_1130 snip [14/46] snip_497.910_559.190.flac
1197.1s - extractor 0: Chia - Bee Audio 2022 Original/7-13-22_SouthCharleston/5/220715_1130 snip [15/46] snip_52170.000_52233.000.flac
1197.3s - extractor 0: Chia - Bee Audio 2022 Original/7-13-22_SouthCharleston/5/220715_1130 snip [16/46] snip_5240.930_5301.930.flac
1197.6s - extractor 0: Chia - Bee Audio 2022 Original/7-13-22_SouthCharleston/5/220715_1130 snip [17/46] snip_52536.020_52599.020.flac
1197.8s - extractor 0: Chia - Bee Audio 2022 Original/7-13-22_SouthCharleston/5/220715_1130 snip [18/46] snip_55770.000_55833.000.flac
1198.1s - extractor 0: Chia - Bee Audio 2022 Original/7-13-22_SouthCharleston/5/220715_1130 snip [19/46] snip_59370.000_59433.000.flac
1198.4s - extractor 0: Chia - Bee Audio 2022 Original/7-13-22_SouthCharleston/5/220715_1130 snip [20/46] snip_6216.470_6278.720.flac
1198.6s - extractor 0: Chia - Bee Audio 2022 Original/7-13-22_SouthCharleston/5/220715_1130 snip [21/46] snip_62970.000_63033.000.flac
1198.9s - extractor 0: Chia - Bee Audio 2022 Original/7-13-22_SouthCharleston/5/220715_1130 snip [22/46] snip_6652.970_6713.970.flac
1199.1s - extractor 0: Chia - Bee Audio 2022 Original/7-13-22_SouthCharleston/5/220715_1130 snip [23/46] snip_6838.920_6901.920.flac
1199.4s - extractor 0: Chia - Bee Audio 2022 Original/7-13-22_SouthCharleston/5/220715_1130 snip [24/46] snip_70170.000_70233.000.flac
1199.6s - extractor 0: Chia - Bee Audio 2022 Original/7-13-22_SouthCharleston/5/220715_1130 snip [25/46] snip_73770.000_73833.000.flac
1199.9s - extractor 0: Chia - Bee Audio 2022 Original/7-13-22_SouthCharleston/5/220715_1130 snip [26/46] snip_75963.750_76026.750.flac
1200.2s - extractor 0: Chia - Bee Audio 2022 Original/7-13-22_SouthCharleston/5/220715_1130 snip [27/46] snip_76865.630_76926.720.flac
1200.4s - extractor 0: Chia - Bee Audio 2022 Original/7-13-22_SouthCharleston/5/220715_1130 snip [28/46] snip_77473.050_77536.050.flac
1200.7s - extractor 0: Chia - Bee Audio 2022 Original/7-13-22_SouthCharleston/5/220715_1130 snip [29/46] snip_78651.430_78714.430.flac
1200.9s - extractor 0: Chia - Bee Audio 2022 Original/7-13-22_SouthCharleston/5/220715_1130 snip [30/46] snip_80632.020_80695.020.flac
1201.2s - extractor 0: Chia - Bee Audio 2022 Original/7-13-22_SouthCharleston/5/220715_1130 snip [31/46] snip_8137.440_8224.890.flac
1202.2s - extractor 0: Chia - Bee Audio 2022 Original/7-13-22_SouthCharleston/5/220715_1130 snip [32/46] snip_82913.490_82976.490.flac
1202.4s - extractor 0: Chia - Bee Audio 2022 Original/7-13-22_SouthCharleston/5/220715_1130 snip [33/46] snip_830.140_891.140.flac
1202.7s - extractor 0: Chia - Bee Audio 2022 Original/7-13-22_SouthCharleston/5/220715_1130 snip [34/46] snip_84050.660_84113.660.flac
1202.9s - extractor 0: Chia - Bee Audio 2022 Original/7-13-22_SouthCharleston/5/220715_1130 snip [35/46] snip_8417.370_8480.370.flac
1203.2s - extractor 0: Chia - Bee Audio 2022 Original/7-13-22_SouthCharleston/5/220715_1130 snip [36/46] snip_86310.260_86373.260.flac
1203.5s - extractor 0: Chia - Bee Audio 2022 Original/7-13-22_SouthCharleston/5/220715_1130 snip [37/46] snip_88304.110_88365.110.flac
1203.7s - extractor 0: Chia - Bee Audio 2022 Original/7-13-22_SouthCharleston/5/220715_1130 snip [38/46] snip_88680.050_88746.390.flac
1204.2s - extractor 0: Chia - Bee Audio 2022 Original/7-13-22_SouthCharleston/5/220715_1130 snip [39/46] snip_91294.010_91357.010.flac
1204.5s - extractor 0: Chia - Bee Audio 2022 Original/7-13-22_SouthCharleston/5/220715_1130 snip [40/46] snip_93617.880_93680.880.flac
1204.7s - extractor 0: Chia - Bee Audio 2022 Original/7-13-22_SouthCharleston/5/220715_1130 snip [41/46] snip_93818.010_93881.010.flac
1205.0s - extractor 0: Chia - Bee Audio 2022 Original/7-13-22_SouthCharleston/5/220715_1130 snip [42/46] snip_94314.240_94420.920.flac
1205.5s - extractor 0: Chia - Bee Audio 2022 Original/7-13-22_SouthCharleston/5/220715_1130 snip [43/46] snip_94462.950_94525.950.flac
1205.7s - extractor 0: Chia - Bee Audio 2022 Original/7-13-22_SouthCharleston/5/220715_1130 snip [44/46] snip_96767.310_96828.310.flac
1206.0s - extractor 0: Chia - Bee Audio 2022 Original/7-13-22_SouthCharleston/5/220715_1130 snip [45/46] snip_97754.770_97815.770.flac
1206.2s - extractor 0: Chia - Bee Audio 2022 Original/7-13-22_SouthCharleston/5/220715_1130 snip [46/46] snip_9809.610_9870.610.flac
1206.5s - extractor 0: [22] Chia - Bee Audio 2022 Original/7-13-22_SouthCharleston/5/220715_1130 — 46 snip(s) → 167 frames, 6 label(s) (ident took 13.9s)
1206.5s - extractor 0: [23] Chia - Bee Audio 2022 Original/7-13-22_SouthCharleston/6/220713_0948 — starting (embeddings)
1206.5s - extractor 0: Chia - Bee Audio 2022 Original/7-13-22_SouthCharleston/6/220713_0948 snip [1/82] snip_100295.430_100358.430.flac
1206.7s - extractor 0: Chia - Bee Audio 2022 Original/7-13-22_SouthCharleston/6/220713_0948 snip [2/82] snip_101017.110_101080.110.flac
1207.0s - extractor 0: Chia - Bee Audio 2022 Original/7-13-22_SouthCharleston/6/220713_0948 snip [3/82] snip_101240.080_101301.080.flac
1207.2s - extractor 0: Chia - Bee Audio 2022 Original/7-13-22_SouthCharleston/6/220713_0948 snip [4/82] snip_101398.880_101461.880.flac
1207.5s - extractor 0: Chia - Bee Audio 2022 Original/7-13-22_SouthCharleston/6/220713_0948 snip [5/82] snip_102643.580_102704.580.flac
1207.8s - extractor 0: Chia - Bee Audio 2022 Original/7-13-22_SouthCharleston/6/220713_0948 snip [6/82] snip_103429.080_103492.080.flac
1208.0s - extractor 0: Chia - Bee Audio 2022 Original/7-13-22_SouthCharleston/6/220713_0948 snip [7/82] snip_104762.400_104825.400.flac
1208.3s - extractor 0: Chia - Bee Audio 2022 Original/7-13-22_SouthCharleston/6/220713_0948 snip [8/82] snip_106024.340_106087.340.flac
1208.6s - extractor 0: Chia - Bee Audio 2022 Original/7-13-22_SouthCharleston/6/220713_0948 snip [9/82] snip_107722.670_107817.600.flac
1209.3s - extractor 0: Chia - Bee Audio 2022 Original/7-13-22_SouthCharleston/6/220713_0948 snip [10/82] snip_109642.400_109705.400.flac
1209.6s - extractor 0: Chia - Bee Audio 2022 Original/7-13-22_SouthCharleston/6/220713_0948 snip [11/82] snip_110373.410_110436.410.flac
1209.8s - extractor 0: Chia - Bee Audio 2022 Original/7-13-22_SouthCharleston/6/220713_0948 snip [12/82] snip_111309.110_111372.110.flac
1210.1s - extractor 0: Chia - Bee Audio 2022 Original/7-13-22_SouthCharleston/6/220713_0948 snip [13/82] snip_112939.460_113002.460.flac
1210.4s - extractor 0: Chia - Bee Audio 2022 Original/7-13-22_SouthCharleston/6/220713_0948 snip [14/82] snip_113038.220_113115.800.flac
1210.8s - extractor 0: Chia - Bee Audio 2022 Original/7-13-22_SouthCharleston/6/220713_0948 snip [15/82] snip_117597.270_117660.270.flac
1211.1s - extractor 0: Chia - Bee Audio 2022 Original/7-13-22_SouthCharleston/6/220713_0948 snip [16/82] snip_122141.360_122204.360.flac
1211.4s - extractor 0: Chia - Bee Audio 2022 Original/7-13-22_SouthCharleston/6/220713_0948 snip [17/82] snip_126690.000_126753.000.flac
1211.6s - extractor 0: Chia - Bee Audio 2022 Original/7-13-22_SouthCharleston/6/220713_0948 snip [18/82] snip_130290.000_130353.000.flac
1211.9s - extractor 0: Chia - Bee Audio 2022 Original/7-13-22_SouthCharleston/6/220713_0948 snip [19/82] snip_133890.000_133953.000.flac
1212.2s - extractor 0: Chia - Bee Audio 2022 Original/7-13-22_SouthCharleston/6/220713_0948 snip [20/82] snip_13523.550_13584.550.flac
1212.4s - extractor 0: Chia - Bee Audio 2022 Original/7-13-22_SouthCharleston/6/220713_0948 snip [21/82] snip_137490.000_137553.000.flac
1212.7s - extractor 0: Chia - Bee Audio 2022 Original/7-13-22_SouthCharleston/6/220713_0948 snip [22/82] snip_141090.000_141153.000.flac
1212.9s - extractor 0: Chia - Bee Audio 2022 Original/7-13-22_SouthCharleston/6/220713_0948 snip [23/82] snip_142867.010_142930.010.flac
1213.2s - extractor 0: Chia - Bee Audio 2022 Original/7-13-22_SouthCharleston/6/220713_0948 snip [24/82] snip_151890.000_151953.000.flac
1213.4s - extractor 0: Chia - Bee Audio 2022 Original/7-13-22_SouthCharleston/6/220713_0948 snip [25/82] snip_155490.000_155553.000.flac
1213.7s - extractor 0: Chia - Bee Audio 2022 Original/7-13-22_SouthCharleston/6/220713_0948 snip [26/82] snip_159090.000_159153.000.flac
1214.0s - extractor 0: Chia - Bee Audio 2022 Original/7-13-22_SouthCharleston/6/220713_0948 snip [27/82] snip_16003.560_16066.560.flac
1214.2s - extractor 0: Chia - Bee Audio 2022 Original/7-13-22_SouthCharleston/6/220713_0948 snip [28/82] snip_162690.000_162753.000.flac
1214.5s - extractor 0: Chia - Bee Audio 2022 Original/7-13-22_SouthCharleston/6/220713_0948 snip [29/82] snip_163970.280_164033.280.flac
1214.8s - extractor 0: Chia - Bee Audio 2022 Original/7-13-22_SouthCharleston/6/220713_0948 snip [30/82] snip_167411.940_167474.940.flac
1215.0s - extractor 0: Chia - Bee Audio 2022 Original/7-13-22_SouthCharleston/6/220713_0948 snip [31/82] snip_169843.880_169906.880.flac
1215.3s - extractor 0: Chia - Bee Audio 2022 Original/7-13-22_SouthCharleston/6/220713_0948 snip [32/82] snip_170186.440_170247.440.flac
1215.5s - extractor 0: Chia - Bee Audio 2022 Original/7-13-22_SouthCharleston/6/220713_0948 snip [33/82] snip_170581.570_170644.570.flac
1215.8s - extractor 0: Chia - Bee Audio 2022 Original/7-13-22_SouthCharleston/6/220713_0948 snip [34/82] snip_172744.800_172807.800.flac
1216.1s - extractor 0: Chia - Bee Audio 2022 Original/7-13-22_SouthCharleston/6/220713_0948 snip [35/82] snip_173480.600_173543.600.flac
1216.3s - extractor 0: Chia - Bee Audio 2022 Original/7-13-22_SouthCharleston/6/220713_0948 snip [36/82] snip_174867.160_174930.160.flac
1216.6s - extractor 0: Chia - Bee Audio 2022 Original/7-13-22_SouthCharleston/6/220713_0948 snip [37/82] snip_175854.620_175927.920.flac
1217.5s - extractor 0: Chia - Bee Audio 2022 Original/7-13-22_SouthCharleston/6/220713_0948 snip [38/82] snip_17638.080_17699.080.flac
1217.8s - extractor 0: Chia - Bee Audio 2022 Original/7-13-22_SouthCharleston/6/220713_0948 snip [39/82] snip_176890.580_176953.580.flac
1218.0s - extractor 0: Chia - Bee Audio 2022 Original/7-13-22_SouthCharleston/6/220713_0948 snip [40/82] snip_17882.970_17957.940.flac
1218.5s - extractor 0: Chia - Bee Audio 2022 Original/7-13-22_SouthCharleston/6/220713_0948 snip [41/82] snip_19237.040_19300.040.flac
1218.8s - extractor 0: Chia - Bee Audio 2022 Original/7-13-22_SouthCharleston/6/220713_0948 snip [42/82] snip_21384.310_21447.310.flac
1219.0s - extractor 0: Chia - Bee Audio 2022 Original/7-13-22_SouthCharleston/6/220713_0948 snip [43/82] snip_22335.070_22397.970.flac
1219.5s - extractor 0: Chia - Bee Audio 2022 Original/7-13-22_SouthCharleston/6/220713_0948 snip [44/82] snip_23538.690_23601.490.flac
1219.8s - extractor 0: Chia - Bee Audio 2022 Original/7-13-22_SouthCharleston/6/220713_0948 snip [45/82] snip_24191.900_24252.900.flac
1220.0s - extractor 0: Chia - Bee Audio 2022 Original/7-13-22_SouthCharleston/6/220713_0948 snip [46/82] snip_27225.050_27367.250.flac
1221.6s - extractor 0: Chia - Bee Audio 2022 Original/7-13-22_SouthCharleston/6/220713_0948 snip [47/82] snip_27384.990_27584.890.flac
1223.8s - extractor 0: Chia - Bee Audio 2022 Original/7-13-22_SouthCharleston/6/220713_0948 snip [48/82] snip_29107.740_29213.860.flac
1224.7s - extractor 0: Chia - Bee Audio 2022 Original/7-13-22_SouthCharleston/6/220713_0948 snip [49/82] snip_29497.030_29560.030.flac
1225.0s - extractor 0: Chia - Bee Audio 2022 Original/7-13-22_SouthCharleston/6/220713_0948 snip [50/82] snip_3078.920_3139.920.flac
1225.2s - extractor 0: Chia - Bee Audio 2022 Original/7-13-22_SouthCharleston/6/220713_0948 snip [51/82] snip_35822.050_35886.550.flac
1225.5s - extractor 0: Chia - Bee Audio 2022 Original/7-13-22_SouthCharleston/6/220713_0948 snip [52/82] snip_37213.010_37276.010.flac
1225.8s - extractor 0: Chia - Bee Audio 2022 Original/7-13-22_SouthCharleston/6/220713_0948 snip [53/82] snip_37870.950_37933.950.flac
1226.1s - extractor 0: Chia - Bee Audio 2022 Original/7-13-22_SouthCharleston/6/220713_0948 snip [54/82] snip_38491.040_38554.040.flac
1226.3s - extractor 0: Chia - Bee Audio 2022 Original/7-13-22_SouthCharleston/6/220713_0948 snip [55/82] snip_40202.840_40263.840.flac
1226.6s - extractor 0: Chia - Bee Audio 2022 Original/7-13-22_SouthCharleston/6/220713_0948 snip [56/82] snip_43890.000_43953.000.flac
1226.8s - extractor 0: Chia - Bee Audio 2022 Original/7-13-22_SouthCharleston/6/220713_0948 snip [57/82] snip_47490.000_47553.000.flac
1227.1s - extractor 0: Chia - Bee Audio 2022 Original/7-13-22_SouthCharleston/6/220713_0948 snip [58/82] snip_54690.000_54753.000.flac
1227.4s - extractor 0: Chia - Bee Audio 2022 Original/7-13-22_SouthCharleston/6/220713_0948 snip [59/82] snip_58290.000_58353.000.flac
1227.6s - extractor 0: Chia - Bee Audio 2022 Original/7-13-22_SouthCharleston/6/220713_0948 snip [60/82] snip_59039.880_59102.880.flac
1227.9s - extractor 0: Chia - Bee Audio 2022 Original/7-13-22_SouthCharleston/6/220713_0948 snip [61/82] snip_6063.490_6126.490.flac
1228.1s - extractor 0: Chia - Bee Audio 2022 Original/7-13-22_SouthCharleston/6/220713_0948 snip [62/82] snip_61890.000_61953.000.flac
1228.4s - extractor 0: Chia - Bee Audio 2022 Original/7-13-22_SouthCharleston/6/220713_0948 snip [63/82] snip_65490.000_65553.000.flac
1228.7s - extractor 0: Chia - Bee Audio 2022 Original/7-13-22_SouthCharleston/6/220713_0948 snip [64/82] snip_77878.800_77939.800.flac
1228.9s - extractor 0: Chia - Bee Audio 2022 Original/7-13-22_SouthCharleston/6/220713_0948 snip [65/82] snip_78566.520_78629.520.flac
1229.2s - extractor 0: Chia - Bee Audio 2022 Original/7-13-22_SouthCharleston/6/220713_0948 snip [66/82] snip_82389.040_82452.040.flac
1229.4s - extractor 0: Chia - Bee Audio 2022 Original/7-13-22_SouthCharleston/6/220713_0948 snip [67/82] snip_86403.030_86466.030.flac
1229.7s - extractor 0: Chia - Bee Audio 2022 Original/7-13-22_SouthCharleston/6/220713_0948 snip [68/82] snip_86799.470_86860.530.flac
1230.0s - extractor 0: Chia - Bee Audio 2022 Original/7-13-22_SouthCharleston/6/220713_0948 snip [69/82] snip_87580.160_87643.160.flac
1230.2s - extractor 0: Chia - Bee Audio 2022 Original/7-13-22_SouthCharleston/6/220713_0948 snip [70/82] snip_90590.080_90653.080.flac
1230.5s - extractor 0: Chia - Bee Audio 2022 Original/7-13-22_SouthCharleston/6/220713_0948 snip [71/82] snip_9176.240_9239.240.flac
1230.7s - extractor 0: Chia - Bee Audio 2022 Original/7-13-22_SouthCharleston/6/220713_0948 snip [72/82] snip_92364.400_92426.530.flac
1231.2s - extractor 0: Chia - Bee Audio 2022 Original/7-13-22_SouthCharleston/6/220713_0948 snip [73/82] snip_93380.080_93443.080.flac
1231.5s - extractor 0: Chia - Bee Audio 2022 Original/7-13-22_SouthCharleston/6/220713_0948 snip [74/82] snip_94253.200_94316.200.flac
1231.7s - extractor 0: Chia - Bee Audio 2022 Original/7-13-22_SouthCharleston/6/220713_0948 snip [75/82] snip_95050.030_95111.030.flac
1232.0s - extractor 0: Chia - Bee Audio 2022 Original/7-13-22_SouthCharleston/6/220713_0948 snip [76/82] snip_95188.550_95251.550.flac
1232.3s - extractor 0: Chia - Bee Audio 2022 Original/7-13-22_SouthCharleston/6/220713_0948 snip [77/82] snip_95522.960_95585.960.flac
1232.5s - extractor 0: Chia - Bee Audio 2022 Original/7-13-22_SouthCharleston/6/220713_0948 snip [78/82] snip_95909.620_95972.620.flac
1232.8s - extractor 0: Chia - Bee Audio 2022 Original/7-13-22_SouthCharleston/6/220713_0948 snip [79/82] snip_96211.720_96274.720.flac
1233.0s - extractor 0: Chia - Bee Audio 2022 Original/7-13-22_SouthCharleston/6/220713_0948 snip [80/82] snip_96747.060_96810.060.flac
1233.3s - extractor 0: Chia - Bee Audio 2022 Original/7-13-22_SouthCharleston/6/220713_0948 snip [81/82] snip_97259.010_97322.010.flac
1233.6s - extractor 0: Chia - Bee Audio 2022 Original/7-13-22_SouthCharleston/6/220713_0948 snip [82/82] snip_98246.050_98309.050.flac
1233.9s - extractor 0: [23] Chia - Bee Audio 2022 Original/7-13-22_SouthCharleston/6/220713_0948 — 82 snip(s) → 462 frames, 9 label(s) (ident took 27.4s)
1233.9s - extractor 0: [24] Chia - Bee Audio 2022 Original/7-13-22_SouthCharleston/6/220715_1131 — starting (embeddings)
1233.9s - extractor 0: Chia - Bee Audio 2022 Original/7-13-22_SouthCharleston/6/220715_1131 snip [1/40] snip_12690.700_12753.700.flac
1234.2s - extractor 0: Chia - Bee Audio 2022 Original/7-13-22_SouthCharleston/6/220715_1131 snip [2/40] snip_15319.500_15380.500.flac
1234.4s - extractor 0: Chia - Bee Audio 2022 Original/7-13-22_SouthCharleston/6/220715_1131 snip [3/40] snip_1604.980_1667.980.flac
1234.7s - extractor 0: Chia - Bee Audio 2022 Original/7-13-22_SouthCharleston/6/220715_1131 snip [4/40] snip_2049.020_2112.020.flac
1235.0s - extractor 0: Chia - Bee Audio 2022 Original/7-13-22_SouthCharleston/6/220715_1131 snip [5/40] snip_30249.940_30591.430.flac
1237.9s - extractor 0: Chia - Bee Audio 2022 Original/7-13-22_SouthCharleston/6/220715_1131 snip [6/40] snip_34110.000_34173.000.flac
1238.2s - extractor 0: Chia - Bee Audio 2022 Original/7-13-22_SouthCharleston/6/220715_1131 snip [7/40] snip_37710.000_37773.000.flac
1238.4s - extractor 0: Chia - Bee Audio 2022 Original/7-13-22_SouthCharleston/6/220715_1131 snip [8/40] snip_41310.000_41373.000.flac
1238.7s - extractor 0: Chia - Bee Audio 2022 Original/7-13-22_SouthCharleston/6/220715_1131 snip [9/40] snip_43082.110_43145.110.flac
1239.0s - extractor 0: Chia - Bee Audio 2022 Original/7-13-22_SouthCharleston/6/220715_1131 snip [10/40] snip_44910.000_44973.000.flac
1239.2s - extractor 0: Chia - Bee Audio 2022 Original/7-13-22_SouthCharleston/6/220715_1131 snip [11/40] snip_48510.000_48573.000.flac
1239.5s - extractor 0: Chia - Bee Audio 2022 Original/7-13-22_SouthCharleston/6/220715_1131 snip [12/40] snip_5062.080_5125.080.flac
1239.8s - extractor 0: Chia - Bee Audio 2022 Original/7-13-22_SouthCharleston/6/220715_1131 snip [13/40] snip_52110.000_52173.000.flac
1240.0s - extractor 0: Chia - Bee Audio 2022 Original/7-13-22_SouthCharleston/6/220715_1131 snip [14/40] snip_5541.270_5602.270.flac
1240.3s - extractor 0: Chia - Bee Audio 2022 Original/7-13-22_SouthCharleston/6/220715_1131 snip [15/40] snip_55710.000_55773.000.flac
1240.6s - extractor 0: Chia - Bee Audio 2022 Original/7-13-22_SouthCharleston/6/220715_1131 snip [16/40] snip_59310.000_59373.000.flac
1240.8s - extractor 0: Chia - Bee Audio 2022 Original/7-13-22_SouthCharleston/6/220715_1131 snip [17/40] snip_62910.000_62973.000.flac
1241.1s - extractor 0: Chia - Bee Audio 2022 Original/7-13-22_SouthCharleston/6/220715_1131 snip [18/40] snip_66510.000_66573.000.flac
1241.3s - extractor 0: Chia - Bee Audio 2022 Original/7-13-22_SouthCharleston/6/220715_1131 snip [19/40] snip_70110.000_70173.000.flac
1241.6s - extractor 0: Chia - Bee Audio 2022 Original/7-13-22_SouthCharleston/6/220715_1131 snip [20/40] snip_73348.940_73411.940.flac
1241.9s - extractor 0: Chia - Bee Audio 2022 Original/7-13-22_SouthCharleston/6/220715_1131 snip [21/40] snip_73710.000_73773.000.flac
1242.1s - extractor 0: Chia - Bee Audio 2022 Original/7-13-22_SouthCharleston/6/220715_1131 snip [22/40] snip_75821.800_75885.340.flac
1242.6s - extractor 0: Chia - Bee Audio 2022 Original/7-13-22_SouthCharleston/6/220715_1131 snip [23/40] snip_76292.610_76355.610.flac
1242.9s - extractor 0: Chia - Bee Audio 2022 Original/7-13-22_SouthCharleston/6/220715_1131 snip [24/40] snip_77217.920_77280.920.flac
1243.1s - extractor 0: Chia - Bee Audio 2022 Original/7-13-22_SouthCharleston/6/220715_1131 snip [25/40] snip_79371.840_79434.840.flac
1243.4s - extractor 0: Chia - Bee Audio 2022 Original/7-13-22_SouthCharleston/6/220715_1131 snip [26/40] snip_81614.260_81677.260.flac
1243.7s - extractor 0: Chia - Bee Audio 2022 Original/7-13-22_SouthCharleston/6/220715_1131 snip [27/40] snip_82822.060_82885.060.flac
1243.9s - extractor 0: Chia - Bee Audio 2022 Original/7-13-22_SouthCharleston/6/220715_1131 snip [28/40] snip_83944.770_84007.770.flac
1244.2s - extractor 0: Chia - Bee Audio 2022 Original/7-13-22_SouthCharleston/6/220715_1131 snip [29/40] snip_84395.370_84493.390.flac
1244.9s - extractor 0: Chia - Bee Audio 2022 Original/7-13-22_SouthCharleston/6/220715_1131 snip [30/40] snip_84519.560_84592.000.flac
1245.3s - extractor 0: Chia - Bee Audio 2022 Original/7-13-22_SouthCharleston/6/220715_1131 snip [31/40] snip_85095.540_85158.540.flac
1245.5s - extractor 0: Chia - Bee Audio 2022 Original/7-13-22_SouthCharleston/6/220715_1131 snip [32/40] snip_8540.020_8601.020.flac
1245.8s - extractor 0: Chia - Bee Audio 2022 Original/7-13-22_SouthCharleston/6/220715_1131 snip [33/40] snip_88854.860_88917.860.flac
1246.1s - extractor 0: Chia - Bee Audio 2022 Original/7-13-22_SouthCharleston/6/220715_1131 snip [34/40] snip_90839.220_91080.500.flac
1249.1s - extractor 0: Chia - Bee Audio 2022 Original/7-13-22_SouthCharleston/6/220715_1131 snip [35/40] snip_91091.120_91164.790.flac
1250.1s - extractor 0: Chia - Bee Audio 2022 Original/7-13-22_SouthCharleston/6/220715_1131 snip [36/40] snip_92686.020_92749.020.flac
1250.3s - extractor 0: Chia - Bee Audio 2022 Original/7-13-22_SouthCharleston/6/220715_1131 snip [37/40] snip_94517.010_94580.010.flac
1250.6s - extractor 0: Chia - Bee Audio 2022 Original/7-13-22_SouthCharleston/6/220715_1131 snip [38/40] snip_9456.340_9527.170.flac
1251.3s - extractor 0: Chia - Bee Audio 2022 Original/7-13-22_SouthCharleston/6/220715_1131 snip [39/40] snip_9752.980_9813.980.flac
1251.6s - extractor 0: Chia - Bee Audio 2022 Original/7-13-22_SouthCharleston/6/220715_1131 snip [40/40] snip_9829.450_9890.450.flac
1251.9s - extractor 0: [24] Chia - Bee Audio 2022 Original/7-13-22_SouthCharleston/6/220715_1131 — 40 snip(s) → 338 frames, 9 label(s) (ident took 17.9s)
1251.9s - extractor 0: [25] Chia - Bee Audio 2022 Original/7-13-22_SouthCharleston/7/220713_0951 — starting (embeddings)
1251.9s - extractor 0: Chia - Bee Audio 2022 Original/7-13-22_SouthCharleston/7/220713_0951 snip [1/96] snip_100099.430_100162.430.flac
1252.1s - extractor 0: Chia - Bee Audio 2022 Original/7-13-22_SouthCharleston/7/220713_0951 snip [2/96] snip_101023.040_101086.040.flac
1252.4s - extractor 0: Chia - Bee Audio 2022 Original/7-13-22_SouthCharleston/7/220713_0951 snip [3/96] snip_102517.040_102619.440.flac
1252.9s - extractor 0: Chia - Bee Audio 2022 Original/7-13-22_SouthCharleston/7/220713_0951 snip [4/96] snip_103101.410_103164.410.flac
1253.1s - extractor 0: Chia - Bee Audio 2022 Original/7-13-22_SouthCharleston/7/220713_0951 snip [5/96] snip_104152.600_104213.600.flac
1253.4s - extractor 0: Chia - Bee Audio 2022 Original/7-13-22_SouthCharleston/7/220713_0951 snip [6/96] snip_10431.570_10494.570.flac
1253.6s - extractor 0: Chia - Bee Audio 2022 Original/7-13-22_SouthCharleston/7/220713_0951 snip [7/96] snip_105107.520_105170.520.flac
1253.9s - extractor 0: Chia - Bee Audio 2022 Original/7-13-22_SouthCharleston/7/220713_0951 snip [8/96] snip_107006.200_107069.200.flac
1254.2s - extractor 0: Chia - Bee Audio 2022 Original/7-13-22_SouthCharleston/7/220713_0951 snip [9/96] snip_109260.920_109323.920.flac
1254.4s - extractor 0: Chia - Bee Audio 2022 Original/7-13-22_SouthCharleston/7/220713_0951 snip [10/96] snip_110175.320_110236.320.flac
1254.7s - extractor 0: Chia - Bee Audio 2022 Original/7-13-22_SouthCharleston/7/220713_0951 snip [11/96] snip_112531.910_112594.910.flac
1254.9s - extractor 0: Chia - Bee Audio 2022 Original/7-13-22_SouthCharleston/7/220713_0951 snip [12/96] snip_113196.290_113259.290.flac
1255.2s - extractor 0: Chia - Bee Audio 2022 Original/7-13-22_SouthCharleston/7/220713_0951 snip [13/96] snip_113370.490_113431.490.flac
1255.4s - extractor 0: Chia - Bee Audio 2022 Original/7-13-22_SouthCharleston/7/220713_0951 snip [14/96] snip_113693.960_113756.960.flac
1255.7s - extractor 0: Chia - Bee Audio 2022 Original/7-13-22_SouthCharleston/7/220713_0951 snip [15/96] snip_114019.530_114080.530.flac
1256.0s - extractor 0: Chia - Bee Audio 2022 Original/7-13-22_SouthCharleston/7/220713_0951 snip [16/96] snip_114220.470_114283.470.flac
1256.2s - extractor 0: Chia - Bee Audio 2022 Original/7-13-22_SouthCharleston/7/220713_0951 snip [17/96] snip_114423.130_114484.130.flac
1256.5s - extractor 0: Chia - Bee Audio 2022 Original/7-13-22_SouthCharleston/7/220713_0951 snip [18/96] snip_11746.610_11809.610.flac
1256.7s - extractor 0: Chia - Bee Audio 2022 Original/7-13-22_SouthCharleston/7/220713_0951 snip [19/96] snip_119905.190_119968.190.flac
1257.0s - extractor 0: Chia - Bee Audio 2022 Original/7-13-22_SouthCharleston/7/220713_0951 snip [20/96] snip_126510.000_126573.000.flac
1257.3s - extractor 0: Chia - Bee Audio 2022 Original/7-13-22_SouthCharleston/7/220713_0951 snip [21/96] snip_130110.000_130173.000.flac
1257.5s - extractor 0: Chia - Bee Audio 2022 Original/7-13-22_SouthCharleston/7/220713_0951 snip [22/96] snip_133710.000_133773.000.flac
1257.8s - extractor 0: Chia - Bee Audio 2022 Original/7-13-22_SouthCharleston/7/220713_0951 snip [23/96] snip_137310.000_137373.000.flac
1258.0s - extractor 0: Chia - Bee Audio 2022 Original/7-13-22_SouthCharleston/7/220713_0951 snip [24/96] snip_14066.730_14426.730.flac
1270.4s - extractor 0: Chia - Bee Audio 2022 Original/7-13-22_SouthCharleston/7/220713_0951 snip [25/96] snip_140910.000_140973.000.flac
1270.6s - extractor 0: Chia - Bee Audio 2022 Original/7-13-22_SouthCharleston/7/220713_0951 snip [26/96] snip_144510.000_144573.000.flac
1270.9s - extractor 0: Chia - Bee Audio 2022 Original/7-13-22_SouthCharleston/7/220713_0951 snip [27/96] snip_144658.740_144721.740.flac
1271.1s - extractor 0: Chia - Bee Audio 2022 Original/7-13-22_SouthCharleston/7/220713_0951 snip [28/96] snip_148110.000_148173.000.flac
1271.4s - extractor 0: Chia - Bee Audio 2022 Original/7-13-22_SouthCharleston/7/220713_0951 snip [29/96] snip_151710.000_151773.000.flac
1271.8s - extractor 0: Chia - Bee Audio 2022 Original/7-13-22_SouthCharleston/7/220713_0951 snip [30/96] snip_155310.000_155373.000.flac
1272.1s - extractor 0: Chia - Bee Audio 2022 Original/7-13-22_SouthCharleston/7/220713_0951 snip [31/96] snip_162510.000_162573.000.flac
1272.3s - extractor 0: Chia - Bee Audio 2022 Original/7-13-22_SouthCharleston/7/220713_0951 snip [32/96] snip_164338.410_164399.410.flac
1272.6s - extractor 0: Chia - Bee Audio 2022 Original/7-13-22_SouthCharleston/7/220713_0951 snip [33/96] snip_164713.830_164776.830.flac
1272.9s - extractor 0: Chia - Bee Audio 2022 Original/7-13-22_SouthCharleston/7/220713_0951 snip [34/96] snip_165878.760_165941.760.flac
1273.1s - extractor 0: Chia - Bee Audio 2022 Original/7-13-22_SouthCharleston/7/220713_0951 snip [35/96] snip_166456.990_166525.670.flac
1273.6s - extractor 0: Chia - Bee Audio 2022 Original/7-13-22_SouthCharleston/7/220713_0951 snip [36/96] snip_166598.920_166661.920.flac
1273.9s - extractor 0: Chia - Bee Audio 2022 Original/7-13-22_SouthCharleston/7/220713_0951 snip [37/96] snip_166713.530_166774.530.flac
1274.1s - extractor 0: Chia - Bee Audio 2022 Original/7-13-22_SouthCharleston/7/220713_0951 snip [38/96] snip_167440.890_167566.180.flac
1275.3s - extractor 0: Chia - Bee Audio 2022 Original/7-13-22_SouthCharleston/7/220713_0951 snip [39/96] snip_167637.320_167720.620.flac
1275.8s - extractor 0: Chia - Bee Audio 2022 Original/7-13-22_SouthCharleston/7/220713_0951 snip [40/96] snip_168878.660_168941.660.flac
1276.1s - extractor 0: Chia - Bee Audio 2022 Original/7-13-22_SouthCharleston/7/220713_0951 snip [41/96] snip_169382.080_169443.080.flac
1276.3s - extractor 0: Chia - Bee Audio 2022 Original/7-13-22_SouthCharleston/7/220713_0951 snip [42/96] snip_169913.890_169976.890.flac
1276.6s - extractor 0: Chia - Bee Audio 2022 Original/7-13-22_SouthCharleston/7/220713_0951 snip [43/96] snip_172178.960_172241.960.flac
1276.9s - extractor 0: Chia - Bee Audio 2022 Original/7-13-22_SouthCharleston/7/220713_0951 snip [44/96] snip_174533.760_174594.760.flac
1277.1s - extractor 0: Chia - Bee Audio 2022 Original/7-13-22_SouthCharleston/7/220713_0951 snip [45/96] snip_175713.560_175782.060.flac
1277.6s - extractor 0: Chia - Bee Audio 2022 Original/7-13-22_SouthCharleston/7/220713_0951 snip [46/96] snip_1978.000_2043.160.flac
1277.9s - extractor 0: Chia - Bee Audio 2022 Original/7-13-22_SouthCharleston/7/220713_0951 snip [47/96] snip_24636.690_24703.890.flac
1278.4s - extractor 0: Chia - Bee Audio 2022 Original/7-13-22_SouthCharleston/7/220713_0951 snip [48/96] snip_24846.260_24913.890.flac
1278.9s - extractor 0: Chia - Bee Audio 2022 Original/7-13-22_SouthCharleston/7/220713_0951 snip [49/96] snip_25486.850_25549.850.flac
1279.2s - extractor 0: Chia - Bee Audio 2022 Original/7-13-22_SouthCharleston/7/220713_0951 snip [50/96] snip_27484.990_27545.990.flac
1279.4s - extractor 0: Chia - Bee Audio 2022 Original/7-13-22_SouthCharleston/7/220713_0951 snip [51/96] snip_32573.700_32636.700.flac
1279.7s - extractor 0: Chia - Bee Audio 2022 Original/7-13-22_SouthCharleston/7/220713_0951 snip [52/96] snip_40058.080_40173.000.flac
1280.4s - extractor 0: Chia - Bee Audio 2022 Original/7-13-22_SouthCharleston/7/220713_0951 snip [53/96] snip_4194.500_4257.500.flac
1280.7s - extractor 0: Chia - Bee Audio 2022 Original/7-13-22_SouthCharleston/7/220713_0951 snip [54/96] snip_43710.000_43773.000.flac
1280.9s - extractor 0: Chia - Bee Audio 2022 Original/7-13-22_SouthCharleston/7/220713_0951 snip [55/96] snip_47310.000_47373.000.flac
1281.2s - extractor 0: Chia - Bee Audio 2022 Original/7-13-22_SouthCharleston/7/220713_0951 snip [56/96] snip_4750.670_4811.670.flac
1281.4s - extractor 0: Chia - Bee Audio 2022 Original/7-13-22_SouthCharleston/7/220713_0951 snip [57/96] snip_50910.000_50973.000.flac
1281.7s - extractor 0: Chia - Bee Audio 2022 Original/7-13-22_SouthCharleston/7/220713_0951 snip [58/96] snip_54510.000_54573.000.flac
1282.0s - extractor 0: Chia - Bee Audio 2022 Original/7-13-22_SouthCharleston/7/220713_0951 snip [59/96] snip_56469.460_56532.460.flac
1282.2s - extractor 0: Chia - Bee Audio 2022 Original/7-13-22_SouthCharleston/7/220713_0951 snip [60/96] snip_58110.000_58173.000.flac
1282.5s - extractor 0: Chia - Bee Audio 2022 Original/7-13-22_SouthCharleston/7/220713_0951 snip [61/96] snip_5919.250_5982.250.flac
1282.8s - extractor 0: Chia - Bee Audio 2022 Original/7-13-22_SouthCharleston/7/220713_0951 snip [62/96] snip_61710.000_61773.000.flac
1283.0s - extractor 0: Chia - Bee Audio 2022 Original/7-13-22_SouthCharleston/7/220713_0951 snip [63/96] snip_65310.000_65373.000.flac
1283.3s - extractor 0: Chia - Bee Audio 2022 Original/7-13-22_SouthCharleston/7/220713_0951 snip [64/96] snip_68910.000_68973.000.flac
1283.6s - extractor 0: Chia - Bee Audio 2022 Original/7-13-22_SouthCharleston/7/220713_0951 snip [65/96] snip_72510.000_72573.000.flac
1283.8s - extractor 0: Chia - Bee Audio 2022 Original/7-13-22_SouthCharleston/7/220713_0951 snip [66/96] snip_78275.280_78336.280.flac
1284.1s - extractor 0: Chia - Bee Audio 2022 Original/7-13-22_SouthCharleston/7/220713_0951 snip [67/96] snip_78370.290_78433.290.flac
1284.3s - extractor 0: Chia - Bee Audio 2022 Original/7-13-22_SouthCharleston/7/220713_0951 snip [68/96] snip_78464.910_78530.040.flac
1284.8s - extractor 0: Chia - Bee Audio 2022 Original/7-13-22_SouthCharleston/7/220713_0951 snip [69/96] snip_80178.940_80239.940.flac
1285.1s - extractor 0: Chia - Bee Audio 2022 Original/7-13-22_SouthCharleston/7/220713_0951 snip [70/96] snip_80240.980_80516.390.flac
1287.4s - extractor 0: Chia - Bee Audio 2022 Original/7-13-22_SouthCharleston/7/220713_0951 snip [71/96] snip_80541.990_80604.990.flac
1287.6s - extractor 0: Chia - Bee Audio 2022 Original/7-13-22_SouthCharleston/7/220713_0951 snip [72/96] snip_80630.960_80691.960.flac
1287.9s - extractor 0: Chia - Bee Audio 2022 Original/7-13-22_SouthCharleston/7/220713_0951 snip [73/96] snip_80961.980_81022.980.flac
1288.1s - extractor 0: Chia - Bee Audio 2022 Original/7-13-22_SouthCharleston/7/220713_0951 snip [74/96] snip_81190.880_81253.880.flac
1288.4s - extractor 0: Chia - Bee Audio 2022 Original/7-13-22_SouthCharleston/7/220713_0951 snip [75/96] snip_81270.120_81331.120.flac
1288.6s - extractor 0: Chia - Bee Audio 2022 Original/7-13-22_SouthCharleston/7/220713_0951 snip [76/96] snip_81374.910_81435.910.flac
1288.9s - extractor 0: Chia - Bee Audio 2022 Original/7-13-22_SouthCharleston/7/220713_0951 snip [77/96] snip_8144.710_8207.710.flac
1289.1s - extractor 0: Chia - Bee Audio 2022 Original/7-13-22_SouthCharleston/7/220713_0951 snip [78/96] snip_81473.600_81586.820.flac
1289.6s - extractor 0: Chia - Bee Audio 2022 Original/7-13-22_SouthCharleston/7/220713_0951 snip [79/96] snip_81752.890_81813.890.flac
1289.9s - extractor 0: Chia - Bee Audio 2022 Original/7-13-22_SouthCharleston/7/220713_0951 snip [80/96] snip_81917.220_81980.220.flac
1290.1s - extractor 0: Chia - Bee Audio 2022 Original/7-13-22_SouthCharleston/7/220713_0951 snip [81/96] snip_82083.640_82144.640.flac
1290.4s - extractor 0: Chia - Bee Audio 2022 Original/7-13-22_SouthCharleston/7/220713_0951 snip [82/96] snip_82243.790_82304.790.flac
1290.6s - extractor 0: Chia - Bee Audio 2022 Original/7-13-22_SouthCharleston/7/220713_0951 snip [83/96] snip_82322.030_82383.030.flac
1290.8s - extractor 0: Chia - Bee Audio 2022 Original/7-13-22_SouthCharleston/7/220713_0951 snip [84/96] snip_82796.690_82859.690.flac
1291.1s - extractor 0: Chia - Bee Audio 2022 Original/7-13-22_SouthCharleston/7/220713_0951 snip [85/96] snip_83511.550_83572.550.flac
1291.3s - extractor 0: Chia - Bee Audio 2022 Original/7-13-22_SouthCharleston/7/220713_0951 snip [86/96] snip_85664.120_85727.120.flac
1291.6s - extractor 0: Chia - Bee Audio 2022 Original/7-13-22_SouthCharleston/7/220713_0951 snip [87/96] snip_85984.960_86045.960.flac
1291.9s - extractor 0: Chia - Bee Audio 2022 Original/7-13-22_SouthCharleston/7/220713_0951 snip [88/96] snip_87818.880_87879.880.flac
1292.1s - extractor 0: Chia - Bee Audio 2022 Original/7-13-22_SouthCharleston/7/220713_0951 snip [89/96] snip_91431.810_91494.810.flac
1292.4s - extractor 0: Chia - Bee Audio 2022 Original/7-13-22_SouthCharleston/7/220713_0951 snip [90/96] snip_95046.800_95107.800.flac
1292.6s - extractor 0: Chia - Bee Audio 2022 Original/7-13-22_SouthCharleston/7/220713_0951 snip [91/96] snip_95617.500_95702.580.flac
1293.1s - extractor 0: Chia - Bee Audio 2022 Original/7-13-22_SouthCharleston/7/220713_0951 snip [92/96] snip_96329.160_96392.160.flac
1293.3s - extractor 0: Chia - Bee Audio 2022 Original/7-13-22_SouthCharleston/7/220713_0951 snip [93/96] snip_96539.660_96650.000.flac
1294.3s - extractor 0: Chia - Bee Audio 2022 Original/7-13-22_SouthCharleston/7/220713_0951 snip [94/96] snip_96692.670_96753.670.flac
1294.5s - extractor 0: Chia - Bee Audio 2022 Original/7-13-22_SouthCharleston/7/220713_0951 snip [95/96] snip_98709.460_98772.460.flac
1294.8s - extractor 0: Chia - Bee Audio 2022 Original/7-13-22_SouthCharleston/7/220713_0951 snip [96/96] snip_99806.940_99867.940.flac
1295.2s - extractor 0: [25] Chia - Bee Audio 2022 Original/7-13-22_SouthCharleston/7/220713_0951 — 96 snip(s) → 715 frames, 12 label(s) (ident took 43.3s)
1295.2s - extractor 0: [26] Chia - Bee Audio 2022 Original/7-13-22_SouthCharleston/7/220715_1134 — starting (embeddings)
1295.2s - extractor 0: Chia - Bee Audio 2022 Original/7-13-22_SouthCharleston/7/220715_1134 snip [1/46] snip_11797.970_11858.960.flac
1295.4s - extractor 0: Chia - Bee Audio 2022 Original/7-13-22_SouthCharleston/7/220715_1134 snip [2/46] snip_12769.380_12832.380.flac
1295.7s - extractor 0: Chia - Bee Audio 2022 Original/7-13-22_SouthCharleston/7/220715_1134 snip [3/46] snip_13742.750_13803.750.flac
1295.9s - extractor 0: Chia - Bee Audio 2022 Original/7-13-22_SouthCharleston/7/220715_1134 snip [4/46] snip_14694.210_14757.210.flac
1296.2s - extractor 0: Chia - Bee Audio 2022 Original/7-13-22_SouthCharleston/7/220715_1134 snip [5/46] snip_16632.850_16693.850.flac
1296.4s - extractor 0: Chia - Bee Audio 2022 Original/7-13-22_SouthCharleston/7/220715_1134 snip [6/46] snip_17233.850_17294.850.flac
1296.7s - extractor 0: Chia - Bee Audio 2022 Original/7-13-22_SouthCharleston/7/220715_1134 snip [7/46] snip_21120.050_21181.070.flac
1296.9s - extractor 0: Chia - Bee Audio 2022 Original/7-13-22_SouthCharleston/7/220715_1134 snip [8/46] snip_23974.740_24037.740.flac
1297.2s - extractor 0: Chia - Bee Audio 2022 Original/7-13-22_SouthCharleston/7/220715_1134 snip [9/46] snip_28293.970_28356.970.flac
1297.4s - extractor 0: Chia - Bee Audio 2022 Original/7-13-22_SouthCharleston/7/220715_1134 snip [10/46] snip_33930.000_33993.000.flac
1297.7s - extractor 0: Chia - Bee Audio 2022 Original/7-13-22_SouthCharleston/7/220715_1134 snip [11/46] snip_37530.000_37593.000.flac
1298.0s - extractor 0: Chia - Bee Audio 2022 Original/7-13-22_SouthCharleston/7/220715_1134 snip [12/46] snip_3794.860_3855.860.flac
1298.2s - extractor 0: Chia - Bee Audio 2022 Original/7-13-22_SouthCharleston/7/220715_1134 snip [13/46] snip_4009.460_4072.460.flac
1298.5s - extractor 0: Chia - Bee Audio 2022 Original/7-13-22_SouthCharleston/7/220715_1134 snip [14/46] snip_41130.000_41193.000.flac
1298.7s - extractor 0: Chia - Bee Audio 2022 Original/7-13-22_SouthCharleston/7/220715_1134 snip [15/46] snip_4225.920_4286.920.flac
1299.0s - extractor 0: Chia - Bee Audio 2022 Original/7-13-22_SouthCharleston/7/220715_1134 snip [16/46] snip_44730.000_44793.000.flac
1299.2s - extractor 0: Chia - Bee Audio 2022 Original/7-13-22_SouthCharleston/7/220715_1134 snip [17/46] snip_48330.000_48393.000.flac
1299.5s - extractor 0: Chia - Bee Audio 2022 Original/7-13-22_SouthCharleston/7/220715_1134 snip [18/46] snip_50334.610_50397.610.flac
1299.8s - extractor 0: Chia - Bee Audio 2022 Original/7-13-22_SouthCharleston/7/220715_1134 snip [19/46] snip_5103.220_5165.000.flac
1300.0s - extractor 0: Chia - Bee Audio 2022 Original/7-13-22_SouthCharleston/7/220715_1134 snip [20/46] snip_51930.000_51993.000.flac
1300.3s - extractor 0: Chia - Bee Audio 2022 Original/7-13-22_SouthCharleston/7/220715_1134 snip [21/46] snip_55530.000_55593.000.flac
1300.6s - extractor 0: Chia - Bee Audio 2022 Original/7-13-22_SouthCharleston/7/220715_1134 snip [22/46] snip_59130.000_59193.000.flac
1300.8s - extractor 0: Chia - Bee Audio 2022 Original/7-13-22_SouthCharleston/7/220715_1134 snip [23/46] snip_62730.000_62793.000.flac
1301.1s - extractor 0: Chia - Bee Audio 2022 Original/7-13-22_SouthCharleston/7/220715_1134 snip [24/46] snip_66330.000_66393.000.flac
1301.4s - extractor 0: Chia - Bee Audio 2022 Original/7-13-22_SouthCharleston/7/220715_1134 snip [25/46] snip_69930.000_69993.000.flac
1301.6s - extractor 0: Chia - Bee Audio 2022 Original/7-13-22_SouthCharleston/7/220715_1134 snip [26/46] snip_71815.650_71878.650.flac
1301.9s - extractor 0: Chia - Bee Audio 2022 Original/7-13-22_SouthCharleston/7/220715_1134 snip [27/46] snip_72876.610_72939.610.flac
1302.1s - extractor 0: Chia - Bee Audio 2022 Original/7-13-22_SouthCharleston/7/220715_1134 snip [28/46] snip_73530.000_73593.000.flac
1302.4s - extractor 0: Chia - Bee Audio 2022 Original/7-13-22_SouthCharleston/7/220715_1134 snip [29/46] snip_75436.810_75499.810.flac
1302.7s - extractor 0: Chia - Bee Audio 2022 Original/7-13-22_SouthCharleston/7/220715_1134 snip [30/46] snip_79521.910_79584.910.flac
1302.9s - extractor 0: Chia - Bee Audio 2022 Original/7-13-22_SouthCharleston/7/220715_1134 snip [31/46] snip_8010.840_8073.840.flac
1303.2s - extractor 0: Chia - Bee Audio 2022 Original/7-13-22_SouthCharleston/7/220715_1134 snip [32/46] snip_81852.330_81915.330.flac
1303.5s - extractor 0: Chia - Bee Audio 2022 Original/7-13-22_SouthCharleston/7/220715_1134 snip [33/46] snip_83030.170_83093.170.flac
1303.7s - extractor 0: Chia - Bee Audio 2022 Original/7-13-22_SouthCharleston/7/220715_1134 snip [34/46] snip_84825.700_84888.700.flac
1304.0s - extractor 0: Chia - Bee Audio 2022 Original/7-13-22_SouthCharleston/7/220715_1134 snip [35/46] snip_86185.780_86248.780.flac
1304.3s - extractor 0: Chia - Bee Audio 2022 Original/7-13-22_SouthCharleston/7/220715_1134 snip [36/46] snip_86891.560_86954.560.flac
1304.5s - extractor 0: Chia - Bee Audio 2022 Original/7-13-22_SouthCharleston/7/220715_1134 snip [37/46] snip_87160.960_87249.400.flac
1305.0s - extractor 0: Chia - Bee Audio 2022 Original/7-13-22_SouthCharleston/7/220715_1134 snip [38/46] snip_87671.540_87734.540.flac
1305.3s - extractor 0: Chia - Bee Audio 2022 Original/7-13-22_SouthCharleston/7/220715_1134 snip [39/46] snip_88231.250_88292.250.flac
1305.5s - extractor 0: Chia - Bee Audio 2022 Original/7-13-22_SouthCharleston/7/220715_1134 snip [40/46] snip_88610.420_88673.420.flac
1305.8s - extractor 0: Chia - Bee Audio 2022 Original/7-13-22_SouthCharleston/7/220715_1134 snip [41/46] snip_89992.690_90055.690.flac
1306.0s - extractor 0: Chia - Bee Audio 2022 Original/7-13-22_SouthCharleston/7/220715_1134 snip [42/46] snip_90706.410_90769.410.flac
1306.3s - extractor 0: Chia - Bee Audio 2022 Original/7-13-22_SouthCharleston/7/220715_1134 snip [43/46] snip_91524.730_91587.730.flac
1306.6s - extractor 0: Chia - Bee Audio 2022 Original/7-13-22_SouthCharleston/7/220715_1134 snip [44/46] snip_92699.620_92762.620.flac
1306.8s - extractor 0: Chia - Bee Audio 2022 Original/7-13-22_SouthCharleston/7/220715_1134 snip [45/46] snip_93360.790_93475.970.flac
1307.3s - extractor 0: Chia - Bee Audio 2022 Original/7-13-22_SouthCharleston/7/220715_1134 snip [46/46] snip_94663.030_94726.030.flac
1307.6s - extractor 0: [26] Chia - Bee Audio 2022 Original/7-13-22_SouthCharleston/7/220715_1134 — 46 snip(s) → 169 frames, 4 label(s) (ident took 12.4s)
1307.6s - extractor 0: [27] Chia - Bee Audio 2022 Original/7-13-22_SouthCharleston/8/220713_0953 — starting (embeddings)
1307.6s - extractor 0: Chia - Bee Audio 2022 Original/7-13-22_SouthCharleston/8/220713_0953 snip [1/72] snip_100454.130_100517.130.flac
1307.9s - extractor 0: Chia - Bee Audio 2022 Original/7-13-22_SouthCharleston/8/220713_0953 snip [2/72] snip_101225.650_101288.650.flac
1308.1s - extractor 0: Chia - Bee Audio 2022 Original/7-13-22_SouthCharleston/8/220713_0953 snip [3/72] snip_101420.040_101481.040.flac
1308.5s - extractor 0: Chia - Bee Audio 2022 Original/7-13-22_SouthCharleston/8/220713_0953 snip [4/72] snip_103466.550_103529.550.flac
1308.7s - extractor 0: Chia - Bee Audio 2022 Original/7-13-22_SouthCharleston/8/220713_0953 snip [5/72] snip_106481.280_106544.280.flac
1309.0s - extractor 0: Chia - Bee Audio 2022 Original/7-13-22_SouthCharleston/8/220713_0953 snip [6/72] snip_107449.210_107510.210.flac
1309.3s - extractor 0: Chia - Bee Audio 2022 Original/7-13-22_SouthCharleston/8/220713_0953 snip [7/72] snip_107544.160_107607.160.flac
1309.5s - extractor 0: Chia - Bee Audio 2022 Original/7-13-22_SouthCharleston/8/220713_0953 snip [8/72] snip_108927.440_108990.440.flac
1309.8s - extractor 0: Chia - Bee Audio 2022 Original/7-13-22_SouthCharleston/8/220713_0953 snip [9/72] snip_111011.000_111074.000.flac
1310.1s - extractor 0: Chia - Bee Audio 2022 Original/7-13-22_SouthCharleston/8/220713_0953 snip [10/72] snip_11348.040_11409.040.flac
1310.3s - extractor 0: Chia - Bee Audio 2022 Original/7-13-22_SouthCharleston/8/220713_0953 snip [11/72] snip_115556.640_115619.640.flac
1310.6s - extractor 0: Chia - Bee Audio 2022 Original/7-13-22_SouthCharleston/8/220713_0953 snip [12/72] snip_121543.410_121606.410.flac
1310.8s - extractor 0: Chia - Bee Audio 2022 Original/7-13-22_SouthCharleston/8/220713_0953 snip [13/72] snip_124883.220_124946.220.flac
1311.1s - extractor 0: Chia - Bee Audio 2022 Original/7-13-22_SouthCharleston/8/220713_0953 snip [14/72] snip_126390.000_126453.000.flac
1311.3s - extractor 0: Chia - Bee Audio 2022 Original/7-13-22_SouthCharleston/8/220713_0953 snip [15/72] snip_12884.560_12947.560.flac
1311.6s - extractor 0: Chia - Bee Audio 2022 Original/7-13-22_SouthCharleston/8/220713_0953 snip [16/72] snip_129990.000_130053.000.flac
1311.9s - extractor 0: Chia - Bee Audio 2022 Original/7-13-22_SouthCharleston/8/220713_0953 snip [17/72] snip_133590.000_133653.000.flac
1312.1s - extractor 0: Chia - Bee Audio 2022 Original/7-13-22_SouthCharleston/8/220713_0953 snip [18/72] snip_136381.030_136446.210.flac
1312.4s - extractor 0: Chia - Bee Audio 2022 Original/7-13-22_SouthCharleston/8/220713_0953 snip [19/72] snip_137190.000_137253.000.flac
1312.7s - extractor 0: Chia - Bee Audio 2022 Original/7-13-22_SouthCharleston/8/220713_0953 snip [20/72] snip_140790.000_140853.000.flac
1313.0s - extractor 0: Chia - Bee Audio 2022 Original/7-13-22_SouthCharleston/8/220713_0953 snip [21/72] snip_14422.990_14483.990.flac
1313.2s - extractor 0: Chia - Bee Audio 2022 Original/7-13-22_SouthCharleston/8/220713_0953 snip [22/72] snip_144295.140_144358.140.flac
1313.5s - extractor 0: Chia - Bee Audio 2022 Original/7-13-22_SouthCharleston/8/220713_0953 snip [23/72] snip_144390.000_144453.000.flac
1313.7s - extractor 0: Chia - Bee Audio 2022 Original/7-13-22_SouthCharleston/8/220713_0953 snip [24/72] snip_151590.000_151653.000.flac
1314.0s - extractor 0: Chia - Bee Audio 2022 Original/7-13-22_SouthCharleston/8/220713_0953 snip [25/72] snip_155190.000_155253.000.flac
1314.2s - extractor 0: Chia - Bee Audio 2022 Original/7-13-22_SouthCharleston/8/220713_0953 snip [26/72] snip_15521.560_15582.560.flac
1314.5s - extractor 0: Chia - Bee Audio 2022 Original/7-13-22_SouthCharleston/8/220713_0953 snip [27/72] snip_163377.410_163440.410.flac
1314.7s - extractor 0: Chia - Bee Audio 2022 Original/7-13-22_SouthCharleston/8/220713_0953 snip [28/72] snip_164763.170_164826.170.flac
1315.0s - extractor 0: Chia - Bee Audio 2022 Original/7-13-22_SouthCharleston/8/220713_0953 snip [29/72] snip_166336.760_166399.760.flac
1315.3s - extractor 0: Chia - Bee Audio 2022 Original/7-13-22_SouthCharleston/8/220713_0953 snip [30/72] snip_167908.180_167971.180.flac
1315.5s - extractor 0: Chia - Bee Audio 2022 Original/7-13-22_SouthCharleston/8/220713_0953 snip [31/72] snip_171391.680_171454.680.flac
1315.8s - extractor 0: Chia - Bee Audio 2022 Original/7-13-22_SouthCharleston/8/220713_0953 snip [32/72] snip_174267.480_174328.480.flac
1316.0s - extractor 0: Chia - Bee Audio 2022 Original/7-13-22_SouthCharleston/8/220713_0953 snip [33/72] snip_17434.210_17497.210.flac
1316.3s - extractor 0: Chia - Bee Audio 2022 Original/7-13-22_SouthCharleston/8/220713_0953 snip [34/72] snip_175574.510_175647.080.flac
1317.0s - extractor 0: Chia - Bee Audio 2022 Original/7-13-22_SouthCharleston/8/220713_0953 snip [35/72] snip_175878.560_175941.560.flac
1317.3s - extractor 0: Chia - Bee Audio 2022 Original/7-13-22_SouthCharleston/8/220713_0953 snip [36/72] snip_20907.670_20970.670.flac
1317.5s - extractor 0: Chia - Bee Audio 2022 Original/7-13-22_SouthCharleston/8/220713_0953 snip [37/72] snip_22889.780_22952.780.flac
1317.8s - extractor 0: Chia - Bee Audio 2022 Original/7-13-22_SouthCharleston/8/220713_0953 snip [38/72] snip_24718.750_24779.750.flac
1318.0s - extractor 0: Chia - Bee Audio 2022 Original/7-13-22_SouthCharleston/8/220713_0953 snip [39/72] snip_25403.280_25466.280.flac
1318.3s - extractor 0: Chia - Bee Audio 2022 Original/7-13-22_SouthCharleston/8/220713_0953 snip [40/72] snip_26867.090_26930.090.flac
1318.6s - extractor 0: Chia - Bee Audio 2022 Original/7-13-22_SouthCharleston/8/220713_0953 snip [41/72] snip_31881.480_31944.480.flac
1318.8s - extractor 0: Chia - Bee Audio 2022 Original/7-13-22_SouthCharleston/8/220713_0953 snip [42/72] snip_36206.710_36269.710.flac
1319.1s - extractor 0: Chia - Bee Audio 2022 Original/7-13-22_SouthCharleston/8/220713_0953 snip [43/72] snip_36995.620_37058.620.flac
1319.4s - extractor 0: Chia - Bee Audio 2022 Original/7-13-22_SouthCharleston/8/220713_0953 snip [44/72] snip_47190.000_47253.000.flac
1319.6s - extractor 0: Chia - Bee Audio 2022 Original/7-13-22_SouthCharleston/8/220713_0953 snip [45/72] snip_50790.000_50853.000.flac
1319.9s - extractor 0: Chia - Bee Audio 2022 Original/7-13-22_SouthCharleston/8/220713_0953 snip [46/72] snip_54390.000_54453.000.flac
1320.1s - extractor 0: Chia - Bee Audio 2022 Original/7-13-22_SouthCharleston/8/220713_0953 snip [47/72] snip_57990.000_58053.000.flac
1320.4s - extractor 0: Chia - Bee Audio 2022 Original/7-13-22_SouthCharleston/8/220713_0953 snip [48/72] snip_59692.500_59755.500.flac
1320.7s - extractor 0: Chia - Bee Audio 2022 Original/7-13-22_SouthCharleston/8/220713_0953 snip [49/72] snip_61590.000_61653.000.flac
1320.9s - extractor 0: Chia - Bee Audio 2022 Original/7-13-22_SouthCharleston/8/220713_0953 snip [50/72] snip_65190.000_65253.000.flac
1321.2s - extractor 0: Chia - Bee Audio 2022 Original/7-13-22_SouthCharleston/8/220713_0953 snip [51/72] snip_68790.000_68853.000.flac
1321.5s - extractor 0: Chia - Bee Audio 2022 Original/7-13-22_SouthCharleston/8/220713_0953 snip [52/72] snip_72390.000_72453.000.flac
1321.7s - extractor 0: Chia - Bee Audio 2022 Original/7-13-22_SouthCharleston/8/220713_0953 snip [53/72] snip_7420.750_7481.750.flac
1322.0s - extractor 0: Chia - Bee Audio 2022 Original/7-13-22_SouthCharleston/8/220713_0953 snip [54/72] snip_79237.310_79298.310.flac
1322.2s - extractor 0: Chia - Bee Audio 2022 Original/7-13-22_SouthCharleston/8/220713_0953 snip [55/72] snip_79874.950_79936.630.flac
1322.5s - extractor 0: Chia - Bee Audio 2022 Original/7-13-22_SouthCharleston/8/220713_0953 snip [56/72] snip_8103.550_8164.550.flac
1322.7s - extractor 0: Chia - Bee Audio 2022 Original/7-13-22_SouthCharleston/8/220713_0953 snip [57/72] snip_8269.630_8330.630.flac
1322.9s - extractor 0: Chia - Bee Audio 2022 Original/7-13-22_SouthCharleston/8/220713_0953 snip [58/72] snip_8521.200_8583.410.flac
1323.4s - extractor 0: Chia - Bee Audio 2022 Original/7-13-22_SouthCharleston/8/220713_0953 snip [59/72] snip_87636.810_87697.810.flac
1323.7s - extractor 0: Chia - Bee Audio 2022 Original/7-13-22_SouthCharleston/8/220713_0953 snip [60/72] snip_88768.230_88831.230.flac
1323.9s - extractor 0: Chia - Bee Audio 2022 Original/7-13-22_SouthCharleston/8/220713_0953 snip [61/72] snip_89901.280_89962.280.flac
1324.2s - extractor 0: Chia - Bee Audio 2022 Original/7-13-22_SouthCharleston/8/220713_0953 snip [62/72] snip_90995.510_91058.510.flac
1324.4s - extractor 0: Chia - Bee Audio 2022 Original/7-13-22_SouthCharleston/8/220713_0953 snip [63/72] snip_9188.680_9251.680.flac
1324.7s - extractor 0: Chia - Bee Audio 2022 Original/7-13-22_SouthCharleston/8/220713_0953 snip [64/72] snip_92091.900_92152.900.flac
1324.9s - extractor 0: Chia - Bee Audio 2022 Original/7-13-22_SouthCharleston/8/220713_0953 snip [65/72] snip_94925.280_94986.280.flac
1325.2s - extractor 0: Chia - Bee Audio 2022 Original/7-13-22_SouthCharleston/8/220713_0953 snip [66/72] snip_95000.850_95063.850.flac
1325.4s - extractor 0: Chia - Bee Audio 2022 Original/7-13-22_SouthCharleston/8/220713_0953 snip [67/72] snip_95078.240_95139.240.flac
1325.7s - extractor 0: Chia - Bee Audio 2022 Original/7-13-22_SouthCharleston/8/220713_0953 snip [68/72] snip_96115.970_96178.970.flac
1325.9s - extractor 0: Chia - Bee Audio 2022 Original/7-13-22_SouthCharleston/8/220713_0953 snip [69/72] snip_96199.870_96271.820.flac
1326.4s - extractor 0: Chia - Bee Audio 2022 Original/7-13-22_SouthCharleston/8/220713_0953 snip [70/72] snip_98515.400_98578.400.flac
1326.7s - extractor 0: Chia - Bee Audio 2022 Original/7-13-22_SouthCharleston/8/220713_0953 snip [71/72] snip_99658.480_99719.480.flac
1326.9s - extractor 0: Chia - Bee Audio 2022 Original/7-13-22_SouthCharleston/8/220713_0953 snip [72/72] snip_99727.250_99788.300.flac
1327.2s - extractor 0: [27] Chia - Bee Audio 2022 Original/7-13-22_SouthCharleston/8/220713_0953 — 72 snip(s) → 256 frames, 7 label(s) (ident took 19.6s)
1327.2s - extractor 0: [28] Chia - Bee Audio 2022 Original/7-13-22_SouthCharleston/8/220715_1135 — starting (embeddings)
1327.2s - extractor 0: Chia - Bee Audio 2022 Original/7-13-22_SouthCharleston/8/220715_1135 snip [1/34] snip_10182.700_10243.700.flac
1327.4s - extractor 0: Chia - Bee Audio 2022 Original/7-13-22_SouthCharleston/8/220715_1135 snip [2/34] snip_11432.110_11493.150.flac
1327.7s - extractor 0: Chia - Bee Audio 2022 Original/7-13-22_SouthCharleston/8/220715_1135 snip [3/34] snip_12905.930_12968.930.flac
1327.9s - extractor 0: Chia - Bee Audio 2022 Original/7-13-22_SouthCharleston/8/220715_1135 snip [4/34] snip_15631.100_15692.100.flac
1328.2s - extractor 0: Chia - Bee Audio 2022 Original/7-13-22_SouthCharleston/8/220715_1135 snip [5/34] snip_16255.400_16318.400.flac
1328.4s - extractor 0: Chia - Bee Audio 2022 Original/7-13-22_SouthCharleston/8/220715_1135 snip [6/34] snip_23251.750_23314.750.flac
1328.7s - extractor 0: Chia - Bee Audio 2022 Original/7-13-22_SouthCharleston/8/220715_1135 snip [7/34] snip_33870.000_33933.000.flac
1329.0s - extractor 0: Chia - Bee Audio 2022 Original/7-13-22_SouthCharleston/8/220715_1135 snip [8/34] snip_37470.000_37533.000.flac
1329.2s - extractor 0: Chia - Bee Audio 2022 Original/7-13-22_SouthCharleston/8/220715_1135 snip [9/34] snip_41070.000_41133.000.flac
1329.5s - extractor 0: Chia - Bee Audio 2022 Original/7-13-22_SouthCharleston/8/220715_1135 snip [10/34] snip_44670.000_44733.000.flac
1329.8s - extractor 0: Chia - Bee Audio 2022 Original/7-13-22_SouthCharleston/8/220715_1135 snip [11/34] snip_48270.000_48333.000.flac
1330.0s - extractor 0: Chia - Bee Audio 2022 Original/7-13-22_SouthCharleston/8/220715_1135 snip [12/34] snip_50206.740_50269.740.flac
1330.3s - extractor 0: Chia - Bee Audio 2022 Original/7-13-22_SouthCharleston/8/220715_1135 snip [13/34] snip_51870.000_51933.000.flac
1330.6s - extractor 0: Chia - Bee Audio 2022 Original/7-13-22_SouthCharleston/8/220715_1135 snip [14/34] snip_55470.000_55533.000.flac
1330.8s - extractor 0: Chia - Bee Audio 2022 Original/7-13-22_SouthCharleston/8/220715_1135 snip [15/34] snip_59070.000_59133.000.flac
1331.1s - extractor 0: Chia - Bee Audio 2022 Original/7-13-22_SouthCharleston/8/220715_1135 snip [16/34] snip_62670.000_62733.000.flac
1331.4s - extractor 0: Chia - Bee Audio 2022 Original/7-13-22_SouthCharleston/8/220715_1135 snip [17/34] snip_66270.000_66333.000.flac
1331.6s - extractor 0: Chia - Bee Audio 2022 Original/7-13-22_SouthCharleston/8/220715_1135 snip [18/34] snip_6723.820_6786.300.flac
1331.9s - extractor 0: Chia - Bee Audio 2022 Original/7-13-22_SouthCharleston/8/220715_1135 snip [19/34] snip_69870.000_69933.000.flac
1332.2s - extractor 0: Chia - Bee Audio 2022 Original/7-13-22_SouthCharleston/8/220715_1135 snip [20/34] snip_71092.660_71155.660.flac
1332.4s - extractor 0: Chia - Bee Audio 2022 Original/7-13-22_SouthCharleston/8/220715_1135 snip [21/34] snip_73470.000_73533.000.flac
1332.7s - extractor 0: Chia - Bee Audio 2022 Original/7-13-22_SouthCharleston/8/220715_1135 snip [22/34] snip_75533.010_75603.160.flac
1333.2s - extractor 0: Chia - Bee Audio 2022 Original/7-13-22_SouthCharleston/8/220715_1135 snip [23/34] snip_76339.220_76402.220.flac
1333.4s - extractor 0: Chia - Bee Audio 2022 Original/7-13-22_SouthCharleston/8/220715_1135 snip [24/34] snip_7645.200_7706.200.flac
1333.7s - extractor 0: Chia - Bee Audio 2022 Original/7-13-22_SouthCharleston/8/220715_1135 snip [25/34] snip_81477.510_81540.510.flac
1333.9s - extractor 0: Chia - Bee Audio 2022 Original/7-13-22_SouthCharleston/8/220715_1135 snip [26/34] snip_82116.380_82179.380.flac
1334.2s - extractor 0: Chia - Bee Audio 2022 Original/7-13-22_SouthCharleston/8/220715_1135 snip [27/34] snip_82686.620_82749.620.flac
1334.5s - extractor 0: Chia - Bee Audio 2022 Original/7-13-22_SouthCharleston/8/220715_1135 snip [28/34] snip_83118.730_83181.730.flac
1334.7s - extractor 0: Chia - Bee Audio 2022 Original/7-13-22_SouthCharleston/8/220715_1135 snip [29/34] snip_83534.170_83597.170.flac
1335.0s - extractor 0: Chia - Bee Audio 2022 Original/7-13-22_SouthCharleston/8/220715_1135 snip [30/34] snip_83787.030_83850.030.flac
1335.2s - extractor 0: Chia - Bee Audio 2022 Original/7-13-22_SouthCharleston/8/220715_1135 snip [31/34] snip_86443.830_86506.830.flac
1335.5s - extractor 0: Chia - Bee Audio 2022 Original/7-13-22_SouthCharleston/8/220715_1135 snip [32/34] snip_8913.130_8976.130.flac
1335.8s - extractor 0: Chia - Bee Audio 2022 Original/7-13-22_SouthCharleston/8/220715_1135 snip [33/34] snip_92556.620_92619.620.flac
1336.0s - extractor 0: Chia - Bee Audio 2022 Original/7-13-22_SouthCharleston/8/220715_1135 snip [34/34] snip_96158.060_96219.060.flac
1336.3s - extractor 0: [28] Chia - Bee Audio 2022 Original/7-13-22_SouthCharleston/8/220715_1135 — 34 snip(s) → 126 frames, 8 label(s) (ident took 9.1s)
1336.3s - extractor 0: [29] Chia - OSPT/2022/2022-07-26/10/220726_1209 — starting (embeddings)
1336.3s - extractor 0: Chia - OSPT/2022/2022-07-26/10/220726_1209 snip [1/3] snip_170261.030_170330.800.flac
1336.6s - extractor 0: Chia - OSPT/2022/2022-07-26/10/220726_1209 snip [2/3] snip_170346.160_170589.060.flac
1339.7s - extractor 0: Chia - OSPT/2022/2022-07-26/10/220726_1209 snip [3/3] snip_19253.770_19578.830.flac
1344.1s - extractor 0: [29] Chia - OSPT/2022/2022-07-26/10/220726_1209 — 3 snip(s) → 283 frames, 6 label(s) (ident took 7.8s)
1344.1s - extractor 0: [30] Chia - OSPT/2022/2022-07-26/14/220726_1202 — starting (embeddings)
1344.1s - extractor 0: Chia - OSPT/2022/2022-07-26/14/220726_1202 snip [1/2] snip_79831.270_79896.030.flac
1344.4s - extractor 0: Chia - OSPT/2022/2022-07-26/14/220726_1202 snip [2/2] snip_79902.330_80191.270.flac
1348.9s - extractor 0: [30] Chia - OSPT/2022/2022-07-26/14/220726_1202 — 2 snip(s) → 211 frames, 4 label(s) (ident took 4.9s)
1348.9s - extractor 0: [31] Chia - OSPT/2022/2022-07-26/15/220728_1403 — starting (embeddings)
1348.9s - extractor 0: Chia - OSPT/2022/2022-07-26/15/220728_1403 snip [1/1] snip_85715.040_86072.670.flac
1356.0s - extractor 0: [31] Chia - OSPT/2022/2022-07-26/15/220728_1403 — 1 snip(s) → 236 frames, 7 label(s) (ident took 7.1s)
1356.0s - extractor 0: [32] Chia - OSPT/2022/2022-07-26/17/220725_1311 — starting (embeddings)
1356.0s - extractor 0: Chia - OSPT/2022/2022-07-26/17/220725_1311 snip [1/1] snip_3952.190_4312.440.flac
1362.6s - extractor 0: [32] Chia - OSPT/2022/2022-07-26/17/220725_1311 — 1 snip(s) → 207 frames, 6 label(s) (ident took 6.6s)
1362.6s - extractor 0: [33] Chia - OSPT/2022/2022-07-26/18/220725_1319 — starting (embeddings)
1362.6s - extractor 0: Chia - OSPT/2022/2022-07-26/18/220725_1319 snip [1/1] snip_155287.960_155640.140.flac
1365.6s - extractor 0: [33] Chia - OSPT/2022/2022-07-26/18/220725_1319 — 1 snip(s) → 156 frames, 1 label(s) (ident took 3.0s)
1365.6s - extractor 0: [34] Chia - OSPT/2022/2022-07-26/18/220727_1501 — starting (embeddings)
1365.6s - extractor 0: Chia - OSPT/2022/2022-07-26/18/220727_1501 snip [1/1] snip_99745.470_100088.980.flac
1369.5s - extractor 0: [34] Chia - OSPT/2022/2022-07-26/18/220727_1501 — 1 snip(s) → 157 frames, 3 label(s) (ident took 3.9s)
1369.5s - extractor 0: [35] Chia - OSPT/2022/2022-07-26/23/220727_1453 — starting (embeddings)
1369.5s - extractor 0: Chia - OSPT/2022/2022-07-26/23/220727_1453 snip [1/1] snip_7245.310_7602.450.flac
1375.0s - extractor 0: [35] Chia - OSPT/2022/2022-07-26/23/220727_1453 — 1 snip(s) → 245 frames, 6 label(s) (ident took 5.5s)
1375.0s - extractor 0: [36] Chia - OSPT/2022/2022-07-26/25/220725_1324 — starting (embeddings)
1375.0s - extractor 0: Chia - OSPT/2022/2022-07-26/25/220725_1324 snip [1/1] snip_159685.320_159994.510.flac
1378.6s - extractor 0: [36] Chia - OSPT/2022/2022-07-26/25/220725_1324 — 1 snip(s) → 227 frames, 2 label(s) (ident took 3.6s)
1378.6s - extractor 0: [37] Chia - OSPT/2022/2022-07-26/25/220727_1507 — starting (embeddings)
1378.6s - extractor 0: Chia - OSPT/2022/2022-07-26/25/220727_1507 snip [1/1] snip_89430.120_89789.990.flac
1383.8s - extractor 0: [37] Chia - OSPT/2022/2022-07-26/25/220727_1507 — 1 snip(s) → 219 frames, 8 label(s) (ident took 5.2s)
1383.8s - extractor 0: [38] Chia - OSPT/2022/2022-07-26/29/220725_1321 — starting (embeddings)
1383.8s - extractor 0: Chia - OSPT/2022/2022-07-26/29/220725_1321 snip [1/2] snip_168455.470_168815.470.flac
1388.1s - extractor 0: Chia - OSPT/2022/2022-07-26/29/220725_1321 snip [2/2] snip_22630.770_22967.520.flac
1391.9s - extractor 0: [38] Chia - OSPT/2022/2022-07-26/29/220725_1321 — 2 snip(s) → 464 frames, 4 label(s) (ident took 8.0s)
1391.9s - extractor 0: [39] Chia - OSPT/2022/2022-08-02/11/220802_1058 — starting (embeddings)
1391.9s - extractor 0: Chia - OSPT/2022/2022-08-02/11/220802_1058 snip [1/3] snip_167154.830_167499.950.flac
1396.9s - extractor 0: Chia - OSPT/2022/2022-08-02/11/220802_1058 snip [2/3] snip_26007.270_26343.690.flac
1401.7s - extractor 0: Chia - OSPT/2022/2022-08-02/11/220802_1058 snip [3/3] snip_84415.590_84772.700.flac
1408.0s - extractor 0: [39] Chia - OSPT/2022/2022-08-02/11/220802_1058 — 3 snip(s) → 536 frames, 16 label(s) (ident took 16.2s)
1408.0s - extractor 0: [40] Chia - OSPT/2022/2022-08-02/13/220802_1108 — starting (embeddings)
1408.0s - extractor 0: Chia - OSPT/2022/2022-08-02/13/220802_1108 snip [1/1] snip_77745.150_78055.330.flac
1411.4s - extractor 0: [40] Chia - OSPT/2022/2022-08-02/13/220802_1108 — 1 snip(s) → 231 frames, 4 label(s) (ident took 3.4s)
1411.4s - extractor 0: [41] Chia - OSPT/2022/2022-08-02/13/220806_1432 — starting (embeddings)
1411.4s - extractor 0: Chia - OSPT/2022/2022-08-02/13/220806_1432 snip [1/2] snip_5564.150_5708.110.flac
1412.6s - extractor 0: Chia - OSPT/2022/2022-08-02/13/220806_1432 snip [2/2] snip_5729.500_5912.370.flac
1414.5s - extractor 0: [41] Chia - OSPT/2022/2022-08-02/13/220806_1432 — 2 snip(s) → 116 frames, 2 label(s) (ident took 3.1s)
1414.5s - extractor 0: [42] Chia - OSPT/2022/2022-08-02/20/220802_1056 — starting (embeddings)
1414.5s - extractor 0: Chia - OSPT/2022/2022-08-02/20/220802_1056 snip [1/1] snip_177552.120_177824.330.flac
1416.9s - extractor 0: [42] Chia - OSPT/2022/2022-08-02/20/220802_1056 — 1 snip(s) → 102 frames, 2 label(s) (ident took 2.4s)
1416.9s - extractor 0: [43] Chia - OSPT/2022/2022-08-02/22/220804_1241 — starting (embeddings)
1416.9s - extractor 0: Chia - OSPT/2022/2022-08-02/22/220804_1241 snip [1/1] snip_81775.670_82135.670.flac
1421.2s - extractor 0: [43] Chia - OSPT/2022/2022-08-02/22/220804_1241 — 1 snip(s) → 314 frames, 4 label(s) (ident took 4.3s)
1421.2s - extractor 0: [44] Chia - OSPT/2022/2022-08-02/23/220802_1047 — starting (embeddings)
1421.2s - extractor 0: Chia - OSPT/2022/2022-08-02/23/220802_1047 snip [1/1] snip_10280.880_10612.120.flac
1424.9s - extractor 0: [44] Chia - OSPT/2022/2022-08-02/23/220802_1047 — 1 snip(s) → 62 frames, 5 label(s) (ident took 3.7s)
1424.9s - extractor 0: [45] Chia - OSPT/2022/2022-08-02/29/220802_1102 — starting (embeddings)
1424.9s - extractor 0: Chia - OSPT/2022/2022-08-02/29/220802_1102 snip [1/2] snip_21927.900_22146.790.flac
1427.2s - extractor 0: Chia - OSPT/2022/2022-08-02/29/220802_1102 snip [2/2] snip_22191.130_22287.020.flac
1428.0s - extractor 0: [45] Chia - OSPT/2022/2022-08-02/29/220802_1102 — 2 snip(s) → 107 frames, 2 label(s) (ident took 3.1s)
1428.0s - extractor 0: [46] Chia - OSPT/2022/2022-08-02/29/220804_1244 — starting (embeddings)
1428.0s - extractor 0: Chia - OSPT/2022/2022-08-02/29/220804_1244 snip [1/2] snip_8626.630_8704.220.flac
1428.4s - extractor 0: Chia - OSPT/2022/2022-08-02/29/220804_1244 snip [2/2] snip_8709.650_8969.190.flac
1430.7s - extractor 0: [46] Chia - OSPT/2022/2022-08-02/29/220804_1244 — 2 snip(s) → 86 frames, 2 label(s) (ident took 2.7s)
1430.7s - extractor 0: [47] Chia - OSPT/2022/2022-08-02/32/220804_1227 — starting (embeddings)
1430.7s - extractor 0: Chia - OSPT/2022/2022-08-02/32/220804_1227 snip [1/3] snip_111858.400_112047.330.flac
1433.7s - extractor 0: Chia - OSPT/2022/2022-08-02/32/220804_1227 snip [2/3] snip_112101.860_112209.230.flac
1434.3s - extractor 0: Chia - OSPT/2022/2022-08-02/32/220804_1227 snip [3/3] snip_95352.580_95712.420.flac
1438.7s - extractor 0: [47] Chia - OSPT/2022/2022-08-02/32/220804_1227 — 3 snip(s) → 284 frames, 6 label(s) (ident took 8.0s)
1438.7s - extractor 0: [48] Chia_Lin - Soybean on-farm spray audios/2023-07-25 Combs Sabine-Bigelow/14/230725_1202 — starting (embeddings)
1438.7s - extractor 0: Chia_Lin - Soybean on-farm spray audios/2023-07-25 Combs Sabine-Bigelow/14/230725_1202 snip [1/30] snip_113194.390_113255.310.flac
1438.9s - extractor 0: Chia_Lin - Soybean on-farm spray audios/2023-07-25 Combs Sabine-Bigelow/14/230725_1202 snip [2/30] snip_113434.660_113505.210.flac
1439.5s - extractor 0: Chia_Lin - Soybean on-farm spray audios/2023-07-25 Combs Sabine-Bigelow/14/230725_1202 snip [3/30] snip_122448.920_122528.430.flac
1440.1s - extractor 0: Chia_Lin - Soybean on-farm spray audios/2023-07-25 Combs Sabine-Bigelow/14/230725_1202 snip [4/30] snip_126464.000_126530.160.flac
1440.8s - extractor 0: Chia_Lin - Soybean on-farm spray audios/2023-07-25 Combs Sabine-Bigelow/14/230725_1202 snip [5/30] snip_127016.120_127079.250.flac
1441.3s - extractor 0: Chia_Lin - Soybean on-farm spray audios/2023-07-25 Combs Sabine-Bigelow/14/230725_1202 snip [6/30] snip_127127.000_127189.030.flac
1441.6s - extractor 0: Chia_Lin - Soybean on-farm spray audios/2023-07-25 Combs Sabine-Bigelow/14/230725_1202 snip [7/30] snip_127495.000_127561.180.flac
1441.9s - extractor 0: Chia_Lin - Soybean on-farm spray audios/2023-07-25 Combs Sabine-Bigelow/14/230725_1202 snip [8/30] snip_127667.000_127730.750.flac
1442.4s - extractor 0: Chia_Lin - Soybean on-farm spray audios/2023-07-25 Combs Sabine-Bigelow/14/230725_1202 snip [9/30] snip_128031.290_128093.950.flac
1442.8s - extractor 0: Chia_Lin - Soybean on-farm spray audios/2023-07-25 Combs Sabine-Bigelow/14/230725_1202 snip [10/30] snip_129527.000_129591.320.flac
1443.1s - extractor 0: Chia_Lin - Soybean on-farm spray audios/2023-07-25 Combs Sabine-Bigelow/14/230725_1202 snip [11/30] snip_129649.000_129715.090.flac
1443.7s - extractor 0: Chia_Lin - Soybean on-farm spray audios/2023-07-25 Combs Sabine-Bigelow/14/230725_1202 snip [12/30] snip_129748.000_129815.160.flac
1444.6s - extractor 0: Chia_Lin - Soybean on-farm spray audios/2023-07-25 Combs Sabine-Bigelow/14/230725_1202 snip [13/30] snip_130087.400_130176.880.flac
1445.2s - extractor 0: Chia_Lin - Soybean on-farm spray audios/2023-07-25 Combs Sabine-Bigelow/14/230725_1202 snip [14/30] snip_130445.000_130510.760.flac
1445.5s - extractor 0: Chia_Lin - Soybean on-farm spray audios/2023-07-25 Combs Sabine-Bigelow/14/230725_1202 snip [15/30] snip_131184.000_131250.240.flac
1445.8s - extractor 0: Chia_Lin - Soybean on-farm spray audios/2023-07-25 Combs Sabine-Bigelow/14/230725_1202 snip [16/30] snip_131548.150_131614.630.flac
1446.7s - extractor 0: Chia_Lin - Soybean on-farm spray audios/2023-07-25 Combs Sabine-Bigelow/14/230725_1202 snip [17/30] snip_131968.300_132030.360.flac
1447.0s - extractor 0: Chia_Lin - Soybean on-farm spray audios/2023-07-25 Combs Sabine-Bigelow/14/230725_1202 snip [18/30] snip_132408.780_132475.620.flac
1447.7s - extractor 0: Chia_Lin - Soybean on-farm spray audios/2023-07-25 Combs Sabine-Bigelow/14/230725_1202 snip [19/30] snip_132625.000_132689.800.flac
1448.0s - extractor 0: Chia_Lin - Soybean on-farm spray audios/2023-07-25 Combs Sabine-Bigelow/14/230725_1202 snip [20/30] snip_132825.000_132892.460.flac
1448.3s - extractor 0: Chia_Lin - Soybean on-farm spray audios/2023-07-25 Combs Sabine-Bigelow/14/230725_1202 snip [21/30] snip_133191.370_133256.680.flac
1448.9s - extractor 0: Chia_Lin - Soybean on-farm spray audios/2023-07-25 Combs Sabine-Bigelow/14/230725_1202 snip [22/30] snip_133295.660_133380.340.flac
1450.4s - extractor 0: Chia_Lin - Soybean on-farm spray audios/2023-07-25 Combs Sabine-Bigelow/14/230725_1202 snip [23/30] snip_134858.580_134940.330.flac
1451.4s - extractor 0: Chia_Lin - Soybean on-farm spray audios/2023-07-25 Combs Sabine-Bigelow/14/230725_1202 snip [24/30] snip_138737.460_138821.460.flac
1452.5s - extractor 0: Chia_Lin - Soybean on-farm spray audios/2023-07-25 Combs Sabine-Bigelow/14/230725_1202 snip [25/30] snip_139726.940_139809.360.flac
1453.5s - extractor 0: Chia_Lin - Soybean on-farm spray audios/2023-07-25 Combs Sabine-Bigelow/14/230725_1202 snip [26/30] snip_149074.040_149151.880.flac
1454.2s - extractor 0: Chia_Lin - Soybean on-farm spray audios/2023-07-25 Combs Sabine-Bigelow/14/230725_1202 snip [27/30] snip_4198.030_4549.250.flac
1461.8s - extractor 0: rescued 'ins_buzz_low' at 4249.320s (0.240s) as ins_buzz_low+ins_buzz_medium
1461.8s - extractor 0: Chia_Lin - Soybean on-farm spray audios/2023-07-25 Combs Sabine-Bigelow/14/230725_1202 snip [28/30] snip_59190.990_59264.560.flac
1462.9s - extractor 0: Chia_Lin - Soybean on-farm spray audios/2023-07-25 Combs Sabine-Bigelow/14/230725_1202 snip [29/30] snip_78993.910_79231.560.flac
1465.0s - extractor 0: Chia_Lin - Soybean on-farm spray audios/2023-07-25 Combs Sabine-Bigelow/14/230725_1202 snip [30/30] snip_9602.980_9855.330.flac
1467.9s - extractor 0: [48] Chia_Lin - Soybean on-farm spray audios/2023-07-25 Combs Sabine-Bigelow/14/230725_1202 — 30 snip(s) → 667 frames, 21 label(s) (ident took 29.2s)
1467.9s - extractor 0: [49] Chia_Lin - Soybean on-farm spray audios/2023-07-25 Combs Sabine-Bigelow/14/230727_1344 — starting (embeddings)
1467.9s - extractor 0: Chia_Lin - Soybean on-farm spray audios/2023-07-25 Combs Sabine-Bigelow/14/230727_1344 snip [1/12] snip_122710.000_122773.840.flac
1468.2s - extractor 0: Chia_Lin - Soybean on-farm spray audios/2023-07-25 Combs Sabine-Bigelow/14/230727_1344 snip [2/12] snip_125639.000_125700.320.flac
1468.4s - extractor 0: Chia_Lin - Soybean on-farm spray audios/2023-07-25 Combs Sabine-Bigelow/14/230727_1344 snip [3/12] snip_129232.000_129297.760.flac
1468.7s - extractor 0: Chia_Lin - Soybean on-farm spray audios/2023-07-25 Combs Sabine-Bigelow/14/230727_1344 snip [4/12] snip_130863.460_130942.650.flac
1469.3s - extractor 0: Chia_Lin - Soybean on-farm spray audios/2023-07-25 Combs Sabine-Bigelow/14/230727_1344 snip [5/12] snip_138460.080_138540.940.flac
1470.0s - extractor 0: Chia_Lin - Soybean on-farm spray audios/2023-07-25 Combs Sabine-Bigelow/14/230727_1344 snip [6/12] snip_139257.080_139336.110.flac
1470.9s - extractor 0: Chia_Lin - Soybean on-farm spray audios/2023-07-25 Combs Sabine-Bigelow/14/230727_1344 snip [7/12] snip_142998.670_143076.910.flac
1472.1s - extractor 0: Chia_Lin - Soybean on-farm spray audios/2023-07-25 Combs Sabine-Bigelow/14/230727_1344 snip [8/12] snip_38119.000_38182.840.flac
1472.3s - extractor 0: Chia_Lin - Soybean on-farm spray audios/2023-07-25 Combs Sabine-Bigelow/14/230727_1344 snip [9/12] snip_38644.000_38709.760.flac
1472.9s - extractor 0: Chia_Lin - Soybean on-farm spray audios/2023-07-25 Combs Sabine-Bigelow/14/230727_1344 snip [10/12] snip_39189.000_39264.360.flac
1473.3s - extractor 0: Chia_Lin - Soybean on-farm spray audios/2023-07-25 Combs Sabine-Bigelow/14/230727_1344 snip [11/12] snip_41503.560_41587.720.flac
1474.0s - extractor 0: Chia_Lin - Soybean on-farm spray audios/2023-07-25 Combs Sabine-Bigelow/14/230727_1344 snip [12/12] snip_42695.330_42769.190.flac
1474.6s - extractor 0: [49] Chia_Lin - Soybean on-farm spray audios/2023-07-25 Combs Sabine-Bigelow/14/230727_1344 — 12 snip(s) → 154 frames, 8 label(s) (ident took 6.7s)
1474.6s - extractor 0: [50] Chia_Lin - Soybean on-farm spray audios/2023-07-25 Combs Sabine-Bigelow/14/230730_1621 — starting (embeddings)
1474.6s - extractor 0: Chia_Lin - Soybean on-farm spray audios/2023-07-25 Combs Sabine-Bigelow/14/230730_1621 snip [1/24] snip_107793.840_107868.320.flac
1475.2s - extractor 0: Chia_Lin - Soybean on-farm spray audios/2023-07-25 Combs Sabine-Bigelow/14/230730_1621 snip [2/24] snip_110629.000_110694.760.flac
1475.5s - extractor 0: Chia_Lin - Soybean on-farm spray audios/2023-07-25 Combs Sabine-Bigelow/14/230730_1621 snip [3/24] snip_110702.000_110767.280.flac
1475.8s - extractor 0: Chia_Lin - Soybean on-farm spray audios/2023-07-25 Combs Sabine-Bigelow/14/230730_1621 snip [4/24] snip_111865.000_111929.320.flac
1476.1s - extractor 0: Chia_Lin - Soybean on-farm spray audios/2023-07-25 Combs Sabine-Bigelow/14/230730_1621 snip [5/24] snip_112538.000_112600.400.flac
1476.3s - extractor 0: Chia_Lin - Soybean on-farm spray audios/2023-07-25 Combs Sabine-Bigelow/14/230730_1621 snip [6/24] snip_112606.000_112682.360.flac
1476.9s - extractor 0: Chia_Lin - Soybean on-farm spray audios/2023-07-25 Combs Sabine-Bigelow/14/230730_1621 snip [7/24] snip_112810.000_113005.800.flac
1478.7s - extractor 0: Chia_Lin - Soybean on-farm spray audios/2023-07-25 Combs Sabine-Bigelow/14/230730_1621 snip [8/24] snip_113843.000_113985.240.flac
1479.8s - extractor 0: Chia_Lin - Soybean on-farm spray audios/2023-07-25 Combs Sabine-Bigelow/14/230730_1621 snip [9/24] snip_114104.000_114167.360.flac
1480.1s - extractor 0: Chia_Lin - Soybean on-farm spray audios/2023-07-25 Combs Sabine-Bigelow/14/230730_1621 snip [10/24] snip_114326.000_114391.280.flac
1480.4s - extractor 0: Chia_Lin - Soybean on-farm spray audios/2023-07-25 Combs Sabine-Bigelow/14/230730_1621 snip [11/24] snip_114607.000_114718.600.flac
1481.3s - extractor 0: Chia_Lin - Soybean on-farm spray audios/2023-07-25 Combs Sabine-Bigelow/14/230730_1621 snip [12/24] snip_115775.000_115905.320.flac
1482.0s - extractor 0: Chia_Lin - Soybean on-farm spray audios/2023-07-25 Combs Sabine-Bigelow/14/230730_1621 snip [13/24] snip_116066.000_116130.800.flac
1482.3s - extractor 0: Chia_Lin - Soybean on-farm spray audios/2023-07-25 Combs Sabine-Bigelow/14/230730_1621 snip [14/24] snip_119342.000_119404.880.flac
1482.5s - extractor 0: Chia_Lin - Soybean on-farm spray audios/2023-07-25 Combs Sabine-Bigelow/14/230730_1621 snip [15/24] snip_131938.050_132004.880.flac
1483.0s - extractor 0: Chia_Lin - Soybean on-farm spray audios/2023-07-25 Combs Sabine-Bigelow/14/230730_1621 snip [16/24] snip_150737.450_150873.320.flac
1484.3s - extractor 0: Chia_Lin - Soybean on-farm spray audios/2023-07-25 Combs Sabine-Bigelow/14/230730_1621 snip [17/24] snip_150932.450_151083.170.flac
1485.7s - extractor 0: Chia_Lin - Soybean on-farm spray audios/2023-07-25 Combs Sabine-Bigelow/14/230730_1621 snip [18/24] snip_21467.600_21553.440.flac
1486.6s - extractor 0: Chia_Lin - Soybean on-farm spray audios/2023-07-25 Combs Sabine-Bigelow/14/230730_1621 snip [19/24] snip_24847.720_24932.240.flac
1487.6s - extractor 0: Chia_Lin - Soybean on-farm spray audios/2023-07-25 Combs Sabine-Bigelow/14/230730_1621 snip [20/24] snip_31797.000_31893.470.flac
1488.6s - extractor 0: Chia_Lin - Soybean on-farm spray audios/2023-07-25 Combs Sabine-Bigelow/14/230730_1621 snip [21/24] snip_32025.780_32098.770.flac
1489.2s - extractor 0: Chia_Lin - Soybean on-farm spray audios/2023-07-25 Combs Sabine-Bigelow/14/230730_1621 snip [22/24] snip_32307.000_32371.800.flac
1489.5s - extractor 0: Chia_Lin - Soybean on-farm spray audios/2023-07-25 Combs Sabine-Bigelow/14/230730_1621 snip [23/24] snip_33684.000_33750.720.flac
1489.8s - extractor 0: Chia_Lin - Soybean on-farm spray audios/2023-07-25 Combs Sabine-Bigelow/14/230730_1621 snip [24/24] snip_88820.580_89180.210.flac
1495.8s - extractor 0: [50] Chia_Lin - Soybean on-farm spray audios/2023-07-25 Combs Sabine-Bigelow/14/230730_1621 — 24 snip(s) → 597 frames, 11 label(s) (ident took 21.2s)
1495.8s - extractor 0: [51] Chia_Lin - Soybean on-farm spray audios/2023-07-25 Combs Sabine-Bigelow/14/230801_1803 — starting (embeddings)
1495.8s - extractor 0: Chia_Lin - Soybean on-farm spray audios/2023-07-25 Combs Sabine-Bigelow/14/230801_1803 snip [1/25] snip_18068.000_18133.280.flac
1496.1s - extractor 0: Chia_Lin - Soybean on-farm spray audios/2023-07-25 Combs Sabine-Bigelow/14/230801_1803 snip [2/25] snip_20871.000_20936.280.flac
1496.4s - extractor 0: Chia_Lin - Soybean on-farm spray audios/2023-07-25 Combs Sabine-Bigelow/14/230801_1803 snip [3/25] snip_21747.000_21810.360.flac
1496.7s - extractor 0: Chia_Lin - Soybean on-farm spray audios/2023-07-25 Combs Sabine-Bigelow/14/230801_1803 snip [4/25] snip_22579.000_22683.200.flac
1497.3s - extractor 0: Chia_Lin - Soybean on-farm spray audios/2023-07-25 Combs Sabine-Bigelow/14/230801_1803 snip [5/25] snip_22814.000_22876.400.flac
1497.6s - extractor 0: Chia_Lin - Soybean on-farm spray audios/2023-07-25 Combs Sabine-Bigelow/14/230801_1803 snip [6/25] snip_23733.000_23796.840.flac
1497.8s - extractor 0: Chia_Lin - Soybean on-farm spray audios/2023-07-25 Combs Sabine-Bigelow/14/230801_1803 snip [7/25] snip_23873.000_23991.360.flac
1498.6s - extractor 0: Chia_Lin - Soybean on-farm spray audios/2023-07-25 Combs Sabine-Bigelow/14/230801_1803 snip [8/25] snip_24401.000_24467.720.flac
1499.1s - extractor 0: Chia_Lin - Soybean on-farm spray audios/2023-07-25 Combs Sabine-Bigelow/14/230801_1803 snip [9/25] snip_24732.000_24801.600.flac
1499.5s - extractor 0: Chia_Lin - Soybean on-farm spray audios/2023-07-25 Combs Sabine-Bigelow/14/230801_1803 snip [10/25] snip_24940.000_25032.120.flac
1500.1s - extractor 0: Chia_Lin - Soybean on-farm spray audios/2023-07-25 Combs Sabine-Bigelow/14/230801_1803 snip [11/25] snip_25080.000_25267.880.flac
1501.2s - extractor 0: Chia_Lin - Soybean on-farm spray audios/2023-07-25 Combs Sabine-Bigelow/14/230801_1803 snip [12/25] snip_25454.000_25574.880.flac
1502.7s - extractor 0: Chia_Lin - Soybean on-farm spray audios/2023-07-25 Combs Sabine-Bigelow/14/230801_1803 snip [13/25] snip_26067.000_26180.120.flac
1503.6s - extractor 0: Chia_Lin - Soybean on-farm spray audios/2023-07-25 Combs Sabine-Bigelow/14/230801_1803 snip [14/25] snip_26260.000_26371.600.flac
1504.5s - extractor 0: Chia_Lin - Soybean on-farm spray audios/2023-07-25 Combs Sabine-Bigelow/14/230801_1803 snip [15/25] snip_26372.000_26540.400.flac
1505.3s - extractor 0: Chia_Lin - Soybean on-farm spray audios/2023-07-25 Combs Sabine-Bigelow/14/230801_1803 snip [16/25] snip_26929.000_26993.800.flac
1505.6s - extractor 0: Chia_Lin - Soybean on-farm spray audios/2023-07-25 Combs Sabine-Bigelow/14/230801_1803 snip [17/25] snip_27386.000_27450.320.flac
1505.9s - extractor 0: Chia_Lin - Soybean on-farm spray audios/2023-07-25 Combs Sabine-Bigelow/14/230801_1803 snip [18/25] snip_27525.000_27694.760.flac
1507.3s - extractor 0: Chia_Lin - Soybean on-farm spray audios/2023-07-25 Combs Sabine-Bigelow/14/230801_1803 snip [19/25] snip_27899.000_27967.640.flac
1507.6s - extractor 0: Chia_Lin - Soybean on-farm spray audios/2023-07-25 Combs Sabine-Bigelow/14/230801_1803 snip [20/25] snip_28255.000_28320.760.flac
1507.9s - extractor 0: Chia_Lin - Soybean on-farm spray audios/2023-07-25 Combs Sabine-Bigelow/14/230801_1803 snip [21/25] snip_30393.600_30478.070.flac
1508.8s - extractor 0: Chia_Lin - Soybean on-farm spray audios/2023-07-25 Combs Sabine-Bigelow/14/230801_1803 snip [22/25] snip_30784.320_30869.190.flac
1510.2s - extractor 0: Chia_Lin - Soybean on-farm spray audios/2023-07-25 Combs Sabine-Bigelow/14/230801_1803 snip [23/25] snip_37110.430_37172.870.flac
1510.5s - extractor 0: Chia_Lin - Soybean on-farm spray audios/2023-07-25 Combs Sabine-Bigelow/14/230801_1803 snip [24/25] snip_37619.920_37696.500.flac
1511.1s - extractor 0: Chia_Lin - Soybean on-farm spray audios/2023-07-25 Combs Sabine-Bigelow/14/230801_1803 snip [25/25] snip_38409.710_38512.920.flac
1512.4s - extractor 0: [51] Chia_Lin - Soybean on-farm spray audios/2023-07-25 Combs Sabine-Bigelow/14/230801_1803 — 25 snip(s) → 376 frames, 6 label(s) (ident took 16.7s)
1512.4s - extractor 0: [52] Chia_Lin - Soybean on-farm spray audios/2023-07-25 Combs Sabine-Bigelow/23/230725_1159 — starting (embeddings)
1512.4s - extractor 0: Chia_Lin - Soybean on-farm spray audios/2023-07-25 Combs Sabine-Bigelow/23/230725_1159 snip [1/30] snip_123523.090_123606.760.flac
1512.9s - extractor 0: Chia_Lin - Soybean on-farm spray audios/2023-07-25 Combs Sabine-Bigelow/23/230725_1159 snip [2/30] snip_125227.280_125310.620.flac
1513.5s - extractor 0: Chia_Lin - Soybean on-farm spray audios/2023-07-25 Combs Sabine-Bigelow/23/230725_1159 snip [3/30] snip_126692.000_126754.400.flac
1513.8s - extractor 0: Chia_Lin - Soybean on-farm spray audios/2023-07-25 Combs Sabine-Bigelow/23/230725_1159 snip [4/30] snip_129423.000_129487.490.flac
1514.3s - extractor 0: Chia_Lin - Soybean on-farm spray audios/2023-07-25 Combs Sabine-Bigelow/23/230725_1159 snip [5/30] snip_130077.000_130142.280.flac
1514.6s - extractor 0: Chia_Lin - Soybean on-farm spray audios/2023-07-25 Combs Sabine-Bigelow/23/230725_1159 snip [6/30] snip_130509.000_130575.240.flac
1514.9s - extractor 0: Chia_Lin - Soybean on-farm spray audios/2023-07-25 Combs Sabine-Bigelow/23/230725_1159 snip [7/30] snip_130778.200_130841.360.flac
1515.3s - extractor 0: Chia_Lin - Soybean on-farm spray audios/2023-07-25 Combs Sabine-Bigelow/23/230725_1159 snip [8/30] snip_131373.000_131439.240.flac
1515.9s - extractor 0: Chia_Lin - Soybean on-farm spray audios/2023-07-25 Combs Sabine-Bigelow/23/230725_1159 snip [9/30] snip_132095.000_132160.280.flac
1516.2s - extractor 0: Chia_Lin - Soybean on-farm spray audios/2023-07-25 Combs Sabine-Bigelow/23/230725_1159 snip [10/30] snip_132477.000_132620.820.flac
1517.3s - extractor 0: Chia_Lin - Soybean on-farm spray audios/2023-07-25 Combs Sabine-Bigelow/23/230725_1159 snip [11/30] snip_132710.000_132801.360.flac
1518.0s - extractor 0: Chia_Lin - Soybean on-farm spray audios/2023-07-25 Combs Sabine-Bigelow/23/230725_1159 snip [12/30] snip_132997.000_133099.760.flac
1519.1s - extractor 0: Chia_Lin - Soybean on-farm spray audios/2023-07-25 Combs Sabine-Bigelow/23/230725_1159 snip [13/30] snip_133317.040_133380.520.flac
1519.6s - extractor 0: Chia_Lin - Soybean on-farm spray audios/2023-07-25 Combs Sabine-Bigelow/23/230725_1159 snip [14/30] snip_133737.000_133800.950.flac
1520.1s - extractor 0: Chia_Lin - Soybean on-farm spray audios/2023-07-25 Combs Sabine-Bigelow/23/230725_1159 snip [15/30] snip_135725.000_135807.350.flac
1521.4s - extractor 0: Chia_Lin - Soybean on-farm spray audios/2023-07-25 Combs Sabine-Bigelow/23/230725_1159 snip [16/30] snip_139392.370_139453.570.flac
1521.6s - extractor 0: Chia_Lin - Soybean on-farm spray audios/2023-07-25 Combs Sabine-Bigelow/23/230725_1159 snip [17/30] snip_139683.920_139748.080.flac
1521.9s - extractor 0: Chia_Lin - Soybean on-farm spray audios/2023-07-25 Combs Sabine-Bigelow/23/230725_1159 snip [18/30] snip_145227.210_145299.040.flac
1522.6s - extractor 0: Chia_Lin - Soybean on-farm spray audios/2023-07-25 Combs Sabine-Bigelow/23/230725_1159 snip [19/30] snip_146685.040_146765.920.flac
1523.4s - extractor 0: Chia_Lin - Soybean on-farm spray audios/2023-07-25 Combs Sabine-Bigelow/23/230725_1159 snip [20/30] snip_160460.340_160556.500.flac
1524.0s - extractor 0: Chia_Lin - Soybean on-farm spray audios/2023-07-25 Combs Sabine-Bigelow/23/230725_1159 snip [21/30] snip_175587.880_175654.840.flac
1524.8s - extractor 0: Chia_Lin - Soybean on-farm spray audios/2023-07-25 Combs Sabine-Bigelow/23/230725_1159 snip [22/30] snip_175709.440_175781.100.flac
1525.1s - extractor 0: Chia_Lin - Soybean on-farm spray audios/2023-07-25 Combs Sabine-Bigelow/23/230725_1159 snip [23/30] snip_175799.540_175944.010.flac
1526.7s - extractor 0: Chia_Lin - Soybean on-farm spray audios/2023-07-25 Combs Sabine-Bigelow/23/230725_1159 snip [24/30] snip_39985.000_40048.360.flac
1527.0s - extractor 0: Chia_Lin - Soybean on-farm spray audios/2023-07-25 Combs Sabine-Bigelow/23/230725_1159 snip [25/30] snip_42057.000_42122.760.flac
1527.3s - extractor 0: Chia_Lin - Soybean on-farm spray audios/2023-07-25 Combs Sabine-Bigelow/23/230725_1159 snip [26/30] snip_44027.000_44092.760.flac
1527.6s - extractor 0: Chia_Lin - Soybean on-farm spray audios/2023-07-25 Combs Sabine-Bigelow/23/230725_1159 snip [27/30] snip_44253.000_44330.280.flac
1528.0s - extractor 0: Chia_Lin - Soybean on-farm spray audios/2023-07-25 Combs Sabine-Bigelow/23/230725_1159 snip [28/30] snip_48033.000_48095.400.flac
1528.2s - extractor 0: Chia_Lin - Soybean on-farm spray audios/2023-07-25 Combs Sabine-Bigelow/23/230725_1159 snip [29/30] snip_48368.000_48432.800.flac
1528.5s - extractor 0: Chia_Lin - Soybean on-farm spray audios/2023-07-25 Combs Sabine-Bigelow/23/230725_1159 snip [30/30] snip_49956.510_50019.840.flac
1528.9s - extractor 0: [52] Chia_Lin - Soybean on-farm spray audios/2023-07-25 Combs Sabine-Bigelow/23/230725_1159 — 30 snip(s) → 349 frames, 15 label(s) (ident took 16.4s)
1528.9s - extractor 0: [53] Chia_Lin - Soybean on-farm spray audios/2023-07-25 Combs Sabine-Bigelow/23/230727_1341 — starting (embeddings)
1528.9s - extractor 0: Chia_Lin - Soybean on-farm spray audios/2023-07-25 Combs Sabine-Bigelow/23/230727_1341 snip [1/22] snip_122180.000_122243.340.flac
1529.3s - extractor 0: Chia_Lin - Soybean on-farm spray audios/2023-07-25 Combs Sabine-Bigelow/23/230727_1341 snip [2/22] snip_131026.670_131090.730.flac
1529.6s - extractor 0: Chia_Lin - Soybean on-farm spray audios/2023-07-25 Combs Sabine-Bigelow/23/230727_1341 snip [3/22] snip_34516.000_34577.040.flac
1529.9s - extractor 0: Chia_Lin - Soybean on-farm spray audios/2023-07-25 Combs Sabine-Bigelow/23/230727_1341 snip [4/22] snip_34835.000_34910.710.flac
1531.1s - extractor 0: Chia_Lin - Soybean on-farm spray audios/2023-07-25 Combs Sabine-Bigelow/23/230727_1341 snip [5/22] snip_34938.000_35003.280.flac
1531.4s - extractor 0: Chia_Lin - Soybean on-farm spray audios/2023-07-25 Combs Sabine-Bigelow/23/230727_1341 snip [6/22] snip_35084.000_35198.120.flac
1532.3s - extractor 0: Chia_Lin - Soybean on-farm spray audios/2023-07-25 Combs Sabine-Bigelow/23/230727_1341 snip [7/22] snip_35555.000_35619.170.flac
1532.6s - extractor 0: Chia_Lin - Soybean on-farm spray audios/2023-07-25 Combs Sabine-Bigelow/23/230727_1341 snip [8/22] snip_36150.000_36230.320.flac
1534.5s - extractor 0: Chia_Lin - Soybean on-farm spray audios/2023-07-25 Combs Sabine-Bigelow/23/230727_1341 snip [9/22] snip_39198.000_39261.840.flac
1534.8s - extractor 0: Chia_Lin - Soybean on-farm spray audios/2023-07-25 Combs Sabine-Bigelow/23/230727_1341 snip [10/22] snip_39317.110_39426.320.flac
1535.3s - extractor 0: Chia_Lin - Soybean on-farm spray audios/2023-07-25 Combs Sabine-Bigelow/23/230727_1341 snip [11/22] snip_39440.000_39527.760.flac
1536.0s - extractor 0: Chia_Lin - Soybean on-farm spray audios/2023-07-25 Combs Sabine-Bigelow/23/230727_1341 snip [12/22] snip_39529.000_39591.400.flac
1536.3s - extractor 0: Chia_Lin - Soybean on-farm spray audios/2023-07-25 Combs Sabine-Bigelow/23/230727_1341 snip [13/22] snip_39599.000_39665.240.flac
1536.6s - extractor 0: Chia_Lin - Soybean on-farm spray audios/2023-07-25 Combs Sabine-Bigelow/23/230727_1341 snip [14/22] snip_39836.420_39899.250.flac
1536.9s - extractor 0: Chia_Lin - Soybean on-farm spray audios/2023-07-25 Combs Sabine-Bigelow/23/230727_1341 snip [15/22] snip_39948.000_40043.200.flac
1537.5s - extractor 0: Chia_Lin - Soybean on-farm spray audios/2023-07-25 Combs Sabine-Bigelow/23/230727_1341 snip [16/22] snip_40150.000_40213.360.flac
1537.7s - extractor 0: Chia_Lin - Soybean on-farm spray audios/2023-07-25 Combs Sabine-Bigelow/23/230727_1341 snip [17/22] snip_41543.000_41612.120.flac
1538.1s - extractor 0: Chia_Lin - Soybean on-farm spray audios/2023-07-25 Combs Sabine-Bigelow/23/230727_1341 snip [18/22] snip_42486.000_42548.880.flac
1538.3s - extractor 0: Chia_Lin - Soybean on-farm spray audios/2023-07-25 Combs Sabine-Bigelow/23/230727_1341 snip [19/22] snip_44707.520_44769.900.flac
1538.6s - extractor 0: Chia_Lin - Soybean on-farm spray audios/2023-07-25 Combs Sabine-Bigelow/23/230727_1341 snip [20/22] snip_55682.520_55747.020.flac
1538.9s - extractor 0: Chia_Lin - Soybean on-farm spray audios/2023-07-25 Combs Sabine-Bigelow/23/230727_1341 snip [21/22] snip_78776.920_79136.920.flac
1543.1s - extractor 0: Chia_Lin - Soybean on-farm spray audios/2023-07-25 Combs Sabine-Bigelow/23/230727_1341 snip [22/22] snip_96717.320_97076.160.flac
1546.6s - extractor 0: [53] Chia_Lin - Soybean on-farm spray audios/2023-07-25 Combs Sabine-Bigelow/23/230727_1341 — 22 snip(s) → 531 frames, 15 label(s) (ident took 17.8s)
1546.6s - extractor 0: [54] Chia_Lin - Soybean on-farm spray audios/2023-07-25 Combs Sabine-Bigelow/23/230730_1624 — starting (embeddings)
1546.6s - extractor 0: Chia_Lin - Soybean on-farm spray audios/2023-07-25 Combs Sabine-Bigelow/23/230730_1624 snip [1/9] snip_110379.000_110448.120.flac
1547.0s - extractor 0: Chia_Lin - Soybean on-farm spray audios/2023-07-25 Combs Sabine-Bigelow/23/230730_1624 snip [2/9] snip_110982.480_111058.840.flac
1547.4s - extractor 0: Chia_Lin - Soybean on-farm spray audios/2023-07-25 Combs Sabine-Bigelow/23/230730_1624 snip [3/9] snip_122635.320_122720.280.flac
1547.8s - extractor 0: Chia_Lin - Soybean on-farm spray audios/2023-07-25 Combs Sabine-Bigelow/23/230730_1624 snip [4/9] snip_170046.470_170406.470.flac
1552.1s - extractor 0: Chia_Lin - Soybean on-farm spray audios/2023-07-25 Combs Sabine-Bigelow/23/230730_1624 snip [5/9] snip_42025.800_42111.050.flac
1552.8s - extractor 0: Chia_Lin - Soybean on-farm spray audios/2023-07-25 Combs Sabine-Bigelow/23/230730_1624 snip [6/9] snip_46770.080_46845.210.flac
1553.2s - extractor 0: Chia_Lin - Soybean on-farm spray audios/2023-07-25 Combs Sabine-Bigelow/23/230730_1624 snip [7/9] snip_92493.340_92573.460.flac
1553.9s - extractor 0: Chia_Lin - Soybean on-farm spray audios/2023-07-25 Combs Sabine-Bigelow/23/230730_1624 snip [8/9] snip_92597.740_92658.460.flac
1554.1s - extractor 0: Chia_Lin - Soybean on-farm spray audios/2023-07-25 Combs Sabine-Bigelow/23/230730_1624 snip [9/9] snip_92675.570_92739.860.flac
1554.5s - extractor 0: [54] Chia_Lin - Soybean on-farm spray audios/2023-07-25 Combs Sabine-Bigelow/23/230730_1624 — 9 snip(s) → 427 frames, 8 label(s) (ident took 7.9s)
1554.5s - extractor 0: [55] Chia_Lin - Soybean on-farm spray audios/2023-07-25 Combs Sabine-Bigelow/23/230801_1806 — starting (embeddings)
1554.5s - extractor 0: Chia_Lin - Soybean on-farm spray audios/2023-07-25 Combs Sabine-Bigelow/23/230801_1806 snip [1/4] snip_16627.320_16712.280.flac
1555.0s - extractor 0: Chia_Lin - Soybean on-farm spray audios/2023-07-25 Combs Sabine-Bigelow/23/230801_1806 snip [2/4] snip_18037.040_18122.000.flac
1555.5s - extractor 0: Chia_Lin - Soybean on-farm spray audios/2023-07-25 Combs Sabine-Bigelow/23/230801_1806 snip [3/4] snip_19612.890_19680.760.flac
1555.8s - extractor 0: Chia_Lin - Soybean on-farm spray audios/2023-07-25 Combs Sabine-Bigelow/23/230801_1806 snip [4/4] snip_20922.000_21032.240.flac
1556.6s - extractor 0: [55] Chia_Lin - Soybean on-farm spray audios/2023-07-25 Combs Sabine-Bigelow/23/230801_1806 — 4 snip(s) → 97 frames, 3 label(s) (ident took 2.1s)
1556.6s - extractor 0: [56] Chia_Lin - Soybean on-farm spray audios/2023-07-30 FSR/29/230730_1704 — starting (embeddings)
1556.6s - extractor 0: Chia_Lin - Soybean on-farm spray audios/2023-07-30 FSR/29/230730_1704 snip [1/10] snip_106074.520_106159.480.flac
1557.1s - extractor 0: Chia_Lin - Soybean on-farm spray audios/2023-07-30 FSR/29/230730_1704 snip [2/10] snip_107127.870_107193.030.flac
1557.4s - extractor 0: Chia_Lin - Soybean on-farm spray audios/2023-07-30 FSR/29/230730_1704 snip [3/10] snip_117309.900_117371.860.flac
1557.7s - extractor 0: Chia_Lin - Soybean on-farm spray audios/2023-07-30 FSR/29/230730_1704 snip [4/10] snip_120661.540_120726.660.flac
1558.0s - extractor 0: Chia_Lin - Soybean on-farm spray audios/2023-07-30 FSR/29/230730_1704 snip [5/10] snip_17954.480_18039.440.flac
1558.4s - extractor 0: Chia_Lin - Soybean on-farm spray audios/2023-07-30 FSR/29/230730_1704 snip [6/10] snip_46289.900_46357.280.flac
1559.0s - extractor 0: Chia_Lin - Soybean on-farm spray audios/2023-07-30 FSR/29/230730_1704 snip [7/10] snip_5515.710_5700.000.flac
1562.1s - extractor 0: Chia_Lin - Soybean on-farm spray audios/2023-07-30 FSR/29/230730_1704 snip [8/10] snip_59739.170_60097.290.flac
1566.3s - extractor 0: Chia_Lin - Soybean on-farm spray audios/2023-07-30 FSR/29/230730_1704 snip [9/10] snip_63799.790_64060.820.flac
1569.2s - extractor 0: Chia_Lin - Soybean on-farm spray audios/2023-07-30 FSR/29/230730_1704 snip [10/10] snip_64061.890_64168.370.flac
1570.2s - extractor 0: [56] Chia_Lin - Soybean on-farm spray audios/2023-07-30 FSR/29/230730_1704 — 10 snip(s) → 730 frames, 8 label(s) (ident took 13.6s)
1570.2s - extractor 0: [57] Chia_Lin - Soybean on-farm spray audios/2023-07-30 FSR/29/230801_1846 — starting (embeddings)
1570.2s - extractor 0: Chia_Lin - Soybean on-farm spray audios/2023-07-30 FSR/29/230801_1846 snip [1/15] snip_106507.020_106578.550.flac
1570.6s - extractor 0: Chia_Lin - Soybean on-farm spray audios/2023-07-30 FSR/29/230801_1846 snip [2/15] snip_16043.910_16122.360.flac
1571.0s - extractor 0: Chia_Lin - Soybean on-farm spray audios/2023-07-30 FSR/29/230801_1846 snip [3/15] snip_30718.020_30794.030.flac
1571.4s - extractor 0: Chia_Lin - Soybean on-farm spray audios/2023-07-30 FSR/29/230801_1846 snip [4/15] snip_34301.240_34386.200.flac
1571.9s - extractor 0: Chia_Lin - Soybean on-farm spray audios/2023-07-30 FSR/29/230801_1846 snip [5/15] snip_37720.740_37791.210.flac
1572.2s - extractor 0: Chia_Lin - Soybean on-farm spray audios/2023-07-30 FSR/29/230801_1846 snip [6/15] snip_71113.480_71175.530.flac
1572.5s - extractor 0: Chia_Lin - Soybean on-farm spray audios/2023-07-30 FSR/29/230801_1846 snip [7/15] snip_71180.870_71251.160.flac
1573.0s - extractor 0: Chia_Lin - Soybean on-farm spray audios/2023-07-30 FSR/29/230801_1846 snip [8/15] snip_71303.460_71372.530.flac
1574.6s - extractor 0: Chia_Lin - Soybean on-farm spray audios/2023-07-30 FSR/29/230801_1846 snip [9/15] snip_75055.660_75130.260.flac
1575.8s - extractor 0: Chia_Lin - Soybean on-farm spray audios/2023-07-30 FSR/29/230801_1846 snip [10/15] snip_75141.500_75382.210.flac
1579.0s - extractor 0: Chia_Lin - Soybean on-farm spray audios/2023-07-30 FSR/29/230801_1846 snip [11/15] snip_82326.800_82533.520.flac
1589.3s - extractor 0: Chia_Lin - Soybean on-farm spray audios/2023-07-30 FSR/29/230801_1846 snip [12/15] snip_82610.090_82672.560.flac
1589.6s - extractor 0: Chia_Lin - Soybean on-farm spray audios/2023-07-30 FSR/29/230801_1846 snip [13/15] snip_89207.520_89268.480.flac
1589.8s - extractor 0: Chia_Lin - Soybean on-farm spray audios/2023-07-30 FSR/29/230801_1846 snip [14/15] snip_89378.590_89530.310.flac
1591.6s - extractor 0: Chia_Lin - Soybean on-farm spray audios/2023-07-30 FSR/29/230801_1846 snip [15/15] snip_98372.530_98448.250.flac
1592.0s - extractor 0: [57] Chia_Lin - Soybean on-farm spray audios/2023-07-30 FSR/29/230801_1846 — 15 snip(s) → 449 frames, 9 label(s) (ident took 21.8s)
1592.0s - extractor 0: [58] Chia_Lin - Soybean on-farm spray audios/2023-07-30 FSR/3/230730_1704 — starting (embeddings)
1592.0s - extractor 0: Chia_Lin - Soybean on-farm spray audios/2023-07-30 FSR/3/230730_1704 snip [1/10] snip_116265.800_116350.760.flac
1592.5s - extractor 0: Chia_Lin - Soybean on-farm spray audios/2023-07-30 FSR/3/230730_1704 snip [2/10] snip_151131.980_151228.860.flac
1593.1s - extractor 0: Chia_Lin - Soybean on-farm spray audios/2023-07-30 FSR/3/230730_1704 snip [3/10] snip_151327.420_151389.980.flac
1593.4s - extractor 0: Chia_Lin - Soybean on-farm spray audios/2023-07-30 FSR/3/230730_1704 snip [4/10] snip_161553.700_161799.200.flac
1595.1s - extractor 0: Chia_Lin - Soybean on-farm spray audios/2023-07-30 FSR/3/230730_1704 snip [5/10] snip_161799.380_161867.090.flac
1595.4s - extractor 0: Chia_Lin - Soybean on-farm spray audios/2023-07-30 FSR/3/230730_1704 snip [6/10] snip_19300.400_19385.360.flac
1595.9s - extractor 0: Chia_Lin - Soybean on-farm spray audios/2023-07-30 FSR/3/230730_1704 snip [7/10] snip_20749.040_20834.000.flac
1596.4s - extractor 0: Chia_Lin - Soybean on-farm spray audios/2023-07-30 FSR/3/230730_1704 snip [8/10] snip_28920.960_29054.400.flac
1597.4s - extractor 0: Chia_Lin - Soybean on-farm spray audios/2023-07-30 FSR/3/230730_1704 snip [9/10] snip_54193.510_54553.510.flac
1601.7s - extractor 0: Chia_Lin - Soybean on-farm spray audios/2023-07-30 FSR/3/230730_1704 snip [10/10] snip_82604.040_82904.600.flac
1608.4s - extractor 0: [58] Chia_Lin - Soybean on-farm spray audios/2023-07-30 FSR/3/230730_1704 — 10 snip(s) → 720 frames, 7 label(s) (ident took 16.3s)
1608.4s - extractor 0: [59] Chia_Lin - Soybean on-farm spray audios/2023-07-30 FSR/3/230801_1847 — starting (embeddings)
1608.4s - extractor 0: Chia_Lin - Soybean on-farm spray audios/2023-07-30 FSR/3/230801_1847 snip [1/6] snip_113798.850_113869.890.flac
1608.7s - extractor 0: Chia_Lin - Soybean on-farm spray audios/2023-07-30 FSR/3/230801_1847 snip [2/6] snip_27700.800_27785.760.flac
1609.2s - extractor 0: Chia_Lin - Soybean on-farm spray audios/2023-07-30 FSR/3/230801_1847 snip [3/6] snip_28529.280_28614.240.flac
1609.7s - extractor 0: Chia_Lin - Soybean on-farm spray audios/2023-07-30 FSR/3/230801_1847 snip [4/6] snip_35416.280_35501.240.flac
1610.2s - extractor 0: Chia_Lin - Soybean on-farm spray audios/2023-07-30 FSR/3/230801_1847 snip [5/6] snip_63904.430_64182.910.flac
1614.5s - extractor 0: Chia_Lin - Soybean on-farm spray audios/2023-07-30 FSR/3/230801_1847 snip [6/6] snip_98489.120_98574.080.flac
1615.0s - extractor 0: [59] Chia_Lin - Soybean on-farm spray audios/2023-07-30 FSR/3/230801_1847 — 6 snip(s) → 187 frames, 5 label(s) (ident took 6.7s)
1615.0s - extractor 0: [60] Karlan Forrester - Soybean Attractiveness/A11/4/210721_0949 — starting (embeddings)
1615.0s - extractor 0: Karlan Forrester - Soybean Attractiveness/A11/4/210721_0949 snip [1/46] snip_0.000_50.800.flac
1616.0s - extractor 0: Karlan Forrester - Soybean Attractiveness/A11/4/210721_0949 snip [2/46] snip_100814.150_100877.150.flac
1616.2s - extractor 0: Karlan Forrester - Soybean Attractiveness/A11/4/210721_0949 snip [3/46] snip_10129.270_10192.270.flac
1616.5s - extractor 0: Karlan Forrester - Soybean Attractiveness/A11/4/210721_0949 snip [4/46] snip_104800.360_104863.360.flac
1616.8s - extractor 0: Karlan Forrester - Soybean Attractiveness/A11/4/210721_0949 snip [5/46] snip_105761.380_105824.380.flac
1617.0s - extractor 0: Karlan Forrester - Soybean Attractiveness/A11/4/210721_0949 snip [6/46] snip_107832.900_107895.900.flac
1617.3s - extractor 0: Karlan Forrester - Soybean Attractiveness/A11/4/210721_0949 snip [7/46] snip_109041.310_109108.760.flac
1618.0s - extractor 0: Karlan Forrester - Soybean Attractiveness/A11/4/210721_0949 snip [8/46] snip_11456.020_11537.430.flac
1619.9s - extractor 0: Karlan Forrester - Soybean Attractiveness/A11/4/210721_0949 snip [9/46] snip_117262.360_117325.360.flac
1620.2s - extractor 0: Karlan Forrester - Soybean Attractiveness/A11/4/210721_0949 snip [10/46] snip_126630.000_126693.000.flac
1620.4s - extractor 0: Karlan Forrester - Soybean Attractiveness/A11/4/210721_0949 snip [11/46] snip_13301.580_13381.760.flac
1621.8s - extractor 0: Karlan Forrester - Soybean Attractiveness/A11/4/210721_0949 snip [12/46] snip_133830.000_133893.000.flac
1622.1s - extractor 0: Karlan Forrester - Soybean Attractiveness/A11/4/210721_0949 snip [13/46] snip_141030.000_141093.000.flac
1622.4s - extractor 0: Karlan Forrester - Soybean Attractiveness/A11/4/210721_0949 snip [14/46] snip_144630.000_144693.000.flac
1622.6s - extractor 0: Karlan Forrester - Soybean Attractiveness/A11/4/210721_0949 snip [15/46] snip_148230.000_148293.000.flac
1622.9s - extractor 0: Karlan Forrester - Soybean Attractiveness/A11/4/210721_0949 snip [16/46] snip_15062.430_15125.140.flac
1623.4s - extractor 0: Karlan Forrester - Soybean Attractiveness/A11/4/210721_0949 snip [17/46] snip_151830.000_151893.000.flac
1623.6s - extractor 0: Karlan Forrester - Soybean Attractiveness/A11/4/210721_0949 snip [18/46] snip_155430.000_155493.000.flac
1623.9s - extractor 0: Karlan Forrester - Soybean Attractiveness/A11/4/210721_0949 snip [19/46] snip_159030.000_159093.000.flac
1624.2s - extractor 0: Karlan Forrester - Soybean Attractiveness/A11/4/210721_0949 snip [20/46] snip_162630.000_162693.000.flac
1624.4s - extractor 0: Karlan Forrester - Soybean Attractiveness/A11/4/210721_0949 snip [21/46] snip_16367.210_16428.210.flac
1624.7s - extractor 0: Karlan Forrester - Soybean Attractiveness/A11/4/210721_0949 snip [22/46] snip_16516.430_16577.430.flac
1624.9s - extractor 0: Karlan Forrester - Soybean Attractiveness/A11/4/210721_0949 snip [23/46] snip_166832.310_167030.630.flac
1627.2s - extractor 0: Karlan Forrester - Soybean Attractiveness/A11/4/210721_0949 snip [24/46] snip_18485.780_18546.830.flac
1627.4s - extractor 0: Karlan Forrester - Soybean Attractiveness/A11/4/210721_0949 snip [25/46] snip_22488.240_22551.240.flac
1627.7s - extractor 0: Karlan Forrester - Soybean Attractiveness/A11/4/210721_0949 snip [26/46] snip_25026.720_25089.720.flac
1628.0s - extractor 0: Karlan Forrester - Soybean Attractiveness/A11/4/210721_0949 snip [27/46] snip_27011.480_27072.480.flac
1628.2s - extractor 0: Karlan Forrester - Soybean Attractiveness/A11/4/210721_0949 snip [28/46] snip_27391.570_27454.570.flac
1628.5s - extractor 0: Karlan Forrester - Soybean Attractiveness/A11/4/210721_0949 snip [29/46] snip_40230.000_40293.000.flac
1628.8s - extractor 0: Karlan Forrester - Soybean Attractiveness/A11/4/210721_0949 snip [30/46] snip_43830.000_43893.000.flac
1629.0s - extractor 0: Karlan Forrester - Soybean Attractiveness/A11/4/210721_0949 snip [31/46] snip_47430.000_47493.000.flac
1629.3s - extractor 0: Karlan Forrester - Soybean Attractiveness/A11/4/210721_0949 snip [32/46] snip_51030.000_51093.000.flac
1629.6s - extractor 0: Karlan Forrester - Soybean Attractiveness/A11/4/210721_0949 snip [33/46] snip_5139.210_5200.210.flac
1629.8s - extractor 0: Karlan Forrester - Soybean Attractiveness/A11/4/210721_0949 snip [34/46] snip_52653.760_52716.760.flac
1630.1s - extractor 0: Karlan Forrester - Soybean Attractiveness/A11/4/210721_0949 snip [35/46] snip_5267.040_5330.040.flac
1630.3s - extractor 0: Karlan Forrester - Soybean Attractiveness/A11/4/210721_0949 snip [36/46] snip_54630.000_54693.000.flac
1630.6s - extractor 0: Karlan Forrester - Soybean Attractiveness/A11/4/210721_0949 snip [37/46] snip_58230.000_58293.000.flac
1630.8s - extractor 0: Karlan Forrester - Soybean Attractiveness/A11/4/210721_0949 snip [38/46] snip_6089.920_6150.920.flac
1631.1s - extractor 0: Karlan Forrester - Soybean Attractiveness/A11/4/210721_0949 snip [39/46] snip_61830.000_61893.000.flac
1631.4s - extractor 0: Karlan Forrester - Soybean Attractiveness/A11/4/210721_0949 snip [40/46] snip_6467.960_6530.960.flac
1631.6s - extractor 0: Karlan Forrester - Soybean Attractiveness/A11/4/210721_0949 snip [41/46] snip_65430.000_65493.000.flac
1631.9s - extractor 0: Karlan Forrester - Soybean Attractiveness/A11/4/210721_0949 snip [42/46] snip_69030.000_69093.000.flac
1632.1s - extractor 0: Karlan Forrester - Soybean Attractiveness/A11/4/210721_0949 snip [43/46] snip_72630.000_72693.000.flac
1632.4s - extractor 0: Karlan Forrester - Soybean Attractiveness/A11/4/210721_0949 snip [44/46] snip_8290.660_8353.660.flac
1632.7s - extractor 0: Karlan Forrester - Soybean Attractiveness/A11/4/210721_0949 snip [45/46] snip_87552.790_87615.790.flac
1632.9s - extractor 0: Karlan Forrester - Soybean Attractiveness/A11/4/210721_0949 snip [46/46] snip_9660.160_9766.820.flac
1636.5s - extractor 0: [60] Karlan Forrester - Soybean Attractiveness/A11/4/210721_0949 — 46 snip(s) → 316 frames, 7 label(s) (ident took 21.5s)
1636.5s - extractor 0: [61] Karlan Forrester - Soybean Attractiveness/A11/4/210723_1131 — starting (embeddings)
1636.5s - extractor 0: Karlan Forrester - Soybean Attractiveness/A11/4/210723_1131 snip [1/43] snip_101662.900_101725.900.flac
1636.8s - extractor 0: Karlan Forrester - Soybean Attractiveness/A11/4/210723_1131 snip [2/43] snip_10203.060_10266.060.flac
1637.0s - extractor 0: Karlan Forrester - Soybean Attractiveness/A11/4/210723_1131 snip [3/43] snip_104882.190_105052.630.flac
1638.1s - extractor 0: Karlan Forrester - Soybean Attractiveness/A11/4/210723_1131 snip [4/43] snip_105172.990_105239.950.flac
1638.7s - extractor 0: Karlan Forrester - Soybean Attractiveness/A11/4/210723_1131 snip [5/43] snip_106450.790_106513.790.flac
1638.9s - extractor 0: Karlan Forrester - Soybean Attractiveness/A11/4/210723_1131 snip [6/43] snip_107019.640_107082.640.flac
1639.2s - extractor 0: Karlan Forrester - Soybean Attractiveness/A11/4/210723_1131 snip [7/43] snip_2016.280_2078.750.flac
1639.4s - extractor 0: Karlan Forrester - Soybean Attractiveness/A11/4/210723_1131 snip [8/43] snip_20500.020_20563.020.flac
1639.7s - extractor 0: Karlan Forrester - Soybean Attractiveness/A11/4/210723_1131 snip [9/43] snip_2122.690_2190.190.flac
1640.2s - extractor 0: Karlan Forrester - Soybean Attractiveness/A11/4/210723_1131 snip [10/43] snip_2195.520_2299.980.flac
1640.7s - extractor 0: Karlan Forrester - Soybean Attractiveness/A11/4/210723_1131 snip [11/43] snip_23007.010_23347.720.flac
1643.9s - extractor 0: Karlan Forrester - Soybean Attractiveness/A11/4/210723_1131 snip [12/43] snip_24319.440_24648.350.flac
1647.2s - extractor 0: Karlan Forrester - Soybean Attractiveness/A11/4/210723_1131 snip [13/43] snip_28744.190_28805.190.flac
1647.5s - extractor 0: Karlan Forrester - Soybean Attractiveness/A11/4/210723_1131 snip [14/43] snip_30503.010_30566.010.flac
1647.7s - extractor 0: Karlan Forrester - Soybean Attractiveness/A11/4/210723_1131 snip [15/43] snip_37710.000_37773.000.flac
1648.0s - extractor 0: Karlan Forrester - Soybean Attractiveness/A11/4/210723_1131 snip [16/43] snip_41310.000_41373.000.flac
1648.3s - extractor 0: Karlan Forrester - Soybean Attractiveness/A11/4/210723_1131 snip [17/43] snip_44910.000_44973.000.flac
1648.5s - extractor 0: Karlan Forrester - Soybean Attractiveness/A11/4/210723_1131 snip [18/43] snip_48510.000_48573.000.flac
1648.8s - extractor 0: Karlan Forrester - Soybean Attractiveness/A11/4/210723_1131 snip [19/43] snip_50913.430_50976.430.flac
1649.1s - extractor 0: Karlan Forrester - Soybean Attractiveness/A11/4/210723_1131 snip [20/43] snip_52110.000_52173.000.flac
1649.3s - extractor 0: Karlan Forrester - Soybean Attractiveness/A11/4/210723_1131 snip [21/43] snip_55710.000_55773.000.flac
1649.6s - extractor 0: Karlan Forrester - Soybean Attractiveness/A11/4/210723_1131 snip [22/43] snip_5879.530_5940.320.flac
1649.8s - extractor 0: Karlan Forrester - Soybean Attractiveness/A11/4/210723_1131 snip [23/43] snip_59310.000_59373.000.flac
1650.1s - extractor 0: Karlan Forrester - Soybean Attractiveness/A11/4/210723_1131 snip [24/43] snip_6027.550_6194.950.flac
1651.7s - extractor 0: Karlan Forrester - Soybean Attractiveness/A11/4/210723_1131 snip [25/43] snip_62910.000_62973.000.flac
1651.9s - extractor 0: Karlan Forrester - Soybean Attractiveness/A11/4/210723_1131 snip [26/43] snip_6321.720_6399.300.flac
1652.4s - extractor 0: Karlan Forrester - Soybean Attractiveness/A11/4/210723_1131 snip [27/43] snip_66510.000_66573.000.flac
1652.6s - extractor 0: Karlan Forrester - Soybean Attractiveness/A11/4/210723_1131 snip [28/43] snip_70110.000_70173.000.flac
1652.9s - extractor 0: Karlan Forrester - Soybean Attractiveness/A11/4/210723_1131 snip [29/43] snip_73710.000_73773.000.flac
1653.2s - extractor 0: Karlan Forrester - Soybean Attractiveness/A11/4/210723_1131 snip [30/43] snip_7502.160_7565.160.flac
1653.4s - extractor 0: Karlan Forrester - Soybean Attractiveness/A11/4/210723_1131 snip [31/43] snip_75606.020_75669.020.flac
1653.7s - extractor 0: Karlan Forrester - Soybean Attractiveness/A11/4/210723_1131 snip [32/43] snip_81859.680_81922.680.flac
1653.9s - extractor 0: Karlan Forrester - Soybean Attractiveness/A11/4/210723_1131 snip [33/43] snip_82333.960_82394.960.flac
1654.2s - extractor 0: Karlan Forrester - Soybean Attractiveness/A11/4/210723_1131 snip [34/43] snip_82702.230_82765.230.flac
1654.5s - extractor 0: Karlan Forrester - Soybean Attractiveness/A11/4/210723_1131 snip [35/43] snip_84659.200_84722.200.flac
1654.7s - extractor 0: Karlan Forrester - Soybean Attractiveness/A11/4/210723_1131 snip [36/43] snip_86495.010_86558.010.flac
1655.0s - extractor 0: Karlan Forrester - Soybean Attractiveness/A11/4/210723_1131 snip [37/43] snip_87756.160_87819.160.flac
1655.2s - extractor 0: Karlan Forrester - Soybean Attractiveness/A11/4/210723_1131 snip [38/43] snip_90372.850_90435.850.flac
1655.5s - extractor 0: Karlan Forrester - Soybean Attractiveness/A11/4/210723_1131 snip [39/43] snip_93556.310_93619.310.flac
1655.8s - extractor 0: Karlan Forrester - Soybean Attractiveness/A11/4/210723_1131 snip [40/43] snip_95535.030_95598.030.flac
1656.0s - extractor 0: Karlan Forrester - Soybean Attractiveness/A11/4/210723_1131 snip [41/43] snip_96964.280_97027.280.flac
1656.3s - extractor 0: Karlan Forrester - Soybean Attractiveness/A11/4/210723_1131 snip [42/43] snip_99350.890_99411.890.flac
1656.5s - extractor 0: Karlan Forrester - Soybean Attractiveness/A11/4/210723_1131 snip [43/43] snip_99595.810_99658.810.flac
1656.9s - extractor 0: [61] Karlan Forrester - Soybean Attractiveness/A11/4/210723_1131 — 43 snip(s) → 434 frames, 11 label(s) (ident took 20.3s)
1656.9s - extractor 0: [62] Karlan Forrester - Soybean Attractiveness/A11/4/210726_1007 — starting (embeddings)
1656.9s - extractor 0: Karlan Forrester - Soybean Attractiveness/A11/4/210726_1007 snip [1/37] snip_0.000_50.360.flac
1658.7s - extractor 0: Karlan Forrester - Soybean Attractiveness/A11/4/210726_1007 snip [2/37] snip_102640.150_102703.150.flac
1659.0s - extractor 0: Karlan Forrester - Soybean Attractiveness/A11/4/210726_1007 snip [3/37] snip_110568.600_110631.600.flac
1659.3s - extractor 0: Karlan Forrester - Soybean Attractiveness/A11/4/210726_1007 snip [4/37] snip_115319.570_115382.570.flac
1659.5s - extractor 0: Karlan Forrester - Soybean Attractiveness/A11/4/210726_1007 snip [5/37] snip_116369.860_116432.860.flac
1659.8s - extractor 0: Karlan Forrester - Soybean Attractiveness/A11/4/210726_1007 snip [6/37] snip_121201.530_121561.530.flac
1664.4s - extractor 0: Karlan Forrester - Soybean Attractiveness/A11/4/210726_1007 snip [7/37] snip_125550.000_125613.000.flac
1664.6s - extractor 0: Karlan Forrester - Soybean Attractiveness/A11/4/210726_1007 snip [8/37] snip_132750.000_132813.000.flac
1664.9s - extractor 0: Karlan Forrester - Soybean Attractiveness/A11/4/210726_1007 snip [9/37] snip_136350.000_136413.000.flac
1665.2s - extractor 0: Karlan Forrester - Soybean Attractiveness/A11/4/210726_1007 snip [10/37] snip_139950.000_140013.000.flac
1665.4s - extractor 0: Karlan Forrester - Soybean Attractiveness/A11/4/210726_1007 snip [11/37] snip_143550.000_143613.000.flac
1665.7s - extractor 0: Karlan Forrester - Soybean Attractiveness/A11/4/210726_1007 snip [12/37] snip_147150.000_147213.000.flac
1666.0s - extractor 0: Karlan Forrester - Soybean Attractiveness/A11/4/210726_1007 snip [13/37] snip_150750.000_150813.000.flac
1666.2s - extractor 0: Karlan Forrester - Soybean Attractiveness/A11/4/210726_1007 snip [14/37] snip_154350.000_154413.000.flac
1666.5s - extractor 0: Karlan Forrester - Soybean Attractiveness/A11/4/210726_1007 snip [15/37] snip_157950.000_158013.000.flac
1666.8s - extractor 0: Karlan Forrester - Soybean Attractiveness/A11/4/210726_1007 snip [16/37] snip_161550.000_161613.000.flac
1667.0s - extractor 0: Karlan Forrester - Soybean Attractiveness/A11/4/210726_1007 snip [17/37] snip_165150.000_165213.000.flac
1667.3s - extractor 0: Karlan Forrester - Soybean Attractiveness/A11/4/210726_1007 snip [18/37] snip_17515.320_17578.320.flac
1667.5s - extractor 0: Karlan Forrester - Soybean Attractiveness/A11/4/210726_1007 snip [19/37] snip_19865.600_19928.600.flac
1667.8s - extractor 0: Karlan Forrester - Soybean Attractiveness/A11/4/210726_1007 snip [20/37] snip_39150.000_39213.000.flac
1668.1s - extractor 0: Karlan Forrester - Soybean Attractiveness/A11/4/210726_1007 snip [21/37] snip_42750.000_42813.000.flac
1668.3s - extractor 0: Karlan Forrester - Soybean Attractiveness/A11/4/210726_1007 snip [22/37] snip_46350.000_46413.000.flac
1668.6s - extractor 0: Karlan Forrester - Soybean Attractiveness/A11/4/210726_1007 snip [23/37] snip_49730.950_49793.950.flac
1668.9s - extractor 0: Karlan Forrester - Soybean Attractiveness/A11/4/210726_1007 snip [24/37] snip_49950.000_50013.000.flac
1669.1s - extractor 0: Karlan Forrester - Soybean Attractiveness/A11/4/210726_1007 snip [25/37] snip_53550.000_53613.000.flac
1669.4s - extractor 0: Karlan Forrester - Soybean Attractiveness/A11/4/210726_1007 snip [26/37] snip_57150.000_57213.000.flac
1669.7s - extractor 0: Karlan Forrester - Soybean Attractiveness/A11/4/210726_1007 snip [27/37] snip_60750.000_60813.000.flac
1669.9s - extractor 0: Karlan Forrester - Soybean Attractiveness/A11/4/210726_1007 snip [28/37] snip_64350.000_64413.000.flac
1670.2s - extractor 0: Karlan Forrester - Soybean Attractiveness/A11/4/210726_1007 snip [29/37] snip_71550.000_71613.000.flac
1670.5s - extractor 0: Karlan Forrester - Soybean Attractiveness/A11/4/210726_1007 snip [30/37] snip_80452.100_80517.840.flac
1670.8s - extractor 0: Karlan Forrester - Soybean Attractiveness/A11/4/210726_1007 snip [31/37] snip_85592.400_85655.400.flac
1671.0s - extractor 0: Karlan Forrester - Soybean Attractiveness/A11/4/210726_1007 snip [32/37] snip_8680.210_8743.210.flac
1671.3s - extractor 0: Karlan Forrester - Soybean Attractiveness/A11/4/210726_1007 snip [33/37] snip_88665.040_88726.040.flac
1671.5s - extractor 0: Karlan Forrester - Soybean Attractiveness/A11/4/210726_1007 snip [34/37] snip_89574.770_89637.770.flac
1671.8s - extractor 0: Karlan Forrester - Soybean Attractiveness/A11/4/210726_1007 snip [35/37] snip_91714.710_91777.710.flac
1672.1s - extractor 0: Karlan Forrester - Soybean Attractiveness/A11/4/210726_1007 snip [36/37] snip_93645.440_93708.440.flac
1672.3s - extractor 0: Karlan Forrester - Soybean Attractiveness/A11/4/210726_1007 snip [37/37] snip_96749.250_96812.250.flac
1672.7s - extractor 0: [62] Karlan Forrester - Soybean Attractiveness/A11/4/210726_1007 — 37 snip(s) → 368 frames, 11 label(s) (ident took 15.8s)
1672.7s - extractor 0: [63] Karlan Forrester - Soybean Attractiveness/A11/4/210728_1150 — starting (embeddings)
1672.7s - extractor 0: Karlan Forrester - Soybean Attractiveness/A11/4/210728_1150 snip [1/8] snip_11016.120_11079.120.flac
1672.9s - extractor 0: Karlan Forrester - Soybean Attractiveness/A11/4/210728_1150 snip [2/8] snip_15825.840_15888.840.flac
1673.2s - extractor 0: Karlan Forrester - Soybean Attractiveness/A11/4/210728_1150 snip [3/8] snip_6330.280_6397.800.flac
1673.5s - extractor 0: Karlan Forrester - Soybean Attractiveness/A11/4/210728_1150 snip [4/8] snip_6403.730_6464.910.flac
1673.8s - extractor 0: Karlan Forrester - Soybean Attractiveness/A11/4/210728_1150 snip [5/8] snip_6598.810_6661.600.flac
1674.0s - extractor 0: Karlan Forrester - Soybean Attractiveness/A11/4/210728_1150 snip [6/8] snip_6692.450_6755.450.flac
1674.3s - extractor 0: Karlan Forrester - Soybean Attractiveness/A11/4/210728_1150 snip [7/8] snip_6982.640_7043.640.flac
1674.5s - extractor 0: Karlan Forrester - Soybean Attractiveness/A11/4/210728_1150 snip [8/8] snip_7168.280_7231.280.flac
1674.8s - extractor 0: [63] Karlan Forrester - Soybean Attractiveness/A11/4/210728_1150 — 8 snip(s) → 33 frames, 4 label(s) (ident took 2.1s)
1674.8s - extractor 0: [64] Karlan Forrester - Soybean Attractiveness/A11/4/210805_0819 — starting (embeddings)
1674.8s - extractor 0: Karlan Forrester - Soybean Attractiveness/A11/4/210805_0819 snip [1/52] snip_0.000_71.200.flac
1677.4s - extractor 0: Karlan Forrester - Soybean Attractiveness/A11/4/210805_0819 snip [2/52] snip_100454.370_100517.370.flac
1677.7s - extractor 0: Karlan Forrester - Soybean Attractiveness/A11/4/210805_0819 snip [3/52] snip_101912.920_101975.920.flac
1677.9s - extractor 0: Karlan Forrester - Soybean Attractiveness/A11/4/210805_0819 snip [4/52] snip_102106.950_102169.950.flac
1678.2s - extractor 0: Karlan Forrester - Soybean Attractiveness/A11/4/210805_0819 snip [5/52] snip_102307.080_102370.080.flac
1678.5s - extractor 0: Karlan Forrester - Soybean Attractiveness/A11/4/210805_0819 snip [6/52] snip_102424.380_102485.380.flac
1678.7s - extractor 0: Karlan Forrester - Soybean Attractiveness/A11/4/210805_0819 snip [7/52] snip_103265.800_103328.800.flac
1679.0s - extractor 0: Karlan Forrester - Soybean Attractiveness/A11/4/210805_0819 snip [8/52] snip_105097.920_105160.920.flac
1679.2s - extractor 0: Karlan Forrester - Soybean Attractiveness/A11/4/210805_0819 snip [9/52] snip_105313.720_105374.720.flac
1679.5s - extractor 0: Karlan Forrester - Soybean Attractiveness/A11/4/210805_0819 snip [10/52] snip_106618.880_106681.880.flac
1679.7s - extractor 0: Karlan Forrester - Soybean Attractiveness/A11/4/210805_0819 snip [11/52] snip_107492.310_107555.310.flac
1680.0s - extractor 0: Karlan Forrester - Soybean Attractiveness/A11/4/210805_0819 snip [12/52] snip_108465.930_108599.280.flac
1681.3s - extractor 0: Karlan Forrester - Soybean Attractiveness/A11/4/210805_0819 snip [13/52] snip_108615.280_108803.140.flac
1683.8s - extractor 0: Karlan Forrester - Soybean Attractiveness/A11/4/210805_0819 snip [14/52] snip_10943.450_11006.150.flac
1684.0s - extractor 0: Karlan Forrester - Soybean Attractiveness/A11/4/210805_0819 snip [15/52] snip_109539.560_109602.560.flac
1684.3s - extractor 0: Karlan Forrester - Soybean Attractiveness/A11/4/210805_0819 snip [16/52] snip_110522.720_110583.740.flac
1684.5s - extractor 0: Karlan Forrester - Soybean Attractiveness/A11/4/210805_0819 snip [17/52] snip_112662.050_112725.050.flac
1684.8s - extractor 0: Karlan Forrester - Soybean Attractiveness/A11/4/210805_0819 snip [18/52] snip_114965.110_115028.110.flac
1685.1s - extractor 0: Karlan Forrester - Soybean Attractiveness/A11/4/210805_0819 snip [19/52] snip_116812.790_116875.790.flac
1685.3s - extractor 0: Karlan Forrester - Soybean Attractiveness/A11/4/210805_0819 snip [20/52] snip_117938.770_118001.770.flac
1685.6s - extractor 0: Karlan Forrester - Soybean Attractiveness/A11/4/210805_0819 snip [21/52] snip_122552.800_122615.800.flac
1685.8s - extractor 0: Karlan Forrester - Soybean Attractiveness/A11/4/210805_0819 snip [22/52] snip_127813.860_127876.860.flac
1686.1s - extractor 0: Karlan Forrester - Soybean Attractiveness/A11/4/210805_0819 snip [23/52] snip_132030.000_132093.000.flac
1686.4s - extractor 0: Karlan Forrester - Soybean Attractiveness/A11/4/210805_0819 snip [24/52] snip_139230.000_139293.000.flac
1686.6s - extractor 0: Karlan Forrester - Soybean Attractiveness/A11/4/210805_0819 snip [25/52] snip_142830.000_142893.000.flac
1686.9s - extractor 0: Karlan Forrester - Soybean Attractiveness/A11/4/210805_0819 snip [26/52] snip_146430.000_146493.000.flac
1687.2s - extractor 0: Karlan Forrester - Soybean Attractiveness/A11/4/210805_0819 snip [27/52] snip_150030.000_150093.000.flac
1687.4s - extractor 0: Karlan Forrester - Soybean Attractiveness/A11/4/210805_0819 snip [28/52] snip_164430.000_164493.000.flac
1687.7s - extractor 0: Karlan Forrester - Soybean Attractiveness/A11/4/210805_0819 snip [29/52] snip_171630.000_171693.000.flac
1688.0s - extractor 0: Karlan Forrester - Soybean Attractiveness/A11/4/210805_0819 snip [30/52] snip_176728.520_177088.550.flac
1693.2s - extractor 0: Karlan Forrester - Soybean Attractiveness/A11/4/210805_0819 snip [31/52] snip_28786.090_28847.090.flac
1693.4s - extractor 0: Karlan Forrester - Soybean Attractiveness/A11/4/210805_0819 snip [32/52] snip_31037.090_31100.090.flac
1693.7s - extractor 0: Karlan Forrester - Soybean Attractiveness/A11/4/210805_0819 snip [33/52] snip_33290.080_33351.080.flac
1693.9s - extractor 0: Karlan Forrester - Soybean Attractiveness/A11/4/210805_0819 snip [34/52] snip_35071.560_35134.560.flac
1694.2s - extractor 0: Karlan Forrester - Soybean Attractiveness/A11/4/210805_0819 snip [35/52] snip_39197.480_39260.480.flac
1694.4s - extractor 0: Karlan Forrester - Soybean Attractiveness/A11/4/210805_0819 snip [36/52] snip_45630.000_45693.000.flac
1694.7s - extractor 0: Karlan Forrester - Soybean Attractiveness/A11/4/210805_0819 snip [37/52] snip_49230.000_49293.000.flac
1695.0s - extractor 0: Karlan Forrester - Soybean Attractiveness/A11/4/210805_0819 snip [38/52] snip_52830.000_52893.000.flac
1695.2s - extractor 0: Karlan Forrester - Soybean Attractiveness/A11/4/210805_0819 snip [39/52] snip_56430.000_56493.000.flac
1695.5s - extractor 0: Karlan Forrester - Soybean Attractiveness/A11/4/210805_0819 snip [40/52] snip_60030.000_60093.000.flac
1695.8s - extractor 0: Karlan Forrester - Soybean Attractiveness/A11/4/210805_0819 snip [41/52] snip_63630.000_63693.000.flac
1696.0s - extractor 0: Karlan Forrester - Soybean Attractiveness/A11/4/210805_0819 snip [42/52] snip_67126.360_67189.360.flac
1696.3s - extractor 0: Karlan Forrester - Soybean Attractiveness/A11/4/210805_0819 snip [43/52] snip_67230.000_67293.000.flac
1696.6s - extractor 0: Karlan Forrester - Soybean Attractiveness/A11/4/210805_0819 snip [44/52] snip_70830.000_70893.000.flac
1696.8s - extractor 0: Karlan Forrester - Soybean Attractiveness/A11/4/210805_0819 snip [45/52] snip_74430.000_74493.000.flac
1697.1s - extractor 0: Karlan Forrester - Soybean Attractiveness/A11/4/210805_0819 snip [46/52] snip_78030.000_78093.000.flac
1697.3s - extractor 0: Karlan Forrester - Soybean Attractiveness/A11/4/210805_0819 snip [47/52] snip_81630.000_81693.000.flac
1697.6s - extractor 0: Karlan Forrester - Soybean Attractiveness/A11/4/210805_0819 snip [48/52] snip_93764.150_94121.950.flac
1705.2s - extractor 0: Karlan Forrester - Soybean Attractiveness/A11/4/210805_0819 snip [49/52] snip_94902.160_94986.770.flac
1706.7s - extractor 0: Karlan Forrester - Soybean Attractiveness/A11/4/210805_0819 snip [50/52] snip_95908.720_95971.720.flac
1706.9s - extractor 0: Karlan Forrester - Soybean Attractiveness/A11/4/210805_0819 snip [51/52] snip_96882.960_96944.020.flac
1707.2s - extractor 0: Karlan Forrester - Soybean Attractiveness/A11/4/210805_0819 snip [52/52] snip_97317.690_97666.200.flac
1712.4s - extractor 0: [64] Karlan Forrester - Soybean Attractiveness/A11/4/210805_0819 — 52 snip(s) → 955 frames, 17 label(s) (ident took 37.6s)
1712.4s - extractor 0: [65] Karlan Forrester - Soybean Attractiveness/A11/4/210807_1001 — starting (embeddings)
1712.4s - extractor 0: Karlan Forrester - Soybean Attractiveness/A11/4/210807_1001 snip [1/8] snip_13635.200_13696.200.flac
1712.6s - extractor 0: Karlan Forrester - Soybean Attractiveness/A11/4/210807_1001 snip [2/8] snip_16448.760_16511.760.flac
1712.9s - extractor 0: Karlan Forrester - Soybean Attractiveness/A11/4/210807_1001 snip [3/8] snip_19586.490_19899.150.flac
1717.1s - extractor 0: Karlan Forrester - Soybean Attractiveness/A11/4/210807_1001 snip [4/8] snip_23761.550_23822.550.flac
1717.4s - extractor 0: Karlan Forrester - Soybean Attractiveness/A11/4/210807_1001 snip [5/8] snip_25333.840_25396.840.flac
1717.6s - extractor 0: Karlan Forrester - Soybean Attractiveness/A11/4/210807_1001 snip [6/8] snip_7611.030_7680.560.flac
1718.0s - extractor 0: Karlan Forrester - Soybean Attractiveness/A11/4/210807_1001 snip [7/8] snip_9137.960_9198.960.flac
1718.2s - extractor 0: Karlan Forrester - Soybean Attractiveness/A11/4/210807_1001 snip [8/8] snip_9440.160_9502.000.flac
1718.5s - extractor 0: [65] Karlan Forrester - Soybean Attractiveness/A11/4/210807_1001 — 8 snip(s) → 83 frames, 4 label(s) (ident took 6.1s)
1718.5s - extractor 0: [66] Karlan Forrester - Soybean Attractiveness/C9-16/4/210721_0910 — starting (embeddings)
1718.5s - extractor 0: Karlan Forrester - Soybean Attractiveness/C9-16/4/210721_0910 snip [1/115] snip_0.000_32.930.flac
1718.7s - extractor 0: Karlan Forrester - Soybean Attractiveness/C9-16/4/210721_0910 snip [2/115] snip_102557.140_102618.130.flac
1719.0s - extractor 0: Karlan Forrester - Soybean Attractiveness/C9-16/4/210721_0910 snip [3/115] snip_104887.460_104950.460.flac
1719.2s - extractor 0: Karlan Forrester - Soybean Attractiveness/C9-16/4/210721_0910 snip [4/115] snip_105344.460_105479.320.flac
1722.8s - extractor 0: Karlan Forrester - Soybean Attractiveness/C9-16/4/210721_0910 snip [5/115] snip_106156.540_106278.580.flac
1728.3s - extractor 0: Karlan Forrester - Soybean Attractiveness/C9-16/4/210721_0910 snip [6/115] snip_106450.200_106616.230.flac
1732.8s - extractor 0: Karlan Forrester - Soybean Attractiveness/C9-16/4/210721_0910 snip [7/115] snip_106771.370_106865.060.flac
1735.2s - extractor 0: Karlan Forrester - Soybean Attractiveness/C9-16/4/210721_0910 snip [8/115] snip_109239.120_109570.470.flac
1744.1s - extractor 0: Karlan Forrester - Soybean Attractiveness/C9-16/4/210721_0910 snip [9/115] snip_109576.090_109694.520.flac
1746.7s - extractor 0: Karlan Forrester - Soybean Attractiveness/C9-16/4/210721_0910 snip [10/115] snip_109708.120_109800.820.flac
1749.5s - extractor 0: Karlan Forrester - Soybean Attractiveness/C9-16/4/210721_0910 snip [11/115] snip_109824.780_109953.800.flac
1752.9s - extractor 0: Karlan Forrester - Soybean Attractiveness/C9-16/4/210721_0910 snip [12/115] snip_109983.950_110122.160.flac
1758.5s - extractor 0: Karlan Forrester - Soybean Attractiveness/C9-16/4/210721_0910 snip [13/115] snip_110187.130_110276.840.flac
1759.7s - extractor 0: Karlan Forrester - Soybean Attractiveness/C9-16/4/210721_0910 snip [14/115] snip_110306.350_110401.060.flac
1762.3s - extractor 0: Karlan Forrester - Soybean Attractiveness/C9-16/4/210721_0910 snip [15/115] snip_110484.010_110600.470.flac
1765.1s - extractor 0: Karlan Forrester - Soybean Attractiveness/C9-16/4/210721_0910 snip [16/115] snip_110821.010_110882.060.flac
1765.4s - extractor 0: Karlan Forrester - Soybean Attractiveness/C9-16/4/210721_0910 snip [17/115] snip_111101.360_111545.360.flac
1780.4s - extractor 0: Karlan Forrester - Soybean Attractiveness/C9-16/4/210721_0910 snip [18/115] snip_111872.070_111935.070.flac
1780.7s - extractor 0: Karlan Forrester - Soybean Attractiveness/C9-16/4/210721_0910 snip [19/115] snip_111965.340_112026.340.flac
1781.0s - extractor 0: Karlan Forrester - Soybean Attractiveness/C9-16/4/210721_0910 snip [20/115] snip_112099.830_112162.830.flac
1781.2s - extractor 0: Karlan Forrester - Soybean Attractiveness/C9-16/4/210721_0910 snip [21/115] snip_112236.110_112297.110.flac
1781.5s - extractor 0: Karlan Forrester - Soybean Attractiveness/C9-16/4/210721_0910 snip [22/115] snip_112611.240_112672.240.flac
1781.7s - extractor 0: Karlan Forrester - Soybean Attractiveness/C9-16/4/210721_0910 snip [23/115] snip_112701.240_112762.240.flac
1781.9s - extractor 0: Karlan Forrester - Soybean Attractiveness/C9-16/4/210721_0910 snip [24/115] snip_112946.720_113009.620.flac
1782.4s - extractor 0: Karlan Forrester - Soybean Attractiveness/C9-16/4/210721_0910 snip [25/115] snip_11297.340_11698.520.flac
1799.4s - extractor 0: Karlan Forrester - Soybean Attractiveness/C9-16/4/210721_0910 snip [26/115] snip_115339.200_115400.200.flac
1799.7s - extractor 0: Karlan Forrester - Soybean Attractiveness/C9-16/4/210721_0910 snip [27/115] snip_119326.340_119389.340.flac
1799.9s - extractor 0: Karlan Forrester - Soybean Attractiveness/C9-16/4/210721_0910 snip [28/115] snip_12455.870_12946.800.flac
1815.1s - extractor 0: Karlan Forrester - Soybean Attractiveness/C9-16/4/210721_0910 snip [29/115] snip_12981.150_13134.610.flac
1817.0s - extractor 0: Karlan Forrester - Soybean Attractiveness/C9-16/4/210721_0910 snip [30/115] snip_13165.900_13226.900.flac
1817.2s - extractor 0: Karlan Forrester - Soybean Attractiveness/C9-16/4/210721_0910 snip [31/115] snip_132570.000_132633.000.flac
1817.5s - extractor 0: Karlan Forrester - Soybean Attractiveness/C9-16/4/210721_0910 snip [32/115] snip_13340.160_13401.160.flac
1817.7s - extractor 0: Karlan Forrester - Soybean Attractiveness/C9-16/4/210721_0910 snip [33/115] snip_13454.080_13578.690.flac
1819.9s - extractor 0: Karlan Forrester - Soybean Attractiveness/C9-16/4/210721_0910 snip [34/115] snip_136170.000_136233.000.flac
1820.1s - extractor 0: Karlan Forrester - Soybean Attractiveness/C9-16/4/210721_0910 snip [35/115] snip_13807.130_13934.660.flac
1823.2s - extractor 0: Karlan Forrester - Soybean Attractiveness/C9-16/4/210721_0910 snip [36/115] snip_13936.600_14332.210.flac
1832.8s - extractor 0: Karlan Forrester - Soybean Attractiveness/C9-16/4/210721_0910 snip [37/115] snip_139770.000_139833.000.flac
1833.1s - extractor 0: Karlan Forrester - Soybean Attractiveness/C9-16/4/210721_0910 snip [38/115] snip_143370.000_143433.000.flac
1833.4s - extractor 0: Karlan Forrester - Soybean Attractiveness/C9-16/4/210721_0910 snip [39/115] snip_146970.000_147033.000.flac
1833.6s - extractor 0: Karlan Forrester - Soybean Attractiveness/C9-16/4/210721_0910 snip [40/115] snip_14775.000_14836.000.flac
1833.9s - extractor 0: Karlan Forrester - Soybean Attractiveness/C9-16/4/210721_0910 snip [41/115] snip_14889.440_14950.440.flac
1834.1s - extractor 0: Karlan Forrester - Soybean Attractiveness/C9-16/4/210721_0910 snip [42/115] snip_14954.990_15272.340.flac
1836.5s - extractor 0: Karlan Forrester - Soybean Attractiveness/C9-16/4/210721_0910 snip [43/115] snip_150570.000_150633.000.flac
1836.8s - extractor 0: Karlan Forrester - Soybean Attractiveness/C9-16/4/210721_0910 snip [44/115] snip_15272.660_15333.650.flac
1837.0s - extractor 0: Karlan Forrester - Soybean Attractiveness/C9-16/4/210721_0910 snip [45/115] snip_154170.000_154233.000.flac
1837.3s - extractor 0: Karlan Forrester - Soybean Attractiveness/C9-16/4/210721_0910 snip [46/115] snip_15601.340_15662.340.flac
1837.5s - extractor 0: Karlan Forrester - Soybean Attractiveness/C9-16/4/210721_0910 snip [47/115] snip_15669.660_15768.950.flac
1838.5s - extractor 0: Karlan Forrester - Soybean Attractiveness/C9-16/4/210721_0910 snip [48/115] snip_15773.160_16114.200.flac
1843.7s - extractor 0: Karlan Forrester - Soybean Attractiveness/C9-16/4/210721_0910 snip [49/115] snip_157770.000_157833.000.flac
1843.9s - extractor 0: Karlan Forrester - Soybean Attractiveness/C9-16/4/210721_0910 snip [50/115] snip_161370.000_161433.000.flac
1844.2s - extractor 0: Karlan Forrester - Soybean Attractiveness/C9-16/4/210721_0910 snip [51/115] snip_16174.570_16287.280.flac
1844.7s - extractor 0: Karlan Forrester - Soybean Attractiveness/C9-16/4/210721_0910 snip [52/115] snip_16551.880_16831.880.flac
1848.7s - extractor 0: Karlan Forrester - Soybean Attractiveness/C9-16/4/210721_0910 snip [53/115] snip_16844.640_16934.760.flac
1849.2s - extractor 0: Karlan Forrester - Soybean Attractiveness/C9-16/4/210721_0910 snip [54/115] snip_168570.000_168633.000.flac
1849.4s - extractor 0: Karlan Forrester - Soybean Attractiveness/C9-16/4/210721_0910 snip [55/115] snip_17022.220_17083.220.flac
1849.7s - extractor 0: Karlan Forrester - Soybean Attractiveness/C9-16/4/210721_0910 snip [56/115] snip_1722.780_1783.780.flac
1849.9s - extractor 0: Karlan Forrester - Soybean Attractiveness/C9-16/4/210721_0910 snip [57/115] snip_17279.900_17382.980.flac
1850.4s - extractor 0: Karlan Forrester - Soybean Attractiveness/C9-16/4/210721_0910 snip [58/115] snip_17389.210_17669.620.flac
1854.5s - extractor 0: Karlan Forrester - Soybean Attractiveness/C9-16/4/210721_0910 snip [59/115] snip_18955.120_19070.880.flac
1855.4s - extractor 0: Karlan Forrester - Soybean Attractiveness/C9-16/4/210721_0910 snip [60/115] snip_19163.980_19224.980.flac
1855.7s - extractor 0: Karlan Forrester - Soybean Attractiveness/C9-16/4/210721_0910 snip [61/115] snip_1937.410_2045.800.flac
1856.2s - extractor 0: Karlan Forrester - Soybean Attractiveness/C9-16/4/210721_0910 snip [62/115] snip_19551.820_19612.820.flac
1856.4s - extractor 0: Karlan Forrester - Soybean Attractiveness/C9-16/4/210721_0910 snip [63/115] snip_19990.010_20167.170.flac
1857.8s - extractor 0: Karlan Forrester - Soybean Attractiveness/C9-16/4/210721_0910 snip [64/115] snip_21166.760_21227.760.flac
1858.1s - extractor 0: Karlan Forrester - Soybean Attractiveness/C9-16/4/210721_0910 snip [65/115] snip_21513.970_21579.020.flac
1858.6s - extractor 0: Karlan Forrester - Soybean Attractiveness/C9-16/4/210721_0910 snip [66/115] snip_21747.990_21810.990.flac
1858.8s - extractor 0: Karlan Forrester - Soybean Attractiveness/C9-16/4/210721_0910 snip [67/115] snip_23715.640_23778.640.flac
1859.1s - extractor 0: Karlan Forrester - Soybean Attractiveness/C9-16/4/210721_0910 snip [68/115] snip_25233.860_25296.860.flac
1859.4s - extractor 0: Karlan Forrester - Soybean Attractiveness/C9-16/4/210721_0910 snip [69/115] snip_25664.770_25727.770.flac
1859.6s - extractor 0: Karlan Forrester - Soybean Attractiveness/C9-16/4/210721_0910 snip [70/115] snip_26770.080_26833.080.flac
1859.9s - extractor 0: Karlan Forrester - Soybean Attractiveness/C9-16/4/210721_0910 snip [71/115] snip_29519.120_29582.120.flac
1860.2s - extractor 0: Karlan Forrester - Soybean Attractiveness/C9-16/4/210721_0910 snip [72/115] snip_31810.900_31873.900.flac
1860.4s - extractor 0: Karlan Forrester - Soybean Attractiveness/C9-16/4/210721_0910 snip [73/115] snip_32689.380_32752.380.flac
1860.7s - extractor 0: Karlan Forrester - Soybean Attractiveness/C9-16/4/210721_0910 snip [74/115] snip_33472.920_33535.920.flac
1860.9s - extractor 0: Karlan Forrester - Soybean Attractiveness/C9-16/4/210721_0910 snip [75/115] snip_35400.500_35463.500.flac
1861.2s - extractor 0: Karlan Forrester - Soybean Attractiveness/C9-16/4/210721_0910 snip [76/115] snip_37261.640_37603.840.flac
1866.1s - extractor 0: Karlan Forrester - Soybean Attractiveness/C9-16/4/210721_0910 snip [77/115] snip_37742.320_37805.320.flac
1866.3s - extractor 0: Karlan Forrester - Soybean Attractiveness/C9-16/4/210721_0910 snip [78/115] snip_46170.000_46233.000.flac
1866.6s - extractor 0: Karlan Forrester - Soybean Attractiveness/C9-16/4/210721_0910 snip [79/115] snip_4789.380_4852.380.flac
1866.9s - extractor 0: Karlan Forrester - Soybean Attractiveness/C9-16/4/210721_0910 snip [80/115] snip_49770.000_49833.000.flac
1867.1s - extractor 0: Karlan Forrester - Soybean Attractiveness/C9-16/4/210721_0910 snip [81/115] snip_53370.000_53433.000.flac
1867.4s - extractor 0: Karlan Forrester - Soybean Attractiveness/C9-16/4/210721_0910 snip [82/115] snip_56970.000_57033.000.flac
1867.7s - extractor 0: Karlan Forrester - Soybean Attractiveness/C9-16/4/210721_0910 snip [83/115] snip_579.080_679.190.flac
1868.1s - extractor 0: Karlan Forrester - Soybean Attractiveness/C9-16/4/210721_0910 snip [84/115] snip_58820.240_58883.240.flac
1868.4s - extractor 0: Karlan Forrester - Soybean Attractiveness/C9-16/4/210721_0910 snip [85/115] snip_60570.000_60633.000.flac
1868.7s - extractor 0: Karlan Forrester - Soybean Attractiveness/C9-16/4/210721_0910 snip [86/115] snip_64170.000_64233.000.flac
1868.9s - extractor 0: Karlan Forrester - Soybean Attractiveness/C9-16/4/210721_0910 snip [87/115] snip_67770.000_67833.000.flac
1869.2s - extractor 0: Karlan Forrester - Soybean Attractiveness/C9-16/4/210721_0910 snip [88/115] snip_71370.000_71433.000.flac
1869.5s - extractor 0: Karlan Forrester - Soybean Attractiveness/C9-16/4/210721_0910 snip [89/115] snip_7863.330_7926.330.flac
1869.7s - extractor 0: Karlan Forrester - Soybean Attractiveness/C9-16/4/210721_0910 snip [90/115] snip_79340.800_79403.800.flac
1870.0s - extractor 0: Karlan Forrester - Soybean Attractiveness/C9-16/4/210721_0910 snip [91/115] snip_79710.120_79773.120.flac
1870.3s - extractor 0: Karlan Forrester - Soybean Attractiveness/C9-16/4/210721_0910 snip [92/115] snip_80396.390_80459.390.flac
1870.5s - extractor 0: Karlan Forrester - Soybean Attractiveness/C9-16/4/210721_0910 snip [93/115] snip_84045.110_84108.110.flac
1870.8s - extractor 0: Karlan Forrester - Soybean Attractiveness/C9-16/4/210721_0910 snip [94/115] snip_84150.800_84510.800.flac
1875.3s - extractor 0: Karlan Forrester - Soybean Attractiveness/C9-16/4/210721_0910 snip [95/115] snip_8490.020_8553.020.flac
1875.6s - extractor 0: Karlan Forrester - Soybean Attractiveness/C9-16/4/210721_0910 snip [96/115] snip_86029.700_86092.700.flac
1875.8s - extractor 0: Karlan Forrester - Soybean Attractiveness/C9-16/4/210721_0910 snip [97/115] snip_87910.210_88081.120.flac
1876.7s - extractor 0: Karlan Forrester - Soybean Attractiveness/C9-16/4/210721_0910 snip [98/115] snip_88823.430_88886.430.flac
1877.0s - extractor 0: Karlan Forrester - Soybean Attractiveness/C9-16/4/210721_0910 snip [99/115] snip_89025.520_89408.080.flac
1902.0s - extractor 0: Karlan Forrester - Soybean Attractiveness/C9-16/4/210721_0910 snip [100/115] snip_90060.530_90202.320.flac
1910.0s - extractor 0: Karlan Forrester - Soybean Attractiveness/C9-16/4/210721_0910 snip [101/115] snip_90430.610_90569.590.flac
1917.0s - extractor 0: Karlan Forrester - Soybean Attractiveness/C9-16/4/210721_0910 snip [102/115] snip_90806.520_90926.020.flac
1919.6s - extractor 0: Karlan Forrester - Soybean Attractiveness/C9-16/4/210721_0910 snip [103/115] snip_91388.940_91485.910.flac
1921.9s - extractor 0: Karlan Forrester - Soybean Attractiveness/C9-16/4/210721_0910 snip [104/115] snip_93083.910_93146.910.flac
1922.2s - extractor 0: Karlan Forrester - Soybean Attractiveness/C9-16/4/210721_0910 snip [105/115] snip_93165.960_93352.580.flac
1930.2s - extractor 0: Karlan Forrester - Soybean Attractiveness/C9-16/4/210721_0910 snip [106/115] snip_95671.100_95732.100.flac
1930.4s - extractor 0: Karlan Forrester - Soybean Attractiveness/C9-16/4/210721_0910 snip [107/115] snip_95809.560_95925.430.flac
1933.0s - extractor 0: Karlan Forrester - Soybean Attractiveness/C9-16/4/210721_0910 snip [108/115] snip_96002.520_96065.520.flac
1933.3s - extractor 0: Karlan Forrester - Soybean Attractiveness/C9-16/4/210721_0910 snip [109/115] snip_96377.200_96491.860.flac
1935.9s - extractor 0: Karlan Forrester - Soybean Attractiveness/C9-16/4/210721_0910 snip [110/115] snip_96593.070_96694.000.flac
1938.0s - extractor 0: Karlan Forrester - Soybean Attractiveness/C9-16/4/210721_0910 snip [111/115] snip_96826.160_96887.160.flac
1938.3s - extractor 0: Karlan Forrester - Soybean Attractiveness/C9-16/4/210721_0910 snip [112/115] snip_96938.820_97001.820.flac
1938.5s - extractor 0: Karlan Forrester - Soybean Attractiveness/C9-16/4/210721_0910 snip [113/115] snip_97053.560_97114.560.flac
1938.8s - extractor 0: Karlan Forrester - Soybean Attractiveness/C9-16/4/210721_0910 snip [114/115] snip_9821.320_9884.320.flac
1939.0s - extractor 0: Karlan Forrester - Soybean Attractiveness/C9-16/4/210721_0910 snip [115/115] snip_99804.240_99867.240.flac
1939.8s - extractor 0: [66] Karlan Forrester - Soybean Attractiveness/C9-16/4/210721_0910 — 115 snip(s) → 2543 frames, 11 label(s) (ident took 221.3s)
1939.8s - extractor 0: [67] Karlan Forrester - Soybean Attractiveness/C9-16/4/210723_1052 — starting (embeddings)
1939.8s - extractor 0: Karlan Forrester - Soybean Attractiveness/C9-16/4/210723_1052 snip [1/51] snip_100590.720_100709.270.flac
1940.3s - extractor 0: Karlan Forrester - Soybean Attractiveness/C9-16/4/210723_1052 snip [2/51] snip_101797.810_101860.810.flac
1940.6s - extractor 0: Karlan Forrester - Soybean Attractiveness/C9-16/4/210723_1052 snip [3/51] snip_102031.560_102092.560.flac
1940.8s - extractor 0: Karlan Forrester - Soybean Attractiveness/C9-16/4/210723_1052 snip [4/51] snip_102853.290_102914.290.flac
1941.0s - extractor 0: Karlan Forrester - Soybean Attractiveness/C9-16/4/210723_1052 snip [5/51] snip_105124.420_105187.420.flac
1941.3s - extractor 0: Karlan Forrester - Soybean Attractiveness/C9-16/4/210723_1052 snip [6/51] snip_107004.040_107065.040.flac
1941.5s - extractor 0: Karlan Forrester - Soybean Attractiveness/C9-16/4/210723_1052 snip [7/51] snip_107279.270_107631.290.flac
1958.4s - extractor 0: Karlan Forrester - Soybean Attractiveness/C9-16/4/210723_1052 snip [8/51] snip_11149.020_11210.020.flac
1958.6s - extractor 0: Karlan Forrester - Soybean Attractiveness/C9-16/4/210723_1052 snip [9/51] snip_12610.850_12673.850.flac
1958.9s - extractor 0: Karlan Forrester - Soybean Attractiveness/C9-16/4/210723_1052 snip [10/51] snip_13887.640_13950.640.flac
1959.2s - extractor 0: Karlan Forrester - Soybean Attractiveness/C9-16/4/210723_1052 snip [11/51] snip_16990.550_17053.550.flac
1959.4s - extractor 0: Karlan Forrester - Soybean Attractiveness/C9-16/4/210723_1052 snip [12/51] snip_19803.520_19864.520.flac
1959.7s - extractor 0: Karlan Forrester - Soybean Attractiveness/C9-16/4/210723_1052 snip [13/51] snip_21185.620_21248.620.flac
1959.9s - extractor 0: Karlan Forrester - Soybean Attractiveness/C9-16/4/210723_1052 snip [14/51] snip_23594.050_23657.050.flac
1960.2s - extractor 0: Karlan Forrester - Soybean Attractiveness/C9-16/4/210723_1052 snip [15/51] snip_23777.500_23838.500.flac
1960.4s - extractor 0: Karlan Forrester - Soybean Attractiveness/C9-16/4/210723_1052 snip [16/51] snip_26680.690_26743.690.flac
1960.7s - extractor 0: Karlan Forrester - Soybean Attractiveness/C9-16/4/210723_1052 snip [17/51] snip_29077.560_29140.560.flac
1961.0s - extractor 0: Karlan Forrester - Soybean Attractiveness/C9-16/4/210723_1052 snip [18/51] snip_30638.530_30701.530.flac
1961.2s - extractor 0: Karlan Forrester - Soybean Attractiveness/C9-16/4/210723_1052 snip [19/51] snip_32184.470_32247.470.flac
1961.5s - extractor 0: Karlan Forrester - Soybean Attractiveness/C9-16/4/210723_1052 snip [20/51] snip_33460.120_33523.120.flac
1961.8s - extractor 0: Karlan Forrester - Soybean Attractiveness/C9-16/4/210723_1052 snip [21/51] snip_36450.000_36513.000.flac
1962.0s - extractor 0: Karlan Forrester - Soybean Attractiveness/C9-16/4/210723_1052 snip [22/51] snip_43650.000_43713.000.flac
1962.3s - extractor 0: Karlan Forrester - Soybean Attractiveness/C9-16/4/210723_1052 snip [23/51] snip_50850.000_50913.000.flac
1962.6s - extractor 0: Karlan Forrester - Soybean Attractiveness/C9-16/4/210723_1052 snip [24/51] snip_53981.080_54044.080.flac
1962.8s - extractor 0: Karlan Forrester - Soybean Attractiveness/C9-16/4/210723_1052 snip [25/51] snip_58050.000_58113.000.flac
1963.1s - extractor 0: Karlan Forrester - Soybean Attractiveness/C9-16/4/210723_1052 snip [26/51] snip_6127.680_6190.680.flac
1963.4s - extractor 0: Karlan Forrester - Soybean Attractiveness/C9-16/4/210723_1052 snip [27/51] snip_65250.000_65313.000.flac
1963.6s - extractor 0: Karlan Forrester - Soybean Attractiveness/C9-16/4/210723_1052 snip [28/51] snip_68850.000_68913.000.flac
1963.9s - extractor 0: Karlan Forrester - Soybean Attractiveness/C9-16/4/210723_1052 snip [29/51] snip_72433.360_72513.000.flac
1964.4s - extractor 0: Karlan Forrester - Soybean Attractiveness/C9-16/4/210723_1052 snip [30/51] snip_74681.560_74744.560.flac
1964.7s - extractor 0: Karlan Forrester - Soybean Attractiveness/C9-16/4/210723_1052 snip [31/51] snip_74956.830_75035.220.flac
1965.1s - extractor 0: Karlan Forrester - Soybean Attractiveness/C9-16/4/210723_1052 snip [32/51] snip_76050.000_76113.000.flac
1965.4s - extractor 0: Karlan Forrester - Soybean Attractiveness/C9-16/4/210723_1052 snip [33/51] snip_79994.080_80057.080.flac
1965.7s - extractor 0: Karlan Forrester - Soybean Attractiveness/C9-16/4/210723_1052 snip [34/51] snip_84197.460_84260.460.flac
1965.9s - extractor 0: Karlan Forrester - Soybean Attractiveness/C9-16/4/210723_1052 snip [35/51] snip_86261.910_86324.910.flac
1966.2s - extractor 0: Karlan Forrester - Soybean Attractiveness/C9-16/4/210723_1052 snip [36/51] snip_87792.950_87855.950.flac
1966.5s - extractor 0: Karlan Forrester - Soybean Attractiveness/C9-16/4/210723_1052 snip [37/51] snip_88118.230_88181.230.flac
1966.7s - extractor 0: Karlan Forrester - Soybean Attractiveness/C9-16/4/210723_1052 snip [38/51] snip_88206.120_88267.120.flac
1967.0s - extractor 0: Karlan Forrester - Soybean Attractiveness/C9-16/4/210723_1052 snip [39/51] snip_88443.120_88506.120.flac
1967.2s - extractor 0: Karlan Forrester - Soybean Attractiveness/C9-16/4/210723_1052 snip [40/51] snip_89204.740_89267.740.flac
1967.5s - extractor 0: Karlan Forrester - Soybean Attractiveness/C9-16/4/210723_1052 snip [41/51] snip_9120.420_9183.420.flac
1967.8s - extractor 0: Karlan Forrester - Soybean Attractiveness/C9-16/4/210723_1052 snip [42/51] snip_91317.040_91378.040.flac
1968.0s - extractor 0: Karlan Forrester - Soybean Attractiveness/C9-16/4/210723_1052 snip [43/51] snip_92417.850_92478.850.flac
1968.2s - extractor 0: Karlan Forrester - Soybean Attractiveness/C9-16/4/210723_1052 snip [44/51] snip_94817.680_94966.230.flac
1969.2s - extractor 0: Karlan Forrester - Soybean Attractiveness/C9-16/4/210723_1052 snip [45/51] snip_95041.660_96231.220.flac
2005.2s - extractor 0: Karlan Forrester - Soybean Attractiveness/C9-16/4/210723_1052 snip [46/51] snip_96364.250_96425.250.flac
2005.4s - extractor 0: Karlan Forrester - Soybean Attractiveness/C9-16/4/210723_1052 snip [47/51] snip_97944.790_98007.790.flac
2005.7s - extractor 0: Karlan Forrester - Soybean Attractiveness/C9-16/4/210723_1052 snip [48/51] snip_98508.550_98571.550.flac
2005.9s - extractor 0: Karlan Forrester - Soybean Attractiveness/C9-16/4/210723_1052 snip [49/51] snip_99067.190_99130.190.flac
2006.2s - extractor 0: Karlan Forrester - Soybean Attractiveness/C9-16/4/210723_1052 snip [50/51] snip_99293.250_99356.250.flac
2006.5s - extractor 0: Karlan Forrester - Soybean Attractiveness/C9-16/4/210723_1052 snip [51/51] snip_99519.510_99582.510.flac
2006.8s - extractor 0: [67] Karlan Forrester - Soybean Attractiveness/C9-16/4/210723_1052 — 51 snip(s) → 702 frames, 9 label(s) (ident took 67.0s)
2006.8s - extractor 0: [68] Karlan Forrester - Soybean Attractiveness/C9-16/4/210726_0933 — starting (embeddings)
2006.8s - extractor 0: Karlan Forrester - Soybean Attractiveness/C9-16/4/210726_0933 snip [1/78] snip_0.000_33.490.flac
2007.1s - extractor 0: Karlan Forrester - Soybean Attractiveness/C9-16/4/210726_0933 snip [2/78] snip_100576.670_100642.760.flac
2007.6s - extractor 0: Karlan Forrester - Soybean Attractiveness/C9-16/4/210726_0933 snip [3/78] snip_100847.010_100910.010.flac
2007.8s - extractor 0: Karlan Forrester - Soybean Attractiveness/C9-16/4/210726_0933 snip [4/78] snip_102232.950_102295.950.flac
2008.1s - extractor 0: Karlan Forrester - Soybean Attractiveness/C9-16/4/210726_0933 snip [5/78] snip_102894.180_102957.180.flac
2008.4s - extractor 0: Karlan Forrester - Soybean Attractiveness/C9-16/4/210726_0933 snip [6/78] snip_103123.570_103186.570.flac
2008.6s - extractor 0: Karlan Forrester - Soybean Attractiveness/C9-16/4/210726_0933 snip [7/78] snip_105213.510_105276.510.flac
2008.9s - extractor 0: Karlan Forrester - Soybean Attractiveness/C9-16/4/210726_0933 snip [8/78] snip_106346.460_106419.200.flac
2010.3s - extractor 0: Karlan Forrester - Soybean Attractiveness/C9-16/4/210726_0933 snip [9/78] snip_108937.910_109000.910.flac
2010.5s - extractor 0: Karlan Forrester - Soybean Attractiveness/C9-16/4/210726_0933 snip [10/78] snip_110864.150_110927.150.flac
2010.8s - extractor 0: Karlan Forrester - Soybean Attractiveness/C9-16/4/210726_0933 snip [11/78] snip_114377.950_114717.430.flac
2035.0s - extractor 0: Karlan Forrester - Soybean Attractiveness/C9-16/4/210726_0933 snip [12/78] snip_11718.320_11781.320.flac
2035.3s - extractor 0: Karlan Forrester - Soybean Attractiveness/C9-16/4/210726_0933 snip [13/78] snip_118364.070_118428.710.flac
2035.6s - extractor 0: Karlan Forrester - Soybean Attractiveness/C9-16/4/210726_0933 snip [14/78] snip_122874.760_122937.760.flac
2035.8s - extractor 0: Karlan Forrester - Soybean Attractiveness/C9-16/4/210726_0933 snip [15/78] snip_123286.000_123347.000.flac
2036.1s - extractor 0: Karlan Forrester - Soybean Attractiveness/C9-16/4/210726_0933 snip [16/78] snip_125791.200_125854.200.flac
2036.4s - extractor 0: Karlan Forrester - Soybean Attractiveness/C9-16/4/210726_0933 snip [17/78] snip_127590.000_127653.000.flac
2036.6s - extractor 0: Karlan Forrester - Soybean Attractiveness/C9-16/4/210726_0933 snip [18/78] snip_131190.000_131253.000.flac
2036.9s - extractor 0: Karlan Forrester - Soybean Attractiveness/C9-16/4/210726_0933 snip [19/78] snip_134790.000_134853.000.flac
2037.1s - extractor 0: Karlan Forrester - Soybean Attractiveness/C9-16/4/210726_0933 snip [20/78] snip_13554.240_13615.240.flac
2037.4s - extractor 0: Karlan Forrester - Soybean Attractiveness/C9-16/4/210726_0933 snip [21/78] snip_138390.000_138453.000.flac
2037.7s - extractor 0: Karlan Forrester - Soybean Attractiveness/C9-16/4/210726_0933 snip [22/78] snip_141990.000_142053.000.flac
2037.9s - extractor 0: Karlan Forrester - Soybean Attractiveness/C9-16/4/210726_0933 snip [23/78] snip_14397.510_14460.510.flac
2038.2s - extractor 0: Karlan Forrester - Soybean Attractiveness/C9-16/4/210726_0933 snip [24/78] snip_145590.000_145653.000.flac
2038.4s - extractor 0: Karlan Forrester - Soybean Attractiveness/C9-16/4/210726_0933 snip [25/78] snip_149190.000_149253.000.flac
2038.7s - extractor 0: Karlan Forrester - Soybean Attractiveness/C9-16/4/210726_0933 snip [26/78] snip_15242.830_15303.820.flac
2038.9s - extractor 0: Karlan Forrester - Soybean Attractiveness/C9-16/4/210726_0933 snip [27/78] snip_152790.000_152853.000.flac
2039.2s - extractor 0: Karlan Forrester - Soybean Attractiveness/C9-16/4/210726_0933 snip [28/78] snip_156390.000_156453.000.flac
2039.5s - extractor 0: Karlan Forrester - Soybean Attractiveness/C9-16/4/210726_0933 snip [29/78] snip_15711.790_15772.780.flac
2039.7s - extractor 0: Karlan Forrester - Soybean Attractiveness/C9-16/4/210726_0933 snip [30/78] snip_177928.590_178264.720.flac
2043.8s - extractor 0: Karlan Forrester - Soybean Attractiveness/C9-16/4/210726_0933 snip [31/78] snip_17971.990_18034.990.flac
2044.1s - extractor 0: Karlan Forrester - Soybean Attractiveness/C9-16/4/210726_0933 snip [32/78] snip_21776.080_21839.080.flac
2044.3s - extractor 0: Karlan Forrester - Soybean Attractiveness/C9-16/4/210726_0933 snip [33/78] snip_22851.480_22912.480.flac
2044.6s - extractor 0: Karlan Forrester - Soybean Attractiveness/C9-16/4/210726_0933 snip [34/78] snip_22987.510_23050.510.flac
2044.8s - extractor 0: Karlan Forrester - Soybean Attractiveness/C9-16/4/210726_0933 snip [35/78] snip_24097.400_24160.400.flac
2045.1s - extractor 0: Karlan Forrester - Soybean Attractiveness/C9-16/4/210726_0933 snip [36/78] snip_25619.160_25682.160.flac
2045.4s - extractor 0: Karlan Forrester - Soybean Attractiveness/C9-16/4/210726_0933 snip [37/78] snip_26294.470_26357.470.flac
2045.6s - extractor 0: Karlan Forrester - Soybean Attractiveness/C9-16/4/210726_0933 snip [38/78] snip_26421.820_26482.820.flac
2045.9s - extractor 0: Karlan Forrester - Soybean Attractiveness/C9-16/4/210726_0933 snip [39/78] snip_26890.240_26951.240.flac
2046.1s - extractor 0: Karlan Forrester - Soybean Attractiveness/C9-16/4/210726_0933 snip [40/78] snip_28196.600_28259.600.flac
2046.4s - extractor 0: Karlan Forrester - Soybean Attractiveness/C9-16/4/210726_0933 snip [41/78] snip_30331.800_30394.800.flac
2046.7s - extractor 0: Karlan Forrester - Soybean Attractiveness/C9-16/4/210726_0933 snip [42/78] snip_31464.960_31816.260.flac
2051.3s - extractor 0: Karlan Forrester - Soybean Attractiveness/C9-16/4/210726_0933 snip [43/78] snip_35362.980_35425.980.flac
2051.5s - extractor 0: Karlan Forrester - Soybean Attractiveness/C9-16/4/210726_0933 snip [44/78] snip_40133.220_40196.220.flac
2051.8s - extractor 0: Karlan Forrester - Soybean Attractiveness/C9-16/4/210726_0933 snip [45/78] snip_41190.000_41253.000.flac
2052.1s - extractor 0: Karlan Forrester - Soybean Attractiveness/C9-16/4/210726_0933 snip [46/78] snip_44790.000_44853.000.flac
2052.3s - extractor 0: Karlan Forrester - Soybean Attractiveness/C9-16/4/210726_0933 snip [47/78] snip_48390.000_48453.000.flac
2052.6s - extractor 0: Karlan Forrester - Soybean Attractiveness/C9-16/4/210726_0933 snip [48/78] snip_51990.000_52053.000.flac
2052.8s - extractor 0: Karlan Forrester - Soybean Attractiveness/C9-16/4/210726_0933 snip [49/78] snip_55590.000_55653.000.flac
2053.1s - extractor 0: Karlan Forrester - Soybean Attractiveness/C9-16/4/210726_0933 snip [50/78] snip_59190.000_59253.000.flac
2053.4s - extractor 0: Karlan Forrester - Soybean Attractiveness/C9-16/4/210726_0933 snip [51/78] snip_61476.020_61539.020.flac
2053.6s - extractor 0: Karlan Forrester - Soybean Attractiveness/C9-16/4/210726_0933 snip [52/78] snip_62790.000_62853.000.flac
2053.9s - extractor 0: Karlan Forrester - Soybean Attractiveness/C9-16/4/210726_0933 snip [53/78] snip_66390.000_66453.000.flac
2054.2s - extractor 0: Karlan Forrester - Soybean Attractiveness/C9-16/4/210726_0933 snip [54/78] snip_77190.000_77253.000.flac
2054.4s - extractor 0: Karlan Forrester - Soybean Attractiveness/C9-16/4/210726_0933 snip [55/78] snip_80790.000_80853.000.flac
2054.7s - extractor 0: Karlan Forrester - Soybean Attractiveness/C9-16/4/210726_0933 snip [56/78] snip_83953.710_84014.710.flac
2054.9s - extractor 0: Karlan Forrester - Soybean Attractiveness/C9-16/4/210726_0933 snip [57/78] snip_84700.560_84761.580.flac
2055.2s - extractor 0: Karlan Forrester - Soybean Attractiveness/C9-16/4/210726_0933 snip [58/78] snip_8487.300_8550.300.flac
2055.4s - extractor 0: Karlan Forrester - Soybean Attractiveness/C9-16/4/210726_0933 snip [59/78] snip_85770.040_85833.040.flac
2055.7s - extractor 0: Karlan Forrester - Soybean Attractiveness/C9-16/4/210726_0933 snip [60/78] snip_9036.120_9211.460.flac
2059.1s - extractor 0: Karlan Forrester - Soybean Attractiveness/C9-16/4/210726_0933 snip [61/78] snip_90722.720_90785.720.flac
2059.4s - extractor 0: Karlan Forrester - Soybean Attractiveness/C9-16/4/210726_0933 snip [62/78] snip_9213.960_9379.380.flac
2061.3s - extractor 0: Karlan Forrester - Soybean Attractiveness/C9-16/4/210726_0933 snip [63/78] snip_93568.000_93631.000.flac
2061.5s - extractor 0: Karlan Forrester - Soybean Attractiveness/C9-16/4/210726_0933 snip [64/78] snip_94760.920_94821.920.flac
2061.8s - extractor 0: Karlan Forrester - Soybean Attractiveness/C9-16/4/210726_0933 snip [65/78] snip_94883.640_94946.640.flac
2062.0s - extractor 0: Karlan Forrester - Soybean Attractiveness/C9-16/4/210726_0933 snip [66/78] snip_95731.250_95798.260.flac
2063.0s - extractor 0: Karlan Forrester - Soybean Attractiveness/C9-16/4/210726_0933 snip [67/78] snip_95944.960_96045.300.flac
2063.5s - extractor 0: Karlan Forrester - Soybean Attractiveness/C9-16/4/210726_0933 snip [68/78] snip_96633.390_96738.320.flac
2064.2s - extractor 0: Karlan Forrester - Soybean Attractiveness/C9-16/4/210726_0933 snip [69/78] snip_97486.180_97549.180.flac
2064.4s - extractor 0: Karlan Forrester - Soybean Attractiveness/C9-16/4/210726_0933 snip [70/78] snip_98052.040_98115.040.flac
2064.7s - extractor 0: Karlan Forrester - Soybean Attractiveness/C9-16/4/210726_0933 snip [71/78] snip_98441.380_98504.380.flac
2064.9s - extractor 0: Karlan Forrester - Soybean Attractiveness/C9-16/4/210726_0933 snip [72/78] snip_98573.170_98634.160.flac
2065.2s - extractor 0: Karlan Forrester - Soybean Attractiveness/C9-16/4/210726_0933 snip [73/78] snip_9884.560_9945.560.flac
2065.4s - extractor 0: Karlan Forrester - Soybean Attractiveness/C9-16/4/210726_0933 snip [74/78] snip_98862.440_98923.440.flac
2065.7s - extractor 0: Karlan Forrester - Soybean Attractiveness/C9-16/4/210726_0933 snip [75/78] snip_99007.230_99068.230.flac
2065.9s - extractor 0: Karlan Forrester - Soybean Attractiveness/C9-16/4/210726_0933 snip [76/78] snip_99104.450_99167.450.flac
2066.2s - extractor 0: Karlan Forrester - Soybean Attractiveness/C9-16/4/210726_0933 snip [77/78] snip_99245.760_99306.760.flac
2066.4s - extractor 0: Karlan Forrester - Soybean Attractiveness/C9-16/4/210726_0933 snip [78/78] snip_99814.940_100170.770.flac
2073.4s - extractor 0: [68] Karlan Forrester - Soybean Attractiveness/C9-16/4/210726_0933 — 78 snip(s) → 1094 frames, 19 label(s) (ident took 66.5s)
2073.4s - extractor 0: [69] Karlan Forrester - Soybean Attractiveness/C9-16/4/210728_1115 — starting (embeddings)
2073.4s - extractor 0: Karlan Forrester - Soybean Attractiveness/C9-16/4/210728_1115 snip [1/19] snip_10993.160_11056.160.flac
2073.6s - extractor 0: Karlan Forrester - Soybean Attractiveness/C9-16/4/210728_1115 snip [2/19] snip_11879.890_11942.890.flac
2073.9s - extractor 0: Karlan Forrester - Soybean Attractiveness/C9-16/4/210728_1115 snip [3/19] snip_13883.090_13946.090.flac
2074.2s - extractor 0: Karlan Forrester - Soybean Attractiveness/C9-16/4/210728_1115 snip [4/19] snip_14781.010_14844.010.flac
2074.5s - extractor 0: Karlan Forrester - Soybean Attractiveness/C9-16/4/210728_1115 snip [5/19] snip_2789.990_2852.990.flac
2074.8s - extractor 0: Karlan Forrester - Soybean Attractiveness/C9-16/4/210728_1115 snip [6/19] snip_2908.670_2969.670.flac
2075.0s - extractor 0: Karlan Forrester - Soybean Attractiveness/C9-16/4/210728_1115 snip [7/19] snip_3344.270_3405.270.flac
2075.3s - extractor 0: Karlan Forrester - Soybean Attractiveness/C9-16/4/210728_1115 snip [8/19] snip_3485.750_3548.750.flac
2075.5s - extractor 0: Karlan Forrester - Soybean Attractiveness/C9-16/4/210728_1115 snip [9/19] snip_3629.120_3690.120.flac
2075.8s - extractor 0: Karlan Forrester - Soybean Attractiveness/C9-16/4/210728_1115 snip [10/19] snip_4724.630_4787.630.flac
2076.1s - extractor 0: Karlan Forrester - Soybean Attractiveness/C9-16/4/210728_1115 snip [11/19] snip_5377.040_5441.850.flac
2076.4s - extractor 0: Karlan Forrester - Soybean Attractiveness/C9-16/4/210728_1115 snip [12/19] snip_6349.720_6412.720.flac
2076.6s - extractor 0: Karlan Forrester - Soybean Attractiveness/C9-16/4/210728_1115 snip [13/19] snip_7048.600_7111.600.flac
2076.9s - extractor 0: Karlan Forrester - Soybean Attractiveness/C9-16/4/210728_1115 snip [14/19] snip_7485.970_7597.940.flac
2077.4s - extractor 0: Karlan Forrester - Soybean Attractiveness/C9-16/4/210728_1115 snip [15/19] snip_8104.310_8203.270.flac
2077.9s - extractor 0: Karlan Forrester - Soybean Attractiveness/C9-16/4/210728_1115 snip [16/19] snip_8990.990_9052.110.flac
2078.2s - extractor 0: Karlan Forrester - Soybean Attractiveness/C9-16/4/210728_1115 snip [17/19] snip_9350.170_9411.170.flac
2078.4s - extractor 0: Karlan Forrester - Soybean Attractiveness/C9-16/4/210728_1115 snip [18/19] snip_9619.410_9688.530.flac
2078.9s - extractor 0: Karlan Forrester - Soybean Attractiveness/C9-16/4/210728_1115 snip [19/19] snip_9866.980_9929.980.flac
2079.2s - extractor 0: [69] Karlan Forrester - Soybean Attractiveness/C9-16/4/210728_1115 — 19 snip(s) → 74 frames, 5 label(s) (ident took 5.8s)
2079.2s - extractor 0: [70] Karlan Forrester - Soybean Attractiveness/C9-16/4/210805_0743 — starting (embeddings)
2079.2s - extractor 0: Karlan Forrester - Soybean Attractiveness/C9-16/4/210805_0743 snip [1/102] snip_0.000_67.090.flac
2080.1s - extractor 0: Karlan Forrester - Soybean Attractiveness/C9-16/4/210805_0743 snip [2/102] snip_100735.650_100798.650.flac
2080.4s - extractor 0: Karlan Forrester - Soybean Attractiveness/C9-16/4/210805_0743 snip [3/102] snip_100960.680_101023.680.flac
2080.7s - extractor 0: Karlan Forrester - Soybean Attractiveness/C9-16/4/210805_0743 snip [4/102] snip_101172.690_101235.690.flac
2080.9s - extractor 0: Karlan Forrester - Soybean Attractiveness/C9-16/4/210805_0743 snip [5/102] snip_101693.290_101754.290.flac
2081.2s - extractor 0: Karlan Forrester - Soybean Attractiveness/C9-16/4/210805_0743 snip [6/102] snip_102026.500_102089.500.flac
2081.4s - extractor 0: Karlan Forrester - Soybean Attractiveness/C9-16/4/210805_0743 snip [7/102] snip_103599.100_103660.100.flac
2081.7s - extractor 0: Karlan Forrester - Soybean Attractiveness/C9-16/4/210805_0743 snip [8/102] snip_103787.270_103850.270.flac
2082.0s - extractor 0: Karlan Forrester - Soybean Attractiveness/C9-16/4/210805_0743 snip [9/102] snip_104625.290_104686.290.flac
2082.2s - extractor 0: Karlan Forrester - Soybean Attractiveness/C9-16/4/210805_0743 snip [10/102] snip_104815.820_104876.820.flac
2082.4s - extractor 0: Karlan Forrester - Soybean Attractiveness/C9-16/4/210805_0743 snip [11/102] snip_105462.440_105525.440.flac
2082.7s - extractor 0: Karlan Forrester - Soybean Attractiveness/C9-16/4/210805_0743 snip [12/102] snip_105545.660_105606.660.flac
2083.0s - extractor 0: Karlan Forrester - Soybean Attractiveness/C9-16/4/210805_0743 snip [13/102] snip_105629.390_105690.420.flac
2083.2s - extractor 0: Karlan Forrester - Soybean Attractiveness/C9-16/4/210805_0743 snip [14/102] snip_106599.660_106663.250.flac
2083.7s - extractor 0: Karlan Forrester - Soybean Attractiveness/C9-16/4/210805_0743 snip [15/102] snip_107189.280_107252.280.flac
2083.9s - extractor 0: Karlan Forrester - Soybean Attractiveness/C9-16/4/210805_0743 snip [16/102] snip_107573.150_107635.880.flac
2084.4s - extractor 0: Karlan Forrester - Soybean Attractiveness/C9-16/4/210805_0743 snip [17/102] snip_108269.420_108330.420.flac
2084.7s - extractor 0: Karlan Forrester - Soybean Attractiveness/C9-16/4/210805_0743 snip [18/102] snip_108704.660_108771.280.flac
2085.1s - extractor 0: Karlan Forrester - Soybean Attractiveness/C9-16/4/210805_0743 snip [19/102] snip_108793.770_108900.860.flac
2085.9s - extractor 0: Karlan Forrester - Soybean Attractiveness/C9-16/4/210805_0743 snip [20/102] snip_109069.720_109130.720.flac
2086.1s - extractor 0: Karlan Forrester - Soybean Attractiveness/C9-16/4/210805_0743 snip [21/102] snip_109707.580_109768.580.flac
2086.4s - extractor 0: Karlan Forrester - Soybean Attractiveness/C9-16/4/210805_0743 snip [22/102] snip_110013.920_110087.540.flac
2086.9s - extractor 0: Karlan Forrester - Soybean Attractiveness/C9-16/4/210805_0743 snip [23/102] snip_110681.590_110744.590.flac
2087.1s - extractor 0: Karlan Forrester - Soybean Attractiveness/C9-16/4/210805_0743 snip [24/102] snip_110747.210_110815.000.flac
2087.6s - extractor 0: Karlan Forrester - Soybean Attractiveness/C9-16/4/210805_0743 snip [25/102] snip_111043.260_111104.260.flac
2087.8s - extractor 0: Karlan Forrester - Soybean Attractiveness/C9-16/4/210805_0743 snip [26/102] snip_111812.670_111875.110.flac
2088.3s - extractor 0: Karlan Forrester - Soybean Attractiveness/C9-16/4/210805_0743 snip [27/102] snip_112673.630_113025.320.flac
2093.2s - extractor 0: Karlan Forrester - Soybean Attractiveness/C9-16/4/210805_0743 snip [28/102] snip_113309.140_113372.140.flac
2093.4s - extractor 0: Karlan Forrester - Soybean Attractiveness/C9-16/4/210805_0743 snip [29/102] snip_114972.580_115035.580.flac
2093.7s - extractor 0: Karlan Forrester - Soybean Attractiveness/C9-16/4/210805_0743 snip [30/102] snip_116664.720_116725.710.flac
2093.9s - extractor 0: Karlan Forrester - Soybean Attractiveness/C9-16/4/210805_0743 snip [31/102] snip_116838.120_116901.120.flac
2094.2s - extractor 0: Karlan Forrester - Soybean Attractiveness/C9-16/4/210805_0743 snip [32/102] snip_118588.800_118702.700.flac
2094.7s - extractor 0: Karlan Forrester - Soybean Attractiveness/C9-16/4/210805_0743 snip [33/102] snip_119181.770_119242.770.flac
2094.9s - extractor 0: Karlan Forrester - Soybean Attractiveness/C9-16/4/210805_0743 snip [34/102] snip_119800.840_119863.840.flac
2095.2s - extractor 0: Karlan Forrester - Soybean Attractiveness/C9-16/4/210805_0743 snip [35/102] snip_120209.520_120309.620.flac
2095.7s - extractor 0: Karlan Forrester - Soybean Attractiveness/C9-16/4/210805_0743 snip [36/102] snip_120579.560_120640.560.flac
2095.9s - extractor 0: Karlan Forrester - Soybean Attractiveness/C9-16/4/210805_0743 snip [37/102] snip_121086.930_121149.930.flac
2096.2s - extractor 0: Karlan Forrester - Soybean Attractiveness/C9-16/4/210805_0743 snip [38/102] snip_122179.030_122242.030.flac
2096.5s - extractor 0: Karlan Forrester - Soybean Attractiveness/C9-16/4/210805_0743 snip [39/102] snip_123978.600_124039.600.flac
2096.7s - extractor 0: Karlan Forrester - Soybean Attractiveness/C9-16/4/210805_0743 snip [40/102] snip_124768.230_124831.230.flac
2097.0s - extractor 0: Karlan Forrester - Soybean Attractiveness/C9-16/4/210805_0743 snip [41/102] snip_134190.000_134253.000.flac
2097.2s - extractor 0: Karlan Forrester - Soybean Attractiveness/C9-16/4/210805_0743 snip [42/102] snip_137790.000_137853.000.flac
2097.5s - extractor 0: Karlan Forrester - Soybean Attractiveness/C9-16/4/210805_0743 snip [43/102] snip_14082.460_14439.340.flac
2103.3s - extractor 0: Karlan Forrester - Soybean Attractiveness/C9-16/4/210805_0743 snip [44/102] snip_141390.000_141453.000.flac
2103.6s - extractor 0: Karlan Forrester - Soybean Attractiveness/C9-16/4/210805_0743 snip [45/102] snip_144990.000_145053.000.flac
2103.9s - extractor 0: Karlan Forrester - Soybean Attractiveness/C9-16/4/210805_0743 snip [46/102] snip_148590.000_148653.000.flac
2104.1s - extractor 0: Karlan Forrester - Soybean Attractiveness/C9-16/4/210805_0743 snip [47/102] snip_152190.000_152253.000.flac
2104.4s - extractor 0: Karlan Forrester - Soybean Attractiveness/C9-16/4/210805_0743 snip [48/102] snip_155790.000_155853.000.flac
2104.7s - extractor 0: Karlan Forrester - Soybean Attractiveness/C9-16/4/210805_0743 snip [49/102] snip_15888.090_15949.090.flac
2104.9s - extractor 0: Karlan Forrester - Soybean Attractiveness/C9-16/4/210805_0743 snip [50/102] snip_162990.000_163053.000.flac
2105.2s - extractor 0: Karlan Forrester - Soybean Attractiveness/C9-16/4/210805_0743 snip [51/102] snip_16460.520_16523.520.flac
2105.4s - extractor 0: Karlan Forrester - Soybean Attractiveness/C9-16/4/210805_0743 snip [52/102] snip_166590.000_166653.000.flac
2105.7s - extractor 0: Karlan Forrester - Soybean Attractiveness/C9-16/4/210805_0743 snip [53/102] snip_170190.000_170253.000.flac
2106.0s - extractor 0: Karlan Forrester - Soybean Attractiveness/C9-16/4/210805_0743 snip [54/102] snip_17034.940_17095.940.flac
2106.2s - extractor 0: Karlan Forrester - Soybean Attractiveness/C9-16/4/210805_0743 snip [55/102] snip_20096.020_20159.020.flac
2106.5s - extractor 0: Karlan Forrester - Soybean Attractiveness/C9-16/4/210805_0743 snip [56/102] snip_21761.820_21822.820.flac
2106.8s - extractor 0: Karlan Forrester - Soybean Attractiveness/C9-16/4/210805_0743 snip [57/102] snip_23158.920_23219.920.flac
2107.0s - extractor 0: Karlan Forrester - Soybean Attractiveness/C9-16/4/210805_0743 snip [58/102] snip_23404.580_23467.580.flac
2107.3s - extractor 0: Karlan Forrester - Soybean Attractiveness/C9-16/4/210805_0743 snip [59/102] snip_23873.700_23936.700.flac
2107.5s - extractor 0: Karlan Forrester - Soybean Attractiveness/C9-16/4/210805_0743 snip [60/102] snip_24097.020_24158.020.flac
2107.8s - extractor 0: Karlan Forrester - Soybean Attractiveness/C9-16/4/210805_0743 snip [61/102] snip_24440.790_24503.790.flac
2108.1s - extractor 0: Karlan Forrester - Soybean Attractiveness/C9-16/4/210805_0743 snip [62/102] snip_24786.700_24847.730.flac
2108.3s - extractor 0: Karlan Forrester - Soybean Attractiveness/C9-16/4/210805_0743 snip [63/102] snip_25189.640_25252.640.flac
2108.6s - extractor 0: Karlan Forrester - Soybean Attractiveness/C9-16/4/210805_0743 snip [64/102] snip_25366.640_25444.600.flac
2109.1s - extractor 0: Karlan Forrester - Soybean Attractiveness/C9-16/4/210805_0743 snip [65/102] snip_25531.240_25889.380.flac
2113.5s - extractor 0: rescued 'ins_buzz_high' at 25808.490s (0.320s) as ins_buzz_high+ins_buzz_low+mech_plane
2113.5s - extractor 0: Karlan Forrester - Soybean Attractiveness/C9-16/4/210805_0743 snip [66/102] snip_26060.180_26123.180.flac
2113.8s - extractor 0: Karlan Forrester - Soybean Attractiveness/C9-16/4/210805_0743 snip [67/102] snip_26527.660_26588.660.flac
2114.0s - extractor 0: Karlan Forrester - Soybean Attractiveness/C9-16/4/210805_0743 snip [68/102] snip_27458.220_27519.220.flac
2114.2s - extractor 0: Karlan Forrester - Soybean Attractiveness/C9-16/4/210805_0743 snip [69/102] snip_27529.640_27590.640.flac
2114.5s - extractor 0: Karlan Forrester - Soybean Attractiveness/C9-16/4/210805_0743 snip [70/102] snip_27710.240_27771.240.flac
2114.7s - extractor 0: Karlan Forrester - Soybean Attractiveness/C9-16/4/210805_0743 snip [71/102] snip_27805.530_27866.530.flac
2115.0s - extractor 0: Karlan Forrester - Soybean Attractiveness/C9-16/4/210805_0743 snip [72/102] snip_27957.950_28018.950.flac
2115.2s - extractor 0: Karlan Forrester - Soybean Attractiveness/C9-16/4/210805_0743 snip [73/102] snip_28065.680_28128.680.flac
2115.5s - extractor 0: Karlan Forrester - Soybean Attractiveness/C9-16/4/210805_0743 snip [74/102] snip_28175.820_28236.820.flac
2115.7s - extractor 0: Karlan Forrester - Soybean Attractiveness/C9-16/4/210805_0743 snip [75/102] snip_28481.510_28544.510.flac
2116.0s - extractor 0: Karlan Forrester - Soybean Attractiveness/C9-16/4/210805_0743 snip [76/102] snip_28789.160_28850.160.flac
2116.2s - extractor 0: Karlan Forrester - Soybean Attractiveness/C9-16/4/210805_0743 snip [77/102] snip_29481.880_29544.880.flac
2116.5s - extractor 0: Karlan Forrester - Soybean Attractiveness/C9-16/4/210805_0743 snip [78/102] snip_30176.440_30289.560.flac
2117.0s - extractor 0: Karlan Forrester - Soybean Attractiveness/C9-16/4/210805_0743 snip [79/102] snip_30780.760_30841.760.flac
2117.3s - extractor 0: Karlan Forrester - Soybean Attractiveness/C9-16/4/210805_0743 snip [80/102] snip_34867.840_34930.840.flac
2117.5s - extractor 0: Karlan Forrester - Soybean Attractiveness/C9-16/4/210805_0743 snip [81/102] snip_36671.160_36736.950.flac
2117.8s - extractor 0: Karlan Forrester - Soybean Attractiveness/C9-16/4/210805_0743 snip [82/102] snip_37974.830_38035.860.flac
2118.1s - extractor 0: Karlan Forrester - Soybean Attractiveness/C9-16/4/210805_0743 snip [83/102] snip_38957.100_39018.190.flac
2118.3s - extractor 0: Karlan Forrester - Soybean Attractiveness/C9-16/4/210805_0743 snip [84/102] snip_42060.660_42123.660.flac
2118.6s - extractor 0: Karlan Forrester - Soybean Attractiveness/C9-16/4/210805_0743 snip [85/102] snip_45967.550_46055.640.flac
2120.7s - extractor 0: Karlan Forrester - Soybean Attractiveness/C9-16/4/210805_0743 snip [86/102] snip_47790.000_47853.000.flac
2121.0s - extractor 0: Karlan Forrester - Soybean Attractiveness/C9-16/4/210805_0743 snip [87/102] snip_51390.000_51453.000.flac
2121.3s - extractor 0: Karlan Forrester - Soybean Attractiveness/C9-16/4/210805_0743 snip [88/102] snip_54990.000_55053.000.flac
2121.5s - extractor 0: Karlan Forrester - Soybean Attractiveness/C9-16/4/210805_0743 snip [89/102] snip_58590.000_58653.000.flac
2121.8s - extractor 0: Karlan Forrester - Soybean Attractiveness/C9-16/4/210805_0743 snip [90/102] snip_62190.000_62253.000.flac
2122.1s - extractor 0: Karlan Forrester - Soybean Attractiveness/C9-16/4/210805_0743 snip [91/102] snip_63085.170_63148.170.flac
2122.3s - extractor 0: Karlan Forrester - Soybean Attractiveness/C9-16/4/210805_0743 snip [92/102] snip_72990.000_73053.000.flac
2122.6s - extractor 0: Karlan Forrester - Soybean Attractiveness/C9-16/4/210805_0743 snip [93/102] snip_80190.000_80253.000.flac
2122.9s - extractor 0: Karlan Forrester - Soybean Attractiveness/C9-16/4/210805_0743 snip [94/102] snip_83790.000_83853.000.flac
2123.1s - extractor 0: Karlan Forrester - Soybean Attractiveness/C9-16/4/210805_0743 snip [95/102] snip_86603.380_86666.380.flac
2123.4s - extractor 0: Karlan Forrester - Soybean Attractiveness/C9-16/4/210805_0743 snip [96/102] snip_88233.860_88296.860.flac
2123.6s - extractor 0: Karlan Forrester - Soybean Attractiveness/C9-16/4/210805_0743 snip [97/102] snip_89000.080_89065.300.flac
2124.1s - extractor 0: Karlan Forrester - Soybean Attractiveness/C9-16/4/210805_0743 snip [98/102] snip_89414.560_89477.560.flac
2124.4s - extractor 0: Karlan Forrester - Soybean Attractiveness/C9-16/4/210805_0743 snip [99/102] snip_92225.680_92288.680.flac
2124.7s - extractor 0: Karlan Forrester - Soybean Attractiveness/C9-16/4/210805_0743 snip [100/102] snip_94781.270_94844.270.flac
2124.9s - extractor 0: Karlan Forrester - Soybean Attractiveness/C9-16/4/210805_0743 snip [101/102] snip_96833.520_96896.520.flac
2125.2s - extractor 0: Karlan Forrester - Soybean Attractiveness/C9-16/4/210805_0743 snip [102/102] snip_99557.620_99620.620.flac
2125.6s - extractor 0: [70] Karlan Forrester - Soybean Attractiveness/C9-16/4/210805_0743 — 102 snip(s) → 814 frames, 21 label(s) (ident took 46.4s)
2125.6s - extractor 0: [71] Karlan Forrester - Soybean Attractiveness/C9-16/4/210807_0925 — starting (embeddings)
2125.6s - extractor 0: Karlan Forrester - Soybean Attractiveness/C9-16/4/210807_0925 snip [1/22] snip_10727.820_10788.820.flac
2125.8s - extractor 0: Karlan Forrester - Soybean Attractiveness/C9-16/4/210807_0925 snip [2/22] snip_11489.100_11550.100.flac
2126.0s - extractor 0: Karlan Forrester - Soybean Attractiveness/C9-16/4/210807_0925 snip [3/22] snip_13632.400_13693.390.flac
2126.3s - extractor 0: Karlan Forrester - Soybean Attractiveness/C9-16/4/210807_0925 snip [4/22] snip_14018.200_14131.120.flac
2127.0s - extractor 0: Karlan Forrester - Soybean Attractiveness/C9-16/4/210807_0925 snip [5/22] snip_16072.880_16135.880.flac
2127.3s - extractor 0: Karlan Forrester - Soybean Attractiveness/C9-16/4/210807_0925 snip [6/22] snip_18463.400_18527.060.flac
2127.8s - extractor 0: Karlan Forrester - Soybean Attractiveness/C9-16/4/210807_0925 snip [7/22] snip_18567.800_18630.800.flac
2128.0s - extractor 0: Karlan Forrester - Soybean Attractiveness/C9-16/4/210807_0925 snip [8/22] snip_19461.770_19522.770.flac
2128.3s - extractor 0: Karlan Forrester - Soybean Attractiveness/C9-16/4/210807_0925 snip [9/22] snip_20092.270_20155.480.flac
2128.5s - extractor 0: Karlan Forrester - Soybean Attractiveness/C9-16/4/210807_0925 snip [10/22] snip_20583.810_20646.810.flac
2128.8s - extractor 0: Karlan Forrester - Soybean Attractiveness/C9-16/4/210807_0925 snip [11/22] snip_21707.900_21768.900.flac
2129.0s - extractor 0: Karlan Forrester - Soybean Attractiveness/C9-16/4/210807_0925 snip [12/22] snip_22742.840_22805.840.flac
2129.3s - extractor 0: Karlan Forrester - Soybean Attractiveness/C9-16/4/210807_0925 snip [13/22] snip_22846.010_22920.000.flac
2129.8s - extractor 0: Karlan Forrester - Soybean Attractiveness/C9-16/4/210807_0925 snip [14/22] snip_237.800_300.800.flac
2130.0s - extractor 0: Karlan Forrester - Soybean Attractiveness/C9-16/4/210807_0925 snip [15/22] snip_23779.760_23840.760.flac
2130.3s - extractor 0: Karlan Forrester - Soybean Attractiveness/C9-16/4/210807_0925 snip [16/22] snip_24730.050_24793.050.flac
2130.5s - extractor 0: Karlan Forrester - Soybean Attractiveness/C9-16/4/210807_0925 snip [17/22] snip_25682.380_25743.730.flac
2130.8s - extractor 0: Karlan Forrester - Soybean Attractiveness/C9-16/4/210807_0925 snip [18/22] snip_26300.930_26363.930.flac
2131.1s - extractor 0: Karlan Forrester - Soybean Attractiveness/C9-16/4/210807_0925 snip [19/22] snip_3772.040_3835.040.flac
2131.3s - extractor 0: Karlan Forrester - Soybean Attractiveness/C9-16/4/210807_0925 snip [20/22] snip_6370.030_6434.420.flac
2131.6s - extractor 0: Karlan Forrester - Soybean Attractiveness/C9-16/4/210807_0925 snip [21/22] snip_8202.280_8265.280.flac
2131.9s - extractor 0: Karlan Forrester - Soybean Attractiveness/C9-16/4/210807_0925 snip [22/22] snip_9180.370_9241.420.flac
2132.1s - extractor 0: [71] Karlan Forrester - Soybean Attractiveness/C9-16/4/210807_0925 — 22 snip(s) → 76 frames, 5 label(s) (ident took 6.6s)
2132.1s - extractor 0: [72] Karlan Forrester - Soybean Attractiveness/EBN/4/210721_0930 — starting (embeddings)
2132.1s - extractor 0: Karlan Forrester - Soybean Attractiveness/EBN/4/210721_0930 snip [1/75] snip_0.000_49.030.flac
2132.8s - extractor 0: Karlan Forrester - Soybean Attractiveness/EBN/4/210721_0930 snip [2/75] snip_10110.370_10173.370.flac
2133.1s - extractor 0: Karlan Forrester - Soybean Attractiveness/EBN/4/210721_0930 snip [3/75] snip_103599.040_103662.040.flac
2133.3s - extractor 0: Karlan Forrester - Soybean Attractiveness/EBN/4/210721_0930 snip [4/75] snip_103716.970_103827.680.flac
2133.8s - extractor 0: Karlan Forrester - Soybean Attractiveness/EBN/4/210721_0930 snip [5/75] snip_104223.060_104286.060.flac
2134.1s - extractor 0: Karlan Forrester - Soybean Attractiveness/EBN/4/210721_0930 snip [6/75] snip_104514.770_104577.770.flac
2134.4s - extractor 0: Karlan Forrester - Soybean Attractiveness/EBN/4/210721_0930 snip [7/75] snip_104939.600_105041.860.flac
2134.8s - extractor 0: Karlan Forrester - Soybean Attractiveness/EBN/4/210721_0930 snip [8/75] snip_105852.420_105915.420.flac
2135.1s - extractor 0: Karlan Forrester - Soybean Attractiveness/EBN/4/210721_0930 snip [9/75] snip_10591.730_10654.730.flac
2135.4s - extractor 0: Karlan Forrester - Soybean Attractiveness/EBN/4/210721_0930 snip [10/75] snip_106413.240_106480.230.flac
2135.8s - extractor 0: Karlan Forrester - Soybean Attractiveness/EBN/4/210721_0930 snip [11/75] snip_107112.700_107173.700.flac
2136.1s - extractor 0: Karlan Forrester - Soybean Attractiveness/EBN/4/210721_0930 snip [12/75] snip_113526.000_113589.000.flac
2136.3s - extractor 0: Karlan Forrester - Soybean Attractiveness/EBN/4/210721_0930 snip [13/75] snip_1146.980_1209.980.flac
2136.6s - extractor 0: Karlan Forrester - Soybean Attractiveness/EBN/4/210721_0930 snip [14/75] snip_11862.760_11925.760.flac
2136.9s - extractor 0: Karlan Forrester - Soybean Attractiveness/EBN/4/210721_0930 snip [15/75] snip_131370.000_131433.000.flac
2137.1s - extractor 0: Karlan Forrester - Soybean Attractiveness/EBN/4/210721_0930 snip [16/75] snip_134970.000_135033.000.flac
2137.4s - extractor 0: Karlan Forrester - Soybean Attractiveness/EBN/4/210721_0930 snip [17/75] snip_138570.000_138633.000.flac
2137.7s - extractor 0: Karlan Forrester - Soybean Attractiveness/EBN/4/210721_0930 snip [18/75] snip_142170.000_142233.000.flac
2137.9s - extractor 0: Karlan Forrester - Soybean Attractiveness/EBN/4/210721_0930 snip [19/75] snip_14471.250_14534.250.flac
2138.2s - extractor 0: Karlan Forrester - Soybean Attractiveness/EBN/4/210721_0930 snip [20/75] snip_145770.000_145833.000.flac
2138.5s - extractor 0: Karlan Forrester - Soybean Attractiveness/EBN/4/210721_0930 snip [21/75] snip_149370.000_149433.000.flac
2138.7s - extractor 0: Karlan Forrester - Soybean Attractiveness/EBN/4/210721_0930 snip [22/75] snip_152970.000_153033.000.flac
2139.0s - extractor 0: Karlan Forrester - Soybean Attractiveness/EBN/4/210721_0930 snip [23/75] snip_156570.000_156633.000.flac
2139.3s - extractor 0: Karlan Forrester - Soybean Attractiveness/EBN/4/210721_0930 snip [24/75] snip_16494.070_16557.070.flac
2139.5s - extractor 0: Karlan Forrester - Soybean Attractiveness/EBN/4/210721_0930 snip [25/75] snip_16694.990_16767.640.flac
2140.0s - extractor 0: Karlan Forrester - Soybean Attractiveness/EBN/4/210721_0930 snip [26/75] snip_167370.000_167433.000.flac
2140.3s - extractor 0: Karlan Forrester - Soybean Attractiveness/EBN/4/210721_0930 snip [27/75] snip_17348.820_17411.820.flac
2140.5s - extractor 0: Karlan Forrester - Soybean Attractiveness/EBN/4/210721_0930 snip [28/75] snip_17682.600_17743.600.flac
2140.8s - extractor 0: Karlan Forrester - Soybean Attractiveness/EBN/4/210721_0930 snip [29/75] snip_17767.000_17830.000.flac
2141.0s - extractor 0: Karlan Forrester - Soybean Attractiveness/EBN/4/210721_0930 snip [30/75] snip_17934.790_17997.790.flac
2141.3s - extractor 0: Karlan Forrester - Soybean Attractiveness/EBN/4/210721_0930 snip [31/75] snip_18205.030_18268.030.flac
2141.6s - extractor 0: Karlan Forrester - Soybean Attractiveness/EBN/4/210721_0930 snip [32/75] snip_18630.190_18691.180.flac
2141.8s - extractor 0: Karlan Forrester - Soybean Attractiveness/EBN/4/210721_0930 snip [33/75] snip_21127.620_21190.620.flac
2142.1s - extractor 0: Karlan Forrester - Soybean Attractiveness/EBN/4/210721_0930 snip [34/75] snip_2154.290_2217.290.flac
2142.3s - extractor 0: Karlan Forrester - Soybean Attractiveness/EBN/4/210721_0930 snip [35/75] snip_21611.890_21673.040.flac
2142.6s - extractor 0: Karlan Forrester - Soybean Attractiveness/EBN/4/210721_0930 snip [36/75] snip_24249.910_24312.910.flac
2142.8s - extractor 0: Karlan Forrester - Soybean Attractiveness/EBN/4/210721_0930 snip [37/75] snip_25900.960_25961.960.flac
2143.1s - extractor 0: Karlan Forrester - Soybean Attractiveness/EBN/4/210721_0930 snip [38/75] snip_26017.720_26078.720.flac
2143.3s - extractor 0: Karlan Forrester - Soybean Attractiveness/EBN/4/210721_0930 snip [39/75] snip_26126.190_26218.120.flac
2144.0s - extractor 0: Karlan Forrester - Soybean Attractiveness/EBN/4/210721_0930 snip [40/75] snip_26248.500_26356.260.flac
2145.2s - extractor 0: Karlan Forrester - Soybean Attractiveness/EBN/4/210721_0930 snip [41/75] snip_29881.800_29944.800.flac
2145.5s - extractor 0: Karlan Forrester - Soybean Attractiveness/EBN/4/210721_0930 snip [42/75] snip_30280.580_30343.580.flac
2145.8s - extractor 0: Karlan Forrester - Soybean Attractiveness/EBN/4/210721_0930 snip [43/75] snip_30442.040_30503.040.flac
2146.0s - extractor 0: Karlan Forrester - Soybean Attractiveness/EBN/4/210721_0930 snip [44/75] snip_31919.890_31982.890.flac
2146.3s - extractor 0: Karlan Forrester - Soybean Attractiveness/EBN/4/210721_0930 snip [45/75] snip_3289.210_3367.110.flac
2147.0s - extractor 0: Karlan Forrester - Soybean Attractiveness/EBN/4/210721_0930 snip [46/75] snip_34073.780_34136.780.flac
2147.2s - extractor 0: Karlan Forrester - Soybean Attractiveness/EBN/4/210721_0930 snip [47/75] snip_35145.940_35208.940.flac
2147.5s - extractor 0: Karlan Forrester - Soybean Attractiveness/EBN/4/210721_0930 snip [48/75] snip_35911.080_35974.080.flac
2147.8s - extractor 0: Karlan Forrester - Soybean Attractiveness/EBN/4/210721_0930 snip [49/75] snip_36478.740_36541.740.flac
2148.0s - extractor 0: Karlan Forrester - Soybean Attractiveness/EBN/4/210721_0930 snip [50/75] snip_36678.570_36739.570.flac
2148.3s - extractor 0: Karlan Forrester - Soybean Attractiveness/EBN/4/210721_0930 snip [51/75] snip_3853.760_4224.910.flac
2154.9s - extractor 0: rescued 'ambient_noise' at 4022.510s (0.280s) as ambient_noise
2154.9s - extractor 0: Karlan Forrester - Soybean Attractiveness/EBN/4/210721_0930 snip [52/75] snip_44970.000_45033.000.flac
2155.1s - extractor 0: Karlan Forrester - Soybean Attractiveness/EBN/4/210721_0930 snip [53/75] snip_48570.000_48633.000.flac
2155.4s - extractor 0: Karlan Forrester - Soybean Attractiveness/EBN/4/210721_0930 snip [54/75] snip_4881.260_4942.260.flac
2155.6s - extractor 0: Karlan Forrester - Soybean Attractiveness/EBN/4/210721_0930 snip [55/75] snip_52170.000_52233.000.flac
2155.9s - extractor 0: Karlan Forrester - Soybean Attractiveness/EBN/4/210721_0930 snip [56/75] snip_5382.680_5445.680.flac
2156.2s - extractor 0: Karlan Forrester - Soybean Attractiveness/EBN/4/210721_0930 snip [57/75] snip_55770.000_55833.000.flac
2156.4s - extractor 0: Karlan Forrester - Soybean Attractiveness/EBN/4/210721_0930 snip [58/75] snip_56715.880_56778.880.flac
2156.7s - extractor 0: Karlan Forrester - Soybean Attractiveness/EBN/4/210721_0930 snip [59/75] snip_59370.000_59433.000.flac
2157.0s - extractor 0: Karlan Forrester - Soybean Attractiveness/EBN/4/210721_0930 snip [60/75] snip_62970.000_63033.000.flac
2157.2s - extractor 0: Karlan Forrester - Soybean Attractiveness/EBN/4/210721_0930 snip [61/75] snip_66570.000_66633.000.flac
2157.5s - extractor 0: Karlan Forrester - Soybean Attractiveness/EBN/4/210721_0930 snip [62/75] snip_73770.000_73833.000.flac
2157.7s - extractor 0: Karlan Forrester - Soybean Attractiveness/EBN/4/210721_0930 snip [63/75] snip_7495.650_7558.650.flac
2158.0s - extractor 0: Karlan Forrester - Soybean Attractiveness/EBN/4/210721_0930 snip [64/75] snip_7664.780_7725.780.flac
2158.3s - extractor 0: Karlan Forrester - Soybean Attractiveness/EBN/4/210721_0930 snip [65/75] snip_82736.530_82799.530.flac
2158.5s - extractor 0: Karlan Forrester - Soybean Attractiveness/EBN/4/210721_0930 snip [66/75] snip_8626.580_8694.320.flac
2159.0s - extractor 0: Karlan Forrester - Soybean Attractiveness/EBN/4/210721_0930 snip [67/75] snip_8800.840_8861.840.flac
2159.2s - extractor 0: Karlan Forrester - Soybean Attractiveness/EBN/4/210721_0930 snip [68/75] snip_89934.480_89997.480.flac
2159.5s - extractor 0: Karlan Forrester - Soybean Attractiveness/EBN/4/210721_0930 snip [69/75] snip_92824.900_92887.900.flac
2159.8s - extractor 0: Karlan Forrester - Soybean Attractiveness/EBN/4/210721_0930 snip [70/75] snip_94266.380_94331.910.flac
2160.5s - extractor 0: Karlan Forrester - Soybean Attractiveness/EBN/4/210721_0930 snip [71/75] snip_94512.730_94778.240.flac
2163.1s - extractor 0: Karlan Forrester - Soybean Attractiveness/EBN/4/210721_0930 snip [72/75] snip_94792.610_94854.230.flac
2163.3s - extractor 0: Karlan Forrester - Soybean Attractiveness/EBN/4/210721_0930 snip [73/75] snip_9659.650_9722.650.flac
2163.6s - extractor 0: Karlan Forrester - Soybean Attractiveness/EBN/4/210721_0930 snip [74/75] snip_98306.880_98367.880.flac
2163.9s - extractor 0: Karlan Forrester - Soybean Attractiveness/EBN/4/210721_0930 snip [75/75] snip_99239.570_99302.570.flac
2164.2s - extractor 0: [72] Karlan Forrester - Soybean Attractiveness/EBN/4/210721_0930 — 75 snip(s) → 585 frames, 13 label(s) (ident took 32.1s)
2164.2s - extractor 0: [73] Karlan Forrester - Soybean Attractiveness/EBN/4/210723_1112 — starting (embeddings)
2164.2s - extractor 0: Karlan Forrester - Soybean Attractiveness/EBN/4/210723_1112 snip [1/37] snip_100931.700_100994.700.flac
2164.5s - extractor 0: Karlan Forrester - Soybean Attractiveness/EBN/4/210723_1112 snip [2/37] snip_102447.320_102510.320.flac
2164.7s - extractor 0: Karlan Forrester - Soybean Attractiveness/EBN/4/210723_1112 snip [3/37] snip_103645.590_103708.590.flac
2165.0s - extractor 0: Karlan Forrester - Soybean Attractiveness/EBN/4/210723_1112 snip [4/37] snip_104091.730_104152.750.flac
2165.3s - extractor 0: Karlan Forrester - Soybean Attractiveness/EBN/4/210723_1112 snip [5/37] snip_104160.960_104221.960.flac
2165.5s - extractor 0: Karlan Forrester - Soybean Attractiveness/EBN/4/210723_1112 snip [6/37] snip_104592.760_104655.760.flac
2165.8s - extractor 0: Karlan Forrester - Soybean Attractiveness/EBN/4/210723_1112 snip [7/37] snip_12829.640_12892.870.flac
2166.0s - extractor 0: Karlan Forrester - Soybean Attractiveness/EBN/4/210723_1112 snip [8/37] snip_14303.910_14366.910.flac
2166.3s - extractor 0: Karlan Forrester - Soybean Attractiveness/EBN/4/210723_1112 snip [9/37] snip_15861.590_15924.590.flac
2166.5s - extractor 0: Karlan Forrester - Soybean Attractiveness/EBN/4/210723_1112 snip [10/37] snip_16510.470_16573.470.flac
2166.8s - extractor 0: Karlan Forrester - Soybean Attractiveness/EBN/4/210723_1112 snip [11/37] snip_17531.280_17594.280.flac
2167.1s - extractor 0: Karlan Forrester - Soybean Attractiveness/EBN/4/210723_1112 snip [12/37] snip_18611.750_18674.750.flac
2167.3s - extractor 0: Karlan Forrester - Soybean Attractiveness/EBN/4/210723_1112 snip [13/37] snip_20865.480_20928.480.flac
2167.6s - extractor 0: Karlan Forrester - Soybean Attractiveness/EBN/4/210723_1112 snip [14/37] snip_21948.410_22308.650.flac
2172.2s - extractor 0: Karlan Forrester - Soybean Attractiveness/EBN/4/210723_1112 snip [15/37] snip_35250.000_35313.000.flac
2172.5s - extractor 0: Karlan Forrester - Soybean Attractiveness/EBN/4/210723_1112 snip [16/37] snip_38850.000_38913.000.flac
2172.7s - extractor 0: Karlan Forrester - Soybean Attractiveness/EBN/4/210723_1112 snip [17/37] snip_42450.000_42513.000.flac
2173.0s - extractor 0: Karlan Forrester - Soybean Attractiveness/EBN/4/210723_1112 snip [18/37] snip_46050.000_46113.000.flac
2173.3s - extractor 0: Karlan Forrester - Soybean Attractiveness/EBN/4/210723_1112 snip [19/37] snip_49650.000_49713.000.flac
2173.5s - extractor 0: Karlan Forrester - Soybean Attractiveness/EBN/4/210723_1112 snip [20/37] snip_53250.000_53313.000.flac
2173.8s - extractor 0: Karlan Forrester - Soybean Attractiveness/EBN/4/210723_1112 snip [21/37] snip_56850.000_56913.000.flac
2174.1s - extractor 0: Karlan Forrester - Soybean Attractiveness/EBN/4/210723_1112 snip [22/37] snip_57739.160_57802.160.flac
2174.3s - extractor 0: Karlan Forrester - Soybean Attractiveness/EBN/4/210723_1112 snip [23/37] snip_60450.000_60513.000.flac
2174.6s - extractor 0: Karlan Forrester - Soybean Attractiveness/EBN/4/210723_1112 snip [24/37] snip_64050.000_64113.000.flac
2174.8s - extractor 0: Karlan Forrester - Soybean Attractiveness/EBN/4/210723_1112 snip [25/37] snip_67650.000_67713.000.flac
2175.1s - extractor 0: Karlan Forrester - Soybean Attractiveness/EBN/4/210723_1112 snip [26/37] snip_71250.000_71313.000.flac
2175.4s - extractor 0: Karlan Forrester - Soybean Attractiveness/EBN/4/210723_1112 snip [27/37] snip_74850.000_74913.000.flac
2175.6s - extractor 0: Karlan Forrester - Soybean Attractiveness/EBN/4/210723_1112 snip [28/37] snip_75449.120_75809.120.flac
2180.1s - extractor 0: Karlan Forrester - Soybean Attractiveness/EBN/4/210723_1112 snip [29/37] snip_8843.650_8906.650.flac
2180.4s - extractor 0: Karlan Forrester - Soybean Attractiveness/EBN/4/210723_1112 snip [30/37] snip_90700.000_90765.610.flac
2180.7s - extractor 0: Karlan Forrester - Soybean Attractiveness/EBN/4/210723_1112 snip [31/37] snip_91324.360_91385.360.flac
2180.9s - extractor 0: Karlan Forrester - Soybean Attractiveness/EBN/4/210723_1112 snip [32/37] snip_93241.720_93304.720.flac
2181.2s - extractor 0: Karlan Forrester - Soybean Attractiveness/EBN/4/210723_1112 snip [33/37] snip_94286.770_94349.770.flac
2181.4s - extractor 0: Karlan Forrester - Soybean Attractiveness/EBN/4/210723_1112 snip [34/37] snip_96144.930_96207.930.flac
2181.7s - extractor 0: Karlan Forrester - Soybean Attractiveness/EBN/4/210723_1112 snip [35/37] snip_98573.560_98636.560.flac
2182.0s - extractor 0: Karlan Forrester - Soybean Attractiveness/EBN/4/210723_1112 snip [36/37] snip_99693.240_99756.240.flac
2182.2s - extractor 0: Karlan Forrester - Soybean Attractiveness/EBN/4/210723_1112 snip [37/37] snip_99773.580_99834.580.flac
2182.6s - extractor 0: [73] Karlan Forrester - Soybean Attractiveness/EBN/4/210723_1112 — 37 snip(s) → 544 frames, 10 label(s) (ident took 18.3s)
2182.6s - extractor 0: [74] Karlan Forrester - Soybean Attractiveness/EBN/4/210726_0950 — starting (embeddings)
2182.6s - extractor 0: Karlan Forrester - Soybean Attractiveness/EBN/4/210726_0950 snip [1/49] snip_0.000_48.800.flac
2183.3s - extractor 0: Karlan Forrester - Soybean Attractiveness/EBN/4/210726_0950 snip [2/49] snip_101243.730_101306.730.flac
2183.5s - extractor 0: Karlan Forrester - Soybean Attractiveness/EBN/4/210726_0950 snip [3/49] snip_103960.070_104025.490.flac
2183.8s - extractor 0: Karlan Forrester - Soybean Attractiveness/EBN/4/210726_0950 snip [4/49] snip_104811.080_104874.080.flac
2184.1s - extractor 0: Karlan Forrester - Soybean Attractiveness/EBN/4/210726_0950 snip [5/49] snip_105477.530_105538.530.flac
2184.3s - extractor 0: Karlan Forrester - Soybean Attractiveness/EBN/4/210726_0950 snip [6/49] snip_106053.110_106116.110.flac
2184.6s - extractor 0: Karlan Forrester - Soybean Attractiveness/EBN/4/210726_0950 snip [7/49] snip_108272.070_108335.070.flac
2184.9s - extractor 0: Karlan Forrester - Soybean Attractiveness/EBN/4/210726_0950 snip [8/49] snip_110066.900_110129.900.flac
2185.1s - extractor 0: Karlan Forrester - Soybean Attractiveness/EBN/4/210726_0950 snip [9/49] snip_111786.610_111849.610.flac
2185.4s - extractor 0: Karlan Forrester - Soybean Attractiveness/EBN/4/210726_0950 snip [10/49] snip_114119.880_114182.880.flac
2185.6s - extractor 0: Karlan Forrester - Soybean Attractiveness/EBN/4/210726_0950 snip [11/49] snip_115956.850_116019.850.flac
2185.9s - extractor 0: Karlan Forrester - Soybean Attractiveness/EBN/4/210726_0950 snip [12/49] snip_121397.360_121753.510.flac
2190.6s - extractor 0: rescued 'ambient_noise' at 121538.850s (0.240s) as ambient_noise+mech_auto
2190.6s - extractor 0: Karlan Forrester - Soybean Attractiveness/EBN/4/210726_0950 snip [13/49] snip_12195.530_12262.370.flac
2191.1s - extractor 0: Karlan Forrester - Soybean Attractiveness/EBN/4/210726_0950 snip [14/49] snip_126570.000_126633.000.flac
2191.3s - extractor 0: Karlan Forrester - Soybean Attractiveness/EBN/4/210726_0950 snip [15/49] snip_130170.000_130233.000.flac
2191.6s - extractor 0: Karlan Forrester - Soybean Attractiveness/EBN/4/210726_0950 snip [16/49] snip_133770.000_133833.000.flac
2191.9s - extractor 0: Karlan Forrester - Soybean Attractiveness/EBN/4/210726_0950 snip [17/49] snip_137370.000_137433.000.flac
2192.1s - extractor 0: Karlan Forrester - Soybean Attractiveness/EBN/4/210726_0950 snip [18/49] snip_14016.880_14089.330.flac
2192.8s - extractor 0: Karlan Forrester - Soybean Attractiveness/EBN/4/210726_0950 snip [19/49] snip_140970.000_141033.000.flac
2193.1s - extractor 0: Karlan Forrester - Soybean Attractiveness/EBN/4/210726_0950 snip [20/49] snip_144570.000_144633.000.flac
2193.4s - extractor 0: Karlan Forrester - Soybean Attractiveness/EBN/4/210726_0950 snip [21/49] snip_148170.000_148233.000.flac
2193.6s - extractor 0: Karlan Forrester - Soybean Attractiveness/EBN/4/210726_0950 snip [22/49] snip_166170.000_166233.000.flac
2193.9s - extractor 0: Karlan Forrester - Soybean Attractiveness/EBN/4/210726_0950 snip [23/49] snip_17579.870_17916.390.flac
2198.5s - extractor 0: Karlan Forrester - Soybean Attractiveness/EBN/4/210726_0950 snip [24/49] snip_20737.680_20800.680.flac
2198.7s - extractor 0: Karlan Forrester - Soybean Attractiveness/EBN/4/210726_0950 snip [25/49] snip_26353.910_26416.910.flac
2199.0s - extractor 0: Karlan Forrester - Soybean Attractiveness/EBN/4/210726_0950 snip [26/49] snip_27653.330_27716.330.flac
2199.3s - extractor 0: Karlan Forrester - Soybean Attractiveness/EBN/4/210726_0950 snip [27/49] snip_28429.220_28492.220.flac
2199.5s - extractor 0: Karlan Forrester - Soybean Attractiveness/EBN/4/210726_0950 snip [28/49] snip_29519.750_29582.750.flac
2199.8s - extractor 0: Karlan Forrester - Soybean Attractiveness/EBN/4/210726_0950 snip [29/49] snip_43770.000_43833.000.flac
2200.1s - extractor 0: Karlan Forrester - Soybean Attractiveness/EBN/4/210726_0950 snip [30/49] snip_47370.000_47433.000.flac
2200.3s - extractor 0: Karlan Forrester - Soybean Attractiveness/EBN/4/210726_0950 snip [31/49] snip_50970.000_51033.000.flac
2200.6s - extractor 0: Karlan Forrester - Soybean Attractiveness/EBN/4/210726_0950 snip [32/49] snip_5119.480_5182.480.flac
2200.9s - extractor 0: Karlan Forrester - Soybean Attractiveness/EBN/4/210726_0950 snip [33/49] snip_53276.320_53339.320.flac
2201.1s - extractor 0: Karlan Forrester - Soybean Attractiveness/EBN/4/210726_0950 snip [34/49] snip_54570.000_54633.000.flac
2201.4s - extractor 0: Karlan Forrester - Soybean Attractiveness/EBN/4/210726_0950 snip [35/49] snip_58170.000_58233.000.flac
2201.7s - extractor 0: Karlan Forrester - Soybean Attractiveness/EBN/4/210726_0950 snip [36/49] snip_61770.000_61833.000.flac
2201.9s - extractor 0: Karlan Forrester - Soybean Attractiveness/EBN/4/210726_0950 snip [37/49] snip_65370.000_65433.000.flac
2202.2s - extractor 0: Karlan Forrester - Soybean Attractiveness/EBN/4/210726_0950 snip [38/49] snip_68970.000_69033.000.flac
2202.4s - extractor 0: Karlan Forrester - Soybean Attractiveness/EBN/4/210726_0950 snip [39/49] snip_6921.440_7035.410.flac
2202.9s - extractor 0: Karlan Forrester - Soybean Attractiveness/EBN/4/210726_0950 snip [40/49] snip_72570.000_72633.000.flac
2203.2s - extractor 0: Karlan Forrester - Soybean Attractiveness/EBN/4/210726_0950 snip [41/49] snip_76170.000_76233.000.flac
2203.5s - extractor 0: Karlan Forrester - Soybean Attractiveness/EBN/4/210726_0950 snip [42/49] snip_77154.720_77217.720.flac
2203.7s - extractor 0: Karlan Forrester - Soybean Attractiveness/EBN/4/210726_0950 snip [43/49] snip_78875.720_78938.720.flac
2204.0s - extractor 0: Karlan Forrester - Soybean Attractiveness/EBN/4/210726_0950 snip [44/49] snip_79770.000_79833.000.flac
2204.3s - extractor 0: Karlan Forrester - Soybean Attractiveness/EBN/4/210726_0950 snip [45/49] snip_80706.450_80769.450.flac
2204.5s - extractor 0: Karlan Forrester - Soybean Attractiveness/EBN/4/210726_0950 snip [46/49] snip_82708.660_82771.660.flac
2204.8s - extractor 0: Karlan Forrester - Soybean Attractiveness/EBN/4/210726_0950 snip [47/49] snip_84426.770_84489.770.flac
2205.0s - extractor 0: Karlan Forrester - Soybean Attractiveness/EBN/4/210726_0950 snip [48/49] snip_91661.380_91724.380.flac
2205.3s - extractor 0: Karlan Forrester - Soybean Attractiveness/EBN/4/210726_0950 snip [49/49] snip_97155.470_97216.500.flac
2205.6s - extractor 0: [74] Karlan Forrester - Soybean Attractiveness/EBN/4/210726_0950 — 49 snip(s) → 593 frames, 13 label(s) (ident took 23.1s)
2205.6s - extractor 0: [75] Karlan Forrester - Soybean Attractiveness/EBN/4/210728_1132 — starting (embeddings)
2205.6s - extractor 0: Karlan Forrester - Soybean Attractiveness/EBN/4/210728_1132 snip [1/11] snip_10464.320_10527.320.flac
2205.9s - extractor 0: Karlan Forrester - Soybean Attractiveness/EBN/4/210728_1132 snip [2/11] snip_1081.880_1142.880.flac
2206.1s - extractor 0: Karlan Forrester - Soybean Attractiveness/EBN/4/210728_1132 snip [3/11] snip_12157.720_12272.230.flac
2208.3s - extractor 0: Karlan Forrester - Soybean Attractiveness/EBN/4/210728_1132 snip [4/11] snip_12383.960_12444.960.flac
2208.5s - extractor 0: Karlan Forrester - Soybean Attractiveness/EBN/4/210728_1132 snip [5/11] snip_12469.320_12693.830.flac
2212.8s - extractor 0: Karlan Forrester - Soybean Attractiveness/EBN/4/210728_1132 snip [6/11] snip_13544.090_13609.340.flac
2213.1s - extractor 0: Karlan Forrester - Soybean Attractiveness/EBN/4/210728_1132 snip [7/11] snip_13845.720_13931.100.flac
2213.9s - extractor 0: Karlan Forrester - Soybean Attractiveness/EBN/4/210728_1132 snip [8/11] snip_15023.240_15086.240.flac
2214.1s - extractor 0: Karlan Forrester - Soybean Attractiveness/EBN/4/210728_1132 snip [9/11] snip_2446.750_2800.860.flac
2219.6s - extractor 0: Karlan Forrester - Soybean Attractiveness/EBN/4/210728_1132 snip [10/11] snip_6547.890_6608.940.flac
2219.8s - extractor 0: Karlan Forrester - Soybean Attractiveness/EBN/4/210728_1132 snip [11/11] snip_7832.100_7895.100.flac
2220.1s - extractor 0: [75] Karlan Forrester - Soybean Attractiveness/EBN/4/210728_1132 — 11 snip(s) → 261 frames, 7 label(s) (ident took 14.5s)
2220.1s - extractor 0: [76] Karlan Forrester - Soybean Attractiveness/EBN/4/210805_0800 — starting (embeddings)
2220.1s - extractor 0: Karlan Forrester - Soybean Attractiveness/EBN/4/210805_0800 snip [1/50] snip_0.000_83.730.flac
2223.2s - extractor 0: Karlan Forrester - Soybean Attractiveness/EBN/4/210805_0800 snip [2/50] snip_101740.450_101803.450.flac
2223.5s - extractor 0: Karlan Forrester - Soybean Attractiveness/EBN/4/210805_0800 snip [3/50] snip_106166.020_106229.020.flac
2223.7s - extractor 0: Karlan Forrester - Soybean Attractiveness/EBN/4/210805_0800 snip [4/50] snip_107910.500_107973.500.flac
2224.0s - extractor 0: Karlan Forrester - Soybean Attractiveness/EBN/4/210805_0800 snip [5/50] snip_108829.240_108892.240.flac
2224.2s - extractor 0: Karlan Forrester - Soybean Attractiveness/EBN/4/210805_0800 snip [6/50] snip_110055.560_110147.630.flac
2224.8s - extractor 0: Karlan Forrester - Soybean Attractiveness/EBN/4/210805_0800 snip [7/50] snip_111345.490_111408.490.flac
2225.1s - extractor 0: Karlan Forrester - Soybean Attractiveness/EBN/4/210805_0800 snip [8/50] snip_111965.330_112028.330.flac
2225.4s - extractor 0: Karlan Forrester - Soybean Attractiveness/EBN/4/210805_0800 snip [9/50] snip_113591.350_113654.350.flac
2225.6s - extractor 0: Karlan Forrester - Soybean Attractiveness/EBN/4/210805_0800 snip [10/50] snip_115982.440_116045.440.flac
2225.9s - extractor 0: Karlan Forrester - Soybean Attractiveness/EBN/4/210805_0800 snip [11/50] snip_121576.820_121639.820.flac
2226.2s - extractor 0: Karlan Forrester - Soybean Attractiveness/EBN/4/210805_0800 snip [12/50] snip_133170.000_133233.000.flac
2226.4s - extractor 0: Karlan Forrester - Soybean Attractiveness/EBN/4/210805_0800 snip [13/50] snip_136770.000_136833.000.flac
2226.7s - extractor 0: Karlan Forrester - Soybean Attractiveness/EBN/4/210805_0800 snip [14/50] snip_140370.000_140433.000.flac
2227.0s - extractor 0: Karlan Forrester - Soybean Attractiveness/EBN/4/210805_0800 snip [15/50] snip_143970.000_144033.000.flac
2227.2s - extractor 0: Karlan Forrester - Soybean Attractiveness/EBN/4/210805_0800 snip [16/50] snip_147570.000_147633.000.flac
2227.5s - extractor 0: Karlan Forrester - Soybean Attractiveness/EBN/4/210805_0800 snip [17/50] snip_151170.000_151233.000.flac
2227.8s - extractor 0: Karlan Forrester - Soybean Attractiveness/EBN/4/210805_0800 snip [18/50] snip_1513.910_1576.910.flac
2228.0s - extractor 0: Karlan Forrester - Soybean Attractiveness/EBN/4/210805_0800 snip [19/50] snip_15496.230_15559.230.flac
2228.3s - extractor 0: Karlan Forrester - Soybean Attractiveness/EBN/4/210805_0800 snip [20/50] snip_15716.480_15785.880.flac
2228.8s - extractor 0: Karlan Forrester - Soybean Attractiveness/EBN/4/210805_0800 snip [21/50] snip_18936.330_19296.170.flac
2233.1s - extractor 0: Karlan Forrester - Soybean Attractiveness/EBN/4/210805_0800 snip [22/50] snip_22778.410_22839.410.flac
2233.3s - extractor 0: Karlan Forrester - Soybean Attractiveness/EBN/4/210805_0800 snip [23/50] snip_2308.360_2371.360.flac
2233.6s - extractor 0: Karlan Forrester - Soybean Attractiveness/EBN/4/210805_0800 snip [24/50] snip_23994.730_24058.350.flac
2233.8s - extractor 0: Karlan Forrester - Soybean Attractiveness/EBN/4/210805_0800 snip [25/50] snip_24636.920_24699.920.flac
2234.1s - extractor 0: Karlan Forrester - Soybean Attractiveness/EBN/4/210805_0800 snip [26/50] snip_24720.880_24781.880.flac
2234.3s - extractor 0: Karlan Forrester - Soybean Attractiveness/EBN/4/210805_0800 snip [27/50] snip_2574.550_2637.550.flac
2234.6s - extractor 0: Karlan Forrester - Soybean Attractiveness/EBN/4/210805_0800 snip [28/50] snip_27807.280_28166.320.flac
2246.2s - extractor 0: Karlan Forrester - Soybean Attractiveness/EBN/4/210805_0800 snip [29/50] snip_2979.120_3042.120.flac
2246.4s - extractor 0: Karlan Forrester - Soybean Attractiveness/EBN/4/210805_0800 snip [30/50] snip_30940.840_31272.650.flac
2249.4s - extractor 0: Karlan Forrester - Soybean Attractiveness/EBN/4/210805_0800 snip [31/50] snip_31278.980_31341.980.flac
2249.7s - extractor 0: Karlan Forrester - Soybean Attractiveness/EBN/4/210805_0800 snip [32/50] snip_37262.830_37621.930.flac
2262.6s - extractor 0: Karlan Forrester - Soybean Attractiveness/EBN/4/210805_0800 snip [33/50] snip_46770.000_46833.000.flac
2262.9s - extractor 0: Karlan Forrester - Soybean Attractiveness/EBN/4/210805_0800 snip [34/50] snip_50370.000_50433.000.flac
2263.2s - extractor 0: Karlan Forrester - Soybean Attractiveness/EBN/4/210805_0800 snip [35/50] snip_53970.000_54033.000.flac
2263.4s - extractor 0: Karlan Forrester - Soybean Attractiveness/EBN/4/210805_0800 snip [36/50] snip_5756.770_5819.770.flac
2263.7s - extractor 0: Karlan Forrester - Soybean Attractiveness/EBN/4/210805_0800 snip [37/50] snip_57570.000_57633.000.flac
2264.0s - extractor 0: Karlan Forrester - Soybean Attractiveness/EBN/4/210805_0800 snip [38/50] snip_59645.570_59708.570.flac
2264.2s - extractor 0: Karlan Forrester - Soybean Attractiveness/EBN/4/210805_0800 snip [39/50] snip_61170.000_61233.000.flac
2264.5s - extractor 0: Karlan Forrester - Soybean Attractiveness/EBN/4/210805_0800 snip [40/50] snip_637.280_700.280.flac
2264.8s - extractor 0: Karlan Forrester - Soybean Attractiveness/EBN/4/210805_0800 snip [41/50] snip_64770.000_64833.000.flac
2265.0s - extractor 0: Karlan Forrester - Soybean Attractiveness/EBN/4/210805_0800 snip [42/50] snip_68370.000_68433.000.flac
2265.3s - extractor 0: Karlan Forrester - Soybean Attractiveness/EBN/4/210805_0800 snip [43/50] snip_79170.000_79233.000.flac
2265.5s - extractor 0: Karlan Forrester - Soybean Attractiveness/EBN/4/210805_0800 snip [44/50] snip_8216.000_8277.000.flac
2265.8s - extractor 0: Karlan Forrester - Soybean Attractiveness/EBN/4/210805_0800 snip [45/50] snip_83492.360_83555.360.flac
2266.0s - extractor 0: Karlan Forrester - Soybean Attractiveness/EBN/4/210805_0800 snip [46/50] snip_85432.600_85495.600.flac
2266.3s - extractor 0: Karlan Forrester - Soybean Attractiveness/EBN/4/210805_0800 snip [47/50] snip_86370.000_86433.000.flac
2266.6s - extractor 0: Karlan Forrester - Soybean Attractiveness/EBN/4/210805_0800 snip [48/50] snip_87877.920_87940.920.flac
2266.8s - extractor 0: Karlan Forrester - Soybean Attractiveness/EBN/4/210805_0800 snip [49/50] snip_88995.120_89058.120.flac
2267.1s - extractor 0: Karlan Forrester - Soybean Attractiveness/EBN/4/210805_0800 snip [50/50] snip_93491.480_93554.480.flac
2267.5s - extractor 0: [76] Karlan Forrester - Soybean Attractiveness/EBN/4/210805_0800 — 50 snip(s) → 1206 frames, 27 label(s) (ident took 47.4s)
2267.5s - extractor 0: [77] Karlan Forrester - Soybean Attractiveness/L6-8/4/210721_0855 — starting (embeddings)
2267.5s - extractor 0: Karlan Forrester - Soybean Attractiveness/L6-8/4/210721_0855 snip [1/104] snip_0.000_36.800.flac
2268.0s - extractor 0: Karlan Forrester - Soybean Attractiveness/L6-8/4/210721_0855 snip [2/104] snip_100012.840_100075.840.flac
2268.3s - extractor 0: Karlan Forrester - Soybean Attractiveness/L6-8/4/210721_0855 snip [3/104] snip_102444.740_102507.740.flac
2268.5s - extractor 0: Karlan Forrester - Soybean Attractiveness/L6-8/4/210721_0855 snip [4/104] snip_10293.180_10354.180.flac
2268.8s - extractor 0: Karlan Forrester - Soybean Attractiveness/L6-8/4/210721_0855 snip [5/104] snip_104286.450_104347.470.flac
2269.0s - extractor 0: Karlan Forrester - Soybean Attractiveness/L6-8/4/210721_0855 snip [6/104] snip_1043.310_1104.370.flac
2269.3s - extractor 0: Karlan Forrester - Soybean Attractiveness/L6-8/4/210721_0855 snip [7/104] snip_104581.520_104642.520.flac
2269.5s - extractor 0: Karlan Forrester - Soybean Attractiveness/L6-8/4/210721_0855 snip [8/104] snip_105294.280_105355.280.flac
2269.7s - extractor 0: Karlan Forrester - Soybean Attractiveness/L6-8/4/210721_0855 snip [9/104] snip_107583.560_107646.560.flac
2270.0s - extractor 0: Karlan Forrester - Soybean Attractiveness/L6-8/4/210721_0855 snip [10/104] snip_108321.780_108384.780.flac
2270.3s - extractor 0: Karlan Forrester - Soybean Attractiveness/L6-8/4/210721_0855 snip [11/104] snip_109059.340_109120.340.flac
2270.5s - extractor 0: Karlan Forrester - Soybean Attractiveness/L6-8/4/210721_0855 snip [12/104] snip_109314.400_109377.400.flac
2270.8s - extractor 0: Karlan Forrester - Soybean Attractiveness/L6-8/4/210721_0855 snip [13/104] snip_110147.440_110208.440.flac
2271.0s - extractor 0: Karlan Forrester - Soybean Attractiveness/L6-8/4/210721_0855 snip [14/104] snip_110250.600_110313.600.flac
2271.3s - extractor 0: Karlan Forrester - Soybean Attractiveness/L6-8/4/210721_0855 snip [15/104] snip_110560.630_110623.630.flac
2271.5s - extractor 0: Karlan Forrester - Soybean Attractiveness/L6-8/4/210721_0855 snip [16/104] snip_111285.810_111348.810.flac
2271.8s - extractor 0: Karlan Forrester - Soybean Attractiveness/L6-8/4/210721_0855 snip [17/104] snip_11153.820_11214.820.flac
2272.1s - extractor 0: Karlan Forrester - Soybean Attractiveness/L6-8/4/210721_0855 snip [18/104] snip_111805.520_111866.640.flac
2272.3s - extractor 0: Karlan Forrester - Soybean Attractiveness/L6-8/4/210721_0855 snip [19/104] snip_111997.320_112069.620.flac
2273.0s - extractor 0: Karlan Forrester - Soybean Attractiveness/L6-8/4/210721_0855 snip [20/104] snip_112288.190_112349.190.flac
2273.2s - extractor 0: Karlan Forrester - Soybean Attractiveness/L6-8/4/210721_0855 snip [21/104] snip_112616.310_112679.310.flac
2273.5s - extractor 0: Karlan Forrester - Soybean Attractiveness/L6-8/4/210721_0855 snip [22/104] snip_11305.010_11366.000.flac
2273.7s - extractor 0: Karlan Forrester - Soybean Attractiveness/L6-8/4/210721_0855 snip [23/104] snip_113157.740_113218.740.flac
2274.0s - extractor 0: Karlan Forrester - Soybean Attractiveness/L6-8/4/210721_0855 snip [24/104] snip_113924.470_113987.470.flac
2274.3s - extractor 0: Karlan Forrester - Soybean Attractiveness/L6-8/4/210721_0855 snip [25/104] snip_114025.640_114106.550.flac
2274.7s - extractor 0: Karlan Forrester - Soybean Attractiveness/L6-8/4/210721_0855 snip [26/104] snip_114543.360_114606.360.flac
2275.0s - extractor 0: Karlan Forrester - Soybean Attractiveness/L6-8/4/210721_0855 snip [27/104] snip_115905.410_116028.430.flac
2275.5s - extractor 0: Karlan Forrester - Soybean Attractiveness/L6-8/4/210721_0855 snip [28/104] snip_117810.930_117873.930.flac
2275.8s - extractor 0: Karlan Forrester - Soybean Attractiveness/L6-8/4/210721_0855 snip [29/104] snip_11862.270_11925.720.flac
2276.2s - extractor 0: Karlan Forrester - Soybean Attractiveness/L6-8/4/210721_0855 snip [30/104] snip_119367.760_119430.760.flac
2276.5s - extractor 0: Karlan Forrester - Soybean Attractiveness/L6-8/4/210721_0855 snip [31/104] snip_121056.790_121119.790.flac
2276.8s - extractor 0: Karlan Forrester - Soybean Attractiveness/L6-8/4/210721_0855 snip [32/104] snip_12453.980_12514.980.flac
2277.0s - extractor 0: Karlan Forrester - Soybean Attractiveness/L6-8/4/210721_0855 snip [33/104] snip_129870.000_129933.000.flac
2277.3s - extractor 0: Karlan Forrester - Soybean Attractiveness/L6-8/4/210721_0855 snip [34/104] snip_133470.000_133533.000.flac
2277.5s - extractor 0: Karlan Forrester - Soybean Attractiveness/L6-8/4/210721_0855 snip [35/104] snip_13470.700_13531.700.flac
2277.8s - extractor 0: Karlan Forrester - Soybean Attractiveness/L6-8/4/210721_0855 snip [36/104] snip_137070.000_137133.000.flac
2278.0s - extractor 0: Karlan Forrester - Soybean Attractiveness/L6-8/4/210721_0855 snip [37/104] snip_13991.440_14054.440.flac
2278.3s - extractor 0: Karlan Forrester - Soybean Attractiveness/L6-8/4/210721_0855 snip [38/104] snip_140670.000_140733.000.flac
2278.6s - extractor 0: Karlan Forrester - Soybean Attractiveness/L6-8/4/210721_0855 snip [39/104] snip_144270.000_144333.000.flac
2278.8s - extractor 0: Karlan Forrester - Soybean Attractiveness/L6-8/4/210721_0855 snip [40/104] snip_14479.860_14541.010.flac
2279.1s - extractor 0: Karlan Forrester - Soybean Attractiveness/L6-8/4/210721_0855 snip [41/104] snip_147870.000_147933.000.flac
2279.3s - extractor 0: Karlan Forrester - Soybean Attractiveness/L6-8/4/210721_0855 snip [42/104] snip_151470.000_151533.000.flac
2279.6s - extractor 0: Karlan Forrester - Soybean Attractiveness/L6-8/4/210721_0855 snip [43/104] snip_15406.900_15467.890.flac
2279.8s - extractor 0: Karlan Forrester - Soybean Attractiveness/L6-8/4/210721_0855 snip [44/104] snip_155070.000_155133.000.flac
2280.1s - extractor 0: Karlan Forrester - Soybean Attractiveness/L6-8/4/210721_0855 snip [45/104] snip_15849.900_15919.010.flac
2280.6s - extractor 0: Karlan Forrester - Soybean Attractiveness/L6-8/4/210721_0855 snip [46/104] snip_158670.000_158733.000.flac
2280.9s - extractor 0: Karlan Forrester - Soybean Attractiveness/L6-8/4/210721_0855 snip [47/104] snip_15984.680_16098.880.flac
2281.8s - extractor 0: Karlan Forrester - Soybean Attractiveness/L6-8/4/210721_0855 snip [48/104] snip_162270.000_162333.000.flac
2282.1s - extractor 0: Karlan Forrester - Soybean Attractiveness/L6-8/4/210721_0855 snip [49/104] snip_165870.000_165933.000.flac
2282.3s - extractor 0: Karlan Forrester - Soybean Attractiveness/L6-8/4/210721_0855 snip [50/104] snip_169470.000_169533.000.flac
2282.6s - extractor 0: Karlan Forrester - Soybean Attractiveness/L6-8/4/210721_0855 snip [51/104] snip_18436.570_18497.570.flac
2282.8s - extractor 0: Karlan Forrester - Soybean Attractiveness/L6-8/4/210721_0855 snip [52/104] snip_19284.810_19345.810.flac
2283.1s - extractor 0: Karlan Forrester - Soybean Attractiveness/L6-8/4/210721_0855 snip [53/104] snip_20253.520_20316.520.flac
2283.3s - extractor 0: Karlan Forrester - Soybean Attractiveness/L6-8/4/210721_0855 snip [54/104] snip_21805.150_21866.150.flac
2283.6s - extractor 0: Karlan Forrester - Soybean Attractiveness/L6-8/4/210721_0855 snip [55/104] snip_22395.820_22459.650.flac
2284.1s - extractor 0: Karlan Forrester - Soybean Attractiveness/L6-8/4/210721_0855 snip [56/104] snip_22710.440_22771.440.flac
2284.3s - extractor 0: Karlan Forrester - Soybean Attractiveness/L6-8/4/210721_0855 snip [57/104] snip_22986.220_23047.280.flac
2284.6s - extractor 0: Karlan Forrester - Soybean Attractiveness/L6-8/4/210721_0855 snip [58/104] snip_23067.700_23128.750.flac
2284.8s - extractor 0: Karlan Forrester - Soybean Attractiveness/L6-8/4/210721_0855 snip [59/104] snip_23900.240_23963.240.flac
2285.1s - extractor 0: Karlan Forrester - Soybean Attractiveness/L6-8/4/210721_0855 snip [60/104] snip_24085.010_24146.190.flac
2285.3s - extractor 0: Karlan Forrester - Soybean Attractiveness/L6-8/4/210721_0855 snip [61/104] snip_24920.930_24983.930.flac
2285.6s - extractor 0: Karlan Forrester - Soybean Attractiveness/L6-8/4/210721_0855 snip [62/104] snip_25890.060_25951.120.flac
2285.8s - extractor 0: Karlan Forrester - Soybean Attractiveness/L6-8/4/210721_0855 snip [63/104] snip_27113.800_27176.800.flac
2286.1s - extractor 0: Karlan Forrester - Soybean Attractiveness/L6-8/4/210721_0855 snip [64/104] snip_28763.120_28826.120.flac
2286.3s - extractor 0: Karlan Forrester - Soybean Attractiveness/L6-8/4/210721_0855 snip [65/104] snip_29056.100_29119.100.flac
2286.6s - extractor 0: Karlan Forrester - Soybean Attractiveness/L6-8/4/210721_0855 snip [66/104] snip_29723.780_29786.780.flac
2286.9s - extractor 0: Karlan Forrester - Soybean Attractiveness/L6-8/4/210721_0855 snip [67/104] snip_30271.890_30334.890.flac
2287.1s - extractor 0: Karlan Forrester - Soybean Attractiveness/L6-8/4/210721_0855 snip [68/104] snip_30565.600_30628.600.flac
2287.4s - extractor 0: Karlan Forrester - Soybean Attractiveness/L6-8/4/210721_0855 snip [69/104] snip_31403.940_31466.940.flac
2287.6s - extractor 0: Karlan Forrester - Soybean Attractiveness/L6-8/4/210721_0855 snip [70/104] snip_32969.600_33032.600.flac
2287.9s - extractor 0: Karlan Forrester - Soybean Attractiveness/L6-8/4/210721_0855 snip [71/104] snip_34238.280_34301.280.flac
2288.2s - extractor 0: Karlan Forrester - Soybean Attractiveness/L6-8/4/210721_0855 snip [72/104] snip_35538.400_35601.400.flac
2288.4s - extractor 0: Karlan Forrester - Soybean Attractiveness/L6-8/4/210721_0855 snip [73/104] snip_37230.020_37293.020.flac
2288.7s - extractor 0: Karlan Forrester - Soybean Attractiveness/L6-8/4/210721_0855 snip [74/104] snip_43470.000_43533.000.flac
2289.0s - extractor 0: Karlan Forrester - Soybean Attractiveness/L6-8/4/210721_0855 snip [75/104] snip_47070.000_47133.000.flac
2289.2s - extractor 0: Karlan Forrester - Soybean Attractiveness/L6-8/4/210721_0855 snip [76/104] snip_4776.110_4837.170.flac
2289.5s - extractor 0: Karlan Forrester - Soybean Attractiveness/L6-8/4/210721_0855 snip [77/104] snip_50670.000_50733.000.flac
2289.7s - extractor 0: Karlan Forrester - Soybean Attractiveness/L6-8/4/210721_0855 snip [78/104] snip_54270.000_54333.000.flac
2290.0s - extractor 0: Karlan Forrester - Soybean Attractiveness/L6-8/4/210721_0855 snip [79/104] snip_57870.000_57933.000.flac
2290.3s - extractor 0: Karlan Forrester - Soybean Attractiveness/L6-8/4/210721_0855 snip [80/104] snip_58770.370_58833.370.flac
2290.5s - extractor 0: Karlan Forrester - Soybean Attractiveness/L6-8/4/210721_0855 snip [81/104] snip_61470.000_61533.000.flac
2290.8s - extractor 0: Karlan Forrester - Soybean Attractiveness/L6-8/4/210721_0855 snip [82/104] snip_65070.000_65133.000.flac
2291.1s - extractor 0: Karlan Forrester - Soybean Attractiveness/L6-8/4/210721_0855 snip [83/104] snip_6801.520_6864.520.flac
2291.3s - extractor 0: Karlan Forrester - Soybean Attractiveness/L6-8/4/210721_0855 snip [84/104] snip_68670.000_68733.000.flac
2291.6s - extractor 0: Karlan Forrester - Soybean Attractiveness/L6-8/4/210721_0855 snip [85/104] snip_72270.000_72333.000.flac
2291.9s - extractor 0: Karlan Forrester - Soybean Attractiveness/L6-8/4/210721_0855 snip [86/104] snip_75870.000_75933.000.flac
2292.1s - extractor 0: Karlan Forrester - Soybean Attractiveness/L6-8/4/210721_0855 snip [87/104] snip_79470.000_79533.000.flac
2292.4s - extractor 0: Karlan Forrester - Soybean Attractiveness/L6-8/4/210721_0855 snip [88/104] snip_79924.310_79987.310.flac
2292.7s - extractor 0: Karlan Forrester - Soybean Attractiveness/L6-8/4/210721_0855 snip [89/104] snip_80689.190_80752.190.flac
2292.9s - extractor 0: Karlan Forrester - Soybean Attractiveness/L6-8/4/210721_0855 snip [90/104] snip_81508.920_81571.920.flac
2293.2s - extractor 0: Karlan Forrester - Soybean Attractiveness/L6-8/4/210721_0855 snip [91/104] snip_83070.000_83133.000.flac
2293.5s - extractor 0: Karlan Forrester - Soybean Attractiveness/L6-8/4/210721_0855 snip [92/104] snip_83542.310_83605.310.flac
2293.7s - extractor 0: Karlan Forrester - Soybean Attractiveness/L6-8/4/210721_0855 snip [93/104] snip_85899.520_85962.520.flac
2294.0s - extractor 0: Karlan Forrester - Soybean Attractiveness/L6-8/4/210721_0855 snip [94/104] snip_8740.440_8801.440.flac
2294.2s - extractor 0: Karlan Forrester - Soybean Attractiveness/L6-8/4/210721_0855 snip [95/104] snip_87473.330_87536.330.flac
2294.5s - extractor 0: Karlan Forrester - Soybean Attractiveness/L6-8/4/210721_0855 snip [96/104] snip_88573.110_88636.110.flac
2294.8s - extractor 0: Karlan Forrester - Soybean Attractiveness/L6-8/4/210721_0855 snip [97/104] snip_91449.270_91512.270.flac
2295.0s - extractor 0: Karlan Forrester - Soybean Attractiveness/L6-8/4/210721_0855 snip [98/104] snip_94206.720_94269.720.flac
2295.3s - extractor 0: Karlan Forrester - Soybean Attractiveness/L6-8/4/210721_0855 snip [99/104] snip_94344.410_94405.410.flac
2295.5s - extractor 0: Karlan Forrester - Soybean Attractiveness/L6-8/4/210721_0855 snip [100/104] snip_94959.380_95022.380.flac
2295.8s - extractor 0: Karlan Forrester - Soybean Attractiveness/L6-8/4/210721_0855 snip [101/104] snip_96125.300_96188.300.flac
2296.1s - extractor 0: Karlan Forrester - Soybean Attractiveness/L6-8/4/210721_0855 snip [102/104] snip_96676.030_96737.030.flac
2296.3s - extractor 0: Karlan Forrester - Soybean Attractiveness/L6-8/4/210721_0855 snip [103/104] snip_96894.870_96957.870.flac
2296.6s - extractor 0: Karlan Forrester - Soybean Attractiveness/L6-8/4/210721_0855 snip [104/104] snip_97570.160_97633.160.flac
2296.9s - extractor 0: [77] Karlan Forrester - Soybean Attractiveness/L6-8/4/210721_0855 — 104 snip(s) → 368 frames, 7 label(s) (ident took 29.3s)
2296.9s - extractor 0: [78] Karlan Forrester - Soybean Attractiveness/L6-8/4/210723_1038 — starting (embeddings)
2296.9s - extractor 0: Karlan Forrester - Soybean Attractiveness/L6-8/4/210723_1038 snip [1/65] snip_10894.100_10957.100.flac
2297.2s - extractor 0: Karlan Forrester - Soybean Attractiveness/L6-8/4/210723_1038 snip [2/65] snip_11447.860_11510.860.flac
2297.4s - extractor 0: Karlan Forrester - Soybean Attractiveness/L6-8/4/210723_1038 snip [3/65] snip_12241.400_12302.400.flac
2297.7s - extractor 0: Karlan Forrester - Soybean Attractiveness/L6-8/4/210723_1038 snip [4/65] snip_12790.560_12853.560.flac
2297.9s - extractor 0: Karlan Forrester - Soybean Attractiveness/L6-8/4/210723_1038 snip [5/65] snip_14523.640_14586.640.flac
2298.2s - extractor 0: Karlan Forrester - Soybean Attractiveness/L6-8/4/210723_1038 snip [6/65] snip_15046.330_15107.330.flac
2298.4s - extractor 0: Karlan Forrester - Soybean Attractiveness/L6-8/4/210723_1038 snip [7/65] snip_15314.960_15429.860.flac
2298.9s - extractor 0: Karlan Forrester - Soybean Attractiveness/L6-8/4/210723_1038 snip [8/65] snip_15916.160_15979.160.flac
2299.2s - extractor 0: Karlan Forrester - Soybean Attractiveness/L6-8/4/210723_1038 snip [9/65] snip_16787.870_16848.870.flac
2299.4s - extractor 0: Karlan Forrester - Soybean Attractiveness/L6-8/4/210723_1038 snip [10/65] snip_17580.520_17643.520.flac
2299.7s - extractor 0: Karlan Forrester - Soybean Attractiveness/L6-8/4/210723_1038 snip [11/65] snip_17943.520_18004.520.flac
2299.9s - extractor 0: Karlan Forrester - Soybean Attractiveness/L6-8/4/210723_1038 snip [12/65] snip_18589.970_18652.970.flac
2300.2s - extractor 0: Karlan Forrester - Soybean Attractiveness/L6-8/4/210723_1038 snip [13/65] snip_19775.960_19838.960.flac
2300.5s - extractor 0: Karlan Forrester - Soybean Attractiveness/L6-8/4/210723_1038 snip [14/65] snip_20934.930_20997.930.flac
2300.7s - extractor 0: Karlan Forrester - Soybean Attractiveness/L6-8/4/210723_1038 snip [15/65] snip_21412.200_21475.200.flac
2301.0s - extractor 0: Karlan Forrester - Soybean Attractiveness/L6-8/4/210723_1038 snip [16/65] snip_21683.670_21746.670.flac
2301.3s - extractor 0: Karlan Forrester - Soybean Attractiveness/L6-8/4/210723_1038 snip [17/65] snip_21820.080_21881.070.flac
2301.5s - extractor 0: Karlan Forrester - Soybean Attractiveness/L6-8/4/210723_1038 snip [18/65] snip_22458.950_22521.950.flac
2301.8s - extractor 0: Karlan Forrester - Soybean Attractiveness/L6-8/4/210723_1038 snip [19/65] snip_23099.820_23160.910.flac
2302.0s - extractor 0: Karlan Forrester - Soybean Attractiveness/L6-8/4/210723_1038 snip [20/65] snip_23181.220_23244.220.flac
2302.3s - extractor 0: Karlan Forrester - Soybean Attractiveness/L6-8/4/210723_1038 snip [21/65] snip_23646.780_23709.580.flac
2302.8s - extractor 0: Karlan Forrester - Soybean Attractiveness/L6-8/4/210723_1038 snip [22/65] snip_24995.430_25058.430.flac
2303.0s - extractor 0: Karlan Forrester - Soybean Attractiveness/L6-8/4/210723_1038 snip [23/65] snip_29664.440_29727.440.flac
2303.3s - extractor 0: Karlan Forrester - Soybean Attractiveness/L6-8/4/210723_1038 snip [24/65] snip_32094.990_32173.350.flac
2304.2s - extractor 0: Karlan Forrester - Soybean Attractiveness/L6-8/4/210723_1038 snip [25/65] snip_33139.380_33202.380.flac
2304.5s - extractor 0: Karlan Forrester - Soybean Attractiveness/L6-8/4/210723_1038 snip [26/65] snip_37290.000_37353.000.flac
2304.8s - extractor 0: Karlan Forrester - Soybean Attractiveness/L6-8/4/210723_1038 snip [27/65] snip_4065.720_4126.720.flac
2305.0s - extractor 0: Karlan Forrester - Soybean Attractiveness/L6-8/4/210723_1038 snip [28/65] snip_40890.000_40953.000.flac
2305.3s - extractor 0: Karlan Forrester - Soybean Attractiveness/L6-8/4/210723_1038 snip [29/65] snip_44490.000_44553.000.flac
2305.5s - extractor 0: Karlan Forrester - Soybean Attractiveness/L6-8/4/210723_1038 snip [30/65] snip_48090.000_48153.000.flac
2305.8s - extractor 0: Karlan Forrester - Soybean Attractiveness/L6-8/4/210723_1038 snip [31/65] snip_4909.350_4972.350.flac
2306.1s - extractor 0: Karlan Forrester - Soybean Attractiveness/L6-8/4/210723_1038 snip [32/65] snip_51690.000_51753.000.flac
2306.3s - extractor 0: Karlan Forrester - Soybean Attractiveness/L6-8/4/210723_1038 snip [33/65] snip_53384.450_53447.450.flac
2306.6s - extractor 0: Karlan Forrester - Soybean Attractiveness/L6-8/4/210723_1038 snip [34/65] snip_5375.640_5438.640.flac
2306.9s - extractor 0: Karlan Forrester - Soybean Attractiveness/L6-8/4/210723_1038 snip [35/65] snip_55290.000_55353.000.flac
2307.1s - extractor 0: Karlan Forrester - Soybean Attractiveness/L6-8/4/210723_1038 snip [36/65] snip_57685.170_57750.590.flac
2307.4s - extractor 0: Karlan Forrester - Soybean Attractiveness/L6-8/4/210723_1038 snip [37/65] snip_58890.000_58953.000.flac
2307.7s - extractor 0: Karlan Forrester - Soybean Attractiveness/L6-8/4/210723_1038 snip [38/65] snip_62490.000_62553.000.flac
2307.9s - extractor 0: Karlan Forrester - Soybean Attractiveness/L6-8/4/210723_1038 snip [39/65] snip_66090.000_66153.000.flac
2308.2s - extractor 0: Karlan Forrester - Soybean Attractiveness/L6-8/4/210723_1038 snip [40/65] snip_69690.000_69753.000.flac
2308.5s - extractor 0: Karlan Forrester - Soybean Attractiveness/L6-8/4/210723_1038 snip [41/65] snip_73290.000_73353.000.flac
2308.7s - extractor 0: Karlan Forrester - Soybean Attractiveness/L6-8/4/210723_1038 snip [42/65] snip_74638.770_74701.770.flac
2309.0s - extractor 0: Karlan Forrester - Soybean Attractiveness/L6-8/4/210723_1038 snip [43/65] snip_76721.960_76784.960.flac
2309.3s - extractor 0: Karlan Forrester - Soybean Attractiveness/L6-8/4/210723_1038 snip [44/65] snip_76890.000_76953.000.flac
2309.5s - extractor 0: Karlan Forrester - Soybean Attractiveness/L6-8/4/210723_1038 snip [45/65] snip_78177.960_78240.960.flac
2309.8s - extractor 0: Karlan Forrester - Soybean Attractiveness/L6-8/4/210723_1038 snip [46/65] snip_79332.710_79395.710.flac
2310.0s - extractor 0: Karlan Forrester - Soybean Attractiveness/L6-8/4/210723_1038 snip [47/65] snip_81071.450_81132.450.flac
2310.3s - extractor 0: Karlan Forrester - Soybean Attractiveness/L6-8/4/210723_1038 snip [48/65] snip_81514.040_81619.730.flac
2311.9s - extractor 0: Karlan Forrester - Soybean Attractiveness/L6-8/4/210723_1038 snip [49/65] snip_85277.700_85340.700.flac
2312.2s - extractor 0: Karlan Forrester - Soybean Attractiveness/L6-8/4/210723_1038 snip [50/65] snip_90988.320_91049.320.flac
2312.4s - extractor 0: Karlan Forrester - Soybean Attractiveness/L6-8/4/210723_1038 snip [51/65] snip_91369.920_91432.920.flac
2312.7s - extractor 0: Karlan Forrester - Soybean Attractiveness/L6-8/4/210723_1038 snip [52/65] snip_91991.760_92054.760.flac
2313.0s - extractor 0: Karlan Forrester - Soybean Attractiveness/L6-8/4/210723_1038 snip [53/65] snip_92231.920_92292.940.flac
2313.2s - extractor 0: Karlan Forrester - Soybean Attractiveness/L6-8/4/210723_1038 snip [54/65] snip_92351.680_92414.680.flac
2313.5s - extractor 0: Karlan Forrester - Soybean Attractiveness/L6-8/4/210723_1038 snip [55/65] snip_92473.420_92534.420.flac
2313.7s - extractor 0: Karlan Forrester - Soybean Attractiveness/L6-8/4/210723_1038 snip [56/65] snip_92609.590_92672.590.flac
2314.0s - extractor 0: Karlan Forrester - Soybean Attractiveness/L6-8/4/210723_1038 snip [57/65] snip_93350.960_93412.270.flac
2314.2s - extractor 0: Karlan Forrester - Soybean Attractiveness/L6-8/4/210723_1038 snip [58/65] snip_93464.720_93525.720.flac
2314.5s - extractor 0: Karlan Forrester - Soybean Attractiveness/L6-8/4/210723_1038 snip [59/65] snip_94169.830_94232.830.flac
2314.7s - extractor 0: Karlan Forrester - Soybean Attractiveness/L6-8/4/210723_1038 snip [60/65] snip_95594.060_95655.060.flac
2315.0s - extractor 0: Karlan Forrester - Soybean Attractiveness/L6-8/4/210723_1038 snip [61/65] snip_95670.930_95733.930.flac
2315.2s - extractor 0: Karlan Forrester - Soybean Attractiveness/L6-8/4/210723_1038 snip [62/65] snip_95749.600_95810.600.flac
2315.5s - extractor 0: Karlan Forrester - Soybean Attractiveness/L6-8/4/210723_1038 snip [63/65] snip_96183.800_96244.800.flac
2315.7s - extractor 0: Karlan Forrester - Soybean Attractiveness/L6-8/4/210723_1038 snip [64/65] snip_96355.170_96418.090.flac
2316.0s - extractor 0: Karlan Forrester - Soybean Attractiveness/L6-8/4/210723_1038 snip [65/65] snip_96425.520_96486.520.flac
2316.3s - extractor 0: [78] Karlan Forrester - Soybean Attractiveness/L6-8/4/210723_1038 — 65 snip(s) → 243 frames, 6 label(s) (ident took 19.4s)
2316.3s - extractor 0: [79] Karlan Forrester - Soybean Attractiveness/L6-8/4/210726_0918 — starting (embeddings)
2316.3s - extractor 0: Karlan Forrester - Soybean Attractiveness/L6-8/4/210726_0918 snip [1/132] snip_100328.810_100391.760.flac
2316.7s - extractor 0: Karlan Forrester - Soybean Attractiveness/L6-8/4/210726_0918 snip [2/132] snip_101171.830_101234.830.flac
2317.0s - extractor 0: Karlan Forrester - Soybean Attractiveness/L6-8/4/210726_0918 snip [3/132] snip_101423.350_101486.350.flac
2317.3s - extractor 0: Karlan Forrester - Soybean Attractiveness/L6-8/4/210726_0918 snip [4/132] snip_101980.480_102043.480.flac
2317.5s - extractor 0: Karlan Forrester - Soybean Attractiveness/L6-8/4/210726_0918 snip [5/132] snip_102437.040_102498.160.flac
2317.8s - extractor 0: Karlan Forrester - Soybean Attractiveness/L6-8/4/210726_0918 snip [6/132] snip_102524.000_102587.000.flac
2318.0s - extractor 0: Karlan Forrester - Soybean Attractiveness/L6-8/4/210726_0918 snip [7/132] snip_102803.120_102866.120.flac
2318.3s - extractor 0: Karlan Forrester - Soybean Attractiveness/L6-8/4/210726_0918 snip [8/132] snip_103731.890_103882.080.flac
2320.0s - extractor 0: Karlan Forrester - Soybean Attractiveness/L6-8/4/210726_0918 snip [9/132] snip_103951.320_104012.320.flac
2320.2s - extractor 0: Karlan Forrester - Soybean Attractiveness/L6-8/4/210726_0918 snip [10/132] snip_10570.060_10631.060.flac
2320.5s - extractor 0: Karlan Forrester - Soybean Attractiveness/L6-8/4/210726_0918 snip [11/132] snip_106258.770_106321.770.flac
2320.7s - extractor 0: Karlan Forrester - Soybean Attractiveness/L6-8/4/210726_0918 snip [12/132] snip_106340.080_106401.170.flac
2321.0s - extractor 0: Karlan Forrester - Soybean Attractiveness/L6-8/4/210726_0918 snip [13/132] snip_106454.320_106515.310.flac
2321.2s - extractor 0: Karlan Forrester - Soybean Attractiveness/L6-8/4/210726_0918 snip [14/132] snip_106715.570_106776.560.flac
2321.4s - extractor 0: Karlan Forrester - Soybean Attractiveness/L6-8/4/210726_0918 snip [15/132] snip_107139.600_107200.620.flac
2321.7s - extractor 0: Karlan Forrester - Soybean Attractiveness/L6-8/4/210726_0918 snip [16/132] snip_107465.070_107526.070.flac
2321.9s - extractor 0: Karlan Forrester - Soybean Attractiveness/L6-8/4/210726_0918 snip [17/132] snip_107860.900_107923.900.flac
2322.2s - extractor 0: Karlan Forrester - Soybean Attractiveness/L6-8/4/210726_0918 snip [18/132] snip_108800.270_108861.270.flac
2322.4s - extractor 0: Karlan Forrester - Soybean Attractiveness/L6-8/4/210726_0918 snip [19/132] snip_109640.650_109701.650.flac
2322.7s - extractor 0: Karlan Forrester - Soybean Attractiveness/L6-8/4/210726_0918 snip [20/132] snip_11052.820_11115.820.flac
2322.9s - extractor 0: Karlan Forrester - Soybean Attractiveness/L6-8/4/210726_0918 snip [21/132] snip_111474.720_111537.720.flac
2323.2s - extractor 0: Karlan Forrester - Soybean Attractiveness/L6-8/4/210726_0918 snip [22/132] snip_113448.710_113511.710.flac
2323.5s - extractor 0: Karlan Forrester - Soybean Attractiveness/L6-8/4/210726_0918 snip [23/132] snip_11367.740_11431.570.flac
2324.0s - extractor 0: Karlan Forrester - Soybean Attractiveness/L6-8/4/210726_0918 snip [24/132] snip_113681.840_113742.930.flac
2324.2s - extractor 0: Karlan Forrester - Soybean Attractiveness/L6-8/4/210726_0918 snip [25/132] snip_113747.820_113808.820.flac
2324.4s - extractor 0: Karlan Forrester - Soybean Attractiveness/L6-8/4/210726_0918 snip [26/132] snip_113963.760_114024.820.flac
2324.7s - extractor 0: Karlan Forrester - Soybean Attractiveness/L6-8/4/210726_0918 snip [27/132] snip_11554.750_11615.750.flac
2324.9s - extractor 0: Karlan Forrester - Soybean Attractiveness/L6-8/4/210726_0918 snip [28/132] snip_11637.790_11698.790.flac
2325.2s - extractor 0: Karlan Forrester - Soybean Attractiveness/L6-8/4/210726_0918 snip [29/132] snip_116751.730_116814.730.flac
2325.4s - extractor 0: Karlan Forrester - Soybean Attractiveness/L6-8/4/210726_0918 snip [30/132] snip_118269.780_118332.780.flac
2325.7s - extractor 0: Karlan Forrester - Soybean Attractiveness/L6-8/4/210726_0918 snip [31/132] snip_119071.200_119134.200.flac
2326.0s - extractor 0: Karlan Forrester - Soybean Attractiveness/L6-8/4/210726_0918 snip [32/132] snip_120414.880_120477.880.flac
2326.2s - extractor 0: Karlan Forrester - Soybean Attractiveness/L6-8/4/210726_0918 snip [33/132] snip_121456.070_121519.070.flac
2326.5s - extractor 0: Karlan Forrester - Soybean Attractiveness/L6-8/4/210726_0918 snip [34/132] snip_122128.050_122191.050.flac
2326.8s - extractor 0: Karlan Forrester - Soybean Attractiveness/L6-8/4/210726_0918 snip [35/132] snip_12262.990_12329.250.flac
2327.2s - extractor 0: Karlan Forrester - Soybean Attractiveness/L6-8/4/210726_0918 snip [36/132] snip_123466.630_123529.630.flac
2327.5s - extractor 0: Karlan Forrester - Soybean Attractiveness/L6-8/4/210726_0918 snip [37/132] snip_124741.510_124804.510.flac
2327.8s - extractor 0: Karlan Forrester - Soybean Attractiveness/L6-8/4/210726_0918 snip [38/132] snip_12751.760_12812.820.flac
2328.0s - extractor 0: Karlan Forrester - Soybean Attractiveness/L6-8/4/210726_0918 snip [39/132] snip_128490.000_128553.000.flac
2328.3s - extractor 0: Karlan Forrester - Soybean Attractiveness/L6-8/4/210726_0918 snip [40/132] snip_132090.000_132153.000.flac
2328.5s - extractor 0: Karlan Forrester - Soybean Attractiveness/L6-8/4/210726_0918 snip [41/132] snip_13534.000_13594.990.flac
2328.8s - extractor 0: Karlan Forrester - Soybean Attractiveness/L6-8/4/210726_0918 snip [42/132] snip_135690.000_135753.000.flac
2329.0s - extractor 0: Karlan Forrester - Soybean Attractiveness/L6-8/4/210726_0918 snip [43/132] snip_13661.820_13722.820.flac
2329.3s - extractor 0: Karlan Forrester - Soybean Attractiveness/L6-8/4/210726_0918 snip [44/132] snip_13765.100_13826.100.flac
2329.5s - extractor 0: Karlan Forrester - Soybean Attractiveness/L6-8/4/210726_0918 snip [45/132] snip_13896.900_13959.900.flac
2329.8s - extractor 0: Karlan Forrester - Soybean Attractiveness/L6-8/4/210726_0918 snip [46/132] snip_139290.000_139353.000.flac
2330.1s - extractor 0: Karlan Forrester - Soybean Attractiveness/L6-8/4/210726_0918 snip [47/132] snip_1407.480_1470.480.flac
2330.3s - extractor 0: Karlan Forrester - Soybean Attractiveness/L6-8/4/210726_0918 snip [48/132] snip_142890.000_142953.000.flac
2330.6s - extractor 0: Karlan Forrester - Soybean Attractiveness/L6-8/4/210726_0918 snip [49/132] snip_146490.000_146553.000.flac
2330.8s - extractor 0: Karlan Forrester - Soybean Attractiveness/L6-8/4/210726_0918 snip [50/132] snip_14697.240_14758.240.flac
2331.1s - extractor 0: Karlan Forrester - Soybean Attractiveness/L6-8/4/210726_0918 snip [51/132] snip_150090.000_150153.000.flac
2331.4s - extractor 0: Karlan Forrester - Soybean Attractiveness/L6-8/4/210726_0918 snip [52/132] snip_153690.000_153753.000.flac
2331.6s - extractor 0: Karlan Forrester - Soybean Attractiveness/L6-8/4/210726_0918 snip [53/132] snip_15541.790_15602.790.flac
2331.9s - extractor 0: Karlan Forrester - Soybean Attractiveness/L6-8/4/210726_0918 snip [54/132] snip_157290.000_157353.000.flac
2332.1s - extractor 0: Karlan Forrester - Soybean Attractiveness/L6-8/4/210726_0918 snip [55/132] snip_160890.000_160953.000.flac
2332.4s - extractor 0: Karlan Forrester - Soybean Attractiveness/L6-8/4/210726_0918 snip [56/132] snip_16292.260_16355.260.flac
2332.7s - extractor 0: Karlan Forrester - Soybean Attractiveness/L6-8/4/210726_0918 snip [57/132] snip_164490.000_164553.000.flac
2332.9s - extractor 0: Karlan Forrester - Soybean Attractiveness/L6-8/4/210726_0918 snip [58/132] snip_168090.000_168153.000.flac
2333.2s - extractor 0: Karlan Forrester - Soybean Attractiveness/L6-8/4/210726_0918 snip [59/132] snip_16971.400_17034.400.flac
2333.4s - extractor 0: Karlan Forrester - Soybean Attractiveness/L6-8/4/210726_0918 snip [60/132] snip_17846.710_17909.710.flac
2333.7s - extractor 0: Karlan Forrester - Soybean Attractiveness/L6-8/4/210726_0918 snip [61/132] snip_18990.130_19051.440.flac
2334.0s - extractor 0: Karlan Forrester - Soybean Attractiveness/L6-8/4/210726_0918 snip [62/132] snip_19074.400_19137.400.flac
2334.2s - extractor 0: Karlan Forrester - Soybean Attractiveness/L6-8/4/210726_0918 snip [63/132] snip_19305.450_19366.450.flac
2334.5s - extractor 0: Karlan Forrester - Soybean Attractiveness/L6-8/4/210726_0918 snip [64/132] snip_19971.950_20033.040.flac
2334.7s - extractor 0: Karlan Forrester - Soybean Attractiveness/L6-8/4/210726_0918 snip [65/132] snip_21031.840_21094.840.flac
2335.0s - extractor 0: Karlan Forrester - Soybean Attractiveness/L6-8/4/210726_0918 snip [66/132] snip_21623.610_21741.170.flac
2335.4s - extractor 0: Karlan Forrester - Soybean Attractiveness/L6-8/4/210726_0918 snip [67/132] snip_22593.230_22654.230.flac
2335.7s - extractor 0: Karlan Forrester - Soybean Attractiveness/L6-8/4/210726_0918 snip [68/132] snip_22669.660_22730.660.flac
2335.9s - extractor 0: Karlan Forrester - Soybean Attractiveness/L6-8/4/210726_0918 snip [69/132] snip_23372.010_23433.010.flac
2336.2s - extractor 0: Karlan Forrester - Soybean Attractiveness/L6-8/4/210726_0918 snip [70/132] snip_23593.580_23654.580.flac
2336.4s - extractor 0: Karlan Forrester - Soybean Attractiveness/L6-8/4/210726_0918 snip [71/132] snip_26666.070_26729.070.flac
2336.7s - extractor 0: Karlan Forrester - Soybean Attractiveness/L6-8/4/210726_0918 snip [72/132] snip_31721.600_31782.600.flac
2336.9s - extractor 0: Karlan Forrester - Soybean Attractiveness/L6-8/4/210726_0918 snip [73/132] snip_31932.740_31995.740.flac
2337.2s - extractor 0: Karlan Forrester - Soybean Attractiveness/L6-8/4/210726_0918 snip [74/132] snip_3199.990_3262.990.flac
2337.4s - extractor 0: Karlan Forrester - Soybean Attractiveness/L6-8/4/210726_0918 snip [75/132] snip_36722.440_36785.440.flac
2337.7s - extractor 0: Karlan Forrester - Soybean Attractiveness/L6-8/4/210726_0918 snip [76/132] snip_42090.000_42153.000.flac
2338.0s - extractor 0: Karlan Forrester - Soybean Attractiveness/L6-8/4/210726_0918 snip [77/132] snip_45690.000_45753.000.flac
2338.2s - extractor 0: Karlan Forrester - Soybean Attractiveness/L6-8/4/210726_0918 snip [78/132] snip_4655.250_4716.340.flac
2338.5s - extractor 0: Karlan Forrester - Soybean Attractiveness/L6-8/4/210726_0918 snip [79/132] snip_4738.930_4862.050.flac
2339.0s - extractor 0: Karlan Forrester - Soybean Attractiveness/L6-8/4/210726_0918 snip [80/132] snip_49290.000_49353.000.flac
2339.2s - extractor 0: Karlan Forrester - Soybean Attractiveness/L6-8/4/210726_0918 snip [81/132] snip_52890.000_52953.000.flac
2339.5s - extractor 0: Karlan Forrester - Soybean Attractiveness/L6-8/4/210726_0918 snip [82/132] snip_5607.470_5668.560.flac
2339.7s - extractor 0: Karlan Forrester - Soybean Attractiveness/L6-8/4/210726_0918 snip [83/132] snip_56490.000_56553.000.flac
2340.0s - extractor 0: Karlan Forrester - Soybean Attractiveness/L6-8/4/210726_0918 snip [84/132] snip_5708.040_5773.610.flac
2340.3s - extractor 0: Karlan Forrester - Soybean Attractiveness/L6-8/4/210726_0918 snip [85/132] snip_58493.620_58556.620.flac
2340.6s - extractor 0: Karlan Forrester - Soybean Attractiveness/L6-8/4/210726_0918 snip [86/132] snip_5883.530_5944.530.flac
2340.8s - extractor 0: Karlan Forrester - Soybean Attractiveness/L6-8/4/210726_0918 snip [87/132] snip_60090.000_60153.000.flac
2341.1s - extractor 0: Karlan Forrester - Soybean Attractiveness/L6-8/4/210726_0918 snip [88/132] snip_6189.360_6250.350.flac
2341.3s - extractor 0: Karlan Forrester - Soybean Attractiveness/L6-8/4/210726_0918 snip [89/132] snip_63690.000_63753.000.flac
2341.6s - extractor 0: Karlan Forrester - Soybean Attractiveness/L6-8/4/210726_0918 snip [90/132] snip_6413.240_6474.240.flac
2341.8s - extractor 0: Karlan Forrester - Soybean Attractiveness/L6-8/4/210726_0918 snip [91/132] snip_67290.000_67353.000.flac
2342.1s - extractor 0: Karlan Forrester - Soybean Attractiveness/L6-8/4/210726_0918 snip [92/132] snip_6847.490_6910.490.flac
2342.4s - extractor 0: Karlan Forrester - Soybean Attractiveness/L6-8/4/210726_0918 snip [93/132] snip_70890.000_70953.000.flac
2342.6s - extractor 0: Karlan Forrester - Soybean Attractiveness/L6-8/4/210726_0918 snip [94/132] snip_74490.000_74553.000.flac
2342.9s - extractor 0: Karlan Forrester - Soybean Attractiveness/L6-8/4/210726_0918 snip [95/132] snip_78090.000_78153.000.flac
2343.2s - extractor 0: Karlan Forrester - Soybean Attractiveness/L6-8/4/210726_0918 snip [96/132] snip_7840.050_7903.050.flac
2343.4s - extractor 0: Karlan Forrester - Soybean Attractiveness/L6-8/4/210726_0918 snip [97/132] snip_81690.000_81753.000.flac
2343.7s - extractor 0: Karlan Forrester - Soybean Attractiveness/L6-8/4/210726_0918 snip [98/132] snip_8398.880_8459.880.flac
2343.9s - extractor 0: Karlan Forrester - Soybean Attractiveness/L6-8/4/210726_0918 snip [99/132] snip_85365.430_85428.430.flac
2344.2s - extractor 0: Karlan Forrester - Soybean Attractiveness/L6-8/4/210726_0918 snip [100/132] snip_86594.760_86662.860.flac
2344.9s - extractor 0: Karlan Forrester - Soybean Attractiveness/L6-8/4/210726_0918 snip [101/132] snip_86737.280_86840.370.flac
2346.1s - extractor 0: Karlan Forrester - Soybean Attractiveness/L6-8/4/210726_0918 snip [102/132] snip_86912.910_86978.960.flac
2346.8s - extractor 0: Karlan Forrester - Soybean Attractiveness/L6-8/4/210726_0918 snip [103/132] snip_8702.820_8765.820.flac
2347.1s - extractor 0: Karlan Forrester - Soybean Attractiveness/L6-8/4/210726_0918 snip [104/132] snip_87126.700_87203.000.flac
2348.0s - extractor 0: Karlan Forrester - Soybean Attractiveness/L6-8/4/210726_0918 snip [105/132] snip_87387.660_87448.660.flac
2348.2s - extractor 0: Karlan Forrester - Soybean Attractiveness/L6-8/4/210726_0918 snip [106/132] snip_87612.410_87680.910.flac
2348.7s - extractor 0: Karlan Forrester - Soybean Attractiveness/L6-8/4/210726_0918 snip [107/132] snip_87754.300_87862.060.flac
2349.2s - extractor 0: Karlan Forrester - Soybean Attractiveness/L6-8/4/210726_0918 snip [108/132] snip_87892.830_87958.340.flac
2349.9s - extractor 0: Karlan Forrester - Soybean Attractiveness/L6-8/4/210726_0918 snip [109/132] snip_88161.310_88237.550.flac
2350.6s - extractor 0: Karlan Forrester - Soybean Attractiveness/L6-8/4/210726_0918 snip [110/132] snip_88374.170_88435.170.flac
2350.9s - extractor 0: Karlan Forrester - Soybean Attractiveness/L6-8/4/210726_0918 snip [111/132] snip_88508.320_88578.800.flac
2351.6s - extractor 0: Karlan Forrester - Soybean Attractiveness/L6-8/4/210726_0918 snip [112/132] snip_88664.220_88725.220.flac
2351.8s - extractor 0: Karlan Forrester - Soybean Attractiveness/L6-8/4/210726_0918 snip [113/132] snip_88798.960_88861.880.flac
2352.3s - extractor 0: Karlan Forrester - Soybean Attractiveness/L6-8/4/210726_0918 snip [114/132] snip_88874.650_88940.050.flac
2353.0s - extractor 0: Karlan Forrester - Soybean Attractiveness/L6-8/4/210726_0918 snip [115/132] snip_89103.380_89165.040.flac
2353.3s - extractor 0: Karlan Forrester - Soybean Attractiveness/L6-8/4/210726_0918 snip [116/132] snip_89631.200_89700.370.flac
2353.7s - extractor 0: Karlan Forrester - Soybean Attractiveness/L6-8/4/210726_0918 snip [117/132] snip_89868.940_89935.060.flac
2354.4s - extractor 0: Karlan Forrester - Soybean Attractiveness/L6-8/4/210726_0918 snip [118/132] snip_9008.840_9069.840.flac
2354.7s - extractor 0: Karlan Forrester - Soybean Attractiveness/L6-8/4/210726_0918 snip [119/132] snip_90485.120_90550.130.flac
2355.2s - extractor 0: Karlan Forrester - Soybean Attractiveness/L6-8/4/210726_0918 snip [120/132] snip_90756.180_90821.720.flac
2355.9s - extractor 0: Karlan Forrester - Soybean Attractiveness/L6-8/4/210726_0918 snip [121/132] snip_91327.920_91392.500.flac
2356.4s - extractor 0: Karlan Forrester - Soybean Attractiveness/L6-8/4/210726_0918 snip [122/132] snip_91601.560_91668.240.flac
2357.3s - extractor 0: Karlan Forrester - Soybean Attractiveness/L6-8/4/210726_0918 snip [123/132] snip_92402.450_92465.450.flac
2357.6s - extractor 0: Karlan Forrester - Soybean Attractiveness/L6-8/4/210726_0918 snip [124/132] snip_93678.100_93761.780.flac
2358.3s - extractor 0: Karlan Forrester - Soybean Attractiveness/L6-8/4/210726_0918 snip [125/132] snip_94011.950_94121.970.flac
2359.2s - extractor 0: Karlan Forrester - Soybean Attractiveness/L6-8/4/210726_0918 snip [126/132] snip_94610.740_94671.760.flac
2359.5s - extractor 0: Karlan Forrester - Soybean Attractiveness/L6-8/4/210726_0918 snip [127/132] snip_9521.850_9582.850.flac
2359.7s - extractor 0: Karlan Forrester - Soybean Attractiveness/L6-8/4/210726_0918 snip [128/132] snip_96035.600_96096.600.flac
2359.9s - extractor 0: Karlan Forrester - Soybean Attractiveness/L6-8/4/210726_0918 snip [129/132] snip_97993.510_98056.510.flac
2360.2s - extractor 0: Karlan Forrester - Soybean Attractiveness/L6-8/4/210726_0918 snip [130/132] snip_98538.540_98599.540.flac
2360.5s - extractor 0: Karlan Forrester - Soybean Attractiveness/L6-8/4/210726_0918 snip [131/132] snip_98894.590_98955.590.flac
2360.7s - extractor 0: Karlan Forrester - Soybean Attractiveness/L6-8/4/210726_0918 snip [132/132] snip_99210.130_99271.180.flac
2361.0s - extractor 0: [79] Karlan Forrester - Soybean Attractiveness/L6-8/4/210726_0918 — 132 snip(s) → 492 frames, 7 label(s) (ident took 44.8s)
2361.0s - extractor 0: [80] Karlan Forrester - Soybean Attractiveness/L6-8/4/210728_1100 — starting (embeddings)
2361.0s - extractor 0: Karlan Forrester - Soybean Attractiveness/L6-8/4/210728_1100 snip [1/32] snip_10244.950_10307.950.flac
2361.3s - extractor 0: Karlan Forrester - Soybean Attractiveness/L6-8/4/210728_1100 snip [2/32] snip_10332.970_10393.970.flac
2361.5s - extractor 0: Karlan Forrester - Soybean Attractiveness/L6-8/4/210728_1100 snip [3/32] snip_11107.900_11168.900.flac
2361.8s - extractor 0: Karlan Forrester - Soybean Attractiveness/L6-8/4/210728_1100 snip [4/32] snip_12155.120_12216.120.flac
2362.0s - extractor 0: Karlan Forrester - Soybean Attractiveness/L6-8/4/210728_1100 snip [5/32] snip_14250.540_14311.540.flac
2362.2s - extractor 0: Karlan Forrester - Soybean Attractiveness/L6-8/4/210728_1100 snip [6/32] snip_14985.460_15086.350.flac
2362.7s - extractor 0: Karlan Forrester - Soybean Attractiveness/L6-8/4/210728_1100 snip [7/32] snip_16730.750_17001.360.flac
2367.4s - extractor 0: Karlan Forrester - Soybean Attractiveness/L6-8/4/210728_1100 snip [8/32] snip_17030.360_17187.200.flac
2370.0s - extractor 0: Karlan Forrester - Soybean Attractiveness/L6-8/4/210728_1100 snip [9/32] snip_17371.760_17455.620.flac
2371.0s - extractor 0: Karlan Forrester - Soybean Attractiveness/L6-8/4/210728_1100 snip [10/32] snip_17542.000_17757.570.flac
2373.3s - extractor 0: Karlan Forrester - Soybean Attractiveness/L6-8/4/210728_1100 snip [11/32] snip_17864.620_17928.290.flac
2373.8s - extractor 0: Karlan Forrester - Soybean Attractiveness/L6-8/4/210728_1100 snip [12/32] snip_17935.040_17996.040.flac
2374.0s - extractor 0: Karlan Forrester - Soybean Attractiveness/L6-8/4/210728_1100 snip [13/32] snip_1838.860_1899.860.flac
2374.3s - extractor 0: Karlan Forrester - Soybean Attractiveness/L6-8/4/210728_1100 snip [14/32] snip_3396.620_3461.700.flac
2374.8s - extractor 0: Karlan Forrester - Soybean Attractiveness/L6-8/4/210728_1100 snip [15/32] snip_3488.560_3549.620.flac
2375.0s - extractor 0: Karlan Forrester - Soybean Attractiveness/L6-8/4/210728_1100 snip [16/32] snip_3565.330_3626.480.flac
2375.2s - extractor 0: Karlan Forrester - Soybean Attractiveness/L6-8/4/210728_1100 snip [17/32] snip_3807.580_3868.580.flac
2375.5s - extractor 0: Karlan Forrester - Soybean Attractiveness/L6-8/4/210728_1100 snip [18/32] snip_3946.220_4007.220.flac
2375.7s - extractor 0: Karlan Forrester - Soybean Attractiveness/L6-8/4/210728_1100 snip [19/32] snip_4177.910_4240.910.flac
2376.0s - extractor 0: Karlan Forrester - Soybean Attractiveness/L6-8/4/210728_1100 snip [20/32] snip_4585.710_4646.800.flac
2376.2s - extractor 0: Karlan Forrester - Soybean Attractiveness/L6-8/4/210728_1100 snip [21/32] snip_4993.500_5054.500.flac
2376.5s - extractor 0: Karlan Forrester - Soybean Attractiveness/L6-8/4/210728_1100 snip [22/32] snip_5071.280_5182.320.flac
2376.9s - extractor 0: Karlan Forrester - Soybean Attractiveness/L6-8/4/210728_1100 snip [23/32] snip_7122.290_7185.290.flac
2377.2s - extractor 0: Karlan Forrester - Soybean Attractiveness/L6-8/4/210728_1100 snip [24/32] snip_7502.080_7563.080.flac
2377.4s - extractor 0: Karlan Forrester - Soybean Attractiveness/L6-8/4/210728_1100 snip [25/32] snip_7622.830_7683.820.flac
2377.7s - extractor 0: Karlan Forrester - Soybean Attractiveness/L6-8/4/210728_1100 snip [26/32] snip_78.320_146.900.flac
2378.2s - extractor 0: Karlan Forrester - Soybean Attractiveness/L6-8/4/210728_1100 snip [27/32] snip_8168.240_8229.260.flac
2378.4s - extractor 0: Karlan Forrester - Soybean Attractiveness/L6-8/4/210728_1100 snip [28/32] snip_8616.080_8679.080.flac
2378.7s - extractor 0: Karlan Forrester - Soybean Attractiveness/L6-8/4/210728_1100 snip [29/32] snip_9117.360_9178.360.flac
2378.9s - extractor 0: Karlan Forrester - Soybean Attractiveness/L6-8/4/210728_1100 snip [30/32] snip_9260.780_9321.840.flac
2379.2s - extractor 0: Karlan Forrester - Soybean Attractiveness/L6-8/4/210728_1100 snip [31/32] snip_9783.400_9844.400.flac
2379.4s - extractor 0: Karlan Forrester - Soybean Attractiveness/L6-8/4/210728_1100 snip [32/32] snip_9957.050_10018.050.flac
2379.7s - extractor 0: [80] Karlan Forrester - Soybean Attractiveness/L6-8/4/210728_1100 — 32 snip(s) → 168 frames, 5 label(s) (ident took 18.7s)
2379.7s - extractor 0: [81] Karlan Forrester - Soybean Attractiveness/L6-8/4/210805_0726 — starting (embeddings)
2379.7s - extractor 0: Karlan Forrester - Soybean Attractiveness/L6-8/4/210805_0726 snip [1/80] snip_0.000_83.560.flac
2382.3s - extractor 0: Karlan Forrester - Soybean Attractiveness/L6-8/4/210805_0726 snip [2/80] snip_101388.610_101451.610.flac
2382.5s - extractor 0: Karlan Forrester - Soybean Attractiveness/L6-8/4/210805_0726 snip [3/80] snip_102545.140_102608.140.flac
2382.8s - extractor 0: Karlan Forrester - Soybean Attractiveness/L6-8/4/210805_0726 snip [4/80] snip_102913.990_102976.990.flac
2383.1s - extractor 0: Karlan Forrester - Soybean Attractiveness/L6-8/4/210805_0726 snip [5/80] snip_103840.310_103903.310.flac
2383.4s - extractor 0: Karlan Forrester - Soybean Attractiveness/L6-8/4/210805_0726 snip [6/80] snip_105989.850_106050.850.flac
2383.6s - extractor 0: Karlan Forrester - Soybean Attractiveness/L6-8/4/210805_0726 snip [7/80] snip_106863.840_106926.840.flac
2383.9s - extractor 0: Karlan Forrester - Soybean Attractiveness/L6-8/4/210805_0726 snip [8/80] snip_107870.520_107931.520.flac
2384.1s - extractor 0: Karlan Forrester - Soybean Attractiveness/L6-8/4/210805_0726 snip [9/80] snip_113646.850_113709.850.flac
2384.4s - extractor 0: Karlan Forrester - Soybean Attractiveness/L6-8/4/210805_0726 snip [10/80] snip_116003.430_116066.430.flac
2384.6s - extractor 0: Karlan Forrester - Soybean Attractiveness/L6-8/4/210805_0726 snip [11/80] snip_11661.060_11724.060.flac
2384.9s - extractor 0: Karlan Forrester - Soybean Attractiveness/L6-8/4/210805_0726 snip [12/80] snip_117321.170_117384.170.flac
2385.2s - extractor 0: Karlan Forrester - Soybean Attractiveness/L6-8/4/210805_0726 snip [13/80] snip_118351.570_118414.570.flac
2385.4s - extractor 0: Karlan Forrester - Soybean Attractiveness/L6-8/4/210805_0726 snip [14/80] snip_119082.530_119145.530.flac
2385.7s - extractor 0: Karlan Forrester - Soybean Attractiveness/L6-8/4/210805_0726 snip [15/80] snip_11981.200_12102.470.flac
2386.6s - extractor 0: Karlan Forrester - Soybean Attractiveness/L6-8/4/210805_0726 snip [16/80] snip_120400.130_120463.130.flac
2386.9s - extractor 0: Karlan Forrester - Soybean Attractiveness/L6-8/4/210805_0726 snip [17/80] snip_121830.550_121893.550.flac
2387.2s - extractor 0: Karlan Forrester - Soybean Attractiveness/L6-8/4/210805_0726 snip [18/80] snip_122768.630_122831.630.flac
2387.4s - extractor 0: Karlan Forrester - Soybean Attractiveness/L6-8/4/210805_0726 snip [19/80] snip_123688.500_123751.500.flac
2387.7s - extractor 0: Karlan Forrester - Soybean Attractiveness/L6-8/4/210805_0726 snip [20/80] snip_123966.700_124027.760.flac
2387.9s - extractor 0: Karlan Forrester - Soybean Attractiveness/L6-8/4/210805_0726 snip [21/80] snip_125368.000_125431.000.flac
2388.2s - extractor 0: Karlan Forrester - Soybean Attractiveness/L6-8/4/210805_0726 snip [22/80] snip_127165.590_127228.590.flac
2388.5s - extractor 0: Karlan Forrester - Soybean Attractiveness/L6-8/4/210805_0726 snip [23/80] snip_127783.920_127846.920.flac
2388.7s - extractor 0: Karlan Forrester - Soybean Attractiveness/L6-8/4/210805_0726 snip [24/80] snip_128883.970_128946.970.flac
2389.0s - extractor 0: Karlan Forrester - Soybean Attractiveness/L6-8/4/210805_0726 snip [25/80] snip_130246.050_130309.050.flac
2389.3s - extractor 0: Karlan Forrester - Soybean Attractiveness/L6-8/4/210805_0726 snip [26/80] snip_13091.310_13152.500.flac
2389.5s - extractor 0: Karlan Forrester - Soybean Attractiveness/L6-8/4/210805_0726 snip [27/80] snip_135210.000_135273.000.flac
2389.8s - extractor 0: Karlan Forrester - Soybean Attractiveness/L6-8/4/210805_0726 snip [28/80] snip_138810.000_138873.000.flac
2390.0s - extractor 0: Karlan Forrester - Soybean Attractiveness/L6-8/4/210805_0726 snip [29/80] snip_13893.170_13956.170.flac
2390.3s - extractor 0: Karlan Forrester - Soybean Attractiveness/L6-8/4/210805_0726 snip [30/80] snip_142410.000_142473.000.flac
2390.6s - extractor 0: Karlan Forrester - Soybean Attractiveness/L6-8/4/210805_0726 snip [31/80] snip_146010.000_146073.000.flac
2390.8s - extractor 0: Karlan Forrester - Soybean Attractiveness/L6-8/4/210805_0726 snip [32/80] snip_149610.000_149673.000.flac
2391.1s - extractor 0: Karlan Forrester - Soybean Attractiveness/L6-8/4/210805_0726 snip [33/80] snip_15114.500_15177.500.flac
2391.4s - extractor 0: Karlan Forrester - Soybean Attractiveness/L6-8/4/210805_0726 snip [34/80] snip_153210.000_153273.000.flac
2391.6s - extractor 0: Karlan Forrester - Soybean Attractiveness/L6-8/4/210805_0726 snip [35/80] snip_156810.000_156873.000.flac
2391.9s - extractor 0: Karlan Forrester - Soybean Attractiveness/L6-8/4/210805_0726 snip [36/80] snip_160410.000_160473.000.flac
2392.1s - extractor 0: Karlan Forrester - Soybean Attractiveness/L6-8/4/210805_0726 snip [37/80] snip_164010.000_164073.000.flac
2392.4s - extractor 0: Karlan Forrester - Soybean Attractiveness/L6-8/4/210805_0726 snip [38/80] snip_16587.730_16650.730.flac
2392.7s - extractor 0: Karlan Forrester - Soybean Attractiveness/L6-8/4/210805_0726 snip [39/80] snip_167610.000_167673.000.flac
2392.9s - extractor 0: Karlan Forrester - Soybean Attractiveness/L6-8/4/210805_0726 snip [40/80] snip_171210.000_171273.000.flac
2393.2s - extractor 0: Karlan Forrester - Soybean Attractiveness/L6-8/4/210805_0726 snip [41/80] snip_174810.000_174873.000.flac
2393.5s - extractor 0: Karlan Forrester - Soybean Attractiveness/L6-8/4/210805_0726 snip [42/80] snip_17570.340_17633.340.flac
2393.7s - extractor 0: Karlan Forrester - Soybean Attractiveness/L6-8/4/210805_0726 snip [43/80] snip_17746.360_17807.360.flac
2394.0s - extractor 0: Karlan Forrester - Soybean Attractiveness/L6-8/4/210805_0726 snip [44/80] snip_17845.890_17908.890.flac
2394.2s - extractor 0: Karlan Forrester - Soybean Attractiveness/L6-8/4/210805_0726 snip [45/80] snip_18377.960_18440.960.flac
2394.5s - extractor 0: Karlan Forrester - Soybean Attractiveness/L6-8/4/210805_0726 snip [46/80] snip_19066.740_19129.740.flac
2394.7s - extractor 0: Karlan Forrester - Soybean Attractiveness/L6-8/4/210805_0726 snip [47/80] snip_2010.000_2073.000.flac
2395.0s - extractor 0: Karlan Forrester - Soybean Attractiveness/L6-8/4/210805_0726 snip [48/80] snip_20503.990_20566.990.flac
2395.3s - extractor 0: Karlan Forrester - Soybean Attractiveness/L6-8/4/210805_0726 snip [49/80] snip_22062.640_22125.640.flac
2395.5s - extractor 0: Karlan Forrester - Soybean Attractiveness/L6-8/4/210805_0726 snip [50/80] snip_24462.200_24525.200.flac
2395.8s - extractor 0: Karlan Forrester - Soybean Attractiveness/L6-8/4/210805_0726 snip [51/80] snip_2481.840_2544.840.flac
2396.1s - extractor 0: Karlan Forrester - Soybean Attractiveness/L6-8/4/210805_0726 snip [52/80] snip_27268.360_27331.360.flac
2396.3s - extractor 0: Karlan Forrester - Soybean Attractiveness/L6-8/4/210805_0726 snip [53/80] snip_28536.450_28599.450.flac
2396.6s - extractor 0: Karlan Forrester - Soybean Attractiveness/L6-8/4/210805_0726 snip [54/80] snip_37991.670_38054.670.flac
2396.9s - extractor 0: Karlan Forrester - Soybean Attractiveness/L6-8/4/210805_0726 snip [55/80] snip_40221.300_40284.300.flac
2397.1s - extractor 0: Karlan Forrester - Soybean Attractiveness/L6-8/4/210805_0726 snip [56/80] snip_40669.780_40732.780.flac
2397.4s - extractor 0: Karlan Forrester - Soybean Attractiveness/L6-8/4/210805_0726 snip [57/80] snip_4330.400_4393.400.flac
2397.6s - extractor 0: Karlan Forrester - Soybean Attractiveness/L6-8/4/210805_0726 snip [58/80] snip_45039.440_45107.650.flac
2398.8s - extractor 0: Karlan Forrester - Soybean Attractiveness/L6-8/4/210805_0726 snip [59/80] snip_48810.000_48873.000.flac
2399.1s - extractor 0: Karlan Forrester - Soybean Attractiveness/L6-8/4/210805_0726 snip [60/80] snip_52410.000_52473.000.flac
2399.3s - extractor 0: Karlan Forrester - Soybean Attractiveness/L6-8/4/210805_0726 snip [61/80] snip_56010.000_56073.000.flac
2399.6s - extractor 0: Karlan Forrester - Soybean Attractiveness/L6-8/4/210805_0726 snip [62/80] snip_59610.000_59673.000.flac
2399.9s - extractor 0: Karlan Forrester - Soybean Attractiveness/L6-8/4/210805_0726 snip [63/80] snip_63210.000_63273.000.flac
2400.1s - extractor 0: Karlan Forrester - Soybean Attractiveness/L6-8/4/210805_0726 snip [64/80] snip_66810.000_66873.000.flac
2400.4s - extractor 0: Karlan Forrester - Soybean Attractiveness/L6-8/4/210805_0726 snip [65/80] snip_67734.880_67797.880.flac
2400.7s - extractor 0: Karlan Forrester - Soybean Attractiveness/L6-8/4/210805_0726 snip [66/80] snip_7008.630_7071.630.flac
2400.9s - extractor 0: Karlan Forrester - Soybean Attractiveness/L6-8/4/210805_0726 snip [67/80] snip_70410.000_70473.000.flac
2401.2s - extractor 0: Karlan Forrester - Soybean Attractiveness/L6-8/4/210805_0726 snip [68/80] snip_7075.520_7139.190.flac
2401.7s - extractor 0: Karlan Forrester - Soybean Attractiveness/L6-8/4/210805_0726 snip [69/80] snip_7299.040_7364.260.flac
2402.0s - extractor 0: Karlan Forrester - Soybean Attractiveness/L6-8/4/210805_0726 snip [70/80] snip_74010.000_74073.000.flac
2402.3s - extractor 0: Karlan Forrester - Soybean Attractiveness/L6-8/4/210805_0726 snip [71/80] snip_77610.000_77673.000.flac
2402.5s - extractor 0: Karlan Forrester - Soybean Attractiveness/L6-8/4/210805_0726 snip [72/80] snip_81210.000_81273.000.flac
2402.8s - extractor 0: Karlan Forrester - Soybean Attractiveness/L6-8/4/210805_0726 snip [73/80] snip_84810.000_84873.000.flac
2403.0s - extractor 0: Karlan Forrester - Soybean Attractiveness/L6-8/4/210805_0726 snip [74/80] snip_8685.200_8746.190.flac
2403.3s - extractor 0: Karlan Forrester - Soybean Attractiveness/L6-8/4/210805_0726 snip [75/80] snip_88410.000_88473.000.flac
2403.6s - extractor 0: Karlan Forrester - Soybean Attractiveness/L6-8/4/210805_0726 snip [76/80] snip_92674.690_92737.690.flac
2403.8s - extractor 0: Karlan Forrester - Soybean Attractiveness/L6-8/4/210805_0726 snip [77/80] snip_9290.060_9397.680.flac
2404.4s - extractor 0: Karlan Forrester - Soybean Attractiveness/L6-8/4/210805_0726 snip [78/80] snip_95723.720_95786.720.flac
2404.6s - extractor 0: Karlan Forrester - Soybean Attractiveness/L6-8/4/210805_0726 snip [79/80] snip_98490.420_98553.420.flac
2404.9s - extractor 0: Karlan Forrester - Soybean Attractiveness/L6-8/4/210805_0726 snip [80/80] snip_99887.460_99950.460.flac
2405.2s - extractor 0: [81] Karlan Forrester - Soybean Attractiveness/L6-8/4/210805_0726 — 80 snip(s) → 345 frames, 9 label(s) (ident took 25.5s)
2405.2s - extractor 0: [82] Karlan Forrester - Soybean Attractiveness/L6-8/4/210807_0908 — starting (embeddings)
2405.2s - extractor 0: Karlan Forrester - Soybean Attractiveness/L6-8/4/210807_0908 snip [1/9] snip_10636.630_10699.630.flac
2405.5s - extractor 0: Karlan Forrester - Soybean Attractiveness/L6-8/4/210807_0908 snip [2/9] snip_17109.590_17172.590.flac
2405.8s - extractor 0: Karlan Forrester - Soybean Attractiveness/L6-8/4/210807_0908 snip [3/9] snip_20991.730_21054.730.flac
2406.0s - extractor 0: Karlan Forrester - Soybean Attractiveness/L6-8/4/210807_0908 snip [4/9] snip_22751.540_22866.950.flac
2406.6s - extractor 0: Karlan Forrester - Soybean Attractiveness/L6-8/4/210807_0908 snip [5/9] snip_23620.880_23683.880.flac
2406.8s - extractor 0: Karlan Forrester - Soybean Attractiveness/L6-8/4/210807_0908 snip [6/9] snip_24184.490_24246.470.flac
2407.1s - extractor 0: Karlan Forrester - Soybean Attractiveness/L6-8/4/210807_0908 snip [7/9] snip_27823.640_27886.640.flac
2407.3s - extractor 0: Karlan Forrester - Soybean Attractiveness/L6-8/4/210807_0908 snip [8/9] snip_5623.970_5686.970.flac
2407.6s - extractor 0: Karlan Forrester - Soybean Attractiveness/L6-8/4/210807_0908 snip [9/9] snip_6694.470_6757.470.flac
2407.9s - extractor 0: [82] Karlan Forrester - Soybean Attractiveness/L6-8/4/210807_0908 — 9 snip(s) → 41 frames, 4 label(s) (ident took 2.6s)
2407.9s - extractor 0: terminating
2408.6s - all extractions complete
:)
:D
:O
