2026-09-10 12:04:00.742430: E external/local_xla/xla/stream_executor/cuda/cuda_fft.cc:479] Unable to register cuFFT factory: Attempting to register factory for plugin cuFFT when one has already been registered
2026-09-10 12:04:00.765970: E external/local_xla/xla/stream_executor/cuda/cuda_dnn.cc:10575] Unable to register cuDNN factory: Attempting to register factory for plugin cuDNN when one has already been registered
2026-09-10 12:04:00.766029: E external/local_xla/xla/stream_executor/cuda/cuda_blas.cc:1442] Unable to register cuBLAS factory: Attempting to register factory for plugin cuBLAS when one has already been registered
2026-09-10 12:04:01.666832: W tensorflow/compiler/tf2tensorrt/utils/py_utils.cc:38] TF-TRT Warning: Could not find TensorRT
0.0s - [medium/yamnet_aves] existing config: overlap_event_prop=0.2, framehop_prop=1
0.0s -   loaded from /home/luke/projects/buzzdetect-training/.local/worktrees/yamnet-aves/02_set/sets/medium/config_extract.json
0.2s - extract_snips: [1/83] JamesU - MustardBumbler/1_29/240903_1319 — unchanged (0 written, 0 deleted)
0.2s - extract_snips: [2/83] Lily - Fit+Fast/2023_R3_Marysville/53/230808_1208 — unchanged (0 written, 0 deleted)
0.2s - extract_snips: [3/83] Lily Adam - One Hive/recorders/willard/2024-08-07/1_11/240807_1016 — unchanged (0 written, 0 deleted)
0.2s - extract_snips: [4/83] Lily Adam - One Hive/recorders/wooster/2024-07-26/1_143/240726_1446 — unchanged (0 written, 0 deleted)
0.2s - extract_snips: [5/83] Luke - Diel Drivers/2026-04-08/1_150/260408_1942 — unchanged (0 written, 0 deleted)
0.2s - extract_snips: [6/83] Luke - Diel Drivers/2026-05-06/1_95/260506_1924 — unchanged (0 written, 0 deleted)
0.2s - extract_snips: [7/83] Luke - Various Opportunistic Recordings/2025-06-23/1_23/250623_0857 — unchanged (0 written, 0 deleted)
0.2s - extract_snips: [8/83] Luke - Various Opportunistic Recordings/2025-07-03/1_37/250703_1635 — unchanged (0 written, 0 deleted)
0.2s - extract_snips: [9/83] Luke - Various Opportunistic Recordings/2025-08-05/31/250805_1247 — unchanged (0 written, 0 deleted)
0.2s - extract_snips: [10/83] Luke - Various Opportunistic Recordings/2025-08-12/1_114/250812_1225 — unchanged (0 written, 0 deleted)
0.2s - extract_snips: [11/83] Luke - Various Opportunistic Recordings/2025-08-27/48/250827_1828 — unchanged (0 written, 0 deleted)
0.2s - extract_snips: [12/83] Luke - Various Opportunistic Recordings/2026-07-27/1_25/260727_1632 — unchanged (0 written, 0 deleted)
0.2s - extract_snips: [13/83] Luke - Various Opportunistic Recordings/2026-07-27/1_99/260727_1633 — unchanged (0 written, 0 deleted)
0.2s - extract_snips: [14/83] Chia - Bee Audio 2022 Original/7-13-22_SouthCharleston/1/220713_0941_01 — unchanged (0 written, 0 deleted)
0.2s - extract_snips: [15/83] Chia - Bee Audio 2022 Original/7-13-22_SouthCharleston/1/220715_1123 — unchanged (0 written, 0 deleted)
0.2s - extract_snips: [16/83] Chia - Bee Audio 2022 Original/7-13-22_SouthCharleston/2/220713_0943 — unchanged (0 written, 0 deleted)
0.2s - extract_snips: [17/83] Chia - Bee Audio 2022 Original/7-13-22_SouthCharleston/2/220715_1125 — unchanged (0 written, 0 deleted)
0.2s - extract_snips: [18/83] Chia - Bee Audio 2022 Original/7-13-22_SouthCharleston/3/220713_0944 — unchanged (0 written, 0 deleted)
0.2s - extract_snips: [19/83] Chia - Bee Audio 2022 Original/7-13-22_SouthCharleston/3/220715_1127 — unchanged (0 written, 0 deleted)
0.2s - extract_snips: [20/83] Chia - Bee Audio 2022 Original/7-13-22_SouthCharleston/4/220713_0946 — unchanged (0 written, 0 deleted)
0.2s - extract_snips: [21/83] Chia - Bee Audio 2022 Original/7-13-22_SouthCharleston/4/220715_1128 — unchanged (0 written, 0 deleted)
0.2s - extract_snips: [22/83] Chia - Bee Audio 2022 Original/7-13-22_SouthCharleston/5/220713_0947 — unchanged (0 written, 0 deleted)
0.2s - extract_snips: [23/83] Chia - Bee Audio 2022 Original/7-13-22_SouthCharleston/5/220715_1130 — unchanged (0 written, 0 deleted)
0.2s - extract_snips: [24/83] Chia - Bee Audio 2022 Original/7-13-22_SouthCharleston/6/220713_0948 — unchanged (0 written, 0 deleted)
0.2s - extract_snips: [25/83] Chia - Bee Audio 2022 Original/7-13-22_SouthCharleston/6/220715_1131 — unchanged (0 written, 0 deleted)
0.2s - extract_snips: [26/83] Chia - Bee Audio 2022 Original/7-13-22_SouthCharleston/7/220713_0951 — unchanged (0 written, 0 deleted)
0.2s - extract_snips: [27/83] Chia - Bee Audio 2022 Original/7-13-22_SouthCharleston/7/220715_1134 — unchanged (0 written, 0 deleted)
0.2s - extract_snips: [28/83] Chia - Bee Audio 2022 Original/7-13-22_SouthCharleston/8/220713_0953 — unchanged (0 written, 0 deleted)
0.2s - extract_snips: [29/83] Chia - Bee Audio 2022 Original/7-13-22_SouthCharleston/8/220715_1135 — unchanged (0 written, 0 deleted)
0.2s - extract_snips: [30/83] Chia - OSPT/2022/2022-07-26/10/220726_1209 — unchanged (0 written, 0 deleted)
0.2s - extract_snips: [31/83] Chia - OSPT/2022/2022-07-26/14/220726_1202 — unchanged (0 written, 0 deleted)
0.2s - extract_snips: [32/83] Chia - OSPT/2022/2022-07-26/15/220728_1403 — unchanged (0 written, 0 deleted)
0.2s - extract_snips: [33/83] Chia - OSPT/2022/2022-07-26/17/220725_1311 — unchanged (0 written, 0 deleted)
0.2s - extract_snips: [34/83] Chia - OSPT/2022/2022-07-26/18/220725_1319 — unchanged (0 written, 0 deleted)
0.2s - extract_snips: [35/83] Chia - OSPT/2022/2022-07-26/18/220727_1501 — unchanged (0 written, 0 deleted)
0.2s - extract_snips: [36/83] Chia - OSPT/2022/2022-07-26/23/220727_1453 — unchanged (0 written, 0 deleted)
0.2s - extract_snips: [37/83] Chia - OSPT/2022/2022-07-26/25/220725_1324 — unchanged (0 written, 0 deleted)
0.2s - extract_snips: [38/83] Chia - OSPT/2022/2022-07-26/25/220727_1507 — unchanged (0 written, 0 deleted)
0.2s - extract_snips: [39/83] Chia - OSPT/2022/2022-07-26/29/220725_1321 — unchanged (0 written, 0 deleted)
0.2s - extract_snips: [40/83] Chia - OSPT/2022/2022-08-02/11/220802_1058 — unchanged (0 written, 0 deleted)
0.2s - extract_snips: [41/83] Chia - OSPT/2022/2022-08-02/13/220802_1108 — unchanged (0 written, 0 deleted)
0.2s - extract_snips: [42/83] Chia - OSPT/2022/2022-08-02/13/220806_1432 — unchanged (0 written, 0 deleted)
0.2s - extract_snips: [43/83] Chia - OSPT/2022/2022-08-02/20/220802_1056 — unchanged (0 written, 0 deleted)
0.2s - extract_snips: [44/83] Chia - OSPT/2022/2022-08-02/22/220804_1241 — unchanged (0 written, 0 deleted)
0.2s - extract_snips: [45/83] Chia - OSPT/2022/2022-08-02/23/220802_1047 — unchanged (0 written, 0 deleted)
0.2s - extract_snips: [46/83] Chia - OSPT/2022/2022-08-02/29/220802_1102 — unchanged (0 written, 0 deleted)
0.2s - extract_snips: [47/83] Chia - OSPT/2022/2022-08-02/29/220804_1244 — unchanged (0 written, 0 deleted)
0.2s - extract_snips: [48/83] Chia - OSPT/2022/2022-08-02/32/220804_1227 — unchanged (0 written, 0 deleted)
0.2s - extract_snips: [49/83] Chia_Lin - Soybean on-farm spray audios/2023-07-25 Combs Sabine-Bigelow/14/230725_1202 — unchanged (0 written, 0 deleted)
0.2s - extract_snips: [50/83] Chia_Lin - Soybean on-farm spray audios/2023-07-25 Combs Sabine-Bigelow/14/230727_1344 — unchanged (0 written, 0 deleted)
0.2s - extract_snips: [51/83] Chia_Lin - Soybean on-farm spray audios/2023-07-25 Combs Sabine-Bigelow/14/230730_1621 — unchanged (0 written, 0 deleted)
0.2s - extract_snips: [52/83] Chia_Lin - Soybean on-farm spray audios/2023-07-25 Combs Sabine-Bigelow/14/230801_1803 — unchanged (0 written, 0 deleted)
0.2s - extract_snips: [53/83] Chia_Lin - Soybean on-farm spray audios/2023-07-25 Combs Sabine-Bigelow/23/230725_1159 — unchanged (0 written, 0 deleted)
0.2s - extract_snips: [54/83] Chia_Lin - Soybean on-farm spray audios/2023-07-25 Combs Sabine-Bigelow/23/230727_1341 — unchanged (0 written, 0 deleted)
0.2s - extract_snips: [55/83] Chia_Lin - Soybean on-farm spray audios/2023-07-25 Combs Sabine-Bigelow/23/230730_1624 — unchanged (0 written, 0 deleted)
0.2s - extract_snips: [56/83] Chia_Lin - Soybean on-farm spray audios/2023-07-25 Combs Sabine-Bigelow/23/230801_1806 — unchanged (0 written, 0 deleted)
0.2s - extract_snips: [57/83] Chia_Lin - Soybean on-farm spray audios/2023-07-30 FSR/29/230730_1704 — unchanged (0 written, 0 deleted)
0.2s - extract_snips: [58/83] Chia_Lin - Soybean on-farm spray audios/2023-07-30 FSR/29/230801_1846 — unchanged (0 written, 0 deleted)
0.2s - extract_snips: [59/83] Chia_Lin - Soybean on-farm spray audios/2023-07-30 FSR/3/230730_1704 — unchanged (0 written, 0 deleted)
0.2s - extract_snips: [60/83] Chia_Lin - Soybean on-farm spray audios/2023-07-30 FSR/3/230801_1847 — unchanged (0 written, 0 deleted)
0.2s - extract_snips: [61/83] Karlan Forrester - Soybean Attractiveness/A11/4/210721_0949 — unchanged (0 written, 0 deleted)
0.2s - extract_snips: [62/83] Karlan Forrester - Soybean Attractiveness/A11/4/210723_1131 — unchanged (0 written, 0 deleted)
0.2s - extract_snips: [63/83] Karlan Forrester - Soybean Attractiveness/A11/4/210726_1007 — unchanged (0 written, 0 deleted)
0.2s - extract_snips: [64/83] Karlan Forrester - Soybean Attractiveness/A11/4/210728_1150 — unchanged (0 written, 0 deleted)
0.2s - extract_snips: [65/83] Karlan Forrester - Soybean Attractiveness/A11/4/210805_0819 — unchanged (0 written, 0 deleted)
0.2s - extract_snips: [66/83] Karlan Forrester - Soybean Attractiveness/A11/4/210807_1001 — unchanged (0 written, 0 deleted)
0.2s - extract_snips: [67/83] Karlan Forrester - Soybean Attractiveness/C9-16/4/210721_0910 — unchanged (0 written, 0 deleted)
0.2s - extract_snips: [68/83] Karlan Forrester - Soybean Attractiveness/C9-16/4/210723_1052 — unchanged (0 written, 0 deleted)
0.2s - extract_snips: [69/83] Karlan Forrester - Soybean Attractiveness/C9-16/4/210726_0933 — unchanged (0 written, 0 deleted)
0.2s - extract_snips: [70/83] Karlan Forrester - Soybean Attractiveness/C9-16/4/210728_1115 — unchanged (0 written, 0 deleted)
0.2s - extract_snips: [71/83] Karlan Forrester - Soybean Attractiveness/C9-16/4/210805_0743 — unchanged (0 written, 0 deleted)
0.2s - extract_snips: [72/83] Karlan Forrester - Soybean Attractiveness/C9-16/4/210807_0925 — unchanged (0 written, 0 deleted)
0.2s - extract_snips: [73/83] Karlan Forrester - Soybean Attractiveness/EBN/4/210721_0930 — unchanged (0 written, 0 deleted)
0.2s - extract_snips: [74/83] Karlan Forrester - Soybean Attractiveness/EBN/4/210723_1112 — unchanged (0 written, 0 deleted)
0.2s - extract_snips: [75/83] Karlan Forrester - Soybean Attractiveness/EBN/4/210726_0950 — unchanged (0 written, 0 deleted)
0.2s - extract_snips: [76/83] Karlan Forrester - Soybean Attractiveness/EBN/4/210728_1132 — unchanged (0 written, 0 deleted)
0.2s - extract_snips: [77/83] Karlan Forrester - Soybean Attractiveness/EBN/4/210805_0800 — unchanged (0 written, 0 deleted)
0.2s - extract_snips: [78/83] Karlan Forrester - Soybean Attractiveness/L6-8/4/210721_0855 — unchanged (0 written, 0 deleted)
0.2s - extract_snips: [79/83] Karlan Forrester - Soybean Attractiveness/L6-8/4/210723_1038 — unchanged (0 written, 0 deleted)
0.2s - extract_snips: [80/83] Karlan Forrester - Soybean Attractiveness/L6-8/4/210726_0918 — unchanged (0 written, 0 deleted)
0.2s - extract_snips: [81/83] Karlan Forrester - Soybean Attractiveness/L6-8/4/210728_1100 — unchanged (0 written, 0 deleted)
0.2s - extract_snips: [82/83] Karlan Forrester - Soybean Attractiveness/L6-8/4/210805_0726 — unchanged (0 written, 0 deleted)
0.2s - extract_snips: [83/83] Karlan Forrester - Soybean Attractiveness/L6-8/4/210807_0908 — unchanged (0 written, 0 deleted)
0.2s - extract_snips: 83 ident(s): 0 updated (0 snip(s) written, 0 superseded), 83 unchanged
0.5s - [medium/yamnet_aves] 83 ident(s): 83 to extract (83 new, 0 superseded by new annotations), 0 already current
0.5s -   0 worker(s); folds: 44
2026-09-10 12:04:04.589446: I external/local_xla/xla/stream_executor/cuda/cuda_executor.cc:998] successful NUMA node read from SysFS had negative value (-1), but there must be at least one NUMA node, so returning NUMA node zero. See more at https://github.com/torvalds/linux/blob/v6.0/Documentation/ABI/testing/sysfs-bus-pci#L344-L355
2026-09-10 12:04:04.629931: I external/local_xla/xla/stream_executor/cuda/cuda_executor.cc:998] successful NUMA node read from SysFS had negative value (-1), but there must be at least one NUMA node, so returning NUMA node zero. See more at https://github.com/torvalds/linux/blob/v6.0/Documentation/ABI/testing/sysfs-bus-pci#L344-L355
2026-09-10 12:04:04.632100: I external/local_xla/xla/stream_executor/cuda/cuda_executor.cc:998] successful NUMA node read from SysFS had negative value (-1), but there must be at least one NUMA node, so returning NUMA node zero. See more at https://github.com/torvalds/linux/blob/v6.0/Documentation/ABI/testing/sysfs-bus-pci#L344-L355
[W910 12:04:08.539042868 NNPACK.cpp:56] Could not initialize NNPACK! Reason: Unsupported hardware.
[W910 12:04:08.571789022 NNPACK.cpp:56] Could not initialize NNPACK! Reason: Unsupported hardware.
[W910 12:04:08.572060018 NNPACK.cpp:56] Could not initialize NNPACK! Reason: Unsupported hardware.
[W910 12:04:08.572208312 NNPACK.cpp:56] Could not initialize NNPACK! Reason: Unsupported hardware.
[W910 12:04:08.577691864 NNPACK.cpp:56] Could not initialize NNPACK! Reason: Unsupported hardware.
[W910 12:04:08.577970554 NNPACK.cpp:56] Could not initialize NNPACK! Reason: Unsupported hardware.
[W910 12:04:08.578124827 NNPACK.cpp:56] Could not initialize NNPACK! Reason: Unsupported hardware.
[W910 12:04:08.587039246 NNPACK.cpp:56] Could not initialize NNPACK! Reason: Unsupported hardware.
4.1s - extractor main: [1] JamesU - MustardBumbler/1_29/240903_1319 — starting (embeddings)
[W910 12:04:08.920557118 NNPACK.cpp:56] Could not initialize NNPACK! Reason: Unsupported hardware.
[W910 12:04:08.922184925 NNPACK.cpp:56] Could not initialize NNPACK! Reason: Unsupported hardware.
[W910 12:04:08.923149857 NNPACK.cpp:56] Could not initialize NNPACK! Reason: Unsupported hardware.
[W910 12:04:08.924086298 NNPACK.cpp:56] Could not initialize NNPACK! Reason: Unsupported hardware.
[W910 12:04:08.925116870 NNPACK.cpp:56] Could not initialize NNPACK! Reason: Unsupported hardware.
[W910 12:04:08.926143834 NNPACK.cpp:56] Could not initialize NNPACK! Reason: Unsupported hardware.
[W910 12:04:08.927158700 NNPACK.cpp:56] Could not initialize NNPACK! Reason: Unsupported hardware.
[W910 12:04:08.928555243 NNPACK.cpp:56] Could not initialize NNPACK! Reason: Unsupported hardware.
[W910 12:04:09.388889778 NNPACK.cpp:56] Could not initialize NNPACK! Reason: Unsupported hardware.
[W910 12:04:09.389624907 NNPACK.cpp:56] Could not initialize NNPACK! Reason: Unsupported hardware.
[W910 12:04:09.390128992 NNPACK.cpp:56] Could not initialize NNPACK! Reason: Unsupported hardware.
[W910 12:04:09.390612339 NNPACK.cpp:56] Could not initialize NNPACK! Reason: Unsupported hardware.
[W910 12:04:09.391192169 NNPACK.cpp:56] Could not initialize NNPACK! Reason: Unsupported hardware.
[W910 12:04:09.391740689 NNPACK.cpp:56] Could not initialize NNPACK! Reason: Unsupported hardware.
[W910 12:04:09.392297578 NNPACK.cpp:56] Could not initialize NNPACK! Reason: Unsupported hardware.
[W910 12:04:09.393253835 NNPACK.cpp:56] Could not initialize NNPACK! Reason: Unsupported hardware.
[W910 12:04:09.872236960 NNPACK.cpp:56] Could not initialize NNPACK! Reason: Unsupported hardware.
[W910 12:04:09.873936283 NNPACK.cpp:56] Could not initialize NNPACK! Reason: Unsupported hardware.
[W910 12:04:09.875288947 NNPACK.cpp:56] Could not initialize NNPACK! Reason: Unsupported hardware.
[W910 12:04:09.876553892 NNPACK.cpp:56] Could not initialize NNPACK! Reason: Unsupported hardware.
[W910 12:04:09.878178059 NNPACK.cpp:56] Could not initialize NNPACK! Reason: Unsupported hardware.
[W910 12:04:09.879593251 NNPACK.cpp:56] Could not initialize NNPACK! Reason: Unsupported hardware.
[W910 12:04:09.881035160 NNPACK.cpp:56] Could not initialize NNPACK! Reason: Unsupported hardware.
[W910 12:04:09.882849492 NNPACK.cpp:56] Could not initialize NNPACK! Reason: Unsupported hardware.
[W910 12:04:10.315867186 NNPACK.cpp:56] Could not initialize NNPACK! Reason: Unsupported hardware.
[W910 12:04:10.316387350 NNPACK.cpp:56] Could not initialize NNPACK! Reason: Unsupported hardware.
[W910 12:04:10.316663273 NNPACK.cpp:56] Could not initialize NNPACK! Reason: Unsupported hardware.
[W910 12:04:10.316946875 NNPACK.cpp:56] Could not initialize NNPACK! Reason: Unsupported hardware.
[W910 12:04:10.317256516 NNPACK.cpp:56] Could not initialize NNPACK! Reason: Unsupported hardware.
[W910 12:04:10.317556795 NNPACK.cpp:56] Could not initialize NNPACK! Reason: Unsupported hardware.
[W910 12:04:10.317853023 NNPACK.cpp:56] Could not initialize NNPACK! Reason: Unsupported hardware.
[W910 12:04:10.318513927 NNPACK.cpp:56] Could not initialize NNPACK! Reason: Unsupported hardware.
[W910 12:04:10.762553996 NNPACK.cpp:56] Could not initialize NNPACK! Reason: Unsupported hardware.
[W910 12:04:10.763773432 NNPACK.cpp:56] Could not initialize NNPACK! Reason: Unsupported hardware.
[W910 12:04:10.764728943 NNPACK.cpp:56] Could not initialize NNPACK! Reason: Unsupported hardware.
[W910 12:04:10.765681238 NNPACK.cpp:56] Could not initialize NNPACK! Reason: Unsupported hardware.
[W910 12:04:10.766747831 NNPACK.cpp:56] Could not initialize NNPACK! Reason: Unsupported hardware.
[W910 12:04:10.767795624 NNPACK.cpp:56] Could not initialize NNPACK! Reason: Unsupported hardware.
[W910 12:04:10.768817915 NNPACK.cpp:56] Could not initialize NNPACK! Reason: Unsupported hardware.
[W910 12:04:10.770181724 NNPACK.cpp:56] Could not initialize NNPACK! Reason: Unsupported hardware.
[W910 12:04:11.215478795 NNPACK.cpp:56] Could not initialize NNPACK! Reason: Unsupported hardware.
[W910 12:04:11.216246826 NNPACK.cpp:56] Could not initialize NNPACK! Reason: Unsupported hardware.
[W910 12:04:11.216763966 NNPACK.cpp:56] Could not initialize NNPACK! Reason: Unsupported hardware.
[W910 12:04:11.217272176 NNPACK.cpp:56] Could not initialize NNPACK! Reason: Unsupported hardware.
[W910 12:04:11.217825807 NNPACK.cpp:56] Could not initialize NNPACK! Reason: Unsupported hardware.
[W910 12:04:11.218422827 NNPACK.cpp:56] Could not initialize NNPACK! Reason: Unsupported hardware.
[W910 12:04:11.218979710 NNPACK.cpp:56] Could not initialize NNPACK! Reason: Unsupported hardware.
[W910 12:04:11.219935164 NNPACK.cpp:56] Could not initialize NNPACK! Reason: Unsupported hardware.
[W910 12:04:11.729022288 NNPACK.cpp:56] Could not initialize NNPACK! Reason: Unsupported hardware.
[W910 12:04:11.730624320 NNPACK.cpp:56] Could not initialize NNPACK! Reason: Unsupported hardware.
[W910 12:04:11.731592269 NNPACK.cpp:56] Could not initialize NNPACK! Reason: Unsupported hardware.
[W910 12:04:11.732535511 NNPACK.cpp:56] Could not initialize NNPACK! Reason: Unsupported hardware.
[W910 12:04:11.733619125 NNPACK.cpp:56] Could not initialize NNPACK! Reason: Unsupported hardware.
[W910 12:04:11.734696378 NNPACK.cpp:56] Could not initialize NNPACK! Reason: Unsupported hardware.
[W910 12:04:11.735765423 NNPACK.cpp:56] Could not initialize NNPACK! Reason: Unsupported hardware.
[W910 12:04:11.737207133 NNPACK.cpp:56] Could not initialize NNPACK! Reason: Unsupported hardware.
[W910 12:04:12.180356913 NNPACK.cpp:56] Could not initialize NNPACK! Reason: Unsupported hardware.
[W910 12:04:12.181080211 NNPACK.cpp:56] Could not initialize NNPACK! Reason: Unsupported hardware.
[W910 12:04:12.181562915 NNPACK.cpp:56] Could not initialize NNPACK! Reason: Unsupported hardware.
[W910 12:04:12.182053348 NNPACK.cpp:56] Could not initialize NNPACK! Reason: Unsupported hardware.
[W910 12:04:12.182626139 NNPACK.cpp:56] Could not initialize NNPACK! Reason: Unsupported hardware.
[W910 12:04:12.183208488 NNPACK.cpp:56] Could not initialize NNPACK! Reason: Unsupported hardware.
[W910 12:04:12.183749152 NNPACK.cpp:56] Could not initialize NNPACK! Reason: Unsupported hardware.
[W910 12:04:12.184626156 NNPACK.cpp:56] Could not initialize NNPACK! Reason: Unsupported hardware.
[W910 12:04:12.686742811 NNPACK.cpp:56] Could not initialize NNPACK! Reason: Unsupported hardware.
[W910 12:04:12.688036614 NNPACK.cpp:56] Could not initialize NNPACK! Reason: Unsupported hardware.
[W910 12:04:12.688969252 NNPACK.cpp:56] Could not initialize NNPACK! Reason: Unsupported hardware.
[W910 12:04:12.689907758 NNPACK.cpp:56] Could not initialize NNPACK! Reason: Unsupported hardware.
[W910 12:04:12.690961819 NNPACK.cpp:56] Could not initialize NNPACK! Reason: Unsupported hardware.
[W910 12:04:12.691952385 NNPACK.cpp:56] Could not initialize NNPACK! Reason: Unsupported hardware.
[W910 12:04:12.692964736 NNPACK.cpp:56] Could not initialize NNPACK! Reason: Unsupported hardware.
[W910 12:04:12.694296624 NNPACK.cpp:56] Could not initialize NNPACK! Reason: Unsupported hardware.
[W910 12:04:13.140270371 NNPACK.cpp:56] Could not initialize NNPACK! Reason: Unsupported hardware.
[W910 12:04:13.141030024 NNPACK.cpp:56] Could not initialize NNPACK! Reason: Unsupported hardware.
[W910 12:04:13.141529558 NNPACK.cpp:56] Could not initialize NNPACK! Reason: Unsupported hardware.
[W910 12:04:13.142026063 NNPACK.cpp:56] Could not initialize NNPACK! Reason: Unsupported hardware.
[W910 12:04:13.142573524 NNPACK.cpp:56] Could not initialize NNPACK! Reason: Unsupported hardware.
[W910 12:04:13.143137909 NNPACK.cpp:56] Could not initialize NNPACK! Reason: Unsupported hardware.
[W910 12:04:13.143732145 NNPACK.cpp:56] Could not initialize NNPACK! Reason: Unsupported hardware.
[W910 12:04:13.144642604 NNPACK.cpp:56] Could not initialize NNPACK! Reason: Unsupported hardware.
[W910 12:04:13.648845060 NNPACK.cpp:56] Could not initialize NNPACK! Reason: Unsupported hardware.
[W910 12:04:13.650052471 NNPACK.cpp:56] Could not initialize NNPACK! Reason: Unsupported hardware.
[W910 12:04:13.650989102 NNPACK.cpp:56] Could not initialize NNPACK! Reason: Unsupported hardware.
[W910 12:04:13.651900631 NNPACK.cpp:56] Could not initialize NNPACK! Reason: Unsupported hardware.
[W910 12:04:13.652945612 NNPACK.cpp:56] Could not initialize NNPACK! Reason: Unsupported hardware.
[W910 12:04:13.653981465 NNPACK.cpp:56] Could not initialize NNPACK! Reason: Unsupported hardware.
[W910 12:04:13.654979447 NNPACK.cpp:56] Could not initialize NNPACK! Reason: Unsupported hardware.
[W910 12:04:13.656325473 NNPACK.cpp:56] Could not initialize NNPACK! Reason: Unsupported hardware.
[W910 12:04:14.096141611 NNPACK.cpp:56] Could not initialize NNPACK! Reason: Unsupported hardware.
[W910 12:04:14.096860482 NNPACK.cpp:56] Could not initialize NNPACK! Reason: Unsupported hardware.
[W910 12:04:14.097349478 NNPACK.cpp:56] Could not initialize NNPACK! Reason: Unsupported hardware.
[W910 12:04:14.097833410 NNPACK.cpp:56] Could not initialize NNPACK! Reason: Unsupported hardware.
[W910 12:04:14.098383632 NNPACK.cpp:56] Could not initialize NNPACK! Reason: Unsupported hardware.
[W910 12:04:14.098923966 NNPACK.cpp:56] Could not initialize NNPACK! Reason: Unsupported hardware.
[W910 12:04:14.099470506 NNPACK.cpp:56] Could not initialize NNPACK! Reason: Unsupported hardware.
[W910 12:04:14.100337144 NNPACK.cpp:56] Could not initialize NNPACK! Reason: Unsupported hardware.
[W910 12:04:14.598303625 NNPACK.cpp:56] Could not initialize NNPACK! Reason: Unsupported hardware.
[W910 12:04:14.599505064 NNPACK.cpp:56] Could not initialize NNPACK! Reason: Unsupported hardware.
[W910 12:04:14.600458088 NNPACK.cpp:56] Could not initialize NNPACK! Reason: Unsupported hardware.
[W910 12:04:14.601375922 NNPACK.cpp:56] Could not initialize NNPACK! Reason: Unsupported hardware.
[W910 12:04:14.602401857 NNPACK.cpp:56] Could not initialize NNPACK! Reason: Unsupported hardware.
[W910 12:04:14.603414626 NNPACK.cpp:56] Could not initialize NNPACK! Reason: Unsupported hardware.
[W910 12:04:14.604409679 NNPACK.cpp:56] Could not initialize NNPACK! Reason: Unsupported hardware.
[W910 12:04:14.605728539 NNPACK.cpp:56] Could not initialize NNPACK! Reason: Unsupported hardware.
[W910 12:04:15.045012976 NNPACK.cpp:56] Could not initialize NNPACK! Reason: Unsupported hardware.
[W910 12:04:15.045779314 NNPACK.cpp:56] Could not initialize NNPACK! Reason: Unsupported hardware.
[W910 12:04:15.046267726 NNPACK.cpp:56] Could not initialize NNPACK! Reason: Unsupported hardware.
[W910 12:04:15.050687600 NNPACK.cpp:56] Could not initialize NNPACK! Reason: Unsupported hardware.
[W910 12:04:15.051298551 NNPACK.cpp:56] Could not initialize NNPACK! Reason: Unsupported hardware.
[W910 12:04:15.051843584 NNPACK.cpp:56] Could not initialize NNPACK! Reason: Unsupported hardware.
[W910 12:04:15.052407839 NNPACK.cpp:56] Could not initialize NNPACK! Reason: Unsupported hardware.
[W910 12:04:15.053282188 NNPACK.cpp:56] Could not initialize NNPACK! Reason: Unsupported hardware.
[W910 12:04:15.546033828 NNPACK.cpp:56] Could not initialize NNPACK! Reason: Unsupported hardware.
[W910 12:04:15.547237880 NNPACK.cpp:56] Could not initialize NNPACK! Reason: Unsupported hardware.
[W910 12:04:15.548186716 NNPACK.cpp:56] Could not initialize NNPACK! Reason: Unsupported hardware.
[W910 12:04:15.549174572 NNPACK.cpp:56] Could not initialize NNPACK! Reason: Unsupported hardware.
[W910 12:04:15.550639211 NNPACK.cpp:56] Could not initialize NNPACK! Reason: Unsupported hardware.
[W910 12:04:15.551785609 NNPACK.cpp:56] Could not initialize NNPACK! Reason: Unsupported hardware.
[W910 12:04:15.552956252 NNPACK.cpp:56] Could not initialize NNPACK! Reason: Unsupported hardware.
[W910 12:04:15.554492433 NNPACK.cpp:56] Could not initialize NNPACK! Reason: Unsupported hardware.
[W910 12:04:16.988607018 NNPACK.cpp:56] Could not initialize NNPACK! Reason: Unsupported hardware.
[W910 12:04:16.989347310 NNPACK.cpp:56] Could not initialize NNPACK! Reason: Unsupported hardware.
[W910 12:04:16.989854572 NNPACK.cpp:56] Could not initialize NNPACK! Reason: Unsupported hardware.
[W910 12:04:16.990380274 NNPACK.cpp:56] Could not initialize NNPACK! Reason: Unsupported hardware.
[W910 12:04:16.990947083 NNPACK.cpp:56] Could not initialize NNPACK! Reason: Unsupported hardware.
[W910 12:04:16.991506480 NNPACK.cpp:56] Could not initialize NNPACK! Reason: Unsupported hardware.
[W910 12:04:16.992087717 NNPACK.cpp:56] Could not initialize NNPACK! Reason: Unsupported hardware.
[W910 12:04:16.992968061 NNPACK.cpp:56] Could not initialize NNPACK! Reason: Unsupported hardware.
[W910 12:04:16.491389942 NNPACK.cpp:56] Could not initialize NNPACK! Reason: Unsupported hardware.
[W910 12:04:16.492597483 NNPACK.cpp:56] Could not initialize NNPACK! Reason: Unsupported hardware.
[W910 12:04:16.493543562 NNPACK.cpp:56] Could not initialize NNPACK! Reason: Unsupported hardware.
[W910 12:04:16.494485902 NNPACK.cpp:56] Could not initialize NNPACK! Reason: Unsupported hardware.
[W910 12:04:16.495535532 NNPACK.cpp:56] Could not initialize NNPACK! Reason: Unsupported hardware.
[W910 12:04:16.496531205 NNPACK.cpp:56] Could not initialize NNPACK! Reason: Unsupported hardware.
[W910 12:04:16.497525576 NNPACK.cpp:56] Could not initialize NNPACK! Reason: Unsupported hardware.
[W910 12:04:16.498856267 NNPACK.cpp:56] Could not initialize NNPACK! Reason: Unsupported hardware.
[W910 12:04:16.939262532 NNPACK.cpp:56] Could not initialize NNPACK! Reason: Unsupported hardware.
[W910 12:04:16.939987273 NNPACK.cpp:56] Could not initialize NNPACK! Reason: Unsupported hardware.
[W910 12:04:16.940484183 NNPACK.cpp:56] Could not initialize NNPACK! Reason: Unsupported hardware.
[W910 12:04:16.940981754 NNPACK.cpp:56] Could not initialize NNPACK! Reason: Unsupported hardware.
[W910 12:04:16.941546463 NNPACK.cpp:56] Could not initialize NNPACK! Reason: Unsupported hardware.
[W910 12:04:16.942109748 NNPACK.cpp:56] Could not initialize NNPACK! Reason: Unsupported hardware.
[W910 12:04:16.942669792 NNPACK.cpp:56] Could not initialize NNPACK! Reason: Unsupported hardware.
[W910 12:04:17.943558469 NNPACK.cpp:56] Could not initialize NNPACK! Reason: Unsupported hardware.
[W910 12:04:17.444019690 NNPACK.cpp:56] Could not initialize NNPACK! Reason: Unsupported hardware.
[W910 12:04:17.445603256 NNPACK.cpp:56] Could not initialize NNPACK! Reason: Unsupported hardware.
[W910 12:04:17.446551197 NNPACK.cpp:56] Could not initialize NNPACK! Reason: Unsupported hardware.
[W910 12:04:17.447486266 NNPACK.cpp:56] Could not initialize NNPACK! Reason: Unsupported hardware.
[W910 12:04:17.448508664 NNPACK.cpp:56] Could not initialize NNPACK! Reason: Unsupported hardware.
[W910 12:04:17.449533210 NNPACK.cpp:56] Could not initialize NNPACK! Reason: Unsupported hardware.
[W910 12:04:17.450530355 NNPACK.cpp:56] Could not initialize NNPACK! Reason: Unsupported hardware.
[W910 12:04:17.451869596 NNPACK.cpp:56] Could not initialize NNPACK! Reason: Unsupported hardware.
[W910 12:04:17.889893388 NNPACK.cpp:56] Could not initialize NNPACK! Reason: Unsupported hardware.
[W910 12:04:17.890636217 NNPACK.cpp:56] Could not initialize NNPACK! Reason: Unsupported hardware.
[W910 12:04:17.891130769 NNPACK.cpp:56] Could not initialize NNPACK! Reason: Unsupported hardware.
[W910 12:04:17.891613146 NNPACK.cpp:56] Could not initialize NNPACK! Reason: Unsupported hardware.
[W910 12:04:17.892170867 NNPACK.cpp:56] Could not initialize NNPACK! Reason: Unsupported hardware.
[W910 12:04:17.892713312 NNPACK.cpp:56] Could not initialize NNPACK! Reason: Unsupported hardware.
[W910 12:04:17.893263496 NNPACK.cpp:56] Could not initialize NNPACK! Reason: Unsupported hardware.
[W910 12:04:17.894142674 NNPACK.cpp:56] Could not initialize NNPACK! Reason: Unsupported hardware.
[W910 12:04:18.300705374 NNPACK.cpp:56] Could not initialize NNPACK! Reason: Unsupported hardware.
[W910 12:04:18.301621818 NNPACK.cpp:56] Could not initialize NNPACK! Reason: Unsupported hardware.
[W910 12:04:18.302273252 NNPACK.cpp:56] Could not initialize NNPACK! Reason: Unsupported hardware.
[W910 12:04:18.302904877 NNPACK.cpp:56] Could not initialize NNPACK! Reason: Unsupported hardware.
[W910 12:04:18.303629940 NNPACK.cpp:56] Could not initialize NNPACK! Reason: Unsupported hardware.
[W910 12:04:18.304338695 NNPACK.cpp:56] Could not initialize NNPACK! Reason: Unsupported hardware.
[W910 12:04:18.305042973 NNPACK.cpp:56] Could not initialize NNPACK! Reason: Unsupported hardware.
[W910 12:04:18.306101033 NNPACK.cpp:56] Could not initialize NNPACK! Reason: Unsupported hardware.
[W910 12:04:19.952363504 NNPACK.cpp:56] Could not initialize NNPACK! Reason: Unsupported hardware.
[W910 12:04:19.953578431 NNPACK.cpp:56] Could not initialize NNPACK! Reason: Unsupported hardware.
[W910 12:04:19.954530113 NNPACK.cpp:56] Could not initialize NNPACK! Reason: Unsupported hardware.
[W910 12:04:19.955458571 NNPACK.cpp:56] Could not initialize NNPACK! Reason: Unsupported hardware.
[W910 12:04:19.956514866 NNPACK.cpp:56] Could not initialize NNPACK! Reason: Unsupported hardware.
[W910 12:04:19.957528406 NNPACK.cpp:56] Could not initialize NNPACK! Reason: Unsupported hardware.
[W910 12:04:19.958528123 NNPACK.cpp:56] Could not initialize NNPACK! Reason: Unsupported hardware.
[W910 12:04:19.959899830 NNPACK.cpp:56] Could not initialize NNPACK! Reason: Unsupported hardware.
[W910 12:04:19.398952951 NNPACK.cpp:56] Could not initialize NNPACK! Reason: Unsupported hardware.
[W910 12:04:19.399681004 NNPACK.cpp:56] Could not initialize NNPACK! Reason: Unsupported hardware.
[W910 12:04:19.400175960 NNPACK.cpp:56] Could not initialize NNPACK! Reason: Unsupported hardware.
[W910 12:04:19.400659018 NNPACK.cpp:56] Could not initialize NNPACK! Reason: Unsupported hardware.
[W910 12:04:19.401212142 NNPACK.cpp:56] Could not initialize NNPACK! Reason: Unsupported hardware.
[W910 12:04:19.401755497 NNPACK.cpp:56] Could not initialize NNPACK! Reason: Unsupported hardware.
[W910 12:04:19.402348246 NNPACK.cpp:56] Could not initialize NNPACK! Reason: Unsupported hardware.
[W910 12:04:19.403233460 NNPACK.cpp:56] Could not initialize NNPACK! Reason: Unsupported hardware.
[W910 12:04:19.899914663 NNPACK.cpp:56] Could not initialize NNPACK! Reason: Unsupported hardware.
[W910 12:04:19.901170972 NNPACK.cpp:56] Could not initialize NNPACK! Reason: Unsupported hardware.
[W910 12:04:19.902145542 NNPACK.cpp:56] Could not initialize NNPACK! Reason: Unsupported hardware.
[W910 12:04:19.903112259 NNPACK.cpp:56] Could not initialize NNPACK! Reason: Unsupported hardware.
[W910 12:04:19.904141230 NNPACK.cpp:56] Could not initialize NNPACK! Reason: Unsupported hardware.
[W910 12:04:19.905139015 NNPACK.cpp:56] Could not initialize NNPACK! Reason: Unsupported hardware.
[W910 12:04:19.906137771 NNPACK.cpp:56] Could not initialize NNPACK! Reason: Unsupported hardware.
[W910 12:04:19.907455897 NNPACK.cpp:56] Could not initialize NNPACK! Reason: Unsupported hardware.
[W910 12:04:20.346396179 NNPACK.cpp:56] Could not initialize NNPACK! Reason: Unsupported hardware.
[W910 12:04:20.347156454 NNPACK.cpp:56] Could not initialize NNPACK! Reason: Unsupported hardware.
[W910 12:04:20.352076738 NNPACK.cpp:56] Could not initialize NNPACK! Reason: Unsupported hardware.
[W910 12:04:20.352594728 NNPACK.cpp:56] Could not initialize NNPACK! Reason: Unsupported hardware.
[W910 12:04:20.353181156 NNPACK.cpp:56] Could not initialize NNPACK! Reason: Unsupported hardware.
[W910 12:04:20.353739145 NNPACK.cpp:56] Could not initialize NNPACK! Reason: Unsupported hardware.
[W910 12:04:20.354304686 NNPACK.cpp:56] Could not initialize NNPACK! Reason: Unsupported hardware.
[W910 12:04:20.355206382 NNPACK.cpp:56] Could not initialize NNPACK! Reason: Unsupported hardware.
[W910 12:04:20.853264044 NNPACK.cpp:56] Could not initialize NNPACK! Reason: Unsupported hardware.
[W910 12:04:20.854481284 NNPACK.cpp:56] Could not initialize NNPACK! Reason: Unsupported hardware.
[W910 12:04:20.855434018 NNPACK.cpp:56] Could not initialize NNPACK! Reason: Unsupported hardware.
[W910 12:04:20.856400184 NNPACK.cpp:56] Could not initialize NNPACK! Reason: Unsupported hardware.
[W910 12:04:20.857492569 NNPACK.cpp:56] Could not initialize NNPACK! Reason: Unsupported hardware.
[W910 12:04:20.858541201 NNPACK.cpp:56] Could not initialize NNPACK! Reason: Unsupported hardware.
[W910 12:04:20.859608511 NNPACK.cpp:56] Could not initialize NNPACK! Reason: Unsupported hardware.
[W910 12:04:20.861048084 NNPACK.cpp:56] Could not initialize NNPACK! Reason: Unsupported hardware.
[W910 12:04:21.297388626 NNPACK.cpp:56] Could not initialize NNPACK! Reason: Unsupported hardware.
[W910 12:04:21.298120129 NNPACK.cpp:56] Could not initialize NNPACK! Reason: Unsupported hardware.
[W910 12:04:21.298612325 NNPACK.cpp:56] Could not initialize NNPACK! Reason: Unsupported hardware.
[W910 12:04:21.299095045 NNPACK.cpp:56] Could not initialize NNPACK! Reason: Unsupported hardware.
[W910 12:04:21.299644600 NNPACK.cpp:56] Could not initialize NNPACK! Reason: Unsupported hardware.
[W910 12:04:21.300239288 NNPACK.cpp:56] Could not initialize NNPACK! Reason: Unsupported hardware.
[W910 12:04:21.300851500 NNPACK.cpp:56] Could not initialize NNPACK! Reason: Unsupported hardware.
[W910 12:04:21.301740696 NNPACK.cpp:56] Could not initialize NNPACK! Reason: Unsupported hardware.
[W910 12:04:21.802649738 NNPACK.cpp:56] Could not initialize NNPACK! Reason: Unsupported hardware.
[W910 12:04:21.803860777 NNPACK.cpp:56] Could not initialize NNPACK! Reason: Unsupported hardware.
[W910 12:04:21.804813391 NNPACK.cpp:56] Could not initialize NNPACK! Reason: Unsupported hardware.
[W910 12:04:21.805723962 NNPACK.cpp:56] Could not initialize NNPACK! Reason: Unsupported hardware.
[W910 12:04:21.806723369 NNPACK.cpp:56] Could not initialize NNPACK! Reason: Unsupported hardware.
[W910 12:04:21.807756444 NNPACK.cpp:56] Could not initialize NNPACK! Reason: Unsupported hardware.
[W910 12:04:21.808767299 NNPACK.cpp:56] Could not initialize NNPACK! Reason: Unsupported hardware.
[W910 12:04:21.810097180 NNPACK.cpp:56] Could not initialize NNPACK! Reason: Unsupported hardware.
[W910 12:04:22.246764294 NNPACK.cpp:56] Could not initialize NNPACK! Reason: Unsupported hardware.
[W910 12:04:22.247492633 NNPACK.cpp:56] Could not initialize NNPACK! Reason: Unsupported hardware.
[W910 12:04:22.247980980 NNPACK.cpp:56] Could not initialize NNPACK! Reason: Unsupported hardware.
[W910 12:04:22.248464965 NNPACK.cpp:56] Could not initialize NNPACK! Reason: Unsupported hardware.
[W910 12:04:22.249016623 NNPACK.cpp:56] Could not initialize NNPACK! Reason: Unsupported hardware.
[W910 12:04:22.249559754 NNPACK.cpp:56] Could not initialize NNPACK! Reason: Unsupported hardware.
[W910 12:04:22.250109931 NNPACK.cpp:56] Could not initialize NNPACK! Reason: Unsupported hardware.
[W910 12:04:22.250969305 NNPACK.cpp:56] Could not initialize NNPACK! Reason: Unsupported hardware.
[W910 12:04:22.752413599 NNPACK.cpp:56] Could not initialize NNPACK! Reason: Unsupported hardware.
[W910 12:04:22.753816658 NNPACK.cpp:56] Could not initialize NNPACK! Reason: Unsupported hardware.
[W910 12:04:22.754897726 NNPACK.cpp:56] Could not initialize NNPACK! Reason: Unsupported hardware.
[W910 12:04:22.755894971 NNPACK.cpp:56] Could not initialize NNPACK! Reason: Unsupported hardware.
[W910 12:04:22.757058729 NNPACK.cpp:56] Could not initialize NNPACK! Reason: Unsupported hardware.
[W910 12:04:22.758269400 NNPACK.cpp:56] Could not initialize NNPACK! Reason: Unsupported hardware.
[W910 12:04:22.759434348 NNPACK.cpp:56] Could not initialize NNPACK! Reason: Unsupported hardware.
[W910 12:04:22.760978241 NNPACK.cpp:56] Could not initialize NNPACK! Reason: Unsupported hardware.
[W910 12:04:23.202225747 NNPACK.cpp:56] Could not initialize NNPACK! Reason: Unsupported hardware.
[W910 12:04:23.202965895 NNPACK.cpp:56] Could not initialize NNPACK! Reason: Unsupported hardware.
[W910 12:04:23.203500510 NNPACK.cpp:56] Could not initialize NNPACK! Reason: Unsupported hardware.
[W910 12:04:23.204009005 NNPACK.cpp:56] Could not initialize NNPACK! Reason: Unsupported hardware.
[W910 12:04:23.204592567 NNPACK.cpp:56] Could not initialize NNPACK! Reason: Unsupported hardware.
[W910 12:04:23.205159320 NNPACK.cpp:56] Could not initialize NNPACK! Reason: Unsupported hardware.
[W910 12:04:23.205717582 NNPACK.cpp:56] Could not initialize NNPACK! Reason: Unsupported hardware.
[W910 12:04:23.206628658 NNPACK.cpp:56] Could not initialize NNPACK! Reason: Unsupported hardware.
[W910 12:04:23.705191032 NNPACK.cpp:56] Could not initialize NNPACK! Reason: Unsupported hardware.
[W910 12:04:23.706412047 NNPACK.cpp:56] Could not initialize NNPACK! Reason: Unsupported hardware.
[W910 12:04:23.707362499 NNPACK.cpp:56] Could not initialize NNPACK! Reason: Unsupported hardware.
[W910 12:04:23.708301857 NNPACK.cpp:56] Could not initialize NNPACK! Reason: Unsupported hardware.
[W910 12:04:23.709345292 NNPACK.cpp:56] Could not initialize NNPACK! Reason: Unsupported hardware.
[W910 12:04:23.710383703 NNPACK.cpp:56] Could not initialize NNPACK! Reason: Unsupported hardware.
[W910 12:04:23.711426330 NNPACK.cpp:56] Could not initialize NNPACK! Reason: Unsupported hardware.
[W910 12:04:23.712782099 NNPACK.cpp:56] Could not initialize NNPACK! Reason: Unsupported hardware.
[W910 12:04:24.149475486 NNPACK.cpp:56] Could not initialize NNPACK! Reason: Unsupported hardware.
[W910 12:04:24.150247914 NNPACK.cpp:56] Could not initialize NNPACK! Reason: Unsupported hardware.
[W910 12:04:24.150757437 NNPACK.cpp:56] Could not initialize NNPACK! Reason: Unsupported hardware.
[W910 12:04:24.151295281 NNPACK.cpp:56] Could not initialize NNPACK! Reason: Unsupported hardware.
[W910 12:04:24.151872871 NNPACK.cpp:56] Could not initialize NNPACK! Reason: Unsupported hardware.
[W910 12:04:24.152466308 NNPACK.cpp:56] Could not initialize NNPACK! Reason: Unsupported hardware.
[W910 12:04:24.153063774 NNPACK.cpp:56] Could not initialize NNPACK! Reason: Unsupported hardware.
[W910 12:04:24.153963711 NNPACK.cpp:56] Could not initialize NNPACK! Reason: Unsupported hardware.
[W910 12:04:24.673247753 NNPACK.cpp:56] Could not initialize NNPACK! Reason: Unsupported hardware.
[W910 12:04:24.674644947 NNPACK.cpp:56] Could not initialize NNPACK! Reason: Unsupported hardware.
[W910 12:04:24.675590333 NNPACK.cpp:56] Could not initialize NNPACK! Reason: Unsupported hardware.
[W910 12:04:24.676501764 NNPACK.cpp:56] Could not initialize NNPACK! Reason: Unsupported hardware.
[W910 12:04:24.677540726 NNPACK.cpp:56] Could not initialize NNPACK! Reason: Unsupported hardware.
[W910 12:04:24.678552102 NNPACK.cpp:56] Could not initialize NNPACK! Reason: Unsupported hardware.
[W910 12:04:24.679595055 NNPACK.cpp:56] Could not initialize NNPACK! Reason: Unsupported hardware.
[W910 12:04:24.680914072 NNPACK.cpp:56] Could not initialize NNPACK! Reason: Unsupported hardware.
[W910 12:04:25.121654472 NNPACK.cpp:56] Could not initialize NNPACK! Reason: Unsupported hardware.
[W910 12:04:25.122397778 NNPACK.cpp:56] Could not initialize NNPACK! Reason: Unsupported hardware.
[W910 12:04:25.122881740 NNPACK.cpp:56] Could not initialize NNPACK! Reason: Unsupported hardware.
[W910 12:04:25.123406771 NNPACK.cpp:56] Could not initialize NNPACK! Reason: Unsupported hardware.
[W910 12:04:25.123954725 NNPACK.cpp:56] Could not initialize NNPACK! Reason: Unsupported hardware.
[W910 12:04:25.124505612 NNPACK.cpp:56] Could not initialize NNPACK! Reason: Unsupported hardware.
[W910 12:04:25.125058163 NNPACK.cpp:56] Could not initialize NNPACK! Reason: Unsupported hardware.
[W910 12:04:25.125916042 NNPACK.cpp:56] Could not initialize NNPACK! Reason: Unsupported hardware.
[W910 12:04:25.629705312 NNPACK.cpp:56] Could not initialize NNPACK! Reason: Unsupported hardware.
[W910 12:04:25.631044983 NNPACK.cpp:56] Could not initialize NNPACK! Reason: Unsupported hardware.
[W910 12:04:25.632104064 NNPACK.cpp:56] Could not initialize NNPACK! Reason: Unsupported hardware.
[W910 12:04:25.633026305 NNPACK.cpp:56] Could not initialize NNPACK! Reason: Unsupported hardware.
[W910 12:04:25.634167328 NNPACK.cpp:56] Could not initialize NNPACK! Reason: Unsupported hardware.
[W910 12:04:25.635296805 NNPACK.cpp:56] Could not initialize NNPACK! Reason: Unsupported hardware.
[W910 12:04:25.636355677 NNPACK.cpp:56] Could not initialize NNPACK! Reason: Unsupported hardware.
[W910 12:04:25.637794241 NNPACK.cpp:56] Could not initialize NNPACK! Reason: Unsupported hardware.
[W910 12:04:26.082853874 NNPACK.cpp:56] Could not initialize NNPACK! Reason: Unsupported hardware.
[W910 12:04:26.083637439 NNPACK.cpp:56] Could not initialize NNPACK! Reason: Unsupported hardware.
[W910 12:04:26.084242517 NNPACK.cpp:56] Could not initialize NNPACK! Reason: Unsupported hardware.
[W910 12:04:26.084750845 NNPACK.cpp:56] Could not initialize NNPACK! Reason: Unsupported hardware.
[W910 12:04:26.085366493 NNPACK.cpp:56] Could not initialize NNPACK! Reason: Unsupported hardware.
[W910 12:04:26.085939149 NNPACK.cpp:56] Could not initialize NNPACK! Reason: Unsupported hardware.
[W910 12:04:26.086539357 NNPACK.cpp:56] Could not initialize NNPACK! Reason: Unsupported hardware.
[W910 12:04:26.087476649 NNPACK.cpp:56] Could not initialize NNPACK! Reason: Unsupported hardware.
[W910 12:04:26.587131558 NNPACK.cpp:56] Could not initialize NNPACK! Reason: Unsupported hardware.
[W910 12:04:26.588359380 NNPACK.cpp:56] Could not initialize NNPACK! Reason: Unsupported hardware.
[W910 12:04:26.589332132 NNPACK.cpp:56] Could not initialize NNPACK! Reason: Unsupported hardware.
[W910 12:04:26.590289849 NNPACK.cpp:56] Could not initialize NNPACK! Reason: Unsupported hardware.
[W910 12:04:26.591330323 NNPACK.cpp:56] Could not initialize NNPACK! Reason: Unsupported hardware.
[W910 12:04:26.592351028 NNPACK.cpp:56] Could not initialize NNPACK! Reason: Unsupported hardware.
[W910 12:04:26.593358717 NNPACK.cpp:56] Could not initialize NNPACK! Reason: Unsupported hardware.
[W910 12:04:26.594718795 NNPACK.cpp:56] Could not initialize NNPACK! Reason: Unsupported hardware.
[W910 12:04:27.036676198 NNPACK.cpp:56] Could not initialize NNPACK! Reason: Unsupported hardware.
[W910 12:04:27.037445443 NNPACK.cpp:56] Could not initialize NNPACK! Reason: Unsupported hardware.
[W910 12:04:27.037932903 NNPACK.cpp:56] Could not initialize NNPACK! Reason: Unsupported hardware.
[W910 12:04:27.038427350 NNPACK.cpp:56] Could not initialize NNPACK! Reason: Unsupported hardware.
[W910 12:04:27.038979827 NNPACK.cpp:56] Could not initialize NNPACK! Reason: Unsupported hardware.
[W910 12:04:27.039529087 NNPACK.cpp:56] Could not initialize NNPACK! Reason: Unsupported hardware.
[W910 12:04:27.040084088 NNPACK.cpp:56] Could not initialize NNPACK! Reason: Unsupported hardware.
[W910 12:04:27.040951676 NNPACK.cpp:56] Could not initialize NNPACK! Reason: Unsupported hardware.
[W910 12:04:27.538655082 NNPACK.cpp:56] Could not initialize NNPACK! Reason: Unsupported hardware.
[W910 12:04:27.539943708 NNPACK.cpp:56] Could not initialize NNPACK! Reason: Unsupported hardware.
[W910 12:04:27.540938181 NNPACK.cpp:56] Could not initialize NNPACK! Reason: Unsupported hardware.
[W910 12:04:27.541885900 NNPACK.cpp:56] Could not initialize NNPACK! Reason: Unsupported hardware.
[W910 12:04:27.543424133 NNPACK.cpp:56] Could not initialize NNPACK! Reason: Unsupported hardware.
[W910 12:04:27.545078680 NNPACK.cpp:56] Could not initialize NNPACK! Reason: Unsupported hardware.
[W910 12:04:27.546231492 NNPACK.cpp:56] Could not initialize NNPACK! Reason: Unsupported hardware.
[W910 12:04:27.547712867 NNPACK.cpp:56] Could not initialize NNPACK! Reason: Unsupported hardware.
[W910 12:04:28.990458136 NNPACK.cpp:56] Could not initialize NNPACK! Reason: Unsupported hardware.
[W910 12:04:28.991200639 NNPACK.cpp:56] Could not initialize NNPACK! Reason: Unsupported hardware.
[W910 12:04:28.991726454 NNPACK.cpp:56] Could not initialize NNPACK! Reason: Unsupported hardware.
[W910 12:04:28.992211018 NNPACK.cpp:56] Could not initialize NNPACK! Reason: Unsupported hardware.
[W910 12:04:28.992759051 NNPACK.cpp:56] Could not initialize NNPACK! Reason: Unsupported hardware.
[W910 12:04:28.993309726 NNPACK.cpp:56] Could not initialize NNPACK! Reason: Unsupported hardware.
[W910 12:04:28.993889165 NNPACK.cpp:56] Could not initialize NNPACK! Reason: Unsupported hardware.
[W910 12:04:28.994755150 NNPACK.cpp:56] Could not initialize NNPACK! Reason: Unsupported hardware.
[W910 12:04:28.357114524 NNPACK.cpp:56] Could not initialize NNPACK! Reason: Unsupported hardware.
[W910 12:04:28.357701932 NNPACK.cpp:56] Could not initialize NNPACK! Reason: Unsupported hardware.
[W910 12:04:28.358047062 NNPACK.cpp:56] Could not initialize NNPACK! Reason: Unsupported hardware.
[W910 12:04:28.358389898 NNPACK.cpp:56] Could not initialize NNPACK! Reason: Unsupported hardware.
[W910 12:04:28.358756461 NNPACK.cpp:56] Could not initialize NNPACK! Reason: Unsupported hardware.
[W910 12:04:28.359127945 NNPACK.cpp:56] Could not initialize NNPACK! Reason: Unsupported hardware.
[W910 12:04:28.359490305 NNPACK.cpp:56] Could not initialize NNPACK! Reason: Unsupported hardware.
[W910 12:04:28.360216685 NNPACK.cpp:56] Could not initialize NNPACK! Reason: Unsupported hardware.
[W910 12:04:28.585531108 NNPACK.cpp:56] Could not initialize NNPACK! Reason: Unsupported hardware.
[W910 12:04:28.585939397 NNPACK.cpp:56] Could not initialize NNPACK! Reason: Unsupported hardware.
[W910 12:04:28.586110411 NNPACK.cpp:56] Could not initialize NNPACK! Reason: Unsupported hardware.
[W910 12:04:28.586330362 NNPACK.cpp:56] Could not initialize NNPACK! Reason: Unsupported hardware.
[W910 12:04:28.586573402 NNPACK.cpp:56] Could not initialize NNPACK! Reason: Unsupported hardware.
[W910 12:04:28.586781622 NNPACK.cpp:56] Could not initialize NNPACK! Reason: Unsupported hardware.
[W910 12:04:28.586951323 NNPACK.cpp:56] Could not initialize NNPACK! Reason: Unsupported hardware.
[W910 12:04:28.587480646 NNPACK.cpp:56] Could not initialize NNPACK! Reason: Unsupported hardware.
[W910 12:04:28.917817535 NNPACK.cpp:56] Could not initialize NNPACK! Reason: Unsupported hardware.
[W910 12:04:28.919049500 NNPACK.cpp:56] Could not initialize NNPACK! Reason: Unsupported hardware.
[W910 12:04:28.919999587 NNPACK.cpp:56] Could not initialize NNPACK! Reason: Unsupported hardware.
[W910 12:04:28.920976339 NNPACK.cpp:56] Could not initialize NNPACK! Reason: Unsupported hardware.
[W910 12:04:28.922096398 NNPACK.cpp:56] Could not initialize NNPACK! Reason: Unsupported hardware.
[W910 12:04:28.923157002 NNPACK.cpp:56] Could not initialize NNPACK! Reason: Unsupported hardware.
[W910 12:04:28.924226636 NNPACK.cpp:56] Could not initialize NNPACK! Reason: Unsupported hardware.
[W910 12:04:28.925651769 NNPACK.cpp:56] Could not initialize NNPACK! Reason: Unsupported hardware.
[W910 12:04:29.359971491 NNPACK.cpp:56] Could not initialize NNPACK! Reason: Unsupported hardware.
[W910 12:04:29.360758872 NNPACK.cpp:56] Could not initialize NNPACK! Reason: Unsupported hardware.
[W910 12:04:29.361256353 NNPACK.cpp:56] Could not initialize NNPACK! Reason: Unsupported hardware.
[W910 12:04:29.361743725 NNPACK.cpp:56] Could not initialize NNPACK! Reason: Unsupported hardware.
[W910 12:04:29.362303157 NNPACK.cpp:56] Could not initialize NNPACK! Reason: Unsupported hardware.
[W910 12:04:29.362850383 NNPACK.cpp:56] Could not initialize NNPACK! Reason: Unsupported hardware.
[W910 12:04:29.363420896 NNPACK.cpp:56] Could not initialize NNPACK! Reason: Unsupported hardware.
[W910 12:04:29.364333052 NNPACK.cpp:56] Could not initialize NNPACK! Reason: Unsupported hardware.
[W910 12:04:29.860404952 NNPACK.cpp:56] Could not initialize NNPACK! Reason: Unsupported hardware.
[W910 12:04:29.861623962 NNPACK.cpp:56] Could not initialize NNPACK! Reason: Unsupported hardware.
[W910 12:04:29.862571244 NNPACK.cpp:56] Could not initialize NNPACK! Reason: Unsupported hardware.
[W910 12:04:29.863513202 NNPACK.cpp:56] Could not initialize NNPACK! Reason: Unsupported hardware.
[W910 12:04:29.864548473 NNPACK.cpp:56] Could not initialize NNPACK! Reason: Unsupported hardware.
[W910 12:04:29.865545784 NNPACK.cpp:56] Could not initialize NNPACK! Reason: Unsupported hardware.
[W910 12:04:29.866543268 NNPACK.cpp:56] Could not initialize NNPACK! Reason: Unsupported hardware.
[W910 12:04:29.867862604 NNPACK.cpp:56] Could not initialize NNPACK! Reason: Unsupported hardware.
[W910 12:04:30.312905860 NNPACK.cpp:56] Could not initialize NNPACK! Reason: Unsupported hardware.
[W910 12:04:30.313631193 NNPACK.cpp:56] Could not initialize NNPACK! Reason: Unsupported hardware.
[W910 12:04:30.314123640 NNPACK.cpp:56] Could not initialize NNPACK! Reason: Unsupported hardware.
[W910 12:04:30.314602483 NNPACK.cpp:56] Could not initialize NNPACK! Reason: Unsupported hardware.
[W910 12:04:30.315155826 NNPACK.cpp:56] Could not initialize NNPACK! Reason: Unsupported hardware.
[W910 12:04:30.315698448 NNPACK.cpp:56] Could not initialize NNPACK! Reason: Unsupported hardware.
[W910 12:04:30.316247826 NNPACK.cpp:56] Could not initialize NNPACK! Reason: Unsupported hardware.
[W910 12:04:30.317131156 NNPACK.cpp:56] Could not initialize NNPACK! Reason: Unsupported hardware.
[W910 12:04:30.652370558 NNPACK.cpp:56] Could not initialize NNPACK! Reason: Unsupported hardware.
[W910 12:04:30.652828833 NNPACK.cpp:56] Could not initialize NNPACK! Reason: Unsupported hardware.
[W910 12:04:30.653042975 NNPACK.cpp:56] Could not initialize NNPACK! Reason: Unsupported hardware.
[W910 12:04:30.653248898 NNPACK.cpp:56] Could not initialize NNPACK! Reason: Unsupported hardware.
[W910 12:04:30.653470552 NNPACK.cpp:56] Could not initialize NNPACK! Reason: Unsupported hardware.
[W910 12:04:30.653691907 NNPACK.cpp:56] Could not initialize NNPACK! Reason: Unsupported hardware.
[W910 12:04:30.653921787 NNPACK.cpp:56] Could not initialize NNPACK! Reason: Unsupported hardware.
[W910 12:04:30.654490135 NNPACK.cpp:56] Could not initialize NNPACK! Reason: Unsupported hardware.
[W910 12:04:30.879945059 NNPACK.cpp:56] Could not initialize NNPACK! Reason: Unsupported hardware.
[W910 12:04:30.880634758 NNPACK.cpp:56] Could not initialize NNPACK! Reason: Unsupported hardware.
[W910 12:04:30.881088422 NNPACK.cpp:56] Could not initialize NNPACK! Reason: Unsupported hardware.
[W910 12:04:30.881528102 NNPACK.cpp:56] Could not initialize NNPACK! Reason: Unsupported hardware.
[W910 12:04:30.882012349 NNPACK.cpp:56] Could not initialize NNPACK! Reason: Unsupported hardware.
[W910 12:04:30.882481922 NNPACK.cpp:56] Could not initialize NNPACK! Reason: Unsupported hardware.
[W910 12:04:30.882940394 NNPACK.cpp:56] Could not initialize NNPACK! Reason: Unsupported hardware.
[W910 12:04:30.883749208 NNPACK.cpp:56] Could not initialize NNPACK! Reason: Unsupported hardware.
[W910 12:04:31.153247280 NNPACK.cpp:56] Could not initialize NNPACK! Reason: Unsupported hardware.
[W910 12:04:31.153637575 NNPACK.cpp:56] Could not initialize NNPACK! Reason: Unsupported hardware.
[W910 12:04:31.153775088 NNPACK.cpp:56] Could not initialize NNPACK! Reason: Unsupported hardware.
[W910 12:04:31.153909375 NNPACK.cpp:56] Could not initialize NNPACK! Reason: Unsupported hardware.
[W910 12:04:31.154058317 NNPACK.cpp:56] Could not initialize NNPACK! Reason: Unsupported hardware.
[W910 12:04:31.154198410 NNPACK.cpp:56] Could not initialize NNPACK! Reason: Unsupported hardware.
[W910 12:04:31.154332946 NNPACK.cpp:56] Could not initialize NNPACK! Reason: Unsupported hardware.
[W910 12:04:31.154825129 NNPACK.cpp:56] Could not initialize NNPACK! Reason: Unsupported hardware.
[W910 12:04:31.304784458 NNPACK.cpp:56] Could not initialize NNPACK! Reason: Unsupported hardware.
[W910 12:04:31.305341165 NNPACK.cpp:56] Could not initialize NNPACK! Reason: Unsupported hardware.
[W910 12:04:31.305618126 NNPACK.cpp:56] Could not initialize NNPACK! Reason: Unsupported hardware.
[W910 12:04:31.305888843 NNPACK.cpp:56] Could not initialize NNPACK! Reason: Unsupported hardware.
[W910 12:04:31.306200014 NNPACK.cpp:56] Could not initialize NNPACK! Reason: Unsupported hardware.
[W910 12:04:31.306497735 NNPACK.cpp:56] Could not initialize NNPACK! Reason: Unsupported hardware.
[W910 12:04:31.306795577 NNPACK.cpp:56] Could not initialize NNPACK! Reason: Unsupported hardware.
[W910 12:04:31.307420086 NNPACK.cpp:56] Could not initialize NNPACK! Reason: Unsupported hardware.
[W910 12:04:31.495587415 NNPACK.cpp:56] Could not initialize NNPACK! Reason: Unsupported hardware.
[W910 12:04:31.495970137 NNPACK.cpp:56] Could not initialize NNPACK! Reason: Unsupported hardware.
[W910 12:04:31.496117482 NNPACK.cpp:56] Could not initialize NNPACK! Reason: Unsupported hardware.
[W910 12:04:31.496254545 NNPACK.cpp:56] Could not initialize NNPACK! Reason: Unsupported hardware.
[W910 12:04:31.496395359 NNPACK.cpp:56] Could not initialize NNPACK! Reason: Unsupported hardware.
[W910 12:04:31.496531171 NNPACK.cpp:56] Could not initialize NNPACK! Reason: Unsupported hardware.
[W910 12:04:31.496663571 NNPACK.cpp:56] Could not initialize NNPACK! Reason: Unsupported hardware.
[W910 12:04:31.497141909 NNPACK.cpp:56] Could not initialize NNPACK! Reason: Unsupported hardware.
[W910 12:04:31.681890117 NNPACK.cpp:56] Could not initialize NNPACK! Reason: Unsupported hardware.
[W910 12:04:31.682609292 NNPACK.cpp:56] Could not initialize NNPACK! Reason: Unsupported hardware.
[W910 12:04:31.683032212 NNPACK.cpp:56] Could not initialize NNPACK! Reason: Unsupported hardware.
[W910 12:04:31.683441495 NNPACK.cpp:56] Could not initialize NNPACK! Reason: Unsupported hardware.
[W910 12:04:31.683903060 NNPACK.cpp:56] Could not initialize NNPACK! Reason: Unsupported hardware.
[W910 12:04:31.684367543 NNPACK.cpp:56] Could not initialize NNPACK! Reason: Unsupported hardware.
[W910 12:04:31.684823462 NNPACK.cpp:56] Could not initialize NNPACK! Reason: Unsupported hardware.
[W910 12:04:31.685655749 NNPACK.cpp:56] Could not initialize NNPACK! Reason: Unsupported hardware.
[W910 12:04:32.150665368 NNPACK.cpp:56] Could not initialize NNPACK! Reason: Unsupported hardware.
[W910 12:04:32.151880926 NNPACK.cpp:56] Could not initialize NNPACK! Reason: Unsupported hardware.
[W910 12:04:32.152825356 NNPACK.cpp:56] Could not initialize NNPACK! Reason: Unsupported hardware.
[W910 12:04:32.153750993 NNPACK.cpp:56] Could not initialize NNPACK! Reason: Unsupported hardware.
[W910 12:04:32.154806955 NNPACK.cpp:56] Could not initialize NNPACK! Reason: Unsupported hardware.
[W910 12:04:32.155982509 NNPACK.cpp:56] Could not initialize NNPACK! Reason: Unsupported hardware.
[W910 12:04:32.157080150 NNPACK.cpp:56] Could not initialize NNPACK! Reason: Unsupported hardware.
[W910 12:04:32.158474948 NNPACK.cpp:56] Could not initialize NNPACK! Reason: Unsupported hardware.
[W910 12:04:32.597604347 NNPACK.cpp:56] Could not initialize NNPACK! Reason: Unsupported hardware.
[W910 12:04:32.598347704 NNPACK.cpp:56] Could not initialize NNPACK! Reason: Unsupported hardware.
[W910 12:04:32.598829244 NNPACK.cpp:56] Could not initialize NNPACK! Reason: Unsupported hardware.
[W910 12:04:32.599313279 NNPACK.cpp:56] Could not initialize NNPACK! Reason: Unsupported hardware.
[W910 12:04:32.599860454 NNPACK.cpp:56] Could not initialize NNPACK! Reason: Unsupported hardware.
[W910 12:04:32.600409820 NNPACK.cpp:56] Could not initialize NNPACK! Reason: Unsupported hardware.
[W910 12:04:32.600953505 NNPACK.cpp:56] Could not initialize NNPACK! Reason: Unsupported hardware.
[W910 12:04:32.601820175 NNPACK.cpp:56] Could not initialize NNPACK! Reason: Unsupported hardware.
[W910 12:04:33.081212222 NNPACK.cpp:56] Could not initialize NNPACK! Reason: Unsupported hardware.
[W910 12:04:33.082412696 NNPACK.cpp:56] Could not initialize NNPACK! Reason: Unsupported hardware.
[W910 12:04:33.083337713 NNPACK.cpp:56] Could not initialize NNPACK! Reason: Unsupported hardware.
[W910 12:04:33.084251679 NNPACK.cpp:56] Could not initialize NNPACK! Reason: Unsupported hardware.
[W910 12:04:33.085305267 NNPACK.cpp:56] Could not initialize NNPACK! Reason: Unsupported hardware.
[W910 12:04:33.086300055 NNPACK.cpp:56] Could not initialize NNPACK! Reason: Unsupported hardware.
[W910 12:04:33.087296585 NNPACK.cpp:56] Could not initialize NNPACK! Reason: Unsupported hardware.
[W910 12:04:33.088635619 NNPACK.cpp:56] Could not initialize NNPACK! Reason: Unsupported hardware.
[W910 12:04:33.526762488 NNPACK.cpp:56] Could not initialize NNPACK! Reason: Unsupported hardware.
[W910 12:04:33.527432255 NNPACK.cpp:56] Could not initialize NNPACK! Reason: Unsupported hardware.
[W910 12:04:33.527846438 NNPACK.cpp:56] Could not initialize NNPACK! Reason: Unsupported hardware.
[W910 12:04:33.528269764 NNPACK.cpp:56] Could not initialize NNPACK! Reason: Unsupported hardware.
[W910 12:04:33.528676002 NNPACK.cpp:56] Could not initialize NNPACK! Reason: Unsupported hardware.
[W910 12:04:33.529083162 NNPACK.cpp:56] Could not initialize NNPACK! Reason: Unsupported hardware.
[W910 12:04:33.529485634 NNPACK.cpp:56] Could not initialize NNPACK! Reason: Unsupported hardware.
[W910 12:04:33.530356691 NNPACK.cpp:56] Could not initialize NNPACK! Reason: Unsupported hardware.
[W910 12:04:34.021064652 NNPACK.cpp:56] Could not initialize NNPACK! Reason: Unsupported hardware.
[W910 12:04:34.022283271 NNPACK.cpp:56] Could not initialize NNPACK! Reason: Unsupported hardware.
[W910 12:04:34.023240324 NNPACK.cpp:56] Could not initialize NNPACK! Reason: Unsupported hardware.
[W910 12:04:34.024201731 NNPACK.cpp:56] Could not initialize NNPACK! Reason: Unsupported hardware.
[W910 12:04:34.025321935 NNPACK.cpp:56] Could not initialize NNPACK! Reason: Unsupported hardware.
[W910 12:04:34.026664768 NNPACK.cpp:56] Could not initialize NNPACK! Reason: Unsupported hardware.
[W910 12:04:34.028324345 NNPACK.cpp:56] Could not initialize NNPACK! Reason: Unsupported hardware.
[W910 12:04:34.030177781 NNPACK.cpp:56] Could not initialize NNPACK! Reason: Unsupported hardware.
[W910 12:04:34.467600098 NNPACK.cpp:56] Could not initialize NNPACK! Reason: Unsupported hardware.
[W910 12:04:34.468340917 NNPACK.cpp:56] Could not initialize NNPACK! Reason: Unsupported hardware.
[W910 12:04:34.468827739 NNPACK.cpp:56] Could not initialize NNPACK! Reason: Unsupported hardware.
[W910 12:04:34.469322688 NNPACK.cpp:56] Could not initialize NNPACK! Reason: Unsupported hardware.
[W910 12:04:34.469873695 NNPACK.cpp:56] Could not initialize NNPACK! Reason: Unsupported hardware.
[W910 12:04:34.470426400 NNPACK.cpp:56] Could not initialize NNPACK! Reason: Unsupported hardware.
[W910 12:04:34.470975494 NNPACK.cpp:56] Could not initialize NNPACK! Reason: Unsupported hardware.
[W910 12:04:34.471912686 NNPACK.cpp:56] Could not initialize NNPACK! Reason: Unsupported hardware.
[W910 12:04:35.972413969 NNPACK.cpp:56] Could not initialize NNPACK! Reason: Unsupported hardware.
[W910 12:04:35.973618774 NNPACK.cpp:56] Could not initialize NNPACK! Reason: Unsupported hardware.
[W910 12:04:35.974563385 NNPACK.cpp:56] Could not initialize NNPACK! Reason: Unsupported hardware.
[W910 12:04:35.975512225 NNPACK.cpp:56] Could not initialize NNPACK! Reason: Unsupported hardware.
[W910 12:04:35.976544250 NNPACK.cpp:56] Could not initialize NNPACK! Reason: Unsupported hardware.
[W910 12:04:35.977606881 NNPACK.cpp:56] Could not initialize NNPACK! Reason: Unsupported hardware.
[W910 12:04:35.978641233 NNPACK.cpp:56] Could not initialize NNPACK! Reason: Unsupported hardware.
[W910 12:04:35.979982925 NNPACK.cpp:56] Could not initialize NNPACK! Reason: Unsupported hardware.
[W910 12:04:35.417310565 NNPACK.cpp:56] Could not initialize NNPACK! Reason: Unsupported hardware.
[W910 12:04:35.418034235 NNPACK.cpp:56] Could not initialize NNPACK! Reason: Unsupported hardware.
[W910 12:04:35.418535007 NNPACK.cpp:56] Could not initialize NNPACK! Reason: Unsupported hardware.
[W910 12:04:35.419018658 NNPACK.cpp:56] Could not initialize NNPACK! Reason: Unsupported hardware.
[W910 12:04:35.419567055 NNPACK.cpp:56] Could not initialize NNPACK! Reason: Unsupported hardware.
[W910 12:04:35.420119644 NNPACK.cpp:56] Could not initialize NNPACK! Reason: Unsupported hardware.
[W910 12:04:35.420684484 NNPACK.cpp:56] Could not initialize NNPACK! Reason: Unsupported hardware.
[W910 12:04:35.421553095 NNPACK.cpp:56] Could not initialize NNPACK! Reason: Unsupported hardware.
[W910 12:04:35.926604291 NNPACK.cpp:56] Could not initialize NNPACK! Reason: Unsupported hardware.
[W910 12:04:35.927818644 NNPACK.cpp:56] Could not initialize NNPACK! Reason: Unsupported hardware.
[W910 12:04:35.928763585 NNPACK.cpp:56] Could not initialize NNPACK! Reason: Unsupported hardware.
[W910 12:04:35.929709494 NNPACK.cpp:56] Could not initialize NNPACK! Reason: Unsupported hardware.
[W910 12:04:35.930873973 NNPACK.cpp:56] Could not initialize NNPACK! Reason: Unsupported hardware.
[W910 12:04:35.931999922 NNPACK.cpp:56] Could not initialize NNPACK! Reason: Unsupported hardware.
[W910 12:04:35.933115824 NNPACK.cpp:56] Could not initialize NNPACK! Reason: Unsupported hardware.
[W910 12:04:35.935227323 NNPACK.cpp:56] Could not initialize NNPACK! Reason: Unsupported hardware.
[W910 12:04:36.369950230 NNPACK.cpp:56] Could not initialize NNPACK! Reason: Unsupported hardware.
[W910 12:04:36.370668281 NNPACK.cpp:56] Could not initialize NNPACK! Reason: Unsupported hardware.
[W910 12:04:36.371158241 NNPACK.cpp:56] Could not initialize NNPACK! Reason: Unsupported hardware.
[W910 12:04:36.371640438 NNPACK.cpp:56] Could not initialize NNPACK! Reason: Unsupported hardware.
[W910 12:04:36.372191595 NNPACK.cpp:56] Could not initialize NNPACK! Reason: Unsupported hardware.
[W910 12:04:36.372730751 NNPACK.cpp:56] Could not initialize NNPACK! Reason: Unsupported hardware.
[W910 12:04:36.373280272 NNPACK.cpp:56] Could not initialize NNPACK! Reason: Unsupported hardware.
[W910 12:04:36.374148250 NNPACK.cpp:56] Could not initialize NNPACK! Reason: Unsupported hardware.
[W910 12:04:36.873310779 NNPACK.cpp:56] Could not initialize NNPACK! Reason: Unsupported hardware.
[W910 12:04:36.874535514 NNPACK.cpp:56] Could not initialize NNPACK! Reason: Unsupported hardware.
[W910 12:04:36.875494490 NNPACK.cpp:56] Could not initialize NNPACK! Reason: Unsupported hardware.
[W910 12:04:36.876405874 NNPACK.cpp:56] Could not initialize NNPACK! Reason: Unsupported hardware.
[W910 12:04:36.877435108 NNPACK.cpp:56] Could not initialize NNPACK! Reason: Unsupported hardware.
[W910 12:04:36.878435266 NNPACK.cpp:56] Could not initialize NNPACK! Reason: Unsupported hardware.
[W910 12:04:36.879544326 NNPACK.cpp:56] Could not initialize NNPACK! Reason: Unsupported hardware.
[W910 12:04:36.880959628 NNPACK.cpp:56] Could not initialize NNPACK! Reason: Unsupported hardware.
[W910 12:04:37.318706445 NNPACK.cpp:56] Could not initialize NNPACK! Reason: Unsupported hardware.
[W910 12:04:37.319519819 NNPACK.cpp:56] Could not initialize NNPACK! Reason: Unsupported hardware.
[W910 12:04:37.320015255 NNPACK.cpp:56] Could not initialize NNPACK! Reason: Unsupported hardware.
[W910 12:04:37.320498779 NNPACK.cpp:56] Could not initialize NNPACK! Reason: Unsupported hardware.
[W910 12:04:37.321055718 NNPACK.cpp:56] Could not initialize NNPACK! Reason: Unsupported hardware.
[W910 12:04:37.321602955 NNPACK.cpp:56] Could not initialize NNPACK! Reason: Unsupported hardware.
[W910 12:04:37.322158215 NNPACK.cpp:56] Could not initialize NNPACK! Reason: Unsupported hardware.
[W910 12:04:37.323030211 NNPACK.cpp:56] Could not initialize NNPACK! Reason: Unsupported hardware.
[W910 12:04:37.824059665 NNPACK.cpp:56] Could not initialize NNPACK! Reason: Unsupported hardware.
[W910 12:04:37.825275053 NNPACK.cpp:56] Could not initialize NNPACK! Reason: Unsupported hardware.
[W910 12:04:37.826220288 NNPACK.cpp:56] Could not initialize NNPACK! Reason: Unsupported hardware.
[W910 12:04:37.827159549 NNPACK.cpp:56] Could not initialize NNPACK! Reason: Unsupported hardware.
[W910 12:04:37.828254125 NNPACK.cpp:56] Could not initialize NNPACK! Reason: Unsupported hardware.
[W910 12:04:37.829391534 NNPACK.cpp:56] Could not initialize NNPACK! Reason: Unsupported hardware.
[W910 12:04:37.830418445 NNPACK.cpp:56] Could not initialize NNPACK! Reason: Unsupported hardware.
[W910 12:04:37.831765397 NNPACK.cpp:56] Could not initialize NNPACK! Reason: Unsupported hardware.
[W910 12:04:38.273751322 NNPACK.cpp:56] Could not initialize NNPACK! Reason: Unsupported hardware.
[W910 12:04:38.274514998 NNPACK.cpp:56] Could not initialize NNPACK! Reason: Unsupported hardware.
[W910 12:04:38.275025293 NNPACK.cpp:56] Could not initialize NNPACK! Reason: Unsupported hardware.
[W910 12:04:38.275504869 NNPACK.cpp:56] Could not initialize NNPACK! Reason: Unsupported hardware.
[W910 12:04:38.276062414 NNPACK.cpp:56] Could not initialize NNPACK! Reason: Unsupported hardware.
[W910 12:04:38.276605319 NNPACK.cpp:56] Could not initialize NNPACK! Reason: Unsupported hardware.
[W910 12:04:38.277189534 NNPACK.cpp:56] Could not initialize NNPACK! Reason: Unsupported hardware.
[W910 12:04:38.278058178 NNPACK.cpp:56] Could not initialize NNPACK! Reason: Unsupported hardware.
[W910 12:04:38.779367667 NNPACK.cpp:56] Could not initialize NNPACK! Reason: Unsupported hardware.
[W910 12:04:38.780566359 NNPACK.cpp:56] Could not initialize NNPACK! Reason: Unsupported hardware.
[W910 12:04:38.781508305 NNPACK.cpp:56] Could not initialize NNPACK! Reason: Unsupported hardware.
[W910 12:04:38.782442864 NNPACK.cpp:56] Could not initialize NNPACK! Reason: Unsupported hardware.
[W910 12:04:38.783446549 NNPACK.cpp:56] Could not initialize NNPACK! Reason: Unsupported hardware.
[W910 12:04:38.784479421 NNPACK.cpp:56] Could not initialize NNPACK! Reason: Unsupported hardware.
[W910 12:04:38.785521979 NNPACK.cpp:56] Could not initialize NNPACK! Reason: Unsupported hardware.
[W910 12:04:38.786955112 NNPACK.cpp:56] Could not initialize NNPACK! Reason: Unsupported hardware.
[W910 12:04:39.227546933 NNPACK.cpp:56] Could not initialize NNPACK! Reason: Unsupported hardware.
[W910 12:04:39.228273124 NNPACK.cpp:56] Could not initialize NNPACK! Reason: Unsupported hardware.
[W910 12:04:39.228758877 NNPACK.cpp:56] Could not initialize NNPACK! Reason: Unsupported hardware.
[W910 12:04:39.229244509 NNPACK.cpp:56] Could not initialize NNPACK! Reason: Unsupported hardware.
[W910 12:04:39.229791754 NNPACK.cpp:56] Could not initialize NNPACK! Reason: Unsupported hardware.
[W910 12:04:39.230355648 NNPACK.cpp:56] Could not initialize NNPACK! Reason: Unsupported hardware.
[W910 12:04:39.230899620 NNPACK.cpp:56] Could not initialize NNPACK! Reason: Unsupported hardware.
[W910 12:04:39.231763788 NNPACK.cpp:56] Could not initialize NNPACK! Reason: Unsupported hardware.
[W910 12:04:39.733147674 NNPACK.cpp:56] Could not initialize NNPACK! Reason: Unsupported hardware.
[W910 12:04:39.734900015 NNPACK.cpp:56] Could not initialize NNPACK! Reason: Unsupported hardware.
[W910 12:04:39.736264194 NNPACK.cpp:56] Could not initialize NNPACK! Reason: Unsupported hardware.
[W910 12:04:39.737251730 NNPACK.cpp:56] Could not initialize NNPACK! Reason: Unsupported hardware.
[W910 12:04:39.738451247 NNPACK.cpp:56] Could not initialize NNPACK! Reason: Unsupported hardware.
[W910 12:04:39.739598544 NNPACK.cpp:56] Could not initialize NNPACK! Reason: Unsupported hardware.
[W910 12:04:39.740654589 NNPACK.cpp:56] Could not initialize NNPACK! Reason: Unsupported hardware.
[W910 12:04:39.742104809 NNPACK.cpp:56] Could not initialize NNPACK! Reason: Unsupported hardware.
[W910 12:04:40.180126404 NNPACK.cpp:56] Could not initialize NNPACK! Reason: Unsupported hardware.
[W910 12:04:40.180860544 NNPACK.cpp:56] Could not initialize NNPACK! Reason: Unsupported hardware.
[W910 12:04:40.181385355 NNPACK.cpp:56] Could not initialize NNPACK! Reason: Unsupported hardware.
[W910 12:04:40.181882021 NNPACK.cpp:56] Could not initialize NNPACK! Reason: Unsupported hardware.
[W910 12:04:40.182641568 NNPACK.cpp:56] Could not initialize NNPACK! Reason: Unsupported hardware.
[W910 12:04:40.183502942 NNPACK.cpp:56] Could not initialize NNPACK! Reason: Unsupported hardware.
[W910 12:04:40.184464134 NNPACK.cpp:56] Could not initialize NNPACK! Reason: Unsupported hardware.
[W910 12:04:40.185773620 NNPACK.cpp:56] Could not initialize NNPACK! Reason: Unsupported hardware.
[W910 12:04:40.692511175 NNPACK.cpp:56] Could not initialize NNPACK! Reason: Unsupported hardware.
[W910 12:04:40.693736265 NNPACK.cpp:56] Could not initialize NNPACK! Reason: Unsupported hardware.
[W910 12:04:40.698605899 NNPACK.cpp:56] Could not initialize NNPACK! Reason: Unsupported hardware.
[W910 12:04:40.699519822 NNPACK.cpp:56] Could not initialize NNPACK! Reason: Unsupported hardware.
[W910 12:04:40.700550994 NNPACK.cpp:56] Could not initialize NNPACK! Reason: Unsupported hardware.
[W910 12:04:40.701586102 NNPACK.cpp:56] Could not initialize NNPACK! Reason: Unsupported hardware.
[W910 12:04:40.702622378 NNPACK.cpp:56] Could not initialize NNPACK! Reason: Unsupported hardware.
[W910 12:04:40.703957462 NNPACK.cpp:56] Could not initialize NNPACK! Reason: Unsupported hardware.
[W910 12:04:41.142588875 NNPACK.cpp:56] Could not initialize NNPACK! Reason: Unsupported hardware.
[W910 12:04:41.143331021 NNPACK.cpp:56] Could not initialize NNPACK! Reason: Unsupported hardware.
[W910 12:04:41.143845030 NNPACK.cpp:56] Could not initialize NNPACK! Reason: Unsupported hardware.
[W910 12:04:41.144372281 NNPACK.cpp:56] Could not initialize NNPACK! Reason: Unsupported hardware.
[W910 12:04:41.144927187 NNPACK.cpp:56] Could not initialize NNPACK! Reason: Unsupported hardware.
[W910 12:04:41.145484026 NNPACK.cpp:56] Could not initialize NNPACK! Reason: Unsupported hardware.
[W910 12:04:41.146042433 NNPACK.cpp:56] Could not initialize NNPACK! Reason: Unsupported hardware.
[W910 12:04:41.146911038 NNPACK.cpp:56] Could not initialize NNPACK! Reason: Unsupported hardware.
[W910 12:04:41.631734739 NNPACK.cpp:56] Could not initialize NNPACK! Reason: Unsupported hardware.
[W910 12:04:41.632947190 NNPACK.cpp:56] Could not initialize NNPACK! Reason: Unsupported hardware.
[W910 12:04:41.633894249 NNPACK.cpp:56] Could not initialize NNPACK! Reason: Unsupported hardware.
[W910 12:04:41.634841017 NNPACK.cpp:56] Could not initialize NNPACK! Reason: Unsupported hardware.
[W910 12:04:41.635863283 NNPACK.cpp:56] Could not initialize NNPACK! Reason: Unsupported hardware.
[W910 12:04:41.636914956 NNPACK.cpp:56] Could not initialize NNPACK! Reason: Unsupported hardware.
[W910 12:04:41.637984948 NNPACK.cpp:56] Could not initialize NNPACK! Reason: Unsupported hardware.
[W910 12:04:41.639447856 NNPACK.cpp:56] Could not initialize NNPACK! Reason: Unsupported hardware.
[W910 12:04:42.079848957 NNPACK.cpp:56] Could not initialize NNPACK! Reason: Unsupported hardware.
[W910 12:04:42.080484904 NNPACK.cpp:56] Could not initialize NNPACK! Reason: Unsupported hardware.
[W910 12:04:42.080824371 NNPACK.cpp:56] Could not initialize NNPACK! Reason: Unsupported hardware.
[W910 12:04:42.081167325 NNPACK.cpp:56] Could not initialize NNPACK! Reason: Unsupported hardware.
[W910 12:04:42.081553443 NNPACK.cpp:56] Could not initialize NNPACK! Reason: Unsupported hardware.
[W910 12:04:42.081924693 NNPACK.cpp:56] Could not initialize NNPACK! Reason: Unsupported hardware.
[W910 12:04:42.082304896 NNPACK.cpp:56] Could not initialize NNPACK! Reason: Unsupported hardware.
[W910 12:04:42.082997345 NNPACK.cpp:56] Could not initialize NNPACK! Reason: Unsupported hardware.
[W910 12:04:42.370170398 NNPACK.cpp:56] Could not initialize NNPACK! Reason: Unsupported hardware.
[W910 12:04:42.370786625 NNPACK.cpp:56] Could not initialize NNPACK! Reason: Unsupported hardware.
[W910 12:04:42.371152541 NNPACK.cpp:56] Could not initialize NNPACK! Reason: Unsupported hardware.
[W910 12:04:42.371505503 NNPACK.cpp:56] Could not initialize NNPACK! Reason: Unsupported hardware.
[W910 12:04:42.371901954 NNPACK.cpp:56] Could not initialize NNPACK! Reason: Unsupported hardware.
[W910 12:04:42.372301248 NNPACK.cpp:56] Could not initialize NNPACK! Reason: Unsupported hardware.
[W910 12:04:42.372716970 NNPACK.cpp:56] Could not initialize NNPACK! Reason: Unsupported hardware.
[W910 12:04:42.373421702 NNPACK.cpp:56] Could not initialize NNPACK! Reason: Unsupported hardware.
[W910 12:04:42.643135419 NNPACK.cpp:56] Could not initialize NNPACK! Reason: Unsupported hardware.
[W910 12:04:42.643765755 NNPACK.cpp:56] Could not initialize NNPACK! Reason: Unsupported hardware.
[W910 12:04:42.644088575 NNPACK.cpp:56] Could not initialize NNPACK! Reason: Unsupported hardware.
[W910 12:04:42.644400311 NNPACK.cpp:56] Could not initialize NNPACK! Reason: Unsupported hardware.
[W910 12:04:42.644745517 NNPACK.cpp:56] Could not initialize NNPACK! Reason: Unsupported hardware.
[W910 12:04:42.645103818 NNPACK.cpp:56] Could not initialize NNPACK! Reason: Unsupported hardware.
[W910 12:04:42.645429563 NNPACK.cpp:56] Could not initialize NNPACK! Reason: Unsupported hardware.
[W910 12:04:42.646107132 NNPACK.cpp:56] Could not initialize NNPACK! Reason: Unsupported hardware.
[W910 12:04:42.875173906 NNPACK.cpp:56] Could not initialize NNPACK! Reason: Unsupported hardware.
[W910 12:04:42.875600432 NNPACK.cpp:56] Could not initialize NNPACK! Reason: Unsupported hardware.
[W910 12:04:42.875782163 NNPACK.cpp:56] Could not initialize NNPACK! Reason: Unsupported hardware.
[W910 12:04:42.875960684 NNPACK.cpp:56] Could not initialize NNPACK! Reason: Unsupported hardware.
[W910 12:04:42.876162400 NNPACK.cpp:56] Could not initialize NNPACK! Reason: Unsupported hardware.
[W910 12:04:42.876354115 NNPACK.cpp:56] Could not initialize NNPACK! Reason: Unsupported hardware.
[W910 12:04:42.876539531 NNPACK.cpp:56] Could not initialize NNPACK! Reason: Unsupported hardware.
[W910 12:04:42.877094037 NNPACK.cpp:56] Could not initialize NNPACK! Reason: Unsupported hardware.
[W910 12:04:43.277470805 NNPACK.cpp:56] Could not initialize NNPACK! Reason: Unsupported hardware.
[W910 12:04:43.278681274 NNPACK.cpp:56] Could not initialize NNPACK! Reason: Unsupported hardware.
[W910 12:04:43.279627594 NNPACK.cpp:56] Could not initialize NNPACK! Reason: Unsupported hardware.
[W910 12:04:43.280578346 NNPACK.cpp:56] Could not initialize NNPACK! Reason: Unsupported hardware.
[W910 12:04:43.281609906 NNPACK.cpp:56] Could not initialize NNPACK! Reason: Unsupported hardware.
[W910 12:04:43.282619803 NNPACK.cpp:56] Could not initialize NNPACK! Reason: Unsupported hardware.
[W910 12:04:43.283620902 NNPACK.cpp:56] Could not initialize NNPACK! Reason: Unsupported hardware.
[W910 12:04:43.284945754 NNPACK.cpp:56] Could not initialize NNPACK! Reason: Unsupported hardware.
[W910 12:04:43.723081512 NNPACK.cpp:56] Could not initialize NNPACK! Reason: Unsupported hardware.
[W910 12:04:43.723799248 NNPACK.cpp:56] Could not initialize NNPACK! Reason: Unsupported hardware.
[W910 12:04:43.724288794 NNPACK.cpp:56] Could not initialize NNPACK! Reason: Unsupported hardware.
[W910 12:04:43.724768245 NNPACK.cpp:56] Could not initialize NNPACK! Reason: Unsupported hardware.
[W910 12:04:43.725358199 NNPACK.cpp:56] Could not initialize NNPACK! Reason: Unsupported hardware.
[W910 12:04:43.725898710 NNPACK.cpp:56] Could not initialize NNPACK! Reason: Unsupported hardware.
[W910 12:04:43.726448751 NNPACK.cpp:56] Could not initialize NNPACK! Reason: Unsupported hardware.
[W910 12:04:43.727348797 NNPACK.cpp:56] Could not initialize NNPACK! Reason: Unsupported hardware.
[W910 12:04:44.225049375 NNPACK.cpp:56] Could not initialize NNPACK! Reason: Unsupported hardware.
[W910 12:04:44.226272492 NNPACK.cpp:56] Could not initialize NNPACK! Reason: Unsupported hardware.
[W910 12:04:44.227238734 NNPACK.cpp:56] Could not initialize NNPACK! Reason: Unsupported hardware.
[W910 12:04:44.228477428 NNPACK.cpp:56] Could not initialize NNPACK! Reason: Unsupported hardware.
[W910 12:04:44.230046887 NNPACK.cpp:56] Could not initialize NNPACK! Reason: Unsupported hardware.
[W910 12:04:44.231077795 NNPACK.cpp:56] Could not initialize NNPACK! Reason: Unsupported hardware.
[W910 12:04:44.232108863 NNPACK.cpp:56] Could not initialize NNPACK! Reason: Unsupported hardware.
[W910 12:04:44.233477654 NNPACK.cpp:56] Could not initialize NNPACK! Reason: Unsupported hardware.
[W910 12:04:44.667272442 NNPACK.cpp:56] Could not initialize NNPACK! Reason: Unsupported hardware.
[W910 12:04:44.668068092 NNPACK.cpp:56] Could not initialize NNPACK! Reason: Unsupported hardware.
[W910 12:04:44.668793012 NNPACK.cpp:56] Could not initialize NNPACK! Reason: Unsupported hardware.
[W910 12:04:44.669550872 NNPACK.cpp:56] Could not initialize NNPACK! Reason: Unsupported hardware.
[W910 12:04:44.670420453 NNPACK.cpp:56] Could not initialize NNPACK! Reason: Unsupported hardware.
[W910 12:04:44.671283570 NNPACK.cpp:56] Could not initialize NNPACK! Reason: Unsupported hardware.
[W910 12:04:44.671951324 NNPACK.cpp:56] Could not initialize NNPACK! Reason: Unsupported hardware.
[W910 12:04:44.673238556 NNPACK.cpp:56] Could not initialize NNPACK! Reason: Unsupported hardware.
[W910 12:04:45.170351580 NNPACK.cpp:56] Could not initialize NNPACK! Reason: Unsupported hardware.
[W910 12:04:45.171563256 NNPACK.cpp:56] Could not initialize NNPACK! Reason: Unsupported hardware.
[W910 12:04:45.172513592 NNPACK.cpp:56] Could not initialize NNPACK! Reason: Unsupported hardware.
[W910 12:04:45.173475613 NNPACK.cpp:56] Could not initialize NNPACK! Reason: Unsupported hardware.
[W910 12:04:45.174549919 NNPACK.cpp:56] Could not initialize NNPACK! Reason: Unsupported hardware.
[W910 12:04:45.175604743 NNPACK.cpp:56] Could not initialize NNPACK! Reason: Unsupported hardware.
[W910 12:04:45.176686740 NNPACK.cpp:56] Could not initialize NNPACK! Reason: Unsupported hardware.
[W910 12:04:45.178041979 NNPACK.cpp:56] Could not initialize NNPACK! Reason: Unsupported hardware.
[W910 12:04:45.616893760 NNPACK.cpp:56] Could not initialize NNPACK! Reason: Unsupported hardware.
[W910 12:04:45.617619955 NNPACK.cpp:56] Could not initialize NNPACK! Reason: Unsupported hardware.
[W910 12:04:45.618118734 NNPACK.cpp:56] Could not initialize NNPACK! Reason: Unsupported hardware.
[W910 12:04:45.618596088 NNPACK.cpp:56] Could not initialize NNPACK! Reason: Unsupported hardware.
[W910 12:04:45.619148751 NNPACK.cpp:56] Could not initialize NNPACK! Reason: Unsupported hardware.
[W910 12:04:45.619690178 NNPACK.cpp:56] Could not initialize NNPACK! Reason: Unsupported hardware.
[W910 12:04:45.620239599 NNPACK.cpp:56] Could not initialize NNPACK! Reason: Unsupported hardware.
[W910 12:04:45.621104598 NNPACK.cpp:56] Could not initialize NNPACK! Reason: Unsupported hardware.
[W910 12:04:46.125297534 NNPACK.cpp:56] Could not initialize NNPACK! Reason: Unsupported hardware.
[W910 12:04:46.126515097 NNPACK.cpp:56] Could not initialize NNPACK! Reason: Unsupported hardware.
[W910 12:04:46.127473633 NNPACK.cpp:56] Could not initialize NNPACK! Reason: Unsupported hardware.
[W910 12:04:46.128462984 NNPACK.cpp:56] Could not initialize NNPACK! Reason: Unsupported hardware.
[W910 12:04:46.129530925 NNPACK.cpp:56] Could not initialize NNPACK! Reason: Unsupported hardware.
[W910 12:04:46.130600890 NNPACK.cpp:56] Could not initialize NNPACK! Reason: Unsupported hardware.
[W910 12:04:46.131707821 NNPACK.cpp:56] Could not initialize NNPACK! Reason: Unsupported hardware.
[W910 12:04:46.133169441 NNPACK.cpp:56] Could not initialize NNPACK! Reason: Unsupported hardware.
[W910 12:04:46.577147531 NNPACK.cpp:56] Could not initialize NNPACK! Reason: Unsupported hardware.
[W910 12:04:46.577872070 NNPACK.cpp:56] Could not initialize NNPACK! Reason: Unsupported hardware.
[W910 12:04:46.578369056 NNPACK.cpp:56] Could not initialize NNPACK! Reason: Unsupported hardware.
[W910 12:04:46.578854062 NNPACK.cpp:56] Could not initialize NNPACK! Reason: Unsupported hardware.
[W910 12:04:46.579412988 NNPACK.cpp:56] Could not initialize NNPACK! Reason: Unsupported hardware.
[W910 12:04:46.579959554 NNPACK.cpp:56] Could not initialize NNPACK! Reason: Unsupported hardware.
[W910 12:04:46.580548413 NNPACK.cpp:56] Could not initialize NNPACK! Reason: Unsupported hardware.
[W910 12:04:46.581456213 NNPACK.cpp:56] Could not initialize NNPACK! Reason: Unsupported hardware.
[W910 12:04:47.079623826 NNPACK.cpp:56] Could not initialize NNPACK! Reason: Unsupported hardware.
[W910 12:04:47.080874580 NNPACK.cpp:56] Could not initialize NNPACK! Reason: Unsupported hardware.
[W910 12:04:47.081829303 NNPACK.cpp:56] Could not initialize NNPACK! Reason: Unsupported hardware.
[W910 12:04:47.082779711 NNPACK.cpp:56] Could not initialize NNPACK! Reason: Unsupported hardware.
[W910 12:04:47.083837662 NNPACK.cpp:56] Could not initialize NNPACK! Reason: Unsupported hardware.
[W910 12:04:47.084842030 NNPACK.cpp:56] Could not initialize NNPACK! Reason: Unsupported hardware.
[W910 12:04:47.085852349 NNPACK.cpp:56] Could not initialize NNPACK! Reason: Unsupported hardware.
[W910 12:04:47.087188757 NNPACK.cpp:56] Could not initialize NNPACK! Reason: Unsupported hardware.
[W910 12:04:47.527846022 NNPACK.cpp:56] Could not initialize NNPACK! Reason: Unsupported hardware.
[W910 12:04:47.528642330 NNPACK.cpp:56] Could not initialize NNPACK! Reason: Unsupported hardware.
[W910 12:04:47.529148076 NNPACK.cpp:56] Could not initialize NNPACK! Reason: Unsupported hardware.
[W910 12:04:47.529637752 NNPACK.cpp:56] Could not initialize NNPACK! Reason: Unsupported hardware.
[W910 12:04:47.530196423 NNPACK.cpp:56] Could not initialize NNPACK! Reason: Unsupported hardware.
[W910 12:04:47.530746565 NNPACK.cpp:56] Could not initialize NNPACK! Reason: Unsupported hardware.
[W910 12:04:47.531301610 NNPACK.cpp:56] Could not initialize NNPACK! Reason: Unsupported hardware.
[W910 12:04:47.532177816 NNPACK.cpp:56] Could not initialize NNPACK! Reason: Unsupported hardware.
[W910 12:04:48.026213025 NNPACK.cpp:56] Could not initialize NNPACK! Reason: Unsupported hardware.
[W910 12:04:48.027488828 NNPACK.cpp:56] Could not initialize NNPACK! Reason: Unsupported hardware.
[W910 12:04:48.028443825 NNPACK.cpp:56] Could not initialize NNPACK! Reason: Unsupported hardware.
[W910 12:04:48.029389499 NNPACK.cpp:56] Could not initialize NNPACK! Reason: Unsupported hardware.
[W910 12:04:48.030487387 NNPACK.cpp:56] Could not initialize NNPACK! Reason: Unsupported hardware.
[W910 12:04:48.031568614 NNPACK.cpp:56] Could not initialize NNPACK! Reason: Unsupported hardware.
[W910 12:04:48.032648170 NNPACK.cpp:56] Could not initialize NNPACK! Reason: Unsupported hardware.
[W910 12:04:48.034090738 NNPACK.cpp:56] Could not initialize NNPACK! Reason: Unsupported hardware.
[W910 12:04:48.472802893 NNPACK.cpp:56] Could not initialize NNPACK! Reason: Unsupported hardware.
[W910 12:04:48.473671228 NNPACK.cpp:56] Could not initialize NNPACK! Reason: Unsupported hardware.
[W910 12:04:48.474198150 NNPACK.cpp:56] Could not initialize NNPACK! Reason: Unsupported hardware.
[W910 12:04:48.474695817 NNPACK.cpp:56] Could not initialize NNPACK! Reason: Unsupported hardware.
[W910 12:04:48.475271114 NNPACK.cpp:56] Could not initialize NNPACK! Reason: Unsupported hardware.
[W910 12:04:48.475858314 NNPACK.cpp:56] Could not initialize NNPACK! Reason: Unsupported hardware.
[W910 12:04:48.476438000 NNPACK.cpp:56] Could not initialize NNPACK! Reason: Unsupported hardware.
[W910 12:04:48.477349067 NNPACK.cpp:56] Could not initialize NNPACK! Reason: Unsupported hardware.
[W910 12:04:49.977957883 NNPACK.cpp:56] Could not initialize NNPACK! Reason: Unsupported hardware.
[W910 12:04:49.979155652 NNPACK.cpp:56] Could not initialize NNPACK! Reason: Unsupported hardware.
[W910 12:04:49.980092739 NNPACK.cpp:56] Could not initialize NNPACK! Reason: Unsupported hardware.
[W910 12:04:49.981014495 NNPACK.cpp:56] Could not initialize NNPACK! Reason: Unsupported hardware.
[W910 12:04:49.982301815 NNPACK.cpp:56] Could not initialize NNPACK! Reason: Unsupported hardware.
[W910 12:04:49.983937014 NNPACK.cpp:56] Could not initialize NNPACK! Reason: Unsupported hardware.
[W910 12:04:49.985375318 NNPACK.cpp:56] Could not initialize NNPACK! Reason: Unsupported hardware.
[W910 12:04:49.987172469 NNPACK.cpp:56] Could not initialize NNPACK! Reason: Unsupported hardware.
[W910 12:04:49.428591024 NNPACK.cpp:56] Could not initialize NNPACK! Reason: Unsupported hardware.
[W910 12:04:49.429396775 NNPACK.cpp:56] Could not initialize NNPACK! Reason: Unsupported hardware.
[W910 12:04:49.429906847 NNPACK.cpp:56] Could not initialize NNPACK! Reason: Unsupported hardware.
[W910 12:04:49.430403374 NNPACK.cpp:56] Could not initialize NNPACK! Reason: Unsupported hardware.
[W910 12:04:49.430956697 NNPACK.cpp:56] Could not initialize NNPACK! Reason: Unsupported hardware.
[W910 12:04:49.431510038 NNPACK.cpp:56] Could not initialize NNPACK! Reason: Unsupported hardware.
[W910 12:04:49.432067199 NNPACK.cpp:56] Could not initialize NNPACK! Reason: Unsupported hardware.
[W910 12:04:49.432937256 NNPACK.cpp:56] Could not initialize NNPACK! Reason: Unsupported hardware.
[W910 12:04:49.931389678 NNPACK.cpp:56] Could not initialize NNPACK! Reason: Unsupported hardware.
[W910 12:04:49.932617794 NNPACK.cpp:56] Could not initialize NNPACK! Reason: Unsupported hardware.
[W910 12:04:49.933591697 NNPACK.cpp:56] Could not initialize NNPACK! Reason: Unsupported hardware.
[W910 12:04:49.934539988 NNPACK.cpp:56] Could not initialize NNPACK! Reason: Unsupported hardware.
[W910 12:04:49.935694433 NNPACK.cpp:56] Could not initialize NNPACK! Reason: Unsupported hardware.
[W910 12:04:49.937086629 NNPACK.cpp:56] Could not initialize NNPACK! Reason: Unsupported hardware.
[W910 12:04:49.938234521 NNPACK.cpp:56] Could not initialize NNPACK! Reason: Unsupported hardware.
[W910 12:04:49.939702583 NNPACK.cpp:56] Could not initialize NNPACK! Reason: Unsupported hardware.
[W910 12:04:50.382127617 NNPACK.cpp:56] Could not initialize NNPACK! Reason: Unsupported hardware.
[W910 12:04:50.382881588 NNPACK.cpp:56] Could not initialize NNPACK! Reason: Unsupported hardware.
[W910 12:04:50.383455364 NNPACK.cpp:56] Could not initialize NNPACK! Reason: Unsupported hardware.
[W910 12:04:50.383960682 NNPACK.cpp:56] Could not initialize NNPACK! Reason: Unsupported hardware.
[W910 12:04:50.384553287 NNPACK.cpp:56] Could not initialize NNPACK! Reason: Unsupported hardware.
[W910 12:04:50.385144286 NNPACK.cpp:56] Could not initialize NNPACK! Reason: Unsupported hardware.
[W910 12:04:50.385964791 NNPACK.cpp:56] Could not initialize NNPACK! Reason: Unsupported hardware.
[W910 12:04:50.386956579 NNPACK.cpp:56] Could not initialize NNPACK! Reason: Unsupported hardware.
[W910 12:04:50.797029445 NNPACK.cpp:56] Could not initialize NNPACK! Reason: Unsupported hardware.
[W910 12:04:50.797944869 NNPACK.cpp:56] Could not initialize NNPACK! Reason: Unsupported hardware.
[W910 12:04:50.798613722 NNPACK.cpp:56] Could not initialize NNPACK! Reason: Unsupported hardware.
[W910 12:04:50.799283214 NNPACK.cpp:56] Could not initialize NNPACK! Reason: Unsupported hardware.
[W910 12:04:50.800035741 NNPACK.cpp:56] Could not initialize NNPACK! Reason: Unsupported hardware.
[W910 12:04:50.800745036 NNPACK.cpp:56] Could not initialize NNPACK! Reason: Unsupported hardware.
[W910 12:04:50.801461305 NNPACK.cpp:56] Could not initialize NNPACK! Reason: Unsupported hardware.
[W910 12:04:50.802538750 NNPACK.cpp:56] Could not initialize NNPACK! Reason: Unsupported hardware.
[W910 12:04:51.242539676 NNPACK.cpp:56] Could not initialize NNPACK! Reason: Unsupported hardware.
[W910 12:04:51.243150221 NNPACK.cpp:56] Could not initialize NNPACK! Reason: Unsupported hardware.
[W910 12:04:51.243474313 NNPACK.cpp:56] Could not initialize NNPACK! Reason: Unsupported hardware.
[W910 12:04:51.243774032 NNPACK.cpp:56] Could not initialize NNPACK! Reason: Unsupported hardware.
[W910 12:04:51.244119872 NNPACK.cpp:56] Could not initialize NNPACK! Reason: Unsupported hardware.
[W910 12:04:51.244455617 NNPACK.cpp:56] Could not initialize NNPACK! Reason: Unsupported hardware.
[W910 12:04:51.244785402 NNPACK.cpp:56] Could not initialize NNPACK! Reason: Unsupported hardware.
[W910 12:04:51.245449181 NNPACK.cpp:56] Could not initialize NNPACK! Reason: Unsupported hardware.
[W910 12:04:51.550037975 NNPACK.cpp:56] Could not initialize NNPACK! Reason: Unsupported hardware.
[W910 12:04:51.550855786 NNPACK.cpp:56] Could not initialize NNPACK! Reason: Unsupported hardware.
[W910 12:04:51.551425660 NNPACK.cpp:56] Could not initialize NNPACK! Reason: Unsupported hardware.
[W910 12:04:51.551980614 NNPACK.cpp:56] Could not initialize NNPACK! Reason: Unsupported hardware.
[W910 12:04:51.552644635 NNPACK.cpp:56] Could not initialize NNPACK! Reason: Unsupported hardware.
[W910 12:04:51.553288746 NNPACK.cpp:56] Could not initialize NNPACK! Reason: Unsupported hardware.
[W910 12:04:51.553918405 NNPACK.cpp:56] Could not initialize NNPACK! Reason: Unsupported hardware.
[W910 12:04:51.554894126 NNPACK.cpp:56] Could not initialize NNPACK! Reason: Unsupported hardware.
[W910 12:04:51.902733383 NNPACK.cpp:56] Could not initialize NNPACK! Reason: Unsupported hardware.
[W910 12:04:51.903206098 NNPACK.cpp:56] Could not initialize NNPACK! Reason: Unsupported hardware.
[W910 12:04:51.903425489 NNPACK.cpp:56] Could not initialize NNPACK! Reason: Unsupported hardware.
[W910 12:04:51.903633230 NNPACK.cpp:56] Could not initialize NNPACK! Reason: Unsupported hardware.
[W910 12:04:51.903860677 NNPACK.cpp:56] Could not initialize NNPACK! Reason: Unsupported hardware.
[W910 12:04:51.904110977 NNPACK.cpp:56] Could not initialize NNPACK! Reason: Unsupported hardware.
[W910 12:04:51.904335674 NNPACK.cpp:56] Could not initialize NNPACK! Reason: Unsupported hardware.
[W910 12:04:51.904887386 NNPACK.cpp:56] Could not initialize NNPACK! Reason: Unsupported hardware.
[W910 12:04:52.119483769 NNPACK.cpp:56] Could not initialize NNPACK! Reason: Unsupported hardware.
[W910 12:04:52.120102163 NNPACK.cpp:56] Could not initialize NNPACK! Reason: Unsupported hardware.
[W910 12:04:52.120499470 NNPACK.cpp:56] Could not initialize NNPACK! Reason: Unsupported hardware.
[W910 12:04:52.120865674 NNPACK.cpp:56] Could not initialize NNPACK! Reason: Unsupported hardware.
[W910 12:04:52.121287201 NNPACK.cpp:56] Could not initialize NNPACK! Reason: Unsupported hardware.
[W910 12:04:52.121698642 NNPACK.cpp:56] Could not initialize NNPACK! Reason: Unsupported hardware.
[W910 12:04:52.122134406 NNPACK.cpp:56] Could not initialize NNPACK! Reason: Unsupported hardware.
[W910 12:04:52.122889816 NNPACK.cpp:56] Could not initialize NNPACK! Reason: Unsupported hardware.
[W910 12:04:52.397741877 NNPACK.cpp:56] Could not initialize NNPACK! Reason: Unsupported hardware.
[W910 12:04:52.398240019 NNPACK.cpp:56] Could not initialize NNPACK! Reason: Unsupported hardware.
[W910 12:04:52.398431682 NNPACK.cpp:56] Could not initialize NNPACK! Reason: Unsupported hardware.
[W910 12:04:52.398614940 NNPACK.cpp:56] Could not initialize NNPACK! Reason: Unsupported hardware.
[W910 12:04:52.398813834 NNPACK.cpp:56] Could not initialize NNPACK! Reason: Unsupported hardware.
[W910 12:04:52.399014176 NNPACK.cpp:56] Could not initialize NNPACK! Reason: Unsupported hardware.
[W910 12:04:52.399208873 NNPACK.cpp:56] Could not initialize NNPACK! Reason: Unsupported hardware.
[W910 12:04:52.399739469 NNPACK.cpp:56] Could not initialize NNPACK! Reason: Unsupported hardware.
[W910 12:04:52.808282362 NNPACK.cpp:56] Could not initialize NNPACK! Reason: Unsupported hardware.
[W910 12:04:52.809504389 NNPACK.cpp:56] Could not initialize NNPACK! Reason: Unsupported hardware.
[W910 12:04:52.810457711 NNPACK.cpp:56] Could not initialize NNPACK! Reason: Unsupported hardware.
[W910 12:04:52.811413889 NNPACK.cpp:56] Could not initialize NNPACK! Reason: Unsupported hardware.
[W910 12:04:52.812514171 NNPACK.cpp:56] Could not initialize NNPACK! Reason: Unsupported hardware.
[W910 12:04:52.813521833 NNPACK.cpp:56] Could not initialize NNPACK! Reason: Unsupported hardware.
[W910 12:04:52.814525829 NNPACK.cpp:56] Could not initialize NNPACK! Reason: Unsupported hardware.
[W910 12:04:52.815888615 NNPACK.cpp:56] Could not initialize NNPACK! Reason: Unsupported hardware.
[W910 12:04:53.253714822 NNPACK.cpp:56] Could not initialize NNPACK! Reason: Unsupported hardware.
[W910 12:04:53.254448734 NNPACK.cpp:56] Could not initialize NNPACK! Reason: Unsupported hardware.
[W910 12:04:53.254935797 NNPACK.cpp:56] Could not initialize NNPACK! Reason: Unsupported hardware.
[W910 12:04:53.255427379 NNPACK.cpp:56] Could not initialize NNPACK! Reason: Unsupported hardware.
[W910 12:04:53.255982634 NNPACK.cpp:56] Could not initialize NNPACK! Reason: Unsupported hardware.
[W910 12:04:53.256549475 NNPACK.cpp:56] Could not initialize NNPACK! Reason: Unsupported hardware.
[W910 12:04:53.257107149 NNPACK.cpp:56] Could not initialize NNPACK! Reason: Unsupported hardware.
[W910 12:04:53.258009515 NNPACK.cpp:56] Could not initialize NNPACK! Reason: Unsupported hardware.
[W910 12:04:53.760088248 NNPACK.cpp:56] Could not initialize NNPACK! Reason: Unsupported hardware.
[W910 12:04:53.761324317 NNPACK.cpp:56] Could not initialize NNPACK! Reason: Unsupported hardware.
[W910 12:04:53.762283208 NNPACK.cpp:56] Could not initialize NNPACK! Reason: Unsupported hardware.
[W910 12:04:53.763212557 NNPACK.cpp:56] Could not initialize NNPACK! Reason: Unsupported hardware.
[W910 12:04:53.764247874 NNPACK.cpp:56] Could not initialize NNPACK! Reason: Unsupported hardware.
[W910 12:04:53.765304299 NNPACK.cpp:56] Could not initialize NNPACK! Reason: Unsupported hardware.
[W910 12:04:53.766398413 NNPACK.cpp:56] Could not initialize NNPACK! Reason: Unsupported hardware.
[W910 12:04:53.767775865 NNPACK.cpp:56] Could not initialize NNPACK! Reason: Unsupported hardware.
[W910 12:04:54.207924722 NNPACK.cpp:56] Could not initialize NNPACK! Reason: Unsupported hardware.
[W910 12:04:54.208693584 NNPACK.cpp:56] Could not initialize NNPACK! Reason: Unsupported hardware.
[W910 12:04:54.209230119 NNPACK.cpp:56] Could not initialize NNPACK! Reason: Unsupported hardware.
[W910 12:04:54.209773518 NNPACK.cpp:56] Could not initialize NNPACK! Reason: Unsupported hardware.
[W910 12:04:54.210370276 NNPACK.cpp:56] Could not initialize NNPACK! Reason: Unsupported hardware.
[W910 12:04:54.210960923 NNPACK.cpp:56] Could not initialize NNPACK! Reason: Unsupported hardware.
[W910 12:04:54.211632685 NNPACK.cpp:56] Could not initialize NNPACK! Reason: Unsupported hardware.
[W910 12:04:54.212575536 NNPACK.cpp:56] Could not initialize NNPACK! Reason: Unsupported hardware.
[W910 12:04:54.711284425 NNPACK.cpp:56] Could not initialize NNPACK! Reason: Unsupported hardware.
[W910 12:04:54.712508476 NNPACK.cpp:56] Could not initialize NNPACK! Reason: Unsupported hardware.
[W910 12:04:54.713456328 NNPACK.cpp:56] Could not initialize NNPACK! Reason: Unsupported hardware.
[W910 12:04:54.714412106 NNPACK.cpp:56] Could not initialize NNPACK! Reason: Unsupported hardware.
[W910 12:04:54.715482723 NNPACK.cpp:56] Could not initialize NNPACK! Reason: Unsupported hardware.
[W910 12:04:54.716504981 NNPACK.cpp:56] Could not initialize NNPACK! Reason: Unsupported hardware.
[W910 12:04:54.717584480 NNPACK.cpp:56] Could not initialize NNPACK! Reason: Unsupported hardware.
[W910 12:04:54.718957121 NNPACK.cpp:56] Could not initialize NNPACK! Reason: Unsupported hardware.
[W910 12:04:55.168093170 NNPACK.cpp:56] Could not initialize NNPACK! Reason: Unsupported hardware.
[W910 12:04:55.168941504 NNPACK.cpp:56] Could not initialize NNPACK! Reason: Unsupported hardware.
[W910 12:04:55.169493190 NNPACK.cpp:56] Could not initialize NNPACK! Reason: Unsupported hardware.
[W910 12:04:55.170027977 NNPACK.cpp:56] Could not initialize NNPACK! Reason: Unsupported hardware.
[W910 12:04:55.170615584 NNPACK.cpp:56] Could not initialize NNPACK! Reason: Unsupported hardware.
[W910 12:04:55.171237410 NNPACK.cpp:56] Could not initialize NNPACK! Reason: Unsupported hardware.
[W910 12:04:55.171823717 NNPACK.cpp:56] Could not initialize NNPACK! Reason: Unsupported hardware.
[W910 12:04:55.172769915 NNPACK.cpp:56] Could not initialize NNPACK! Reason: Unsupported hardware.
[W910 12:04:55.685962702 NNPACK.cpp:56] Could not initialize NNPACK! Reason: Unsupported hardware.
[W910 12:04:55.687178799 NNPACK.cpp:56] Could not initialize NNPACK! Reason: Unsupported hardware.
[W910 12:04:55.688134544 NNPACK.cpp:56] Could not initialize NNPACK! Reason: Unsupported hardware.
[W910 12:04:55.689080264 NNPACK.cpp:56] Could not initialize NNPACK! Reason: Unsupported hardware.
[W910 12:04:55.690079245 NNPACK.cpp:56] Could not initialize NNPACK! Reason: Unsupported hardware.
[W910 12:04:55.691093079 NNPACK.cpp:56] Could not initialize NNPACK! Reason: Unsupported hardware.
[W910 12:04:55.692086818 NNPACK.cpp:56] Could not initialize NNPACK! Reason: Unsupported hardware.
[W910 12:04:55.693441800 NNPACK.cpp:56] Could not initialize NNPACK! Reason: Unsupported hardware.
[W910 12:04:56.135131413 NNPACK.cpp:56] Could not initialize NNPACK! Reason: Unsupported hardware.
[W910 12:04:56.135876077 NNPACK.cpp:56] Could not initialize NNPACK! Reason: Unsupported hardware.
[W910 12:04:56.136386750 NNPACK.cpp:56] Could not initialize NNPACK! Reason: Unsupported hardware.
[W910 12:04:56.140891261 NNPACK.cpp:56] Could not initialize NNPACK! Reason: Unsupported hardware.
[W910 12:04:56.141528210 NNPACK.cpp:56] Could not initialize NNPACK! Reason: Unsupported hardware.
[W910 12:04:56.142091583 NNPACK.cpp:56] Could not initialize NNPACK! Reason: Unsupported hardware.
[W910 12:04:56.142657034 NNPACK.cpp:56] Could not initialize NNPACK! Reason: Unsupported hardware.
[W910 12:04:56.143558092 NNPACK.cpp:56] Could not initialize NNPACK! Reason: Unsupported hardware.
[W910 12:04:56.639551149 NNPACK.cpp:56] Could not initialize NNPACK! Reason: Unsupported hardware.
[W910 12:04:56.640751960 NNPACK.cpp:56] Could not initialize NNPACK! Reason: Unsupported hardware.
[W910 12:04:56.641697585 NNPACK.cpp:56] Could not initialize NNPACK! Reason: Unsupported hardware.
[W910 12:04:56.642659062 NNPACK.cpp:56] Could not initialize NNPACK! Reason: Unsupported hardware.
[W910 12:04:56.643718567 NNPACK.cpp:56] Could not initialize NNPACK! Reason: Unsupported hardware.
[W910 12:04:56.645105744 NNPACK.cpp:56] Could not initialize NNPACK! Reason: Unsupported hardware.
[W910 12:04:56.646685470 NNPACK.cpp:56] Could not initialize NNPACK! Reason: Unsupported hardware.
[W910 12:04:56.648746999 NNPACK.cpp:56] Could not initialize NNPACK! Reason: Unsupported hardware.
[W910 12:04:57.087952683 NNPACK.cpp:56] Could not initialize NNPACK! Reason: Unsupported hardware.
[W910 12:04:57.088832308 NNPACK.cpp:56] Could not initialize NNPACK! Reason: Unsupported hardware.
[W910 12:04:57.089378869 NNPACK.cpp:56] Could not initialize NNPACK! Reason: Unsupported hardware.
[W910 12:04:57.089888479 NNPACK.cpp:56] Could not initialize NNPACK! Reason: Unsupported hardware.
[W910 12:04:57.090504027 NNPACK.cpp:56] Could not initialize NNPACK! Reason: Unsupported hardware.
[W910 12:04:57.091087135 NNPACK.cpp:56] Could not initialize NNPACK! Reason: Unsupported hardware.
[W910 12:04:57.091662509 NNPACK.cpp:56] Could not initialize NNPACK! Reason: Unsupported hardware.
[W910 12:04:57.092572211 NNPACK.cpp:56] Could not initialize NNPACK! Reason: Unsupported hardware.
[W910 12:04:57.599689920 NNPACK.cpp:56] Could not initialize NNPACK! Reason: Unsupported hardware.
[W910 12:04:57.600917536 NNPACK.cpp:56] Could not initialize NNPACK! Reason: Unsupported hardware.
[W910 12:04:57.601869715 NNPACK.cpp:56] Could not initialize NNPACK! Reason: Unsupported hardware.
[W910 12:04:57.602830120 NNPACK.cpp:56] Could not initialize NNPACK! Reason: Unsupported hardware.
[W910 12:04:57.603876262 NNPACK.cpp:56] Could not initialize NNPACK! Reason: Unsupported hardware.
[W910 12:04:57.604883115 NNPACK.cpp:56] Could not initialize NNPACK! Reason: Unsupported hardware.
[W910 12:04:57.605891673 NNPACK.cpp:56] Could not initialize NNPACK! Reason: Unsupported hardware.
[W910 12:04:57.607266359 NNPACK.cpp:56] Could not initialize NNPACK! Reason: Unsupported hardware.
[W910 12:04:58.044847776 NNPACK.cpp:56] Could not initialize NNPACK! Reason: Unsupported hardware.
[W910 12:04:58.045579189 NNPACK.cpp:56] Could not initialize NNPACK! Reason: Unsupported hardware.
[W910 12:04:58.046075769 NNPACK.cpp:56] Could not initialize NNPACK! Reason: Unsupported hardware.
[W910 12:04:58.046567764 NNPACK.cpp:56] Could not initialize NNPACK! Reason: Unsupported hardware.
[W910 12:04:58.047143587 NNPACK.cpp:56] Could not initialize NNPACK! Reason: Unsupported hardware.
[W910 12:04:58.047706691 NNPACK.cpp:56] Could not initialize NNPACK! Reason: Unsupported hardware.
[W910 12:04:58.048262916 NNPACK.cpp:56] Could not initialize NNPACK! Reason: Unsupported hardware.
[W910 12:04:58.049175075 NNPACK.cpp:56] Could not initialize NNPACK! Reason: Unsupported hardware.
[W910 12:04:58.543359007 NNPACK.cpp:56] Could not initialize NNPACK! Reason: Unsupported hardware.
[W910 12:04:58.544574039 NNPACK.cpp:56] Could not initialize NNPACK! Reason: Unsupported hardware.
[W910 12:04:58.545540647 NNPACK.cpp:56] Could not initialize NNPACK! Reason: Unsupported hardware.
[W910 12:04:58.546445685 NNPACK.cpp:56] Could not initialize NNPACK! Reason: Unsupported hardware.
[W910 12:04:58.547488991 NNPACK.cpp:56] Could not initialize NNPACK! Reason: Unsupported hardware.
[W910 12:04:58.548503795 NNPACK.cpp:56] Could not initialize NNPACK! Reason: Unsupported hardware.
[W910 12:04:58.549509745 NNPACK.cpp:56] Could not initialize NNPACK! Reason: Unsupported hardware.
[W910 12:04:58.550862042 NNPACK.cpp:56] Could not initialize NNPACK! Reason: Unsupported hardware.
[W910 12:04:59.984429596 NNPACK.cpp:56] Could not initialize NNPACK! Reason: Unsupported hardware.
[W910 12:04:59.985127551 NNPACK.cpp:56] Could not initialize NNPACK! Reason: Unsupported hardware.
[W910 12:04:59.985615155 NNPACK.cpp:56] Could not initialize NNPACK! Reason: Unsupported hardware.
[W910 12:04:59.986108280 NNPACK.cpp:56] Could not initialize NNPACK! Reason: Unsupported hardware.
[W910 12:04:59.986662017 NNPACK.cpp:56] Could not initialize NNPACK! Reason: Unsupported hardware.
[W910 12:04:59.987302757 NNPACK.cpp:56] Could not initialize NNPACK! Reason: Unsupported hardware.
[W910 12:04:59.988024300 NNPACK.cpp:56] Could not initialize NNPACK! Reason: Unsupported hardware.
[W910 12:04:59.989031649 NNPACK.cpp:56] Could not initialize NNPACK! Reason: Unsupported hardware.
[W910 12:04:59.481229643 NNPACK.cpp:56] Could not initialize NNPACK! Reason: Unsupported hardware.
[W910 12:04:59.482695525 NNPACK.cpp:56] Could not initialize NNPACK! Reason: Unsupported hardware.
[W910 12:04:59.483642593 NNPACK.cpp:56] Could not initialize NNPACK! Reason: Unsupported hardware.
[W910 12:04:59.484522803 NNPACK.cpp:56] Could not initialize NNPACK! Reason: Unsupported hardware.
[W910 12:04:59.485520058 NNPACK.cpp:56] Could not initialize NNPACK! Reason: Unsupported hardware.
[W910 12:04:59.486514021 NNPACK.cpp:56] Could not initialize NNPACK! Reason: Unsupported hardware.
[W910 12:04:59.487512399 NNPACK.cpp:56] Could not initialize NNPACK! Reason: Unsupported hardware.
[W910 12:04:59.488831687 NNPACK.cpp:56] Could not initialize NNPACK! Reason: Unsupported hardware.
[W910 12:04:59.920967941 NNPACK.cpp:56] Could not initialize NNPACK! Reason: Unsupported hardware.
[W910 12:04:59.921696035 NNPACK.cpp:56] Could not initialize NNPACK! Reason: Unsupported hardware.
[W910 12:04:59.922188569 NNPACK.cpp:56] Could not initialize NNPACK! Reason: Unsupported hardware.
[W910 12:04:59.922666141 NNPACK.cpp:56] Could not initialize NNPACK! Reason: Unsupported hardware.
[W910 12:04:59.923217996 NNPACK.cpp:56] Could not initialize NNPACK! Reason: Unsupported hardware.
[W910 12:04:59.923762244 NNPACK.cpp:56] Could not initialize NNPACK! Reason: Unsupported hardware.
[W910 12:04:59.924345172 NNPACK.cpp:56] Could not initialize NNPACK! Reason: Unsupported hardware.
[W910 12:04:59.925212063 NNPACK.cpp:56] Could not initialize NNPACK! Reason: Unsupported hardware.
[W910 12:05:00.422379993 NNPACK.cpp:56] Could not initialize NNPACK! Reason: Unsupported hardware.
[W910 12:05:00.423591654 NNPACK.cpp:56] Could not initialize NNPACK! Reason: Unsupported hardware.
[W910 12:05:00.424539442 NNPACK.cpp:56] Could not initialize NNPACK! Reason: Unsupported hardware.
[W910 12:05:00.425481329 NNPACK.cpp:56] Could not initialize NNPACK! Reason: Unsupported hardware.
[W910 12:05:00.426539730 NNPACK.cpp:56] Could not initialize NNPACK! Reason: Unsupported hardware.
[W910 12:05:00.427538672 NNPACK.cpp:56] Could not initialize NNPACK! Reason: Unsupported hardware.
[W910 12:05:00.428535941 NNPACK.cpp:56] Could not initialize NNPACK! Reason: Unsupported hardware.
[W910 12:05:00.429856362 NNPACK.cpp:56] Could not initialize NNPACK! Reason: Unsupported hardware.
[W910 12:05:00.861540109 NNPACK.cpp:56] Could not initialize NNPACK! Reason: Unsupported hardware.
[W910 12:05:00.862285924 NNPACK.cpp:56] Could not initialize NNPACK! Reason: Unsupported hardware.
[W910 12:05:00.862772350 NNPACK.cpp:56] Could not initialize NNPACK! Reason: Unsupported hardware.
[W910 12:05:00.863347663 NNPACK.cpp:56] Could not initialize NNPACK! Reason: Unsupported hardware.
[W910 12:05:00.864017928 NNPACK.cpp:56] Could not initialize NNPACK! Reason: Unsupported hardware.
[W910 12:05:00.864650166 NNPACK.cpp:56] Could not initialize NNPACK! Reason: Unsupported hardware.
[W910 12:05:00.865275630 NNPACK.cpp:56] Could not initialize NNPACK! Reason: Unsupported hardware.
[W910 12:05:00.866213360 NNPACK.cpp:56] Could not initialize NNPACK! Reason: Unsupported hardware.
[W910 12:05:01.335613295 NNPACK.cpp:56] Could not initialize NNPACK! Reason: Unsupported hardware.
[W910 12:05:01.337393262 NNPACK.cpp:56] Could not initialize NNPACK! Reason: Unsupported hardware.
[W910 12:05:01.338778792 NNPACK.cpp:56] Could not initialize NNPACK! Reason: Unsupported hardware.
[W910 12:05:01.340128313 NNPACK.cpp:56] Could not initialize NNPACK! Reason: Unsupported hardware.
[W910 12:05:01.341643812 NNPACK.cpp:56] Could not initialize NNPACK! Reason: Unsupported hardware.
[W910 12:05:01.343109627 NNPACK.cpp:56] Could not initialize NNPACK! Reason: Unsupported hardware.
[W910 12:05:01.344427598 NNPACK.cpp:56] Could not initialize NNPACK! Reason: Unsupported hardware.
[W910 12:05:01.345827844 NNPACK.cpp:56] Could not initialize NNPACK! Reason: Unsupported hardware.
[W910 12:05:01.774125910 NNPACK.cpp:56] Could not initialize NNPACK! Reason: Unsupported hardware.
[W910 12:05:01.774660294 NNPACK.cpp:56] Could not initialize NNPACK! Reason: Unsupported hardware.
[W910 12:05:01.774959784 NNPACK.cpp:56] Could not initialize NNPACK! Reason: Unsupported hardware.
[W910 12:05:01.775255774 NNPACK.cpp:56] Could not initialize NNPACK! Reason: Unsupported hardware.
[W910 12:05:01.775583934 NNPACK.cpp:56] Could not initialize NNPACK! Reason: Unsupported hardware.
[W910 12:05:01.775904872 NNPACK.cpp:56] Could not initialize NNPACK! Reason: Unsupported hardware.
[W910 12:05:01.776250556 NNPACK.cpp:56] Could not initialize NNPACK! Reason: Unsupported hardware.
[W910 12:05:01.776894860 NNPACK.cpp:56] Could not initialize NNPACK! Reason: Unsupported hardware.
[W910 12:05:02.127828950 NNPACK.cpp:56] Could not initialize NNPACK! Reason: Unsupported hardware.
[W910 12:05:02.129017911 NNPACK.cpp:56] Could not initialize NNPACK! Reason: Unsupported hardware.
[W910 12:05:02.129945413 NNPACK.cpp:56] Could not initialize NNPACK! Reason: Unsupported hardware.
[W910 12:05:02.130843263 NNPACK.cpp:56] Could not initialize NNPACK! Reason: Unsupported hardware.
[W910 12:05:02.131887318 NNPACK.cpp:56] Could not initialize NNPACK! Reason: Unsupported hardware.
[W910 12:05:02.132863590 NNPACK.cpp:56] Could not initialize NNPACK! Reason: Unsupported hardware.
[W910 12:05:02.133840036 NNPACK.cpp:56] Could not initialize NNPACK! Reason: Unsupported hardware.
[W910 12:05:02.135184161 NNPACK.cpp:56] Could not initialize NNPACK! Reason: Unsupported hardware.
[W910 12:05:02.905888241 NNPACK.cpp:56] Could not initialize NNPACK! Reason: Unsupported hardware.
[W910 12:05:02.907108546 NNPACK.cpp:56] Could not initialize NNPACK! Reason: Unsupported hardware.
[W910 12:05:02.908074945 NNPACK.cpp:56] Could not initialize NNPACK! Reason: Unsupported hardware.
[W910 12:05:02.909030415 NNPACK.cpp:56] Could not initialize NNPACK! Reason: Unsupported hardware.
[W910 12:05:02.910094035 NNPACK.cpp:56] Could not initialize NNPACK! Reason: Unsupported hardware.
[W910 12:05:02.911097244 NNPACK.cpp:56] Could not initialize NNPACK! Reason: Unsupported hardware.
[W910 12:05:02.912103515 NNPACK.cpp:56] Could not initialize NNPACK! Reason: Unsupported hardware.
[W910 12:05:02.913437415 NNPACK.cpp:56] Could not initialize NNPACK! Reason: Unsupported hardware.
[W910 12:05:03.345635633 NNPACK.cpp:56] Could not initialize NNPACK! Reason: Unsupported hardware.
[W910 12:05:03.346370960 NNPACK.cpp:56] Could not initialize NNPACK! Reason: Unsupported hardware.
[W910 12:05:03.346859972 NNPACK.cpp:56] Could not initialize NNPACK! Reason: Unsupported hardware.
[W910 12:05:03.347368092 NNPACK.cpp:56] Could not initialize NNPACK! Reason: Unsupported hardware.
[W910 12:05:03.347920740 NNPACK.cpp:56] Could not initialize NNPACK! Reason: Unsupported hardware.
[W910 12:05:03.348472967 NNPACK.cpp:56] Could not initialize NNPACK! Reason: Unsupported hardware.
[W910 12:05:03.349027756 NNPACK.cpp:56] Could not initialize NNPACK! Reason: Unsupported hardware.
[W910 12:05:03.349896128 NNPACK.cpp:56] Could not initialize NNPACK! Reason: Unsupported hardware.
[W910 12:05:03.859652797 NNPACK.cpp:56] Could not initialize NNPACK! Reason: Unsupported hardware.
[W910 12:05:03.860879513 NNPACK.cpp:56] Could not initialize NNPACK! Reason: Unsupported hardware.
[W910 12:05:03.861840254 NNPACK.cpp:56] Could not initialize NNPACK! Reason: Unsupported hardware.
[W910 12:05:03.862790261 NNPACK.cpp:56] Could not initialize NNPACK! Reason: Unsupported hardware.
[W910 12:05:03.863882454 NNPACK.cpp:56] Could not initialize NNPACK! Reason: Unsupported hardware.
[W910 12:05:03.864914440 NNPACK.cpp:56] Could not initialize NNPACK! Reason: Unsupported hardware.
[W910 12:05:03.865950413 NNPACK.cpp:56] Could not initialize NNPACK! Reason: Unsupported hardware.
[W910 12:05:03.867304387 NNPACK.cpp:56] Could not initialize NNPACK! Reason: Unsupported hardware.
[W910 12:05:04.301764846 NNPACK.cpp:56] Could not initialize NNPACK! Reason: Unsupported hardware.
[W910 12:05:04.302524758 NNPACK.cpp:56] Could not initialize NNPACK! Reason: Unsupported hardware.
[W910 12:05:04.303018208 NNPACK.cpp:56] Could not initialize NNPACK! Reason: Unsupported hardware.
[W910 12:05:04.303501904 NNPACK.cpp:56] Could not initialize NNPACK! Reason: Unsupported hardware.
[W910 12:05:04.304058429 NNPACK.cpp:56] Could not initialize NNPACK! Reason: Unsupported hardware.
[W910 12:05:04.304606736 NNPACK.cpp:56] Could not initialize NNPACK! Reason: Unsupported hardware.
[W910 12:05:04.305162702 NNPACK.cpp:56] Could not initialize NNPACK! Reason: Unsupported hardware.
[W910 12:05:04.306119846 NNPACK.cpp:56] Could not initialize NNPACK! Reason: Unsupported hardware.
[W910 12:05:04.801591539 NNPACK.cpp:56] Could not initialize NNPACK! Reason: Unsupported hardware.
[W910 12:05:04.802813674 NNPACK.cpp:56] Could not initialize NNPACK! Reason: Unsupported hardware.
[W910 12:05:04.803776609 NNPACK.cpp:56] Could not initialize NNPACK! Reason: Unsupported hardware.
[W910 12:05:04.804718913 NNPACK.cpp:56] Could not initialize NNPACK! Reason: Unsupported hardware.
[W910 12:05:04.805788659 NNPACK.cpp:56] Could not initialize NNPACK! Reason: Unsupported hardware.
[W910 12:05:04.806809904 NNPACK.cpp:56] Could not initialize NNPACK! Reason: Unsupported hardware.
[W910 12:05:04.807820992 NNPACK.cpp:56] Could not initialize NNPACK! Reason: Unsupported hardware.
[W910 12:05:04.809170034 NNPACK.cpp:56] Could not initialize NNPACK! Reason: Unsupported hardware.
[W910 12:05:05.248509765 NNPACK.cpp:56] Could not initialize NNPACK! Reason: Unsupported hardware.
[W910 12:05:05.249245147 NNPACK.cpp:56] Could not initialize NNPACK! Reason: Unsupported hardware.
[W910 12:05:05.249814504 NNPACK.cpp:56] Could not initialize NNPACK! Reason: Unsupported hardware.
[W910 12:05:05.250346459 NNPACK.cpp:56] Could not initialize NNPACK! Reason: Unsupported hardware.
[W910 12:05:05.250916318 NNPACK.cpp:56] Could not initialize NNPACK! Reason: Unsupported hardware.
[W910 12:05:05.251475802 NNPACK.cpp:56] Could not initialize NNPACK! Reason: Unsupported hardware.
[W910 12:05:05.252054537 NNPACK.cpp:56] Could not initialize NNPACK! Reason: Unsupported hardware.
[W910 12:05:05.252942232 NNPACK.cpp:56] Could not initialize NNPACK! Reason: Unsupported hardware.
[W910 12:05:05.751699102 NNPACK.cpp:56] Could not initialize NNPACK! Reason: Unsupported hardware.
[W910 12:05:05.752911229 NNPACK.cpp:56] Could not initialize NNPACK! Reason: Unsupported hardware.
[W910 12:05:05.753865806 NNPACK.cpp:56] Could not initialize NNPACK! Reason: Unsupported hardware.
[W910 12:05:05.754780898 NNPACK.cpp:56] Could not initialize NNPACK! Reason: Unsupported hardware.
[W910 12:05:05.755829341 NNPACK.cpp:56] Could not initialize NNPACK! Reason: Unsupported hardware.
[W910 12:05:05.756837795 NNPACK.cpp:56] Could not initialize NNPACK! Reason: Unsupported hardware.
[W910 12:05:05.757839249 NNPACK.cpp:56] Could not initialize NNPACK! Reason: Unsupported hardware.
[W910 12:05:05.759203828 NNPACK.cpp:56] Could not initialize NNPACK! Reason: Unsupported hardware.
[W910 12:05:06.196431717 NNPACK.cpp:56] Could not initialize NNPACK! Reason: Unsupported hardware.
[W910 12:05:06.197175077 NNPACK.cpp:56] Could not initialize NNPACK! Reason: Unsupported hardware.
[W910 12:05:06.197672362 NNPACK.cpp:56] Could not initialize NNPACK! Reason: Unsupported hardware.
[W910 12:05:06.198182426 NNPACK.cpp:56] Could not initialize NNPACK! Reason: Unsupported hardware.
[W910 12:05:06.198749707 NNPACK.cpp:56] Could not initialize NNPACK! Reason: Unsupported hardware.
[W910 12:05:06.199313422 NNPACK.cpp:56] Could not initialize NNPACK! Reason: Unsupported hardware.
[W910 12:05:06.199857079 NNPACK.cpp:56] Could not initialize NNPACK! Reason: Unsupported hardware.
[W910 12:05:06.200745522 NNPACK.cpp:56] Could not initialize NNPACK! Reason: Unsupported hardware.
[W910 12:05:06.696995097 NNPACK.cpp:56] Could not initialize NNPACK! Reason: Unsupported hardware.
[W910 12:05:06.698209414 NNPACK.cpp:56] Could not initialize NNPACK! Reason: Unsupported hardware.
[W910 12:05:06.699158867 NNPACK.cpp:56] Could not initialize NNPACK! Reason: Unsupported hardware.
[W910 12:05:06.700096910 NNPACK.cpp:56] Could not initialize NNPACK! Reason: Unsupported hardware.
[W910 12:05:06.701122945 NNPACK.cpp:56] Could not initialize NNPACK! Reason: Unsupported hardware.
[W910 12:05:06.702138243 NNPACK.cpp:56] Could not initialize NNPACK! Reason: Unsupported hardware.
[W910 12:05:06.703136967 NNPACK.cpp:56] Could not initialize NNPACK! Reason: Unsupported hardware.
[W910 12:05:06.704502885 NNPACK.cpp:56] Could not initialize NNPACK! Reason: Unsupported hardware.
[W910 12:05:07.145391342 NNPACK.cpp:56] Could not initialize NNPACK! Reason: Unsupported hardware.
[W910 12:05:07.146607594 NNPACK.cpp:56] Could not initialize NNPACK! Reason: Unsupported hardware.
[W910 12:05:07.147322301 NNPACK.cpp:56] Could not initialize NNPACK! Reason: Unsupported hardware.
[W910 12:05:07.147828781 NNPACK.cpp:56] Could not initialize NNPACK! Reason: Unsupported hardware.
[W910 12:05:07.148417479 NNPACK.cpp:56] Could not initialize NNPACK! Reason: Unsupported hardware.
[W910 12:05:07.148962330 NNPACK.cpp:56] Could not initialize NNPACK! Reason: Unsupported hardware.
[W910 12:05:07.149513268 NNPACK.cpp:56] Could not initialize NNPACK! Reason: Unsupported hardware.
[W910 12:05:07.150402756 NNPACK.cpp:56] Could not initialize NNPACK! Reason: Unsupported hardware.
[W910 12:05:07.655210058 NNPACK.cpp:56] Could not initialize NNPACK! Reason: Unsupported hardware.
[W910 12:05:07.656464932 NNPACK.cpp:56] Could not initialize NNPACK! Reason: Unsupported hardware.
[W910 12:05:07.657440011 NNPACK.cpp:56] Could not initialize NNPACK! Reason: Unsupported hardware.
[W910 12:05:07.658421907 NNPACK.cpp:56] Could not initialize NNPACK! Reason: Unsupported hardware.
[W910 12:05:07.659959870 NNPACK.cpp:56] Could not initialize NNPACK! Reason: Unsupported hardware.
[W910 12:05:07.661265706 NNPACK.cpp:56] Could not initialize NNPACK! Reason: Unsupported hardware.
[W910 12:05:07.662363547 NNPACK.cpp:56] Could not initialize NNPACK! Reason: Unsupported hardware.
[W910 12:05:07.663809217 NNPACK.cpp:56] Could not initialize NNPACK! Reason: Unsupported hardware.
[W910 12:05:08.102118970 NNPACK.cpp:56] Could not initialize NNPACK! Reason: Unsupported hardware.
[W910 12:05:08.102871674 NNPACK.cpp:56] Could not initialize NNPACK! Reason: Unsupported hardware.
[W910 12:05:08.103416934 NNPACK.cpp:56] Could not initialize NNPACK! Reason: Unsupported hardware.
[W910 12:05:08.103948966 NNPACK.cpp:56] Could not initialize NNPACK! Reason: Unsupported hardware.
[W910 12:05:08.104561803 NNPACK.cpp:56] Could not initialize NNPACK! Reason: Unsupported hardware.
[W910 12:05:08.105182576 NNPACK.cpp:56] Could not initialize NNPACK! Reason: Unsupported hardware.
[W910 12:05:08.105767942 NNPACK.cpp:56] Could not initialize NNPACK! Reason: Unsupported hardware.
[W910 12:05:08.106789950 NNPACK.cpp:56] Could not initialize NNPACK! Reason: Unsupported hardware.
[W910 12:05:08.429344825 NNPACK.cpp:56] Could not initialize NNPACK! Reason: Unsupported hardware.
[W910 12:05:08.429761013 NNPACK.cpp:56] Could not initialize NNPACK! Reason: Unsupported hardware.
[W910 12:05:08.429925225 NNPACK.cpp:56] Could not initialize NNPACK! Reason: Unsupported hardware.
[W910 12:05:08.430095327 NNPACK.cpp:56] Could not initialize NNPACK! Reason: Unsupported hardware.
[W910 12:05:08.430275702 NNPACK.cpp:56] Could not initialize NNPACK! Reason: Unsupported hardware.
[W910 12:05:08.430429606 NNPACK.cpp:56] Could not initialize NNPACK! Reason: Unsupported hardware.
[W910 12:05:08.430580438 NNPACK.cpp:56] Could not initialize NNPACK! Reason: Unsupported hardware.
[W910 12:05:08.431066165 NNPACK.cpp:56] Could not initialize NNPACK! Reason: Unsupported hardware.
[W910 12:05:08.649594864 NNPACK.cpp:56] Could not initialize NNPACK! Reason: Unsupported hardware.
[W910 12:05:08.650816435 NNPACK.cpp:56] Could not initialize NNPACK! Reason: Unsupported hardware.
[W910 12:05:08.651737646 NNPACK.cpp:56] Could not initialize NNPACK! Reason: Unsupported hardware.
[W910 12:05:08.652673685 NNPACK.cpp:56] Could not initialize NNPACK! Reason: Unsupported hardware.
[W910 12:05:08.653684590 NNPACK.cpp:56] Could not initialize NNPACK! Reason: Unsupported hardware.
[W910 12:05:08.654658934 NNPACK.cpp:56] Could not initialize NNPACK! Reason: Unsupported hardware.
[W910 12:05:08.655648283 NNPACK.cpp:56] Could not initialize NNPACK! Reason: Unsupported hardware.
[W910 12:05:08.657139508 NNPACK.cpp:56] Could not initialize NNPACK! Reason: Unsupported hardware.
[W910 12:05:09.233513701 NNPACK.cpp:56] Could not initialize NNPACK! Reason: Unsupported hardware.
[W910 12:05:09.234720864 NNPACK.cpp:56] Could not initialize NNPACK! Reason: Unsupported hardware.
[W910 12:05:09.235717302 NNPACK.cpp:56] Could not initialize NNPACK! Reason: Unsupported hardware.
[W910 12:05:09.236655424 NNPACK.cpp:56] Could not initialize NNPACK! Reason: Unsupported hardware.
[W910 12:05:09.237736875 NNPACK.cpp:56] Could not initialize NNPACK! Reason: Unsupported hardware.
[W910 12:05:09.238775132 NNPACK.cpp:56] Could not initialize NNPACK! Reason: Unsupported hardware.
[W910 12:05:09.239800973 NNPACK.cpp:56] Could not initialize NNPACK! Reason: Unsupported hardware.
[W910 12:05:09.241174077 NNPACK.cpp:56] Could not initialize NNPACK! Reason: Unsupported hardware.
[W910 12:05:09.686480207 NNPACK.cpp:56] Could not initialize NNPACK! Reason: Unsupported hardware.
[W910 12:05:09.687218327 NNPACK.cpp:56] Could not initialize NNPACK! Reason: Unsupported hardware.
[W910 12:05:09.687702555 NNPACK.cpp:56] Could not initialize NNPACK! Reason: Unsupported hardware.
[W910 12:05:09.688207491 NNPACK.cpp:56] Could not initialize NNPACK! Reason: Unsupported hardware.
[W910 12:05:09.688759524 NNPACK.cpp:56] Could not initialize NNPACK! Reason: Unsupported hardware.
[W910 12:05:09.689369642 NNPACK.cpp:56] Could not initialize NNPACK! Reason: Unsupported hardware.
[W910 12:05:09.689913106 NNPACK.cpp:56] Could not initialize NNPACK! Reason: Unsupported hardware.
[W910 12:05:09.690798115 NNPACK.cpp:56] Could not initialize NNPACK! Reason: Unsupported hardware.
[W910 12:05:10.051689716 NNPACK.cpp:56] Could not initialize NNPACK! Reason: Unsupported hardware.
[W910 12:05:10.052272429 NNPACK.cpp:56] Could not initialize NNPACK! Reason: Unsupported hardware.
[W910 12:05:10.052606647 NNPACK.cpp:56] Could not initialize NNPACK! Reason: Unsupported hardware.
[W910 12:05:10.052934635 NNPACK.cpp:56] Could not initialize NNPACK! Reason: Unsupported hardware.
[W910 12:05:10.053309860 NNPACK.cpp:56] Could not initialize NNPACK! Reason: Unsupported hardware.
[W910 12:05:10.053674454 NNPACK.cpp:56] Could not initialize NNPACK! Reason: Unsupported hardware.
[W910 12:05:10.054040796 NNPACK.cpp:56] Could not initialize NNPACK! Reason: Unsupported hardware.
[W910 12:05:10.054743725 NNPACK.cpp:56] Could not initialize NNPACK! Reason: Unsupported hardware.
[W910 12:05:10.274252979 NNPACK.cpp:56] Could not initialize NNPACK! Reason: Unsupported hardware.
[W910 12:05:10.274633017 NNPACK.cpp:56] Could not initialize NNPACK! Reason: Unsupported hardware.
[W910 12:05:10.274769504 NNPACK.cpp:56] Could not initialize NNPACK! Reason: Unsupported hardware.
[W910 12:05:10.274899378 NNPACK.cpp:56] Could not initialize NNPACK! Reason: Unsupported hardware.
[W910 12:05:10.275088038 NNPACK.cpp:56] Could not initialize NNPACK! Reason: Unsupported hardware.
[W910 12:05:10.275226210 NNPACK.cpp:56] Could not initialize NNPACK! Reason: Unsupported hardware.
[W910 12:05:10.275358406 NNPACK.cpp:56] Could not initialize NNPACK! Reason: Unsupported hardware.
[W910 12:05:10.275832633 NNPACK.cpp:56] Could not initialize NNPACK! Reason: Unsupported hardware.
[W910 12:05:10.393984749 NNPACK.cpp:56] Could not initialize NNPACK! Reason: Unsupported hardware.
[W910 12:05:10.394371288 NNPACK.cpp:56] Could not initialize NNPACK! Reason: Unsupported hardware.
[W910 12:05:10.394514936 NNPACK.cpp:56] Could not initialize NNPACK! Reason: Unsupported hardware.
[W910 12:05:10.394650320 NNPACK.cpp:56] Could not initialize NNPACK! Reason: Unsupported hardware.
[W910 12:05:10.394796163 NNPACK.cpp:56] Could not initialize NNPACK! Reason: Unsupported hardware.
[W910 12:05:10.394924692 NNPACK.cpp:56] Could not initialize NNPACK! Reason: Unsupported hardware.
[W910 12:05:10.395059283 NNPACK.cpp:56] Could not initialize NNPACK! Reason: Unsupported hardware.
[W910 12:05:10.395515816 NNPACK.cpp:56] Could not initialize NNPACK! Reason: Unsupported hardware.
[W910 12:05:10.516186049 NNPACK.cpp:56] Could not initialize NNPACK! Reason: Unsupported hardware.
[W910 12:05:10.516590264 NNPACK.cpp:56] Could not initialize NNPACK! Reason: Unsupported hardware.
[W910 12:05:10.516750429 NNPACK.cpp:56] Could not initialize NNPACK! Reason: Unsupported hardware.
[W910 12:05:10.516907783 NNPACK.cpp:56] Could not initialize NNPACK! Reason: Unsupported hardware.
[W910 12:05:10.517089744 NNPACK.cpp:56] Could not initialize NNPACK! Reason: Unsupported hardware.
[W910 12:05:10.517252341 NNPACK.cpp:56] Could not initialize NNPACK! Reason: Unsupported hardware.
[W910 12:05:10.517408011 NNPACK.cpp:56] Could not initialize NNPACK! Reason: Unsupported hardware.
[W910 12:05:10.517890756 NNPACK.cpp:56] Could not initialize NNPACK! Reason: Unsupported hardware.
[W910 12:05:10.652660372 NNPACK.cpp:56] Could not initialize NNPACK! Reason: Unsupported hardware.
[W910 12:05:10.653080707 NNPACK.cpp:56] Could not initialize NNPACK! Reason: Unsupported hardware.
[W910 12:05:10.653249886 NNPACK.cpp:56] Could not initialize NNPACK! Reason: Unsupported hardware.
[W910 12:05:10.653414438 NNPACK.cpp:56] Could not initialize NNPACK! Reason: Unsupported hardware.
[W910 12:05:10.653577151 NNPACK.cpp:56] Could not initialize NNPACK! Reason: Unsupported hardware.
[W910 12:05:10.653737167 NNPACK.cpp:56] Could not initialize NNPACK! Reason: Unsupported hardware.
[W910 12:05:10.653905189 NNPACK.cpp:56] Could not initialize NNPACK! Reason: Unsupported hardware.
[W910 12:05:10.654480621 NNPACK.cpp:56] Could not initialize NNPACK! Reason: Unsupported hardware.
[W910 12:05:10.794483424 NNPACK.cpp:56] Could not initialize NNPACK! Reason: Unsupported hardware.
[W910 12:05:10.794907574 NNPACK.cpp:56] Could not initialize NNPACK! Reason: Unsupported hardware.
[W910 12:05:10.795102899 NNPACK.cpp:56] Could not initialize NNPACK! Reason: Unsupported hardware.
[W910 12:05:10.795287469 NNPACK.cpp:56] Could not initialize NNPACK! Reason: Unsupported hardware.
[W910 12:05:10.795484731 NNPACK.cpp:56] Could not initialize NNPACK! Reason: Unsupported hardware.
[W910 12:05:10.795680079 NNPACK.cpp:56] Could not initialize NNPACK! Reason: Unsupported hardware.
[W910 12:05:10.795858951 NNPACK.cpp:56] Could not initialize NNPACK! Reason: Unsupported hardware.
[W910 12:05:10.796367838 NNPACK.cpp:56] Could not initialize NNPACK! Reason: Unsupported hardware.
[W910 12:05:11.023408903 NNPACK.cpp:56] Could not initialize NNPACK! Reason: Unsupported hardware.
[W910 12:05:11.024299659 NNPACK.cpp:56] Could not initialize NNPACK! Reason: Unsupported hardware.
[W910 12:05:11.024920629 NNPACK.cpp:56] Could not initialize NNPACK! Reason: Unsupported hardware.
[W910 12:05:11.025604324 NNPACK.cpp:56] Could not initialize NNPACK! Reason: Unsupported hardware.
[W910 12:05:11.026317652 NNPACK.cpp:56] Could not initialize NNPACK! Reason: Unsupported hardware.
[W910 12:05:11.027035953 NNPACK.cpp:56] Could not initialize NNPACK! Reason: Unsupported hardware.
[W910 12:05:11.027713475 NNPACK.cpp:56] Could not initialize NNPACK! Reason: Unsupported hardware.
[W910 12:05:11.028744148 NNPACK.cpp:56] Could not initialize NNPACK! Reason: Unsupported hardware.
[W910 12:05:11.574452889 NNPACK.cpp:56] Could not initialize NNPACK! Reason: Unsupported hardware.
[W910 12:05:11.575677619 NNPACK.cpp:56] Could not initialize NNPACK! Reason: Unsupported hardware.
[W910 12:05:11.576636299 NNPACK.cpp:56] Could not initialize NNPACK! Reason: Unsupported hardware.
[W910 12:05:11.577603315 NNPACK.cpp:56] Could not initialize NNPACK! Reason: Unsupported hardware.
[W910 12:05:11.578643930 NNPACK.cpp:56] Could not initialize NNPACK! Reason: Unsupported hardware.
[W910 12:05:11.579676457 NNPACK.cpp:56] Could not initialize NNPACK! Reason: Unsupported hardware.
[W910 12:05:11.580713126 NNPACK.cpp:56] Could not initialize NNPACK! Reason: Unsupported hardware.
[W910 12:05:11.582077394 NNPACK.cpp:56] Could not initialize NNPACK! Reason: Unsupported hardware.
[W910 12:05:12.024988359 NNPACK.cpp:56] Could not initialize NNPACK! Reason: Unsupported hardware.
[W910 12:05:12.025778286 NNPACK.cpp:56] Could not initialize NNPACK! Reason: Unsupported hardware.
[W910 12:05:12.026328305 NNPACK.cpp:56] Could not initialize NNPACK! Reason: Unsupported hardware.
[W910 12:05:12.026848877 NNPACK.cpp:56] Could not initialize NNPACK! Reason: Unsupported hardware.
[W910 12:05:12.027526014 NNPACK.cpp:56] Could not initialize NNPACK! Reason: Unsupported hardware.
[W910 12:05:12.028139827 NNPACK.cpp:56] Could not initialize NNPACK! Reason: Unsupported hardware.
[W910 12:05:12.028729288 NNPACK.cpp:56] Could not initialize NNPACK! Reason: Unsupported hardware.
[W910 12:05:12.029678740 NNPACK.cpp:56] Could not initialize NNPACK! Reason: Unsupported hardware.
[W910 12:05:12.528486151 NNPACK.cpp:56] Could not initialize NNPACK! Reason: Unsupported hardware.
[W910 12:05:12.529702171 NNPACK.cpp:56] Could not initialize NNPACK! Reason: Unsupported hardware.
[W910 12:05:12.530648743 NNPACK.cpp:56] Could not initialize NNPACK! Reason: Unsupported hardware.
[W910 12:05:12.531591133 NNPACK.cpp:56] Could not initialize NNPACK! Reason: Unsupported hardware.
[W910 12:05:12.532594910 NNPACK.cpp:56] Could not initialize NNPACK! Reason: Unsupported hardware.
[W910 12:05:12.533592595 NNPACK.cpp:56] Could not initialize NNPACK! Reason: Unsupported hardware.
[W910 12:05:12.534605905 NNPACK.cpp:56] Could not initialize NNPACK! Reason: Unsupported hardware.
[W910 12:05:12.535926065 NNPACK.cpp:56] Could not initialize NNPACK! Reason: Unsupported hardware.
[W910 12:05:13.976704578 NNPACK.cpp:56] Could not initialize NNPACK! Reason: Unsupported hardware.
[W910 12:05:13.977435982 NNPACK.cpp:56] Could not initialize NNPACK! Reason: Unsupported hardware.
[W910 12:05:13.977920534 NNPACK.cpp:56] Could not initialize NNPACK! Reason: Unsupported hardware.
[W910 12:05:13.978405216 NNPACK.cpp:56] Could not initialize NNPACK! Reason: Unsupported hardware.
[W910 12:05:13.979010047 NNPACK.cpp:56] Could not initialize NNPACK! Reason: Unsupported hardware.
[W910 12:05:13.979582473 NNPACK.cpp:56] Could not initialize NNPACK! Reason: Unsupported hardware.
[W910 12:05:13.980136571 NNPACK.cpp:56] Could not initialize NNPACK! Reason: Unsupported hardware.
[W910 12:05:13.981032419 NNPACK.cpp:56] Could not initialize NNPACK! Reason: Unsupported hardware.
[W910 12:05:13.446797469 NNPACK.cpp:56] Could not initialize NNPACK! Reason: Unsupported hardware.
[W910 12:05:13.448046082 NNPACK.cpp:56] Could not initialize NNPACK! Reason: Unsupported hardware.
[W910 12:05:13.449022629 NNPACK.cpp:56] Could not initialize NNPACK! Reason: Unsupported hardware.
[W910 12:05:13.450061124 NNPACK.cpp:56] Could not initialize NNPACK! Reason: Unsupported hardware.
[W910 12:05:13.451295539 NNPACK.cpp:56] Could not initialize NNPACK! Reason: Unsupported hardware.
[W910 12:05:13.452793739 NNPACK.cpp:56] Could not initialize NNPACK! Reason: Unsupported hardware.
[W910 12:05:13.454075315 NNPACK.cpp:56] Could not initialize NNPACK! Reason: Unsupported hardware.
[W910 12:05:13.455556295 NNPACK.cpp:56] Could not initialize NNPACK! Reason: Unsupported hardware.
[W910 12:05:13.901108249 NNPACK.cpp:56] Could not initialize NNPACK! Reason: Unsupported hardware.
[W910 12:05:13.901527758 NNPACK.cpp:56] Could not initialize NNPACK! Reason: Unsupported hardware.
[W910 12:05:13.901703933 NNPACK.cpp:56] Could not initialize NNPACK! Reason: Unsupported hardware.
[W910 12:05:13.901875460 NNPACK.cpp:56] Could not initialize NNPACK! Reason: Unsupported hardware.
[W910 12:05:13.902080666 NNPACK.cpp:56] Could not initialize NNPACK! Reason: Unsupported hardware.
[W910 12:05:13.902290662 NNPACK.cpp:56] Could not initialize NNPACK! Reason: Unsupported hardware.
[W910 12:05:13.902473026 NNPACK.cpp:56] Could not initialize NNPACK! Reason: Unsupported hardware.
[W910 12:05:13.902991748 NNPACK.cpp:56] Could not initialize NNPACK! Reason: Unsupported hardware.
[W910 12:05:14.116563014 NNPACK.cpp:56] Could not initialize NNPACK! Reason: Unsupported hardware.
[W910 12:05:14.117342280 NNPACK.cpp:56] Could not initialize NNPACK! Reason: Unsupported hardware.
[W910 12:05:14.117859483 NNPACK.cpp:56] Could not initialize NNPACK! Reason: Unsupported hardware.
[W910 12:05:14.118384639 NNPACK.cpp:56] Could not initialize NNPACK! Reason: Unsupported hardware.
[W910 12:05:14.118969891 NNPACK.cpp:56] Could not initialize NNPACK! Reason: Unsupported hardware.
[W910 12:05:14.119548317 NNPACK.cpp:56] Could not initialize NNPACK! Reason: Unsupported hardware.
[W910 12:05:14.120137356 NNPACK.cpp:56] Could not initialize NNPACK! Reason: Unsupported hardware.
[W910 12:05:14.121135526 NNPACK.cpp:56] Could not initialize NNPACK! Reason: Unsupported hardware.
[W910 12:05:14.434794197 NNPACK.cpp:56] Could not initialize NNPACK! Reason: Unsupported hardware.
[W910 12:05:14.435279264 NNPACK.cpp:56] Could not initialize NNPACK! Reason: Unsupported hardware.
[W910 12:05:14.435499894 NNPACK.cpp:56] Could not initialize NNPACK! Reason: Unsupported hardware.
[W910 12:05:14.435711119 NNPACK.cpp:56] Could not initialize NNPACK! Reason: Unsupported hardware.
[W910 12:05:14.435934115 NNPACK.cpp:56] Could not initialize NNPACK! Reason: Unsupported hardware.
[W910 12:05:14.436151414 NNPACK.cpp:56] Could not initialize NNPACK! Reason: Unsupported hardware.
[W910 12:05:14.436361262 NNPACK.cpp:56] Could not initialize NNPACK! Reason: Unsupported hardware.
[W910 12:05:14.436883584 NNPACK.cpp:56] Could not initialize NNPACK! Reason: Unsupported hardware.
[W910 12:05:14.615559797 NNPACK.cpp:56] Could not initialize NNPACK! Reason: Unsupported hardware.
[W910 12:05:14.616070336 NNPACK.cpp:56] Could not initialize NNPACK! Reason: Unsupported hardware.
[W910 12:05:14.616322871 NNPACK.cpp:56] Could not initialize NNPACK! Reason: Unsupported hardware.
[W910 12:05:14.616556942 NNPACK.cpp:56] Could not initialize NNPACK! Reason: Unsupported hardware.
[W910 12:05:14.616814134 NNPACK.cpp:56] Could not initialize NNPACK! Reason: Unsupported hardware.
[W910 12:05:14.617112511 NNPACK.cpp:56] Could not initialize NNPACK! Reason: Unsupported hardware.
[W910 12:05:14.617370530 NNPACK.cpp:56] Could not initialize NNPACK! Reason: Unsupported hardware.
[W910 12:05:14.618041020 NNPACK.cpp:56] Could not initialize NNPACK! Reason: Unsupported hardware.
[W910 12:05:15.976235829 NNPACK.cpp:56] Could not initialize NNPACK! Reason: Unsupported hardware.
[W910 12:05:15.977455600 NNPACK.cpp:56] Could not initialize NNPACK! Reason: Unsupported hardware.
[W910 12:05:15.978415396 NNPACK.cpp:56] Could not initialize NNPACK! Reason: Unsupported hardware.
[W910 12:05:15.979355758 NNPACK.cpp:56] Could not initialize NNPACK! Reason: Unsupported hardware.
[W910 12:05:15.980409732 NNPACK.cpp:56] Could not initialize NNPACK! Reason: Unsupported hardware.
[W910 12:05:15.981444318 NNPACK.cpp:56] Could not initialize NNPACK! Reason: Unsupported hardware.
[W910 12:05:15.982455455 NNPACK.cpp:56] Could not initialize NNPACK! Reason: Unsupported hardware.
[W910 12:05:15.983806476 NNPACK.cpp:56] Could not initialize NNPACK! Reason: Unsupported hardware.
[W910 12:05:15.423704905 NNPACK.cpp:56] Could not initialize NNPACK! Reason: Unsupported hardware.
[W910 12:05:15.424585689 NNPACK.cpp:56] Could not initialize NNPACK! Reason: Unsupported hardware.
[W910 12:05:15.425160695 NNPACK.cpp:56] Could not initialize NNPACK! Reason: Unsupported hardware.
[W910 12:05:15.425672122 NNPACK.cpp:56] Could not initialize NNPACK! Reason: Unsupported hardware.
[W910 12:05:15.426263289 NNPACK.cpp:56] Could not initialize NNPACK! Reason: Unsupported hardware.
[W910 12:05:15.426895999 NNPACK.cpp:56] Could not initialize NNPACK! Reason: Unsupported hardware.
[W910 12:05:15.427483531 NNPACK.cpp:56] Could not initialize NNPACK! Reason: Unsupported hardware.
[W910 12:05:15.428389070 NNPACK.cpp:56] Could not initialize NNPACK! Reason: Unsupported hardware.
[W910 12:05:15.908804076 NNPACK.cpp:56] Could not initialize NNPACK! Reason: Unsupported hardware.
[W910 12:05:15.910023575 NNPACK.cpp:56] Could not initialize NNPACK! Reason: Unsupported hardware.
[W910 12:05:15.910964602 NNPACK.cpp:56] Could not initialize NNPACK! Reason: Unsupported hardware.
[W910 12:05:15.911899502 NNPACK.cpp:56] Could not initialize NNPACK! Reason: Unsupported hardware.
[W910 12:05:15.912993893 NNPACK.cpp:56] Could not initialize NNPACK! Reason: Unsupported hardware.
[W910 12:05:15.914050082 NNPACK.cpp:56] Could not initialize NNPACK! Reason: Unsupported hardware.
[W910 12:05:15.915145591 NNPACK.cpp:56] Could not initialize NNPACK! Reason: Unsupported hardware.
[W910 12:05:15.916463601 NNPACK.cpp:56] Could not initialize NNPACK! Reason: Unsupported hardware.
[W910 12:05:16.355434747 NNPACK.cpp:56] Could not initialize NNPACK! Reason: Unsupported hardware.
[W910 12:05:16.356015076 NNPACK.cpp:56] Could not initialize NNPACK! Reason: Unsupported hardware.
[W910 12:05:16.356355494 NNPACK.cpp:56] Could not initialize NNPACK! Reason: Unsupported hardware.
[W910 12:05:16.356688815 NNPACK.cpp:56] Could not initialize NNPACK! Reason: Unsupported hardware.
[W910 12:05:16.357078725 NNPACK.cpp:56] Could not initialize NNPACK! Reason: Unsupported hardware.
[W910 12:05:16.357453081 NNPACK.cpp:56] Could not initialize NNPACK! Reason: Unsupported hardware.
[W910 12:05:16.357826120 NNPACK.cpp:56] Could not initialize NNPACK! Reason: Unsupported hardware.
[W910 12:05:16.358555672 NNPACK.cpp:56] Could not initialize NNPACK! Reason: Unsupported hardware.
[W910 12:05:16.594635793 NNPACK.cpp:56] Could not initialize NNPACK! Reason: Unsupported hardware.
[W910 12:05:16.595076255 NNPACK.cpp:56] Could not initialize NNPACK! Reason: Unsupported hardware.
[W910 12:05:16.595246924 NNPACK.cpp:56] Could not initialize NNPACK! Reason: Unsupported hardware.
[W910 12:05:16.595407797 NNPACK.cpp:56] Could not initialize NNPACK! Reason: Unsupported hardware.
[W910 12:05:16.595578696 NNPACK.cpp:56] Could not initialize NNPACK! Reason: Unsupported hardware.
[W910 12:05:16.595744341 NNPACK.cpp:56] Could not initialize NNPACK! Reason: Unsupported hardware.
[W910 12:05:16.595908198 NNPACK.cpp:56] Could not initialize NNPACK! Reason: Unsupported hardware.
[W910 12:05:16.596429549 NNPACK.cpp:56] Could not initialize NNPACK! Reason: Unsupported hardware.
[W910 12:05:16.930049516 NNPACK.cpp:56] Could not initialize NNPACK! Reason: Unsupported hardware.
[W910 12:05:16.931255983 NNPACK.cpp:56] Could not initialize NNPACK! Reason: Unsupported hardware.
[W910 12:05:16.932211159 NNPACK.cpp:56] Could not initialize NNPACK! Reason: Unsupported hardware.
[W910 12:05:16.933160234 NNPACK.cpp:56] Could not initialize NNPACK! Reason: Unsupported hardware.
[W910 12:05:16.934244257 NNPACK.cpp:56] Could not initialize NNPACK! Reason: Unsupported hardware.
[W910 12:05:16.935252184 NNPACK.cpp:56] Could not initialize NNPACK! Reason: Unsupported hardware.
[W910 12:05:16.936252070 NNPACK.cpp:56] Could not initialize NNPACK! Reason: Unsupported hardware.
[W910 12:05:16.937572428 NNPACK.cpp:56] Could not initialize NNPACK! Reason: Unsupported hardware.
[W910 12:05:17.378853518 NNPACK.cpp:56] Could not initialize NNPACK! Reason: Unsupported hardware.
[W910 12:05:17.379600061 NNPACK.cpp:56] Could not initialize NNPACK! Reason: Unsupported hardware.
[W910 12:05:17.380106749 NNPACK.cpp:56] Could not initialize NNPACK! Reason: Unsupported hardware.
[W910 12:05:17.380597611 NNPACK.cpp:56] Could not initialize NNPACK! Reason: Unsupported hardware.
[W910 12:05:17.381186272 NNPACK.cpp:56] Could not initialize NNPACK! Reason: Unsupported hardware.
[W910 12:05:17.381727817 NNPACK.cpp:56] Could not initialize NNPACK! Reason: Unsupported hardware.
[W910 12:05:17.382348975 NNPACK.cpp:56] Could not initialize NNPACK! Reason: Unsupported hardware.
[W910 12:05:17.383239833 NNPACK.cpp:56] Could not initialize NNPACK! Reason: Unsupported hardware.
[W910 12:05:17.882505795 NNPACK.cpp:56] Could not initialize NNPACK! Reason: Unsupported hardware.
[W910 12:05:17.883725404 NNPACK.cpp:56] Could not initialize NNPACK! Reason: Unsupported hardware.
[W910 12:05:17.884691102 NNPACK.cpp:56] Could not initialize NNPACK! Reason: Unsupported hardware.
[W910 12:05:17.885638628 NNPACK.cpp:56] Could not initialize NNPACK! Reason: Unsupported hardware.
[W910 12:05:17.886648844 NNPACK.cpp:56] Could not initialize NNPACK! Reason: Unsupported hardware.
[W910 12:05:17.887677402 NNPACK.cpp:56] Could not initialize NNPACK! Reason: Unsupported hardware.
[W910 12:05:17.888684782 NNPACK.cpp:56] Could not initialize NNPACK! Reason: Unsupported hardware.
[W910 12:05:17.890027163 NNPACK.cpp:56] Could not initialize NNPACK! Reason: Unsupported hardware.
[W910 12:05:18.332349603 NNPACK.cpp:56] Could not initialize NNPACK! Reason: Unsupported hardware.
[W910 12:05:18.333101782 NNPACK.cpp:56] Could not initialize NNPACK! Reason: Unsupported hardware.
[W910 12:05:18.333592534 NNPACK.cpp:56] Could not initialize NNPACK! Reason: Unsupported hardware.
[W910 12:05:18.334085919 NNPACK.cpp:56] Could not initialize NNPACK! Reason: Unsupported hardware.
[W910 12:05:18.334641180 NNPACK.cpp:56] Could not initialize NNPACK! Reason: Unsupported hardware.
[W910 12:05:18.335194199 NNPACK.cpp:56] Could not initialize NNPACK! Reason: Unsupported hardware.
[W910 12:05:18.335744116 NNPACK.cpp:56] Could not initialize NNPACK! Reason: Unsupported hardware.
[W910 12:05:18.336616854 NNPACK.cpp:56] Could not initialize NNPACK! Reason: Unsupported hardware.
[W910 12:05:18.793770727 NNPACK.cpp:56] Could not initialize NNPACK! Reason: Unsupported hardware.
[W910 12:05:18.794981542 NNPACK.cpp:56] Could not initialize NNPACK! Reason: Unsupported hardware.
[W910 12:05:18.795918830 NNPACK.cpp:56] Could not initialize NNPACK! Reason: Unsupported hardware.
[W910 12:05:18.796835588 NNPACK.cpp:56] Could not initialize NNPACK! Reason: Unsupported hardware.
[W910 12:05:18.797871721 NNPACK.cpp:56] Could not initialize NNPACK! Reason: Unsupported hardware.
[W910 12:05:18.798866032 NNPACK.cpp:56] Could not initialize NNPACK! Reason: Unsupported hardware.
[W910 12:05:18.799896904 NNPACK.cpp:56] Could not initialize NNPACK! Reason: Unsupported hardware.
[W910 12:05:18.801251629 NNPACK.cpp:56] Could not initialize NNPACK! Reason: Unsupported hardware.
[W910 12:05:19.242006485 NNPACK.cpp:56] Could not initialize NNPACK! Reason: Unsupported hardware.
[W910 12:05:19.242442847 NNPACK.cpp:56] Could not initialize NNPACK! Reason: Unsupported hardware.
[W910 12:05:19.242614949 NNPACK.cpp:56] Could not initialize NNPACK! Reason: Unsupported hardware.
[W910 12:05:19.242782389 NNPACK.cpp:56] Could not initialize NNPACK! Reason: Unsupported hardware.
[W910 12:05:19.242965684 NNPACK.cpp:56] Could not initialize NNPACK! Reason: Unsupported hardware.
[W910 12:05:19.243153829 NNPACK.cpp:56] Could not initialize NNPACK! Reason: Unsupported hardware.
[W910 12:05:19.247484441 NNPACK.cpp:56] Could not initialize NNPACK! Reason: Unsupported hardware.
[W910 12:05:19.248049520 NNPACK.cpp:56] Could not initialize NNPACK! Reason: Unsupported hardware.
[W910 12:05:19.580305596 NNPACK.cpp:56] Could not initialize NNPACK! Reason: Unsupported hardware.
[W910 12:05:19.581522661 NNPACK.cpp:56] Could not initialize NNPACK! Reason: Unsupported hardware.
[W910 12:05:19.582489676 NNPACK.cpp:56] Could not initialize NNPACK! Reason: Unsupported hardware.
[W910 12:05:19.583448650 NNPACK.cpp:56] Could not initialize NNPACK! Reason: Unsupported hardware.
[W910 12:05:19.584451566 NNPACK.cpp:56] Could not initialize NNPACK! Reason: Unsupported hardware.
[W910 12:05:19.585444553 NNPACK.cpp:56] Could not initialize NNPACK! Reason: Unsupported hardware.
[W910 12:05:19.586437619 NNPACK.cpp:56] Could not initialize NNPACK! Reason: Unsupported hardware.
[W910 12:05:19.587767217 NNPACK.cpp:56] Could not initialize NNPACK! Reason: Unsupported hardware.
[W910 12:05:20.030176662 NNPACK.cpp:56] Could not initialize NNPACK! Reason: Unsupported hardware.
[W910 12:05:20.030933737 NNPACK.cpp:56] Could not initialize NNPACK! Reason: Unsupported hardware.
[W910 12:05:20.031465581 NNPACK.cpp:56] Could not initialize NNPACK! Reason: Unsupported hardware.
[W910 12:05:20.031969802 NNPACK.cpp:56] Could not initialize NNPACK! Reason: Unsupported hardware.
[W910 12:05:20.032572367 NNPACK.cpp:56] Could not initialize NNPACK! Reason: Unsupported hardware.
[W910 12:05:20.033171922 NNPACK.cpp:56] Could not initialize NNPACK! Reason: Unsupported hardware.
[W910 12:05:20.033733168 NNPACK.cpp:56] Could not initialize NNPACK! Reason: Unsupported hardware.
[W910 12:05:20.034670829 NNPACK.cpp:56] Could not initialize NNPACK! Reason: Unsupported hardware.
[W910 12:05:20.371919920 NNPACK.cpp:56] Could not initialize NNPACK! Reason: Unsupported hardware.
[W910 12:05:20.372422531 NNPACK.cpp:56] Could not initialize NNPACK! Reason: Unsupported hardware.
[W910 12:05:20.372670635 NNPACK.cpp:56] Could not initialize NNPACK! Reason: Unsupported hardware.
[W910 12:05:20.372909407 NNPACK.cpp:56] Could not initialize NNPACK! Reason: Unsupported hardware.
[W910 12:05:20.373168541 NNPACK.cpp:56] Could not initialize NNPACK! Reason: Unsupported hardware.
[W910 12:05:20.373416465 NNPACK.cpp:56] Could not initialize NNPACK! Reason: Unsupported hardware.
[W910 12:05:20.373662668 NNPACK.cpp:56] Could not initialize NNPACK! Reason: Unsupported hardware.
[W910 12:05:20.374261845 NNPACK.cpp:56] Could not initialize NNPACK! Reason: Unsupported hardware.
[W910 12:05:20.735410164 NNPACK.cpp:56] Could not initialize NNPACK! Reason: Unsupported hardware.
[W910 12:05:20.737070833 NNPACK.cpp:56] Could not initialize NNPACK! Reason: Unsupported hardware.
[W910 12:05:20.738456822 NNPACK.cpp:56] Could not initialize NNPACK! Reason: Unsupported hardware.
[W910 12:05:20.739811635 NNPACK.cpp:56] Could not initialize NNPACK! Reason: Unsupported hardware.
[W910 12:05:20.741364351 NNPACK.cpp:56] Could not initialize NNPACK! Reason: Unsupported hardware.
[W910 12:05:20.742853107 NNPACK.cpp:56] Could not initialize NNPACK! Reason: Unsupported hardware.
[W910 12:05:20.744341574 NNPACK.cpp:56] Could not initialize NNPACK! Reason: Unsupported hardware.
[W910 12:05:20.746297809 NNPACK.cpp:56] Could not initialize NNPACK! Reason: Unsupported hardware.
[W910 12:05:21.185875839 NNPACK.cpp:56] Could not initialize NNPACK! Reason: Unsupported hardware.
[W910 12:05:21.186710322 NNPACK.cpp:56] Could not initialize NNPACK! Reason: Unsupported hardware.
[W910 12:05:21.187254190 NNPACK.cpp:56] Could not initialize NNPACK! Reason: Unsupported hardware.
[W910 12:05:21.187772461 NNPACK.cpp:56] Could not initialize NNPACK! Reason: Unsupported hardware.
[W910 12:05:21.188357433 NNPACK.cpp:56] Could not initialize NNPACK! Reason: Unsupported hardware.
[W910 12:05:21.188927958 NNPACK.cpp:56] Could not initialize NNPACK! Reason: Unsupported hardware.
[W910 12:05:21.189526277 NNPACK.cpp:56] Could not initialize NNPACK! Reason: Unsupported hardware.
[W910 12:05:21.190477145 NNPACK.cpp:56] Could not initialize NNPACK! Reason: Unsupported hardware.
[W910 12:05:21.577080110 NNPACK.cpp:56] Could not initialize NNPACK! Reason: Unsupported hardware.
[W910 12:05:21.577930944 NNPACK.cpp:56] Could not initialize NNPACK! Reason: Unsupported hardware.
[W910 12:05:21.578528290 NNPACK.cpp:56] Could not initialize NNPACK! Reason: Unsupported hardware.
[W910 12:05:21.579128957 NNPACK.cpp:56] Could not initialize NNPACK! Reason: Unsupported hardware.
[W910 12:05:21.579799476 NNPACK.cpp:56] Could not initialize NNPACK! Reason: Unsupported hardware.
[W910 12:05:21.580469547 NNPACK.cpp:56] Could not initialize NNPACK! Reason: Unsupported hardware.
[W910 12:05:21.581148738 NNPACK.cpp:56] Could not initialize NNPACK! Reason: Unsupported hardware.
[W910 12:05:21.582179902 NNPACK.cpp:56] Could not initialize NNPACK! Reason: Unsupported hardware.
[W910 12:05:22.975088722 NNPACK.cpp:56] Could not initialize NNPACK! Reason: Unsupported hardware.
[W910 12:05:22.975780153 NNPACK.cpp:56] Could not initialize NNPACK! Reason: Unsupported hardware.
[W910 12:05:22.976247634 NNPACK.cpp:56] Could not initialize NNPACK! Reason: Unsupported hardware.
[W910 12:05:22.976682040 NNPACK.cpp:56] Could not initialize NNPACK! Reason: Unsupported hardware.
[W910 12:05:22.977178160 NNPACK.cpp:56] Could not initialize NNPACK! Reason: Unsupported hardware.
[W910 12:05:22.977665409 NNPACK.cpp:56] Could not initialize NNPACK! Reason: Unsupported hardware.
[W910 12:05:22.978159198 NNPACK.cpp:56] Could not initialize NNPACK! Reason: Unsupported hardware.
[W910 12:05:22.978976935 NNPACK.cpp:56] Could not initialize NNPACK! Reason: Unsupported hardware.
[W910 12:05:22.452663178 NNPACK.cpp:56] Could not initialize NNPACK! Reason: Unsupported hardware.
[W910 12:05:22.453879179 NNPACK.cpp:56] Could not initialize NNPACK! Reason: Unsupported hardware.
[W910 12:05:22.454829179 NNPACK.cpp:56] Could not initialize NNPACK! Reason: Unsupported hardware.
[W910 12:05:22.455761194 NNPACK.cpp:56] Could not initialize NNPACK! Reason: Unsupported hardware.
[W910 12:05:22.456759912 NNPACK.cpp:56] Could not initialize NNPACK! Reason: Unsupported hardware.
[W910 12:05:22.457817078 NNPACK.cpp:56] Could not initialize NNPACK! Reason: Unsupported hardware.
[W910 12:05:22.458830760 NNPACK.cpp:56] Could not initialize NNPACK! Reason: Unsupported hardware.
[W910 12:05:22.460156781 NNPACK.cpp:56] Could not initialize NNPACK! Reason: Unsupported hardware.
[W910 12:05:22.904305441 NNPACK.cpp:56] Could not initialize NNPACK! Reason: Unsupported hardware.
[W910 12:05:22.905035881 NNPACK.cpp:56] Could not initialize NNPACK! Reason: Unsupported hardware.
[W910 12:05:22.905518441 NNPACK.cpp:56] Could not initialize NNPACK! Reason: Unsupported hardware.
[W910 12:05:22.905998846 NNPACK.cpp:56] Could not initialize NNPACK! Reason: Unsupported hardware.
[W910 12:05:22.906550004 NNPACK.cpp:56] Could not initialize NNPACK! Reason: Unsupported hardware.
[W910 12:05:22.907097011 NNPACK.cpp:56] Could not initialize NNPACK! Reason: Unsupported hardware.
[W910 12:05:22.907649619 NNPACK.cpp:56] Could not initialize NNPACK! Reason: Unsupported hardware.
[W910 12:05:22.908661435 NNPACK.cpp:56] Could not initialize NNPACK! Reason: Unsupported hardware.
[W910 12:05:23.229279308 NNPACK.cpp:56] Could not initialize NNPACK! Reason: Unsupported hardware.
[W910 12:05:23.229695176 NNPACK.cpp:56] Could not initialize NNPACK! Reason: Unsupported hardware.
[W910 12:05:23.229861367 NNPACK.cpp:56] Could not initialize NNPACK! Reason: Unsupported hardware.
[W910 12:05:23.230039507 NNPACK.cpp:56] Could not initialize NNPACK! Reason: Unsupported hardware.
[W910 12:05:23.230216712 NNPACK.cpp:56] Could not initialize NNPACK! Reason: Unsupported hardware.
[W910 12:05:23.230385092 NNPACK.cpp:56] Could not initialize NNPACK! Reason: Unsupported hardware.
[W910 12:05:23.230550483 NNPACK.cpp:56] Could not initialize NNPACK! Reason: Unsupported hardware.
[W910 12:05:23.231068482 NNPACK.cpp:56] Could not initialize NNPACK! Reason: Unsupported hardware.
[W910 12:05:23.406244871 NNPACK.cpp:56] Could not initialize NNPACK! Reason: Unsupported hardware.
[W910 12:05:23.406829143 NNPACK.cpp:56] Could not initialize NNPACK! Reason: Unsupported hardware.
[W910 12:05:23.407185167 NNPACK.cpp:56] Could not initialize NNPACK! Reason: Unsupported hardware.
[W910 12:05:23.407523240 NNPACK.cpp:56] Could not initialize NNPACK! Reason: Unsupported hardware.
[W910 12:05:23.407904026 NNPACK.cpp:56] Could not initialize NNPACK! Reason: Unsupported hardware.
[W910 12:05:23.408263483 NNPACK.cpp:56] Could not initialize NNPACK! Reason: Unsupported hardware.
[W910 12:05:23.408618075 NNPACK.cpp:56] Could not initialize NNPACK! Reason: Unsupported hardware.
[W910 12:05:23.409292472 NNPACK.cpp:56] Could not initialize NNPACK! Reason: Unsupported hardware.
[W910 12:05:23.751479169 NNPACK.cpp:56] Could not initialize NNPACK! Reason: Unsupported hardware.
[W910 12:05:23.752568059 NNPACK.cpp:56] Could not initialize NNPACK! Reason: Unsupported hardware.
[W910 12:05:23.753397674 NNPACK.cpp:56] Could not initialize NNPACK! Reason: Unsupported hardware.
[W910 12:05:23.754225370 NNPACK.cpp:56] Could not initialize NNPACK! Reason: Unsupported hardware.
[W910 12:05:23.755156318 NNPACK.cpp:56] Could not initialize NNPACK! Reason: Unsupported hardware.
[W910 12:05:23.756045325 NNPACK.cpp:56] Could not initialize NNPACK! Reason: Unsupported hardware.
[W910 12:05:23.757059118 NNPACK.cpp:56] Could not initialize NNPACK! Reason: Unsupported hardware.
[W910 12:05:23.758389776 NNPACK.cpp:56] Could not initialize NNPACK! Reason: Unsupported hardware.
[W910 12:05:24.272290676 NNPACK.cpp:56] Could not initialize NNPACK! Reason: Unsupported hardware.
[W910 12:05:24.272872931 NNPACK.cpp:56] Could not initialize NNPACK! Reason: Unsupported hardware.
[W910 12:05:24.273212618 NNPACK.cpp:56] Could not initialize NNPACK! Reason: Unsupported hardware.
[W910 12:05:24.277865957 NNPACK.cpp:56] Could not initialize NNPACK! Reason: Unsupported hardware.
[W910 12:05:24.278295748 NNPACK.cpp:56] Could not initialize NNPACK! Reason: Unsupported hardware.
[W910 12:05:24.278653024 NNPACK.cpp:56] Could not initialize NNPACK! Reason: Unsupported hardware.
[W910 12:05:24.279045115 NNPACK.cpp:56] Could not initialize NNPACK! Reason: Unsupported hardware.
[W910 12:05:24.279725731 NNPACK.cpp:56] Could not initialize NNPACK! Reason: Unsupported hardware.
[W910 12:05:24.494120174 NNPACK.cpp:56] Could not initialize NNPACK! Reason: Unsupported hardware.
[W910 12:05:24.494500741 NNPACK.cpp:56] Could not initialize NNPACK! Reason: Unsupported hardware.
[W910 12:05:24.494639743 NNPACK.cpp:56] Could not initialize NNPACK! Reason: Unsupported hardware.
[W910 12:05:24.494772010 NNPACK.cpp:56] Could not initialize NNPACK! Reason: Unsupported hardware.
[W910 12:05:24.494913059 NNPACK.cpp:56] Could not initialize NNPACK! Reason: Unsupported hardware.
[W910 12:05:24.495060455 NNPACK.cpp:56] Could not initialize NNPACK! Reason: Unsupported hardware.
[W910 12:05:24.495198949 NNPACK.cpp:56] Could not initialize NNPACK! Reason: Unsupported hardware.
[W910 12:05:24.495674900 NNPACK.cpp:56] Could not initialize NNPACK! Reason: Unsupported hardware.
[W910 12:05:24.609951189 NNPACK.cpp:56] Could not initialize NNPACK! Reason: Unsupported hardware.
[W910 12:05:24.610332961 NNPACK.cpp:56] Could not initialize NNPACK! Reason: Unsupported hardware.
[W910 12:05:24.610479257 NNPACK.cpp:56] Could not initialize NNPACK! Reason: Unsupported hardware.
[W910 12:05:24.610607463 NNPACK.cpp:56] Could not initialize NNPACK! Reason: Unsupported hardware.
[W910 12:05:24.610741833 NNPACK.cpp:56] Could not initialize NNPACK! Reason: Unsupported hardware.
[W910 12:05:24.610871072 NNPACK.cpp:56] Could not initialize NNPACK! Reason: Unsupported hardware.
[W910 12:05:24.610999088 NNPACK.cpp:56] Could not initialize NNPACK! Reason: Unsupported hardware.
[W910 12:05:24.611470584 NNPACK.cpp:56] Could not initialize NNPACK! Reason: Unsupported hardware.
[W910 12:05:25.487411029 NNPACK.cpp:56] Could not initialize NNPACK! Reason: Unsupported hardware.
[W910 12:05:25.488632192 NNPACK.cpp:56] Could not initialize NNPACK! Reason: Unsupported hardware.
[W910 12:05:25.489596439 NNPACK.cpp:56] Could not initialize NNPACK! Reason: Unsupported hardware.
[W910 12:05:25.490527105 NNPACK.cpp:56] Could not initialize NNPACK! Reason: Unsupported hardware.
[W910 12:05:25.491594302 NNPACK.cpp:56] Could not initialize NNPACK! Reason: Unsupported hardware.
[W910 12:05:25.492585768 NNPACK.cpp:56] Could not initialize NNPACK! Reason: Unsupported hardware.
[W910 12:05:25.493581127 NNPACK.cpp:56] Could not initialize NNPACK! Reason: Unsupported hardware.
[W910 12:05:25.494927416 NNPACK.cpp:56] Could not initialize NNPACK! Reason: Unsupported hardware.
[W910 12:05:25.937051655 NNPACK.cpp:56] Could not initialize NNPACK! Reason: Unsupported hardware.
[W910 12:05:25.937776867 NNPACK.cpp:56] Could not initialize NNPACK! Reason: Unsupported hardware.
[W910 12:05:25.938266542 NNPACK.cpp:56] Could not initialize NNPACK! Reason: Unsupported hardware.
[W910 12:05:25.938746790 NNPACK.cpp:56] Could not initialize NNPACK! Reason: Unsupported hardware.
[W910 12:05:25.939300521 NNPACK.cpp:56] Could not initialize NNPACK! Reason: Unsupported hardware.
[W910 12:05:25.939843038 NNPACK.cpp:56] Could not initialize NNPACK! Reason: Unsupported hardware.
[W910 12:05:25.940392902 NNPACK.cpp:56] Could not initialize NNPACK! Reason: Unsupported hardware.
[W910 12:05:25.941294967 NNPACK.cpp:56] Could not initialize NNPACK! Reason: Unsupported hardware.
[W910 12:05:26.445599887 NNPACK.cpp:56] Could not initialize NNPACK! Reason: Unsupported hardware.
[W910 12:05:26.446830095 NNPACK.cpp:56] Could not initialize NNPACK! Reason: Unsupported hardware.
[W910 12:05:26.448147649 NNPACK.cpp:56] Could not initialize NNPACK! Reason: Unsupported hardware.
[W910 12:05:26.449206377 NNPACK.cpp:56] Could not initialize NNPACK! Reason: Unsupported hardware.
[W910 12:05:26.450299030 NNPACK.cpp:56] Could not initialize NNPACK! Reason: Unsupported hardware.
[W910 12:05:26.451397740 NNPACK.cpp:56] Could not initialize NNPACK! Reason: Unsupported hardware.
[W910 12:05:26.452489805 NNPACK.cpp:56] Could not initialize NNPACK! Reason: Unsupported hardware.
[W910 12:05:26.453915467 NNPACK.cpp:56] Could not initialize NNPACK! Reason: Unsupported hardware.
[W910 12:05:26.894802536 NNPACK.cpp:56] Could not initialize NNPACK! Reason: Unsupported hardware.
[W910 12:05:26.895538098 NNPACK.cpp:56] Could not initialize NNPACK! Reason: Unsupported hardware.
[W910 12:05:26.896027784 NNPACK.cpp:56] Could not initialize NNPACK! Reason: Unsupported hardware.
[W910 12:05:26.896506381 NNPACK.cpp:56] Could not initialize NNPACK! Reason: Unsupported hardware.
[W910 12:05:26.897063125 NNPACK.cpp:56] Could not initialize NNPACK! Reason: Unsupported hardware.
[W910 12:05:26.897606121 NNPACK.cpp:56] Could not initialize NNPACK! Reason: Unsupported hardware.
[W910 12:05:26.898178366 NNPACK.cpp:56] Could not initialize NNPACK! Reason: Unsupported hardware.
[W910 12:05:26.899045875 NNPACK.cpp:56] Could not initialize NNPACK! Reason: Unsupported hardware.
[W910 12:05:27.396089521 NNPACK.cpp:56] Could not initialize NNPACK! Reason: Unsupported hardware.
[W910 12:05:27.397311759 NNPACK.cpp:56] Could not initialize NNPACK! Reason: Unsupported hardware.
[W910 12:05:27.398277754 NNPACK.cpp:56] Could not initialize NNPACK! Reason: Unsupported hardware.
[W910 12:05:27.399332258 NNPACK.cpp:56] Could not initialize NNPACK! Reason: Unsupported hardware.
[W910 12:05:27.400392122 NNPACK.cpp:56] Could not initialize NNPACK! Reason: Unsupported hardware.
[W910 12:05:27.401479661 NNPACK.cpp:56] Could not initialize NNPACK! Reason: Unsupported hardware.
[W910 12:05:27.402544834 NNPACK.cpp:56] Could not initialize NNPACK! Reason: Unsupported hardware.
[W910 12:05:27.403908934 NNPACK.cpp:56] Could not initialize NNPACK! Reason: Unsupported hardware.
[W910 12:05:27.846688316 NNPACK.cpp:56] Could not initialize NNPACK! Reason: Unsupported hardware.
[W910 12:05:27.847421071 NNPACK.cpp:56] Could not initialize NNPACK! Reason: Unsupported hardware.
[W910 12:05:27.847909168 NNPACK.cpp:56] Could not initialize NNPACK! Reason: Unsupported hardware.
[W910 12:05:27.848408014 NNPACK.cpp:56] Could not initialize NNPACK! Reason: Unsupported hardware.
[W910 12:05:27.848954211 NNPACK.cpp:56] Could not initialize NNPACK! Reason: Unsupported hardware.
[W910 12:05:27.849498905 NNPACK.cpp:56] Could not initialize NNPACK! Reason: Unsupported hardware.
[W910 12:05:27.850047468 NNPACK.cpp:56] Could not initialize NNPACK! Reason: Unsupported hardware.
[W910 12:05:27.850934970 NNPACK.cpp:56] Could not initialize NNPACK! Reason: Unsupported hardware.
[W910 12:05:28.352279282 NNPACK.cpp:56] Could not initialize NNPACK! Reason: Unsupported hardware.
[W910 12:05:28.353494474 NNPACK.cpp:56] Could not initialize NNPACK! Reason: Unsupported hardware.
[W910 12:05:28.354444993 NNPACK.cpp:56] Could not initialize NNPACK! Reason: Unsupported hardware.
[W910 12:05:28.355385820 NNPACK.cpp:56] Could not initialize NNPACK! Reason: Unsupported hardware.
[W910 12:05:28.356475047 NNPACK.cpp:56] Could not initialize NNPACK! Reason: Unsupported hardware.
[W910 12:05:28.357507912 NNPACK.cpp:56] Could not initialize NNPACK! Reason: Unsupported hardware.
[W910 12:05:28.358507951 NNPACK.cpp:56] Could not initialize NNPACK! Reason: Unsupported hardware.
[W910 12:05:28.359887010 NNPACK.cpp:56] Could not initialize NNPACK! Reason: Unsupported hardware.
[W910 12:05:28.800617425 NNPACK.cpp:56] Could not initialize NNPACK! Reason: Unsupported hardware.
[W910 12:05:28.801399792 NNPACK.cpp:56] Could not initialize NNPACK! Reason: Unsupported hardware.
[W910 12:05:28.801915124 NNPACK.cpp:56] Could not initialize NNPACK! Reason: Unsupported hardware.
[W910 12:05:28.802536014 NNPACK.cpp:56] Could not initialize NNPACK! Reason: Unsupported hardware.
[W910 12:05:28.803424557 NNPACK.cpp:56] Could not initialize NNPACK! Reason: Unsupported hardware.
[W910 12:05:28.804282381 NNPACK.cpp:56] Could not initialize NNPACK! Reason: Unsupported hardware.
[W910 12:05:28.804864210 NNPACK.cpp:56] Could not initialize NNPACK! Reason: Unsupported hardware.
[W910 12:05:28.805787480 NNPACK.cpp:56] Could not initialize NNPACK! Reason: Unsupported hardware.
[W910 12:05:29.307083969 NNPACK.cpp:56] Could not initialize NNPACK! Reason: Unsupported hardware.
[W910 12:05:29.308312467 NNPACK.cpp:56] Could not initialize NNPACK! Reason: Unsupported hardware.
[W910 12:05:29.313322878 NNPACK.cpp:56] Could not initialize NNPACK! Reason: Unsupported hardware.
[W910 12:05:29.314230210 NNPACK.cpp:56] Could not initialize NNPACK! Reason: Unsupported hardware.
[W910 12:05:29.315267389 NNPACK.cpp:56] Could not initialize NNPACK! Reason: Unsupported hardware.
[W910 12:05:29.316300778 NNPACK.cpp:56] Could not initialize NNPACK! Reason: Unsupported hardware.
[W910 12:05:29.317328161 NNPACK.cpp:56] Could not initialize NNPACK! Reason: Unsupported hardware.
[W910 12:05:29.318661850 NNPACK.cpp:56] Could not initialize NNPACK! Reason: Unsupported hardware.
[W910 12:05:29.760019084 NNPACK.cpp:56] Could not initialize NNPACK! Reason: Unsupported hardware.
[W910 12:05:29.760750529 NNPACK.cpp:56] Could not initialize NNPACK! Reason: Unsupported hardware.
[W910 12:05:29.761245961 NNPACK.cpp:56] Could not initialize NNPACK! Reason: Unsupported hardware.
[W910 12:05:29.761790219 NNPACK.cpp:56] Could not initialize NNPACK! Reason: Unsupported hardware.
[W910 12:05:29.762365443 NNPACK.cpp:56] Could not initialize NNPACK! Reason: Unsupported hardware.
[W910 12:05:29.762911059 NNPACK.cpp:56] Could not initialize NNPACK! Reason: Unsupported hardware.
[W910 12:05:29.763548236 NNPACK.cpp:56] Could not initialize NNPACK! Reason: Unsupported hardware.
[W910 12:05:29.764521721 NNPACK.cpp:56] Could not initialize NNPACK! Reason: Unsupported hardware.
[W910 12:05:30.264948083 NNPACK.cpp:56] Could not initialize NNPACK! Reason: Unsupported hardware.
[W910 12:05:30.266185812 NNPACK.cpp:56] Could not initialize NNPACK! Reason: Unsupported hardware.
[W910 12:05:30.267150729 NNPACK.cpp:56] Could not initialize NNPACK! Reason: Unsupported hardware.
[W910 12:05:30.268077677 NNPACK.cpp:56] Could not initialize NNPACK! Reason: Unsupported hardware.
[W910 12:05:30.269158981 NNPACK.cpp:56] Could not initialize NNPACK! Reason: Unsupported hardware.
[W910 12:05:30.270215573 NNPACK.cpp:56] Could not initialize NNPACK! Reason: Unsupported hardware.
[W910 12:05:30.271223101 NNPACK.cpp:56] Could not initialize NNPACK! Reason: Unsupported hardware.
[W910 12:05:30.272551695 NNPACK.cpp:56] Could not initialize NNPACK! Reason: Unsupported hardware.
[W910 12:05:30.714701714 NNPACK.cpp:56] Could not initialize NNPACK! Reason: Unsupported hardware.
[W910 12:05:30.715437384 NNPACK.cpp:56] Could not initialize NNPACK! Reason: Unsupported hardware.
[W910 12:05:30.715926712 NNPACK.cpp:56] Could not initialize NNPACK! Reason: Unsupported hardware.
[W910 12:05:30.716418955 NNPACK.cpp:56] Could not initialize NNPACK! Reason: Unsupported hardware.
[W910 12:05:30.716973349 NNPACK.cpp:56] Could not initialize NNPACK! Reason: Unsupported hardware.
[W910 12:05:30.717526070 NNPACK.cpp:56] Could not initialize NNPACK! Reason: Unsupported hardware.
[W910 12:05:30.718086678 NNPACK.cpp:56] Could not initialize NNPACK! Reason: Unsupported hardware.
[W910 12:05:30.718958597 NNPACK.cpp:56] Could not initialize NNPACK! Reason: Unsupported hardware.
[W910 12:05:31.221988194 NNPACK.cpp:56] Could not initialize NNPACK! Reason: Unsupported hardware.
[W910 12:05:31.223233141 NNPACK.cpp:56] Could not initialize NNPACK! Reason: Unsupported hardware.
[W910 12:05:31.224157991 NNPACK.cpp:56] Could not initialize NNPACK! Reason: Unsupported hardware.
[W910 12:05:31.225081369 NNPACK.cpp:56] Could not initialize NNPACK! Reason: Unsupported hardware.
[W910 12:05:31.226123003 NNPACK.cpp:56] Could not initialize NNPACK! Reason: Unsupported hardware.
[W910 12:05:31.227117572 NNPACK.cpp:56] Could not initialize NNPACK! Reason: Unsupported hardware.
[W910 12:05:31.228118216 NNPACK.cpp:56] Could not initialize NNPACK! Reason: Unsupported hardware.
[W910 12:05:31.229435393 NNPACK.cpp:56] Could not initialize NNPACK! Reason: Unsupported hardware.
[W910 12:05:31.673179070 NNPACK.cpp:56] Could not initialize NNPACK! Reason: Unsupported hardware.
[W910 12:05:31.673935622 NNPACK.cpp:56] Could not initialize NNPACK! Reason: Unsupported hardware.
[W910 12:05:31.674423381 NNPACK.cpp:56] Could not initialize NNPACK! Reason: Unsupported hardware.
[W910 12:05:31.674908408 NNPACK.cpp:56] Could not initialize NNPACK! Reason: Unsupported hardware.
[W910 12:05:31.675460037 NNPACK.cpp:56] Could not initialize NNPACK! Reason: Unsupported hardware.
[W910 12:05:31.676014766 NNPACK.cpp:56] Could not initialize NNPACK! Reason: Unsupported hardware.
[W910 12:05:31.676568550 NNPACK.cpp:56] Could not initialize NNPACK! Reason: Unsupported hardware.
[W910 12:05:31.677436167 NNPACK.cpp:56] Could not initialize NNPACK! Reason: Unsupported hardware.
[W910 12:05:32.182152113 NNPACK.cpp:56] Could not initialize NNPACK! Reason: Unsupported hardware.
[W910 12:05:32.183376769 NNPACK.cpp:56] Could not initialize NNPACK! Reason: Unsupported hardware.
[W910 12:05:32.184333929 NNPACK.cpp:56] Could not initialize NNPACK! Reason: Unsupported hardware.
[W910 12:05:32.185275798 NNPACK.cpp:56] Could not initialize NNPACK! Reason: Unsupported hardware.
[W910 12:05:32.186280262 NNPACK.cpp:56] Could not initialize NNPACK! Reason: Unsupported hardware.
[W910 12:05:32.187346791 NNPACK.cpp:56] Could not initialize NNPACK! Reason: Unsupported hardware.
[W910 12:05:32.188349826 NNPACK.cpp:56] Could not initialize NNPACK! Reason: Unsupported hardware.
[W910 12:05:32.189827869 NNPACK.cpp:56] Could not initialize NNPACK! Reason: Unsupported hardware.
[W910 12:05:32.620533379 NNPACK.cpp:56] Could not initialize NNPACK! Reason: Unsupported hardware.
[W910 12:05:32.621241013 NNPACK.cpp:56] Could not initialize NNPACK! Reason: Unsupported hardware.
[W910 12:05:32.621726346 NNPACK.cpp:56] Could not initialize NNPACK! Reason: Unsupported hardware.
[W910 12:05:32.622213384 NNPACK.cpp:56] Could not initialize NNPACK! Reason: Unsupported hardware.
[W910 12:05:32.622779985 NNPACK.cpp:56] Could not initialize NNPACK! Reason: Unsupported hardware.
[W910 12:05:32.623341370 NNPACK.cpp:56] Could not initialize NNPACK! Reason: Unsupported hardware.
[W910 12:05:32.623926131 NNPACK.cpp:56] Could not initialize NNPACK! Reason: Unsupported hardware.
[W910 12:05:32.624884526 NNPACK.cpp:56] Could not initialize NNPACK! Reason: Unsupported hardware.
[W910 12:05:33.119725489 NNPACK.cpp:56] Could not initialize NNPACK! Reason: Unsupported hardware.
[W910 12:05:33.120943208 NNPACK.cpp:56] Could not initialize NNPACK! Reason: Unsupported hardware.
[W910 12:05:33.121889226 NNPACK.cpp:56] Could not initialize NNPACK! Reason: Unsupported hardware.
[W910 12:05:33.122826397 NNPACK.cpp:56] Could not initialize NNPACK! Reason: Unsupported hardware.
[W910 12:05:33.124026660 NNPACK.cpp:56] Could not initialize NNPACK! Reason: Unsupported hardware.
[W910 12:05:33.125067773 NNPACK.cpp:56] Could not initialize NNPACK! Reason: Unsupported hardware.
[W910 12:05:33.126101244 NNPACK.cpp:56] Could not initialize NNPACK! Reason: Unsupported hardware.
[W910 12:05:33.127467688 NNPACK.cpp:56] Could not initialize NNPACK! Reason: Unsupported hardware.
[W910 12:05:33.556029891 NNPACK.cpp:56] Could not initialize NNPACK! Reason: Unsupported hardware.
[W910 12:05:33.556753364 NNPACK.cpp:56] Could not initialize NNPACK! Reason: Unsupported hardware.
[W910 12:05:33.557243857 NNPACK.cpp:56] Could not initialize NNPACK! Reason: Unsupported hardware.
[W910 12:05:33.557721621 NNPACK.cpp:56] Could not initialize NNPACK! Reason: Unsupported hardware.
[W910 12:05:33.558273162 NNPACK.cpp:56] Could not initialize NNPACK! Reason: Unsupported hardware.
[W910 12:05:33.558813305 NNPACK.cpp:56] Could not initialize NNPACK! Reason: Unsupported hardware.
[W910 12:05:33.559375838 NNPACK.cpp:56] Could not initialize NNPACK! Reason: Unsupported hardware.
[W910 12:05:33.560242764 NNPACK.cpp:56] Could not initialize NNPACK! Reason: Unsupported hardware.
[W910 12:05:34.052466775 NNPACK.cpp:56] Could not initialize NNPACK! Reason: Unsupported hardware.
[W910 12:05:34.053682970 NNPACK.cpp:56] Could not initialize NNPACK! Reason: Unsupported hardware.
[W910 12:05:34.054628510 NNPACK.cpp:56] Could not initialize NNPACK! Reason: Unsupported hardware.
[W910 12:05:34.055558951 NNPACK.cpp:56] Could not initialize NNPACK! Reason: Unsupported hardware.
[W910 12:05:34.056584808 NNPACK.cpp:56] Could not initialize NNPACK! Reason: Unsupported hardware.
[W910 12:05:34.057586756 NNPACK.cpp:56] Could not initialize NNPACK! Reason: Unsupported hardware.
[W910 12:05:34.058641997 NNPACK.cpp:56] Could not initialize NNPACK! Reason: Unsupported hardware.
[W910 12:05:34.059961053 NNPACK.cpp:56] Could not initialize NNPACK! Reason: Unsupported hardware.
[W910 12:05:34.494724816 NNPACK.cpp:56] Could not initialize NNPACK! Reason: Unsupported hardware.
[W910 12:05:34.495361079 NNPACK.cpp:56] Could not initialize NNPACK! Reason: Unsupported hardware.
[W910 12:05:34.495840280 NNPACK.cpp:56] Could not initialize NNPACK! Reason: Unsupported hardware.
[W910 12:05:34.496322936 NNPACK.cpp:56] Could not initialize NNPACK! Reason: Unsupported hardware.
[W910 12:05:34.496867397 NNPACK.cpp:56] Could not initialize NNPACK! Reason: Unsupported hardware.
[W910 12:05:34.497426071 NNPACK.cpp:56] Could not initialize NNPACK! Reason: Unsupported hardware.
[W910 12:05:34.497968826 NNPACK.cpp:56] Could not initialize NNPACK! Reason: Unsupported hardware.
[W910 12:05:34.498770472 NNPACK.cpp:56] Could not initialize NNPACK! Reason: Unsupported hardware.
[W910 12:05:35.991801362 NNPACK.cpp:56] Could not initialize NNPACK! Reason: Unsupported hardware.
[W910 12:05:35.993091760 NNPACK.cpp:56] Could not initialize NNPACK! Reason: Unsupported hardware.
[W910 12:05:35.994047025 NNPACK.cpp:56] Could not initialize NNPACK! Reason: Unsupported hardware.
[W910 12:05:35.994985467 NNPACK.cpp:56] Could not initialize NNPACK! Reason: Unsupported hardware.
[W910 12:05:35.996057559 NNPACK.cpp:56] Could not initialize NNPACK! Reason: Unsupported hardware.
[W910 12:05:35.997084810 NNPACK.cpp:56] Could not initialize NNPACK! Reason: Unsupported hardware.
[W910 12:05:35.998119156 NNPACK.cpp:56] Could not initialize NNPACK! Reason: Unsupported hardware.
[W910 12:05:35.999508807 NNPACK.cpp:56] Could not initialize NNPACK! Reason: Unsupported hardware.
[W910 12:05:35.431936815 NNPACK.cpp:56] Could not initialize NNPACK! Reason: Unsupported hardware.
[W910 12:05:35.432589830 NNPACK.cpp:56] Could not initialize NNPACK! Reason: Unsupported hardware.
[W910 12:05:35.433083881 NNPACK.cpp:56] Could not initialize NNPACK! Reason: Unsupported hardware.
[W910 12:05:35.433566361 NNPACK.cpp:56] Could not initialize NNPACK! Reason: Unsupported hardware.
[W910 12:05:35.434122919 NNPACK.cpp:56] Could not initialize NNPACK! Reason: Unsupported hardware.
[W910 12:05:35.434667618 NNPACK.cpp:56] Could not initialize NNPACK! Reason: Unsupported hardware.
[W910 12:05:35.435222498 NNPACK.cpp:56] Could not initialize NNPACK! Reason: Unsupported hardware.
[W910 12:05:35.436048076 NNPACK.cpp:56] Could not initialize NNPACK! Reason: Unsupported hardware.
[W910 12:05:35.934075566 NNPACK.cpp:56] Could not initialize NNPACK! Reason: Unsupported hardware.
[W910 12:05:35.935293849 NNPACK.cpp:56] Could not initialize NNPACK! Reason: Unsupported hardware.
[W910 12:05:35.936227094 NNPACK.cpp:56] Could not initialize NNPACK! Reason: Unsupported hardware.
[W910 12:05:35.937147115 NNPACK.cpp:56] Could not initialize NNPACK! Reason: Unsupported hardware.
[W910 12:05:35.938177549 NNPACK.cpp:56] Could not initialize NNPACK! Reason: Unsupported hardware.
[W910 12:05:35.939176943 NNPACK.cpp:56] Could not initialize NNPACK! Reason: Unsupported hardware.
[W910 12:05:35.940191232 NNPACK.cpp:56] Could not initialize NNPACK! Reason: Unsupported hardware.
[W910 12:05:35.941513328 NNPACK.cpp:56] Could not initialize NNPACK! Reason: Unsupported hardware.
[W910 12:05:36.375338497 NNPACK.cpp:56] Could not initialize NNPACK! Reason: Unsupported hardware.
[W910 12:05:36.375985258 NNPACK.cpp:56] Could not initialize NNPACK! Reason: Unsupported hardware.
[W910 12:05:36.376480443 NNPACK.cpp:56] Could not initialize NNPACK! Reason: Unsupported hardware.
[W910 12:05:36.376959564 NNPACK.cpp:56] Could not initialize NNPACK! Reason: Unsupported hardware.
[W910 12:05:36.377509950 NNPACK.cpp:56] Could not initialize NNPACK! Reason: Unsupported hardware.
[W910 12:05:36.378057925 NNPACK.cpp:56] Could not initialize NNPACK! Reason: Unsupported hardware.
[W910 12:05:36.378601422 NNPACK.cpp:56] Could not initialize NNPACK! Reason: Unsupported hardware.
[W910 12:05:36.379426221 NNPACK.cpp:56] Could not initialize NNPACK! Reason: Unsupported hardware.
[W910 12:05:36.875312619 NNPACK.cpp:56] Could not initialize NNPACK! Reason: Unsupported hardware.
[W910 12:05:36.876535804 NNPACK.cpp:56] Could not initialize NNPACK! Reason: Unsupported hardware.
[W910 12:05:36.877498735 NNPACK.cpp:56] Could not initialize NNPACK! Reason: Unsupported hardware.
[W910 12:05:36.878450423 NNPACK.cpp:56] Could not initialize NNPACK! Reason: Unsupported hardware.
[W910 12:05:36.879545636 NNPACK.cpp:56] Could not initialize NNPACK! Reason: Unsupported hardware.
[W910 12:05:36.880561146 NNPACK.cpp:56] Could not initialize NNPACK! Reason: Unsupported hardware.
[W910 12:05:36.881568843 NNPACK.cpp:56] Could not initialize NNPACK! Reason: Unsupported hardware.
[W910 12:05:36.882894323 NNPACK.cpp:56] Could not initialize NNPACK! Reason: Unsupported hardware.
[W910 12:05:37.317170942 NNPACK.cpp:56] Could not initialize NNPACK! Reason: Unsupported hardware.
[W910 12:05:37.317847604 NNPACK.cpp:56] Could not initialize NNPACK! Reason: Unsupported hardware.
[W910 12:05:37.318344345 NNPACK.cpp:56] Could not initialize NNPACK! Reason: Unsupported hardware.
[W910 12:05:37.322764878 NNPACK.cpp:56] Could not initialize NNPACK! Reason: Unsupported hardware.
[W910 12:05:37.323413960 NNPACK.cpp:56] Could not initialize NNPACK! Reason: Unsupported hardware.
[W910 12:05:37.323981598 NNPACK.cpp:56] Could not initialize NNPACK! Reason: Unsupported hardware.
[W910 12:05:37.324552351 NNPACK.cpp:56] Could not initialize NNPACK! Reason: Unsupported hardware.
[W910 12:05:37.325426348 NNPACK.cpp:56] Could not initialize NNPACK! Reason: Unsupported hardware.
[W910 12:05:37.818196100 NNPACK.cpp:56] Could not initialize NNPACK! Reason: Unsupported hardware.
[W910 12:05:37.819433308 NNPACK.cpp:56] Could not initialize NNPACK! Reason: Unsupported hardware.
[W910 12:05:37.820387055 NNPACK.cpp:56] Could not initialize NNPACK! Reason: Unsupported hardware.
[W910 12:05:37.821334843 NNPACK.cpp:56] Could not initialize NNPACK! Reason: Unsupported hardware.
[W910 12:05:37.822393544 NNPACK.cpp:56] Could not initialize NNPACK! Reason: Unsupported hardware.
[W910 12:05:37.823438956 NNPACK.cpp:56] Could not initialize NNPACK! Reason: Unsupported hardware.
[W910 12:05:37.824460508 NNPACK.cpp:56] Could not initialize NNPACK! Reason: Unsupported hardware.
[W910 12:05:37.825780202 NNPACK.cpp:56] Could not initialize NNPACK! Reason: Unsupported hardware.
[W910 12:05:38.257844522 NNPACK.cpp:56] Could not initialize NNPACK! Reason: Unsupported hardware.
[W910 12:05:38.258515634 NNPACK.cpp:56] Could not initialize NNPACK! Reason: Unsupported hardware.
[W910 12:05:38.258999065 NNPACK.cpp:56] Could not initialize NNPACK! Reason: Unsupported hardware.
[W910 12:05:38.259482763 NNPACK.cpp:56] Could not initialize NNPACK! Reason: Unsupported hardware.
[W910 12:05:38.260032965 NNPACK.cpp:56] Could not initialize NNPACK! Reason: Unsupported hardware.
[W910 12:05:38.260572669 NNPACK.cpp:56] Could not initialize NNPACK! Reason: Unsupported hardware.
[W910 12:05:38.261121833 NNPACK.cpp:56] Could not initialize NNPACK! Reason: Unsupported hardware.
[W910 12:05:38.261966004 NNPACK.cpp:56] Could not initialize NNPACK! Reason: Unsupported hardware.
[W910 12:05:38.760154594 NNPACK.cpp:56] Could not initialize NNPACK! Reason: Unsupported hardware.
[W910 12:05:38.761375965 NNPACK.cpp:56] Could not initialize NNPACK! Reason: Unsupported hardware.
[W910 12:05:38.762330844 NNPACK.cpp:56] Could not initialize NNPACK! Reason: Unsupported hardware.
[W910 12:05:38.763255303 NNPACK.cpp:56] Could not initialize NNPACK! Reason: Unsupported hardware.
[W910 12:05:38.764304851 NNPACK.cpp:56] Could not initialize NNPACK! Reason: Unsupported hardware.
[W910 12:05:38.765307880 NNPACK.cpp:56] Could not initialize NNPACK! Reason: Unsupported hardware.
[W910 12:05:38.766312085 NNPACK.cpp:56] Could not initialize NNPACK! Reason: Unsupported hardware.
[W910 12:05:38.767668816 NNPACK.cpp:56] Could not initialize NNPACK! Reason: Unsupported hardware.
[W910 12:05:39.199552662 NNPACK.cpp:56] Could not initialize NNPACK! Reason: Unsupported hardware.
[W910 12:05:39.200298692 NNPACK.cpp:56] Could not initialize NNPACK! Reason: Unsupported hardware.
[W910 12:05:39.200784278 NNPACK.cpp:56] Could not initialize NNPACK! Reason: Unsupported hardware.
[W910 12:05:39.201297820 NNPACK.cpp:56] Could not initialize NNPACK! Reason: Unsupported hardware.
[W910 12:05:39.201851781 NNPACK.cpp:56] Could not initialize NNPACK! Reason: Unsupported hardware.
[W910 12:05:39.202405060 NNPACK.cpp:56] Could not initialize NNPACK! Reason: Unsupported hardware.
[W910 12:05:39.202954810 NNPACK.cpp:56] Could not initialize NNPACK! Reason: Unsupported hardware.
[W910 12:05:39.203820755 NNPACK.cpp:56] Could not initialize NNPACK! Reason: Unsupported hardware.
[W910 12:05:39.738154505 NNPACK.cpp:56] Could not initialize NNPACK! Reason: Unsupported hardware.
[W910 12:05:39.739441390 NNPACK.cpp:56] Could not initialize NNPACK! Reason: Unsupported hardware.
[W910 12:05:39.740396945 NNPACK.cpp:56] Could not initialize NNPACK! Reason: Unsupported hardware.
[W910 12:05:39.741350261 NNPACK.cpp:56] Could not initialize NNPACK! Reason: Unsupported hardware.
[W910 12:05:39.742470586 NNPACK.cpp:56] Could not initialize NNPACK! Reason: Unsupported hardware.
[W910 12:05:39.743613837 NNPACK.cpp:56] Could not initialize NNPACK! Reason: Unsupported hardware.
[W910 12:05:39.744673949 NNPACK.cpp:56] Could not initialize NNPACK! Reason: Unsupported hardware.
[W910 12:05:39.746093143 NNPACK.cpp:56] Could not initialize NNPACK! Reason: Unsupported hardware.
[W910 12:05:40.180667206 NNPACK.cpp:56] Could not initialize NNPACK! Reason: Unsupported hardware.
[W910 12:05:40.181407207 NNPACK.cpp:56] Could not initialize NNPACK! Reason: Unsupported hardware.
[W910 12:05:40.181910006 NNPACK.cpp:56] Could not initialize NNPACK! Reason: Unsupported hardware.
[W910 12:05:40.182415032 NNPACK.cpp:56] Could not initialize NNPACK! Reason: Unsupported hardware.
[W910 12:05:40.182968242 NNPACK.cpp:56] Could not initialize NNPACK! Reason: Unsupported hardware.
[W910 12:05:40.183518703 NNPACK.cpp:56] Could not initialize NNPACK! Reason: Unsupported hardware.
[W910 12:05:40.184074377 NNPACK.cpp:56] Could not initialize NNPACK! Reason: Unsupported hardware.
[W910 12:05:40.184941231 NNPACK.cpp:56] Could not initialize NNPACK! Reason: Unsupported hardware.
[W910 12:05:40.679422902 NNPACK.cpp:56] Could not initialize NNPACK! Reason: Unsupported hardware.
[W910 12:05:40.680649393 NNPACK.cpp:56] Could not initialize NNPACK! Reason: Unsupported hardware.
[W910 12:05:40.681818138 NNPACK.cpp:56] Could not initialize NNPACK! Reason: Unsupported hardware.
[W910 12:05:40.682799279 NNPACK.cpp:56] Could not initialize NNPACK! Reason: Unsupported hardware.
[W910 12:05:40.683939472 NNPACK.cpp:56] Could not initialize NNPACK! Reason: Unsupported hardware.
[W910 12:05:40.685074247 NNPACK.cpp:56] Could not initialize NNPACK! Reason: Unsupported hardware.
[W910 12:05:40.686156984 NNPACK.cpp:56] Could not initialize NNPACK! Reason: Unsupported hardware.
[W910 12:05:40.687544938 NNPACK.cpp:56] Could not initialize NNPACK! Reason: Unsupported hardware.
[W910 12:05:41.122208414 NNPACK.cpp:56] Could not initialize NNPACK! Reason: Unsupported hardware.
[W910 12:05:41.122930122 NNPACK.cpp:56] Could not initialize NNPACK! Reason: Unsupported hardware.
[W910 12:05:41.123442343 NNPACK.cpp:56] Could not initialize NNPACK! Reason: Unsupported hardware.
[W910 12:05:41.123937204 NNPACK.cpp:56] Could not initialize NNPACK! Reason: Unsupported hardware.
[W910 12:05:41.124507240 NNPACK.cpp:56] Could not initialize NNPACK! Reason: Unsupported hardware.
[W910 12:05:41.125061794 NNPACK.cpp:56] Could not initialize NNPACK! Reason: Unsupported hardware.
[W910 12:05:41.125613109 NNPACK.cpp:56] Could not initialize NNPACK! Reason: Unsupported hardware.
[W910 12:05:41.126505155 NNPACK.cpp:56] Could not initialize NNPACK! Reason: Unsupported hardware.
[W910 12:05:41.619160554 NNPACK.cpp:56] Could not initialize NNPACK! Reason: Unsupported hardware.
[W910 12:05:41.620483349 NNPACK.cpp:56] Could not initialize NNPACK! Reason: Unsupported hardware.
[W910 12:05:41.621536948 NNPACK.cpp:56] Could not initialize NNPACK! Reason: Unsupported hardware.
[W910 12:05:41.622506391 NNPACK.cpp:56] Could not initialize NNPACK! Reason: Unsupported hardware.
[W910 12:05:41.623567212 NNPACK.cpp:56] Could not initialize NNPACK! Reason: Unsupported hardware.
[W910 12:05:41.624666172 NNPACK.cpp:56] Could not initialize NNPACK! Reason: Unsupported hardware.
[W910 12:05:41.625721939 NNPACK.cpp:56] Could not initialize NNPACK! Reason: Unsupported hardware.
[W910 12:05:41.627148027 NNPACK.cpp:56] Could not initialize NNPACK! Reason: Unsupported hardware.
[W910 12:05:42.059388215 NNPACK.cpp:56] Could not initialize NNPACK! Reason: Unsupported hardware.
[W910 12:05:42.060113150 NNPACK.cpp:56] Could not initialize NNPACK! Reason: Unsupported hardware.
[W910 12:05:42.060596509 NNPACK.cpp:56] Could not initialize NNPACK! Reason: Unsupported hardware.
[W910 12:05:42.061082492 NNPACK.cpp:56] Could not initialize NNPACK! Reason: Unsupported hardware.
[W910 12:05:42.061631103 NNPACK.cpp:56] Could not initialize NNPACK! Reason: Unsupported hardware.
[W910 12:05:42.062178048 NNPACK.cpp:56] Could not initialize NNPACK! Reason: Unsupported hardware.
[W910 12:05:42.062717909 NNPACK.cpp:56] Could not initialize NNPACK! Reason: Unsupported hardware.
[W910 12:05:42.063618033 NNPACK.cpp:56] Could not initialize NNPACK! Reason: Unsupported hardware.
[W910 12:05:42.561523284 NNPACK.cpp:56] Could not initialize NNPACK! Reason: Unsupported hardware.
[W910 12:05:42.562742106 NNPACK.cpp:56] Could not initialize NNPACK! Reason: Unsupported hardware.
[W910 12:05:42.567612982 NNPACK.cpp:56] Could not initialize NNPACK! Reason: Unsupported hardware.
[W910 12:05:42.568530237 NNPACK.cpp:56] Could not initialize NNPACK! Reason: Unsupported hardware.
[W910 12:05:42.569539695 NNPACK.cpp:56] Could not initialize NNPACK! Reason: Unsupported hardware.
[W910 12:05:42.570538923 NNPACK.cpp:56] Could not initialize NNPACK! Reason: Unsupported hardware.
[W910 12:05:42.571537060 NNPACK.cpp:56] Could not initialize NNPACK! Reason: Unsupported hardware.
[W910 12:05:42.572883402 NNPACK.cpp:56] Could not initialize NNPACK! Reason: Unsupported hardware.
[W910 12:05:43.005252864 NNPACK.cpp:56] Could not initialize NNPACK! Reason: Unsupported hardware.
[W910 12:05:43.005995644 NNPACK.cpp:56] Could not initialize NNPACK! Reason: Unsupported hardware.
[W910 12:05:43.006508292 NNPACK.cpp:56] Could not initialize NNPACK! Reason: Unsupported hardware.
[W910 12:05:43.006999188 NNPACK.cpp:56] Could not initialize NNPACK! Reason: Unsupported hardware.
[W910 12:05:43.007568503 NNPACK.cpp:56] Could not initialize NNPACK! Reason: Unsupported hardware.
[W910 12:05:43.008133869 NNPACK.cpp:56] Could not initialize NNPACK! Reason: Unsupported hardware.
[W910 12:05:43.008694082 NNPACK.cpp:56] Could not initialize NNPACK! Reason: Unsupported hardware.
[W910 12:05:43.009587318 NNPACK.cpp:56] Could not initialize NNPACK! Reason: Unsupported hardware.
[W910 12:05:43.502886436 NNPACK.cpp:56] Could not initialize NNPACK! Reason: Unsupported hardware.
[W910 12:05:43.504161427 NNPACK.cpp:56] Could not initialize NNPACK! Reason: Unsupported hardware.
[W910 12:05:43.505108600 NNPACK.cpp:56] Could not initialize NNPACK! Reason: Unsupported hardware.
[W910 12:05:43.506099451 NNPACK.cpp:56] Could not initialize NNPACK! Reason: Unsupported hardware.
[W910 12:05:43.507131665 NNPACK.cpp:56] Could not initialize NNPACK! Reason: Unsupported hardware.
[W910 12:05:43.508135936 NNPACK.cpp:56] Could not initialize NNPACK! Reason: Unsupported hardware.
[W910 12:05:43.509148592 NNPACK.cpp:56] Could not initialize NNPACK! Reason: Unsupported hardware.
[W910 12:05:43.510483289 NNPACK.cpp:56] Could not initialize NNPACK! Reason: Unsupported hardware.
[W910 12:05:43.943117144 NNPACK.cpp:56] Could not initialize NNPACK! Reason: Unsupported hardware.
[W910 12:05:43.943863185 NNPACK.cpp:56] Could not initialize NNPACK! Reason: Unsupported hardware.
[W910 12:05:44.944357257 NNPACK.cpp:56] Could not initialize NNPACK! Reason: Unsupported hardware.
[W910 12:05:44.944842117 NNPACK.cpp:56] Could not initialize NNPACK! Reason: Unsupported hardware.
[W910 12:05:44.945410690 NNPACK.cpp:56] Could not initialize NNPACK! Reason: Unsupported hardware.
[W910 12:05:44.945967307 NNPACK.cpp:56] Could not initialize NNPACK! Reason: Unsupported hardware.
[W910 12:05:44.946519976 NNPACK.cpp:56] Could not initialize NNPACK! Reason: Unsupported hardware.
[W910 12:05:44.947396491 NNPACK.cpp:56] Could not initialize NNPACK! Reason: Unsupported hardware.
[W910 12:05:44.443448628 NNPACK.cpp:56] Could not initialize NNPACK! Reason: Unsupported hardware.
[W910 12:05:44.444665621 NNPACK.cpp:56] Could not initialize NNPACK! Reason: Unsupported hardware.
[W910 12:05:44.445614527 NNPACK.cpp:56] Could not initialize NNPACK! Reason: Unsupported hardware.
[W910 12:05:44.446559211 NNPACK.cpp:56] Could not initialize NNPACK! Reason: Unsupported hardware.
[W910 12:05:44.447562086 NNPACK.cpp:56] Could not initialize NNPACK! Reason: Unsupported hardware.
[W910 12:05:44.448573005 NNPACK.cpp:56] Could not initialize NNPACK! Reason: Unsupported hardware.
[W910 12:05:44.449572968 NNPACK.cpp:56] Could not initialize NNPACK! Reason: Unsupported hardware.
[W910 12:05:44.450892067 NNPACK.cpp:56] Could not initialize NNPACK! Reason: Unsupported hardware.
[W910 12:05:44.885159188 NNPACK.cpp:56] Could not initialize NNPACK! Reason: Unsupported hardware.
[W910 12:05:44.885883336 NNPACK.cpp:56] Could not initialize NNPACK! Reason: Unsupported hardware.
[W910 12:05:44.886376434 NNPACK.cpp:56] Could not initialize NNPACK! Reason: Unsupported hardware.
[W910 12:05:44.886855652 NNPACK.cpp:56] Could not initialize NNPACK! Reason: Unsupported hardware.
[W910 12:05:44.887410199 NNPACK.cpp:56] Could not initialize NNPACK! Reason: Unsupported hardware.
[W910 12:05:44.887970311 NNPACK.cpp:56] Could not initialize NNPACK! Reason: Unsupported hardware.
[W910 12:05:44.888708553 NNPACK.cpp:56] Could not initialize NNPACK! Reason: Unsupported hardware.
[W910 12:05:44.889760361 NNPACK.cpp:56] Could not initialize NNPACK! Reason: Unsupported hardware.
[W910 12:05:45.383130484 NNPACK.cpp:56] Could not initialize NNPACK! Reason: Unsupported hardware.
[W910 12:05:45.384349681 NNPACK.cpp:56] Could not initialize NNPACK! Reason: Unsupported hardware.
[W910 12:05:45.385302411 NNPACK.cpp:56] Could not initialize NNPACK! Reason: Unsupported hardware.
[W910 12:05:45.386243862 NNPACK.cpp:56] Could not initialize NNPACK! Reason: Unsupported hardware.
[W910 12:05:45.387282926 NNPACK.cpp:56] Could not initialize NNPACK! Reason: Unsupported hardware.
[W910 12:05:45.388276715 NNPACK.cpp:56] Could not initialize NNPACK! Reason: Unsupported hardware.
[W910 12:05:45.389296926 NNPACK.cpp:56] Could not initialize NNPACK! Reason: Unsupported hardware.
[W910 12:05:45.390642543 NNPACK.cpp:56] Could not initialize NNPACK! Reason: Unsupported hardware.
[W910 12:05:45.825916036 NNPACK.cpp:56] Could not initialize NNPACK! Reason: Unsupported hardware.
[W910 12:05:45.826648817 NNPACK.cpp:56] Could not initialize NNPACK! Reason: Unsupported hardware.
[W910 12:05:45.827159210 NNPACK.cpp:56] Could not initialize NNPACK! Reason: Unsupported hardware.
[W910 12:05:45.827639274 NNPACK.cpp:56] Could not initialize NNPACK! Reason: Unsupported hardware.
[W910 12:05:45.828194054 NNPACK.cpp:56] Could not initialize NNPACK! Reason: Unsupported hardware.
[W910 12:05:45.828745583 NNPACK.cpp:56] Could not initialize NNPACK! Reason: Unsupported hardware.
[W910 12:05:45.829303404 NNPACK.cpp:56] Could not initialize NNPACK! Reason: Unsupported hardware.
[W910 12:05:45.830169796 NNPACK.cpp:56] Could not initialize NNPACK! Reason: Unsupported hardware.
[W910 12:05:46.323071827 NNPACK.cpp:56] Could not initialize NNPACK! Reason: Unsupported hardware.
[W910 12:05:46.324293856 NNPACK.cpp:56] Could not initialize NNPACK! Reason: Unsupported hardware.
[W910 12:05:46.325245514 NNPACK.cpp:56] Could not initialize NNPACK! Reason: Unsupported hardware.
[W910 12:05:46.326175974 NNPACK.cpp:56] Could not initialize NNPACK! Reason: Unsupported hardware.
[W910 12:05:46.327220777 NNPACK.cpp:56] Could not initialize NNPACK! Reason: Unsupported hardware.
[W910 12:05:46.328227895 NNPACK.cpp:56] Could not initialize NNPACK! Reason: Unsupported hardware.
[W910 12:05:46.329236190 NNPACK.cpp:56] Could not initialize NNPACK! Reason: Unsupported hardware.
[W910 12:05:46.330604490 NNPACK.cpp:56] Could not initialize NNPACK! Reason: Unsupported hardware.
[W910 12:05:46.765071329 NNPACK.cpp:56] Could not initialize NNPACK! Reason: Unsupported hardware.
[W910 12:05:46.765798540 NNPACK.cpp:56] Could not initialize NNPACK! Reason: Unsupported hardware.
[W910 12:05:46.766298268 NNPACK.cpp:56] Could not initialize NNPACK! Reason: Unsupported hardware.
[W910 12:05:46.766782582 NNPACK.cpp:56] Could not initialize NNPACK! Reason: Unsupported hardware.
[W910 12:05:46.767342517 NNPACK.cpp:56] Could not initialize NNPACK! Reason: Unsupported hardware.
[W910 12:05:46.767888583 NNPACK.cpp:56] Could not initialize NNPACK! Reason: Unsupported hardware.
[W910 12:05:46.768444220 NNPACK.cpp:56] Could not initialize NNPACK! Reason: Unsupported hardware.
[W910 12:05:46.769379982 NNPACK.cpp:56] Could not initialize NNPACK! Reason: Unsupported hardware.
[W910 12:05:47.260980742 NNPACK.cpp:56] Could not initialize NNPACK! Reason: Unsupported hardware.
[W910 12:05:47.262217394 NNPACK.cpp:56] Could not initialize NNPACK! Reason: Unsupported hardware.
[W910 12:05:47.263178284 NNPACK.cpp:56] Could not initialize NNPACK! Reason: Unsupported hardware.
[W910 12:05:47.264108450 NNPACK.cpp:56] Could not initialize NNPACK! Reason: Unsupported hardware.
[W910 12:05:47.265161586 NNPACK.cpp:56] Could not initialize NNPACK! Reason: Unsupported hardware.
[W910 12:05:47.266169255 NNPACK.cpp:56] Could not initialize NNPACK! Reason: Unsupported hardware.
[W910 12:05:47.267204900 NNPACK.cpp:56] Could not initialize NNPACK! Reason: Unsupported hardware.
[W910 12:05:47.268571975 NNPACK.cpp:56] Could not initialize NNPACK! Reason: Unsupported hardware.
[W910 12:05:47.701830826 NNPACK.cpp:56] Could not initialize NNPACK! Reason: Unsupported hardware.
[W910 12:05:47.702585291 NNPACK.cpp:56] Could not initialize NNPACK! Reason: Unsupported hardware.
[W910 12:05:47.707511938 NNPACK.cpp:56] Could not initialize NNPACK! Reason: Unsupported hardware.
[W910 12:05:47.708041916 NNPACK.cpp:56] Could not initialize NNPACK! Reason: Unsupported hardware.
[W910 12:05:47.708640773 NNPACK.cpp:56] Could not initialize NNPACK! Reason: Unsupported hardware.
[W910 12:05:47.709212509 NNPACK.cpp:56] Could not initialize NNPACK! Reason: Unsupported hardware.
[W910 12:05:47.709777814 NNPACK.cpp:56] Could not initialize NNPACK! Reason: Unsupported hardware.
[W910 12:05:47.710680762 NNPACK.cpp:56] Could not initialize NNPACK! Reason: Unsupported hardware.
[W910 12:05:48.200476294 NNPACK.cpp:56] Could not initialize NNPACK! Reason: Unsupported hardware.
[W910 12:05:48.201692354 NNPACK.cpp:56] Could not initialize NNPACK! Reason: Unsupported hardware.
[W910 12:05:48.202646243 NNPACK.cpp:56] Could not initialize NNPACK! Reason: Unsupported hardware.
[W910 12:05:48.203562235 NNPACK.cpp:56] Could not initialize NNPACK! Reason: Unsupported hardware.
[W910 12:05:48.204597015 NNPACK.cpp:56] Could not initialize NNPACK! Reason: Unsupported hardware.
[W910 12:05:48.205631778 NNPACK.cpp:56] Could not initialize NNPACK! Reason: Unsupported hardware.
[W910 12:05:48.206636587 NNPACK.cpp:56] Could not initialize NNPACK! Reason: Unsupported hardware.
[W910 12:05:48.207975312 NNPACK.cpp:56] Could not initialize NNPACK! Reason: Unsupported hardware.
[W910 12:05:48.640635440 NNPACK.cpp:56] Could not initialize NNPACK! Reason: Unsupported hardware.
[W910 12:05:48.641355008 NNPACK.cpp:56] Could not initialize NNPACK! Reason: Unsupported hardware.
[W910 12:05:48.641842681 NNPACK.cpp:56] Could not initialize NNPACK! Reason: Unsupported hardware.
[W910 12:05:48.642328079 NNPACK.cpp:56] Could not initialize NNPACK! Reason: Unsupported hardware.
[W910 12:05:48.642875453 NNPACK.cpp:56] Could not initialize NNPACK! Reason: Unsupported hardware.
[W910 12:05:48.643421791 NNPACK.cpp:56] Could not initialize NNPACK! Reason: Unsupported hardware.
[W910 12:05:48.643964173 NNPACK.cpp:56] Could not initialize NNPACK! Reason: Unsupported hardware.
[W910 12:05:48.644818679 NNPACK.cpp:56] Could not initialize NNPACK! Reason: Unsupported hardware.
[W910 12:05:49.140995385 NNPACK.cpp:56] Could not initialize NNPACK! Reason: Unsupported hardware.
[W910 12:05:49.142259965 NNPACK.cpp:56] Could not initialize NNPACK! Reason: Unsupported hardware.
[W910 12:05:49.143221986 NNPACK.cpp:56] Could not initialize NNPACK! Reason: Unsupported hardware.
[W910 12:05:49.144177890 NNPACK.cpp:56] Could not initialize NNPACK! Reason: Unsupported hardware.
[W910 12:05:49.145256912 NNPACK.cpp:56] Could not initialize NNPACK! Reason: Unsupported hardware.
[W910 12:05:49.146256515 NNPACK.cpp:56] Could not initialize NNPACK! Reason: Unsupported hardware.
[W910 12:05:49.147268703 NNPACK.cpp:56] Could not initialize NNPACK! Reason: Unsupported hardware.
[W910 12:05:49.148600123 NNPACK.cpp:56] Could not initialize NNPACK! Reason: Unsupported hardware.
[W910 12:05:49.584073064 NNPACK.cpp:56] Could not initialize NNPACK! Reason: Unsupported hardware.
[W910 12:05:49.584696876 NNPACK.cpp:56] Could not initialize NNPACK! Reason: Unsupported hardware.
[W910 12:05:49.585192719 NNPACK.cpp:56] Could not initialize NNPACK! Reason: Unsupported hardware.
[W910 12:05:49.585691907 NNPACK.cpp:56] Could not initialize NNPACK! Reason: Unsupported hardware.
[W910 12:05:49.586248388 NNPACK.cpp:56] Could not initialize NNPACK! Reason: Unsupported hardware.
[W910 12:05:49.586793591 NNPACK.cpp:56] Could not initialize NNPACK! Reason: Unsupported hardware.
[W910 12:05:49.587349355 NNPACK.cpp:56] Could not initialize NNPACK! Reason: Unsupported hardware.
[W910 12:05:49.588158373 NNPACK.cpp:56] Could not initialize NNPACK! Reason: Unsupported hardware.
[W910 12:05:50.082848806 NNPACK.cpp:56] Could not initialize NNPACK! Reason: Unsupported hardware.
[W910 12:05:50.084078153 NNPACK.cpp:56] Could not initialize NNPACK! Reason: Unsupported hardware.
[W910 12:05:50.085044884 NNPACK.cpp:56] Could not initialize NNPACK! Reason: Unsupported hardware.
[W910 12:05:50.085963530 NNPACK.cpp:56] Could not initialize NNPACK! Reason: Unsupported hardware.
[W910 12:05:50.087036954 NNPACK.cpp:56] Could not initialize NNPACK! Reason: Unsupported hardware.
[W910 12:05:50.088073497 NNPACK.cpp:56] Could not initialize NNPACK! Reason: Unsupported hardware.
[W910 12:05:50.089137367 NNPACK.cpp:56] Could not initialize NNPACK! Reason: Unsupported hardware.
[W910 12:05:50.090469183 NNPACK.cpp:56] Could not initialize NNPACK! Reason: Unsupported hardware.
[W910 12:05:50.523947957 NNPACK.cpp:56] Could not initialize NNPACK! Reason: Unsupported hardware.
[W910 12:05:50.524585740 NNPACK.cpp:56] Could not initialize NNPACK! Reason: Unsupported hardware.
[W910 12:05:50.525080945 NNPACK.cpp:56] Could not initialize NNPACK! Reason: Unsupported hardware.
[W910 12:05:50.525562012 NNPACK.cpp:56] Could not initialize NNPACK! Reason: Unsupported hardware.
[W910 12:05:50.526115144 NNPACK.cpp:56] Could not initialize NNPACK! Reason: Unsupported hardware.
[W910 12:05:50.526659898 NNPACK.cpp:56] Could not initialize NNPACK! Reason: Unsupported hardware.
[W910 12:05:50.527211861 NNPACK.cpp:56] Could not initialize NNPACK! Reason: Unsupported hardware.
[W910 12:05:50.528019586 NNPACK.cpp:56] Could not initialize NNPACK! Reason: Unsupported hardware.
[W910 12:05:51.021267354 NNPACK.cpp:56] Could not initialize NNPACK! Reason: Unsupported hardware.
[W910 12:05:51.022487455 NNPACK.cpp:56] Could not initialize NNPACK! Reason: Unsupported hardware.
[W910 12:05:51.023443578 NNPACK.cpp:56] Could not initialize NNPACK! Reason: Unsupported hardware.
[W910 12:05:51.024369619 NNPACK.cpp:56] Could not initialize NNPACK! Reason: Unsupported hardware.
[W910 12:05:51.025421054 NNPACK.cpp:56] Could not initialize NNPACK! Reason: Unsupported hardware.
[W910 12:05:51.026435902 NNPACK.cpp:56] Could not initialize NNPACK! Reason: Unsupported hardware.
[W910 12:05:51.027510649 NNPACK.cpp:56] Could not initialize NNPACK! Reason: Unsupported hardware.
[W910 12:05:51.028886948 NNPACK.cpp:56] Could not initialize NNPACK! Reason: Unsupported hardware.
[W910 12:05:51.462875174 NNPACK.cpp:56] Could not initialize NNPACK! Reason: Unsupported hardware.
[W910 12:05:51.463503189 NNPACK.cpp:56] Could not initialize NNPACK! Reason: Unsupported hardware.
[W910 12:05:51.463986482 NNPACK.cpp:56] Could not initialize NNPACK! Reason: Unsupported hardware.
[W910 12:05:51.464482321 NNPACK.cpp:56] Could not initialize NNPACK! Reason: Unsupported hardware.
[W910 12:05:51.465029751 NNPACK.cpp:56] Could not initialize NNPACK! Reason: Unsupported hardware.
[W910 12:05:51.465567681 NNPACK.cpp:56] Could not initialize NNPACK! Reason: Unsupported hardware.
[W910 12:05:51.466116295 NNPACK.cpp:56] Could not initialize NNPACK! Reason: Unsupported hardware.
[W910 12:05:51.466926667 NNPACK.cpp:56] Could not initialize NNPACK! Reason: Unsupported hardware.
[W910 12:05:52.960432530 NNPACK.cpp:56] Could not initialize NNPACK! Reason: Unsupported hardware.
[W910 12:05:52.961647379 NNPACK.cpp:56] Could not initialize NNPACK! Reason: Unsupported hardware.
[W910 12:05:52.962595767 NNPACK.cpp:56] Could not initialize NNPACK! Reason: Unsupported hardware.
[W910 12:05:52.963524967 NNPACK.cpp:56] Could not initialize NNPACK! Reason: Unsupported hardware.
[W910 12:05:52.964675978 NNPACK.cpp:56] Could not initialize NNPACK! Reason: Unsupported hardware.
[W910 12:05:52.965693365 NNPACK.cpp:56] Could not initialize NNPACK! Reason: Unsupported hardware.
[W910 12:05:52.966729725 NNPACK.cpp:56] Could not initialize NNPACK! Reason: Unsupported hardware.
[W910 12:05:52.968092901 NNPACK.cpp:56] Could not initialize NNPACK! Reason: Unsupported hardware.
[W910 12:05:52.400993708 NNPACK.cpp:56] Could not initialize NNPACK! Reason: Unsupported hardware.
[W910 12:05:52.401734876 NNPACK.cpp:56] Could not initialize NNPACK! Reason: Unsupported hardware.
[W910 12:05:52.402227446 NNPACK.cpp:56] Could not initialize NNPACK! Reason: Unsupported hardware.
[W910 12:05:52.402704686 NNPACK.cpp:56] Could not initialize NNPACK! Reason: Unsupported hardware.
[W910 12:05:52.403258184 NNPACK.cpp:56] Could not initialize NNPACK! Reason: Unsupported hardware.
[W910 12:05:52.403802052 NNPACK.cpp:56] Could not initialize NNPACK! Reason: Unsupported hardware.
[W910 12:05:52.404353267 NNPACK.cpp:56] Could not initialize NNPACK! Reason: Unsupported hardware.
[W910 12:05:52.405258354 NNPACK.cpp:56] Could not initialize NNPACK! Reason: Unsupported hardware.
[W910 12:05:52.899588141 NNPACK.cpp:56] Could not initialize NNPACK! Reason: Unsupported hardware.
[W910 12:05:52.901010917 NNPACK.cpp:56] Could not initialize NNPACK! Reason: Unsupported hardware.
[W910 12:05:52.905602303 NNPACK.cpp:56] Could not initialize NNPACK! Reason: Unsupported hardware.
[W910 12:05:52.906508852 NNPACK.cpp:56] Could not initialize NNPACK! Reason: Unsupported hardware.
[W910 12:05:52.907550765 NNPACK.cpp:56] Could not initialize NNPACK! Reason: Unsupported hardware.
[W910 12:05:52.908589691 NNPACK.cpp:56] Could not initialize NNPACK! Reason: Unsupported hardware.
[W910 12:05:52.909633266 NNPACK.cpp:56] Could not initialize NNPACK! Reason: Unsupported hardware.
[W910 12:05:52.910958162 NNPACK.cpp:56] Could not initialize NNPACK! Reason: Unsupported hardware.
[W910 12:05:53.340203093 NNPACK.cpp:56] Could not initialize NNPACK! Reason: Unsupported hardware.
[W910 12:05:53.340919773 NNPACK.cpp:56] Could not initialize NNPACK! Reason: Unsupported hardware.
[W910 12:05:53.341405513 NNPACK.cpp:56] Could not initialize NNPACK! Reason: Unsupported hardware.
[W910 12:05:53.341883788 NNPACK.cpp:56] Could not initialize NNPACK! Reason: Unsupported hardware.
[W910 12:05:53.342442407 NNPACK.cpp:56] Could not initialize NNPACK! Reason: Unsupported hardware.
[W910 12:05:53.342985202 NNPACK.cpp:56] Could not initialize NNPACK! Reason: Unsupported hardware.
[W910 12:05:53.343538033 NNPACK.cpp:56] Could not initialize NNPACK! Reason: Unsupported hardware.
[W910 12:05:53.344515673 NNPACK.cpp:56] Could not initialize NNPACK! Reason: Unsupported hardware.
[W910 12:05:53.838517566 NNPACK.cpp:56] Could not initialize NNPACK! Reason: Unsupported hardware.
[W910 12:05:53.839738111 NNPACK.cpp:56] Could not initialize NNPACK! Reason: Unsupported hardware.
[W910 12:05:53.840696821 NNPACK.cpp:56] Could not initialize NNPACK! Reason: Unsupported hardware.
[W910 12:05:53.841639758 NNPACK.cpp:56] Could not initialize NNPACK! Reason: Unsupported hardware.
[W910 12:05:53.842650976 NNPACK.cpp:56] Could not initialize NNPACK! Reason: Unsupported hardware.
[W910 12:05:53.843662393 NNPACK.cpp:56] Could not initialize NNPACK! Reason: Unsupported hardware.
[W910 12:05:53.844670831 NNPACK.cpp:56] Could not initialize NNPACK! Reason: Unsupported hardware.
[W910 12:05:53.846011168 NNPACK.cpp:56] Could not initialize NNPACK! Reason: Unsupported hardware.
[W910 12:05:54.280311180 NNPACK.cpp:56] Could not initialize NNPACK! Reason: Unsupported hardware.
[W910 12:05:54.281030971 NNPACK.cpp:56] Could not initialize NNPACK! Reason: Unsupported hardware.
[W910 12:05:54.281523870 NNPACK.cpp:56] Could not initialize NNPACK! Reason: Unsupported hardware.
[W910 12:05:54.282012903 NNPACK.cpp:56] Could not initialize NNPACK! Reason: Unsupported hardware.
[W910 12:05:54.282566510 NNPACK.cpp:56] Could not initialize NNPACK! Reason: Unsupported hardware.
[W910 12:05:54.283140336 NNPACK.cpp:56] Could not initialize NNPACK! Reason: Unsupported hardware.
[W910 12:05:54.283884356 NNPACK.cpp:56] Could not initialize NNPACK! Reason: Unsupported hardware.
[W910 12:05:54.284916961 NNPACK.cpp:56] Could not initialize NNPACK! Reason: Unsupported hardware.
[W910 12:05:54.780484157 NNPACK.cpp:56] Could not initialize NNPACK! Reason: Unsupported hardware.
[W910 12:05:54.781706494 NNPACK.cpp:56] Could not initialize NNPACK! Reason: Unsupported hardware.
[W910 12:05:54.782680533 NNPACK.cpp:56] Could not initialize NNPACK! Reason: Unsupported hardware.
[W910 12:05:54.783637627 NNPACK.cpp:56] Could not initialize NNPACK! Reason: Unsupported hardware.
[W910 12:05:54.784648887 NNPACK.cpp:56] Could not initialize NNPACK! Reason: Unsupported hardware.
[W910 12:05:54.785653104 NNPACK.cpp:56] Could not initialize NNPACK! Reason: Unsupported hardware.
[W910 12:05:54.786664018 NNPACK.cpp:56] Could not initialize NNPACK! Reason: Unsupported hardware.
[W910 12:05:54.788039644 NNPACK.cpp:56] Could not initialize NNPACK! Reason: Unsupported hardware.
[W910 12:05:55.221928355 NNPACK.cpp:56] Could not initialize NNPACK! Reason: Unsupported hardware.
[W910 12:05:55.222637137 NNPACK.cpp:56] Could not initialize NNPACK! Reason: Unsupported hardware.
[W910 12:05:55.223149373 NNPACK.cpp:56] Could not initialize NNPACK! Reason: Unsupported hardware.
[W910 12:05:55.223661993 NNPACK.cpp:56] Could not initialize NNPACK! Reason: Unsupported hardware.
[W910 12:05:55.224222752 NNPACK.cpp:56] Could not initialize NNPACK! Reason: Unsupported hardware.
[W910 12:05:55.224768663 NNPACK.cpp:56] Could not initialize NNPACK! Reason: Unsupported hardware.
[W910 12:05:55.225324290 NNPACK.cpp:56] Could not initialize NNPACK! Reason: Unsupported hardware.
[W910 12:05:55.226186137 NNPACK.cpp:56] Could not initialize NNPACK! Reason: Unsupported hardware.
[W910 12:05:55.727961264 NNPACK.cpp:56] Could not initialize NNPACK! Reason: Unsupported hardware.
[W910 12:05:55.729473676 NNPACK.cpp:56] Could not initialize NNPACK! Reason: Unsupported hardware.
[W910 12:05:55.730411077 NNPACK.cpp:56] Could not initialize NNPACK! Reason: Unsupported hardware.
[W910 12:05:55.731338321 NNPACK.cpp:56] Could not initialize NNPACK! Reason: Unsupported hardware.
[W910 12:05:55.732369464 NNPACK.cpp:56] Could not initialize NNPACK! Reason: Unsupported hardware.
[W910 12:05:55.733408450 NNPACK.cpp:56] Could not initialize NNPACK! Reason: Unsupported hardware.
[W910 12:05:55.734416249 NNPACK.cpp:56] Could not initialize NNPACK! Reason: Unsupported hardware.
[W910 12:05:55.735750739 NNPACK.cpp:56] Could not initialize NNPACK! Reason: Unsupported hardware.
[W910 12:05:56.174080373 NNPACK.cpp:56] Could not initialize NNPACK! Reason: Unsupported hardware.
[W910 12:05:56.174782689 NNPACK.cpp:56] Could not initialize NNPACK! Reason: Unsupported hardware.
[W910 12:05:56.175276082 NNPACK.cpp:56] Could not initialize NNPACK! Reason: Unsupported hardware.
[W910 12:05:56.175759686 NNPACK.cpp:56] Could not initialize NNPACK! Reason: Unsupported hardware.
[W910 12:05:56.176321412 NNPACK.cpp:56] Could not initialize NNPACK! Reason: Unsupported hardware.
[W910 12:05:56.176868082 NNPACK.cpp:56] Could not initialize NNPACK! Reason: Unsupported hardware.
[W910 12:05:56.177428853 NNPACK.cpp:56] Could not initialize NNPACK! Reason: Unsupported hardware.
[W910 12:05:56.178286282 NNPACK.cpp:56] Could not initialize NNPACK! Reason: Unsupported hardware.
[W910 12:05:56.673538767 NNPACK.cpp:56] Could not initialize NNPACK! Reason: Unsupported hardware.
[W910 12:05:56.674763512 NNPACK.cpp:56] Could not initialize NNPACK! Reason: Unsupported hardware.
[W910 12:05:56.675724819 NNPACK.cpp:56] Could not initialize NNPACK! Reason: Unsupported hardware.
[W910 12:05:56.676663395 NNPACK.cpp:56] Could not initialize NNPACK! Reason: Unsupported hardware.
[W910 12:05:56.677735393 NNPACK.cpp:56] Could not initialize NNPACK! Reason: Unsupported hardware.
[W910 12:05:56.678741432 NNPACK.cpp:56] Could not initialize NNPACK! Reason: Unsupported hardware.
[W910 12:05:56.679811736 NNPACK.cpp:56] Could not initialize NNPACK! Reason: Unsupported hardware.
[W910 12:05:56.681149660 NNPACK.cpp:56] Could not initialize NNPACK! Reason: Unsupported hardware.
[W910 12:05:57.112358768 NNPACK.cpp:56] Could not initialize NNPACK! Reason: Unsupported hardware.
[W910 12:05:57.113080655 NNPACK.cpp:56] Could not initialize NNPACK! Reason: Unsupported hardware.
[W910 12:05:57.113568967 NNPACK.cpp:56] Could not initialize NNPACK! Reason: Unsupported hardware.
[W910 12:05:57.114056141 NNPACK.cpp:56] Could not initialize NNPACK! Reason: Unsupported hardware.
[W910 12:05:57.114696640 NNPACK.cpp:56] Could not initialize NNPACK! Reason: Unsupported hardware.
[W910 12:05:57.115249802 NNPACK.cpp:56] Could not initialize NNPACK! Reason: Unsupported hardware.
[W910 12:05:57.115798762 NNPACK.cpp:56] Could not initialize NNPACK! Reason: Unsupported hardware.
[W910 12:05:57.116666852 NNPACK.cpp:56] Could not initialize NNPACK! Reason: Unsupported hardware.
[W910 12:05:57.615100233 NNPACK.cpp:56] Could not initialize NNPACK! Reason: Unsupported hardware.
[W910 12:05:57.616336538 NNPACK.cpp:56] Could not initialize NNPACK! Reason: Unsupported hardware.
[W910 12:05:57.617298397 NNPACK.cpp:56] Could not initialize NNPACK! Reason: Unsupported hardware.
[W910 12:05:57.618228383 NNPACK.cpp:56] Could not initialize NNPACK! Reason: Unsupported hardware.
[W910 12:05:57.619257315 NNPACK.cpp:56] Could not initialize NNPACK! Reason: Unsupported hardware.
[W910 12:05:57.620280097 NNPACK.cpp:56] Could not initialize NNPACK! Reason: Unsupported hardware.
[W910 12:05:57.621301497 NNPACK.cpp:56] Could not initialize NNPACK! Reason: Unsupported hardware.
[W910 12:05:57.622625572 NNPACK.cpp:56] Could not initialize NNPACK! Reason: Unsupported hardware.
[W910 12:05:58.059480051 NNPACK.cpp:56] Could not initialize NNPACK! Reason: Unsupported hardware.
[W910 12:05:58.060242754 NNPACK.cpp:56] Could not initialize NNPACK! Reason: Unsupported hardware.
[W910 12:05:58.065274221 NNPACK.cpp:56] Could not initialize NNPACK! Reason: Unsupported hardware.
[W910 12:05:58.065843417 NNPACK.cpp:56] Could not initialize NNPACK! Reason: Unsupported hardware.
[W910 12:05:58.066468939 NNPACK.cpp:56] Could not initialize NNPACK! Reason: Unsupported hardware.
[W910 12:05:58.067091492 NNPACK.cpp:56] Could not initialize NNPACK! Reason: Unsupported hardware.
[W910 12:05:58.067669252 NNPACK.cpp:56] Could not initialize NNPACK! Reason: Unsupported hardware.
[W910 12:05:58.068594326 NNPACK.cpp:56] Could not initialize NNPACK! Reason: Unsupported hardware.
[W910 12:05:58.559552977 NNPACK.cpp:56] Could not initialize NNPACK! Reason: Unsupported hardware.
[W910 12:05:58.560783147 NNPACK.cpp:56] Could not initialize NNPACK! Reason: Unsupported hardware.
[W910 12:05:58.561741844 NNPACK.cpp:56] Could not initialize NNPACK! Reason: Unsupported hardware.
[W910 12:05:58.562681120 NNPACK.cpp:56] Could not initialize NNPACK! Reason: Unsupported hardware.
[W910 12:05:58.563744878 NNPACK.cpp:56] Could not initialize NNPACK! Reason: Unsupported hardware.
[W910 12:05:58.564770011 NNPACK.cpp:56] Could not initialize NNPACK! Reason: Unsupported hardware.
[W910 12:05:58.565779166 NNPACK.cpp:56] Could not initialize NNPACK! Reason: Unsupported hardware.
[W910 12:05:58.567123509 NNPACK.cpp:56] Could not initialize NNPACK! Reason: Unsupported hardware.
[W910 12:05:59.002629444 NNPACK.cpp:56] Could not initialize NNPACK! Reason: Unsupported hardware.
[W910 12:05:59.003369705 NNPACK.cpp:56] Could not initialize NNPACK! Reason: Unsupported hardware.
[W910 12:05:59.003855872 NNPACK.cpp:56] Could not initialize NNPACK! Reason: Unsupported hardware.
[W910 12:05:59.004433338 NNPACK.cpp:56] Could not initialize NNPACK! Reason: Unsupported hardware.
[W910 12:05:59.004994013 NNPACK.cpp:56] Could not initialize NNPACK! Reason: Unsupported hardware.
[W910 12:05:59.005559276 NNPACK.cpp:56] Could not initialize NNPACK! Reason: Unsupported hardware.
[W910 12:05:59.006141716 NNPACK.cpp:56] Could not initialize NNPACK! Reason: Unsupported hardware.
[W910 12:05:59.007044356 NNPACK.cpp:56] Could not initialize NNPACK! Reason: Unsupported hardware.
[W910 12:05:59.505516881 NNPACK.cpp:56] Could not initialize NNPACK! Reason: Unsupported hardware.
[W910 12:05:59.506741575 NNPACK.cpp:56] Could not initialize NNPACK! Reason: Unsupported hardware.
[W910 12:05:59.507702501 NNPACK.cpp:56] Could not initialize NNPACK! Reason: Unsupported hardware.
[W910 12:05:59.508625444 NNPACK.cpp:56] Could not initialize NNPACK! Reason: Unsupported hardware.
[W910 12:05:59.509657499 NNPACK.cpp:56] Could not initialize NNPACK! Reason: Unsupported hardware.
[W910 12:05:59.510693282 NNPACK.cpp:56] Could not initialize NNPACK! Reason: Unsupported hardware.
[W910 12:05:59.511702068 NNPACK.cpp:56] Could not initialize NNPACK! Reason: Unsupported hardware.
[W910 12:05:59.513040998 NNPACK.cpp:56] Could not initialize NNPACK! Reason: Unsupported hardware.
[W910 12:06:00.948920951 NNPACK.cpp:56] Could not initialize NNPACK! Reason: Unsupported hardware.
[W910 12:06:00.949662861 NNPACK.cpp:56] Could not initialize NNPACK! Reason: Unsupported hardware.
[W910 12:06:00.950163529 NNPACK.cpp:56] Could not initialize NNPACK! Reason: Unsupported hardware.
[W910 12:06:00.950651793 NNPACK.cpp:56] Could not initialize NNPACK! Reason: Unsupported hardware.
[W910 12:06:00.951215213 NNPACK.cpp:56] Could not initialize NNPACK! Reason: Unsupported hardware.
[W910 12:06:00.951764298 NNPACK.cpp:56] Could not initialize NNPACK! Reason: Unsupported hardware.
[W910 12:06:00.952322567 NNPACK.cpp:56] Could not initialize NNPACK! Reason: Unsupported hardware.
[W910 12:06:00.953199516 NNPACK.cpp:56] Could not initialize NNPACK! Reason: Unsupported hardware.
[W910 12:06:00.445674720 NNPACK.cpp:56] Could not initialize NNPACK! Reason: Unsupported hardware.
[W910 12:06:00.446890341 NNPACK.cpp:56] Could not initialize NNPACK! Reason: Unsupported hardware.
[W910 12:06:00.447841783 NNPACK.cpp:56] Could not initialize NNPACK! Reason: Unsupported hardware.
[W910 12:06:00.448742698 NNPACK.cpp:56] Could not initialize NNPACK! Reason: Unsupported hardware.
[W910 12:06:00.449747050 NNPACK.cpp:56] Could not initialize NNPACK! Reason: Unsupported hardware.
[W910 12:06:00.450743014 NNPACK.cpp:56] Could not initialize NNPACK! Reason: Unsupported hardware.
[W910 12:06:00.451738994 NNPACK.cpp:56] Could not initialize NNPACK! Reason: Unsupported hardware.
[W910 12:06:00.453064769 NNPACK.cpp:56] Could not initialize NNPACK! Reason: Unsupported hardware.
[W910 12:06:00.887611045 NNPACK.cpp:56] Could not initialize NNPACK! Reason: Unsupported hardware.
[W910 12:06:00.888360635 NNPACK.cpp:56] Could not initialize NNPACK! Reason: Unsupported hardware.
[W910 12:06:00.888848261 NNPACK.cpp:56] Could not initialize NNPACK! Reason: Unsupported hardware.
[W910 12:06:00.889331800 NNPACK.cpp:56] Could not initialize NNPACK! Reason: Unsupported hardware.
[W910 12:06:00.889877370 NNPACK.cpp:56] Could not initialize NNPACK! Reason: Unsupported hardware.
[W910 12:06:00.890424279 NNPACK.cpp:56] Could not initialize NNPACK! Reason: Unsupported hardware.
[W910 12:06:00.890987731 NNPACK.cpp:56] Could not initialize NNPACK! Reason: Unsupported hardware.
[W910 12:06:00.891851469 NNPACK.cpp:56] Could not initialize NNPACK! Reason: Unsupported hardware.
[W910 12:06:01.386456668 NNPACK.cpp:56] Could not initialize NNPACK! Reason: Unsupported hardware.
[W910 12:06:01.387705182 NNPACK.cpp:56] Could not initialize NNPACK! Reason: Unsupported hardware.
[W910 12:06:01.388663200 NNPACK.cpp:56] Could not initialize NNPACK! Reason: Unsupported hardware.
[W910 12:06:01.389615725 NNPACK.cpp:56] Could not initialize NNPACK! Reason: Unsupported hardware.
[W910 12:06:01.390676918 NNPACK.cpp:56] Could not initialize NNPACK! Reason: Unsupported hardware.
[W910 12:06:01.391685067 NNPACK.cpp:56] Could not initialize NNPACK! Reason: Unsupported hardware.
[W910 12:06:01.392686513 NNPACK.cpp:56] Could not initialize NNPACK! Reason: Unsupported hardware.
[W910 12:06:01.394028198 NNPACK.cpp:56] Could not initialize NNPACK! Reason: Unsupported hardware.
[W910 12:06:01.827459443 NNPACK.cpp:56] Could not initialize NNPACK! Reason: Unsupported hardware.
[W910 12:06:01.828188024 NNPACK.cpp:56] Could not initialize NNPACK! Reason: Unsupported hardware.
[W910 12:06:01.828675600 NNPACK.cpp:56] Could not initialize NNPACK! Reason: Unsupported hardware.
[W910 12:06:01.829181198 NNPACK.cpp:56] Could not initialize NNPACK! Reason: Unsupported hardware.
[W910 12:06:01.829736696 NNPACK.cpp:56] Could not initialize NNPACK! Reason: Unsupported hardware.
[W910 12:06:01.830290359 NNPACK.cpp:56] Could not initialize NNPACK! Reason: Unsupported hardware.
[W910 12:06:01.830853826 NNPACK.cpp:56] Could not initialize NNPACK! Reason: Unsupported hardware.
[W910 12:06:01.831725218 NNPACK.cpp:56] Could not initialize NNPACK! Reason: Unsupported hardware.
[W910 12:06:02.327554223 NNPACK.cpp:56] Could not initialize NNPACK! Reason: Unsupported hardware.
[W910 12:06:02.328779982 NNPACK.cpp:56] Could not initialize NNPACK! Reason: Unsupported hardware.
[W910 12:06:02.329735327 NNPACK.cpp:56] Could not initialize NNPACK! Reason: Unsupported hardware.
[W910 12:06:02.330661453 NNPACK.cpp:56] Could not initialize NNPACK! Reason: Unsupported hardware.
[W910 12:06:02.331675370 NNPACK.cpp:56] Could not initialize NNPACK! Reason: Unsupported hardware.
[W910 12:06:02.332677867 NNPACK.cpp:56] Could not initialize NNPACK! Reason: Unsupported hardware.
[W910 12:06:02.333684227 NNPACK.cpp:56] Could not initialize NNPACK! Reason: Unsupported hardware.
[W910 12:06:02.335022149 NNPACK.cpp:56] Could not initialize NNPACK! Reason: Unsupported hardware.
[W910 12:06:02.771113998 NNPACK.cpp:56] Could not initialize NNPACK! Reason: Unsupported hardware.
[W910 12:06:02.771840976 NNPACK.cpp:56] Could not initialize NNPACK! Reason: Unsupported hardware.
[W910 12:06:02.772342568 NNPACK.cpp:56] Could not initialize NNPACK! Reason: Unsupported hardware.
[W910 12:06:02.772826951 NNPACK.cpp:56] Could not initialize NNPACK! Reason: Unsupported hardware.
[W910 12:06:02.773387241 NNPACK.cpp:56] Could not initialize NNPACK! Reason: Unsupported hardware.
[W910 12:06:02.773935319 NNPACK.cpp:56] Could not initialize NNPACK! Reason: Unsupported hardware.
[W910 12:06:02.774490830 NNPACK.cpp:56] Could not initialize NNPACK! Reason: Unsupported hardware.
[W910 12:06:02.775381657 NNPACK.cpp:56] Could not initialize NNPACK! Reason: Unsupported hardware.
[W910 12:06:03.275355281 NNPACK.cpp:56] Could not initialize NNPACK! Reason: Unsupported hardware.
[W910 12:06:03.276588236 NNPACK.cpp:56] Could not initialize NNPACK! Reason: Unsupported hardware.
[W910 12:06:03.281492607 NNPACK.cpp:56] Could not initialize NNPACK! Reason: Unsupported hardware.
[W910 12:06:03.282409967 NNPACK.cpp:56] Could not initialize NNPACK! Reason: Unsupported hardware.
[W910 12:06:03.283444442 NNPACK.cpp:56] Could not initialize NNPACK! Reason: Unsupported hardware.
[W910 12:06:03.284476176 NNPACK.cpp:56] Could not initialize NNPACK! Reason: Unsupported hardware.
[W910 12:06:03.285515935 NNPACK.cpp:56] Could not initialize NNPACK! Reason: Unsupported hardware.
[W910 12:06:03.286900732 NNPACK.cpp:56] Could not initialize NNPACK! Reason: Unsupported hardware.
[W910 12:06:03.713598063 NNPACK.cpp:56] Could not initialize NNPACK! Reason: Unsupported hardware.
[W910 12:06:03.714341237 NNPACK.cpp:56] Could not initialize NNPACK! Reason: Unsupported hardware.
[W910 12:06:03.714830827 NNPACK.cpp:56] Could not initialize NNPACK! Reason: Unsupported hardware.
[W910 12:06:03.715327503 NNPACK.cpp:56] Could not initialize NNPACK! Reason: Unsupported hardware.
[W910 12:06:03.715882899 NNPACK.cpp:56] Could not initialize NNPACK! Reason: Unsupported hardware.
[W910 12:06:03.716438648 NNPACK.cpp:56] Could not initialize NNPACK! Reason: Unsupported hardware.
[W910 12:06:03.717037973 NNPACK.cpp:56] Could not initialize NNPACK! Reason: Unsupported hardware.
[W910 12:06:03.717963536 NNPACK.cpp:56] Could not initialize NNPACK! Reason: Unsupported hardware.
[W910 12:06:04.215237930 NNPACK.cpp:56] Could not initialize NNPACK! Reason: Unsupported hardware.
[W910 12:06:04.216747019 NNPACK.cpp:56] Could not initialize NNPACK! Reason: Unsupported hardware.
[W910 12:06:04.217676040 NNPACK.cpp:56] Could not initialize NNPACK! Reason: Unsupported hardware.
[W910 12:06:04.218611939 NNPACK.cpp:56] Could not initialize NNPACK! Reason: Unsupported hardware.
[W910 12:06:04.219613345 NNPACK.cpp:56] Could not initialize NNPACK! Reason: Unsupported hardware.
[W910 12:06:04.220625561 NNPACK.cpp:56] Could not initialize NNPACK! Reason: Unsupported hardware.
[W910 12:06:04.221623384 NNPACK.cpp:56] Could not initialize NNPACK! Reason: Unsupported hardware.
[W910 12:06:04.222948668 NNPACK.cpp:56] Could not initialize NNPACK! Reason: Unsupported hardware.
[W910 12:06:04.655824346 NNPACK.cpp:56] Could not initialize NNPACK! Reason: Unsupported hardware.
[W910 12:06:04.656462590 NNPACK.cpp:56] Could not initialize NNPACK! Reason: Unsupported hardware.
[W910 12:06:04.656947773 NNPACK.cpp:56] Could not initialize NNPACK! Reason: Unsupported hardware.
[W910 12:06:04.657427579 NNPACK.cpp:56] Could not initialize NNPACK! Reason: Unsupported hardware.
[W910 12:06:04.657971253 NNPACK.cpp:56] Could not initialize NNPACK! Reason: Unsupported hardware.
[W910 12:06:04.658513017 NNPACK.cpp:56] Could not initialize NNPACK! Reason: Unsupported hardware.
[W910 12:06:04.659061527 NNPACK.cpp:56] Could not initialize NNPACK! Reason: Unsupported hardware.
[W910 12:06:04.659861975 NNPACK.cpp:56] Could not initialize NNPACK! Reason: Unsupported hardware.
[W910 12:06:05.153211404 NNPACK.cpp:56] Could not initialize NNPACK! Reason: Unsupported hardware.
[W910 12:06:05.154445919 NNPACK.cpp:56] Could not initialize NNPACK! Reason: Unsupported hardware.
[W910 12:06:05.155406319 NNPACK.cpp:56] Could not initialize NNPACK! Reason: Unsupported hardware.
[W910 12:06:05.156358424 NNPACK.cpp:56] Could not initialize NNPACK! Reason: Unsupported hardware.
[W910 12:06:05.157399480 NNPACK.cpp:56] Could not initialize NNPACK! Reason: Unsupported hardware.
[W910 12:06:05.158410038 NNPACK.cpp:56] Could not initialize NNPACK! Reason: Unsupported hardware.
[W910 12:06:05.159422525 NNPACK.cpp:56] Could not initialize NNPACK! Reason: Unsupported hardware.
[W910 12:06:05.160756384 NNPACK.cpp:56] Could not initialize NNPACK! Reason: Unsupported hardware.
[W910 12:06:05.593894516 NNPACK.cpp:56] Could not initialize NNPACK! Reason: Unsupported hardware.
[W910 12:06:05.594564066 NNPACK.cpp:56] Could not initialize NNPACK! Reason: Unsupported hardware.
[W910 12:06:05.595057714 NNPACK.cpp:56] Could not initialize NNPACK! Reason: Unsupported hardware.
[W910 12:06:05.595538900 NNPACK.cpp:56] Could not initialize NNPACK! Reason: Unsupported hardware.
[W910 12:06:05.596098715 NNPACK.cpp:56] Could not initialize NNPACK! Reason: Unsupported hardware.
[W910 12:06:05.596644619 NNPACK.cpp:56] Could not initialize NNPACK! Reason: Unsupported hardware.
[W910 12:06:05.597200063 NNPACK.cpp:56] Could not initialize NNPACK! Reason: Unsupported hardware.
[W910 12:06:05.598032013 NNPACK.cpp:56] Could not initialize NNPACK! Reason: Unsupported hardware.
[W910 12:06:05.940377413 NNPACK.cpp:56] Could not initialize NNPACK! Reason: Unsupported hardware.
[W910 12:06:05.940906424 NNPACK.cpp:56] Could not initialize NNPACK! Reason: Unsupported hardware.
[W910 12:06:05.941177860 NNPACK.cpp:56] Could not initialize NNPACK! Reason: Unsupported hardware.
[W910 12:06:05.941434934 NNPACK.cpp:56] Could not initialize NNPACK! Reason: Unsupported hardware.
[W910 12:06:05.941718304 NNPACK.cpp:56] Could not initialize NNPACK! Reason: Unsupported hardware.
[W910 12:06:05.941997810 NNPACK.cpp:56] Could not initialize NNPACK! Reason: Unsupported hardware.
[W910 12:06:05.942285954 NNPACK.cpp:56] Could not initialize NNPACK! Reason: Unsupported hardware.
[W910 12:06:05.942913396 NNPACK.cpp:56] Could not initialize NNPACK! Reason: Unsupported hardware.
[W910 12:06:06.284606438 NNPACK.cpp:56] Could not initialize NNPACK! Reason: Unsupported hardware.
[W910 12:06:06.286322720 NNPACK.cpp:56] Could not initialize NNPACK! Reason: Unsupported hardware.
[W910 12:06:06.287722813 NNPACK.cpp:56] Could not initialize NNPACK! Reason: Unsupported hardware.
[W910 12:06:06.289131695 NNPACK.cpp:56] Could not initialize NNPACK! Reason: Unsupported hardware.
[W910 12:06:06.290659736 NNPACK.cpp:56] Could not initialize NNPACK! Reason: Unsupported hardware.
[W910 12:06:06.292324384 NNPACK.cpp:56] Could not initialize NNPACK! Reason: Unsupported hardware.
[W910 12:06:06.293857559 NNPACK.cpp:56] Could not initialize NNPACK! Reason: Unsupported hardware.
[W910 12:06:06.295785726 NNPACK.cpp:56] Could not initialize NNPACK! Reason: Unsupported hardware.
[W910 12:06:06.722217889 NNPACK.cpp:56] Could not initialize NNPACK! Reason: Unsupported hardware.
[W910 12:06:06.722695044 NNPACK.cpp:56] Could not initialize NNPACK! Reason: Unsupported hardware.
[W910 12:06:06.722916487 NNPACK.cpp:56] Could not initialize NNPACK! Reason: Unsupported hardware.
[W910 12:06:06.723162075 NNPACK.cpp:56] Could not initialize NNPACK! Reason: Unsupported hardware.
[W910 12:06:06.723407204 NNPACK.cpp:56] Could not initialize NNPACK! Reason: Unsupported hardware.
[W910 12:06:06.723646458 NNPACK.cpp:56] Could not initialize NNPACK! Reason: Unsupported hardware.
[W910 12:06:06.723883487 NNPACK.cpp:56] Could not initialize NNPACK! Reason: Unsupported hardware.
[W910 12:06:06.724449412 NNPACK.cpp:56] Could not initialize NNPACK! Reason: Unsupported hardware.
[W910 12:06:07.982969819 NNPACK.cpp:56] Could not initialize NNPACK! Reason: Unsupported hardware.
[W910 12:06:07.983914593 NNPACK.cpp:56] Could not initialize NNPACK! Reason: Unsupported hardware.
[W910 12:06:07.984592566 NNPACK.cpp:56] Could not initialize NNPACK! Reason: Unsupported hardware.
[W910 12:06:07.985265044 NNPACK.cpp:56] Could not initialize NNPACK! Reason: Unsupported hardware.
[W910 12:06:07.986028560 NNPACK.cpp:56] Could not initialize NNPACK! Reason: Unsupported hardware.
[W910 12:06:07.986782513 NNPACK.cpp:56] Could not initialize NNPACK! Reason: Unsupported hardware.
[W910 12:06:07.987483917 NNPACK.cpp:56] Could not initialize NNPACK! Reason: Unsupported hardware.
[W910 12:06:07.988534440 NNPACK.cpp:56] Could not initialize NNPACK! Reason: Unsupported hardware.
[W910 12:06:07.750954396 NNPACK.cpp:56] Could not initialize NNPACK! Reason: Unsupported hardware.
[W910 12:06:07.752171535 NNPACK.cpp:56] Could not initialize NNPACK! Reason: Unsupported hardware.
[W910 12:06:07.753120095 NNPACK.cpp:56] Could not initialize NNPACK! Reason: Unsupported hardware.
[W910 12:06:07.754063697 NNPACK.cpp:56] Could not initialize NNPACK! Reason: Unsupported hardware.
[W910 12:06:07.755102157 NNPACK.cpp:56] Could not initialize NNPACK! Reason: Unsupported hardware.
[W910 12:06:07.756116638 NNPACK.cpp:56] Could not initialize NNPACK! Reason: Unsupported hardware.
[W910 12:06:07.757115818 NNPACK.cpp:56] Could not initialize NNPACK! Reason: Unsupported hardware.
[W910 12:06:07.758458749 NNPACK.cpp:56] Could not initialize NNPACK! Reason: Unsupported hardware.
[W910 12:06:08.192136692 NNPACK.cpp:56] Could not initialize NNPACK! Reason: Unsupported hardware.
[W910 12:06:08.192859262 NNPACK.cpp:56] Could not initialize NNPACK! Reason: Unsupported hardware.
[W910 12:06:08.193348861 NNPACK.cpp:56] Could not initialize NNPACK! Reason: Unsupported hardware.
[W910 12:06:08.193834973 NNPACK.cpp:56] Could not initialize NNPACK! Reason: Unsupported hardware.
[W910 12:06:08.194387676 NNPACK.cpp:56] Could not initialize NNPACK! Reason: Unsupported hardware.
[W910 12:06:08.194930135 NNPACK.cpp:56] Could not initialize NNPACK! Reason: Unsupported hardware.
[W910 12:06:08.195481854 NNPACK.cpp:56] Could not initialize NNPACK! Reason: Unsupported hardware.
[W910 12:06:08.196358939 NNPACK.cpp:56] Could not initialize NNPACK! Reason: Unsupported hardware.
[W910 12:06:08.695305943 NNPACK.cpp:56] Could not initialize NNPACK! Reason: Unsupported hardware.
[W910 12:06:08.696533262 NNPACK.cpp:56] Could not initialize NNPACK! Reason: Unsupported hardware.
[W910 12:06:08.697493425 NNPACK.cpp:56] Could not initialize NNPACK! Reason: Unsupported hardware.
[W910 12:06:08.698449417 NNPACK.cpp:56] Could not initialize NNPACK! Reason: Unsupported hardware.
[W910 12:06:08.699472618 NNPACK.cpp:56] Could not initialize NNPACK! Reason: Unsupported hardware.
[W910 12:06:08.700478180 NNPACK.cpp:56] Could not initialize NNPACK! Reason: Unsupported hardware.
[W910 12:06:08.701489224 NNPACK.cpp:56] Could not initialize NNPACK! Reason: Unsupported hardware.
[W910 12:06:08.702816277 NNPACK.cpp:56] Could not initialize NNPACK! Reason: Unsupported hardware.
[W910 12:06:09.137831478 NNPACK.cpp:56] Could not initialize NNPACK! Reason: Unsupported hardware.
[W910 12:06:09.138632963 NNPACK.cpp:56] Could not initialize NNPACK! Reason: Unsupported hardware.
[W910 12:06:09.139251781 NNPACK.cpp:56] Could not initialize NNPACK! Reason: Unsupported hardware.
[W910 12:06:09.139828199 NNPACK.cpp:56] Could not initialize NNPACK! Reason: Unsupported hardware.
[W910 12:06:09.140482164 NNPACK.cpp:56] Could not initialize NNPACK! Reason: Unsupported hardware.
[W910 12:06:09.141078008 NNPACK.cpp:56] Could not initialize NNPACK! Reason: Unsupported hardware.
[W910 12:06:09.141659773 NNPACK.cpp:56] Could not initialize NNPACK! Reason: Unsupported hardware.
[W910 12:06:09.142598966 NNPACK.cpp:56] Could not initialize NNPACK! Reason: Unsupported hardware.
[W910 12:06:09.638264206 NNPACK.cpp:56] Could not initialize NNPACK! Reason: Unsupported hardware.
[W910 12:06:09.639485327 NNPACK.cpp:56] Could not initialize NNPACK! Reason: Unsupported hardware.
[W910 12:06:09.640437072 NNPACK.cpp:56] Could not initialize NNPACK! Reason: Unsupported hardware.
[W910 12:06:09.641377749 NNPACK.cpp:56] Could not initialize NNPACK! Reason: Unsupported hardware.
[W910 12:06:09.642466396 NNPACK.cpp:56] Could not initialize NNPACK! Reason: Unsupported hardware.
[W910 12:06:09.643547801 NNPACK.cpp:56] Could not initialize NNPACK! Reason: Unsupported hardware.
[W910 12:06:09.644621050 NNPACK.cpp:56] Could not initialize NNPACK! Reason: Unsupported hardware.
[W910 12:06:09.646063739 NNPACK.cpp:56] Could not initialize NNPACK! Reason: Unsupported hardware.
[W910 12:06:10.081324615 NNPACK.cpp:56] Could not initialize NNPACK! Reason: Unsupported hardware.
[W910 12:06:10.082028772 NNPACK.cpp:56] Could not initialize NNPACK! Reason: Unsupported hardware.
[W910 12:06:10.082511098 NNPACK.cpp:56] Could not initialize NNPACK! Reason: Unsupported hardware.
[W910 12:06:10.082988552 NNPACK.cpp:56] Could not initialize NNPACK! Reason: Unsupported hardware.
[W910 12:06:10.083557704 NNPACK.cpp:56] Could not initialize NNPACK! Reason: Unsupported hardware.
[W910 12:06:10.084109550 NNPACK.cpp:56] Could not initialize NNPACK! Reason: Unsupported hardware.
[W910 12:06:10.084655248 NNPACK.cpp:56] Could not initialize NNPACK! Reason: Unsupported hardware.
[W910 12:06:10.085510111 NNPACK.cpp:56] Could not initialize NNPACK! Reason: Unsupported hardware.
[W910 12:06:10.581509230 NNPACK.cpp:56] Could not initialize NNPACK! Reason: Unsupported hardware.
[W910 12:06:10.582747202 NNPACK.cpp:56] Could not initialize NNPACK! Reason: Unsupported hardware.
[W910 12:06:10.583685064 NNPACK.cpp:56] Could not initialize NNPACK! Reason: Unsupported hardware.
[W910 12:06:10.584621463 NNPACK.cpp:56] Could not initialize NNPACK! Reason: Unsupported hardware.
[W910 12:06:10.585644946 NNPACK.cpp:56] Could not initialize NNPACK! Reason: Unsupported hardware.
[W910 12:06:10.586695289 NNPACK.cpp:56] Could not initialize NNPACK! Reason: Unsupported hardware.
[W910 12:06:10.587706202 NNPACK.cpp:56] Could not initialize NNPACK! Reason: Unsupported hardware.
[W910 12:06:10.589082860 NNPACK.cpp:56] Could not initialize NNPACK! Reason: Unsupported hardware.
[W910 12:06:11.024618641 NNPACK.cpp:56] Could not initialize NNPACK! Reason: Unsupported hardware.
[W910 12:06:11.025412072 NNPACK.cpp:56] Could not initialize NNPACK! Reason: Unsupported hardware.
[W910 12:06:11.025934323 NNPACK.cpp:56] Could not initialize NNPACK! Reason: Unsupported hardware.
[W910 12:06:11.026481989 NNPACK.cpp:56] Could not initialize NNPACK! Reason: Unsupported hardware.
[W910 12:06:11.027059057 NNPACK.cpp:56] Could not initialize NNPACK! Reason: Unsupported hardware.
[W910 12:06:11.027623068 NNPACK.cpp:56] Could not initialize NNPACK! Reason: Unsupported hardware.
[W910 12:06:11.028197991 NNPACK.cpp:56] Could not initialize NNPACK! Reason: Unsupported hardware.
[W910 12:06:11.029085130 NNPACK.cpp:56] Could not initialize NNPACK! Reason: Unsupported hardware.
[W910 12:06:11.519432417 NNPACK.cpp:56] Could not initialize NNPACK! Reason: Unsupported hardware.
[W910 12:06:11.520675510 NNPACK.cpp:56] Could not initialize NNPACK! Reason: Unsupported hardware.
[W910 12:06:11.521636474 NNPACK.cpp:56] Could not initialize NNPACK! Reason: Unsupported hardware.
[W910 12:06:11.522591591 NNPACK.cpp:56] Could not initialize NNPACK! Reason: Unsupported hardware.
[W910 12:06:11.523650887 NNPACK.cpp:56] Could not initialize NNPACK! Reason: Unsupported hardware.
[W910 12:06:11.524661466 NNPACK.cpp:56] Could not initialize NNPACK! Reason: Unsupported hardware.
[W910 12:06:11.525678442 NNPACK.cpp:56] Could not initialize NNPACK! Reason: Unsupported hardware.
[W910 12:06:11.527017511 NNPACK.cpp:56] Could not initialize NNPACK! Reason: Unsupported hardware.
[W910 12:06:12.961866434 NNPACK.cpp:56] Could not initialize NNPACK! Reason: Unsupported hardware.
[W910 12:06:12.962603730 NNPACK.cpp:56] Could not initialize NNPACK! Reason: Unsupported hardware.
[W910 12:06:12.963139600 NNPACK.cpp:56] Could not initialize NNPACK! Reason: Unsupported hardware.
[W910 12:06:12.963624493 NNPACK.cpp:56] Could not initialize NNPACK! Reason: Unsupported hardware.
[W910 12:06:12.964192103 NNPACK.cpp:56] Could not initialize NNPACK! Reason: Unsupported hardware.
[W910 12:06:12.964740474 NNPACK.cpp:56] Could not initialize NNPACK! Reason: Unsupported hardware.
[W910 12:06:12.965296311 NNPACK.cpp:56] Could not initialize NNPACK! Reason: Unsupported hardware.
[W910 12:06:12.966170355 NNPACK.cpp:56] Could not initialize NNPACK! Reason: Unsupported hardware.
[W910 12:06:12.460910425 NNPACK.cpp:56] Could not initialize NNPACK! Reason: Unsupported hardware.
[W910 12:06:12.462144805 NNPACK.cpp:56] Could not initialize NNPACK! Reason: Unsupported hardware.
[W910 12:06:12.463109966 NNPACK.cpp:56] Could not initialize NNPACK! Reason: Unsupported hardware.
[W910 12:06:12.464036296 NNPACK.cpp:56] Could not initialize NNPACK! Reason: Unsupported hardware.
[W910 12:06:12.465103205 NNPACK.cpp:56] Could not initialize NNPACK! Reason: Unsupported hardware.
[W910 12:06:12.466112487 NNPACK.cpp:56] Could not initialize NNPACK! Reason: Unsupported hardware.
[W910 12:06:12.467141982 NNPACK.cpp:56] Could not initialize NNPACK! Reason: Unsupported hardware.
[W910 12:06:12.468474229 NNPACK.cpp:56] Could not initialize NNPACK! Reason: Unsupported hardware.
[W910 12:06:12.906755583 NNPACK.cpp:56] Could not initialize NNPACK! Reason: Unsupported hardware.
[W910 12:06:12.907546113 NNPACK.cpp:56] Could not initialize NNPACK! Reason: Unsupported hardware.
[W910 12:06:12.908076749 NNPACK.cpp:56] Could not initialize NNPACK! Reason: Unsupported hardware.
[W910 12:06:12.908562278 NNPACK.cpp:56] Could not initialize NNPACK! Reason: Unsupported hardware.
[W910 12:06:12.909121611 NNPACK.cpp:56] Could not initialize NNPACK! Reason: Unsupported hardware.
[W910 12:06:12.909670330 NNPACK.cpp:56] Could not initialize NNPACK! Reason: Unsupported hardware.
[W910 12:06:12.910243417 NNPACK.cpp:56] Could not initialize NNPACK! Reason: Unsupported hardware.
[W910 12:06:12.911123475 NNPACK.cpp:56] Could not initialize NNPACK! Reason: Unsupported hardware.
[W910 12:06:13.407671808 NNPACK.cpp:56] Could not initialize NNPACK! Reason: Unsupported hardware.
[W910 12:06:13.409544498 NNPACK.cpp:56] Could not initialize NNPACK! Reason: Unsupported hardware.
[W910 12:06:13.411044674 NNPACK.cpp:56] Could not initialize NNPACK! Reason: Unsupported hardware.
[W910 12:06:13.412483626 NNPACK.cpp:56] Could not initialize NNPACK! Reason: Unsupported hardware.
[W910 12:06:13.414098914 NNPACK.cpp:56] Could not initialize NNPACK! Reason: Unsupported hardware.
[W910 12:06:13.415686203 NNPACK.cpp:56] Could not initialize NNPACK! Reason: Unsupported hardware.
[W910 12:06:13.417281817 NNPACK.cpp:56] Could not initialize NNPACK! Reason: Unsupported hardware.
[W910 12:06:13.422815116 NNPACK.cpp:56] Could not initialize NNPACK! Reason: Unsupported hardware.
[W910 12:06:13.853269250 NNPACK.cpp:56] Could not initialize NNPACK! Reason: Unsupported hardware.
[W910 12:06:13.854089081 NNPACK.cpp:56] Could not initialize NNPACK! Reason: Unsupported hardware.
[W910 12:06:13.854621908 NNPACK.cpp:56] Could not initialize NNPACK! Reason: Unsupported hardware.
[W910 12:06:13.855131884 NNPACK.cpp:56] Could not initialize NNPACK! Reason: Unsupported hardware.
[W910 12:06:13.855699348 NNPACK.cpp:56] Could not initialize NNPACK! Reason: Unsupported hardware.
[W910 12:06:13.856288476 NNPACK.cpp:56] Could not initialize NNPACK! Reason: Unsupported hardware.
[W910 12:06:13.856855099 NNPACK.cpp:56] Could not initialize NNPACK! Reason: Unsupported hardware.
[W910 12:06:13.857751157 NNPACK.cpp:56] Could not initialize NNPACK! Reason: Unsupported hardware.
[W910 12:06:14.351805808 NNPACK.cpp:56] Could not initialize NNPACK! Reason: Unsupported hardware.
[W910 12:06:14.353027332 NNPACK.cpp:56] Could not initialize NNPACK! Reason: Unsupported hardware.
[W910 12:06:14.353968635 NNPACK.cpp:56] Could not initialize NNPACK! Reason: Unsupported hardware.
[W910 12:06:14.354908848 NNPACK.cpp:56] Could not initialize NNPACK! Reason: Unsupported hardware.
[W910 12:06:14.355955496 NNPACK.cpp:56] Could not initialize NNPACK! Reason: Unsupported hardware.
[W910 12:06:14.356976552 NNPACK.cpp:56] Could not initialize NNPACK! Reason: Unsupported hardware.
[W910 12:06:14.357983074 NNPACK.cpp:56] Could not initialize NNPACK! Reason: Unsupported hardware.
[W910 12:06:14.359325723 NNPACK.cpp:56] Could not initialize NNPACK! Reason: Unsupported hardware.
[W910 12:06:14.794538100 NNPACK.cpp:56] Could not initialize NNPACK! Reason: Unsupported hardware.
[W910 12:06:14.795265434 NNPACK.cpp:56] Could not initialize NNPACK! Reason: Unsupported hardware.
[W910 12:06:14.795750732 NNPACK.cpp:56] Could not initialize NNPACK! Reason: Unsupported hardware.
[W910 12:06:14.796237358 NNPACK.cpp:56] Could not initialize NNPACK! Reason: Unsupported hardware.
[W910 12:06:14.796785352 NNPACK.cpp:56] Could not initialize NNPACK! Reason: Unsupported hardware.
[W910 12:06:14.797352782 NNPACK.cpp:56] Could not initialize NNPACK! Reason: Unsupported hardware.
[W910 12:06:14.797998596 NNPACK.cpp:56] Could not initialize NNPACK! Reason: Unsupported hardware.
[W910 12:06:14.798871422 NNPACK.cpp:56] Could not initialize NNPACK! Reason: Unsupported hardware.
[W910 12:06:15.291132218 NNPACK.cpp:56] Could not initialize NNPACK! Reason: Unsupported hardware.
[W910 12:06:15.292345965 NNPACK.cpp:56] Could not initialize NNPACK! Reason: Unsupported hardware.
[W910 12:06:15.293294196 NNPACK.cpp:56] Could not initialize NNPACK! Reason: Unsupported hardware.
[W910 12:06:15.294237114 NNPACK.cpp:56] Could not initialize NNPACK! Reason: Unsupported hardware.
[W910 12:06:15.295321535 NNPACK.cpp:56] Could not initialize NNPACK! Reason: Unsupported hardware.
[W910 12:06:15.296318858 NNPACK.cpp:56] Could not initialize NNPACK! Reason: Unsupported hardware.
[W910 12:06:15.297316499 NNPACK.cpp:56] Could not initialize NNPACK! Reason: Unsupported hardware.
[W910 12:06:15.298634646 NNPACK.cpp:56] Could not initialize NNPACK! Reason: Unsupported hardware.
[W910 12:06:15.730643340 NNPACK.cpp:56] Could not initialize NNPACK! Reason: Unsupported hardware.
[W910 12:06:15.731374351 NNPACK.cpp:56] Could not initialize NNPACK! Reason: Unsupported hardware.
[W910 12:06:15.731860287 NNPACK.cpp:56] Could not initialize NNPACK! Reason: Unsupported hardware.
[W910 12:06:15.732345616 NNPACK.cpp:56] Could not initialize NNPACK! Reason: Unsupported hardware.
[W910 12:06:15.732893078 NNPACK.cpp:56] Could not initialize NNPACK! Reason: Unsupported hardware.
[W910 12:06:15.733461449 NNPACK.cpp:56] Could not initialize NNPACK! Reason: Unsupported hardware.
[W910 12:06:15.734015694 NNPACK.cpp:56] Could not initialize NNPACK! Reason: Unsupported hardware.
[W910 12:06:15.734904539 NNPACK.cpp:56] Could not initialize NNPACK! Reason: Unsupported hardware.
[W910 12:06:16.231289064 NNPACK.cpp:56] Could not initialize NNPACK! Reason: Unsupported hardware.
[W910 12:06:16.232500821 NNPACK.cpp:56] Could not initialize NNPACK! Reason: Unsupported hardware.
[W910 12:06:16.233452202 NNPACK.cpp:56] Could not initialize NNPACK! Reason: Unsupported hardware.
[W910 12:06:16.234371761 NNPACK.cpp:56] Could not initialize NNPACK! Reason: Unsupported hardware.
[W910 12:06:16.235433521 NNPACK.cpp:56] Could not initialize NNPACK! Reason: Unsupported hardware.
[W910 12:06:16.236465125 NNPACK.cpp:56] Could not initialize NNPACK! Reason: Unsupported hardware.
[W910 12:06:16.237462300 NNPACK.cpp:56] Could not initialize NNPACK! Reason: Unsupported hardware.
[W910 12:06:16.238801319 NNPACK.cpp:56] Could not initialize NNPACK! Reason: Unsupported hardware.
[W910 12:06:16.670829194 NNPACK.cpp:56] Could not initialize NNPACK! Reason: Unsupported hardware.
[W910 12:06:16.671461731 NNPACK.cpp:56] Could not initialize NNPACK! Reason: Unsupported hardware.
[W910 12:06:16.671942815 NNPACK.cpp:56] Could not initialize NNPACK! Reason: Unsupported hardware.
[W910 12:06:16.672428073 NNPACK.cpp:56] Could not initialize NNPACK! Reason: Unsupported hardware.
[W910 12:06:16.672973246 NNPACK.cpp:56] Could not initialize NNPACK! Reason: Unsupported hardware.
[W910 12:06:16.673516089 NNPACK.cpp:56] Could not initialize NNPACK! Reason: Unsupported hardware.
[W910 12:06:16.674066673 NNPACK.cpp:56] Could not initialize NNPACK! Reason: Unsupported hardware.
[W910 12:06:16.674866918 NNPACK.cpp:56] Could not initialize NNPACK! Reason: Unsupported hardware.
[W910 12:06:17.171455339 NNPACK.cpp:56] Could not initialize NNPACK! Reason: Unsupported hardware.
[W910 12:06:17.172673431 NNPACK.cpp:56] Could not initialize NNPACK! Reason: Unsupported hardware.
[W910 12:06:17.173619679 NNPACK.cpp:56] Could not initialize NNPACK! Reason: Unsupported hardware.
[W910 12:06:17.174520573 NNPACK.cpp:56] Could not initialize NNPACK! Reason: Unsupported hardware.
[W910 12:06:17.175552870 NNPACK.cpp:56] Could not initialize NNPACK! Reason: Unsupported hardware.
[W910 12:06:17.176553129 NNPACK.cpp:56] Could not initialize NNPACK! Reason: Unsupported hardware.
[W910 12:06:17.177554925 NNPACK.cpp:56] Could not initialize NNPACK! Reason: Unsupported hardware.
[W910 12:06:17.178915134 NNPACK.cpp:56] Could not initialize NNPACK! Reason: Unsupported hardware.
[W910 12:06:17.617865917 NNPACK.cpp:56] Could not initialize NNPACK! Reason: Unsupported hardware.
[W910 12:06:17.618493230 NNPACK.cpp:56] Could not initialize NNPACK! Reason: Unsupported hardware.
[W910 12:06:17.619012397 NNPACK.cpp:56] Could not initialize NNPACK! Reason: Unsupported hardware.
[W910 12:06:17.619492862 NNPACK.cpp:56] Could not initialize NNPACK! Reason: Unsupported hardware.
[W910 12:06:17.620040883 NNPACK.cpp:56] Could not initialize NNPACK! Reason: Unsupported hardware.
[W910 12:06:17.620578844 NNPACK.cpp:56] Could not initialize NNPACK! Reason: Unsupported hardware.
[W910 12:06:17.621127772 NNPACK.cpp:56] Could not initialize NNPACK! Reason: Unsupported hardware.
[W910 12:06:17.621923212 NNPACK.cpp:56] Could not initialize NNPACK! Reason: Unsupported hardware.
[W910 12:06:18.114375557 NNPACK.cpp:56] Could not initialize NNPACK! Reason: Unsupported hardware.
[W910 12:06:18.115595696 NNPACK.cpp:56] Could not initialize NNPACK! Reason: Unsupported hardware.
[W910 12:06:18.116546247 NNPACK.cpp:56] Could not initialize NNPACK! Reason: Unsupported hardware.
[W910 12:06:18.117485889 NNPACK.cpp:56] Could not initialize NNPACK! Reason: Unsupported hardware.
[W910 12:06:18.118495737 NNPACK.cpp:56] Could not initialize NNPACK! Reason: Unsupported hardware.
[W910 12:06:18.119519695 NNPACK.cpp:56] Could not initialize NNPACK! Reason: Unsupported hardware.
[W910 12:06:18.120520145 NNPACK.cpp:56] Could not initialize NNPACK! Reason: Unsupported hardware.
[W910 12:06:18.121841192 NNPACK.cpp:56] Could not initialize NNPACK! Reason: Unsupported hardware.
[W910 12:06:18.558035284 NNPACK.cpp:56] Could not initialize NNPACK! Reason: Unsupported hardware.
[W910 12:06:18.558776266 NNPACK.cpp:56] Could not initialize NNPACK! Reason: Unsupported hardware.
[W910 12:06:18.559277734 NNPACK.cpp:56] Could not initialize NNPACK! Reason: Unsupported hardware.
[W910 12:06:18.563651228 NNPACK.cpp:56] Could not initialize NNPACK! Reason: Unsupported hardware.
[W910 12:06:18.564292416 NNPACK.cpp:56] Could not initialize NNPACK! Reason: Unsupported hardware.
[W910 12:06:18.564837775 NNPACK.cpp:56] Could not initialize NNPACK! Reason: Unsupported hardware.
[W910 12:06:18.565409267 NNPACK.cpp:56] Could not initialize NNPACK! Reason: Unsupported hardware.
[W910 12:06:18.566267219 NNPACK.cpp:56] Could not initialize NNPACK! Reason: Unsupported hardware.
[W910 12:06:19.054617649 NNPACK.cpp:56] Could not initialize NNPACK! Reason: Unsupported hardware.
[W910 12:06:19.055829280 NNPACK.cpp:56] Could not initialize NNPACK! Reason: Unsupported hardware.
[W910 12:06:19.056787190 NNPACK.cpp:56] Could not initialize NNPACK! Reason: Unsupported hardware.
[W910 12:06:19.057731746 NNPACK.cpp:56] Could not initialize NNPACK! Reason: Unsupported hardware.
[W910 12:06:19.058735238 NNPACK.cpp:56] Could not initialize NNPACK! Reason: Unsupported hardware.
[W910 12:06:19.059733966 NNPACK.cpp:56] Could not initialize NNPACK! Reason: Unsupported hardware.
[W910 12:06:19.060736951 NNPACK.cpp:56] Could not initialize NNPACK! Reason: Unsupported hardware.
[W910 12:06:19.062062189 NNPACK.cpp:56] Could not initialize NNPACK! Reason: Unsupported hardware.
[W910 12:06:19.496212415 NNPACK.cpp:56] Could not initialize NNPACK! Reason: Unsupported hardware.
[W910 12:06:19.496885777 NNPACK.cpp:56] Could not initialize NNPACK! Reason: Unsupported hardware.
[W910 12:06:19.497377734 NNPACK.cpp:56] Could not initialize NNPACK! Reason: Unsupported hardware.
[W910 12:06:19.497857967 NNPACK.cpp:56] Could not initialize NNPACK! Reason: Unsupported hardware.
[W910 12:06:19.498411397 NNPACK.cpp:56] Could not initialize NNPACK! Reason: Unsupported hardware.
[W910 12:06:19.498953136 NNPACK.cpp:56] Could not initialize NNPACK! Reason: Unsupported hardware.
[W910 12:06:19.499500248 NNPACK.cpp:56] Could not initialize NNPACK! Reason: Unsupported hardware.
[W910 12:06:19.500344254 NNPACK.cpp:56] Could not initialize NNPACK! Reason: Unsupported hardware.
[W910 12:06:20.988425581 NNPACK.cpp:56] Could not initialize NNPACK! Reason: Unsupported hardware.
[W910 12:06:20.989644986 NNPACK.cpp:56] Could not initialize NNPACK! Reason: Unsupported hardware.
[W910 12:06:20.990596565 NNPACK.cpp:56] Could not initialize NNPACK! Reason: Unsupported hardware.
[W910 12:06:20.991540294 NNPACK.cpp:56] Could not initialize NNPACK! Reason: Unsupported hardware.
[W910 12:06:20.992565414 NNPACK.cpp:56] Could not initialize NNPACK! Reason: Unsupported hardware.
[W910 12:06:20.993560404 NNPACK.cpp:56] Could not initialize NNPACK! Reason: Unsupported hardware.
[W910 12:06:20.994559065 NNPACK.cpp:56] Could not initialize NNPACK! Reason: Unsupported hardware.
[W910 12:06:20.995896139 NNPACK.cpp:56] Could not initialize NNPACK! Reason: Unsupported hardware.
[W910 12:06:20.425774490 NNPACK.cpp:56] Could not initialize NNPACK! Reason: Unsupported hardware.
[W910 12:06:20.426422283 NNPACK.cpp:56] Could not initialize NNPACK! Reason: Unsupported hardware.
[W910 12:06:20.426901935 NNPACK.cpp:56] Could not initialize NNPACK! Reason: Unsupported hardware.
[W910 12:06:20.427387019 NNPACK.cpp:56] Could not initialize NNPACK! Reason: Unsupported hardware.
[W910 12:06:20.427948807 NNPACK.cpp:56] Could not initialize NNPACK! Reason: Unsupported hardware.
[W910 12:06:20.428497042 NNPACK.cpp:56] Could not initialize NNPACK! Reason: Unsupported hardware.
[W910 12:06:20.429047569 NNPACK.cpp:56] Could not initialize NNPACK! Reason: Unsupported hardware.
[W910 12:06:20.429857170 NNPACK.cpp:56] Could not initialize NNPACK! Reason: Unsupported hardware.
[W910 12:06:20.925093094 NNPACK.cpp:56] Could not initialize NNPACK! Reason: Unsupported hardware.
[W910 12:06:20.926319997 NNPACK.cpp:56] Could not initialize NNPACK! Reason: Unsupported hardware.
[W910 12:06:20.927283228 NNPACK.cpp:56] Could not initialize NNPACK! Reason: Unsupported hardware.
[W910 12:06:20.928218131 NNPACK.cpp:56] Could not initialize NNPACK! Reason: Unsupported hardware.
[W910 12:06:20.929257431 NNPACK.cpp:56] Could not initialize NNPACK! Reason: Unsupported hardware.
[W910 12:06:20.930282996 NNPACK.cpp:56] Could not initialize NNPACK! Reason: Unsupported hardware.
[W910 12:06:20.931308168 NNPACK.cpp:56] Could not initialize NNPACK! Reason: Unsupported hardware.
[W910 12:06:20.932638989 NNPACK.cpp:56] Could not initialize NNPACK! Reason: Unsupported hardware.
[W910 12:06:21.364827043 NNPACK.cpp:56] Could not initialize NNPACK! Reason: Unsupported hardware.
[W910 12:06:21.365495226 NNPACK.cpp:56] Could not initialize NNPACK! Reason: Unsupported hardware.
[W910 12:06:21.365983027 NNPACK.cpp:56] Could not initialize NNPACK! Reason: Unsupported hardware.
[W910 12:06:21.366472826 NNPACK.cpp:56] Could not initialize NNPACK! Reason: Unsupported hardware.
[W910 12:06:21.367031585 NNPACK.cpp:56] Could not initialize NNPACK! Reason: Unsupported hardware.
[W910 12:06:21.367580323 NNPACK.cpp:56] Could not initialize NNPACK! Reason: Unsupported hardware.
[W910 12:06:21.368150500 NNPACK.cpp:56] Could not initialize NNPACK! Reason: Unsupported hardware.
[W910 12:06:21.369036912 NNPACK.cpp:56] Could not initialize NNPACK! Reason: Unsupported hardware.
[W910 12:06:21.870072492 NNPACK.cpp:56] Could not initialize NNPACK! Reason: Unsupported hardware.
[W910 12:06:21.871296919 NNPACK.cpp:56] Could not initialize NNPACK! Reason: Unsupported hardware.
[W910 12:06:21.872271232 NNPACK.cpp:56] Could not initialize NNPACK! Reason: Unsupported hardware.
[W910 12:06:21.873207257 NNPACK.cpp:56] Could not initialize NNPACK! Reason: Unsupported hardware.
[W910 12:06:21.874287190 NNPACK.cpp:56] Could not initialize NNPACK! Reason: Unsupported hardware.
[W910 12:06:21.875351792 NNPACK.cpp:56] Could not initialize NNPACK! Reason: Unsupported hardware.
[W910 12:06:21.876437098 NNPACK.cpp:56] Could not initialize NNPACK! Reason: Unsupported hardware.
[W910 12:06:21.877808004 NNPACK.cpp:56] Could not initialize NNPACK! Reason: Unsupported hardware.
[W910 12:06:22.311794565 NNPACK.cpp:56] Could not initialize NNPACK! Reason: Unsupported hardware.
[W910 12:06:22.312544838 NNPACK.cpp:56] Could not initialize NNPACK! Reason: Unsupported hardware.
[W910 12:06:22.313040444 NNPACK.cpp:56] Could not initialize NNPACK! Reason: Unsupported hardware.
[W910 12:06:22.313527998 NNPACK.cpp:56] Could not initialize NNPACK! Reason: Unsupported hardware.
[W910 12:06:22.314087629 NNPACK.cpp:56] Could not initialize NNPACK! Reason: Unsupported hardware.
[W910 12:06:22.314635114 NNPACK.cpp:56] Could not initialize NNPACK! Reason: Unsupported hardware.
[W910 12:06:22.315189995 NNPACK.cpp:56] Could not initialize NNPACK! Reason: Unsupported hardware.
[W910 12:06:22.316063325 NNPACK.cpp:56] Could not initialize NNPACK! Reason: Unsupported hardware.
[W910 12:06:22.810126517 NNPACK.cpp:56] Could not initialize NNPACK! Reason: Unsupported hardware.
[W910 12:06:22.811341109 NNPACK.cpp:56] Could not initialize NNPACK! Reason: Unsupported hardware.
[W910 12:06:22.812291316 NNPACK.cpp:56] Could not initialize NNPACK! Reason: Unsupported hardware.
[W910 12:06:22.813209131 NNPACK.cpp:56] Could not initialize NNPACK! Reason: Unsupported hardware.
[W910 12:06:22.814259301 NNPACK.cpp:56] Could not initialize NNPACK! Reason: Unsupported hardware.
[W910 12:06:22.815252016 NNPACK.cpp:56] Could not initialize NNPACK! Reason: Unsupported hardware.
[W910 12:06:22.816265430 NNPACK.cpp:56] Could not initialize NNPACK! Reason: Unsupported hardware.
[W910 12:06:22.817588662 NNPACK.cpp:56] Could not initialize NNPACK! Reason: Unsupported hardware.
[W910 12:06:23.247768091 NNPACK.cpp:56] Could not initialize NNPACK! Reason: Unsupported hardware.
[W910 12:06:23.248494322 NNPACK.cpp:56] Could not initialize NNPACK! Reason: Unsupported hardware.
[W910 12:06:23.248981795 NNPACK.cpp:56] Could not initialize NNPACK! Reason: Unsupported hardware.
[W910 12:06:23.249466293 NNPACK.cpp:56] Could not initialize NNPACK! Reason: Unsupported hardware.
[W910 12:06:23.250020452 NNPACK.cpp:56] Could not initialize NNPACK! Reason: Unsupported hardware.
[W910 12:06:23.250564101 NNPACK.cpp:56] Could not initialize NNPACK! Reason: Unsupported hardware.
[W910 12:06:23.251129607 NNPACK.cpp:56] Could not initialize NNPACK! Reason: Unsupported hardware.
[W910 12:06:23.252031007 NNPACK.cpp:56] Could not initialize NNPACK! Reason: Unsupported hardware.
[W910 12:06:23.746623221 NNPACK.cpp:56] Could not initialize NNPACK! Reason: Unsupported hardware.
[W910 12:06:23.747850612 NNPACK.cpp:56] Could not initialize NNPACK! Reason: Unsupported hardware.
[W910 12:06:23.752653987 NNPACK.cpp:56] Could not initialize NNPACK! Reason: Unsupported hardware.
[W910 12:06:23.753585372 NNPACK.cpp:56] Could not initialize NNPACK! Reason: Unsupported hardware.
[W910 12:06:23.754612687 NNPACK.cpp:56] Could not initialize NNPACK! Reason: Unsupported hardware.
[W910 12:06:23.755634262 NNPACK.cpp:56] Could not initialize NNPACK! Reason: Unsupported hardware.
[W910 12:06:23.756655393 NNPACK.cpp:56] Could not initialize NNPACK! Reason: Unsupported hardware.
[W910 12:06:23.758012845 NNPACK.cpp:56] Could not initialize NNPACK! Reason: Unsupported hardware.
[W910 12:06:24.188754651 NNPACK.cpp:56] Could not initialize NNPACK! Reason: Unsupported hardware.
[W910 12:06:24.189580941 NNPACK.cpp:56] Could not initialize NNPACK! Reason: Unsupported hardware.
[W910 12:06:24.190122174 NNPACK.cpp:56] Could not initialize NNPACK! Reason: Unsupported hardware.
[W910 12:06:24.190642042 NNPACK.cpp:56] Could not initialize NNPACK! Reason: Unsupported hardware.
[W910 12:06:24.191243979 NNPACK.cpp:56] Could not initialize NNPACK! Reason: Unsupported hardware.
[W910 12:06:24.191834135 NNPACK.cpp:56] Could not initialize NNPACK! Reason: Unsupported hardware.
[W910 12:06:24.192432985 NNPACK.cpp:56] Could not initialize NNPACK! Reason: Unsupported hardware.
[W910 12:06:24.193405877 NNPACK.cpp:56] Could not initialize NNPACK! Reason: Unsupported hardware.
[W910 12:06:24.685447167 NNPACK.cpp:56] Could not initialize NNPACK! Reason: Unsupported hardware.
[W910 12:06:24.686662625 NNPACK.cpp:56] Could not initialize NNPACK! Reason: Unsupported hardware.
[W910 12:06:24.687614642 NNPACK.cpp:56] Could not initialize NNPACK! Reason: Unsupported hardware.
[W910 12:06:24.688533463 NNPACK.cpp:56] Could not initialize NNPACK! Reason: Unsupported hardware.
[W910 12:06:24.689557662 NNPACK.cpp:56] Could not initialize NNPACK! Reason: Unsupported hardware.
[W910 12:06:24.690559661 NNPACK.cpp:56] Could not initialize NNPACK! Reason: Unsupported hardware.
[W910 12:06:24.691806453 NNPACK.cpp:56] Could not initialize NNPACK! Reason: Unsupported hardware.
[W910 12:06:24.693473011 NNPACK.cpp:56] Could not initialize NNPACK! Reason: Unsupported hardware.
[W910 12:06:25.127532774 NNPACK.cpp:56] Could not initialize NNPACK! Reason: Unsupported hardware.
[W910 12:06:25.128230705 NNPACK.cpp:56] Could not initialize NNPACK! Reason: Unsupported hardware.
[W910 12:06:25.128713995 NNPACK.cpp:56] Could not initialize NNPACK! Reason: Unsupported hardware.
[W910 12:06:25.129212428 NNPACK.cpp:56] Could not initialize NNPACK! Reason: Unsupported hardware.
[W910 12:06:25.129767498 NNPACK.cpp:56] Could not initialize NNPACK! Reason: Unsupported hardware.
[W910 12:06:25.130315454 NNPACK.cpp:56] Could not initialize NNPACK! Reason: Unsupported hardware.
[W910 12:06:25.130858989 NNPACK.cpp:56] Could not initialize NNPACK! Reason: Unsupported hardware.
[W910 12:06:25.131733974 NNPACK.cpp:56] Could not initialize NNPACK! Reason: Unsupported hardware.
[W910 12:06:25.630921247 NNPACK.cpp:56] Could not initialize NNPACK! Reason: Unsupported hardware.
[W910 12:06:25.632536523 NNPACK.cpp:56] Could not initialize NNPACK! Reason: Unsupported hardware.
[W910 12:06:25.633497417 NNPACK.cpp:56] Could not initialize NNPACK! Reason: Unsupported hardware.
[W910 12:06:25.634504696 NNPACK.cpp:56] Could not initialize NNPACK! Reason: Unsupported hardware.
[W910 12:06:25.635800738 NNPACK.cpp:56] Could not initialize NNPACK! Reason: Unsupported hardware.
[W910 12:06:25.636891864 NNPACK.cpp:56] Could not initialize NNPACK! Reason: Unsupported hardware.
[W910 12:06:25.638022624 NNPACK.cpp:56] Could not initialize NNPACK! Reason: Unsupported hardware.
[W910 12:06:25.639423467 NNPACK.cpp:56] Could not initialize NNPACK! Reason: Unsupported hardware.
[W910 12:06:26.074527276 NNPACK.cpp:56] Could not initialize NNPACK! Reason: Unsupported hardware.
[W910 12:06:26.075245587 NNPACK.cpp:56] Could not initialize NNPACK! Reason: Unsupported hardware.
[W910 12:06:26.075732153 NNPACK.cpp:56] Could not initialize NNPACK! Reason: Unsupported hardware.
[W910 12:06:26.076225222 NNPACK.cpp:56] Could not initialize NNPACK! Reason: Unsupported hardware.
[W910 12:06:26.076796299 NNPACK.cpp:56] Could not initialize NNPACK! Reason: Unsupported hardware.
[W910 12:06:26.077351077 NNPACK.cpp:56] Could not initialize NNPACK! Reason: Unsupported hardware.
[W910 12:06:26.077901314 NNPACK.cpp:56] Could not initialize NNPACK! Reason: Unsupported hardware.
[W910 12:06:26.078770240 NNPACK.cpp:56] Could not initialize NNPACK! Reason: Unsupported hardware.
[W910 12:06:26.572666718 NNPACK.cpp:56] Could not initialize NNPACK! Reason: Unsupported hardware.
[W910 12:06:26.573947611 NNPACK.cpp:56] Could not initialize NNPACK! Reason: Unsupported hardware.
[W910 12:06:26.574887793 NNPACK.cpp:56] Could not initialize NNPACK! Reason: Unsupported hardware.
[W910 12:06:26.575813747 NNPACK.cpp:56] Could not initialize NNPACK! Reason: Unsupported hardware.
[W910 12:06:26.576858000 NNPACK.cpp:56] Could not initialize NNPACK! Reason: Unsupported hardware.
[W910 12:06:26.577868396 NNPACK.cpp:56] Could not initialize NNPACK! Reason: Unsupported hardware.
[W910 12:06:26.578870745 NNPACK.cpp:56] Could not initialize NNPACK! Reason: Unsupported hardware.
[W910 12:06:26.580196958 NNPACK.cpp:56] Could not initialize NNPACK! Reason: Unsupported hardware.
[W910 12:06:27.013556799 NNPACK.cpp:56] Could not initialize NNPACK! Reason: Unsupported hardware.
[W910 12:06:27.014284693 NNPACK.cpp:56] Could not initialize NNPACK! Reason: Unsupported hardware.
[W910 12:06:27.014766120 NNPACK.cpp:56] Could not initialize NNPACK! Reason: Unsupported hardware.
[W910 12:06:27.015268864 NNPACK.cpp:56] Could not initialize NNPACK! Reason: Unsupported hardware.
[W910 12:06:27.015818778 NNPACK.cpp:56] Could not initialize NNPACK! Reason: Unsupported hardware.
[W910 12:06:27.016368340 NNPACK.cpp:56] Could not initialize NNPACK! Reason: Unsupported hardware.
[W910 12:06:27.016910944 NNPACK.cpp:56] Could not initialize NNPACK! Reason: Unsupported hardware.
[W910 12:06:27.017770039 NNPACK.cpp:56] Could not initialize NNPACK! Reason: Unsupported hardware.
[W910 12:06:27.465640153 NNPACK.cpp:56] Could not initialize NNPACK! Reason: Unsupported hardware.
[W910 12:06:27.467248039 NNPACK.cpp:56] Could not initialize NNPACK! Reason: Unsupported hardware.
[W910 12:06:27.468519043 NNPACK.cpp:56] Could not initialize NNPACK! Reason: Unsupported hardware.
[W910 12:06:27.469711736 NNPACK.cpp:56] Could not initialize NNPACK! Reason: Unsupported hardware.
[W910 12:06:27.471060281 NNPACK.cpp:56] Could not initialize NNPACK! Reason: Unsupported hardware.
[W910 12:06:27.472383674 NNPACK.cpp:56] Could not initialize NNPACK! Reason: Unsupported hardware.
[W910 12:06:27.473688715 NNPACK.cpp:56] Could not initialize NNPACK! Reason: Unsupported hardware.
[W910 12:06:27.475362033 NNPACK.cpp:56] Could not initialize NNPACK! Reason: Unsupported hardware.
[W910 12:06:27.908175667 NNPACK.cpp:56] Could not initialize NNPACK! Reason: Unsupported hardware.
[W910 12:06:27.908582664 NNPACK.cpp:56] Could not initialize NNPACK! Reason: Unsupported hardware.
[W910 12:06:27.908740648 NNPACK.cpp:56] Could not initialize NNPACK! Reason: Unsupported hardware.
[W910 12:06:27.908896539 NNPACK.cpp:56] Could not initialize NNPACK! Reason: Unsupported hardware.
[W910 12:06:27.909068876 NNPACK.cpp:56] Could not initialize NNPACK! Reason: Unsupported hardware.
[W910 12:06:27.909233508 NNPACK.cpp:56] Could not initialize NNPACK! Reason: Unsupported hardware.
[W910 12:06:27.909400234 NNPACK.cpp:56] Could not initialize NNPACK! Reason: Unsupported hardware.
[W910 12:06:27.909898802 NNPACK.cpp:56] Could not initialize NNPACK! Reason: Unsupported hardware.
[W910 12:06:28.259468229 NNPACK.cpp:56] Could not initialize NNPACK! Reason: Unsupported hardware.
[W910 12:06:28.260686082 NNPACK.cpp:56] Could not initialize NNPACK! Reason: Unsupported hardware.
[W910 12:06:28.261648155 NNPACK.cpp:56] Could not initialize NNPACK! Reason: Unsupported hardware.
[W910 12:06:28.262578701 NNPACK.cpp:56] Could not initialize NNPACK! Reason: Unsupported hardware.
[W910 12:06:28.263590962 NNPACK.cpp:56] Could not initialize NNPACK! Reason: Unsupported hardware.
[W910 12:06:28.264601917 NNPACK.cpp:56] Could not initialize NNPACK! Reason: Unsupported hardware.
[W910 12:06:28.265654426 NNPACK.cpp:56] Could not initialize NNPACK! Reason: Unsupported hardware.
[W910 12:06:28.266991470 NNPACK.cpp:56] Could not initialize NNPACK! Reason: Unsupported hardware.
[W910 12:06:28.699311052 NNPACK.cpp:56] Could not initialize NNPACK! Reason: Unsupported hardware.
[W910 12:06:28.700046361 NNPACK.cpp:56] Could not initialize NNPACK! Reason: Unsupported hardware.
[W910 12:06:28.700535668 NNPACK.cpp:56] Could not initialize NNPACK! Reason: Unsupported hardware.
[W910 12:06:28.701022900 NNPACK.cpp:56] Could not initialize NNPACK! Reason: Unsupported hardware.
[W910 12:06:28.701597217 NNPACK.cpp:56] Could not initialize NNPACK! Reason: Unsupported hardware.
[W910 12:06:28.702149864 NNPACK.cpp:56] Could not initialize NNPACK! Reason: Unsupported hardware.
[W910 12:06:28.702720807 NNPACK.cpp:56] Could not initialize NNPACK! Reason: Unsupported hardware.
[W910 12:06:28.703596706 NNPACK.cpp:56] Could not initialize NNPACK! Reason: Unsupported hardware.
[W910 12:06:29.202121030 NNPACK.cpp:56] Could not initialize NNPACK! Reason: Unsupported hardware.
[W910 12:06:29.203332718 NNPACK.cpp:56] Could not initialize NNPACK! Reason: Unsupported hardware.
[W910 12:06:29.204292905 NNPACK.cpp:56] Could not initialize NNPACK! Reason: Unsupported hardware.
[W910 12:06:29.205209179 NNPACK.cpp:56] Could not initialize NNPACK! Reason: Unsupported hardware.
[W910 12:06:29.206288530 NNPACK.cpp:56] Could not initialize NNPACK! Reason: Unsupported hardware.
[W910 12:06:29.207304417 NNPACK.cpp:56] Could not initialize NNPACK! Reason: Unsupported hardware.
[W910 12:06:29.208306038 NNPACK.cpp:56] Could not initialize NNPACK! Reason: Unsupported hardware.
[W910 12:06:29.209629182 NNPACK.cpp:56] Could not initialize NNPACK! Reason: Unsupported hardware.
[W910 12:06:29.646583476 NNPACK.cpp:56] Could not initialize NNPACK! Reason: Unsupported hardware.
[W910 12:06:29.647234339 NNPACK.cpp:56] Could not initialize NNPACK! Reason: Unsupported hardware.
[W910 12:06:29.647716635 NNPACK.cpp:56] Could not initialize NNPACK! Reason: Unsupported hardware.
[W910 12:06:29.648201783 NNPACK.cpp:56] Could not initialize NNPACK! Reason: Unsupported hardware.
[W910 12:06:29.648744090 NNPACK.cpp:56] Could not initialize NNPACK! Reason: Unsupported hardware.
[W910 12:06:29.649292285 NNPACK.cpp:56] Could not initialize NNPACK! Reason: Unsupported hardware.
[W910 12:06:29.649835587 NNPACK.cpp:56] Could not initialize NNPACK! Reason: Unsupported hardware.
[W910 12:06:29.650650280 NNPACK.cpp:56] Could not initialize NNPACK! Reason: Unsupported hardware.
[W910 12:06:30.150782082 NNPACK.cpp:56] Could not initialize NNPACK! Reason: Unsupported hardware.
[W910 12:06:30.152020057 NNPACK.cpp:56] Could not initialize NNPACK! Reason: Unsupported hardware.
[W910 12:06:30.152962251 NNPACK.cpp:56] Could not initialize NNPACK! Reason: Unsupported hardware.
[W910 12:06:30.153903499 NNPACK.cpp:56] Could not initialize NNPACK! Reason: Unsupported hardware.
[W910 12:06:30.154963667 NNPACK.cpp:56] Could not initialize NNPACK! Reason: Unsupported hardware.
[W910 12:06:30.155986793 NNPACK.cpp:56] Could not initialize NNPACK! Reason: Unsupported hardware.
[W910 12:06:30.157155577 NNPACK.cpp:56] Could not initialize NNPACK! Reason: Unsupported hardware.
[W910 12:06:30.158481925 NNPACK.cpp:56] Could not initialize NNPACK! Reason: Unsupported hardware.
[W910 12:06:30.593294001 NNPACK.cpp:56] Could not initialize NNPACK! Reason: Unsupported hardware.
[W910 12:06:30.593934899 NNPACK.cpp:56] Could not initialize NNPACK! Reason: Unsupported hardware.
[W910 12:06:30.594469131 NNPACK.cpp:56] Could not initialize NNPACK! Reason: Unsupported hardware.
[W910 12:06:30.594947776 NNPACK.cpp:56] Could not initialize NNPACK! Reason: Unsupported hardware.
[W910 12:06:30.595499810 NNPACK.cpp:56] Could not initialize NNPACK! Reason: Unsupported hardware.
[W910 12:06:30.596049089 NNPACK.cpp:56] Could not initialize NNPACK! Reason: Unsupported hardware.
[W910 12:06:30.596591699 NNPACK.cpp:56] Could not initialize NNPACK! Reason: Unsupported hardware.
[W910 12:06:30.597427900 NNPACK.cpp:56] Could not initialize NNPACK! Reason: Unsupported hardware.
[W910 12:06:31.090464319 NNPACK.cpp:56] Could not initialize NNPACK! Reason: Unsupported hardware.
[W910 12:06:31.091676113 NNPACK.cpp:56] Could not initialize NNPACK! Reason: Unsupported hardware.
[W910 12:06:31.092623738 NNPACK.cpp:56] Could not initialize NNPACK! Reason: Unsupported hardware.
[W910 12:06:31.093543406 NNPACK.cpp:56] Could not initialize NNPACK! Reason: Unsupported hardware.
[W910 12:06:31.094604604 NNPACK.cpp:56] Could not initialize NNPACK! Reason: Unsupported hardware.
[W910 12:06:31.095603762 NNPACK.cpp:56] Could not initialize NNPACK! Reason: Unsupported hardware.
[W910 12:06:31.096795461 NNPACK.cpp:56] Could not initialize NNPACK! Reason: Unsupported hardware.
[W910 12:06:31.098292762 NNPACK.cpp:56] Could not initialize NNPACK! Reason: Unsupported hardware.
[W910 12:06:31.530236156 NNPACK.cpp:56] Could not initialize NNPACK! Reason: Unsupported hardware.
[W910 12:06:31.530856656 NNPACK.cpp:56] Could not initialize NNPACK! Reason: Unsupported hardware.
[W910 12:06:31.531345255 NNPACK.cpp:56] Could not initialize NNPACK! Reason: Unsupported hardware.
[W910 12:06:31.531820882 NNPACK.cpp:56] Could not initialize NNPACK! Reason: Unsupported hardware.
[W910 12:06:31.532372128 NNPACK.cpp:56] Could not initialize NNPACK! Reason: Unsupported hardware.
[W910 12:06:31.532964042 NNPACK.cpp:56] Could not initialize NNPACK! Reason: Unsupported hardware.
[W910 12:06:31.533512133 NNPACK.cpp:56] Could not initialize NNPACK! Reason: Unsupported hardware.
[W910 12:06:31.534354936 NNPACK.cpp:56] Could not initialize NNPACK! Reason: Unsupported hardware.
[W910 12:06:32.028751683 NNPACK.cpp:56] Could not initialize NNPACK! Reason: Unsupported hardware.
[W910 12:06:32.029975599 NNPACK.cpp:56] Could not initialize NNPACK! Reason: Unsupported hardware.
[W910 12:06:32.030934290 NNPACK.cpp:56] Could not initialize NNPACK! Reason: Unsupported hardware.
[W910 12:06:32.031896642 NNPACK.cpp:56] Could not initialize NNPACK! Reason: Unsupported hardware.
[W910 12:06:32.032971981 NNPACK.cpp:56] Could not initialize NNPACK! Reason: Unsupported hardware.
[W910 12:06:32.033978065 NNPACK.cpp:56] Could not initialize NNPACK! Reason: Unsupported hardware.
[W910 12:06:32.035010786 NNPACK.cpp:56] Could not initialize NNPACK! Reason: Unsupported hardware.
[W910 12:06:32.036360244 NNPACK.cpp:56] Could not initialize NNPACK! Reason: Unsupported hardware.
[W910 12:06:32.473240803 NNPACK.cpp:56] Could not initialize NNPACK! Reason: Unsupported hardware.
[W910 12:06:32.473967815 NNPACK.cpp:56] Could not initialize NNPACK! Reason: Unsupported hardware.
[W910 12:06:32.474462800 NNPACK.cpp:56] Could not initialize NNPACK! Reason: Unsupported hardware.
[W910 12:06:32.474951804 NNPACK.cpp:56] Could not initialize NNPACK! Reason: Unsupported hardware.
[W910 12:06:32.475511256 NNPACK.cpp:56] Could not initialize NNPACK! Reason: Unsupported hardware.
[W910 12:06:32.476066703 NNPACK.cpp:56] Could not initialize NNPACK! Reason: Unsupported hardware.
[W910 12:06:32.476617686 NNPACK.cpp:56] Could not initialize NNPACK! Reason: Unsupported hardware.
[W910 12:06:32.477491449 NNPACK.cpp:56] Could not initialize NNPACK! Reason: Unsupported hardware.
[W910 12:06:32.806667907 NNPACK.cpp:56] Could not initialize NNPACK! Reason: Unsupported hardware.
[W910 12:06:32.807137047 NNPACK.cpp:56] Could not initialize NNPACK! Reason: Unsupported hardware.
[W910 12:06:32.807350076 NNPACK.cpp:56] Could not initialize NNPACK! Reason: Unsupported hardware.
[W910 12:06:32.807554436 NNPACK.cpp:56] Could not initialize NNPACK! Reason: Unsupported hardware.
[W910 12:06:32.807780115 NNPACK.cpp:56] Could not initialize NNPACK! Reason: Unsupported hardware.
[W910 12:06:32.808007507 NNPACK.cpp:56] Could not initialize NNPACK! Reason: Unsupported hardware.
[W910 12:06:32.808230348 NNPACK.cpp:56] Could not initialize NNPACK! Reason: Unsupported hardware.
[W910 12:06:32.808762599 NNPACK.cpp:56] Could not initialize NNPACK! Reason: Unsupported hardware.
[W910 12:06:33.167354048 NNPACK.cpp:56] Could not initialize NNPACK! Reason: Unsupported hardware.
[W910 12:06:33.168560079 NNPACK.cpp:56] Could not initialize NNPACK! Reason: Unsupported hardware.
[W910 12:06:33.169534124 NNPACK.cpp:56] Could not initialize NNPACK! Reason: Unsupported hardware.
[W910 12:06:33.170460788 NNPACK.cpp:56] Could not initialize NNPACK! Reason: Unsupported hardware.
[W910 12:06:33.171504078 NNPACK.cpp:56] Could not initialize NNPACK! Reason: Unsupported hardware.
[W910 12:06:33.172498703 NNPACK.cpp:56] Could not initialize NNPACK! Reason: Unsupported hardware.
[W910 12:06:33.173494752 NNPACK.cpp:56] Could not initialize NNPACK! Reason: Unsupported hardware.
[W910 12:06:33.174823291 NNPACK.cpp:56] Could not initialize NNPACK! Reason: Unsupported hardware.
[W910 12:06:33.610296821 NNPACK.cpp:56] Could not initialize NNPACK! Reason: Unsupported hardware.
[W910 12:06:33.610952023 NNPACK.cpp:56] Could not initialize NNPACK! Reason: Unsupported hardware.
[W910 12:06:33.611440681 NNPACK.cpp:56] Could not initialize NNPACK! Reason: Unsupported hardware.
[W910 12:06:33.611924661 NNPACK.cpp:56] Could not initialize NNPACK! Reason: Unsupported hardware.
[W910 12:06:33.612475174 NNPACK.cpp:56] Could not initialize NNPACK! Reason: Unsupported hardware.
[W910 12:06:33.613023440 NNPACK.cpp:56] Could not initialize NNPACK! Reason: Unsupported hardware.
[W910 12:06:33.613567456 NNPACK.cpp:56] Could not initialize NNPACK! Reason: Unsupported hardware.
[W910 12:06:33.614396185 NNPACK.cpp:56] Could not initialize NNPACK! Reason: Unsupported hardware.
[W910 12:06:34.106574418 NNPACK.cpp:56] Could not initialize NNPACK! Reason: Unsupported hardware.
[W910 12:06:34.107929804 NNPACK.cpp:56] Could not initialize NNPACK! Reason: Unsupported hardware.
[W910 12:06:34.108901528 NNPACK.cpp:56] Could not initialize NNPACK! Reason: Unsupported hardware.
[W910 12:06:34.109830224 NNPACK.cpp:56] Could not initialize NNPACK! Reason: Unsupported hardware.
[W910 12:06:34.110891222 NNPACK.cpp:56] Could not initialize NNPACK! Reason: Unsupported hardware.
[W910 12:06:34.111925742 NNPACK.cpp:56] Could not initialize NNPACK! Reason: Unsupported hardware.
[W910 12:06:34.112984696 NNPACK.cpp:56] Could not initialize NNPACK! Reason: Unsupported hardware.
[W910 12:06:34.114410079 NNPACK.cpp:56] Could not initialize NNPACK! Reason: Unsupported hardware.
[W910 12:06:34.546803347 NNPACK.cpp:56] Could not initialize NNPACK! Reason: Unsupported hardware.
[W910 12:06:34.547461605 NNPACK.cpp:56] Could not initialize NNPACK! Reason: Unsupported hardware.
[W910 12:06:34.547949114 NNPACK.cpp:56] Could not initialize NNPACK! Reason: Unsupported hardware.
[W910 12:06:34.548437750 NNPACK.cpp:56] Could not initialize NNPACK! Reason: Unsupported hardware.
[W910 12:06:34.548990826 NNPACK.cpp:56] Could not initialize NNPACK! Reason: Unsupported hardware.
[W910 12:06:34.549541358 NNPACK.cpp:56] Could not initialize NNPACK! Reason: Unsupported hardware.
[W910 12:06:34.550097779 NNPACK.cpp:56] Could not initialize NNPACK! Reason: Unsupported hardware.
[W910 12:06:34.550984216 NNPACK.cpp:56] Could not initialize NNPACK! Reason: Unsupported hardware.
[W910 12:06:35.993775408 NNPACK.cpp:56] Could not initialize NNPACK! Reason: Unsupported hardware.
[W910 12:06:35.994962426 NNPACK.cpp:56] Could not initialize NNPACK! Reason: Unsupported hardware.
[W910 12:06:35.995888078 NNPACK.cpp:56] Could not initialize NNPACK! Reason: Unsupported hardware.
[W910 12:06:35.996806495 NNPACK.cpp:56] Could not initialize NNPACK! Reason: Unsupported hardware.
[W910 12:06:35.997940798 NNPACK.cpp:56] Could not initialize NNPACK! Reason: Unsupported hardware.
[W910 12:06:35.998935024 NNPACK.cpp:56] Could not initialize NNPACK! Reason: Unsupported hardware.
[W910 12:06:35.999926070 NNPACK.cpp:56] Could not initialize NNPACK! Reason: Unsupported hardware.
[W910 12:06:35.001320256 NNPACK.cpp:56] Could not initialize NNPACK! Reason: Unsupported hardware.
[W910 12:06:35.518613502 NNPACK.cpp:56] Could not initialize NNPACK! Reason: Unsupported hardware.
[W910 12:06:35.519073044 NNPACK.cpp:56] Could not initialize NNPACK! Reason: Unsupported hardware.
[W910 12:06:35.519290676 NNPACK.cpp:56] Could not initialize NNPACK! Reason: Unsupported hardware.
[W910 12:06:35.519479095 NNPACK.cpp:56] Could not initialize NNPACK! Reason: Unsupported hardware.
[W910 12:06:35.519684715 NNPACK.cpp:56] Could not initialize NNPACK! Reason: Unsupported hardware.
[W910 12:06:35.519886005 NNPACK.cpp:56] Could not initialize NNPACK! Reason: Unsupported hardware.
[W910 12:06:35.520090402 NNPACK.cpp:56] Could not initialize NNPACK! Reason: Unsupported hardware.
[W910 12:06:35.520624454 NNPACK.cpp:56] Could not initialize NNPACK! Reason: Unsupported hardware.
[W910 12:06:35.860819121 NNPACK.cpp:56] Could not initialize NNPACK! Reason: Unsupported hardware.
[W910 12:06:35.862043532 NNPACK.cpp:56] Could not initialize NNPACK! Reason: Unsupported hardware.
[W910 12:06:35.862983129 NNPACK.cpp:56] Could not initialize NNPACK! Reason: Unsupported hardware.
[W910 12:06:35.863866400 NNPACK.cpp:56] Could not initialize NNPACK! Reason: Unsupported hardware.
[W910 12:06:35.864868734 NNPACK.cpp:56] Could not initialize NNPACK! Reason: Unsupported hardware.
[W910 12:06:35.865864320 NNPACK.cpp:56] Could not initialize NNPACK! Reason: Unsupported hardware.
[W910 12:06:35.866861750 NNPACK.cpp:56] Could not initialize NNPACK! Reason: Unsupported hardware.
[W910 12:06:35.868208611 NNPACK.cpp:56] Could not initialize NNPACK! Reason: Unsupported hardware.
[W910 12:06:36.301789962 NNPACK.cpp:56] Could not initialize NNPACK! Reason: Unsupported hardware.
[W910 12:06:36.302503781 NNPACK.cpp:56] Could not initialize NNPACK! Reason: Unsupported hardware.
[W910 12:06:36.303007264 NNPACK.cpp:56] Could not initialize NNPACK! Reason: Unsupported hardware.
[W910 12:06:36.303501737 NNPACK.cpp:56] Could not initialize NNPACK! Reason: Unsupported hardware.
[W910 12:06:36.304075614 NNPACK.cpp:56] Could not initialize NNPACK! Reason: Unsupported hardware.
[W910 12:06:36.304618911 NNPACK.cpp:56] Could not initialize NNPACK! Reason: Unsupported hardware.
[W910 12:06:36.305169676 NNPACK.cpp:56] Could not initialize NNPACK! Reason: Unsupported hardware.
[W910 12:06:36.306028339 NNPACK.cpp:56] Could not initialize NNPACK! Reason: Unsupported hardware.
[W910 12:06:36.684956564 NNPACK.cpp:56] Could not initialize NNPACK! Reason: Unsupported hardware.
[W910 12:06:36.685678771 NNPACK.cpp:56] Could not initialize NNPACK! Reason: Unsupported hardware.
[W910 12:06:36.686155509 NNPACK.cpp:56] Could not initialize NNPACK! Reason: Unsupported hardware.
[W910 12:06:36.686614641 NNPACK.cpp:56] Could not initialize NNPACK! Reason: Unsupported hardware.
[W910 12:06:36.687140379 NNPACK.cpp:56] Could not initialize NNPACK! Reason: Unsupported hardware.
[W910 12:06:36.687629851 NNPACK.cpp:56] Could not initialize NNPACK! Reason: Unsupported hardware.
[W910 12:06:36.688126656 NNPACK.cpp:56] Could not initialize NNPACK! Reason: Unsupported hardware.
[W910 12:06:36.688983348 NNPACK.cpp:56] Could not initialize NNPACK! Reason: Unsupported hardware.
[W910 12:06:37.066948893 NNPACK.cpp:56] Could not initialize NNPACK! Reason: Unsupported hardware.
[W910 12:06:37.067718697 NNPACK.cpp:56] Could not initialize NNPACK! Reason: Unsupported hardware.
[W910 12:06:37.068245629 NNPACK.cpp:56] Could not initialize NNPACK! Reason: Unsupported hardware.
[W910 12:06:37.068755352 NNPACK.cpp:56] Could not initialize NNPACK! Reason: Unsupported hardware.
[W910 12:06:37.069346321 NNPACK.cpp:56] Could not initialize NNPACK! Reason: Unsupported hardware.
[W910 12:06:37.069925297 NNPACK.cpp:56] Could not initialize NNPACK! Reason: Unsupported hardware.
[W910 12:06:37.070480558 NNPACK.cpp:56] Could not initialize NNPACK! Reason: Unsupported hardware.
[W910 12:06:37.071352290 NNPACK.cpp:56] Could not initialize NNPACK! Reason: Unsupported hardware.
[W910 12:06:37.579268564 NNPACK.cpp:56] Could not initialize NNPACK! Reason: Unsupported hardware.
[W910 12:06:37.580501091 NNPACK.cpp:56] Could not initialize NNPACK! Reason: Unsupported hardware.
[W910 12:06:37.585321632 NNPACK.cpp:56] Could not initialize NNPACK! Reason: Unsupported hardware.
[W910 12:06:37.586236918 NNPACK.cpp:56] Could not initialize NNPACK! Reason: Unsupported hardware.
[W910 12:06:37.587239167 NNPACK.cpp:56] Could not initialize NNPACK! Reason: Unsupported hardware.
[W910 12:06:37.588234539 NNPACK.cpp:56] Could not initialize NNPACK! Reason: Unsupported hardware.
[W910 12:06:37.589233286 NNPACK.cpp:56] Could not initialize NNPACK! Reason: Unsupported hardware.
[W910 12:06:37.590555020 NNPACK.cpp:56] Could not initialize NNPACK! Reason: Unsupported hardware.
[W910 12:06:38.019468334 NNPACK.cpp:56] Could not initialize NNPACK! Reason: Unsupported hardware.
[W910 12:06:38.020140011 NNPACK.cpp:56] Could not initialize NNPACK! Reason: Unsupported hardware.
[W910 12:06:38.020625387 NNPACK.cpp:56] Could not initialize NNPACK! Reason: Unsupported hardware.
[W910 12:06:38.021110272 NNPACK.cpp:56] Could not initialize NNPACK! Reason: Unsupported hardware.
[W910 12:06:38.021658347 NNPACK.cpp:56] Could not initialize NNPACK! Reason: Unsupported hardware.
[W910 12:06:38.022205577 NNPACK.cpp:56] Could not initialize NNPACK! Reason: Unsupported hardware.
[W910 12:06:38.022750813 NNPACK.cpp:56] Could not initialize NNPACK! Reason: Unsupported hardware.
[W910 12:06:38.023585330 NNPACK.cpp:56] Could not initialize NNPACK! Reason: Unsupported hardware.
[W910 12:06:38.448532799 NNPACK.cpp:56] Could not initialize NNPACK! Reason: Unsupported hardware.
[W910 12:06:38.449892173 NNPACK.cpp:56] Could not initialize NNPACK! Reason: Unsupported hardware.
[W910 12:06:38.451088003 NNPACK.cpp:56] Could not initialize NNPACK! Reason: Unsupported hardware.
[W910 12:06:38.452117458 NNPACK.cpp:56] Could not initialize NNPACK! Reason: Unsupported hardware.
[W910 12:06:38.453288502 NNPACK.cpp:56] Could not initialize NNPACK! Reason: Unsupported hardware.
[W910 12:06:38.454452628 NNPACK.cpp:56] Could not initialize NNPACK! Reason: Unsupported hardware.
[W910 12:06:38.455581306 NNPACK.cpp:56] Could not initialize NNPACK! Reason: Unsupported hardware.
[W910 12:06:38.457143318 NNPACK.cpp:56] Could not initialize NNPACK! Reason: Unsupported hardware.
154.3s - extractor main: [1] JamesU - MustardBumbler/1_29/240903_1319 — 58 cached label file(s) → embeddings (ident took 150.2s)
154.3s - extractor main: [2] Lily - Fit+Fast/2023_R3_Marysville/53/230808_1208 — starting (embeddings)
[W910 12:06:38.913742552 NNPACK.cpp:56] Could not initialize NNPACK! Reason: Unsupported hardware.
[W910 12:06:38.914133950 NNPACK.cpp:56] Could not initialize NNPACK! Reason: Unsupported hardware.
[W910 12:06:38.914274122 NNPACK.cpp:56] Could not initialize NNPACK! Reason: Unsupported hardware.
[W910 12:06:38.914405452 NNPACK.cpp:56] Could not initialize NNPACK! Reason: Unsupported hardware.
[W910 12:06:38.914543167 NNPACK.cpp:56] Could not initialize NNPACK! Reason: Unsupported hardware.
[W910 12:06:38.914675258 NNPACK.cpp:56] Could not initialize NNPACK! Reason: Unsupported hardware.
[W910 12:06:38.914807484 NNPACK.cpp:56] Could not initialize NNPACK! Reason: Unsupported hardware.
[W910 12:06:38.915290241 NNPACK.cpp:56] Could not initialize NNPACK! Reason: Unsupported hardware.
[W910 12:06:39.312966680 NNPACK.cpp:56] Could not initialize NNPACK! Reason: Unsupported hardware.
[W910 12:06:39.314206355 NNPACK.cpp:56] Could not initialize NNPACK! Reason: Unsupported hardware.
[W910 12:06:39.315166241 NNPACK.cpp:56] Could not initialize NNPACK! Reason: Unsupported hardware.
[W910 12:06:39.316121174 NNPACK.cpp:56] Could not initialize NNPACK! Reason: Unsupported hardware.
[W910 12:06:39.317256700 NNPACK.cpp:56] Could not initialize NNPACK! Reason: Unsupported hardware.
[W910 12:06:39.318333704 NNPACK.cpp:56] Could not initialize NNPACK! Reason: Unsupported hardware.
[W910 12:06:39.319369577 NNPACK.cpp:56] Could not initialize NNPACK! Reason: Unsupported hardware.
[W910 12:06:39.320739677 NNPACK.cpp:56] Could not initialize NNPACK! Reason: Unsupported hardware.
[W910 12:06:39.756414047 NNPACK.cpp:56] Could not initialize NNPACK! Reason: Unsupported hardware.
[W910 12:06:39.757149106 NNPACK.cpp:56] Could not initialize NNPACK! Reason: Unsupported hardware.
[W910 12:06:39.757654591 NNPACK.cpp:56] Could not initialize NNPACK! Reason: Unsupported hardware.
[W910 12:06:39.758145749 NNPACK.cpp:56] Could not initialize NNPACK! Reason: Unsupported hardware.
[W910 12:06:39.758725190 NNPACK.cpp:56] Could not initialize NNPACK! Reason: Unsupported hardware.
[W910 12:06:39.759279749 NNPACK.cpp:56] Could not initialize NNPACK! Reason: Unsupported hardware.
[W910 12:06:39.759831179 NNPACK.cpp:56] Could not initialize NNPACK! Reason: Unsupported hardware.
[W910 12:06:39.760709362 NNPACK.cpp:56] Could not initialize NNPACK! Reason: Unsupported hardware.
[W910 12:06:40.256726740 NNPACK.cpp:56] Could not initialize NNPACK! Reason: Unsupported hardware.
[W910 12:06:40.258034758 NNPACK.cpp:56] Could not initialize NNPACK! Reason: Unsupported hardware.
[W910 12:06:40.258987391 NNPACK.cpp:56] Could not initialize NNPACK! Reason: Unsupported hardware.
[W910 12:06:40.259916891 NNPACK.cpp:56] Could not initialize NNPACK! Reason: Unsupported hardware.
[W910 12:06:40.260993094 NNPACK.cpp:56] Could not initialize NNPACK! Reason: Unsupported hardware.
[W910 12:06:40.261997965 NNPACK.cpp:56] Could not initialize NNPACK! Reason: Unsupported hardware.
[W910 12:06:40.263007600 NNPACK.cpp:56] Could not initialize NNPACK! Reason: Unsupported hardware.
[W910 12:06:40.264370538 NNPACK.cpp:56] Could not initialize NNPACK! Reason: Unsupported hardware.
[W910 12:06:40.700116630 NNPACK.cpp:56] Could not initialize NNPACK! Reason: Unsupported hardware.
[W910 12:06:40.700880095 NNPACK.cpp:56] Could not initialize NNPACK! Reason: Unsupported hardware.
[W910 12:06:40.701410855 NNPACK.cpp:56] Could not initialize NNPACK! Reason: Unsupported hardware.
[W910 12:06:40.701914341 NNPACK.cpp:56] Could not initialize NNPACK! Reason: Unsupported hardware.
[W910 12:06:40.702497613 NNPACK.cpp:56] Could not initialize NNPACK! Reason: Unsupported hardware.
[W910 12:06:40.703070704 NNPACK.cpp:56] Could not initialize NNPACK! Reason: Unsupported hardware.
[W910 12:06:40.703688192 NNPACK.cpp:56] Could not initialize NNPACK! Reason: Unsupported hardware.
[W910 12:06:40.704625551 NNPACK.cpp:56] Could not initialize NNPACK! Reason: Unsupported hardware.
[W910 12:06:41.198305898 NNPACK.cpp:56] Could not initialize NNPACK! Reason: Unsupported hardware.
[W910 12:06:41.199528508 NNPACK.cpp:56] Could not initialize NNPACK! Reason: Unsupported hardware.
[W910 12:06:41.200562795 NNPACK.cpp:56] Could not initialize NNPACK! Reason: Unsupported hardware.
[W910 12:06:41.201489737 NNPACK.cpp:56] Could not initialize NNPACK! Reason: Unsupported hardware.
[W910 12:06:41.202500104 NNPACK.cpp:56] Could not initialize NNPACK! Reason: Unsupported hardware.
[W910 12:06:41.203503377 NNPACK.cpp:56] Could not initialize NNPACK! Reason: Unsupported hardware.
[W910 12:06:41.204513537 NNPACK.cpp:56] Could not initialize NNPACK! Reason: Unsupported hardware.
[W910 12:06:41.205851185 NNPACK.cpp:56] Could not initialize NNPACK! Reason: Unsupported hardware.
[W910 12:06:41.640930261 NNPACK.cpp:56] Could not initialize NNPACK! Reason: Unsupported hardware.
[W910 12:06:41.641619323 NNPACK.cpp:56] Could not initialize NNPACK! Reason: Unsupported hardware.
[W910 12:06:41.642111723 NNPACK.cpp:56] Could not initialize NNPACK! Reason: Unsupported hardware.
[W910 12:06:41.642592067 NNPACK.cpp:56] Could not initialize NNPACK! Reason: Unsupported hardware.
[W910 12:06:41.643147883 NNPACK.cpp:56] Could not initialize NNPACK! Reason: Unsupported hardware.
[W910 12:06:41.643696133 NNPACK.cpp:56] Could not initialize NNPACK! Reason: Unsupported hardware.
[W910 12:06:41.644325490 NNPACK.cpp:56] Could not initialize NNPACK! Reason: Unsupported hardware.
[W910 12:06:41.645314956 NNPACK.cpp:56] Could not initialize NNPACK! Reason: Unsupported hardware.
[W910 12:06:42.138795863 NNPACK.cpp:56] Could not initialize NNPACK! Reason: Unsupported hardware.
[W910 12:06:42.140019800 NNPACK.cpp:56] Could not initialize NNPACK! Reason: Unsupported hardware.
[W910 12:06:42.140957815 NNPACK.cpp:56] Could not initialize NNPACK! Reason: Unsupported hardware.
[W910 12:06:42.141902212 NNPACK.cpp:56] Could not initialize NNPACK! Reason: Unsupported hardware.
[W910 12:06:42.142954276 NNPACK.cpp:56] Could not initialize NNPACK! Reason: Unsupported hardware.
[W910 12:06:42.143962654 NNPACK.cpp:56] Could not initialize NNPACK! Reason: Unsupported hardware.
[W910 12:06:42.144954846 NNPACK.cpp:56] Could not initialize NNPACK! Reason: Unsupported hardware.
[W910 12:06:42.146563337 NNPACK.cpp:56] Could not initialize NNPACK! Reason: Unsupported hardware.
[W910 12:06:42.581924619 NNPACK.cpp:56] Could not initialize NNPACK! Reason: Unsupported hardware.
[W910 12:06:42.582694634 NNPACK.cpp:56] Could not initialize NNPACK! Reason: Unsupported hardware.
[W910 12:06:42.587695259 NNPACK.cpp:56] Could not initialize NNPACK! Reason: Unsupported hardware.
[W910 12:06:42.588259278 NNPACK.cpp:56] Could not initialize NNPACK! Reason: Unsupported hardware.
[W910 12:06:42.588837593 NNPACK.cpp:56] Could not initialize NNPACK! Reason: Unsupported hardware.
[W910 12:06:42.589386427 NNPACK.cpp:56] Could not initialize NNPACK! Reason: Unsupported hardware.
[W910 12:06:42.589934780 NNPACK.cpp:56] Could not initialize NNPACK! Reason: Unsupported hardware.
[W910 12:06:42.590812444 NNPACK.cpp:56] Could not initialize NNPACK! Reason: Unsupported hardware.
[W910 12:06:43.084564992 NNPACK.cpp:56] Could not initialize NNPACK! Reason: Unsupported hardware.
[W910 12:06:43.085985638 NNPACK.cpp:56] Could not initialize NNPACK! Reason: Unsupported hardware.
[W910 12:06:43.086945841 NNPACK.cpp:56] Could not initialize NNPACK! Reason: Unsupported hardware.
[W910 12:06:43.087945921 NNPACK.cpp:56] Could not initialize NNPACK! Reason: Unsupported hardware.
[W910 12:06:43.089027844 NNPACK.cpp:56] Could not initialize NNPACK! Reason: Unsupported hardware.
[W910 12:06:43.090056645 NNPACK.cpp:56] Could not initialize NNPACK! Reason: Unsupported hardware.
[W910 12:06:43.091069465 NNPACK.cpp:56] Could not initialize NNPACK! Reason: Unsupported hardware.
[W910 12:06:43.092413454 NNPACK.cpp:56] Could not initialize NNPACK! Reason: Unsupported hardware.
[W910 12:06:43.525994522 NNPACK.cpp:56] Could not initialize NNPACK! Reason: Unsupported hardware.
[W910 12:06:43.526695988 NNPACK.cpp:56] Could not initialize NNPACK! Reason: Unsupported hardware.
[W910 12:06:43.527190931 NNPACK.cpp:56] Could not initialize NNPACK! Reason: Unsupported hardware.
[W910 12:06:43.527680220 NNPACK.cpp:56] Could not initialize NNPACK! Reason: Unsupported hardware.
[W910 12:06:43.528239354 NNPACK.cpp:56] Could not initialize NNPACK! Reason: Unsupported hardware.
[W910 12:06:43.528786603 NNPACK.cpp:56] Could not initialize NNPACK! Reason: Unsupported hardware.
[W910 12:06:43.529343463 NNPACK.cpp:56] Could not initialize NNPACK! Reason: Unsupported hardware.
[W910 12:06:43.530200861 NNPACK.cpp:56] Could not initialize NNPACK! Reason: Unsupported hardware.
[W910 12:06:44.024462592 NNPACK.cpp:56] Could not initialize NNPACK! Reason: Unsupported hardware.
[W910 12:06:44.025685777 NNPACK.cpp:56] Could not initialize NNPACK! Reason: Unsupported hardware.
[W910 12:06:44.026638537 NNPACK.cpp:56] Could not initialize NNPACK! Reason: Unsupported hardware.
[W910 12:06:44.027573077 NNPACK.cpp:56] Could not initialize NNPACK! Reason: Unsupported hardware.
[W910 12:06:44.028573564 NNPACK.cpp:56] Could not initialize NNPACK! Reason: Unsupported hardware.
[W910 12:06:44.029572247 NNPACK.cpp:56] Could not initialize NNPACK! Reason: Unsupported hardware.
[W910 12:06:44.030569503 NNPACK.cpp:56] Could not initialize NNPACK! Reason: Unsupported hardware.
[W910 12:06:44.031891005 NNPACK.cpp:56] Could not initialize NNPACK! Reason: Unsupported hardware.
[W910 12:06:44.463207867 NNPACK.cpp:56] Could not initialize NNPACK! Reason: Unsupported hardware.
[W910 12:06:44.463924799 NNPACK.cpp:56] Could not initialize NNPACK! Reason: Unsupported hardware.
[W910 12:06:44.464430210 NNPACK.cpp:56] Could not initialize NNPACK! Reason: Unsupported hardware.
[W910 12:06:44.464909084 NNPACK.cpp:56] Could not initialize NNPACK! Reason: Unsupported hardware.
[W910 12:06:44.465463467 NNPACK.cpp:56] Could not initialize NNPACK! Reason: Unsupported hardware.
[W910 12:06:44.466031204 NNPACK.cpp:56] Could not initialize NNPACK! Reason: Unsupported hardware.
[W910 12:06:44.466596659 NNPACK.cpp:56] Could not initialize NNPACK! Reason: Unsupported hardware.
[W910 12:06:44.467464748 NNPACK.cpp:56] Could not initialize NNPACK! Reason: Unsupported hardware.
[W910 12:06:45.974035878 NNPACK.cpp:56] Could not initialize NNPACK! Reason: Unsupported hardware.
[W910 12:06:45.975257937 NNPACK.cpp:56] Could not initialize NNPACK! Reason: Unsupported hardware.
[W910 12:06:45.976219792 NNPACK.cpp:56] Could not initialize NNPACK! Reason: Unsupported hardware.
[W910 12:06:45.977170809 NNPACK.cpp:56] Could not initialize NNPACK! Reason: Unsupported hardware.
[W910 12:06:45.978211339 NNPACK.cpp:56] Could not initialize NNPACK! Reason: Unsupported hardware.
[W910 12:06:45.979260577 NNPACK.cpp:56] Could not initialize NNPACK! Reason: Unsupported hardware.
[W910 12:06:45.980375310 NNPACK.cpp:56] Could not initialize NNPACK! Reason: Unsupported hardware.
[W910 12:06:45.981744520 NNPACK.cpp:56] Could not initialize NNPACK! Reason: Unsupported hardware.
[W910 12:06:45.418818047 NNPACK.cpp:56] Could not initialize NNPACK! Reason: Unsupported hardware.
[W910 12:06:45.419560980 NNPACK.cpp:56] Could not initialize NNPACK! Reason: Unsupported hardware.
[W910 12:06:45.420056311 NNPACK.cpp:56] Could not initialize NNPACK! Reason: Unsupported hardware.
[W910 12:06:45.420541926 NNPACK.cpp:56] Could not initialize NNPACK! Reason: Unsupported hardware.
[W910 12:06:45.421102638 NNPACK.cpp:56] Could not initialize NNPACK! Reason: Unsupported hardware.
[W910 12:06:45.421651107 NNPACK.cpp:56] Could not initialize NNPACK! Reason: Unsupported hardware.
[W910 12:06:45.422209542 NNPACK.cpp:56] Could not initialize NNPACK! Reason: Unsupported hardware.
[W910 12:06:45.423087820 NNPACK.cpp:56] Could not initialize NNPACK! Reason: Unsupported hardware.
[W910 12:06:45.917103527 NNPACK.cpp:56] Could not initialize NNPACK! Reason: Unsupported hardware.
[W910 12:06:45.918317714 NNPACK.cpp:56] Could not initialize NNPACK! Reason: Unsupported hardware.
[W910 12:06:45.919270455 NNPACK.cpp:56] Could not initialize NNPACK! Reason: Unsupported hardware.
[W910 12:06:45.920176998 NNPACK.cpp:56] Could not initialize NNPACK! Reason: Unsupported hardware.
[W910 12:06:45.921174548 NNPACK.cpp:56] Could not initialize NNPACK! Reason: Unsupported hardware.
[W910 12:06:45.922171833 NNPACK.cpp:56] Could not initialize NNPACK! Reason: Unsupported hardware.
[W910 12:06:45.923173271 NNPACK.cpp:56] Could not initialize NNPACK! Reason: Unsupported hardware.
[W910 12:06:45.924507671 NNPACK.cpp:56] Could not initialize NNPACK! Reason: Unsupported hardware.
[W910 12:06:46.360310446 NNPACK.cpp:56] Could not initialize NNPACK! Reason: Unsupported hardware.
[W910 12:06:46.360940057 NNPACK.cpp:56] Could not initialize NNPACK! Reason: Unsupported hardware.
[W910 12:06:46.361428173 NNPACK.cpp:56] Could not initialize NNPACK! Reason: Unsupported hardware.
[W910 12:06:46.361905988 NNPACK.cpp:56] Could not initialize NNPACK! Reason: Unsupported hardware.
[W910 12:06:46.362457001 NNPACK.cpp:56] Could not initialize NNPACK! Reason: Unsupported hardware.
[W910 12:06:46.362998365 NNPACK.cpp:56] Could not initialize NNPACK! Reason: Unsupported hardware.
[W910 12:06:46.363548037 NNPACK.cpp:56] Could not initialize NNPACK! Reason: Unsupported hardware.
[W910 12:06:46.364357989 NNPACK.cpp:56] Could not initialize NNPACK! Reason: Unsupported hardware.
[W910 12:06:46.861098701 NNPACK.cpp:56] Could not initialize NNPACK! Reason: Unsupported hardware.
[W910 12:06:46.862307153 NNPACK.cpp:56] Could not initialize NNPACK! Reason: Unsupported hardware.
[W910 12:06:46.863258637 NNPACK.cpp:56] Could not initialize NNPACK! Reason: Unsupported hardware.
[W910 12:06:46.864182908 NNPACK.cpp:56] Could not initialize NNPACK! Reason: Unsupported hardware.
[W910 12:06:46.865215811 NNPACK.cpp:56] Could not initialize NNPACK! Reason: Unsupported hardware.
[W910 12:06:46.866248987 NNPACK.cpp:56] Could not initialize NNPACK! Reason: Unsupported hardware.
[W910 12:06:46.867269136 NNPACK.cpp:56] Could not initialize NNPACK! Reason: Unsupported hardware.
[W910 12:06:46.868593648 NNPACK.cpp:56] Could not initialize NNPACK! Reason: Unsupported hardware.
[W910 12:06:47.304396449 NNPACK.cpp:56] Could not initialize NNPACK! Reason: Unsupported hardware.
[W910 12:06:47.305068147 NNPACK.cpp:56] Could not initialize NNPACK! Reason: Unsupported hardware.
[W910 12:06:47.305554093 NNPACK.cpp:56] Could not initialize NNPACK! Reason: Unsupported hardware.
[W910 12:06:47.306038769 NNPACK.cpp:56] Could not initialize NNPACK! Reason: Unsupported hardware.
[W910 12:06:47.306587515 NNPACK.cpp:56] Could not initialize NNPACK! Reason: Unsupported hardware.
[W910 12:06:47.307134378 NNPACK.cpp:56] Could not initialize NNPACK! Reason: Unsupported hardware.
[W910 12:06:47.307678929 NNPACK.cpp:56] Could not initialize NNPACK! Reason: Unsupported hardware.
[W910 12:06:47.308508861 NNPACK.cpp:56] Could not initialize NNPACK! Reason: Unsupported hardware.
[W910 12:06:47.801105863 NNPACK.cpp:56] Could not initialize NNPACK! Reason: Unsupported hardware.
[W910 12:06:47.802598908 NNPACK.cpp:56] Could not initialize NNPACK! Reason: Unsupported hardware.
[W910 12:06:47.807174647 NNPACK.cpp:56] Could not initialize NNPACK! Reason: Unsupported hardware.
[W910 12:06:47.808050240 NNPACK.cpp:56] Could not initialize NNPACK! Reason: Unsupported hardware.
[W910 12:06:47.809052112 NNPACK.cpp:56] Could not initialize NNPACK! Reason: Unsupported hardware.
[W910 12:06:47.810049227 NNPACK.cpp:56] Could not initialize NNPACK! Reason: Unsupported hardware.
[W910 12:06:47.811045578 NNPACK.cpp:56] Could not initialize NNPACK! Reason: Unsupported hardware.
[W910 12:06:47.812368880 NNPACK.cpp:56] Could not initialize NNPACK! Reason: Unsupported hardware.
[W910 12:06:48.240508338 NNPACK.cpp:56] Could not initialize NNPACK! Reason: Unsupported hardware.
[W910 12:06:48.241250344 NNPACK.cpp:56] Could not initialize NNPACK! Reason: Unsupported hardware.
[W910 12:06:48.241737345 NNPACK.cpp:56] Could not initialize NNPACK! Reason: Unsupported hardware.
[W910 12:06:48.242258835 NNPACK.cpp:56] Could not initialize NNPACK! Reason: Unsupported hardware.
[W910 12:06:48.242827312 NNPACK.cpp:56] Could not initialize NNPACK! Reason: Unsupported hardware.
[W910 12:06:48.243376950 NNPACK.cpp:56] Could not initialize NNPACK! Reason: Unsupported hardware.
[W910 12:06:48.243921860 NNPACK.cpp:56] Could not initialize NNPACK! Reason: Unsupported hardware.
[W910 12:06:48.244808341 NNPACK.cpp:56] Could not initialize NNPACK! Reason: Unsupported hardware.
[W910 12:06:48.740078648 NNPACK.cpp:56] Could not initialize NNPACK! Reason: Unsupported hardware.
[W910 12:06:48.741298430 NNPACK.cpp:56] Could not initialize NNPACK! Reason: Unsupported hardware.
[W910 12:06:48.742248159 NNPACK.cpp:56] Could not initialize NNPACK! Reason: Unsupported hardware.
[W910 12:06:48.743171960 NNPACK.cpp:56] Could not initialize NNPACK! Reason: Unsupported hardware.
[W910 12:06:48.744216787 NNPACK.cpp:56] Could not initialize NNPACK! Reason: Unsupported hardware.
[W910 12:06:48.745218782 NNPACK.cpp:56] Could not initialize NNPACK! Reason: Unsupported hardware.
[W910 12:06:48.746219556 NNPACK.cpp:56] Could not initialize NNPACK! Reason: Unsupported hardware.
[W910 12:06:48.747537101 NNPACK.cpp:56] Could not initialize NNPACK! Reason: Unsupported hardware.
[W910 12:06:49.180870751 NNPACK.cpp:56] Could not initialize NNPACK! Reason: Unsupported hardware.
[W910 12:06:49.181600288 NNPACK.cpp:56] Could not initialize NNPACK! Reason: Unsupported hardware.
[W910 12:06:49.182091624 NNPACK.cpp:56] Could not initialize NNPACK! Reason: Unsupported hardware.
[W910 12:06:49.182595628 NNPACK.cpp:56] Could not initialize NNPACK! Reason: Unsupported hardware.
[W910 12:06:49.183150770 NNPACK.cpp:56] Could not initialize NNPACK! Reason: Unsupported hardware.
[W910 12:06:49.183692814 NNPACK.cpp:56] Could not initialize NNPACK! Reason: Unsupported hardware.
[W910 12:06:49.184242299 NNPACK.cpp:56] Could not initialize NNPACK! Reason: Unsupported hardware.
[W910 12:06:49.185122103 NNPACK.cpp:56] Could not initialize NNPACK! Reason: Unsupported hardware.
[W910 12:06:49.683519679 NNPACK.cpp:56] Could not initialize NNPACK! Reason: Unsupported hardware.
[W910 12:06:49.684739594 NNPACK.cpp:56] Could not initialize NNPACK! Reason: Unsupported hardware.
[W910 12:06:49.685695488 NNPACK.cpp:56] Could not initialize NNPACK! Reason: Unsupported hardware.
[W910 12:06:49.686617457 NNPACK.cpp:56] Could not initialize NNPACK! Reason: Unsupported hardware.
[W910 12:06:49.687660246 NNPACK.cpp:56] Could not initialize NNPACK! Reason: Unsupported hardware.
[W910 12:06:49.688683892 NNPACK.cpp:56] Could not initialize NNPACK! Reason: Unsupported hardware.
[W910 12:06:49.689691108 NNPACK.cpp:56] Could not initialize NNPACK! Reason: Unsupported hardware.
[W910 12:06:49.691032052 NNPACK.cpp:56] Could not initialize NNPACK! Reason: Unsupported hardware.
[W910 12:06:50.133343140 NNPACK.cpp:56] Could not initialize NNPACK! Reason: Unsupported hardware.
[W910 12:06:50.134076693 NNPACK.cpp:56] Could not initialize NNPACK! Reason: Unsupported hardware.
[W910 12:06:50.134563395 NNPACK.cpp:56] Could not initialize NNPACK! Reason: Unsupported hardware.
[W910 12:06:50.135083034 NNPACK.cpp:56] Could not initialize NNPACK! Reason: Unsupported hardware.
[W910 12:06:50.135653515 NNPACK.cpp:56] Could not initialize NNPACK! Reason: Unsupported hardware.
[W910 12:06:50.136236109 NNPACK.cpp:56] Could not initialize NNPACK! Reason: Unsupported hardware.
[W910 12:06:50.136787007 NNPACK.cpp:56] Could not initialize NNPACK! Reason: Unsupported hardware.
[W910 12:06:50.137664007 NNPACK.cpp:56] Could not initialize NNPACK! Reason: Unsupported hardware.
[W910 12:06:50.631890751 NNPACK.cpp:56] Could not initialize NNPACK! Reason: Unsupported hardware.
[W910 12:06:50.633129614 NNPACK.cpp:56] Could not initialize NNPACK! Reason: Unsupported hardware.
[W910 12:06:50.634094059 NNPACK.cpp:56] Could not initialize NNPACK! Reason: Unsupported hardware.
[W910 12:06:50.635018370 NNPACK.cpp:56] Could not initialize NNPACK! Reason: Unsupported hardware.
[W910 12:06:50.636096230 NNPACK.cpp:56] Could not initialize NNPACK! Reason: Unsupported hardware.
[W910 12:06:50.637253411 NNPACK.cpp:56] Could not initialize NNPACK! Reason: Unsupported hardware.
[W910 12:06:50.638319461 NNPACK.cpp:56] Could not initialize NNPACK! Reason: Unsupported hardware.
[W910 12:06:50.639721175 NNPACK.cpp:56] Could not initialize NNPACK! Reason: Unsupported hardware.
[W910 12:06:51.076578187 NNPACK.cpp:56] Could not initialize NNPACK! Reason: Unsupported hardware.
[W910 12:06:51.077310923 NNPACK.cpp:56] Could not initialize NNPACK! Reason: Unsupported hardware.
[W910 12:06:51.077797348 NNPACK.cpp:56] Could not initialize NNPACK! Reason: Unsupported hardware.
[W910 12:06:51.078325256 NNPACK.cpp:56] Could not initialize NNPACK! Reason: Unsupported hardware.
[W910 12:06:51.078879923 NNPACK.cpp:56] Could not initialize NNPACK! Reason: Unsupported hardware.
[W910 12:06:51.079433565 NNPACK.cpp:56] Could not initialize NNPACK! Reason: Unsupported hardware.
[W910 12:06:51.079981612 NNPACK.cpp:56] Could not initialize NNPACK! Reason: Unsupported hardware.
[W910 12:06:51.080853181 NNPACK.cpp:56] Could not initialize NNPACK! Reason: Unsupported hardware.
[W910 12:06:51.577924320 NNPACK.cpp:56] Could not initialize NNPACK! Reason: Unsupported hardware.
[W910 12:06:51.579142144 NNPACK.cpp:56] Could not initialize NNPACK! Reason: Unsupported hardware.
[W910 12:06:51.580094759 NNPACK.cpp:56] Could not initialize NNPACK! Reason: Unsupported hardware.
[W910 12:06:51.581020473 NNPACK.cpp:56] Could not initialize NNPACK! Reason: Unsupported hardware.
[W910 12:06:51.582075562 NNPACK.cpp:56] Could not initialize NNPACK! Reason: Unsupported hardware.
[W910 12:06:51.583150407 NNPACK.cpp:56] Could not initialize NNPACK! Reason: Unsupported hardware.
[W910 12:06:51.584175128 NNPACK.cpp:56] Could not initialize NNPACK! Reason: Unsupported hardware.
[W910 12:06:51.585533517 NNPACK.cpp:56] Could not initialize NNPACK! Reason: Unsupported hardware.
[W910 12:06:52.026434354 NNPACK.cpp:56] Could not initialize NNPACK! Reason: Unsupported hardware.
[W910 12:06:52.027208219 NNPACK.cpp:56] Could not initialize NNPACK! Reason: Unsupported hardware.
[W910 12:06:52.027691245 NNPACK.cpp:56] Could not initialize NNPACK! Reason: Unsupported hardware.
[W910 12:06:52.028179404 NNPACK.cpp:56] Could not initialize NNPACK! Reason: Unsupported hardware.
[W910 12:06:52.028768813 NNPACK.cpp:56] Could not initialize NNPACK! Reason: Unsupported hardware.
[W910 12:06:52.029322826 NNPACK.cpp:56] Could not initialize NNPACK! Reason: Unsupported hardware.
[W910 12:06:52.029904169 NNPACK.cpp:56] Could not initialize NNPACK! Reason: Unsupported hardware.
[W910 12:06:52.030803706 NNPACK.cpp:56] Could not initialize NNPACK! Reason: Unsupported hardware.
[W910 12:06:52.409608264 NNPACK.cpp:56] Could not initialize NNPACK! Reason: Unsupported hardware.
[W910 12:06:52.410306641 NNPACK.cpp:56] Could not initialize NNPACK! Reason: Unsupported hardware.
[W910 12:06:52.410741209 NNPACK.cpp:56] Could not initialize NNPACK! Reason: Unsupported hardware.
[W910 12:06:52.411158218 NNPACK.cpp:56] Could not initialize NNPACK! Reason: Unsupported hardware.
[W910 12:06:52.411633953 NNPACK.cpp:56] Could not initialize NNPACK! Reason: Unsupported hardware.
[W910 12:06:52.412108785 NNPACK.cpp:56] Could not initialize NNPACK! Reason: Unsupported hardware.
[W910 12:06:52.412571170 NNPACK.cpp:56] Could not initialize NNPACK! Reason: Unsupported hardware.
[W910 12:06:52.413349529 NNPACK.cpp:56] Could not initialize NNPACK! Reason: Unsupported hardware.
[W910 12:06:52.904395520 NNPACK.cpp:56] Could not initialize NNPACK! Reason: Unsupported hardware.
[W910 12:06:52.905609876 NNPACK.cpp:56] Could not initialize NNPACK! Reason: Unsupported hardware.
[W910 12:06:52.906556310 NNPACK.cpp:56] Could not initialize NNPACK! Reason: Unsupported hardware.
[W910 12:06:52.907483441 NNPACK.cpp:56] Could not initialize NNPACK! Reason: Unsupported hardware.
[W910 12:06:52.908480339 NNPACK.cpp:56] Could not initialize NNPACK! Reason: Unsupported hardware.
[W910 12:06:52.909498051 NNPACK.cpp:56] Could not initialize NNPACK! Reason: Unsupported hardware.
[W910 12:06:52.910548815 NNPACK.cpp:56] Could not initialize NNPACK! Reason: Unsupported hardware.
[W910 12:06:52.911923941 NNPACK.cpp:56] Could not initialize NNPACK! Reason: Unsupported hardware.
[W910 12:06:53.351805411 NNPACK.cpp:56] Could not initialize NNPACK! Reason: Unsupported hardware.
[W910 12:06:53.352532760 NNPACK.cpp:56] Could not initialize NNPACK! Reason: Unsupported hardware.
[W910 12:06:53.353027624 NNPACK.cpp:56] Could not initialize NNPACK! Reason: Unsupported hardware.
[W910 12:06:53.353507044 NNPACK.cpp:56] Could not initialize NNPACK! Reason: Unsupported hardware.
[W910 12:06:53.354059471 NNPACK.cpp:56] Could not initialize NNPACK! Reason: Unsupported hardware.
[W910 12:06:53.354600189 NNPACK.cpp:56] Could not initialize NNPACK! Reason: Unsupported hardware.
[W910 12:06:53.355151127 NNPACK.cpp:56] Could not initialize NNPACK! Reason: Unsupported hardware.
[W910 12:06:53.356018685 NNPACK.cpp:56] Could not initialize NNPACK! Reason: Unsupported hardware.
[W910 12:06:53.856038235 NNPACK.cpp:56] Could not initialize NNPACK! Reason: Unsupported hardware.
[W910 12:06:53.857259909 NNPACK.cpp:56] Could not initialize NNPACK! Reason: Unsupported hardware.
[W910 12:06:53.858225073 NNPACK.cpp:56] Could not initialize NNPACK! Reason: Unsupported hardware.
[W910 12:06:53.859178135 NNPACK.cpp:56] Could not initialize NNPACK! Reason: Unsupported hardware.
[W910 12:06:53.860268014 NNPACK.cpp:56] Could not initialize NNPACK! Reason: Unsupported hardware.
[W910 12:06:53.861307492 NNPACK.cpp:56] Could not initialize NNPACK! Reason: Unsupported hardware.
[W910 12:06:53.862341888 NNPACK.cpp:56] Could not initialize NNPACK! Reason: Unsupported hardware.
[W910 12:06:53.863727448 NNPACK.cpp:56] Could not initialize NNPACK! Reason: Unsupported hardware.
[W910 12:06:54.304825418 NNPACK.cpp:56] Could not initialize NNPACK! Reason: Unsupported hardware.
[W910 12:06:54.305558039 NNPACK.cpp:56] Could not initialize NNPACK! Reason: Unsupported hardware.
[W910 12:06:54.306073000 NNPACK.cpp:56] Could not initialize NNPACK! Reason: Unsupported hardware.
[W910 12:06:54.306559136 NNPACK.cpp:56] Could not initialize NNPACK! Reason: Unsupported hardware.
[W910 12:06:54.307123212 NNPACK.cpp:56] Could not initialize NNPACK! Reason: Unsupported hardware.
[W910 12:06:54.307673224 NNPACK.cpp:56] Could not initialize NNPACK! Reason: Unsupported hardware.
[W910 12:06:54.308230918 NNPACK.cpp:56] Could not initialize NNPACK! Reason: Unsupported hardware.
[W910 12:06:54.309132782 NNPACK.cpp:56] Could not initialize NNPACK! Reason: Unsupported hardware.
[W910 12:06:54.810544721 NNPACK.cpp:56] Could not initialize NNPACK! Reason: Unsupported hardware.
[W910 12:06:54.811784677 NNPACK.cpp:56] Could not initialize NNPACK! Reason: Unsupported hardware.
[W910 12:06:54.812801522 NNPACK.cpp:56] Could not initialize NNPACK! Reason: Unsupported hardware.
[W910 12:06:54.813910941 NNPACK.cpp:56] Could not initialize NNPACK! Reason: Unsupported hardware.
[W910 12:06:54.814984360 NNPACK.cpp:56] Could not initialize NNPACK! Reason: Unsupported hardware.
[W910 12:06:54.816164090 NNPACK.cpp:56] Could not initialize NNPACK! Reason: Unsupported hardware.
[W910 12:06:54.817250423 NNPACK.cpp:56] Could not initialize NNPACK! Reason: Unsupported hardware.
[W910 12:06:54.818690194 NNPACK.cpp:56] Could not initialize NNPACK! Reason: Unsupported hardware.
[W910 12:06:55.260355416 NNPACK.cpp:56] Could not initialize NNPACK! Reason: Unsupported hardware.
[W910 12:06:55.261127587 NNPACK.cpp:56] Could not initialize NNPACK! Reason: Unsupported hardware.
[W910 12:06:55.266065250 NNPACK.cpp:56] Could not initialize NNPACK! Reason: Unsupported hardware.
[W910 12:06:55.266692796 NNPACK.cpp:56] Could not initialize NNPACK! Reason: Unsupported hardware.
[W910 12:06:55.267394351 NNPACK.cpp:56] Could not initialize NNPACK! Reason: Unsupported hardware.
[W910 12:06:55.268032847 NNPACK.cpp:56] Could not initialize NNPACK! Reason: Unsupported hardware.
[W910 12:06:55.268659123 NNPACK.cpp:56] Could not initialize NNPACK! Reason: Unsupported hardware.
[W910 12:06:55.269636373 NNPACK.cpp:56] Could not initialize NNPACK! Reason: Unsupported hardware.
[W910 12:06:55.754961133 NNPACK.cpp:56] Could not initialize NNPACK! Reason: Unsupported hardware.
[W910 12:06:55.756558905 NNPACK.cpp:56] Could not initialize NNPACK! Reason: Unsupported hardware.
[W910 12:06:55.757517334 NNPACK.cpp:56] Could not initialize NNPACK! Reason: Unsupported hardware.
[W910 12:06:55.758434688 NNPACK.cpp:56] Could not initialize NNPACK! Reason: Unsupported hardware.
[W910 12:06:55.759471326 NNPACK.cpp:56] Could not initialize NNPACK! Reason: Unsupported hardware.
[W910 12:06:55.760488985 NNPACK.cpp:56] Could not initialize NNPACK! Reason: Unsupported hardware.
[W910 12:06:55.761496843 NNPACK.cpp:56] Could not initialize NNPACK! Reason: Unsupported hardware.
[W910 12:06:55.762849228 NNPACK.cpp:56] Could not initialize NNPACK! Reason: Unsupported hardware.
[W910 12:06:56.206423675 NNPACK.cpp:56] Could not initialize NNPACK! Reason: Unsupported hardware.
[W910 12:06:56.207086905 NNPACK.cpp:56] Could not initialize NNPACK! Reason: Unsupported hardware.
[W910 12:06:56.207504984 NNPACK.cpp:56] Could not initialize NNPACK! Reason: Unsupported hardware.
[W910 12:06:56.207914198 NNPACK.cpp:56] Could not initialize NNPACK! Reason: Unsupported hardware.
[W910 12:06:56.208389037 NNPACK.cpp:56] Could not initialize NNPACK! Reason: Unsupported hardware.
[W910 12:06:56.208855610 NNPACK.cpp:56] Could not initialize NNPACK! Reason: Unsupported hardware.
[W910 12:06:56.209326256 NNPACK.cpp:56] Could not initialize NNPACK! Reason: Unsupported hardware.
[W910 12:06:56.210117095 NNPACK.cpp:56] Could not initialize NNPACK! Reason: Unsupported hardware.
[W910 12:06:56.788930820 NNPACK.cpp:56] Could not initialize NNPACK! Reason: Unsupported hardware.
[W910 12:06:56.790159447 NNPACK.cpp:56] Could not initialize NNPACK! Reason: Unsupported hardware.
[W910 12:06:56.791124719 NNPACK.cpp:56] Could not initialize NNPACK! Reason: Unsupported hardware.
[W910 12:06:56.792064483 NNPACK.cpp:56] Could not initialize NNPACK! Reason: Unsupported hardware.
[W910 12:06:56.793133093 NNPACK.cpp:56] Could not initialize NNPACK! Reason: Unsupported hardware.
[W910 12:06:56.794289652 NNPACK.cpp:56] Could not initialize NNPACK! Reason: Unsupported hardware.
[W910 12:06:56.795317459 NNPACK.cpp:56] Could not initialize NNPACK! Reason: Unsupported hardware.
[W910 12:06:56.796649837 NNPACK.cpp:56] Could not initialize NNPACK! Reason: Unsupported hardware.
[W910 12:06:57.238940742 NNPACK.cpp:56] Could not initialize NNPACK! Reason: Unsupported hardware.
[W910 12:06:57.239691223 NNPACK.cpp:56] Could not initialize NNPACK! Reason: Unsupported hardware.
[W910 12:06:57.240201998 NNPACK.cpp:56] Could not initialize NNPACK! Reason: Unsupported hardware.
[W910 12:06:57.240697666 NNPACK.cpp:56] Could not initialize NNPACK! Reason: Unsupported hardware.
[W910 12:06:57.241272452 NNPACK.cpp:56] Could not initialize NNPACK! Reason: Unsupported hardware.
[W910 12:06:57.241821056 NNPACK.cpp:56] Could not initialize NNPACK! Reason: Unsupported hardware.
[W910 12:06:57.242376138 NNPACK.cpp:56] Could not initialize NNPACK! Reason: Unsupported hardware.
[W910 12:06:57.243253243 NNPACK.cpp:56] Could not initialize NNPACK! Reason: Unsupported hardware.
[W910 12:06:57.744075850 NNPACK.cpp:56] Could not initialize NNPACK! Reason: Unsupported hardware.
[W910 12:06:57.745318595 NNPACK.cpp:56] Could not initialize NNPACK! Reason: Unsupported hardware.
[W910 12:06:57.746290842 NNPACK.cpp:56] Could not initialize NNPACK! Reason: Unsupported hardware.
[W910 12:06:57.747239991 NNPACK.cpp:56] Could not initialize NNPACK! Reason: Unsupported hardware.
[W910 12:06:57.748322949 NNPACK.cpp:56] Could not initialize NNPACK! Reason: Unsupported hardware.
[W910 12:06:57.749429325 NNPACK.cpp:56] Could not initialize NNPACK! Reason: Unsupported hardware.
[W910 12:06:57.750473485 NNPACK.cpp:56] Could not initialize NNPACK! Reason: Unsupported hardware.
[W910 12:06:57.751832424 NNPACK.cpp:56] Could not initialize NNPACK! Reason: Unsupported hardware.
[W910 12:06:58.194545988 NNPACK.cpp:56] Could not initialize NNPACK! Reason: Unsupported hardware.
[W910 12:06:58.195303430 NNPACK.cpp:56] Could not initialize NNPACK! Reason: Unsupported hardware.
[W910 12:06:58.195800628 NNPACK.cpp:56] Could not initialize NNPACK! Reason: Unsupported hardware.
[W910 12:06:58.196284964 NNPACK.cpp:56] Could not initialize NNPACK! Reason: Unsupported hardware.
[W910 12:06:58.196833877 NNPACK.cpp:56] Could not initialize NNPACK! Reason: Unsupported hardware.
[W910 12:06:58.197382817 NNPACK.cpp:56] Could not initialize NNPACK! Reason: Unsupported hardware.
[W910 12:06:58.197926753 NNPACK.cpp:56] Could not initialize NNPACK! Reason: Unsupported hardware.
[W910 12:06:58.198819551 NNPACK.cpp:56] Could not initialize NNPACK! Reason: Unsupported hardware.
[W910 12:06:58.697984467 NNPACK.cpp:56] Could not initialize NNPACK! Reason: Unsupported hardware.
[W910 12:06:58.699230714 NNPACK.cpp:56] Could not initialize NNPACK! Reason: Unsupported hardware.
[W910 12:06:58.700437809 NNPACK.cpp:56] Could not initialize NNPACK! Reason: Unsupported hardware.
[W910 12:06:58.701507459 NNPACK.cpp:56] Could not initialize NNPACK! Reason: Unsupported hardware.
[W910 12:06:58.702700679 NNPACK.cpp:56] Could not initialize NNPACK! Reason: Unsupported hardware.
[W910 12:06:58.703887584 NNPACK.cpp:56] Could not initialize NNPACK! Reason: Unsupported hardware.
[W910 12:06:58.704982482 NNPACK.cpp:56] Could not initialize NNPACK! Reason: Unsupported hardware.
[W910 12:06:58.706406741 NNPACK.cpp:56] Could not initialize NNPACK! Reason: Unsupported hardware.
[W910 12:06:59.144884025 NNPACK.cpp:56] Could not initialize NNPACK! Reason: Unsupported hardware.
[W910 12:06:59.145636565 NNPACK.cpp:56] Could not initialize NNPACK! Reason: Unsupported hardware.
[W910 12:06:59.146170893 NNPACK.cpp:56] Could not initialize NNPACK! Reason: Unsupported hardware.
[W910 12:06:59.146668037 NNPACK.cpp:56] Could not initialize NNPACK! Reason: Unsupported hardware.
[W910 12:06:59.147241681 NNPACK.cpp:56] Could not initialize NNPACK! Reason: Unsupported hardware.
[W910 12:06:59.147817256 NNPACK.cpp:56] Could not initialize NNPACK! Reason: Unsupported hardware.
[W910 12:06:59.148385835 NNPACK.cpp:56] Could not initialize NNPACK! Reason: Unsupported hardware.
[W910 12:06:59.149308765 NNPACK.cpp:56] Could not initialize NNPACK! Reason: Unsupported hardware.
[W910 12:06:59.647552237 NNPACK.cpp:56] Could not initialize NNPACK! Reason: Unsupported hardware.
[W910 12:06:59.648807446 NNPACK.cpp:56] Could not initialize NNPACK! Reason: Unsupported hardware.
[W910 12:06:59.649764941 NNPACK.cpp:56] Could not initialize NNPACK! Reason: Unsupported hardware.
[W910 12:06:59.650693545 NNPACK.cpp:56] Could not initialize NNPACK! Reason: Unsupported hardware.
[W910 12:06:59.651740817 NNPACK.cpp:56] Could not initialize NNPACK! Reason: Unsupported hardware.
[W910 12:06:59.652748984 NNPACK.cpp:56] Could not initialize NNPACK! Reason: Unsupported hardware.
[W910 12:06:59.653759367 NNPACK.cpp:56] Could not initialize NNPACK! Reason: Unsupported hardware.
[W910 12:06:59.655102445 NNPACK.cpp:56] Could not initialize NNPACK! Reason: Unsupported hardware.
[W910 12:07:00.097056531 NNPACK.cpp:56] Could not initialize NNPACK! Reason: Unsupported hardware.
[W910 12:07:00.097787260 NNPACK.cpp:56] Could not initialize NNPACK! Reason: Unsupported hardware.
[W910 12:07:00.098346972 NNPACK.cpp:56] Could not initialize NNPACK! Reason: Unsupported hardware.
[W910 12:07:00.098838621 NNPACK.cpp:56] Could not initialize NNPACK! Reason: Unsupported hardware.
[W910 12:07:00.099399321 NNPACK.cpp:56] Could not initialize NNPACK! Reason: Unsupported hardware.
[W910 12:07:00.099946867 NNPACK.cpp:56] Could not initialize NNPACK! Reason: Unsupported hardware.
[W910 12:07:00.100503836 NNPACK.cpp:56] Could not initialize NNPACK! Reason: Unsupported hardware.
[W910 12:07:00.101383874 NNPACK.cpp:56] Could not initialize NNPACK! Reason: Unsupported hardware.
[W910 12:07:00.601435098 NNPACK.cpp:56] Could not initialize NNPACK! Reason: Unsupported hardware.
[W910 12:07:00.602642841 NNPACK.cpp:56] Could not initialize NNPACK! Reason: Unsupported hardware.
[W910 12:07:00.603603996 NNPACK.cpp:56] Could not initialize NNPACK! Reason: Unsupported hardware.
[W910 12:07:00.604546603 NNPACK.cpp:56] Could not initialize NNPACK! Reason: Unsupported hardware.
[W910 12:07:00.605552084 NNPACK.cpp:56] Could not initialize NNPACK! Reason: Unsupported hardware.
[W910 12:07:00.606553489 NNPACK.cpp:56] Could not initialize NNPACK! Reason: Unsupported hardware.
[W910 12:07:00.607554807 NNPACK.cpp:56] Could not initialize NNPACK! Reason: Unsupported hardware.
[W910 12:07:00.608881042 NNPACK.cpp:56] Could not initialize NNPACK! Reason: Unsupported hardware.
[W910 12:07:01.048629354 NNPACK.cpp:56] Could not initialize NNPACK! Reason: Unsupported hardware.
[W910 12:07:01.049357011 NNPACK.cpp:56] Could not initialize NNPACK! Reason: Unsupported hardware.
[W910 12:07:01.049842532 NNPACK.cpp:56] Could not initialize NNPACK! Reason: Unsupported hardware.
[W910 12:07:01.050356490 NNPACK.cpp:56] Could not initialize NNPACK! Reason: Unsupported hardware.
[W910 12:07:01.050904726 NNPACK.cpp:56] Could not initialize NNPACK! Reason: Unsupported hardware.
[W910 12:07:01.051518266 NNPACK.cpp:56] Could not initialize NNPACK! Reason: Unsupported hardware.
[W910 12:07:01.052071177 NNPACK.cpp:56] Could not initialize NNPACK! Reason: Unsupported hardware.
[W910 12:07:01.052930994 NNPACK.cpp:56] Could not initialize NNPACK! Reason: Unsupported hardware.
[W910 12:07:01.548678064 NNPACK.cpp:56] Could not initialize NNPACK! Reason: Unsupported hardware.
[W910 12:07:01.549890093 NNPACK.cpp:56] Could not initialize NNPACK! Reason: Unsupported hardware.
[W910 12:07:01.550834762 NNPACK.cpp:56] Could not initialize NNPACK! Reason: Unsupported hardware.
[W910 12:07:01.551778108 NNPACK.cpp:56] Could not initialize NNPACK! Reason: Unsupported hardware.
[W910 12:07:01.552841347 NNPACK.cpp:56] Could not initialize NNPACK! Reason: Unsupported hardware.
[W910 12:07:01.553867438 NNPACK.cpp:56] Could not initialize NNPACK! Reason: Unsupported hardware.
[W910 12:07:01.554923819 NNPACK.cpp:56] Could not initialize NNPACK! Reason: Unsupported hardware.
[W910 12:07:01.556302093 NNPACK.cpp:56] Could not initialize NNPACK! Reason: Unsupported hardware.
[W910 12:07:02.996118947 NNPACK.cpp:56] Could not initialize NNPACK! Reason: Unsupported hardware.
[W910 12:07:02.996842622 NNPACK.cpp:56] Could not initialize NNPACK! Reason: Unsupported hardware.
[W910 12:07:02.997357180 NNPACK.cpp:56] Could not initialize NNPACK! Reason: Unsupported hardware.
[W910 12:07:02.997845962 NNPACK.cpp:56] Could not initialize NNPACK! Reason: Unsupported hardware.
[W910 12:07:02.998484410 NNPACK.cpp:56] Could not initialize NNPACK! Reason: Unsupported hardware.
[W910 12:07:02.999108819 NNPACK.cpp:56] Could not initialize NNPACK! Reason: Unsupported hardware.
[W910 12:07:02.999695638 NNPACK.cpp:56] Could not initialize NNPACK! Reason: Unsupported hardware.
[W910 12:07:02.000601572 NNPACK.cpp:56] Could not initialize NNPACK! Reason: Unsupported hardware.
[W910 12:07:02.505333632 NNPACK.cpp:56] Could not initialize NNPACK! Reason: Unsupported hardware.
[W910 12:07:02.506552837 NNPACK.cpp:56] Could not initialize NNPACK! Reason: Unsupported hardware.
[W910 12:07:02.507512068 NNPACK.cpp:56] Could not initialize NNPACK! Reason: Unsupported hardware.
[W910 12:07:02.508467257 NNPACK.cpp:56] Could not initialize NNPACK! Reason: Unsupported hardware.
[W910 12:07:02.509500050 NNPACK.cpp:56] Could not initialize NNPACK! Reason: Unsupported hardware.
[W910 12:07:02.510562142 NNPACK.cpp:56] Could not initialize NNPACK! Reason: Unsupported hardware.
[W910 12:07:02.511571749 NNPACK.cpp:56] Could not initialize NNPACK! Reason: Unsupported hardware.
[W910 12:07:02.512909235 NNPACK.cpp:56] Could not initialize NNPACK! Reason: Unsupported hardware.
[W910 12:07:03.950443026 NNPACK.cpp:56] Could not initialize NNPACK! Reason: Unsupported hardware.
[W910 12:07:03.951212112 NNPACK.cpp:56] Could not initialize NNPACK! Reason: Unsupported hardware.
[W910 12:07:03.951704276 NNPACK.cpp:56] Could not initialize NNPACK! Reason: Unsupported hardware.
[W910 12:07:03.952198252 NNPACK.cpp:56] Could not initialize NNPACK! Reason: Unsupported hardware.
[W910 12:07:03.952751219 NNPACK.cpp:56] Could not initialize NNPACK! Reason: Unsupported hardware.
[W910 12:07:03.953305311 NNPACK.cpp:56] Could not initialize NNPACK! Reason: Unsupported hardware.
[W910 12:07:03.953856580 NNPACK.cpp:56] Could not initialize NNPACK! Reason: Unsupported hardware.
[W910 12:07:03.954749886 NNPACK.cpp:56] Could not initialize NNPACK! Reason: Unsupported hardware.
[W910 12:07:03.450862038 NNPACK.cpp:56] Could not initialize NNPACK! Reason: Unsupported hardware.
[W910 12:07:03.452143172 NNPACK.cpp:56] Could not initialize NNPACK! Reason: Unsupported hardware.
[W910 12:07:03.453096582 NNPACK.cpp:56] Could not initialize NNPACK! Reason: Unsupported hardware.
[W910 12:07:03.454014299 NNPACK.cpp:56] Could not initialize NNPACK! Reason: Unsupported hardware.
[W910 12:07:03.455059286 NNPACK.cpp:56] Could not initialize NNPACK! Reason: Unsupported hardware.
[W910 12:07:03.456059378 NNPACK.cpp:56] Could not initialize NNPACK! Reason: Unsupported hardware.
[W910 12:07:03.457079791 NNPACK.cpp:56] Could not initialize NNPACK! Reason: Unsupported hardware.
[W910 12:07:03.458402470 NNPACK.cpp:56] Could not initialize NNPACK! Reason: Unsupported hardware.
[W910 12:07:03.898820797 NNPACK.cpp:56] Could not initialize NNPACK! Reason: Unsupported hardware.
[W910 12:07:03.899571763 NNPACK.cpp:56] Could not initialize NNPACK! Reason: Unsupported hardware.
[W910 12:07:03.900069876 NNPACK.cpp:56] Could not initialize NNPACK! Reason: Unsupported hardware.
[W910 12:07:03.900559168 NNPACK.cpp:56] Could not initialize NNPACK! Reason: Unsupported hardware.
[W910 12:07:03.901126125 NNPACK.cpp:56] Could not initialize NNPACK! Reason: Unsupported hardware.
[W910 12:07:03.901682159 NNPACK.cpp:56] Could not initialize NNPACK! Reason: Unsupported hardware.
[W910 12:07:03.902248090 NNPACK.cpp:56] Could not initialize NNPACK! Reason: Unsupported hardware.
[W910 12:07:03.903137123 NNPACK.cpp:56] Could not initialize NNPACK! Reason: Unsupported hardware.
[W910 12:07:04.402513031 NNPACK.cpp:56] Could not initialize NNPACK! Reason: Unsupported hardware.
[W910 12:07:04.403724221 NNPACK.cpp:56] Could not initialize NNPACK! Reason: Unsupported hardware.
[W910 12:07:04.404676180 NNPACK.cpp:56] Could not initialize NNPACK! Reason: Unsupported hardware.
[W910 12:07:04.405603601 NNPACK.cpp:56] Could not initialize NNPACK! Reason: Unsupported hardware.
[W910 12:07:04.406663131 NNPACK.cpp:56] Could not initialize NNPACK! Reason: Unsupported hardware.
[W910 12:07:04.407700170 NNPACK.cpp:56] Could not initialize NNPACK! Reason: Unsupported hardware.
[W910 12:07:04.408703498 NNPACK.cpp:56] Could not initialize NNPACK! Reason: Unsupported hardware.
[W910 12:07:04.410053811 NNPACK.cpp:56] Could not initialize NNPACK! Reason: Unsupported hardware.
[W910 12:07:04.849138345 NNPACK.cpp:56] Could not initialize NNPACK! Reason: Unsupported hardware.
[W910 12:07:04.849912231 NNPACK.cpp:56] Could not initialize NNPACK! Reason: Unsupported hardware.
[W910 12:07:04.850440445 NNPACK.cpp:56] Could not initialize NNPACK! Reason: Unsupported hardware.
[W910 12:07:04.850921621 NNPACK.cpp:56] Could not initialize NNPACK! Reason: Unsupported hardware.
[W910 12:07:04.851499221 NNPACK.cpp:56] Could not initialize NNPACK! Reason: Unsupported hardware.
[W910 12:07:04.852050250 NNPACK.cpp:56] Could not initialize NNPACK! Reason: Unsupported hardware.
[W910 12:07:04.852596937 NNPACK.cpp:56] Could not initialize NNPACK! Reason: Unsupported hardware.
[W910 12:07:04.853469844 NNPACK.cpp:56] Could not initialize NNPACK! Reason: Unsupported hardware.
[W910 12:07:05.352918294 NNPACK.cpp:56] Could not initialize NNPACK! Reason: Unsupported hardware.
[W910 12:07:05.354174296 NNPACK.cpp:56] Could not initialize NNPACK! Reason: Unsupported hardware.
[W910 12:07:05.359008945 NNPACK.cpp:56] Could not initialize NNPACK! Reason: Unsupported hardware.
[W910 12:07:05.359904805 NNPACK.cpp:56] Could not initialize NNPACK! Reason: Unsupported hardware.
[W910 12:07:05.360966004 NNPACK.cpp:56] Could not initialize NNPACK! Reason: Unsupported hardware.
[W910 12:07:05.362025946 NNPACK.cpp:56] Could not initialize NNPACK! Reason: Unsupported hardware.
[W910 12:07:05.363060989 NNPACK.cpp:56] Could not initialize NNPACK! Reason: Unsupported hardware.
[W910 12:07:05.364452620 NNPACK.cpp:56] Could not initialize NNPACK! Reason: Unsupported hardware.
[W910 12:07:05.804769936 NNPACK.cpp:56] Could not initialize NNPACK! Reason: Unsupported hardware.
[W910 12:07:05.805517471 NNPACK.cpp:56] Could not initialize NNPACK! Reason: Unsupported hardware.
[W910 12:07:05.806015502 NNPACK.cpp:56] Could not initialize NNPACK! Reason: Unsupported hardware.
[W910 12:07:05.806533532 NNPACK.cpp:56] Could not initialize NNPACK! Reason: Unsupported hardware.
[W910 12:07:05.807097384 NNPACK.cpp:56] Could not initialize NNPACK! Reason: Unsupported hardware.
[W910 12:07:05.807647932 NNPACK.cpp:56] Could not initialize NNPACK! Reason: Unsupported hardware.
[W910 12:07:05.808206939 NNPACK.cpp:56] Could not initialize NNPACK! Reason: Unsupported hardware.
[W910 12:07:05.809086817 NNPACK.cpp:56] Could not initialize NNPACK! Reason: Unsupported hardware.
[W910 12:07:06.303132862 NNPACK.cpp:56] Could not initialize NNPACK! Reason: Unsupported hardware.
[W910 12:07:06.304359389 NNPACK.cpp:56] Could not initialize NNPACK! Reason: Unsupported hardware.
[W910 12:07:06.305323918 NNPACK.cpp:56] Could not initialize NNPACK! Reason: Unsupported hardware.
[W910 12:07:06.306281404 NNPACK.cpp:56] Could not initialize NNPACK! Reason: Unsupported hardware.
[W910 12:07:06.307376912 NNPACK.cpp:56] Could not initialize NNPACK! Reason: Unsupported hardware.
[W910 12:07:06.308415444 NNPACK.cpp:56] Could not initialize NNPACK! Reason: Unsupported hardware.
[W910 12:07:06.309444622 NNPACK.cpp:56] Could not initialize NNPACK! Reason: Unsupported hardware.
[W910 12:07:06.310774619 NNPACK.cpp:56] Could not initialize NNPACK! Reason: Unsupported hardware.
[W910 12:07:06.749328764 NNPACK.cpp:56] Could not initialize NNPACK! Reason: Unsupported hardware.
[W910 12:07:06.750085062 NNPACK.cpp:56] Could not initialize NNPACK! Reason: Unsupported hardware.
[W910 12:07:06.750573845 NNPACK.cpp:56] Could not initialize NNPACK! Reason: Unsupported hardware.
[W910 12:07:06.751093152 NNPACK.cpp:56] Could not initialize NNPACK! Reason: Unsupported hardware.
[W910 12:07:06.751664666 NNPACK.cpp:56] Could not initialize NNPACK! Reason: Unsupported hardware.
[W910 12:07:06.752238770 NNPACK.cpp:56] Could not initialize NNPACK! Reason: Unsupported hardware.
[W910 12:07:06.752788042 NNPACK.cpp:56] Could not initialize NNPACK! Reason: Unsupported hardware.
[W910 12:07:06.753661087 NNPACK.cpp:56] Could not initialize NNPACK! Reason: Unsupported hardware.
[W910 12:07:07.248469889 NNPACK.cpp:56] Could not initialize NNPACK! Reason: Unsupported hardware.
[W910 12:07:07.249690585 NNPACK.cpp:56] Could not initialize NNPACK! Reason: Unsupported hardware.
[W910 12:07:07.250650525 NNPACK.cpp:56] Could not initialize NNPACK! Reason: Unsupported hardware.
[W910 12:07:07.251591436 NNPACK.cpp:56] Could not initialize NNPACK! Reason: Unsupported hardware.
[W910 12:07:07.252621343 NNPACK.cpp:56] Could not initialize NNPACK! Reason: Unsupported hardware.
[W910 12:07:07.253629597 NNPACK.cpp:56] Could not initialize NNPACK! Reason: Unsupported hardware.
[W910 12:07:07.254638901 NNPACK.cpp:56] Could not initialize NNPACK! Reason: Unsupported hardware.
[W910 12:07:07.256080848 NNPACK.cpp:56] Could not initialize NNPACK! Reason: Unsupported hardware.
[W910 12:07:07.693939051 NNPACK.cpp:56] Could not initialize NNPACK! Reason: Unsupported hardware.
[W910 12:07:07.694883589 NNPACK.cpp:56] Could not initialize NNPACK! Reason: Unsupported hardware.
[W910 12:07:07.695395507 NNPACK.cpp:56] Could not initialize NNPACK! Reason: Unsupported hardware.
[W910 12:07:07.695891683 NNPACK.cpp:56] Could not initialize NNPACK! Reason: Unsupported hardware.
[W910 12:07:07.696466195 NNPACK.cpp:56] Could not initialize NNPACK! Reason: Unsupported hardware.
[W910 12:07:07.697032904 NNPACK.cpp:56] Could not initialize NNPACK! Reason: Unsupported hardware.
[W910 12:07:07.697646122 NNPACK.cpp:56] Could not initialize NNPACK! Reason: Unsupported hardware.
[W910 12:07:07.698590596 NNPACK.cpp:56] Could not initialize NNPACK! Reason: Unsupported hardware.
[W910 12:07:08.209992066 NNPACK.cpp:56] Could not initialize NNPACK! Reason: Unsupported hardware.
[W910 12:07:08.211217572 NNPACK.cpp:56] Could not initialize NNPACK! Reason: Unsupported hardware.
[W910 12:07:08.212178396 NNPACK.cpp:56] Could not initialize NNPACK! Reason: Unsupported hardware.
[W910 12:07:08.213139110 NNPACK.cpp:56] Could not initialize NNPACK! Reason: Unsupported hardware.
[W910 12:07:08.214247193 NNPACK.cpp:56] Could not initialize NNPACK! Reason: Unsupported hardware.
[W910 12:07:08.215339123 NNPACK.cpp:56] Could not initialize NNPACK! Reason: Unsupported hardware.
[W910 12:07:08.216416083 NNPACK.cpp:56] Could not initialize NNPACK! Reason: Unsupported hardware.
[W910 12:07:08.217935117 NNPACK.cpp:56] Could not initialize NNPACK! Reason: Unsupported hardware.
[W910 12:07:08.654981317 NNPACK.cpp:56] Could not initialize NNPACK! Reason: Unsupported hardware.
[W910 12:07:08.655709916 NNPACK.cpp:56] Could not initialize NNPACK! Reason: Unsupported hardware.
[W910 12:07:08.656211115 NNPACK.cpp:56] Could not initialize NNPACK! Reason: Unsupported hardware.
[W910 12:07:08.656697726 NNPACK.cpp:56] Could not initialize NNPACK! Reason: Unsupported hardware.
[W910 12:07:08.657258653 NNPACK.cpp:56] Could not initialize NNPACK! Reason: Unsupported hardware.
[W910 12:07:08.657807880 NNPACK.cpp:56] Could not initialize NNPACK! Reason: Unsupported hardware.
[W910 12:07:08.658506159 NNPACK.cpp:56] Could not initialize NNPACK! Reason: Unsupported hardware.
[W910 12:07:08.659435561 NNPACK.cpp:56] Could not initialize NNPACK! Reason: Unsupported hardware.
[W910 12:07:09.168825522 NNPACK.cpp:56] Could not initialize NNPACK! Reason: Unsupported hardware.
[W910 12:07:09.170064784 NNPACK.cpp:56] Could not initialize NNPACK! Reason: Unsupported hardware.
[W910 12:07:09.171046482 NNPACK.cpp:56] Could not initialize NNPACK! Reason: Unsupported hardware.
[W910 12:07:09.171971552 NNPACK.cpp:56] Could not initialize NNPACK! Reason: Unsupported hardware.
[W910 12:07:09.173013874 NNPACK.cpp:56] Could not initialize NNPACK! Reason: Unsupported hardware.
[W910 12:07:09.174068521 NNPACK.cpp:56] Could not initialize NNPACK! Reason: Unsupported hardware.
[W910 12:07:09.175184046 NNPACK.cpp:56] Could not initialize NNPACK! Reason: Unsupported hardware.
[W910 12:07:09.176666909 NNPACK.cpp:56] Could not initialize NNPACK! Reason: Unsupported hardware.
[W910 12:07:09.622202944 NNPACK.cpp:56] Could not initialize NNPACK! Reason: Unsupported hardware.
[W910 12:07:09.622929892 NNPACK.cpp:56] Could not initialize NNPACK! Reason: Unsupported hardware.
[W910 12:07:09.623439076 NNPACK.cpp:56] Could not initialize NNPACK! Reason: Unsupported hardware.
[W910 12:07:09.623920434 NNPACK.cpp:56] Could not initialize NNPACK! Reason: Unsupported hardware.
[W910 12:07:09.624513055 NNPACK.cpp:56] Could not initialize NNPACK! Reason: Unsupported hardware.
[W910 12:07:09.625102810 NNPACK.cpp:56] Could not initialize NNPACK! Reason: Unsupported hardware.
[W910 12:07:09.625665783 NNPACK.cpp:56] Could not initialize NNPACK! Reason: Unsupported hardware.
[W910 12:07:09.626558559 NNPACK.cpp:56] Could not initialize NNPACK! Reason: Unsupported hardware.
[W910 12:07:10.127788419 NNPACK.cpp:56] Could not initialize NNPACK! Reason: Unsupported hardware.
[W910 12:07:10.129022473 NNPACK.cpp:56] Could not initialize NNPACK! Reason: Unsupported hardware.
[W910 12:07:10.129977231 NNPACK.cpp:56] Could not initialize NNPACK! Reason: Unsupported hardware.
[W910 12:07:10.130929074 NNPACK.cpp:56] Could not initialize NNPACK! Reason: Unsupported hardware.
[W910 12:07:10.132074407 NNPACK.cpp:56] Could not initialize NNPACK! Reason: Unsupported hardware.
[W910 12:07:10.133117996 NNPACK.cpp:56] Could not initialize NNPACK! Reason: Unsupported hardware.
[W910 12:07:10.134153957 NNPACK.cpp:56] Could not initialize NNPACK! Reason: Unsupported hardware.
[W910 12:07:10.135520317 NNPACK.cpp:56] Could not initialize NNPACK! Reason: Unsupported hardware.
[W910 12:07:10.582339698 NNPACK.cpp:56] Could not initialize NNPACK! Reason: Unsupported hardware.
[W910 12:07:10.583078953 NNPACK.cpp:56] Could not initialize NNPACK! Reason: Unsupported hardware.
[W910 12:07:10.583605945 NNPACK.cpp:56] Could not initialize NNPACK! Reason: Unsupported hardware.
[W910 12:07:10.584177631 NNPACK.cpp:56] Could not initialize NNPACK! Reason: Unsupported hardware.
[W910 12:07:10.584749609 NNPACK.cpp:56] Could not initialize NNPACK! Reason: Unsupported hardware.
[W910 12:07:10.585333240 NNPACK.cpp:56] Could not initialize NNPACK! Reason: Unsupported hardware.
[W910 12:07:10.585897733 NNPACK.cpp:56] Could not initialize NNPACK! Reason: Unsupported hardware.
[W910 12:07:10.586800886 NNPACK.cpp:56] Could not initialize NNPACK! Reason: Unsupported hardware.
[W910 12:07:11.050988155 NNPACK.cpp:56] Could not initialize NNPACK! Reason: Unsupported hardware.
[W910 12:07:11.052232071 NNPACK.cpp:56] Could not initialize NNPACK! Reason: Unsupported hardware.
[W910 12:07:11.053195665 NNPACK.cpp:56] Could not initialize NNPACK! Reason: Unsupported hardware.
[W910 12:07:11.054156224 NNPACK.cpp:56] Could not initialize NNPACK! Reason: Unsupported hardware.
[W910 12:07:11.055330194 NNPACK.cpp:56] Could not initialize NNPACK! Reason: Unsupported hardware.
[W910 12:07:11.056591290 NNPACK.cpp:56] Could not initialize NNPACK! Reason: Unsupported hardware.
[W910 12:07:11.058038494 NNPACK.cpp:56] Could not initialize NNPACK! Reason: Unsupported hardware.
[W910 12:07:11.059509217 NNPACK.cpp:56] Could not initialize NNPACK! Reason: Unsupported hardware.
[W910 12:07:11.501428992 NNPACK.cpp:56] Could not initialize NNPACK! Reason: Unsupported hardware.
[W910 12:07:11.501891394 NNPACK.cpp:56] Could not initialize NNPACK! Reason: Unsupported hardware.
[W910 12:07:11.502130665 NNPACK.cpp:56] Could not initialize NNPACK! Reason: Unsupported hardware.
[W910 12:07:11.502355449 NNPACK.cpp:56] Could not initialize NNPACK! Reason: Unsupported hardware.
[W910 12:07:11.502598316 NNPACK.cpp:56] Could not initialize NNPACK! Reason: Unsupported hardware.
[W910 12:07:11.502822230 NNPACK.cpp:56] Could not initialize NNPACK! Reason: Unsupported hardware.
[W910 12:07:11.503059911 NNPACK.cpp:56] Could not initialize NNPACK! Reason: Unsupported hardware.
[W910 12:07:11.503620346 NNPACK.cpp:56] Could not initialize NNPACK! Reason: Unsupported hardware.
[W910 12:07:11.858697308 NNPACK.cpp:56] Could not initialize NNPACK! Reason: Unsupported hardware.
[W910 12:07:11.859906601 NNPACK.cpp:56] Could not initialize NNPACK! Reason: Unsupported hardware.
[W910 12:07:11.860855813 NNPACK.cpp:56] Could not initialize NNPACK! Reason: Unsupported hardware.
[W910 12:07:11.861792055 NNPACK.cpp:56] Could not initialize NNPACK! Reason: Unsupported hardware.
[W910 12:07:11.862799555 NNPACK.cpp:56] Could not initialize NNPACK! Reason: Unsupported hardware.
[W910 12:07:11.863849008 NNPACK.cpp:56] Could not initialize NNPACK! Reason: Unsupported hardware.
[W910 12:07:11.864853839 NNPACK.cpp:56] Could not initialize NNPACK! Reason: Unsupported hardware.
[W910 12:07:11.866271076 NNPACK.cpp:56] Could not initialize NNPACK! Reason: Unsupported hardware.
[W910 12:07:12.310650502 NNPACK.cpp:56] Could not initialize NNPACK! Reason: Unsupported hardware.
[W910 12:07:12.311380308 NNPACK.cpp:56] Could not initialize NNPACK! Reason: Unsupported hardware.
[W910 12:07:12.311863449 NNPACK.cpp:56] Could not initialize NNPACK! Reason: Unsupported hardware.
[W910 12:07:12.312477144 NNPACK.cpp:56] Could not initialize NNPACK! Reason: Unsupported hardware.
[W910 12:07:12.313034495 NNPACK.cpp:56] Could not initialize NNPACK! Reason: Unsupported hardware.
[W910 12:07:12.313579145 NNPACK.cpp:56] Could not initialize NNPACK! Reason: Unsupported hardware.
[W910 12:07:12.314159985 NNPACK.cpp:56] Could not initialize NNPACK! Reason: Unsupported hardware.
[W910 12:07:12.315083292 NNPACK.cpp:56] Could not initialize NNPACK! Reason: Unsupported hardware.
[W910 12:07:12.732291260 NNPACK.cpp:56] Could not initialize NNPACK! Reason: Unsupported hardware.
[W910 12:07:12.733295988 NNPACK.cpp:56] Could not initialize NNPACK! Reason: Unsupported hardware.
[W910 12:07:12.733982698 NNPACK.cpp:56] Could not initialize NNPACK! Reason: Unsupported hardware.
[W910 12:07:12.734665755 NNPACK.cpp:56] Could not initialize NNPACK! Reason: Unsupported hardware.
[W910 12:07:12.735479689 NNPACK.cpp:56] Could not initialize NNPACK! Reason: Unsupported hardware.
[W910 12:07:12.736242140 NNPACK.cpp:56] Could not initialize NNPACK! Reason: Unsupported hardware.
[W910 12:07:12.736994530 NNPACK.cpp:56] Could not initialize NNPACK! Reason: Unsupported hardware.
[W910 12:07:12.738099240 NNPACK.cpp:56] Could not initialize NNPACK! Reason: Unsupported hardware.
[W910 12:07:13.385107898 NNPACK.cpp:56] Could not initialize NNPACK! Reason: Unsupported hardware.
[W910 12:07:13.386313187 NNPACK.cpp:56] Could not initialize NNPACK! Reason: Unsupported hardware.
[W910 12:07:13.387270639 NNPACK.cpp:56] Could not initialize NNPACK! Reason: Unsupported hardware.
[W910 12:07:13.388193432 NNPACK.cpp:56] Could not initialize NNPACK! Reason: Unsupported hardware.
[W910 12:07:13.389243537 NNPACK.cpp:56] Could not initialize NNPACK! Reason: Unsupported hardware.
[W910 12:07:13.390272770 NNPACK.cpp:56] Could not initialize NNPACK! Reason: Unsupported hardware.
[W910 12:07:13.391275647 NNPACK.cpp:56] Could not initialize NNPACK! Reason: Unsupported hardware.
[W910 12:07:13.392598287 NNPACK.cpp:56] Could not initialize NNPACK! Reason: Unsupported hardware.
[W910 12:07:13.838106014 NNPACK.cpp:56] Could not initialize NNPACK! Reason: Unsupported hardware.
[W910 12:07:13.838858464 NNPACK.cpp:56] Could not initialize NNPACK! Reason: Unsupported hardware.
[W910 12:07:13.839383208 NNPACK.cpp:56] Could not initialize NNPACK! Reason: Unsupported hardware.
[W910 12:07:13.839889669 NNPACK.cpp:56] Could not initialize NNPACK! Reason: Unsupported hardware.
[W910 12:07:13.840454765 NNPACK.cpp:56] Could not initialize NNPACK! Reason: Unsupported hardware.
[W910 12:07:13.841016079 NNPACK.cpp:56] Could not initialize NNPACK! Reason: Unsupported hardware.
[W910 12:07:13.841563250 NNPACK.cpp:56] Could not initialize NNPACK! Reason: Unsupported hardware.
[W910 12:07:13.842429709 NNPACK.cpp:56] Could not initialize NNPACK! Reason: Unsupported hardware.
[W910 12:07:14.343988763 NNPACK.cpp:56] Could not initialize NNPACK! Reason: Unsupported hardware.
[W910 12:07:14.345228748 NNPACK.cpp:56] Could not initialize NNPACK! Reason: Unsupported hardware.
[W910 12:07:14.346190218 NNPACK.cpp:56] Could not initialize NNPACK! Reason: Unsupported hardware.
[W910 12:07:14.347208966 NNPACK.cpp:56] Could not initialize NNPACK! Reason: Unsupported hardware.
[W910 12:07:14.348220787 NNPACK.cpp:56] Could not initialize NNPACK! Reason: Unsupported hardware.
[W910 12:07:14.349231759 NNPACK.cpp:56] Could not initialize NNPACK! Reason: Unsupported hardware.
[W910 12:07:14.350239060 NNPACK.cpp:56] Could not initialize NNPACK! Reason: Unsupported hardware.
[W910 12:07:14.351628340 NNPACK.cpp:56] Could not initialize NNPACK! Reason: Unsupported hardware.
[W910 12:07:14.793819977 NNPACK.cpp:56] Could not initialize NNPACK! Reason: Unsupported hardware.
[W910 12:07:14.794738705 NNPACK.cpp:56] Could not initialize NNPACK! Reason: Unsupported hardware.
[W910 12:07:14.795281830 NNPACK.cpp:56] Could not initialize NNPACK! Reason: Unsupported hardware.
[W910 12:07:14.795811975 NNPACK.cpp:56] Could not initialize NNPACK! Reason: Unsupported hardware.
[W910 12:07:14.796472422 NNPACK.cpp:56] Could not initialize NNPACK! Reason: Unsupported hardware.
[W910 12:07:14.797127078 NNPACK.cpp:56] Could not initialize NNPACK! Reason: Unsupported hardware.
[W910 12:07:14.797726644 NNPACK.cpp:56] Could not initialize NNPACK! Reason: Unsupported hardware.
[W910 12:07:14.798668999 NNPACK.cpp:56] Could not initialize NNPACK! Reason: Unsupported hardware.
[W910 12:07:15.300792420 NNPACK.cpp:56] Could not initialize NNPACK! Reason: Unsupported hardware.
[W910 12:07:15.302009381 NNPACK.cpp:56] Could not initialize NNPACK! Reason: Unsupported hardware.
[W910 12:07:15.302958124 NNPACK.cpp:56] Could not initialize NNPACK! Reason: Unsupported hardware.
[W910 12:07:15.304091435 NNPACK.cpp:56] Could not initialize NNPACK! Reason: Unsupported hardware.
[W910 12:07:15.305610419 NNPACK.cpp:56] Could not initialize NNPACK! Reason: Unsupported hardware.
[W910 12:07:15.306664396 NNPACK.cpp:56] Could not initialize NNPACK! Reason: Unsupported hardware.
[W910 12:07:15.307767447 NNPACK.cpp:56] Could not initialize NNPACK! Reason: Unsupported hardware.
[W910 12:07:15.309318042 NNPACK.cpp:56] Could not initialize NNPACK! Reason: Unsupported hardware.
[W910 12:07:15.748469830 NNPACK.cpp:56] Could not initialize NNPACK! Reason: Unsupported hardware.
[W910 12:07:15.749228654 NNPACK.cpp:56] Could not initialize NNPACK! Reason: Unsupported hardware.
[W910 12:07:15.754201094 NNPACK.cpp:56] Could not initialize NNPACK! Reason: Unsupported hardware.
[W910 12:07:15.754834556 NNPACK.cpp:56] Could not initialize NNPACK! Reason: Unsupported hardware.
[W910 12:07:15.755529489 NNPACK.cpp:56] Could not initialize NNPACK! Reason: Unsupported hardware.
[W910 12:07:15.756257056 NNPACK.cpp:56] Could not initialize NNPACK! Reason: Unsupported hardware.
[W910 12:07:15.756849731 NNPACK.cpp:56] Could not initialize NNPACK! Reason: Unsupported hardware.
[W910 12:07:15.757827583 NNPACK.cpp:56] Could not initialize NNPACK! Reason: Unsupported hardware.
[W910 12:07:16.249108102 NNPACK.cpp:56] Could not initialize NNPACK! Reason: Unsupported hardware.
[W910 12:07:16.250324170 NNPACK.cpp:56] Could not initialize NNPACK! Reason: Unsupported hardware.
[W910 12:07:16.251273557 NNPACK.cpp:56] Could not initialize NNPACK! Reason: Unsupported hardware.
[W910 12:07:16.252216072 NNPACK.cpp:56] Could not initialize NNPACK! Reason: Unsupported hardware.
[W910 12:07:16.253333327 NNPACK.cpp:56] Could not initialize NNPACK! Reason: Unsupported hardware.
[W910 12:07:16.254372607 NNPACK.cpp:56] Could not initialize NNPACK! Reason: Unsupported hardware.
[W910 12:07:16.255432191 NNPACK.cpp:56] Could not initialize NNPACK! Reason: Unsupported hardware.
[W910 12:07:16.256843636 NNPACK.cpp:56] Could not initialize NNPACK! Reason: Unsupported hardware.
[W910 12:07:16.697313507 NNPACK.cpp:56] Could not initialize NNPACK! Reason: Unsupported hardware.
[W910 12:07:16.698044501 NNPACK.cpp:56] Could not initialize NNPACK! Reason: Unsupported hardware.
[W910 12:07:16.698560180 NNPACK.cpp:56] Could not initialize NNPACK! Reason: Unsupported hardware.
[W910 12:07:16.699058440 NNPACK.cpp:56] Could not initialize NNPACK! Reason: Unsupported hardware.
[W910 12:07:16.699624579 NNPACK.cpp:56] Could not initialize NNPACK! Reason: Unsupported hardware.
[W910 12:07:16.700172891 NNPACK.cpp:56] Could not initialize NNPACK! Reason: Unsupported hardware.
[W910 12:07:16.700719226 NNPACK.cpp:56] Could not initialize NNPACK! Reason: Unsupported hardware.
[W910 12:07:16.702013449 NNPACK.cpp:56] Could not initialize NNPACK! Reason: Unsupported hardware.
[W910 12:07:17.203939146 NNPACK.cpp:56] Could not initialize NNPACK! Reason: Unsupported hardware.
[W910 12:07:17.205203883 NNPACK.cpp:56] Could not initialize NNPACK! Reason: Unsupported hardware.
[W910 12:07:17.206170125 NNPACK.cpp:56] Could not initialize NNPACK! Reason: Unsupported hardware.
[W910 12:07:17.207125868 NNPACK.cpp:56] Could not initialize NNPACK! Reason: Unsupported hardware.
[W910 12:07:17.208219200 NNPACK.cpp:56] Could not initialize NNPACK! Reason: Unsupported hardware.
[W910 12:07:17.209286873 NNPACK.cpp:56] Could not initialize NNPACK! Reason: Unsupported hardware.
[W910 12:07:17.210348044 NNPACK.cpp:56] Could not initialize NNPACK! Reason: Unsupported hardware.
[W910 12:07:17.211818790 NNPACK.cpp:56] Could not initialize NNPACK! Reason: Unsupported hardware.
[W910 12:07:17.649423285 NNPACK.cpp:56] Could not initialize NNPACK! Reason: Unsupported hardware.
[W910 12:07:17.650162644 NNPACK.cpp:56] Could not initialize NNPACK! Reason: Unsupported hardware.
[W910 12:07:17.650651826 NNPACK.cpp:56] Could not initialize NNPACK! Reason: Unsupported hardware.
[W910 12:07:17.651143187 NNPACK.cpp:56] Could not initialize NNPACK! Reason: Unsupported hardware.
[W910 12:07:17.651698171 NNPACK.cpp:56] Could not initialize NNPACK! Reason: Unsupported hardware.
[W910 12:07:17.652253355 NNPACK.cpp:56] Could not initialize NNPACK! Reason: Unsupported hardware.
[W910 12:07:17.652803825 NNPACK.cpp:56] Could not initialize NNPACK! Reason: Unsupported hardware.
[W910 12:07:17.653682512 NNPACK.cpp:56] Could not initialize NNPACK! Reason: Unsupported hardware.
[W910 12:07:18.156184993 NNPACK.cpp:56] Could not initialize NNPACK! Reason: Unsupported hardware.
[W910 12:07:18.157669113 NNPACK.cpp:56] Could not initialize NNPACK! Reason: Unsupported hardware.
[W910 12:07:18.158634153 NNPACK.cpp:56] Could not initialize NNPACK! Reason: Unsupported hardware.
[W910 12:07:18.159608647 NNPACK.cpp:56] Could not initialize NNPACK! Reason: Unsupported hardware.
[W910 12:07:18.160648365 NNPACK.cpp:56] Could not initialize NNPACK! Reason: Unsupported hardware.
[W910 12:07:18.161689477 NNPACK.cpp:56] Could not initialize NNPACK! Reason: Unsupported hardware.
[W910 12:07:18.162700076 NNPACK.cpp:56] Could not initialize NNPACK! Reason: Unsupported hardware.
[W910 12:07:18.164067607 NNPACK.cpp:56] Could not initialize NNPACK! Reason: Unsupported hardware.
[W910 12:07:18.603701793 NNPACK.cpp:56] Could not initialize NNPACK! Reason: Unsupported hardware.
[W910 12:07:18.604443880 NNPACK.cpp:56] Could not initialize NNPACK! Reason: Unsupported hardware.
[W910 12:07:18.604932544 NNPACK.cpp:56] Could not initialize NNPACK! Reason: Unsupported hardware.
[W910 12:07:18.605421661 NNPACK.cpp:56] Could not initialize NNPACK! Reason: Unsupported hardware.
[W910 12:07:18.605976297 NNPACK.cpp:56] Could not initialize NNPACK! Reason: Unsupported hardware.
[W910 12:07:18.606531042 NNPACK.cpp:56] Could not initialize NNPACK! Reason: Unsupported hardware.
[W910 12:07:18.607090275 NNPACK.cpp:56] Could not initialize NNPACK! Reason: Unsupported hardware.
[W910 12:07:18.607960503 NNPACK.cpp:56] Could not initialize NNPACK! Reason: Unsupported hardware.
[W910 12:07:19.107162565 NNPACK.cpp:56] Could not initialize NNPACK! Reason: Unsupported hardware.
[W910 12:07:19.108407935 NNPACK.cpp:56] Could not initialize NNPACK! Reason: Unsupported hardware.
[W910 12:07:19.109371126 NNPACK.cpp:56] Could not initialize NNPACK! Reason: Unsupported hardware.
[W910 12:07:19.110317326 NNPACK.cpp:56] Could not initialize NNPACK! Reason: Unsupported hardware.
[W910 12:07:19.111425111 NNPACK.cpp:56] Could not initialize NNPACK! Reason: Unsupported hardware.
[W910 12:07:19.112633945 NNPACK.cpp:56] Could not initialize NNPACK! Reason: Unsupported hardware.
[W910 12:07:19.113705429 NNPACK.cpp:56] Could not initialize NNPACK! Reason: Unsupported hardware.
[W910 12:07:19.115136899 NNPACK.cpp:56] Could not initialize NNPACK! Reason: Unsupported hardware.
[W910 12:07:19.552314247 NNPACK.cpp:56] Could not initialize NNPACK! Reason: Unsupported hardware.
[W910 12:07:19.553042011 NNPACK.cpp:56] Could not initialize NNPACK! Reason: Unsupported hardware.
[W910 12:07:19.553528044 NNPACK.cpp:56] Could not initialize NNPACK! Reason: Unsupported hardware.
[W910 12:07:19.554012468 NNPACK.cpp:56] Could not initialize NNPACK! Reason: Unsupported hardware.
[W910 12:07:19.554587039 NNPACK.cpp:56] Could not initialize NNPACK! Reason: Unsupported hardware.
[W910 12:07:19.555136135 NNPACK.cpp:56] Could not initialize NNPACK! Reason: Unsupported hardware.
[W910 12:07:19.555680157 NNPACK.cpp:56] Could not initialize NNPACK! Reason: Unsupported hardware.
[W910 12:07:19.556545777 NNPACK.cpp:56] Could not initialize NNPACK! Reason: Unsupported hardware.
[W910 12:07:20.057457090 NNPACK.cpp:56] Could not initialize NNPACK! Reason: Unsupported hardware.
[W910 12:07:20.058680433 NNPACK.cpp:56] Could not initialize NNPACK! Reason: Unsupported hardware.
[W910 12:07:20.059638483 NNPACK.cpp:56] Could not initialize NNPACK! Reason: Unsupported hardware.
[W910 12:07:20.060533511 NNPACK.cpp:56] Could not initialize NNPACK! Reason: Unsupported hardware.
[W910 12:07:20.061536936 NNPACK.cpp:56] Could not initialize NNPACK! Reason: Unsupported hardware.
[W910 12:07:20.062538851 NNPACK.cpp:56] Could not initialize NNPACK! Reason: Unsupported hardware.
[W910 12:07:20.063575871 NNPACK.cpp:56] Could not initialize NNPACK! Reason: Unsupported hardware.
[W910 12:07:20.064899070 NNPACK.cpp:56] Could not initialize NNPACK! Reason: Unsupported hardware.
[W910 12:07:20.503481277 NNPACK.cpp:56] Could not initialize NNPACK! Reason: Unsupported hardware.
[W910 12:07:20.504274600 NNPACK.cpp:56] Could not initialize NNPACK! Reason: Unsupported hardware.
[W910 12:07:20.504761688 NNPACK.cpp:56] Could not initialize NNPACK! Reason: Unsupported hardware.
[W910 12:07:20.505250012 NNPACK.cpp:56] Could not initialize NNPACK! Reason: Unsupported hardware.
[W910 12:07:20.505799801 NNPACK.cpp:56] Could not initialize NNPACK! Reason: Unsupported hardware.
[W910 12:07:20.506378086 NNPACK.cpp:56] Could not initialize NNPACK! Reason: Unsupported hardware.
[W910 12:07:20.506923844 NNPACK.cpp:56] Could not initialize NNPACK! Reason: Unsupported hardware.
[W910 12:07:20.507794652 NNPACK.cpp:56] Could not initialize NNPACK! Reason: Unsupported hardware.
[W910 12:07:20.921474376 NNPACK.cpp:56] Could not initialize NNPACK! Reason: Unsupported hardware.
[W910 12:07:20.922412599 NNPACK.cpp:56] Could not initialize NNPACK! Reason: Unsupported hardware.
[W910 12:07:20.927373489 NNPACK.cpp:56] Could not initialize NNPACK! Reason: Unsupported hardware.
[W910 12:07:20.928142368 NNPACK.cpp:56] Could not initialize NNPACK! Reason: Unsupported hardware.
[W910 12:07:20.928910292 NNPACK.cpp:56] Could not initialize NNPACK! Reason: Unsupported hardware.
[W910 12:07:20.929690837 NNPACK.cpp:56] Could not initialize NNPACK! Reason: Unsupported hardware.
[W910 12:07:20.930480750 NNPACK.cpp:56] Could not initialize NNPACK! Reason: Unsupported hardware.
[W910 12:07:20.931567857 NNPACK.cpp:56] Could not initialize NNPACK! Reason: Unsupported hardware.
[W910 12:07:21.343827590 NNPACK.cpp:56] Could not initialize NNPACK! Reason: Unsupported hardware.
[W910 12:07:21.344389548 NNPACK.cpp:56] Could not initialize NNPACK! Reason: Unsupported hardware.
[W910 12:07:21.344662737 NNPACK.cpp:56] Could not initialize NNPACK! Reason: Unsupported hardware.
[W910 12:07:21.344921561 NNPACK.cpp:56] Could not initialize NNPACK! Reason: Unsupported hardware.
[W910 12:07:21.345204865 NNPACK.cpp:56] Could not initialize NNPACK! Reason: Unsupported hardware.
[W910 12:07:21.345476245 NNPACK.cpp:56] Could not initialize NNPACK! Reason: Unsupported hardware.
[W910 12:07:21.345761526 NNPACK.cpp:56] Could not initialize NNPACK! Reason: Unsupported hardware.
[W910 12:07:21.346375772 NNPACK.cpp:56] Could not initialize NNPACK! Reason: Unsupported hardware.
[W910 12:07:21.741619353 NNPACK.cpp:56] Could not initialize NNPACK! Reason: Unsupported hardware.
[W910 12:07:21.742818793 NNPACK.cpp:56] Could not initialize NNPACK! Reason: Unsupported hardware.
[W910 12:07:21.743773160 NNPACK.cpp:56] Could not initialize NNPACK! Reason: Unsupported hardware.
[W910 12:07:21.744693599 NNPACK.cpp:56] Could not initialize NNPACK! Reason: Unsupported hardware.
[W910 12:07:21.745753014 NNPACK.cpp:56] Could not initialize NNPACK! Reason: Unsupported hardware.
[W910 12:07:21.746804428 NNPACK.cpp:56] Could not initialize NNPACK! Reason: Unsupported hardware.
[W910 12:07:21.747808257 NNPACK.cpp:56] Could not initialize NNPACK! Reason: Unsupported hardware.
[W910 12:07:21.749131043 NNPACK.cpp:56] Could not initialize NNPACK! Reason: Unsupported hardware.
[W910 12:07:22.184876906 NNPACK.cpp:56] Could not initialize NNPACK! Reason: Unsupported hardware.
[W910 12:07:22.185602434 NNPACK.cpp:56] Could not initialize NNPACK! Reason: Unsupported hardware.
[W910 12:07:22.186094638 NNPACK.cpp:56] Could not initialize NNPACK! Reason: Unsupported hardware.
[W910 12:07:22.186573038 NNPACK.cpp:56] Could not initialize NNPACK! Reason: Unsupported hardware.
[W910 12:07:22.187130130 NNPACK.cpp:56] Could not initialize NNPACK! Reason: Unsupported hardware.
[W910 12:07:22.187670806 NNPACK.cpp:56] Could not initialize NNPACK! Reason: Unsupported hardware.
[W910 12:07:22.188220927 NNPACK.cpp:56] Could not initialize NNPACK! Reason: Unsupported hardware.
[W910 12:07:22.189089880 NNPACK.cpp:56] Could not initialize NNPACK! Reason: Unsupported hardware.
[W910 12:07:22.624887419 NNPACK.cpp:56] Could not initialize NNPACK! Reason: Unsupported hardware.
[W910 12:07:22.626267384 NNPACK.cpp:56] Could not initialize NNPACK! Reason: Unsupported hardware.
[W910 12:07:22.627220536 NNPACK.cpp:56] Could not initialize NNPACK! Reason: Unsupported hardware.
[W910 12:07:22.628238503 NNPACK.cpp:56] Could not initialize NNPACK! Reason: Unsupported hardware.
[W910 12:07:22.629290675 NNPACK.cpp:56] Could not initialize NNPACK! Reason: Unsupported hardware.
[W910 12:07:22.630275782 NNPACK.cpp:56] Could not initialize NNPACK! Reason: Unsupported hardware.
[W910 12:07:22.631249643 NNPACK.cpp:56] Could not initialize NNPACK! Reason: Unsupported hardware.
[W910 12:07:22.632660195 NNPACK.cpp:56] Could not initialize NNPACK! Reason: Unsupported hardware.
[W910 12:07:23.104878026 NNPACK.cpp:56] Could not initialize NNPACK! Reason: Unsupported hardware.
[W910 12:07:23.105263377 NNPACK.cpp:56] Could not initialize NNPACK! Reason: Unsupported hardware.
[W910 12:07:23.105402873 NNPACK.cpp:56] Could not initialize NNPACK! Reason: Unsupported hardware.
[W910 12:07:23.105533661 NNPACK.cpp:56] Could not initialize NNPACK! Reason: Unsupported hardware.
[W910 12:07:23.105676253 NNPACK.cpp:56] Could not initialize NNPACK! Reason: Unsupported hardware.
[W910 12:07:23.105808481 NNPACK.cpp:56] Could not initialize NNPACK! Reason: Unsupported hardware.
[W910 12:07:23.105940571 NNPACK.cpp:56] Could not initialize NNPACK! Reason: Unsupported hardware.
[W910 12:07:23.106420951 NNPACK.cpp:56] Could not initialize NNPACK! Reason: Unsupported hardware.
[W910 12:07:23.221044907 NNPACK.cpp:56] Could not initialize NNPACK! Reason: Unsupported hardware.
[W910 12:07:23.221418303 NNPACK.cpp:56] Could not initialize NNPACK! Reason: Unsupported hardware.
[W910 12:07:23.221555109 NNPACK.cpp:56] Could not initialize NNPACK! Reason: Unsupported hardware.
[W910 12:07:23.221701300 NNPACK.cpp:56] Could not initialize NNPACK! Reason: Unsupported hardware.
[W910 12:07:23.221839138 NNPACK.cpp:56] Could not initialize NNPACK! Reason: Unsupported hardware.
[W910 12:07:23.221970271 NNPACK.cpp:56] Could not initialize NNPACK! Reason: Unsupported hardware.
[W910 12:07:23.222108550 NNPACK.cpp:56] Could not initialize NNPACK! Reason: Unsupported hardware.
[W910 12:07:23.222573801 NNPACK.cpp:56] Could not initialize NNPACK! Reason: Unsupported hardware.
[W910 12:07:23.342705166 NNPACK.cpp:56] Could not initialize NNPACK! Reason: Unsupported hardware.
[W910 12:07:23.343124187 NNPACK.cpp:56] Could not initialize NNPACK! Reason: Unsupported hardware.
[W910 12:07:23.343296759 NNPACK.cpp:56] Could not initialize NNPACK! Reason: Unsupported hardware.
[W910 12:07:23.343453142 NNPACK.cpp:56] Could not initialize NNPACK! Reason: Unsupported hardware.
[W910 12:07:23.343619201 NNPACK.cpp:56] Could not initialize NNPACK! Reason: Unsupported hardware.
[W910 12:07:23.343780495 NNPACK.cpp:56] Could not initialize NNPACK! Reason: Unsupported hardware.
[W910 12:07:23.343939747 NNPACK.cpp:56] Could not initialize NNPACK! Reason: Unsupported hardware.
[W910 12:07:23.344442844 NNPACK.cpp:56] Could not initialize NNPACK! Reason: Unsupported hardware.
[W910 12:07:23.517914576 NNPACK.cpp:56] Could not initialize NNPACK! Reason: Unsupported hardware.
[W910 12:07:23.518495467 NNPACK.cpp:56] Could not initialize NNPACK! Reason: Unsupported hardware.
[W910 12:07:23.518811883 NNPACK.cpp:56] Could not initialize NNPACK! Reason: Unsupported hardware.
[W910 12:07:23.519148083 NNPACK.cpp:56] Could not initialize NNPACK! Reason: Unsupported hardware.
[W910 12:07:23.519498412 NNPACK.cpp:56] Could not initialize NNPACK! Reason: Unsupported hardware.
[W910 12:07:23.519842717 NNPACK.cpp:56] Could not initialize NNPACK! Reason: Unsupported hardware.
[W910 12:07:23.520185444 NNPACK.cpp:56] Could not initialize NNPACK! Reason: Unsupported hardware.
[W910 12:07:23.520867630 NNPACK.cpp:56] Could not initialize NNPACK! Reason: Unsupported hardware.
[W910 12:07:23.741912194 NNPACK.cpp:56] Could not initialize NNPACK! Reason: Unsupported hardware.
[W910 12:07:23.742304648 NNPACK.cpp:56] Could not initialize NNPACK! Reason: Unsupported hardware.
[W910 12:07:23.742445493 NNPACK.cpp:56] Could not initialize NNPACK! Reason: Unsupported hardware.
[W910 12:07:23.742579330 NNPACK.cpp:56] Could not initialize NNPACK! Reason: Unsupported hardware.
[W910 12:07:23.742717149 NNPACK.cpp:56] Could not initialize NNPACK! Reason: Unsupported hardware.
[W910 12:07:23.742848861 NNPACK.cpp:56] Could not initialize NNPACK! Reason: Unsupported hardware.
[W910 12:07:23.742979501 NNPACK.cpp:56] Could not initialize NNPACK! Reason: Unsupported hardware.
[W910 12:07:23.743453552 NNPACK.cpp:56] Could not initialize NNPACK! Reason: Unsupported hardware.
[W910 12:07:24.036385425 NNPACK.cpp:56] Could not initialize NNPACK! Reason: Unsupported hardware.
[W910 12:07:24.037607521 NNPACK.cpp:56] Could not initialize NNPACK! Reason: Unsupported hardware.
[W910 12:07:24.038564950 NNPACK.cpp:56] Could not initialize NNPACK! Reason: Unsupported hardware.
[W910 12:07:24.039464914 NNPACK.cpp:56] Could not initialize NNPACK! Reason: Unsupported hardware.
[W910 12:07:24.040474946 NNPACK.cpp:56] Could not initialize NNPACK! Reason: Unsupported hardware.
[W910 12:07:24.041481260 NNPACK.cpp:56] Could not initialize NNPACK! Reason: Unsupported hardware.
[W910 12:07:24.042488948 NNPACK.cpp:56] Could not initialize NNPACK! Reason: Unsupported hardware.
[W910 12:07:24.043820883 NNPACK.cpp:56] Could not initialize NNPACK! Reason: Unsupported hardware.
[W910 12:07:24.487360063 NNPACK.cpp:56] Could not initialize NNPACK! Reason: Unsupported hardware.
[W910 12:07:24.488083193 NNPACK.cpp:56] Could not initialize NNPACK! Reason: Unsupported hardware.
[W910 12:07:24.488461683 NNPACK.cpp:56] Could not initialize NNPACK! Reason: Unsupported hardware.
[W910 12:07:24.488918983 NNPACK.cpp:56] Could not initialize NNPACK! Reason: Unsupported hardware.
[W910 12:07:24.489569920 NNPACK.cpp:56] Could not initialize NNPACK! Reason: Unsupported hardware.
[W910 12:07:24.490268734 NNPACK.cpp:56] Could not initialize NNPACK! Reason: Unsupported hardware.
[W910 12:07:24.490680835 NNPACK.cpp:56] Could not initialize NNPACK! Reason: Unsupported hardware.
[W910 12:07:24.491461444 NNPACK.cpp:56] Could not initialize NNPACK! Reason: Unsupported hardware.
[W910 12:07:24.917112058 NNPACK.cpp:56] Could not initialize NNPACK! Reason: Unsupported hardware.
[W910 12:07:24.918339074 NNPACK.cpp:56] Could not initialize NNPACK! Reason: Unsupported hardware.
[W910 12:07:24.919309313 NNPACK.cpp:56] Could not initialize NNPACK! Reason: Unsupported hardware.
[W910 12:07:24.920294489 NNPACK.cpp:56] Could not initialize NNPACK! Reason: Unsupported hardware.
[W910 12:07:24.921449987 NNPACK.cpp:56] Could not initialize NNPACK! Reason: Unsupported hardware.
[W910 12:07:24.922517061 NNPACK.cpp:56] Could not initialize NNPACK! Reason: Unsupported hardware.
[W910 12:07:24.923604316 NNPACK.cpp:56] Could not initialize NNPACK! Reason: Unsupported hardware.
[W910 12:07:24.925014756 NNPACK.cpp:56] Could not initialize NNPACK! Reason: Unsupported hardware.
[W910 12:07:25.365823634 NNPACK.cpp:56] Could not initialize NNPACK! Reason: Unsupported hardware.
[W910 12:07:25.366562324 NNPACK.cpp:56] Could not initialize NNPACK! Reason: Unsupported hardware.
[W910 12:07:25.367064966 NNPACK.cpp:56] Could not initialize NNPACK! Reason: Unsupported hardware.
[W910 12:07:25.367552678 NNPACK.cpp:56] Could not initialize NNPACK! Reason: Unsupported hardware.
[W910 12:07:25.368167492 NNPACK.cpp:56] Could not initialize NNPACK! Reason: Unsupported hardware.
[W910 12:07:25.368752308 NNPACK.cpp:56] Could not initialize NNPACK! Reason: Unsupported hardware.
[W910 12:07:25.369331301 NNPACK.cpp:56] Could not initialize NNPACK! Reason: Unsupported hardware.
[W910 12:07:25.370206694 NNPACK.cpp:56] Could not initialize NNPACK! Reason: Unsupported hardware.
[W910 12:07:25.697346521 NNPACK.cpp:56] Could not initialize NNPACK! Reason: Unsupported hardware.
[W910 12:07:25.697760086 NNPACK.cpp:56] Could not initialize NNPACK! Reason: Unsupported hardware.
[W910 12:07:25.697929925 NNPACK.cpp:56] Could not initialize NNPACK! Reason: Unsupported hardware.
[W910 12:07:25.698105398 NNPACK.cpp:56] Could not initialize NNPACK! Reason: Unsupported hardware.
[W910 12:07:25.698280695 NNPACK.cpp:56] Could not initialize NNPACK! Reason: Unsupported hardware.
[W910 12:07:25.698457035 NNPACK.cpp:56] Could not initialize NNPACK! Reason: Unsupported hardware.
[W910 12:07:25.698610306 NNPACK.cpp:56] Could not initialize NNPACK! Reason: Unsupported hardware.
[W910 12:07:25.699130178 NNPACK.cpp:56] Could not initialize NNPACK! Reason: Unsupported hardware.
[W910 12:07:26.027244257 NNPACK.cpp:56] Could not initialize NNPACK! Reason: Unsupported hardware.
[W910 12:07:26.028729830 NNPACK.cpp:56] Could not initialize NNPACK! Reason: Unsupported hardware.
[W910 12:07:26.033379437 NNPACK.cpp:56] Could not initialize NNPACK! Reason: Unsupported hardware.
[W910 12:07:26.034275811 NNPACK.cpp:56] Could not initialize NNPACK! Reason: Unsupported hardware.
[W910 12:07:26.035291745 NNPACK.cpp:56] Could not initialize NNPACK! Reason: Unsupported hardware.
[W910 12:07:26.036298497 NNPACK.cpp:56] Could not initialize NNPACK! Reason: Unsupported hardware.
[W910 12:07:26.037327831 NNPACK.cpp:56] Could not initialize NNPACK! Reason: Unsupported hardware.
[W910 12:07:26.038688175 NNPACK.cpp:56] Could not initialize NNPACK! Reason: Unsupported hardware.
[W910 12:07:26.473120753 NNPACK.cpp:56] Could not initialize NNPACK! Reason: Unsupported hardware.
[W910 12:07:26.473927247 NNPACK.cpp:56] Could not initialize NNPACK! Reason: Unsupported hardware.
[W910 12:07:26.474517241 NNPACK.cpp:56] Could not initialize NNPACK! Reason: Unsupported hardware.
[W910 12:07:26.475024887 NNPACK.cpp:56] Could not initialize NNPACK! Reason: Unsupported hardware.
[W910 12:07:26.475594071 NNPACK.cpp:56] Could not initialize NNPACK! Reason: Unsupported hardware.
[W910 12:07:26.476220531 NNPACK.cpp:56] Could not initialize NNPACK! Reason: Unsupported hardware.
[W910 12:07:26.476832575 NNPACK.cpp:56] Could not initialize NNPACK! Reason: Unsupported hardware.
[W910 12:07:26.477770099 NNPACK.cpp:56] Could not initialize NNPACK! Reason: Unsupported hardware.
[W910 12:07:27.988925626 NNPACK.cpp:56] Could not initialize NNPACK! Reason: Unsupported hardware.
[W910 12:07:27.990163129 NNPACK.cpp:56] Could not initialize NNPACK! Reason: Unsupported hardware.
[W910 12:07:27.991123379 NNPACK.cpp:56] Could not initialize NNPACK! Reason: Unsupported hardware.
[W910 12:07:27.992075818 NNPACK.cpp:56] Could not initialize NNPACK! Reason: Unsupported hardware.
[W910 12:07:27.993164227 NNPACK.cpp:56] Could not initialize NNPACK! Reason: Unsupported hardware.
[W910 12:07:27.994214678 NNPACK.cpp:56] Could not initialize NNPACK! Reason: Unsupported hardware.
[W910 12:07:27.995256495 NNPACK.cpp:56] Could not initialize NNPACK! Reason: Unsupported hardware.
[W910 12:07:27.996698131 NNPACK.cpp:56] Could not initialize NNPACK! Reason: Unsupported hardware.
[W910 12:07:27.440168813 NNPACK.cpp:56] Could not initialize NNPACK! Reason: Unsupported hardware.
[W910 12:07:27.440912858 NNPACK.cpp:56] Could not initialize NNPACK! Reason: Unsupported hardware.
[W910 12:07:27.441424786 NNPACK.cpp:56] Could not initialize NNPACK! Reason: Unsupported hardware.
[W910 12:07:27.441921119 NNPACK.cpp:56] Could not initialize NNPACK! Reason: Unsupported hardware.
[W910 12:07:27.442578041 NNPACK.cpp:56] Could not initialize NNPACK! Reason: Unsupported hardware.
[W910 12:07:27.443183046 NNPACK.cpp:56] Could not initialize NNPACK! Reason: Unsupported hardware.
[W910 12:07:27.443748529 NNPACK.cpp:56] Could not initialize NNPACK! Reason: Unsupported hardware.
[W910 12:07:27.444661076 NNPACK.cpp:56] Could not initialize NNPACK! Reason: Unsupported hardware.
[W910 12:07:27.839164504 NNPACK.cpp:56] Could not initialize NNPACK! Reason: Unsupported hardware.
[W910 12:07:27.839970470 NNPACK.cpp:56] Could not initialize NNPACK! Reason: Unsupported hardware.
[W910 12:07:27.840522350 NNPACK.cpp:56] Could not initialize NNPACK! Reason: Unsupported hardware.
[W910 12:07:27.841074222 NNPACK.cpp:56] Could not initialize NNPACK! Reason: Unsupported hardware.
[W910 12:07:27.841690655 NNPACK.cpp:56] Could not initialize NNPACK! Reason: Unsupported hardware.
[W910 12:07:27.842308749 NNPACK.cpp:56] Could not initialize NNPACK! Reason: Unsupported hardware.
[W910 12:07:27.842919686 NNPACK.cpp:56] Could not initialize NNPACK! Reason: Unsupported hardware.
[W910 12:07:27.843851927 NNPACK.cpp:56] Could not initialize NNPACK! Reason: Unsupported hardware.
[W910 12:07:28.169386620 NNPACK.cpp:56] Could not initialize NNPACK! Reason: Unsupported hardware.
[W910 12:07:28.169771191 NNPACK.cpp:56] Could not initialize NNPACK! Reason: Unsupported hardware.
[W910 12:07:28.169911997 NNPACK.cpp:56] Could not initialize NNPACK! Reason: Unsupported hardware.
[W910 12:07:28.170062263 NNPACK.cpp:56] Could not initialize NNPACK! Reason: Unsupported hardware.
[W910 12:07:28.170198568 NNPACK.cpp:56] Could not initialize NNPACK! Reason: Unsupported hardware.
[W910 12:07:28.170327210 NNPACK.cpp:56] Could not initialize NNPACK! Reason: Unsupported hardware.
[W910 12:07:28.170452551 NNPACK.cpp:56] Could not initialize NNPACK! Reason: Unsupported hardware.
[W910 12:07:28.170902522 NNPACK.cpp:56] Could not initialize NNPACK! Reason: Unsupported hardware.
[W910 12:07:28.379231475 NNPACK.cpp:56] Could not initialize NNPACK! Reason: Unsupported hardware.
[W910 12:07:28.380093797 NNPACK.cpp:56] Could not initialize NNPACK! Reason: Unsupported hardware.
[W910 12:07:28.380683322 NNPACK.cpp:56] Could not initialize NNPACK! Reason: Unsupported hardware.
[W910 12:07:28.381271307 NNPACK.cpp:56] Could not initialize NNPACK! Reason: Unsupported hardware.
[W910 12:07:28.381939629 NNPACK.cpp:56] Could not initialize NNPACK! Reason: Unsupported hardware.
[W910 12:07:28.382613774 NNPACK.cpp:56] Could not initialize NNPACK! Reason: Unsupported hardware.
[W910 12:07:28.383265246 NNPACK.cpp:56] Could not initialize NNPACK! Reason: Unsupported hardware.
[W910 12:07:28.384308118 NNPACK.cpp:56] Could not initialize NNPACK! Reason: Unsupported hardware.
[W910 12:07:28.933644992 NNPACK.cpp:56] Could not initialize NNPACK! Reason: Unsupported hardware.
[W910 12:07:28.934864900 NNPACK.cpp:56] Could not initialize NNPACK! Reason: Unsupported hardware.
[W910 12:07:28.935837902 NNPACK.cpp:56] Could not initialize NNPACK! Reason: Unsupported hardware.
[W910 12:07:28.936797029 NNPACK.cpp:56] Could not initialize NNPACK! Reason: Unsupported hardware.
[W910 12:07:28.937884103 NNPACK.cpp:56] Could not initialize NNPACK! Reason: Unsupported hardware.
[W910 12:07:28.938892992 NNPACK.cpp:56] Could not initialize NNPACK! Reason: Unsupported hardware.
[W910 12:07:28.939900003 NNPACK.cpp:56] Could not initialize NNPACK! Reason: Unsupported hardware.
[W910 12:07:28.941241651 NNPACK.cpp:56] Could not initialize NNPACK! Reason: Unsupported hardware.
[W910 12:07:29.375158545 NNPACK.cpp:56] Could not initialize NNPACK! Reason: Unsupported hardware.
[W910 12:07:29.375884052 NNPACK.cpp:56] Could not initialize NNPACK! Reason: Unsupported hardware.
[W910 12:07:29.376380884 NNPACK.cpp:56] Could not initialize NNPACK! Reason: Unsupported hardware.
[W910 12:07:29.376865627 NNPACK.cpp:56] Could not initialize NNPACK! Reason: Unsupported hardware.
[W910 12:07:29.377424215 NNPACK.cpp:56] Could not initialize NNPACK! Reason: Unsupported hardware.
[W910 12:07:29.377973970 NNPACK.cpp:56] Could not initialize NNPACK! Reason: Unsupported hardware.
[W910 12:07:29.378528664 NNPACK.cpp:56] Could not initialize NNPACK! Reason: Unsupported hardware.
[W910 12:07:29.379462909 NNPACK.cpp:56] Could not initialize NNPACK! Reason: Unsupported hardware.
[W910 12:07:29.872051257 NNPACK.cpp:56] Could not initialize NNPACK! Reason: Unsupported hardware.
[W910 12:07:29.873276436 NNPACK.cpp:56] Could not initialize NNPACK! Reason: Unsupported hardware.
[W910 12:07:29.874239015 NNPACK.cpp:56] Could not initialize NNPACK! Reason: Unsupported hardware.
[W910 12:07:29.875196848 NNPACK.cpp:56] Could not initialize NNPACK! Reason: Unsupported hardware.
[W910 12:07:29.876271323 NNPACK.cpp:56] Could not initialize NNPACK! Reason: Unsupported hardware.
[W910 12:07:29.877280040 NNPACK.cpp:56] Could not initialize NNPACK! Reason: Unsupported hardware.
[W910 12:07:29.878365343 NNPACK.cpp:56] Could not initialize NNPACK! Reason: Unsupported hardware.
[W910 12:07:29.879734096 NNPACK.cpp:56] Could not initialize NNPACK! Reason: Unsupported hardware.
[W910 12:07:30.316811902 NNPACK.cpp:56] Could not initialize NNPACK! Reason: Unsupported hardware.
[W910 12:07:30.317490514 NNPACK.cpp:56] Could not initialize NNPACK! Reason: Unsupported hardware.
[W910 12:07:30.317978994 NNPACK.cpp:56] Could not initialize NNPACK! Reason: Unsupported hardware.
[W910 12:07:30.318466185 NNPACK.cpp:56] Could not initialize NNPACK! Reason: Unsupported hardware.
[W910 12:07:30.319022701 NNPACK.cpp:56] Could not initialize NNPACK! Reason: Unsupported hardware.
[W910 12:07:30.319568931 NNPACK.cpp:56] Could not initialize NNPACK! Reason: Unsupported hardware.
[W910 12:07:30.320123165 NNPACK.cpp:56] Could not initialize NNPACK! Reason: Unsupported hardware.
[W910 12:07:30.320950047 NNPACK.cpp:56] Could not initialize NNPACK! Reason: Unsupported hardware.
[W910 12:07:30.816777330 NNPACK.cpp:56] Could not initialize NNPACK! Reason: Unsupported hardware.
[W910 12:07:30.817996334 NNPACK.cpp:56] Could not initialize NNPACK! Reason: Unsupported hardware.
[W910 12:07:30.818945747 NNPACK.cpp:56] Could not initialize NNPACK! Reason: Unsupported hardware.
[W910 12:07:30.819885802 NNPACK.cpp:56] Could not initialize NNPACK! Reason: Unsupported hardware.
[W910 12:07:30.820895542 NNPACK.cpp:56] Could not initialize NNPACK! Reason: Unsupported hardware.
[W910 12:07:30.821888965 NNPACK.cpp:56] Could not initialize NNPACK! Reason: Unsupported hardware.
[W910 12:07:30.822886273 NNPACK.cpp:56] Could not initialize NNPACK! Reason: Unsupported hardware.
[W910 12:07:30.824214012 NNPACK.cpp:56] Could not initialize NNPACK! Reason: Unsupported hardware.
[W910 12:07:31.258550840 NNPACK.cpp:56] Could not initialize NNPACK! Reason: Unsupported hardware.
[W910 12:07:31.259251465 NNPACK.cpp:56] Could not initialize NNPACK! Reason: Unsupported hardware.
[W910 12:07:31.264264140 NNPACK.cpp:56] Could not initialize NNPACK! Reason: Unsupported hardware.
[W910 12:07:31.264761879 NNPACK.cpp:56] Could not initialize NNPACK! Reason: Unsupported hardware.
[W910 12:07:31.265370674 NNPACK.cpp:56] Could not initialize NNPACK! Reason: Unsupported hardware.
[W910 12:07:31.265937173 NNPACK.cpp:56] Could not initialize NNPACK! Reason: Unsupported hardware.
[W910 12:07:31.266505009 NNPACK.cpp:56] Could not initialize NNPACK! Reason: Unsupported hardware.
[W910 12:07:31.267413205 NNPACK.cpp:56] Could not initialize NNPACK! Reason: Unsupported hardware.
[W910 12:07:31.644477599 NNPACK.cpp:56] Could not initialize NNPACK! Reason: Unsupported hardware.
[W910 12:07:31.645250367 NNPACK.cpp:56] Could not initialize NNPACK! Reason: Unsupported hardware.
[W910 12:07:31.645748996 NNPACK.cpp:56] Could not initialize NNPACK! Reason: Unsupported hardware.
[W910 12:07:31.646248396 NNPACK.cpp:56] Could not initialize NNPACK! Reason: Unsupported hardware.
[W910 12:07:31.646806401 NNPACK.cpp:56] Could not initialize NNPACK! Reason: Unsupported hardware.
[W910 12:07:31.647366147 NNPACK.cpp:56] Could not initialize NNPACK! Reason: Unsupported hardware.
[W910 12:07:31.647919237 NNPACK.cpp:56] Could not initialize NNPACK! Reason: Unsupported hardware.
[W910 12:07:31.648824156 NNPACK.cpp:56] Could not initialize NNPACK! Reason: Unsupported hardware.
[W910 12:07:31.934740276 NNPACK.cpp:56] Could not initialize NNPACK! Reason: Unsupported hardware.
[W910 12:07:31.935204346 NNPACK.cpp:56] Could not initialize NNPACK! Reason: Unsupported hardware.
[W910 12:07:31.935414429 NNPACK.cpp:56] Could not initialize NNPACK! Reason: Unsupported hardware.
[W910 12:07:31.935617929 NNPACK.cpp:56] Could not initialize NNPACK! Reason: Unsupported hardware.
[W910 12:07:31.935839211 NNPACK.cpp:56] Could not initialize NNPACK! Reason: Unsupported hardware.
[W910 12:07:31.936062832 NNPACK.cpp:56] Could not initialize NNPACK! Reason: Unsupported hardware.
[W910 12:07:31.936282031 NNPACK.cpp:56] Could not initialize NNPACK! Reason: Unsupported hardware.
[W910 12:07:31.936821179 NNPACK.cpp:56] Could not initialize NNPACK! Reason: Unsupported hardware.
[W910 12:07:32.301350771 NNPACK.cpp:56] Could not initialize NNPACK! Reason: Unsupported hardware.
[W910 12:07:32.302572339 NNPACK.cpp:56] Could not initialize NNPACK! Reason: Unsupported hardware.
[W910 12:07:32.303532955 NNPACK.cpp:56] Could not initialize NNPACK! Reason: Unsupported hardware.
[W910 12:07:32.304487583 NNPACK.cpp:56] Could not initialize NNPACK! Reason: Unsupported hardware.
[W910 12:07:32.305568067 NNPACK.cpp:56] Could not initialize NNPACK! Reason: Unsupported hardware.
[W910 12:07:32.306573564 NNPACK.cpp:56] Could not initialize NNPACK! Reason: Unsupported hardware.
[W910 12:07:32.307631308 NNPACK.cpp:56] Could not initialize NNPACK! Reason: Unsupported hardware.
[W910 12:07:32.308997713 NNPACK.cpp:56] Could not initialize NNPACK! Reason: Unsupported hardware.
[W910 12:07:32.741565164 NNPACK.cpp:56] Could not initialize NNPACK! Reason: Unsupported hardware.
[W910 12:07:32.742306970 NNPACK.cpp:56] Could not initialize NNPACK! Reason: Unsupported hardware.
[W910 12:07:32.742796418 NNPACK.cpp:56] Could not initialize NNPACK! Reason: Unsupported hardware.
[W910 12:07:32.743289970 NNPACK.cpp:56] Could not initialize NNPACK! Reason: Unsupported hardware.
[W910 12:07:32.743841920 NNPACK.cpp:56] Could not initialize NNPACK! Reason: Unsupported hardware.
[W910 12:07:32.744397746 NNPACK.cpp:56] Could not initialize NNPACK! Reason: Unsupported hardware.
[W910 12:07:32.744950707 NNPACK.cpp:56] Could not initialize NNPACK! Reason: Unsupported hardware.
[W910 12:07:32.745857706 NNPACK.cpp:56] Could not initialize NNPACK! Reason: Unsupported hardware.
[W910 12:07:33.243213970 NNPACK.cpp:56] Could not initialize NNPACK! Reason: Unsupported hardware.
[W910 12:07:33.244421825 NNPACK.cpp:56] Could not initialize NNPACK! Reason: Unsupported hardware.
[W910 12:07:33.245392045 NNPACK.cpp:56] Could not initialize NNPACK! Reason: Unsupported hardware.
[W910 12:07:33.246335249 NNPACK.cpp:56] Could not initialize NNPACK! Reason: Unsupported hardware.
[W910 12:07:33.247432771 NNPACK.cpp:56] Could not initialize NNPACK! Reason: Unsupported hardware.
[W910 12:07:33.248430891 NNPACK.cpp:56] Could not initialize NNPACK! Reason: Unsupported hardware.
[W910 12:07:33.249426735 NNPACK.cpp:56] Could not initialize NNPACK! Reason: Unsupported hardware.
[W910 12:07:33.250747394 NNPACK.cpp:56] Could not initialize NNPACK! Reason: Unsupported hardware.
[W910 12:07:33.684334105 NNPACK.cpp:56] Could not initialize NNPACK! Reason: Unsupported hardware.
[W910 12:07:33.685066049 NNPACK.cpp:56] Could not initialize NNPACK! Reason: Unsupported hardware.
[W910 12:07:33.685558871 NNPACK.cpp:56] Could not initialize NNPACK! Reason: Unsupported hardware.
[W910 12:07:33.686044352 NNPACK.cpp:56] Could not initialize NNPACK! Reason: Unsupported hardware.
[W910 12:07:33.686593807 NNPACK.cpp:56] Could not initialize NNPACK! Reason: Unsupported hardware.
[W910 12:07:33.687175301 NNPACK.cpp:56] Could not initialize NNPACK! Reason: Unsupported hardware.
[W910 12:07:33.687720372 NNPACK.cpp:56] Could not initialize NNPACK! Reason: Unsupported hardware.
[W910 12:07:33.688607305 NNPACK.cpp:56] Could not initialize NNPACK! Reason: Unsupported hardware.
[W910 12:07:34.183264660 NNPACK.cpp:56] Could not initialize NNPACK! Reason: Unsupported hardware.
[W910 12:07:34.184480075 NNPACK.cpp:56] Could not initialize NNPACK! Reason: Unsupported hardware.
[W910 12:07:34.185434209 NNPACK.cpp:56] Could not initialize NNPACK! Reason: Unsupported hardware.
[W910 12:07:34.186313959 NNPACK.cpp:56] Could not initialize NNPACK! Reason: Unsupported hardware.
[W910 12:07:34.187317559 NNPACK.cpp:56] Could not initialize NNPACK! Reason: Unsupported hardware.
[W910 12:07:34.188316738 NNPACK.cpp:56] Could not initialize NNPACK! Reason: Unsupported hardware.
[W910 12:07:34.189336274 NNPACK.cpp:56] Could not initialize NNPACK! Reason: Unsupported hardware.
[W910 12:07:34.190655448 NNPACK.cpp:56] Could not initialize NNPACK! Reason: Unsupported hardware.
[W910 12:07:34.624329095 NNPACK.cpp:56] Could not initialize NNPACK! Reason: Unsupported hardware.
[W910 12:07:34.624995767 NNPACK.cpp:56] Could not initialize NNPACK! Reason: Unsupported hardware.
[W910 12:07:34.625482728 NNPACK.cpp:56] Could not initialize NNPACK! Reason: Unsupported hardware.
[W910 12:07:34.625958273 NNPACK.cpp:56] Could not initialize NNPACK! Reason: Unsupported hardware.
[W910 12:07:34.626531555 NNPACK.cpp:56] Could not initialize NNPACK! Reason: Unsupported hardware.
[W910 12:07:34.627091414 NNPACK.cpp:56] Could not initialize NNPACK! Reason: Unsupported hardware.
[W910 12:07:34.627633873 NNPACK.cpp:56] Could not initialize NNPACK! Reason: Unsupported hardware.
[W910 12:07:34.628462835 NNPACK.cpp:56] Could not initialize NNPACK! Reason: Unsupported hardware.
[W910 12:07:35.945316819 NNPACK.cpp:56] Could not initialize NNPACK! Reason: Unsupported hardware.
[W910 12:07:35.945718231 NNPACK.cpp:56] Could not initialize NNPACK! Reason: Unsupported hardware.
[W910 12:07:35.945877340 NNPACK.cpp:56] Could not initialize NNPACK! Reason: Unsupported hardware.
[W910 12:07:35.946040031 NNPACK.cpp:56] Could not initialize NNPACK! Reason: Unsupported hardware.
[W910 12:07:35.946207812 NNPACK.cpp:56] Could not initialize NNPACK! Reason: Unsupported hardware.
[W910 12:07:35.946368320 NNPACK.cpp:56] Could not initialize NNPACK! Reason: Unsupported hardware.
[W910 12:07:35.946526029 NNPACK.cpp:56] Could not initialize NNPACK! Reason: Unsupported hardware.
[W910 12:07:35.947019373 NNPACK.cpp:56] Could not initialize NNPACK! Reason: Unsupported hardware.
[W910 12:07:35.294493924 NNPACK.cpp:56] Could not initialize NNPACK! Reason: Unsupported hardware.
[W910 12:07:35.295707033 NNPACK.cpp:56] Could not initialize NNPACK! Reason: Unsupported hardware.
[W910 12:07:35.296656104 NNPACK.cpp:56] Could not initialize NNPACK! Reason: Unsupported hardware.
[W910 12:07:35.297621981 NNPACK.cpp:56] Could not initialize NNPACK! Reason: Unsupported hardware.
[W910 12:07:35.298655953 NNPACK.cpp:56] Could not initialize NNPACK! Reason: Unsupported hardware.
[W910 12:07:35.299670096 NNPACK.cpp:56] Could not initialize NNPACK! Reason: Unsupported hardware.
[W910 12:07:35.300725066 NNPACK.cpp:56] Could not initialize NNPACK! Reason: Unsupported hardware.
[W910 12:07:35.302054456 NNPACK.cpp:56] Could not initialize NNPACK! Reason: Unsupported hardware.
[W910 12:07:35.735167528 NNPACK.cpp:56] Could not initialize NNPACK! Reason: Unsupported hardware.
[W910 12:07:35.735891696 NNPACK.cpp:56] Could not initialize NNPACK! Reason: Unsupported hardware.
[W910 12:07:35.736392033 NNPACK.cpp:56] Could not initialize NNPACK! Reason: Unsupported hardware.
[W910 12:07:35.736886899 NNPACK.cpp:56] Could not initialize NNPACK! Reason: Unsupported hardware.
[W910 12:07:35.737447172 NNPACK.cpp:56] Could not initialize NNPACK! Reason: Unsupported hardware.
[W910 12:07:35.738016421 NNPACK.cpp:56] Could not initialize NNPACK! Reason: Unsupported hardware.
[W910 12:07:35.738564160 NNPACK.cpp:56] Could not initialize NNPACK! Reason: Unsupported hardware.
[W910 12:07:35.739432567 NNPACK.cpp:56] Could not initialize NNPACK! Reason: Unsupported hardware.
[W910 12:07:36.238851152 NNPACK.cpp:56] Could not initialize NNPACK! Reason: Unsupported hardware.
[W910 12:07:36.240125870 NNPACK.cpp:56] Could not initialize NNPACK! Reason: Unsupported hardware.
[W910 12:07:36.241084575 NNPACK.cpp:56] Could not initialize NNPACK! Reason: Unsupported hardware.
[W910 12:07:36.242038666 NNPACK.cpp:56] Could not initialize NNPACK! Reason: Unsupported hardware.
[W910 12:07:36.243099959 NNPACK.cpp:56] Could not initialize NNPACK! Reason: Unsupported hardware.
[W910 12:07:36.244110229 NNPACK.cpp:56] Could not initialize NNPACK! Reason: Unsupported hardware.
[W910 12:07:36.245274332 NNPACK.cpp:56] Could not initialize NNPACK! Reason: Unsupported hardware.
[W910 12:07:36.246613929 NNPACK.cpp:56] Could not initialize NNPACK! Reason: Unsupported hardware.
[W910 12:07:36.677162974 NNPACK.cpp:56] Could not initialize NNPACK! Reason: Unsupported hardware.
[W910 12:07:36.677777301 NNPACK.cpp:56] Could not initialize NNPACK! Reason: Unsupported hardware.
[W910 12:07:36.678306966 NNPACK.cpp:56] Could not initialize NNPACK! Reason: Unsupported hardware.
[W910 12:07:36.678795057 NNPACK.cpp:56] Could not initialize NNPACK! Reason: Unsupported hardware.
[W910 12:07:36.679353834 NNPACK.cpp:56] Could not initialize NNPACK! Reason: Unsupported hardware.
[W910 12:07:36.679915315 NNPACK.cpp:56] Could not initialize NNPACK! Reason: Unsupported hardware.
[W910 12:07:36.680469501 NNPACK.cpp:56] Could not initialize NNPACK! Reason: Unsupported hardware.
[W910 12:07:36.681272404 NNPACK.cpp:56] Could not initialize NNPACK! Reason: Unsupported hardware.
[W910 12:07:37.179217720 NNPACK.cpp:56] Could not initialize NNPACK! Reason: Unsupported hardware.
[W910 12:07:37.180437146 NNPACK.cpp:56] Could not initialize NNPACK! Reason: Unsupported hardware.
[W910 12:07:37.181396647 NNPACK.cpp:56] Could not initialize NNPACK! Reason: Unsupported hardware.
[W910 12:07:37.182347383 NNPACK.cpp:56] Could not initialize NNPACK! Reason: Unsupported hardware.
[W910 12:07:37.183352800 NNPACK.cpp:56] Could not initialize NNPACK! Reason: Unsupported hardware.
[W910 12:07:37.184352510 NNPACK.cpp:56] Could not initialize NNPACK! Reason: Unsupported hardware.
[W910 12:07:37.185351279 NNPACK.cpp:56] Could not initialize NNPACK! Reason: Unsupported hardware.
[W910 12:07:37.186667954 NNPACK.cpp:56] Could not initialize NNPACK! Reason: Unsupported hardware.
[W910 12:07:37.620364678 NNPACK.cpp:56] Could not initialize NNPACK! Reason: Unsupported hardware.
[W910 12:07:37.620984501 NNPACK.cpp:56] Could not initialize NNPACK! Reason: Unsupported hardware.
[W910 12:07:37.621472525 NNPACK.cpp:56] Could not initialize NNPACK! Reason: Unsupported hardware.
[W910 12:07:37.621949897 NNPACK.cpp:56] Could not initialize NNPACK! Reason: Unsupported hardware.
[W910 12:07:37.622519897 NNPACK.cpp:56] Could not initialize NNPACK! Reason: Unsupported hardware.
[W910 12:07:37.623067641 NNPACK.cpp:56] Could not initialize NNPACK! Reason: Unsupported hardware.
[W910 12:07:37.623613582 NNPACK.cpp:56] Could not initialize NNPACK! Reason: Unsupported hardware.
[W910 12:07:37.624415796 NNPACK.cpp:56] Could not initialize NNPACK! Reason: Unsupported hardware.
[W910 12:07:38.121659329 NNPACK.cpp:56] Could not initialize NNPACK! Reason: Unsupported hardware.
[W910 12:07:38.122865616 NNPACK.cpp:56] Could not initialize NNPACK! Reason: Unsupported hardware.
[W910 12:07:38.123816242 NNPACK.cpp:56] Could not initialize NNPACK! Reason: Unsupported hardware.
[W910 12:07:38.124732338 NNPACK.cpp:56] Could not initialize NNPACK! Reason: Unsupported hardware.
[W910 12:07:38.125735366 NNPACK.cpp:56] Could not initialize NNPACK! Reason: Unsupported hardware.
[W910 12:07:38.126732490 NNPACK.cpp:56] Could not initialize NNPACK! Reason: Unsupported hardware.
[W910 12:07:38.127730802 NNPACK.cpp:56] Could not initialize NNPACK! Reason: Unsupported hardware.
[W910 12:07:38.129092419 NNPACK.cpp:56] Could not initialize NNPACK! Reason: Unsupported hardware.
[W910 12:07:38.562379754 NNPACK.cpp:56] Could not initialize NNPACK! Reason: Unsupported hardware.
[W910 12:07:38.563070788 NNPACK.cpp:56] Could not initialize NNPACK! Reason: Unsupported hardware.
[W910 12:07:38.563555335 NNPACK.cpp:56] Could not initialize NNPACK! Reason: Unsupported hardware.
[W910 12:07:38.564038405 NNPACK.cpp:56] Could not initialize NNPACK! Reason: Unsupported hardware.
[W910 12:07:38.564585035 NNPACK.cpp:56] Could not initialize NNPACK! Reason: Unsupported hardware.
[W910 12:07:38.565135214 NNPACK.cpp:56] Could not initialize NNPACK! Reason: Unsupported hardware.
[W910 12:07:38.565679123 NNPACK.cpp:56] Could not initialize NNPACK! Reason: Unsupported hardware.
[W910 12:07:38.566523892 NNPACK.cpp:56] Could not initialize NNPACK! Reason: Unsupported hardware.
[W910 12:07:39.994950974 NNPACK.cpp:56] Could not initialize NNPACK! Reason: Unsupported hardware.
[W910 12:07:39.996012366 NNPACK.cpp:56] Could not initialize NNPACK! Reason: Unsupported hardware.
[W910 12:07:39.996801718 NNPACK.cpp:56] Could not initialize NNPACK! Reason: Unsupported hardware.
[W910 12:07:39.997591022 NNPACK.cpp:56] Could not initialize NNPACK! Reason: Unsupported hardware.
[W910 12:07:39.998490189 NNPACK.cpp:56] Could not initialize NNPACK! Reason: Unsupported hardware.
[W910 12:07:39.999322014 NNPACK.cpp:56] Could not initialize NNPACK! Reason: Unsupported hardware.
[W910 12:07:39.000265777 NNPACK.cpp:56] Could not initialize NNPACK! Reason: Unsupported hardware.
[W910 12:07:39.001699855 NNPACK.cpp:56] Could not initialize NNPACK! Reason: Unsupported hardware.
[W910 12:07:39.657941110 NNPACK.cpp:56] Could not initialize NNPACK! Reason: Unsupported hardware.
[W910 12:07:39.659204426 NNPACK.cpp:56] Could not initialize NNPACK! Reason: Unsupported hardware.
[W910 12:07:39.660159515 NNPACK.cpp:56] Could not initialize NNPACK! Reason: Unsupported hardware.
[W910 12:07:39.661089978 NNPACK.cpp:56] Could not initialize NNPACK! Reason: Unsupported hardware.
[W910 12:07:39.662202329 NNPACK.cpp:56] Could not initialize NNPACK! Reason: Unsupported hardware.
[W910 12:07:39.663211852 NNPACK.cpp:56] Could not initialize NNPACK! Reason: Unsupported hardware.
[W910 12:07:39.664258758 NNPACK.cpp:56] Could not initialize NNPACK! Reason: Unsupported hardware.
[W910 12:07:39.665593315 NNPACK.cpp:56] Could not initialize NNPACK! Reason: Unsupported hardware.
[W910 12:07:40.103438892 NNPACK.cpp:56] Could not initialize NNPACK! Reason: Unsupported hardware.
[W910 12:07:40.104177398 NNPACK.cpp:56] Could not initialize NNPACK! Reason: Unsupported hardware.
[W910 12:07:40.104673410 NNPACK.cpp:56] Could not initialize NNPACK! Reason: Unsupported hardware.
[W910 12:07:40.105164469 NNPACK.cpp:56] Could not initialize NNPACK! Reason: Unsupported hardware.
[W910 12:07:40.105718271 NNPACK.cpp:56] Could not initialize NNPACK! Reason: Unsupported hardware.
[W910 12:07:40.106271321 NNPACK.cpp:56] Could not initialize NNPACK! Reason: Unsupported hardware.
[W910 12:07:40.106840053 NNPACK.cpp:56] Could not initialize NNPACK! Reason: Unsupported hardware.
[W910 12:07:40.107710711 NNPACK.cpp:56] Could not initialize NNPACK! Reason: Unsupported hardware.
[W910 12:07:40.604470095 NNPACK.cpp:56] Could not initialize NNPACK! Reason: Unsupported hardware.
[W910 12:07:40.605691265 NNPACK.cpp:56] Could not initialize NNPACK! Reason: Unsupported hardware.
[W910 12:07:40.606638249 NNPACK.cpp:56] Could not initialize NNPACK! Reason: Unsupported hardware.
[W910 12:07:40.607568715 NNPACK.cpp:56] Could not initialize NNPACK! Reason: Unsupported hardware.
[W910 12:07:40.608621902 NNPACK.cpp:56] Could not initialize NNPACK! Reason: Unsupported hardware.
[W910 12:07:40.609659964 NNPACK.cpp:56] Could not initialize NNPACK! Reason: Unsupported hardware.
[W910 12:07:40.610680033 NNPACK.cpp:56] Could not initialize NNPACK! Reason: Unsupported hardware.
[W910 12:07:40.612088901 NNPACK.cpp:56] Could not initialize NNPACK! Reason: Unsupported hardware.
[W910 12:07:41.047729590 NNPACK.cpp:56] Could not initialize NNPACK! Reason: Unsupported hardware.
[W910 12:07:41.048465473 NNPACK.cpp:56] Could not initialize NNPACK! Reason: Unsupported hardware.
[W910 12:07:41.048960322 NNPACK.cpp:56] Could not initialize NNPACK! Reason: Unsupported hardware.
[W910 12:07:41.049452845 NNPACK.cpp:56] Could not initialize NNPACK! Reason: Unsupported hardware.
[W910 12:07:41.050011938 NNPACK.cpp:56] Could not initialize NNPACK! Reason: Unsupported hardware.
[W910 12:07:41.050559297 NNPACK.cpp:56] Could not initialize NNPACK! Reason: Unsupported hardware.
[W910 12:07:41.051114844 NNPACK.cpp:56] Could not initialize NNPACK! Reason: Unsupported hardware.
[W910 12:07:41.051971536 NNPACK.cpp:56] Could not initialize NNPACK! Reason: Unsupported hardware.
[W910 12:07:41.550381293 NNPACK.cpp:56] Could not initialize NNPACK! Reason: Unsupported hardware.
[W910 12:07:41.551594010 NNPACK.cpp:56] Could not initialize NNPACK! Reason: Unsupported hardware.
[W910 12:07:41.552544874 NNPACK.cpp:56] Could not initialize NNPACK! Reason: Unsupported hardware.
[W910 12:07:41.553491322 NNPACK.cpp:56] Could not initialize NNPACK! Reason: Unsupported hardware.
[W910 12:07:41.554534988 NNPACK.cpp:56] Could not initialize NNPACK! Reason: Unsupported hardware.
[W910 12:07:41.555530963 NNPACK.cpp:56] Could not initialize NNPACK! Reason: Unsupported hardware.
[W910 12:07:41.556529934 NNPACK.cpp:56] Could not initialize NNPACK! Reason: Unsupported hardware.
[W910 12:07:41.557877795 NNPACK.cpp:56] Could not initialize NNPACK! Reason: Unsupported hardware.
[W910 12:07:42.995896369 NNPACK.cpp:56] Could not initialize NNPACK! Reason: Unsupported hardware.
[W910 12:07:42.996618685 NNPACK.cpp:56] Could not initialize NNPACK! Reason: Unsupported hardware.
[W910 12:07:42.997111496 NNPACK.cpp:56] Could not initialize NNPACK! Reason: Unsupported hardware.
[W910 12:07:42.997590157 NNPACK.cpp:56] Could not initialize NNPACK! Reason: Unsupported hardware.
[W910 12:07:42.998144898 NNPACK.cpp:56] Could not initialize NNPACK! Reason: Unsupported hardware.
[W910 12:07:42.998687584 NNPACK.cpp:56] Could not initialize NNPACK! Reason: Unsupported hardware.
[W910 12:07:42.999238302 NNPACK.cpp:56] Could not initialize NNPACK! Reason: Unsupported hardware.
[W910 12:07:42.000100963 NNPACK.cpp:56] Could not initialize NNPACK! Reason: Unsupported hardware.
[W910 12:07:42.492876214 NNPACK.cpp:56] Could not initialize NNPACK! Reason: Unsupported hardware.
[W910 12:07:42.494102002 NNPACK.cpp:56] Could not initialize NNPACK! Reason: Unsupported hardware.
[W910 12:07:42.495085090 NNPACK.cpp:56] Could not initialize NNPACK! Reason: Unsupported hardware.
[W910 12:07:42.496066409 NNPACK.cpp:56] Could not initialize NNPACK! Reason: Unsupported hardware.
[W910 12:07:42.497073516 NNPACK.cpp:56] Could not initialize NNPACK! Reason: Unsupported hardware.
[W910 12:07:42.498080871 NNPACK.cpp:56] Could not initialize NNPACK! Reason: Unsupported hardware.
[W910 12:07:42.499087573 NNPACK.cpp:56] Could not initialize NNPACK! Reason: Unsupported hardware.
[W910 12:07:42.500435472 NNPACK.cpp:56] Could not initialize NNPACK! Reason: Unsupported hardware.
[W910 12:07:42.932139921 NNPACK.cpp:56] Could not initialize NNPACK! Reason: Unsupported hardware.
[W910 12:07:42.932888247 NNPACK.cpp:56] Could not initialize NNPACK! Reason: Unsupported hardware.
[W910 12:07:42.933391434 NNPACK.cpp:56] Could not initialize NNPACK! Reason: Unsupported hardware.
[W910 12:07:42.937776117 NNPACK.cpp:56] Could not initialize NNPACK! Reason: Unsupported hardware.
[W910 12:07:42.938414709 NNPACK.cpp:56] Could not initialize NNPACK! Reason: Unsupported hardware.
[W910 12:07:42.938966563 NNPACK.cpp:56] Could not initialize NNPACK! Reason: Unsupported hardware.
[W910 12:07:42.939526264 NNPACK.cpp:56] Could not initialize NNPACK! Reason: Unsupported hardware.
[W910 12:07:42.940413968 NNPACK.cpp:56] Could not initialize NNPACK! Reason: Unsupported hardware.
[W910 12:07:43.420624005 NNPACK.cpp:56] Could not initialize NNPACK! Reason: Unsupported hardware.
[W910 12:07:43.421841417 NNPACK.cpp:56] Could not initialize NNPACK! Reason: Unsupported hardware.
[W910 12:07:43.422781067 NNPACK.cpp:56] Could not initialize NNPACK! Reason: Unsupported hardware.
[W910 12:07:43.423700435 NNPACK.cpp:56] Could not initialize NNPACK! Reason: Unsupported hardware.
[W910 12:07:43.424728658 NNPACK.cpp:56] Could not initialize NNPACK! Reason: Unsupported hardware.
[W910 12:07:43.425721804 NNPACK.cpp:56] Could not initialize NNPACK! Reason: Unsupported hardware.
[W910 12:07:43.426753188 NNPACK.cpp:56] Could not initialize NNPACK! Reason: Unsupported hardware.
[W910 12:07:43.428097417 NNPACK.cpp:56] Could not initialize NNPACK! Reason: Unsupported hardware.
[W910 12:07:43.861311298 NNPACK.cpp:56] Could not initialize NNPACK! Reason: Unsupported hardware.
[W910 12:07:43.861910704 NNPACK.cpp:56] Could not initialize NNPACK! Reason: Unsupported hardware.
[W910 12:07:43.862284528 NNPACK.cpp:56] Could not initialize NNPACK! Reason: Unsupported hardware.
[W910 12:07:43.862649604 NNPACK.cpp:56] Could not initialize NNPACK! Reason: Unsupported hardware.
[W910 12:07:43.863079746 NNPACK.cpp:56] Could not initialize NNPACK! Reason: Unsupported hardware.
[W910 12:07:43.863485530 NNPACK.cpp:56] Could not initialize NNPACK! Reason: Unsupported hardware.
[W910 12:07:43.863888260 NNPACK.cpp:56] Could not initialize NNPACK! Reason: Unsupported hardware.
[W910 12:07:43.864671996 NNPACK.cpp:56] Could not initialize NNPACK! Reason: Unsupported hardware.
[W910 12:07:44.133399854 NNPACK.cpp:56] Could not initialize NNPACK! Reason: Unsupported hardware.
[W910 12:07:44.133821190 NNPACK.cpp:56] Could not initialize NNPACK! Reason: Unsupported hardware.
[W910 12:07:44.133999578 NNPACK.cpp:56] Could not initialize NNPACK! Reason: Unsupported hardware.
[W910 12:07:44.134187040 NNPACK.cpp:56] Could not initialize NNPACK! Reason: Unsupported hardware.
[W910 12:07:44.134376952 NNPACK.cpp:56] Could not initialize NNPACK! Reason: Unsupported hardware.
[W910 12:07:44.134561892 NNPACK.cpp:56] Could not initialize NNPACK! Reason: Unsupported hardware.
[W910 12:07:44.134744442 NNPACK.cpp:56] Could not initialize NNPACK! Reason: Unsupported hardware.
[W910 12:07:44.135269840 NNPACK.cpp:56] Could not initialize NNPACK! Reason: Unsupported hardware.
[W910 12:07:44.369705071 NNPACK.cpp:56] Could not initialize NNPACK! Reason: Unsupported hardware.
[W910 12:07:44.370706416 NNPACK.cpp:56] Could not initialize NNPACK! Reason: Unsupported hardware.
[W910 12:07:44.371431789 NNPACK.cpp:56] Could not initialize NNPACK! Reason: Unsupported hardware.
[W910 12:07:44.372157952 NNPACK.cpp:56] Could not initialize NNPACK! Reason: Unsupported hardware.
[W910 12:07:44.372937828 NNPACK.cpp:56] Could not initialize NNPACK! Reason: Unsupported hardware.
[W910 12:07:44.373717273 NNPACK.cpp:56] Could not initialize NNPACK! Reason: Unsupported hardware.
[W910 12:07:44.374500688 NNPACK.cpp:56] Could not initialize NNPACK! Reason: Unsupported hardware.
[W910 12:07:44.375691740 NNPACK.cpp:56] Could not initialize NNPACK! Reason: Unsupported hardware.
[W910 12:07:44.764957900 NNPACK.cpp:56] Could not initialize NNPACK! Reason: Unsupported hardware.
[W910 12:07:44.765483304 NNPACK.cpp:56] Could not initialize NNPACK! Reason: Unsupported hardware.
[W910 12:07:44.765744846 NNPACK.cpp:56] Could not initialize NNPACK! Reason: Unsupported hardware.
[W910 12:07:44.765992163 NNPACK.cpp:56] Could not initialize NNPACK! Reason: Unsupported hardware.
[W910 12:07:44.766273429 NNPACK.cpp:56] Could not initialize NNPACK! Reason: Unsupported hardware.
[W910 12:07:44.766547699 NNPACK.cpp:56] Could not initialize NNPACK! Reason: Unsupported hardware.
[W910 12:07:44.766826472 NNPACK.cpp:56] Could not initialize NNPACK! Reason: Unsupported hardware.
[W910 12:07:44.767446061 NNPACK.cpp:56] Could not initialize NNPACK! Reason: Unsupported hardware.
[W910 12:07:45.983811692 NNPACK.cpp:56] Could not initialize NNPACK! Reason: Unsupported hardware.
[W910 12:07:45.984398123 NNPACK.cpp:56] Could not initialize NNPACK! Reason: Unsupported hardware.
[W910 12:07:45.984712847 NNPACK.cpp:56] Could not initialize NNPACK! Reason: Unsupported hardware.
[W910 12:07:45.985025929 NNPACK.cpp:56] Could not initialize NNPACK! Reason: Unsupported hardware.
[W910 12:07:45.985371943 NNPACK.cpp:56] Could not initialize NNPACK! Reason: Unsupported hardware.
[W910 12:07:45.985710031 NNPACK.cpp:56] Could not initialize NNPACK! Reason: Unsupported hardware.
[W910 12:07:45.986055193 NNPACK.cpp:56] Could not initialize NNPACK! Reason: Unsupported hardware.
[W910 12:07:45.986729380 NNPACK.cpp:56] Could not initialize NNPACK! Reason: Unsupported hardware.
[W910 12:07:45.916365722 NNPACK.cpp:56] Could not initialize NNPACK! Reason: Unsupported hardware.
[W910 12:07:45.917793995 NNPACK.cpp:56] Could not initialize NNPACK! Reason: Unsupported hardware.
[W910 12:07:45.918931217 NNPACK.cpp:56] Could not initialize NNPACK! Reason: Unsupported hardware.
[W910 12:07:45.920053916 NNPACK.cpp:56] Could not initialize NNPACK! Reason: Unsupported hardware.
[W910 12:07:45.921402128 NNPACK.cpp:56] Could not initialize NNPACK! Reason: Unsupported hardware.
[W910 12:07:45.922757129 NNPACK.cpp:56] Could not initialize NNPACK! Reason: Unsupported hardware.
[W910 12:07:45.924086856 NNPACK.cpp:56] Could not initialize NNPACK! Reason: Unsupported hardware.
[W910 12:07:45.925822696 NNPACK.cpp:56] Could not initialize NNPACK! Reason: Unsupported hardware.
[W910 12:07:46.359509938 NNPACK.cpp:56] Could not initialize NNPACK! Reason: Unsupported hardware.
[W910 12:07:46.360190888 NNPACK.cpp:56] Could not initialize NNPACK! Reason: Unsupported hardware.
[W910 12:07:46.360712101 NNPACK.cpp:56] Could not initialize NNPACK! Reason: Unsupported hardware.
[W910 12:07:46.361198938 NNPACK.cpp:56] Could not initialize NNPACK! Reason: Unsupported hardware.
[W910 12:07:46.361744482 NNPACK.cpp:56] Could not initialize NNPACK! Reason: Unsupported hardware.
[W910 12:07:46.362291739 NNPACK.cpp:56] Could not initialize NNPACK! Reason: Unsupported hardware.
[W910 12:07:46.362835924 NNPACK.cpp:56] Could not initialize NNPACK! Reason: Unsupported hardware.
[W910 12:07:46.363663624 NNPACK.cpp:56] Could not initialize NNPACK! Reason: Unsupported hardware.
[W910 12:07:46.857035651 NNPACK.cpp:56] Could not initialize NNPACK! Reason: Unsupported hardware.
[W910 12:07:46.858260523 NNPACK.cpp:56] Could not initialize NNPACK! Reason: Unsupported hardware.
[W910 12:07:46.859218904 NNPACK.cpp:56] Could not initialize NNPACK! Reason: Unsupported hardware.
[W910 12:07:46.860145438 NNPACK.cpp:56] Could not initialize NNPACK! Reason: Unsupported hardware.
[W910 12:07:46.861233901 NNPACK.cpp:56] Could not initialize NNPACK! Reason: Unsupported hardware.
[W910 12:07:46.862242990 NNPACK.cpp:56] Could not initialize NNPACK! Reason: Unsupported hardware.
[W910 12:07:46.863245725 NNPACK.cpp:56] Could not initialize NNPACK! Reason: Unsupported hardware.
[W910 12:07:46.864575358 NNPACK.cpp:56] Could not initialize NNPACK! Reason: Unsupported hardware.
[W910 12:07:47.300495959 NNPACK.cpp:56] Could not initialize NNPACK! Reason: Unsupported hardware.
[W910 12:07:47.301155103 NNPACK.cpp:56] Could not initialize NNPACK! Reason: Unsupported hardware.
[W910 12:07:47.301710508 NNPACK.cpp:56] Could not initialize NNPACK! Reason: Unsupported hardware.
[W910 12:07:47.302226448 NNPACK.cpp:56] Could not initialize NNPACK! Reason: Unsupported hardware.
[W910 12:07:47.302794842 NNPACK.cpp:56] Could not initialize NNPACK! Reason: Unsupported hardware.
[W910 12:07:47.303349229 NNPACK.cpp:56] Could not initialize NNPACK! Reason: Unsupported hardware.
[W910 12:07:47.303894879 NNPACK.cpp:56] Could not initialize NNPACK! Reason: Unsupported hardware.
[W910 12:07:47.304718291 NNPACK.cpp:56] Could not initialize NNPACK! Reason: Unsupported hardware.
[W910 12:07:47.800949916 NNPACK.cpp:56] Could not initialize NNPACK! Reason: Unsupported hardware.
[W910 12:07:47.802183655 NNPACK.cpp:56] Could not initialize NNPACK! Reason: Unsupported hardware.
[W910 12:07:47.803137871 NNPACK.cpp:56] Could not initialize NNPACK! Reason: Unsupported hardware.
[W910 12:07:47.804075792 NNPACK.cpp:56] Could not initialize NNPACK! Reason: Unsupported hardware.
[W910 12:07:47.805077975 NNPACK.cpp:56] Could not initialize NNPACK! Reason: Unsupported hardware.
[W910 12:07:47.806075877 NNPACK.cpp:56] Could not initialize NNPACK! Reason: Unsupported hardware.
[W910 12:07:47.807075179 NNPACK.cpp:56] Could not initialize NNPACK! Reason: Unsupported hardware.
[W910 12:07:47.808397205 NNPACK.cpp:56] Could not initialize NNPACK! Reason: Unsupported hardware.
[W910 12:07:48.243645303 NNPACK.cpp:56] Could not initialize NNPACK! Reason: Unsupported hardware.
[W910 12:07:48.244413149 NNPACK.cpp:56] Could not initialize NNPACK! Reason: Unsupported hardware.
[W910 12:07:48.249354883 NNPACK.cpp:56] Could not initialize NNPACK! Reason: Unsupported hardware.
[W910 12:07:48.249890291 NNPACK.cpp:56] Could not initialize NNPACK! Reason: Unsupported hardware.
[W910 12:07:48.250478959 NNPACK.cpp:56] Could not initialize NNPACK! Reason: Unsupported hardware.
[W910 12:07:48.251046740 NNPACK.cpp:56] Could not initialize NNPACK! Reason: Unsupported hardware.
[W910 12:07:48.251608948 NNPACK.cpp:56] Could not initialize NNPACK! Reason: Unsupported hardware.
[W910 12:07:48.252511500 NNPACK.cpp:56] Could not initialize NNPACK! Reason: Unsupported hardware.
[W910 12:07:48.743407252 NNPACK.cpp:56] Could not initialize NNPACK! Reason: Unsupported hardware.
[W910 12:07:48.744632984 NNPACK.cpp:56] Could not initialize NNPACK! Reason: Unsupported hardware.
[W910 12:07:48.745600282 NNPACK.cpp:56] Could not initialize NNPACK! Reason: Unsupported hardware.
[W910 12:07:48.746541229 NNPACK.cpp:56] Could not initialize NNPACK! Reason: Unsupported hardware.
[W910 12:07:48.747553714 NNPACK.cpp:56] Could not initialize NNPACK! Reason: Unsupported hardware.
[W910 12:07:48.748563328 NNPACK.cpp:56] Could not initialize NNPACK! Reason: Unsupported hardware.
[W910 12:07:48.749571049 NNPACK.cpp:56] Could not initialize NNPACK! Reason: Unsupported hardware.
[W910 12:07:48.750901530 NNPACK.cpp:56] Could not initialize NNPACK! Reason: Unsupported hardware.
[W910 12:07:49.185840937 NNPACK.cpp:56] Could not initialize NNPACK! Reason: Unsupported hardware.
[W910 12:07:49.186573574 NNPACK.cpp:56] Could not initialize NNPACK! Reason: Unsupported hardware.
[W910 12:07:49.187071452 NNPACK.cpp:56] Could not initialize NNPACK! Reason: Unsupported hardware.
[W910 12:07:49.187560812 NNPACK.cpp:56] Could not initialize NNPACK! Reason: Unsupported hardware.
[W910 12:07:49.188122684 NNPACK.cpp:56] Could not initialize NNPACK! Reason: Unsupported hardware.
[W910 12:07:49.188670722 NNPACK.cpp:56] Could not initialize NNPACK! Reason: Unsupported hardware.
[W910 12:07:49.189228015 NNPACK.cpp:56] Could not initialize NNPACK! Reason: Unsupported hardware.
[W910 12:07:49.190104269 NNPACK.cpp:56] Could not initialize NNPACK! Reason: Unsupported hardware.
[W910 12:07:49.684182385 NNPACK.cpp:56] Could not initialize NNPACK! Reason: Unsupported hardware.
[W910 12:07:49.685410019 NNPACK.cpp:56] Could not initialize NNPACK! Reason: Unsupported hardware.
[W910 12:07:49.686369132 NNPACK.cpp:56] Could not initialize NNPACK! Reason: Unsupported hardware.
[W910 12:07:49.687347986 NNPACK.cpp:56] Could not initialize NNPACK! Reason: Unsupported hardware.
[W910 12:07:49.688443687 NNPACK.cpp:56] Could not initialize NNPACK! Reason: Unsupported hardware.
[W910 12:07:49.689454526 NNPACK.cpp:56] Could not initialize NNPACK! Reason: Unsupported hardware.
[W910 12:07:49.690466585 NNPACK.cpp:56] Could not initialize NNPACK! Reason: Unsupported hardware.
[W910 12:07:49.691801312 NNPACK.cpp:56] Could not initialize NNPACK! Reason: Unsupported hardware.
[W910 12:07:50.128163195 NNPACK.cpp:56] Could not initialize NNPACK! Reason: Unsupported hardware.
[W910 12:07:50.128830770 NNPACK.cpp:56] Could not initialize NNPACK! Reason: Unsupported hardware.
[W910 12:07:50.129326081 NNPACK.cpp:56] Could not initialize NNPACK! Reason: Unsupported hardware.
[W910 12:07:50.129810245 NNPACK.cpp:56] Could not initialize NNPACK! Reason: Unsupported hardware.
[W910 12:07:50.130365588 NNPACK.cpp:56] Could not initialize NNPACK! Reason: Unsupported hardware.
[W910 12:07:50.130909791 NNPACK.cpp:56] Could not initialize NNPACK! Reason: Unsupported hardware.
[W910 12:07:50.131498632 NNPACK.cpp:56] Could not initialize NNPACK! Reason: Unsupported hardware.
[W910 12:07:50.132339560 NNPACK.cpp:56] Could not initialize NNPACK! Reason: Unsupported hardware.
[W910 12:07:50.632925771 NNPACK.cpp:56] Could not initialize NNPACK! Reason: Unsupported hardware.
[W910 12:07:50.634172276 NNPACK.cpp:56] Could not initialize NNPACK! Reason: Unsupported hardware.
[W910 12:07:50.635158982 NNPACK.cpp:56] Could not initialize NNPACK! Reason: Unsupported hardware.
[W910 12:07:50.636115639 NNPACK.cpp:56] Could not initialize NNPACK! Reason: Unsupported hardware.
[W910 12:07:50.637143169 NNPACK.cpp:56] Could not initialize NNPACK! Reason: Unsupported hardware.
[W910 12:07:50.638153362 NNPACK.cpp:56] Could not initialize NNPACK! Reason: Unsupported hardware.
[W910 12:07:50.639252877 NNPACK.cpp:56] Could not initialize NNPACK! Reason: Unsupported hardware.
[W910 12:07:50.640697866 NNPACK.cpp:56] Could not initialize NNPACK! Reason: Unsupported hardware.
[W910 12:07:51.072991434 NNPACK.cpp:56] Could not initialize NNPACK! Reason: Unsupported hardware.
[W910 12:07:51.073722886 NNPACK.cpp:56] Could not initialize NNPACK! Reason: Unsupported hardware.
[W910 12:07:51.074236520 NNPACK.cpp:56] Could not initialize NNPACK! Reason: Unsupported hardware.
[W910 12:07:51.074726082 NNPACK.cpp:56] Could not initialize NNPACK! Reason: Unsupported hardware.
[W910 12:07:51.075286239 NNPACK.cpp:56] Could not initialize NNPACK! Reason: Unsupported hardware.
[W910 12:07:51.075831555 NNPACK.cpp:56] Could not initialize NNPACK! Reason: Unsupported hardware.
[W910 12:07:51.076387065 NNPACK.cpp:56] Could not initialize NNPACK! Reason: Unsupported hardware.
[W910 12:07:51.077282756 NNPACK.cpp:56] Could not initialize NNPACK! Reason: Unsupported hardware.
[W910 12:07:51.574257842 NNPACK.cpp:56] Could not initialize NNPACK! Reason: Unsupported hardware.
[W910 12:07:51.575481562 NNPACK.cpp:56] Could not initialize NNPACK! Reason: Unsupported hardware.
[W910 12:07:51.576442205 NNPACK.cpp:56] Could not initialize NNPACK! Reason: Unsupported hardware.
[W910 12:07:51.577432979 NNPACK.cpp:56] Could not initialize NNPACK! Reason: Unsupported hardware.
[W910 12:07:51.578533743 NNPACK.cpp:56] Could not initialize NNPACK! Reason: Unsupported hardware.
[W910 12:07:51.579543307 NNPACK.cpp:56] Could not initialize NNPACK! Reason: Unsupported hardware.
[W910 12:07:51.580550558 NNPACK.cpp:56] Could not initialize NNPACK! Reason: Unsupported hardware.
[W910 12:07:51.581886195 NNPACK.cpp:56] Could not initialize NNPACK! Reason: Unsupported hardware.
[W910 12:07:52.014673954 NNPACK.cpp:56] Could not initialize NNPACK! Reason: Unsupported hardware.
[W910 12:07:52.015368381 NNPACK.cpp:56] Could not initialize NNPACK! Reason: Unsupported hardware.
[W910 12:07:52.015857214 NNPACK.cpp:56] Could not initialize NNPACK! Reason: Unsupported hardware.
[W910 12:07:52.016344819 NNPACK.cpp:56] Could not initialize NNPACK! Reason: Unsupported hardware.
[W910 12:07:52.016895441 NNPACK.cpp:56] Could not initialize NNPACK! Reason: Unsupported hardware.
[W910 12:07:52.017481592 NNPACK.cpp:56] Could not initialize NNPACK! Reason: Unsupported hardware.
[W910 12:07:52.018054537 NNPACK.cpp:56] Could not initialize NNPACK! Reason: Unsupported hardware.
[W910 12:07:52.018903935 NNPACK.cpp:56] Could not initialize NNPACK! Reason: Unsupported hardware.
[W910 12:07:52.518743308 NNPACK.cpp:56] Could not initialize NNPACK! Reason: Unsupported hardware.
[W910 12:07:52.519965604 NNPACK.cpp:56] Could not initialize NNPACK! Reason: Unsupported hardware.
[W910 12:07:52.520952117 NNPACK.cpp:56] Could not initialize NNPACK! Reason: Unsupported hardware.
[W910 12:07:52.521907796 NNPACK.cpp:56] Could not initialize NNPACK! Reason: Unsupported hardware.
[W910 12:07:52.522983391 NNPACK.cpp:56] Could not initialize NNPACK! Reason: Unsupported hardware.
[W910 12:07:52.523990329 NNPACK.cpp:56] Could not initialize NNPACK! Reason: Unsupported hardware.
[W910 12:07:52.524993970 NNPACK.cpp:56] Could not initialize NNPACK! Reason: Unsupported hardware.
[W910 12:07:52.526329777 NNPACK.cpp:56] Could not initialize NNPACK! Reason: Unsupported hardware.
[W910 12:07:53.959550880 NNPACK.cpp:56] Could not initialize NNPACK! Reason: Unsupported hardware.
[W910 12:07:53.960307000 NNPACK.cpp:56] Could not initialize NNPACK! Reason: Unsupported hardware.
[W910 12:07:53.960794424 NNPACK.cpp:56] Could not initialize NNPACK! Reason: Unsupported hardware.
[W910 12:07:53.961283872 NNPACK.cpp:56] Could not initialize NNPACK! Reason: Unsupported hardware.
[W910 12:07:53.961833770 NNPACK.cpp:56] Could not initialize NNPACK! Reason: Unsupported hardware.
[W910 12:07:53.962385494 NNPACK.cpp:56] Could not initialize NNPACK! Reason: Unsupported hardware.
[W910 12:07:53.962933586 NNPACK.cpp:56] Could not initialize NNPACK! Reason: Unsupported hardware.
[W910 12:07:53.963806257 NNPACK.cpp:56] Could not initialize NNPACK! Reason: Unsupported hardware.
[W910 12:07:53.458518707 NNPACK.cpp:56] Could not initialize NNPACK! Reason: Unsupported hardware.
[W910 12:07:53.459772299 NNPACK.cpp:56] Could not initialize NNPACK! Reason: Unsupported hardware.
[W910 12:07:53.464611237 NNPACK.cpp:56] Could not initialize NNPACK! Reason: Unsupported hardware.
[W910 12:07:53.465532170 NNPACK.cpp:56] Could not initialize NNPACK! Reason: Unsupported hardware.
[W910 12:07:53.466575097 NNPACK.cpp:56] Could not initialize NNPACK! Reason: Unsupported hardware.
[W910 12:07:53.467633798 NNPACK.cpp:56] Could not initialize NNPACK! Reason: Unsupported hardware.
[W910 12:07:53.468685870 NNPACK.cpp:56] Could not initialize NNPACK! Reason: Unsupported hardware.
[W910 12:07:53.470121885 NNPACK.cpp:56] Could not initialize NNPACK! Reason: Unsupported hardware.
[W910 12:07:53.899081038 NNPACK.cpp:56] Could not initialize NNPACK! Reason: Unsupported hardware.
[W910 12:07:53.899810204 NNPACK.cpp:56] Could not initialize NNPACK! Reason: Unsupported hardware.
[W910 12:07:53.900305375 NNPACK.cpp:56] Could not initialize NNPACK! Reason: Unsupported hardware.
[W910 12:07:53.900788995 NNPACK.cpp:56] Could not initialize NNPACK! Reason: Unsupported hardware.
[W910 12:07:53.901351254 NNPACK.cpp:56] Could not initialize NNPACK! Reason: Unsupported hardware.
[W910 12:07:53.901896854 NNPACK.cpp:56] Could not initialize NNPACK! Reason: Unsupported hardware.
[W910 12:07:53.902452322 NNPACK.cpp:56] Could not initialize NNPACK! Reason: Unsupported hardware.
[W910 12:07:53.903348791 NNPACK.cpp:56] Could not initialize NNPACK! Reason: Unsupported hardware.
[W910 12:07:54.394122935 NNPACK.cpp:56] Could not initialize NNPACK! Reason: Unsupported hardware.
[W910 12:07:54.395333652 NNPACK.cpp:56] Could not initialize NNPACK! Reason: Unsupported hardware.
[W910 12:07:54.396285629 NNPACK.cpp:56] Could not initialize NNPACK! Reason: Unsupported hardware.
[W910 12:07:54.397197871 NNPACK.cpp:56] Could not initialize NNPACK! Reason: Unsupported hardware.
[W910 12:07:54.398198839 NNPACK.cpp:56] Could not initialize NNPACK! Reason: Unsupported hardware.
[W910 12:07:54.399195454 NNPACK.cpp:56] Could not initialize NNPACK! Reason: Unsupported hardware.
[W910 12:07:54.400211511 NNPACK.cpp:56] Could not initialize NNPACK! Reason: Unsupported hardware.
[W910 12:07:54.401531375 NNPACK.cpp:56] Could not initialize NNPACK! Reason: Unsupported hardware.
[W910 12:07:54.837398992 NNPACK.cpp:56] Could not initialize NNPACK! Reason: Unsupported hardware.
[W910 12:07:54.838157651 NNPACK.cpp:56] Could not initialize NNPACK! Reason: Unsupported hardware.
[W910 12:07:54.838825183 NNPACK.cpp:56] Could not initialize NNPACK! Reason: Unsupported hardware.
[W910 12:07:54.839539906 NNPACK.cpp:56] Could not initialize NNPACK! Reason: Unsupported hardware.
[W910 12:07:54.840193777 NNPACK.cpp:56] Could not initialize NNPACK! Reason: Unsupported hardware.
[W910 12:07:54.840771578 NNPACK.cpp:56] Could not initialize NNPACK! Reason: Unsupported hardware.
[W910 12:07:54.841358372 NNPACK.cpp:56] Could not initialize NNPACK! Reason: Unsupported hardware.
[W910 12:07:54.842277077 NNPACK.cpp:56] Could not initialize NNPACK! Reason: Unsupported hardware.
[W910 12:07:55.334427736 NNPACK.cpp:56] Could not initialize NNPACK! Reason: Unsupported hardware.
[W910 12:07:55.335651548 NNPACK.cpp:56] Could not initialize NNPACK! Reason: Unsupported hardware.
[W910 12:07:55.336600224 NNPACK.cpp:56] Could not initialize NNPACK! Reason: Unsupported hardware.
[W910 12:07:55.337555925 NNPACK.cpp:56] Could not initialize NNPACK! Reason: Unsupported hardware.
[W910 12:07:55.338612107 NNPACK.cpp:56] Could not initialize NNPACK! Reason: Unsupported hardware.
[W910 12:07:55.339626782 NNPACK.cpp:56] Could not initialize NNPACK! Reason: Unsupported hardware.
[W910 12:07:55.340625845 NNPACK.cpp:56] Could not initialize NNPACK! Reason: Unsupported hardware.
[W910 12:07:55.341997699 NNPACK.cpp:56] Could not initialize NNPACK! Reason: Unsupported hardware.
[W910 12:07:55.774898843 NNPACK.cpp:56] Could not initialize NNPACK! Reason: Unsupported hardware.
[W910 12:07:55.775626586 NNPACK.cpp:56] Could not initialize NNPACK! Reason: Unsupported hardware.
[W910 12:07:55.776137936 NNPACK.cpp:56] Could not initialize NNPACK! Reason: Unsupported hardware.
[W910 12:07:55.776655136 NNPACK.cpp:56] Could not initialize NNPACK! Reason: Unsupported hardware.
[W910 12:07:55.777210728 NNPACK.cpp:56] Could not initialize NNPACK! Reason: Unsupported hardware.
[W910 12:07:55.777752704 NNPACK.cpp:56] Could not initialize NNPACK! Reason: Unsupported hardware.
[W910 12:07:55.778304791 NNPACK.cpp:56] Could not initialize NNPACK! Reason: Unsupported hardware.
[W910 12:07:55.779172570 NNPACK.cpp:56] Could not initialize NNPACK! Reason: Unsupported hardware.
[W910 12:07:56.275936728 NNPACK.cpp:56] Could not initialize NNPACK! Reason: Unsupported hardware.
[W910 12:07:56.277528709 NNPACK.cpp:56] Could not initialize NNPACK! Reason: Unsupported hardware.
[W910 12:07:56.278489731 NNPACK.cpp:56] Could not initialize NNPACK! Reason: Unsupported hardware.
[W910 12:07:56.279407584 NNPACK.cpp:56] Could not initialize NNPACK! Reason: Unsupported hardware.
[W910 12:07:56.280448504 NNPACK.cpp:56] Could not initialize NNPACK! Reason: Unsupported hardware.
[W910 12:07:56.281460620 NNPACK.cpp:56] Could not initialize NNPACK! Reason: Unsupported hardware.
[W910 12:07:56.282470890 NNPACK.cpp:56] Could not initialize NNPACK! Reason: Unsupported hardware.
[W910 12:07:56.283816387 NNPACK.cpp:56] Could not initialize NNPACK! Reason: Unsupported hardware.
[W910 12:07:56.716718463 NNPACK.cpp:56] Could not initialize NNPACK! Reason: Unsupported hardware.
[W910 12:07:56.717475494 NNPACK.cpp:56] Could not initialize NNPACK! Reason: Unsupported hardware.
[W910 12:07:56.717965272 NNPACK.cpp:56] Could not initialize NNPACK! Reason: Unsupported hardware.
[W910 12:07:56.718456012 NNPACK.cpp:56] Could not initialize NNPACK! Reason: Unsupported hardware.
[W910 12:07:56.719020953 NNPACK.cpp:56] Could not initialize NNPACK! Reason: Unsupported hardware.
[W910 12:07:56.719568911 NNPACK.cpp:56] Could not initialize NNPACK! Reason: Unsupported hardware.
[W910 12:07:56.720126552 NNPACK.cpp:56] Could not initialize NNPACK! Reason: Unsupported hardware.
[W910 12:07:56.721022607 NNPACK.cpp:56] Could not initialize NNPACK! Reason: Unsupported hardware.
[W910 12:07:57.215736116 NNPACK.cpp:56] Could not initialize NNPACK! Reason: Unsupported hardware.
[W910 12:07:57.217641463 NNPACK.cpp:56] Could not initialize NNPACK! Reason: Unsupported hardware.
[W910 12:07:57.219113306 NNPACK.cpp:56] Could not initialize NNPACK! Reason: Unsupported hardware.
[W910 12:07:57.220554855 NNPACK.cpp:56] Could not initialize NNPACK! Reason: Unsupported hardware.
[W910 12:07:57.222159691 NNPACK.cpp:56] Could not initialize NNPACK! Reason: Unsupported hardware.
[W910 12:07:57.223727645 NNPACK.cpp:56] Could not initialize NNPACK! Reason: Unsupported hardware.
[W910 12:07:57.225290905 NNPACK.cpp:56] Could not initialize NNPACK! Reason: Unsupported hardware.
[W910 12:07:57.227285172 NNPACK.cpp:56] Could not initialize NNPACK! Reason: Unsupported hardware.
[W910 12:07:57.661236962 NNPACK.cpp:56] Could not initialize NNPACK! Reason: Unsupported hardware.
[W910 12:07:57.661934060 NNPACK.cpp:56] Could not initialize NNPACK! Reason: Unsupported hardware.
[W910 12:07:57.662438629 NNPACK.cpp:56] Could not initialize NNPACK! Reason: Unsupported hardware.
[W910 12:07:57.662924048 NNPACK.cpp:56] Could not initialize NNPACK! Reason: Unsupported hardware.
[W910 12:07:57.663481687 NNPACK.cpp:56] Could not initialize NNPACK! Reason: Unsupported hardware.
[W910 12:07:57.664038077 NNPACK.cpp:56] Could not initialize NNPACK! Reason: Unsupported hardware.
[W910 12:07:57.664621587 NNPACK.cpp:56] Could not initialize NNPACK! Reason: Unsupported hardware.
[W910 12:07:57.665471874 NNPACK.cpp:56] Could not initialize NNPACK! Reason: Unsupported hardware.
[W910 12:07:58.162157015 NNPACK.cpp:56] Could not initialize NNPACK! Reason: Unsupported hardware.
[W910 12:07:58.163392725 NNPACK.cpp:56] Could not initialize NNPACK! Reason: Unsupported hardware.
[W910 12:07:58.164351542 NNPACK.cpp:56] Could not initialize NNPACK! Reason: Unsupported hardware.
[W910 12:07:58.165300012 NNPACK.cpp:56] Could not initialize NNPACK! Reason: Unsupported hardware.
[W910 12:07:58.166315930 NNPACK.cpp:56] Could not initialize NNPACK! Reason: Unsupported hardware.
[W910 12:07:58.167353354 NNPACK.cpp:56] Could not initialize NNPACK! Reason: Unsupported hardware.
[W910 12:07:58.168379799 NNPACK.cpp:56] Could not initialize NNPACK! Reason: Unsupported hardware.
[W910 12:07:58.169738935 NNPACK.cpp:56] Could not initialize NNPACK! Reason: Unsupported hardware.
[W910 12:07:58.606228514 NNPACK.cpp:56] Could not initialize NNPACK! Reason: Unsupported hardware.
[W910 12:07:58.606960006 NNPACK.cpp:56] Could not initialize NNPACK! Reason: Unsupported hardware.
[W910 12:07:58.607451699 NNPACK.cpp:56] Could not initialize NNPACK! Reason: Unsupported hardware.
[W910 12:07:58.611953966 NNPACK.cpp:56] Could not initialize NNPACK! Reason: Unsupported hardware.
[W910 12:07:58.612572875 NNPACK.cpp:56] Could not initialize NNPACK! Reason: Unsupported hardware.
[W910 12:07:58.613153205 NNPACK.cpp:56] Could not initialize NNPACK! Reason: Unsupported hardware.
[W910 12:07:58.613717979 NNPACK.cpp:56] Could not initialize NNPACK! Reason: Unsupported hardware.
[W910 12:07:58.614619085 NNPACK.cpp:56] Could not initialize NNPACK! Reason: Unsupported hardware.
[W910 12:07:59.106630466 NNPACK.cpp:56] Could not initialize NNPACK! Reason: Unsupported hardware.
[W910 12:07:59.107875240 NNPACK.cpp:56] Could not initialize NNPACK! Reason: Unsupported hardware.
[W910 12:07:59.108840546 NNPACK.cpp:56] Could not initialize NNPACK! Reason: Unsupported hardware.
[W910 12:07:59.109828638 NNPACK.cpp:56] Could not initialize NNPACK! Reason: Unsupported hardware.
[W910 12:07:59.110841205 NNPACK.cpp:56] Could not initialize NNPACK! Reason: Unsupported hardware.
[W910 12:07:59.111849862 NNPACK.cpp:56] Could not initialize NNPACK! Reason: Unsupported hardware.
[W910 12:07:59.112854266 NNPACK.cpp:56] Could not initialize NNPACK! Reason: Unsupported hardware.
[W910 12:07:59.114186909 NNPACK.cpp:56] Could not initialize NNPACK! Reason: Unsupported hardware.
[W910 12:07:59.546499061 NNPACK.cpp:56] Could not initialize NNPACK! Reason: Unsupported hardware.
[W910 12:07:59.547161536 NNPACK.cpp:56] Could not initialize NNPACK! Reason: Unsupported hardware.
[W910 12:07:59.547646800 NNPACK.cpp:56] Could not initialize NNPACK! Reason: Unsupported hardware.
[W910 12:07:59.548136503 NNPACK.cpp:56] Could not initialize NNPACK! Reason: Unsupported hardware.
[W910 12:07:59.548686422 NNPACK.cpp:56] Could not initialize NNPACK! Reason: Unsupported hardware.
[W910 12:07:59.549237750 NNPACK.cpp:56] Could not initialize NNPACK! Reason: Unsupported hardware.
[W910 12:07:59.549781656 NNPACK.cpp:56] Could not initialize NNPACK! Reason: Unsupported hardware.
[W910 12:07:59.550599870 NNPACK.cpp:56] Could not initialize NNPACK! Reason: Unsupported hardware.
[W910 12:08:00.046521465 NNPACK.cpp:56] Could not initialize NNPACK! Reason: Unsupported hardware.
[W910 12:08:00.047747503 NNPACK.cpp:56] Could not initialize NNPACK! Reason: Unsupported hardware.
[W910 12:08:00.048696554 NNPACK.cpp:56] Could not initialize NNPACK! Reason: Unsupported hardware.
[W910 12:08:00.049625894 NNPACK.cpp:56] Could not initialize NNPACK! Reason: Unsupported hardware.
[W910 12:08:00.050628506 NNPACK.cpp:56] Could not initialize NNPACK! Reason: Unsupported hardware.
[W910 12:08:00.051629769 NNPACK.cpp:56] Could not initialize NNPACK! Reason: Unsupported hardware.
[W910 12:08:00.052626492 NNPACK.cpp:56] Could not initialize NNPACK! Reason: Unsupported hardware.
[W910 12:08:00.053944793 NNPACK.cpp:56] Could not initialize NNPACK! Reason: Unsupported hardware.
[W910 12:08:00.486203664 NNPACK.cpp:56] Could not initialize NNPACK! Reason: Unsupported hardware.
[W910 12:08:00.486826578 NNPACK.cpp:56] Could not initialize NNPACK! Reason: Unsupported hardware.
[W910 12:08:00.487331530 NNPACK.cpp:56] Could not initialize NNPACK! Reason: Unsupported hardware.
[W910 12:08:00.487808892 NNPACK.cpp:56] Could not initialize NNPACK! Reason: Unsupported hardware.
[W910 12:08:00.488356885 NNPACK.cpp:56] Could not initialize NNPACK! Reason: Unsupported hardware.
[W910 12:08:00.488898237 NNPACK.cpp:56] Could not initialize NNPACK! Reason: Unsupported hardware.
[W910 12:08:00.489445798 NNPACK.cpp:56] Could not initialize NNPACK! Reason: Unsupported hardware.
[W910 12:08:00.490270155 NNPACK.cpp:56] Could not initialize NNPACK! Reason: Unsupported hardware.
[W910 12:08:01.987373230 NNPACK.cpp:56] Could not initialize NNPACK! Reason: Unsupported hardware.
[W910 12:08:01.988613684 NNPACK.cpp:56] Could not initialize NNPACK! Reason: Unsupported hardware.
[W910 12:08:01.989573703 NNPACK.cpp:56] Could not initialize NNPACK! Reason: Unsupported hardware.
[W910 12:08:01.990533045 NNPACK.cpp:56] Could not initialize NNPACK! Reason: Unsupported hardware.
[W910 12:08:01.991628606 NNPACK.cpp:56] Could not initialize NNPACK! Reason: Unsupported hardware.
[W910 12:08:01.992673352 NNPACK.cpp:56] Could not initialize NNPACK! Reason: Unsupported hardware.
[W910 12:08:01.993684794 NNPACK.cpp:56] Could not initialize NNPACK! Reason: Unsupported hardware.
[W910 12:08:01.995028431 NNPACK.cpp:56] Could not initialize NNPACK! Reason: Unsupported hardware.
[W910 12:08:01.428574599 NNPACK.cpp:56] Could not initialize NNPACK! Reason: Unsupported hardware.
[W910 12:08:01.429243253 NNPACK.cpp:56] Could not initialize NNPACK! Reason: Unsupported hardware.
[W910 12:08:01.429730014 NNPACK.cpp:56] Could not initialize NNPACK! Reason: Unsupported hardware.
[W910 12:08:01.430219138 NNPACK.cpp:56] Could not initialize NNPACK! Reason: Unsupported hardware.
[W910 12:08:01.430771545 NNPACK.cpp:56] Could not initialize NNPACK! Reason: Unsupported hardware.
[W910 12:08:01.431323941 NNPACK.cpp:56] Could not initialize NNPACK! Reason: Unsupported hardware.
[W910 12:08:01.431871254 NNPACK.cpp:56] Could not initialize NNPACK! Reason: Unsupported hardware.
[W910 12:08:01.432703980 NNPACK.cpp:56] Could not initialize NNPACK! Reason: Unsupported hardware.
[W910 12:08:01.930393528 NNPACK.cpp:56] Could not initialize NNPACK! Reason: Unsupported hardware.
[W910 12:08:01.931635491 NNPACK.cpp:56] Could not initialize NNPACK! Reason: Unsupported hardware.
[W910 12:08:01.932619364 NNPACK.cpp:56] Could not initialize NNPACK! Reason: Unsupported hardware.
[W910 12:08:01.933585422 NNPACK.cpp:56] Could not initialize NNPACK! Reason: Unsupported hardware.
[W910 12:08:01.934601688 NNPACK.cpp:56] Could not initialize NNPACK! Reason: Unsupported hardware.
[W910 12:08:01.935607561 NNPACK.cpp:56] Could not initialize NNPACK! Reason: Unsupported hardware.
[W910 12:08:01.936674595 NNPACK.cpp:56] Could not initialize NNPACK! Reason: Unsupported hardware.
[W910 12:08:01.938030253 NNPACK.cpp:56] Could not initialize NNPACK! Reason: Unsupported hardware.
[W910 12:08:02.373611027 NNPACK.cpp:56] Could not initialize NNPACK! Reason: Unsupported hardware.
[W910 12:08:02.374301140 NNPACK.cpp:56] Could not initialize NNPACK! Reason: Unsupported hardware.
[W910 12:08:02.374787229 NNPACK.cpp:56] Could not initialize NNPACK! Reason: Unsupported hardware.
[W910 12:08:02.375279415 NNPACK.cpp:56] Could not initialize NNPACK! Reason: Unsupported hardware.
[W910 12:08:02.375890052 NNPACK.cpp:56] Could not initialize NNPACK! Reason: Unsupported hardware.
[W910 12:08:02.376442627 NNPACK.cpp:56] Could not initialize NNPACK! Reason: Unsupported hardware.
[W910 12:08:02.376991613 NNPACK.cpp:56] Could not initialize NNPACK! Reason: Unsupported hardware.
[W910 12:08:02.377831774 NNPACK.cpp:56] Could not initialize NNPACK! Reason: Unsupported hardware.
[W910 12:08:02.881960050 NNPACK.cpp:56] Could not initialize NNPACK! Reason: Unsupported hardware.
[W910 12:08:02.883206728 NNPACK.cpp:56] Could not initialize NNPACK! Reason: Unsupported hardware.
[W910 12:08:02.884167801 NNPACK.cpp:56] Could not initialize NNPACK! Reason: Unsupported hardware.
[W910 12:08:02.885094331 NNPACK.cpp:56] Could not initialize NNPACK! Reason: Unsupported hardware.
[W910 12:08:02.886193290 NNPACK.cpp:56] Could not initialize NNPACK! Reason: Unsupported hardware.
[W910 12:08:02.887201981 NNPACK.cpp:56] Could not initialize NNPACK! Reason: Unsupported hardware.
[W910 12:08:02.888208182 NNPACK.cpp:56] Could not initialize NNPACK! Reason: Unsupported hardware.
[W910 12:08:02.889557819 NNPACK.cpp:56] Could not initialize NNPACK! Reason: Unsupported hardware.
[W910 12:08:03.321461582 NNPACK.cpp:56] Could not initialize NNPACK! Reason: Unsupported hardware.
[W910 12:08:03.322124266 NNPACK.cpp:56] Could not initialize NNPACK! Reason: Unsupported hardware.
[W910 12:08:03.322611644 NNPACK.cpp:56] Could not initialize NNPACK! Reason: Unsupported hardware.
[W910 12:08:03.323100900 NNPACK.cpp:56] Could not initialize NNPACK! Reason: Unsupported hardware.
[W910 12:08:03.323654142 NNPACK.cpp:56] Could not initialize NNPACK! Reason: Unsupported hardware.
[W910 12:08:03.324205478 NNPACK.cpp:56] Could not initialize NNPACK! Reason: Unsupported hardware.
[W910 12:08:03.324753032 NNPACK.cpp:56] Could not initialize NNPACK! Reason: Unsupported hardware.
[W910 12:08:03.325587643 NNPACK.cpp:56] Could not initialize NNPACK! Reason: Unsupported hardware.
[W910 12:08:03.820402096 NNPACK.cpp:56] Could not initialize NNPACK! Reason: Unsupported hardware.
[W910 12:08:03.821620396 NNPACK.cpp:56] Could not initialize NNPACK! Reason: Unsupported hardware.
[W910 12:08:03.826539910 NNPACK.cpp:56] Could not initialize NNPACK! Reason: Unsupported hardware.
[W910 12:08:03.827490972 NNPACK.cpp:56] Could not initialize NNPACK! Reason: Unsupported hardware.
[W910 12:08:03.828609469 NNPACK.cpp:56] Could not initialize NNPACK! Reason: Unsupported hardware.
[W910 12:08:03.829741222 NNPACK.cpp:56] Could not initialize NNPACK! Reason: Unsupported hardware.
[W910 12:08:03.830793658 NNPACK.cpp:56] Could not initialize NNPACK! Reason: Unsupported hardware.
[W910 12:08:03.832169150 NNPACK.cpp:56] Could not initialize NNPACK! Reason: Unsupported hardware.
[W910 12:08:04.261775728 NNPACK.cpp:56] Could not initialize NNPACK! Reason: Unsupported hardware.
[W910 12:08:04.262516880 NNPACK.cpp:56] Could not initialize NNPACK! Reason: Unsupported hardware.
[W910 12:08:04.263026565 NNPACK.cpp:56] Could not initialize NNPACK! Reason: Unsupported hardware.
[W910 12:08:04.263521380 NNPACK.cpp:56] Could not initialize NNPACK! Reason: Unsupported hardware.
[W910 12:08:04.264074380 NNPACK.cpp:56] Could not initialize NNPACK! Reason: Unsupported hardware.
[W910 12:08:04.264620401 NNPACK.cpp:56] Could not initialize NNPACK! Reason: Unsupported hardware.
[W910 12:08:04.265173759 NNPACK.cpp:56] Could not initialize NNPACK! Reason: Unsupported hardware.
[W910 12:08:04.266040696 NNPACK.cpp:56] Could not initialize NNPACK! Reason: Unsupported hardware.
[W910 12:08:04.763670925 NNPACK.cpp:56] Could not initialize NNPACK! Reason: Unsupported hardware.
[W910 12:08:04.764898119 NNPACK.cpp:56] Could not initialize NNPACK! Reason: Unsupported hardware.
[W910 12:08:04.765861167 NNPACK.cpp:56] Could not initialize NNPACK! Reason: Unsupported hardware.
[W910 12:08:04.766813187 NNPACK.cpp:56] Could not initialize NNPACK! Reason: Unsupported hardware.
[W910 12:08:04.767913189 NNPACK.cpp:56] Could not initialize NNPACK! Reason: Unsupported hardware.
[W910 12:08:04.768949103 NNPACK.cpp:56] Could not initialize NNPACK! Reason: Unsupported hardware.
[W910 12:08:04.770065016 NNPACK.cpp:56] Could not initialize NNPACK! Reason: Unsupported hardware.
[W910 12:08:04.771427968 NNPACK.cpp:56] Could not initialize NNPACK! Reason: Unsupported hardware.
[W910 12:08:05.201947092 NNPACK.cpp:56] Could not initialize NNPACK! Reason: Unsupported hardware.
[W910 12:08:05.202652962 NNPACK.cpp:56] Could not initialize NNPACK! Reason: Unsupported hardware.
[W910 12:08:05.203149288 NNPACK.cpp:56] Could not initialize NNPACK! Reason: Unsupported hardware.
[W910 12:08:05.203634896 NNPACK.cpp:56] Could not initialize NNPACK! Reason: Unsupported hardware.
[W910 12:08:05.204230208 NNPACK.cpp:56] Could not initialize NNPACK! Reason: Unsupported hardware.
[W910 12:08:05.204778872 NNPACK.cpp:56] Could not initialize NNPACK! Reason: Unsupported hardware.
[W910 12:08:05.205332498 NNPACK.cpp:56] Could not initialize NNPACK! Reason: Unsupported hardware.
[W910 12:08:05.206179162 NNPACK.cpp:56] Could not initialize NNPACK! Reason: Unsupported hardware.
[W910 12:08:05.704124380 NNPACK.cpp:56] Could not initialize NNPACK! Reason: Unsupported hardware.
[W910 12:08:05.705338498 NNPACK.cpp:56] Could not initialize NNPACK! Reason: Unsupported hardware.
[W910 12:08:05.706290744 NNPACK.cpp:56] Could not initialize NNPACK! Reason: Unsupported hardware.
[W910 12:08:05.707221481 NNPACK.cpp:56] Could not initialize NNPACK! Reason: Unsupported hardware.
[W910 12:08:05.708277323 NNPACK.cpp:56] Could not initialize NNPACK! Reason: Unsupported hardware.
[W910 12:08:05.709310100 NNPACK.cpp:56] Could not initialize NNPACK! Reason: Unsupported hardware.
[W910 12:08:05.710306556 NNPACK.cpp:56] Could not initialize NNPACK! Reason: Unsupported hardware.
[W910 12:08:05.711625918 NNPACK.cpp:56] Could not initialize NNPACK! Reason: Unsupported hardware.
[W910 12:08:06.145017128 NNPACK.cpp:56] Could not initialize NNPACK! Reason: Unsupported hardware.
[W910 12:08:06.145685133 NNPACK.cpp:56] Could not initialize NNPACK! Reason: Unsupported hardware.
[W910 12:08:06.146177409 NNPACK.cpp:56] Could not initialize NNPACK! Reason: Unsupported hardware.
[W910 12:08:06.146655787 NNPACK.cpp:56] Could not initialize NNPACK! Reason: Unsupported hardware.
[W910 12:08:06.147208987 NNPACK.cpp:56] Could not initialize NNPACK! Reason: Unsupported hardware.
[W910 12:08:06.147769456 NNPACK.cpp:56] Could not initialize NNPACK! Reason: Unsupported hardware.
[W910 12:08:06.148320788 NNPACK.cpp:56] Could not initialize NNPACK! Reason: Unsupported hardware.
[W910 12:08:06.149175432 NNPACK.cpp:56] Could not initialize NNPACK! Reason: Unsupported hardware.
[W910 12:08:06.646026645 NNPACK.cpp:56] Could not initialize NNPACK! Reason: Unsupported hardware.
[W910 12:08:06.647249432 NNPACK.cpp:56] Could not initialize NNPACK! Reason: Unsupported hardware.
[W910 12:08:06.648213064 NNPACK.cpp:56] Could not initialize NNPACK! Reason: Unsupported hardware.
[W910 12:08:06.649136713 NNPACK.cpp:56] Could not initialize NNPACK! Reason: Unsupported hardware.
[W910 12:08:06.650205043 NNPACK.cpp:56] Could not initialize NNPACK! Reason: Unsupported hardware.
[W910 12:08:06.651246802 NNPACK.cpp:56] Could not initialize NNPACK! Reason: Unsupported hardware.
[W910 12:08:06.652258352 NNPACK.cpp:56] Could not initialize NNPACK! Reason: Unsupported hardware.
[W910 12:08:06.653609936 NNPACK.cpp:56] Could not initialize NNPACK! Reason: Unsupported hardware.
[W910 12:08:07.088178914 NNPACK.cpp:56] Could not initialize NNPACK! Reason: Unsupported hardware.
[W910 12:08:07.088860257 NNPACK.cpp:56] Could not initialize NNPACK! Reason: Unsupported hardware.
[W910 12:08:07.089355191 NNPACK.cpp:56] Could not initialize NNPACK! Reason: Unsupported hardware.
[W910 12:08:07.089837993 NNPACK.cpp:56] Could not initialize NNPACK! Reason: Unsupported hardware.
[W910 12:08:07.090395136 NNPACK.cpp:56] Could not initialize NNPACK! Reason: Unsupported hardware.
[W910 12:08:07.090945071 NNPACK.cpp:56] Could not initialize NNPACK! Reason: Unsupported hardware.
[W910 12:08:07.091499565 NNPACK.cpp:56] Could not initialize NNPACK! Reason: Unsupported hardware.
[W910 12:08:07.092367276 NNPACK.cpp:56] Could not initialize NNPACK! Reason: Unsupported hardware.
[W910 12:08:07.590725269 NNPACK.cpp:56] Could not initialize NNPACK! Reason: Unsupported hardware.
[W910 12:08:07.591961368 NNPACK.cpp:56] Could not initialize NNPACK! Reason: Unsupported hardware.
[W910 12:08:07.592918388 NNPACK.cpp:56] Could not initialize NNPACK! Reason: Unsupported hardware.
[W910 12:08:07.593856059 NNPACK.cpp:56] Could not initialize NNPACK! Reason: Unsupported hardware.
[W910 12:08:07.594895000 NNPACK.cpp:56] Could not initialize NNPACK! Reason: Unsupported hardware.
[W910 12:08:07.595901251 NNPACK.cpp:56] Could not initialize NNPACK! Reason: Unsupported hardware.
[W910 12:08:07.596906647 NNPACK.cpp:56] Could not initialize NNPACK! Reason: Unsupported hardware.
[W910 12:08:07.598265047 NNPACK.cpp:56] Could not initialize NNPACK! Reason: Unsupported hardware.
[W910 12:08:08.030831059 NNPACK.cpp:56] Could not initialize NNPACK! Reason: Unsupported hardware.
[W910 12:08:08.031561288 NNPACK.cpp:56] Could not initialize NNPACK! Reason: Unsupported hardware.
[W910 12:08:08.032058990 NNPACK.cpp:56] Could not initialize NNPACK! Reason: Unsupported hardware.
[W910 12:08:08.032541540 NNPACK.cpp:56] Could not initialize NNPACK! Reason: Unsupported hardware.
[W910 12:08:08.033102019 NNPACK.cpp:56] Could not initialize NNPACK! Reason: Unsupported hardware.
[W910 12:08:08.033648319 NNPACK.cpp:56] Could not initialize NNPACK! Reason: Unsupported hardware.
[W910 12:08:08.034203313 NNPACK.cpp:56] Could not initialize NNPACK! Reason: Unsupported hardware.
[W910 12:08:08.035078442 NNPACK.cpp:56] Could not initialize NNPACK! Reason: Unsupported hardware.
[W910 12:08:08.530970225 NNPACK.cpp:56] Could not initialize NNPACK! Reason: Unsupported hardware.
[W910 12:08:08.532215231 NNPACK.cpp:56] Could not initialize NNPACK! Reason: Unsupported hardware.
[W910 12:08:08.533175245 NNPACK.cpp:56] Could not initialize NNPACK! Reason: Unsupported hardware.
[W910 12:08:08.534125721 NNPACK.cpp:56] Could not initialize NNPACK! Reason: Unsupported hardware.
[W910 12:08:08.535158644 NNPACK.cpp:56] Could not initialize NNPACK! Reason: Unsupported hardware.
[W910 12:08:08.536164119 NNPACK.cpp:56] Could not initialize NNPACK! Reason: Unsupported hardware.
[W910 12:08:08.537174656 NNPACK.cpp:56] Could not initialize NNPACK! Reason: Unsupported hardware.
[W910 12:08:08.538507852 NNPACK.cpp:56] Could not initialize NNPACK! Reason: Unsupported hardware.
[W910 12:08:09.971343251 NNPACK.cpp:56] Could not initialize NNPACK! Reason: Unsupported hardware.
[W910 12:08:09.972099717 NNPACK.cpp:56] Could not initialize NNPACK! Reason: Unsupported hardware.
[W910 12:08:09.977020694 NNPACK.cpp:56] Could not initialize NNPACK! Reason: Unsupported hardware.
[W910 12:08:09.977554798 NNPACK.cpp:56] Could not initialize NNPACK! Reason: Unsupported hardware.
[W910 12:08:09.978131150 NNPACK.cpp:56] Could not initialize NNPACK! Reason: Unsupported hardware.
[W910 12:08:09.978696772 NNPACK.cpp:56] Could not initialize NNPACK! Reason: Unsupported hardware.
[W910 12:08:09.979279795 NNPACK.cpp:56] Could not initialize NNPACK! Reason: Unsupported hardware.
[W910 12:08:09.980188199 NNPACK.cpp:56] Could not initialize NNPACK! Reason: Unsupported hardware.
[W910 12:08:09.472930317 NNPACK.cpp:56] Could not initialize NNPACK! Reason: Unsupported hardware.
[W910 12:08:09.474152914 NNPACK.cpp:56] Could not initialize NNPACK! Reason: Unsupported hardware.
[W910 12:08:09.475121784 NNPACK.cpp:56] Could not initialize NNPACK! Reason: Unsupported hardware.
[W910 12:08:09.476069873 NNPACK.cpp:56] Could not initialize NNPACK! Reason: Unsupported hardware.
[W910 12:08:09.477123375 NNPACK.cpp:56] Could not initialize NNPACK! Reason: Unsupported hardware.
[W910 12:08:09.478132751 NNPACK.cpp:56] Could not initialize NNPACK! Reason: Unsupported hardware.
[W910 12:08:09.479142128 NNPACK.cpp:56] Could not initialize NNPACK! Reason: Unsupported hardware.
[W910 12:08:09.480578205 NNPACK.cpp:56] Could not initialize NNPACK! Reason: Unsupported hardware.
[W910 12:08:09.914648418 NNPACK.cpp:56] Could not initialize NNPACK! Reason: Unsupported hardware.
[W910 12:08:09.915424099 NNPACK.cpp:56] Could not initialize NNPACK! Reason: Unsupported hardware.
[W910 12:08:09.915929296 NNPACK.cpp:56] Could not initialize NNPACK! Reason: Unsupported hardware.
[W910 12:08:09.916433993 NNPACK.cpp:56] Could not initialize NNPACK! Reason: Unsupported hardware.
[W910 12:08:09.917014165 NNPACK.cpp:56] Could not initialize NNPACK! Reason: Unsupported hardware.
[W910 12:08:09.917582758 NNPACK.cpp:56] Could not initialize NNPACK! Reason: Unsupported hardware.
[W910 12:08:09.918168323 NNPACK.cpp:56] Could not initialize NNPACK! Reason: Unsupported hardware.
[W910 12:08:09.919071435 NNPACK.cpp:56] Could not initialize NNPACK! Reason: Unsupported hardware.
[W910 12:08:10.413302790 NNPACK.cpp:56] Could not initialize NNPACK! Reason: Unsupported hardware.
[W910 12:08:10.414518867 NNPACK.cpp:56] Could not initialize NNPACK! Reason: Unsupported hardware.
[W910 12:08:10.415482926 NNPACK.cpp:56] Could not initialize NNPACK! Reason: Unsupported hardware.
[W910 12:08:10.416435686 NNPACK.cpp:56] Could not initialize NNPACK! Reason: Unsupported hardware.
[W910 12:08:10.417463754 NNPACK.cpp:56] Could not initialize NNPACK! Reason: Unsupported hardware.
[W910 12:08:10.418470470 NNPACK.cpp:56] Could not initialize NNPACK! Reason: Unsupported hardware.
[W910 12:08:10.419494127 NNPACK.cpp:56] Could not initialize NNPACK! Reason: Unsupported hardware.
[W910 12:08:10.420816568 NNPACK.cpp:56] Could not initialize NNPACK! Reason: Unsupported hardware.
[W910 12:08:10.858360661 NNPACK.cpp:56] Could not initialize NNPACK! Reason: Unsupported hardware.
[W910 12:08:10.859101649 NNPACK.cpp:56] Could not initialize NNPACK! Reason: Unsupported hardware.
[W910 12:08:10.859597821 NNPACK.cpp:56] Could not initialize NNPACK! Reason: Unsupported hardware.
[W910 12:08:10.860086107 NNPACK.cpp:56] Could not initialize NNPACK! Reason: Unsupported hardware.
[W910 12:08:10.860640134 NNPACK.cpp:56] Could not initialize NNPACK! Reason: Unsupported hardware.
[W910 12:08:10.861194041 NNPACK.cpp:56] Could not initialize NNPACK! Reason: Unsupported hardware.
[W910 12:08:10.861741823 NNPACK.cpp:56] Could not initialize NNPACK! Reason: Unsupported hardware.
[W910 12:08:10.862615656 NNPACK.cpp:56] Could not initialize NNPACK! Reason: Unsupported hardware.
[W910 12:08:11.358941632 NNPACK.cpp:56] Could not initialize NNPACK! Reason: Unsupported hardware.
[W910 12:08:11.360156695 NNPACK.cpp:56] Could not initialize NNPACK! Reason: Unsupported hardware.
[W910 12:08:11.361104260 NNPACK.cpp:56] Could not initialize NNPACK! Reason: Unsupported hardware.
[W910 12:08:11.362048150 NNPACK.cpp:56] Could not initialize NNPACK! Reason: Unsupported hardware.
[W910 12:08:11.363117122 NNPACK.cpp:56] Could not initialize NNPACK! Reason: Unsupported hardware.
[W910 12:08:11.364139530 NNPACK.cpp:56] Could not initialize NNPACK! Reason: Unsupported hardware.
[W910 12:08:11.365180192 NNPACK.cpp:56] Could not initialize NNPACK! Reason: Unsupported hardware.
[W910 12:08:11.366550458 NNPACK.cpp:56] Could not initialize NNPACK! Reason: Unsupported hardware.
[W910 12:08:11.803243210 NNPACK.cpp:56] Could not initialize NNPACK! Reason: Unsupported hardware.
[W910 12:08:11.803966640 NNPACK.cpp:56] Could not initialize NNPACK! Reason: Unsupported hardware.
[W910 12:08:11.804458515 NNPACK.cpp:56] Could not initialize NNPACK! Reason: Unsupported hardware.
[W910 12:08:11.804940288 NNPACK.cpp:56] Could not initialize NNPACK! Reason: Unsupported hardware.
[W910 12:08:11.805494424 NNPACK.cpp:56] Could not initialize NNPACK! Reason: Unsupported hardware.
[W910 12:08:11.806045638 NNPACK.cpp:56] Could not initialize NNPACK! Reason: Unsupported hardware.
[W910 12:08:11.806590878 NNPACK.cpp:56] Could not initialize NNPACK! Reason: Unsupported hardware.
[W910 12:08:11.807459428 NNPACK.cpp:56] Could not initialize NNPACK! Reason: Unsupported hardware.
[W910 12:08:12.305527012 NNPACK.cpp:56] Could not initialize NNPACK! Reason: Unsupported hardware.
[W910 12:08:12.306743118 NNPACK.cpp:56] Could not initialize NNPACK! Reason: Unsupported hardware.
[W910 12:08:12.307689689 NNPACK.cpp:56] Could not initialize NNPACK! Reason: Unsupported hardware.
[W910 12:08:12.308636968 NNPACK.cpp:56] Could not initialize NNPACK! Reason: Unsupported hardware.
[W910 12:08:12.309658600 NNPACK.cpp:56] Could not initialize NNPACK! Reason: Unsupported hardware.
[W910 12:08:12.310652398 NNPACK.cpp:56] Could not initialize NNPACK! Reason: Unsupported hardware.
[W910 12:08:12.311649666 NNPACK.cpp:56] Could not initialize NNPACK! Reason: Unsupported hardware.
[W910 12:08:12.312970935 NNPACK.cpp:56] Could not initialize NNPACK! Reason: Unsupported hardware.
[W910 12:08:12.746475134 NNPACK.cpp:56] Could not initialize NNPACK! Reason: Unsupported hardware.
[W910 12:08:12.747263315 NNPACK.cpp:56] Could not initialize NNPACK! Reason: Unsupported hardware.
[W910 12:08:12.747994658 NNPACK.cpp:56] Could not initialize NNPACK! Reason: Unsupported hardware.
[W910 12:08:12.748755526 NNPACK.cpp:56] Could not initialize NNPACK! Reason: Unsupported hardware.
[W910 12:08:12.749476775 NNPACK.cpp:56] Could not initialize NNPACK! Reason: Unsupported hardware.
[W910 12:08:12.750108040 NNPACK.cpp:56] Could not initialize NNPACK! Reason: Unsupported hardware.
[W910 12:08:12.750704602 NNPACK.cpp:56] Could not initialize NNPACK! Reason: Unsupported hardware.
[W910 12:08:12.751696023 NNPACK.cpp:56] Could not initialize NNPACK! Reason: Unsupported hardware.
[W910 12:08:13.250675447 NNPACK.cpp:56] Could not initialize NNPACK! Reason: Unsupported hardware.
[W910 12:08:13.251884710 NNPACK.cpp:56] Could not initialize NNPACK! Reason: Unsupported hardware.
[W910 12:08:13.252830593 NNPACK.cpp:56] Could not initialize NNPACK! Reason: Unsupported hardware.
[W910 12:08:13.253716317 NNPACK.cpp:56] Could not initialize NNPACK! Reason: Unsupported hardware.
[W910 12:08:13.254767598 NNPACK.cpp:56] Could not initialize NNPACK! Reason: Unsupported hardware.
[W910 12:08:13.255766050 NNPACK.cpp:56] Could not initialize NNPACK! Reason: Unsupported hardware.
[W910 12:08:13.256788145 NNPACK.cpp:56] Could not initialize NNPACK! Reason: Unsupported hardware.
[W910 12:08:13.258113030 NNPACK.cpp:56] Could not initialize NNPACK! Reason: Unsupported hardware.
[W910 12:08:13.694097122 NNPACK.cpp:56] Could not initialize NNPACK! Reason: Unsupported hardware.
[W910 12:08:13.694789817 NNPACK.cpp:56] Could not initialize NNPACK! Reason: Unsupported hardware.
[W910 12:08:13.695277445 NNPACK.cpp:56] Could not initialize NNPACK! Reason: Unsupported hardware.
[W910 12:08:13.695758883 NNPACK.cpp:56] Could not initialize NNPACK! Reason: Unsupported hardware.
[W910 12:08:13.696311837 NNPACK.cpp:56] Could not initialize NNPACK! Reason: Unsupported hardware.
[W910 12:08:13.696853025 NNPACK.cpp:56] Could not initialize NNPACK! Reason: Unsupported hardware.
[W910 12:08:13.697403121 NNPACK.cpp:56] Could not initialize NNPACK! Reason: Unsupported hardware.
[W910 12:08:13.698245226 NNPACK.cpp:56] Could not initialize NNPACK! Reason: Unsupported hardware.
[W910 12:08:14.193493516 NNPACK.cpp:56] Could not initialize NNPACK! Reason: Unsupported hardware.
[W910 12:08:14.194734939 NNPACK.cpp:56] Could not initialize NNPACK! Reason: Unsupported hardware.
[W910 12:08:14.199591303 NNPACK.cpp:56] Could not initialize NNPACK! Reason: Unsupported hardware.
[W910 12:08:14.200537979 NNPACK.cpp:56] Could not initialize NNPACK! Reason: Unsupported hardware.
[W910 12:08:14.201575563 NNPACK.cpp:56] Could not initialize NNPACK! Reason: Unsupported hardware.
[W910 12:08:14.202598949 NNPACK.cpp:56] Could not initialize NNPACK! Reason: Unsupported hardware.
[W910 12:08:14.203617198 NNPACK.cpp:56] Could not initialize NNPACK! Reason: Unsupported hardware.
[W910 12:08:14.204942986 NNPACK.cpp:56] Could not initialize NNPACK! Reason: Unsupported hardware.
[W910 12:08:14.635207491 NNPACK.cpp:56] Could not initialize NNPACK! Reason: Unsupported hardware.
[W910 12:08:14.635889084 NNPACK.cpp:56] Could not initialize NNPACK! Reason: Unsupported hardware.
[W910 12:08:14.636385506 NNPACK.cpp:56] Could not initialize NNPACK! Reason: Unsupported hardware.
[W910 12:08:14.636863647 NNPACK.cpp:56] Could not initialize NNPACK! Reason: Unsupported hardware.
[W910 12:08:14.637416304 NNPACK.cpp:56] Could not initialize NNPACK! Reason: Unsupported hardware.
[W910 12:08:14.637956477 NNPACK.cpp:56] Could not initialize NNPACK! Reason: Unsupported hardware.
[W910 12:08:14.638502686 NNPACK.cpp:56] Could not initialize NNPACK! Reason: Unsupported hardware.
[W910 12:08:14.639384334 NNPACK.cpp:56] Could not initialize NNPACK! Reason: Unsupported hardware.
[W910 12:08:15.136736301 NNPACK.cpp:56] Could not initialize NNPACK! Reason: Unsupported hardware.
[W910 12:08:15.137946297 NNPACK.cpp:56] Could not initialize NNPACK! Reason: Unsupported hardware.
[W910 12:08:15.138893627 NNPACK.cpp:56] Could not initialize NNPACK! Reason: Unsupported hardware.
[W910 12:08:15.139792942 NNPACK.cpp:56] Could not initialize NNPACK! Reason: Unsupported hardware.
[W910 12:08:15.140790027 NNPACK.cpp:56] Could not initialize NNPACK! Reason: Unsupported hardware.
[W910 12:08:15.141841372 NNPACK.cpp:56] Could not initialize NNPACK! Reason: Unsupported hardware.
[W910 12:08:15.142840254 NNPACK.cpp:56] Could not initialize NNPACK! Reason: Unsupported hardware.
[W910 12:08:15.144162851 NNPACK.cpp:56] Could not initialize NNPACK! Reason: Unsupported hardware.
[W910 12:08:15.579289154 NNPACK.cpp:56] Could not initialize NNPACK! Reason: Unsupported hardware.
[W910 12:08:15.579948891 NNPACK.cpp:56] Could not initialize NNPACK! Reason: Unsupported hardware.
[W910 12:08:15.580472207 NNPACK.cpp:56] Could not initialize NNPACK! Reason: Unsupported hardware.
[W910 12:08:15.580950580 NNPACK.cpp:56] Could not initialize NNPACK! Reason: Unsupported hardware.
[W910 12:08:15.581515978 NNPACK.cpp:56] Could not initialize NNPACK! Reason: Unsupported hardware.
[W910 12:08:15.582061687 NNPACK.cpp:56] Could not initialize NNPACK! Reason: Unsupported hardware.
[W910 12:08:15.582605364 NNPACK.cpp:56] Could not initialize NNPACK! Reason: Unsupported hardware.
[W910 12:08:15.583435071 NNPACK.cpp:56] Could not initialize NNPACK! Reason: Unsupported hardware.
[W910 12:08:16.079165583 NNPACK.cpp:56] Could not initialize NNPACK! Reason: Unsupported hardware.
[W910 12:08:16.080377091 NNPACK.cpp:56] Could not initialize NNPACK! Reason: Unsupported hardware.
[W910 12:08:16.081335527 NNPACK.cpp:56] Could not initialize NNPACK! Reason: Unsupported hardware.
[W910 12:08:16.082267807 NNPACK.cpp:56] Could not initialize NNPACK! Reason: Unsupported hardware.
[W910 12:08:16.083329378 NNPACK.cpp:56] Could not initialize NNPACK! Reason: Unsupported hardware.
[W910 12:08:16.084322578 NNPACK.cpp:56] Could not initialize NNPACK! Reason: Unsupported hardware.
[W910 12:08:16.085316602 NNPACK.cpp:56] Could not initialize NNPACK! Reason: Unsupported hardware.
[W910 12:08:16.086638292 NNPACK.cpp:56] Could not initialize NNPACK! Reason: Unsupported hardware.
[W910 12:08:16.522066045 NNPACK.cpp:56] Could not initialize NNPACK! Reason: Unsupported hardware.
[W910 12:08:16.522776011 NNPACK.cpp:56] Could not initialize NNPACK! Reason: Unsupported hardware.
[W910 12:08:16.523286403 NNPACK.cpp:56] Could not initialize NNPACK! Reason: Unsupported hardware.
[W910 12:08:16.523767302 NNPACK.cpp:56] Could not initialize NNPACK! Reason: Unsupported hardware.
[W910 12:08:16.524338381 NNPACK.cpp:56] Could not initialize NNPACK! Reason: Unsupported hardware.
[W910 12:08:16.524918459 NNPACK.cpp:56] Could not initialize NNPACK! Reason: Unsupported hardware.
[W910 12:08:16.525473215 NNPACK.cpp:56] Could not initialize NNPACK! Reason: Unsupported hardware.
[W910 12:08:16.526340585 NNPACK.cpp:56] Could not initialize NNPACK! Reason: Unsupported hardware.
[W910 12:08:17.022868962 NNPACK.cpp:56] Could not initialize NNPACK! Reason: Unsupported hardware.
[W910 12:08:17.024149357 NNPACK.cpp:56] Could not initialize NNPACK! Reason: Unsupported hardware.
[W910 12:08:17.025110911 NNPACK.cpp:56] Could not initialize NNPACK! Reason: Unsupported hardware.
[W910 12:08:17.026173302 NNPACK.cpp:56] Could not initialize NNPACK! Reason: Unsupported hardware.
[W910 12:08:17.027204685 NNPACK.cpp:56] Could not initialize NNPACK! Reason: Unsupported hardware.
[W910 12:08:17.028229026 NNPACK.cpp:56] Could not initialize NNPACK! Reason: Unsupported hardware.
[W910 12:08:17.029241698 NNPACK.cpp:56] Could not initialize NNPACK! Reason: Unsupported hardware.
[W910 12:08:17.030580635 NNPACK.cpp:56] Could not initialize NNPACK! Reason: Unsupported hardware.
[W910 12:08:17.462309570 NNPACK.cpp:56] Could not initialize NNPACK! Reason: Unsupported hardware.
[W910 12:08:17.462954197 NNPACK.cpp:56] Could not initialize NNPACK! Reason: Unsupported hardware.
[W910 12:08:17.463443459 NNPACK.cpp:56] Could not initialize NNPACK! Reason: Unsupported hardware.
[W910 12:08:17.463928837 NNPACK.cpp:56] Could not initialize NNPACK! Reason: Unsupported hardware.
[W910 12:08:17.464499684 NNPACK.cpp:56] Could not initialize NNPACK! Reason: Unsupported hardware.
[W910 12:08:17.465052983 NNPACK.cpp:56] Could not initialize NNPACK! Reason: Unsupported hardware.
[W910 12:08:17.465600830 NNPACK.cpp:56] Could not initialize NNPACK! Reason: Unsupported hardware.
[W910 12:08:17.466458762 NNPACK.cpp:56] Could not initialize NNPACK! Reason: Unsupported hardware.
[W910 12:08:18.960219043 NNPACK.cpp:56] Could not initialize NNPACK! Reason: Unsupported hardware.
[W910 12:08:18.961441032 NNPACK.cpp:56] Could not initialize NNPACK! Reason: Unsupported hardware.
[W910 12:08:18.962396036 NNPACK.cpp:56] Could not initialize NNPACK! Reason: Unsupported hardware.
[W910 12:08:18.963351145 NNPACK.cpp:56] Could not initialize NNPACK! Reason: Unsupported hardware.
[W910 12:08:18.964385566 NNPACK.cpp:56] Could not initialize NNPACK! Reason: Unsupported hardware.
[W910 12:08:18.965400436 NNPACK.cpp:56] Could not initialize NNPACK! Reason: Unsupported hardware.
[W910 12:08:18.966414702 NNPACK.cpp:56] Could not initialize NNPACK! Reason: Unsupported hardware.
[W910 12:08:18.967750433 NNPACK.cpp:56] Could not initialize NNPACK! Reason: Unsupported hardware.
[W910 12:08:18.405272925 NNPACK.cpp:56] Could not initialize NNPACK! Reason: Unsupported hardware.
[W910 12:08:18.405939902 NNPACK.cpp:56] Could not initialize NNPACK! Reason: Unsupported hardware.
[W910 12:08:18.406439744 NNPACK.cpp:56] Could not initialize NNPACK! Reason: Unsupported hardware.
[W910 12:08:18.406922387 NNPACK.cpp:56] Could not initialize NNPACK! Reason: Unsupported hardware.
[W910 12:08:18.407477732 NNPACK.cpp:56] Could not initialize NNPACK! Reason: Unsupported hardware.
[W910 12:08:18.408049149 NNPACK.cpp:56] Could not initialize NNPACK! Reason: Unsupported hardware.
[W910 12:08:18.408596924 NNPACK.cpp:56] Could not initialize NNPACK! Reason: Unsupported hardware.
[W910 12:08:18.409435038 NNPACK.cpp:56] Could not initialize NNPACK! Reason: Unsupported hardware.
[W910 12:08:18.904146908 NNPACK.cpp:56] Could not initialize NNPACK! Reason: Unsupported hardware.
[W910 12:08:18.905356654 NNPACK.cpp:56] Could not initialize NNPACK! Reason: Unsupported hardware.
[W910 12:08:18.906308932 NNPACK.cpp:56] Could not initialize NNPACK! Reason: Unsupported hardware.
[W910 12:08:18.907256392 NNPACK.cpp:56] Could not initialize NNPACK! Reason: Unsupported hardware.
[W910 12:08:18.908361907 NNPACK.cpp:56] Could not initialize NNPACK! Reason: Unsupported hardware.
[W910 12:08:18.909357216 NNPACK.cpp:56] Could not initialize NNPACK! Reason: Unsupported hardware.
[W910 12:08:18.910355764 NNPACK.cpp:56] Could not initialize NNPACK! Reason: Unsupported hardware.
[W910 12:08:18.911695298 NNPACK.cpp:56] Could not initialize NNPACK! Reason: Unsupported hardware.
[W910 12:08:19.346630803 NNPACK.cpp:56] Could not initialize NNPACK! Reason: Unsupported hardware.
[W910 12:08:19.347378660 NNPACK.cpp:56] Could not initialize NNPACK! Reason: Unsupported hardware.
[W910 12:08:19.352289206 NNPACK.cpp:56] Could not initialize NNPACK! Reason: Unsupported hardware.
[W910 12:08:19.352802442 NNPACK.cpp:56] Could not initialize NNPACK! Reason: Unsupported hardware.
[W910 12:08:19.353361218 NNPACK.cpp:56] Could not initialize NNPACK! Reason: Unsupported hardware.
[W910 12:08:19.353904987 NNPACK.cpp:56] Could not initialize NNPACK! Reason: Unsupported hardware.
[W910 12:08:19.354459360 NNPACK.cpp:56] Could not initialize NNPACK! Reason: Unsupported hardware.
[W910 12:08:19.355334947 NNPACK.cpp:56] Could not initialize NNPACK! Reason: Unsupported hardware.
[W910 12:08:19.848124237 NNPACK.cpp:56] Could not initialize NNPACK! Reason: Unsupported hardware.
[W910 12:08:19.849351447 NNPACK.cpp:56] Could not initialize NNPACK! Reason: Unsupported hardware.
[W910 12:08:19.850313039 NNPACK.cpp:56] Could not initialize NNPACK! Reason: Unsupported hardware.
[W910 12:08:19.851269477 NNPACK.cpp:56] Could not initialize NNPACK! Reason: Unsupported hardware.
[W910 12:08:19.852321990 NNPACK.cpp:56] Could not initialize NNPACK! Reason: Unsupported hardware.
[W910 12:08:19.853373172 NNPACK.cpp:56] Could not initialize NNPACK! Reason: Unsupported hardware.
[W910 12:08:19.854383103 NNPACK.cpp:56] Could not initialize NNPACK! Reason: Unsupported hardware.
[W910 12:08:19.855722038 NNPACK.cpp:56] Could not initialize NNPACK! Reason: Unsupported hardware.
[W910 12:08:20.285715570 NNPACK.cpp:56] Could not initialize NNPACK! Reason: Unsupported hardware.
[W910 12:08:20.286390013 NNPACK.cpp:56] Could not initialize NNPACK! Reason: Unsupported hardware.
[W910 12:08:20.286890681 NNPACK.cpp:56] Could not initialize NNPACK! Reason: Unsupported hardware.
[W910 12:08:20.287399036 NNPACK.cpp:56] Could not initialize NNPACK! Reason: Unsupported hardware.
[W910 12:08:20.287964122 NNPACK.cpp:56] Could not initialize NNPACK! Reason: Unsupported hardware.
[W910 12:08:20.288530759 NNPACK.cpp:56] Could not initialize NNPACK! Reason: Unsupported hardware.
[W910 12:08:20.289102272 NNPACK.cpp:56] Could not initialize NNPACK! Reason: Unsupported hardware.
[W910 12:08:20.289929813 NNPACK.cpp:56] Could not initialize NNPACK! Reason: Unsupported hardware.
[W910 12:08:20.788939523 NNPACK.cpp:56] Could not initialize NNPACK! Reason: Unsupported hardware.
[W910 12:08:20.790181847 NNPACK.cpp:56] Could not initialize NNPACK! Reason: Unsupported hardware.
[W910 12:08:20.791136544 NNPACK.cpp:56] Could not initialize NNPACK! Reason: Unsupported hardware.
[W910 12:08:20.792097889 NNPACK.cpp:56] Could not initialize NNPACK! Reason: Unsupported hardware.
[W910 12:08:20.793099347 NNPACK.cpp:56] Could not initialize NNPACK! Reason: Unsupported hardware.
[W910 12:08:20.794097438 NNPACK.cpp:56] Could not initialize NNPACK! Reason: Unsupported hardware.
[W910 12:08:20.795098334 NNPACK.cpp:56] Could not initialize NNPACK! Reason: Unsupported hardware.
[W910 12:08:20.796416248 NNPACK.cpp:56] Could not initialize NNPACK! Reason: Unsupported hardware.
[W910 12:08:21.228862687 NNPACK.cpp:56] Could not initialize NNPACK! Reason: Unsupported hardware.
[W910 12:08:21.229514218 NNPACK.cpp:56] Could not initialize NNPACK! Reason: Unsupported hardware.
[W910 12:08:21.229995625 NNPACK.cpp:56] Could not initialize NNPACK! Reason: Unsupported hardware.
[W910 12:08:21.230477468 NNPACK.cpp:56] Could not initialize NNPACK! Reason: Unsupported hardware.
[W910 12:08:21.231027035 NNPACK.cpp:56] Could not initialize NNPACK! Reason: Unsupported hardware.
[W910 12:08:21.231583693 NNPACK.cpp:56] Could not initialize NNPACK! Reason: Unsupported hardware.
[W910 12:08:21.232131666 NNPACK.cpp:56] Could not initialize NNPACK! Reason: Unsupported hardware.
[W910 12:08:21.232949431 NNPACK.cpp:56] Could not initialize NNPACK! Reason: Unsupported hardware.
[W910 12:08:21.736417275 NNPACK.cpp:56] Could not initialize NNPACK! Reason: Unsupported hardware.
[W910 12:08:21.737641276 NNPACK.cpp:56] Could not initialize NNPACK! Reason: Unsupported hardware.
[W910 12:08:21.738602201 NNPACK.cpp:56] Could not initialize NNPACK! Reason: Unsupported hardware.
[W910 12:08:21.739553874 NNPACK.cpp:56] Could not initialize NNPACK! Reason: Unsupported hardware.
[W910 12:08:21.740619215 NNPACK.cpp:56] Could not initialize NNPACK! Reason: Unsupported hardware.
[W910 12:08:21.741659057 NNPACK.cpp:56] Could not initialize NNPACK! Reason: Unsupported hardware.
[W910 12:08:21.742666443 NNPACK.cpp:56] Could not initialize NNPACK! Reason: Unsupported hardware.
[W910 12:08:21.743992882 NNPACK.cpp:56] Could not initialize NNPACK! Reason: Unsupported hardware.
[W910 12:08:22.179623958 NNPACK.cpp:56] Could not initialize NNPACK! Reason: Unsupported hardware.
[W910 12:08:22.180359456 NNPACK.cpp:56] Could not initialize NNPACK! Reason: Unsupported hardware.
[W910 12:08:22.180853795 NNPACK.cpp:56] Could not initialize NNPACK! Reason: Unsupported hardware.
[W910 12:08:22.181343340 NNPACK.cpp:56] Could not initialize NNPACK! Reason: Unsupported hardware.
[W910 12:08:22.181898067 NNPACK.cpp:56] Could not initialize NNPACK! Reason: Unsupported hardware.
[W910 12:08:22.182451063 NNPACK.cpp:56] Could not initialize NNPACK! Reason: Unsupported hardware.
[W910 12:08:22.183008368 NNPACK.cpp:56] Could not initialize NNPACK! Reason: Unsupported hardware.
[W910 12:08:22.183879544 NNPACK.cpp:56] Could not initialize NNPACK! Reason: Unsupported hardware.
[W910 12:08:22.682596980 NNPACK.cpp:56] Could not initialize NNPACK! Reason: Unsupported hardware.
[W910 12:08:22.683816719 NNPACK.cpp:56] Could not initialize NNPACK! Reason: Unsupported hardware.
[W910 12:08:22.684775740 NNPACK.cpp:56] Could not initialize NNPACK! Reason: Unsupported hardware.
[W910 12:08:22.685731637 NNPACK.cpp:56] Could not initialize NNPACK! Reason: Unsupported hardware.
[W910 12:08:22.686771922 NNPACK.cpp:56] Could not initialize NNPACK! Reason: Unsupported hardware.
[W910 12:08:22.687819061 NNPACK.cpp:56] Could not initialize NNPACK! Reason: Unsupported hardware.
[W910 12:08:22.688902764 NNPACK.cpp:56] Could not initialize NNPACK! Reason: Unsupported hardware.
[W910 12:08:22.690277027 NNPACK.cpp:56] Could not initialize NNPACK! Reason: Unsupported hardware.
[W910 12:08:23.124105934 NNPACK.cpp:56] Could not initialize NNPACK! Reason: Unsupported hardware.
[W910 12:08:23.124779459 NNPACK.cpp:56] Could not initialize NNPACK! Reason: Unsupported hardware.
[W910 12:08:23.125289140 NNPACK.cpp:56] Could not initialize NNPACK! Reason: Unsupported hardware.
[W910 12:08:23.125779733 NNPACK.cpp:56] Could not initialize NNPACK! Reason: Unsupported hardware.
[W910 12:08:23.126346806 NNPACK.cpp:56] Could not initialize NNPACK! Reason: Unsupported hardware.
[W910 12:08:23.126892412 NNPACK.cpp:56] Could not initialize NNPACK! Reason: Unsupported hardware.
[W910 12:08:23.127455474 NNPACK.cpp:56] Could not initialize NNPACK! Reason: Unsupported hardware.
[W910 12:08:23.128406541 NNPACK.cpp:56] Could not initialize NNPACK! Reason: Unsupported hardware.
[W910 12:08:23.625740835 NNPACK.cpp:56] Could not initialize NNPACK! Reason: Unsupported hardware.
[W910 12:08:23.626951589 NNPACK.cpp:56] Could not initialize NNPACK! Reason: Unsupported hardware.
[W910 12:08:23.627901645 NNPACK.cpp:56] Could not initialize NNPACK! Reason: Unsupported hardware.
[W910 12:08:23.628803686 NNPACK.cpp:56] Could not initialize NNPACK! Reason: Unsupported hardware.
[W910 12:08:23.629808364 NNPACK.cpp:56] Could not initialize NNPACK! Reason: Unsupported hardware.
[W910 12:08:23.630810786 NNPACK.cpp:56] Could not initialize NNPACK! Reason: Unsupported hardware.
[W910 12:08:23.631826860 NNPACK.cpp:56] Could not initialize NNPACK! Reason: Unsupported hardware.
[W910 12:08:23.633212482 NNPACK.cpp:56] Could not initialize NNPACK! Reason: Unsupported hardware.
[W910 12:08:24.066723780 NNPACK.cpp:56] Could not initialize NNPACK! Reason: Unsupported hardware.
[W910 12:08:24.067408922 NNPACK.cpp:56] Could not initialize NNPACK! Reason: Unsupported hardware.
[W910 12:08:24.067892141 NNPACK.cpp:56] Could not initialize NNPACK! Reason: Unsupported hardware.
[W910 12:08:24.068378275 NNPACK.cpp:56] Could not initialize NNPACK! Reason: Unsupported hardware.
[W910 12:08:24.068924260 NNPACK.cpp:56] Could not initialize NNPACK! Reason: Unsupported hardware.
[W910 12:08:24.069470768 NNPACK.cpp:56] Could not initialize NNPACK! Reason: Unsupported hardware.
[W910 12:08:24.070028901 NNPACK.cpp:56] Could not initialize NNPACK! Reason: Unsupported hardware.
[W910 12:08:24.070879264 NNPACK.cpp:56] Could not initialize NNPACK! Reason: Unsupported hardware.
[W910 12:08:24.565054178 NNPACK.cpp:56] Could not initialize NNPACK! Reason: Unsupported hardware.
[W910 12:08:24.566304843 NNPACK.cpp:56] Could not initialize NNPACK! Reason: Unsupported hardware.
[W910 12:08:24.571055485 NNPACK.cpp:56] Could not initialize NNPACK! Reason: Unsupported hardware.
[W910 12:08:24.571954200 NNPACK.cpp:56] Could not initialize NNPACK! Reason: Unsupported hardware.
[W910 12:08:24.572974903 NNPACK.cpp:56] Could not initialize NNPACK! Reason: Unsupported hardware.
[W910 12:08:24.574023342 NNPACK.cpp:56] Could not initialize NNPACK! Reason: Unsupported hardware.
[W910 12:08:24.575035448 NNPACK.cpp:56] Could not initialize NNPACK! Reason: Unsupported hardware.
[W910 12:08:24.576402711 NNPACK.cpp:56] Could not initialize NNPACK! Reason: Unsupported hardware.
[W910 12:08:25.007761424 NNPACK.cpp:56] Could not initialize NNPACK! Reason: Unsupported hardware.
[W910 12:08:25.008495529 NNPACK.cpp:56] Could not initialize NNPACK! Reason: Unsupported hardware.
[W910 12:08:25.008979138 NNPACK.cpp:56] Could not initialize NNPACK! Reason: Unsupported hardware.
[W910 12:08:25.009460113 NNPACK.cpp:56] Could not initialize NNPACK! Reason: Unsupported hardware.
[W910 12:08:25.010017128 NNPACK.cpp:56] Could not initialize NNPACK! Reason: Unsupported hardware.
[W910 12:08:25.010559653 NNPACK.cpp:56] Could not initialize NNPACK! Reason: Unsupported hardware.
[W910 12:08:25.011109065 NNPACK.cpp:56] Could not initialize NNPACK! Reason: Unsupported hardware.
[W910 12:08:25.011960305 NNPACK.cpp:56] Could not initialize NNPACK! Reason: Unsupported hardware.
[W910 12:08:25.509680399 NNPACK.cpp:56] Could not initialize NNPACK! Reason: Unsupported hardware.
[W910 12:08:25.510903496 NNPACK.cpp:56] Could not initialize NNPACK! Reason: Unsupported hardware.
[W910 12:08:25.511990837 NNPACK.cpp:56] Could not initialize NNPACK! Reason: Unsupported hardware.
[W910 12:08:25.512907692 NNPACK.cpp:56] Could not initialize NNPACK! Reason: Unsupported hardware.
[W910 12:08:25.513915298 NNPACK.cpp:56] Could not initialize NNPACK! Reason: Unsupported hardware.
[W910 12:08:25.514919764 NNPACK.cpp:56] Could not initialize NNPACK! Reason: Unsupported hardware.
[W910 12:08:25.515925945 NNPACK.cpp:56] Could not initialize NNPACK! Reason: Unsupported hardware.
[W910 12:08:25.517262172 NNPACK.cpp:56] Could not initialize NNPACK! Reason: Unsupported hardware.
[W910 12:08:26.953319225 NNPACK.cpp:56] Could not initialize NNPACK! Reason: Unsupported hardware.
[W910 12:08:26.954058703 NNPACK.cpp:56] Could not initialize NNPACK! Reason: Unsupported hardware.
[W910 12:08:26.954548718 NNPACK.cpp:56] Could not initialize NNPACK! Reason: Unsupported hardware.
[W910 12:08:26.955035568 NNPACK.cpp:56] Could not initialize NNPACK! Reason: Unsupported hardware.
[W910 12:08:26.955588791 NNPACK.cpp:56] Could not initialize NNPACK! Reason: Unsupported hardware.
[W910 12:08:26.956142073 NNPACK.cpp:56] Could not initialize NNPACK! Reason: Unsupported hardware.
[W910 12:08:26.956692323 NNPACK.cpp:56] Could not initialize NNPACK! Reason: Unsupported hardware.
[W910 12:08:26.957628409 NNPACK.cpp:56] Could not initialize NNPACK! Reason: Unsupported hardware.
[W910 12:08:26.447418231 NNPACK.cpp:56] Could not initialize NNPACK! Reason: Unsupported hardware.
[W910 12:08:26.448623107 NNPACK.cpp:56] Could not initialize NNPACK! Reason: Unsupported hardware.
[W910 12:08:26.449570149 NNPACK.cpp:56] Could not initialize NNPACK! Reason: Unsupported hardware.
[W910 12:08:26.450509200 NNPACK.cpp:56] Could not initialize NNPACK! Reason: Unsupported hardware.
[W910 12:08:26.451541667 NNPACK.cpp:56] Could not initialize NNPACK! Reason: Unsupported hardware.
[W910 12:08:26.452570890 NNPACK.cpp:56] Could not initialize NNPACK! Reason: Unsupported hardware.
[W910 12:08:26.453567296 NNPACK.cpp:56] Could not initialize NNPACK! Reason: Unsupported hardware.
[W910 12:08:26.454879159 NNPACK.cpp:56] Could not initialize NNPACK! Reason: Unsupported hardware.
[W910 12:08:26.891595643 NNPACK.cpp:56] Could not initialize NNPACK! Reason: Unsupported hardware.
[W910 12:08:26.892341229 NNPACK.cpp:56] Could not initialize NNPACK! Reason: Unsupported hardware.
[W910 12:08:26.892839015 NNPACK.cpp:56] Could not initialize NNPACK! Reason: Unsupported hardware.
[W910 12:08:26.893339613 NNPACK.cpp:56] Could not initialize NNPACK! Reason: Unsupported hardware.
[W910 12:08:26.893904639 NNPACK.cpp:56] Could not initialize NNPACK! Reason: Unsupported hardware.
[W910 12:08:26.894465862 NNPACK.cpp:56] Could not initialize NNPACK! Reason: Unsupported hardware.
[W910 12:08:26.895034164 NNPACK.cpp:56] Could not initialize NNPACK! Reason: Unsupported hardware.
[W910 12:08:26.895919268 NNPACK.cpp:56] Could not initialize NNPACK! Reason: Unsupported hardware.
[W910 12:08:27.389447774 NNPACK.cpp:56] Could not initialize NNPACK! Reason: Unsupported hardware.
[W910 12:08:27.390676102 NNPACK.cpp:56] Could not initialize NNPACK! Reason: Unsupported hardware.
[W910 12:08:27.391637227 NNPACK.cpp:56] Could not initialize NNPACK! Reason: Unsupported hardware.
[W910 12:08:27.392596538 NNPACK.cpp:56] Could not initialize NNPACK! Reason: Unsupported hardware.
[W910 12:08:27.393621756 NNPACK.cpp:56] Could not initialize NNPACK! Reason: Unsupported hardware.
[W910 12:08:27.394626921 NNPACK.cpp:56] Could not initialize NNPACK! Reason: Unsupported hardware.
[W910 12:08:27.395633090 NNPACK.cpp:56] Could not initialize NNPACK! Reason: Unsupported hardware.
[W910 12:08:27.396959584 NNPACK.cpp:56] Could not initialize NNPACK! Reason: Unsupported hardware.
[W910 12:08:27.833642440 NNPACK.cpp:56] Could not initialize NNPACK! Reason: Unsupported hardware.
[W910 12:08:27.834388372 NNPACK.cpp:56] Could not initialize NNPACK! Reason: Unsupported hardware.
[W910 12:08:27.834877915 NNPACK.cpp:56] Could not initialize NNPACK! Reason: Unsupported hardware.
[W910 12:08:27.835369062 NNPACK.cpp:56] Could not initialize NNPACK! Reason: Unsupported hardware.
[W910 12:08:27.835922752 NNPACK.cpp:56] Could not initialize NNPACK! Reason: Unsupported hardware.
[W910 12:08:27.836476844 NNPACK.cpp:56] Could not initialize NNPACK! Reason: Unsupported hardware.
[W910 12:08:27.837052847 NNPACK.cpp:56] Could not initialize NNPACK! Reason: Unsupported hardware.
[W910 12:08:27.837922180 NNPACK.cpp:56] Could not initialize NNPACK! Reason: Unsupported hardware.
[W910 12:08:28.335403375 NNPACK.cpp:56] Could not initialize NNPACK! Reason: Unsupported hardware.
[W910 12:08:28.336619031 NNPACK.cpp:56] Could not initialize NNPACK! Reason: Unsupported hardware.
[W910 12:08:28.337581353 NNPACK.cpp:56] Could not initialize NNPACK! Reason: Unsupported hardware.
[W910 12:08:28.338531220 NNPACK.cpp:56] Could not initialize NNPACK! Reason: Unsupported hardware.
[W910 12:08:28.339570033 NNPACK.cpp:56] Could not initialize NNPACK! Reason: Unsupported hardware.
[W910 12:08:28.340658342 NNPACK.cpp:56] Could not initialize NNPACK! Reason: Unsupported hardware.
[W910 12:08:28.341691207 NNPACK.cpp:56] Could not initialize NNPACK! Reason: Unsupported hardware.
[W910 12:08:28.343140118 NNPACK.cpp:56] Could not initialize NNPACK! Reason: Unsupported hardware.
[W910 12:08:28.780587694 NNPACK.cpp:56] Could not initialize NNPACK! Reason: Unsupported hardware.
[W910 12:08:28.781350808 NNPACK.cpp:56] Could not initialize NNPACK! Reason: Unsupported hardware.
[W910 12:08:28.781838526 NNPACK.cpp:56] Could not initialize NNPACK! Reason: Unsupported hardware.
[W910 12:08:28.782326040 NNPACK.cpp:56] Could not initialize NNPACK! Reason: Unsupported hardware.
[W910 12:08:28.782879307 NNPACK.cpp:56] Could not initialize NNPACK! Reason: Unsupported hardware.
[W910 12:08:28.783432739 NNPACK.cpp:56] Could not initialize NNPACK! Reason: Unsupported hardware.
[W910 12:08:28.783982774 NNPACK.cpp:56] Could not initialize NNPACK! Reason: Unsupported hardware.
[W910 12:08:28.784855570 NNPACK.cpp:56] Could not initialize NNPACK! Reason: Unsupported hardware.
[W910 12:08:29.281069428 NNPACK.cpp:56] Could not initialize NNPACK! Reason: Unsupported hardware.
[W910 12:08:29.282287673 NNPACK.cpp:56] Could not initialize NNPACK! Reason: Unsupported hardware.
[W910 12:08:29.283246105 NNPACK.cpp:56] Could not initialize NNPACK! Reason: Unsupported hardware.
[W910 12:08:29.284200674 NNPACK.cpp:56] Could not initialize NNPACK! Reason: Unsupported hardware.
[W910 12:08:29.285278616 NNPACK.cpp:56] Could not initialize NNPACK! Reason: Unsupported hardware.
[W910 12:08:29.286286282 NNPACK.cpp:56] Could not initialize NNPACK! Reason: Unsupported hardware.
[W910 12:08:29.287292442 NNPACK.cpp:56] Could not initialize NNPACK! Reason: Unsupported hardware.
[W910 12:08:29.288623473 NNPACK.cpp:56] Could not initialize NNPACK! Reason: Unsupported hardware.
[W910 12:08:29.723383233 NNPACK.cpp:56] Could not initialize NNPACK! Reason: Unsupported hardware.
[W910 12:08:29.724165704 NNPACK.cpp:56] Could not initialize NNPACK! Reason: Unsupported hardware.
[W910 12:08:29.729093256 NNPACK.cpp:56] Could not initialize NNPACK! Reason: Unsupported hardware.
[W910 12:08:29.729603611 NNPACK.cpp:56] Could not initialize NNPACK! Reason: Unsupported hardware.
[W910 12:08:29.730165495 NNPACK.cpp:56] Could not initialize NNPACK! Reason: Unsupported hardware.
[W910 12:08:29.730731306 NNPACK.cpp:56] Could not initialize NNPACK! Reason: Unsupported hardware.
[W910 12:08:29.731301655 NNPACK.cpp:56] Could not initialize NNPACK! Reason: Unsupported hardware.
[W910 12:08:29.732205838 NNPACK.cpp:56] Could not initialize NNPACK! Reason: Unsupported hardware.
[W910 12:08:30.220996114 NNPACK.cpp:56] Could not initialize NNPACK! Reason: Unsupported hardware.
[W910 12:08:30.222223300 NNPACK.cpp:56] Could not initialize NNPACK! Reason: Unsupported hardware.
[W910 12:08:30.223187515 NNPACK.cpp:56] Could not initialize NNPACK! Reason: Unsupported hardware.
[W910 12:08:30.224138795 NNPACK.cpp:56] Could not initialize NNPACK! Reason: Unsupported hardware.
[W910 12:08:30.225224522 NNPACK.cpp:56] Could not initialize NNPACK! Reason: Unsupported hardware.
[W910 12:08:30.226226834 NNPACK.cpp:56] Could not initialize NNPACK! Reason: Unsupported hardware.
[W910 12:08:30.227233545 NNPACK.cpp:56] Could not initialize NNPACK! Reason: Unsupported hardware.
[W910 12:08:30.228563171 NNPACK.cpp:56] Could not initialize NNPACK! Reason: Unsupported hardware.
[W910 12:08:30.661824433 NNPACK.cpp:56] Could not initialize NNPACK! Reason: Unsupported hardware.
[W910 12:08:30.662459915 NNPACK.cpp:56] Could not initialize NNPACK! Reason: Unsupported hardware.
[W910 12:08:30.662945253 NNPACK.cpp:56] Could not initialize NNPACK! Reason: Unsupported hardware.
[W910 12:08:30.663434423 NNPACK.cpp:56] Could not initialize NNPACK! Reason: Unsupported hardware.
[W910 12:08:30.663983051 NNPACK.cpp:56] Could not initialize NNPACK! Reason: Unsupported hardware.
[W910 12:08:30.664534453 NNPACK.cpp:56] Could not initialize NNPACK! Reason: Unsupported hardware.
[W910 12:08:30.665088931 NNPACK.cpp:56] Could not initialize NNPACK! Reason: Unsupported hardware.
[W910 12:08:30.665889770 NNPACK.cpp:56] Could not initialize NNPACK! Reason: Unsupported hardware.
[W910 12:08:31.162987582 NNPACK.cpp:56] Could not initialize NNPACK! Reason: Unsupported hardware.
[W910 12:08:31.164204525 NNPACK.cpp:56] Could not initialize NNPACK! Reason: Unsupported hardware.
[W910 12:08:31.165158187 NNPACK.cpp:56] Could not initialize NNPACK! Reason: Unsupported hardware.
[W910 12:08:31.166102222 NNPACK.cpp:56] Could not initialize NNPACK! Reason: Unsupported hardware.
[W910 12:08:31.167164120 NNPACK.cpp:56] Could not initialize NNPACK! Reason: Unsupported hardware.
[W910 12:08:31.168162701 NNPACK.cpp:56] Could not initialize NNPACK! Reason: Unsupported hardware.
[W910 12:08:31.169158288 NNPACK.cpp:56] Could not initialize NNPACK! Reason: Unsupported hardware.
[W910 12:08:31.170477369 NNPACK.cpp:56] Could not initialize NNPACK! Reason: Unsupported hardware.
[W910 12:08:31.603476826 NNPACK.cpp:56] Could not initialize NNPACK! Reason: Unsupported hardware.
[W910 12:08:31.604101549 NNPACK.cpp:56] Could not initialize NNPACK! Reason: Unsupported hardware.
[W910 12:08:31.604585168 NNPACK.cpp:56] Could not initialize NNPACK! Reason: Unsupported hardware.
[W910 12:08:31.605064029 NNPACK.cpp:56] Could not initialize NNPACK! Reason: Unsupported hardware.
[W910 12:08:31.605605992 NNPACK.cpp:56] Could not initialize NNPACK! Reason: Unsupported hardware.
[W910 12:08:31.606151506 NNPACK.cpp:56] Could not initialize NNPACK! Reason: Unsupported hardware.
[W910 12:08:31.606726104 NNPACK.cpp:56] Could not initialize NNPACK! Reason: Unsupported hardware.
[W910 12:08:31.607528688 NNPACK.cpp:56] Could not initialize NNPACK! Reason: Unsupported hardware.
[W910 12:08:32.110836519 NNPACK.cpp:56] Could not initialize NNPACK! Reason: Unsupported hardware.
[W910 12:08:32.112069921 NNPACK.cpp:56] Could not initialize NNPACK! Reason: Unsupported hardware.
[W910 12:08:32.113019140 NNPACK.cpp:56] Could not initialize NNPACK! Reason: Unsupported hardware.
[W910 12:08:32.113946442 NNPACK.cpp:56] Could not initialize NNPACK! Reason: Unsupported hardware.
[W910 12:08:32.115013229 NNPACK.cpp:56] Could not initialize NNPACK! Reason: Unsupported hardware.
[W910 12:08:32.116038086 NNPACK.cpp:56] Could not initialize NNPACK! Reason: Unsupported hardware.
[W910 12:08:32.117044759 NNPACK.cpp:56] Could not initialize NNPACK! Reason: Unsupported hardware.
[W910 12:08:32.118377005 NNPACK.cpp:56] Could not initialize NNPACK! Reason: Unsupported hardware.
[W910 12:08:32.552846540 NNPACK.cpp:56] Could not initialize NNPACK! Reason: Unsupported hardware.
[W910 12:08:32.553613592 NNPACK.cpp:56] Could not initialize NNPACK! Reason: Unsupported hardware.
[W910 12:08:32.554115824 NNPACK.cpp:56] Could not initialize NNPACK! Reason: Unsupported hardware.
[W910 12:08:32.554598253 NNPACK.cpp:56] Could not initialize NNPACK! Reason: Unsupported hardware.
[W910 12:08:32.555178732 NNPACK.cpp:56] Could not initialize NNPACK! Reason: Unsupported hardware.
[W910 12:08:32.555728808 NNPACK.cpp:56] Could not initialize NNPACK! Reason: Unsupported hardware.
[W910 12:08:32.556284636 NNPACK.cpp:56] Could not initialize NNPACK! Reason: Unsupported hardware.
[W910 12:08:32.557186661 NNPACK.cpp:56] Could not initialize NNPACK! Reason: Unsupported hardware.
[W910 12:08:33.056906950 NNPACK.cpp:56] Could not initialize NNPACK! Reason: Unsupported hardware.
[W910 12:08:33.058177283 NNPACK.cpp:56] Could not initialize NNPACK! Reason: Unsupported hardware.
[W910 12:08:33.059142245 NNPACK.cpp:56] Could not initialize NNPACK! Reason: Unsupported hardware.
[W910 12:08:33.060041431 NNPACK.cpp:56] Could not initialize NNPACK! Reason: Unsupported hardware.
[W910 12:08:33.061049823 NNPACK.cpp:56] Could not initialize NNPACK! Reason: Unsupported hardware.
[W910 12:08:33.062059674 NNPACK.cpp:56] Could not initialize NNPACK! Reason: Unsupported hardware.
[W910 12:08:33.063067017 NNPACK.cpp:56] Could not initialize NNPACK! Reason: Unsupported hardware.
[W910 12:08:33.064401283 NNPACK.cpp:56] Could not initialize NNPACK! Reason: Unsupported hardware.
[W910 12:08:33.505438875 NNPACK.cpp:56] Could not initialize NNPACK! Reason: Unsupported hardware.
[W910 12:08:33.506177575 NNPACK.cpp:56] Could not initialize NNPACK! Reason: Unsupported hardware.
[W910 12:08:33.506704811 NNPACK.cpp:56] Could not initialize NNPACK! Reason: Unsupported hardware.
[W910 12:08:33.507198240 NNPACK.cpp:56] Could not initialize NNPACK! Reason: Unsupported hardware.
[W910 12:08:33.507768997 NNPACK.cpp:56] Could not initialize NNPACK! Reason: Unsupported hardware.
[W910 12:08:33.508323586 NNPACK.cpp:56] Could not initialize NNPACK! Reason: Unsupported hardware.
[W910 12:08:33.508873845 NNPACK.cpp:56] Could not initialize NNPACK! Reason: Unsupported hardware.
[W910 12:08:33.509772776 NNPACK.cpp:56] Could not initialize NNPACK! Reason: Unsupported hardware.
[W910 12:08:34.012395016 NNPACK.cpp:56] Could not initialize NNPACK! Reason: Unsupported hardware.
[W910 12:08:34.013850238 NNPACK.cpp:56] Could not initialize NNPACK! Reason: Unsupported hardware.
[W910 12:08:34.014790085 NNPACK.cpp:56] Could not initialize NNPACK! Reason: Unsupported hardware.
[W910 12:08:34.015718024 NNPACK.cpp:56] Could not initialize NNPACK! Reason: Unsupported hardware.
[W910 12:08:34.016786630 NNPACK.cpp:56] Could not initialize NNPACK! Reason: Unsupported hardware.
[W910 12:08:34.017837247 NNPACK.cpp:56] Could not initialize NNPACK! Reason: Unsupported hardware.
[W910 12:08:34.018855810 NNPACK.cpp:56] Could not initialize NNPACK! Reason: Unsupported hardware.
[W910 12:08:34.020203915 NNPACK.cpp:56] Could not initialize NNPACK! Reason: Unsupported hardware.
[W910 12:08:34.461912906 NNPACK.cpp:56] Could not initialize NNPACK! Reason: Unsupported hardware.
[W910 12:08:34.462678517 NNPACK.cpp:56] Could not initialize NNPACK! Reason: Unsupported hardware.
[W910 12:08:34.463195487 NNPACK.cpp:56] Could not initialize NNPACK! Reason: Unsupported hardware.
[W910 12:08:34.463681583 NNPACK.cpp:56] Could not initialize NNPACK! Reason: Unsupported hardware.
[W910 12:08:34.464338249 NNPACK.cpp:56] Could not initialize NNPACK! Reason: Unsupported hardware.
[W910 12:08:34.464913729 NNPACK.cpp:56] Could not initialize NNPACK! Reason: Unsupported hardware.
[W910 12:08:34.465495094 NNPACK.cpp:56] Could not initialize NNPACK! Reason: Unsupported hardware.
[W910 12:08:34.466400919 NNPACK.cpp:56] Could not initialize NNPACK! Reason: Unsupported hardware.
[W910 12:08:34.837452350 NNPACK.cpp:56] Could not initialize NNPACK! Reason: Unsupported hardware.
[W910 12:08:34.838121686 NNPACK.cpp:56] Could not initialize NNPACK! Reason: Unsupported hardware.
[W910 12:08:34.838525670 NNPACK.cpp:56] Could not initialize NNPACK! Reason: Unsupported hardware.
[W910 12:08:34.838921641 NNPACK.cpp:56] Could not initialize NNPACK! Reason: Unsupported hardware.
[W910 12:08:34.839375261 NNPACK.cpp:56] Could not initialize NNPACK! Reason: Unsupported hardware.
[W910 12:08:34.839822398 NNPACK.cpp:56] Could not initialize NNPACK! Reason: Unsupported hardware.
[W910 12:08:34.840289598 NNPACK.cpp:56] Could not initialize NNPACK! Reason: Unsupported hardware.
[W910 12:08:34.841079681 NNPACK.cpp:56] Could not initialize NNPACK! Reason: Unsupported hardware.
[W910 12:08:35.120362509 NNPACK.cpp:56] Could not initialize NNPACK! Reason: Unsupported hardware.
[W910 12:08:35.120791028 NNPACK.cpp:56] Could not initialize NNPACK! Reason: Unsupported hardware.
[W910 12:08:35.120976729 NNPACK.cpp:56] Could not initialize NNPACK! Reason: Unsupported hardware.
[W910 12:08:35.121168025 NNPACK.cpp:56] Could not initialize NNPACK! Reason: Unsupported hardware.
[W910 12:08:35.121369637 NNPACK.cpp:56] Could not initialize NNPACK! Reason: Unsupported hardware.
[W910 12:08:35.121562400 NNPACK.cpp:56] Could not initialize NNPACK! Reason: Unsupported hardware.
[W910 12:08:35.121752174 NNPACK.cpp:56] Could not initialize NNPACK! Reason: Unsupported hardware.
[W910 12:08:35.122281016 NNPACK.cpp:56] Could not initialize NNPACK! Reason: Unsupported hardware.
[W910 12:08:35.340108938 NNPACK.cpp:56] Could not initialize NNPACK! Reason: Unsupported hardware.
[W910 12:08:35.340815504 NNPACK.cpp:56] Could not initialize NNPACK! Reason: Unsupported hardware.
[W910 12:08:35.341281679 NNPACK.cpp:56] Could not initialize NNPACK! Reason: Unsupported hardware.
[W910 12:08:35.341715655 NNPACK.cpp:56] Could not initialize NNPACK! Reason: Unsupported hardware.
[W910 12:08:35.342220147 NNPACK.cpp:56] Could not initialize NNPACK! Reason: Unsupported hardware.
[W910 12:08:35.342726949 NNPACK.cpp:56] Could not initialize NNPACK! Reason: Unsupported hardware.
[W910 12:08:35.343284017 NNPACK.cpp:56] Could not initialize NNPACK! Reason: Unsupported hardware.
[W910 12:08:35.344118268 NNPACK.cpp:56] Could not initialize NNPACK! Reason: Unsupported hardware.
[W910 12:08:35.839732044 NNPACK.cpp:56] Could not initialize NNPACK! Reason: Unsupported hardware.
[W910 12:08:35.840979697 NNPACK.cpp:56] Could not initialize NNPACK! Reason: Unsupported hardware.
[W910 12:08:35.841946477 NNPACK.cpp:56] Could not initialize NNPACK! Reason: Unsupported hardware.
[W910 12:08:35.842908379 NNPACK.cpp:56] Could not initialize NNPACK! Reason: Unsupported hardware.
[W910 12:08:35.844026585 NNPACK.cpp:56] Could not initialize NNPACK! Reason: Unsupported hardware.
[W910 12:08:35.845150754 NNPACK.cpp:56] Could not initialize NNPACK! Reason: Unsupported hardware.
[W910 12:08:35.846215683 NNPACK.cpp:56] Could not initialize NNPACK! Reason: Unsupported hardware.
[W910 12:08:35.847663889 NNPACK.cpp:56] Could not initialize NNPACK! Reason: Unsupported hardware.
[W910 12:08:36.285414228 NNPACK.cpp:56] Could not initialize NNPACK! Reason: Unsupported hardware.
[W910 12:08:36.286164891 NNPACK.cpp:56] Could not initialize NNPACK! Reason: Unsupported hardware.
[W910 12:08:36.286655856 NNPACK.cpp:56] Could not initialize NNPACK! Reason: Unsupported hardware.
[W910 12:08:36.287173497 NNPACK.cpp:56] Could not initialize NNPACK! Reason: Unsupported hardware.
[W910 12:08:36.287727314 NNPACK.cpp:56] Could not initialize NNPACK! Reason: Unsupported hardware.
[W910 12:08:36.288300496 NNPACK.cpp:56] Could not initialize NNPACK! Reason: Unsupported hardware.
[W910 12:08:36.288849079 NNPACK.cpp:56] Could not initialize NNPACK! Reason: Unsupported hardware.
[W910 12:08:36.289772716 NNPACK.cpp:56] Could not initialize NNPACK! Reason: Unsupported hardware.
[W910 12:08:36.672265165 NNPACK.cpp:56] Could not initialize NNPACK! Reason: Unsupported hardware.
[W910 12:08:36.672999545 NNPACK.cpp:56] Could not initialize NNPACK! Reason: Unsupported hardware.
[W910 12:08:36.673476661 NNPACK.cpp:56] Could not initialize NNPACK! Reason: Unsupported hardware.
[W910 12:08:36.673925565 NNPACK.cpp:56] Could not initialize NNPACK! Reason: Unsupported hardware.
[W910 12:08:36.674441251 NNPACK.cpp:56] Could not initialize NNPACK! Reason: Unsupported hardware.
[W910 12:08:36.674945403 NNPACK.cpp:56] Could not initialize NNPACK! Reason: Unsupported hardware.
[W910 12:08:36.675455915 NNPACK.cpp:56] Could not initialize NNPACK! Reason: Unsupported hardware.
[W910 12:08:36.676330700 NNPACK.cpp:56] Could not initialize NNPACK! Reason: Unsupported hardware.
[W910 12:08:36.935136650 NNPACK.cpp:56] Could not initialize NNPACK! Reason: Unsupported hardware.
[W910 12:08:36.935523767 NNPACK.cpp:56] Could not initialize NNPACK! Reason: Unsupported hardware.
[W910 12:08:36.935665778 NNPACK.cpp:56] Could not initialize NNPACK! Reason: Unsupported hardware.
[W910 12:08:36.935801829 NNPACK.cpp:56] Could not initialize NNPACK! Reason: Unsupported hardware.
[W910 12:08:36.935944233 NNPACK.cpp:56] Could not initialize NNPACK! Reason: Unsupported hardware.
[W910 12:08:36.936094654 NNPACK.cpp:56] Could not initialize NNPACK! Reason: Unsupported hardware.
[W910 12:08:36.936229724 NNPACK.cpp:56] Could not initialize NNPACK! Reason: Unsupported hardware.
[W910 12:08:36.936689848 NNPACK.cpp:56] Could not initialize NNPACK! Reason: Unsupported hardware.
[W910 12:08:37.055241959 NNPACK.cpp:56] Could not initialize NNPACK! Reason: Unsupported hardware.
[W910 12:08:37.055660561 NNPACK.cpp:56] Could not initialize NNPACK! Reason: Unsupported hardware.
[W910 12:08:37.055829750 NNPACK.cpp:56] Could not initialize NNPACK! Reason: Unsupported hardware.
[W910 12:08:37.055995914 NNPACK.cpp:56] Could not initialize NNPACK! Reason: Unsupported hardware.
[W910 12:08:37.056181102 NNPACK.cpp:56] Could not initialize NNPACK! Reason: Unsupported hardware.
[W910 12:08:37.056357837 NNPACK.cpp:56] Could not initialize NNPACK! Reason: Unsupported hardware.
[W910 12:08:37.056513692 NNPACK.cpp:56] Could not initialize NNPACK! Reason: Unsupported hardware.
[W910 12:08:37.057053946 NNPACK.cpp:56] Could not initialize NNPACK! Reason: Unsupported hardware.
[W910 12:08:37.331940239 NNPACK.cpp:56] Could not initialize NNPACK! Reason: Unsupported hardware.
[W910 12:08:37.333156112 NNPACK.cpp:56] Could not initialize NNPACK! Reason: Unsupported hardware.
[W910 12:08:37.334104026 NNPACK.cpp:56] Could not initialize NNPACK! Reason: Unsupported hardware.
[W910 12:08:37.335047091 NNPACK.cpp:56] Could not initialize NNPACK! Reason: Unsupported hardware.
[W910 12:08:37.336047877 NNPACK.cpp:56] Could not initialize NNPACK! Reason: Unsupported hardware.
[W910 12:08:37.337046278 NNPACK.cpp:56] Could not initialize NNPACK! Reason: Unsupported hardware.
[W910 12:08:37.338048351 NNPACK.cpp:56] Could not initialize NNPACK! Reason: Unsupported hardware.
[W910 12:08:37.339385985 NNPACK.cpp:56] Could not initialize NNPACK! Reason: Unsupported hardware.
[W910 12:08:37.781762682 NNPACK.cpp:56] Could not initialize NNPACK! Reason: Unsupported hardware.
[W910 12:08:37.782230227 NNPACK.cpp:56] Could not initialize NNPACK! Reason: Unsupported hardware.
[W910 12:08:37.787159985 NNPACK.cpp:56] Could not initialize NNPACK! Reason: Unsupported hardware.
[W910 12:08:37.787386513 NNPACK.cpp:56] Could not initialize NNPACK! Reason: Unsupported hardware.
[W910 12:08:37.787608120 NNPACK.cpp:56] Could not initialize NNPACK! Reason: Unsupported hardware.
[W910 12:08:37.787823573 NNPACK.cpp:56] Could not initialize NNPACK! Reason: Unsupported hardware.
[W910 12:08:37.788047113 NNPACK.cpp:56] Could not initialize NNPACK! Reason: Unsupported hardware.
[W910 12:08:37.788597708 NNPACK.cpp:56] Could not initialize NNPACK! Reason: Unsupported hardware.
[W910 12:08:38.951786425 NNPACK.cpp:56] Could not initialize NNPACK! Reason: Unsupported hardware.
[W910 12:08:38.952227261 NNPACK.cpp:56] Could not initialize NNPACK! Reason: Unsupported hardware.
[W910 12:08:38.952419409 NNPACK.cpp:56] Could not initialize NNPACK! Reason: Unsupported hardware.
[W910 12:08:38.952603504 NNPACK.cpp:56] Could not initialize NNPACK! Reason: Unsupported hardware.
[W910 12:08:38.952802318 NNPACK.cpp:56] Could not initialize NNPACK! Reason: Unsupported hardware.
[W910 12:08:38.952994254 NNPACK.cpp:56] Could not initialize NNPACK! Reason: Unsupported hardware.
[W910 12:08:38.953194274 NNPACK.cpp:56] Could not initialize NNPACK! Reason: Unsupported hardware.
[W910 12:08:38.953728657 NNPACK.cpp:56] Could not initialize NNPACK! Reason: Unsupported hardware.
[W910 12:08:38.112491509 NNPACK.cpp:56] Could not initialize NNPACK! Reason: Unsupported hardware.
[W910 12:08:38.112927887 NNPACK.cpp:56] Could not initialize NNPACK! Reason: Unsupported hardware.
[W910 12:08:38.113120679 NNPACK.cpp:56] Could not initialize NNPACK! Reason: Unsupported hardware.
[W910 12:08:38.113303554 NNPACK.cpp:56] Could not initialize NNPACK! Reason: Unsupported hardware.
[W910 12:08:38.113497448 NNPACK.cpp:56] Could not initialize NNPACK! Reason: Unsupported hardware.
[W910 12:08:38.113685947 NNPACK.cpp:56] Could not initialize NNPACK! Reason: Unsupported hardware.
[W910 12:08:38.113871600 NNPACK.cpp:56] Could not initialize NNPACK! Reason: Unsupported hardware.
[W910 12:08:38.114397224 NNPACK.cpp:56] Could not initialize NNPACK! Reason: Unsupported hardware.
[W910 12:08:38.272482342 NNPACK.cpp:56] Could not initialize NNPACK! Reason: Unsupported hardware.
[W910 12:08:38.272928729 NNPACK.cpp:56] Could not initialize NNPACK! Reason: Unsupported hardware.
[W910 12:08:38.273132019 NNPACK.cpp:56] Could not initialize NNPACK! Reason: Unsupported hardware.
[W910 12:08:38.273314690 NNPACK.cpp:56] Could not initialize NNPACK! Reason: Unsupported hardware.
[W910 12:08:38.273508713 NNPACK.cpp:56] Could not initialize NNPACK! Reason: Unsupported hardware.
[W910 12:08:38.273696462 NNPACK.cpp:56] Could not initialize NNPACK! Reason: Unsupported hardware.
[W910 12:08:38.273882202 NNPACK.cpp:56] Could not initialize NNPACK! Reason: Unsupported hardware.
[W910 12:08:38.274413813 NNPACK.cpp:56] Could not initialize NNPACK! Reason: Unsupported hardware.
[W910 12:08:38.419303448 NNPACK.cpp:56] Could not initialize NNPACK! Reason: Unsupported hardware.
[W910 12:08:38.419686892 NNPACK.cpp:56] Could not initialize NNPACK! Reason: Unsupported hardware.
[W910 12:08:38.419826853 NNPACK.cpp:56] Could not initialize NNPACK! Reason: Unsupported hardware.
[W910 12:08:38.419962032 NNPACK.cpp:56] Could not initialize NNPACK! Reason: Unsupported hardware.
[W910 12:08:38.420112285 NNPACK.cpp:56] Could not initialize NNPACK! Reason: Unsupported hardware.
[W910 12:08:38.420253866 NNPACK.cpp:56] Could not initialize NNPACK! Reason: Unsupported hardware.
[W910 12:08:38.420389225 NNPACK.cpp:56] Could not initialize NNPACK! Reason: Unsupported hardware.
[W910 12:08:38.420869406 NNPACK.cpp:56] Could not initialize NNPACK! Reason: Unsupported hardware.
[W910 12:08:38.915714562 NNPACK.cpp:56] Could not initialize NNPACK! Reason: Unsupported hardware.
[W910 12:08:38.917023147 NNPACK.cpp:56] Could not initialize NNPACK! Reason: Unsupported hardware.
[W910 12:08:38.917961250 NNPACK.cpp:56] Could not initialize NNPACK! Reason: Unsupported hardware.
[W910 12:08:38.918893580 NNPACK.cpp:56] Could not initialize NNPACK! Reason: Unsupported hardware.
[W910 12:08:38.919942566 NNPACK.cpp:56] Could not initialize NNPACK! Reason: Unsupported hardware.
[W910 12:08:38.921014903 NNPACK.cpp:56] Could not initialize NNPACK! Reason: Unsupported hardware.
[W910 12:08:38.922037338 NNPACK.cpp:56] Could not initialize NNPACK! Reason: Unsupported hardware.
[W910 12:08:38.923386532 NNPACK.cpp:56] Could not initialize NNPACK! Reason: Unsupported hardware.
[W910 12:08:39.366411494 NNPACK.cpp:56] Could not initialize NNPACK! Reason: Unsupported hardware.
[W910 12:08:39.367144312 NNPACK.cpp:56] Could not initialize NNPACK! Reason: Unsupported hardware.
[W910 12:08:39.367644946 NNPACK.cpp:56] Could not initialize NNPACK! Reason: Unsupported hardware.
[W910 12:08:39.368134000 NNPACK.cpp:56] Could not initialize NNPACK! Reason: Unsupported hardware.
[W910 12:08:39.368715083 NNPACK.cpp:56] Could not initialize NNPACK! Reason: Unsupported hardware.
[W910 12:08:39.369264943 NNPACK.cpp:56] Could not initialize NNPACK! Reason: Unsupported hardware.
[W910 12:08:39.369808974 NNPACK.cpp:56] Could not initialize NNPACK! Reason: Unsupported hardware.
[W910 12:08:39.370676626 NNPACK.cpp:56] Could not initialize NNPACK! Reason: Unsupported hardware.
[W910 12:08:39.875823181 NNPACK.cpp:56] Could not initialize NNPACK! Reason: Unsupported hardware.
[W910 12:08:39.877329984 NNPACK.cpp:56] Could not initialize NNPACK! Reason: Unsupported hardware.
[W910 12:08:39.878578130 NNPACK.cpp:56] Could not initialize NNPACK! Reason: Unsupported hardware.
[W910 12:08:39.879528043 NNPACK.cpp:56] Could not initialize NNPACK! Reason: Unsupported hardware.
[W910 12:08:39.880598883 NNPACK.cpp:56] Could not initialize NNPACK! Reason: Unsupported hardware.
[W910 12:08:39.881660516 NNPACK.cpp:56] Could not initialize NNPACK! Reason: Unsupported hardware.
[W910 12:08:39.882729363 NNPACK.cpp:56] Could not initialize NNPACK! Reason: Unsupported hardware.
[W910 12:08:39.884131057 NNPACK.cpp:56] Could not initialize NNPACK! Reason: Unsupported hardware.
[W910 12:08:40.325725193 NNPACK.cpp:56] Could not initialize NNPACK! Reason: Unsupported hardware.
[W910 12:08:40.326463377 NNPACK.cpp:56] Could not initialize NNPACK! Reason: Unsupported hardware.
[W910 12:08:40.326949970 NNPACK.cpp:56] Could not initialize NNPACK! Reason: Unsupported hardware.
[W910 12:08:40.327438813 NNPACK.cpp:56] Could not initialize NNPACK! Reason: Unsupported hardware.
[W910 12:08:40.327987447 NNPACK.cpp:56] Could not initialize NNPACK! Reason: Unsupported hardware.
[W910 12:08:40.328606997 NNPACK.cpp:56] Could not initialize NNPACK! Reason: Unsupported hardware.
[W910 12:08:40.329282111 NNPACK.cpp:56] Could not initialize NNPACK! Reason: Unsupported hardware.
[W910 12:08:40.330400771 NNPACK.cpp:56] Could not initialize NNPACK! Reason: Unsupported hardware.
[W910 12:08:40.826443155 NNPACK.cpp:56] Could not initialize NNPACK! Reason: Unsupported hardware.
[W910 12:08:40.827670688 NNPACK.cpp:56] Could not initialize NNPACK! Reason: Unsupported hardware.
[W910 12:08:40.828617969 NNPACK.cpp:56] Could not initialize NNPACK! Reason: Unsupported hardware.
[W910 12:08:40.829527460 NNPACK.cpp:56] Could not initialize NNPACK! Reason: Unsupported hardware.
[W910 12:08:40.830559942 NNPACK.cpp:56] Could not initialize NNPACK! Reason: Unsupported hardware.
[W910 12:08:40.831572016 NNPACK.cpp:56] Could not initialize NNPACK! Reason: Unsupported hardware.
[W910 12:08:40.832573041 NNPACK.cpp:56] Could not initialize NNPACK! Reason: Unsupported hardware.
[W910 12:08:40.833918649 NNPACK.cpp:56] Could not initialize NNPACK! Reason: Unsupported hardware.
[W910 12:08:41.278411557 NNPACK.cpp:56] Could not initialize NNPACK! Reason: Unsupported hardware.
[W910 12:08:41.279135966 NNPACK.cpp:56] Could not initialize NNPACK! Reason: Unsupported hardware.
[W910 12:08:41.279622054 NNPACK.cpp:56] Could not initialize NNPACK! Reason: Unsupported hardware.
[W910 12:08:41.280111086 NNPACK.cpp:56] Could not initialize NNPACK! Reason: Unsupported hardware.
[W910 12:08:41.280659369 NNPACK.cpp:56] Could not initialize NNPACK! Reason: Unsupported hardware.
[W910 12:08:41.281206897 NNPACK.cpp:56] Could not initialize NNPACK! Reason: Unsupported hardware.
[W910 12:08:41.281749784 NNPACK.cpp:56] Could not initialize NNPACK! Reason: Unsupported hardware.
[W910 12:08:41.282620075 NNPACK.cpp:56] Could not initialize NNPACK! Reason: Unsupported hardware.
[W910 12:08:41.789344379 NNPACK.cpp:56] Could not initialize NNPACK! Reason: Unsupported hardware.
[W910 12:08:41.790743193 NNPACK.cpp:56] Could not initialize NNPACK! Reason: Unsupported hardware.
[W910 12:08:41.791693873 NNPACK.cpp:56] Could not initialize NNPACK! Reason: Unsupported hardware.
[W910 12:08:41.792637160 NNPACK.cpp:56] Could not initialize NNPACK! Reason: Unsupported hardware.
[W910 12:08:41.793669591 NNPACK.cpp:56] Could not initialize NNPACK! Reason: Unsupported hardware.
[W910 12:08:41.794668588 NNPACK.cpp:56] Could not initialize NNPACK! Reason: Unsupported hardware.
[W910 12:08:41.795716839 NNPACK.cpp:56] Could not initialize NNPACK! Reason: Unsupported hardware.
[W910 12:08:41.797067131 NNPACK.cpp:56] Could not initialize NNPACK! Reason: Unsupported hardware.
[W910 12:08:42.242073392 NNPACK.cpp:56] Could not initialize NNPACK! Reason: Unsupported hardware.
[W910 12:08:42.242796305 NNPACK.cpp:56] Could not initialize NNPACK! Reason: Unsupported hardware.
[W910 12:08:42.243305816 NNPACK.cpp:56] Could not initialize NNPACK! Reason: Unsupported hardware.
[W910 12:08:42.243786617 NNPACK.cpp:56] Could not initialize NNPACK! Reason: Unsupported hardware.
[W910 12:08:42.244339697 NNPACK.cpp:56] Could not initialize NNPACK! Reason: Unsupported hardware.
[W910 12:08:42.244903232 NNPACK.cpp:56] Could not initialize NNPACK! Reason: Unsupported hardware.
[W910 12:08:42.245455471 NNPACK.cpp:56] Could not initialize NNPACK! Reason: Unsupported hardware.
[W910 12:08:42.246458325 NNPACK.cpp:56] Could not initialize NNPACK! Reason: Unsupported hardware.
[W910 12:08:42.748542808 NNPACK.cpp:56] Could not initialize NNPACK! Reason: Unsupported hardware.
[W910 12:08:42.749761662 NNPACK.cpp:56] Could not initialize NNPACK! Reason: Unsupported hardware.
[W910 12:08:42.750709149 NNPACK.cpp:56] Could not initialize NNPACK! Reason: Unsupported hardware.
[W910 12:08:42.751624674 NNPACK.cpp:56] Could not initialize NNPACK! Reason: Unsupported hardware.
[W910 12:08:42.752640544 NNPACK.cpp:56] Could not initialize NNPACK! Reason: Unsupported hardware.
[W910 12:08:42.753635697 NNPACK.cpp:56] Could not initialize NNPACK! Reason: Unsupported hardware.
[W910 12:08:42.754634825 NNPACK.cpp:56] Could not initialize NNPACK! Reason: Unsupported hardware.
[W910 12:08:42.755987962 NNPACK.cpp:56] Could not initialize NNPACK! Reason: Unsupported hardware.
[W910 12:08:43.195007354 NNPACK.cpp:56] Could not initialize NNPACK! Reason: Unsupported hardware.
[W910 12:08:43.195730539 NNPACK.cpp:56] Could not initialize NNPACK! Reason: Unsupported hardware.
[W910 12:08:43.196224394 NNPACK.cpp:56] Could not initialize NNPACK! Reason: Unsupported hardware.
[W910 12:08:43.196843323 NNPACK.cpp:56] Could not initialize NNPACK! Reason: Unsupported hardware.
[W910 12:08:43.197503404 NNPACK.cpp:56] Could not initialize NNPACK! Reason: Unsupported hardware.
[W910 12:08:43.198085750 NNPACK.cpp:56] Could not initialize NNPACK! Reason: Unsupported hardware.
[W910 12:08:43.198662025 NNPACK.cpp:56] Could not initialize NNPACK! Reason: Unsupported hardware.
[W910 12:08:43.199610848 NNPACK.cpp:56] Could not initialize NNPACK! Reason: Unsupported hardware.
[W910 12:08:43.699667404 NNPACK.cpp:56] Could not initialize NNPACK! Reason: Unsupported hardware.
[W910 12:08:43.700898085 NNPACK.cpp:56] Could not initialize NNPACK! Reason: Unsupported hardware.
[W910 12:08:43.701916856 NNPACK.cpp:56] Could not initialize NNPACK! Reason: Unsupported hardware.
[W910 12:08:43.702844580 NNPACK.cpp:56] Could not initialize NNPACK! Reason: Unsupported hardware.
[W910 12:08:43.703923951 NNPACK.cpp:56] Could not initialize NNPACK! Reason: Unsupported hardware.
[W910 12:08:43.705025904 NNPACK.cpp:56] Could not initialize NNPACK! Reason: Unsupported hardware.
[W910 12:08:43.706143862 NNPACK.cpp:56] Could not initialize NNPACK! Reason: Unsupported hardware.
[W910 12:08:43.708250413 NNPACK.cpp:56] Could not initialize NNPACK! Reason: Unsupported hardware.
[W910 12:08:44.145998295 NNPACK.cpp:56] Could not initialize NNPACK! Reason: Unsupported hardware.
[W910 12:08:44.146731114 NNPACK.cpp:56] Could not initialize NNPACK! Reason: Unsupported hardware.
[W910 12:08:44.147228020 NNPACK.cpp:56] Could not initialize NNPACK! Reason: Unsupported hardware.
[W910 12:08:44.147712019 NNPACK.cpp:56] Could not initialize NNPACK! Reason: Unsupported hardware.
[W910 12:08:44.148271842 NNPACK.cpp:56] Could not initialize NNPACK! Reason: Unsupported hardware.
[W910 12:08:44.148821053 NNPACK.cpp:56] Could not initialize NNPACK! Reason: Unsupported hardware.
[W910 12:08:44.149380757 NNPACK.cpp:56] Could not initialize NNPACK! Reason: Unsupported hardware.
[W910 12:08:44.150256059 NNPACK.cpp:56] Could not initialize NNPACK! Reason: Unsupported hardware.
[W910 12:08:44.649377511 NNPACK.cpp:56] Could not initialize NNPACK! Reason: Unsupported hardware.
[W910 12:08:44.650591484 NNPACK.cpp:56] Could not initialize NNPACK! Reason: Unsupported hardware.
[W910 12:08:44.651553160 NNPACK.cpp:56] Could not initialize NNPACK! Reason: Unsupported hardware.
[W910 12:08:44.652498228 NNPACK.cpp:56] Could not initialize NNPACK! Reason: Unsupported hardware.
[W910 12:08:44.653572389 NNPACK.cpp:56] Could not initialize NNPACK! Reason: Unsupported hardware.
[W910 12:08:44.654569181 NNPACK.cpp:56] Could not initialize NNPACK! Reason: Unsupported hardware.
[W910 12:08:44.655587116 NNPACK.cpp:56] Could not initialize NNPACK! Reason: Unsupported hardware.
[W910 12:08:44.656954017 NNPACK.cpp:56] Could not initialize NNPACK! Reason: Unsupported hardware.
[W910 12:08:45.092265955 NNPACK.cpp:56] Could not initialize NNPACK! Reason: Unsupported hardware.
[W910 12:08:45.093020211 NNPACK.cpp:56] Could not initialize NNPACK! Reason: Unsupported hardware.
[W910 12:08:45.093503220 NNPACK.cpp:56] Could not initialize NNPACK! Reason: Unsupported hardware.
[W910 12:08:45.093981476 NNPACK.cpp:56] Could not initialize NNPACK! Reason: Unsupported hardware.
[W910 12:08:45.094533401 NNPACK.cpp:56] Could not initialize NNPACK! Reason: Unsupported hardware.
[W910 12:08:45.095119912 NNPACK.cpp:56] Could not initialize NNPACK! Reason: Unsupported hardware.
[W910 12:08:45.095664915 NNPACK.cpp:56] Could not initialize NNPACK! Reason: Unsupported hardware.
[W910 12:08:45.096543184 NNPACK.cpp:56] Could not initialize NNPACK! Reason: Unsupported hardware.
[W910 12:08:45.599178924 NNPACK.cpp:56] Could not initialize NNPACK! Reason: Unsupported hardware.
[W910 12:08:45.600402300 NNPACK.cpp:56] Could not initialize NNPACK! Reason: Unsupported hardware.
[W910 12:08:45.601360455 NNPACK.cpp:56] Could not initialize NNPACK! Reason: Unsupported hardware.
[W910 12:08:45.602344251 NNPACK.cpp:56] Could not initialize NNPACK! Reason: Unsupported hardware.
[W910 12:08:45.603428448 NNPACK.cpp:56] Could not initialize NNPACK! Reason: Unsupported hardware.
[W910 12:08:45.604441129 NNPACK.cpp:56] Could not initialize NNPACK! Reason: Unsupported hardware.
[W910 12:08:45.605460572 NNPACK.cpp:56] Could not initialize NNPACK! Reason: Unsupported hardware.
[W910 12:08:45.606840706 NNPACK.cpp:56] Could not initialize NNPACK! Reason: Unsupported hardware.
[W910 12:08:46.044248945 NNPACK.cpp:56] Could not initialize NNPACK! Reason: Unsupported hardware.
[W910 12:08:46.044975808 NNPACK.cpp:56] Could not initialize NNPACK! Reason: Unsupported hardware.
[W910 12:08:46.045465437 NNPACK.cpp:56] Could not initialize NNPACK! Reason: Unsupported hardware.
[W910 12:08:46.045947427 NNPACK.cpp:56] Could not initialize NNPACK! Reason: Unsupported hardware.
[W910 12:08:46.046504170 NNPACK.cpp:56] Could not initialize NNPACK! Reason: Unsupported hardware.
[W910 12:08:46.047059367 NNPACK.cpp:56] Could not initialize NNPACK! Reason: Unsupported hardware.
[W910 12:08:46.047610400 NNPACK.cpp:56] Could not initialize NNPACK! Reason: Unsupported hardware.
[W910 12:08:46.048484931 NNPACK.cpp:56] Could not initialize NNPACK! Reason: Unsupported hardware.
[W910 12:08:46.550762254 NNPACK.cpp:56] Could not initialize NNPACK! Reason: Unsupported hardware.
[W910 12:08:46.551953698 NNPACK.cpp:56] Could not initialize NNPACK! Reason: Unsupported hardware.
[W910 12:08:46.552824493 NNPACK.cpp:56] Could not initialize NNPACK! Reason: Unsupported hardware.
[W910 12:08:46.553696183 NNPACK.cpp:56] Could not initialize NNPACK! Reason: Unsupported hardware.
[W910 12:08:46.554752616 NNPACK.cpp:56] Could not initialize NNPACK! Reason: Unsupported hardware.
[W910 12:08:46.555772959 NNPACK.cpp:56] Could not initialize NNPACK! Reason: Unsupported hardware.
[W910 12:08:46.556773231 NNPACK.cpp:56] Could not initialize NNPACK! Reason: Unsupported hardware.
[W910 12:08:46.558099103 NNPACK.cpp:56] Could not initialize NNPACK! Reason: Unsupported hardware.
[W910 12:08:47.993960292 NNPACK.cpp:56] Could not initialize NNPACK! Reason: Unsupported hardware.
[W910 12:08:47.994688538 NNPACK.cpp:56] Could not initialize NNPACK! Reason: Unsupported hardware.
[W910 12:08:47.995187272 NNPACK.cpp:56] Could not initialize NNPACK! Reason: Unsupported hardware.
[W910 12:08:47.995666029 NNPACK.cpp:56] Could not initialize NNPACK! Reason: Unsupported hardware.
[W910 12:08:47.996219640 NNPACK.cpp:56] Could not initialize NNPACK! Reason: Unsupported hardware.
[W910 12:08:47.996764170 NNPACK.cpp:56] Could not initialize NNPACK! Reason: Unsupported hardware.
[W910 12:08:47.997315818 NNPACK.cpp:56] Could not initialize NNPACK! Reason: Unsupported hardware.
[W910 12:08:47.998367930 NNPACK.cpp:56] Could not initialize NNPACK! Reason: Unsupported hardware.
[W910 12:08:47.501831786 NNPACK.cpp:56] Could not initialize NNPACK! Reason: Unsupported hardware.
[W910 12:08:47.503053404 NNPACK.cpp:56] Could not initialize NNPACK! Reason: Unsupported hardware.
[W910 12:08:47.503994537 NNPACK.cpp:56] Could not initialize NNPACK! Reason: Unsupported hardware.
[W910 12:08:47.504908538 NNPACK.cpp:56] Could not initialize NNPACK! Reason: Unsupported hardware.
[W910 12:08:47.505964969 NNPACK.cpp:56] Could not initialize NNPACK! Reason: Unsupported hardware.
[W910 12:08:47.506976087 NNPACK.cpp:56] Could not initialize NNPACK! Reason: Unsupported hardware.
[W910 12:08:47.508032926 NNPACK.cpp:56] Could not initialize NNPACK! Reason: Unsupported hardware.
[W910 12:08:47.509463628 NNPACK.cpp:56] Could not initialize NNPACK! Reason: Unsupported hardware.
[W910 12:08:48.943984038 NNPACK.cpp:56] Could not initialize NNPACK! Reason: Unsupported hardware.
[W910 12:08:48.944714006 NNPACK.cpp:56] Could not initialize NNPACK! Reason: Unsupported hardware.
[W910 12:08:48.945208774 NNPACK.cpp:56] Could not initialize NNPACK! Reason: Unsupported hardware.
[W910 12:08:48.945688437 NNPACK.cpp:56] Could not initialize NNPACK! Reason: Unsupported hardware.
[W910 12:08:48.946243481 NNPACK.cpp:56] Could not initialize NNPACK! Reason: Unsupported hardware.
[W910 12:08:48.946785637 NNPACK.cpp:56] Could not initialize NNPACK! Reason: Unsupported hardware.
[W910 12:08:48.947354982 NNPACK.cpp:56] Could not initialize NNPACK! Reason: Unsupported hardware.
[W910 12:08:48.948222783 NNPACK.cpp:56] Could not initialize NNPACK! Reason: Unsupported hardware.
[W910 12:08:48.450100131 NNPACK.cpp:56] Could not initialize NNPACK! Reason: Unsupported hardware.
[W910 12:08:48.451346485 NNPACK.cpp:56] Could not initialize NNPACK! Reason: Unsupported hardware.
[W910 12:08:48.456165768 NNPACK.cpp:56] Could not initialize NNPACK! Reason: Unsupported hardware.
[W910 12:08:48.457108931 NNPACK.cpp:56] Could not initialize NNPACK! Reason: Unsupported hardware.
[W910 12:08:48.458181607 NNPACK.cpp:56] Could not initialize NNPACK! Reason: Unsupported hardware.
[W910 12:08:48.459235665 NNPACK.cpp:56] Could not initialize NNPACK! Reason: Unsupported hardware.
[W910 12:08:48.460285639 NNPACK.cpp:56] Could not initialize NNPACK! Reason: Unsupported hardware.
[W910 12:08:48.461705361 NNPACK.cpp:56] Could not initialize NNPACK! Reason: Unsupported hardware.
[W910 12:08:48.890561791 NNPACK.cpp:56] Could not initialize NNPACK! Reason: Unsupported hardware.
[W910 12:08:48.891321259 NNPACK.cpp:56] Could not initialize NNPACK! Reason: Unsupported hardware.
[W910 12:08:48.891811487 NNPACK.cpp:56] Could not initialize NNPACK! Reason: Unsupported hardware.
[W910 12:08:48.892301727 NNPACK.cpp:56] Could not initialize NNPACK! Reason: Unsupported hardware.
[W910 12:08:48.892854027 NNPACK.cpp:56] Could not initialize NNPACK! Reason: Unsupported hardware.
[W910 12:08:48.893431473 NNPACK.cpp:56] Could not initialize NNPACK! Reason: Unsupported hardware.
[W910 12:08:48.893979439 NNPACK.cpp:56] Could not initialize NNPACK! Reason: Unsupported hardware.
[W910 12:08:48.894890745 NNPACK.cpp:56] Could not initialize NNPACK! Reason: Unsupported hardware.
[W910 12:08:49.395371170 NNPACK.cpp:56] Could not initialize NNPACK! Reason: Unsupported hardware.
[W910 12:08:49.396587852 NNPACK.cpp:56] Could not initialize NNPACK! Reason: Unsupported hardware.
[W910 12:08:49.397540414 NNPACK.cpp:56] Could not initialize NNPACK! Reason: Unsupported hardware.
[W910 12:08:49.398453905 NNPACK.cpp:56] Could not initialize NNPACK! Reason: Unsupported hardware.
[W910 12:08:49.399450848 NNPACK.cpp:56] Could not initialize NNPACK! Reason: Unsupported hardware.
[W910 12:08:49.400456711 NNPACK.cpp:56] Could not initialize NNPACK! Reason: Unsupported hardware.
[W910 12:08:49.401484241 NNPACK.cpp:56] Could not initialize NNPACK! Reason: Unsupported hardware.
[W910 12:08:49.402805125 NNPACK.cpp:56] Could not initialize NNPACK! Reason: Unsupported hardware.
[W910 12:08:49.837102223 NNPACK.cpp:56] Could not initialize NNPACK! Reason: Unsupported hardware.
[W910 12:08:49.837826076 NNPACK.cpp:56] Could not initialize NNPACK! Reason: Unsupported hardware.
[W910 12:08:49.838316515 NNPACK.cpp:56] Could not initialize NNPACK! Reason: Unsupported hardware.
[W910 12:08:49.838814460 NNPACK.cpp:56] Could not initialize NNPACK! Reason: Unsupported hardware.
[W910 12:08:49.839368607 NNPACK.cpp:56] Could not initialize NNPACK! Reason: Unsupported hardware.
[W910 12:08:49.839936657 NNPACK.cpp:56] Could not initialize NNPACK! Reason: Unsupported hardware.
[W910 12:08:49.840487451 NNPACK.cpp:56] Could not initialize NNPACK! Reason: Unsupported hardware.
[W910 12:08:49.841354427 NNPACK.cpp:56] Could not initialize NNPACK! Reason: Unsupported hardware.
[W910 12:08:50.339466278 NNPACK.cpp:56] Could not initialize NNPACK! Reason: Unsupported hardware.
[W910 12:08:50.340691224 NNPACK.cpp:56] Could not initialize NNPACK! Reason: Unsupported hardware.
[W910 12:08:50.341654007 NNPACK.cpp:56] Could not initialize NNPACK! Reason: Unsupported hardware.
[W910 12:08:50.342577428 NNPACK.cpp:56] Could not initialize NNPACK! Reason: Unsupported hardware.
[W910 12:08:50.343584811 NNPACK.cpp:56] Could not initialize NNPACK! Reason: Unsupported hardware.
[W910 12:08:50.344589721 NNPACK.cpp:56] Could not initialize NNPACK! Reason: Unsupported hardware.
[W910 12:08:50.345593521 NNPACK.cpp:56] Could not initialize NNPACK! Reason: Unsupported hardware.
[W910 12:08:50.346971603 NNPACK.cpp:56] Could not initialize NNPACK! Reason: Unsupported hardware.
[W910 12:08:50.781578084 NNPACK.cpp:56] Could not initialize NNPACK! Reason: Unsupported hardware.
[W910 12:08:50.782316893 NNPACK.cpp:56] Could not initialize NNPACK! Reason: Unsupported hardware.
[W910 12:08:50.782805758 NNPACK.cpp:56] Could not initialize NNPACK! Reason: Unsupported hardware.
[W910 12:08:50.783299789 NNPACK.cpp:56] Could not initialize NNPACK! Reason: Unsupported hardware.
[W910 12:08:50.783847970 NNPACK.cpp:56] Could not initialize NNPACK! Reason: Unsupported hardware.
[W910 12:08:50.784403896 NNPACK.cpp:56] Could not initialize NNPACK! Reason: Unsupported hardware.
[W910 12:08:50.784952488 NNPACK.cpp:56] Could not initialize NNPACK! Reason: Unsupported hardware.
[W910 12:08:50.785822161 NNPACK.cpp:56] Could not initialize NNPACK! Reason: Unsupported hardware.
[W910 12:08:51.282488530 NNPACK.cpp:56] Could not initialize NNPACK! Reason: Unsupported hardware.
[W910 12:08:51.283705499 NNPACK.cpp:56] Could not initialize NNPACK! Reason: Unsupported hardware.
[W910 12:08:51.284654808 NNPACK.cpp:56] Could not initialize NNPACK! Reason: Unsupported hardware.
[W910 12:08:51.285574738 NNPACK.cpp:56] Could not initialize NNPACK! Reason: Unsupported hardware.
[W910 12:08:51.286615784 NNPACK.cpp:56] Could not initialize NNPACK! Reason: Unsupported hardware.
[W910 12:08:51.287660545 NNPACK.cpp:56] Could not initialize NNPACK! Reason: Unsupported hardware.
[W910 12:08:51.288672978 NNPACK.cpp:56] Could not initialize NNPACK! Reason: Unsupported hardware.
[W910 12:08:51.289990121 NNPACK.cpp:56] Could not initialize NNPACK! Reason: Unsupported hardware.
[W910 12:08:51.724668911 NNPACK.cpp:56] Could not initialize NNPACK! Reason: Unsupported hardware.
[W910 12:08:51.725438152 NNPACK.cpp:56] Could not initialize NNPACK! Reason: Unsupported hardware.
[W910 12:08:51.725921441 NNPACK.cpp:56] Could not initialize NNPACK! Reason: Unsupported hardware.
[W910 12:08:51.726410462 NNPACK.cpp:56] Could not initialize NNPACK! Reason: Unsupported hardware.
[W910 12:08:51.726958428 NNPACK.cpp:56] Could not initialize NNPACK! Reason: Unsupported hardware.
[W910 12:08:51.727506098 NNPACK.cpp:56] Could not initialize NNPACK! Reason: Unsupported hardware.
[W910 12:08:51.728073346 NNPACK.cpp:56] Could not initialize NNPACK! Reason: Unsupported hardware.
[W910 12:08:51.728931857 NNPACK.cpp:56] Could not initialize NNPACK! Reason: Unsupported hardware.
[W910 12:08:52.221360267 NNPACK.cpp:56] Could not initialize NNPACK! Reason: Unsupported hardware.
[W910 12:08:52.222597127 NNPACK.cpp:56] Could not initialize NNPACK! Reason: Unsupported hardware.
[W910 12:08:52.223554314 NNPACK.cpp:56] Could not initialize NNPACK! Reason: Unsupported hardware.
[W910 12:08:52.224504237 NNPACK.cpp:56] Could not initialize NNPACK! Reason: Unsupported hardware.
[W910 12:08:52.225539733 NNPACK.cpp:56] Could not initialize NNPACK! Reason: Unsupported hardware.
[W910 12:08:52.226569296 NNPACK.cpp:56] Could not initialize NNPACK! Reason: Unsupported hardware.
[W910 12:08:52.227575811 NNPACK.cpp:56] Could not initialize NNPACK! Reason: Unsupported hardware.
[W910 12:08:52.228906342 NNPACK.cpp:56] Could not initialize NNPACK! Reason: Unsupported hardware.
[W910 12:08:52.659978881 NNPACK.cpp:56] Could not initialize NNPACK! Reason: Unsupported hardware.
[W910 12:08:52.660606709 NNPACK.cpp:56] Could not initialize NNPACK! Reason: Unsupported hardware.
[W910 12:08:52.661103018 NNPACK.cpp:56] Could not initialize NNPACK! Reason: Unsupported hardware.
[W910 12:08:52.661585144 NNPACK.cpp:56] Could not initialize NNPACK! Reason: Unsupported hardware.
[W910 12:08:52.662139113 NNPACK.cpp:56] Could not initialize NNPACK! Reason: Unsupported hardware.
[W910 12:08:52.662685463 NNPACK.cpp:56] Could not initialize NNPACK! Reason: Unsupported hardware.
[W910 12:08:52.663239040 NNPACK.cpp:56] Could not initialize NNPACK! Reason: Unsupported hardware.
[W910 12:08:52.664072803 NNPACK.cpp:56] Could not initialize NNPACK! Reason: Unsupported hardware.
[W910 12:08:53.158698806 NNPACK.cpp:56] Could not initialize NNPACK! Reason: Unsupported hardware.
[W910 12:08:53.159909756 NNPACK.cpp:56] Could not initialize NNPACK! Reason: Unsupported hardware.
[W910 12:08:53.160858960 NNPACK.cpp:56] Could not initialize NNPACK! Reason: Unsupported hardware.
[W910 12:08:53.161799883 NNPACK.cpp:56] Could not initialize NNPACK! Reason: Unsupported hardware.
[W910 12:08:53.162853709 NNPACK.cpp:56] Could not initialize NNPACK! Reason: Unsupported hardware.
[W910 12:08:53.163848751 NNPACK.cpp:56] Could not initialize NNPACK! Reason: Unsupported hardware.
[W910 12:08:53.164864506 NNPACK.cpp:56] Could not initialize NNPACK! Reason: Unsupported hardware.
[W910 12:08:53.166188410 NNPACK.cpp:56] Could not initialize NNPACK! Reason: Unsupported hardware.
[W910 12:08:53.603908380 NNPACK.cpp:56] Could not initialize NNPACK! Reason: Unsupported hardware.
[W910 12:08:53.604690495 NNPACK.cpp:56] Could not initialize NNPACK! Reason: Unsupported hardware.
[W910 12:08:53.605235447 NNPACK.cpp:56] Could not initialize NNPACK! Reason: Unsupported hardware.
[W910 12:08:53.605741611 NNPACK.cpp:56] Could not initialize NNPACK! Reason: Unsupported hardware.
[W910 12:08:53.606325989 NNPACK.cpp:56] Could not initialize NNPACK! Reason: Unsupported hardware.
[W910 12:08:53.606882838 NNPACK.cpp:56] Could not initialize NNPACK! Reason: Unsupported hardware.
[W910 12:08:53.607470544 NNPACK.cpp:56] Could not initialize NNPACK! Reason: Unsupported hardware.
[W910 12:08:53.608385019 NNPACK.cpp:56] Could not initialize NNPACK! Reason: Unsupported hardware.
[W910 12:08:54.105795118 NNPACK.cpp:56] Could not initialize NNPACK! Reason: Unsupported hardware.
[W910 12:08:54.107013587 NNPACK.cpp:56] Could not initialize NNPACK! Reason: Unsupported hardware.
[W910 12:08:54.107952347 NNPACK.cpp:56] Could not initialize NNPACK! Reason: Unsupported hardware.
[W910 12:08:54.108889545 NNPACK.cpp:56] Could not initialize NNPACK! Reason: Unsupported hardware.
[W910 12:08:54.109950204 NNPACK.cpp:56] Could not initialize NNPACK! Reason: Unsupported hardware.
[W910 12:08:54.110965479 NNPACK.cpp:56] Could not initialize NNPACK! Reason: Unsupported hardware.
[W910 12:08:54.111961559 NNPACK.cpp:56] Could not initialize NNPACK! Reason: Unsupported hardware.
[W910 12:08:54.113286936 NNPACK.cpp:56] Could not initialize NNPACK! Reason: Unsupported hardware.
[W910 12:08:54.550190029 NNPACK.cpp:56] Could not initialize NNPACK! Reason: Unsupported hardware.
[W910 12:08:54.550917089 NNPACK.cpp:56] Could not initialize NNPACK! Reason: Unsupported hardware.
[W910 12:08:54.551405302 NNPACK.cpp:56] Could not initialize NNPACK! Reason: Unsupported hardware.
[W910 12:08:54.551883773 NNPACK.cpp:56] Could not initialize NNPACK! Reason: Unsupported hardware.
[W910 12:08:54.552435187 NNPACK.cpp:56] Could not initialize NNPACK! Reason: Unsupported hardware.
[W910 12:08:54.552976501 NNPACK.cpp:56] Could not initialize NNPACK! Reason: Unsupported hardware.
[W910 12:08:54.553524557 NNPACK.cpp:56] Could not initialize NNPACK! Reason: Unsupported hardware.
[W910 12:08:54.554392890 NNPACK.cpp:56] Could not initialize NNPACK! Reason: Unsupported hardware.
[W910 12:08:55.046113200 NNPACK.cpp:56] Could not initialize NNPACK! Reason: Unsupported hardware.
[W910 12:08:55.047339731 NNPACK.cpp:56] Could not initialize NNPACK! Reason: Unsupported hardware.
[W910 12:08:55.048303724 NNPACK.cpp:56] Could not initialize NNPACK! Reason: Unsupported hardware.
[W910 12:08:55.049221351 NNPACK.cpp:56] Could not initialize NNPACK! Reason: Unsupported hardware.
[W910 12:08:55.050233324 NNPACK.cpp:56] Could not initialize NNPACK! Reason: Unsupported hardware.
[W910 12:08:55.051240604 NNPACK.cpp:56] Could not initialize NNPACK! Reason: Unsupported hardware.
[W910 12:08:55.052251870 NNPACK.cpp:56] Could not initialize NNPACK! Reason: Unsupported hardware.
[W910 12:08:55.053586947 NNPACK.cpp:56] Could not initialize NNPACK! Reason: Unsupported hardware.
[W910 12:08:55.489871804 NNPACK.cpp:56] Could not initialize NNPACK! Reason: Unsupported hardware.
[W910 12:08:55.490569044 NNPACK.cpp:56] Could not initialize NNPACK! Reason: Unsupported hardware.
[W910 12:08:55.491075508 NNPACK.cpp:56] Could not initialize NNPACK! Reason: Unsupported hardware.
[W910 12:08:55.491558806 NNPACK.cpp:56] Could not initialize NNPACK! Reason: Unsupported hardware.
[W910 12:08:55.492116379 NNPACK.cpp:56] Could not initialize NNPACK! Reason: Unsupported hardware.
[W910 12:08:55.492664265 NNPACK.cpp:56] Could not initialize NNPACK! Reason: Unsupported hardware.
[W910 12:08:55.493218796 NNPACK.cpp:56] Could not initialize NNPACK! Reason: Unsupported hardware.
[W910 12:08:55.494077022 NNPACK.cpp:56] Could not initialize NNPACK! Reason: Unsupported hardware.
[W910 12:08:56.998679239 NNPACK.cpp:56] Could not initialize NNPACK! Reason: Unsupported hardware.
[W910 12:08:56.999980525 NNPACK.cpp:56] Could not initialize NNPACK! Reason: Unsupported hardware.
[W910 12:08:56.000933488 NNPACK.cpp:56] Could not initialize NNPACK! Reason: Unsupported hardware.
[W910 12:08:56.001898002 NNPACK.cpp:56] Could not initialize NNPACK! Reason: Unsupported hardware.
[W910 12:08:56.003016318 NNPACK.cpp:56] Could not initialize NNPACK! Reason: Unsupported hardware.
[W910 12:08:56.004121769 NNPACK.cpp:56] Could not initialize NNPACK! Reason: Unsupported hardware.
[W910 12:08:56.005258635 NNPACK.cpp:56] Could not initialize NNPACK! Reason: Unsupported hardware.
[W910 12:08:56.006610644 NNPACK.cpp:56] Could not initialize NNPACK! Reason: Unsupported hardware.
[W910 12:08:56.443039336 NNPACK.cpp:56] Could not initialize NNPACK! Reason: Unsupported hardware.
[W910 12:08:56.443800919 NNPACK.cpp:56] Could not initialize NNPACK! Reason: Unsupported hardware.
[W910 12:08:56.444291059 NNPACK.cpp:56] Could not initialize NNPACK! Reason: Unsupported hardware.
[W910 12:08:56.444770001 NNPACK.cpp:56] Could not initialize NNPACK! Reason: Unsupported hardware.
[W910 12:08:56.445322779 NNPACK.cpp:56] Could not initialize NNPACK! Reason: Unsupported hardware.
[W910 12:08:56.445865162 NNPACK.cpp:56] Could not initialize NNPACK! Reason: Unsupported hardware.
[W910 12:08:56.446450633 NNPACK.cpp:56] Could not initialize NNPACK! Reason: Unsupported hardware.
[W910 12:08:56.447316738 NNPACK.cpp:56] Could not initialize NNPACK! Reason: Unsupported hardware.
[W910 12:08:57.945784921 NNPACK.cpp:56] Could not initialize NNPACK! Reason: Unsupported hardware.
[W910 12:08:57.947018582 NNPACK.cpp:56] Could not initialize NNPACK! Reason: Unsupported hardware.
[W910 12:08:57.947972099 NNPACK.cpp:56] Could not initialize NNPACK! Reason: Unsupported hardware.
[W910 12:08:57.948922580 NNPACK.cpp:56] Could not initialize NNPACK! Reason: Unsupported hardware.
[W910 12:08:57.949943541 NNPACK.cpp:56] Could not initialize NNPACK! Reason: Unsupported hardware.
[W910 12:08:57.950948864 NNPACK.cpp:56] Could not initialize NNPACK! Reason: Unsupported hardware.
[W910 12:08:57.951972514 NNPACK.cpp:56] Could not initialize NNPACK! Reason: Unsupported hardware.
[W910 12:08:57.953381035 NNPACK.cpp:56] Could not initialize NNPACK! Reason: Unsupported hardware.
[W910 12:08:57.389043252 NNPACK.cpp:56] Could not initialize NNPACK! Reason: Unsupported hardware.
[W910 12:08:57.389749749 NNPACK.cpp:56] Could not initialize NNPACK! Reason: Unsupported hardware.
[W910 12:08:57.390264888 NNPACK.cpp:56] Could not initialize NNPACK! Reason: Unsupported hardware.
[W910 12:08:57.390763996 NNPACK.cpp:56] Could not initialize NNPACK! Reason: Unsupported hardware.
[W910 12:08:57.391338462 NNPACK.cpp:56] Could not initialize NNPACK! Reason: Unsupported hardware.
[W910 12:08:57.391904305 NNPACK.cpp:56] Could not initialize NNPACK! Reason: Unsupported hardware.
[W910 12:08:57.392474731 NNPACK.cpp:56] Could not initialize NNPACK! Reason: Unsupported hardware.
[W910 12:08:57.393343010 NNPACK.cpp:56] Could not initialize NNPACK! Reason: Unsupported hardware.
[W910 12:08:57.888688416 NNPACK.cpp:56] Could not initialize NNPACK! Reason: Unsupported hardware.
[W910 12:08:57.890422206 NNPACK.cpp:56] Could not initialize NNPACK! Reason: Unsupported hardware.
[W910 12:08:57.891432266 NNPACK.cpp:56] Could not initialize NNPACK! Reason: Unsupported hardware.
[W910 12:08:57.892388682 NNPACK.cpp:56] Could not initialize NNPACK! Reason: Unsupported hardware.
[W910 12:08:57.893471586 NNPACK.cpp:56] Could not initialize NNPACK! Reason: Unsupported hardware.
[W910 12:08:57.894537846 NNPACK.cpp:56] Could not initialize NNPACK! Reason: Unsupported hardware.
[W910 12:08:57.895585638 NNPACK.cpp:56] Could not initialize NNPACK! Reason: Unsupported hardware.
[W910 12:08:57.896927020 NNPACK.cpp:56] Could not initialize NNPACK! Reason: Unsupported hardware.
[W910 12:08:58.333174225 NNPACK.cpp:56] Could not initialize NNPACK! Reason: Unsupported hardware.
[W910 12:08:58.333894366 NNPACK.cpp:56] Could not initialize NNPACK! Reason: Unsupported hardware.
[W910 12:08:58.334388474 NNPACK.cpp:56] Could not initialize NNPACK! Reason: Unsupported hardware.
[W910 12:08:58.334872006 NNPACK.cpp:56] Could not initialize NNPACK! Reason: Unsupported hardware.
[W910 12:08:58.335430060 NNPACK.cpp:56] Could not initialize NNPACK! Reason: Unsupported hardware.
[W910 12:08:58.335977884 NNPACK.cpp:56] Could not initialize NNPACK! Reason: Unsupported hardware.
[W910 12:08:58.336530234 NNPACK.cpp:56] Could not initialize NNPACK! Reason: Unsupported hardware.
[W910 12:08:58.337408953 NNPACK.cpp:56] Could not initialize NNPACK! Reason: Unsupported hardware.
[W910 12:08:58.837229097 NNPACK.cpp:56] Could not initialize NNPACK! Reason: Unsupported hardware.
[W910 12:08:58.838499795 NNPACK.cpp:56] Could not initialize NNPACK! Reason: Unsupported hardware.
[W910 12:08:58.843310463 NNPACK.cpp:56] Could not initialize NNPACK! Reason: Unsupported hardware.
[W910 12:08:58.844219809 NNPACK.cpp:56] Could not initialize NNPACK! Reason: Unsupported hardware.
[W910 12:08:58.845261513 NNPACK.cpp:56] Could not initialize NNPACK! Reason: Unsupported hardware.
[W910 12:08:58.846291298 NNPACK.cpp:56] Could not initialize NNPACK! Reason: Unsupported hardware.
[W910 12:08:58.847333899 NNPACK.cpp:56] Could not initialize NNPACK! Reason: Unsupported hardware.
[W910 12:08:58.848680891 NNPACK.cpp:56] Could not initialize NNPACK! Reason: Unsupported hardware.
[W910 12:08:59.279442411 NNPACK.cpp:56] Could not initialize NNPACK! Reason: Unsupported hardware.
[W910 12:08:59.280142391 NNPACK.cpp:56] Could not initialize NNPACK! Reason: Unsupported hardware.
[W910 12:08:59.280632093 NNPACK.cpp:56] Could not initialize NNPACK! Reason: Unsupported hardware.
[W910 12:08:59.281123893 NNPACK.cpp:56] Could not initialize NNPACK! Reason: Unsupported hardware.
[W910 12:08:59.281678499 NNPACK.cpp:56] Could not initialize NNPACK! Reason: Unsupported hardware.
[W910 12:08:59.282235325 NNPACK.cpp:56] Could not initialize NNPACK! Reason: Unsupported hardware.
[W910 12:08:59.282784522 NNPACK.cpp:56] Could not initialize NNPACK! Reason: Unsupported hardware.
[W910 12:08:59.283641542 NNPACK.cpp:56] Could not initialize NNPACK! Reason: Unsupported hardware.
[W910 12:08:59.780990062 NNPACK.cpp:56] Could not initialize NNPACK! Reason: Unsupported hardware.
[W910 12:08:59.782220551 NNPACK.cpp:56] Could not initialize NNPACK! Reason: Unsupported hardware.
[W910 12:08:59.783182944 NNPACK.cpp:56] Could not initialize NNPACK! Reason: Unsupported hardware.
[W910 12:08:59.784120239 NNPACK.cpp:56] Could not initialize NNPACK! Reason: Unsupported hardware.
[W910 12:08:59.785189241 NNPACK.cpp:56] Could not initialize NNPACK! Reason: Unsupported hardware.
[W910 12:08:59.786212498 NNPACK.cpp:56] Could not initialize NNPACK! Reason: Unsupported hardware.
[W910 12:08:59.787224776 NNPACK.cpp:56] Could not initialize NNPACK! Reason: Unsupported hardware.
[W910 12:08:59.788637260 NNPACK.cpp:56] Could not initialize NNPACK! Reason: Unsupported hardware.
[W910 12:09:00.225210759 NNPACK.cpp:56] Could not initialize NNPACK! Reason: Unsupported hardware.
[W910 12:09:00.225934690 NNPACK.cpp:56] Could not initialize NNPACK! Reason: Unsupported hardware.
[W910 12:09:00.226427078 NNPACK.cpp:56] Could not initialize NNPACK! Reason: Unsupported hardware.
[W910 12:09:00.226916340 NNPACK.cpp:56] Could not initialize NNPACK! Reason: Unsupported hardware.
[W910 12:09:00.227490857 NNPACK.cpp:56] Could not initialize NNPACK! Reason: Unsupported hardware.
[W910 12:09:00.228042453 NNPACK.cpp:56] Could not initialize NNPACK! Reason: Unsupported hardware.
[W910 12:09:00.228593286 NNPACK.cpp:56] Could not initialize NNPACK! Reason: Unsupported hardware.
[W910 12:09:00.229467915 NNPACK.cpp:56] Could not initialize NNPACK! Reason: Unsupported hardware.
[W910 12:09:00.726243806 NNPACK.cpp:56] Could not initialize NNPACK! Reason: Unsupported hardware.
[W910 12:09:00.727446946 NNPACK.cpp:56] Could not initialize NNPACK! Reason: Unsupported hardware.
[W910 12:09:00.728329024 NNPACK.cpp:56] Could not initialize NNPACK! Reason: Unsupported hardware.
[W910 12:09:00.729206917 NNPACK.cpp:56] Could not initialize NNPACK! Reason: Unsupported hardware.
[W910 12:09:00.730235606 NNPACK.cpp:56] Could not initialize NNPACK! Reason: Unsupported hardware.
[W910 12:09:00.731248580 NNPACK.cpp:56] Could not initialize NNPACK! Reason: Unsupported hardware.
[W910 12:09:00.732260892 NNPACK.cpp:56] Could not initialize NNPACK! Reason: Unsupported hardware.
[W910 12:09:00.733594039 NNPACK.cpp:56] Could not initialize NNPACK! Reason: Unsupported hardware.
[W910 12:09:01.167089301 NNPACK.cpp:56] Could not initialize NNPACK! Reason: Unsupported hardware.
[W910 12:09:01.167755979 NNPACK.cpp:56] Could not initialize NNPACK! Reason: Unsupported hardware.
[W910 12:09:01.168262839 NNPACK.cpp:56] Could not initialize NNPACK! Reason: Unsupported hardware.
[W910 12:09:01.168750340 NNPACK.cpp:56] Could not initialize NNPACK! Reason: Unsupported hardware.
[W910 12:09:01.169304221 NNPACK.cpp:56] Could not initialize NNPACK! Reason: Unsupported hardware.
[W910 12:09:01.169847695 NNPACK.cpp:56] Could not initialize NNPACK! Reason: Unsupported hardware.
[W910 12:09:01.170402576 NNPACK.cpp:56] Could not initialize NNPACK! Reason: Unsupported hardware.
[W910 12:09:01.171277666 NNPACK.cpp:56] Could not initialize NNPACK! Reason: Unsupported hardware.
[W910 12:09:01.668606021 NNPACK.cpp:56] Could not initialize NNPACK! Reason: Unsupported hardware.
[W910 12:09:01.670198625 NNPACK.cpp:56] Could not initialize NNPACK! Reason: Unsupported hardware.
[W910 12:09:01.671413930 NNPACK.cpp:56] Could not initialize NNPACK! Reason: Unsupported hardware.
[W910 12:09:01.672633121 NNPACK.cpp:56] Could not initialize NNPACK! Reason: Unsupported hardware.
[W910 12:09:01.674075492 NNPACK.cpp:56] Could not initialize NNPACK! Reason: Unsupported hardware.
[W910 12:09:01.675425971 NNPACK.cpp:56] Could not initialize NNPACK! Reason: Unsupported hardware.
[W910 12:09:01.676875735 NNPACK.cpp:56] Could not initialize NNPACK! Reason: Unsupported hardware.
[W910 12:09:01.678660079 NNPACK.cpp:56] Could not initialize NNPACK! Reason: Unsupported hardware.
[W910 12:09:02.108247616 NNPACK.cpp:56] Could not initialize NNPACK! Reason: Unsupported hardware.
[W910 12:09:02.108966237 NNPACK.cpp:56] Could not initialize NNPACK! Reason: Unsupported hardware.
[W910 12:09:02.109454282 NNPACK.cpp:56] Could not initialize NNPACK! Reason: Unsupported hardware.
[W910 12:09:02.109933085 NNPACK.cpp:56] Could not initialize NNPACK! Reason: Unsupported hardware.
[W910 12:09:02.110486707 NNPACK.cpp:56] Could not initialize NNPACK! Reason: Unsupported hardware.
[W910 12:09:02.111112277 NNPACK.cpp:56] Could not initialize NNPACK! Reason: Unsupported hardware.
[W910 12:09:02.111686162 NNPACK.cpp:56] Could not initialize NNPACK! Reason: Unsupported hardware.
[W910 12:09:02.112550484 NNPACK.cpp:56] Could not initialize NNPACK! Reason: Unsupported hardware.
[W910 12:09:02.610704032 NNPACK.cpp:56] Could not initialize NNPACK! Reason: Unsupported hardware.
[W910 12:09:02.611931404 NNPACK.cpp:56] Could not initialize NNPACK! Reason: Unsupported hardware.
[W910 12:09:02.612902883 NNPACK.cpp:56] Could not initialize NNPACK! Reason: Unsupported hardware.
[W910 12:09:02.613850009 NNPACK.cpp:56] Could not initialize NNPACK! Reason: Unsupported hardware.
[W910 12:09:02.614859696 NNPACK.cpp:56] Could not initialize NNPACK! Reason: Unsupported hardware.
[W910 12:09:02.615864990 NNPACK.cpp:56] Could not initialize NNPACK! Reason: Unsupported hardware.
[W910 12:09:02.616889573 NNPACK.cpp:56] Could not initialize NNPACK! Reason: Unsupported hardware.
[W910 12:09:02.618230883 NNPACK.cpp:56] Could not initialize NNPACK! Reason: Unsupported hardware.
[W910 12:09:03.050024769 NNPACK.cpp:56] Could not initialize NNPACK! Reason: Unsupported hardware.
[W910 12:09:03.050756909 NNPACK.cpp:56] Could not initialize NNPACK! Reason: Unsupported hardware.
[W910 12:09:03.051251523 NNPACK.cpp:56] Could not initialize NNPACK! Reason: Unsupported hardware.
[W910 12:09:03.051736106 NNPACK.cpp:56] Could not initialize NNPACK! Reason: Unsupported hardware.
[W910 12:09:03.052293642 NNPACK.cpp:56] Could not initialize NNPACK! Reason: Unsupported hardware.
[W910 12:09:03.052842981 NNPACK.cpp:56] Could not initialize NNPACK! Reason: Unsupported hardware.
[W910 12:09:03.053398127 NNPACK.cpp:56] Could not initialize NNPACK! Reason: Unsupported hardware.
[W910 12:09:03.054293660 NNPACK.cpp:56] Could not initialize NNPACK! Reason: Unsupported hardware.
[W910 12:09:03.552714970 NNPACK.cpp:56] Could not initialize NNPACK! Reason: Unsupported hardware.
[W910 12:09:03.553926379 NNPACK.cpp:56] Could not initialize NNPACK! Reason: Unsupported hardware.
[W910 12:09:03.554874307 NNPACK.cpp:56] Could not initialize NNPACK! Reason: Unsupported hardware.
[W910 12:09:03.555822727 NNPACK.cpp:56] Could not initialize NNPACK! Reason: Unsupported hardware.
[W910 12:09:03.556817415 NNPACK.cpp:56] Could not initialize NNPACK! Reason: Unsupported hardware.
[W910 12:09:03.557813412 NNPACK.cpp:56] Could not initialize NNPACK! Reason: Unsupported hardware.
[W910 12:09:03.558808346 NNPACK.cpp:56] Could not initialize NNPACK! Reason: Unsupported hardware.
[W910 12:09:03.560129041 NNPACK.cpp:56] Could not initialize NNPACK! Reason: Unsupported hardware.
[W910 12:09:04.994904735 NNPACK.cpp:56] Could not initialize NNPACK! Reason: Unsupported hardware.
[W910 12:09:04.995637256 NNPACK.cpp:56] Could not initialize NNPACK! Reason: Unsupported hardware.
[W910 12:09:04.996132375 NNPACK.cpp:56] Could not initialize NNPACK! Reason: Unsupported hardware.
[W910 12:09:04.996612780 NNPACK.cpp:56] Could not initialize NNPACK! Reason: Unsupported hardware.
[W910 12:09:04.997164529 NNPACK.cpp:56] Could not initialize NNPACK! Reason: Unsupported hardware.
[W910 12:09:04.997706078 NNPACK.cpp:56] Could not initialize NNPACK! Reason: Unsupported hardware.
[W910 12:09:04.998255801 NNPACK.cpp:56] Could not initialize NNPACK! Reason: Unsupported hardware.
[W910 12:09:04.999139075 NNPACK.cpp:56] Could not initialize NNPACK! Reason: Unsupported hardware.
[W910 12:09:04.494583600 NNPACK.cpp:56] Could not initialize NNPACK! Reason: Unsupported hardware.
[W910 12:09:04.495792426 NNPACK.cpp:56] Could not initialize NNPACK! Reason: Unsupported hardware.
[W910 12:09:04.496742315 NNPACK.cpp:56] Could not initialize NNPACK! Reason: Unsupported hardware.
[W910 12:09:04.497680391 NNPACK.cpp:56] Could not initialize NNPACK! Reason: Unsupported hardware.
[W910 12:09:04.498765553 NNPACK.cpp:56] Could not initialize NNPACK! Reason: Unsupported hardware.
[W910 12:09:04.499880441 NNPACK.cpp:56] Could not initialize NNPACK! Reason: Unsupported hardware.
[W910 12:09:04.500997622 NNPACK.cpp:56] Could not initialize NNPACK! Reason: Unsupported hardware.
[W910 12:09:04.502394324 NNPACK.cpp:56] Could not initialize NNPACK! Reason: Unsupported hardware.
[W910 12:09:04.935358956 NNPACK.cpp:56] Could not initialize NNPACK! Reason: Unsupported hardware.
[W910 12:09:04.936120856 NNPACK.cpp:56] Could not initialize NNPACK! Reason: Unsupported hardware.
[W910 12:09:04.936630424 NNPACK.cpp:56] Could not initialize NNPACK! Reason: Unsupported hardware.
[W910 12:09:04.937175090 NNPACK.cpp:56] Could not initialize NNPACK! Reason: Unsupported hardware.
[W910 12:09:04.937744066 NNPACK.cpp:56] Could not initialize NNPACK! Reason: Unsupported hardware.
[W910 12:09:04.938307922 NNPACK.cpp:56] Could not initialize NNPACK! Reason: Unsupported hardware.
[W910 12:09:04.938864853 NNPACK.cpp:56] Could not initialize NNPACK! Reason: Unsupported hardware.
[W910 12:09:04.939766406 NNPACK.cpp:56] Could not initialize NNPACK! Reason: Unsupported hardware.
[W910 12:09:05.374756328 NNPACK.cpp:56] Could not initialize NNPACK! Reason: Unsupported hardware.
[W910 12:09:05.375895695 NNPACK.cpp:56] Could not initialize NNPACK! Reason: Unsupported hardware.
[W910 12:09:05.376766135 NNPACK.cpp:56] Could not initialize NNPACK! Reason: Unsupported hardware.
[W910 12:09:05.377629456 NNPACK.cpp:56] Could not initialize NNPACK! Reason: Unsupported hardware.
[W910 12:09:05.378576492 NNPACK.cpp:56] Could not initialize NNPACK! Reason: Unsupported hardware.
[W910 12:09:05.379515094 NNPACK.cpp:56] Could not initialize NNPACK! Reason: Unsupported hardware.
[W910 12:09:05.380428541 NNPACK.cpp:56] Could not initialize NNPACK! Reason: Unsupported hardware.
[W910 12:09:05.381692612 NNPACK.cpp:56] Could not initialize NNPACK! Reason: Unsupported hardware.
301.3s - extractor main: [2] Lily - Fit+Fast/2023_R3_Marysville/53/230808_1208 — 40 cached label file(s) → embeddings (ident took 147.0s)
301.3s - extractor main: [3] Lily Adam - One Hive/recorders/willard/2024-08-07/1_11/240807_1016 — starting (embeddings)
[W910 12:09:06.017930081 NNPACK.cpp:56] Could not initialize NNPACK! Reason: Unsupported hardware.
[W910 12:09:06.019120721 NNPACK.cpp:56] Could not initialize NNPACK! Reason: Unsupported hardware.
[W910 12:09:06.020025263 NNPACK.cpp:56] Could not initialize NNPACK! Reason: Unsupported hardware.
[W910 12:09:06.020966107 NNPACK.cpp:56] Could not initialize NNPACK! Reason: Unsupported hardware.
[W910 12:09:06.021960535 NNPACK.cpp:56] Could not initialize NNPACK! Reason: Unsupported hardware.
[W910 12:09:06.022945510 NNPACK.cpp:56] Could not initialize NNPACK! Reason: Unsupported hardware.
[W910 12:09:06.023908972 NNPACK.cpp:56] Could not initialize NNPACK! Reason: Unsupported hardware.
[W910 12:09:06.025288510 NNPACK.cpp:56] Could not initialize NNPACK! Reason: Unsupported hardware.
[W910 12:09:06.440954745 NNPACK.cpp:56] Could not initialize NNPACK! Reason: Unsupported hardware.
[W910 12:09:06.441350576 NNPACK.cpp:56] Could not initialize NNPACK! Reason: Unsupported hardware.
[W910 12:09:06.441490761 NNPACK.cpp:56] Could not initialize NNPACK! Reason: Unsupported hardware.
[W910 12:09:06.441623406 NNPACK.cpp:56] Could not initialize NNPACK! Reason: Unsupported hardware.
[W910 12:09:06.441762029 NNPACK.cpp:56] Could not initialize NNPACK! Reason: Unsupported hardware.
[W910 12:09:06.441895601 NNPACK.cpp:56] Could not initialize NNPACK! Reason: Unsupported hardware.
[W910 12:09:06.442038532 NNPACK.cpp:56] Could not initialize NNPACK! Reason: Unsupported hardware.
[W910 12:09:06.442513117 NNPACK.cpp:56] Could not initialize NNPACK! Reason: Unsupported hardware.
[W910 12:09:06.573939836 NNPACK.cpp:56] Could not initialize NNPACK! Reason: Unsupported hardware.
[W910 12:09:06.574415106 NNPACK.cpp:56] Could not initialize NNPACK! Reason: Unsupported hardware.
[W910 12:09:06.574638906 NNPACK.cpp:56] Could not initialize NNPACK! Reason: Unsupported hardware.
[W910 12:09:06.574841395 NNPACK.cpp:56] Could not initialize NNPACK! Reason: Unsupported hardware.
[W910 12:09:06.575070586 NNPACK.cpp:56] Could not initialize NNPACK! Reason: Unsupported hardware.
[W910 12:09:06.575289258 NNPACK.cpp:56] Could not initialize NNPACK! Reason: Unsupported hardware.
[W910 12:09:06.575505356 NNPACK.cpp:56] Could not initialize NNPACK! Reason: Unsupported hardware.
[W910 12:09:06.576052589 NNPACK.cpp:56] Could not initialize NNPACK! Reason: Unsupported hardware.
[W910 12:09:06.846872664 NNPACK.cpp:56] Could not initialize NNPACK! Reason: Unsupported hardware.
[W910 12:09:06.847871789 NNPACK.cpp:56] Could not initialize NNPACK! Reason: Unsupported hardware.
[W910 12:09:06.853043078 NNPACK.cpp:56] Could not initialize NNPACK! Reason: Unsupported hardware.
[W910 12:09:06.853842748 NNPACK.cpp:56] Could not initialize NNPACK! Reason: Unsupported hardware.
[W910 12:09:06.854667930 NNPACK.cpp:56] Could not initialize NNPACK! Reason: Unsupported hardware.
[W910 12:09:06.855475919 NNPACK.cpp:56] Could not initialize NNPACK! Reason: Unsupported hardware.
[W910 12:09:06.856294621 NNPACK.cpp:56] Could not initialize NNPACK! Reason: Unsupported hardware.
[W910 12:09:06.857441675 NNPACK.cpp:56] Could not initialize NNPACK! Reason: Unsupported hardware.
[W910 12:09:07.576918073 NNPACK.cpp:56] Could not initialize NNPACK! Reason: Unsupported hardware.
[W910 12:09:07.578156171 NNPACK.cpp:56] Could not initialize NNPACK! Reason: Unsupported hardware.
[W910 12:09:07.579124014 NNPACK.cpp:56] Could not initialize NNPACK! Reason: Unsupported hardware.
[W910 12:09:07.580050916 NNPACK.cpp:56] Could not initialize NNPACK! Reason: Unsupported hardware.
[W910 12:09:07.581112354 NNPACK.cpp:56] Could not initialize NNPACK! Reason: Unsupported hardware.
[W910 12:09:07.582117822 NNPACK.cpp:56] Could not initialize NNPACK! Reason: Unsupported hardware.
[W910 12:09:07.583125618 NNPACK.cpp:56] Could not initialize NNPACK! Reason: Unsupported hardware.
[W910 12:09:07.584460976 NNPACK.cpp:56] Could not initialize NNPACK! Reason: Unsupported hardware.
[W910 12:09:08.016424855 NNPACK.cpp:56] Could not initialize NNPACK! Reason: Unsupported hardware.
[W910 12:09:08.017110027 NNPACK.cpp:56] Could not initialize NNPACK! Reason: Unsupported hardware.
[W910 12:09:08.017629895 NNPACK.cpp:56] Could not initialize NNPACK! Reason: Unsupported hardware.
[W910 12:09:08.018144914 NNPACK.cpp:56] Could not initialize NNPACK! Reason: Unsupported hardware.
[W910 12:09:08.018696236 NNPACK.cpp:56] Could not initialize NNPACK! Reason: Unsupported hardware.
[W910 12:09:08.019250041 NNPACK.cpp:56] Could not initialize NNPACK! Reason: Unsupported hardware.
[W910 12:09:08.019799286 NNPACK.cpp:56] Could not initialize NNPACK! Reason: Unsupported hardware.
[W910 12:09:08.020675628 NNPACK.cpp:56] Could not initialize NNPACK! Reason: Unsupported hardware.
[W910 12:09:08.517196275 NNPACK.cpp:56] Could not initialize NNPACK! Reason: Unsupported hardware.
[W910 12:09:08.518414931 NNPACK.cpp:56] Could not initialize NNPACK! Reason: Unsupported hardware.
[W910 12:09:08.519359429 NNPACK.cpp:56] Could not initialize NNPACK! Reason: Unsupported hardware.
[W910 12:09:08.520274795 NNPACK.cpp:56] Could not initialize NNPACK! Reason: Unsupported hardware.
[W910 12:09:08.521315560 NNPACK.cpp:56] Could not initialize NNPACK! Reason: Unsupported hardware.
[W910 12:09:08.522353934 NNPACK.cpp:56] Could not initialize NNPACK! Reason: Unsupported hardware.
[W910 12:09:08.523371100 NNPACK.cpp:56] Could not initialize NNPACK! Reason: Unsupported hardware.
[W910 12:09:08.524692599 NNPACK.cpp:56] Could not initialize NNPACK! Reason: Unsupported hardware.
[W910 12:09:09.957649284 NNPACK.cpp:56] Could not initialize NNPACK! Reason: Unsupported hardware.
[W910 12:09:09.958377912 NNPACK.cpp:56] Could not initialize NNPACK! Reason: Unsupported hardware.
[W910 12:09:09.958865012 NNPACK.cpp:56] Could not initialize NNPACK! Reason: Unsupported hardware.
[W910 12:09:09.959351419 NNPACK.cpp:56] Could not initialize NNPACK! Reason: Unsupported hardware.
[W910 12:09:09.959898025 NNPACK.cpp:56] Could not initialize NNPACK! Reason: Unsupported hardware.
[W910 12:09:09.960445738 NNPACK.cpp:56] Could not initialize NNPACK! Reason: Unsupported hardware.
[W910 12:09:09.961013210 NNPACK.cpp:56] Could not initialize NNPACK! Reason: Unsupported hardware.
[W910 12:09:09.961872541 NNPACK.cpp:56] Could not initialize NNPACK! Reason: Unsupported hardware.
[W910 12:09:09.455973555 NNPACK.cpp:56] Could not initialize NNPACK! Reason: Unsupported hardware.
[W910 12:09:09.457209148 NNPACK.cpp:56] Could not initialize NNPACK! Reason: Unsupported hardware.
[W910 12:09:09.458170282 NNPACK.cpp:56] Could not initialize NNPACK! Reason: Unsupported hardware.
[W910 12:09:09.459146281 NNPACK.cpp:56] Could not initialize NNPACK! Reason: Unsupported hardware.
[W910 12:09:09.460160538 NNPACK.cpp:56] Could not initialize NNPACK! Reason: Unsupported hardware.
[W910 12:09:09.461162223 NNPACK.cpp:56] Could not initialize NNPACK! Reason: Unsupported hardware.
[W910 12:09:09.462164518 NNPACK.cpp:56] Could not initialize NNPACK! Reason: Unsupported hardware.
[W910 12:09:09.463515203 NNPACK.cpp:56] Could not initialize NNPACK! Reason: Unsupported hardware.
[W910 12:09:09.898585743 NNPACK.cpp:56] Could not initialize NNPACK! Reason: Unsupported hardware.
[W910 12:09:09.899320043 NNPACK.cpp:56] Could not initialize NNPACK! Reason: Unsupported hardware.
[W910 12:09:09.899807339 NNPACK.cpp:56] Could not initialize NNPACK! Reason: Unsupported hardware.
[W910 12:09:09.900314362 NNPACK.cpp:56] Could not initialize NNPACK! Reason: Unsupported hardware.
[W910 12:09:09.900874353 NNPACK.cpp:56] Could not initialize NNPACK! Reason: Unsupported hardware.
[W910 12:09:09.901427225 NNPACK.cpp:56] Could not initialize NNPACK! Reason: Unsupported hardware.
[W910 12:09:09.901977359 NNPACK.cpp:56] Could not initialize NNPACK! Reason: Unsupported hardware.
[W910 12:09:09.902850857 NNPACK.cpp:56] Could not initialize NNPACK! Reason: Unsupported hardware.
[W910 12:09:10.395017795 NNPACK.cpp:56] Could not initialize NNPACK! Reason: Unsupported hardware.
[W910 12:09:10.396241923 NNPACK.cpp:56] Could not initialize NNPACK! Reason: Unsupported hardware.
[W910 12:09:10.397208482 NNPACK.cpp:56] Could not initialize NNPACK! Reason: Unsupported hardware.
[W910 12:09:10.398140030 NNPACK.cpp:56] Could not initialize NNPACK! Reason: Unsupported hardware.
[W910 12:09:10.399209264 NNPACK.cpp:56] Could not initialize NNPACK! Reason: Unsupported hardware.
[W910 12:09:10.400214010 NNPACK.cpp:56] Could not initialize NNPACK! Reason: Unsupported hardware.
[W910 12:09:10.401222066 NNPACK.cpp:56] Could not initialize NNPACK! Reason: Unsupported hardware.
[W910 12:09:10.402550386 NNPACK.cpp:56] Could not initialize NNPACK! Reason: Unsupported hardware.
[W910 12:09:10.839028056 NNPACK.cpp:56] Could not initialize NNPACK! Reason: Unsupported hardware.
[W910 12:09:10.839958467 NNPACK.cpp:56] Could not initialize NNPACK! Reason: Unsupported hardware.
[W910 12:09:10.840544473 NNPACK.cpp:56] Could not initialize NNPACK! Reason: Unsupported hardware.
[W910 12:09:10.841082706 NNPACK.cpp:56] Could not initialize NNPACK! Reason: Unsupported hardware.
[W910 12:09:10.841750641 NNPACK.cpp:56] Could not initialize NNPACK! Reason: Unsupported hardware.
[W910 12:09:10.842337607 NNPACK.cpp:56] Could not initialize NNPACK! Reason: Unsupported hardware.
[W910 12:09:10.842919011 NNPACK.cpp:56] Could not initialize NNPACK! Reason: Unsupported hardware.
[W910 12:09:10.843836537 NNPACK.cpp:56] Could not initialize NNPACK! Reason: Unsupported hardware.
[W910 12:09:11.337925143 NNPACK.cpp:56] Could not initialize NNPACK! Reason: Unsupported hardware.
[W910 12:09:11.339253907 NNPACK.cpp:56] Could not initialize NNPACK! Reason: Unsupported hardware.
[W910 12:09:11.340259803 NNPACK.cpp:56] Could not initialize NNPACK! Reason: Unsupported hardware.
[W910 12:09:11.341253152 NNPACK.cpp:56] Could not initialize NNPACK! Reason: Unsupported hardware.
[W910 12:09:11.342356076 NNPACK.cpp:56] Could not initialize NNPACK! Reason: Unsupported hardware.
[W910 12:09:11.343497534 NNPACK.cpp:56] Could not initialize NNPACK! Reason: Unsupported hardware.
[W910 12:09:11.344621914 NNPACK.cpp:56] Could not initialize NNPACK! Reason: Unsupported hardware.
[W910 12:09:11.346102787 NNPACK.cpp:56] Could not initialize NNPACK! Reason: Unsupported hardware.
[W910 12:09:11.780705576 NNPACK.cpp:56] Could not initialize NNPACK! Reason: Unsupported hardware.
[W910 12:09:11.781436744 NNPACK.cpp:56] Could not initialize NNPACK! Reason: Unsupported hardware.
[W910 12:09:11.781925843 NNPACK.cpp:56] Could not initialize NNPACK! Reason: Unsupported hardware.
[W910 12:09:11.782428434 NNPACK.cpp:56] Could not initialize NNPACK! Reason: Unsupported hardware.
[W910 12:09:11.782994003 NNPACK.cpp:56] Could not initialize NNPACK! Reason: Unsupported hardware.
[W910 12:09:11.783540543 NNPACK.cpp:56] Could not initialize NNPACK! Reason: Unsupported hardware.
[W910 12:09:11.784091295 NNPACK.cpp:56] Could not initialize NNPACK! Reason: Unsupported hardware.
[W910 12:09:11.784951702 NNPACK.cpp:56] Could not initialize NNPACK! Reason: Unsupported hardware.
[W910 12:09:12.280897315 NNPACK.cpp:56] Could not initialize NNPACK! Reason: Unsupported hardware.
[W910 12:09:12.282143910 NNPACK.cpp:56] Could not initialize NNPACK! Reason: Unsupported hardware.
[W910 12:09:12.283090364 NNPACK.cpp:56] Could not initialize NNPACK! Reason: Unsupported hardware.
[W910 12:09:12.283996795 NNPACK.cpp:56] Could not initialize NNPACK! Reason: Unsupported hardware.
[W910 12:09:12.285032877 NNPACK.cpp:56] Could not initialize NNPACK! Reason: Unsupported hardware.
[W910 12:09:12.286057079 NNPACK.cpp:56] Could not initialize NNPACK! Reason: Unsupported hardware.
[W910 12:09:12.287102593 NNPACK.cpp:56] Could not initialize NNPACK! Reason: Unsupported hardware.
[W910 12:09:12.288441039 NNPACK.cpp:56] Could not initialize NNPACK! Reason: Unsupported hardware.
[W910 12:09:12.726367707 NNPACK.cpp:56] Could not initialize NNPACK! Reason: Unsupported hardware.
[W910 12:09:12.727144384 NNPACK.cpp:56] Could not initialize NNPACK! Reason: Unsupported hardware.
[W910 12:09:12.727640564 NNPACK.cpp:56] Could not initialize NNPACK! Reason: Unsupported hardware.
[W910 12:09:12.728159455 NNPACK.cpp:56] Could not initialize NNPACK! Reason: Unsupported hardware.
[W910 12:09:12.728724241 NNPACK.cpp:56] Could not initialize NNPACK! Reason: Unsupported hardware.
[W910 12:09:12.729303368 NNPACK.cpp:56] Could not initialize NNPACK! Reason: Unsupported hardware.
[W910 12:09:12.729865215 NNPACK.cpp:56] Could not initialize NNPACK! Reason: Unsupported hardware.
[W910 12:09:12.730749913 NNPACK.cpp:56] Could not initialize NNPACK! Reason: Unsupported hardware.
[W910 12:09:13.228248557 NNPACK.cpp:56] Could not initialize NNPACK! Reason: Unsupported hardware.
[W910 12:09:13.229462904 NNPACK.cpp:56] Could not initialize NNPACK! Reason: Unsupported hardware.
[W910 12:09:13.230412195 NNPACK.cpp:56] Could not initialize NNPACK! Reason: Unsupported hardware.
[W910 12:09:13.231350558 NNPACK.cpp:56] Could not initialize NNPACK! Reason: Unsupported hardware.
[W910 12:09:13.232370189 NNPACK.cpp:56] Could not initialize NNPACK! Reason: Unsupported hardware.
[W910 12:09:13.233364074 NNPACK.cpp:56] Could not initialize NNPACK! Reason: Unsupported hardware.
[W910 12:09:13.234361759 NNPACK.cpp:56] Could not initialize NNPACK! Reason: Unsupported hardware.
[W910 12:09:13.235681883 NNPACK.cpp:56] Could not initialize NNPACK! Reason: Unsupported hardware.
[W910 12:09:13.671409065 NNPACK.cpp:56] Could not initialize NNPACK! Reason: Unsupported hardware.
[W910 12:09:13.672116197 NNPACK.cpp:56] Could not initialize NNPACK! Reason: Unsupported hardware.
[W910 12:09:13.672597213 NNPACK.cpp:56] Could not initialize NNPACK! Reason: Unsupported hardware.
[W910 12:09:13.673081999 NNPACK.cpp:56] Could not initialize NNPACK! Reason: Unsupported hardware.
[W910 12:09:13.673812945 NNPACK.cpp:56] Could not initialize NNPACK! Reason: Unsupported hardware.
[W910 12:09:13.674462226 NNPACK.cpp:56] Could not initialize NNPACK! Reason: Unsupported hardware.
[W910 12:09:13.675061551 NNPACK.cpp:56] Could not initialize NNPACK! Reason: Unsupported hardware.
[W910 12:09:13.675966656 NNPACK.cpp:56] Could not initialize NNPACK! Reason: Unsupported hardware.
[W910 12:09:14.167148882 NNPACK.cpp:56] Could not initialize NNPACK! Reason: Unsupported hardware.
[W910 12:09:14.168388746 NNPACK.cpp:56] Could not initialize NNPACK! Reason: Unsupported hardware.
[W910 12:09:14.169337029 NNPACK.cpp:56] Could not initialize NNPACK! Reason: Unsupported hardware.
[W910 12:09:14.170309789 NNPACK.cpp:56] Could not initialize NNPACK! Reason: Unsupported hardware.
[W910 12:09:14.171310732 NNPACK.cpp:56] Could not initialize NNPACK! Reason: Unsupported hardware.
[W910 12:09:14.172309615 NNPACK.cpp:56] Could not initialize NNPACK! Reason: Unsupported hardware.
[W910 12:09:14.173309365 NNPACK.cpp:56] Could not initialize NNPACK! Reason: Unsupported hardware.
[W910 12:09:14.174626964 NNPACK.cpp:56] Could not initialize NNPACK! Reason: Unsupported hardware.
[W910 12:09:14.605424306 NNPACK.cpp:56] Could not initialize NNPACK! Reason: Unsupported hardware.
[W910 12:09:14.606140130 NNPACK.cpp:56] Could not initialize NNPACK! Reason: Unsupported hardware.
[W910 12:09:14.606639542 NNPACK.cpp:56] Could not initialize NNPACK! Reason: Unsupported hardware.
[W910 12:09:14.607125326 NNPACK.cpp:56] Could not initialize NNPACK! Reason: Unsupported hardware.
[W910 12:09:14.607668471 NNPACK.cpp:56] Could not initialize NNPACK! Reason: Unsupported hardware.
[W910 12:09:14.608212952 NNPACK.cpp:56] Could not initialize NNPACK! Reason: Unsupported hardware.
[W910 12:09:14.608754625 NNPACK.cpp:56] Could not initialize NNPACK! Reason: Unsupported hardware.
[W910 12:09:14.609642566 NNPACK.cpp:56] Could not initialize NNPACK! Reason: Unsupported hardware.
[W910 12:09:15.103426547 NNPACK.cpp:56] Could not initialize NNPACK! Reason: Unsupported hardware.
[W910 12:09:15.104634305 NNPACK.cpp:56] Could not initialize NNPACK! Reason: Unsupported hardware.
[W910 12:09:15.105587165 NNPACK.cpp:56] Could not initialize NNPACK! Reason: Unsupported hardware.
[W910 12:09:15.106491709 NNPACK.cpp:56] Could not initialize NNPACK! Reason: Unsupported hardware.
[W910 12:09:15.107514502 NNPACK.cpp:56] Could not initialize NNPACK! Reason: Unsupported hardware.
[W910 12:09:15.108508706 NNPACK.cpp:56] Could not initialize NNPACK! Reason: Unsupported hardware.
[W910 12:09:15.109505202 NNPACK.cpp:56] Could not initialize NNPACK! Reason: Unsupported hardware.
[W910 12:09:15.110824224 NNPACK.cpp:56] Could not initialize NNPACK! Reason: Unsupported hardware.
[W910 12:09:15.546294762 NNPACK.cpp:56] Could not initialize NNPACK! Reason: Unsupported hardware.
[W910 12:09:15.546920994 NNPACK.cpp:56] Could not initialize NNPACK! Reason: Unsupported hardware.
[W910 12:09:15.547405848 NNPACK.cpp:56] Could not initialize NNPACK! Reason: Unsupported hardware.
[W910 12:09:15.547887667 NNPACK.cpp:56] Could not initialize NNPACK! Reason: Unsupported hardware.
[W910 12:09:15.548435232 NNPACK.cpp:56] Could not initialize NNPACK! Reason: Unsupported hardware.
[W910 12:09:15.548976047 NNPACK.cpp:56] Could not initialize NNPACK! Reason: Unsupported hardware.
[W910 12:09:15.549536863 NNPACK.cpp:56] Could not initialize NNPACK! Reason: Unsupported hardware.
[W910 12:09:15.550347904 NNPACK.cpp:56] Could not initialize NNPACK! Reason: Unsupported hardware.
[W910 12:09:16.039563505 NNPACK.cpp:56] Could not initialize NNPACK! Reason: Unsupported hardware.
[W910 12:09:16.040786215 NNPACK.cpp:56] Could not initialize NNPACK! Reason: Unsupported hardware.
[W910 12:09:16.041746374 NNPACK.cpp:56] Could not initialize NNPACK! Reason: Unsupported hardware.
[W910 12:09:16.042682074 NNPACK.cpp:56] Could not initialize NNPACK! Reason: Unsupported hardware.
[W910 12:09:16.043748884 NNPACK.cpp:56] Could not initialize NNPACK! Reason: Unsupported hardware.
[W910 12:09:16.044763874 NNPACK.cpp:56] Could not initialize NNPACK! Reason: Unsupported hardware.
[W910 12:09:16.045807157 NNPACK.cpp:56] Could not initialize NNPACK! Reason: Unsupported hardware.
[W910 12:09:16.047161851 NNPACK.cpp:56] Could not initialize NNPACK! Reason: Unsupported hardware.
[W910 12:09:16.479246514 NNPACK.cpp:56] Could not initialize NNPACK! Reason: Unsupported hardware.
[W910 12:09:16.479910393 NNPACK.cpp:56] Could not initialize NNPACK! Reason: Unsupported hardware.
[W910 12:09:16.480417331 NNPACK.cpp:56] Could not initialize NNPACK! Reason: Unsupported hardware.
[W910 12:09:16.480900265 NNPACK.cpp:56] Could not initialize NNPACK! Reason: Unsupported hardware.
[W910 12:09:16.481456438 NNPACK.cpp:56] Could not initialize NNPACK! Reason: Unsupported hardware.
[W910 12:09:16.482010613 NNPACK.cpp:56] Could not initialize NNPACK! Reason: Unsupported hardware.
[W910 12:09:16.482560581 NNPACK.cpp:56] Could not initialize NNPACK! Reason: Unsupported hardware.
[W910 12:09:16.483389387 NNPACK.cpp:56] Could not initialize NNPACK! Reason: Unsupported hardware.
[W910 12:09:17.976141189 NNPACK.cpp:56] Could not initialize NNPACK! Reason: Unsupported hardware.
[W910 12:09:17.977377446 NNPACK.cpp:56] Could not initialize NNPACK! Reason: Unsupported hardware.
[W910 12:09:17.978333553 NNPACK.cpp:56] Could not initialize NNPACK! Reason: Unsupported hardware.
[W910 12:09:17.979282474 NNPACK.cpp:56] Could not initialize NNPACK! Reason: Unsupported hardware.
[W910 12:09:17.980334095 NNPACK.cpp:56] Could not initialize NNPACK! Reason: Unsupported hardware.
[W910 12:09:17.981340294 NNPACK.cpp:56] Could not initialize NNPACK! Reason: Unsupported hardware.
[W910 12:09:17.982343265 NNPACK.cpp:56] Could not initialize NNPACK! Reason: Unsupported hardware.
[W910 12:09:17.983677018 NNPACK.cpp:56] Could not initialize NNPACK! Reason: Unsupported hardware.
[W910 12:09:17.418741999 NNPACK.cpp:56] Could not initialize NNPACK! Reason: Unsupported hardware.
[W910 12:09:17.419519120 NNPACK.cpp:56] Could not initialize NNPACK! Reason: Unsupported hardware.
[W910 12:09:17.424426890 NNPACK.cpp:56] Could not initialize NNPACK! Reason: Unsupported hardware.
[W910 12:09:17.424955615 NNPACK.cpp:56] Could not initialize NNPACK! Reason: Unsupported hardware.
[W910 12:09:17.425531388 NNPACK.cpp:56] Could not initialize NNPACK! Reason: Unsupported hardware.
[W910 12:09:17.426089377 NNPACK.cpp:56] Could not initialize NNPACK! Reason: Unsupported hardware.
[W910 12:09:17.426638546 NNPACK.cpp:56] Could not initialize NNPACK! Reason: Unsupported hardware.
[W910 12:09:17.427523454 NNPACK.cpp:56] Could not initialize NNPACK! Reason: Unsupported hardware.
[W910 12:09:17.912631533 NNPACK.cpp:56] Could not initialize NNPACK! Reason: Unsupported hardware.
[W910 12:09:17.913849471 NNPACK.cpp:56] Could not initialize NNPACK! Reason: Unsupported hardware.
[W910 12:09:17.914816707 NNPACK.cpp:56] Could not initialize NNPACK! Reason: Unsupported hardware.
[W910 12:09:17.915773127 NNPACK.cpp:56] Could not initialize NNPACK! Reason: Unsupported hardware.
[W910 12:09:17.916805508 NNPACK.cpp:56] Could not initialize NNPACK! Reason: Unsupported hardware.
[W910 12:09:17.917809063 NNPACK.cpp:56] Could not initialize NNPACK! Reason: Unsupported hardware.
[W910 12:09:17.918823527 NNPACK.cpp:56] Could not initialize NNPACK! Reason: Unsupported hardware.
[W910 12:09:17.920297772 NNPACK.cpp:56] Could not initialize NNPACK! Reason: Unsupported hardware.
[W910 12:09:18.355156224 NNPACK.cpp:56] Could not initialize NNPACK! Reason: Unsupported hardware.
[W910 12:09:18.355864273 NNPACK.cpp:56] Could not initialize NNPACK! Reason: Unsupported hardware.
[W910 12:09:18.356370709 NNPACK.cpp:56] Could not initialize NNPACK! Reason: Unsupported hardware.
[W910 12:09:18.356868150 NNPACK.cpp:56] Could not initialize NNPACK! Reason: Unsupported hardware.
[W910 12:09:18.357439978 NNPACK.cpp:56] Could not initialize NNPACK! Reason: Unsupported hardware.
[W910 12:09:18.358008791 NNPACK.cpp:56] Could not initialize NNPACK! Reason: Unsupported hardware.
[W910 12:09:18.358573110 NNPACK.cpp:56] Could not initialize NNPACK! Reason: Unsupported hardware.
[W910 12:09:18.359450621 NNPACK.cpp:56] Could not initialize NNPACK! Reason: Unsupported hardware.
[W910 12:09:18.854586193 NNPACK.cpp:56] Could not initialize NNPACK! Reason: Unsupported hardware.
[W910 12:09:18.855804122 NNPACK.cpp:56] Could not initialize NNPACK! Reason: Unsupported hardware.
[W910 12:09:18.856756180 NNPACK.cpp:56] Could not initialize NNPACK! Reason: Unsupported hardware.
[W910 12:09:18.857681439 NNPACK.cpp:56] Could not initialize NNPACK! Reason: Unsupported hardware.
[W910 12:09:18.858718963 NNPACK.cpp:56] Could not initialize NNPACK! Reason: Unsupported hardware.
[W910 12:09:18.859721050 NNPACK.cpp:56] Could not initialize NNPACK! Reason: Unsupported hardware.
[W910 12:09:18.860724249 NNPACK.cpp:56] Could not initialize NNPACK! Reason: Unsupported hardware.
[W910 12:09:18.862121065 NNPACK.cpp:56] Could not initialize NNPACK! Reason: Unsupported hardware.
[W910 12:09:19.296059811 NNPACK.cpp:56] Could not initialize NNPACK! Reason: Unsupported hardware.
[W910 12:09:19.296780520 NNPACK.cpp:56] Could not initialize NNPACK! Reason: Unsupported hardware.
[W910 12:09:19.297274287 NNPACK.cpp:56] Could not initialize NNPACK! Reason: Unsupported hardware.
[W910 12:09:19.297764106 NNPACK.cpp:56] Could not initialize NNPACK! Reason: Unsupported hardware.
[W910 12:09:19.298323346 NNPACK.cpp:56] Could not initialize NNPACK! Reason: Unsupported hardware.
[W910 12:09:19.298885363 NNPACK.cpp:56] Could not initialize NNPACK! Reason: Unsupported hardware.
[W910 12:09:19.299440607 NNPACK.cpp:56] Could not initialize NNPACK! Reason: Unsupported hardware.
[W910 12:09:19.300314854 NNPACK.cpp:56] Could not initialize NNPACK! Reason: Unsupported hardware.
[W910 12:09:19.797145781 NNPACK.cpp:56] Could not initialize NNPACK! Reason: Unsupported hardware.
[W910 12:09:19.798363015 NNPACK.cpp:56] Could not initialize NNPACK! Reason: Unsupported hardware.
[W910 12:09:19.799316102 NNPACK.cpp:56] Could not initialize NNPACK! Reason: Unsupported hardware.
[W910 12:09:19.800274880 NNPACK.cpp:56] Could not initialize NNPACK! Reason: Unsupported hardware.
[W910 12:09:19.801325400 NNPACK.cpp:56] Could not initialize NNPACK! Reason: Unsupported hardware.
[W910 12:09:19.802321912 NNPACK.cpp:56] Could not initialize NNPACK! Reason: Unsupported hardware.
[W910 12:09:19.803344798 NNPACK.cpp:56] Could not initialize NNPACK! Reason: Unsupported hardware.
[W910 12:09:19.804668511 NNPACK.cpp:56] Could not initialize NNPACK! Reason: Unsupported hardware.
[W910 12:09:20.236057852 NNPACK.cpp:56] Could not initialize NNPACK! Reason: Unsupported hardware.
[W910 12:09:20.236720039 NNPACK.cpp:56] Could not initialize NNPACK! Reason: Unsupported hardware.
[W910 12:09:20.237222242 NNPACK.cpp:56] Could not initialize NNPACK! Reason: Unsupported hardware.
[W910 12:09:20.237711642 NNPACK.cpp:56] Could not initialize NNPACK! Reason: Unsupported hardware.
[W910 12:09:20.238277698 NNPACK.cpp:56] Could not initialize NNPACK! Reason: Unsupported hardware.
[W910 12:09:20.238834502 NNPACK.cpp:56] Could not initialize NNPACK! Reason: Unsupported hardware.
[W910 12:09:20.239419904 NNPACK.cpp:56] Could not initialize NNPACK! Reason: Unsupported hardware.
[W910 12:09:20.240312780 NNPACK.cpp:56] Could not initialize NNPACK! Reason: Unsupported hardware.
[W910 12:09:20.708538155 NNPACK.cpp:56] Could not initialize NNPACK! Reason: Unsupported hardware.
[W910 12:09:20.710304360 NNPACK.cpp:56] Could not initialize NNPACK! Reason: Unsupported hardware.
[W910 12:09:20.711745667 NNPACK.cpp:56] Could not initialize NNPACK! Reason: Unsupported hardware.
[W910 12:09:20.713148774 NNPACK.cpp:56] Could not initialize NNPACK! Reason: Unsupported hardware.
[W910 12:09:20.714711596 NNPACK.cpp:56] Could not initialize NNPACK! Reason: Unsupported hardware.
[W910 12:09:20.716230980 NNPACK.cpp:56] Could not initialize NNPACK! Reason: Unsupported hardware.
[W910 12:09:20.717721714 NNPACK.cpp:56] Could not initialize NNPACK! Reason: Unsupported hardware.
[W910 12:09:20.719626522 NNPACK.cpp:56] Could not initialize NNPACK! Reason: Unsupported hardware.
[W910 12:09:21.148850215 NNPACK.cpp:56] Could not initialize NNPACK! Reason: Unsupported hardware.
[W910 12:09:21.149297032 NNPACK.cpp:56] Could not initialize NNPACK! Reason: Unsupported hardware.
[W910 12:09:21.149566492 NNPACK.cpp:56] Could not initialize NNPACK! Reason: Unsupported hardware.
[W910 12:09:21.149829560 NNPACK.cpp:56] Could not initialize NNPACK! Reason: Unsupported hardware.
[W910 12:09:21.150159310 NNPACK.cpp:56] Could not initialize NNPACK! Reason: Unsupported hardware.
[W910 12:09:21.150516785 NNPACK.cpp:56] Could not initialize NNPACK! Reason: Unsupported hardware.
[W910 12:09:21.150807071 NNPACK.cpp:56] Could not initialize NNPACK! Reason: Unsupported hardware.
[W910 12:09:21.151398652 NNPACK.cpp:56] Could not initialize NNPACK! Reason: Unsupported hardware.
[W910 12:09:21.432567748 NNPACK.cpp:56] Could not initialize NNPACK! Reason: Unsupported hardware.
[W910 12:09:21.433535026 NNPACK.cpp:56] Could not initialize NNPACK! Reason: Unsupported hardware.
[W910 12:09:21.434228563 NNPACK.cpp:56] Could not initialize NNPACK! Reason: Unsupported hardware.
[W910 12:09:21.434905259 NNPACK.cpp:56] Could not initialize NNPACK! Reason: Unsupported hardware.
[W910 12:09:21.435674239 NNPACK.cpp:56] Could not initialize NNPACK! Reason: Unsupported hardware.
[W910 12:09:21.436427592 NNPACK.cpp:56] Could not initialize NNPACK! Reason: Unsupported hardware.
[W910 12:09:21.437195706 NNPACK.cpp:56] Could not initialize NNPACK! Reason: Unsupported hardware.
[W910 12:09:21.438325147 NNPACK.cpp:56] Could not initialize NNPACK! Reason: Unsupported hardware.
[W910 12:09:22.009516881 NNPACK.cpp:56] Could not initialize NNPACK! Reason: Unsupported hardware.
[W910 12:09:22.010724114 NNPACK.cpp:56] Could not initialize NNPACK! Reason: Unsupported hardware.
[W910 12:09:22.011663623 NNPACK.cpp:56] Could not initialize NNPACK! Reason: Unsupported hardware.
[W910 12:09:22.012582329 NNPACK.cpp:56] Could not initialize NNPACK! Reason: Unsupported hardware.
[W910 12:09:22.013624592 NNPACK.cpp:56] Could not initialize NNPACK! Reason: Unsupported hardware.
[W910 12:09:22.014621939 NNPACK.cpp:56] Could not initialize NNPACK! Reason: Unsupported hardware.
[W910 12:09:22.015620320 NNPACK.cpp:56] Could not initialize NNPACK! Reason: Unsupported hardware.
[W910 12:09:22.016936976 NNPACK.cpp:56] Could not initialize NNPACK! Reason: Unsupported hardware.
[W910 12:09:22.448643235 NNPACK.cpp:56] Could not initialize NNPACK! Reason: Unsupported hardware.
[W910 12:09:22.449344209 NNPACK.cpp:56] Could not initialize NNPACK! Reason: Unsupported hardware.
[W910 12:09:22.454316915 NNPACK.cpp:56] Could not initialize NNPACK! Reason: Unsupported hardware.
[W910 12:09:22.454799923 NNPACK.cpp:56] Could not initialize NNPACK! Reason: Unsupported hardware.
[W910 12:09:22.455370472 NNPACK.cpp:56] Could not initialize NNPACK! Reason: Unsupported hardware.
[W910 12:09:22.455911957 NNPACK.cpp:56] Could not initialize NNPACK! Reason: Unsupported hardware.
[W910 12:09:22.456461022 NNPACK.cpp:56] Could not initialize NNPACK! Reason: Unsupported hardware.
[W910 12:09:22.457331411 NNPACK.cpp:56] Could not initialize NNPACK! Reason: Unsupported hardware.
[W910 12:09:23.948786584 NNPACK.cpp:56] Could not initialize NNPACK! Reason: Unsupported hardware.
[W910 12:09:23.949992740 NNPACK.cpp:56] Could not initialize NNPACK! Reason: Unsupported hardware.
[W910 12:09:23.950938161 NNPACK.cpp:56] Could not initialize NNPACK! Reason: Unsupported hardware.
[W910 12:09:23.951859729 NNPACK.cpp:56] Could not initialize NNPACK! Reason: Unsupported hardware.
[W910 12:09:23.952907865 NNPACK.cpp:56] Could not initialize NNPACK! Reason: Unsupported hardware.
[W910 12:09:23.953916520 NNPACK.cpp:56] Could not initialize NNPACK! Reason: Unsupported hardware.
[W910 12:09:23.954930428 NNPACK.cpp:56] Could not initialize NNPACK! Reason: Unsupported hardware.
[W910 12:09:23.956306371 NNPACK.cpp:56] Could not initialize NNPACK! Reason: Unsupported hardware.
[W910 12:09:23.390558776 NNPACK.cpp:56] Could not initialize NNPACK! Reason: Unsupported hardware.
[W910 12:09:23.391285006 NNPACK.cpp:56] Could not initialize NNPACK! Reason: Unsupported hardware.
[W910 12:09:23.391773695 NNPACK.cpp:56] Could not initialize NNPACK! Reason: Unsupported hardware.
[W910 12:09:23.392260236 NNPACK.cpp:56] Could not initialize NNPACK! Reason: Unsupported hardware.
[W910 12:09:23.392808968 NNPACK.cpp:56] Could not initialize NNPACK! Reason: Unsupported hardware.
[W910 12:09:23.393357426 NNPACK.cpp:56] Could not initialize NNPACK! Reason: Unsupported hardware.
[W910 12:09:23.393900602 NNPACK.cpp:56] Could not initialize NNPACK! Reason: Unsupported hardware.
[W910 12:09:23.394781859 NNPACK.cpp:56] Could not initialize NNPACK! Reason: Unsupported hardware.
[W910 12:09:23.897040812 NNPACK.cpp:56] Could not initialize NNPACK! Reason: Unsupported hardware.
[W910 12:09:23.898255460 NNPACK.cpp:56] Could not initialize NNPACK! Reason: Unsupported hardware.
[W910 12:09:23.899208378 NNPACK.cpp:56] Could not initialize NNPACK! Reason: Unsupported hardware.
[W910 12:09:23.900118348 NNPACK.cpp:56] Could not initialize NNPACK! Reason: Unsupported hardware.
[W910 12:09:23.901150553 NNPACK.cpp:56] Could not initialize NNPACK! Reason: Unsupported hardware.
[W910 12:09:23.902173897 NNPACK.cpp:56] Could not initialize NNPACK! Reason: Unsupported hardware.
[W910 12:09:23.903203552 NNPACK.cpp:56] Could not initialize NNPACK! Reason: Unsupported hardware.
[W910 12:09:23.904558779 NNPACK.cpp:56] Could not initialize NNPACK! Reason: Unsupported hardware.
[W910 12:09:24.337248672 NNPACK.cpp:56] Could not initialize NNPACK! Reason: Unsupported hardware.
[W910 12:09:24.337991053 NNPACK.cpp:56] Could not initialize NNPACK! Reason: Unsupported hardware.
[W910 12:09:24.338510225 NNPACK.cpp:56] Could not initialize NNPACK! Reason: Unsupported hardware.
[W910 12:09:24.339021635 NNPACK.cpp:56] Could not initialize NNPACK! Reason: Unsupported hardware.
[W910 12:09:24.339595510 NNPACK.cpp:56] Could not initialize NNPACK! Reason: Unsupported hardware.
[W910 12:09:24.340169920 NNPACK.cpp:56] Could not initialize NNPACK! Reason: Unsupported hardware.
[W910 12:09:24.340733732 NNPACK.cpp:56] Could not initialize NNPACK! Reason: Unsupported hardware.
[W910 12:09:24.341597089 NNPACK.cpp:56] Could not initialize NNPACK! Reason: Unsupported hardware.
[W910 12:09:24.837498556 NNPACK.cpp:56] Could not initialize NNPACK! Reason: Unsupported hardware.
[W910 12:09:24.838750334 NNPACK.cpp:56] Could not initialize NNPACK! Reason: Unsupported hardware.
[W910 12:09:24.839713592 NNPACK.cpp:56] Could not initialize NNPACK! Reason: Unsupported hardware.
[W910 12:09:24.840671210 NNPACK.cpp:56] Could not initialize NNPACK! Reason: Unsupported hardware.
[W910 12:09:24.841762648 NNPACK.cpp:56] Could not initialize NNPACK! Reason: Unsupported hardware.
[W910 12:09:24.842797041 NNPACK.cpp:56] Could not initialize NNPACK! Reason: Unsupported hardware.
[W910 12:09:24.843838576 NNPACK.cpp:56] Could not initialize NNPACK! Reason: Unsupported hardware.
[W910 12:09:24.845216432 NNPACK.cpp:56] Could not initialize NNPACK! Reason: Unsupported hardware.
[W910 12:09:25.281208653 NNPACK.cpp:56] Could not initialize NNPACK! Reason: Unsupported hardware.
[W910 12:09:25.281947639 NNPACK.cpp:56] Could not initialize NNPACK! Reason: Unsupported hardware.
[W910 12:09:25.282468505 NNPACK.cpp:56] Could not initialize NNPACK! Reason: Unsupported hardware.
[W910 12:09:25.282985302 NNPACK.cpp:56] Could not initialize NNPACK! Reason: Unsupported hardware.
[W910 12:09:25.283571868 NNPACK.cpp:56] Could not initialize NNPACK! Reason: Unsupported hardware.
[W910 12:09:25.284164868 NNPACK.cpp:56] Could not initialize NNPACK! Reason: Unsupported hardware.
[W910 12:09:25.284743321 NNPACK.cpp:56] Could not initialize NNPACK! Reason: Unsupported hardware.
[W910 12:09:25.285644210 NNPACK.cpp:56] Could not initialize NNPACK! Reason: Unsupported hardware.
[W910 12:09:25.781261580 NNPACK.cpp:56] Could not initialize NNPACK! Reason: Unsupported hardware.
[W910 12:09:25.782745594 NNPACK.cpp:56] Could not initialize NNPACK! Reason: Unsupported hardware.
[W910 12:09:25.783719470 NNPACK.cpp:56] Could not initialize NNPACK! Reason: Unsupported hardware.
[W910 12:09:25.784648097 NNPACK.cpp:56] Could not initialize NNPACK! Reason: Unsupported hardware.
[W910 12:09:25.785680789 NNPACK.cpp:56] Could not initialize NNPACK! Reason: Unsupported hardware.
[W910 12:09:25.786685637 NNPACK.cpp:56] Could not initialize NNPACK! Reason: Unsupported hardware.
[W910 12:09:25.787693401 NNPACK.cpp:56] Could not initialize NNPACK! Reason: Unsupported hardware.
[W910 12:09:25.789038304 NNPACK.cpp:56] Could not initialize NNPACK! Reason: Unsupported hardware.
[W910 12:09:26.226185734 NNPACK.cpp:56] Could not initialize NNPACK! Reason: Unsupported hardware.
[W910 12:09:26.226898194 NNPACK.cpp:56] Could not initialize NNPACK! Reason: Unsupported hardware.
[W910 12:09:26.227397138 NNPACK.cpp:56] Could not initialize NNPACK! Reason: Unsupported hardware.
[W910 12:09:26.227881748 NNPACK.cpp:56] Could not initialize NNPACK! Reason: Unsupported hardware.
[W910 12:09:26.228440360 NNPACK.cpp:56] Could not initialize NNPACK! Reason: Unsupported hardware.
[W910 12:09:26.228989385 NNPACK.cpp:56] Could not initialize NNPACK! Reason: Unsupported hardware.
[W910 12:09:26.229544257 NNPACK.cpp:56] Could not initialize NNPACK! Reason: Unsupported hardware.
[W910 12:09:26.230410716 NNPACK.cpp:56] Could not initialize NNPACK! Reason: Unsupported hardware.
[W910 12:09:26.722842849 NNPACK.cpp:56] Could not initialize NNPACK! Reason: Unsupported hardware.
[W910 12:09:26.724085547 NNPACK.cpp:56] Could not initialize NNPACK! Reason: Unsupported hardware.
[W910 12:09:26.725041331 NNPACK.cpp:56] Could not initialize NNPACK! Reason: Unsupported hardware.
[W910 12:09:26.725981817 NNPACK.cpp:56] Could not initialize NNPACK! Reason: Unsupported hardware.
[W910 12:09:26.726988779 NNPACK.cpp:56] Could not initialize NNPACK! Reason: Unsupported hardware.
[W910 12:09:26.728499503 NNPACK.cpp:56] Could not initialize NNPACK! Reason: Unsupported hardware.
[W910 12:09:26.729648722 NNPACK.cpp:56] Could not initialize NNPACK! Reason: Unsupported hardware.
[W910 12:09:26.731257799 NNPACK.cpp:56] Could not initialize NNPACK! Reason: Unsupported hardware.
[W910 12:09:27.165158053 NNPACK.cpp:56] Could not initialize NNPACK! Reason: Unsupported hardware.
[W910 12:09:27.165861138 NNPACK.cpp:56] Could not initialize NNPACK! Reason: Unsupported hardware.
[W910 12:09:27.166356431 NNPACK.cpp:56] Could not initialize NNPACK! Reason: Unsupported hardware.
[W910 12:09:27.166841991 NNPACK.cpp:56] Could not initialize NNPACK! Reason: Unsupported hardware.
[W910 12:09:27.167401282 NNPACK.cpp:56] Could not initialize NNPACK! Reason: Unsupported hardware.
[W910 12:09:27.167951550 NNPACK.cpp:56] Could not initialize NNPACK! Reason: Unsupported hardware.
[W910 12:09:27.168505847 NNPACK.cpp:56] Could not initialize NNPACK! Reason: Unsupported hardware.
[W910 12:09:27.169404123 NNPACK.cpp:56] Could not initialize NNPACK! Reason: Unsupported hardware.
[W910 12:09:27.664461600 NNPACK.cpp:56] Could not initialize NNPACK! Reason: Unsupported hardware.
[W910 12:09:27.665700136 NNPACK.cpp:56] Could not initialize NNPACK! Reason: Unsupported hardware.
[W910 12:09:27.666666592 NNPACK.cpp:56] Could not initialize NNPACK! Reason: Unsupported hardware.
[W910 12:09:27.667620722 NNPACK.cpp:56] Could not initialize NNPACK! Reason: Unsupported hardware.
[W910 12:09:27.668747029 NNPACK.cpp:56] Could not initialize NNPACK! Reason: Unsupported hardware.
[W910 12:09:27.669783745 NNPACK.cpp:56] Could not initialize NNPACK! Reason: Unsupported hardware.
[W910 12:09:27.670806597 NNPACK.cpp:56] Could not initialize NNPACK! Reason: Unsupported hardware.
[W910 12:09:27.672184552 NNPACK.cpp:56] Could not initialize NNPACK! Reason: Unsupported hardware.
[W910 12:09:28.107056056 NNPACK.cpp:56] Could not initialize NNPACK! Reason: Unsupported hardware.
[W910 12:09:28.107764376 NNPACK.cpp:56] Could not initialize NNPACK! Reason: Unsupported hardware.
[W910 12:09:28.108264812 NNPACK.cpp:56] Could not initialize NNPACK! Reason: Unsupported hardware.
[W910 12:09:28.108751333 NNPACK.cpp:56] Could not initialize NNPACK! Reason: Unsupported hardware.
[W910 12:09:28.109313369 NNPACK.cpp:56] Could not initialize NNPACK! Reason: Unsupported hardware.
[W910 12:09:28.109861361 NNPACK.cpp:56] Could not initialize NNPACK! Reason: Unsupported hardware.
[W910 12:09:28.110418731 NNPACK.cpp:56] Could not initialize NNPACK! Reason: Unsupported hardware.
[W910 12:09:28.111289317 NNPACK.cpp:56] Could not initialize NNPACK! Reason: Unsupported hardware.
[W910 12:09:28.608292181 NNPACK.cpp:56] Could not initialize NNPACK! Reason: Unsupported hardware.
[W910 12:09:28.609505221 NNPACK.cpp:56] Could not initialize NNPACK! Reason: Unsupported hardware.
[W910 12:09:28.610456908 NNPACK.cpp:56] Could not initialize NNPACK! Reason: Unsupported hardware.
[W910 12:09:28.611375066 NNPACK.cpp:56] Could not initialize NNPACK! Reason: Unsupported hardware.
[W910 12:09:28.612413858 NNPACK.cpp:56] Could not initialize NNPACK! Reason: Unsupported hardware.
[W910 12:09:28.613405405 NNPACK.cpp:56] Could not initialize NNPACK! Reason: Unsupported hardware.
[W910 12:09:28.614402806 NNPACK.cpp:56] Could not initialize NNPACK! Reason: Unsupported hardware.
[W910 12:09:28.615721010 NNPACK.cpp:56] Could not initialize NNPACK! Reason: Unsupported hardware.
[W910 12:09:29.050845933 NNPACK.cpp:56] Could not initialize NNPACK! Reason: Unsupported hardware.
[W910 12:09:29.051513923 NNPACK.cpp:56] Could not initialize NNPACK! Reason: Unsupported hardware.
[W910 12:09:29.052041391 NNPACK.cpp:56] Could not initialize NNPACK! Reason: Unsupported hardware.
[W910 12:09:29.052520967 NNPACK.cpp:56] Could not initialize NNPACK! Reason: Unsupported hardware.
[W910 12:09:29.053070844 NNPACK.cpp:56] Could not initialize NNPACK! Reason: Unsupported hardware.
[W910 12:09:29.053610030 NNPACK.cpp:56] Could not initialize NNPACK! Reason: Unsupported hardware.
[W910 12:09:29.054157826 NNPACK.cpp:56] Could not initialize NNPACK! Reason: Unsupported hardware.
[W910 12:09:29.054983759 NNPACK.cpp:56] Could not initialize NNPACK! Reason: Unsupported hardware.
[W910 12:09:29.407253320 NNPACK.cpp:56] Could not initialize NNPACK! Reason: Unsupported hardware.
[W910 12:09:29.407832220 NNPACK.cpp:56] Could not initialize NNPACK! Reason: Unsupported hardware.
[W910 12:09:29.408145930 NNPACK.cpp:56] Could not initialize NNPACK! Reason: Unsupported hardware.
[W910 12:09:29.408447737 NNPACK.cpp:56] Could not initialize NNPACK! Reason: Unsupported hardware.
[W910 12:09:29.408781504 NNPACK.cpp:56] Could not initialize NNPACK! Reason: Unsupported hardware.
[W910 12:09:29.409120394 NNPACK.cpp:56] Could not initialize NNPACK! Reason: Unsupported hardware.
[W910 12:09:29.409451262 NNPACK.cpp:56] Could not initialize NNPACK! Reason: Unsupported hardware.
[W910 12:09:29.410107828 NNPACK.cpp:56] Could not initialize NNPACK! Reason: Unsupported hardware.
[W910 12:09:29.817114041 NNPACK.cpp:56] Could not initialize NNPACK! Reason: Unsupported hardware.
[W910 12:09:29.818342952 NNPACK.cpp:56] Could not initialize NNPACK! Reason: Unsupported hardware.
[W910 12:09:29.819312362 NNPACK.cpp:56] Could not initialize NNPACK! Reason: Unsupported hardware.
[W910 12:09:29.820275248 NNPACK.cpp:56] Could not initialize NNPACK! Reason: Unsupported hardware.
[W910 12:09:29.821354240 NNPACK.cpp:56] Could not initialize NNPACK! Reason: Unsupported hardware.
[W910 12:09:29.822390039 NNPACK.cpp:56] Could not initialize NNPACK! Reason: Unsupported hardware.
[W910 12:09:29.823412813 NNPACK.cpp:56] Could not initialize NNPACK! Reason: Unsupported hardware.
[W910 12:09:29.824742581 NNPACK.cpp:56] Could not initialize NNPACK! Reason: Unsupported hardware.
[W910 12:09:30.261378491 NNPACK.cpp:56] Could not initialize NNPACK! Reason: Unsupported hardware.
[W910 12:09:30.262135253 NNPACK.cpp:56] Could not initialize NNPACK! Reason: Unsupported hardware.
[W910 12:09:30.262623596 NNPACK.cpp:56] Could not initialize NNPACK! Reason: Unsupported hardware.
[W910 12:09:30.263119250 NNPACK.cpp:56] Could not initialize NNPACK! Reason: Unsupported hardware.
[W910 12:09:30.263689564 NNPACK.cpp:56] Could not initialize NNPACK! Reason: Unsupported hardware.
[W910 12:09:30.264240795 NNPACK.cpp:56] Could not initialize NNPACK! Reason: Unsupported hardware.
[W910 12:09:30.264790028 NNPACK.cpp:56] Could not initialize NNPACK! Reason: Unsupported hardware.
[W910 12:09:30.265682246 NNPACK.cpp:56] Could not initialize NNPACK! Reason: Unsupported hardware.
[W910 12:09:30.668176320 NNPACK.cpp:56] Could not initialize NNPACK! Reason: Unsupported hardware.
[W910 12:09:30.669145442 NNPACK.cpp:56] Could not initialize NNPACK! Reason: Unsupported hardware.
[W910 12:09:30.669792235 NNPACK.cpp:56] Could not initialize NNPACK! Reason: Unsupported hardware.
[W910 12:09:30.670440037 NNPACK.cpp:56] Could not initialize NNPACK! Reason: Unsupported hardware.
[W910 12:09:30.671180879 NNPACK.cpp:56] Could not initialize NNPACK! Reason: Unsupported hardware.
[W910 12:09:30.671906961 NNPACK.cpp:56] Could not initialize NNPACK! Reason: Unsupported hardware.
[W910 12:09:30.672643173 NNPACK.cpp:56] Could not initialize NNPACK! Reason: Unsupported hardware.
[W910 12:09:30.673667578 NNPACK.cpp:56] Could not initialize NNPACK! Reason: Unsupported hardware.
[W910 12:09:31.108791166 NNPACK.cpp:56] Could not initialize NNPACK! Reason: Unsupported hardware.
[W910 12:09:31.109520886 NNPACK.cpp:56] Could not initialize NNPACK! Reason: Unsupported hardware.
[W910 12:09:31.109883528 NNPACK.cpp:56] Could not initialize NNPACK! Reason: Unsupported hardware.
[W910 12:09:31.110249879 NNPACK.cpp:56] Could not initialize NNPACK! Reason: Unsupported hardware.
[W910 12:09:31.110648874 NNPACK.cpp:56] Could not initialize NNPACK! Reason: Unsupported hardware.
[W910 12:09:31.111031466 NNPACK.cpp:56] Could not initialize NNPACK! Reason: Unsupported hardware.
[W910 12:09:31.111409735 NNPACK.cpp:56] Could not initialize NNPACK! Reason: Unsupported hardware.
[W910 12:09:31.112105348 NNPACK.cpp:56] Could not initialize NNPACK! Reason: Unsupported hardware.
[W910 12:09:31.355170088 NNPACK.cpp:56] Could not initialize NNPACK! Reason: Unsupported hardware.
[W910 12:09:31.355647552 NNPACK.cpp:56] Could not initialize NNPACK! Reason: Unsupported hardware.
[W910 12:09:31.355868387 NNPACK.cpp:56] Could not initialize NNPACK! Reason: Unsupported hardware.
[W910 12:09:31.356094069 NNPACK.cpp:56] Could not initialize NNPACK! Reason: Unsupported hardware.
[W910 12:09:31.356330499 NNPACK.cpp:56] Could not initialize NNPACK! Reason: Unsupported hardware.
[W910 12:09:31.356541375 NNPACK.cpp:56] Could not initialize NNPACK! Reason: Unsupported hardware.
[W910 12:09:31.356760803 NNPACK.cpp:56] Could not initialize NNPACK! Reason: Unsupported hardware.
[W910 12:09:31.357307905 NNPACK.cpp:56] Could not initialize NNPACK! Reason: Unsupported hardware.
[W910 12:09:31.514810516 NNPACK.cpp:56] Could not initialize NNPACK! Reason: Unsupported hardware.
[W910 12:09:31.515230432 NNPACK.cpp:56] Could not initialize NNPACK! Reason: Unsupported hardware.
[W910 12:09:31.515399595 NNPACK.cpp:56] Could not initialize NNPACK! Reason: Unsupported hardware.
[W910 12:09:31.515559837 NNPACK.cpp:56] Could not initialize NNPACK! Reason: Unsupported hardware.
[W910 12:09:31.515729049 NNPACK.cpp:56] Could not initialize NNPACK! Reason: Unsupported hardware.
[W910 12:09:31.515895154 NNPACK.cpp:56] Could not initialize NNPACK! Reason: Unsupported hardware.
[W910 12:09:31.516066112 NNPACK.cpp:56] Could not initialize NNPACK! Reason: Unsupported hardware.
[W910 12:09:31.516573235 NNPACK.cpp:56] Could not initialize NNPACK! Reason: Unsupported hardware.
[W910 12:09:31.663824959 NNPACK.cpp:56] Could not initialize NNPACK! Reason: Unsupported hardware.
[W910 12:09:31.664334991 NNPACK.cpp:56] Could not initialize NNPACK! Reason: Unsupported hardware.
[W910 12:09:31.664575782 NNPACK.cpp:56] Could not initialize NNPACK! Reason: Unsupported hardware.
[W910 12:09:31.664809278 NNPACK.cpp:56] Could not initialize NNPACK! Reason: Unsupported hardware.
[W910 12:09:31.665072690 NNPACK.cpp:56] Could not initialize NNPACK! Reason: Unsupported hardware.
[W910 12:09:31.665313897 NNPACK.cpp:56] Could not initialize NNPACK! Reason: Unsupported hardware.
[W910 12:09:31.665553395 NNPACK.cpp:56] Could not initialize NNPACK! Reason: Unsupported hardware.
[W910 12:09:31.666123399 NNPACK.cpp:56] Could not initialize NNPACK! Reason: Unsupported hardware.
[W910 12:09:32.031310631 NNPACK.cpp:56] Could not initialize NNPACK! Reason: Unsupported hardware.
[W910 12:09:32.032698327 NNPACK.cpp:56] Could not initialize NNPACK! Reason: Unsupported hardware.
[W910 12:09:32.033653943 NNPACK.cpp:56] Could not initialize NNPACK! Reason: Unsupported hardware.
[W910 12:09:32.034563677 NNPACK.cpp:56] Could not initialize NNPACK! Reason: Unsupported hardware.
[W910 12:09:32.035609904 NNPACK.cpp:56] Could not initialize NNPACK! Reason: Unsupported hardware.
[W910 12:09:32.036619186 NNPACK.cpp:56] Could not initialize NNPACK! Reason: Unsupported hardware.
[W910 12:09:32.037621066 NNPACK.cpp:56] Could not initialize NNPACK! Reason: Unsupported hardware.
[W910 12:09:32.038940482 NNPACK.cpp:56] Could not initialize NNPACK! Reason: Unsupported hardware.
[W910 12:09:32.472971937 NNPACK.cpp:56] Could not initialize NNPACK! Reason: Unsupported hardware.
[W910 12:09:32.473617668 NNPACK.cpp:56] Could not initialize NNPACK! Reason: Unsupported hardware.
[W910 12:09:32.474120076 NNPACK.cpp:56] Could not initialize NNPACK! Reason: Unsupported hardware.
[W910 12:09:32.474647511 NNPACK.cpp:56] Could not initialize NNPACK! Reason: Unsupported hardware.
[W910 12:09:32.475194600 NNPACK.cpp:56] Could not initialize NNPACK! Reason: Unsupported hardware.
[W910 12:09:32.475751236 NNPACK.cpp:56] Could not initialize NNPACK! Reason: Unsupported hardware.
[W910 12:09:32.476298180 NNPACK.cpp:56] Could not initialize NNPACK! Reason: Unsupported hardware.
[W910 12:09:32.477112459 NNPACK.cpp:56] Could not initialize NNPACK! Reason: Unsupported hardware.
[W910 12:09:32.941932763 NNPACK.cpp:56] Could not initialize NNPACK! Reason: Unsupported hardware.
[W910 12:09:33.943147838 NNPACK.cpp:56] Could not initialize NNPACK! Reason: Unsupported hardware.
[W910 12:09:33.944101192 NNPACK.cpp:56] Could not initialize NNPACK! Reason: Unsupported hardware.
[W910 12:09:33.945043192 NNPACK.cpp:56] Could not initialize NNPACK! Reason: Unsupported hardware.
[W910 12:09:33.946110731 NNPACK.cpp:56] Could not initialize NNPACK! Reason: Unsupported hardware.
[W910 12:09:33.947105801 NNPACK.cpp:56] Could not initialize NNPACK! Reason: Unsupported hardware.
[W910 12:09:33.948139359 NNPACK.cpp:56] Could not initialize NNPACK! Reason: Unsupported hardware.
[W910 12:09:33.949473037 NNPACK.cpp:56] Could not initialize NNPACK! Reason: Unsupported hardware.
[W910 12:09:33.384481897 NNPACK.cpp:56] Could not initialize NNPACK! Reason: Unsupported hardware.
[W910 12:09:33.384919569 NNPACK.cpp:56] Could not initialize NNPACK! Reason: Unsupported hardware.
[W910 12:09:33.385170775 NNPACK.cpp:56] Could not initialize NNPACK! Reason: Unsupported hardware.
[W910 12:09:33.385411786 NNPACK.cpp:56] Could not initialize NNPACK! Reason: Unsupported hardware.
[W910 12:09:33.385676937 NNPACK.cpp:56] Could not initialize NNPACK! Reason: Unsupported hardware.
[W910 12:09:33.385939584 NNPACK.cpp:56] Could not initialize NNPACK! Reason: Unsupported hardware.
[W910 12:09:33.386207649 NNPACK.cpp:56] Could not initialize NNPACK! Reason: Unsupported hardware.
[W910 12:09:33.386750499 NNPACK.cpp:56] Could not initialize NNPACK! Reason: Unsupported hardware.
[W910 12:09:33.559272096 NNPACK.cpp:56] Could not initialize NNPACK! Reason: Unsupported hardware.
[W910 12:09:33.559651466 NNPACK.cpp:56] Could not initialize NNPACK! Reason: Unsupported hardware.
[W910 12:09:33.559790433 NNPACK.cpp:56] Could not initialize NNPACK! Reason: Unsupported hardware.
[W910 12:09:33.559924934 NNPACK.cpp:56] Could not initialize NNPACK! Reason: Unsupported hardware.
[W910 12:09:33.560073808 NNPACK.cpp:56] Could not initialize NNPACK! Reason: Unsupported hardware.
[W910 12:09:33.560213605 NNPACK.cpp:56] Could not initialize NNPACK! Reason: Unsupported hardware.
[W910 12:09:33.560348946 NNPACK.cpp:56] Could not initialize NNPACK! Reason: Unsupported hardware.
[W910 12:09:33.560824862 NNPACK.cpp:56] Could not initialize NNPACK! Reason: Unsupported hardware.
[W910 12:09:33.709652788 NNPACK.cpp:56] Could not initialize NNPACK! Reason: Unsupported hardware.
[W910 12:09:33.710204973 NNPACK.cpp:56] Could not initialize NNPACK! Reason: Unsupported hardware.
[W910 12:09:33.710496876 NNPACK.cpp:56] Could not initialize NNPACK! Reason: Unsupported hardware.
[W910 12:09:33.710778948 NNPACK.cpp:56] Could not initialize NNPACK! Reason: Unsupported hardware.
[W910 12:09:33.711103481 NNPACK.cpp:56] Could not initialize NNPACK! Reason: Unsupported hardware.
[W910 12:09:33.711414824 NNPACK.cpp:56] Could not initialize NNPACK! Reason: Unsupported hardware.
[W910 12:09:33.711727160 NNPACK.cpp:56] Could not initialize NNPACK! Reason: Unsupported hardware.
[W910 12:09:33.712366198 NNPACK.cpp:56] Could not initialize NNPACK! Reason: Unsupported hardware.
[W910 12:09:33.897399489 NNPACK.cpp:56] Could not initialize NNPACK! Reason: Unsupported hardware.
[W910 12:09:33.897772203 NNPACK.cpp:56] Could not initialize NNPACK! Reason: Unsupported hardware.
[W910 12:09:33.897905865 NNPACK.cpp:56] Could not initialize NNPACK! Reason: Unsupported hardware.
[W910 12:09:33.898047171 NNPACK.cpp:56] Could not initialize NNPACK! Reason: Unsupported hardware.
[W910 12:09:33.898187935 NNPACK.cpp:56] Could not initialize NNPACK! Reason: Unsupported hardware.
[W910 12:09:33.898320513 NNPACK.cpp:56] Could not initialize NNPACK! Reason: Unsupported hardware.
[W910 12:09:33.898469966 NNPACK.cpp:56] Could not initialize NNPACK! Reason: Unsupported hardware.
[W910 12:09:33.898936343 NNPACK.cpp:56] Could not initialize NNPACK! Reason: Unsupported hardware.
[W910 12:09:34.009711765 NNPACK.cpp:56] Could not initialize NNPACK! Reason: Unsupported hardware.
[W910 12:09:34.010096378 NNPACK.cpp:56] Could not initialize NNPACK! Reason: Unsupported hardware.
[W910 12:09:34.010236633 NNPACK.cpp:56] Could not initialize NNPACK! Reason: Unsupported hardware.
[W910 12:09:34.010367968 NNPACK.cpp:56] Could not initialize NNPACK! Reason: Unsupported hardware.
[W910 12:09:34.010506682 NNPACK.cpp:56] Could not initialize NNPACK! Reason: Unsupported hardware.
[W910 12:09:34.010640719 NNPACK.cpp:56] Could not initialize NNPACK! Reason: Unsupported hardware.
[W910 12:09:34.010773150 NNPACK.cpp:56] Could not initialize NNPACK! Reason: Unsupported hardware.
[W910 12:09:34.011246568 NNPACK.cpp:56] Could not initialize NNPACK! Reason: Unsupported hardware.
[W910 12:09:34.324325835 NNPACK.cpp:56] Could not initialize NNPACK! Reason: Unsupported hardware.
[W910 12:09:34.325536856 NNPACK.cpp:56] Could not initialize NNPACK! Reason: Unsupported hardware.
[W910 12:09:34.326486819 NNPACK.cpp:56] Could not initialize NNPACK! Reason: Unsupported hardware.
[W910 12:09:34.327398333 NNPACK.cpp:56] Could not initialize NNPACK! Reason: Unsupported hardware.
[W910 12:09:34.328434721 NNPACK.cpp:56] Could not initialize NNPACK! Reason: Unsupported hardware.
[W910 12:09:34.329432368 NNPACK.cpp:56] Could not initialize NNPACK! Reason: Unsupported hardware.
[W910 12:09:34.330433956 NNPACK.cpp:56] Could not initialize NNPACK! Reason: Unsupported hardware.
[W910 12:09:34.331753105 NNPACK.cpp:56] Could not initialize NNPACK! Reason: Unsupported hardware.
[W910 12:09:34.765958805 NNPACK.cpp:56] Could not initialize NNPACK! Reason: Unsupported hardware.
[W910 12:09:34.766717647 NNPACK.cpp:56] Could not initialize NNPACK! Reason: Unsupported hardware.
[W910 12:09:34.767231240 NNPACK.cpp:56] Could not initialize NNPACK! Reason: Unsupported hardware.
[W910 12:09:34.767720636 NNPACK.cpp:56] Could not initialize NNPACK! Reason: Unsupported hardware.
[W910 12:09:34.768316987 NNPACK.cpp:56] Could not initialize NNPACK! Reason: Unsupported hardware.
[W910 12:09:34.768860225 NNPACK.cpp:56] Could not initialize NNPACK! Reason: Unsupported hardware.
[W910 12:09:34.769408576 NNPACK.cpp:56] Could not initialize NNPACK! Reason: Unsupported hardware.
[W910 12:09:34.770279390 NNPACK.cpp:56] Could not initialize NNPACK! Reason: Unsupported hardware.
[W910 12:09:35.179106256 NNPACK.cpp:56] Could not initialize NNPACK! Reason: Unsupported hardware.
[W910 12:09:35.180045743 NNPACK.cpp:56] Could not initialize NNPACK! Reason: Unsupported hardware.
[W910 12:09:35.180718687 NNPACK.cpp:56] Could not initialize NNPACK! Reason: Unsupported hardware.
[W910 12:09:35.181390589 NNPACK.cpp:56] Could not initialize NNPACK! Reason: Unsupported hardware.
[W910 12:09:35.182163120 NNPACK.cpp:56] Could not initialize NNPACK! Reason: Unsupported hardware.
[W910 12:09:35.182920687 NNPACK.cpp:56] Could not initialize NNPACK! Reason: Unsupported hardware.
[W910 12:09:35.183646014 NNPACK.cpp:56] Could not initialize NNPACK! Reason: Unsupported hardware.
[W910 12:09:35.184795047 NNPACK.cpp:56] Could not initialize NNPACK! Reason: Unsupported hardware.
[W910 12:09:35.779899209 NNPACK.cpp:56] Could not initialize NNPACK! Reason: Unsupported hardware.
[W910 12:09:35.781114801 NNPACK.cpp:56] Could not initialize NNPACK! Reason: Unsupported hardware.
[W910 12:09:35.782064980 NNPACK.cpp:56] Could not initialize NNPACK! Reason: Unsupported hardware.
[W910 12:09:35.782978073 NNPACK.cpp:56] Could not initialize NNPACK! Reason: Unsupported hardware.
[W910 12:09:35.784035209 NNPACK.cpp:56] Could not initialize NNPACK! Reason: Unsupported hardware.
[W910 12:09:35.785097070 NNPACK.cpp:56] Could not initialize NNPACK! Reason: Unsupported hardware.
[W910 12:09:35.786108993 NNPACK.cpp:56] Could not initialize NNPACK! Reason: Unsupported hardware.
[W910 12:09:35.787445354 NNPACK.cpp:56] Could not initialize NNPACK! Reason: Unsupported hardware.
[W910 12:09:36.223762644 NNPACK.cpp:56] Could not initialize NNPACK! Reason: Unsupported hardware.
[W910 12:09:36.224423021 NNPACK.cpp:56] Could not initialize NNPACK! Reason: Unsupported hardware.
[W910 12:09:36.224904628 NNPACK.cpp:56] Could not initialize NNPACK! Reason: Unsupported hardware.
[W910 12:09:36.225388688 NNPACK.cpp:56] Could not initialize NNPACK! Reason: Unsupported hardware.
[W910 12:09:36.225937812 NNPACK.cpp:56] Could not initialize NNPACK! Reason: Unsupported hardware.
[W910 12:09:36.226485958 NNPACK.cpp:56] Could not initialize NNPACK! Reason: Unsupported hardware.
[W910 12:09:36.227035431 NNPACK.cpp:56] Could not initialize NNPACK! Reason: Unsupported hardware.
[W910 12:09:36.227853278 NNPACK.cpp:56] Could not initialize NNPACK! Reason: Unsupported hardware.
[W910 12:09:36.720806550 NNPACK.cpp:56] Could not initialize NNPACK! Reason: Unsupported hardware.
[W910 12:09:36.722071231 NNPACK.cpp:56] Could not initialize NNPACK! Reason: Unsupported hardware.
[W910 12:09:36.723080200 NNPACK.cpp:56] Could not initialize NNPACK! Reason: Unsupported hardware.
[W910 12:09:36.724020678 NNPACK.cpp:56] Could not initialize NNPACK! Reason: Unsupported hardware.
[W910 12:09:36.725045950 NNPACK.cpp:56] Could not initialize NNPACK! Reason: Unsupported hardware.
[W910 12:09:36.726048807 NNPACK.cpp:56] Could not initialize NNPACK! Reason: Unsupported hardware.
[W910 12:09:36.727053906 NNPACK.cpp:56] Could not initialize NNPACK! Reason: Unsupported hardware.
[W910 12:09:36.728375597 NNPACK.cpp:56] Could not initialize NNPACK! Reason: Unsupported hardware.
[W910 12:09:37.160262372 NNPACK.cpp:56] Could not initialize NNPACK! Reason: Unsupported hardware.
[W910 12:09:37.160983329 NNPACK.cpp:56] Could not initialize NNPACK! Reason: Unsupported hardware.
[W910 12:09:37.161472375 NNPACK.cpp:56] Could not initialize NNPACK! Reason: Unsupported hardware.
[W910 12:09:37.161953521 NNPACK.cpp:56] Could not initialize NNPACK! Reason: Unsupported hardware.
[W910 12:09:37.162504120 NNPACK.cpp:56] Could not initialize NNPACK! Reason: Unsupported hardware.
[W910 12:09:37.163052073 NNPACK.cpp:56] Could not initialize NNPACK! Reason: Unsupported hardware.
[W910 12:09:37.163597950 NNPACK.cpp:56] Could not initialize NNPACK! Reason: Unsupported hardware.
[W910 12:09:37.164461497 NNPACK.cpp:56] Could not initialize NNPACK! Reason: Unsupported hardware.
[W910 12:09:37.630546119 NNPACK.cpp:56] Could not initialize NNPACK! Reason: Unsupported hardware.
[W910 12:09:37.631727473 NNPACK.cpp:56] Could not initialize NNPACK! Reason: Unsupported hardware.
[W910 12:09:37.632648262 NNPACK.cpp:56] Could not initialize NNPACK! Reason: Unsupported hardware.
[W910 12:09:37.633570696 NNPACK.cpp:56] Could not initialize NNPACK! Reason: Unsupported hardware.
[W910 12:09:37.634650393 NNPACK.cpp:56] Could not initialize NNPACK! Reason: Unsupported hardware.
[W910 12:09:37.635666418 NNPACK.cpp:56] Could not initialize NNPACK! Reason: Unsupported hardware.
[W910 12:09:37.636665085 NNPACK.cpp:56] Could not initialize NNPACK! Reason: Unsupported hardware.
[W910 12:09:37.637986630 NNPACK.cpp:56] Could not initialize NNPACK! Reason: Unsupported hardware.
[W910 12:09:38.074814439 NNPACK.cpp:56] Could not initialize NNPACK! Reason: Unsupported hardware.
[W910 12:09:38.075299517 NNPACK.cpp:56] Could not initialize NNPACK! Reason: Unsupported hardware.
[W910 12:09:38.080258228 NNPACK.cpp:56] Could not initialize NNPACK! Reason: Unsupported hardware.
[W910 12:09:38.080714654 NNPACK.cpp:56] Could not initialize NNPACK! Reason: Unsupported hardware.
[W910 12:09:38.081071174 NNPACK.cpp:56] Could not initialize NNPACK! Reason: Unsupported hardware.
[W910 12:09:38.081365970 NNPACK.cpp:56] Could not initialize NNPACK! Reason: Unsupported hardware.
[W910 12:09:38.081656107 NNPACK.cpp:56] Could not initialize NNPACK! Reason: Unsupported hardware.
[W910 12:09:38.082271619 NNPACK.cpp:56] Could not initialize NNPACK! Reason: Unsupported hardware.
[W910 12:09:38.446235167 NNPACK.cpp:56] Could not initialize NNPACK! Reason: Unsupported hardware.
[W910 12:09:38.447471500 NNPACK.cpp:56] Could not initialize NNPACK! Reason: Unsupported hardware.
[W910 12:09:38.448431866 NNPACK.cpp:56] Could not initialize NNPACK! Reason: Unsupported hardware.
[W910 12:09:38.449361817 NNPACK.cpp:56] Could not initialize NNPACK! Reason: Unsupported hardware.
[W910 12:09:38.450419163 NNPACK.cpp:56] Could not initialize NNPACK! Reason: Unsupported hardware.
[W910 12:09:38.451510875 NNPACK.cpp:56] Could not initialize NNPACK! Reason: Unsupported hardware.
[W910 12:09:38.452521632 NNPACK.cpp:56] Could not initialize NNPACK! Reason: Unsupported hardware.
[W910 12:09:38.453854575 NNPACK.cpp:56] Could not initialize NNPACK! Reason: Unsupported hardware.
[W910 12:09:38.890238138 NNPACK.cpp:56] Could not initialize NNPACK! Reason: Unsupported hardware.
[W910 12:09:38.890844328 NNPACK.cpp:56] Could not initialize NNPACK! Reason: Unsupported hardware.
[W910 12:09:38.891237389 NNPACK.cpp:56] Could not initialize NNPACK! Reason: Unsupported hardware.
[W910 12:09:38.891610060 NNPACK.cpp:56] Could not initialize NNPACK! Reason: Unsupported hardware.
[W910 12:09:38.892028829 NNPACK.cpp:56] Could not initialize NNPACK! Reason: Unsupported hardware.
[W910 12:09:38.892438092 NNPACK.cpp:56] Could not initialize NNPACK! Reason: Unsupported hardware.
[W910 12:09:38.892843745 NNPACK.cpp:56] Could not initialize NNPACK! Reason: Unsupported hardware.
[W910 12:09:38.893578001 NNPACK.cpp:56] Could not initialize NNPACK! Reason: Unsupported hardware.
[W910 12:09:39.158952540 NNPACK.cpp:56] Could not initialize NNPACK! Reason: Unsupported hardware.
[W910 12:09:39.159366265 NNPACK.cpp:56] Could not initialize NNPACK! Reason: Unsupported hardware.
[W910 12:09:39.159530824 NNPACK.cpp:56] Could not initialize NNPACK! Reason: Unsupported hardware.
[W910 12:09:39.159689416 NNPACK.cpp:56] Could not initialize NNPACK! Reason: Unsupported hardware.
[W910 12:09:39.159854162 NNPACK.cpp:56] Could not initialize NNPACK! Reason: Unsupported hardware.
[W910 12:09:39.160024233 NNPACK.cpp:56] Could not initialize NNPACK! Reason: Unsupported hardware.
[W910 12:09:39.160187751 NNPACK.cpp:56] Could not initialize NNPACK! Reason: Unsupported hardware.
[W910 12:09:39.160689519 NNPACK.cpp:56] Could not initialize NNPACK! Reason: Unsupported hardware.
[W910 12:09:39.283365569 NNPACK.cpp:56] Could not initialize NNPACK! Reason: Unsupported hardware.
[W910 12:09:39.283741053 NNPACK.cpp:56] Could not initialize NNPACK! Reason: Unsupported hardware.
[W910 12:09:39.283878381 NNPACK.cpp:56] Could not initialize NNPACK! Reason: Unsupported hardware.
[W910 12:09:39.284024174 NNPACK.cpp:56] Could not initialize NNPACK! Reason: Unsupported hardware.
[W910 12:09:39.284163260 NNPACK.cpp:56] Could not initialize NNPACK! Reason: Unsupported hardware.
[W910 12:09:39.284350649 NNPACK.cpp:56] Could not initialize NNPACK! Reason: Unsupported hardware.
[W910 12:09:39.284480251 NNPACK.cpp:56] Could not initialize NNPACK! Reason: Unsupported hardware.
[W910 12:09:39.284937830 NNPACK.cpp:56] Could not initialize NNPACK! Reason: Unsupported hardware.
[W910 12:09:39.433154015 NNPACK.cpp:56] Could not initialize NNPACK! Reason: Unsupported hardware.
[W910 12:09:39.433699824 NNPACK.cpp:56] Could not initialize NNPACK! Reason: Unsupported hardware.
[W910 12:09:39.433989057 NNPACK.cpp:56] Could not initialize NNPACK! Reason: Unsupported hardware.
[W910 12:09:39.434279626 NNPACK.cpp:56] Could not initialize NNPACK! Reason: Unsupported hardware.
[W910 12:09:39.434602501 NNPACK.cpp:56] Could not initialize NNPACK! Reason: Unsupported hardware.
[W910 12:09:39.434897376 NNPACK.cpp:56] Could not initialize NNPACK! Reason: Unsupported hardware.
[W910 12:09:39.435201102 NNPACK.cpp:56] Could not initialize NNPACK! Reason: Unsupported hardware.
[W910 12:09:39.435813164 NNPACK.cpp:56] Could not initialize NNPACK! Reason: Unsupported hardware.
[W910 12:09:39.622655315 NNPACK.cpp:56] Could not initialize NNPACK! Reason: Unsupported hardware.
[W910 12:09:39.623046461 NNPACK.cpp:56] Could not initialize NNPACK! Reason: Unsupported hardware.
[W910 12:09:39.623201218 NNPACK.cpp:56] Could not initialize NNPACK! Reason: Unsupported hardware.
[W910 12:09:39.623333701 NNPACK.cpp:56] Could not initialize NNPACK! Reason: Unsupported hardware.
[W910 12:09:39.623471646 NNPACK.cpp:56] Could not initialize NNPACK! Reason: Unsupported hardware.
[W910 12:09:39.623604546 NNPACK.cpp:56] Could not initialize NNPACK! Reason: Unsupported hardware.
[W910 12:09:39.623736410 NNPACK.cpp:56] Could not initialize NNPACK! Reason: Unsupported hardware.
[W910 12:09:39.624216224 NNPACK.cpp:56] Could not initialize NNPACK! Reason: Unsupported hardware.
[W910 12:09:39.751571315 NNPACK.cpp:56] Could not initialize NNPACK! Reason: Unsupported hardware.
[W910 12:09:39.752007737 NNPACK.cpp:56] Could not initialize NNPACK! Reason: Unsupported hardware.
[W910 12:09:39.752198061 NNPACK.cpp:56] Could not initialize NNPACK! Reason: Unsupported hardware.
[W910 12:09:39.752380182 NNPACK.cpp:56] Could not initialize NNPACK! Reason: Unsupported hardware.
[W910 12:09:39.752576694 NNPACK.cpp:56] Could not initialize NNPACK! Reason: Unsupported hardware.
[W910 12:09:39.752767364 NNPACK.cpp:56] Could not initialize NNPACK! Reason: Unsupported hardware.
[W910 12:09:39.752958434 NNPACK.cpp:56] Could not initialize NNPACK! Reason: Unsupported hardware.
[W910 12:09:39.753559662 NNPACK.cpp:56] Could not initialize NNPACK! Reason: Unsupported hardware.
[W910 12:09:39.902231427 NNPACK.cpp:56] Could not initialize NNPACK! Reason: Unsupported hardware.
[W910 12:09:39.902685013 NNPACK.cpp:56] Could not initialize NNPACK! Reason: Unsupported hardware.
[W910 12:09:39.902867333 NNPACK.cpp:56] Could not initialize NNPACK! Reason: Unsupported hardware.
[W910 12:09:39.903049010 NNPACK.cpp:56] Could not initialize NNPACK! Reason: Unsupported hardware.
[W910 12:09:39.903231386 NNPACK.cpp:56] Could not initialize NNPACK! Reason: Unsupported hardware.
[W910 12:09:39.903413281 NNPACK.cpp:56] Could not initialize NNPACK! Reason: Unsupported hardware.
[W910 12:09:39.903585663 NNPACK.cpp:56] Could not initialize NNPACK! Reason: Unsupported hardware.
[W910 12:09:39.904171629 NNPACK.cpp:56] Could not initialize NNPACK! Reason: Unsupported hardware.
[W910 12:09:40.040345372 NNPACK.cpp:56] Could not initialize NNPACK! Reason: Unsupported hardware.
[W910 12:09:40.040930979 NNPACK.cpp:56] Could not initialize NNPACK! Reason: Unsupported hardware.
[W910 12:09:40.041146515 NNPACK.cpp:56] Could not initialize NNPACK! Reason: Unsupported hardware.
[W910 12:09:40.041328526 NNPACK.cpp:56] Could not initialize NNPACK! Reason: Unsupported hardware.
[W910 12:09:40.041521053 NNPACK.cpp:56] Could not initialize NNPACK! Reason: Unsupported hardware.
[W910 12:09:40.041709393 NNPACK.cpp:56] Could not initialize NNPACK! Reason: Unsupported hardware.
[W910 12:09:40.041895807 NNPACK.cpp:56] Could not initialize NNPACK! Reason: Unsupported hardware.
[W910 12:09:40.042464925 NNPACK.cpp:56] Could not initialize NNPACK! Reason: Unsupported hardware.
[W910 12:09:40.197751161 NNPACK.cpp:56] Could not initialize NNPACK! Reason: Unsupported hardware.
[W910 12:09:40.198196207 NNPACK.cpp:56] Could not initialize NNPACK! Reason: Unsupported hardware.
[W910 12:09:40.198399546 NNPACK.cpp:56] Could not initialize NNPACK! Reason: Unsupported hardware.
[W910 12:09:40.198588784 NNPACK.cpp:56] Could not initialize NNPACK! Reason: Unsupported hardware.
[W910 12:09:40.198794844 NNPACK.cpp:56] Could not initialize NNPACK! Reason: Unsupported hardware.
[W910 12:09:40.199007144 NNPACK.cpp:56] Could not initialize NNPACK! Reason: Unsupported hardware.
[W910 12:09:40.199208640 NNPACK.cpp:56] Could not initialize NNPACK! Reason: Unsupported hardware.
[W910 12:09:40.199760387 NNPACK.cpp:56] Could not initialize NNPACK! Reason: Unsupported hardware.
[W910 12:09:40.392657554 NNPACK.cpp:56] Could not initialize NNPACK! Reason: Unsupported hardware.
[W910 12:09:40.393248834 NNPACK.cpp:56] Could not initialize NNPACK! Reason: Unsupported hardware.
[W910 12:09:40.393581101 NNPACK.cpp:56] Could not initialize NNPACK! Reason: Unsupported hardware.
[W910 12:09:40.393905961 NNPACK.cpp:56] Could not initialize NNPACK! Reason: Unsupported hardware.
[W910 12:09:40.394297570 NNPACK.cpp:56] Could not initialize NNPACK! Reason: Unsupported hardware.
[W910 12:09:40.394665452 NNPACK.cpp:56] Could not initialize NNPACK! Reason: Unsupported hardware.
[W910 12:09:40.395022816 NNPACK.cpp:56] Could not initialize NNPACK! Reason: Unsupported hardware.
[W910 12:09:40.395691662 NNPACK.cpp:56] Could not initialize NNPACK! Reason: Unsupported hardware.
[W910 12:09:40.633114415 NNPACK.cpp:56] Could not initialize NNPACK! Reason: Unsupported hardware.
[W910 12:09:40.633581477 NNPACK.cpp:56] Could not initialize NNPACK! Reason: Unsupported hardware.
[W910 12:09:40.633794537 NNPACK.cpp:56] Could not initialize NNPACK! Reason: Unsupported hardware.
[W910 12:09:40.634009757 NNPACK.cpp:56] Could not initialize NNPACK! Reason: Unsupported hardware.
[W910 12:09:40.634242633 NNPACK.cpp:56] Could not initialize NNPACK! Reason: Unsupported hardware.
[W910 12:09:40.634464559 NNPACK.cpp:56] Could not initialize NNPACK! Reason: Unsupported hardware.
[W910 12:09:40.634685365 NNPACK.cpp:56] Could not initialize NNPACK! Reason: Unsupported hardware.
[W910 12:09:40.635245427 NNPACK.cpp:56] Could not initialize NNPACK! Reason: Unsupported hardware.
[W910 12:09:40.861777089 NNPACK.cpp:56] Could not initialize NNPACK! Reason: Unsupported hardware.
[W910 12:09:40.862547937 NNPACK.cpp:56] Could not initialize NNPACK! Reason: Unsupported hardware.
[W910 12:09:40.863057932 NNPACK.cpp:56] Could not initialize NNPACK! Reason: Unsupported hardware.
[W910 12:09:40.863553120 NNPACK.cpp:56] Could not initialize NNPACK! Reason: Unsupported hardware.
[W910 12:09:40.864121257 NNPACK.cpp:56] Could not initialize NNPACK! Reason: Unsupported hardware.
[W910 12:09:40.864675772 NNPACK.cpp:56] Could not initialize NNPACK! Reason: Unsupported hardware.
[W910 12:09:40.865236802 NNPACK.cpp:56] Could not initialize NNPACK! Reason: Unsupported hardware.
[W910 12:09:40.866163153 NNPACK.cpp:56] Could not initialize NNPACK! Reason: Unsupported hardware.
[W910 12:09:41.135713382 NNPACK.cpp:56] Could not initialize NNPACK! Reason: Unsupported hardware.
[W910 12:09:41.136095915 NNPACK.cpp:56] Could not initialize NNPACK! Reason: Unsupported hardware.
[W910 12:09:41.136237946 NNPACK.cpp:56] Could not initialize NNPACK! Reason: Unsupported hardware.
[W910 12:09:41.136371200 NNPACK.cpp:56] Could not initialize NNPACK! Reason: Unsupported hardware.
[W910 12:09:41.136510508 NNPACK.cpp:56] Could not initialize NNPACK! Reason: Unsupported hardware.
[W910 12:09:41.136643257 NNPACK.cpp:56] Could not initialize NNPACK! Reason: Unsupported hardware.
[W910 12:09:41.136773848 NNPACK.cpp:56] Could not initialize NNPACK! Reason: Unsupported hardware.
[W910 12:09:41.137245923 NNPACK.cpp:56] Could not initialize NNPACK! Reason: Unsupported hardware.
[W910 12:09:41.263724012 NNPACK.cpp:56] Could not initialize NNPACK! Reason: Unsupported hardware.
[W910 12:09:41.264190300 NNPACK.cpp:56] Could not initialize NNPACK! Reason: Unsupported hardware.
[W910 12:09:41.264383782 NNPACK.cpp:56] Could not initialize NNPACK! Reason: Unsupported hardware.
[W910 12:09:41.264569994 NNPACK.cpp:56] Could not initialize NNPACK! Reason: Unsupported hardware.
[W910 12:09:41.264759963 NNPACK.cpp:56] Could not initialize NNPACK! Reason: Unsupported hardware.
[W910 12:09:41.264944242 NNPACK.cpp:56] Could not initialize NNPACK! Reason: Unsupported hardware.
[W910 12:09:41.265134660 NNPACK.cpp:56] Could not initialize NNPACK! Reason: Unsupported hardware.
[W910 12:09:41.265643554 NNPACK.cpp:56] Could not initialize NNPACK! Reason: Unsupported hardware.
[W910 12:09:41.603041910 NNPACK.cpp:56] Could not initialize NNPACK! Reason: Unsupported hardware.
[W910 12:09:41.604248500 NNPACK.cpp:56] Could not initialize NNPACK! Reason: Unsupported hardware.
[W910 12:09:41.605201622 NNPACK.cpp:56] Could not initialize NNPACK! Reason: Unsupported hardware.
[W910 12:09:41.606118422 NNPACK.cpp:56] Could not initialize NNPACK! Reason: Unsupported hardware.
[W910 12:09:41.607177177 NNPACK.cpp:56] Could not initialize NNPACK! Reason: Unsupported hardware.
[W910 12:09:41.608209947 NNPACK.cpp:56] Could not initialize NNPACK! Reason: Unsupported hardware.
[W910 12:09:41.609250278 NNPACK.cpp:56] Could not initialize NNPACK! Reason: Unsupported hardware.
[W910 12:09:41.610584340 NNPACK.cpp:56] Could not initialize NNPACK! Reason: Unsupported hardware.
[W910 12:09:42.042360461 NNPACK.cpp:56] Could not initialize NNPACK! Reason: Unsupported hardware.
[W910 12:09:42.043062497 NNPACK.cpp:56] Could not initialize NNPACK! Reason: Unsupported hardware.
[W910 12:09:42.043550433 NNPACK.cpp:56] Could not initialize NNPACK! Reason: Unsupported hardware.
[W910 12:09:42.044269789 NNPACK.cpp:56] Could not initialize NNPACK! Reason: Unsupported hardware.
[W910 12:09:42.045232917 NNPACK.cpp:56] Could not initialize NNPACK! Reason: Unsupported hardware.
[W910 12:09:42.045872025 NNPACK.cpp:56] Could not initialize NNPACK! Reason: Unsupported hardware.
[W910 12:09:42.046457925 NNPACK.cpp:56] Could not initialize NNPACK! Reason: Unsupported hardware.
[W910 12:09:42.047388999 NNPACK.cpp:56] Could not initialize NNPACK! Reason: Unsupported hardware.
[W910 12:09:42.394748517 NNPACK.cpp:56] Could not initialize NNPACK! Reason: Unsupported hardware.
[W910 12:09:42.395307956 NNPACK.cpp:56] Could not initialize NNPACK! Reason: Unsupported hardware.
[W910 12:09:42.395589814 NNPACK.cpp:56] Could not initialize NNPACK! Reason: Unsupported hardware.
[W910 12:09:42.395863498 NNPACK.cpp:56] Could not initialize NNPACK! Reason: Unsupported hardware.
[W910 12:09:42.396177794 NNPACK.cpp:56] Could not initialize NNPACK! Reason: Unsupported hardware.
[W910 12:09:42.396482600 NNPACK.cpp:56] Could not initialize NNPACK! Reason: Unsupported hardware.
[W910 12:09:42.396783241 NNPACK.cpp:56] Could not initialize NNPACK! Reason: Unsupported hardware.
[W910 12:09:42.397417984 NNPACK.cpp:56] Could not initialize NNPACK! Reason: Unsupported hardware.
[W910 12:09:42.819119237 NNPACK.cpp:56] Could not initialize NNPACK! Reason: Unsupported hardware.
[W910 12:09:42.820336330 NNPACK.cpp:56] Could not initialize NNPACK! Reason: Unsupported hardware.
[W910 12:09:42.821289170 NNPACK.cpp:56] Could not initialize NNPACK! Reason: Unsupported hardware.
[W910 12:09:42.822232039 NNPACK.cpp:56] Could not initialize NNPACK! Reason: Unsupported hardware.
[W910 12:09:42.823258302 NNPACK.cpp:56] Could not initialize NNPACK! Reason: Unsupported hardware.
[W910 12:09:42.824285257 NNPACK.cpp:56] Could not initialize NNPACK! Reason: Unsupported hardware.
[W910 12:09:42.825285186 NNPACK.cpp:56] Could not initialize NNPACK! Reason: Unsupported hardware.
[W910 12:09:42.826607233 NNPACK.cpp:56] Could not initialize NNPACK! Reason: Unsupported hardware.
[W910 12:09:43.263043553 NNPACK.cpp:56] Could not initialize NNPACK! Reason: Unsupported hardware.
[W910 12:09:43.263793385 NNPACK.cpp:56] Could not initialize NNPACK! Reason: Unsupported hardware.
[W910 12:09:43.264299990 NNPACK.cpp:56] Could not initialize NNPACK! Reason: Unsupported hardware.
[W910 12:09:43.268827590 NNPACK.cpp:56] Could not initialize NNPACK! Reason: Unsupported hardware.
[W910 12:09:43.269463390 NNPACK.cpp:56] Could not initialize NNPACK! Reason: Unsupported hardware.
[W910 12:09:43.270038691 NNPACK.cpp:56] Could not initialize NNPACK! Reason: Unsupported hardware.
[W910 12:09:43.270598357 NNPACK.cpp:56] Could not initialize NNPACK! Reason: Unsupported hardware.
[W910 12:09:43.271498420 NNPACK.cpp:56] Could not initialize NNPACK! Reason: Unsupported hardware.
[W910 12:09:43.762670671 NNPACK.cpp:56] Could not initialize NNPACK! Reason: Unsupported hardware.
[W910 12:09:43.763901091 NNPACK.cpp:56] Could not initialize NNPACK! Reason: Unsupported hardware.
[W910 12:09:43.764866366 NNPACK.cpp:56] Could not initialize NNPACK! Reason: Unsupported hardware.
[W910 12:09:43.765823535 NNPACK.cpp:56] Could not initialize NNPACK! Reason: Unsupported hardware.
[W910 12:09:43.766868626 NNPACK.cpp:56] Could not initialize NNPACK! Reason: Unsupported hardware.
[W910 12:09:43.767970792 NNPACK.cpp:56] Could not initialize NNPACK! Reason: Unsupported hardware.
[W910 12:09:43.768998198 NNPACK.cpp:56] Could not initialize NNPACK! Reason: Unsupported hardware.
[W910 12:09:43.770361818 NNPACK.cpp:56] Could not initialize NNPACK! Reason: Unsupported hardware.
[W910 12:09:44.202336514 NNPACK.cpp:56] Could not initialize NNPACK! Reason: Unsupported hardware.
[W910 12:09:44.203006728 NNPACK.cpp:56] Could not initialize NNPACK! Reason: Unsupported hardware.
[W910 12:09:44.203493246 NNPACK.cpp:56] Could not initialize NNPACK! Reason: Unsupported hardware.
[W910 12:09:44.203973600 NNPACK.cpp:56] Could not initialize NNPACK! Reason: Unsupported hardware.
[W910 12:09:44.204529224 NNPACK.cpp:56] Could not initialize NNPACK! Reason: Unsupported hardware.
[W910 12:09:44.205081995 NNPACK.cpp:56] Could not initialize NNPACK! Reason: Unsupported hardware.
[W910 12:09:44.205628375 NNPACK.cpp:56] Could not initialize NNPACK! Reason: Unsupported hardware.
[W910 12:09:44.206480333 NNPACK.cpp:56] Could not initialize NNPACK! Reason: Unsupported hardware.
[W910 12:09:44.701359973 NNPACK.cpp:56] Could not initialize NNPACK! Reason: Unsupported hardware.
[W910 12:09:44.702570008 NNPACK.cpp:56] Could not initialize NNPACK! Reason: Unsupported hardware.
[W910 12:09:44.703521994 NNPACK.cpp:56] Could not initialize NNPACK! Reason: Unsupported hardware.
[W910 12:09:44.704458353 NNPACK.cpp:56] Could not initialize NNPACK! Reason: Unsupported hardware.
[W910 12:09:44.705491395 NNPACK.cpp:56] Could not initialize NNPACK! Reason: Unsupported hardware.
[W910 12:09:44.706516237 NNPACK.cpp:56] Could not initialize NNPACK! Reason: Unsupported hardware.
[W910 12:09:44.707581802 NNPACK.cpp:56] Could not initialize NNPACK! Reason: Unsupported hardware.
[W910 12:09:44.708981791 NNPACK.cpp:56] Could not initialize NNPACK! Reason: Unsupported hardware.
[W910 12:09:45.142331623 NNPACK.cpp:56] Could not initialize NNPACK! Reason: Unsupported hardware.
[W910 12:09:45.142996852 NNPACK.cpp:56] Could not initialize NNPACK! Reason: Unsupported hardware.
[W910 12:09:45.143486407 NNPACK.cpp:56] Could not initialize NNPACK! Reason: Unsupported hardware.
[W910 12:09:45.143961737 NNPACK.cpp:56] Could not initialize NNPACK! Reason: Unsupported hardware.
[W910 12:09:45.144510991 NNPACK.cpp:56] Could not initialize NNPACK! Reason: Unsupported hardware.
[W910 12:09:45.145079547 NNPACK.cpp:56] Could not initialize NNPACK! Reason: Unsupported hardware.
[W910 12:09:45.145623647 NNPACK.cpp:56] Could not initialize NNPACK! Reason: Unsupported hardware.
[W910 12:09:45.146454615 NNPACK.cpp:56] Could not initialize NNPACK! Reason: Unsupported hardware.
[W910 12:09:45.640324813 NNPACK.cpp:56] Could not initialize NNPACK! Reason: Unsupported hardware.
[W910 12:09:45.641548758 NNPACK.cpp:56] Could not initialize NNPACK! Reason: Unsupported hardware.
[W910 12:09:45.642507945 NNPACK.cpp:56] Could not initialize NNPACK! Reason: Unsupported hardware.
[W910 12:09:45.643466084 NNPACK.cpp:56] Could not initialize NNPACK! Reason: Unsupported hardware.
[W910 12:09:45.644547355 NNPACK.cpp:56] Could not initialize NNPACK! Reason: Unsupported hardware.
[W910 12:09:45.645555528 NNPACK.cpp:56] Could not initialize NNPACK! Reason: Unsupported hardware.
[W910 12:09:45.646595811 NNPACK.cpp:56] Could not initialize NNPACK! Reason: Unsupported hardware.
[W910 12:09:45.647936130 NNPACK.cpp:56] Could not initialize NNPACK! Reason: Unsupported hardware.
[W910 12:09:46.078326728 NNPACK.cpp:56] Could not initialize NNPACK! Reason: Unsupported hardware.
[W910 12:09:46.078992899 NNPACK.cpp:56] Could not initialize NNPACK! Reason: Unsupported hardware.
[W910 12:09:46.079482123 NNPACK.cpp:56] Could not initialize NNPACK! Reason: Unsupported hardware.
[W910 12:09:46.079967439 NNPACK.cpp:56] Could not initialize NNPACK! Reason: Unsupported hardware.
[W910 12:09:46.080520800 NNPACK.cpp:56] Could not initialize NNPACK! Reason: Unsupported hardware.
[W910 12:09:46.081074961 NNPACK.cpp:56] Could not initialize NNPACK! Reason: Unsupported hardware.
[W910 12:09:46.081624713 NNPACK.cpp:56] Could not initialize NNPACK! Reason: Unsupported hardware.
[W910 12:09:46.082468432 NNPACK.cpp:56] Could not initialize NNPACK! Reason: Unsupported hardware.
[W910 12:09:46.576710635 NNPACK.cpp:56] Could not initialize NNPACK! Reason: Unsupported hardware.
[W910 12:09:46.577927108 NNPACK.cpp:56] Could not initialize NNPACK! Reason: Unsupported hardware.
[W910 12:09:46.578878709 NNPACK.cpp:56] Could not initialize NNPACK! Reason: Unsupported hardware.
[W910 12:09:46.579820747 NNPACK.cpp:56] Could not initialize NNPACK! Reason: Unsupported hardware.
[W910 12:09:46.580869398 NNPACK.cpp:56] Could not initialize NNPACK! Reason: Unsupported hardware.
[W910 12:09:46.581865171 NNPACK.cpp:56] Could not initialize NNPACK! Reason: Unsupported hardware.
[W910 12:09:46.582861111 NNPACK.cpp:56] Could not initialize NNPACK! Reason: Unsupported hardware.
[W910 12:09:46.584200841 NNPACK.cpp:56] Could not initialize NNPACK! Reason: Unsupported hardware.
[W910 12:09:47.018307641 NNPACK.cpp:56] Could not initialize NNPACK! Reason: Unsupported hardware.
[W910 12:09:47.018987895 NNPACK.cpp:56] Could not initialize NNPACK! Reason: Unsupported hardware.
[W910 12:09:47.019479016 NNPACK.cpp:56] Could not initialize NNPACK! Reason: Unsupported hardware.
[W910 12:09:47.019961428 NNPACK.cpp:56] Could not initialize NNPACK! Reason: Unsupported hardware.
[W910 12:09:47.020511372 NNPACK.cpp:56] Could not initialize NNPACK! Reason: Unsupported hardware.
[W910 12:09:47.021058044 NNPACK.cpp:56] Could not initialize NNPACK! Reason: Unsupported hardware.
[W910 12:09:47.021619127 NNPACK.cpp:56] Could not initialize NNPACK! Reason: Unsupported hardware.
[W910 12:09:47.022463693 NNPACK.cpp:56] Could not initialize NNPACK! Reason: Unsupported hardware.
[W910 12:09:47.512701816 NNPACK.cpp:56] Could not initialize NNPACK! Reason: Unsupported hardware.
[W910 12:09:47.513925105 NNPACK.cpp:56] Could not initialize NNPACK! Reason: Unsupported hardware.
[W910 12:09:47.514880953 NNPACK.cpp:56] Could not initialize NNPACK! Reason: Unsupported hardware.
[W910 12:09:47.515804962 NNPACK.cpp:56] Could not initialize NNPACK! Reason: Unsupported hardware.
[W910 12:09:47.516863129 NNPACK.cpp:56] Could not initialize NNPACK! Reason: Unsupported hardware.
[W910 12:09:47.517888748 NNPACK.cpp:56] Could not initialize NNPACK! Reason: Unsupported hardware.
[W910 12:09:47.518891703 NNPACK.cpp:56] Could not initialize NNPACK! Reason: Unsupported hardware.
[W910 12:09:47.520223503 NNPACK.cpp:56] Could not initialize NNPACK! Reason: Unsupported hardware.
[W910 12:09:48.957071342 NNPACK.cpp:56] Could not initialize NNPACK! Reason: Unsupported hardware.
[W910 12:09:48.957797674 NNPACK.cpp:56] Could not initialize NNPACK! Reason: Unsupported hardware.
[W910 12:09:48.958296075 NNPACK.cpp:56] Could not initialize NNPACK! Reason: Unsupported hardware.
[W910 12:09:48.958781077 NNPACK.cpp:56] Could not initialize NNPACK! Reason: Unsupported hardware.
[W910 12:09:48.959340393 NNPACK.cpp:56] Could not initialize NNPACK! Reason: Unsupported hardware.
[W910 12:09:48.959909667 NNPACK.cpp:56] Could not initialize NNPACK! Reason: Unsupported hardware.
[W910 12:09:48.960538384 NNPACK.cpp:56] Could not initialize NNPACK! Reason: Unsupported hardware.
[W910 12:09:48.961465131 NNPACK.cpp:56] Could not initialize NNPACK! Reason: Unsupported hardware.
[W910 12:09:48.315068070 NNPACK.cpp:56] Could not initialize NNPACK! Reason: Unsupported hardware.
[W910 12:09:48.315641606 NNPACK.cpp:56] Could not initialize NNPACK! Reason: Unsupported hardware.
[W910 12:09:48.315954010 NNPACK.cpp:56] Could not initialize NNPACK! Reason: Unsupported hardware.
[W910 12:09:48.316272581 NNPACK.cpp:56] Could not initialize NNPACK! Reason: Unsupported hardware.
[W910 12:09:48.320508559 NNPACK.cpp:56] Could not initialize NNPACK! Reason: Unsupported hardware.
[W910 12:09:48.320885501 NNPACK.cpp:56] Could not initialize NNPACK! Reason: Unsupported hardware.
[W910 12:09:48.321267327 NNPACK.cpp:56] Could not initialize NNPACK! Reason: Unsupported hardware.
[W910 12:09:48.321934887 NNPACK.cpp:56] Could not initialize NNPACK! Reason: Unsupported hardware.
[W910 12:09:48.596541839 NNPACK.cpp:56] Could not initialize NNPACK! Reason: Unsupported hardware.
[W910 12:09:48.597222819 NNPACK.cpp:56] Could not initialize NNPACK! Reason: Unsupported hardware.
[W910 12:09:48.597617073 NNPACK.cpp:56] Could not initialize NNPACK! Reason: Unsupported hardware.
[W910 12:09:48.598026775 NNPACK.cpp:56] Could not initialize NNPACK! Reason: Unsupported hardware.
[W910 12:09:48.598502120 NNPACK.cpp:56] Could not initialize NNPACK! Reason: Unsupported hardware.
[W910 12:09:48.598988940 NNPACK.cpp:56] Could not initialize NNPACK! Reason: Unsupported hardware.
[W910 12:09:48.599495155 NNPACK.cpp:56] Could not initialize NNPACK! Reason: Unsupported hardware.
[W910 12:09:48.600399981 NNPACK.cpp:56] Could not initialize NNPACK! Reason: Unsupported hardware.
[W910 12:09:48.856794586 NNPACK.cpp:56] Could not initialize NNPACK! Reason: Unsupported hardware.
[W910 12:09:48.857184005 NNPACK.cpp:56] Could not initialize NNPACK! Reason: Unsupported hardware.
[W910 12:09:48.857322597 NNPACK.cpp:56] Could not initialize NNPACK! Reason: Unsupported hardware.
[W910 12:09:48.857453366 NNPACK.cpp:56] Could not initialize NNPACK! Reason: Unsupported hardware.
[W910 12:09:48.857597467 NNPACK.cpp:56] Could not initialize NNPACK! Reason: Unsupported hardware.
[W910 12:09:48.857726488 NNPACK.cpp:56] Could not initialize NNPACK! Reason: Unsupported hardware.
[W910 12:09:48.857854821 NNPACK.cpp:56] Could not initialize NNPACK! Reason: Unsupported hardware.
[W910 12:09:48.858334264 NNPACK.cpp:56] Could not initialize NNPACK! Reason: Unsupported hardware.
[W910 12:09:49.026664857 NNPACK.cpp:56] Could not initialize NNPACK! Reason: Unsupported hardware.
[W910 12:09:49.027283826 NNPACK.cpp:56] Could not initialize NNPACK! Reason: Unsupported hardware.
[W910 12:09:49.027641787 NNPACK.cpp:56] Could not initialize NNPACK! Reason: Unsupported hardware.
[W910 12:09:49.027997499 NNPACK.cpp:56] Could not initialize NNPACK! Reason: Unsupported hardware.
[W910 12:09:49.028391698 NNPACK.cpp:56] Could not initialize NNPACK! Reason: Unsupported hardware.
[W910 12:09:49.028769107 NNPACK.cpp:56] Could not initialize NNPACK! Reason: Unsupported hardware.
[W910 12:09:49.029155271 NNPACK.cpp:56] Could not initialize NNPACK! Reason: Unsupported hardware.
[W910 12:09:49.029854647 NNPACK.cpp:56] Could not initialize NNPACK! Reason: Unsupported hardware.
[W910 12:09:49.258978063 NNPACK.cpp:56] Could not initialize NNPACK! Reason: Unsupported hardware.
[W910 12:09:49.259373026 NNPACK.cpp:56] Could not initialize NNPACK! Reason: Unsupported hardware.
[W910 12:09:49.259517100 NNPACK.cpp:56] Could not initialize NNPACK! Reason: Unsupported hardware.
[W910 12:09:49.259653766 NNPACK.cpp:56] Could not initialize NNPACK! Reason: Unsupported hardware.
[W910 12:09:49.259796892 NNPACK.cpp:56] Could not initialize NNPACK! Reason: Unsupported hardware.
[W910 12:09:49.259934915 NNPACK.cpp:56] Could not initialize NNPACK! Reason: Unsupported hardware.
[W910 12:09:49.260090152 NNPACK.cpp:56] Could not initialize NNPACK! Reason: Unsupported hardware.
[W910 12:09:49.260580976 NNPACK.cpp:56] Could not initialize NNPACK! Reason: Unsupported hardware.
[W910 12:09:49.375899757 NNPACK.cpp:56] Could not initialize NNPACK! Reason: Unsupported hardware.
[W910 12:09:49.376305231 NNPACK.cpp:56] Could not initialize NNPACK! Reason: Unsupported hardware.
[W910 12:09:49.376453241 NNPACK.cpp:56] Could not initialize NNPACK! Reason: Unsupported hardware.
[W910 12:09:49.376590020 NNPACK.cpp:56] Could not initialize NNPACK! Reason: Unsupported hardware.
[W910 12:09:49.376738714 NNPACK.cpp:56] Could not initialize NNPACK! Reason: Unsupported hardware.
[W910 12:09:49.376869741 NNPACK.cpp:56] Could not initialize NNPACK! Reason: Unsupported hardware.
[W910 12:09:49.377006358 NNPACK.cpp:56] Could not initialize NNPACK! Reason: Unsupported hardware.
[W910 12:09:49.377503068 NNPACK.cpp:56] Could not initialize NNPACK! Reason: Unsupported hardware.
[W910 12:09:49.720682364 NNPACK.cpp:56] Could not initialize NNPACK! Reason: Unsupported hardware.
[W910 12:09:49.721899089 NNPACK.cpp:56] Could not initialize NNPACK! Reason: Unsupported hardware.
[W910 12:09:49.722860233 NNPACK.cpp:56] Could not initialize NNPACK! Reason: Unsupported hardware.
[W910 12:09:49.723809283 NNPACK.cpp:56] Could not initialize NNPACK! Reason: Unsupported hardware.
[W910 12:09:49.724837986 NNPACK.cpp:56] Could not initialize NNPACK! Reason: Unsupported hardware.
[W910 12:09:49.725953586 NNPACK.cpp:56] Could not initialize NNPACK! Reason: Unsupported hardware.
[W910 12:09:49.726989844 NNPACK.cpp:56] Could not initialize NNPACK! Reason: Unsupported hardware.
[W910 12:09:49.728359329 NNPACK.cpp:56] Could not initialize NNPACK! Reason: Unsupported hardware.
[W910 12:09:50.161489858 NNPACK.cpp:56] Could not initialize NNPACK! Reason: Unsupported hardware.
[W910 12:09:50.162254157 NNPACK.cpp:56] Could not initialize NNPACK! Reason: Unsupported hardware.
[W910 12:09:50.162745325 NNPACK.cpp:56] Could not initialize NNPACK! Reason: Unsupported hardware.
[W910 12:09:50.163237083 NNPACK.cpp:56] Could not initialize NNPACK! Reason: Unsupported hardware.
[W910 12:09:50.163790049 NNPACK.cpp:56] Could not initialize NNPACK! Reason: Unsupported hardware.
[W910 12:09:50.164346528 NNPACK.cpp:56] Could not initialize NNPACK! Reason: Unsupported hardware.
[W910 12:09:50.164898257 NNPACK.cpp:56] Could not initialize NNPACK! Reason: Unsupported hardware.
[W910 12:09:50.165775904 NNPACK.cpp:56] Could not initialize NNPACK! Reason: Unsupported hardware.
[W910 12:09:50.658935965 NNPACK.cpp:56] Could not initialize NNPACK! Reason: Unsupported hardware.
[W910 12:09:50.660157484 NNPACK.cpp:56] Could not initialize NNPACK! Reason: Unsupported hardware.
[W910 12:09:50.661113517 NNPACK.cpp:56] Could not initialize NNPACK! Reason: Unsupported hardware.
[W910 12:09:50.662063649 NNPACK.cpp:56] Could not initialize NNPACK! Reason: Unsupported hardware.
[W910 12:09:50.663123041 NNPACK.cpp:56] Could not initialize NNPACK! Reason: Unsupported hardware.
[W910 12:09:50.664174682 NNPACK.cpp:56] Could not initialize NNPACK! Reason: Unsupported hardware.
[W910 12:09:50.665199979 NNPACK.cpp:56] Could not initialize NNPACK! Reason: Unsupported hardware.
[W910 12:09:50.666544625 NNPACK.cpp:56] Could not initialize NNPACK! Reason: Unsupported hardware.
[W910 12:09:51.100469119 NNPACK.cpp:56] Could not initialize NNPACK! Reason: Unsupported hardware.
[W910 12:09:51.101177225 NNPACK.cpp:56] Could not initialize NNPACK! Reason: Unsupported hardware.
[W910 12:09:51.101689116 NNPACK.cpp:56] Could not initialize NNPACK! Reason: Unsupported hardware.
[W910 12:09:51.102198503 NNPACK.cpp:56] Could not initialize NNPACK! Reason: Unsupported hardware.
[W910 12:09:51.102760328 NNPACK.cpp:56] Could not initialize NNPACK! Reason: Unsupported hardware.
[W910 12:09:51.103339858 NNPACK.cpp:56] Could not initialize NNPACK! Reason: Unsupported hardware.
[W910 12:09:51.103901167 NNPACK.cpp:56] Could not initialize NNPACK! Reason: Unsupported hardware.
[W910 12:09:51.104772834 NNPACK.cpp:56] Could not initialize NNPACK! Reason: Unsupported hardware.
[W910 12:09:51.596186328 NNPACK.cpp:56] Could not initialize NNPACK! Reason: Unsupported hardware.
[W910 12:09:51.597393941 NNPACK.cpp:56] Could not initialize NNPACK! Reason: Unsupported hardware.
[W910 12:09:51.598344574 NNPACK.cpp:56] Could not initialize NNPACK! Reason: Unsupported hardware.
[W910 12:09:51.599287508 NNPACK.cpp:56] Could not initialize NNPACK! Reason: Unsupported hardware.
[W910 12:09:51.600360972 NNPACK.cpp:56] Could not initialize NNPACK! Reason: Unsupported hardware.
[W910 12:09:51.601357614 NNPACK.cpp:56] Could not initialize NNPACK! Reason: Unsupported hardware.
[W910 12:09:51.602383165 NNPACK.cpp:56] Could not initialize NNPACK! Reason: Unsupported hardware.
[W910 12:09:51.603707941 NNPACK.cpp:56] Could not initialize NNPACK! Reason: Unsupported hardware.
[W910 12:09:52.037641075 NNPACK.cpp:56] Could not initialize NNPACK! Reason: Unsupported hardware.
[W910 12:09:52.038336817 NNPACK.cpp:56] Could not initialize NNPACK! Reason: Unsupported hardware.
[W910 12:09:52.038820395 NNPACK.cpp:56] Could not initialize NNPACK! Reason: Unsupported hardware.
[W910 12:09:52.039352740 NNPACK.cpp:56] Could not initialize NNPACK! Reason: Unsupported hardware.
[W910 12:09:52.039916570 NNPACK.cpp:56] Could not initialize NNPACK! Reason: Unsupported hardware.
[W910 12:09:52.040483277 NNPACK.cpp:56] Could not initialize NNPACK! Reason: Unsupported hardware.
[W910 12:09:52.041032147 NNPACK.cpp:56] Could not initialize NNPACK! Reason: Unsupported hardware.
[W910 12:09:52.041868957 NNPACK.cpp:56] Could not initialize NNPACK! Reason: Unsupported hardware.
[W910 12:09:52.538031423 NNPACK.cpp:56] Could not initialize NNPACK! Reason: Unsupported hardware.
[W910 12:09:52.539254367 NNPACK.cpp:56] Could not initialize NNPACK! Reason: Unsupported hardware.
[W910 12:09:52.540202974 NNPACK.cpp:56] Could not initialize NNPACK! Reason: Unsupported hardware.
[W910 12:09:52.541118368 NNPACK.cpp:56] Could not initialize NNPACK! Reason: Unsupported hardware.
[W910 12:09:52.542168042 NNPACK.cpp:56] Could not initialize NNPACK! Reason: Unsupported hardware.
[W910 12:09:52.543171616 NNPACK.cpp:56] Could not initialize NNPACK! Reason: Unsupported hardware.
[W910 12:09:52.544170182 NNPACK.cpp:56] Could not initialize NNPACK! Reason: Unsupported hardware.
[W910 12:09:52.545509311 NNPACK.cpp:56] Could not initialize NNPACK! Reason: Unsupported hardware.
[W910 12:09:53.978329505 NNPACK.cpp:56] Could not initialize NNPACK! Reason: Unsupported hardware.
[W910 12:09:53.979058953 NNPACK.cpp:56] Could not initialize NNPACK! Reason: Unsupported hardware.
[W910 12:09:53.979547307 NNPACK.cpp:56] Could not initialize NNPACK! Reason: Unsupported hardware.
[W910 12:09:53.980031935 NNPACK.cpp:56] Could not initialize NNPACK! Reason: Unsupported hardware.
[W910 12:09:53.980580572 NNPACK.cpp:56] Could not initialize NNPACK! Reason: Unsupported hardware.
[W910 12:09:53.981131704 NNPACK.cpp:56] Could not initialize NNPACK! Reason: Unsupported hardware.
[W910 12:09:53.981678714 NNPACK.cpp:56] Could not initialize NNPACK! Reason: Unsupported hardware.
[W910 12:09:53.982546996 NNPACK.cpp:56] Could not initialize NNPACK! Reason: Unsupported hardware.
[W910 12:09:53.477331811 NNPACK.cpp:56] Could not initialize NNPACK! Reason: Unsupported hardware.
[W910 12:09:53.478571083 NNPACK.cpp:56] Could not initialize NNPACK! Reason: Unsupported hardware.
[W910 12:09:53.483534282 NNPACK.cpp:56] Could not initialize NNPACK! Reason: Unsupported hardware.
[W910 12:09:53.484420511 NNPACK.cpp:56] Could not initialize NNPACK! Reason: Unsupported hardware.
[W910 12:09:53.485488074 NNPACK.cpp:56] Could not initialize NNPACK! Reason: Unsupported hardware.
[W910 12:09:53.486527752 NNPACK.cpp:56] Could not initialize NNPACK! Reason: Unsupported hardware.
[W910 12:09:53.487564122 NNPACK.cpp:56] Could not initialize NNPACK! Reason: Unsupported hardware.
[W910 12:09:53.488922594 NNPACK.cpp:56] Could not initialize NNPACK! Reason: Unsupported hardware.
[W910 12:09:53.918766752 NNPACK.cpp:56] Could not initialize NNPACK! Reason: Unsupported hardware.
[W910 12:09:53.919527917 NNPACK.cpp:56] Could not initialize NNPACK! Reason: Unsupported hardware.
[W910 12:09:53.920043172 NNPACK.cpp:56] Could not initialize NNPACK! Reason: Unsupported hardware.
[W910 12:09:53.920540080 NNPACK.cpp:56] Could not initialize NNPACK! Reason: Unsupported hardware.
[W910 12:09:53.921116225 NNPACK.cpp:56] Could not initialize NNPACK! Reason: Unsupported hardware.
[W910 12:09:53.921713513 NNPACK.cpp:56] Could not initialize NNPACK! Reason: Unsupported hardware.
[W910 12:09:53.922269603 NNPACK.cpp:56] Could not initialize NNPACK! Reason: Unsupported hardware.
[W910 12:09:53.923220733 NNPACK.cpp:56] Could not initialize NNPACK! Reason: Unsupported hardware.
[W910 12:09:54.419369656 NNPACK.cpp:56] Could not initialize NNPACK! Reason: Unsupported hardware.
[W910 12:09:54.420588119 NNPACK.cpp:56] Could not initialize NNPACK! Reason: Unsupported hardware.
[W910 12:09:54.421546668 NNPACK.cpp:56] Could not initialize NNPACK! Reason: Unsupported hardware.
[W910 12:09:54.422468789 NNPACK.cpp:56] Could not initialize NNPACK! Reason: Unsupported hardware.
[W910 12:09:54.423483909 NNPACK.cpp:56] Could not initialize NNPACK! Reason: Unsupported hardware.
[W910 12:09:54.424536594 NNPACK.cpp:56] Could not initialize NNPACK! Reason: Unsupported hardware.
[W910 12:09:54.425580634 NNPACK.cpp:56] Could not initialize NNPACK! Reason: Unsupported hardware.
[W910 12:09:54.426914882 NNPACK.cpp:56] Could not initialize NNPACK! Reason: Unsupported hardware.
[W910 12:09:54.862548019 NNPACK.cpp:56] Could not initialize NNPACK! Reason: Unsupported hardware.
[W910 12:09:54.863290057 NNPACK.cpp:56] Could not initialize NNPACK! Reason: Unsupported hardware.
[W910 12:09:54.863778595 NNPACK.cpp:56] Could not initialize NNPACK! Reason: Unsupported hardware.
[W910 12:09:54.864268309 NNPACK.cpp:56] Could not initialize NNPACK! Reason: Unsupported hardware.
[W910 12:09:54.864820600 NNPACK.cpp:56] Could not initialize NNPACK! Reason: Unsupported hardware.
[W910 12:09:54.865398617 NNPACK.cpp:56] Could not initialize NNPACK! Reason: Unsupported hardware.
[W910 12:09:54.865947853 NNPACK.cpp:56] Could not initialize NNPACK! Reason: Unsupported hardware.
[W910 12:09:54.866889106 NNPACK.cpp:56] Could not initialize NNPACK! Reason: Unsupported hardware.
[W910 12:09:55.246039098 NNPACK.cpp:56] Could not initialize NNPACK! Reason: Unsupported hardware.
[W910 12:09:55.246782821 NNPACK.cpp:56] Could not initialize NNPACK! Reason: Unsupported hardware.
[W910 12:09:55.247290644 NNPACK.cpp:56] Could not initialize NNPACK! Reason: Unsupported hardware.
[W910 12:09:55.247769051 NNPACK.cpp:56] Could not initialize NNPACK! Reason: Unsupported hardware.
[W910 12:09:55.248349672 NNPACK.cpp:56] Could not initialize NNPACK! Reason: Unsupported hardware.
[W910 12:09:55.248869392 NNPACK.cpp:56] Could not initialize NNPACK! Reason: Unsupported hardware.
[W910 12:09:55.249398264 NNPACK.cpp:56] Could not initialize NNPACK! Reason: Unsupported hardware.
[W910 12:09:55.250276081 NNPACK.cpp:56] Could not initialize NNPACK! Reason: Unsupported hardware.
[W910 12:09:55.671019151 NNPACK.cpp:56] Could not initialize NNPACK! Reason: Unsupported hardware.
[W910 12:09:55.672247161 NNPACK.cpp:56] Could not initialize NNPACK! Reason: Unsupported hardware.
[W910 12:09:55.673211810 NNPACK.cpp:56] Could not initialize NNPACK! Reason: Unsupported hardware.
[W910 12:09:55.674166645 NNPACK.cpp:56] Could not initialize NNPACK! Reason: Unsupported hardware.
[W910 12:09:55.675235864 NNPACK.cpp:56] Could not initialize NNPACK! Reason: Unsupported hardware.
[W910 12:09:55.676264991 NNPACK.cpp:56] Could not initialize NNPACK! Reason: Unsupported hardware.
[W910 12:09:55.677298894 NNPACK.cpp:56] Could not initialize NNPACK! Reason: Unsupported hardware.
[W910 12:09:55.678685253 NNPACK.cpp:56] Could not initialize NNPACK! Reason: Unsupported hardware.
[W910 12:09:56.113713636 NNPACK.cpp:56] Could not initialize NNPACK! Reason: Unsupported hardware.
[W910 12:09:56.114142464 NNPACK.cpp:56] Could not initialize NNPACK! Reason: Unsupported hardware.
[W910 12:09:56.114369582 NNPACK.cpp:56] Could not initialize NNPACK! Reason: Unsupported hardware.
[W910 12:09:56.114571744 NNPACK.cpp:56] Could not initialize NNPACK! Reason: Unsupported hardware.
[W910 12:09:56.114784619 NNPACK.cpp:56] Could not initialize NNPACK! Reason: Unsupported hardware.
[W910 12:09:56.114994499 NNPACK.cpp:56] Could not initialize NNPACK! Reason: Unsupported hardware.
[W910 12:09:56.115209123 NNPACK.cpp:56] Could not initialize NNPACK! Reason: Unsupported hardware.
[W910 12:09:56.115731269 NNPACK.cpp:56] Could not initialize NNPACK! Reason: Unsupported hardware.
[W910 12:09:56.502483300 NNPACK.cpp:56] Could not initialize NNPACK! Reason: Unsupported hardware.
[W910 12:09:56.503683839 NNPACK.cpp:56] Could not initialize NNPACK! Reason: Unsupported hardware.
[W910 12:09:56.504631533 NNPACK.cpp:56] Could not initialize NNPACK! Reason: Unsupported hardware.
[W910 12:09:56.505538221 NNPACK.cpp:56] Could not initialize NNPACK! Reason: Unsupported hardware.
[W910 12:09:56.506565003 NNPACK.cpp:56] Could not initialize NNPACK! Reason: Unsupported hardware.
[W910 12:09:56.507570282 NNPACK.cpp:56] Could not initialize NNPACK! Reason: Unsupported hardware.
[W910 12:09:56.508564372 NNPACK.cpp:56] Could not initialize NNPACK! Reason: Unsupported hardware.
[W910 12:09:56.509903453 NNPACK.cpp:56] Could not initialize NNPACK! Reason: Unsupported hardware.
[W910 12:09:57.945850404 NNPACK.cpp:56] Could not initialize NNPACK! Reason: Unsupported hardware.
[W910 12:09:57.946578353 NNPACK.cpp:56] Could not initialize NNPACK! Reason: Unsupported hardware.
[W910 12:09:57.947067369 NNPACK.cpp:56] Could not initialize NNPACK! Reason: Unsupported hardware.
[W910 12:09:57.947551603 NNPACK.cpp:56] Could not initialize NNPACK! Reason: Unsupported hardware.
[W910 12:09:57.948161974 NNPACK.cpp:56] Could not initialize NNPACK! Reason: Unsupported hardware.
[W910 12:09:57.948705355 NNPACK.cpp:56] Could not initialize NNPACK! Reason: Unsupported hardware.
[W910 12:09:57.949273914 NNPACK.cpp:56] Could not initialize NNPACK! Reason: Unsupported hardware.
[W910 12:09:57.950179395 NNPACK.cpp:56] Could not initialize NNPACK! Reason: Unsupported hardware.
[W910 12:09:57.445108632 NNPACK.cpp:56] Could not initialize NNPACK! Reason: Unsupported hardware.
[W910 12:09:57.446332341 NNPACK.cpp:56] Could not initialize NNPACK! Reason: Unsupported hardware.
[W910 12:09:57.447294233 NNPACK.cpp:56] Could not initialize NNPACK! Reason: Unsupported hardware.
[W910 12:09:57.448255158 NNPACK.cpp:56] Could not initialize NNPACK! Reason: Unsupported hardware.
[W910 12:09:57.449322950 NNPACK.cpp:56] Could not initialize NNPACK! Reason: Unsupported hardware.
[W910 12:09:57.450367420 NNPACK.cpp:56] Could not initialize NNPACK! Reason: Unsupported hardware.
[W910 12:09:57.451395143 NNPACK.cpp:56] Could not initialize NNPACK! Reason: Unsupported hardware.
[W910 12:09:57.452730557 NNPACK.cpp:56] Could not initialize NNPACK! Reason: Unsupported hardware.
[W910 12:09:57.888042079 NNPACK.cpp:56] Could not initialize NNPACK! Reason: Unsupported hardware.
[W910 12:09:57.888764955 NNPACK.cpp:56] Could not initialize NNPACK! Reason: Unsupported hardware.
[W910 12:09:57.889257627 NNPACK.cpp:56] Could not initialize NNPACK! Reason: Unsupported hardware.
[W910 12:09:57.889742655 NNPACK.cpp:56] Could not initialize NNPACK! Reason: Unsupported hardware.
[W910 12:09:57.890303175 NNPACK.cpp:56] Could not initialize NNPACK! Reason: Unsupported hardware.
[W910 12:09:57.890852940 NNPACK.cpp:56] Could not initialize NNPACK! Reason: Unsupported hardware.
[W910 12:09:57.891406175 NNPACK.cpp:56] Could not initialize NNPACK! Reason: Unsupported hardware.
[W910 12:09:57.892279717 NNPACK.cpp:56] Could not initialize NNPACK! Reason: Unsupported hardware.
[W910 12:09:58.389795028 NNPACK.cpp:56] Could not initialize NNPACK! Reason: Unsupported hardware.
[W910 12:09:58.391070563 NNPACK.cpp:56] Could not initialize NNPACK! Reason: Unsupported hardware.
[W910 12:09:58.392052318 NNPACK.cpp:56] Could not initialize NNPACK! Reason: Unsupported hardware.
[W910 12:09:58.392988073 NNPACK.cpp:56] Could not initialize NNPACK! Reason: Unsupported hardware.
[W910 12:09:58.393999553 NNPACK.cpp:56] Could not initialize NNPACK! Reason: Unsupported hardware.
[W910 12:09:58.395037800 NNPACK.cpp:56] Could not initialize NNPACK! Reason: Unsupported hardware.
[W910 12:09:58.396034933 NNPACK.cpp:56] Could not initialize NNPACK! Reason: Unsupported hardware.
[W910 12:09:58.397350120 NNPACK.cpp:56] Could not initialize NNPACK! Reason: Unsupported hardware.
[W910 12:09:58.831227702 NNPACK.cpp:56] Could not initialize NNPACK! Reason: Unsupported hardware.
[W910 12:09:58.831969103 NNPACK.cpp:56] Could not initialize NNPACK! Reason: Unsupported hardware.
[W910 12:09:58.832455404 NNPACK.cpp:56] Could not initialize NNPACK! Reason: Unsupported hardware.
[W910 12:09:58.836924641 NNPACK.cpp:56] Could not initialize NNPACK! Reason: Unsupported hardware.
[W910 12:09:58.837517443 NNPACK.cpp:56] Could not initialize NNPACK! Reason: Unsupported hardware.
[W910 12:09:58.838067982 NNPACK.cpp:56] Could not initialize NNPACK! Reason: Unsupported hardware.
[W910 12:09:58.838611680 NNPACK.cpp:56] Could not initialize NNPACK! Reason: Unsupported hardware.
[W910 12:09:58.839502367 NNPACK.cpp:56] Could not initialize NNPACK! Reason: Unsupported hardware.
[W910 12:09:59.327255278 NNPACK.cpp:56] Could not initialize NNPACK! Reason: Unsupported hardware.
[W910 12:09:59.328477383 NNPACK.cpp:56] Could not initialize NNPACK! Reason: Unsupported hardware.
[W910 12:09:59.329440245 NNPACK.cpp:56] Could not initialize NNPACK! Reason: Unsupported hardware.
[W910 12:09:59.330394098 NNPACK.cpp:56] Could not initialize NNPACK! Reason: Unsupported hardware.
[W910 12:09:59.331466486 NNPACK.cpp:56] Could not initialize NNPACK! Reason: Unsupported hardware.
[W910 12:09:59.332474461 NNPACK.cpp:56] Could not initialize NNPACK! Reason: Unsupported hardware.
[W910 12:09:59.333564174 NNPACK.cpp:56] Could not initialize NNPACK! Reason: Unsupported hardware.
[W910 12:09:59.334899582 NNPACK.cpp:56] Could not initialize NNPACK! Reason: Unsupported hardware.
[W910 12:09:59.766297012 NNPACK.cpp:56] Could not initialize NNPACK! Reason: Unsupported hardware.
[W910 12:09:59.767034323 NNPACK.cpp:56] Could not initialize NNPACK! Reason: Unsupported hardware.
[W910 12:09:59.767525496 NNPACK.cpp:56] Could not initialize NNPACK! Reason: Unsupported hardware.
[W910 12:09:59.768012749 NNPACK.cpp:56] Could not initialize NNPACK! Reason: Unsupported hardware.
[W910 12:09:59.768584302 NNPACK.cpp:56] Could not initialize NNPACK! Reason: Unsupported hardware.
[W910 12:09:59.769142332 NNPACK.cpp:56] Could not initialize NNPACK! Reason: Unsupported hardware.
[W910 12:09:59.769690267 NNPACK.cpp:56] Could not initialize NNPACK! Reason: Unsupported hardware.
[W910 12:09:59.770567246 NNPACK.cpp:56] Could not initialize NNPACK! Reason: Unsupported hardware.
[W910 12:10:00.269763234 NNPACK.cpp:56] Could not initialize NNPACK! Reason: Unsupported hardware.
[W910 12:10:00.270988250 NNPACK.cpp:56] Could not initialize NNPACK! Reason: Unsupported hardware.
[W910 12:10:00.271942012 NNPACK.cpp:56] Could not initialize NNPACK! Reason: Unsupported hardware.
[W910 12:10:00.272893874 NNPACK.cpp:56] Could not initialize NNPACK! Reason: Unsupported hardware.
[W910 12:10:00.273954827 NNPACK.cpp:56] Could not initialize NNPACK! Reason: Unsupported hardware.
[W910 12:10:00.274985208 NNPACK.cpp:56] Could not initialize NNPACK! Reason: Unsupported hardware.
[W910 12:10:00.276021700 NNPACK.cpp:56] Could not initialize NNPACK! Reason: Unsupported hardware.
[W910 12:10:00.277387957 NNPACK.cpp:56] Could not initialize NNPACK! Reason: Unsupported hardware.
[W910 12:10:00.709132961 NNPACK.cpp:56] Could not initialize NNPACK! Reason: Unsupported hardware.
[W910 12:10:00.709814113 NNPACK.cpp:56] Could not initialize NNPACK! Reason: Unsupported hardware.
[W910 12:10:00.710313401 NNPACK.cpp:56] Could not initialize NNPACK! Reason: Unsupported hardware.
[W910 12:10:00.710794562 NNPACK.cpp:56] Could not initialize NNPACK! Reason: Unsupported hardware.
[W910 12:10:00.711350981 NNPACK.cpp:56] Could not initialize NNPACK! Reason: Unsupported hardware.
[W910 12:10:00.711914610 NNPACK.cpp:56] Could not initialize NNPACK! Reason: Unsupported hardware.
[W910 12:10:00.712469776 NNPACK.cpp:56] Could not initialize NNPACK! Reason: Unsupported hardware.
[W910 12:10:00.713323623 NNPACK.cpp:56] Could not initialize NNPACK! Reason: Unsupported hardware.
[W910 12:10:01.206746638 NNPACK.cpp:56] Could not initialize NNPACK! Reason: Unsupported hardware.
[W910 12:10:01.207970214 NNPACK.cpp:56] Could not initialize NNPACK! Reason: Unsupported hardware.
[W910 12:10:01.208924077 NNPACK.cpp:56] Could not initialize NNPACK! Reason: Unsupported hardware.
[W910 12:10:01.209838381 NNPACK.cpp:56] Could not initialize NNPACK! Reason: Unsupported hardware.
[W910 12:10:01.210850309 NNPACK.cpp:56] Could not initialize NNPACK! Reason: Unsupported hardware.
[W910 12:10:01.211855571 NNPACK.cpp:56] Could not initialize NNPACK! Reason: Unsupported hardware.
[W910 12:10:01.212879797 NNPACK.cpp:56] Could not initialize NNPACK! Reason: Unsupported hardware.
[W910 12:10:01.214217363 NNPACK.cpp:56] Could not initialize NNPACK! Reason: Unsupported hardware.
[W910 12:10:01.648424451 NNPACK.cpp:56] Could not initialize NNPACK! Reason: Unsupported hardware.
[W910 12:10:01.649057872 NNPACK.cpp:56] Could not initialize NNPACK! Reason: Unsupported hardware.
[W910 12:10:01.649636083 NNPACK.cpp:56] Could not initialize NNPACK! Reason: Unsupported hardware.
[W910 12:10:01.650126517 NNPACK.cpp:56] Could not initialize NNPACK! Reason: Unsupported hardware.
[W910 12:10:01.650676956 NNPACK.cpp:56] Could not initialize NNPACK! Reason: Unsupported hardware.
[W910 12:10:01.651231442 NNPACK.cpp:56] Could not initialize NNPACK! Reason: Unsupported hardware.
[W910 12:10:01.651781231 NNPACK.cpp:56] Could not initialize NNPACK! Reason: Unsupported hardware.
[W910 12:10:01.652599405 NNPACK.cpp:56] Could not initialize NNPACK! Reason: Unsupported hardware.
[W910 12:10:02.027779904 NNPACK.cpp:56] Could not initialize NNPACK! Reason: Unsupported hardware.
[W910 12:10:02.028458961 NNPACK.cpp:56] Could not initialize NNPACK! Reason: Unsupported hardware.
[W910 12:10:02.028885680 NNPACK.cpp:56] Could not initialize NNPACK! Reason: Unsupported hardware.
[W910 12:10:02.029317927 NNPACK.cpp:56] Could not initialize NNPACK! Reason: Unsupported hardware.
[W910 12:10:02.029796309 NNPACK.cpp:56] Could not initialize NNPACK! Reason: Unsupported hardware.
[W910 12:10:02.030275764 NNPACK.cpp:56] Could not initialize NNPACK! Reason: Unsupported hardware.
[W910 12:10:02.030749543 NNPACK.cpp:56] Could not initialize NNPACK! Reason: Unsupported hardware.
[W910 12:10:02.031660822 NNPACK.cpp:56] Could not initialize NNPACK! Reason: Unsupported hardware.
[W910 12:10:02.390309468 NNPACK.cpp:56] Could not initialize NNPACK! Reason: Unsupported hardware.
[W910 12:10:02.391140324 NNPACK.cpp:56] Could not initialize NNPACK! Reason: Unsupported hardware.
[W910 12:10:02.391692076 NNPACK.cpp:56] Could not initialize NNPACK! Reason: Unsupported hardware.
[W910 12:10:02.392246160 NNPACK.cpp:56] Could not initialize NNPACK! Reason: Unsupported hardware.
[W910 12:10:02.392873749 NNPACK.cpp:56] Could not initialize NNPACK! Reason: Unsupported hardware.
[W910 12:10:02.393502423 NNPACK.cpp:56] Could not initialize NNPACK! Reason: Unsupported hardware.
[W910 12:10:02.394128642 NNPACK.cpp:56] Could not initialize NNPACK! Reason: Unsupported hardware.
[W910 12:10:02.395024156 NNPACK.cpp:56] Could not initialize NNPACK! Reason: Unsupported hardware.
[W910 12:10:02.876342691 NNPACK.cpp:56] Could not initialize NNPACK! Reason: Unsupported hardware.
[W910 12:10:02.877974383 NNPACK.cpp:56] Could not initialize NNPACK! Reason: Unsupported hardware.
[W910 12:10:02.879384521 NNPACK.cpp:56] Could not initialize NNPACK! Reason: Unsupported hardware.
[W910 12:10:02.880762278 NNPACK.cpp:56] Could not initialize NNPACK! Reason: Unsupported hardware.
[W910 12:10:02.882312308 NNPACK.cpp:56] Could not initialize NNPACK! Reason: Unsupported hardware.
[W910 12:10:02.883823827 NNPACK.cpp:56] Could not initialize NNPACK! Reason: Unsupported hardware.
[W910 12:10:02.885307426 NNPACK.cpp:56] Could not initialize NNPACK! Reason: Unsupported hardware.
[W910 12:10:02.887193830 NNPACK.cpp:56] Could not initialize NNPACK! Reason: Unsupported hardware.
[W910 12:10:03.316753040 NNPACK.cpp:56] Could not initialize NNPACK! Reason: Unsupported hardware.
[W910 12:10:03.317224015 NNPACK.cpp:56] Could not initialize NNPACK! Reason: Unsupported hardware.
[W910 12:10:03.317450233 NNPACK.cpp:56] Could not initialize NNPACK! Reason: Unsupported hardware.
[W910 12:10:03.317667001 NNPACK.cpp:56] Could not initialize NNPACK! Reason: Unsupported hardware.
[W910 12:10:03.317906955 NNPACK.cpp:56] Could not initialize NNPACK! Reason: Unsupported hardware.
[W910 12:10:03.318158198 NNPACK.cpp:56] Could not initialize NNPACK! Reason: Unsupported hardware.
[W910 12:10:03.318398027 NNPACK.cpp:56] Could not initialize NNPACK! Reason: Unsupported hardware.
[W910 12:10:03.318958647 NNPACK.cpp:56] Could not initialize NNPACK! Reason: Unsupported hardware.
[W910 12:10:03.477651240 NNPACK.cpp:56] Could not initialize NNPACK! Reason: Unsupported hardware.
[W910 12:10:03.478034697 NNPACK.cpp:56] Could not initialize NNPACK! Reason: Unsupported hardware.
[W910 12:10:03.478175449 NNPACK.cpp:56] Could not initialize NNPACK! Reason: Unsupported hardware.
[W910 12:10:03.478323802 NNPACK.cpp:56] Could not initialize NNPACK! Reason: Unsupported hardware.
[W910 12:10:03.478468938 NNPACK.cpp:56] Could not initialize NNPACK! Reason: Unsupported hardware.
[W910 12:10:03.478600547 NNPACK.cpp:56] Could not initialize NNPACK! Reason: Unsupported hardware.
[W910 12:10:03.478730289 NNPACK.cpp:56] Could not initialize NNPACK! Reason: Unsupported hardware.
[W910 12:10:03.479195091 NNPACK.cpp:56] Could not initialize NNPACK! Reason: Unsupported hardware.
[W910 12:10:03.790790833 NNPACK.cpp:56] Could not initialize NNPACK! Reason: Unsupported hardware.
[W910 12:10:03.792016677 NNPACK.cpp:56] Could not initialize NNPACK! Reason: Unsupported hardware.
[W910 12:10:03.792965455 NNPACK.cpp:56] Could not initialize NNPACK! Reason: Unsupported hardware.
[W910 12:10:03.793886495 NNPACK.cpp:56] Could not initialize NNPACK! Reason: Unsupported hardware.
[W910 12:10:03.794923176 NNPACK.cpp:56] Could not initialize NNPACK! Reason: Unsupported hardware.
[W910 12:10:03.795940146 NNPACK.cpp:56] Could not initialize NNPACK! Reason: Unsupported hardware.
[W910 12:10:03.796941148 NNPACK.cpp:56] Could not initialize NNPACK! Reason: Unsupported hardware.
[W910 12:10:03.798269939 NNPACK.cpp:56] Could not initialize NNPACK! Reason: Unsupported hardware.
[W910 12:10:04.230631780 NNPACK.cpp:56] Could not initialize NNPACK! Reason: Unsupported hardware.
[W910 12:10:04.231342943 NNPACK.cpp:56] Could not initialize NNPACK! Reason: Unsupported hardware.
[W910 12:10:04.231809845 NNPACK.cpp:56] Could not initialize NNPACK! Reason: Unsupported hardware.
[W910 12:10:04.232301380 NNPACK.cpp:56] Could not initialize NNPACK! Reason: Unsupported hardware.
[W910 12:10:04.232841732 NNPACK.cpp:56] Could not initialize NNPACK! Reason: Unsupported hardware.
[W910 12:10:04.233371951 NNPACK.cpp:56] Could not initialize NNPACK! Reason: Unsupported hardware.
[W910 12:10:04.233894342 NNPACK.cpp:56] Could not initialize NNPACK! Reason: Unsupported hardware.
[W910 12:10:04.234742564 NNPACK.cpp:56] Could not initialize NNPACK! Reason: Unsupported hardware.
[W910 12:10:04.528617468 NNPACK.cpp:56] Could not initialize NNPACK! Reason: Unsupported hardware.
[W910 12:10:04.529040186 NNPACK.cpp:56] Could not initialize NNPACK! Reason: Unsupported hardware.
[W910 12:10:04.529210549 NNPACK.cpp:56] Could not initialize NNPACK! Reason: Unsupported hardware.
[W910 12:10:04.529373965 NNPACK.cpp:56] Could not initialize NNPACK! Reason: Unsupported hardware.
[W910 12:10:04.529547523 NNPACK.cpp:56] Could not initialize NNPACK! Reason: Unsupported hardware.
[W910 12:10:04.529716018 NNPACK.cpp:56] Could not initialize NNPACK! Reason: Unsupported hardware.
[W910 12:10:04.529881786 NNPACK.cpp:56] Could not initialize NNPACK! Reason: Unsupported hardware.
[W910 12:10:04.530401047 NNPACK.cpp:56] Could not initialize NNPACK! Reason: Unsupported hardware.
[W910 12:10:04.689834378 NNPACK.cpp:56] Could not initialize NNPACK! Reason: Unsupported hardware.
[W910 12:10:04.690376226 NNPACK.cpp:56] Could not initialize NNPACK! Reason: Unsupported hardware.
[W910 12:10:04.690656829 NNPACK.cpp:56] Could not initialize NNPACK! Reason: Unsupported hardware.
[W910 12:10:04.690929329 NNPACK.cpp:56] Could not initialize NNPACK! Reason: Unsupported hardware.
[W910 12:10:04.691248099 NNPACK.cpp:56] Could not initialize NNPACK! Reason: Unsupported hardware.
[W910 12:10:04.691542883 NNPACK.cpp:56] Could not initialize NNPACK! Reason: Unsupported hardware.
[W910 12:10:04.691833959 NNPACK.cpp:56] Could not initialize NNPACK! Reason: Unsupported hardware.
[W910 12:10:04.692449300 NNPACK.cpp:56] Could not initialize NNPACK! Reason: Unsupported hardware.
[W910 12:10:04.908778207 NNPACK.cpp:56] Could not initialize NNPACK! Reason: Unsupported hardware.
[W910 12:10:04.909325674 NNPACK.cpp:56] Could not initialize NNPACK! Reason: Unsupported hardware.
[W910 12:10:04.909597882 NNPACK.cpp:56] Could not initialize NNPACK! Reason: Unsupported hardware.
[W910 12:10:04.909850677 NNPACK.cpp:56] Could not initialize NNPACK! Reason: Unsupported hardware.
[W910 12:10:04.910144760 NNPACK.cpp:56] Could not initialize NNPACK! Reason: Unsupported hardware.
[W910 12:10:04.910411502 NNPACK.cpp:56] Could not initialize NNPACK! Reason: Unsupported hardware.
[W910 12:10:04.910676775 NNPACK.cpp:56] Could not initialize NNPACK! Reason: Unsupported hardware.
[W910 12:10:04.911269119 NNPACK.cpp:56] Could not initialize NNPACK! Reason: Unsupported hardware.
[W910 12:10:05.142091836 NNPACK.cpp:56] Could not initialize NNPACK! Reason: Unsupported hardware.
[W910 12:10:05.142720173 NNPACK.cpp:56] Could not initialize NNPACK! Reason: Unsupported hardware.
[W910 12:10:05.143087054 NNPACK.cpp:56] Could not initialize NNPACK! Reason: Unsupported hardware.
[W910 12:10:05.143443845 NNPACK.cpp:56] Could not initialize NNPACK! Reason: Unsupported hardware.
[W910 12:10:05.143841074 NNPACK.cpp:56] Could not initialize NNPACK! Reason: Unsupported hardware.
[W910 12:10:05.144244354 NNPACK.cpp:56] Could not initialize NNPACK! Reason: Unsupported hardware.
[W910 12:10:05.144637398 NNPACK.cpp:56] Could not initialize NNPACK! Reason: Unsupported hardware.
[W910 12:10:05.145389633 NNPACK.cpp:56] Could not initialize NNPACK! Reason: Unsupported hardware.
[W910 12:10:05.360484995 NNPACK.cpp:56] Could not initialize NNPACK! Reason: Unsupported hardware.
[W910 12:10:05.360860534 NNPACK.cpp:56] Could not initialize NNPACK! Reason: Unsupported hardware.
[W910 12:10:05.360998434 NNPACK.cpp:56] Could not initialize NNPACK! Reason: Unsupported hardware.
[W910 12:10:05.361141513 NNPACK.cpp:56] Could not initialize NNPACK! Reason: Unsupported hardware.
[W910 12:10:05.361281618 NNPACK.cpp:56] Could not initialize NNPACK! Reason: Unsupported hardware.
[W910 12:10:05.361415874 NNPACK.cpp:56] Could not initialize NNPACK! Reason: Unsupported hardware.
[W910 12:10:05.361549849 NNPACK.cpp:56] Could not initialize NNPACK! Reason: Unsupported hardware.
[W910 12:10:05.362028661 NNPACK.cpp:56] Could not initialize NNPACK! Reason: Unsupported hardware.
[W910 12:10:05.472067909 NNPACK.cpp:56] Could not initialize NNPACK! Reason: Unsupported hardware.
[W910 12:10:05.472445177 NNPACK.cpp:56] Could not initialize NNPACK! Reason: Unsupported hardware.
[W910 12:10:05.472584447 NNPACK.cpp:56] Could not initialize NNPACK! Reason: Unsupported hardware.
[W910 12:10:05.472717612 NNPACK.cpp:56] Could not initialize NNPACK! Reason: Unsupported hardware.
[W910 12:10:05.472857404 NNPACK.cpp:56] Could not initialize NNPACK! Reason: Unsupported hardware.
[W910 12:10:05.472996288 NNPACK.cpp:56] Could not initialize NNPACK! Reason: Unsupported hardware.
[W910 12:10:05.473134060 NNPACK.cpp:56] Could not initialize NNPACK! Reason: Unsupported hardware.
[W910 12:10:05.473584941 NNPACK.cpp:56] Could not initialize NNPACK! Reason: Unsupported hardware.
[W910 12:10:05.778049199 NNPACK.cpp:56] Could not initialize NNPACK! Reason: Unsupported hardware.
[W910 12:10:05.779260514 NNPACK.cpp:56] Could not initialize NNPACK! Reason: Unsupported hardware.
[W910 12:10:05.780210236 NNPACK.cpp:56] Could not initialize NNPACK! Reason: Unsupported hardware.
[W910 12:10:05.781167519 NNPACK.cpp:56] Could not initialize NNPACK! Reason: Unsupported hardware.
[W910 12:10:05.782236510 NNPACK.cpp:56] Could not initialize NNPACK! Reason: Unsupported hardware.
[W910 12:10:05.783294306 NNPACK.cpp:56] Could not initialize NNPACK! Reason: Unsupported hardware.
[W910 12:10:05.784298878 NNPACK.cpp:56] Could not initialize NNPACK! Reason: Unsupported hardware.
[W910 12:10:05.785672601 NNPACK.cpp:56] Could not initialize NNPACK! Reason: Unsupported hardware.
[W910 12:10:06.218130108 NNPACK.cpp:56] Could not initialize NNPACK! Reason: Unsupported hardware.
[W910 12:10:06.218792249 NNPACK.cpp:56] Could not initialize NNPACK! Reason: Unsupported hardware.
[W910 12:10:06.219216775 NNPACK.cpp:56] Could not initialize NNPACK! Reason: Unsupported hardware.
[W910 12:10:06.223799372 NNPACK.cpp:56] Could not initialize NNPACK! Reason: Unsupported hardware.
[W910 12:10:06.224351205 NNPACK.cpp:56] Could not initialize NNPACK! Reason: Unsupported hardware.
[W910 12:10:06.224847008 NNPACK.cpp:56] Could not initialize NNPACK! Reason: Unsupported hardware.
[W910 12:10:06.225344523 NNPACK.cpp:56] Could not initialize NNPACK! Reason: Unsupported hardware.
[W910 12:10:06.226159900 NNPACK.cpp:56] Could not initialize NNPACK! Reason: Unsupported hardware.
[W910 12:10:06.489981042 NNPACK.cpp:56] Could not initialize NNPACK! Reason: Unsupported hardware.
[W910 12:10:06.490370886 NNPACK.cpp:56] Could not initialize NNPACK! Reason: Unsupported hardware.
[W910 12:10:06.490518529 NNPACK.cpp:56] Could not initialize NNPACK! Reason: Unsupported hardware.
[W910 12:10:06.490654710 NNPACK.cpp:56] Could not initialize NNPACK! Reason: Unsupported hardware.
[W910 12:10:06.490797164 NNPACK.cpp:56] Could not initialize NNPACK! Reason: Unsupported hardware.
[W910 12:10:06.490934965 NNPACK.cpp:56] Could not initialize NNPACK! Reason: Unsupported hardware.
[W910 12:10:06.491082747 NNPACK.cpp:56] Could not initialize NNPACK! Reason: Unsupported hardware.
[W910 12:10:06.491561138 NNPACK.cpp:56] Could not initialize NNPACK! Reason: Unsupported hardware.
[W910 12:10:06.603110175 NNPACK.cpp:56] Could not initialize NNPACK! Reason: Unsupported hardware.
[W910 12:10:06.603485779 NNPACK.cpp:56] Could not initialize NNPACK! Reason: Unsupported hardware.
[W910 12:10:06.603624720 NNPACK.cpp:56] Could not initialize NNPACK! Reason: Unsupported hardware.
[W910 12:10:06.603758414 NNPACK.cpp:56] Could not initialize NNPACK! Reason: Unsupported hardware.
[W910 12:10:06.603897917 NNPACK.cpp:56] Could not initialize NNPACK! Reason: Unsupported hardware.
[W910 12:10:06.604041310 NNPACK.cpp:56] Could not initialize NNPACK! Reason: Unsupported hardware.
[W910 12:10:06.604180595 NNPACK.cpp:56] Could not initialize NNPACK! Reason: Unsupported hardware.
[W910 12:10:06.604653679 NNPACK.cpp:56] Could not initialize NNPACK! Reason: Unsupported hardware.
[W910 12:10:06.764192230 NNPACK.cpp:56] Could not initialize NNPACK! Reason: Unsupported hardware.
[W910 12:10:06.764763556 NNPACK.cpp:56] Could not initialize NNPACK! Reason: Unsupported hardware.
[W910 12:10:06.765099025 NNPACK.cpp:56] Could not initialize NNPACK! Reason: Unsupported hardware.
[W910 12:10:06.765423535 NNPACK.cpp:56] Could not initialize NNPACK! Reason: Unsupported hardware.
[W910 12:10:06.765792516 NNPACK.cpp:56] Could not initialize NNPACK! Reason: Unsupported hardware.
[W910 12:10:06.766152113 NNPACK.cpp:56] Could not initialize NNPACK! Reason: Unsupported hardware.
[W910 12:10:06.766501396 NNPACK.cpp:56] Could not initialize NNPACK! Reason: Unsupported hardware.
[W910 12:10:06.767172558 NNPACK.cpp:56] Could not initialize NNPACK! Reason: Unsupported hardware.
[W910 12:10:07.274717814 NNPACK.cpp:56] Could not initialize NNPACK! Reason: Unsupported hardware.
[W910 12:10:07.276030190 NNPACK.cpp:56] Could not initialize NNPACK! Reason: Unsupported hardware.
[W910 12:10:07.277015043 NNPACK.cpp:56] Could not initialize NNPACK! Reason: Unsupported hardware.
[W910 12:10:07.277990574 NNPACK.cpp:56] Could not initialize NNPACK! Reason: Unsupported hardware.
[W910 12:10:07.279219788 NNPACK.cpp:56] Could not initialize NNPACK! Reason: Unsupported hardware.
[W910 12:10:07.280319701 NNPACK.cpp:56] Could not initialize NNPACK! Reason: Unsupported hardware.
[W910 12:10:07.281426692 NNPACK.cpp:56] Could not initialize NNPACK! Reason: Unsupported hardware.
[W910 12:10:07.282868588 NNPACK.cpp:56] Could not initialize NNPACK! Reason: Unsupported hardware.
[W910 12:10:07.721256539 NNPACK.cpp:56] Could not initialize NNPACK! Reason: Unsupported hardware.
[W910 12:10:07.721984518 NNPACK.cpp:56] Could not initialize NNPACK! Reason: Unsupported hardware.
[W910 12:10:07.722475822 NNPACK.cpp:56] Could not initialize NNPACK! Reason: Unsupported hardware.
[W910 12:10:07.722960235 NNPACK.cpp:56] Could not initialize NNPACK! Reason: Unsupported hardware.
[W910 12:10:07.723638739 NNPACK.cpp:56] Could not initialize NNPACK! Reason: Unsupported hardware.
[W910 12:10:07.724360778 NNPACK.cpp:56] Could not initialize NNPACK! Reason: Unsupported hardware.
[W910 12:10:07.724974035 NNPACK.cpp:56] Could not initialize NNPACK! Reason: Unsupported hardware.
[W910 12:10:07.725906410 NNPACK.cpp:56] Could not initialize NNPACK! Reason: Unsupported hardware.
[W910 12:10:08.225989694 NNPACK.cpp:56] Could not initialize NNPACK! Reason: Unsupported hardware.
[W910 12:10:08.227214508 NNPACK.cpp:56] Could not initialize NNPACK! Reason: Unsupported hardware.
[W910 12:10:08.228177460 NNPACK.cpp:56] Could not initialize NNPACK! Reason: Unsupported hardware.
[W910 12:10:08.229137847 NNPACK.cpp:56] Could not initialize NNPACK! Reason: Unsupported hardware.
[W910 12:10:08.230153919 NNPACK.cpp:56] Could not initialize NNPACK! Reason: Unsupported hardware.
[W910 12:10:08.231170535 NNPACK.cpp:56] Could not initialize NNPACK! Reason: Unsupported hardware.
[W910 12:10:08.232220663 NNPACK.cpp:56] Could not initialize NNPACK! Reason: Unsupported hardware.
[W910 12:10:08.233558558 NNPACK.cpp:56] Could not initialize NNPACK! Reason: Unsupported hardware.
[W910 12:10:08.668731946 NNPACK.cpp:56] Could not initialize NNPACK! Reason: Unsupported hardware.
[W910 12:10:08.669463869 NNPACK.cpp:56] Could not initialize NNPACK! Reason: Unsupported hardware.
[W910 12:10:08.669952116 NNPACK.cpp:56] Could not initialize NNPACK! Reason: Unsupported hardware.
[W910 12:10:08.670445466 NNPACK.cpp:56] Could not initialize NNPACK! Reason: Unsupported hardware.
[W910 12:10:08.670998361 NNPACK.cpp:56] Could not initialize NNPACK! Reason: Unsupported hardware.
[W910 12:10:08.671549719 NNPACK.cpp:56] Could not initialize NNPACK! Reason: Unsupported hardware.
[W910 12:10:08.672105252 NNPACK.cpp:56] Could not initialize NNPACK! Reason: Unsupported hardware.
[W910 12:10:08.672975910 NNPACK.cpp:56] Could not initialize NNPACK! Reason: Unsupported hardware.
[W910 12:10:09.176161199 NNPACK.cpp:56] Could not initialize NNPACK! Reason: Unsupported hardware.
[W910 12:10:09.177474962 NNPACK.cpp:56] Could not initialize NNPACK! Reason: Unsupported hardware.
[W910 12:10:09.178437284 NNPACK.cpp:56] Could not initialize NNPACK! Reason: Unsupported hardware.
[W910 12:10:09.179420499 NNPACK.cpp:56] Could not initialize NNPACK! Reason: Unsupported hardware.
[W910 12:10:09.180521158 NNPACK.cpp:56] Could not initialize NNPACK! Reason: Unsupported hardware.
[W910 12:10:09.181613533 NNPACK.cpp:56] Could not initialize NNPACK! Reason: Unsupported hardware.
[W910 12:10:09.182733680 NNPACK.cpp:56] Could not initialize NNPACK! Reason: Unsupported hardware.
[W910 12:10:09.184195940 NNPACK.cpp:56] Could not initialize NNPACK! Reason: Unsupported hardware.
[W910 12:10:09.626678168 NNPACK.cpp:56] Could not initialize NNPACK! Reason: Unsupported hardware.
[W910 12:10:09.627427489 NNPACK.cpp:56] Could not initialize NNPACK! Reason: Unsupported hardware.
[W910 12:10:09.627967696 NNPACK.cpp:56] Could not initialize NNPACK! Reason: Unsupported hardware.
[W910 12:10:09.628470196 NNPACK.cpp:56] Could not initialize NNPACK! Reason: Unsupported hardware.
[W910 12:10:09.629049481 NNPACK.cpp:56] Could not initialize NNPACK! Reason: Unsupported hardware.
[W910 12:10:09.629614570 NNPACK.cpp:56] Could not initialize NNPACK! Reason: Unsupported hardware.
[W910 12:10:09.630189615 NNPACK.cpp:56] Could not initialize NNPACK! Reason: Unsupported hardware.
[W910 12:10:09.631087312 NNPACK.cpp:56] Could not initialize NNPACK! Reason: Unsupported hardware.
[W910 12:10:10.128467756 NNPACK.cpp:56] Could not initialize NNPACK! Reason: Unsupported hardware.
[W910 12:10:10.129779671 NNPACK.cpp:56] Could not initialize NNPACK! Reason: Unsupported hardware.
[W910 12:10:10.130758243 NNPACK.cpp:56] Could not initialize NNPACK! Reason: Unsupported hardware.
[W910 12:10:10.131703884 NNPACK.cpp:56] Could not initialize NNPACK! Reason: Unsupported hardware.
[W910 12:10:10.132796667 NNPACK.cpp:56] Could not initialize NNPACK! Reason: Unsupported hardware.
[W910 12:10:10.133888627 NNPACK.cpp:56] Could not initialize NNPACK! Reason: Unsupported hardware.
[W910 12:10:10.134937885 NNPACK.cpp:56] Could not initialize NNPACK! Reason: Unsupported hardware.
[W910 12:10:10.136328878 NNPACK.cpp:56] Could not initialize NNPACK! Reason: Unsupported hardware.
[W910 12:10:10.577476501 NNPACK.cpp:56] Could not initialize NNPACK! Reason: Unsupported hardware.
[W910 12:10:10.578202615 NNPACK.cpp:56] Could not initialize NNPACK! Reason: Unsupported hardware.
[W910 12:10:10.578689721 NNPACK.cpp:56] Could not initialize NNPACK! Reason: Unsupported hardware.
[W910 12:10:10.579175639 NNPACK.cpp:56] Could not initialize NNPACK! Reason: Unsupported hardware.
[W910 12:10:10.579721362 NNPACK.cpp:56] Could not initialize NNPACK! Reason: Unsupported hardware.
[W910 12:10:10.580268866 NNPACK.cpp:56] Could not initialize NNPACK! Reason: Unsupported hardware.
[W910 12:10:10.580812822 NNPACK.cpp:56] Could not initialize NNPACK! Reason: Unsupported hardware.
[W910 12:10:10.581679613 NNPACK.cpp:56] Could not initialize NNPACK! Reason: Unsupported hardware.
[W910 12:10:11.078695628 NNPACK.cpp:56] Could not initialize NNPACK! Reason: Unsupported hardware.
[W910 12:10:11.080025200 NNPACK.cpp:56] Could not initialize NNPACK! Reason: Unsupported hardware.
[W910 12:10:11.081058814 NNPACK.cpp:56] Could not initialize NNPACK! Reason: Unsupported hardware.
[W910 12:10:11.082063970 NNPACK.cpp:56] Could not initialize NNPACK! Reason: Unsupported hardware.
[W910 12:10:11.083100481 NNPACK.cpp:56] Could not initialize NNPACK! Reason: Unsupported hardware.
[W910 12:10:11.084356835 NNPACK.cpp:56] Could not initialize NNPACK! Reason: Unsupported hardware.
[W910 12:10:11.085586276 NNPACK.cpp:56] Could not initialize NNPACK! Reason: Unsupported hardware.
[W910 12:10:11.087754652 NNPACK.cpp:56] Could not initialize NNPACK! Reason: Unsupported hardware.
[W910 12:10:11.529640491 NNPACK.cpp:56] Could not initialize NNPACK! Reason: Unsupported hardware.
[W910 12:10:11.530413579 NNPACK.cpp:56] Could not initialize NNPACK! Reason: Unsupported hardware.
[W910 12:10:11.530897401 NNPACK.cpp:56] Could not initialize NNPACK! Reason: Unsupported hardware.
[W910 12:10:11.531381424 NNPACK.cpp:56] Could not initialize NNPACK! Reason: Unsupported hardware.
[W910 12:10:11.531945700 NNPACK.cpp:56] Could not initialize NNPACK! Reason: Unsupported hardware.
[W910 12:10:11.532490022 NNPACK.cpp:56] Could not initialize NNPACK! Reason: Unsupported hardware.
[W910 12:10:11.533038771 NNPACK.cpp:56] Could not initialize NNPACK! Reason: Unsupported hardware.
[W910 12:10:11.533897077 NNPACK.cpp:56] Could not initialize NNPACK! Reason: Unsupported hardware.
[W910 12:10:12.031629672 NNPACK.cpp:56] Could not initialize NNPACK! Reason: Unsupported hardware.
[W910 12:10:12.032822752 NNPACK.cpp:56] Could not initialize NNPACK! Reason: Unsupported hardware.
[W910 12:10:12.033752167 NNPACK.cpp:56] Could not initialize NNPACK! Reason: Unsupported hardware.
[W910 12:10:12.034677355 NNPACK.cpp:56] Could not initialize NNPACK! Reason: Unsupported hardware.
[W910 12:10:12.035747594 NNPACK.cpp:56] Could not initialize NNPACK! Reason: Unsupported hardware.
[W910 12:10:12.036980907 NNPACK.cpp:56] Could not initialize NNPACK! Reason: Unsupported hardware.
[W910 12:10:12.038254731 NNPACK.cpp:56] Could not initialize NNPACK! Reason: Unsupported hardware.
[W910 12:10:12.039660169 NNPACK.cpp:56] Could not initialize NNPACK! Reason: Unsupported hardware.
[W910 12:10:12.483406176 NNPACK.cpp:56] Could not initialize NNPACK! Reason: Unsupported hardware.
[W910 12:10:12.484152603 NNPACK.cpp:56] Could not initialize NNPACK! Reason: Unsupported hardware.
[W910 12:10:12.484664759 NNPACK.cpp:56] Could not initialize NNPACK! Reason: Unsupported hardware.
[W910 12:10:12.485183904 NNPACK.cpp:56] Could not initialize NNPACK! Reason: Unsupported hardware.
[W910 12:10:12.485759076 NNPACK.cpp:56] Could not initialize NNPACK! Reason: Unsupported hardware.
[W910 12:10:12.486372110 NNPACK.cpp:56] Could not initialize NNPACK! Reason: Unsupported hardware.
[W910 12:10:12.486941453 NNPACK.cpp:56] Could not initialize NNPACK! Reason: Unsupported hardware.
[W910 12:10:12.487870779 NNPACK.cpp:56] Could not initialize NNPACK! Reason: Unsupported hardware.
[W910 12:10:13.990021585 NNPACK.cpp:56] Could not initialize NNPACK! Reason: Unsupported hardware.
[W910 12:10:13.991231237 NNPACK.cpp:56] Could not initialize NNPACK! Reason: Unsupported hardware.
[W910 12:10:13.992201435 NNPACK.cpp:56] Could not initialize NNPACK! Reason: Unsupported hardware.
[W910 12:10:13.993120481 NNPACK.cpp:56] Could not initialize NNPACK! Reason: Unsupported hardware.
[W910 12:10:13.994170752 NNPACK.cpp:56] Could not initialize NNPACK! Reason: Unsupported hardware.
[W910 12:10:13.995161056 NNPACK.cpp:56] Could not initialize NNPACK! Reason: Unsupported hardware.
[W910 12:10:13.996157119 NNPACK.cpp:56] Could not initialize NNPACK! Reason: Unsupported hardware.
[W910 12:10:13.997480695 NNPACK.cpp:56] Could not initialize NNPACK! Reason: Unsupported hardware.
[W910 12:10:13.442772418 NNPACK.cpp:56] Could not initialize NNPACK! Reason: Unsupported hardware.
[W910 12:10:13.443503886 NNPACK.cpp:56] Could not initialize NNPACK! Reason: Unsupported hardware.
[W910 12:10:13.443988567 NNPACK.cpp:56] Could not initialize NNPACK! Reason: Unsupported hardware.
[W910 12:10:13.444470014 NNPACK.cpp:56] Could not initialize NNPACK! Reason: Unsupported hardware.
[W910 12:10:13.445024991 NNPACK.cpp:56] Could not initialize NNPACK! Reason: Unsupported hardware.
[W910 12:10:13.445568389 NNPACK.cpp:56] Could not initialize NNPACK! Reason: Unsupported hardware.
[W910 12:10:13.446118740 NNPACK.cpp:56] Could not initialize NNPACK! Reason: Unsupported hardware.
[W910 12:10:13.446982887 NNPACK.cpp:56] Could not initialize NNPACK! Reason: Unsupported hardware.
[W910 12:10:14.944448684 NNPACK.cpp:56] Could not initialize NNPACK! Reason: Unsupported hardware.
[W910 12:10:14.945658577 NNPACK.cpp:56] Could not initialize NNPACK! Reason: Unsupported hardware.
[W910 12:10:14.946611004 NNPACK.cpp:56] Could not initialize NNPACK! Reason: Unsupported hardware.
[W910 12:10:14.947553187 NNPACK.cpp:56] Could not initialize NNPACK! Reason: Unsupported hardware.
[W910 12:10:14.948624683 NNPACK.cpp:56] Could not initialize NNPACK! Reason: Unsupported hardware.
[W910 12:10:14.949674830 NNPACK.cpp:56] Could not initialize NNPACK! Reason: Unsupported hardware.
[W910 12:10:14.950728018 NNPACK.cpp:56] Could not initialize NNPACK! Reason: Unsupported hardware.
[W910 12:10:14.952162160 NNPACK.cpp:56] Could not initialize NNPACK! Reason: Unsupported hardware.
[W910 12:10:14.396631563 NNPACK.cpp:56] Could not initialize NNPACK! Reason: Unsupported hardware.
[W910 12:10:14.397367090 NNPACK.cpp:56] Could not initialize NNPACK! Reason: Unsupported hardware.
[W910 12:10:14.397850871 NNPACK.cpp:56] Could not initialize NNPACK! Reason: Unsupported hardware.
[W910 12:10:14.398371192 NNPACK.cpp:56] Could not initialize NNPACK! Reason: Unsupported hardware.
[W910 12:10:14.398921300 NNPACK.cpp:56] Could not initialize NNPACK! Reason: Unsupported hardware.
[W910 12:10:14.399467797 NNPACK.cpp:56] Could not initialize NNPACK! Reason: Unsupported hardware.
[W910 12:10:14.400015012 NNPACK.cpp:56] Could not initialize NNPACK! Reason: Unsupported hardware.
[W910 12:10:14.400877112 NNPACK.cpp:56] Could not initialize NNPACK! Reason: Unsupported hardware.
[W910 12:10:14.898299790 NNPACK.cpp:56] Could not initialize NNPACK! Reason: Unsupported hardware.
[W910 12:10:14.899509691 NNPACK.cpp:56] Could not initialize NNPACK! Reason: Unsupported hardware.
[W910 12:10:14.900452579 NNPACK.cpp:56] Could not initialize NNPACK! Reason: Unsupported hardware.
[W910 12:10:14.901370684 NNPACK.cpp:56] Could not initialize NNPACK! Reason: Unsupported hardware.
[W910 12:10:14.902416353 NNPACK.cpp:56] Could not initialize NNPACK! Reason: Unsupported hardware.
[W910 12:10:14.903408169 NNPACK.cpp:56] Could not initialize NNPACK! Reason: Unsupported hardware.
[W910 12:10:14.904548974 NNPACK.cpp:56] Could not initialize NNPACK! Reason: Unsupported hardware.
[W910 12:10:14.906050902 NNPACK.cpp:56] Could not initialize NNPACK! Reason: Unsupported hardware.
[W910 12:10:15.346136728 NNPACK.cpp:56] Could not initialize NNPACK! Reason: Unsupported hardware.
[W910 12:10:15.346856600 NNPACK.cpp:56] Could not initialize NNPACK! Reason: Unsupported hardware.
[W910 12:10:15.347347978 NNPACK.cpp:56] Could not initialize NNPACK! Reason: Unsupported hardware.
[W910 12:10:15.347843405 NNPACK.cpp:56] Could not initialize NNPACK! Reason: Unsupported hardware.
[W910 12:10:15.348432789 NNPACK.cpp:56] Could not initialize NNPACK! Reason: Unsupported hardware.
[W910 12:10:15.348975118 NNPACK.cpp:56] Could not initialize NNPACK! Reason: Unsupported hardware.
[W910 12:10:15.349556228 NNPACK.cpp:56] Could not initialize NNPACK! Reason: Unsupported hardware.
[W910 12:10:15.350454220 NNPACK.cpp:56] Could not initialize NNPACK! Reason: Unsupported hardware.
[W910 12:10:15.850672074 NNPACK.cpp:56] Could not initialize NNPACK! Reason: Unsupported hardware.
[W910 12:10:15.851898847 NNPACK.cpp:56] Could not initialize NNPACK! Reason: Unsupported hardware.
[W910 12:10:15.852879898 NNPACK.cpp:56] Could not initialize NNPACK! Reason: Unsupported hardware.
[W910 12:10:15.853833306 NNPACK.cpp:56] Could not initialize NNPACK! Reason: Unsupported hardware.
[W910 12:10:15.854891630 NNPACK.cpp:56] Could not initialize NNPACK! Reason: Unsupported hardware.
[W910 12:10:15.855903092 NNPACK.cpp:56] Could not initialize NNPACK! Reason: Unsupported hardware.
[W910 12:10:15.856964370 NNPACK.cpp:56] Could not initialize NNPACK! Reason: Unsupported hardware.
[W910 12:10:15.858416951 NNPACK.cpp:56] Could not initialize NNPACK! Reason: Unsupported hardware.
[W910 12:10:16.299115572 NNPACK.cpp:56] Could not initialize NNPACK! Reason: Unsupported hardware.
[W910 12:10:16.299840394 NNPACK.cpp:56] Could not initialize NNPACK! Reason: Unsupported hardware.
[W910 12:10:16.300334624 NNPACK.cpp:56] Could not initialize NNPACK! Reason: Unsupported hardware.
[W910 12:10:16.300817316 NNPACK.cpp:56] Could not initialize NNPACK! Reason: Unsupported hardware.
[W910 12:10:16.301375480 NNPACK.cpp:56] Could not initialize NNPACK! Reason: Unsupported hardware.
[W910 12:10:16.301921939 NNPACK.cpp:56] Could not initialize NNPACK! Reason: Unsupported hardware.
[W910 12:10:16.302476100 NNPACK.cpp:56] Could not initialize NNPACK! Reason: Unsupported hardware.
[W910 12:10:16.303353522 NNPACK.cpp:56] Could not initialize NNPACK! Reason: Unsupported hardware.
[W910 12:10:16.807281542 NNPACK.cpp:56] Could not initialize NNPACK! Reason: Unsupported hardware.
[W910 12:10:16.808501916 NNPACK.cpp:56] Could not initialize NNPACK! Reason: Unsupported hardware.
[W910 12:10:16.809458188 NNPACK.cpp:56] Could not initialize NNPACK! Reason: Unsupported hardware.
[W910 12:10:16.810405429 NNPACK.cpp:56] Could not initialize NNPACK! Reason: Unsupported hardware.
[W910 12:10:16.811439308 NNPACK.cpp:56] Could not initialize NNPACK! Reason: Unsupported hardware.
[W910 12:10:16.812442001 NNPACK.cpp:56] Could not initialize NNPACK! Reason: Unsupported hardware.
[W910 12:10:16.813448476 NNPACK.cpp:56] Could not initialize NNPACK! Reason: Unsupported hardware.
[W910 12:10:16.814814841 NNPACK.cpp:56] Could not initialize NNPACK! Reason: Unsupported hardware.
[W910 12:10:17.255979228 NNPACK.cpp:56] Could not initialize NNPACK! Reason: Unsupported hardware.
[W910 12:10:17.256711574 NNPACK.cpp:56] Could not initialize NNPACK! Reason: Unsupported hardware.
[W910 12:10:17.257212762 NNPACK.cpp:56] Could not initialize NNPACK! Reason: Unsupported hardware.
[W910 12:10:17.257701117 NNPACK.cpp:56] Could not initialize NNPACK! Reason: Unsupported hardware.
[W910 12:10:17.258272301 NNPACK.cpp:56] Could not initialize NNPACK! Reason: Unsupported hardware.
[W910 12:10:17.258819151 NNPACK.cpp:56] Could not initialize NNPACK! Reason: Unsupported hardware.
[W910 12:10:17.259376377 NNPACK.cpp:56] Could not initialize NNPACK! Reason: Unsupported hardware.
[W910 12:10:17.260252774 NNPACK.cpp:56] Could not initialize NNPACK! Reason: Unsupported hardware.
[W910 12:10:17.756921113 NNPACK.cpp:56] Could not initialize NNPACK! Reason: Unsupported hardware.
[W910 12:10:17.758174810 NNPACK.cpp:56] Could not initialize NNPACK! Reason: Unsupported hardware.
[W910 12:10:17.759117108 NNPACK.cpp:56] Could not initialize NNPACK! Reason: Unsupported hardware.
[W910 12:10:17.760319532 NNPACK.cpp:56] Could not initialize NNPACK! Reason: Unsupported hardware.
[W910 12:10:17.761934453 NNPACK.cpp:56] Could not initialize NNPACK! Reason: Unsupported hardware.
[W910 12:10:17.762993156 NNPACK.cpp:56] Could not initialize NNPACK! Reason: Unsupported hardware.
[W910 12:10:17.764068000 NNPACK.cpp:56] Could not initialize NNPACK! Reason: Unsupported hardware.
[W910 12:10:17.765590782 NNPACK.cpp:56] Could not initialize NNPACK! Reason: Unsupported hardware.
[W910 12:10:18.210144078 NNPACK.cpp:56] Could not initialize NNPACK! Reason: Unsupported hardware.
[W910 12:10:18.210864175 NNPACK.cpp:56] Could not initialize NNPACK! Reason: Unsupported hardware.
[W910 12:10:18.211389018 NNPACK.cpp:56] Could not initialize NNPACK! Reason: Unsupported hardware.
[W910 12:10:18.211871852 NNPACK.cpp:56] Could not initialize NNPACK! Reason: Unsupported hardware.
[W910 12:10:18.212481035 NNPACK.cpp:56] Could not initialize NNPACK! Reason: Unsupported hardware.
[W910 12:10:18.213052392 NNPACK.cpp:56] Could not initialize NNPACK! Reason: Unsupported hardware.
[W910 12:10:18.213614228 NNPACK.cpp:56] Could not initialize NNPACK! Reason: Unsupported hardware.
[W910 12:10:18.214505073 NNPACK.cpp:56] Could not initialize NNPACK! Reason: Unsupported hardware.
[W910 12:10:18.711635364 NNPACK.cpp:56] Could not initialize NNPACK! Reason: Unsupported hardware.
[W910 12:10:18.712856826 NNPACK.cpp:56] Could not initialize NNPACK! Reason: Unsupported hardware.
[W910 12:10:18.713818817 NNPACK.cpp:56] Could not initialize NNPACK! Reason: Unsupported hardware.
[W910 12:10:18.714843592 NNPACK.cpp:56] Could not initialize NNPACK! Reason: Unsupported hardware.
[W910 12:10:18.715852001 NNPACK.cpp:56] Could not initialize NNPACK! Reason: Unsupported hardware.
[W910 12:10:18.716852903 NNPACK.cpp:56] Could not initialize NNPACK! Reason: Unsupported hardware.
[W910 12:10:18.717858220 NNPACK.cpp:56] Could not initialize NNPACK! Reason: Unsupported hardware.
[W910 12:10:18.719234441 NNPACK.cpp:56] Could not initialize NNPACK! Reason: Unsupported hardware.
[W910 12:10:19.158244568 NNPACK.cpp:56] Could not initialize NNPACK! Reason: Unsupported hardware.
[W910 12:10:19.158974133 NNPACK.cpp:56] Could not initialize NNPACK! Reason: Unsupported hardware.
[W910 12:10:19.159484878 NNPACK.cpp:56] Could not initialize NNPACK! Reason: Unsupported hardware.
[W910 12:10:19.159970033 NNPACK.cpp:56] Could not initialize NNPACK! Reason: Unsupported hardware.
[W910 12:10:19.160533022 NNPACK.cpp:56] Could not initialize NNPACK! Reason: Unsupported hardware.
[W910 12:10:19.161093163 NNPACK.cpp:56] Could not initialize NNPACK! Reason: Unsupported hardware.
[W910 12:10:19.161646126 NNPACK.cpp:56] Could not initialize NNPACK! Reason: Unsupported hardware.
[W910 12:10:19.162522279 NNPACK.cpp:56] Could not initialize NNPACK! Reason: Unsupported hardware.
[W910 12:10:19.659644980 NNPACK.cpp:56] Could not initialize NNPACK! Reason: Unsupported hardware.
[W910 12:10:19.660872672 NNPACK.cpp:56] Could not initialize NNPACK! Reason: Unsupported hardware.
[W910 12:10:19.661827461 NNPACK.cpp:56] Could not initialize NNPACK! Reason: Unsupported hardware.
[W910 12:10:19.662769972 NNPACK.cpp:56] Could not initialize NNPACK! Reason: Unsupported hardware.
[W910 12:10:19.663810649 NNPACK.cpp:56] Could not initialize NNPACK! Reason: Unsupported hardware.
[W910 12:10:19.664840445 NNPACK.cpp:56] Could not initialize NNPACK! Reason: Unsupported hardware.
[W910 12:10:19.665856568 NNPACK.cpp:56] Could not initialize NNPACK! Reason: Unsupported hardware.
[W910 12:10:19.667275337 NNPACK.cpp:56] Could not initialize NNPACK! Reason: Unsupported hardware.
[W910 12:10:20.106680908 NNPACK.cpp:56] Could not initialize NNPACK! Reason: Unsupported hardware.
[W910 12:10:20.107412661 NNPACK.cpp:56] Could not initialize NNPACK! Reason: Unsupported hardware.
[W910 12:10:20.107926609 NNPACK.cpp:56] Could not initialize NNPACK! Reason: Unsupported hardware.
[W910 12:10:20.108445227 NNPACK.cpp:56] Could not initialize NNPACK! Reason: Unsupported hardware.
[W910 12:10:20.109021343 NNPACK.cpp:56] Could not initialize NNPACK! Reason: Unsupported hardware.
[W910 12:10:20.109620621 NNPACK.cpp:56] Could not initialize NNPACK! Reason: Unsupported hardware.
[W910 12:10:20.110239730 NNPACK.cpp:56] Could not initialize NNPACK! Reason: Unsupported hardware.
[W910 12:10:20.111147815 NNPACK.cpp:56] Could not initialize NNPACK! Reason: Unsupported hardware.
[W910 12:10:20.607124569 NNPACK.cpp:56] Could not initialize NNPACK! Reason: Unsupported hardware.
[W910 12:10:20.608332477 NNPACK.cpp:56] Could not initialize NNPACK! Reason: Unsupported hardware.
[W910 12:10:20.609285498 NNPACK.cpp:56] Could not initialize NNPACK! Reason: Unsupported hardware.
[W910 12:10:20.610226872 NNPACK.cpp:56] Could not initialize NNPACK! Reason: Unsupported hardware.
[W910 12:10:20.611333829 NNPACK.cpp:56] Could not initialize NNPACK! Reason: Unsupported hardware.
[W910 12:10:20.612333608 NNPACK.cpp:56] Could not initialize NNPACK! Reason: Unsupported hardware.
[W910 12:10:20.613330782 NNPACK.cpp:56] Could not initialize NNPACK! Reason: Unsupported hardware.
[W910 12:10:20.614686300 NNPACK.cpp:56] Could not initialize NNPACK! Reason: Unsupported hardware.
[W910 12:10:21.052385467 NNPACK.cpp:56] Could not initialize NNPACK! Reason: Unsupported hardware.
[W910 12:10:21.053072641 NNPACK.cpp:56] Could not initialize NNPACK! Reason: Unsupported hardware.
[W910 12:10:21.053508386 NNPACK.cpp:56] Could not initialize NNPACK! Reason: Unsupported hardware.
[W910 12:10:21.053936541 NNPACK.cpp:56] Could not initialize NNPACK! Reason: Unsupported hardware.
[W910 12:10:21.054433504 NNPACK.cpp:56] Could not initialize NNPACK! Reason: Unsupported hardware.
[W910 12:10:21.054920736 NNPACK.cpp:56] Could not initialize NNPACK! Reason: Unsupported hardware.
[W910 12:10:21.055414490 NNPACK.cpp:56] Could not initialize NNPACK! Reason: Unsupported hardware.
[W910 12:10:21.056229977 NNPACK.cpp:56] Could not initialize NNPACK! Reason: Unsupported hardware.
[W910 12:10:21.355982189 NNPACK.cpp:56] Could not initialize NNPACK! Reason: Unsupported hardware.
[W910 12:10:21.356371789 NNPACK.cpp:56] Could not initialize NNPACK! Reason: Unsupported hardware.
[W910 12:10:21.356515027 NNPACK.cpp:56] Could not initialize NNPACK! Reason: Unsupported hardware.
[W910 12:10:21.356656839 NNPACK.cpp:56] Could not initialize NNPACK! Reason: Unsupported hardware.
[W910 12:10:21.356791304 NNPACK.cpp:56] Could not initialize NNPACK! Reason: Unsupported hardware.
[W910 12:10:21.356920112 NNPACK.cpp:56] Could not initialize NNPACK! Reason: Unsupported hardware.
[W910 12:10:21.357054860 NNPACK.cpp:56] Could not initialize NNPACK! Reason: Unsupported hardware.
[W910 12:10:21.357510800 NNPACK.cpp:56] Could not initialize NNPACK! Reason: Unsupported hardware.
[W910 12:10:21.526899109 NNPACK.cpp:56] Could not initialize NNPACK! Reason: Unsupported hardware.
[W910 12:10:21.527536183 NNPACK.cpp:56] Could not initialize NNPACK! Reason: Unsupported hardware.
[W910 12:10:21.527911756 NNPACK.cpp:56] Could not initialize NNPACK! Reason: Unsupported hardware.
[W910 12:10:21.528292120 NNPACK.cpp:56] Could not initialize NNPACK! Reason: Unsupported hardware.
[W910 12:10:21.528713984 NNPACK.cpp:56] Could not initialize NNPACK! Reason: Unsupported hardware.
[W910 12:10:21.529139500 NNPACK.cpp:56] Could not initialize NNPACK! Reason: Unsupported hardware.
[W910 12:10:21.529540246 NNPACK.cpp:56] Could not initialize NNPACK! Reason: Unsupported hardware.
[W910 12:10:21.530279555 NNPACK.cpp:56] Could not initialize NNPACK! Reason: Unsupported hardware.
[W910 12:10:21.894895982 NNPACK.cpp:56] Could not initialize NNPACK! Reason: Unsupported hardware.
[W910 12:10:21.896070289 NNPACK.cpp:56] Could not initialize NNPACK! Reason: Unsupported hardware.
[W910 12:10:21.896977862 NNPACK.cpp:56] Could not initialize NNPACK! Reason: Unsupported hardware.
[W910 12:10:21.897930199 NNPACK.cpp:56] Could not initialize NNPACK! Reason: Unsupported hardware.
[W910 12:10:21.898935122 NNPACK.cpp:56] Could not initialize NNPACK! Reason: Unsupported hardware.
[W910 12:10:21.900052945 NNPACK.cpp:56] Could not initialize NNPACK! Reason: Unsupported hardware.
[W910 12:10:21.901445040 NNPACK.cpp:56] Could not initialize NNPACK! Reason: Unsupported hardware.
[W910 12:10:21.903025928 NNPACK.cpp:56] Could not initialize NNPACK! Reason: Unsupported hardware.
[W910 12:10:22.440719402 NNPACK.cpp:56] Could not initialize NNPACK! Reason: Unsupported hardware.
[W910 12:10:22.441111915 NNPACK.cpp:56] Could not initialize NNPACK! Reason: Unsupported hardware.
[W910 12:10:22.441249698 NNPACK.cpp:56] Could not initialize NNPACK! Reason: Unsupported hardware.
[W910 12:10:22.441378946 NNPACK.cpp:56] Could not initialize NNPACK! Reason: Unsupported hardware.
[W910 12:10:22.441513552 NNPACK.cpp:56] Could not initialize NNPACK! Reason: Unsupported hardware.
[W910 12:10:22.441642514 NNPACK.cpp:56] Could not initialize NNPACK! Reason: Unsupported hardware.
[W910 12:10:22.441769587 NNPACK.cpp:56] Could not initialize NNPACK! Reason: Unsupported hardware.
[W910 12:10:22.442235660 NNPACK.cpp:56] Could not initialize NNPACK! Reason: Unsupported hardware.
[W910 12:10:22.554747319 NNPACK.cpp:56] Could not initialize NNPACK! Reason: Unsupported hardware.
[W910 12:10:22.555149420 NNPACK.cpp:56] Could not initialize NNPACK! Reason: Unsupported hardware.
[W910 12:10:22.555293815 NNPACK.cpp:56] Could not initialize NNPACK! Reason: Unsupported hardware.
[W910 12:10:22.555432417 NNPACK.cpp:56] Could not initialize NNPACK! Reason: Unsupported hardware.
[W910 12:10:22.555566013 NNPACK.cpp:56] Could not initialize NNPACK! Reason: Unsupported hardware.
[W910 12:10:22.555693713 NNPACK.cpp:56] Could not initialize NNPACK! Reason: Unsupported hardware.
[W910 12:10:22.555818940 NNPACK.cpp:56] Could not initialize NNPACK! Reason: Unsupported hardware.
[W910 12:10:22.556281540 NNPACK.cpp:56] Could not initialize NNPACK! Reason: Unsupported hardware.
[W910 12:10:22.670054028 NNPACK.cpp:56] Could not initialize NNPACK! Reason: Unsupported hardware.
[W910 12:10:22.670428471 NNPACK.cpp:56] Could not initialize NNPACK! Reason: Unsupported hardware.
[W910 12:10:22.670564216 NNPACK.cpp:56] Could not initialize NNPACK! Reason: Unsupported hardware.
[W910 12:10:22.670695020 NNPACK.cpp:56] Could not initialize NNPACK! Reason: Unsupported hardware.
[W910 12:10:22.670833078 NNPACK.cpp:56] Could not initialize NNPACK! Reason: Unsupported hardware.
[W910 12:10:22.670965090 NNPACK.cpp:56] Could not initialize NNPACK! Reason: Unsupported hardware.
[W910 12:10:22.671103561 NNPACK.cpp:56] Could not initialize NNPACK! Reason: Unsupported hardware.
[W910 12:10:22.671568372 NNPACK.cpp:56] Could not initialize NNPACK! Reason: Unsupported hardware.
[W910 12:10:22.793955992 NNPACK.cpp:56] Could not initialize NNPACK! Reason: Unsupported hardware.
[W910 12:10:22.794374174 NNPACK.cpp:56] Could not initialize NNPACK! Reason: Unsupported hardware.
[W910 12:10:22.794544499 NNPACK.cpp:56] Could not initialize NNPACK! Reason: Unsupported hardware.
[W910 12:10:22.794706560 NNPACK.cpp:56] Could not initialize NNPACK! Reason: Unsupported hardware.
[W910 12:10:22.794878531 NNPACK.cpp:56] Could not initialize NNPACK! Reason: Unsupported hardware.
[W910 12:10:22.795054809 NNPACK.cpp:56] Could not initialize NNPACK! Reason: Unsupported hardware.
[W910 12:10:22.795224188 NNPACK.cpp:56] Could not initialize NNPACK! Reason: Unsupported hardware.
[W910 12:10:22.795736502 NNPACK.cpp:56] Could not initialize NNPACK! Reason: Unsupported hardware.
[W910 12:10:22.929100643 NNPACK.cpp:56] Could not initialize NNPACK! Reason: Unsupported hardware.
[W910 12:10:22.929502935 NNPACK.cpp:56] Could not initialize NNPACK! Reason: Unsupported hardware.
[W910 12:10:22.929664017 NNPACK.cpp:56] Could not initialize NNPACK! Reason: Unsupported hardware.
[W910 12:10:22.929820339 NNPACK.cpp:56] Could not initialize NNPACK! Reason: Unsupported hardware.
[W910 12:10:22.929986176 NNPACK.cpp:56] Could not initialize NNPACK! Reason: Unsupported hardware.
[W910 12:10:22.930157183 NNPACK.cpp:56] Could not initialize NNPACK! Reason: Unsupported hardware.
[W910 12:10:22.930322911 NNPACK.cpp:56] Could not initialize NNPACK! Reason: Unsupported hardware.
[W910 12:10:22.930842878 NNPACK.cpp:56] Could not initialize NNPACK! Reason: Unsupported hardware.
[W910 12:10:23.114260849 NNPACK.cpp:56] Could not initialize NNPACK! Reason: Unsupported hardware.
[W910 12:10:23.114927382 NNPACK.cpp:56] Could not initialize NNPACK! Reason: Unsupported hardware.
[W910 12:10:23.115333221 NNPACK.cpp:56] Could not initialize NNPACK! Reason: Unsupported hardware.
[W910 12:10:23.115729695 NNPACK.cpp:56] Could not initialize NNPACK! Reason: Unsupported hardware.
[W910 12:10:23.116181235 NNPACK.cpp:56] Could not initialize NNPACK! Reason: Unsupported hardware.
[W910 12:10:23.116622769 NNPACK.cpp:56] Could not initialize NNPACK! Reason: Unsupported hardware.
[W910 12:10:23.117068391 NNPACK.cpp:56] Could not initialize NNPACK! Reason: Unsupported hardware.
[W910 12:10:23.117842782 NNPACK.cpp:56] Could not initialize NNPACK! Reason: Unsupported hardware.
[W910 12:10:23.412113629 NNPACK.cpp:56] Could not initialize NNPACK! Reason: Unsupported hardware.
[W910 12:10:23.412650199 NNPACK.cpp:56] Could not initialize NNPACK! Reason: Unsupported hardware.
[W910 12:10:23.412938358 NNPACK.cpp:56] Could not initialize NNPACK! Reason: Unsupported hardware.
[W910 12:10:23.413273393 NNPACK.cpp:56] Could not initialize NNPACK! Reason: Unsupported hardware.
[W910 12:10:23.413648818 NNPACK.cpp:56] Could not initialize NNPACK! Reason: Unsupported hardware.
[W910 12:10:23.413967715 NNPACK.cpp:56] Could not initialize NNPACK! Reason: Unsupported hardware.
[W910 12:10:23.414318453 NNPACK.cpp:56] Could not initialize NNPACK! Reason: Unsupported hardware.
[W910 12:10:23.414978508 NNPACK.cpp:56] Could not initialize NNPACK! Reason: Unsupported hardware.
[W910 12:10:23.624761767 NNPACK.cpp:56] Could not initialize NNPACK! Reason: Unsupported hardware.
[W910 12:10:23.625235274 NNPACK.cpp:56] Could not initialize NNPACK! Reason: Unsupported hardware.
[W910 12:10:23.625456041 NNPACK.cpp:56] Could not initialize NNPACK! Reason: Unsupported hardware.
[W910 12:10:23.625665868 NNPACK.cpp:56] Could not initialize NNPACK! Reason: Unsupported hardware.
[W910 12:10:23.625890330 NNPACK.cpp:56] Could not initialize NNPACK! Reason: Unsupported hardware.
[W910 12:10:23.626107498 NNPACK.cpp:56] Could not initialize NNPACK! Reason: Unsupported hardware.
[W910 12:10:23.626318947 NNPACK.cpp:56] Could not initialize NNPACK! Reason: Unsupported hardware.
[W910 12:10:23.626842266 NNPACK.cpp:56] Could not initialize NNPACK! Reason: Unsupported hardware.
[W910 12:10:23.873689126 NNPACK.cpp:56] Could not initialize NNPACK! Reason: Unsupported hardware.
[W910 12:10:23.874580784 NNPACK.cpp:56] Could not initialize NNPACK! Reason: Unsupported hardware.
[W910 12:10:23.875220902 NNPACK.cpp:56] Could not initialize NNPACK! Reason: Unsupported hardware.
[W910 12:10:23.875847467 NNPACK.cpp:56] Could not initialize NNPACK! Reason: Unsupported hardware.
[W910 12:10:23.876556698 NNPACK.cpp:56] Could not initialize NNPACK! Reason: Unsupported hardware.
[W910 12:10:23.877220386 NNPACK.cpp:56] Could not initialize NNPACK! Reason: Unsupported hardware.
[W910 12:10:23.877877093 NNPACK.cpp:56] Could not initialize NNPACK! Reason: Unsupported hardware.
[W910 12:10:23.878865796 NNPACK.cpp:56] Could not initialize NNPACK! Reason: Unsupported hardware.
[W910 12:10:25.123390836 NNPACK.cpp:56] Could not initialize NNPACK! Reason: Unsupported hardware.
[W910 12:10:25.124827464 NNPACK.cpp:56] Could not initialize NNPACK! Reason: Unsupported hardware.
[W910 12:10:25.125951668 NNPACK.cpp:56] Could not initialize NNPACK! Reason: Unsupported hardware.
[W910 12:10:25.127059436 NNPACK.cpp:56] Could not initialize NNPACK! Reason: Unsupported hardware.
[W910 12:10:25.128542191 NNPACK.cpp:56] Could not initialize NNPACK! Reason: Unsupported hardware.
[W910 12:10:25.130478454 NNPACK.cpp:56] Could not initialize NNPACK! Reason: Unsupported hardware.
[W910 12:10:25.131788615 NNPACK.cpp:56] Could not initialize NNPACK! Reason: Unsupported hardware.
[W910 12:10:25.133840451 NNPACK.cpp:56] Could not initialize NNPACK! Reason: Unsupported hardware.
[W910 12:10:25.573329001 NNPACK.cpp:56] Could not initialize NNPACK! Reason: Unsupported hardware.
[W910 12:10:25.574063567 NNPACK.cpp:56] Could not initialize NNPACK! Reason: Unsupported hardware.
[W910 12:10:25.574562990 NNPACK.cpp:56] Could not initialize NNPACK! Reason: Unsupported hardware.
[W910 12:10:25.575044585 NNPACK.cpp:56] Could not initialize NNPACK! Reason: Unsupported hardware.
[W910 12:10:25.575589283 NNPACK.cpp:56] Could not initialize NNPACK! Reason: Unsupported hardware.
[W910 12:10:25.576137997 NNPACK.cpp:56] Could not initialize NNPACK! Reason: Unsupported hardware.
[W910 12:10:25.576680109 NNPACK.cpp:56] Could not initialize NNPACK! Reason: Unsupported hardware.
[W910 12:10:25.577549702 NNPACK.cpp:56] Could not initialize NNPACK! Reason: Unsupported hardware.
[W910 12:10:26.078384644 NNPACK.cpp:56] Could not initialize NNPACK! Reason: Unsupported hardware.
[W910 12:10:26.079606259 NNPACK.cpp:56] Could not initialize NNPACK! Reason: Unsupported hardware.
[W910 12:10:26.080638742 NNPACK.cpp:56] Could not initialize NNPACK! Reason: Unsupported hardware.
[W910 12:10:26.081621988 NNPACK.cpp:56] Could not initialize NNPACK! Reason: Unsupported hardware.
[W910 12:10:26.082668103 NNPACK.cpp:56] Could not initialize NNPACK! Reason: Unsupported hardware.
[W910 12:10:26.083679549 NNPACK.cpp:56] Could not initialize NNPACK! Reason: Unsupported hardware.
[W910 12:10:26.084689615 NNPACK.cpp:56] Could not initialize NNPACK! Reason: Unsupported hardware.
[W910 12:10:26.086032144 NNPACK.cpp:56] Could not initialize NNPACK! Reason: Unsupported hardware.
[W910 12:10:26.528452962 NNPACK.cpp:56] Could not initialize NNPACK! Reason: Unsupported hardware.
[W910 12:10:26.529191673 NNPACK.cpp:56] Could not initialize NNPACK! Reason: Unsupported hardware.
[W910 12:10:26.529681622 NNPACK.cpp:56] Could not initialize NNPACK! Reason: Unsupported hardware.
[W910 12:10:26.530174188 NNPACK.cpp:56] Could not initialize NNPACK! Reason: Unsupported hardware.
[W910 12:10:26.530784494 NNPACK.cpp:56] Could not initialize NNPACK! Reason: Unsupported hardware.
[W910 12:10:26.531339760 NNPACK.cpp:56] Could not initialize NNPACK! Reason: Unsupported hardware.
[W910 12:10:26.531889259 NNPACK.cpp:56] Could not initialize NNPACK! Reason: Unsupported hardware.
[W910 12:10:26.532816327 NNPACK.cpp:56] Could not initialize NNPACK! Reason: Unsupported hardware.
[W910 12:10:27.040065578 NNPACK.cpp:56] Could not initialize NNPACK! Reason: Unsupported hardware.
[W910 12:10:27.041864081 NNPACK.cpp:56] Could not initialize NNPACK! Reason: Unsupported hardware.
[W910 12:10:27.042861199 NNPACK.cpp:56] Could not initialize NNPACK! Reason: Unsupported hardware.
[W910 12:10:27.043817305 NNPACK.cpp:56] Could not initialize NNPACK! Reason: Unsupported hardware.
[W910 12:10:27.044888035 NNPACK.cpp:56] Could not initialize NNPACK! Reason: Unsupported hardware.
[W910 12:10:27.045948281 NNPACK.cpp:56] Could not initialize NNPACK! Reason: Unsupported hardware.
[W910 12:10:27.046979778 NNPACK.cpp:56] Could not initialize NNPACK! Reason: Unsupported hardware.
[W910 12:10:27.048378060 NNPACK.cpp:56] Could not initialize NNPACK! Reason: Unsupported hardware.
[W910 12:10:27.489127887 NNPACK.cpp:56] Could not initialize NNPACK! Reason: Unsupported hardware.
[W910 12:10:27.489853927 NNPACK.cpp:56] Could not initialize NNPACK! Reason: Unsupported hardware.
[W910 12:10:27.490347853 NNPACK.cpp:56] Could not initialize NNPACK! Reason: Unsupported hardware.
[W910 12:10:27.490839035 NNPACK.cpp:56] Could not initialize NNPACK! Reason: Unsupported hardware.
[W910 12:10:27.491428407 NNPACK.cpp:56] Could not initialize NNPACK! Reason: Unsupported hardware.
[W910 12:10:27.492017184 NNPACK.cpp:56] Could not initialize NNPACK! Reason: Unsupported hardware.
[W910 12:10:27.492662403 NNPACK.cpp:56] Could not initialize NNPACK! Reason: Unsupported hardware.
[W910 12:10:27.493617542 NNPACK.cpp:56] Could not initialize NNPACK! Reason: Unsupported hardware.
[W910 12:10:28.000850977 NNPACK.cpp:56] Could not initialize NNPACK! Reason: Unsupported hardware.
[W910 12:10:28.002066631 NNPACK.cpp:56] Could not initialize NNPACK! Reason: Unsupported hardware.
[W910 12:10:28.003010960 NNPACK.cpp:56] Could not initialize NNPACK! Reason: Unsupported hardware.
[W910 12:10:28.003947320 NNPACK.cpp:56] Could not initialize NNPACK! Reason: Unsupported hardware.
[W910 12:10:28.004938729 NNPACK.cpp:56] Could not initialize NNPACK! Reason: Unsupported hardware.
[W910 12:10:28.005938870 NNPACK.cpp:56] Could not initialize NNPACK! Reason: Unsupported hardware.
[W910 12:10:28.006934210 NNPACK.cpp:56] Could not initialize NNPACK! Reason: Unsupported hardware.
[W910 12:10:28.008263778 NNPACK.cpp:56] Could not initialize NNPACK! Reason: Unsupported hardware.
[W910 12:10:28.453809372 NNPACK.cpp:56] Could not initialize NNPACK! Reason: Unsupported hardware.
[W910 12:10:28.454540164 NNPACK.cpp:56] Could not initialize NNPACK! Reason: Unsupported hardware.
[W910 12:10:28.455030449 NNPACK.cpp:56] Could not initialize NNPACK! Reason: Unsupported hardware.
[W910 12:10:28.455509243 NNPACK.cpp:56] Could not initialize NNPACK! Reason: Unsupported hardware.
[W910 12:10:28.456061796 NNPACK.cpp:56] Could not initialize NNPACK! Reason: Unsupported hardware.
[W910 12:10:28.456603003 NNPACK.cpp:56] Could not initialize NNPACK! Reason: Unsupported hardware.
[W910 12:10:28.457152506 NNPACK.cpp:56] Could not initialize NNPACK! Reason: Unsupported hardware.
[W910 12:10:28.458023748 NNPACK.cpp:56] Could not initialize NNPACK! Reason: Unsupported hardware.
[W910 12:10:29.968298071 NNPACK.cpp:56] Could not initialize NNPACK! Reason: Unsupported hardware.
[W910 12:10:29.969525415 NNPACK.cpp:56] Could not initialize NNPACK! Reason: Unsupported hardware.
[W910 12:10:29.970506423 NNPACK.cpp:56] Could not initialize NNPACK! Reason: Unsupported hardware.
[W910 12:10:29.971490021 NNPACK.cpp:56] Could not initialize NNPACK! Reason: Unsupported hardware.
[W910 12:10:29.972558178 NNPACK.cpp:56] Could not initialize NNPACK! Reason: Unsupported hardware.
[W910 12:10:29.973582688 NNPACK.cpp:56] Could not initialize NNPACK! Reason: Unsupported hardware.
[W910 12:10:29.974616930 NNPACK.cpp:56] Could not initialize NNPACK! Reason: Unsupported hardware.
[W910 12:10:29.975984287 NNPACK.cpp:56] Could not initialize NNPACK! Reason: Unsupported hardware.
[W910 12:10:29.420077333 NNPACK.cpp:56] Could not initialize NNPACK! Reason: Unsupported hardware.
[W910 12:10:29.420840920 NNPACK.cpp:56] Could not initialize NNPACK! Reason: Unsupported hardware.
[W910 12:10:29.421335059 NNPACK.cpp:56] Could not initialize NNPACK! Reason: Unsupported hardware.
[W910 12:10:29.421835743 NNPACK.cpp:56] Could not initialize NNPACK! Reason: Unsupported hardware.
[W910 12:10:29.422407862 NNPACK.cpp:56] Could not initialize NNPACK! Reason: Unsupported hardware.
[W910 12:10:29.422973042 NNPACK.cpp:56] Could not initialize NNPACK! Reason: Unsupported hardware.
[W910 12:10:29.423540393 NNPACK.cpp:56] Could not initialize NNPACK! Reason: Unsupported hardware.
[W910 12:10:29.424442643 NNPACK.cpp:56] Could not initialize NNPACK! Reason: Unsupported hardware.
[W910 12:10:29.923036437 NNPACK.cpp:56] Could not initialize NNPACK! Reason: Unsupported hardware.
[W910 12:10:29.924262482 NNPACK.cpp:56] Could not initialize NNPACK! Reason: Unsupported hardware.
[W910 12:10:29.925222214 NNPACK.cpp:56] Could not initialize NNPACK! Reason: Unsupported hardware.
[W910 12:10:29.926171702 NNPACK.cpp:56] Could not initialize NNPACK! Reason: Unsupported hardware.
[W910 12:10:29.927207870 NNPACK.cpp:56] Could not initialize NNPACK! Reason: Unsupported hardware.
[W910 12:10:29.928244196 NNPACK.cpp:56] Could not initialize NNPACK! Reason: Unsupported hardware.
[W910 12:10:29.929247508 NNPACK.cpp:56] Could not initialize NNPACK! Reason: Unsupported hardware.
[W910 12:10:29.930607366 NNPACK.cpp:56] Could not initialize NNPACK! Reason: Unsupported hardware.
[W910 12:10:30.373557907 NNPACK.cpp:56] Could not initialize NNPACK! Reason: Unsupported hardware.
[W910 12:10:30.374295202 NNPACK.cpp:56] Could not initialize NNPACK! Reason: Unsupported hardware.
[W910 12:10:30.374783403 NNPACK.cpp:56] Could not initialize NNPACK! Reason: Unsupported hardware.
[W910 12:10:30.375296368 NNPACK.cpp:56] Could not initialize NNPACK! Reason: Unsupported hardware.
[W910 12:10:30.375848197 NNPACK.cpp:56] Could not initialize NNPACK! Reason: Unsupported hardware.
[W910 12:10:30.376418239 NNPACK.cpp:56] Could not initialize NNPACK! Reason: Unsupported hardware.
[W910 12:10:30.376966928 NNPACK.cpp:56] Could not initialize NNPACK! Reason: Unsupported hardware.
[W910 12:10:30.377841325 NNPACK.cpp:56] Could not initialize NNPACK! Reason: Unsupported hardware.
[W910 12:10:30.885129328 NNPACK.cpp:56] Could not initialize NNPACK! Reason: Unsupported hardware.
[W910 12:10:30.886361760 NNPACK.cpp:56] Could not initialize NNPACK! Reason: Unsupported hardware.
[W910 12:10:30.887335195 NNPACK.cpp:56] Could not initialize NNPACK! Reason: Unsupported hardware.
[W910 12:10:30.888326763 NNPACK.cpp:56] Could not initialize NNPACK! Reason: Unsupported hardware.
[W910 12:10:30.889364315 NNPACK.cpp:56] Could not initialize NNPACK! Reason: Unsupported hardware.
[W910 12:10:30.890392360 NNPACK.cpp:56] Could not initialize NNPACK! Reason: Unsupported hardware.
[W910 12:10:30.891419090 NNPACK.cpp:56] Could not initialize NNPACK! Reason: Unsupported hardware.
[W910 12:10:30.892780011 NNPACK.cpp:56] Could not initialize NNPACK! Reason: Unsupported hardware.
[W910 12:10:31.333043427 NNPACK.cpp:56] Could not initialize NNPACK! Reason: Unsupported hardware.
[W910 12:10:31.333769689 NNPACK.cpp:56] Could not initialize NNPACK! Reason: Unsupported hardware.
[W910 12:10:31.334258235 NNPACK.cpp:56] Could not initialize NNPACK! Reason: Unsupported hardware.
[W910 12:10:31.334738095 NNPACK.cpp:56] Could not initialize NNPACK! Reason: Unsupported hardware.
[W910 12:10:31.335288399 NNPACK.cpp:56] Could not initialize NNPACK! Reason: Unsupported hardware.
[W910 12:10:31.335868547 NNPACK.cpp:56] Could not initialize NNPACK! Reason: Unsupported hardware.
[W910 12:10:31.336427673 NNPACK.cpp:56] Could not initialize NNPACK! Reason: Unsupported hardware.
[W910 12:10:31.337296917 NNPACK.cpp:56] Could not initialize NNPACK! Reason: Unsupported hardware.
[W910 12:10:31.837558734 NNPACK.cpp:56] Could not initialize NNPACK! Reason: Unsupported hardware.
[W910 12:10:31.838767438 NNPACK.cpp:56] Could not initialize NNPACK! Reason: Unsupported hardware.
[W910 12:10:31.839717283 NNPACK.cpp:56] Could not initialize NNPACK! Reason: Unsupported hardware.
[W910 12:10:31.840634929 NNPACK.cpp:56] Could not initialize NNPACK! Reason: Unsupported hardware.
[W910 12:10:31.841628648 NNPACK.cpp:56] Could not initialize NNPACK! Reason: Unsupported hardware.
[W910 12:10:31.842624326 NNPACK.cpp:56] Could not initialize NNPACK! Reason: Unsupported hardware.
[W910 12:10:31.843616165 NNPACK.cpp:56] Could not initialize NNPACK! Reason: Unsupported hardware.
[W910 12:10:31.844975868 NNPACK.cpp:56] Could not initialize NNPACK! Reason: Unsupported hardware.
[W910 12:10:32.287215511 NNPACK.cpp:56] Could not initialize NNPACK! Reason: Unsupported hardware.
[W910 12:10:32.287938457 NNPACK.cpp:56] Could not initialize NNPACK! Reason: Unsupported hardware.
[W910 12:10:32.288425854 NNPACK.cpp:56] Could not initialize NNPACK! Reason: Unsupported hardware.
[W910 12:10:32.288903292 NNPACK.cpp:56] Could not initialize NNPACK! Reason: Unsupported hardware.
[W910 12:10:32.289454826 NNPACK.cpp:56] Could not initialize NNPACK! Reason: Unsupported hardware.
[W910 12:10:32.290072902 NNPACK.cpp:56] Could not initialize NNPACK! Reason: Unsupported hardware.
[W910 12:10:32.290614999 NNPACK.cpp:56] Could not initialize NNPACK! Reason: Unsupported hardware.
[W910 12:10:32.291482670 NNPACK.cpp:56] Could not initialize NNPACK! Reason: Unsupported hardware.
[W910 12:10:32.793574878 NNPACK.cpp:56] Could not initialize NNPACK! Reason: Unsupported hardware.
[W910 12:10:32.794805044 NNPACK.cpp:56] Could not initialize NNPACK! Reason: Unsupported hardware.
[W910 12:10:32.795770044 NNPACK.cpp:56] Could not initialize NNPACK! Reason: Unsupported hardware.
[W910 12:10:32.796700846 NNPACK.cpp:56] Could not initialize NNPACK! Reason: Unsupported hardware.
[W910 12:10:32.797738167 NNPACK.cpp:56] Could not initialize NNPACK! Reason: Unsupported hardware.
[W910 12:10:32.798746572 NNPACK.cpp:56] Could not initialize NNPACK! Reason: Unsupported hardware.
[W910 12:10:32.799774209 NNPACK.cpp:56] Could not initialize NNPACK! Reason: Unsupported hardware.
[W910 12:10:32.801113064 NNPACK.cpp:56] Could not initialize NNPACK! Reason: Unsupported hardware.
[W910 12:10:33.246456686 NNPACK.cpp:56] Could not initialize NNPACK! Reason: Unsupported hardware.
[W910 12:10:33.247233367 NNPACK.cpp:56] Could not initialize NNPACK! Reason: Unsupported hardware.
[W910 12:10:33.247722255 NNPACK.cpp:56] Could not initialize NNPACK! Reason: Unsupported hardware.
[W910 12:10:33.248423386 NNPACK.cpp:56] Could not initialize NNPACK! Reason: Unsupported hardware.
[W910 12:10:33.249111636 NNPACK.cpp:56] Could not initialize NNPACK! Reason: Unsupported hardware.
[W910 12:10:33.249897489 NNPACK.cpp:56] Could not initialize NNPACK! Reason: Unsupported hardware.
[W910 12:10:33.250569778 NNPACK.cpp:56] Could not initialize NNPACK! Reason: Unsupported hardware.
[W910 12:10:33.251549335 NNPACK.cpp:56] Could not initialize NNPACK! Reason: Unsupported hardware.
[W910 12:10:33.751508165 NNPACK.cpp:56] Could not initialize NNPACK! Reason: Unsupported hardware.
[W910 12:10:33.752728392 NNPACK.cpp:56] Could not initialize NNPACK! Reason: Unsupported hardware.
[W910 12:10:33.753684523 NNPACK.cpp:56] Could not initialize NNPACK! Reason: Unsupported hardware.
[W910 12:10:33.754642749 NNPACK.cpp:56] Could not initialize NNPACK! Reason: Unsupported hardware.
[W910 12:10:33.755749395 NNPACK.cpp:56] Could not initialize NNPACK! Reason: Unsupported hardware.
[W910 12:10:33.756756466 NNPACK.cpp:56] Could not initialize NNPACK! Reason: Unsupported hardware.
[W910 12:10:33.757763435 NNPACK.cpp:56] Could not initialize NNPACK! Reason: Unsupported hardware.
[W910 12:10:33.759098772 NNPACK.cpp:56] Could not initialize NNPACK! Reason: Unsupported hardware.
[W910 12:10:34.199695267 NNPACK.cpp:56] Could not initialize NNPACK! Reason: Unsupported hardware.
[W910 12:10:34.200500716 NNPACK.cpp:56] Could not initialize NNPACK! Reason: Unsupported hardware.
[W910 12:10:34.201015148 NNPACK.cpp:56] Could not initialize NNPACK! Reason: Unsupported hardware.
[W910 12:10:34.201501437 NNPACK.cpp:56] Could not initialize NNPACK! Reason: Unsupported hardware.
[W910 12:10:34.202057844 NNPACK.cpp:56] Could not initialize NNPACK! Reason: Unsupported hardware.
[W910 12:10:34.202605089 NNPACK.cpp:56] Could not initialize NNPACK! Reason: Unsupported hardware.
[W910 12:10:34.203160932 NNPACK.cpp:56] Could not initialize NNPACK! Reason: Unsupported hardware.
[W910 12:10:34.204035289 NNPACK.cpp:56] Could not initialize NNPACK! Reason: Unsupported hardware.
[W910 12:10:34.705152308 NNPACK.cpp:56] Could not initialize NNPACK! Reason: Unsupported hardware.
[W910 12:10:34.706378589 NNPACK.cpp:56] Could not initialize NNPACK! Reason: Unsupported hardware.
[W910 12:10:34.707340293 NNPACK.cpp:56] Could not initialize NNPACK! Reason: Unsupported hardware.
[W910 12:10:34.708292186 NNPACK.cpp:56] Could not initialize NNPACK! Reason: Unsupported hardware.
[W910 12:10:34.709343459 NNPACK.cpp:56] Could not initialize NNPACK! Reason: Unsupported hardware.
[W910 12:10:34.710355878 NNPACK.cpp:56] Could not initialize NNPACK! Reason: Unsupported hardware.
[W910 12:10:34.711362154 NNPACK.cpp:56] Could not initialize NNPACK! Reason: Unsupported hardware.
[W910 12:10:34.712692088 NNPACK.cpp:56] Could not initialize NNPACK! Reason: Unsupported hardware.
[W910 12:10:35.155603986 NNPACK.cpp:56] Could not initialize NNPACK! Reason: Unsupported hardware.
[W910 12:10:35.156351605 NNPACK.cpp:56] Could not initialize NNPACK! Reason: Unsupported hardware.
[W910 12:10:35.156847423 NNPACK.cpp:56] Could not initialize NNPACK! Reason: Unsupported hardware.
[W910 12:10:35.157341265 NNPACK.cpp:56] Could not initialize NNPACK! Reason: Unsupported hardware.
[W910 12:10:35.157915863 NNPACK.cpp:56] Could not initialize NNPACK! Reason: Unsupported hardware.
[W910 12:10:35.158507698 NNPACK.cpp:56] Could not initialize NNPACK! Reason: Unsupported hardware.
[W910 12:10:35.159138904 NNPACK.cpp:56] Could not initialize NNPACK! Reason: Unsupported hardware.
[W910 12:10:35.160019627 NNPACK.cpp:56] Could not initialize NNPACK! Reason: Unsupported hardware.
[W910 12:10:35.661567980 NNPACK.cpp:56] Could not initialize NNPACK! Reason: Unsupported hardware.
[W910 12:10:35.662776385 NNPACK.cpp:56] Could not initialize NNPACK! Reason: Unsupported hardware.
[W910 12:10:35.663731313 NNPACK.cpp:56] Could not initialize NNPACK! Reason: Unsupported hardware.
[W910 12:10:35.664686322 NNPACK.cpp:56] Could not initialize NNPACK! Reason: Unsupported hardware.
[W910 12:10:35.665772075 NNPACK.cpp:56] Could not initialize NNPACK! Reason: Unsupported hardware.
[W910 12:10:35.666880594 NNPACK.cpp:56] Could not initialize NNPACK! Reason: Unsupported hardware.
[W910 12:10:35.667989735 NNPACK.cpp:56] Could not initialize NNPACK! Reason: Unsupported hardware.
[W910 12:10:35.669483451 NNPACK.cpp:56] Could not initialize NNPACK! Reason: Unsupported hardware.
[W910 12:10:36.115733297 NNPACK.cpp:56] Could not initialize NNPACK! Reason: Unsupported hardware.
[W910 12:10:36.116459888 NNPACK.cpp:56] Could not initialize NNPACK! Reason: Unsupported hardware.
[W910 12:10:36.116944436 NNPACK.cpp:56] Could not initialize NNPACK! Reason: Unsupported hardware.
[W910 12:10:36.117433238 NNPACK.cpp:56] Could not initialize NNPACK! Reason: Unsupported hardware.
[W910 12:10:36.117986892 NNPACK.cpp:56] Could not initialize NNPACK! Reason: Unsupported hardware.
[W910 12:10:36.118566663 NNPACK.cpp:56] Could not initialize NNPACK! Reason: Unsupported hardware.
[W910 12:10:36.119136069 NNPACK.cpp:56] Could not initialize NNPACK! Reason: Unsupported hardware.
[W910 12:10:36.120101175 NNPACK.cpp:56] Could not initialize NNPACK! Reason: Unsupported hardware.
[W910 12:10:36.619195096 NNPACK.cpp:56] Could not initialize NNPACK! Reason: Unsupported hardware.
[W910 12:10:36.620422508 NNPACK.cpp:56] Could not initialize NNPACK! Reason: Unsupported hardware.
[W910 12:10:36.621386466 NNPACK.cpp:56] Could not initialize NNPACK! Reason: Unsupported hardware.
[W910 12:10:36.622339550 NNPACK.cpp:56] Could not initialize NNPACK! Reason: Unsupported hardware.
[W910 12:10:36.623419271 NNPACK.cpp:56] Could not initialize NNPACK! Reason: Unsupported hardware.
[W910 12:10:36.624451793 NNPACK.cpp:56] Could not initialize NNPACK! Reason: Unsupported hardware.
[W910 12:10:36.625479363 NNPACK.cpp:56] Could not initialize NNPACK! Reason: Unsupported hardware.
[W910 12:10:36.626815059 NNPACK.cpp:56] Could not initialize NNPACK! Reason: Unsupported hardware.
[W910 12:10:37.071423651 NNPACK.cpp:56] Could not initialize NNPACK! Reason: Unsupported hardware.
[W910 12:10:37.072160852 NNPACK.cpp:56] Could not initialize NNPACK! Reason: Unsupported hardware.
[W910 12:10:37.072651405 NNPACK.cpp:56] Could not initialize NNPACK! Reason: Unsupported hardware.
[W910 12:10:37.073142719 NNPACK.cpp:56] Could not initialize NNPACK! Reason: Unsupported hardware.
[W910 12:10:37.073703202 NNPACK.cpp:56] Could not initialize NNPACK! Reason: Unsupported hardware.
[W910 12:10:37.074257084 NNPACK.cpp:56] Could not initialize NNPACK! Reason: Unsupported hardware.
[W910 12:10:37.074839041 NNPACK.cpp:56] Could not initialize NNPACK! Reason: Unsupported hardware.
[W910 12:10:37.075719352 NNPACK.cpp:56] Could not initialize NNPACK! Reason: Unsupported hardware.
[W910 12:10:37.575153098 NNPACK.cpp:56] Could not initialize NNPACK! Reason: Unsupported hardware.
[W910 12:10:37.576371117 NNPACK.cpp:56] Could not initialize NNPACK! Reason: Unsupported hardware.
[W910 12:10:37.577328470 NNPACK.cpp:56] Could not initialize NNPACK! Reason: Unsupported hardware.
[W910 12:10:37.578287977 NNPACK.cpp:56] Could not initialize NNPACK! Reason: Unsupported hardware.
[W910 12:10:37.579379739 NNPACK.cpp:56] Could not initialize NNPACK! Reason: Unsupported hardware.
[W910 12:10:37.580462812 NNPACK.cpp:56] Could not initialize NNPACK! Reason: Unsupported hardware.
[W910 12:10:37.581549761 NNPACK.cpp:56] Could not initialize NNPACK! Reason: Unsupported hardware.
[W910 12:10:37.582962200 NNPACK.cpp:56] Could not initialize NNPACK! Reason: Unsupported hardware.
[W910 12:10:38.025805657 NNPACK.cpp:56] Could not initialize NNPACK! Reason: Unsupported hardware.
[W910 12:10:38.026554163 NNPACK.cpp:56] Could not initialize NNPACK! Reason: Unsupported hardware.
[W910 12:10:38.027050062 NNPACK.cpp:56] Could not initialize NNPACK! Reason: Unsupported hardware.
[W910 12:10:38.027537049 NNPACK.cpp:56] Could not initialize NNPACK! Reason: Unsupported hardware.
[W910 12:10:38.028096452 NNPACK.cpp:56] Could not initialize NNPACK! Reason: Unsupported hardware.
[W910 12:10:38.028646892 NNPACK.cpp:56] Could not initialize NNPACK! Reason: Unsupported hardware.
[W910 12:10:38.029201546 NNPACK.cpp:56] Could not initialize NNPACK! Reason: Unsupported hardware.
[W910 12:10:38.030111005 NNPACK.cpp:56] Could not initialize NNPACK! Reason: Unsupported hardware.
[W910 12:10:38.544701440 NNPACK.cpp:56] Could not initialize NNPACK! Reason: Unsupported hardware.
[W910 12:10:38.545923285 NNPACK.cpp:56] Could not initialize NNPACK! Reason: Unsupported hardware.
[W910 12:10:38.546868131 NNPACK.cpp:56] Could not initialize NNPACK! Reason: Unsupported hardware.
[W910 12:10:38.547779784 NNPACK.cpp:56] Could not initialize NNPACK! Reason: Unsupported hardware.
[W910 12:10:38.548775862 NNPACK.cpp:56] Could not initialize NNPACK! Reason: Unsupported hardware.
[W910 12:10:38.549766204 NNPACK.cpp:56] Could not initialize NNPACK! Reason: Unsupported hardware.
[W910 12:10:38.550761189 NNPACK.cpp:56] Could not initialize NNPACK! Reason: Unsupported hardware.
[W910 12:10:38.552090009 NNPACK.cpp:56] Could not initialize NNPACK! Reason: Unsupported hardware.
[W910 12:10:39.996137386 NNPACK.cpp:56] Could not initialize NNPACK! Reason: Unsupported hardware.
[W910 12:10:39.996886486 NNPACK.cpp:56] Could not initialize NNPACK! Reason: Unsupported hardware.
[W910 12:10:39.997418394 NNPACK.cpp:56] Could not initialize NNPACK! Reason: Unsupported hardware.
[W910 12:10:39.997916535 NNPACK.cpp:56] Could not initialize NNPACK! Reason: Unsupported hardware.
[W910 12:10:39.998506385 NNPACK.cpp:56] Could not initialize NNPACK! Reason: Unsupported hardware.
[W910 12:10:39.999099784 NNPACK.cpp:56] Could not initialize NNPACK! Reason: Unsupported hardware.
[W910 12:10:39.999654078 NNPACK.cpp:56] Could not initialize NNPACK! Reason: Unsupported hardware.
[W910 12:10:39.000587651 NNPACK.cpp:56] Could not initialize NNPACK! Reason: Unsupported hardware.
[W910 12:10:39.502806751 NNPACK.cpp:56] Could not initialize NNPACK! Reason: Unsupported hardware.
[W910 12:10:39.504036777 NNPACK.cpp:56] Could not initialize NNPACK! Reason: Unsupported hardware.
[W910 12:10:39.504990583 NNPACK.cpp:56] Could not initialize NNPACK! Reason: Unsupported hardware.
[W910 12:10:39.505912485 NNPACK.cpp:56] Could not initialize NNPACK! Reason: Unsupported hardware.
[W910 12:10:39.506961699 NNPACK.cpp:56] Could not initialize NNPACK! Reason: Unsupported hardware.
[W910 12:10:39.508083987 NNPACK.cpp:56] Could not initialize NNPACK! Reason: Unsupported hardware.
[W910 12:10:39.509820754 NNPACK.cpp:56] Could not initialize NNPACK! Reason: Unsupported hardware.
[W910 12:10:39.511590405 NNPACK.cpp:56] Could not initialize NNPACK! Reason: Unsupported hardware.
[W910 12:10:40.954289309 NNPACK.cpp:56] Could not initialize NNPACK! Reason: Unsupported hardware.
[W910 12:10:40.955030730 NNPACK.cpp:56] Could not initialize NNPACK! Reason: Unsupported hardware.
[W910 12:10:40.955522069 NNPACK.cpp:56] Could not initialize NNPACK! Reason: Unsupported hardware.
[W910 12:10:40.956014664 NNPACK.cpp:56] Could not initialize NNPACK! Reason: Unsupported hardware.
[W910 12:10:40.956570234 NNPACK.cpp:56] Could not initialize NNPACK! Reason: Unsupported hardware.
[W910 12:10:40.957126986 NNPACK.cpp:56] Could not initialize NNPACK! Reason: Unsupported hardware.
[W910 12:10:40.957709206 NNPACK.cpp:56] Could not initialize NNPACK! Reason: Unsupported hardware.
[W910 12:10:40.958624658 NNPACK.cpp:56] Could not initialize NNPACK! Reason: Unsupported hardware.
[W910 12:10:40.455039023 NNPACK.cpp:56] Could not initialize NNPACK! Reason: Unsupported hardware.
[W910 12:10:40.456264743 NNPACK.cpp:56] Could not initialize NNPACK! Reason: Unsupported hardware.
[W910 12:10:40.457245156 NNPACK.cpp:56] Could not initialize NNPACK! Reason: Unsupported hardware.
[W910 12:10:40.458178048 NNPACK.cpp:56] Could not initialize NNPACK! Reason: Unsupported hardware.
[W910 12:10:40.459204765 NNPACK.cpp:56] Could not initialize NNPACK! Reason: Unsupported hardware.
[W910 12:10:40.460229325 NNPACK.cpp:56] Could not initialize NNPACK! Reason: Unsupported hardware.
[W910 12:10:40.461238382 NNPACK.cpp:56] Could not initialize NNPACK! Reason: Unsupported hardware.
[W910 12:10:40.462616188 NNPACK.cpp:56] Could not initialize NNPACK! Reason: Unsupported hardware.
[W910 12:10:40.903474467 NNPACK.cpp:56] Could not initialize NNPACK! Reason: Unsupported hardware.
[W910 12:10:40.904208485 NNPACK.cpp:56] Could not initialize NNPACK! Reason: Unsupported hardware.
[W910 12:10:40.904705144 NNPACK.cpp:56] Could not initialize NNPACK! Reason: Unsupported hardware.
[W910 12:10:40.905194878 NNPACK.cpp:56] Could not initialize NNPACK! Reason: Unsupported hardware.
[W910 12:10:40.905749405 NNPACK.cpp:56] Could not initialize NNPACK! Reason: Unsupported hardware.
[W910 12:10:40.906301713 NNPACK.cpp:56] Could not initialize NNPACK! Reason: Unsupported hardware.
[W910 12:10:40.906853682 NNPACK.cpp:56] Could not initialize NNPACK! Reason: Unsupported hardware.
[W910 12:10:40.907725353 NNPACK.cpp:56] Could not initialize NNPACK! Reason: Unsupported hardware.
[W910 12:10:41.410789670 NNPACK.cpp:56] Could not initialize NNPACK! Reason: Unsupported hardware.
[W910 12:10:41.412091217 NNPACK.cpp:56] Could not initialize NNPACK! Reason: Unsupported hardware.
[W910 12:10:41.413047115 NNPACK.cpp:56] Could not initialize NNPACK! Reason: Unsupported hardware.
[W910 12:10:41.413988671 NNPACK.cpp:56] Could not initialize NNPACK! Reason: Unsupported hardware.
[W910 12:10:41.415057807 NNPACK.cpp:56] Could not initialize NNPACK! Reason: Unsupported hardware.
[W910 12:10:41.416122092 NNPACK.cpp:56] Could not initialize NNPACK! Reason: Unsupported hardware.
[W910 12:10:41.417292551 NNPACK.cpp:56] Could not initialize NNPACK! Reason: Unsupported hardware.
[W910 12:10:41.418977919 NNPACK.cpp:56] Could not initialize NNPACK! Reason: Unsupported hardware.
[W910 12:10:41.859012246 NNPACK.cpp:56] Could not initialize NNPACK! Reason: Unsupported hardware.
[W910 12:10:41.859736016 NNPACK.cpp:56] Could not initialize NNPACK! Reason: Unsupported hardware.
[W910 12:10:41.860232469 NNPACK.cpp:56] Could not initialize NNPACK! Reason: Unsupported hardware.
[W910 12:10:41.860720830 NNPACK.cpp:56] Could not initialize NNPACK! Reason: Unsupported hardware.
[W910 12:10:41.861281125 NNPACK.cpp:56] Could not initialize NNPACK! Reason: Unsupported hardware.
[W910 12:10:41.861829947 NNPACK.cpp:56] Could not initialize NNPACK! Reason: Unsupported hardware.
[W910 12:10:41.862400733 NNPACK.cpp:56] Could not initialize NNPACK! Reason: Unsupported hardware.
[W910 12:10:41.863310264 NNPACK.cpp:56] Could not initialize NNPACK! Reason: Unsupported hardware.
[W910 12:10:42.365627325 NNPACK.cpp:56] Could not initialize NNPACK! Reason: Unsupported hardware.
[W910 12:10:42.366852571 NNPACK.cpp:56] Could not initialize NNPACK! Reason: Unsupported hardware.
[W910 12:10:42.367810321 NNPACK.cpp:56] Could not initialize NNPACK! Reason: Unsupported hardware.
[W910 12:10:42.368730461 NNPACK.cpp:56] Could not initialize NNPACK! Reason: Unsupported hardware.
[W910 12:10:42.369828145 NNPACK.cpp:56] Could not initialize NNPACK! Reason: Unsupported hardware.
[W910 12:10:42.370863651 NNPACK.cpp:56] Could not initialize NNPACK! Reason: Unsupported hardware.
[W910 12:10:42.371984493 NNPACK.cpp:56] Could not initialize NNPACK! Reason: Unsupported hardware.
[W910 12:10:42.373642998 NNPACK.cpp:56] Could not initialize NNPACK! Reason: Unsupported hardware.
[W910 12:10:42.812752189 NNPACK.cpp:56] Could not initialize NNPACK! Reason: Unsupported hardware.
[W910 12:10:42.813554886 NNPACK.cpp:56] Could not initialize NNPACK! Reason: Unsupported hardware.
[W910 12:10:42.814192517 NNPACK.cpp:56] Could not initialize NNPACK! Reason: Unsupported hardware.
[W910 12:10:42.814783122 NNPACK.cpp:56] Could not initialize NNPACK! Reason: Unsupported hardware.
[W910 12:10:42.815465370 NNPACK.cpp:56] Could not initialize NNPACK! Reason: Unsupported hardware.
[W910 12:10:42.816132811 NNPACK.cpp:56] Could not initialize NNPACK! Reason: Unsupported hardware.
[W910 12:10:42.817123552 NNPACK.cpp:56] Could not initialize NNPACK! Reason: Unsupported hardware.
[W910 12:10:42.818099055 NNPACK.cpp:56] Could not initialize NNPACK! Reason: Unsupported hardware.
[W910 12:10:43.323130954 NNPACK.cpp:56] Could not initialize NNPACK! Reason: Unsupported hardware.
[W910 12:10:43.324347609 NNPACK.cpp:56] Could not initialize NNPACK! Reason: Unsupported hardware.
[W910 12:10:43.325305039 NNPACK.cpp:56] Could not initialize NNPACK! Reason: Unsupported hardware.
[W910 12:10:43.326253417 NNPACK.cpp:56] Could not initialize NNPACK! Reason: Unsupported hardware.
[W910 12:10:43.327257338 NNPACK.cpp:56] Could not initialize NNPACK! Reason: Unsupported hardware.
[W910 12:10:43.328261425 NNPACK.cpp:56] Could not initialize NNPACK! Reason: Unsupported hardware.
[W910 12:10:43.329327653 NNPACK.cpp:56] Could not initialize NNPACK! Reason: Unsupported hardware.
[W910 12:10:43.330780649 NNPACK.cpp:56] Could not initialize NNPACK! Reason: Unsupported hardware.
[W910 12:10:43.770791510 NNPACK.cpp:56] Could not initialize NNPACK! Reason: Unsupported hardware.
[W910 12:10:43.771553997 NNPACK.cpp:56] Could not initialize NNPACK! Reason: Unsupported hardware.
[W910 12:10:43.772089956 NNPACK.cpp:56] Could not initialize NNPACK! Reason: Unsupported hardware.
[W910 12:10:43.772574294 NNPACK.cpp:56] Could not initialize NNPACK! Reason: Unsupported hardware.
[W910 12:10:43.773130841 NNPACK.cpp:56] Could not initialize NNPACK! Reason: Unsupported hardware.
[W910 12:10:43.773676860 NNPACK.cpp:56] Could not initialize NNPACK! Reason: Unsupported hardware.
[W910 12:10:43.774233718 NNPACK.cpp:56] Could not initialize NNPACK! Reason: Unsupported hardware.
[W910 12:10:43.775112329 NNPACK.cpp:56] Could not initialize NNPACK! Reason: Unsupported hardware.
[W910 12:10:44.273940604 NNPACK.cpp:56] Could not initialize NNPACK! Reason: Unsupported hardware.
[W910 12:10:44.275166667 NNPACK.cpp:56] Could not initialize NNPACK! Reason: Unsupported hardware.
[W910 12:10:44.276123121 NNPACK.cpp:56] Could not initialize NNPACK! Reason: Unsupported hardware.
[W910 12:10:44.277057456 NNPACK.cpp:56] Could not initialize NNPACK! Reason: Unsupported hardware.
[W910 12:10:44.278125382 NNPACK.cpp:56] Could not initialize NNPACK! Reason: Unsupported hardware.
[W910 12:10:44.279151011 NNPACK.cpp:56] Could not initialize NNPACK! Reason: Unsupported hardware.
[W910 12:10:44.280265956 NNPACK.cpp:56] Could not initialize NNPACK! Reason: Unsupported hardware.
[W910 12:10:44.281599846 NNPACK.cpp:56] Could not initialize NNPACK! Reason: Unsupported hardware.
[W910 12:10:44.719387271 NNPACK.cpp:56] Could not initialize NNPACK! Reason: Unsupported hardware.
[W910 12:10:44.720188816 NNPACK.cpp:56] Could not initialize NNPACK! Reason: Unsupported hardware.
[W910 12:10:44.720675550 NNPACK.cpp:56] Could not initialize NNPACK! Reason: Unsupported hardware.
[W910 12:10:44.721167686 NNPACK.cpp:56] Could not initialize NNPACK! Reason: Unsupported hardware.
[W910 12:10:44.721720971 NNPACK.cpp:56] Could not initialize NNPACK! Reason: Unsupported hardware.
[W910 12:10:44.722273436 NNPACK.cpp:56] Could not initialize NNPACK! Reason: Unsupported hardware.
[W910 12:10:44.722823354 NNPACK.cpp:56] Could not initialize NNPACK! Reason: Unsupported hardware.
[W910 12:10:44.723697684 NNPACK.cpp:56] Could not initialize NNPACK! Reason: Unsupported hardware.
[W910 12:10:45.223872541 NNPACK.cpp:56] Could not initialize NNPACK! Reason: Unsupported hardware.
[W910 12:10:45.225099770 NNPACK.cpp:56] Could not initialize NNPACK! Reason: Unsupported hardware.
[W910 12:10:45.226043690 NNPACK.cpp:56] Could not initialize NNPACK! Reason: Unsupported hardware.
[W910 12:10:45.226952847 NNPACK.cpp:56] Could not initialize NNPACK! Reason: Unsupported hardware.
[W910 12:10:45.227971794 NNPACK.cpp:56] Could not initialize NNPACK! Reason: Unsupported hardware.
[W910 12:10:45.229014959 NNPACK.cpp:56] Could not initialize NNPACK! Reason: Unsupported hardware.
[W910 12:10:45.230028860 NNPACK.cpp:56] Could not initialize NNPACK! Reason: Unsupported hardware.
[W910 12:10:45.231349293 NNPACK.cpp:56] Could not initialize NNPACK! Reason: Unsupported hardware.
[W910 12:10:45.666407174 NNPACK.cpp:56] Could not initialize NNPACK! Reason: Unsupported hardware.
[W910 12:10:45.667153147 NNPACK.cpp:56] Could not initialize NNPACK! Reason: Unsupported hardware.
[W910 12:10:45.667650751 NNPACK.cpp:56] Could not initialize NNPACK! Reason: Unsupported hardware.
[W910 12:10:45.668137601 NNPACK.cpp:56] Could not initialize NNPACK! Reason: Unsupported hardware.
[W910 12:10:45.668700770 NNPACK.cpp:56] Could not initialize NNPACK! Reason: Unsupported hardware.
[W910 12:10:45.669266764 NNPACK.cpp:56] Could not initialize NNPACK! Reason: Unsupported hardware.
[W910 12:10:45.669879006 NNPACK.cpp:56] Could not initialize NNPACK! Reason: Unsupported hardware.
[W910 12:10:45.670768408 NNPACK.cpp:56] Could not initialize NNPACK! Reason: Unsupported hardware.
[W910 12:10:46.172191310 NNPACK.cpp:56] Could not initialize NNPACK! Reason: Unsupported hardware.
[W910 12:10:46.173395419 NNPACK.cpp:56] Could not initialize NNPACK! Reason: Unsupported hardware.
[W910 12:10:46.178329200 NNPACK.cpp:56] Could not initialize NNPACK! Reason: Unsupported hardware.
[W910 12:10:46.179280333 NNPACK.cpp:56] Could not initialize NNPACK! Reason: Unsupported hardware.
[W910 12:10:46.180320316 NNPACK.cpp:56] Could not initialize NNPACK! Reason: Unsupported hardware.
[W910 12:10:46.181373234 NNPACK.cpp:56] Could not initialize NNPACK! Reason: Unsupported hardware.
[W910 12:10:46.182406373 NNPACK.cpp:56] Could not initialize NNPACK! Reason: Unsupported hardware.
[W910 12:10:46.183755135 NNPACK.cpp:56] Could not initialize NNPACK! Reason: Unsupported hardware.
[W910 12:10:46.623152704 NNPACK.cpp:56] Could not initialize NNPACK! Reason: Unsupported hardware.
[W910 12:10:46.623901956 NNPACK.cpp:56] Could not initialize NNPACK! Reason: Unsupported hardware.
[W910 12:10:46.624411120 NNPACK.cpp:56] Could not initialize NNPACK! Reason: Unsupported hardware.
[W910 12:10:46.624908658 NNPACK.cpp:56] Could not initialize NNPACK! Reason: Unsupported hardware.
[W910 12:10:46.625482157 NNPACK.cpp:56] Could not initialize NNPACK! Reason: Unsupported hardware.
[W910 12:10:46.626047768 NNPACK.cpp:56] Could not initialize NNPACK! Reason: Unsupported hardware.
[W910 12:10:46.626598225 NNPACK.cpp:56] Could not initialize NNPACK! Reason: Unsupported hardware.
[W910 12:10:46.627493360 NNPACK.cpp:56] Could not initialize NNPACK! Reason: Unsupported hardware.
[W910 12:10:47.126781445 NNPACK.cpp:56] Could not initialize NNPACK! Reason: Unsupported hardware.
[W910 12:10:47.128010853 NNPACK.cpp:56] Could not initialize NNPACK! Reason: Unsupported hardware.
[W910 12:10:47.128945713 NNPACK.cpp:56] Could not initialize NNPACK! Reason: Unsupported hardware.
[W910 12:10:47.129854248 NNPACK.cpp:56] Could not initialize NNPACK! Reason: Unsupported hardware.
[W910 12:10:47.130902090 NNPACK.cpp:56] Could not initialize NNPACK! Reason: Unsupported hardware.
[W910 12:10:47.131936984 NNPACK.cpp:56] Could not initialize NNPACK! Reason: Unsupported hardware.
[W910 12:10:47.132933004 NNPACK.cpp:56] Could not initialize NNPACK! Reason: Unsupported hardware.
[W910 12:10:47.134261413 NNPACK.cpp:56] Could not initialize NNPACK! Reason: Unsupported hardware.
[W910 12:10:47.571672026 NNPACK.cpp:56] Could not initialize NNPACK! Reason: Unsupported hardware.
[W910 12:10:47.572403287 NNPACK.cpp:56] Could not initialize NNPACK! Reason: Unsupported hardware.
[W910 12:10:47.572887256 NNPACK.cpp:56] Could not initialize NNPACK! Reason: Unsupported hardware.
[W910 12:10:47.573371460 NNPACK.cpp:56] Could not initialize NNPACK! Reason: Unsupported hardware.
[W910 12:10:47.573916003 NNPACK.cpp:56] Could not initialize NNPACK! Reason: Unsupported hardware.
[W910 12:10:47.574462685 NNPACK.cpp:56] Could not initialize NNPACK! Reason: Unsupported hardware.
[W910 12:10:47.575026218 NNPACK.cpp:56] Could not initialize NNPACK! Reason: Unsupported hardware.
[W910 12:10:47.575893396 NNPACK.cpp:56] Could not initialize NNPACK! Reason: Unsupported hardware.
[W910 12:10:48.076221787 NNPACK.cpp:56] Could not initialize NNPACK! Reason: Unsupported hardware.
[W910 12:10:48.077447080 NNPACK.cpp:56] Could not initialize NNPACK! Reason: Unsupported hardware.
[W910 12:10:48.078408507 NNPACK.cpp:56] Could not initialize NNPACK! Reason: Unsupported hardware.
[W910 12:10:48.079440086 NNPACK.cpp:56] Could not initialize NNPACK! Reason: Unsupported hardware.
[W910 12:10:48.080512999 NNPACK.cpp:56] Could not initialize NNPACK! Reason: Unsupported hardware.
[W910 12:10:48.081575258 NNPACK.cpp:56] Could not initialize NNPACK! Reason: Unsupported hardware.
[W910 12:10:48.082638635 NNPACK.cpp:56] Could not initialize NNPACK! Reason: Unsupported hardware.
[W910 12:10:48.084035716 NNPACK.cpp:56] Could not initialize NNPACK! Reason: Unsupported hardware.
[W910 12:10:48.524556222 NNPACK.cpp:56] Could not initialize NNPACK! Reason: Unsupported hardware.
[W910 12:10:48.525291084 NNPACK.cpp:56] Could not initialize NNPACK! Reason: Unsupported hardware.
[W910 12:10:48.525819749 NNPACK.cpp:56] Could not initialize NNPACK! Reason: Unsupported hardware.
[W910 12:10:48.526313270 NNPACK.cpp:56] Could not initialize NNPACK! Reason: Unsupported hardware.
[W910 12:10:48.526866057 NNPACK.cpp:56] Could not initialize NNPACK! Reason: Unsupported hardware.
[W910 12:10:48.527418138 NNPACK.cpp:56] Could not initialize NNPACK! Reason: Unsupported hardware.
[W910 12:10:48.527963253 NNPACK.cpp:56] Could not initialize NNPACK! Reason: Unsupported hardware.
[W910 12:10:48.528846359 NNPACK.cpp:56] Could not initialize NNPACK! Reason: Unsupported hardware.
[W910 12:10:49.028501094 NNPACK.cpp:56] Could not initialize NNPACK! Reason: Unsupported hardware.
[W910 12:10:49.029716029 NNPACK.cpp:56] Could not initialize NNPACK! Reason: Unsupported hardware.
[W910 12:10:49.030664321 NNPACK.cpp:56] Could not initialize NNPACK! Reason: Unsupported hardware.
[W910 12:10:49.031575949 NNPACK.cpp:56] Could not initialize NNPACK! Reason: Unsupported hardware.
[W910 12:10:49.032599426 NNPACK.cpp:56] Could not initialize NNPACK! Reason: Unsupported hardware.
[W910 12:10:49.033611289 NNPACK.cpp:56] Could not initialize NNPACK! Reason: Unsupported hardware.
[W910 12:10:49.034621015 NNPACK.cpp:56] Could not initialize NNPACK! Reason: Unsupported hardware.
[W910 12:10:49.035950431 NNPACK.cpp:56] Could not initialize NNPACK! Reason: Unsupported hardware.
[W910 12:10:49.477606603 NNPACK.cpp:56] Could not initialize NNPACK! Reason: Unsupported hardware.
[W910 12:10:49.478377172 NNPACK.cpp:56] Could not initialize NNPACK! Reason: Unsupported hardware.
[W910 12:10:49.478894302 NNPACK.cpp:56] Could not initialize NNPACK! Reason: Unsupported hardware.
[W910 12:10:49.479381054 NNPACK.cpp:56] Could not initialize NNPACK! Reason: Unsupported hardware.
[W910 12:10:49.479944124 NNPACK.cpp:56] Could not initialize NNPACK! Reason: Unsupported hardware.
[W910 12:10:49.480515751 NNPACK.cpp:56] Could not initialize NNPACK! Reason: Unsupported hardware.
[W910 12:10:49.481074749 NNPACK.cpp:56] Could not initialize NNPACK! Reason: Unsupported hardware.
[W910 12:10:49.481934166 NNPACK.cpp:56] Could not initialize NNPACK! Reason: Unsupported hardware.
[W910 12:10:50.988566943 NNPACK.cpp:56] Could not initialize NNPACK! Reason: Unsupported hardware.
[W910 12:10:50.989906984 NNPACK.cpp:56] Could not initialize NNPACK! Reason: Unsupported hardware.
[W910 12:10:50.990856018 NNPACK.cpp:56] Could not initialize NNPACK! Reason: Unsupported hardware.
[W910 12:10:50.991751463 NNPACK.cpp:56] Could not initialize NNPACK! Reason: Unsupported hardware.
[W910 12:10:50.992772829 NNPACK.cpp:56] Could not initialize NNPACK! Reason: Unsupported hardware.
[W910 12:10:50.993803317 NNPACK.cpp:56] Could not initialize NNPACK! Reason: Unsupported hardware.
[W910 12:10:50.994797429 NNPACK.cpp:56] Could not initialize NNPACK! Reason: Unsupported hardware.
[W910 12:10:50.996142523 NNPACK.cpp:56] Could not initialize NNPACK! Reason: Unsupported hardware.
[W910 12:10:50.438322632 NNPACK.cpp:56] Could not initialize NNPACK! Reason: Unsupported hardware.
[W910 12:10:50.439054365 NNPACK.cpp:56] Could not initialize NNPACK! Reason: Unsupported hardware.
[W910 12:10:50.439538998 NNPACK.cpp:56] Could not initialize NNPACK! Reason: Unsupported hardware.
[W910 12:10:50.440024316 NNPACK.cpp:56] Could not initialize NNPACK! Reason: Unsupported hardware.
[W910 12:10:50.440571278 NNPACK.cpp:56] Could not initialize NNPACK! Reason: Unsupported hardware.
[W910 12:10:50.441121584 NNPACK.cpp:56] Could not initialize NNPACK! Reason: Unsupported hardware.
[W910 12:10:50.441667367 NNPACK.cpp:56] Could not initialize NNPACK! Reason: Unsupported hardware.
[W910 12:10:50.442549130 NNPACK.cpp:56] Could not initialize NNPACK! Reason: Unsupported hardware.
[W910 12:10:51.945101981 NNPACK.cpp:56] Could not initialize NNPACK! Reason: Unsupported hardware.
[W910 12:10:51.946593624 NNPACK.cpp:56] Could not initialize NNPACK! Reason: Unsupported hardware.
[W910 12:10:51.947557754 NNPACK.cpp:56] Could not initialize NNPACK! Reason: Unsupported hardware.
[W910 12:10:51.948487477 NNPACK.cpp:56] Could not initialize NNPACK! Reason: Unsupported hardware.
[W910 12:10:51.949548585 NNPACK.cpp:56] Could not initialize NNPACK! Reason: Unsupported hardware.
[W910 12:10:51.950589661 NNPACK.cpp:56] Could not initialize NNPACK! Reason: Unsupported hardware.
[W910 12:10:51.951613215 NNPACK.cpp:56] Could not initialize NNPACK! Reason: Unsupported hardware.
[W910 12:10:51.952944173 NNPACK.cpp:56] Could not initialize NNPACK! Reason: Unsupported hardware.
[W910 12:10:51.395401011 NNPACK.cpp:56] Could not initialize NNPACK! Reason: Unsupported hardware.
[W910 12:10:51.396156677 NNPACK.cpp:56] Could not initialize NNPACK! Reason: Unsupported hardware.
[W910 12:10:51.400994892 NNPACK.cpp:56] Could not initialize NNPACK! Reason: Unsupported hardware.
[W910 12:10:51.401536468 NNPACK.cpp:56] Could not initialize NNPACK! Reason: Unsupported hardware.
[W910 12:10:51.402122612 NNPACK.cpp:56] Could not initialize NNPACK! Reason: Unsupported hardware.
[W910 12:10:51.402672825 NNPACK.cpp:56] Could not initialize NNPACK! Reason: Unsupported hardware.
[W910 12:10:51.403229788 NNPACK.cpp:56] Could not initialize NNPACK! Reason: Unsupported hardware.
[W910 12:10:51.404117545 NNPACK.cpp:56] Could not initialize NNPACK! Reason: Unsupported hardware.
[W910 12:10:51.900509173 NNPACK.cpp:56] Could not initialize NNPACK! Reason: Unsupported hardware.
[W910 12:10:51.901744690 NNPACK.cpp:56] Could not initialize NNPACK! Reason: Unsupported hardware.
[W910 12:10:51.902705499 NNPACK.cpp:56] Could not initialize NNPACK! Reason: Unsupported hardware.
[W910 12:10:51.903648686 NNPACK.cpp:56] Could not initialize NNPACK! Reason: Unsupported hardware.
[W910 12:10:51.904679993 NNPACK.cpp:56] Could not initialize NNPACK! Reason: Unsupported hardware.
[W910 12:10:51.905688983 NNPACK.cpp:56] Could not initialize NNPACK! Reason: Unsupported hardware.
[W910 12:10:51.906695113 NNPACK.cpp:56] Could not initialize NNPACK! Reason: Unsupported hardware.
[W910 12:10:51.908048049 NNPACK.cpp:56] Could not initialize NNPACK! Reason: Unsupported hardware.
[W910 12:10:52.350057442 NNPACK.cpp:56] Could not initialize NNPACK! Reason: Unsupported hardware.
[W910 12:10:52.350783051 NNPACK.cpp:56] Could not initialize NNPACK! Reason: Unsupported hardware.
[W910 12:10:52.351279585 NNPACK.cpp:56] Could not initialize NNPACK! Reason: Unsupported hardware.
[W910 12:10:52.351765949 NNPACK.cpp:56] Could not initialize NNPACK! Reason: Unsupported hardware.
[W910 12:10:52.352324845 NNPACK.cpp:56] Could not initialize NNPACK! Reason: Unsupported hardware.
[W910 12:10:52.352872487 NNPACK.cpp:56] Could not initialize NNPACK! Reason: Unsupported hardware.
[W910 12:10:52.353428132 NNPACK.cpp:56] Could not initialize NNPACK! Reason: Unsupported hardware.
[W910 12:10:52.354309787 NNPACK.cpp:56] Could not initialize NNPACK! Reason: Unsupported hardware.
[W910 12:10:52.857678365 NNPACK.cpp:56] Could not initialize NNPACK! Reason: Unsupported hardware.
[W910 12:10:52.858921277 NNPACK.cpp:56] Could not initialize NNPACK! Reason: Unsupported hardware.
[W910 12:10:52.859884120 NNPACK.cpp:56] Could not initialize NNPACK! Reason: Unsupported hardware.
[W910 12:10:52.860836221 NNPACK.cpp:56] Could not initialize NNPACK! Reason: Unsupported hardware.
[W910 12:10:52.861920419 NNPACK.cpp:56] Could not initialize NNPACK! Reason: Unsupported hardware.
[W910 12:10:52.862935759 NNPACK.cpp:56] Could not initialize NNPACK! Reason: Unsupported hardware.
[W910 12:10:52.863943121 NNPACK.cpp:56] Could not initialize NNPACK! Reason: Unsupported hardware.
[W910 12:10:52.865278371 NNPACK.cpp:56] Could not initialize NNPACK! Reason: Unsupported hardware.
[W910 12:10:53.307524211 NNPACK.cpp:56] Could not initialize NNPACK! Reason: Unsupported hardware.
[W910 12:10:53.308259742 NNPACK.cpp:56] Could not initialize NNPACK! Reason: Unsupported hardware.
[W910 12:10:53.308745731 NNPACK.cpp:56] Could not initialize NNPACK! Reason: Unsupported hardware.
[W910 12:10:53.309235164 NNPACK.cpp:56] Could not initialize NNPACK! Reason: Unsupported hardware.
[W910 12:10:53.309787744 NNPACK.cpp:56] Could not initialize NNPACK! Reason: Unsupported hardware.
[W910 12:10:53.310337767 NNPACK.cpp:56] Could not initialize NNPACK! Reason: Unsupported hardware.
[W910 12:10:53.310887074 NNPACK.cpp:56] Could not initialize NNPACK! Reason: Unsupported hardware.
[W910 12:10:53.311759337 NNPACK.cpp:56] Could not initialize NNPACK! Reason: Unsupported hardware.
[W910 12:10:53.820923096 NNPACK.cpp:56] Could not initialize NNPACK! Reason: Unsupported hardware.
[W910 12:10:53.822139893 NNPACK.cpp:56] Could not initialize NNPACK! Reason: Unsupported hardware.
[W910 12:10:53.823084865 NNPACK.cpp:56] Could not initialize NNPACK! Reason: Unsupported hardware.
[W910 12:10:53.824017863 NNPACK.cpp:56] Could not initialize NNPACK! Reason: Unsupported hardware.
[W910 12:10:53.825111091 NNPACK.cpp:56] Could not initialize NNPACK! Reason: Unsupported hardware.
[W910 12:10:53.826233166 NNPACK.cpp:56] Could not initialize NNPACK! Reason: Unsupported hardware.
[W910 12:10:53.827301077 NNPACK.cpp:56] Could not initialize NNPACK! Reason: Unsupported hardware.
[W910 12:10:53.828768479 NNPACK.cpp:56] Could not initialize NNPACK! Reason: Unsupported hardware.
[W910 12:10:54.274574506 NNPACK.cpp:56] Could not initialize NNPACK! Reason: Unsupported hardware.
[W910 12:10:54.275474529 NNPACK.cpp:56] Could not initialize NNPACK! Reason: Unsupported hardware.
[W910 12:10:54.275982579 NNPACK.cpp:56] Could not initialize NNPACK! Reason: Unsupported hardware.
[W910 12:10:54.276528849 NNPACK.cpp:56] Could not initialize NNPACK! Reason: Unsupported hardware.
[W910 12:10:54.277145025 NNPACK.cpp:56] Could not initialize NNPACK! Reason: Unsupported hardware.
[W910 12:10:54.277717375 NNPACK.cpp:56] Could not initialize NNPACK! Reason: Unsupported hardware.
[W910 12:10:54.278297796 NNPACK.cpp:56] Could not initialize NNPACK! Reason: Unsupported hardware.
[W910 12:10:54.279259587 NNPACK.cpp:56] Could not initialize NNPACK! Reason: Unsupported hardware.
[W910 12:10:54.783972272 NNPACK.cpp:56] Could not initialize NNPACK! Reason: Unsupported hardware.
[W910 12:10:54.785224168 NNPACK.cpp:56] Could not initialize NNPACK! Reason: Unsupported hardware.
[W910 12:10:54.786171534 NNPACK.cpp:56] Could not initialize NNPACK! Reason: Unsupported hardware.
[W910 12:10:54.787111375 NNPACK.cpp:56] Could not initialize NNPACK! Reason: Unsupported hardware.
[W910 12:10:54.788178159 NNPACK.cpp:56] Could not initialize NNPACK! Reason: Unsupported hardware.
[W910 12:10:54.789172980 NNPACK.cpp:56] Could not initialize NNPACK! Reason: Unsupported hardware.
[W910 12:10:54.790164130 NNPACK.cpp:56] Could not initialize NNPACK! Reason: Unsupported hardware.
[W910 12:10:54.791484087 NNPACK.cpp:56] Could not initialize NNPACK! Reason: Unsupported hardware.
[W910 12:10:55.236637840 NNPACK.cpp:56] Could not initialize NNPACK! Reason: Unsupported hardware.
[W910 12:10:55.237381272 NNPACK.cpp:56] Could not initialize NNPACK! Reason: Unsupported hardware.
[W910 12:10:55.237863441 NNPACK.cpp:56] Could not initialize NNPACK! Reason: Unsupported hardware.
[W910 12:10:55.238372126 NNPACK.cpp:56] Could not initialize NNPACK! Reason: Unsupported hardware.
[W910 12:10:55.238917956 NNPACK.cpp:56] Could not initialize NNPACK! Reason: Unsupported hardware.
[W910 12:10:55.239481865 NNPACK.cpp:56] Could not initialize NNPACK! Reason: Unsupported hardware.
[W910 12:10:55.240030003 NNPACK.cpp:56] Could not initialize NNPACK! Reason: Unsupported hardware.
[W910 12:10:55.240893321 NNPACK.cpp:56] Could not initialize NNPACK! Reason: Unsupported hardware.
[W910 12:10:55.741657512 NNPACK.cpp:56] Could not initialize NNPACK! Reason: Unsupported hardware.
[W910 12:10:55.742856470 NNPACK.cpp:56] Could not initialize NNPACK! Reason: Unsupported hardware.
[W910 12:10:55.743765136 NNPACK.cpp:56] Could not initialize NNPACK! Reason: Unsupported hardware.
[W910 12:10:55.744668567 NNPACK.cpp:56] Could not initialize NNPACK! Reason: Unsupported hardware.
[W910 12:10:55.745725760 NNPACK.cpp:56] Could not initialize NNPACK! Reason: Unsupported hardware.
[W910 12:10:55.747326094 NNPACK.cpp:56] Could not initialize NNPACK! Reason: Unsupported hardware.
[W910 12:10:55.748489803 NNPACK.cpp:56] Could not initialize NNPACK! Reason: Unsupported hardware.
[W910 12:10:55.750079661 NNPACK.cpp:56] Could not initialize NNPACK! Reason: Unsupported hardware.
[W910 12:10:56.192494533 NNPACK.cpp:56] Could not initialize NNPACK! Reason: Unsupported hardware.
[W910 12:10:56.193237879 NNPACK.cpp:56] Could not initialize NNPACK! Reason: Unsupported hardware.
[W910 12:10:56.193739306 NNPACK.cpp:56] Could not initialize NNPACK! Reason: Unsupported hardware.
[W910 12:10:56.194267982 NNPACK.cpp:56] Could not initialize NNPACK! Reason: Unsupported hardware.
[W910 12:10:56.194840719 NNPACK.cpp:56] Could not initialize NNPACK! Reason: Unsupported hardware.
[W910 12:10:56.195415617 NNPACK.cpp:56] Could not initialize NNPACK! Reason: Unsupported hardware.
[W910 12:10:56.195966546 NNPACK.cpp:56] Could not initialize NNPACK! Reason: Unsupported hardware.
[W910 12:10:56.196838737 NNPACK.cpp:56] Could not initialize NNPACK! Reason: Unsupported hardware.
[W910 12:10:56.704622307 NNPACK.cpp:56] Could not initialize NNPACK! Reason: Unsupported hardware.
[W910 12:10:56.705837393 NNPACK.cpp:56] Could not initialize NNPACK! Reason: Unsupported hardware.
[W910 12:10:56.706783766 NNPACK.cpp:56] Could not initialize NNPACK! Reason: Unsupported hardware.
[W910 12:10:56.707729953 NNPACK.cpp:56] Could not initialize NNPACK! Reason: Unsupported hardware.
[W910 12:10:56.708774532 NNPACK.cpp:56] Could not initialize NNPACK! Reason: Unsupported hardware.
[W910 12:10:56.709773550 NNPACK.cpp:56] Could not initialize NNPACK! Reason: Unsupported hardware.
[W910 12:10:56.710768195 NNPACK.cpp:56] Could not initialize NNPACK! Reason: Unsupported hardware.
[W910 12:10:56.712115473 NNPACK.cpp:56] Could not initialize NNPACK! Reason: Unsupported hardware.
[W910 12:10:57.156845453 NNPACK.cpp:56] Could not initialize NNPACK! Reason: Unsupported hardware.
[W910 12:10:57.157580186 NNPACK.cpp:56] Could not initialize NNPACK! Reason: Unsupported hardware.
[W910 12:10:57.158070621 NNPACK.cpp:56] Could not initialize NNPACK! Reason: Unsupported hardware.
[W910 12:10:57.158552303 NNPACK.cpp:56] Could not initialize NNPACK! Reason: Unsupported hardware.
[W910 12:10:57.159109223 NNPACK.cpp:56] Could not initialize NNPACK! Reason: Unsupported hardware.
[W910 12:10:57.159653363 NNPACK.cpp:56] Could not initialize NNPACK! Reason: Unsupported hardware.
[W910 12:10:57.160207292 NNPACK.cpp:56] Could not initialize NNPACK! Reason: Unsupported hardware.
[W910 12:10:57.161077998 NNPACK.cpp:56] Could not initialize NNPACK! Reason: Unsupported hardware.
[W910 12:10:57.663405386 NNPACK.cpp:56] Could not initialize NNPACK! Reason: Unsupported hardware.
[W910 12:10:57.664621259 NNPACK.cpp:56] Could not initialize NNPACK! Reason: Unsupported hardware.
[W910 12:10:57.665579891 NNPACK.cpp:56] Could not initialize NNPACK! Reason: Unsupported hardware.
[W910 12:10:57.666560866 NNPACK.cpp:56] Could not initialize NNPACK! Reason: Unsupported hardware.
[W910 12:10:57.667590136 NNPACK.cpp:56] Could not initialize NNPACK! Reason: Unsupported hardware.
[W910 12:10:57.668615277 NNPACK.cpp:56] Could not initialize NNPACK! Reason: Unsupported hardware.
[W910 12:10:57.669615485 NNPACK.cpp:56] Could not initialize NNPACK! Reason: Unsupported hardware.
[W910 12:10:57.670946235 NNPACK.cpp:56] Could not initialize NNPACK! Reason: Unsupported hardware.
[W910 12:10:58.117696932 NNPACK.cpp:56] Could not initialize NNPACK! Reason: Unsupported hardware.
[W910 12:10:58.118431060 NNPACK.cpp:56] Could not initialize NNPACK! Reason: Unsupported hardware.
[W910 12:10:58.118923434 NNPACK.cpp:56] Could not initialize NNPACK! Reason: Unsupported hardware.
[W910 12:10:58.119416519 NNPACK.cpp:56] Could not initialize NNPACK! Reason: Unsupported hardware.
[W910 12:10:58.119969890 NNPACK.cpp:56] Could not initialize NNPACK! Reason: Unsupported hardware.
[W910 12:10:58.120517717 NNPACK.cpp:56] Could not initialize NNPACK! Reason: Unsupported hardware.
[W910 12:10:58.121082237 NNPACK.cpp:56] Could not initialize NNPACK! Reason: Unsupported hardware.
[W910 12:10:58.121954245 NNPACK.cpp:56] Could not initialize NNPACK! Reason: Unsupported hardware.
[W910 12:10:58.625554424 NNPACK.cpp:56] Could not initialize NNPACK! Reason: Unsupported hardware.
[W910 12:10:58.626789689 NNPACK.cpp:56] Could not initialize NNPACK! Reason: Unsupported hardware.
[W910 12:10:58.627739506 NNPACK.cpp:56] Could not initialize NNPACK! Reason: Unsupported hardware.
[W910 12:10:58.628695101 NNPACK.cpp:56] Could not initialize NNPACK! Reason: Unsupported hardware.
[W910 12:10:58.629784213 NNPACK.cpp:56] Could not initialize NNPACK! Reason: Unsupported hardware.
[W910 12:10:58.630860547 NNPACK.cpp:56] Could not initialize NNPACK! Reason: Unsupported hardware.
[W910 12:10:58.631914383 NNPACK.cpp:56] Could not initialize NNPACK! Reason: Unsupported hardware.
[W910 12:10:58.633335423 NNPACK.cpp:56] Could not initialize NNPACK! Reason: Unsupported hardware.
[W910 12:10:59.074550299 NNPACK.cpp:56] Could not initialize NNPACK! Reason: Unsupported hardware.
[W910 12:10:59.075275126 NNPACK.cpp:56] Could not initialize NNPACK! Reason: Unsupported hardware.
[W910 12:10:59.075759238 NNPACK.cpp:56] Could not initialize NNPACK! Reason: Unsupported hardware.
[W910 12:10:59.076246315 NNPACK.cpp:56] Could not initialize NNPACK! Reason: Unsupported hardware.
[W910 12:10:59.076795603 NNPACK.cpp:56] Could not initialize NNPACK! Reason: Unsupported hardware.
[W910 12:10:59.077345037 NNPACK.cpp:56] Could not initialize NNPACK! Reason: Unsupported hardware.
[W910 12:10:59.077890429 NNPACK.cpp:56] Could not initialize NNPACK! Reason: Unsupported hardware.
[W910 12:10:59.078791916 NNPACK.cpp:56] Could not initialize NNPACK! Reason: Unsupported hardware.
[W910 12:10:59.584672724 NNPACK.cpp:56] Could not initialize NNPACK! Reason: Unsupported hardware.
[W910 12:10:59.585917484 NNPACK.cpp:56] Could not initialize NNPACK! Reason: Unsupported hardware.
[W910 12:10:59.586876961 NNPACK.cpp:56] Could not initialize NNPACK! Reason: Unsupported hardware.
[W910 12:10:59.587792860 NNPACK.cpp:56] Could not initialize NNPACK! Reason: Unsupported hardware.
[W910 12:10:59.588847521 NNPACK.cpp:56] Could not initialize NNPACK! Reason: Unsupported hardware.
[W910 12:10:59.589844834 NNPACK.cpp:56] Could not initialize NNPACK! Reason: Unsupported hardware.
[W910 12:10:59.590839320 NNPACK.cpp:56] Could not initialize NNPACK! Reason: Unsupported hardware.
[W910 12:10:59.592175828 NNPACK.cpp:56] Could not initialize NNPACK! Reason: Unsupported hardware.
[W910 12:11:00.033389801 NNPACK.cpp:56] Could not initialize NNPACK! Reason: Unsupported hardware.
[W910 12:11:00.034156393 NNPACK.cpp:56] Could not initialize NNPACK! Reason: Unsupported hardware.
[W910 12:11:00.034665486 NNPACK.cpp:56] Could not initialize NNPACK! Reason: Unsupported hardware.
[W910 12:11:00.035177800 NNPACK.cpp:56] Could not initialize NNPACK! Reason: Unsupported hardware.
[W910 12:11:00.035760059 NNPACK.cpp:56] Could not initialize NNPACK! Reason: Unsupported hardware.
[W910 12:11:00.036338399 NNPACK.cpp:56] Could not initialize NNPACK! Reason: Unsupported hardware.
[W910 12:11:00.036897483 NNPACK.cpp:56] Could not initialize NNPACK! Reason: Unsupported hardware.
[W910 12:11:00.037794603 NNPACK.cpp:56] Could not initialize NNPACK! Reason: Unsupported hardware.
[W910 12:11:00.535235364 NNPACK.cpp:56] Could not initialize NNPACK! Reason: Unsupported hardware.
[W910 12:11:00.536710191 NNPACK.cpp:56] Could not initialize NNPACK! Reason: Unsupported hardware.
[W910 12:11:00.537646070 NNPACK.cpp:56] Could not initialize NNPACK! Reason: Unsupported hardware.
[W910 12:11:00.538563696 NNPACK.cpp:56] Could not initialize NNPACK! Reason: Unsupported hardware.
[W910 12:11:00.539585563 NNPACK.cpp:56] Could not initialize NNPACK! Reason: Unsupported hardware.
[W910 12:11:00.540586748 NNPACK.cpp:56] Could not initialize NNPACK! Reason: Unsupported hardware.
[W910 12:11:00.541607665 NNPACK.cpp:56] Could not initialize NNPACK! Reason: Unsupported hardware.
[W910 12:11:00.543055353 NNPACK.cpp:56] Could not initialize NNPACK! Reason: Unsupported hardware.
[W910 12:11:01.981656282 NNPACK.cpp:56] Could not initialize NNPACK! Reason: Unsupported hardware.
[W910 12:11:01.982439129 NNPACK.cpp:56] Could not initialize NNPACK! Reason: Unsupported hardware.
[W910 12:11:01.982976266 NNPACK.cpp:56] Could not initialize NNPACK! Reason: Unsupported hardware.
[W910 12:11:01.983742456 NNPACK.cpp:56] Could not initialize NNPACK! Reason: Unsupported hardware.
[W910 12:11:01.984380813 NNPACK.cpp:56] Could not initialize NNPACK! Reason: Unsupported hardware.
[W910 12:11:01.985042726 NNPACK.cpp:56] Could not initialize NNPACK! Reason: Unsupported hardware.
[W910 12:11:01.985661167 NNPACK.cpp:56] Could not initialize NNPACK! Reason: Unsupported hardware.
[W910 12:11:01.986575864 NNPACK.cpp:56] Could not initialize NNPACK! Reason: Unsupported hardware.
[W910 12:11:01.483469366 NNPACK.cpp:56] Could not initialize NNPACK! Reason: Unsupported hardware.
[W910 12:11:01.484688697 NNPACK.cpp:56] Could not initialize NNPACK! Reason: Unsupported hardware.
[W910 12:11:01.489481676 NNPACK.cpp:56] Could not initialize NNPACK! Reason: Unsupported hardware.
[W910 12:11:01.490397465 NNPACK.cpp:56] Could not initialize NNPACK! Reason: Unsupported hardware.
[W910 12:11:01.491417358 NNPACK.cpp:56] Could not initialize NNPACK! Reason: Unsupported hardware.
[W910 12:11:01.492451194 NNPACK.cpp:56] Could not initialize NNPACK! Reason: Unsupported hardware.
[W910 12:11:01.493474217 NNPACK.cpp:56] Could not initialize NNPACK! Reason: Unsupported hardware.
[W910 12:11:01.494856531 NNPACK.cpp:56] Could not initialize NNPACK! Reason: Unsupported hardware.
[W910 12:11:01.930222984 NNPACK.cpp:56] Could not initialize NNPACK! Reason: Unsupported hardware.
[W910 12:11:01.930942619 NNPACK.cpp:56] Could not initialize NNPACK! Reason: Unsupported hardware.
[W910 12:11:01.931434822 NNPACK.cpp:56] Could not initialize NNPACK! Reason: Unsupported hardware.
[W910 12:11:01.931910493 NNPACK.cpp:56] Could not initialize NNPACK! Reason: Unsupported hardware.
[W910 12:11:01.932457603 NNPACK.cpp:56] Could not initialize NNPACK! Reason: Unsupported hardware.
[W910 12:11:01.932996958 NNPACK.cpp:56] Could not initialize NNPACK! Reason: Unsupported hardware.
[W910 12:11:01.933544776 NNPACK.cpp:56] Could not initialize NNPACK! Reason: Unsupported hardware.
[W910 12:11:01.934409561 NNPACK.cpp:56] Could not initialize NNPACK! Reason: Unsupported hardware.
[W910 12:11:02.436840936 NNPACK.cpp:56] Could not initialize NNPACK! Reason: Unsupported hardware.
[W910 12:11:02.438116263 NNPACK.cpp:56] Could not initialize NNPACK! Reason: Unsupported hardware.
[W910 12:11:02.439085619 NNPACK.cpp:56] Could not initialize NNPACK! Reason: Unsupported hardware.
[W910 12:11:02.439962807 NNPACK.cpp:56] Could not initialize NNPACK! Reason: Unsupported hardware.
[W910 12:11:02.440975641 NNPACK.cpp:56] Could not initialize NNPACK! Reason: Unsupported hardware.
[W910 12:11:02.442038253 NNPACK.cpp:56] Could not initialize NNPACK! Reason: Unsupported hardware.
[W910 12:11:02.443033424 NNPACK.cpp:56] Could not initialize NNPACK! Reason: Unsupported hardware.
[W910 12:11:02.444383701 NNPACK.cpp:56] Could not initialize NNPACK! Reason: Unsupported hardware.
[W910 12:11:02.885019198 NNPACK.cpp:56] Could not initialize NNPACK! Reason: Unsupported hardware.
[W910 12:11:02.885738374 NNPACK.cpp:56] Could not initialize NNPACK! Reason: Unsupported hardware.
[W910 12:11:02.886227365 NNPACK.cpp:56] Could not initialize NNPACK! Reason: Unsupported hardware.
[W910 12:11:02.886707834 NNPACK.cpp:56] Could not initialize NNPACK! Reason: Unsupported hardware.
[W910 12:11:02.887259051 NNPACK.cpp:56] Could not initialize NNPACK! Reason: Unsupported hardware.
[W910 12:11:02.887801371 NNPACK.cpp:56] Could not initialize NNPACK! Reason: Unsupported hardware.
[W910 12:11:02.888350815 NNPACK.cpp:56] Could not initialize NNPACK! Reason: Unsupported hardware.
[W910 12:11:02.889216793 NNPACK.cpp:56] Could not initialize NNPACK! Reason: Unsupported hardware.
[W910 12:11:03.395169078 NNPACK.cpp:56] Could not initialize NNPACK! Reason: Unsupported hardware.
[W910 12:11:03.397015879 NNPACK.cpp:56] Could not initialize NNPACK! Reason: Unsupported hardware.
[W910 12:11:03.398040595 NNPACK.cpp:56] Could not initialize NNPACK! Reason: Unsupported hardware.
[W910 12:11:03.398996074 NNPACK.cpp:56] Could not initialize NNPACK! Reason: Unsupported hardware.
[W910 12:11:03.400139937 NNPACK.cpp:56] Could not initialize NNPACK! Reason: Unsupported hardware.
[W910 12:11:03.401300540 NNPACK.cpp:56] Could not initialize NNPACK! Reason: Unsupported hardware.
[W910 12:11:03.402379659 NNPACK.cpp:56] Could not initialize NNPACK! Reason: Unsupported hardware.
[W910 12:11:03.403836068 NNPACK.cpp:56] Could not initialize NNPACK! Reason: Unsupported hardware.
[W910 12:11:03.845317382 NNPACK.cpp:56] Could not initialize NNPACK! Reason: Unsupported hardware.
[W910 12:11:03.846070917 NNPACK.cpp:56] Could not initialize NNPACK! Reason: Unsupported hardware.
[W910 12:11:03.846577558 NNPACK.cpp:56] Could not initialize NNPACK! Reason: Unsupported hardware.
[W910 12:11:03.847067032 NNPACK.cpp:56] Could not initialize NNPACK! Reason: Unsupported hardware.
[W910 12:11:03.847618949 NNPACK.cpp:56] Could not initialize NNPACK! Reason: Unsupported hardware.
[W910 12:11:03.848175363 NNPACK.cpp:56] Could not initialize NNPACK! Reason: Unsupported hardware.
[W910 12:11:03.848726773 NNPACK.cpp:56] Could not initialize NNPACK! Reason: Unsupported hardware.
[W910 12:11:03.849635201 NNPACK.cpp:56] Could not initialize NNPACK! Reason: Unsupported hardware.
[W910 12:11:04.355467424 NNPACK.cpp:56] Could not initialize NNPACK! Reason: Unsupported hardware.
[W910 12:11:04.356723146 NNPACK.cpp:56] Could not initialize NNPACK! Reason: Unsupported hardware.
[W910 12:11:04.357696124 NNPACK.cpp:56] Could not initialize NNPACK! Reason: Unsupported hardware.
[W910 12:11:04.358620300 NNPACK.cpp:56] Could not initialize NNPACK! Reason: Unsupported hardware.
[W910 12:11:04.359677313 NNPACK.cpp:56] Could not initialize NNPACK! Reason: Unsupported hardware.
[W910 12:11:04.360684479 NNPACK.cpp:56] Could not initialize NNPACK! Reason: Unsupported hardware.
[W910 12:11:04.361710014 NNPACK.cpp:56] Could not initialize NNPACK! Reason: Unsupported hardware.
[W910 12:11:04.363105353 NNPACK.cpp:56] Could not initialize NNPACK! Reason: Unsupported hardware.
[W910 12:11:04.806173092 NNPACK.cpp:56] Could not initialize NNPACK! Reason: Unsupported hardware.
[W910 12:11:04.807000019 NNPACK.cpp:56] Could not initialize NNPACK! Reason: Unsupported hardware.
[W910 12:11:04.807531699 NNPACK.cpp:56] Could not initialize NNPACK! Reason: Unsupported hardware.
[W910 12:11:04.808048384 NNPACK.cpp:56] Could not initialize NNPACK! Reason: Unsupported hardware.
[W910 12:11:04.808631147 NNPACK.cpp:56] Could not initialize NNPACK! Reason: Unsupported hardware.
[W910 12:11:04.809215969 NNPACK.cpp:56] Could not initialize NNPACK! Reason: Unsupported hardware.
[W910 12:11:04.809795798 NNPACK.cpp:56] Could not initialize NNPACK! Reason: Unsupported hardware.
[W910 12:11:04.810721203 NNPACK.cpp:56] Could not initialize NNPACK! Reason: Unsupported hardware.
[W910 12:11:05.310661622 NNPACK.cpp:56] Could not initialize NNPACK! Reason: Unsupported hardware.
[W910 12:11:05.311888941 NNPACK.cpp:56] Could not initialize NNPACK! Reason: Unsupported hardware.
[W910 12:11:05.312851590 NNPACK.cpp:56] Could not initialize NNPACK! Reason: Unsupported hardware.
[W910 12:11:05.313829344 NNPACK.cpp:56] Could not initialize NNPACK! Reason: Unsupported hardware.
[W910 12:11:05.314836893 NNPACK.cpp:56] Could not initialize NNPACK! Reason: Unsupported hardware.
[W910 12:11:05.315844422 NNPACK.cpp:56] Could not initialize NNPACK! Reason: Unsupported hardware.
[W910 12:11:05.316866702 NNPACK.cpp:56] Could not initialize NNPACK! Reason: Unsupported hardware.
[W910 12:11:05.318206316 NNPACK.cpp:56] Could not initialize NNPACK! Reason: Unsupported hardware.
[W910 12:11:05.762899143 NNPACK.cpp:56] Could not initialize NNPACK! Reason: Unsupported hardware.
[W910 12:11:05.763639735 NNPACK.cpp:56] Could not initialize NNPACK! Reason: Unsupported hardware.
[W910 12:11:05.764137947 NNPACK.cpp:56] Could not initialize NNPACK! Reason: Unsupported hardware.
[W910 12:11:05.764623480 NNPACK.cpp:56] Could not initialize NNPACK! Reason: Unsupported hardware.
[W910 12:11:05.765183819 NNPACK.cpp:56] Could not initialize NNPACK! Reason: Unsupported hardware.
[W910 12:11:05.765732480 NNPACK.cpp:56] Could not initialize NNPACK! Reason: Unsupported hardware.
[W910 12:11:05.766287889 NNPACK.cpp:56] Could not initialize NNPACK! Reason: Unsupported hardware.
[W910 12:11:05.767165933 NNPACK.cpp:56] Could not initialize NNPACK! Reason: Unsupported hardware.
[W910 12:11:06.271312609 NNPACK.cpp:56] Could not initialize NNPACK! Reason: Unsupported hardware.
[W910 12:11:06.272543994 NNPACK.cpp:56] Could not initialize NNPACK! Reason: Unsupported hardware.
[W910 12:11:06.273503554 NNPACK.cpp:56] Could not initialize NNPACK! Reason: Unsupported hardware.
[W910 12:11:06.274411055 NNPACK.cpp:56] Could not initialize NNPACK! Reason: Unsupported hardware.
[W910 12:11:06.275420035 NNPACK.cpp:56] Could not initialize NNPACK! Reason: Unsupported hardware.
[W910 12:11:06.276427100 NNPACK.cpp:56] Could not initialize NNPACK! Reason: Unsupported hardware.
[W910 12:11:06.277430101 NNPACK.cpp:56] Could not initialize NNPACK! Reason: Unsupported hardware.
[W910 12:11:06.278882179 NNPACK.cpp:56] Could not initialize NNPACK! Reason: Unsupported hardware.
[W910 12:11:06.719400356 NNPACK.cpp:56] Could not initialize NNPACK! Reason: Unsupported hardware.
[W910 12:11:06.720155409 NNPACK.cpp:56] Could not initialize NNPACK! Reason: Unsupported hardware.
[W910 12:11:06.725258605 NNPACK.cpp:56] Could not initialize NNPACK! Reason: Unsupported hardware.
[W910 12:11:06.726053435 NNPACK.cpp:56] Could not initialize NNPACK! Reason: Unsupported hardware.
[W910 12:11:06.726733120 NNPACK.cpp:56] Could not initialize NNPACK! Reason: Unsupported hardware.
[W910 12:11:06.727386359 NNPACK.cpp:56] Could not initialize NNPACK! Reason: Unsupported hardware.
[W910 12:11:06.727978774 NNPACK.cpp:56] Could not initialize NNPACK! Reason: Unsupported hardware.
[W910 12:11:06.728967799 NNPACK.cpp:56] Could not initialize NNPACK! Reason: Unsupported hardware.
[W910 12:11:07.226745226 NNPACK.cpp:56] Could not initialize NNPACK! Reason: Unsupported hardware.
[W910 12:11:07.227982957 NNPACK.cpp:56] Could not initialize NNPACK! Reason: Unsupported hardware.
[W910 12:11:07.228938100 NNPACK.cpp:56] Could not initialize NNPACK! Reason: Unsupported hardware.
[W910 12:11:07.229895874 NNPACK.cpp:56] Could not initialize NNPACK! Reason: Unsupported hardware.
[W910 12:11:07.230946381 NNPACK.cpp:56] Could not initialize NNPACK! Reason: Unsupported hardware.
[W910 12:11:07.232028288 NNPACK.cpp:56] Could not initialize NNPACK! Reason: Unsupported hardware.
[W910 12:11:07.233056347 NNPACK.cpp:56] Could not initialize NNPACK! Reason: Unsupported hardware.
[W910 12:11:07.234408032 NNPACK.cpp:56] Could not initialize NNPACK! Reason: Unsupported hardware.
[W910 12:11:07.675953161 NNPACK.cpp:56] Could not initialize NNPACK! Reason: Unsupported hardware.
[W910 12:11:07.676750711 NNPACK.cpp:56] Could not initialize NNPACK! Reason: Unsupported hardware.
[W910 12:11:07.677288933 NNPACK.cpp:56] Could not initialize NNPACK! Reason: Unsupported hardware.
[W910 12:11:07.677819677 NNPACK.cpp:56] Could not initialize NNPACK! Reason: Unsupported hardware.
[W910 12:11:07.678425677 NNPACK.cpp:56] Could not initialize NNPACK! Reason: Unsupported hardware.
[W910 12:11:07.679020663 NNPACK.cpp:56] Could not initialize NNPACK! Reason: Unsupported hardware.
[W910 12:11:07.679603404 NNPACK.cpp:56] Could not initialize NNPACK! Reason: Unsupported hardware.
[W910 12:11:07.680523732 NNPACK.cpp:56] Could not initialize NNPACK! Reason: Unsupported hardware.
[W910 12:11:08.185193259 NNPACK.cpp:56] Could not initialize NNPACK! Reason: Unsupported hardware.
[W910 12:11:08.186412475 NNPACK.cpp:56] Could not initialize NNPACK! Reason: Unsupported hardware.
[W910 12:11:08.187361540 NNPACK.cpp:56] Could not initialize NNPACK! Reason: Unsupported hardware.
[W910 12:11:08.188295713 NNPACK.cpp:56] Could not initialize NNPACK! Reason: Unsupported hardware.
[W910 12:11:08.189294423 NNPACK.cpp:56] Could not initialize NNPACK! Reason: Unsupported hardware.
[W910 12:11:08.190292671 NNPACK.cpp:56] Could not initialize NNPACK! Reason: Unsupported hardware.
[W910 12:11:08.191308525 NNPACK.cpp:56] Could not initialize NNPACK! Reason: Unsupported hardware.
[W910 12:11:08.192631046 NNPACK.cpp:56] Could not initialize NNPACK! Reason: Unsupported hardware.
[W910 12:11:08.631166972 NNPACK.cpp:56] Could not initialize NNPACK! Reason: Unsupported hardware.
[W910 12:11:08.631893408 NNPACK.cpp:56] Could not initialize NNPACK! Reason: Unsupported hardware.
[W910 12:11:08.632431014 NNPACK.cpp:56] Could not initialize NNPACK! Reason: Unsupported hardware.
[W910 12:11:08.632929776 NNPACK.cpp:56] Could not initialize NNPACK! Reason: Unsupported hardware.
[W910 12:11:08.633482379 NNPACK.cpp:56] Could not initialize NNPACK! Reason: Unsupported hardware.
[W910 12:11:08.634034345 NNPACK.cpp:56] Could not initialize NNPACK! Reason: Unsupported hardware.
[W910 12:11:08.634581126 NNPACK.cpp:56] Could not initialize NNPACK! Reason: Unsupported hardware.
[W910 12:11:08.635455632 NNPACK.cpp:56] Could not initialize NNPACK! Reason: Unsupported hardware.
[W910 12:11:09.138557477 NNPACK.cpp:56] Could not initialize NNPACK! Reason: Unsupported hardware.
[W910 12:11:09.139899571 NNPACK.cpp:56] Could not initialize NNPACK! Reason: Unsupported hardware.
[W910 12:11:09.140864516 NNPACK.cpp:56] Could not initialize NNPACK! Reason: Unsupported hardware.
[W910 12:11:09.141871605 NNPACK.cpp:56] Could not initialize NNPACK! Reason: Unsupported hardware.
[W910 12:11:09.143170507 NNPACK.cpp:56] Could not initialize NNPACK! Reason: Unsupported hardware.
[W910 12:11:09.144251007 NNPACK.cpp:56] Could not initialize NNPACK! Reason: Unsupported hardware.
[W910 12:11:09.145342684 NNPACK.cpp:56] Could not initialize NNPACK! Reason: Unsupported hardware.
[W910 12:11:09.146760947 NNPACK.cpp:56] Could not initialize NNPACK! Reason: Unsupported hardware.
[W910 12:11:09.591401891 NNPACK.cpp:56] Could not initialize NNPACK! Reason: Unsupported hardware.
[W910 12:11:09.592134000 NNPACK.cpp:56] Could not initialize NNPACK! Reason: Unsupported hardware.
[W910 12:11:09.592625602 NNPACK.cpp:56] Could not initialize NNPACK! Reason: Unsupported hardware.
[W910 12:11:09.593117737 NNPACK.cpp:56] Could not initialize NNPACK! Reason: Unsupported hardware.
[W910 12:11:09.593669348 NNPACK.cpp:56] Could not initialize NNPACK! Reason: Unsupported hardware.
[W910 12:11:09.594253702 NNPACK.cpp:56] Could not initialize NNPACK! Reason: Unsupported hardware.
[W910 12:11:09.594803512 NNPACK.cpp:56] Could not initialize NNPACK! Reason: Unsupported hardware.
[W910 12:11:09.595709024 NNPACK.cpp:56] Could not initialize NNPACK! Reason: Unsupported hardware.
[W910 12:11:10.105847898 NNPACK.cpp:56] Could not initialize NNPACK! Reason: Unsupported hardware.
[W910 12:11:10.107125895 NNPACK.cpp:56] Could not initialize NNPACK! Reason: Unsupported hardware.
[W910 12:11:10.108115209 NNPACK.cpp:56] Could not initialize NNPACK! Reason: Unsupported hardware.
[W910 12:11:10.109120653 NNPACK.cpp:56] Could not initialize NNPACK! Reason: Unsupported hardware.
[W910 12:11:10.110206170 NNPACK.cpp:56] Could not initialize NNPACK! Reason: Unsupported hardware.
[W910 12:11:10.111379507 NNPACK.cpp:56] Could not initialize NNPACK! Reason: Unsupported hardware.
[W910 12:11:10.112557071 NNPACK.cpp:56] Could not initialize NNPACK! Reason: Unsupported hardware.
[W910 12:11:10.114074004 NNPACK.cpp:56] Could not initialize NNPACK! Reason: Unsupported hardware.
[W910 12:11:10.559994811 NNPACK.cpp:56] Could not initialize NNPACK! Reason: Unsupported hardware.
[W910 12:11:10.560767441 NNPACK.cpp:56] Could not initialize NNPACK! Reason: Unsupported hardware.
[W910 12:11:10.561314787 NNPACK.cpp:56] Could not initialize NNPACK! Reason: Unsupported hardware.
[W910 12:11:10.561814119 NNPACK.cpp:56] Could not initialize NNPACK! Reason: Unsupported hardware.
[W910 12:11:10.562461279 NNPACK.cpp:56] Could not initialize NNPACK! Reason: Unsupported hardware.
[W910 12:11:10.563068193 NNPACK.cpp:56] Could not initialize NNPACK! Reason: Unsupported hardware.
[W910 12:11:10.563646203 NNPACK.cpp:56] Could not initialize NNPACK! Reason: Unsupported hardware.
[W910 12:11:10.564598883 NNPACK.cpp:56] Could not initialize NNPACK! Reason: Unsupported hardware.
[W910 12:11:11.068983172 NNPACK.cpp:56] Could not initialize NNPACK! Reason: Unsupported hardware.
[W910 12:11:11.070204546 NNPACK.cpp:56] Could not initialize NNPACK! Reason: Unsupported hardware.
[W910 12:11:11.071178582 NNPACK.cpp:56] Could not initialize NNPACK! Reason: Unsupported hardware.
[W910 12:11:11.072133145 NNPACK.cpp:56] Could not initialize NNPACK! Reason: Unsupported hardware.
[W910 12:11:11.073190943 NNPACK.cpp:56] Could not initialize NNPACK! Reason: Unsupported hardware.
[W910 12:11:11.074217463 NNPACK.cpp:56] Could not initialize NNPACK! Reason: Unsupported hardware.
[W910 12:11:11.075226945 NNPACK.cpp:56] Could not initialize NNPACK! Reason: Unsupported hardware.
[W910 12:11:11.076564738 NNPACK.cpp:56] Could not initialize NNPACK! Reason: Unsupported hardware.
[W910 12:11:11.519296780 NNPACK.cpp:56] Could not initialize NNPACK! Reason: Unsupported hardware.
[W910 12:11:11.520058165 NNPACK.cpp:56] Could not initialize NNPACK! Reason: Unsupported hardware.
[W910 12:11:11.520609487 NNPACK.cpp:56] Could not initialize NNPACK! Reason: Unsupported hardware.
[W910 12:11:11.521373818 NNPACK.cpp:56] Could not initialize NNPACK! Reason: Unsupported hardware.
[W910 12:11:11.522143215 NNPACK.cpp:56] Could not initialize NNPACK! Reason: Unsupported hardware.
[W910 12:11:11.522720942 NNPACK.cpp:56] Could not initialize NNPACK! Reason: Unsupported hardware.
[W910 12:11:11.523308110 NNPACK.cpp:56] Could not initialize NNPACK! Reason: Unsupported hardware.
[W910 12:11:11.524434326 NNPACK.cpp:56] Could not initialize NNPACK! Reason: Unsupported hardware.
[W910 12:11:12.036695925 NNPACK.cpp:56] Could not initialize NNPACK! Reason: Unsupported hardware.
[W910 12:11:12.037920229 NNPACK.cpp:56] Could not initialize NNPACK! Reason: Unsupported hardware.
[W910 12:11:12.038883930 NNPACK.cpp:56] Could not initialize NNPACK! Reason: Unsupported hardware.
[W910 12:11:12.039864061 NNPACK.cpp:56] Could not initialize NNPACK! Reason: Unsupported hardware.
[W910 12:11:12.040957652 NNPACK.cpp:56] Could not initialize NNPACK! Reason: Unsupported hardware.
[W910 12:11:12.042056964 NNPACK.cpp:56] Could not initialize NNPACK! Reason: Unsupported hardware.
[W910 12:11:12.043117674 NNPACK.cpp:56] Could not initialize NNPACK! Reason: Unsupported hardware.
[W910 12:11:12.044517530 NNPACK.cpp:56] Could not initialize NNPACK! Reason: Unsupported hardware.
[W910 12:11:12.491879350 NNPACK.cpp:56] Could not initialize NNPACK! Reason: Unsupported hardware.
[W910 12:11:12.492610914 NNPACK.cpp:56] Could not initialize NNPACK! Reason: Unsupported hardware.
[W910 12:11:12.493105331 NNPACK.cpp:56] Could not initialize NNPACK! Reason: Unsupported hardware.
[W910 12:11:12.493586961 NNPACK.cpp:56] Could not initialize NNPACK! Reason: Unsupported hardware.
[W910 12:11:12.494196334 NNPACK.cpp:56] Could not initialize NNPACK! Reason: Unsupported hardware.
[W910 12:11:12.494738013 NNPACK.cpp:56] Could not initialize NNPACK! Reason: Unsupported hardware.
[W910 12:11:12.495323437 NNPACK.cpp:56] Could not initialize NNPACK! Reason: Unsupported hardware.
[W910 12:11:12.496189760 NNPACK.cpp:56] Could not initialize NNPACK! Reason: Unsupported hardware.
[W910 12:11:13.001129579 NNPACK.cpp:56] Could not initialize NNPACK! Reason: Unsupported hardware.
[W910 12:11:13.002357170 NNPACK.cpp:56] Could not initialize NNPACK! Reason: Unsupported hardware.
[W910 12:11:13.003316408 NNPACK.cpp:56] Could not initialize NNPACK! Reason: Unsupported hardware.
[W910 12:11:13.004242816 NNPACK.cpp:56] Could not initialize NNPACK! Reason: Unsupported hardware.
[W910 12:11:13.005327580 NNPACK.cpp:56] Could not initialize NNPACK! Reason: Unsupported hardware.
[W910 12:11:13.006368651 NNPACK.cpp:56] Could not initialize NNPACK! Reason: Unsupported hardware.
[W910 12:11:13.007397706 NNPACK.cpp:56] Could not initialize NNPACK! Reason: Unsupported hardware.
[W910 12:11:13.008780488 NNPACK.cpp:56] Could not initialize NNPACK! Reason: Unsupported hardware.
[W910 12:11:13.453335098 NNPACK.cpp:56] Could not initialize NNPACK! Reason: Unsupported hardware.
[W910 12:11:13.454139319 NNPACK.cpp:56] Could not initialize NNPACK! Reason: Unsupported hardware.
[W910 12:11:13.454628266 NNPACK.cpp:56] Could not initialize NNPACK! Reason: Unsupported hardware.
[W910 12:11:13.455133587 NNPACK.cpp:56] Could not initialize NNPACK! Reason: Unsupported hardware.
[W910 12:11:13.455699363 NNPACK.cpp:56] Could not initialize NNPACK! Reason: Unsupported hardware.
[W910 12:11:13.456255449 NNPACK.cpp:56] Could not initialize NNPACK! Reason: Unsupported hardware.
[W910 12:11:13.456803784 NNPACK.cpp:56] Could not initialize NNPACK! Reason: Unsupported hardware.
[W910 12:11:13.457713348 NNPACK.cpp:56] Could not initialize NNPACK! Reason: Unsupported hardware.
[W910 12:11:14.964920182 NNPACK.cpp:56] Could not initialize NNPACK! Reason: Unsupported hardware.
[W910 12:11:14.966148159 NNPACK.cpp:56] Could not initialize NNPACK! Reason: Unsupported hardware.
[W910 12:11:14.967102058 NNPACK.cpp:56] Could not initialize NNPACK! Reason: Unsupported hardware.
[W910 12:11:14.967984234 NNPACK.cpp:56] Could not initialize NNPACK! Reason: Unsupported hardware.
[W910 12:11:14.969054784 NNPACK.cpp:56] Could not initialize NNPACK! Reason: Unsupported hardware.
[W910 12:11:14.970131073 NNPACK.cpp:56] Could not initialize NNPACK! Reason: Unsupported hardware.
[W910 12:11:14.971157509 NNPACK.cpp:56] Could not initialize NNPACK! Reason: Unsupported hardware.
[W910 12:11:14.972532104 NNPACK.cpp:56] Could not initialize NNPACK! Reason: Unsupported hardware.
[W910 12:11:14.413259082 NNPACK.cpp:56] Could not initialize NNPACK! Reason: Unsupported hardware.
[W910 12:11:14.413984277 NNPACK.cpp:56] Could not initialize NNPACK! Reason: Unsupported hardware.
[W910 12:11:14.414472004 NNPACK.cpp:56] Could not initialize NNPACK! Reason: Unsupported hardware.
[W910 12:11:14.414961229 NNPACK.cpp:56] Could not initialize NNPACK! Reason: Unsupported hardware.
[W910 12:11:14.415523259 NNPACK.cpp:56] Could not initialize NNPACK! Reason: Unsupported hardware.
[W910 12:11:14.416072948 NNPACK.cpp:56] Could not initialize NNPACK! Reason: Unsupported hardware.
[W910 12:11:14.416617913 NNPACK.cpp:56] Could not initialize NNPACK! Reason: Unsupported hardware.
[W910 12:11:14.417486308 NNPACK.cpp:56] Could not initialize NNPACK! Reason: Unsupported hardware.
[W910 12:11:14.919259549 NNPACK.cpp:56] Could not initialize NNPACK! Reason: Unsupported hardware.
[W910 12:11:14.920473488 NNPACK.cpp:56] Could not initialize NNPACK! Reason: Unsupported hardware.
[W910 12:11:14.921421831 NNPACK.cpp:56] Could not initialize NNPACK! Reason: Unsupported hardware.
[W910 12:11:14.922361363 NNPACK.cpp:56] Could not initialize NNPACK! Reason: Unsupported hardware.
[W910 12:11:14.923437642 NNPACK.cpp:56] Could not initialize NNPACK! Reason: Unsupported hardware.
[W910 12:11:14.924434283 NNPACK.cpp:56] Could not initialize NNPACK! Reason: Unsupported hardware.
[W910 12:11:14.925484053 NNPACK.cpp:56] Could not initialize NNPACK! Reason: Unsupported hardware.
[W910 12:11:14.926810362 NNPACK.cpp:56] Could not initialize NNPACK! Reason: Unsupported hardware.
[W910 12:11:15.369322067 NNPACK.cpp:56] Could not initialize NNPACK! Reason: Unsupported hardware.
[W910 12:11:15.370073659 NNPACK.cpp:56] Could not initialize NNPACK! Reason: Unsupported hardware.
[W910 12:11:15.370558223 NNPACK.cpp:56] Could not initialize NNPACK! Reason: Unsupported hardware.
[W910 12:11:15.371041159 NNPACK.cpp:56] Could not initialize NNPACK! Reason: Unsupported hardware.
[W910 12:11:15.371588424 NNPACK.cpp:56] Could not initialize NNPACK! Reason: Unsupported hardware.
[W910 12:11:15.372136224 NNPACK.cpp:56] Could not initialize NNPACK! Reason: Unsupported hardware.
[W910 12:11:15.372678956 NNPACK.cpp:56] Could not initialize NNPACK! Reason: Unsupported hardware.
[W910 12:11:15.373567692 NNPACK.cpp:56] Could not initialize NNPACK! Reason: Unsupported hardware.
[W910 12:11:15.870687276 NNPACK.cpp:56] Could not initialize NNPACK! Reason: Unsupported hardware.
[W910 12:11:15.871903564 NNPACK.cpp:56] Could not initialize NNPACK! Reason: Unsupported hardware.
[W910 12:11:15.872860665 NNPACK.cpp:56] Could not initialize NNPACK! Reason: Unsupported hardware.
[W910 12:11:15.873778221 NNPACK.cpp:56] Could not initialize NNPACK! Reason: Unsupported hardware.
[W910 12:11:15.874810192 NNPACK.cpp:56] Could not initialize NNPACK! Reason: Unsupported hardware.
[W910 12:11:15.875825432 NNPACK.cpp:56] Could not initialize NNPACK! Reason: Unsupported hardware.
[W910 12:11:15.876834655 NNPACK.cpp:56] Could not initialize NNPACK! Reason: Unsupported hardware.
[W910 12:11:15.878198406 NNPACK.cpp:56] Could not initialize NNPACK! Reason: Unsupported hardware.
[W910 12:11:16.318237441 NNPACK.cpp:56] Could not initialize NNPACK! Reason: Unsupported hardware.
[W910 12:11:16.318961740 NNPACK.cpp:56] Could not initialize NNPACK! Reason: Unsupported hardware.
[W910 12:11:16.319445977 NNPACK.cpp:56] Could not initialize NNPACK! Reason: Unsupported hardware.
[W910 12:11:16.319924177 NNPACK.cpp:56] Could not initialize NNPACK! Reason: Unsupported hardware.
[W910 12:11:16.320474286 NNPACK.cpp:56] Could not initialize NNPACK! Reason: Unsupported hardware.
[W910 12:11:16.321022106 NNPACK.cpp:56] Could not initialize NNPACK! Reason: Unsupported hardware.
[W910 12:11:16.321563812 NNPACK.cpp:56] Could not initialize NNPACK! Reason: Unsupported hardware.
[W910 12:11:16.322428830 NNPACK.cpp:56] Could not initialize NNPACK! Reason: Unsupported hardware.
[W910 12:11:16.821241022 NNPACK.cpp:56] Could not initialize NNPACK! Reason: Unsupported hardware.
[W910 12:11:16.822490820 NNPACK.cpp:56] Could not initialize NNPACK! Reason: Unsupported hardware.
[W910 12:11:16.827260975 NNPACK.cpp:56] Could not initialize NNPACK! Reason: Unsupported hardware.
[W910 12:11:16.828158976 NNPACK.cpp:56] Could not initialize NNPACK! Reason: Unsupported hardware.
[W910 12:11:16.829213689 NNPACK.cpp:56] Could not initialize NNPACK! Reason: Unsupported hardware.
[W910 12:11:16.830247839 NNPACK.cpp:56] Could not initialize NNPACK! Reason: Unsupported hardware.
[W910 12:11:16.831284637 NNPACK.cpp:56] Could not initialize NNPACK! Reason: Unsupported hardware.
[W910 12:11:16.832657606 NNPACK.cpp:56] Could not initialize NNPACK! Reason: Unsupported hardware.
[W910 12:11:17.269367208 NNPACK.cpp:56] Could not initialize NNPACK! Reason: Unsupported hardware.
[W910 12:11:17.270135125 NNPACK.cpp:56] Could not initialize NNPACK! Reason: Unsupported hardware.
[W910 12:11:17.270678390 NNPACK.cpp:56] Could not initialize NNPACK! Reason: Unsupported hardware.
[W910 12:11:17.271186345 NNPACK.cpp:56] Could not initialize NNPACK! Reason: Unsupported hardware.
[W910 12:11:17.271753607 NNPACK.cpp:56] Could not initialize NNPACK! Reason: Unsupported hardware.
[W910 12:11:17.272322500 NNPACK.cpp:56] Could not initialize NNPACK! Reason: Unsupported hardware.
[W910 12:11:17.272886611 NNPACK.cpp:56] Could not initialize NNPACK! Reason: Unsupported hardware.
[W910 12:11:17.273869711 NNPACK.cpp:56] Could not initialize NNPACK! Reason: Unsupported hardware.
[W910 12:11:17.778753999 NNPACK.cpp:56] Could not initialize NNPACK! Reason: Unsupported hardware.
[W910 12:11:17.779958317 NNPACK.cpp:56] Could not initialize NNPACK! Reason: Unsupported hardware.
[W910 12:11:17.780872164 NNPACK.cpp:56] Could not initialize NNPACK! Reason: Unsupported hardware.
[W910 12:11:17.781783365 NNPACK.cpp:56] Could not initialize NNPACK! Reason: Unsupported hardware.
[W910 12:11:17.782793155 NNPACK.cpp:56] Could not initialize NNPACK! Reason: Unsupported hardware.
[W910 12:11:17.783819728 NNPACK.cpp:56] Could not initialize NNPACK! Reason: Unsupported hardware.
[W910 12:11:17.784851210 NNPACK.cpp:56] Could not initialize NNPACK! Reason: Unsupported hardware.
[W910 12:11:17.786209496 NNPACK.cpp:56] Could not initialize NNPACK! Reason: Unsupported hardware.
[W910 12:11:18.232018739 NNPACK.cpp:56] Could not initialize NNPACK! Reason: Unsupported hardware.
[W910 12:11:18.232782075 NNPACK.cpp:56] Could not initialize NNPACK! Reason: Unsupported hardware.
[W910 12:11:18.233281116 NNPACK.cpp:56] Could not initialize NNPACK! Reason: Unsupported hardware.
[W910 12:11:18.233767068 NNPACK.cpp:56] Could not initialize NNPACK! Reason: Unsupported hardware.
[W910 12:11:18.234365203 NNPACK.cpp:56] Could not initialize NNPACK! Reason: Unsupported hardware.
[W910 12:11:18.234928314 NNPACK.cpp:56] Could not initialize NNPACK! Reason: Unsupported hardware.
[W910 12:11:18.235611899 NNPACK.cpp:56] Could not initialize NNPACK! Reason: Unsupported hardware.
[W910 12:11:18.236601918 NNPACK.cpp:56] Could not initialize NNPACK! Reason: Unsupported hardware.
[W910 12:11:18.742145690 NNPACK.cpp:56] Could not initialize NNPACK! Reason: Unsupported hardware.
[W910 12:11:18.743358746 NNPACK.cpp:56] Could not initialize NNPACK! Reason: Unsupported hardware.
[W910 12:11:18.744298406 NNPACK.cpp:56] Could not initialize NNPACK! Reason: Unsupported hardware.
[W910 12:11:18.745214051 NNPACK.cpp:56] Could not initialize NNPACK! Reason: Unsupported hardware.
[W910 12:11:18.746252668 NNPACK.cpp:56] Could not initialize NNPACK! Reason: Unsupported hardware.
[W910 12:11:18.747247903 NNPACK.cpp:56] Could not initialize NNPACK! Reason: Unsupported hardware.
[W910 12:11:18.748238851 NNPACK.cpp:56] Could not initialize NNPACK! Reason: Unsupported hardware.
[W910 12:11:18.749560688 NNPACK.cpp:56] Could not initialize NNPACK! Reason: Unsupported hardware.
[W910 12:11:19.189628495 NNPACK.cpp:56] Could not initialize NNPACK! Reason: Unsupported hardware.
[W910 12:11:19.190385973 NNPACK.cpp:56] Could not initialize NNPACK! Reason: Unsupported hardware.
[W910 12:11:19.190898334 NNPACK.cpp:56] Could not initialize NNPACK! Reason: Unsupported hardware.
[W910 12:11:19.191409378 NNPACK.cpp:56] Could not initialize NNPACK! Reason: Unsupported hardware.
[W910 12:11:19.191985447 NNPACK.cpp:56] Could not initialize NNPACK! Reason: Unsupported hardware.
[W910 12:11:19.192563303 NNPACK.cpp:56] Could not initialize NNPACK! Reason: Unsupported hardware.
[W910 12:11:19.193143041 NNPACK.cpp:56] Could not initialize NNPACK! Reason: Unsupported hardware.
[W910 12:11:19.194043620 NNPACK.cpp:56] Could not initialize NNPACK! Reason: Unsupported hardware.
[W910 12:11:19.696681651 NNPACK.cpp:56] Could not initialize NNPACK! Reason: Unsupported hardware.
[W910 12:11:19.697905557 NNPACK.cpp:56] Could not initialize NNPACK! Reason: Unsupported hardware.
[W910 12:11:19.698853621 NNPACK.cpp:56] Could not initialize NNPACK! Reason: Unsupported hardware.
[W910 12:11:19.699824104 NNPACK.cpp:56] Could not initialize NNPACK! Reason: Unsupported hardware.
[W910 12:11:19.700844457 NNPACK.cpp:56] Could not initialize NNPACK! Reason: Unsupported hardware.
[W910 12:11:19.701842177 NNPACK.cpp:56] Could not initialize NNPACK! Reason: Unsupported hardware.
[W910 12:11:19.702900389 NNPACK.cpp:56] Could not initialize NNPACK! Reason: Unsupported hardware.
[W910 12:11:19.704264739 NNPACK.cpp:56] Could not initialize NNPACK! Reason: Unsupported hardware.
[W910 12:11:20.147866513 NNPACK.cpp:56] Could not initialize NNPACK! Reason: Unsupported hardware.
[W910 12:11:20.148651658 NNPACK.cpp:56] Could not initialize NNPACK! Reason: Unsupported hardware.
[W910 12:11:20.149192390 NNPACK.cpp:56] Could not initialize NNPACK! Reason: Unsupported hardware.
[W910 12:11:20.149698804 NNPACK.cpp:56] Could not initialize NNPACK! Reason: Unsupported hardware.
[W910 12:11:20.150303254 NNPACK.cpp:56] Could not initialize NNPACK! Reason: Unsupported hardware.
[W910 12:11:20.150876960 NNPACK.cpp:56] Could not initialize NNPACK! Reason: Unsupported hardware.
[W910 12:11:20.151494541 NNPACK.cpp:56] Could not initialize NNPACK! Reason: Unsupported hardware.
[W910 12:11:20.152412658 NNPACK.cpp:56] Could not initialize NNPACK! Reason: Unsupported hardware.
[W910 12:11:20.652837619 NNPACK.cpp:56] Could not initialize NNPACK! Reason: Unsupported hardware.
[W910 12:11:20.654083819 NNPACK.cpp:56] Could not initialize NNPACK! Reason: Unsupported hardware.
[W910 12:11:20.655036652 NNPACK.cpp:56] Could not initialize NNPACK! Reason: Unsupported hardware.
[W910 12:11:20.655971733 NNPACK.cpp:56] Could not initialize NNPACK! Reason: Unsupported hardware.
[W910 12:11:20.657014986 NNPACK.cpp:56] Could not initialize NNPACK! Reason: Unsupported hardware.
[W910 12:11:20.658036755 NNPACK.cpp:56] Could not initialize NNPACK! Reason: Unsupported hardware.
[W910 12:11:20.659046290 NNPACK.cpp:56] Could not initialize NNPACK! Reason: Unsupported hardware.
[W910 12:11:20.660409030 NNPACK.cpp:56] Could not initialize NNPACK! Reason: Unsupported hardware.
[W910 12:11:21.102494093 NNPACK.cpp:56] Could not initialize NNPACK! Reason: Unsupported hardware.
[W910 12:11:21.103281609 NNPACK.cpp:56] Could not initialize NNPACK! Reason: Unsupported hardware.
[W910 12:11:21.103814718 NNPACK.cpp:56] Could not initialize NNPACK! Reason: Unsupported hardware.
[W910 12:11:21.104390778 NNPACK.cpp:56] Could not initialize NNPACK! Reason: Unsupported hardware.
[W910 12:11:21.105030492 NNPACK.cpp:56] Could not initialize NNPACK! Reason: Unsupported hardware.
[W910 12:11:21.105638728 NNPACK.cpp:56] Could not initialize NNPACK! Reason: Unsupported hardware.
[W910 12:11:21.106241665 NNPACK.cpp:56] Could not initialize NNPACK! Reason: Unsupported hardware.
[W910 12:11:21.107184736 NNPACK.cpp:56] Could not initialize NNPACK! Reason: Unsupported hardware.
[W910 12:11:21.603350699 NNPACK.cpp:56] Could not initialize NNPACK! Reason: Unsupported hardware.
[W910 12:11:21.604583526 NNPACK.cpp:56] Could not initialize NNPACK! Reason: Unsupported hardware.
[W910 12:11:21.605544881 NNPACK.cpp:56] Could not initialize NNPACK! Reason: Unsupported hardware.
[W910 12:11:21.606491597 NNPACK.cpp:56] Could not initialize NNPACK! Reason: Unsupported hardware.
[W910 12:11:21.607545513 NNPACK.cpp:56] Could not initialize NNPACK! Reason: Unsupported hardware.
[W910 12:11:21.608596461 NNPACK.cpp:56] Could not initialize NNPACK! Reason: Unsupported hardware.
[W910 12:11:21.609600521 NNPACK.cpp:56] Could not initialize NNPACK! Reason: Unsupported hardware.
[W910 12:11:21.611143176 NNPACK.cpp:56] Could not initialize NNPACK! Reason: Unsupported hardware.
[W910 12:11:22.053174290 NNPACK.cpp:56] Could not initialize NNPACK! Reason: Unsupported hardware.
[W910 12:11:22.053928291 NNPACK.cpp:56] Could not initialize NNPACK! Reason: Unsupported hardware.
[W910 12:11:22.054436928 NNPACK.cpp:56] Could not initialize NNPACK! Reason: Unsupported hardware.
[W910 12:11:22.058783250 NNPACK.cpp:56] Could not initialize NNPACK! Reason: Unsupported hardware.
[W910 12:11:22.059422322 NNPACK.cpp:56] Could not initialize NNPACK! Reason: Unsupported hardware.
[W910 12:11:22.060063077 NNPACK.cpp:56] Could not initialize NNPACK! Reason: Unsupported hardware.
[W910 12:11:22.060632574 NNPACK.cpp:56] Could not initialize NNPACK! Reason: Unsupported hardware.
[W910 12:11:22.061542507 NNPACK.cpp:56] Could not initialize NNPACK! Reason: Unsupported hardware.
[W910 12:11:22.562260750 NNPACK.cpp:56] Could not initialize NNPACK! Reason: Unsupported hardware.
[W910 12:11:22.563422033 NNPACK.cpp:56] Could not initialize NNPACK! Reason: Unsupported hardware.
[W910 12:11:22.564365640 NNPACK.cpp:56] Could not initialize NNPACK! Reason: Unsupported hardware.
[W910 12:11:22.565247471 NNPACK.cpp:56] Could not initialize NNPACK! Reason: Unsupported hardware.
[W910 12:11:22.566281176 NNPACK.cpp:56] Could not initialize NNPACK! Reason: Unsupported hardware.
[W910 12:11:22.567301066 NNPACK.cpp:56] Could not initialize NNPACK! Reason: Unsupported hardware.
[W910 12:11:22.568309662 NNPACK.cpp:56] Could not initialize NNPACK! Reason: Unsupported hardware.
[W910 12:11:22.569643125 NNPACK.cpp:56] Could not initialize NNPACK! Reason: Unsupported hardware.
[W910 12:11:23.008865694 NNPACK.cpp:56] Could not initialize NNPACK! Reason: Unsupported hardware.
[W910 12:11:23.009691318 NNPACK.cpp:56] Could not initialize NNPACK! Reason: Unsupported hardware.
[W910 12:11:23.010202877 NNPACK.cpp:56] Could not initialize NNPACK! Reason: Unsupported hardware.
[W910 12:11:23.010702579 NNPACK.cpp:56] Could not initialize NNPACK! Reason: Unsupported hardware.
[W910 12:11:23.011274523 NNPACK.cpp:56] Could not initialize NNPACK! Reason: Unsupported hardware.
[W910 12:11:23.011912356 NNPACK.cpp:56] Could not initialize NNPACK! Reason: Unsupported hardware.
[W910 12:11:23.012532451 NNPACK.cpp:56] Could not initialize NNPACK! Reason: Unsupported hardware.
[W910 12:11:23.013453043 NNPACK.cpp:56] Could not initialize NNPACK! Reason: Unsupported hardware.
[W910 12:11:23.520318272 NNPACK.cpp:56] Could not initialize NNPACK! Reason: Unsupported hardware.
[W910 12:11:23.521543189 NNPACK.cpp:56] Could not initialize NNPACK! Reason: Unsupported hardware.
[W910 12:11:23.522498065 NNPACK.cpp:56] Could not initialize NNPACK! Reason: Unsupported hardware.
[W910 12:11:23.523442150 NNPACK.cpp:56] Could not initialize NNPACK! Reason: Unsupported hardware.
[W910 12:11:23.524528637 NNPACK.cpp:56] Could not initialize NNPACK! Reason: Unsupported hardware.
[W910 12:11:23.525577298 NNPACK.cpp:56] Could not initialize NNPACK! Reason: Unsupported hardware.
[W910 12:11:23.526610082 NNPACK.cpp:56] Could not initialize NNPACK! Reason: Unsupported hardware.
[W910 12:11:23.527949236 NNPACK.cpp:56] Could not initialize NNPACK! Reason: Unsupported hardware.
[W910 12:11:24.970768911 NNPACK.cpp:56] Could not initialize NNPACK! Reason: Unsupported hardware.
[W910 12:11:24.971505341 NNPACK.cpp:56] Could not initialize NNPACK! Reason: Unsupported hardware.
[W910 12:11:24.971990136 NNPACK.cpp:56] Could not initialize NNPACK! Reason: Unsupported hardware.
[W910 12:11:24.972472790 NNPACK.cpp:56] Could not initialize NNPACK! Reason: Unsupported hardware.
[W910 12:11:24.973026555 NNPACK.cpp:56] Could not initialize NNPACK! Reason: Unsupported hardware.
[W910 12:11:24.973567391 NNPACK.cpp:56] Could not initialize NNPACK! Reason: Unsupported hardware.
[W910 12:11:24.974116814 NNPACK.cpp:56] Could not initialize NNPACK! Reason: Unsupported hardware.
[W910 12:11:24.974981884 NNPACK.cpp:56] Could not initialize NNPACK! Reason: Unsupported hardware.
[W910 12:11:24.322043193 NNPACK.cpp:56] Could not initialize NNPACK! Reason: Unsupported hardware.
[W910 12:11:24.322538316 NNPACK.cpp:56] Could not initialize NNPACK! Reason: Unsupported hardware.
[W910 12:11:24.322781652 NNPACK.cpp:56] Could not initialize NNPACK! Reason: Unsupported hardware.
[W910 12:11:24.323029252 NNPACK.cpp:56] Could not initialize NNPACK! Reason: Unsupported hardware.
[W910 12:11:24.323297457 NNPACK.cpp:56] Could not initialize NNPACK! Reason: Unsupported hardware.
[W910 12:11:24.323554691 NNPACK.cpp:56] Could not initialize NNPACK! Reason: Unsupported hardware.
[W910 12:11:24.323812208 NNPACK.cpp:56] Could not initialize NNPACK! Reason: Unsupported hardware.
[W910 12:11:24.324416501 NNPACK.cpp:56] Could not initialize NNPACK! Reason: Unsupported hardware.
439.9s - extractor main: [3] Lily Adam - One Hive/recorders/willard/2024-08-07/1_11/240807_1016 — 72 cached label file(s) → embeddings (ident took 138.6s)
439.9s - extractor main: [4] Lily Adam - One Hive/recorders/wooster/2024-07-26/1_143/240726_1446 — starting (embeddings)
[W910 12:11:24.524686295 NNPACK.cpp:56] Could not initialize NNPACK! Reason: Unsupported hardware.
[W910 12:11:24.525185200 NNPACK.cpp:56] Could not initialize NNPACK! Reason: Unsupported hardware.
[W910 12:11:24.525423452 NNPACK.cpp:56] Could not initialize NNPACK! Reason: Unsupported hardware.
[W910 12:11:24.525663425 NNPACK.cpp:56] Could not initialize NNPACK! Reason: Unsupported hardware.
[W910 12:11:24.525925172 NNPACK.cpp:56] Could not initialize NNPACK! Reason: Unsupported hardware.
[W910 12:11:24.526190636 NNPACK.cpp:56] Could not initialize NNPACK! Reason: Unsupported hardware.
[W910 12:11:24.526449076 NNPACK.cpp:56] Could not initialize NNPACK! Reason: Unsupported hardware.
[W910 12:11:24.527058040 NNPACK.cpp:56] Could not initialize NNPACK! Reason: Unsupported hardware.
[W910 12:11:24.694032757 NNPACK.cpp:56] Could not initialize NNPACK! Reason: Unsupported hardware.
[W910 12:11:24.694435585 NNPACK.cpp:56] Could not initialize NNPACK! Reason: Unsupported hardware.
[W910 12:11:24.694597443 NNPACK.cpp:56] Could not initialize NNPACK! Reason: Unsupported hardware.
[W910 12:11:24.694753807 NNPACK.cpp:56] Could not initialize NNPACK! Reason: Unsupported hardware.
[W910 12:11:24.694919914 NNPACK.cpp:56] Could not initialize NNPACK! Reason: Unsupported hardware.
[W910 12:11:24.695091410 NNPACK.cpp:56] Could not initialize NNPACK! Reason: Unsupported hardware.
[W910 12:11:24.695254732 NNPACK.cpp:56] Could not initialize NNPACK! Reason: Unsupported hardware.
[W910 12:11:24.695735781 NNPACK.cpp:56] Could not initialize NNPACK! Reason: Unsupported hardware.
[W910 12:11:24.827338648 NNPACK.cpp:56] Could not initialize NNPACK! Reason: Unsupported hardware.
[W910 12:11:24.827754215 NNPACK.cpp:56] Could not initialize NNPACK! Reason: Unsupported hardware.
[W910 12:11:24.827916302 NNPACK.cpp:56] Could not initialize NNPACK! Reason: Unsupported hardware.
[W910 12:11:24.828082973 NNPACK.cpp:56] Could not initialize NNPACK! Reason: Unsupported hardware.
[W910 12:11:24.828254359 NNPACK.cpp:56] Could not initialize NNPACK! Reason: Unsupported hardware.
[W910 12:11:24.828417512 NNPACK.cpp:56] Could not initialize NNPACK! Reason: Unsupported hardware.
[W910 12:11:24.828578114 NNPACK.cpp:56] Could not initialize NNPACK! Reason: Unsupported hardware.
[W910 12:11:24.829088969 NNPACK.cpp:56] Could not initialize NNPACK! Reason: Unsupported hardware.
[W910 12:11:25.110116859 NNPACK.cpp:56] Could not initialize NNPACK! Reason: Unsupported hardware.
[W910 12:11:25.111686989 NNPACK.cpp:56] Could not initialize NNPACK! Reason: Unsupported hardware.
[W910 12:11:25.112975279 NNPACK.cpp:56] Could not initialize NNPACK! Reason: Unsupported hardware.
[W910 12:11:25.114209032 NNPACK.cpp:56] Could not initialize NNPACK! Reason: Unsupported hardware.
[W910 12:11:25.115659975 NNPACK.cpp:56] Could not initialize NNPACK! Reason: Unsupported hardware.
[W910 12:11:25.117014507 NNPACK.cpp:56] Could not initialize NNPACK! Reason: Unsupported hardware.
[W910 12:11:25.118367033 NNPACK.cpp:56] Could not initialize NNPACK! Reason: Unsupported hardware.
[W910 12:11:25.120188294 NNPACK.cpp:56] Could not initialize NNPACK! Reason: Unsupported hardware.
[W910 12:11:25.561297220 NNPACK.cpp:56] Could not initialize NNPACK! Reason: Unsupported hardware.
[W910 12:11:25.561736493 NNPACK.cpp:56] Could not initialize NNPACK! Reason: Unsupported hardware.
[W910 12:11:25.561931304 NNPACK.cpp:56] Could not initialize NNPACK! Reason: Unsupported hardware.
[W910 12:11:25.562132977 NNPACK.cpp:56] Could not initialize NNPACK! Reason: Unsupported hardware.
[W910 12:11:25.562346872 NNPACK.cpp:56] Could not initialize NNPACK! Reason: Unsupported hardware.
[W910 12:11:25.562553097 NNPACK.cpp:56] Could not initialize NNPACK! Reason: Unsupported hardware.
[W910 12:11:25.562758726 NNPACK.cpp:56] Could not initialize NNPACK! Reason: Unsupported hardware.
[W910 12:11:25.563291661 NNPACK.cpp:56] Could not initialize NNPACK! Reason: Unsupported hardware.
[W910 12:11:25.751850802 NNPACK.cpp:56] Could not initialize NNPACK! Reason: Unsupported hardware.
[W910 12:11:25.752531762 NNPACK.cpp:56] Could not initialize NNPACK! Reason: Unsupported hardware.
[W910 12:11:25.752865048 NNPACK.cpp:56] Could not initialize NNPACK! Reason: Unsupported hardware.
[W910 12:11:25.753292367 NNPACK.cpp:56] Could not initialize NNPACK! Reason: Unsupported hardware.
[W910 12:11:25.753765465 NNPACK.cpp:56] Could not initialize NNPACK! Reason: Unsupported hardware.
[W910 12:11:25.754271126 NNPACK.cpp:56] Could not initialize NNPACK! Reason: Unsupported hardware.
[W910 12:11:25.754657045 NNPACK.cpp:56] Could not initialize NNPACK! Reason: Unsupported hardware.
[W910 12:11:25.755352437 NNPACK.cpp:56] Could not initialize NNPACK! Reason: Unsupported hardware.
[W910 12:11:26.140946118 NNPACK.cpp:56] Could not initialize NNPACK! Reason: Unsupported hardware.
[W910 12:11:26.142598850 NNPACK.cpp:56] Could not initialize NNPACK! Reason: Unsupported hardware.
[W910 12:11:26.143933541 NNPACK.cpp:56] Could not initialize NNPACK! Reason: Unsupported hardware.
[W910 12:11:26.145401412 NNPACK.cpp:56] Could not initialize NNPACK! Reason: Unsupported hardware.
[W910 12:11:26.147069074 NNPACK.cpp:56] Could not initialize NNPACK! Reason: Unsupported hardware.
[W910 12:11:26.148694016 NNPACK.cpp:56] Could not initialize NNPACK! Reason: Unsupported hardware.
[W910 12:11:26.150292832 NNPACK.cpp:56] Could not initialize NNPACK! Reason: Unsupported hardware.
[W910 12:11:26.152380343 NNPACK.cpp:56] Could not initialize NNPACK! Reason: Unsupported hardware.
[W910 12:11:26.589998884 NNPACK.cpp:56] Could not initialize NNPACK! Reason: Unsupported hardware.
[W910 12:11:26.590769598 NNPACK.cpp:56] Could not initialize NNPACK! Reason: Unsupported hardware.
[W910 12:11:26.591276728 NNPACK.cpp:56] Could not initialize NNPACK! Reason: Unsupported hardware.
[W910 12:11:26.591814015 NNPACK.cpp:56] Could not initialize NNPACK! Reason: Unsupported hardware.
[W910 12:11:26.592404431 NNPACK.cpp:56] Could not initialize NNPACK! Reason: Unsupported hardware.
[W910 12:11:26.593037964 NNPACK.cpp:56] Could not initialize NNPACK! Reason: Unsupported hardware.
[W910 12:11:26.593628650 NNPACK.cpp:56] Could not initialize NNPACK! Reason: Unsupported hardware.
[W910 12:11:26.594508282 NNPACK.cpp:56] Could not initialize NNPACK! Reason: Unsupported hardware.
[W910 12:11:27.100874905 NNPACK.cpp:56] Could not initialize NNPACK! Reason: Unsupported hardware.
[W910 12:11:27.102102065 NNPACK.cpp:56] Could not initialize NNPACK! Reason: Unsupported hardware.
[W910 12:11:27.107059237 NNPACK.cpp:56] Could not initialize NNPACK! Reason: Unsupported hardware.
[W910 12:11:27.108087823 NNPACK.cpp:56] Could not initialize NNPACK! Reason: Unsupported hardware.
[W910 12:11:27.109257323 NNPACK.cpp:56] Could not initialize NNPACK! Reason: Unsupported hardware.
[W910 12:11:27.110587187 NNPACK.cpp:56] Could not initialize NNPACK! Reason: Unsupported hardware.
[W910 12:11:27.111636987 NNPACK.cpp:56] Could not initialize NNPACK! Reason: Unsupported hardware.
[W910 12:11:27.113044323 NNPACK.cpp:56] Could not initialize NNPACK! Reason: Unsupported hardware.
[W910 12:11:27.553612234 NNPACK.cpp:56] Could not initialize NNPACK! Reason: Unsupported hardware.
[W910 12:11:27.554343107 NNPACK.cpp:56] Could not initialize NNPACK! Reason: Unsupported hardware.
[W910 12:11:27.554826735 NNPACK.cpp:56] Could not initialize NNPACK! Reason: Unsupported hardware.
[W910 12:11:27.555312586 NNPACK.cpp:56] Could not initialize NNPACK! Reason: Unsupported hardware.
[W910 12:11:27.555860523 NNPACK.cpp:56] Could not initialize NNPACK! Reason: Unsupported hardware.
[W910 12:11:27.556405847 NNPACK.cpp:56] Could not initialize NNPACK! Reason: Unsupported hardware.
[W910 12:11:27.556948457 NNPACK.cpp:56] Could not initialize NNPACK! Reason: Unsupported hardware.
[W910 12:11:27.557815100 NNPACK.cpp:56] Could not initialize NNPACK! Reason: Unsupported hardware.
[W910 12:11:27.918283828 NNPACK.cpp:56] Could not initialize NNPACK! Reason: Unsupported hardware.
[W910 12:11:27.918883406 NNPACK.cpp:56] Could not initialize NNPACK! Reason: Unsupported hardware.
[W910 12:11:27.919240548 NNPACK.cpp:56] Could not initialize NNPACK! Reason: Unsupported hardware.
[W910 12:11:27.919589121 NNPACK.cpp:56] Could not initialize NNPACK! Reason: Unsupported hardware.
[W910 12:11:27.919955874 NNPACK.cpp:56] Could not initialize NNPACK! Reason: Unsupported hardware.
[W910 12:11:27.920326220 NNPACK.cpp:56] Could not initialize NNPACK! Reason: Unsupported hardware.
[W910 12:11:27.920689542 NNPACK.cpp:56] Could not initialize NNPACK! Reason: Unsupported hardware.
[W910 12:11:27.921385289 NNPACK.cpp:56] Could not initialize NNPACK! Reason: Unsupported hardware.
[W910 12:11:28.142635896 NNPACK.cpp:56] Could not initialize NNPACK! Reason: Unsupported hardware.
[W910 12:11:28.143016124 NNPACK.cpp:56] Could not initialize NNPACK! Reason: Unsupported hardware.
[W910 12:11:28.143158393 NNPACK.cpp:56] Could not initialize NNPACK! Reason: Unsupported hardware.
[W910 12:11:28.143290561 NNPACK.cpp:56] Could not initialize NNPACK! Reason: Unsupported hardware.
[W910 12:11:28.143428297 NNPACK.cpp:56] Could not initialize NNPACK! Reason: Unsupported hardware.
[W910 12:11:28.143560634 NNPACK.cpp:56] Could not initialize NNPACK! Reason: Unsupported hardware.
[W910 12:11:28.143691447 NNPACK.cpp:56] Could not initialize NNPACK! Reason: Unsupported hardware.
[W910 12:11:28.144167511 NNPACK.cpp:56] Could not initialize NNPACK! Reason: Unsupported hardware.
[W910 12:11:28.271548273 NNPACK.cpp:56] Could not initialize NNPACK! Reason: Unsupported hardware.
[W910 12:11:28.271980778 NNPACK.cpp:56] Could not initialize NNPACK! Reason: Unsupported hardware.
[W910 12:11:28.272175405 NNPACK.cpp:56] Could not initialize NNPACK! Reason: Unsupported hardware.
[W910 12:11:28.272362563 NNPACK.cpp:56] Could not initialize NNPACK! Reason: Unsupported hardware.
[W910 12:11:28.272562223 NNPACK.cpp:56] Could not initialize NNPACK! Reason: Unsupported hardware.
[W910 12:11:28.272754286 NNPACK.cpp:56] Could not initialize NNPACK! Reason: Unsupported hardware.
[W910 12:11:28.272944896 NNPACK.cpp:56] Could not initialize NNPACK! Reason: Unsupported hardware.
[W910 12:11:28.273484407 NNPACK.cpp:56] Could not initialize NNPACK! Reason: Unsupported hardware.
[W910 12:11:28.472142714 NNPACK.cpp:56] Could not initialize NNPACK! Reason: Unsupported hardware.
[W910 12:11:28.472727626 NNPACK.cpp:56] Could not initialize NNPACK! Reason: Unsupported hardware.
[W910 12:11:28.473061542 NNPACK.cpp:56] Could not initialize NNPACK! Reason: Unsupported hardware.
[W910 12:11:28.473388437 NNPACK.cpp:56] Could not initialize NNPACK! Reason: Unsupported hardware.
[W910 12:11:28.473751255 NNPACK.cpp:56] Could not initialize NNPACK! Reason: Unsupported hardware.
[W910 12:11:28.474114488 NNPACK.cpp:56] Could not initialize NNPACK! Reason: Unsupported hardware.
[W910 12:11:28.474463962 NNPACK.cpp:56] Could not initialize NNPACK! Reason: Unsupported hardware.
[W910 12:11:28.475139543 NNPACK.cpp:56] Could not initialize NNPACK! Reason: Unsupported hardware.
[W910 12:11:28.730048576 NNPACK.cpp:56] Could not initialize NNPACK! Reason: Unsupported hardware.
[W910 12:11:28.730592281 NNPACK.cpp:56] Could not initialize NNPACK! Reason: Unsupported hardware.
[W910 12:11:28.730864072 NNPACK.cpp:56] Could not initialize NNPACK! Reason: Unsupported hardware.
[W910 12:11:28.731139980 NNPACK.cpp:56] Could not initialize NNPACK! Reason: Unsupported hardware.
[W910 12:11:28.731439463 NNPACK.cpp:56] Could not initialize NNPACK! Reason: Unsupported hardware.
[W910 12:11:28.731731918 NNPACK.cpp:56] Could not initialize NNPACK! Reason: Unsupported hardware.
[W910 12:11:28.732029764 NNPACK.cpp:56] Could not initialize NNPACK! Reason: Unsupported hardware.
[W910 12:11:28.732639520 NNPACK.cpp:56] Could not initialize NNPACK! Reason: Unsupported hardware.
[W910 12:11:28.936322044 NNPACK.cpp:56] Could not initialize NNPACK! Reason: Unsupported hardware.
[W910 12:11:28.936751934 NNPACK.cpp:56] Could not initialize NNPACK! Reason: Unsupported hardware.
[W910 12:11:28.936944821 NNPACK.cpp:56] Could not initialize NNPACK! Reason: Unsupported hardware.
[W910 12:11:28.937141345 NNPACK.cpp:56] Could not initialize NNPACK! Reason: Unsupported hardware.
[W910 12:11:28.937356417 NNPACK.cpp:56] Could not initialize NNPACK! Reason: Unsupported hardware.
[W910 12:11:28.937544258 NNPACK.cpp:56] Could not initialize NNPACK! Reason: Unsupported hardware.
[W910 12:11:28.937730627 NNPACK.cpp:56] Could not initialize NNPACK! Reason: Unsupported hardware.
[W910 12:11:28.938258096 NNPACK.cpp:56] Could not initialize NNPACK! Reason: Unsupported hardware.
[W910 12:11:29.132167885 NNPACK.cpp:56] Could not initialize NNPACK! Reason: Unsupported hardware.
[W910 12:11:29.132782951 NNPACK.cpp:56] Could not initialize NNPACK! Reason: Unsupported hardware.
[W910 12:11:29.133138556 NNPACK.cpp:56] Could not initialize NNPACK! Reason: Unsupported hardware.
[W910 12:11:29.133472538 NNPACK.cpp:56] Could not initialize NNPACK! Reason: Unsupported hardware.
[W910 12:11:29.133853268 NNPACK.cpp:56] Could not initialize NNPACK! Reason: Unsupported hardware.
[W910 12:11:29.134236219 NNPACK.cpp:56] Could not initialize NNPACK! Reason: Unsupported hardware.
[W910 12:11:29.134606673 NNPACK.cpp:56] Could not initialize NNPACK! Reason: Unsupported hardware.
[W910 12:11:29.135312939 NNPACK.cpp:56] Could not initialize NNPACK! Reason: Unsupported hardware.
[W910 12:11:29.643066482 NNPACK.cpp:56] Could not initialize NNPACK! Reason: Unsupported hardware.
[W910 12:11:29.644290266 NNPACK.cpp:56] Could not initialize NNPACK! Reason: Unsupported hardware.
[W910 12:11:29.645251637 NNPACK.cpp:56] Could not initialize NNPACK! Reason: Unsupported hardware.
[W910 12:11:29.646201535 NNPACK.cpp:56] Could not initialize NNPACK! Reason: Unsupported hardware.
[W910 12:11:29.647278721 NNPACK.cpp:56] Could not initialize NNPACK! Reason: Unsupported hardware.
[W910 12:11:29.648309707 NNPACK.cpp:56] Could not initialize NNPACK! Reason: Unsupported hardware.
[W910 12:11:29.649344963 NNPACK.cpp:56] Could not initialize NNPACK! Reason: Unsupported hardware.
[W910 12:11:29.650718523 NNPACK.cpp:56] Could not initialize NNPACK! Reason: Unsupported hardware.
[W910 12:11:30.095268194 NNPACK.cpp:56] Could not initialize NNPACK! Reason: Unsupported hardware.
[W910 12:11:30.095993891 NNPACK.cpp:56] Could not initialize NNPACK! Reason: Unsupported hardware.
[W910 12:11:30.096487317 NNPACK.cpp:56] Could not initialize NNPACK! Reason: Unsupported hardware.
[W910 12:11:30.096971296 NNPACK.cpp:56] Could not initialize NNPACK! Reason: Unsupported hardware.
[W910 12:11:30.097531110 NNPACK.cpp:56] Could not initialize NNPACK! Reason: Unsupported hardware.
[W910 12:11:30.098104060 NNPACK.cpp:56] Could not initialize NNPACK! Reason: Unsupported hardware.
[W910 12:11:30.098651986 NNPACK.cpp:56] Could not initialize NNPACK! Reason: Unsupported hardware.
[W910 12:11:30.099529937 NNPACK.cpp:56] Could not initialize NNPACK! Reason: Unsupported hardware.
[W910 12:11:30.598614293 NNPACK.cpp:56] Could not initialize NNPACK! Reason: Unsupported hardware.
[W910 12:11:30.599835125 NNPACK.cpp:56] Could not initialize NNPACK! Reason: Unsupported hardware.
[W910 12:11:30.600799130 NNPACK.cpp:56] Could not initialize NNPACK! Reason: Unsupported hardware.
[W910 12:11:30.601728634 NNPACK.cpp:56] Could not initialize NNPACK! Reason: Unsupported hardware.
[W910 12:11:30.602791994 NNPACK.cpp:56] Could not initialize NNPACK! Reason: Unsupported hardware.
[W910 12:11:30.603796924 NNPACK.cpp:56] Could not initialize NNPACK! Reason: Unsupported hardware.
[W910 12:11:30.604808845 NNPACK.cpp:56] Could not initialize NNPACK! Reason: Unsupported hardware.
[W910 12:11:30.606151815 NNPACK.cpp:56] Could not initialize NNPACK! Reason: Unsupported hardware.
[W910 12:11:31.048991598 NNPACK.cpp:56] Could not initialize NNPACK! Reason: Unsupported hardware.
[W910 12:11:31.049725894 NNPACK.cpp:56] Could not initialize NNPACK! Reason: Unsupported hardware.
[W910 12:11:31.050239555 NNPACK.cpp:56] Could not initialize NNPACK! Reason: Unsupported hardware.
[W910 12:11:31.050726110 NNPACK.cpp:56] Could not initialize NNPACK! Reason: Unsupported hardware.
[W910 12:11:31.051289001 NNPACK.cpp:56] Could not initialize NNPACK! Reason: Unsupported hardware.
[W910 12:11:31.051836461 NNPACK.cpp:56] Could not initialize NNPACK! Reason: Unsupported hardware.
[W910 12:11:31.052411931 NNPACK.cpp:56] Could not initialize NNPACK! Reason: Unsupported hardware.
[W910 12:11:31.053291229 NNPACK.cpp:56] Could not initialize NNPACK! Reason: Unsupported hardware.
[W910 12:11:31.553698793 NNPACK.cpp:56] Could not initialize NNPACK! Reason: Unsupported hardware.
[W910 12:11:31.554921787 NNPACK.cpp:56] Could not initialize NNPACK! Reason: Unsupported hardware.
[W910 12:11:31.555878971 NNPACK.cpp:56] Could not initialize NNPACK! Reason: Unsupported hardware.
[W910 12:11:31.556858659 NNPACK.cpp:56] Could not initialize NNPACK! Reason: Unsupported hardware.
[W910 12:11:31.557871159 NNPACK.cpp:56] Could not initialize NNPACK! Reason: Unsupported hardware.
[W910 12:11:31.558873499 NNPACK.cpp:56] Could not initialize NNPACK! Reason: Unsupported hardware.
[W910 12:11:31.559895515 NNPACK.cpp:56] Could not initialize NNPACK! Reason: Unsupported hardware.
[W910 12:11:31.561226398 NNPACK.cpp:56] Could not initialize NNPACK! Reason: Unsupported hardware.
[W910 12:11:32.006451932 NNPACK.cpp:56] Could not initialize NNPACK! Reason: Unsupported hardware.
[W910 12:11:32.007501918 NNPACK.cpp:56] Could not initialize NNPACK! Reason: Unsupported hardware.
[W910 12:11:32.008283607 NNPACK.cpp:56] Could not initialize NNPACK! Reason: Unsupported hardware.
[W910 12:11:32.008837434 NNPACK.cpp:56] Could not initialize NNPACK! Reason: Unsupported hardware.
[W910 12:11:32.009526854 NNPACK.cpp:56] Could not initialize NNPACK! Reason: Unsupported hardware.
[W910 12:11:32.010250189 NNPACK.cpp:56] Could not initialize NNPACK! Reason: Unsupported hardware.
[W910 12:11:32.010838478 NNPACK.cpp:56] Could not initialize NNPACK! Reason: Unsupported hardware.
[W910 12:11:32.011773065 NNPACK.cpp:56] Could not initialize NNPACK! Reason: Unsupported hardware.
[W910 12:11:32.516658363 NNPACK.cpp:56] Could not initialize NNPACK! Reason: Unsupported hardware.
[W910 12:11:32.517890212 NNPACK.cpp:56] Could not initialize NNPACK! Reason: Unsupported hardware.
[W910 12:11:32.518850809 NNPACK.cpp:56] Could not initialize NNPACK! Reason: Unsupported hardware.
[W910 12:11:32.519785547 NNPACK.cpp:56] Could not initialize NNPACK! Reason: Unsupported hardware.
[W910 12:11:32.520849157 NNPACK.cpp:56] Could not initialize NNPACK! Reason: Unsupported hardware.
[W910 12:11:32.521866864 NNPACK.cpp:56] Could not initialize NNPACK! Reason: Unsupported hardware.
[W910 12:11:32.522869575 NNPACK.cpp:56] Could not initialize NNPACK! Reason: Unsupported hardware.
[W910 12:11:32.524208031 NNPACK.cpp:56] Could not initialize NNPACK! Reason: Unsupported hardware.
[W910 12:11:33.968592522 NNPACK.cpp:56] Could not initialize NNPACK! Reason: Unsupported hardware.
[W910 12:11:33.969330877 NNPACK.cpp:56] Could not initialize NNPACK! Reason: Unsupported hardware.
[W910 12:11:33.969820441 NNPACK.cpp:56] Could not initialize NNPACK! Reason: Unsupported hardware.
[W910 12:11:33.970312546 NNPACK.cpp:56] Could not initialize NNPACK! Reason: Unsupported hardware.
[W910 12:11:33.970865496 NNPACK.cpp:56] Could not initialize NNPACK! Reason: Unsupported hardware.
[W910 12:11:33.971419234 NNPACK.cpp:56] Could not initialize NNPACK! Reason: Unsupported hardware.
[W910 12:11:33.971967138 NNPACK.cpp:56] Could not initialize NNPACK! Reason: Unsupported hardware.
[W910 12:11:33.972841356 NNPACK.cpp:56] Could not initialize NNPACK! Reason: Unsupported hardware.
[W910 12:11:33.472518619 NNPACK.cpp:56] Could not initialize NNPACK! Reason: Unsupported hardware.
[W910 12:11:33.473736763 NNPACK.cpp:56] Could not initialize NNPACK! Reason: Unsupported hardware.
[W910 12:11:33.474687711 NNPACK.cpp:56] Could not initialize NNPACK! Reason: Unsupported hardware.
[W910 12:11:33.475608309 NNPACK.cpp:56] Could not initialize NNPACK! Reason: Unsupported hardware.
[W910 12:11:33.476670208 NNPACK.cpp:56] Could not initialize NNPACK! Reason: Unsupported hardware.
[W910 12:11:33.477764154 NNPACK.cpp:56] Could not initialize NNPACK! Reason: Unsupported hardware.
[W910 12:11:33.478792684 NNPACK.cpp:56] Could not initialize NNPACK! Reason: Unsupported hardware.
[W910 12:11:33.480175761 NNPACK.cpp:56] Could not initialize NNPACK! Reason: Unsupported hardware.
[W910 12:11:33.924222917 NNPACK.cpp:56] Could not initialize NNPACK! Reason: Unsupported hardware.
[W910 12:11:33.924967280 NNPACK.cpp:56] Could not initialize NNPACK! Reason: Unsupported hardware.
[W910 12:11:33.925463463 NNPACK.cpp:56] Could not initialize NNPACK! Reason: Unsupported hardware.
[W910 12:11:33.925954987 NNPACK.cpp:56] Could not initialize NNPACK! Reason: Unsupported hardware.
[W910 12:11:33.926542028 NNPACK.cpp:56] Could not initialize NNPACK! Reason: Unsupported hardware.
[W910 12:11:33.927143843 NNPACK.cpp:56] Could not initialize NNPACK! Reason: Unsupported hardware.
[W910 12:11:33.927821940 NNPACK.cpp:56] Could not initialize NNPACK! Reason: Unsupported hardware.
[W910 12:11:33.928703553 NNPACK.cpp:56] Could not initialize NNPACK! Reason: Unsupported hardware.
[W910 12:11:34.424737100 NNPACK.cpp:56] Could not initialize NNPACK! Reason: Unsupported hardware.
[W910 12:11:34.425966177 NNPACK.cpp:56] Could not initialize NNPACK! Reason: Unsupported hardware.
[W910 12:11:34.426915080 NNPACK.cpp:56] Could not initialize NNPACK! Reason: Unsupported hardware.
[W910 12:11:34.427853267 NNPACK.cpp:56] Could not initialize NNPACK! Reason: Unsupported hardware.
[W910 12:11:34.428934419 NNPACK.cpp:56] Could not initialize NNPACK! Reason: Unsupported hardware.
[W910 12:11:34.430032125 NNPACK.cpp:56] Could not initialize NNPACK! Reason: Unsupported hardware.
[W910 12:11:34.431106467 NNPACK.cpp:56] Could not initialize NNPACK! Reason: Unsupported hardware.
[W910 12:11:34.432536548 NNPACK.cpp:56] Could not initialize NNPACK! Reason: Unsupported hardware.
[W910 12:11:34.876440517 NNPACK.cpp:56] Could not initialize NNPACK! Reason: Unsupported hardware.
[W910 12:11:34.877164214 NNPACK.cpp:56] Could not initialize NNPACK! Reason: Unsupported hardware.
[W910 12:11:34.877649587 NNPACK.cpp:56] Could not initialize NNPACK! Reason: Unsupported hardware.
[W910 12:11:34.878137889 NNPACK.cpp:56] Could not initialize NNPACK! Reason: Unsupported hardware.
[W910 12:11:34.878686115 NNPACK.cpp:56] Could not initialize NNPACK! Reason: Unsupported hardware.
[W910 12:11:34.879235459 NNPACK.cpp:56] Could not initialize NNPACK! Reason: Unsupported hardware.
[W910 12:11:34.879781273 NNPACK.cpp:56] Could not initialize NNPACK! Reason: Unsupported hardware.
[W910 12:11:34.880649601 NNPACK.cpp:56] Could not initialize NNPACK! Reason: Unsupported hardware.
[W910 12:11:35.380936535 NNPACK.cpp:56] Could not initialize NNPACK! Reason: Unsupported hardware.
[W910 12:11:35.382184027 NNPACK.cpp:56] Could not initialize NNPACK! Reason: Unsupported hardware.
[W910 12:11:35.383147209 NNPACK.cpp:56] Could not initialize NNPACK! Reason: Unsupported hardware.
[W910 12:11:35.384115892 NNPACK.cpp:56] Could not initialize NNPACK! Reason: Unsupported hardware.
[W910 12:11:35.385190399 NNPACK.cpp:56] Could not initialize NNPACK! Reason: Unsupported hardware.
[W910 12:11:35.386226553 NNPACK.cpp:56] Could not initialize NNPACK! Reason: Unsupported hardware.
[W910 12:11:35.387292925 NNPACK.cpp:56] Could not initialize NNPACK! Reason: Unsupported hardware.
[W910 12:11:35.388625958 NNPACK.cpp:56] Could not initialize NNPACK! Reason: Unsupported hardware.
[W910 12:11:35.832997070 NNPACK.cpp:56] Could not initialize NNPACK! Reason: Unsupported hardware.
[W910 12:11:35.833730134 NNPACK.cpp:56] Could not initialize NNPACK! Reason: Unsupported hardware.
[W910 12:11:35.834231627 NNPACK.cpp:56] Could not initialize NNPACK! Reason: Unsupported hardware.
[W910 12:11:35.834716740 NNPACK.cpp:56] Could not initialize NNPACK! Reason: Unsupported hardware.
[W910 12:11:35.835272831 NNPACK.cpp:56] Could not initialize NNPACK! Reason: Unsupported hardware.
[W910 12:11:35.835819494 NNPACK.cpp:56] Could not initialize NNPACK! Reason: Unsupported hardware.
[W910 12:11:35.836372584 NNPACK.cpp:56] Could not initialize NNPACK! Reason: Unsupported hardware.
[W910 12:11:35.837246432 NNPACK.cpp:56] Could not initialize NNPACK! Reason: Unsupported hardware.
[W910 12:11:36.337181914 NNPACK.cpp:56] Could not initialize NNPACK! Reason: Unsupported hardware.
[W910 12:11:36.338400507 NNPACK.cpp:56] Could not initialize NNPACK! Reason: Unsupported hardware.
[W910 12:11:36.339359278 NNPACK.cpp:56] Could not initialize NNPACK! Reason: Unsupported hardware.
[W910 12:11:36.340256939 NNPACK.cpp:56] Could not initialize NNPACK! Reason: Unsupported hardware.
[W910 12:11:36.341267806 NNPACK.cpp:56] Could not initialize NNPACK! Reason: Unsupported hardware.
[W910 12:11:36.342308775 NNPACK.cpp:56] Could not initialize NNPACK! Reason: Unsupported hardware.
[W910 12:11:36.343319757 NNPACK.cpp:56] Could not initialize NNPACK! Reason: Unsupported hardware.
[W910 12:11:36.344653875 NNPACK.cpp:56] Could not initialize NNPACK! Reason: Unsupported hardware.
[W910 12:11:36.790599168 NNPACK.cpp:56] Could not initialize NNPACK! Reason: Unsupported hardware.
[W910 12:11:36.791334706 NNPACK.cpp:56] Could not initialize NNPACK! Reason: Unsupported hardware.
[W910 12:11:36.791821533 NNPACK.cpp:56] Could not initialize NNPACK! Reason: Unsupported hardware.
[W910 12:11:36.792338357 NNPACK.cpp:56] Could not initialize NNPACK! Reason: Unsupported hardware.
[W910 12:11:36.792910491 NNPACK.cpp:56] Could not initialize NNPACK! Reason: Unsupported hardware.
[W910 12:11:36.793463366 NNPACK.cpp:56] Could not initialize NNPACK! Reason: Unsupported hardware.
[W910 12:11:36.794020007 NNPACK.cpp:56] Could not initialize NNPACK! Reason: Unsupported hardware.
[W910 12:11:36.794888684 NNPACK.cpp:56] Could not initialize NNPACK! Reason: Unsupported hardware.
[W910 12:11:37.289615948 NNPACK.cpp:56] Could not initialize NNPACK! Reason: Unsupported hardware.
[W910 12:11:37.290822767 NNPACK.cpp:56] Could not initialize NNPACK! Reason: Unsupported hardware.
[W910 12:11:37.291770376 NNPACK.cpp:56] Could not initialize NNPACK! Reason: Unsupported hardware.
[W910 12:11:37.292710403 NNPACK.cpp:56] Could not initialize NNPACK! Reason: Unsupported hardware.
[W910 12:11:37.293790782 NNPACK.cpp:56] Could not initialize NNPACK! Reason: Unsupported hardware.
[W910 12:11:37.294864826 NNPACK.cpp:56] Could not initialize NNPACK! Reason: Unsupported hardware.
[W910 12:11:37.295900631 NNPACK.cpp:56] Could not initialize NNPACK! Reason: Unsupported hardware.
[W910 12:11:37.297342056 NNPACK.cpp:56] Could not initialize NNPACK! Reason: Unsupported hardware.
[W910 12:11:37.738450940 NNPACK.cpp:56] Could not initialize NNPACK! Reason: Unsupported hardware.
[W910 12:11:37.739195008 NNPACK.cpp:56] Could not initialize NNPACK! Reason: Unsupported hardware.
[W910 12:11:37.739692539 NNPACK.cpp:56] Could not initialize NNPACK! Reason: Unsupported hardware.
[W910 12:11:37.740193264 NNPACK.cpp:56] Could not initialize NNPACK! Reason: Unsupported hardware.
[W910 12:11:37.740763332 NNPACK.cpp:56] Could not initialize NNPACK! Reason: Unsupported hardware.
[W910 12:11:37.741312322 NNPACK.cpp:56] Could not initialize NNPACK! Reason: Unsupported hardware.
[W910 12:11:37.741863097 NNPACK.cpp:56] Could not initialize NNPACK! Reason: Unsupported hardware.
[W910 12:11:37.742755710 NNPACK.cpp:56] Could not initialize NNPACK! Reason: Unsupported hardware.
[W910 12:11:38.241031379 NNPACK.cpp:56] Could not initialize NNPACK! Reason: Unsupported hardware.
[W910 12:11:38.242252337 NNPACK.cpp:56] Could not initialize NNPACK! Reason: Unsupported hardware.
[W910 12:11:38.243215708 NNPACK.cpp:56] Could not initialize NNPACK! Reason: Unsupported hardware.
[W910 12:11:38.244240093 NNPACK.cpp:56] Could not initialize NNPACK! Reason: Unsupported hardware.
[W910 12:11:38.245288306 NNPACK.cpp:56] Could not initialize NNPACK! Reason: Unsupported hardware.
[W910 12:11:38.246322387 NNPACK.cpp:56] Could not initialize NNPACK! Reason: Unsupported hardware.
[W910 12:11:38.247353731 NNPACK.cpp:56] Could not initialize NNPACK! Reason: Unsupported hardware.
[W910 12:11:38.248709984 NNPACK.cpp:56] Could not initialize NNPACK! Reason: Unsupported hardware.
[W910 12:11:38.691901135 NNPACK.cpp:56] Could not initialize NNPACK! Reason: Unsupported hardware.
[W910 12:11:38.692657971 NNPACK.cpp:56] Could not initialize NNPACK! Reason: Unsupported hardware.
[W910 12:11:38.697567053 NNPACK.cpp:56] Could not initialize NNPACK! Reason: Unsupported hardware.
[W910 12:11:38.698097587 NNPACK.cpp:56] Could not initialize NNPACK! Reason: Unsupported hardware.
[W910 12:11:38.698654581 NNPACK.cpp:56] Could not initialize NNPACK! Reason: Unsupported hardware.
[W910 12:11:38.699208245 NNPACK.cpp:56] Could not initialize NNPACK! Reason: Unsupported hardware.
[W910 12:11:38.699757680 NNPACK.cpp:56] Could not initialize NNPACK! Reason: Unsupported hardware.
[W910 12:11:38.700636890 NNPACK.cpp:56] Could not initialize NNPACK! Reason: Unsupported hardware.
[W910 12:11:39.193078768 NNPACK.cpp:56] Could not initialize NNPACK! Reason: Unsupported hardware.
[W910 12:11:39.194304553 NNPACK.cpp:56] Could not initialize NNPACK! Reason: Unsupported hardware.
[W910 12:11:39.195266045 NNPACK.cpp:56] Could not initialize NNPACK! Reason: Unsupported hardware.
[W910 12:11:39.196231040 NNPACK.cpp:56] Could not initialize NNPACK! Reason: Unsupported hardware.
[W910 12:11:39.197283818 NNPACK.cpp:56] Could not initialize NNPACK! Reason: Unsupported hardware.
[W910 12:11:39.198336659 NNPACK.cpp:56] Could not initialize NNPACK! Reason: Unsupported hardware.
[W910 12:11:39.199371774 NNPACK.cpp:56] Could not initialize NNPACK! Reason: Unsupported hardware.
[W910 12:11:39.200757699 NNPACK.cpp:56] Could not initialize NNPACK! Reason: Unsupported hardware.
[W910 12:11:39.647711818 NNPACK.cpp:56] Could not initialize NNPACK! Reason: Unsupported hardware.
[W910 12:11:39.648445581 NNPACK.cpp:56] Could not initialize NNPACK! Reason: Unsupported hardware.
[W910 12:11:39.648931963 NNPACK.cpp:56] Could not initialize NNPACK! Reason: Unsupported hardware.
[W910 12:11:39.649425157 NNPACK.cpp:56] Could not initialize NNPACK! Reason: Unsupported hardware.
[W910 12:11:39.649976222 NNPACK.cpp:56] Could not initialize NNPACK! Reason: Unsupported hardware.
[W910 12:11:39.650562514 NNPACK.cpp:56] Could not initialize NNPACK! Reason: Unsupported hardware.
[W910 12:11:39.651119897 NNPACK.cpp:56] Could not initialize NNPACK! Reason: Unsupported hardware.
[W910 12:11:39.651989830 NNPACK.cpp:56] Could not initialize NNPACK! Reason: Unsupported hardware.
[W910 12:11:40.156437011 NNPACK.cpp:56] Could not initialize NNPACK! Reason: Unsupported hardware.
[W910 12:11:40.157672027 NNPACK.cpp:56] Could not initialize NNPACK! Reason: Unsupported hardware.
[W910 12:11:40.158624769 NNPACK.cpp:56] Could not initialize NNPACK! Reason: Unsupported hardware.
[W910 12:11:40.159576551 NNPACK.cpp:56] Could not initialize NNPACK! Reason: Unsupported hardware.
[W910 12:11:40.160663943 NNPACK.cpp:56] Could not initialize NNPACK! Reason: Unsupported hardware.
[W910 12:11:40.161723138 NNPACK.cpp:56] Could not initialize NNPACK! Reason: Unsupported hardware.
[W910 12:11:40.162764197 NNPACK.cpp:56] Could not initialize NNPACK! Reason: Unsupported hardware.
[W910 12:11:40.164106819 NNPACK.cpp:56] Could not initialize NNPACK! Reason: Unsupported hardware.
[W910 12:11:40.603242524 NNPACK.cpp:56] Could not initialize NNPACK! Reason: Unsupported hardware.
[W910 12:11:40.604030637 NNPACK.cpp:56] Could not initialize NNPACK! Reason: Unsupported hardware.
[W910 12:11:40.604545681 NNPACK.cpp:56] Could not initialize NNPACK! Reason: Unsupported hardware.
[W910 12:11:40.605080428 NNPACK.cpp:56] Could not initialize NNPACK! Reason: Unsupported hardware.
[W910 12:11:40.605729096 NNPACK.cpp:56] Could not initialize NNPACK! Reason: Unsupported hardware.
[W910 12:11:40.606313717 NNPACK.cpp:56] Could not initialize NNPACK! Reason: Unsupported hardware.
[W910 12:11:40.606890473 NNPACK.cpp:56] Could not initialize NNPACK! Reason: Unsupported hardware.
[W910 12:11:40.607803805 NNPACK.cpp:56] Could not initialize NNPACK! Reason: Unsupported hardware.
[W910 12:11:41.109895932 NNPACK.cpp:56] Could not initialize NNPACK! Reason: Unsupported hardware.
[W910 12:11:41.111122986 NNPACK.cpp:56] Could not initialize NNPACK! Reason: Unsupported hardware.
[W910 12:11:41.112108058 NNPACK.cpp:56] Could not initialize NNPACK! Reason: Unsupported hardware.
[W910 12:11:41.113101518 NNPACK.cpp:56] Could not initialize NNPACK! Reason: Unsupported hardware.
[W910 12:11:41.114147457 NNPACK.cpp:56] Could not initialize NNPACK! Reason: Unsupported hardware.
[W910 12:11:41.115171333 NNPACK.cpp:56] Could not initialize NNPACK! Reason: Unsupported hardware.
[W910 12:11:41.116181532 NNPACK.cpp:56] Could not initialize NNPACK! Reason: Unsupported hardware.
[W910 12:11:41.117516928 NNPACK.cpp:56] Could not initialize NNPACK! Reason: Unsupported hardware.
[W910 12:11:41.559975083 NNPACK.cpp:56] Could not initialize NNPACK! Reason: Unsupported hardware.
[W910 12:11:41.560739464 NNPACK.cpp:56] Could not initialize NNPACK! Reason: Unsupported hardware.
[W910 12:11:41.561244251 NNPACK.cpp:56] Could not initialize NNPACK! Reason: Unsupported hardware.
[W910 12:11:41.561731544 NNPACK.cpp:56] Could not initialize NNPACK! Reason: Unsupported hardware.
[W910 12:11:41.562293420 NNPACK.cpp:56] Could not initialize NNPACK! Reason: Unsupported hardware.
[W910 12:11:41.562841373 NNPACK.cpp:56] Could not initialize NNPACK! Reason: Unsupported hardware.
[W910 12:11:41.563430849 NNPACK.cpp:56] Could not initialize NNPACK! Reason: Unsupported hardware.
[W910 12:11:41.564313763 NNPACK.cpp:56] Could not initialize NNPACK! Reason: Unsupported hardware.
[W910 12:11:42.065162874 NNPACK.cpp:56] Could not initialize NNPACK! Reason: Unsupported hardware.
[W910 12:11:42.066389672 NNPACK.cpp:56] Could not initialize NNPACK! Reason: Unsupported hardware.
[W910 12:11:42.067345575 NNPACK.cpp:56] Could not initialize NNPACK! Reason: Unsupported hardware.
[W910 12:11:42.068291800 NNPACK.cpp:56] Could not initialize NNPACK! Reason: Unsupported hardware.
[W910 12:11:42.069327150 NNPACK.cpp:56] Could not initialize NNPACK! Reason: Unsupported hardware.
[W910 12:11:42.070346379 NNPACK.cpp:56] Could not initialize NNPACK! Reason: Unsupported hardware.
[W910 12:11:42.071344025 NNPACK.cpp:56] Could not initialize NNPACK! Reason: Unsupported hardware.
[W910 12:11:42.072849942 NNPACK.cpp:56] Could not initialize NNPACK! Reason: Unsupported hardware.
[W910 12:11:42.514008144 NNPACK.cpp:56] Could not initialize NNPACK! Reason: Unsupported hardware.
[W910 12:11:42.514731242 NNPACK.cpp:56] Could not initialize NNPACK! Reason: Unsupported hardware.
[W910 12:11:42.515223978 NNPACK.cpp:56] Could not initialize NNPACK! Reason: Unsupported hardware.
[W910 12:11:42.515703286 NNPACK.cpp:56] Could not initialize NNPACK! Reason: Unsupported hardware.
[W910 12:11:42.516403621 NNPACK.cpp:56] Could not initialize NNPACK! Reason: Unsupported hardware.
[W910 12:11:42.517096496 NNPACK.cpp:56] Could not initialize NNPACK! Reason: Unsupported hardware.
[W910 12:11:42.517703247 NNPACK.cpp:56] Could not initialize NNPACK! Reason: Unsupported hardware.
[W910 12:11:42.518695671 NNPACK.cpp:56] Could not initialize NNPACK! Reason: Unsupported hardware.
