=== 02 extract (medium, perch) === 2026-09-08T21:21:35-04:00
0.0s - [medium/perch] existing config: overlap_event_prop=0.2, framehop_prop=1
0.0s -   loaded from /home/luke/projects/buzzdetect-training/.local/worktrees/perch-probe/02_set/sets/medium/config_extract.json
0.3s - extract_snips: [1/83] JamesU - MustardBumbler/1_29/240903_1319 — unchanged (0 written, 0 deleted)
0.3s - extract_snips: [2/83] Lily - Fit+Fast/2023_R3_Marysville/53/230808_1208 — unchanged (0 written, 0 deleted)
0.3s - extract_snips: [3/83] Lily Adam - One Hive/recorders/willard/2024-08-07/1_11/240807_1016 — unchanged (0 written, 0 deleted)
0.3s - extract_snips: [4/83] Lily Adam - One Hive/recorders/wooster/2024-07-26/1_143/240726_1446 — unchanged (0 written, 0 deleted)
0.3s - extract_snips: [5/83] Luke - Diel Drivers/2026-04-08/1_150/260408_1942 — unchanged (0 written, 0 deleted)
0.3s - extract_snips: [6/83] Luke - Diel Drivers/2026-05-06/1_95/260506_1924 — unchanged (0 written, 0 deleted)
0.3s - extract_snips: [7/83] Luke - Various Opportunistic Recordings/2025-06-23/1_23/250623_0857 — unchanged (0 written, 0 deleted)
0.3s - extract_snips: [8/83] Luke - Various Opportunistic Recordings/2025-07-03/1_37/250703_1635 — unchanged (0 written, 0 deleted)
0.3s - extract_snips: [9/83] Luke - Various Opportunistic Recordings/2025-08-05/31/250805_1247 — unchanged (0 written, 0 deleted)
0.3s - extract_snips: [10/83] Luke - Various Opportunistic Recordings/2025-08-12/1_114/250812_1225 — unchanged (0 written, 0 deleted)
0.3s - extract_snips: [11/83] Luke - Various Opportunistic Recordings/2025-08-27/48/250827_1828 — unchanged (0 written, 0 deleted)
0.3s - extract_snips: [12/83] Luke - Various Opportunistic Recordings/2026-07-27/1_25/260727_1632 — unchanged (0 written, 0 deleted)
0.3s - extract_snips: [13/83] Luke - Various Opportunistic Recordings/2026-07-27/1_99/260727_1633 — unchanged (0 written, 0 deleted)
0.3s - extract_snips: [14/83] Chia - Bee Audio 2022 Original/7-13-22_SouthCharleston/1/220713_0941_01 — unchanged (0 written, 0 deleted)
0.3s - extract_snips: [15/83] Chia - Bee Audio 2022 Original/7-13-22_SouthCharleston/1/220715_1123 — unchanged (0 written, 0 deleted)
0.3s - extract_snips: [16/83] Chia - Bee Audio 2022 Original/7-13-22_SouthCharleston/2/220713_0943 — unchanged (0 written, 0 deleted)
0.3s - extract_snips: [17/83] Chia - Bee Audio 2022 Original/7-13-22_SouthCharleston/2/220715_1125 — unchanged (0 written, 0 deleted)
0.3s - extract_snips: [18/83] Chia - Bee Audio 2022 Original/7-13-22_SouthCharleston/3/220713_0944 — unchanged (0 written, 0 deleted)
0.3s - extract_snips: [19/83] Chia - Bee Audio 2022 Original/7-13-22_SouthCharleston/3/220715_1127 — unchanged (0 written, 0 deleted)
0.3s - extract_snips: [20/83] Chia - Bee Audio 2022 Original/7-13-22_SouthCharleston/4/220713_0946 — unchanged (0 written, 0 deleted)
0.3s - extract_snips: [21/83] Chia - Bee Audio 2022 Original/7-13-22_SouthCharleston/4/220715_1128 — unchanged (0 written, 0 deleted)
0.3s - extract_snips: [22/83] Chia - Bee Audio 2022 Original/7-13-22_SouthCharleston/5/220713_0947 — unchanged (0 written, 0 deleted)
0.3s - extract_snips: [23/83] Chia - Bee Audio 2022 Original/7-13-22_SouthCharleston/5/220715_1130 — unchanged (0 written, 0 deleted)
0.3s - extract_snips: [24/83] Chia - Bee Audio 2022 Original/7-13-22_SouthCharleston/6/220713_0948 — unchanged (0 written, 0 deleted)
0.3s - extract_snips: [25/83] Chia - Bee Audio 2022 Original/7-13-22_SouthCharleston/6/220715_1131 — unchanged (0 written, 0 deleted)
0.3s - extract_snips: [26/83] Chia - Bee Audio 2022 Original/7-13-22_SouthCharleston/7/220713_0951 — unchanged (0 written, 0 deleted)
0.3s - extract_snips: [27/83] Chia - Bee Audio 2022 Original/7-13-22_SouthCharleston/7/220715_1134 — unchanged (0 written, 0 deleted)
0.3s - extract_snips: [28/83] Chia - Bee Audio 2022 Original/7-13-22_SouthCharleston/8/220713_0953 — unchanged (0 written, 0 deleted)
0.3s - extract_snips: [29/83] Chia - Bee Audio 2022 Original/7-13-22_SouthCharleston/8/220715_1135 — unchanged (0 written, 0 deleted)
0.3s - extract_snips: [30/83] Chia - OSPT/2022/2022-07-26/10/220726_1209 — unchanged (0 written, 0 deleted)
0.3s - extract_snips: [31/83] Chia - OSPT/2022/2022-07-26/14/220726_1202 — unchanged (0 written, 0 deleted)
0.3s - extract_snips: [32/83] Chia - OSPT/2022/2022-07-26/15/220728_1403 — unchanged (0 written, 0 deleted)
0.3s - extract_snips: [33/83] Chia - OSPT/2022/2022-07-26/17/220725_1311 — unchanged (0 written, 0 deleted)
0.3s - extract_snips: [34/83] Chia - OSPT/2022/2022-07-26/18/220725_1319 — unchanged (0 written, 0 deleted)
0.3s - extract_snips: [35/83] Chia - OSPT/2022/2022-07-26/18/220727_1501 — unchanged (0 written, 0 deleted)
0.3s - extract_snips: [36/83] Chia - OSPT/2022/2022-07-26/23/220727_1453 — unchanged (0 written, 0 deleted)
0.3s - extract_snips: [37/83] Chia - OSPT/2022/2022-07-26/25/220725_1324 — unchanged (0 written, 0 deleted)
0.3s - extract_snips: [38/83] Chia - OSPT/2022/2022-07-26/25/220727_1507 — unchanged (0 written, 0 deleted)
0.3s - extract_snips: [39/83] Chia - OSPT/2022/2022-07-26/29/220725_1321 — unchanged (0 written, 0 deleted)
0.3s - extract_snips: [40/83] Chia - OSPT/2022/2022-08-02/11/220802_1058 — unchanged (0 written, 0 deleted)
0.3s - extract_snips: [41/83] Chia - OSPT/2022/2022-08-02/13/220802_1108 — unchanged (0 written, 0 deleted)
0.3s - extract_snips: [42/83] Chia - OSPT/2022/2022-08-02/13/220806_1432 — unchanged (0 written, 0 deleted)
0.3s - extract_snips: [43/83] Chia - OSPT/2022/2022-08-02/20/220802_1056 — unchanged (0 written, 0 deleted)
0.3s - extract_snips: [44/83] Chia - OSPT/2022/2022-08-02/22/220804_1241 — unchanged (0 written, 0 deleted)
0.3s - extract_snips: [45/83] Chia - OSPT/2022/2022-08-02/23/220802_1047 — unchanged (0 written, 0 deleted)
0.3s - extract_snips: [46/83] Chia - OSPT/2022/2022-08-02/29/220802_1102 — unchanged (0 written, 0 deleted)
0.3s - extract_snips: [47/83] Chia - OSPT/2022/2022-08-02/29/220804_1244 — unchanged (0 written, 0 deleted)
0.3s - extract_snips: [48/83] Chia - OSPT/2022/2022-08-02/32/220804_1227 — unchanged (0 written, 0 deleted)
0.3s - extract_snips: [49/83] Chia_Lin - Soybean on-farm spray audios/2023-07-25 Combs Sabine-Bigelow/14/230725_1202 — unchanged (0 written, 0 deleted)
0.3s - extract_snips: [50/83] Chia_Lin - Soybean on-farm spray audios/2023-07-25 Combs Sabine-Bigelow/14/230727_1344 — unchanged (0 written, 0 deleted)
0.3s - extract_snips: [51/83] Chia_Lin - Soybean on-farm spray audios/2023-07-25 Combs Sabine-Bigelow/14/230730_1621 — unchanged (0 written, 0 deleted)
0.3s - extract_snips: [52/83] Chia_Lin - Soybean on-farm spray audios/2023-07-25 Combs Sabine-Bigelow/14/230801_1803 — unchanged (0 written, 0 deleted)
0.3s - extract_snips: [53/83] Chia_Lin - Soybean on-farm spray audios/2023-07-25 Combs Sabine-Bigelow/23/230725_1159 — unchanged (0 written, 0 deleted)
0.3s - extract_snips: [54/83] Chia_Lin - Soybean on-farm spray audios/2023-07-25 Combs Sabine-Bigelow/23/230727_1341 — unchanged (0 written, 0 deleted)
0.3s - extract_snips: [55/83] Chia_Lin - Soybean on-farm spray audios/2023-07-25 Combs Sabine-Bigelow/23/230730_1624 — unchanged (0 written, 0 deleted)
0.3s - extract_snips: [56/83] Chia_Lin - Soybean on-farm spray audios/2023-07-25 Combs Sabine-Bigelow/23/230801_1806 — unchanged (0 written, 0 deleted)
0.3s - extract_snips: [57/83] Chia_Lin - Soybean on-farm spray audios/2023-07-30 FSR/29/230730_1704 — unchanged (0 written, 0 deleted)
0.3s - extract_snips: [58/83] Chia_Lin - Soybean on-farm spray audios/2023-07-30 FSR/29/230801_1846 — unchanged (0 written, 0 deleted)
0.3s - extract_snips: [59/83] Chia_Lin - Soybean on-farm spray audios/2023-07-30 FSR/3/230730_1704 — unchanged (0 written, 0 deleted)
0.3s - extract_snips: [60/83] Chia_Lin - Soybean on-farm spray audios/2023-07-30 FSR/3/230801_1847 — unchanged (0 written, 0 deleted)
0.3s - extract_snips: [61/83] Karlan Forrester - Soybean Attractiveness/A11/4/210721_0949 — unchanged (0 written, 0 deleted)
0.3s - extract_snips: [62/83] Karlan Forrester - Soybean Attractiveness/A11/4/210723_1131 — unchanged (0 written, 0 deleted)
0.3s - extract_snips: [63/83] Karlan Forrester - Soybean Attractiveness/A11/4/210726_1007 — unchanged (0 written, 0 deleted)
0.3s - extract_snips: [64/83] Karlan Forrester - Soybean Attractiveness/A11/4/210728_1150 — unchanged (0 written, 0 deleted)
0.3s - extract_snips: [65/83] Karlan Forrester - Soybean Attractiveness/A11/4/210805_0819 — unchanged (0 written, 0 deleted)
0.3s - extract_snips: [66/83] Karlan Forrester - Soybean Attractiveness/A11/4/210807_1001 — unchanged (0 written, 0 deleted)
0.3s - extract_snips: [67/83] Karlan Forrester - Soybean Attractiveness/C9-16/4/210721_0910 — unchanged (0 written, 0 deleted)
0.3s - extract_snips: [68/83] Karlan Forrester - Soybean Attractiveness/C9-16/4/210723_1052 — unchanged (0 written, 0 deleted)
0.3s - extract_snips: [69/83] Karlan Forrester - Soybean Attractiveness/C9-16/4/210726_0933 — unchanged (0 written, 0 deleted)
0.3s - extract_snips: [70/83] Karlan Forrester - Soybean Attractiveness/C9-16/4/210728_1115 — unchanged (0 written, 0 deleted)
0.3s - extract_snips: [71/83] Karlan Forrester - Soybean Attractiveness/C9-16/4/210805_0743 — unchanged (0 written, 0 deleted)
0.3s - extract_snips: [72/83] Karlan Forrester - Soybean Attractiveness/C9-16/4/210807_0925 — unchanged (0 written, 0 deleted)
0.3s - extract_snips: [73/83] Karlan Forrester - Soybean Attractiveness/EBN/4/210721_0930 — unchanged (0 written, 0 deleted)
0.3s - extract_snips: [74/83] Karlan Forrester - Soybean Attractiveness/EBN/4/210723_1112 — unchanged (0 written, 0 deleted)
0.3s - extract_snips: [75/83] Karlan Forrester - Soybean Attractiveness/EBN/4/210726_0950 — unchanged (0 written, 0 deleted)
0.3s - extract_snips: [76/83] Karlan Forrester - Soybean Attractiveness/EBN/4/210728_1132 — unchanged (0 written, 0 deleted)
0.3s - extract_snips: [77/83] Karlan Forrester - Soybean Attractiveness/EBN/4/210805_0800 — unchanged (0 written, 0 deleted)
0.3s - extract_snips: [78/83] Karlan Forrester - Soybean Attractiveness/L6-8/4/210721_0855 — unchanged (0 written, 0 deleted)
0.3s - extract_snips: [79/83] Karlan Forrester - Soybean Attractiveness/L6-8/4/210723_1038 — unchanged (0 written, 0 deleted)
0.3s - extract_snips: [80/83] Karlan Forrester - Soybean Attractiveness/L6-8/4/210726_0918 — unchanged (0 written, 0 deleted)
0.3s - extract_snips: [81/83] Karlan Forrester - Soybean Attractiveness/L6-8/4/210728_1100 — unchanged (0 written, 0 deleted)
0.3s - extract_snips: [82/83] Karlan Forrester - Soybean Attractiveness/L6-8/4/210805_0726 — unchanged (0 written, 0 deleted)
0.3s - extract_snips: [83/83] Karlan Forrester - Soybean Attractiveness/L6-8/4/210807_0908 — unchanged (0 written, 0 deleted)
0.3s - extract_snips: 83 ident(s): 0 updated (0 snip(s) written, 0 superseded), 83 unchanged
0.6s - [medium/perch] 83 ident(s): 83 to extract (83 new, 0 superseded by new annotations), 0 already current
0.6s -   2 worker(s); folds: 44
WARNING: All log messages before absl::InitializeLog() is called are written to STDERR
E0000 00:00:1788916900.224315 1985843 cuda_platform.cc:52] failed call to cuInit: INTERNAL: CUDA error: Failed call to cuInit: CUDA_ERROR_NO_DEVICE: no CUDA-capable device is detected
I0000 00:00:1788916900.224393 1985843 cuda_diagnostics.cc:160] env: CUDA_VISIBLE_DEVICES=""
I0000 00:00:1788916900.224427 1985843 cuda_diagnostics.cc:163] CUDA_VISIBLE_DEVICES is set to an empty string - this hides all GPUs from CUDA
I0000 00:00:1788916900.224447 1985843 cuda_diagnostics.cc:171] verbose logging is disabled. Rerun with verbose logging (usually --v=1 or --vmodule=cuda_diagnostics=1) to get more diagnostic output from this module
I0000 00:00:1788916900.224451 1985843 cuda_diagnostics.cc:176] retrieving CUDA diagnostic information for host: beelab-files
I0000 00:00:1788916900.224456 1985843 cuda_diagnostics.cc:183] hostname: beelab-files
I0000 00:00:1788916900.224572 1985843 cuda_diagnostics.cc:190] libcuda reported version is: 580.173.2
I0000 00:00:1788916900.224620 1985843 cuda_diagnostics.cc:194] kernel reported version is: 580.173.2
I0000 00:00:1788916900.224626 1985843 cuda_diagnostics.cc:284] kernel version seems to match DSO: 580.173.2
WARNING: All log messages before absl::InitializeLog() is called are written to STDERR
E0000 00:00:1788916900.226976 1985853 cuda_platform.cc:52] failed call to cuInit: INTERNAL: CUDA error: Failed call to cuInit: CUDA_ERROR_NO_DEVICE: no CUDA-capable device is detected
I0000 00:00:1788916900.227061 1985853 cuda_diagnostics.cc:160] env: CUDA_VISIBLE_DEVICES=""
I0000 00:00:1788916900.227094 1985853 cuda_diagnostics.cc:163] CUDA_VISIBLE_DEVICES is set to an empty string - this hides all GPUs from CUDA
I0000 00:00:1788916900.227115 1985853 cuda_diagnostics.cc:171] verbose logging is disabled. Rerun with verbose logging (usually --v=1 or --vmodule=cuda_diagnostics=1) to get more diagnostic output from this module
I0000 00:00:1788916900.227120 1985853 cuda_diagnostics.cc:176] retrieving CUDA diagnostic information for host: beelab-files
I0000 00:00:1788916900.227125 1985853 cuda_diagnostics.cc:183] hostname: beelab-files
I0000 00:00:1788916900.227261 1985853 cuda_diagnostics.cc:190] libcuda reported version is: 580.173.2
I0000 00:00:1788916900.227325 1985853 cuda_diagnostics.cc:194] kernel reported version is: 580.173.2
I0000 00:00:1788916900.227331 1985853 cuda_diagnostics.cc:284] kernel version seems to match DSO: 580.173.2
I0000 00:00:1788916902.956831 1985872 service.cc:153] XLA service 0x5b62a9db30e0 initialized for platform Host (this does not guarantee that XLA will be used). Devices:
I0000 00:00:1788916902.956881 1985872 service.cc:161]   StreamExecutor [0]: Host, Default Version (Driver: 0.0.0; Runtime: 0.0.0; Toolkit: 0.0.0; DNN: 0.0.0)
I0000 00:00:1788916902.969754 1985880 service.cc:153] XLA service 0x7931040b59e0 initialized for platform Host (this does not guarantee that XLA will be used). Devices:
I0000 00:00:1788916902.969794 1985880 service.cc:161]   StreamExecutor [0]: Host, Default Version (Driver: 0.0.0; Runtime: 0.0.0; Toolkit: 0.0.0; DNN: 0.0.0)
I0000 00:00:1788916903.336156 1985872 dump_mlir_util.cc:269] disabling MLIR crash reproducer, set env var `MLIR_CRASH_REPRODUCER_DIRECTORY` to enable.
I0000 00:00:1788916903.351009 1985880 dump_mlir_util.cc:269] disabling MLIR crash reproducer, set env var `MLIR_CRASH_REPRODUCER_DIRECTORY` to enable.
I0000 00:00:1788916905.910855 1985872 device_compiler.h:208] Compiled cluster using XLA!  This line is logged at most once for the lifetime of the process.
I0000 00:00:1788916906.190031 1985880 device_compiler.h:208] Compiled cluster using XLA!  This line is logged at most once for the lifetime of the process.
7.1s - extractor 0: [1] JamesU - MustardBumbler/1_29/240903_1319 — starting (both)
7.1s - extractor 0: JamesU - MustardBumbler/1_29/240903_1319 snip [1/24] snip_103230.000_103590.004.flac
7.3s - extractor 1: [1] Lily - Fit+Fast/2023_R3_Marysville/53/230808_1208 — starting (both)
7.3s - extractor 1: Lily - Fit+Fast/2023_R3_Marysville/53/230808_1208 snip [1/24] snip_100290.000_100650.000.flac
9.2s - extractor 0: rescued 'ins_buzz_high' at 103485.433s (1.367s) as ins_buzz_high+ins_trill
9.2s - extractor 0: rescued 'ins_buzz_medium' at 103535.380s (1.236s) as ins_buzz_medium+ins_trill
9.2s - extractor 0: JamesU - MustardBumbler/1_29/240903_1319 snip [2/24] snip_106830.000_107190.030.flac
9.2s - extractor 1: rescued 'ins_buzz_medium' at 100460.999s (0.569s) as ins_buzz_medium+ins_trill+mech_auto_truck
9.2s - extractor 1: Lily - Fit+Fast/2023_R3_Marysville/53/230808_1208 snip [2/24] snip_103890.000_104250.000.flac
9.8s - extractor 1: Lily - Fit+Fast/2023_R3_Marysville/53/230808_1208 snip [3/24] snip_107490.000_107850.000.flac
9.8s - extractor 0: rescued 'ins_buzz_medium' at 107135.197s (1.189s) as ins_buzz_medium+ins_trill
9.8s - extractor 0: JamesU - MustardBumbler/1_29/240903_1319 snip [3/24] snip_110430.000_110790.004.flac
10.3s - extractor 1: Lily - Fit+Fast/2023_R3_Marysville/53/230808_1208 snip [4/24] snip_111090.000_111450.000.flac
10.4s - extractor 0: JamesU - MustardBumbler/1_29/240903_1319 snip [4/24] snip_114030.000_114390.000.flac
10.8s - extractor 1: Lily - Fit+Fast/2023_R3_Marysville/53/230808_1208 snip [5/24] snip_114690.000_115050.000.flac
11.0s - extractor 0: JamesU - MustardBumbler/1_29/240903_1319 snip [5/24] snip_117630.000_117990.000.flac
11.3s - extractor 1: rescued 'mech_auto_car' at 114750.514s (1.334s) as ambient_background+mech_auto_car
11.4s - extractor 1: rescued 'ambient_thunder' at 115010.098s (1.401s) as ambient_background+ambient_thunder
11.4s - extractor 1: Lily - Fit+Fast/2023_R3_Marysville/53/230808_1208 snip [6/24] snip_118290.000_118650.000.flac
11.5s - extractor 0: rescued 'animal_dog' at 117680.962s (0.430s) as animal_dog+ins_trill
11.6s - extractor 0: rescued 'animal_dog' at 117685.495s (0.978s) as animal_dog+ins_trill
11.6s - extractor 0: rescued 'animal_dog' at 117700.058s (1.350s) as animal_dog+ins_trill
11.6s - extractor 0: rescued 'animal_dog' at 117770.523s (0.798s) as animal_dog+ins_trill
11.6s - extractor 0: rescued 'mech_hum_traffic' at 117935.885s (1.039s) as ins_trill+mech_hum_traffic
11.6s - extractor 0: JamesU - MustardBumbler/1_29/240903_1319 snip [6/24] snip_121230.000_121590.000.flac
11.9s - extractor 1: Lily - Fit+Fast/2023_R3_Marysville/53/230808_1208 snip [7/24] snip_121890.000_122250.000.flac
12.2s - extractor 0: JamesU - MustardBumbler/1_29/240903_1319 snip [7/24] snip_38430.000_38790.000.flac
12.4s - extractor 1: Lily - Fit+Fast/2023_R3_Marysville/53/230808_1208 snip [8/24] snip_125490.000_125850.000.flac
12.8s - extractor 0: rescued 'ambient_wind' at 38515.182s (1.655s) as ambient_wind+ins_trill
12.8s - extractor 0: JamesU - MustardBumbler/1_29/240903_1319 snip [8/24] snip_42030.000_42390.000.flac
12.9s - extractor 1: Lily - Fit+Fast/2023_R3_Marysville/53/230808_1208 snip [9/24] snip_42690.000_43050.000.flac
13.4s - extractor 0: JamesU - MustardBumbler/1_29/240903_1319 snip [9/24] snip_45630.000_45990.000.flac
13.5s - extractor 1: rescued 'ambient_wind' at 42920.645s (0.409s) as ambient_wind+ins_trill
13.5s - extractor 1: Lily - Fit+Fast/2023_R3_Marysville/53/230808_1208 snip [10/24] snip_46290.000_46650.000.flac
14.0s - extractor 0: rescued 'ins_trill' at 45665.989s (0.194s) as ins_trill+mech_plane_jet
14.0s - extractor 0: rescued 'ins_trill' at 45686.028s (0.140s) as ins_trill+mech_plane_jet
14.0s - extractor 0: rescued 'ins_trill' at 45716.005s (0.138s) as ins_trill+mech_plane_jet
14.0s - extractor 0: rescued 'ambient_background' at 45725.809s (0.868s) as ambient_background+ins_trill
14.0s - extractor 0: rescued 'ambient_background' at 45730.516s (0.839s) as ambient_background+ins_trill
14.0s - extractor 0: rescued 'ins_trill' at 45735.940s (0.147s) as ambient_background+ins_trill
14.0s - extractor 1: Lily - Fit+Fast/2023_R3_Marysville/53/230808_1208 snip [11/24] snip_49890.000_50250.000.flac
14.0s - extractor 0: rescued 'ambient_background' at 45740.478s (0.722s) as ambient_background+ins_trill
14.0s - extractor 0: JamesU - MustardBumbler/1_29/240903_1319 snip [10/24] snip_49230.000_49590.000.flac
14.5s - extractor 1: Lily - Fit+Fast/2023_R3_Marysville/53/230808_1208 snip [12/24] snip_53490.000_53850.000.flac
14.6s - extractor 0: rescued 'ambient_background' at 49260.546s (1.017s) as ambient_background+ins_trill
14.6s - extractor 0: rescued 'ambient_background' at 49265.243s (0.803s) as ambient_background+ins_trill
14.6s - extractor 0: rescued 'ins_trill' at 49306.038s (0.143s) as ins_trill+mech_auto_truck+mech_hum_traffic
14.7s - extractor 0: rescued 'ambient_background' at 49320.828s (1.123s) as ambient_background+ins_trill
14.7s - extractor 0: rescued 'ambient_background' at 49325.540s (0.900s) as ambient_background+ins_trill
14.7s - extractor 0: rescued 'ins_trill' at 49330.991s (0.128s) as ambient_background+ins_trill
14.7s - extractor 0: rescued 'ambient_background' at 49335.624s (0.891s) as ambient_background+ins_trill
14.7s - extractor 0: rescued 'ambient_background' at 49340.912s (0.714s) as ambient_background+ins_trill
14.7s - extractor 0: rescued 'ambient_background' at 49345.878s (0.742s) as ambient_background+ins_trill
14.7s - extractor 0: rescued 'ambient_background' at 49350.983s (0.821s) as ambient_background+ins_trill
14.7s - extractor 0: rescued 'ambient_background' at 49355.907s (0.817s) as ambient_background+ins_trill
14.7s - extractor 0: rescued 'ins_trill' at 49360.916s (0.142s) as ambient_background+ins_trill
14.8s - extractor 0: rescued 'ambient_background' at 49370.734s (0.836s) as ambient_background+ins_trill
14.8s - extractor 0: rescued 'ambient_background' at 49375.932s (0.982s) as ambient_background+ins_trill
14.8s - extractor 0: rescued 'ambient_background' at 49380.560s (0.910s) as ambient_background+ins_trill
14.8s - extractor 0: rescued 'ambient_background' at 49385.291s (1.024s) as ambient_background+ins_trill
14.8s - extractor 0: rescued 'ambient_background' at 49390.809s (1.131s) as ambient_background+ins_trill
14.8s - extractor 0: rescued 'ambient_background' at 49400.662s (0.915s) as ambient_background+ins_trill
14.8s - extractor 0: rescued 'ambient_background' at 49405.773s (0.779s) as ambient_background+ins_trill
14.8s - extractor 0: rescued 'ambient_background' at 49410.946s (0.800s) as ambient_background+ins_trill
14.8s - extractor 0: rescued 'ins_trill' at 49415.893s (0.148s) as ambient_background+ins_trill
14.9s - extractor 0: rescued 'ambient_background' at 49420.187s (0.942s) as ambient_background+ins_trill
14.9s - extractor 0: rescued 'ins_trill' at 49425.938s (0.173s) as ambient_background+ins_trill
14.9s - extractor 0: rescued 'ambient_background' at 49430.397s (0.892s) as ambient_background+ins_trill
14.9s - extractor 0: rescued 'ambient_background' at 49435.508s (1.036s) as ambient_background+ins_trill
14.9s - extractor 0: rescued 'ambient_background' at 49445.350s (0.908s) as ambient_background+ins_trill
14.9s - extractor 0: rescued 'ambient_background' at 49451.010s (0.931s) as ambient_background+ins_trill
14.9s - extractor 0: rescued 'ins_trill' at 49461.028s (0.144s) as ambient_background+ins_trill
14.9s - extractor 0: rescued 'ambient_background' at 49465.925s (0.911s) as ambient_background+ins_trill
14.9s - extractor 0: rescued 'ambient_background' at 49470.100s (1.091s) as ambient_background+ins_trill
15.0s - extractor 0: rescued 'ins_trill' at 49475.934s (0.131s) as ambient_background+ins_trill
15.0s - extractor 0: rescued 'ambient_background' at 49480.356s (1.359s) as ambient_background+ins_trill
15.0s - extractor 0: rescued 'ambient_background' at 49485.306s (0.821s) as ambient_background+ins_trill
15.0s - extractor 0: rescued 'ambient_background' at 49500.740s (0.938s) as ambient_background+ins_trill
15.0s - extractor 0: rescued 'ambient_background' at 49505.932s (0.455s) as ambient_background+ins_trill
15.0s - extractor 0: rescued 'ambient_background' at 49510.832s (1.028s) as ambient_background+ins_trill
15.0s - extractor 0: rescued 'ambient_background' at 49535.078s (1.113s) as ambient_background+ins_trill
15.0s - extractor 0: rescued 'ins_trill' at 49540.978s (0.142s) as ambient_background+ins_trill
15.0s - extractor 0: rescued 'ambient_background' at 49545.688s (0.814s) as ambient_background+ins_trill
15.1s - extractor 0: rescued 'ambient_background' at 49550.809s (0.858s) as ambient_background+ins_trill
15.1s - extractor 0: rescued 'ambient_background' at 49555.308s (1.192s) as ambient_background+ins_trill
15.1s - extractor 0: JamesU - MustardBumbler/1_29/240903_1319 snip [11/24] snip_52830.000_53190.000.flac
15.1s - extractor 1: rescued 'human' at 53780.146s (0.931s) as human+ins_trill
15.1s - extractor 1: Lily - Fit+Fast/2023_R3_Marysville/53/230808_1208 snip [13/24] snip_57090.000_57450.000.flac
15.6s - extractor 1: Lily - Fit+Fast/2023_R3_Marysville/53/230808_1208 snip [14/24] snip_60690.000_61050.000.flac
15.7s - extractor 0: JamesU - MustardBumbler/1_29/240903_1319 snip [12/24] snip_56430.000_56790.000.flac
16.1s - extractor 1: Lily - Fit+Fast/2023_R3_Marysville/53/230808_1208 snip [15/24] snip_64290.000_64650.000.flac
16.3s - extractor 0: rescued 'animal_dog' at 56460.801s (0.278s) as animal_dog+ins_trill+mech_hum_traffic
16.3s - extractor 0: JamesU - MustardBumbler/1_29/240903_1319 snip [13/24] snip_60030.000_60389.960.flac
16.7s - extractor 1: Lily - Fit+Fast/2023_R3_Marysville/53/230808_1208 snip [16/24] snip_67890.000_68250.000.flac
16.9s - extractor 0: JamesU - MustardBumbler/1_29/240903_1319 snip [14/24] snip_63630.000_63990.000.flac
17.2s - extractor 1: Lily - Fit+Fast/2023_R3_Marysville/53/230808_1208 snip [17/24] snip_71490.000_71850.000.flac
17.5s - extractor 0: rescued 'ins_trill' at 63855.918s (0.217s) as ins_trill+mech_auto_background
17.5s - extractor 0: rescued 'ins_trill' at 63955.572s (1.084s) as ins_trill+mech_auto_background
17.5s - extractor 0: JamesU - MustardBumbler/1_29/240903_1319 snip [15/24] snip_67230.000_67590.000.flac
17.7s - extractor 1: Lily - Fit+Fast/2023_R3_Marysville/53/230808_1208 snip [18/24] snip_75090.000_75450.000.flac
18.1s - extractor 0: rescued 'ins_buzz_medium' at 67445.685s (0.644s) as ins_buzz_medium+ins_trill+mech_auto_background
18.1s - extractor 0: rescued 'animal_bird_goose' at 67465.910s (0.184s) as animal_bird_goose+ins_trill+mech_auto_background
18.1s - extractor 0: rescued 'animal_bird_goose' at 67541.002s (0.251s) as animal_bird_goose+ins_trill+mech_auto_background
18.1s - extractor 0: JamesU - MustardBumbler/1_29/240903_1319 snip [16/24] snip_70830.000_71190.000.flac
18.2s - extractor 1: rescued 'ins_trill' at 75120.429s (1.608s) as ambient_background+ins_trill
18.2s - extractor 1: rescued 'ambient_background' at 75250.751s (1.126s) as ambient_background+ins_trill
18.3s - extractor 1: rescued 'ambient_background' at 75360.382s (0.659s) as ambient_background+ins_trill
18.3s - extractor 1: rescued 'ambient_background' at 75385.793s (0.489s) as ambient_background+ins_trill
18.3s - extractor 1: Lily - Fit+Fast/2023_R3_Marysville/53/230808_1208 snip [19/24] snip_78690.000_79050.000.flac
18.7s - extractor 0: rescued 'ins_buzz_medium' at 70995.917s (0.540s) as ins_buzz_medium+mech_auto_background+mech_auto_truck
18.7s - extractor 0: rescued 'ins_buzz_medium' at 71125.507s (0.782s) as ins_buzz_medium+mech_auto_background
18.7s - extractor 0: JamesU - MustardBumbler/1_29/240903_1319 snip [17/24] snip_74430.000_74790.004.flac
18.8s - extractor 1: rescued 'ins_buzz_medium' at 78930.619s (0.861s) as ambient_background+ins_buzz_medium+ins_trill
18.8s - extractor 1: Lily - Fit+Fast/2023_R3_Marysville/53/230808_1208 snip [20/24] snip_82290.000_82650.000.flac
19.3s - extractor 0: rescued 'ins_buzz_medium' at 74645.766s (0.706s) as ins_buzz_medium+mech_auto_background
19.3s - extractor 0: rescued 'ins_buzz_medium' at 74650.351s (0.961s) as ins_buzz_medium+ins_trill+mech_auto_background
19.3s - extractor 0: rescued 'ins_buzz_medium' at 74695.182s (1.081s) as ins_buzz_medium+ins_trill+mech_auto_background
19.3s - extractor 0: JamesU - MustardBumbler/1_29/240903_1319 snip [18/24] snip_78030.000_78390.030.flac
19.3s - extractor 1: Lily - Fit+Fast/2023_R3_Marysville/53/230808_1208 snip [21/24] snip_85890.000_86250.000.flac
19.9s - extractor 1: rescued 'ins_buzz_medium' at 85960.780s (0.548s) as ambient_background+ins_buzz_medium
19.9s - extractor 1: rescued 'ins_buzz_medium' at 86075.587s (0.879s) as ins_buzz_medium
19.9s - extractor 1: rescued 'ins_buzz_medium' at 86180.935s (0.535s) as ins_buzz_medium
19.9s - extractor 1: Lily - Fit+Fast/2023_R3_Marysville/53/230808_1208 snip [22/24] snip_89490.000_89850.000.flac
19.9s - extractor 0: rescued 'ins_buzz_medium' at 78165.356s (1.367s) as ins_buzz_medium
19.9s - extractor 0: rescued 'ins_buzz_medium' at 78205.142s (1.352s) as ins_buzz_medium+ins_trill
19.9s - extractor 0: rescued 'ins_buzz_medium' at 78210.619s (0.924s) as ins_buzz_medium+ins_trill
19.9s - extractor 0: rescued 'ins_buzz_medium' at 78300.906s (0.818s) as ins_buzz_medium
20.0s - extractor 0: rescued 'ins_buzz_medium' at 78310.362s (0.988s) as ins_buzz_medium
20.0s - extractor 0: JamesU - MustardBumbler/1_29/240903_1319 snip [19/24] snip_81630.000_81990.004.flac
20.4s - extractor 1: rescued 'ins_buzz_medium' at 89645.313s (1.536s) as ins_buzz_medium
20.4s - extractor 1: Lily - Fit+Fast/2023_R3_Marysville/53/230808_1208 snip [23/24] snip_93090.000_93450.000.flac
20.5s - extractor 0: rescued 'ins_buzz_medium' at 81821.027s (0.471s) as ambient_wind+ins_buzz_medium+ins_trill
20.6s - extractor 0: rescued 'ins_buzz_medium' at 81860.542s (0.891s) as ambient_wind+ins_buzz_medium+ins_trill
20.6s - extractor 0: rescued 'ins_buzz_medium' at 81870.207s (1.070s) as ambient_wind+ins_buzz_medium+ins_trill
20.6s - extractor 0: rescued 'ins_buzz_medium' at 81890.098s (1.783s) as ambient_wind+ins_buzz_medium+ins_trill
20.6s - extractor 0: rescued 'ambient_wind' at 81895.819s (0.380s) as ambient_wind+ins_buzz_medium+ins_trill
20.6s - extractor 0: JamesU - MustardBumbler/1_29/240903_1319 snip [20/24] snip_85230.000_85590.030.flac
20.9s - extractor 1: rescued 'ins_buzz_medium' at 93415.935s (0.606s) as ins_buzz_medium
20.9s - extractor 1: Lily - Fit+Fast/2023_R3_Marysville/53/230808_1208 snip [24/24] snip_96690.000_97050.000.flac
21.2s - extractor 0: rescued 'ins_buzz_medium' at 85300.988s (0.932s) as ins_buzz_medium
21.2s - extractor 0: rescued 'ins_buzz_medium' at 85305.706s (0.571s) as ins_buzz_medium+ins_trill
21.2s - extractor 0: rescued 'ins_buzz_medium' at 85320.882s (0.781s) as ins_buzz_medium+ins_trill
21.2s - extractor 0: rescued 'ins_buzz_medium' at 85325.524s (0.992s) as ins_buzz_medium+ins_trill
21.2s - extractor 0: JamesU - MustardBumbler/1_29/240903_1319 snip [21/24] snip_88830.000_89190.004.flac
21.8s - extractor 0: rescued 'ins_buzz_medium' at 88885.736s (0.406s) as ins_buzz_medium+ins_trill
21.8s - extractor 0: rescued 'ins_buzz_medium' at 88895.663s (0.839s) as ins_buzz_medium+ins_trill
21.9s - extractor 0: rescued 'ins_buzz_medium' at 89090.464s (1.083s) as ins_buzz_medium+ins_trill
21.9s - extractor 0: rescued 'ins_buzz_medium' at 89115.301s (0.882s) as ins_buzz_medium+ins_trill
21.9s - extractor 0: JamesU - MustardBumbler/1_29/240903_1319 snip [22/24] snip_92430.000_92790.030.flac
23.0s - extractor 0: rescued 'ins_buzz_medium' at 92461.033s (0.668s) as ins_buzz_medium+ins_trill+mech_plane_prop
23.0s - extractor 0: rescued 'ins_buzz_medium' at 92515.337s (1.555s) as ins_buzz_medium+ins_trill
23.0s - extractor 0: rescued 'ins_buzz_medium' at 92625.848s (1.023s) as ins_buzz_medium+ins_trill
23.0s - extractor 0: rescued 'ins_buzz_medium' at 92665.844s (0.965s) as ins_buzz_medium+ins_trill
23.0s - extractor 0: rescued 'ins_buzz_medium' at 92696.001s (0.797s) as ins_buzz_medium+ins_trill
23.1s - extractor 0: rescued 'ins_buzz_medium' at 92725.934s (0.619s) as ins_buzz_medium+ins_trill
23.1s - extractor 0: JamesU - MustardBumbler/1_29/240903_1319 snip [23/24] snip_96030.000_96390.004.flac
24.1s - extractor 0: rescued 'ins_buzz_medium' at 96200.417s (0.804s) as ins_buzz_medium+ins_trill
24.1s - extractor 0: rescued 'ins_buzz_medium' at 96240.681s (0.579s) as ins_buzz_medium+ins_trill
24.1s - extractor 0: rescued 'ins_buzz_medium' at 96310.104s (0.954s) as ins_buzz_medium+ins_trill
24.2s - extractor 0: rescued 'ins_buzz_medium' at 96330.918s (1.047s) as ins_buzz_medium+ins_trill
24.2s - extractor 0: JamesU - MustardBumbler/1_29/240903_1319 snip [24/24] snip_99630.000_99990.030.flac
25.4s - extractor 0: rescued 'ins_buzz_medium' at 99790.919s (0.903s) as ins_buzz_medium+ins_trill+mech_plane_prop
25.4s - extractor 0: rescued 'ins_buzz_medium' at 99871.004s (0.825s) as ambient_scraping+ins_buzz_medium+ins_trill+mech_plane_prop
W0000 00:00:1788916926.285068 1985880 cpu_allocator_impl.cc:82] Allocation of 1038443328 exceeds 10% of free system memory.
W0000 00:00:1788916932.296768 1985868 cpu_allocator_impl.cc:82] Allocation of 1038443328 exceeds 10% of free system memory.
W0000 00:00:1788916952.461224 1985877 cpu_allocator_impl.cc:82] Allocation of 1038443328 exceeds 10% of free system memory.
W0000 00:00:1788916960.964315 1985868 cpu_allocator_impl.cc:82] Allocation of 1038443328 exceeds 10% of free system memory.
W0000 00:00:1788916980.832047 1985878 cpu_allocator_impl.cc:82] Allocation of 1038443328 exceeds 10% of free system memory.
W0000 00:00:1788916989.762544 1985872 cpu_allocator_impl.cc:82] Allocation of 1038443328 exceeds 10% of free system memory.
W0000 00:00:1788917008.786236 1985878 cpu_allocator_impl.cc:82] Allocation of 1038443328 exceeds 10% of free system memory.
W0000 00:00:1788917018.196678 1985869 cpu_allocator_impl.cc:82] Allocation of 1038443328 exceeds 10% of free system memory.
W0000 00:00:1788917036.935757 1985879 cpu_allocator_impl.cc:82] Allocation of 1038443328 exceeds 10% of free system memory.
W0000 00:00:1788917046.594401 1985870 cpu_allocator_impl.cc:82] Allocation of 1038443328 exceeds 10% of free system memory.
1410.3s - extractor 1: [1] Lily - Fit+Fast/2023_R3_Marysville/53/230808_1208 — 24 snip(s) → 1480 frames, 41 label(s) (ident took 1403.0s)
1410.3s - extractor 1: [2] Lily Adam - One Hive/recorders/willard/2024-08-07/1_11/240807_1016 — starting (both)
1410.4s - extractor 1: Lily Adam - One Hive/recorders/willard/2024-08-07/1_11/240807_1016 snip [1/22] snip_103410.000_103770.000.flac
1411.7s - extractor 1: rescued 'ambient_background' at 103460.802s (0.329s) as ambient_background+ambient_bang+ins_buzz_high
1411.8s - extractor 1: rescued 'ins_buzz_high' at 103480.990s (0.630s) as ambient_background+ins_buzz_high
1411.8s - extractor 1: rescued 'ins_buzz_high' at 103505.807s (1.009s) as ambient_background+ins_buzz_high
1411.9s - extractor 1: rescued 'ambient_scraping' at 103515.241s (1.349s) as ambient_background+ambient_scraping
1411.9s - extractor 1: rescued 'ambient_background' at 103530.285s (1.626s) as ambient_background+ambient_scraping+ins_buzz_medium
1412.0s - extractor 1: rescued 'ins_buzz_high' at 103585.627s (0.804s) as ambient_background+ins_buzz_high
1412.0s - extractor 1: rescued 'ins_buzz_high' at 103590.493s (0.874s) as ambient_background+ambient_bang+ins_buzz_high
1412.0s - extractor 1: rescued 'ins_buzz_high' at 103635.785s (0.807s) as ambient_background+ins_buzz_high
1412.0s - extractor 1: Lily Adam - One Hive/recorders/willard/2024-08-07/1_11/240807_1016 snip [2/22] snip_107010.000_107370.000.flac
1413.3s - extractor 1: rescued 'ins_buzz_high' at 107080.959s (0.743s) as ambient_background+ins_buzz_high
1413.3s - extractor 1: rescued 'ins_buzz_high' at 107150.689s (0.473s) as ins_buzz_high+mech_plane_prop
1413.3s - extractor 1: rescued 'ambient_bang' at 107215.944s (0.234s) as ambient_background+ambient_bang
1413.3s - extractor 1: Lily Adam - One Hive/recorders/willard/2024-08-07/1_11/240807_1016 snip [3/22] snip_110610.000_110970.000.flac
1414.5s - extractor 1: rescued 'ins_buzz_medium' at 110800.601s (0.495s) as ambient_background+ins_buzz_medium
1414.5s - extractor 1: rescued 'ambient_bang' at 110936.022s (0.155s) as ambient_background+ambient_bang
1414.5s - extractor 1: Lily Adam - One Hive/recorders/willard/2024-08-07/1_11/240807_1016 snip [4/22] snip_114210.000_114570.000.flac
1415.6s - extractor 1: rescued 'ambient_scraping' at 114245.816s (0.574s) as ambient_background+ambient_scraping
1415.6s - extractor 1: rescued 'ambient_scraping' at 114295.826s (0.497s) as ambient_background+ambient_scraping
1415.6s - extractor 1: rescued 'ambient_background' at 114305.119s (0.985s) as ambient_background+ambient_scraping
1415.7s - extractor 1: rescued 'ambient_scraping' at 114380.618s (1.114s) as ambient_background+ambient_rustle+ambient_scraping
1415.7s - extractor 1: rescued 'ambient_scraping' at 114395.598s (0.446s) as ambient_background+ambient_rustle+ambient_scraping
1415.7s - extractor 1: rescued 'ambient_bang' at 114495.924s (0.148s) as ambient_background+ambient_bang
1415.7s - extractor 1: rescued 'ambient_scraping' at 114535.883s (0.376s) as ambient_background+ambient_scraping
1415.7s - extractor 1: Lily Adam - One Hive/recorders/willard/2024-08-07/1_11/240807_1016 snip [5/22] snip_117810.000_118170.000.flac
1416.5s - extractor 1: rescued 'ambient_scraping' at 118080.866s (0.715s) as ambient_background+ambient_scraping
1416.5s - extractor 1: Lily Adam - One Hive/recorders/willard/2024-08-07/1_11/240807_1016 snip [6/22] snip_121410.000_121770.004.flac
1417.3s - extractor 1: rescued 'mech_auto_truck' at 121615.282s (1.320s) as ins_trill+mech_auto_truck
1417.3s - extractor 1: Lily Adam - One Hive/recorders/willard/2024-08-07/1_11/240807_1016 snip [7/22] snip_125010.000_125370.000.flac
1418.3s - extractor 1: rescued 'animal_dog' at 125300.801s (0.471s) as animal_dog+mech_auto_background+mech_auto_truck
1418.3s - extractor 1: Lily Adam - One Hive/recorders/willard/2024-08-07/1_11/240807_1016 snip [8/22] snip_128610.000_128970.000.flac
1419.5s - extractor 1: Lily Adam - One Hive/recorders/willard/2024-08-07/1_11/240807_1016 snip [9/22] snip_132210.000_132570.000.flac
1421.2s - extractor 1: Lily Adam - One Hive/recorders/willard/2024-08-07/1_11/240807_1016 snip [10/22] snip_49410.000_49770.000.flac
1422.2s - extractor 1: rescued 'ambient_scraping' at 49521.020s (0.387s) as ambient_scraping+ins_trill+mech_auto_background
1422.2s - extractor 1: Lily Adam - One Hive/recorders/willard/2024-08-07/1_11/240807_1016 snip [11/22] snip_53010.000_53370.000.flac
1423.4s - extractor 1: rescued 'ambient_bang' at 53085.873s (0.295s) as ambient_bang+ins_trill+mech_auto_background
1423.4s - extractor 1: Lily Adam - One Hive/recorders/willard/2024-08-07/1_11/240807_1016 snip [12/22] snip_56610.000_56970.000.flac
1424.2s - extractor 1: Lily Adam - One Hive/recorders/willard/2024-08-07/1_11/240807_1016 snip [13/22] snip_60210.000_60570.000.flac
1425.5s - extractor 1: Lily Adam - One Hive/recorders/willard/2024-08-07/1_11/240807_1016 snip [14/22] snip_71010.000_71370.000.flac
1426.7s - extractor 1: Lily Adam - One Hive/recorders/willard/2024-08-07/1_11/240807_1016 snip [15/22] snip_74610.000_74970.000.flac
1427.6s - extractor 1: rescued 'ins_buzz_medium' at 74763.827s (0.962s) as ambient_background+ins_buzz_medium
1427.6s - extractor 1: rescued 'ins_buzz_medium' at 74918.316s (1.057s) as ambient_background+ins_buzz_low+ins_buzz_medium
1427.6s - extractor 1: rescued 'ambient_background' at 74939.690s (0.310s) as ambient_background+mech_auto_truck
1427.6s - extractor 1: Lily Adam - One Hive/recorders/willard/2024-08-07/1_11/240807_1016 snip [16/22] snip_78210.000_78570.040.flac
1428.5s - extractor 1: rescued 'ins_buzz_low' at 78370.500s (1.016s) as ambient_background+ins_buzz_low
1428.5s - extractor 1: rescued 'ambient_background' at 78405.679s (0.464s) as ambient_background+ins_buzz_low+ins_buzz_medium
1428.5s - extractor 1: rescued 'ins_buzz_medium' at 78528.778s (0.802s) as ambient_background+ins_buzz_medium
1428.5s - extractor 1: Lily Adam - One Hive/recorders/willard/2024-08-07/1_11/240807_1016 snip [17/22] snip_81810.000_82170.030.flac
1429.5s - extractor 1: rescued 'ins_buzz_low' at 81885.457s (0.980s) as ambient_background+ambient_bang+ins_buzz_low
1429.5s - extractor 1: rescued 'ambient_background' at 81905.916s (0.261s) as ambient_background+ins_buzz_low
1429.5s - extractor 1: rescued 'ambient_bang' at 81965.915s (0.439s) as ambient_bang+ins_trill
1429.6s - extractor 1: rescued 'ins_buzz_low' at 82005.450s (1.139s) as ins_buzz_low+ins_trill
1429.6s - extractor 1: rescued 'ambient_background' at 82075.098s (1.456s) as ambient_background+ins_buzz_low
1429.6s - extractor 1: Lily Adam - One Hive/recorders/willard/2024-08-07/1_11/240807_1016 snip [18/22] snip_85410.000_85770.000.flac
1431.5s - extractor 1: rescued 'ins_buzz_low' at 85480.349s (0.974s) as ambient_background+ins_buzz_low
1431.5s - extractor 1: rescued 'ins_buzz_low' at 85525.623s (0.813s) as ambient_background+ins_buzz_low
1431.5s - extractor 1: rescued 'ins_buzz_medium' at 85675.165s (1.367s) as ins_buzz_medium+mech_auto_truck
1431.5s - extractor 1: Lily Adam - One Hive/recorders/willard/2024-08-07/1_11/240807_1016 snip [19/22] snip_89010.000_89370.000.flac
1432.8s - extractor 1: rescued 'ins_buzz_low' at 89165.026s (0.822s) as ambient_background+ins_buzz_low
1432.8s - extractor 1: rescued 'ins_buzz_medium' at 89324.724s (0.945s) as ambient_background+ins_buzz_medium
1432.8s - extractor 1: Lily Adam - One Hive/recorders/willard/2024-08-07/1_11/240807_1016 snip [20/22] snip_92610.000_92970.000.flac
1434.2s - extractor 1: Lily Adam - One Hive/recorders/willard/2024-08-07/1_11/240807_1016 snip [21/22] snip_96210.000_96570.000.flac
1435.1s - extractor 1: rescued 'ins_buzz_high' at 96255.500s (1.099s) as ins_buzz_high+ins_trill
1435.1s - extractor 1: rescued 'ins_buzz_high' at 96275.986s (0.715s) as ins_buzz_high+ins_trill
1435.1s - extractor 1: rescued 'ins_buzz_high' at 96295.444s (0.840s) as ambient_bang+ins_buzz_high+ins_trill
1435.2s - extractor 1: rescued 'ins_buzz_high' at 96301.028s (0.652s) as ins_buzz_high+ins_trill
1435.2s - extractor 1: rescued 'ins_buzz_high' at 96527.173s (0.973s) as ambient_background+ambient_bang+ins_buzz_high
1435.2s - extractor 1: Lily Adam - One Hive/recorders/willard/2024-08-07/1_11/240807_1016 snip [22/22] snip_99810.000_100169.926.flac
1436.2s - extractor 1: rescued 'ambient_bang' at 99881.037s (0.285s) as ambient_background+ambient_bang+ins_buzz_high
1436.2s - extractor 1: rescued 'ins_buzz_high' at 99986.023s (0.841s) as ambient_background+ambient_bang+ins_buzz_high+ins_buzz_medium
1436.2s - extractor 1: rescued 'ambient_background' at 100020.833s (1.187s) as ambient_background+ins_buzz_high
1436.2s - extractor 1: rescued 'ins_buzz_medium' at 100115.280s (1.134s) as ambient_background+ambient_bang+ins_buzz_medium
1491.5s - extractor 0: [1] JamesU - MustardBumbler/1_29/240903_1319 — 24 snip(s) → 1563 frames, 53 label(s) (ident took 1484.4s)
1491.5s - extractor 0: [2] Lily Adam - One Hive/recorders/wooster/2024-07-26/1_143/240726_1446 — starting (both)
1491.5s - extractor 0: Lily Adam - One Hive/recorders/wooster/2024-07-26/1_143/240726_1446 snip [1/15] snip_101610.000_101970.000.flac
1493.1s - extractor 0: rescued 'ambient_background' at 101726.003s (1.007s) as ambient_background+ins_buzz_medium+ins_trill
1493.1s - extractor 0: Lily Adam - One Hive/recorders/wooster/2024-07-26/1_143/240726_1446 snip [2/15] snip_105210.000_105570.004.flac
1494.4s - extractor 0: Lily Adam - One Hive/recorders/wooster/2024-07-26/1_143/240726_1446 snip [3/15] snip_54810.000_55170.000.flac
1495.4s - extractor 0: Lily Adam - One Hive/recorders/wooster/2024-07-26/1_143/240726_1446 snip [4/15] snip_58410.000_58770.000.flac
1497.4s - extractor 0: Lily Adam - One Hive/recorders/wooster/2024-07-26/1_143/240726_1446 snip [5/15] snip_62010.000_62370.000.flac
1498.7s - extractor 0: rescued 'ins_buzz_medium' at 62040.866s (0.555s) as ambient_background+ins_buzz_medium
1498.7s - extractor 0: Lily Adam - One Hive/recorders/wooster/2024-07-26/1_143/240726_1446 snip [6/15] snip_65610.000_65970.030.flac
1499.5s - extractor 0: Lily Adam - One Hive/recorders/wooster/2024-07-26/1_143/240726_1446 snip [7/15] snip_69210.000_69570.004.flac
1500.6s - extractor 0: rescued 'ins_buzz_medium' at 69290.912s (0.475s) as ambient_background+ins_buzz_medium
1500.6s - extractor 0: rescued 'ambient_background' at 69385.345s (1.308s) as ambient_background+ins_buzz_medium
1500.6s - extractor 0: Lily Adam - One Hive/recorders/wooster/2024-07-26/1_143/240726_1446 snip [8/15] snip_72810.000_73170.000.flac
1501.7s - extractor 0: rescued 'ins_buzz_medium' at 72875.134s (1.406s) as ambient_background+ins_buzz_medium
1501.8s - extractor 0: rescued 'ins_buzz_medium' at 73040.572s (1.388s) as ambient_background+ins_buzz_medium
1501.8s - extractor 0: rescued 'ins_buzz_medium' at 73065.951s (0.802s) as ambient_background+ins_buzz_medium
1501.8s - extractor 0: Lily Adam - One Hive/recorders/wooster/2024-07-26/1_143/240726_1446 snip [9/15] snip_76410.000_76770.000.flac
1502.7s - extractor 0: rescued 'ins_buzz_low' at 76490.072s (0.994s) as ambient_background+ins_buzz_low
1502.8s - extractor 0: rescued 'ins_buzz_medium' at 76734.824s (0.955s) as ambient_background+ins_buzz_medium
1502.8s - extractor 0: Lily Adam - One Hive/recorders/wooster/2024-07-26/1_143/240726_1446 snip [10/15] snip_80010.000_80370.000.flac
1503.8s - extractor 0: rescued 'ins_buzz_medium' at 80045.238s (1.235s) as ambient_background+ins_buzz_medium
1503.8s - extractor 0: rescued 'ins_buzz_medium' at 80160.918s (0.577s) as ambient_background+ins_buzz_medium+mech_auto_car
1503.9s - extractor 0: rescued 'ins_buzz_low' at 80200.887s (0.660s) as ambient_background+ins_buzz_low+ins_buzz_medium
1503.9s - extractor 0: Lily Adam - One Hive/recorders/wooster/2024-07-26/1_143/240726_1446 snip [11/15] snip_83610.000_83970.000.flac
1505.2s - extractor 0: rescued 'ins_buzz_low' at 83840.714s (1.151s) as ambient_background+ins_buzz_low+ins_buzz_medium
1505.2s - extractor 0: Lily Adam - One Hive/recorders/wooster/2024-07-26/1_143/240726_1446 snip [12/15] snip_87210.000_87570.000.flac
1507.1s - extractor 0: rescued 'ins_buzz_high' at 87295.373s (1.243s) as ambient_background+ins_buzz_high
1507.1s - extractor 0: rescued 'ins_buzz_medium' at 87455.687s (0.930s) as ambient_background+ins_buzz_medium
1507.1s - extractor 0: Lily Adam - One Hive/recorders/wooster/2024-07-26/1_143/240726_1446 snip [13/15] snip_90810.000_91170.000.flac
1508.1s - extractor 0: Lily Adam - One Hive/recorders/wooster/2024-07-26/1_143/240726_1446 snip [14/15] snip_94410.000_94770.030.flac
1509.6s - extractor 0: rescued 'ins_buzz_medium' at 94640.916s (0.696s) as ambient_background+ins_buzz_medium
1509.6s - extractor 0: rescued 'ins_buzz_medium' at 94730.429s (0.771s) as ins_buzz_medium+mech_auto_truck
1509.6s - extractor 0: Lily Adam - One Hive/recorders/wooster/2024-07-26/1_143/240726_1446 snip [15/15] snip_98010.000_98370.031.flac
1510.6s - extractor 0: rescued 'ins_buzz_low' at 98060.410s (0.655s) as ins_buzz_low+mech_auto_truck
2373.2s - extractor 0: [2] Lily Adam - One Hive/recorders/wooster/2024-07-26/1_143/240726_1446 — 15 snip(s) → 934 frames, 33 label(s) (ident took 881.8s)
2373.3s - extractor 0: [3] Luke - Diel Drivers/2026-04-08/1_150/260408_1942 — starting (both)
2373.3s - extractor 0: Luke - Diel Drivers/2026-04-08/1_150/260408_1942 snip [1/16] snip_15450.000_15810.000.flac
2375.0s - extractor 0: rescued 'mech_auto_car' at 15635.983s (0.365s) as ambient_background+mech_auto_car
2375.0s - extractor 0: rescued 'ambient_background' at 15755.687s (1.263s) as ambient_background+ambient_bang
2375.0s - extractor 0: Luke - Diel Drivers/2026-04-08/1_150/260408_1942 snip [2/16] snip_19050.000_19410.000.flac
2376.3s - extractor 0: rescued 'ambient_background' at 19185.190s (0.943s) as ambient_background
2376.3s - extractor 0: rescued 'ambient_background' at 19200.541s (0.586s) as ambient_background
2376.3s - extractor 0: rescued 'ambient_background' at 19284.926s (0.962s) as ambient_background
2376.3s - extractor 0: rescued 'ambient_background' at 19289.731s (1.006s) as ambient_background
2376.3s - extractor 0: Luke - Diel Drivers/2026-04-08/1_150/260408_1942 snip [3/16] snip_22650.000_23010.000.flac
2377.7s - extractor 0: rescued 'ambient_background' at 22690.961s (0.507s) as ambient_background+mech_auto_truck
2377.7s - extractor 0: rescued 'mech_auto_truck' at 22700.829s (0.539s) as ambient_background+mech_auto_truck
2377.7s - extractor 0: rescued 'mech_auto_truck' at 22720.637s (0.547s) as ambient_background+mech_auto_truck
2377.7s - extractor 0: rescued 'mech_auto_truck' at 22745.705s (0.547s) as ambient_background+mech_auto_truck
2377.8s - extractor 0: rescued 'ambient_bang' at 22790.904s (0.269s) as ambient_background+ambient_bang+mech_plane_jet
2377.8s - extractor 0: rescued 'ambient_background' at 22796.598s (0.206s) as ambient_background+mech_plane_jet+mech_train
2377.8s - extractor 0: rescued 'ambient_background' at 22801.191s (0.568s) as ambient_background
2377.8s - extractor 0: rescued 'ambient_background' at 22815.660s (0.510s) as ambient_background
2377.8s - extractor 0: rescued 'ambient_background' at 22835.423s (0.761s) as ambient_background
2377.9s - extractor 0: rescued 'ambient_background' at 22840.346s (0.214s) as ambient_background+mech_train
2377.9s - extractor 0: rescued 'ambient_background' at 22844.929s (0.626s) as ambient_background
2377.9s - extractor 0: rescued 'ambient_background' at 22849.950s (0.539s) as ambient_background
2377.9s - extractor 0: rescued 'ambient_background' at 22855.296s (0.190s) as ambient_background
2377.9s - extractor 0: rescued 'ambient_bang' at 22860.449s (0.436s) as ambient_background+ambient_bang
2378.0s - extractor 0: rescued 'ambient_background' at 22864.543s (0.943s) as ambient_background
2378.0s - extractor 0: rescued 'ambient_background' at 22870.362s (0.317s) as ambient_background+ambient_bang
2378.0s - extractor 0: rescued 'ambient_background' at 22875.441s (0.491s) as ambient_background
2378.0s - extractor 0: rescued 'ambient_background' at 22880.071s (0.586s) as ambient_background
2378.0s - extractor 0: rescued 'ambient_background' at 22884.715s (0.998s) as ambient_background
2378.0s - extractor 0: Luke - Diel Drivers/2026-04-08/1_150/260408_1942 snip [4/16] snip_26250.000_26610.000.flac
2379.6s - extractor 0: rescued 'mech_auto_car' at 26380.255s (0.985s) as ambient_background+mech_auto_car
2379.6s - extractor 0: rescued 'mech_auto_truck' at 26460.800s (0.732s) as ambient_background+mech_auto_truck
2379.6s - extractor 0: Luke - Diel Drivers/2026-04-08/1_150/260408_1942 snip [5/16] snip_29850.000_30210.000.flac
2380.6s - extractor 0: rescued 'ambient_background' at 29910.911s (0.816s) as ambient_background
2380.6s - extractor 0: rescued 'ambient_background' at 29935.106s (1.308s) as ambient_background
2380.6s - extractor 0: rescued 'ambient_background' at 29965.621s (0.713s) as ambient_background+mech_auto_car
2380.7s - extractor 0: rescued 'ambient_background' at 30060.290s (1.099s) as ambient_background
2380.7s - extractor 0: rescued 'ambient_background' at 30065.605s (0.357s) as ambient_background
2380.7s - extractor 0: rescued 'ambient_background' at 30080.211s (1.450s) as ambient_background
2380.7s - extractor 0: rescued 'ambient_background' at 30094.844s (1.173s) as ambient_background+mech_auto_car
2380.7s - extractor 0: rescued 'ambient_background' at 30110.502s (0.729s) as ambient_background+mech_auto_car
2380.8s - extractor 0: rescued 'ambient_background' at 30120.230s (0.618s) as ambient_background
2380.8s - extractor 0: rescued 'ambient_background' at 30135.069s (1.276s) as ambient_background
2380.8s - extractor 0: rescued 'ambient_background' at 30159.781s (1.751s) as ambient_background
2380.8s - extractor 0: Luke - Diel Drivers/2026-04-08/1_150/260408_1942 snip [6/16] snip_33450.000_33810.000.flac
2382.0s - extractor 0: rescued 'ambient_background' at 33515.388s (0.700s) as ambient_background
2382.0s - extractor 0: rescued 'ambient_background' at 33570.959s (0.697s) as ambient_background
2382.1s - extractor 0: rescued 'ambient_background' at 33612.694s (0.528s) as ambient_background
2382.1s - extractor 0: rescued 'ambient_background' at 33629.002s (1.395s) as ambient_background
2382.1s - extractor 0: rescued 'ambient_background' at 33644.746s (0.769s) as ambient_background
2382.2s - extractor 0: rescued 'ambient_background' at 33719.297s (0.943s) as ambient_background
2382.2s - extractor 0: rescued 'ambient_background' at 33724.327s (0.607s) as ambient_background
2382.2s - extractor 0: rescued 'ambient_background' at 33744.601s (0.365s) as ambient_background
2382.2s - extractor 0: rescued 'ambient_background' at 33754.630s (0.990s) as ambient_background
2382.2s - extractor 0: Luke - Diel Drivers/2026-04-08/1_150/260408_1942 snip [7/16] snip_37050.079_37410.000.flac
2384.1s - extractor 0: Luke - Diel Drivers/2026-04-08/1_150/260408_1942 snip [8/16] snip_40650.000_41010.000.flac
2385.8s - extractor 0: rescued 'animal_frog' at 40705.689s (0.729s) as ambient_background+animal_frog
2385.8s - extractor 0: rescued 'ambient_background' at 40810.964s (0.618s) as ambient_background+mech_plane_jet
2385.8s - extractor 0: rescued 'mech_plane_jet' at 40816.030s (1.006s) as ambient_background+mech_plane_jet
2385.8s - extractor 0: Luke - Diel Drivers/2026-04-08/1_150/260408_1942 snip [9/16] snip_44250.000_44610.000.flac
2387.6s - extractor 0: Luke - Diel Drivers/2026-04-08/1_150/260408_1942 snip [10/16] snip_51450.024_51810.000.flac
2388.9s - extractor 0: rescued 'ambient_background' at 51540.914s (0.349s) as ambient_background+mech_auto_car+mech_plane_jet
2388.9s - extractor 0: rescued 'ambient_background' at 51640.523s (0.697s) as ambient_background+mech_auto_car
2388.9s - extractor 0: rescued 'mech_auto_car' at 51730.787s (0.792s) as ambient_background+ins_buzz_medium+mech_auto_car
2388.9s - extractor 0: rescued 'ambient_background' at 51755.578s (1.482s) as ambient_background+mech_auto_car
2388.9s - extractor 0: rescued 'ambient_background' at 51760.829s (0.967s) as ambient_background+mech_auto_car
2388.9s - extractor 0: Luke - Diel Drivers/2026-04-08/1_150/260408_1942 snip [11/16] snip_55050.000_55410.000.flac
2389.8s - extractor 0: rescued 'ins_buzz_medium' at 55145.441s (0.851s) as ambient_background+ins_buzz_medium
2389.9s - extractor 0: rescued 'ins_buzz_medium' at 55195.434s (1.568s) as ambient_background+ins_buzz_medium
2389.9s - extractor 0: rescued 'ins_buzz_medium' at 55215.815s (1.027s) as ambient_background+ins_buzz_medium
2389.9s - extractor 0: Luke - Diel Drivers/2026-04-08/1_150/260408_1942 snip [12/16] snip_58650.000_59010.000.flac
2390.8s - extractor 0: rescued 'ambient_rustle' at 58690.335s (0.887s) as ambient_rustle+mech_auto_car
2390.8s - extractor 0: rescued 'ambient_rustle' at 58695.882s (0.325s) as ambient_background+ambient_rustle+mech_auto_car
2390.8s - extractor 0: rescued 'mech_auto_truck' at 58760.512s (1.173s) as mech_auto_car+mech_auto_truck
2390.8s - extractor 0: rescued 'mech_train' at 58835.149s (1.775s) as mech_auto_car+mech_train
2390.8s - extractor 0: rescued 'ins_buzz_medium' at 58960.195s (0.895s) as ambient_background+ins_buzz_medium+mech_auto_car
2390.8s - extractor 0: Luke - Diel Drivers/2026-04-08/1_150/260408_1942 snip [13/16] snip_65850.000_66210.000.flac
2392.4s - extractor 0: rescued 'ambient_background' at 65905.922s (0.679s) as ambient_background+ambient_wind
2392.4s - extractor 0: rescued 'ambient_wind' at 65968.405s (0.650s) as ambient_background+ambient_wind+mech_auto_car
2392.4s - extractor 0: rescued 'ambient_background' at 65977.594s (1.894s) as ambient_background+ambient_wind
2392.4s - extractor 0: rescued 'ambient_rustle' at 65983.027s (0.579s) as ambient_background+ambient_rustle+ambient_wind+mech_auto_car
2392.5s - extractor 0: rescued 'ambient_background' at 65988.262s (0.814s) as ambient_background+ins_buzz_medium
2392.5s - extractor 0: rescued 'ambient_background' at 65993.170s (0.642s) as ambient_background+ins_buzz_medium
2392.5s - extractor 0: rescued 'ambient_background' at 65998.080s (1.387s) as ambient_background+ambient_wind
2392.5s - extractor 0: rescued 'ambient_background' at 66013.486s (0.824s) as ambient_background+ins_buzz_medium
2392.5s - extractor 0: rescued 'ambient_wind' at 66062.792s (1.128s) as ambient_background+ambient_wind
2392.5s - extractor 0: rescued 'ambient_wind' at 66109.770s (0.959s) as ambient_background+ambient_wind+mech_auto_car
2392.6s - extractor 0: rescued 'ins_buzz_medium' at 66166.558s (0.499s) as ambient_background+ins_buzz_medium
2392.6s - extractor 0: rescued 'mech_auto_car' at 66170.993s (1.426s) as ambient_background+ins_buzz_medium+mech_auto_car
2392.6s - extractor 0: rescued 'ambient_wind' at 66176.416s (0.293s) as ambient_background+ambient_wind
2392.6s - extractor 0: Luke - Diel Drivers/2026-04-08/1_150/260408_1942 snip [14/16] snip_69450.000_69810.000.flac
2393.7s - extractor 0: rescued 'ambient_background' at 69560.818s (1.054s) as ambient_background+ins_buzz_medium+mech_auto_car
2393.7s - extractor 0: rescued 'ambient_background' at 69570.196s (1.639s) as ambient_background+ins_buzz_medium
2393.7s - extractor 0: rescued 'human' at 69620.499s (0.626s) as ambient_background+human+ins_buzz_medium
2393.7s - extractor 0: rescued 'mech_auto_car' at 69690.836s (0.641s) as ambient_background+mech_auto_car
2393.7s - extractor 0: Luke - Diel Drivers/2026-04-08/1_150/260408_1942 snip [15/16] snip_73050.095_73403.407.flac
2395.4s - extractor 0: rescued 'ambient_background' at 73110.642s (1.339s) as ambient_background+ins_buzz_medium
2395.4s - extractor 0: rescued 'ambient_bang' at 73120.808s (0.983s) as ambient_background+ambient_bang
2395.4s - extractor 0: rescued 'ambient_background' at 73170.792s (0.895s) as ambient_background+mech_plane_prop
2395.5s - extractor 0: rescued 'ambient_background' at 73175.370s (1.421s) as ambient_background+mech_plane_prop
2395.5s - extractor 0: rescued 'mech_auto_car' at 73200.248s (1.355s) as ambient_background+mech_auto_car
2395.5s - extractor 0: rescued 'ambient_wind' at 73254.921s (0.919s) as ambient_background+ambient_wind
2395.5s - extractor 0: rescued 'ambient_bang' at 73283.151s (0.309s) as ambient_background+ambient_bang
2395.5s - extractor 0: Luke - Diel Drivers/2026-04-08/1_150/260408_1942 snip [16/16] snip_76650.000_76998.859.flac
2397.2s - extractor 0: rescued 'ambient_background' at 76680.626s (1.006s) as ambient_background+ambient_bang
2397.2s - extractor 0: rescued 'ambient_background' at 76703.426s (1.297s) as ambient_background+ambient_bang
2397.3s - extractor 0: rescued 'ambient_rustle' at 76746.049s (0.222s) as ambient_background+ambient_rustle+ambient_wind
2397.3s - extractor 0: rescued 'ambient_background' at 76812.060s (1.619s) as ambient_background
2397.3s - extractor 0: rescued 'ambient_bang' at 76828.151s (0.460s) as ambient_background+ambient_bang+human
2397.3s - extractor 0: rescued 'ambient_bang' at 76890.314s (0.602s) as ambient_background+ambient_bang+mech_plane_jet
2397.3s - extractor 0: rescued 'ambient_bang' at 76935.301s (0.262s) as ambient_background+ambient_bang
2397.4s - extractor 0: rescued 'ambient_background' at 76945.573s (0.486s) as ambient_background+mech_auto_car
2726.6s - extractor 1: [2] Lily Adam - One Hive/recorders/willard/2024-08-07/1_11/240807_1016 — 22 snip(s) → 1396 frames, 71 label(s) (ident took 1316.3s)
2726.7s - extractor 1: [3] Luke - Diel Drivers/2026-05-06/1_95/260506_1924 — starting (both)
2726.7s - extractor 1: Luke - Diel Drivers/2026-05-06/1_95/260506_1924 snip [1/24] snip_16530.000_16890.000.flac
2727.9s - extractor 1: Luke - Diel Drivers/2026-05-06/1_95/260506_1924 snip [2/24] snip_20130.000_20490.000.flac
2729.5s - extractor 1: Luke - Diel Drivers/2026-05-06/1_95/260506_1924 snip [3/24] snip_23730.000_24090.000.flac
2731.3s - extractor 1: Luke - Diel Drivers/2026-05-06/1_95/260506_1924 snip [4/24] snip_27330.000_27690.000.flac
2732.8s - extractor 1: Luke - Diel Drivers/2026-05-06/1_95/260506_1924 snip [5/24] snip_30930.000_31290.000.flac
2734.2s - extractor 1: Luke - Diel Drivers/2026-05-06/1_95/260506_1924 snip [6/24] snip_34530.000_34890.000.flac
2736.0s - extractor 1: Luke - Diel Drivers/2026-05-06/1_95/260506_1924 snip [7/24] snip_38130.000_38490.000.flac
2737.8s - extractor 1: Luke - Diel Drivers/2026-05-06/1_95/260506_1924 snip [8/24] snip_41730.000_42090.000.flac
2738.9s - extractor 1: Luke - Diel Drivers/2026-05-06/1_95/260506_1924 snip [9/24] snip_45330.000_45690.000.flac
2740.4s - extractor 1: Luke - Diel Drivers/2026-05-06/1_95/260506_1924 snip [10/24] snip_48930.043_49290.000.flac
2742.3s - extractor 1: rescued 'ambient_background' at 48985.157s (0.978s) as ambient_background+ambient_music
2742.3s - extractor 1: rescued 'ambient_music' at 48990.761s (0.742s) as ambient_background+ambient_music
2742.3s - extractor 1: rescued 'ambient_background' at 49015.175s (0.935s) as ambient_background+ins_buzz_low
2742.3s - extractor 1: rescued 'ins_buzz_low' at 49020.699s (0.452s) as ambient_background+ambient_wind+ins_buzz_low
2742.3s - extractor 1: rescued 'ambient_background' at 49025.897s (0.856s) as ambient_background+ambient_music+ins_buzz_low
2742.3s - extractor 1: Luke - Diel Drivers/2026-05-06/1_95/260506_1924 snip [11/24] snip_52530.000_52890.000.flac
2743.4s - extractor 1: rescued 'animal_squirrel' at 52631.039s (0.200s) as animal_squirrel+mech_lawnmower
2743.4s - extractor 1: Luke - Diel Drivers/2026-05-06/1_95/260506_1924 snip [12/24] snip_56130.000_56490.000.flac
2744.8s - extractor 1: rescued 'ambient_wind' at 56205.243s (1.040s) as ambient_wind+mech_auto_car
2744.8s - extractor 1: rescued 'human' at 56283.483s (0.285s) as ambient_wind+human+mech_auto_car
2744.8s - extractor 1: rescued 'human' at 56288.641s (0.569s) as ambient_background+ambient_rustle+ambient_wind+human
2744.9s - extractor 1: rescued 'ambient_background' at 56297.827s (1.244s) as ambient_background+human
2744.9s - extractor 1: rescued 'human' at 56303.560s (0.700s) as ambient_background+ambient_music+human
2744.9s - extractor 1: rescued 'ambient_music' at 56323.167s (1.209s) as ambient_background+ambient_music+human
2744.9s - extractor 1: rescued 'ambient_music' at 56327.901s (1.597s) as ambient_background+ambient_music
2744.9s - extractor 1: rescued 'animal_dog' at 56382.785s (1.779s) as ambient_background+animal_dog
2744.9s - extractor 1: rescued 'ambient_music' at 56398.046s (1.111s) as ambient_background+ambient_music+animal_dog
2745.0s - extractor 1: rescued 'ambient_music' at 56423.427s (0.584s) as ambient_background+ambient_music+mech_lawnmower
2745.0s - extractor 1: rescued 'ambient_music' at 56443.330s (0.551s) as ambient_music+ambient_rustle+mech_lawnmower
2745.0s - extractor 1: rescued 'ambient_music' at 56458.238s (0.710s) as ambient_music+ambient_rustle+mech_lawnmower
2745.0s - extractor 1: Luke - Diel Drivers/2026-05-06/1_95/260506_1924 snip [13/24] snip_59730.000_60090.000.flac
2745.9s - extractor 1: rescued 'ambient_background' at 59795.454s (0.687s) as ambient_background+human
2746.0s - extractor 1: rescued 'ambient_background' at 59805.403s (0.900s) as ambient_background+ambient_music+human
2746.0s - extractor 1: rescued 'human' at 59820.669s (0.742s) as ambient_music+human+mech_auto_car
2746.0s - extractor 1: rescued 'ambient_background' at 59831.018s (0.376s) as ambient_background+ambient_music+mech_auto_car
2746.0s - extractor 1: rescued 'ambient_music' at 59845.544s (0.630s) as ambient_background+ambient_music
2746.0s - extractor 1: rescued 'ambient_background' at 59855.125s (1.560s) as ambient_background+ambient_music
2746.1s - extractor 1: rescued 'ambient_background' at 59890.760s (1.180s) as ambient_background+human
2746.1s - extractor 1: rescued 'ambient_background' at 59915.273s (0.876s) as ambient_background+human
2746.1s - extractor 1: rescued 'human' at 59920.547s (0.602s) as ambient_background+ambient_music+human
2746.1s - extractor 1: rescued 'ambient_music' at 59931.838s (0.549s) as ambient_music+human
2746.1s - extractor 1: rescued 'human' at 59946.458s (0.901s) as ambient_background+ambient_music+ambient_rustle+human
2746.1s - extractor 1: rescued 'ambient_background' at 59967.796s (0.426s) as ambient_background+ambient_music+ambient_rustle
2746.2s - extractor 1: rescued 'ins_buzz_low' at 59992.400s (1.297s) as ambient_background+ambient_music+ins_buzz_low
2746.2s - extractor 1: rescued 'ambient_background' at 60008.021s (0.731s) as ambient_background+ambient_music
2746.2s - extractor 1: rescued 'ambient_background' at 60021.401s (0.484s) as ambient_background+ambient_music
2746.2s - extractor 1: Luke - Diel Drivers/2026-05-06/1_95/260506_1924 snip [14/24] snip_63330.000_63690.000.flac
2747.5s - extractor 1: rescued 'ins_buzz_low' at 63375.981s (0.449s) as ambient_rustle+ins_buzz_low+mech_lawnmower
2747.5s - extractor 1: rescued 'human' at 63420.735s (0.892s) as ambient_music+human+mech_lawnmower
2747.5s - extractor 1: rescued 'ins_buzz_low' at 63465.552s (0.760s) as ambient_background+ambient_wind+ins_buzz_low
2747.6s - extractor 1: rescued 'ins_buzz_low' at 63480.306s (1.527s) as ambient_background+ins_buzz_low
2747.6s - extractor 1: rescued 'human' at 63515.812s (0.905s) as human+ins_buzz_pollination+mech_beep+mech_lawnmower
2747.6s - extractor 1: rescued 'ambient_background' at 63540.339s (0.857s) as ambient_background+ins_buzz_low+ins_buzz_pollination
2747.6s - extractor 1: rescued 'human' at 63550.549s (0.790s) as ambient_music+human+mech_plane_jet
2747.6s - extractor 1: rescued 'human' at 63555.677s (0.622s) as ambient_music+human+mech_plane_jet
2747.7s - extractor 1: rescued 'human' at 63570.999s (0.431s) as human+ins_buzz_low+ins_buzz_pollination+mech_plane_jet
2747.7s - extractor 1: Luke - Diel Drivers/2026-05-06/1_95/260506_1924 snip [15/24] snip_66930.000_67290.000.flac
2749.0s - extractor 1: rescued 'ambient_rustle' at 66960.582s (1.028s) as ambient_background+ambient_rustle+ins_buzz_low
2749.0s - extractor 1: rescued 'ins_buzz_low' at 66975.431s (1.249s) as ambient_background+ambient_rustle+ins_buzz_low
2749.0s - extractor 1: rescued 'ambient_rustle' at 66985.106s (1.493s) as ambient_background+ambient_rustle
2749.0s - extractor 1: rescued 'ambient_background' at 66990.689s (0.484s) as ambient_background+ambient_wind+ins_buzz_low
2749.0s - extractor 1: rescued 'ambient_music' at 67015.852s (0.286s) as ambient_music+human+mech_lawnmower
2749.1s - extractor 1: rescued 'human' at 67020.742s (1.245s) as human+mech_lawnmower
2749.1s - extractor 1: rescued 'human' at 67030.534s (0.857s) as human+mech_lawnmower
2749.1s - extractor 1: rescued 'ins_buzz_low' at 67050.897s (0.627s) as ambient_rustle+ins_buzz_low+mech_auto_car+mech_lawnmower
2749.1s - extractor 1: rescued 'human' at 67213.145s (0.552s) as human+mech_lawnmower
2749.1s - extractor 1: rescued 'ambient_music' at 67238.095s (0.545s) as ambient_music+mech_lawnmower
2749.1s - extractor 1: Luke - Diel Drivers/2026-05-06/1_95/260506_1924 snip [16/24] snip_70530.025_70890.000.flac
2750.2s - extractor 1: rescued 'ins_buzz_low' at 70590.331s (1.707s) as ambient_background+ins_buzz_low+ins_buzz_pollination
2750.2s - extractor 1: rescued 'ins_buzz_pollination' at 70620.732s (1.048s) as ins_buzz_low+ins_buzz_pollination+mech_auto_car
2750.2s - extractor 1: rescued 'ambient_background' at 70648.639s (0.587s) as ambient_background+ins_buzz_low+ins_buzz_pollination
2750.2s - extractor 1: rescued 'ins_buzz_pollination' at 70659.502s (1.561s) as ambient_background+ins_buzz_low+ins_buzz_pollination+mech_auto_car
2750.3s - extractor 1: rescued 'ins_buzz_pollination' at 70664.399s (1.079s) as ins_buzz_low+ins_buzz_pollination+mech_auto_car
2750.3s - extractor 1: rescued 'ambient_background' at 70680.288s (0.219s) as ambient_background+ins_buzz_low+ins_buzz_pollination
2750.3s - extractor 1: rescued 'ins_buzz_low' at 70729.902s (0.963s) as ambient_background+ins_buzz_low+ins_buzz_pollination
2750.3s - extractor 1: rescued 'ambient_background' at 70754.678s (1.467s) as ambient_background+human
2750.3s - extractor 1: rescued 'ambient_background' at 70760.085s (0.936s) as ambient_background+human
2750.4s - extractor 1: rescued 'ambient_music' at 70795.262s (0.293s) as ambient_background+ambient_music+human
2750.4s - extractor 1: rescued 'ambient_music' at 70805.280s (0.256s) as ambient_background+ambient_music+ambient_rustle
2750.4s - extractor 1: rescued 'ambient_background' at 70819.498s (1.541s) as ambient_background+ins_buzz_low+ins_buzz_pollination
2750.4s - extractor 1: rescued 'ins_buzz_low' at 70824.678s (1.296s) as ambient_background+ambient_music+ins_buzz_low
2750.4s - extractor 1: rescued 'ambient_music' at 70830.268s (0.457s) as ambient_background+ambient_music+mech_plane_jet
2750.4s - extractor 1: rescued 'ambient_wind' at 70845.008s (0.586s) as ambient_rustle+ambient_wind+human+mech_plane_jet
2750.4s - extractor 1: Luke - Diel Drivers/2026-05-06/1_95/260506_1924 snip [17/24] snip_74130.063_74490.000.flac
2751.6s - extractor 1: rescued 'human' at 74200.928s (0.716s) as ambient_background+human
2751.7s - extractor 1: rescued 'ambient_music' at 74265.850s (0.798s) as ambient_music+human+mech_plane_jet
2751.7s - extractor 1: rescued 'human' at 74286.020s (0.301s) as ambient_music+human+mech_auto_car+mech_plane_jet
2751.7s - extractor 1: rescued 'ambient_background' at 74315.330s (1.495s) as ambient_background+ambient_rustle+human
2751.7s - extractor 1: rescued 'ambient_music' at 74426.037s (0.423s) as ambient_background+ambient_music
2751.7s - extractor 1: Luke - Diel Drivers/2026-05-06/1_95/260506_1924 snip [18/24] snip_77730.000_78090.000.flac
2753.2s - extractor 1: rescued 'ambient_music' at 77815.759s (0.456s) as ambient_background+ambient_music
2753.2s - extractor 1: rescued 'ambient_background' at 77912.048s (1.522s) as ambient_background+ambient_music+human
2753.3s - extractor 1: rescued 'ambient_background' at 77917.035s (0.791s) as ambient_background+ambient_music
2753.3s - extractor 1: rescued 'ambient_background' at 77922.121s (1.186s) as ambient_background+ambient_music
2753.3s - extractor 1: Luke - Diel Drivers/2026-05-06/1_95/260506_1924 snip [19/24] snip_81330.000_81690.000.flac
2754.8s - extractor 1: rescued 'human' at 81420.528s (0.835s) as human+mech_auto_truck
2754.8s - extractor 1: rescued 'ambient_background' at 81540.406s (0.928s) as ambient_background+ambient_rustle
2754.8s - extractor 1: rescued 'human' at 81545.583s (0.843s) as ambient_rustle+human
2754.8s - extractor 1: rescued 'animal_dog' at 81620.633s (0.767s) as ambient_rustle+animal_dog
2754.8s - extractor 1: rescued 'ambient_background' at 81655.168s (1.074s) as ambient_background+ambient_music+ins_buzz_low
2754.8s - extractor 1: Luke - Diel Drivers/2026-05-06/1_95/260506_1924 snip [20/24] snip_84930.000_85290.000.flac
2756.4s - extractor 1: rescued 'ambient_rustle' at 85245.777s (1.055s) as ambient_background+ambient_rustle+animal_frog
2756.4s - extractor 1: Luke - Diel Drivers/2026-05-06/1_95/260506_1924 snip [21/24] snip_88530.000_88890.000.flac
2757.7s - extractor 1: rescued 'ambient_background' at 88580.223s (1.276s) as ambient_background+ins_buzz_medium
2757.7s - extractor 1: rescued 'ins_buzz_medium' at 88645.489s (1.308s) as ambient_background+ins_buzz_medium
2757.7s - extractor 1: rescued 'ins_buzz_medium' at 88685.448s (1.436s) as ambient_background+ins_buzz_medium
2757.7s - extractor 1: Luke - Diel Drivers/2026-05-06/1_95/260506_1924 snip [22/24] snip_92130.000_92490.000.flac
2759.3s - extractor 1: Luke - Diel Drivers/2026-05-06/1_95/260506_1924 snip [23/24] snip_95730.000_96090.000.flac
2760.5s - extractor 1: rescued 'animal_dog' at 95765.073s (1.331s) as animal_dog+mech_plane_jet
2760.5s - extractor 1: Luke - Diel Drivers/2026-05-06/1_95/260506_1924 snip [24/24] snip_99330.000_99690.000.flac
3432.5s - extractor 0: [3] Luke - Diel Drivers/2026-04-08/1_150/260408_1942 — 16 snip(s) → 1135 frames, 64 label(s) (ident took 1059.2s)
3432.5s - extractor 0: [4] Luke - Various Opportunistic Recordings/2025-06-23/1_23/250623_0857 — starting (both)
3432.5s - extractor 0: Luke - Various Opportunistic Recordings/2025-06-23/1_23/250623_0857 snip [1/3] snip_100950.015_101310.000.flac
3433.3s - extractor 0: rescued 'human' at 101130.973s (0.478s) as ambient_background+human
3433.3s - extractor 0: Luke - Various Opportunistic Recordings/2025-06-23/1_23/250623_0857 snip [2/3] snip_104550.000_104910.000.flac
3434.4s - extractor 0: rescued 'ambient_background' at 104591.430s (0.560s) as ambient_background+ins_buzz_medium+mech_beep
3434.4s - extractor 0: rescued 'mech_beep' at 104596.022s (1.203s) as ambient_background+ins_buzz_medium+mech_beep
3434.4s - extractor 0: rescued 'mech_beep' at 104611.033s (0.987s) as ambient_background+mech_beep
3434.4s - extractor 0: rescued 'ambient_background' at 104653.319s (0.801s) as ambient_background+mech_beep
3434.4s - extractor 0: rescued 'ambient_background' at 104658.602s (1.000s) as ambient_background+mech_beep
3434.4s - extractor 0: rescued 'mech_beep' at 104700.516s (1.396s) as ambient_background+ambient_rustle+human+ins_buzz_medium+mech_beep
3434.5s - extractor 0: rescued 'mech_beep' at 104713.165s (0.517s) as ambient_background+ins_buzz_medium+mech_beep
3434.5s - extractor 0: rescued 'human' at 104723.339s (1.084s) as ambient_background+human+ins_buzz_medium+mech_beep
3434.5s - extractor 0: rescued 'mech_beep' at 104809.326s (1.234s) as ambient_background+ins_buzz_medium+mech_beep
3434.5s - extractor 0: rescued 'ins_buzz_medium' at 104824.603s (0.619s) as ins_buzz_medium+mech_beep
3434.5s - extractor 0: rescued 'ins_buzz_medium' at 104860.539s (0.445s) as ins_buzz_medium+mech_beep
3434.5s - extractor 0: rescued 'mech_beep' at 104865.616s (0.947s) as mech_beep
3434.5s - extractor 0: Luke - Various Opportunistic Recordings/2025-06-23/1_23/250623_0857 snip [3/3] snip_108150.000_108510.000.flac
3435.2s - extractor 0: rescued 'ins_buzz_medium' at 108190.529s (1.100s) as ins_buzz_medium+mech_auto_background
3435.2s - extractor 0: rescued 'ins_buzz_medium' at 108215.977s (0.388s) as ins_buzz_medium+mech_auto_background+mech_plane_jet
3435.3s - extractor 0: rescued 'ins_buzz_medium' at 108455.912s (0.135s) as ins_buzz_medium+mech_auto_background+mech_plane_jet
3653.7s - extractor 0: [4] Luke - Various Opportunistic Recordings/2025-06-23/1_23/250623_0857 — 3 snip(s) → 213 frames, 36 label(s) (ident took 221.2s)
3653.7s - extractor 0: [5] Luke - Various Opportunistic Recordings/2025-07-03/1_37/250703_1635 — starting (both)
3653.7s - extractor 0: Luke - Various Opportunistic Recordings/2025-07-03/1_37/250703_1635 snip [1/15] snip_48270.000_48629.978.flac
3654.5s - extractor 0: Luke - Various Opportunistic Recordings/2025-07-03/1_37/250703_1635 snip [2/15] snip_51870.000_52230.000.flac
3655.3s - extractor 0: Luke - Various Opportunistic Recordings/2025-07-03/1_37/250703_1635 snip [3/15] snip_55470.000_55829.978.flac
3656.4s - extractor 0: rescued 'ins_buzz_medium' at 55550.103s (1.582s) as ambient_background+ins_buzz_medium
3656.4s - extractor 0: rescued 'ins_buzz_medium' at 55715.664s (0.653s) as ambient_background+ins_buzz_medium
3656.4s - extractor 0: rescued 'ins_buzz_medium' at 55750.043s (1.881s) as ambient_background+ins_buzz_medium
3656.4s - extractor 0: Luke - Various Opportunistic Recordings/2025-07-03/1_37/250703_1635 snip [4/15] snip_59070.000_59430.004.flac
3657.7s - extractor 0: rescued 'ambient_background' at 59135.446s (0.633s) as ambient_background+ins_buzz_medium
3657.7s - extractor 0: rescued 'ambient_background' at 59140.399s (0.208s) as ambient_background+ins_buzz_medium
3657.7s - extractor 0: rescued 'ins_buzz_medium' at 59144.651s (1.170s) as ambient_background+ins_buzz_medium
3657.8s - extractor 0: rescued 'ins_buzz_medium' at 59154.736s (1.235s) as ambient_background+ins_buzz_medium
3657.8s - extractor 0: rescued 'ambient_background' at 59180.400s (0.770s) as ambient_background+ins_buzz_medium
3657.8s - extractor 0: rescued 'ambient_background' at 59190.170s (0.867s) as ambient_background+ins_buzz_medium
3657.8s - extractor 0: rescued 'ins_buzz_medium' at 59269.810s (1.695s) as ambient_background+ins_buzz_medium
3657.9s - extractor 0: rescued 'ins_buzz_medium' at 59307.056s (1.056s) as ins_buzz_medium+mech_plane_jet
3657.9s - extractor 0: Luke - Various Opportunistic Recordings/2025-07-03/1_37/250703_1635 snip [5/15] snip_62670.000_63030.000.flac
3659.0s - extractor 0: rescued 'ins_buzz_medium' at 62780.083s (1.345s) as ambient_background+ins_buzz_medium
3659.0s - extractor 0: rescued 'ins_buzz_high' at 62940.880s (0.321s) as ambient_background+ins_buzz_high
3659.0s - extractor 0: Luke - Various Opportunistic Recordings/2025-07-03/1_37/250703_1635 snip [6/15] snip_66270.000_66630.000.flac
3660.6s - extractor 0: rescued 'ins_buzz_medium' at 66310.396s (1.476s) as ambient_background+ins_buzz_medium
3660.6s - extractor 0: rescued 'ins_buzz_medium' at 66345.825s (0.846s) as ambient_background+ins_buzz_medium
3660.6s - extractor 0: rescued 'ambient_background' at 66585.287s (1.118s) as ambient_background+ambient_bang
3660.6s - extractor 0: rescued 'ambient_background' at 66590.241s (0.908s) as ambient_background+ambient_bang
3660.6s - extractor 0: Luke - Various Opportunistic Recordings/2025-07-03/1_37/250703_1635 snip [7/15] snip_69870.000_70230.000.flac
3661.5s - extractor 0: Luke - Various Opportunistic Recordings/2025-07-03/1_37/250703_1635 snip [8/15] snip_73470.000_73830.000.flac
3662.5s - extractor 0: Luke - Various Opportunistic Recordings/2025-07-03/1_37/250703_1635 snip [9/15] snip_77070.000_77430.000.flac
3663.5s - extractor 0: Luke - Various Opportunistic Recordings/2025-07-03/1_37/250703_1635 snip [10/15] snip_80670.000_81030.000.flac
3664.5s - extractor 0: Luke - Various Opportunistic Recordings/2025-07-03/1_37/250703_1635 snip [11/15] snip_84270.000_84630.000.flac
3665.4s - extractor 0: Luke - Various Opportunistic Recordings/2025-07-03/1_37/250703_1635 snip [12/15] snip_87870.000_88230.000.flac
3666.4s - extractor 0: Luke - Various Opportunistic Recordings/2025-07-03/1_37/250703_1635 snip [13/15] snip_91470.000_91830.000.flac
3667.4s - extractor 0: Luke - Various Opportunistic Recordings/2025-07-03/1_37/250703_1635 snip [14/15] snip_95070.000_95430.000.flac
3668.3s - extractor 0: Luke - Various Opportunistic Recordings/2025-07-03/1_37/250703_1635 snip [15/15] snip_98670.000_99030.000.flac
4235.5s - extractor 1: [3] Luke - Diel Drivers/2026-05-06/1_95/260506_1924 — 24 snip(s) → 1571 frames, 147 label(s) (ident took 1508.8s)
4235.5s - extractor 1: [4] Luke - Various Opportunistic Recordings/2025-08-05/31/250805_1247 — starting (both)
4235.5s - extractor 1: Luke - Various Opportunistic Recordings/2025-08-05/31/250805_1247 snip [1/3] snip_101550.000_101910.000.flac
4236.4s - extractor 1: rescued 'ins_buzz_medium' at 101675.965s (0.500s) as ins_buzz_medium+ins_trill
4236.4s - extractor 1: rescued 'ins_buzz_pollination' at 101720.618s (0.629s) as ins_buzz_pollination+ins_trill
4236.4s - extractor 1: rescued 'ambient_scraping' at 101775.990s (0.272s) as ambient_rustle+ambient_scraping+ins_trill
4236.4s - extractor 1: Luke - Various Opportunistic Recordings/2025-08-05/31/250805_1247 snip [2/3] snip_69150.000_69510.000.flac
4237.3s - extractor 1: rescued 'ins_buzz_pollination' at 69190.878s (0.786s) as ins_buzz_medium+ins_buzz_pollination+ins_trill
4237.3s - extractor 1: rescued 'ins_buzz_pollination' at 69245.397s (0.732s) as ins_buzz_medium+ins_buzz_pollination+ins_trill
4237.3s - extractor 1: rescued 'ins_buzz_pollination' at 69275.333s (1.695s) as ins_buzz_medium+ins_buzz_pollination+ins_trill
4237.3s - extractor 1: rescued 'ins_buzz_pollination' at 69285.856s (1.084s) as ins_buzz_medium+ins_buzz_pollination+ins_trill
4237.3s - extractor 1: rescued 'ins_buzz_pollination' at 69345.645s (0.807s) as ins_buzz_medium+ins_buzz_pollination+ins_trill
4237.4s - extractor 1: rescued 'ins_buzz_pollination' at 69435.933s (1.084s) as ins_buzz_medium+ins_buzz_pollination+ins_trill+mech_plane_prop
4237.4s - extractor 1: rescued 'ins_buzz_pollination' at 69470.359s (0.775s) as ins_buzz_medium+ins_buzz_pollination+ins_trill+mech_plane_prop
4237.4s - extractor 1: Luke - Various Opportunistic Recordings/2025-08-05/31/250805_1247 snip [3/3] snip_72750.000_73110.000.flac
4403.8s - extractor 0: [5] Luke - Various Opportunistic Recordings/2025-07-03/1_37/250703_1635 — 15 snip(s) → 935 frames, 19 label(s) (ident took 750.1s)
4403.8s - extractor 0: [6] Luke - Various Opportunistic Recordings/2025-08-12/1_114/250812_1225 — starting (both)
4403.8s - extractor 0: Luke - Various Opportunistic Recordings/2025-08-12/1_114/250812_1225 snip [1/13] snip_102870.000_103230.000.flac
4404.6s - extractor 0: rescued 'mech_auto_car' at 103000.202s (1.263s) as ins_trill+mech_auto_car+mech_hum_traffic
4404.6s - extractor 0: rescued 'ins_buzz_medium' at 103015.752s (0.730s) as ins_buzz_medium+ins_trill+mech_auto_car+mech_hum_traffic
4404.6s - extractor 0: rescued 'ambient_bang' at 103175.898s (0.740s) as ambient_bang+ins_trill+mech_hum_traffic+mech_plane_jet
4404.6s - extractor 0: Luke - Various Opportunistic Recordings/2025-08-12/1_114/250812_1225 snip [2/13] snip_106470.000_106830.000.flac
4405.6s - extractor 0: rescued 'ins_buzz_pollination' at 106525.533s (0.943s) as ins_buzz_low+ins_buzz_pollination+ins_trill
4405.7s - extractor 0: rescued 'ins_buzz_medium' at 106550.755s (0.618s) as ins_buzz_low+ins_buzz_medium+ins_buzz_pollination+ins_trill
4405.7s - extractor 0: rescued 'ins_buzz_pollination' at 106575.537s (1.046s) as ins_buzz_low+ins_buzz_pollination+ins_trill+mech_hum_traffic
4405.7s - extractor 0: rescued 'ins_buzz_low' at 106595.846s (0.792s) as ins_buzz_low+ins_buzz_pollination+ins_trill+mech_hum_traffic
4405.8s - extractor 0: rescued 'ins_buzz_pollination' at 106625.317s (0.777s) as ins_buzz_low+ins_buzz_pollination+ins_trill+mech_auto_car+mech_hum_traffic
4405.8s - extractor 0: rescued 'ins_buzz_medium' at 106635.087s (1.284s) as ins_buzz_medium+ins_buzz_pollination+ins_trill+mech_hum_traffic
4405.8s - extractor 0: rescued 'ins_buzz_low' at 106655.915s (1.006s) as ins_buzz_low+ins_buzz_pollination+ins_trill+mech_hum_traffic+mech_plane_jet
4405.8s - extractor 0: rescued 'ins_buzz_low' at 106660.207s (1.363s) as animal_dog+ins_buzz_low+ins_buzz_pollination+ins_trill+mech_hum_traffic+mech_plane_jet
4405.8s - extractor 0: rescued 'ins_buzz_pollination' at 106665.355s (0.761s) as ins_buzz_low+ins_buzz_pollination+ins_trill+mech_hum_traffic
4405.9s - extractor 0: rescued 'ins_buzz_low' at 106670.383s (1.418s) as ins_buzz_low+ins_buzz_pollination+ins_trill+mech_hum_traffic
4405.9s - extractor 0: rescued 'ins_buzz_pollination' at 106685.902s (0.769s) as ins_buzz_medium+ins_buzz_pollination+ins_trill+mech_hum_traffic
4405.9s - extractor 0: rescued 'ins_buzz_medium' at 106700.227s (1.092s) as ins_buzz_medium+ins_buzz_pollination+ins_trill+mech_hum_traffic
4405.9s - extractor 0: rescued 'ins_buzz_medium' at 106710.683s (0.681s) as ins_buzz_medium+ins_buzz_pollination+ins_trill+mech_hum_traffic
4406.0s - extractor 0: rescued 'ins_buzz_medium' at 106720.213s (1.067s) as ins_buzz_high+ins_buzz_medium+ins_buzz_pollination+ins_trill+mech_hum_traffic
4406.0s - extractor 0: rescued 'ins_buzz_pollination' at 106730.261s (1.056s) as ins_buzz_medium+ins_buzz_pollination+ins_trill+mech_hum_traffic
4406.0s - extractor 0: rescued 'ins_buzz_medium' at 106775.893s (0.595s) as ins_buzz_high+ins_buzz_medium+ins_trill+mech_hum_traffic
4406.0s - extractor 0: rescued 'animal_dog' at 106780.820s (0.519s) as animal_dog+ins_buzz_high+ins_buzz_medium+ins_trill+mech_hum_traffic
4406.1s - extractor 0: rescued 'ins_buzz_medium' at 106785.620s (1.415s) as ins_buzz_high+ins_buzz_medium+ins_trill+mech_hum_traffic
4406.1s - extractor 0: Luke - Various Opportunistic Recordings/2025-08-12/1_114/250812_1225 snip [3/13] snip_110070.000_110430.000.flac
4407.3s - extractor 0: rescued 'ins_buzz_medium' at 110110.453s (0.947s) as ins_buzz_medium+ins_trill+mech_hum_traffic
4407.3s - extractor 0: rescued 'animal_frog' at 110170.481s (0.815s) as animal_frog+ins_trill+mech_hum_traffic+mech_plane_jet
4407.3s - extractor 0: rescued 'ins_buzz_medium' at 110260.939s (0.602s) as ins_buzz_medium+ins_trill+mech_hum_traffic+mech_plane_jet
4407.3s - extractor 0: rescued 'mech_auto_car' at 110295.265s (1.586s) as ins_trill+mech_auto_car+mech_hum_traffic+mech_plane_jet
4407.3s - extractor 0: Luke - Various Opportunistic Recordings/2025-08-12/1_114/250812_1225 snip [4/13] snip_113670.000_114030.000.flac
4408.3s - extractor 0: rescued 'ins_buzz_medium' at 113765.575s (0.941s) as ins_buzz_medium+ins_trill
4408.3s - extractor 0: rescued 'ambient_wind' at 113960.142s (1.008s) as ambient_wind+ins_trill
4408.3s - extractor 0: Luke - Various Opportunistic Recordings/2025-08-12/1_114/250812_1225 snip [5/13] snip_117270.000_117630.000.flac
4409.1s - extractor 0: Luke - Various Opportunistic Recordings/2025-08-12/1_114/250812_1225 snip [6/13] snip_120870.000_121230.000.flac
4409.1s - extractor 1: [4] Luke - Various Opportunistic Recordings/2025-08-05/31/250805_1247 — 3 snip(s) → 193 frames, 21 label(s) (ident took 173.6s)
4409.1s - extractor 1: [5] Luke - Various Opportunistic Recordings/2025-08-27/48/250827_1828 — starting (both)
4409.1s - extractor 1: Luke - Various Opportunistic Recordings/2025-08-27/48/250827_1828 snip [1/5] snip_19890.000_20250.000.flac
4409.6s - extractor 1: Luke - Various Opportunistic Recordings/2025-08-27/48/250827_1828 snip [2/5] snip_23490.000_23850.000.flac
4409.6s - extractor 0: Luke - Various Opportunistic Recordings/2025-08-12/1_114/250812_1225 snip [7/13] snip_124470.000_124830.000.flac
4410.1s - extractor 1: Luke - Various Opportunistic Recordings/2025-08-27/48/250827_1828 snip [3/5] snip_27090.000_27450.000.flac
4410.1s - extractor 0: Luke - Various Opportunistic Recordings/2025-08-12/1_114/250812_1225 snip [8/13] snip_41670.000_42030.000.flac
4410.6s - extractor 1: Luke - Various Opportunistic Recordings/2025-08-27/48/250827_1828 snip [4/5] snip_41490.000_41850.000.flac
4410.7s - extractor 0: rescued 'ambient_bang' at 41880.586s (1.453s) as ambient_bang+ins_trill
4410.7s - extractor 0: rescued 'ambient_scraping' at 41945.071s (1.506s) as ambient_scraping+ins_trill+mech_auto_truck
4410.7s - extractor 0: Luke - Various Opportunistic Recordings/2025-08-12/1_114/250812_1225 snip [9/13] snip_45270.000_45630.000.flac
4411.0s - extractor 1: Luke - Various Opportunistic Recordings/2025-08-27/48/250827_1828 snip [5/5] snip_48690.000_49050.000.flac
4411.2s - extractor 0: Luke - Various Opportunistic Recordings/2025-08-12/1_114/250812_1225 snip [10/13] snip_48870.000_49230.000.flac
4411.5s - extractor 1: rescued 'ambient_bang' at 48725.803s (0.238s) as ambient_background+ambient_bang+ins_buzz_medium
4411.5s - extractor 1: rescued 'ambient_background' at 48755.873s (0.606s) as ambient_background+ins_buzz_medium
4411.5s - extractor 1: rescued 'mech_beep' at 48765.251s (0.850s) as ins_buzz_medium+mech_auto_truck+mech_beep
4411.6s - extractor 1: rescued 'ambient_bang' at 48865.637s (0.641s) as ambient_bang+ins_buzz_medium
4411.6s - extractor 1: rescued 'ambient_bang' at 49002.970s (0.489s) as ambient_bang+ins_buzz_medium+mech_beep
4411.7s - extractor 0: Luke - Various Opportunistic Recordings/2025-08-12/1_114/250812_1225 snip [11/13] snip_52470.000_52830.000.flac
4412.3s - extractor 0: rescued 'ins_buzz_pollination' at 52510.822s (0.483s) as ambient_rain+ins_buzz_pollination+ins_trill
4412.3s - extractor 0: Luke - Various Opportunistic Recordings/2025-08-12/1_114/250812_1225 snip [12/13] snip_56070.000_56430.000.flac
4413.0s - extractor 0: Luke - Various Opportunistic Recordings/2025-08-12/1_114/250812_1225 snip [13/13] snip_92070.000_92430.000.flac
4699.8s - extractor 1: [5] Luke - Various Opportunistic Recordings/2025-08-27/48/250827_1828 — 5 snip(s) → 311 frames, 22 label(s) (ident took 290.7s)
4699.8s - extractor 1: [6] Luke - Various Opportunistic Recordings/2026-07-27/1_25/260727_1632 — starting (both)
4699.8s - extractor 1: Luke - Various Opportunistic Recordings/2026-07-27/1_25/260727_1632 snip [1/1] snip_41250.000_41610.000.flac
4700.6s - extractor 1: rescued 'ambient_thunder' at 41410.375s (1.156s) as ambient_rain+ambient_thunder
4756.2s - extractor 1: [6] Luke - Various Opportunistic Recordings/2026-07-27/1_25/260727_1632 — 1 snip(s) → 62 frames, 4 label(s) (ident took 56.5s)
4756.3s - extractor 1: [7] Luke - Various Opportunistic Recordings/2026-07-27/1_99/260727_1633 — starting (both)
4756.3s - extractor 1: Luke - Various Opportunistic Recordings/2026-07-27/1_99/260727_1633 snip [1/5] snip_102390.000_102750.000.flac
4757.2s - extractor 1: rescued 'ambient_background' at 102605.586s (1.067s) as ambient_background+ambient_rustle+ins_buzz_medium+mech_auto_car
4757.2s - extractor 1: Luke - Various Opportunistic Recordings/2026-07-27/1_99/260727_1633 snip [2/5] snip_105990.000_106350.000.flac
4758.0s - extractor 1: Luke - Various Opportunistic Recordings/2026-07-27/1_99/260727_1633 snip [3/5] snip_109590.000_109950.000.flac
4758.7s - extractor 1: Luke - Various Opportunistic Recordings/2026-07-27/1_99/260727_1633 snip [4/5] snip_30390.000_30750.000.flac
4759.4s - extractor 1: Luke - Various Opportunistic Recordings/2026-07-27/1_99/260727_1633 snip [5/5] snip_59190.000_59550.000.flac
4760.2s - extractor 1: rescued 'ins_buzz_medium' at 59340.369s (1.643s) as ins_buzz_medium+mech_plane_prop
4760.2s - extractor 1: rescued 'ins_buzz_medium' at 59460.224s (1.315s) as ambient_background+ins_buzz_medium
5027.5s - extractor 1: [7] Luke - Various Opportunistic Recordings/2026-07-27/1_99/260727_1633 — 5 snip(s) → 308 frames, 24 label(s) (ident took 271.2s)
5027.5s - extractor 1: [8] Chia - Bee Audio 2022 Original/7-13-22_SouthCharleston/1/220713_0941_01 — starting (both)
5027.5s - extractor 1: Chia - Bee Audio 2022 Original/7-13-22_SouthCharleston/1/220713_0941_01 snip [1/158] snip_100751.830_100814.830.flac
5027.5s - extractor 1: Chia - Bee Audio 2022 Original/7-13-22_SouthCharleston/1/220713_0941_01 snip [2/158] snip_101618.220_101679.250.flac
5027.6s - extractor 1: Chia - Bee Audio 2022 Original/7-13-22_SouthCharleston/1/220713_0941_01 snip [3/158] snip_101856.890_101917.890.flac
5027.6s - extractor 1: Chia - Bee Audio 2022 Original/7-13-22_SouthCharleston/1/220713_0941_01 snip [4/158] snip_102503.480_102566.480.flac
5027.6s - extractor 1: Chia - Bee Audio 2022 Original/7-13-22_SouthCharleston/1/220713_0941_01 snip [5/158] snip_106371.640_106432.640.flac
5027.7s - extractor 1: Chia - Bee Audio 2022 Original/7-13-22_SouthCharleston/1/220713_0941_01 snip [6/158] snip_108709.510_108772.510.flac
5027.8s - extractor 1: Chia - Bee Audio 2022 Original/7-13-22_SouthCharleston/1/220713_0941_01 snip [7/158] snip_109065.750_109378.740.flac
5028.8s - extractor 1: rescued 'ins_buzz_medium' at 109286.230s (0.540s) as ins_buzz_medium+mech_plane_prop
5028.8s - extractor 1: Chia - Bee Audio 2022 Original/7-13-22_SouthCharleston/1/220713_0941_01 snip [8/158] snip_110663.920_110726.920.flac
5028.9s - extractor 1: Chia - Bee Audio 2022 Original/7-13-22_SouthCharleston/1/220713_0941_01 snip [9/158] snip_111276.780_111369.970.flac
5028.9s - extractor 1: Chia - Bee Audio 2022 Original/7-13-22_SouthCharleston/1/220713_0941_01 snip [10/158] snip_111749.990_111812.990.flac
5029.0s - extractor 1: Chia - Bee Audio 2022 Original/7-13-22_SouthCharleston/1/220713_0941_01 snip [11/158] snip_113064.080_113127.080.flac
5029.0s - extractor 1: Chia - Bee Audio 2022 Original/7-13-22_SouthCharleston/1/220713_0941_01 snip [12/158] snip_114134.520_114197.520.flac
5029.1s - extractor 1: Chia - Bee Audio 2022 Original/7-13-22_SouthCharleston/1/220713_0941_01 snip [13/158] snip_114668.860_114729.860.flac
5029.1s - extractor 1: Chia - Bee Audio 2022 Original/7-13-22_SouthCharleston/1/220713_0941_01 snip [14/158] snip_115150.800_115213.800.flac
5029.1s - extractor 1: Chia - Bee Audio 2022 Original/7-13-22_SouthCharleston/1/220713_0941_01 snip [15/158] snip_115635.120_115696.110.flac
5029.2s - extractor 1: Chia - Bee Audio 2022 Original/7-13-22_SouthCharleston/1/220713_0941_01 snip [16/158] snip_116110.960_116171.960.flac
5029.2s - extractor 1: Chia - Bee Audio 2022 Original/7-13-22_SouthCharleston/1/220713_0941_01 snip [17/158] snip_117128.500_117488.430.flac
5030.1s - extractor 1: Chia - Bee Audio 2022 Original/7-13-22_SouthCharleston/1/220713_0941_01 snip [18/158] snip_12037.080_12098.080.flac
5030.2s - extractor 1: Chia - Bee Audio 2022 Original/7-13-22_SouthCharleston/1/220713_0941_01 snip [19/158] snip_12105.690_12166.690.flac
5030.2s - extractor 1: Chia - Bee Audio 2022 Original/7-13-22_SouthCharleston/1/220713_0941_01 snip [20/158] snip_12268.880_12331.880.flac
5030.2s - extractor 1: Chia - Bee Audio 2022 Original/7-13-22_SouthCharleston/1/220713_0941_01 snip [21/158] snip_127110.000_127173.000.flac
5030.3s - extractor 1: Chia - Bee Audio 2022 Original/7-13-22_SouthCharleston/1/220713_0941_01 snip [22/158] snip_130710.000_130773.000.flac
5030.4s - extractor 1: Chia - Bee Audio 2022 Original/7-13-22_SouthCharleston/1/220713_0941_01 snip [23/158] snip_134310.000_134373.000.flac
5030.4s - extractor 1: Chia - Bee Audio 2022 Original/7-13-22_SouthCharleston/1/220713_0941_01 snip [24/158] snip_13622.060_13683.060.flac
5030.5s - extractor 1: Chia - Bee Audio 2022 Original/7-13-22_SouthCharleston/1/220713_0941_01 snip [25/158] snip_13759.790_13849.960.flac
5030.5s - extractor 1: Chia - Bee Audio 2022 Original/7-13-22_SouthCharleston/1/220713_0941_01 snip [26/158] snip_137910.000_137973.000.flac
5030.6s - extractor 1: Chia - Bee Audio 2022 Original/7-13-22_SouthCharleston/1/220713_0941_01 snip [27/158] snip_13915.440_13976.440.flac
5030.6s - extractor 1: Chia - Bee Audio 2022 Original/7-13-22_SouthCharleston/1/220713_0941_01 snip [28/158] snip_13980.140_14083.430.flac
5030.7s - extractor 1: Chia - Bee Audio 2022 Original/7-13-22_SouthCharleston/1/220713_0941_01 snip [29/158] snip_141868.980_141931.980.flac
5030.7s - extractor 1: Chia - Bee Audio 2022 Original/7-13-22_SouthCharleston/1/220713_0941_01 snip [30/158] snip_14335.610_14685.250.flac
5031.2s - extractor 1: Chia - Bee Audio 2022 Original/7-13-22_SouthCharleston/1/220713_0941_01 snip [31/158] snip_145110.000_145173.000.flac
5031.3s - extractor 1: Chia - Bee Audio 2022 Original/7-13-22_SouthCharleston/1/220713_0941_01 snip [32/158] snip_14692.490_14770.960.flac
5031.4s - extractor 1: Chia - Bee Audio 2022 Original/7-13-22_SouthCharleston/1/220713_0941_01 snip [33/158] snip_148710.000_148773.000.flac
5031.4s - extractor 1: Chia - Bee Audio 2022 Original/7-13-22_SouthCharleston/1/220713_0941_01 snip [34/158] snip_14872.910_14933.900.flac
5031.5s - extractor 1: Chia - Bee Audio 2022 Original/7-13-22_SouthCharleston/1/220713_0941_01 snip [35/158] snip_152310.000_152373.000.flac
5031.5s - extractor 1: Chia - Bee Audio 2022 Original/7-13-22_SouthCharleston/1/220713_0941_01 snip [36/158] snip_15436.830_15654.580.flac
5031.8s - extractor 1: Chia - Bee Audio 2022 Original/7-13-22_SouthCharleston/1/220713_0941_01 snip [37/158] snip_155910.000_155973.000.flac
5031.8s - extractor 1: Chia - Bee Audio 2022 Original/7-13-22_SouthCharleston/1/220713_0941_01 snip [38/158] snip_15661.690_15799.480.flac
5032.0s - extractor 1: Chia - Bee Audio 2022 Original/7-13-22_SouthCharleston/1/220713_0941_01 snip [39/158] snip_15837.240_15924.240.flac
5032.1s - extractor 1: Chia - Bee Audio 2022 Original/7-13-22_SouthCharleston/1/220713_0941_01 snip [40/158] snip_159510.000_159573.000.flac
5032.2s - extractor 1: Chia - Bee Audio 2022 Original/7-13-22_SouthCharleston/1/220713_0941_01 snip [41/158] snip_16244.010_16305.010.flac
5032.3s - extractor 1: Chia - Bee Audio 2022 Original/7-13-22_SouthCharleston/1/220713_0941_01 snip [42/158] snip_16324.160_16387.160.flac
5032.3s - extractor 1: Chia - Bee Audio 2022 Original/7-13-22_SouthCharleston/1/220713_0941_01 snip [43/158] snip_16406.510_16467.510.flac
5032.4s - extractor 1: Chia - Bee Audio 2022 Original/7-13-22_SouthCharleston/1/220713_0941_01 snip [44/158] snip_167201.950_167262.950.flac
5032.4s - extractor 1: Chia - Bee Audio 2022 Original/7-13-22_SouthCharleston/1/220713_0941_01 snip [45/158] snip_16770.830_16870.690.flac
5032.5s - extractor 1: Chia - Bee Audio 2022 Original/7-13-22_SouthCharleston/1/220713_0941_01 snip [46/158] snip_168420.200_168483.200.flac
5032.5s - extractor 1: Chia - Bee Audio 2022 Original/7-13-22_SouthCharleston/1/220713_0941_01 snip [47/158] snip_16874.700_16951.300.flac
5032.6s - extractor 1: Chia - Bee Audio 2022 Original/7-13-22_SouthCharleston/1/220713_0941_01 snip [48/158] snip_169367.080_169428.080.flac
5032.7s - extractor 1: Chia - Bee Audio 2022 Original/7-13-22_SouthCharleston/1/220713_0941_01 snip [49/158] snip_16966.970_17027.970.flac
5032.7s - extractor 1: Chia - Bee Audio 2022 Original/7-13-22_SouthCharleston/1/220713_0941_01 snip [50/158] snip_17032.600_17130.240.flac
5032.8s - extractor 1: Chia - Bee Audio 2022 Original/7-13-22_SouthCharleston/1/220713_0941_01 snip [51/158] snip_170627.910_170690.910.flac
5032.8s - extractor 1: Chia - Bee Audio 2022 Original/7-13-22_SouthCharleston/1/220713_0941_01 snip [52/158] snip_17178.010_17316.600.flac
5033.0s - extractor 1: Chia - Bee Audio 2022 Original/7-13-22_SouthCharleston/1/220713_0941_01 snip [53/158] snip_17388.640_17449.640.flac
5033.0s - extractor 1: Chia - Bee Audio 2022 Original/7-13-22_SouthCharleston/1/220713_0941_01 snip [54/158] snip_17486.090_17583.170.flac
5033.2s - extractor 1: Chia - Bee Audio 2022 Original/7-13-22_SouthCharleston/1/220713_0941_01 snip [55/158] snip_175019.330_175082.330.flac
5033.2s - extractor 1: Chia - Bee Audio 2022 Original/7-13-22_SouthCharleston/1/220713_0941_01 snip [56/158] snip_17591.800_17737.940.flac
5033.3s - extractor 1: Chia - Bee Audio 2022 Original/7-13-22_SouthCharleston/1/220713_0941_01 snip [57/158] snip_177521.100_177582.100.flac
5033.3s - extractor 1: Chia - Bee Audio 2022 Original/7-13-22_SouthCharleston/1/220713_0941_01 snip [58/158] snip_177687.910_177750.910.flac
5033.4s - extractor 1: Chia - Bee Audio 2022 Original/7-13-22_SouthCharleston/1/220713_0941_01 snip [59/158] snip_178463.880_178568.660.flac
5033.4s - extractor 1: Chia - Bee Audio 2022 Original/7-13-22_SouthCharleston/1/220713_0941_01 snip [60/158] snip_17862.750_17932.960.flac
5033.5s - extractor 1: Chia - Bee Audio 2022 Original/7-13-22_SouthCharleston/1/220713_0941_01 snip [61/158] snip_17969.600_18264.850.flac
5033.8s - extractor 1: Chia - Bee Audio 2022 Original/7-13-22_SouthCharleston/1/220713_0941_01 snip [62/158] snip_18332.510_18483.590.flac
5034.1s - extractor 1: Chia - Bee Audio 2022 Original/7-13-22_SouthCharleston/1/220713_0941_01 snip [63/158] snip_18567.290_18628.290.flac
5034.2s - extractor 1: Chia - Bee Audio 2022 Original/7-13-22_SouthCharleston/1/220713_0941_01 snip [64/158] snip_18665.260_18726.260.flac
5034.2s - extractor 1: Chia - Bee Audio 2022 Original/7-13-22_SouthCharleston/1/220713_0941_01 snip [65/158] snip_19335.180_19396.180.flac
5034.3s - extractor 1: Chia - Bee Audio 2022 Original/7-13-22_SouthCharleston/1/220713_0941_01 snip [66/158] snip_20406.950_20469.950.flac
5034.3s - extractor 1: Chia - Bee Audio 2022 Original/7-13-22_SouthCharleston/1/220713_0941_01 snip [67/158] snip_20671.720_20764.390.flac
5034.4s - extractor 1: Chia - Bee Audio 2022 Original/7-13-22_SouthCharleston/1/220713_0941_01 snip [68/158] snip_20871.530_20952.920.flac
5034.5s - extractor 1: Chia - Bee Audio 2022 Original/7-13-22_SouthCharleston/1/220713_0941_01 snip [69/158] snip_21183.080_21244.080.flac
5034.5s - extractor 1: Chia - Bee Audio 2022 Original/7-13-22_SouthCharleston/1/220713_0941_01 snip [70/158] snip_21304.320_21365.320.flac
5034.5s - extractor 1: Chia - Bee Audio 2022 Original/7-13-22_SouthCharleston/1/220713_0941_01 snip [71/158] snip_21480.910_21541.910.flac
5034.5s - extractor 1: Chia - Bee Audio 2022 Original/7-13-22_SouthCharleston/1/220713_0941_01 snip [72/158] snip_21776.960_21839.960.flac
5034.6s - extractor 1: Chia - Bee Audio 2022 Original/7-13-22_SouthCharleston/1/220713_0941_01 snip [73/158] snip_22074.800_22135.800.flac
5034.6s - extractor 1: Chia - Bee Audio 2022 Original/7-13-22_SouthCharleston/1/220713_0941_01 snip [74/158] snip_22414.480_22477.480.flac
5034.6s - extractor 1: Chia - Bee Audio 2022 Original/7-13-22_SouthCharleston/1/220713_0941_01 snip [75/158] snip_22756.190_22817.190.flac
5034.7s - extractor 1: Chia - Bee Audio 2022 Original/7-13-22_SouthCharleston/1/220713_0941_01 snip [76/158] snip_22986.040_23049.040.flac
5034.7s - extractor 1: Chia - Bee Audio 2022 Original/7-13-22_SouthCharleston/1/220713_0941_01 snip [77/158] snip_23218.120_23279.120.flac
5034.7s - extractor 1: Chia - Bee Audio 2022 Original/7-13-22_SouthCharleston/1/220713_0941_01 snip [78/158] snip_23370.000_23433.000.flac
5034.7s - extractor 1: Chia - Bee Audio 2022 Original/7-13-22_SouthCharleston/1/220713_0941_01 snip [79/158] snip_23523.760_23584.760.flac
5034.8s - extractor 1: Chia - Bee Audio 2022 Original/7-13-22_SouthCharleston/1/220713_0941_01 snip [80/158] snip_23623.760_23686.760.flac
5034.8s - extractor 1: Chia - Bee Audio 2022 Original/7-13-22_SouthCharleston/1/220713_0941_01 snip [81/158] snip_23725.840_23786.840.flac
5034.8s - extractor 1: Chia - Bee Audio 2022 Original/7-13-22_SouthCharleston/1/220713_0941_01 snip [82/158] snip_24013.160_24076.160.flac
5034.9s - extractor 1: Chia - Bee Audio 2022 Original/7-13-22_SouthCharleston/1/220713_0941_01 snip [83/158] snip_24302.270_24363.270.flac
5034.9s - extractor 1: Chia - Bee Audio 2022 Original/7-13-22_SouthCharleston/1/220713_0941_01 snip [84/158] snip_24409.010_24472.010.flac
5034.9s - extractor 1: Chia - Bee Audio 2022 Original/7-13-22_SouthCharleston/1/220713_0941_01 snip [85/158] snip_24518.010_24579.010.flac
5035.0s - extractor 1: Chia - Bee Audio 2022 Original/7-13-22_SouthCharleston/1/220713_0941_01 snip [86/158] snip_24713.080_24774.080.flac
5035.0s - extractor 1: Chia - Bee Audio 2022 Original/7-13-22_SouthCharleston/1/220713_0941_01 snip [87/158] snip_25471.370_25532.370.flac
5035.0s - extractor 1: Chia - Bee Audio 2022 Original/7-13-22_SouthCharleston/1/220713_0941_01 snip [88/158] snip_25657.640_25720.640.flac
5035.1s - extractor 1: Chia - Bee Audio 2022 Original/7-13-22_SouthCharleston/1/220713_0941_01 snip [89/158] snip_25846.250_25907.250.flac
5035.1s - extractor 1: Chia - Bee Audio 2022 Original/7-13-22_SouthCharleston/1/220713_0941_01 snip [90/158] snip_26257.720_26320.720.flac
5035.1s - extractor 1: Chia - Bee Audio 2022 Original/7-13-22_SouthCharleston/1/220713_0941_01 snip [91/158] snip_26671.260_26732.260.flac
5035.2s - extractor 1: Chia - Bee Audio 2022 Original/7-13-22_SouthCharleston/1/220713_0941_01 snip [92/158] snip_27603.000_27676.240.flac
5035.2s - extractor 1: Chia - Bee Audio 2022 Original/7-13-22_SouthCharleston/1/220713_0941_01 snip [93/158] snip_27786.790_27849.790.flac
5035.3s - extractor 1: Chia - Bee Audio 2022 Original/7-13-22_SouthCharleston/1/220713_0941_01 snip [94/158] snip_28904.010_28965.010.flac
5035.3s - extractor 1: Chia - Bee Audio 2022 Original/7-13-22_SouthCharleston/1/220713_0941_01 snip [95/158] snip_29235.270_29298.270.flac
5035.3s - extractor 1: Chia - Bee Audio 2022 Original/7-13-22_SouthCharleston/1/220713_0941_01 snip [96/158] snip_3212.410_3322.150.flac
5035.4s - extractor 1: Chia - Bee Audio 2022 Original/7-13-22_SouthCharleston/1/220713_0941_01 snip [97/158] snip_33144.770_33207.770.flac
5035.4s - extractor 1: Chia - Bee Audio 2022 Original/7-13-22_SouthCharleston/1/220713_0941_01 snip [98/158] snip_334.670_397.630.flac
5035.5s - extractor 1: Chia - Bee Audio 2022 Original/7-13-22_SouthCharleston/1/220713_0941_01 snip [99/158] snip_3529.150_3590.150.flac
5035.5s - extractor 1: Chia - Bee Audio 2022 Original/7-13-22_SouthCharleston/1/220713_0941_01 snip [100/158] snip_35647.090_36458.310.flac
5038.7s - extractor 1: Chia - Bee Audio 2022 Original/7-13-22_SouthCharleston/1/220713_0941_01 snip [101/158] snip_3616.390_3679.390.flac
5038.8s - extractor 1: Chia - Bee Audio 2022 Original/7-13-22_SouthCharleston/1/220713_0941_01 snip [102/158] snip_36722.680_36783.680.flac
5038.8s - extractor 1: Chia - Bee Audio 2022 Original/7-13-22_SouthCharleston/1/220713_0941_01 snip [103/158] snip_37584.800_37647.800.flac
5038.9s - extractor 1: Chia - Bee Audio 2022 Original/7-13-22_SouthCharleston/1/220713_0941_01 snip [104/158] snip_38531.480_38594.480.flac
5039.0s - extractor 1: Chia - Bee Audio 2022 Original/7-13-22_SouthCharleston/1/220713_0941_01 snip [105/158] snip_38615.840_38676.840.flac
5039.0s - extractor 1: Chia - Bee Audio 2022 Original/7-13-22_SouthCharleston/1/220713_0941_01 snip [106/158] snip_40710.000_40773.000.flac
5039.1s - extractor 1: Chia - Bee Audio 2022 Original/7-13-22_SouthCharleston/1/220713_0941_01 snip [107/158] snip_4151.610_4212.610.flac
5039.1s - extractor 1: Chia - Bee Audio 2022 Original/7-13-22_SouthCharleston/1/220713_0941_01 snip [108/158] snip_4259.070_4320.070.flac
5039.2s - extractor 1: Chia - Bee Audio 2022 Original/7-13-22_SouthCharleston/1/220713_0941_01 snip [109/158] snip_4374.960_4435.960.flac
5039.2s - extractor 1: Chia - Bee Audio 2022 Original/7-13-22_SouthCharleston/1/220713_0941_01 snip [110/158] snip_44310.000_44373.000.flac
5039.3s - extractor 1: Chia - Bee Audio 2022 Original/7-13-22_SouthCharleston/1/220713_0941_01 snip [111/158] snip_4455.560_4516.560.flac
5039.4s - extractor 1: Chia - Bee Audio 2022 Original/7-13-22_SouthCharleston/1/220713_0941_01 snip [112/158] snip_47910.000_47973.000.flac
5039.4s - extractor 1: Chia - Bee Audio 2022 Original/7-13-22_SouthCharleston/1/220713_0941_01 snip [113/158] snip_51510.000_51573.000.flac
5039.4s - extractor 1: Chia - Bee Audio 2022 Original/7-13-22_SouthCharleston/1/220713_0941_01 snip [114/158] snip_5426.050_5489.050.flac
5039.5s - extractor 1: Chia - Bee Audio 2022 Original/7-13-22_SouthCharleston/1/220713_0941_01 snip [115/158] snip_55110.000_55173.000.flac
5039.5s - extractor 1: Chia - Bee Audio 2022 Original/7-13-22_SouthCharleston/1/220713_0941_01 snip [116/158] snip_58095.940_58158.940.flac
5039.6s - extractor 1: Chia - Bee Audio 2022 Original/7-13-22_SouthCharleston/1/220713_0941_01 snip [117/158] snip_5846.350_5907.350.flac
5039.6s - extractor 1: Chia - Bee Audio 2022 Original/7-13-22_SouthCharleston/1/220713_0941_01 snip [118/158] snip_58710.000_58773.000.flac
5039.7s - extractor 1: Chia - Bee Audio 2022 Original/7-13-22_SouthCharleston/1/220713_0941_01 snip [119/158] snip_62310.000_62373.000.flac
5039.8s - extractor 1: Chia - Bee Audio 2022 Original/7-13-22_SouthCharleston/1/220713_0941_01 snip [120/158] snip_65910.000_65973.000.flac
5039.8s - extractor 1: Chia - Bee Audio 2022 Original/7-13-22_SouthCharleston/1/220713_0941_01 snip [121/158] snip_69510.000_69573.000.flac
5039.9s - extractor 1: Chia - Bee Audio 2022 Original/7-13-22_SouthCharleston/1/220713_0941_01 snip [122/158] snip_7147.920_7208.920.flac
5040.0s - extractor 1: Chia - Bee Audio 2022 Original/7-13-22_SouthCharleston/1/220713_0941_01 snip [123/158] snip_73110.000_73173.000.flac
5040.1s - extractor 1: Chia - Bee Audio 2022 Original/7-13-22_SouthCharleston/1/220713_0941_01 snip [124/158] snip_76710.000_76773.000.flac
5040.1s - extractor 1: Chia - Bee Audio 2022 Original/7-13-22_SouthCharleston/1/220713_0941_01 snip [125/158] snip_7720.920_7783.920.flac
5040.2s - extractor 1: Chia - Bee Audio 2022 Original/7-13-22_SouthCharleston/1/220713_0941_01 snip [126/158] snip_78838.000_78901.000.flac
5040.3s - extractor 1: Chia - Bee Audio 2022 Original/7-13-22_SouthCharleston/1/220713_0941_01 snip [127/158] snip_79799.390_79863.660.flac
5040.4s - extractor 1: Chia - Bee Audio 2022 Original/7-13-22_SouthCharleston/1/220713_0941_01 snip [128/158] snip_80100.090_80161.090.flac
5040.4s - extractor 1: Chia - Bee Audio 2022 Original/7-13-22_SouthCharleston/1/220713_0941_01 snip [129/158] snip_80310.000_80373.000.flac
5040.5s - extractor 1: Chia - Bee Audio 2022 Original/7-13-22_SouthCharleston/1/220713_0941_01 snip [130/158] snip_80541.190_80604.190.flac
5040.5s - extractor 1: Chia - Bee Audio 2022 Original/7-13-22_SouthCharleston/1/220713_0941_01 snip [131/158] snip_8056.400_8177.510.flac
5040.6s - extractor 1: Chia - Bee Audio 2022 Original/7-13-22_SouthCharleston/1/220713_0941_01 snip [132/158] snip_80984.170_81045.170.flac
5040.7s - extractor 1: Chia - Bee Audio 2022 Original/7-13-22_SouthCharleston/1/220713_0941_01 snip [133/158] snip_81547.220_81616.210.flac
5040.8s - extractor 1: Chia - Bee Audio 2022 Original/7-13-22_SouthCharleston/1/220713_0941_01 snip [134/158] snip_81713.270_81776.270.flac
5040.8s - extractor 1: Chia - Bee Audio 2022 Original/7-13-22_SouthCharleston/1/220713_0941_01 snip [135/158] snip_82557.240_82620.240.flac
5040.9s - extractor 1: Chia - Bee Audio 2022 Original/7-13-22_SouthCharleston/1/220713_0941_01 snip [136/158] snip_82672.280_82733.280.flac
5040.9s - extractor 1: Chia - Bee Audio 2022 Original/7-13-22_SouthCharleston/1/220713_0941_01 snip [137/158] snip_84274.720_84381.280.flac
5041.1s - extractor 1: Chia - Bee Audio 2022 Original/7-13-22_SouthCharleston/1/220713_0941_01 snip [138/158] snip_84417.160_84494.560.flac
5041.2s - extractor 1: Chia - Bee Audio 2022 Original/7-13-22_SouthCharleston/1/220713_0941_01 snip [139/158] snip_84502.430_84563.430.flac
5041.3s - extractor 1: Chia - Bee Audio 2022 Original/7-13-22_SouthCharleston/1/220713_0941_01 snip [140/158] snip_84573.230_84648.690.flac
5041.3s - extractor 1: Chia - Bee Audio 2022 Original/7-13-22_SouthCharleston/1/220713_0941_01 snip [141/158] snip_84965.260_85078.290.flac
5041.5s - extractor 1: Chia - Bee Audio 2022 Original/7-13-22_SouthCharleston/1/220713_0941_01 snip [142/158] snip_85122.360_85210.000.flac
5041.6s - extractor 1: Chia - Bee Audio 2022 Original/7-13-22_SouthCharleston/1/220713_0941_01 snip [143/158] snip_85485.930_85549.680.flac
5041.7s - extractor 1: Chia - Bee Audio 2022 Original/7-13-22_SouthCharleston/1/220713_0941_01 snip [144/158] snip_85549.790_85624.210.flac
5041.8s - extractor 1: Chia - Bee Audio 2022 Original/7-13-22_SouthCharleston/1/220713_0941_01 snip [145/158] snip_86108.970_86351.560.flac
5042.4s - extractor 1: Chia - Bee Audio 2022 Original/7-13-22_SouthCharleston/1/220713_0941_01 snip [146/158] snip_86420.650_86501.640.flac
5042.4s - extractor 1: Chia - Bee Audio 2022 Original/7-13-22_SouthCharleston/1/220713_0941_01 snip [147/158] snip_86620.200_86683.200.flac
5042.5s - extractor 1: Chia - Bee Audio 2022 Original/7-13-22_SouthCharleston/1/220713_0941_01 snip [148/158] snip_89067.290_89128.290.flac
5042.5s - extractor 1: Chia - Bee Audio 2022 Original/7-13-22_SouthCharleston/1/220713_0941_01 snip [149/158] snip_90370.110_90431.110.flac
5042.6s - extractor 1: Chia - Bee Audio 2022 Original/7-13-22_SouthCharleston/1/220713_0941_01 snip [150/158] snip_90570.170_90631.170.flac
5042.6s - extractor 1: Chia - Bee Audio 2022 Original/7-13-22_SouthCharleston/1/220713_0941_01 snip [151/158] snip_91211.910_91274.910.flac
5042.6s - extractor 1: Chia - Bee Audio 2022 Original/7-13-22_SouthCharleston/1/220713_0941_01 snip [152/158] snip_91855.740_91916.740.flac
5042.6s - extractor 1: Chia - Bee Audio 2022 Original/7-13-22_SouthCharleston/1/220713_0941_01 snip [153/158] snip_92927.110_92990.110.flac
5042.7s - extractor 1: Chia - Bee Audio 2022 Original/7-13-22_SouthCharleston/1/220713_0941_01 snip [154/158] snip_94000.270_94061.270.flac
5042.8s - extractor 1: Chia - Bee Audio 2022 Original/7-13-22_SouthCharleston/1/220713_0941_01 snip [155/158] snip_94826.580_94889.580.flac
5042.8s - extractor 1: Chia - Bee Audio 2022 Original/7-13-22_SouthCharleston/1/220713_0941_01 snip [156/158] snip_96709.520_96770.520.flac
5042.8s - extractor 1: Chia - Bee Audio 2022 Original/7-13-22_SouthCharleston/1/220713_0941_01 snip [157/158] snip_97770.320_97833.320.flac
5042.9s - extractor 1: Chia - Bee Audio 2022 Original/7-13-22_SouthCharleston/1/220713_0941_01 snip [158/158] snip_99887.660_99948.660.flac
5155.8s - extractor 0: [6] Luke - Various Opportunistic Recordings/2025-08-12/1_114/250812_1225 — 13 snip(s) → 823 frames, 66 label(s) (ident took 752.0s)
5155.8s - extractor 0: [7] Chia - Bee Audio 2022 Original/7-13-22_SouthCharleston/1/220715_1123 — starting (both)
5155.8s - extractor 0: Chia - Bee Audio 2022 Original/7-13-22_SouthCharleston/1/220715_1123 snip [1/101] snip_10376.120_10437.120.flac
5155.8s - extractor 0: Chia - Bee Audio 2022 Original/7-13-22_SouthCharleston/1/220715_1123 snip [2/101] snip_10687.000_10748.000.flac
5155.9s - extractor 0: Chia - Bee Audio 2022 Original/7-13-22_SouthCharleston/1/220715_1123 snip [3/101] snip_11090.750_11151.750.flac
5155.9s - extractor 0: Chia - Bee Audio 2022 Original/7-13-22_SouthCharleston/1/220715_1123 snip [4/101] snip_11155.500_11216.490.flac
5155.9s - extractor 0: Chia - Bee Audio 2022 Original/7-13-22_SouthCharleston/1/220715_1123 snip [5/101] snip_11342.700_11406.480.flac
5156.0s - extractor 0: Chia - Bee Audio 2022 Original/7-13-22_SouthCharleston/1/220715_1123 snip [6/101] snip_12057.420_12118.420.flac
5156.1s - extractor 0: Chia - Bee Audio 2022 Original/7-13-22_SouthCharleston/1/220715_1123 snip [7/101] snip_12613.320_12677.970.flac
5156.1s - extractor 0: Chia - Bee Audio 2022 Original/7-13-22_SouthCharleston/1/220715_1123 snip [8/101] snip_16888.910_16949.910.flac
5156.2s - extractor 0: Chia - Bee Audio 2022 Original/7-13-22_SouthCharleston/1/220715_1123 snip [9/101] snip_17259.030_17322.030.flac
5156.2s - extractor 0: Chia - Bee Audio 2022 Original/7-13-22_SouthCharleston/1/220715_1123 snip [10/101] snip_18116.490_18180.400.flac
5156.3s - extractor 0: Chia - Bee Audio 2022 Original/7-13-22_SouthCharleston/1/220715_1123 snip [11/101] snip_18375.990_18438.990.flac
5156.3s - extractor 0: Chia - Bee Audio 2022 Original/7-13-22_SouthCharleston/1/220715_1123 snip [12/101] snip_19122.920_19183.920.flac
5156.3s - extractor 0: Chia - Bee Audio 2022 Original/7-13-22_SouthCharleston/1/220715_1123 snip [13/101] snip_19420.000_19483.000.flac
5156.4s - extractor 0: Chia - Bee Audio 2022 Original/7-13-22_SouthCharleston/1/220715_1123 snip [14/101] snip_19719.310_19780.370.flac
5156.4s - extractor 0: Chia - Bee Audio 2022 Original/7-13-22_SouthCharleston/1/220715_1123 snip [15/101] snip_20829.010_20892.010.flac
5156.5s - extractor 0: Chia - Bee Audio 2022 Original/7-13-22_SouthCharleston/1/220715_1123 snip [16/101] snip_21940.430_22001.430.flac
5156.5s - extractor 0: Chia - Bee Audio 2022 Original/7-13-22_SouthCharleston/1/220715_1123 snip [17/101] snip_23448.670_23509.670.flac
5156.5s - extractor 0: Chia - Bee Audio 2022 Original/7-13-22_SouthCharleston/1/220715_1123 snip [18/101] snip_31094.280_31240.960.flac
5156.7s - extractor 0: Chia - Bee Audio 2022 Original/7-13-22_SouthCharleston/1/220715_1123 snip [19/101] snip_31436.600_31609.790.flac
5156.8s - extractor 0: Chia - Bee Audio 2022 Original/7-13-22_SouthCharleston/1/220715_1123 snip [20/101] snip_3284.230_3347.230.flac
5156.9s - extractor 0: Chia - Bee Audio 2022 Original/7-13-22_SouthCharleston/1/220715_1123 snip [21/101] snip_34590.000_34653.000.flac
5157.0s - extractor 0: Chia - Bee Audio 2022 Original/7-13-22_SouthCharleston/1/220715_1123 snip [22/101] snip_38190.000_38253.000.flac
5157.0s - extractor 0: Chia - Bee Audio 2022 Original/7-13-22_SouthCharleston/1/220715_1123 snip [23/101] snip_398.680_459.680.flac
5157.0s - extractor 0: Chia - Bee Audio 2022 Original/7-13-22_SouthCharleston/1/220715_1123 snip [24/101] snip_41790.000_41853.000.flac
5157.1s - extractor 0: Chia - Bee Audio 2022 Original/7-13-22_SouthCharleston/1/220715_1123 snip [25/101] snip_45390.000_45453.000.flac
5157.1s - extractor 0: Chia - Bee Audio 2022 Original/7-13-22_SouthCharleston/1/220715_1123 snip [26/101] snip_48548.750_48611.750.flac
5157.2s - extractor 0: Chia - Bee Audio 2022 Original/7-13-22_SouthCharleston/1/220715_1123 snip [27/101] snip_48990.000_49053.000.flac
5157.2s - extractor 0: Chia - Bee Audio 2022 Original/7-13-22_SouthCharleston/1/220715_1123 snip [28/101] snip_52590.000_52653.000.flac
5157.3s - extractor 0: Chia - Bee Audio 2022 Original/7-13-22_SouthCharleston/1/220715_1123 snip [29/101] snip_56190.000_56253.000.flac
5157.4s - extractor 0: Chia - Bee Audio 2022 Original/7-13-22_SouthCharleston/1/220715_1123 snip [30/101] snip_59790.000_59853.000.flac
5157.4s - extractor 0: Chia - Bee Audio 2022 Original/7-13-22_SouthCharleston/1/220715_1123 snip [31/101] snip_63390.000_63453.000.flac
5157.4s - extractor 0: Chia - Bee Audio 2022 Original/7-13-22_SouthCharleston/1/220715_1123 snip [32/101] snip_6576.580_6639.580.flac
5157.5s - extractor 0: Chia - Bee Audio 2022 Original/7-13-22_SouthCharleston/1/220715_1123 snip [33/101] snip_66990.000_67053.000.flac
5157.5s - extractor 0: Chia - Bee Audio 2022 Original/7-13-22_SouthCharleston/1/220715_1123 snip [34/101] snip_6749.190_6810.190.flac
5157.6s - extractor 0: Chia - Bee Audio 2022 Original/7-13-22_SouthCharleston/1/220715_1123 snip [35/101] snip_70590.000_70653.000.flac
5157.7s - extractor 0: Chia - Bee Audio 2022 Original/7-13-22_SouthCharleston/1/220715_1123 snip [36/101] snip_721.670_782.670.flac
5157.7s - extractor 0: Chia - Bee Audio 2022 Original/7-13-22_SouthCharleston/1/220715_1123 snip [37/101] snip_7305.950_7366.950.flac
5157.8s - extractor 0: Chia - Bee Audio 2022 Original/7-13-22_SouthCharleston/1/220715_1123 snip [38/101] snip_7389.510_7452.510.flac
5157.8s - extractor 0: Chia - Bee Audio 2022 Original/7-13-22_SouthCharleston/1/220715_1123 snip [39/101] snip_74190.000_74253.000.flac
5157.9s - extractor 0: Chia - Bee Audio 2022 Original/7-13-22_SouthCharleston/1/220715_1123 snip [40/101] snip_7475.420_7536.420.flac
5157.9s - extractor 0: Chia - Bee Audio 2022 Original/7-13-22_SouthCharleston/1/220715_1123 snip [41/101] snip_76294.590_76355.590.flac
5157.9s - extractor 0: Chia - Bee Audio 2022 Original/7-13-22_SouthCharleston/1/220715_1123 snip [42/101] snip_76677.710_76740.710.flac
5158.0s - extractor 0: Chia - Bee Audio 2022 Original/7-13-22_SouthCharleston/1/220715_1123 snip [43/101] snip_78106.150_78256.190.flac
5158.3s - extractor 0: Chia - Bee Audio 2022 Original/7-13-22_SouthCharleston/1/220715_1123 snip [44/101] snip_79707.100_79768.100.flac
5158.4s - extractor 0: Chia - Bee Audio 2022 Original/7-13-22_SouthCharleston/1/220715_1123 snip [45/101] snip_80069.000_80130.000.flac
5158.4s - extractor 0: Chia - Bee Audio 2022 Original/7-13-22_SouthCharleston/1/220715_1123 snip [46/101] snip_80203.690_80318.100.flac
5158.5s - extractor 0: Chia - Bee Audio 2022 Original/7-13-22_SouthCharleston/1/220715_1123 snip [47/101] snip_80513.150_80629.670.flac
5158.6s - extractor 0: Chia - Bee Audio 2022 Original/7-13-22_SouthCharleston/1/220715_1123 snip [48/101] snip_81321.000_81382.000.flac
5158.6s - extractor 0: Chia - Bee Audio 2022 Original/7-13-22_SouthCharleston/1/220715_1123 snip [49/101] snip_81879.490_81942.490.flac
5158.7s - extractor 0: Chia - Bee Audio 2022 Original/7-13-22_SouthCharleston/1/220715_1123 snip [50/101] snip_82440.090_82501.090.flac
5158.8s - extractor 0: Chia - Bee Audio 2022 Original/7-13-22_SouthCharleston/1/220715_1123 snip [51/101] snip_82872.120_82933.120.flac
5158.8s - extractor 0: Chia - Bee Audio 2022 Original/7-13-22_SouthCharleston/1/220715_1123 snip [52/101] snip_83327.910_83390.910.flac
5158.9s - extractor 0: Chia - Bee Audio 2022 Original/7-13-22_SouthCharleston/1/220715_1123 snip [53/101] snip_84217.660_84278.660.flac
5158.9s - extractor 0: Chia - Bee Audio 2022 Original/7-13-22_SouthCharleston/1/220715_1123 snip [54/101] snip_84450.100_84513.100.flac
5159.0s - extractor 0: Chia - Bee Audio 2022 Original/7-13-22_SouthCharleston/1/220715_1123 snip [55/101] snip_84684.830_84745.830.flac
5159.0s - extractor 0: Chia - Bee Audio 2022 Original/7-13-22_SouthCharleston/1/220715_1123 snip [56/101] snip_87103.640_87164.640.flac
5159.0s - extractor 0: Chia - Bee Audio 2022 Original/7-13-22_SouthCharleston/1/220715_1123 snip [57/101] snip_87186.190_87309.420.flac
5159.1s - extractor 0: Chia - Bee Audio 2022 Original/7-13-22_SouthCharleston/1/220715_1123 snip [58/101] snip_87592.010_87697.670.flac
5159.2s - extractor 0: Chia - Bee Audio 2022 Original/7-13-22_SouthCharleston/1/220715_1123 snip [59/101] snip_88205.670_88322.770.flac
5159.3s - extractor 0: Chia - Bee Audio 2022 Original/7-13-22_SouthCharleston/1/220715_1123 snip [60/101] snip_88568.590_88663.760.flac
5159.4s - extractor 0: Chia - Bee Audio 2022 Original/7-13-22_SouthCharleston/1/220715_1123 snip [61/101] snip_89223.350_89284.350.flac
5159.5s - extractor 0: Chia - Bee Audio 2022 Original/7-13-22_SouthCharleston/1/220715_1123 snip [62/101] snip_89309.580_89370.580.flac
5159.5s - extractor 0: Chia - Bee Audio 2022 Original/7-13-22_SouthCharleston/1/220715_1123 snip [63/101] snip_89809.900_89870.900.flac
5159.5s - extractor 0: Chia - Bee Audio 2022 Original/7-13-22_SouthCharleston/1/220715_1123 snip [64/101] snip_90730.570_90886.950.flac
5159.7s - extractor 0: Chia - Bee Audio 2022 Original/7-13-22_SouthCharleston/1/220715_1123 snip [65/101] snip_91156.040_91285.470.flac
5159.8s - extractor 0: Chia - Bee Audio 2022 Original/7-13-22_SouthCharleston/1/220715_1123 snip [66/101] snip_91315.120_91404.000.flac
5159.8s - extractor 0: Chia - Bee Audio 2022 Original/7-13-22_SouthCharleston/1/220715_1123 snip [67/101] snip_91648.590_91731.070.flac
5159.9s - extractor 0: Chia - Bee Audio 2022 Original/7-13-22_SouthCharleston/1/220715_1123 snip [68/101] snip_91885.150_91946.150.flac
5160.0s - extractor 0: Chia - Bee Audio 2022 Original/7-13-22_SouthCharleston/1/220715_1123 snip [69/101] snip_92012.470_92073.470.flac
5160.0s - extractor 0: Chia - Bee Audio 2022 Original/7-13-22_SouthCharleston/1/220715_1123 snip [70/101] snip_92076.510_92137.510.flac
5160.0s - extractor 0: Chia - Bee Audio 2022 Original/7-13-22_SouthCharleston/1/220715_1123 snip [71/101] snip_9257.050_9318.050.flac
5160.1s - extractor 0: Chia - Bee Audio 2022 Original/7-13-22_SouthCharleston/1/220715_1123 snip [72/101] snip_92822.280_92883.280.flac
5160.1s - extractor 0: Chia - Bee Audio 2022 Original/7-13-22_SouthCharleston/1/220715_1123 snip [73/101] snip_92902.610_92965.610.flac
5160.2s - extractor 0: Chia - Bee Audio 2022 Original/7-13-22_SouthCharleston/1/220715_1123 snip [74/101] snip_92984.950_93045.950.flac
5160.2s - extractor 0: Chia - Bee Audio 2022 Original/7-13-22_SouthCharleston/1/220715_1123 snip [75/101] snip_93793.190_93854.190.flac
5160.3s - extractor 0: Chia - Bee Audio 2022 Original/7-13-22_SouthCharleston/1/220715_1123 snip [76/101] snip_93915.960_93976.960.flac
5160.3s - extractor 0: Chia - Bee Audio 2022 Original/7-13-22_SouthCharleston/1/220715_1123 snip [77/101] snip_94573.270_94634.270.flac
5160.3s - extractor 0: Chia - Bee Audio 2022 Original/7-13-22_SouthCharleston/1/220715_1123 snip [78/101] snip_94967.010_95061.490.flac
5160.4s - extractor 0: Chia - Bee Audio 2022 Original/7-13-22_SouthCharleston/1/220715_1123 snip [79/101] snip_95192.120_95253.120.flac
5160.4s - extractor 0: Chia - Bee Audio 2022 Original/7-13-22_SouthCharleston/1/220715_1123 snip [80/101] snip_95253.830_95367.950.flac
5160.6s - extractor 0: Chia - Bee Audio 2022 Original/7-13-22_SouthCharleston/1/220715_1123 snip [81/101] snip_95423.580_95484.580.flac
5160.7s - extractor 0: Chia - Bee Audio 2022 Original/7-13-22_SouthCharleston/1/220715_1123 snip [82/101] snip_95620.310_95726.820.flac
5160.7s - extractor 0: Chia - Bee Audio 2022 Original/7-13-22_SouthCharleston/1/220715_1123 snip [83/101] snip_95735.480_95796.480.flac
5160.7s - extractor 0: Chia - Bee Audio 2022 Original/7-13-22_SouthCharleston/1/220715_1123 snip [84/101] snip_95977.720_96046.530.flac
5160.8s - extractor 0: Chia - Bee Audio 2022 Original/7-13-22_SouthCharleston/1/220715_1123 snip [85/101] snip_96211.610_96272.610.flac
5160.9s - extractor 0: Chia - Bee Audio 2022 Original/7-13-22_SouthCharleston/1/220715_1123 snip [86/101] snip_96303.930_96364.930.flac
5160.9s - extractor 0: Chia - Bee Audio 2022 Original/7-13-22_SouthCharleston/1/220715_1123 snip [87/101] snip_96389.910_96450.910.flac
5161.0s - extractor 0: Chia - Bee Audio 2022 Original/7-13-22_SouthCharleston/1/220715_1123 snip [88/101] snip_96611.950_96785.990.flac
5161.1s - extractor 0: Chia - Bee Audio 2022 Original/7-13-22_SouthCharleston/1/220715_1123 snip [89/101] snip_96951.020_97012.020.flac
5161.1s - extractor 0: Chia - Bee Audio 2022 Original/7-13-22_SouthCharleston/1/220715_1123 snip [90/101] snip_97160.090_97244.830.flac
5161.3s - extractor 0: Chia - Bee Audio 2022 Original/7-13-22_SouthCharleston/1/220715_1123 snip [91/101] snip_97246.310_97307.310.flac
5161.3s - extractor 0: Chia - Bee Audio 2022 Original/7-13-22_SouthCharleston/1/220715_1123 snip [92/101] snip_97335.930_97396.930.flac
5161.3s - extractor 0: Chia - Bee Audio 2022 Original/7-13-22_SouthCharleston/1/220715_1123 snip [93/101] snip_97484.700_97697.390.flac
5161.5s - extractor 0: Chia - Bee Audio 2022 Original/7-13-22_SouthCharleston/1/220715_1123 snip [94/101] snip_97832.530_97893.740.flac
5161.5s - extractor 0: Chia - Bee Audio 2022 Original/7-13-22_SouthCharleston/1/220715_1123 snip [95/101] snip_97916.380_98033.300.flac
5161.7s - extractor 0: Chia - Bee Audio 2022 Original/7-13-22_SouthCharleston/1/220715_1123 snip [96/101] snip_98080.700_98141.700.flac
5161.7s - extractor 0: Chia - Bee Audio 2022 Original/7-13-22_SouthCharleston/1/220715_1123 snip [97/101] snip_98157.660_98372.310.flac
5162.2s - extractor 0: Chia - Bee Audio 2022 Original/7-13-22_SouthCharleston/1/220715_1123 snip [98/101] snip_98385.770_98505.600.flac
5162.4s - extractor 0: Chia - Bee Audio 2022 Original/7-13-22_SouthCharleston/1/220715_1123 snip [99/101] snip_98508.840_98569.840.flac
5162.5s - extractor 0: Chia - Bee Audio 2022 Original/7-13-22_SouthCharleston/1/220715_1123 snip [100/101] snip_98576.760_98637.760.flac
5162.6s - extractor 0: Chia - Bee Audio 2022 Original/7-13-22_SouthCharleston/1/220715_1123 snip [101/101] snip_99057.740_99268.040.flac
/home/luke/projects/buzzdetect-training/.local/worktrees/perch-probe/02_set/extract.py:736: UserWarning: extractor 0: sub-frame audio in Chia - Bee Audio 2022 Original/7-13-22_SouthCharleston/1/220715_1123 snip 99057.740s chunk (205.35015873015874, 210.30015873015873); skipping
  warnings.warn(
5165.3s - extractor 0: rescued 'ambient_scraping' at 99267.630s (1.000s) as ambient_scraping
5400.5s - extractor 0: [7] Chia - Bee Audio 2022 Original/7-13-22_SouthCharleston/1/220715_1123 — 101 snip(s) → 267 frames, 11 label(s) (ident took 244.7s)
5400.5s - extractor 0: [8] Chia - Bee Audio 2022 Original/7-13-22_SouthCharleston/2/220713_0943 — starting (both)
5400.5s - extractor 0: Chia - Bee Audio 2022 Original/7-13-22_SouthCharleston/2/220713_0943 snip [1/95] snip_106321.520_106384.520.flac
5400.5s - extractor 0: Chia - Bee Audio 2022 Original/7-13-22_SouthCharleston/2/220713_0943 snip [2/95] snip_10744.540_10805.540.flac
5400.6s - extractor 0: Chia - Bee Audio 2022 Original/7-13-22_SouthCharleston/2/220713_0943 snip [3/95] snip_108453.260_108514.260.flac
5400.6s - extractor 0: Chia - Bee Audio 2022 Original/7-13-22_SouthCharleston/2/220713_0943 snip [4/95] snip_108887.000_108948.000.flac
5400.7s - extractor 0: Chia - Bee Audio 2022 Original/7-13-22_SouthCharleston/2/220713_0943 snip [5/95] snip_110052.370_110115.370.flac
5400.7s - extractor 0: Chia - Bee Audio 2022 Original/7-13-22_SouthCharleston/2/220713_0943 snip [6/95] snip_111653.820_111714.820.flac
5400.8s - extractor 0: Chia - Bee Audio 2022 Original/7-13-22_SouthCharleston/2/220713_0943 snip [7/95] snip_112189.700_112252.700.flac
5400.8s - extractor 0: Chia - Bee Audio 2022 Original/7-13-22_SouthCharleston/2/220713_0943 snip [8/95] snip_112727.340_112788.340.flac
5400.9s - extractor 0: Chia - Bee Audio 2022 Original/7-13-22_SouthCharleston/2/220713_0943 snip [9/95] snip_113430.360_113491.360.flac
5400.9s - extractor 0: Chia - Bee Audio 2022 Original/7-13-22_SouthCharleston/2/220713_0943 snip [10/95] snip_113743.120_113806.120.flac
5401.0s - extractor 0: Chia - Bee Audio 2022 Original/7-13-22_SouthCharleston/2/220713_0943 snip [11/95] snip_114760.890_114821.890.flac
5401.0s - extractor 0: Chia - Bee Audio 2022 Original/7-13-22_SouthCharleston/2/220713_0943 snip [12/95] snip_115038.950_115101.950.flac
5401.1s - extractor 0: Chia - Bee Audio 2022 Original/7-13-22_SouthCharleston/2/220713_0943 snip [13/95] snip_115319.080_115380.080.flac
5401.1s - extractor 0: Chia - Bee Audio 2022 Original/7-13-22_SouthCharleston/2/220713_0943 snip [14/95] snip_123530.320_123593.320.flac
5401.2s - extractor 0: Chia - Bee Audio 2022 Original/7-13-22_SouthCharleston/2/220713_0943 snip [15/95] snip_124077.760_124140.760.flac
5401.2s - extractor 0: Chia - Bee Audio 2022 Original/7-13-22_SouthCharleston/2/220713_0943 snip [16/95] snip_1241.920_1302.920.flac
5401.3s - extractor 0: Chia - Bee Audio 2022 Original/7-13-22_SouthCharleston/2/220713_0943 snip [17/95] snip_125155.720_125218.720.flac
5401.3s - extractor 0: Chia - Bee Audio 2022 Original/7-13-22_SouthCharleston/2/220713_0943 snip [18/95] snip_126990.000_127053.000.flac
5401.4s - extractor 0: Chia - Bee Audio 2022 Original/7-13-22_SouthCharleston/2/220713_0943 snip [19/95] snip_130590.000_130653.000.flac
5401.4s - extractor 0: Chia - Bee Audio 2022 Original/7-13-22_SouthCharleston/2/220713_0943 snip [20/95] snip_134190.000_134253.000.flac
5401.5s - extractor 0: Chia - Bee Audio 2022 Original/7-13-22_SouthCharleston/2/220713_0943 snip [21/95] snip_137790.000_137853.000.flac
5401.5s - extractor 0: Chia - Bee Audio 2022 Original/7-13-22_SouthCharleston/2/220713_0943 snip [22/95] snip_144557.240_144620.240.flac
5401.6s - extractor 0: Chia - Bee Audio 2022 Original/7-13-22_SouthCharleston/2/220713_0943 snip [23/95] snip_144990.000_145053.000.flac
5401.7s - extractor 0: Chia - Bee Audio 2022 Original/7-13-22_SouthCharleston/2/220713_0943 snip [24/95] snip_14551.150_14612.150.flac
5401.7s - extractor 0: Chia - Bee Audio 2022 Original/7-13-22_SouthCharleston/2/220713_0943 snip [25/95] snip_148590.000_148653.000.flac
5401.8s - extractor 0: Chia - Bee Audio 2022 Original/7-13-22_SouthCharleston/2/220713_0943 snip [26/95] snip_152190.000_152253.000.flac
5401.8s - extractor 0: Chia - Bee Audio 2022 Original/7-13-22_SouthCharleston/2/220713_0943 snip [27/95] snip_155790.000_155853.000.flac
5401.8s - extractor 0: Chia - Bee Audio 2022 Original/7-13-22_SouthCharleston/2/220713_0943 snip [28/95] snip_15596.600_15659.600.flac
5401.9s - extractor 0: Chia - Bee Audio 2022 Original/7-13-22_SouthCharleston/2/220713_0943 snip [29/95] snip_1584.750_1645.750.flac
5402.0s - extractor 0: Chia - Bee Audio 2022 Original/7-13-22_SouthCharleston/2/220713_0943 snip [30/95] snip_159390.000_159453.000.flac
5402.0s - extractor 0: Chia - Bee Audio 2022 Original/7-13-22_SouthCharleston/2/220713_0943 snip [31/95] snip_162990.000_163053.000.flac
5402.1s - extractor 0: Chia - Bee Audio 2022 Original/7-13-22_SouthCharleston/2/220713_0943 snip [32/95] snip_164072.330_164133.330.flac
5402.1s - extractor 0: Chia - Bee Audio 2022 Original/7-13-22_SouthCharleston/2/220713_0943 snip [33/95] snip_164354.300_164415.300.flac
5402.2s - extractor 0: Chia - Bee Audio 2022 Original/7-13-22_SouthCharleston/2/220713_0943 snip [34/95] snip_164810.940_164871.940.flac
5402.2s - extractor 0: Chia - Bee Audio 2022 Original/7-13-22_SouthCharleston/2/220713_0943 snip [35/95] snip_165691.960_165754.960.flac
5402.2s - extractor 0: Chia - Bee Audio 2022 Original/7-13-22_SouthCharleston/2/220713_0943 snip [36/95] snip_165825.400_165886.400.flac
5402.3s - extractor 0: Chia - Bee Audio 2022 Original/7-13-22_SouthCharleston/2/220713_0943 snip [37/95] snip_166198.640_166259.640.flac
5402.4s - extractor 0: Chia - Bee Audio 2022 Original/7-13-22_SouthCharleston/2/220713_0943 snip [38/95] snip_167233.500_167294.500.flac
5402.4s - extractor 0: Chia - Bee Audio 2022 Original/7-13-22_SouthCharleston/2/220713_0943 snip [39/95] snip_167489.960_167550.960.flac
5402.5s - extractor 0: Chia - Bee Audio 2022 Original/7-13-22_SouthCharleston/2/220713_0943 snip [40/95] snip_168150.540_168211.540.flac
5402.5s - extractor 0: Chia - Bee Audio 2022 Original/7-13-22_SouthCharleston/2/220713_0943 snip [41/95] snip_168453.120_168515.330.flac
5402.6s - extractor 0: Chia - Bee Audio 2022 Original/7-13-22_SouthCharleston/2/220713_0943 snip [42/95] snip_169031.010_169094.010.flac
5402.6s - extractor 0: Chia - Bee Audio 2022 Original/7-13-22_SouthCharleston/2/220713_0943 snip [43/95] snip_170528.160_170591.160.flac
5402.7s - extractor 0: Chia - Bee Audio 2022 Original/7-13-22_SouthCharleston/2/220713_0943 snip [44/95] snip_171145.070_171206.070.flac
5402.7s - extractor 0: Chia - Bee Audio 2022 Original/7-13-22_SouthCharleston/2/220713_0943 snip [45/95] snip_171602.770_171665.770.flac
5402.8s - extractor 0: Chia - Bee Audio 2022 Original/7-13-22_SouthCharleston/2/220713_0943 snip [46/95] snip_172787.060_172850.060.flac
5402.8s - extractor 0: Chia - Bee Audio 2022 Original/7-13-22_SouthCharleston/2/220713_0943 snip [47/95] snip_173514.040_173575.040.flac
5402.8s - extractor 0: Chia - Bee Audio 2022 Original/7-13-22_SouthCharleston/2/220713_0943 snip [48/95] snip_173992.120_174055.120.flac
5402.9s - extractor 0: Chia - Bee Audio 2022 Original/7-13-22_SouthCharleston/2/220713_0943 snip [49/95] snip_175875.280_175938.280.flac
5402.9s - extractor 0: Chia - Bee Audio 2022 Original/7-13-22_SouthCharleston/2/220713_0943 snip [50/95] snip_176228.880_176302.480.flac
5403.0s - extractor 0: Chia - Bee Audio 2022 Original/7-13-22_SouthCharleston/2/220713_0943 snip [51/95] snip_177762.840_177825.840.flac
5403.1s - extractor 0: Chia - Bee Audio 2022 Original/7-13-22_SouthCharleston/2/220713_0943 snip [52/95] snip_18123.860_18186.860.flac
5403.1s - extractor 0: Chia - Bee Audio 2022 Original/7-13-22_SouthCharleston/2/220713_0943 snip [53/95] snip_20215.460_20278.460.flac
5403.1s - extractor 0: Chia - Bee Audio 2022 Original/7-13-22_SouthCharleston/2/220713_0943 snip [54/95] snip_20904.930_20967.930.flac
5403.2s - extractor 0: Chia - Bee Audio 2022 Original/7-13-22_SouthCharleston/2/220713_0943 snip [55/95] snip_21645.990_21708.990.flac
5403.2s - extractor 0: Chia - Bee Audio 2022 Original/7-13-22_SouthCharleston/2/220713_0943 snip [56/95] snip_22110.610_22171.630.flac
5403.2s - extractor 0: Chia - Bee Audio 2022 Original/7-13-22_SouthCharleston/2/220713_0943 snip [57/95] snip_22324.240_22387.240.flac
5403.3s - extractor 0: Chia - Bee Audio 2022 Original/7-13-22_SouthCharleston/2/220713_0943 snip [58/95] snip_22853.940_22916.940.flac
5403.4s - extractor 0: Chia - Bee Audio 2022 Original/7-13-22_SouthCharleston/2/220713_0943 snip [59/95] snip_24721.300_24784.300.flac
5403.4s - extractor 0: Chia - Bee Audio 2022 Original/7-13-22_SouthCharleston/2/220713_0943 snip [60/95] snip_2505.100_2567.730.flac
5403.5s - extractor 0: Chia - Bee Audio 2022 Original/7-13-22_SouthCharleston/2/220713_0943 snip [61/95] snip_26397.140_26460.140.flac
5403.5s - extractor 0: Chia - Bee Audio 2022 Original/7-13-22_SouthCharleston/2/220713_0943 snip [62/95] snip_27594.810_27663.080.flac
5403.6s - extractor 0: Chia - Bee Audio 2022 Original/7-13-22_SouthCharleston/2/220713_0943 snip [63/95] snip_27733.350_27796.350.flac
5403.6s - extractor 0: Chia - Bee Audio 2022 Original/7-13-22_SouthCharleston/2/220713_0943 snip [64/95] snip_32779.990_32842.990.flac
5403.7s - extractor 0: Chia - Bee Audio 2022 Original/7-13-22_SouthCharleston/2/220713_0943 snip [65/95] snip_37482.130_37545.130.flac
5403.7s - extractor 0: Chia - Bee Audio 2022 Original/7-13-22_SouthCharleston/2/220713_0943 snip [66/95] snip_40577.400_40653.000.flac
5403.8s - extractor 0: Chia - Bee Audio 2022 Original/7-13-22_SouthCharleston/2/220713_0943 snip [67/95] snip_44190.000_44253.000.flac
5403.8s - extractor 0: Chia - Bee Audio 2022 Original/7-13-22_SouthCharleston/2/220713_0943 snip [68/95] snip_47790.000_47853.000.flac
5403.9s - extractor 0: Chia - Bee Audio 2022 Original/7-13-22_SouthCharleston/2/220713_0943 snip [69/95] snip_51390.000_51453.000.flac
5403.9s - extractor 0: Chia - Bee Audio 2022 Original/7-13-22_SouthCharleston/2/220713_0943 snip [70/95] snip_5388.600_5449.600.flac
5403.9s - extractor 0: Chia - Bee Audio 2022 Original/7-13-22_SouthCharleston/2/220713_0943 snip [71/95] snip_54990.000_55053.000.flac
5404.0s - extractor 0: Chia - Bee Audio 2022 Original/7-13-22_SouthCharleston/2/220713_0943 snip [72/95] snip_58590.000_58653.000.flac
5404.0s - extractor 0: Chia - Bee Audio 2022 Original/7-13-22_SouthCharleston/2/220713_0943 snip [73/95] snip_59025.720_59088.720.flac
5404.1s - extractor 0: Chia - Bee Audio 2022 Original/7-13-22_SouthCharleston/2/220713_0943 snip [74/95] snip_62190.000_62253.000.flac
5404.1s - extractor 0: Chia - Bee Audio 2022 Original/7-13-22_SouthCharleston/2/220713_0943 snip [75/95] snip_65790.000_65853.000.flac
5404.2s - extractor 0: Chia - Bee Audio 2022 Original/7-13-22_SouthCharleston/2/220713_0943 snip [76/95] snip_69390.000_69453.000.flac
5404.2s - extractor 0: Chia - Bee Audio 2022 Original/7-13-22_SouthCharleston/2/220713_0943 snip [77/95] snip_72990.000_73053.000.flac
5404.3s - extractor 0: Chia - Bee Audio 2022 Original/7-13-22_SouthCharleston/2/220713_0943 snip [78/95] snip_79703.760_79765.100.flac
5404.4s - extractor 0: Chia - Bee Audio 2022 Original/7-13-22_SouthCharleston/2/220713_0943 snip [79/95] snip_79882.650_79943.650.flac
5404.4s - extractor 0: Chia - Bee Audio 2022 Original/7-13-22_SouthCharleston/2/220713_0943 snip [80/95] snip_79971.010_80034.010.flac
5404.5s - extractor 0: Chia - Bee Audio 2022 Original/7-13-22_SouthCharleston/2/220713_0943 snip [81/95] snip_81790.020_81853.020.flac
5404.5s - extractor 0: Chia - Bee Audio 2022 Original/7-13-22_SouthCharleston/2/220713_0943 snip [82/95] snip_82448.300_82509.300.flac
5404.6s - extractor 0: Chia - Bee Audio 2022 Original/7-13-22_SouthCharleston/2/220713_0943 snip [83/95] snip_83604.580_83667.580.flac
5404.7s - extractor 0: Chia - Bee Audio 2022 Original/7-13-22_SouthCharleston/2/220713_0943 snip [84/95] snip_83868.880_83929.880.flac
5404.7s - extractor 0: Chia - Bee Audio 2022 Original/7-13-22_SouthCharleston/2/220713_0943 snip [85/95] snip_85515.830_85580.880.flac
5404.8s - extractor 0: Chia - Bee Audio 2022 Original/7-13-22_SouthCharleston/2/220713_0943 snip [86/95] snip_87103.810_87166.810.flac
5404.9s - extractor 0: Chia - Bee Audio 2022 Original/7-13-22_SouthCharleston/2/220713_0943 snip [87/95] snip_87223.240_87284.240.flac
5404.9s - extractor 0: Chia - Bee Audio 2022 Original/7-13-22_SouthCharleston/2/220713_0943 snip [88/95] snip_88824.440_88887.440.flac
5405.0s - extractor 0: Chia - Bee Audio 2022 Original/7-13-22_SouthCharleston/2/220713_0943 snip [89/95] snip_89006.860_89067.860.flac
5405.1s - extractor 0: Chia - Bee Audio 2022 Original/7-13-22_SouthCharleston/2/220713_0943 snip [90/95] snip_91585.890_91648.890.flac
5405.2s - extractor 0: Chia - Bee Audio 2022 Original/7-13-22_SouthCharleston/2/220713_0943 snip [91/95] snip_92746.140_92807.140.flac
5405.2s - extractor 0: Chia - Bee Audio 2022 Original/7-13-22_SouthCharleston/2/220713_0943 snip [92/95] snip_94979.440_95048.500.flac
5405.4s - extractor 0: Chia - Bee Audio 2022 Original/7-13-22_SouthCharleston/2/220713_0943 snip [93/95] snip_9595.910_9658.910.flac
5405.4s - extractor 0: Chia - Bee Audio 2022 Original/7-13-22_SouthCharleston/2/220713_0943 snip [94/95] snip_99170.310_99233.310.flac
5405.5s - extractor 0: Chia - Bee Audio 2022 Original/7-13-22_SouthCharleston/2/220713_0943 snip [95/95] snip_99639.870_99784.040.flac
5527.0s - extractor 1: [8] Chia - Bee Audio 2022 Original/7-13-22_SouthCharleston/1/220713_0941_01 — 158 snip(s) → 540 frames, 27 label(s) (ident took 499.5s)
5527.0s - extractor 1: [9] Chia - Bee Audio 2022 Original/7-13-22_SouthCharleston/2/220715_1125 — starting (both)
5527.0s - extractor 1: Chia - Bee Audio 2022 Original/7-13-22_SouthCharleston/2/220715_1125 snip [1/49] snip_11002.880_11063.880.flac
5527.1s - extractor 1: Chia - Bee Audio 2022 Original/7-13-22_SouthCharleston/2/220715_1125 snip [2/49] snip_11252.940_11313.940.flac
5527.1s - extractor 1: Chia - Bee Audio 2022 Original/7-13-22_SouthCharleston/2/220715_1125 snip [3/49] snip_12248.530_12310.720.flac
5527.2s - extractor 1: Chia - Bee Audio 2022 Original/7-13-22_SouthCharleston/2/220715_1125 snip [4/49] snip_13243.160_13306.160.flac
5527.3s - extractor 1: Chia - Bee Audio 2022 Original/7-13-22_SouthCharleston/2/220715_1125 snip [5/49] snip_15235.620_15296.640.flac
5527.3s - extractor 1: Chia - Bee Audio 2022 Original/7-13-22_SouthCharleston/2/220715_1125 snip [6/49] snip_17196.580_17313.210.flac
5527.6s - extractor 1: Chia - Bee Audio 2022 Original/7-13-22_SouthCharleston/2/220715_1125 snip [7/49] snip_19872.480_19933.480.flac
5527.7s - extractor 1: Chia - Bee Audio 2022 Original/7-13-22_SouthCharleston/2/220715_1125 snip [8/49] snip_20061.530_20124.530.flac
5527.7s - extractor 1: Chia - Bee Audio 2022 Original/7-13-22_SouthCharleston/2/220715_1125 snip [9/49] snip_20252.450_20313.450.flac
5527.8s - extractor 1: Chia - Bee Audio 2022 Original/7-13-22_SouthCharleston/2/220715_1125 snip [10/49] snip_21663.110_21726.110.flac
5527.9s - extractor 1: Chia - Bee Audio 2022 Original/7-13-22_SouthCharleston/2/220715_1125 snip [11/49] snip_23075.950_23136.950.flac
5527.9s - extractor 1: Chia - Bee Audio 2022 Original/7-13-22_SouthCharleston/2/220715_1125 snip [12/49] snip_26676.500_26739.500.flac
5527.9s - extractor 1: Chia - Bee Audio 2022 Original/7-13-22_SouthCharleston/2/220715_1125 snip [13/49] snip_34470.000_34533.000.flac
5527.9s - extractor 1: Chia - Bee Audio 2022 Original/7-13-22_SouthCharleston/2/220715_1125 snip [14/49] snip_38070.000_38133.000.flac
5528.0s - extractor 1: Chia - Bee Audio 2022 Original/7-13-22_SouthCharleston/2/220715_1125 snip [15/49] snip_41670.000_41733.000.flac
5528.0s - extractor 1: Chia - Bee Audio 2022 Original/7-13-22_SouthCharleston/2/220715_1125 snip [16/49] snip_45270.000_45333.000.flac
5528.1s - extractor 1: Chia - Bee Audio 2022 Original/7-13-22_SouthCharleston/2/220715_1125 snip [17/49] snip_48870.000_48933.000.flac
5528.1s - extractor 1: Chia - Bee Audio 2022 Original/7-13-22_SouthCharleston/2/220715_1125 snip [18/49] snip_52470.000_52533.000.flac
5528.1s - extractor 1: Chia - Bee Audio 2022 Original/7-13-22_SouthCharleston/2/220715_1125 snip [19/49] snip_52921.610_52984.610.flac
5528.1s - extractor 1: Chia - Bee Audio 2022 Original/7-13-22_SouthCharleston/2/220715_1125 snip [20/49] snip_5587.490_5648.490.flac
5528.2s - extractor 1: Chia - Bee Audio 2022 Original/7-13-22_SouthCharleston/2/220715_1125 snip [21/49] snip_56070.000_56133.000.flac
5528.2s - extractor 1: Chia - Bee Audio 2022 Original/7-13-22_SouthCharleston/2/220715_1125 snip [22/49] snip_5668.040_5731.040.flac
5528.2s - extractor 1: Chia - Bee Audio 2022 Original/7-13-22_SouthCharleston/2/220715_1125 snip [23/49] snip_59670.000_59733.000.flac
5528.3s - extractor 1: Chia - Bee Audio 2022 Original/7-13-22_SouthCharleston/2/220715_1125 snip [24/49] snip_63270.000_63333.000.flac
5528.3s - extractor 1: Chia - Bee Audio 2022 Original/7-13-22_SouthCharleston/2/220715_1125 snip [25/49] snip_66870.000_66933.000.flac
5528.3s - extractor 1: Chia - Bee Audio 2022 Original/7-13-22_SouthCharleston/2/220715_1125 snip [26/49] snip_70470.000_70533.000.flac
5528.4s - extractor 1: Chia - Bee Audio 2022 Original/7-13-22_SouthCharleston/2/220715_1125 snip [27/49] snip_74070.000_74133.000.flac
5528.4s - extractor 1: Chia - Bee Audio 2022 Original/7-13-22_SouthCharleston/2/220715_1125 snip [28/49] snip_75782.210_75845.210.flac
5528.4s - extractor 1: Chia - Bee Audio 2022 Original/7-13-22_SouthCharleston/2/220715_1125 snip [29/49] snip_76188.450_76258.600.flac
5528.6s - extractor 1: Chia - Bee Audio 2022 Original/7-13-22_SouthCharleston/2/220715_1125 snip [30/49] snip_76665.210_76728.210.flac
5528.7s - extractor 1: Chia - Bee Audio 2022 Original/7-13-22_SouthCharleston/2/220715_1125 snip [31/49] snip_7757.260_7818.260.flac
5528.7s - extractor 1: Chia - Bee Audio 2022 Original/7-13-22_SouthCharleston/2/220715_1125 snip [32/49] snip_78009.640_78072.640.flac
5528.8s - extractor 1: Chia - Bee Audio 2022 Original/7-13-22_SouthCharleston/2/220715_1125 snip [33/49] snip_79825.130_79888.130.flac
5528.8s - extractor 1: Chia - Bee Audio 2022 Original/7-13-22_SouthCharleston/2/220715_1125 snip [34/49] snip_81232.920_81295.920.flac
5528.9s - extractor 1: Chia - Bee Audio 2022 Original/7-13-22_SouthCharleston/2/220715_1125 snip [35/49] snip_82881.300_82944.300.flac
5528.9s - extractor 1: Chia - Bee Audio 2022 Original/7-13-22_SouthCharleston/2/220715_1125 snip [36/49] snip_84423.210_84486.210.flac
5528.9s - extractor 1: Chia - Bee Audio 2022 Original/7-13-22_SouthCharleston/2/220715_1125 snip [37/49] snip_84713.890_84776.890.flac
5529.0s - extractor 1: Chia - Bee Audio 2022 Original/7-13-22_SouthCharleston/2/220715_1125 snip [38/49] snip_85065.990_85128.990.flac
5529.1s - extractor 1: Chia - Bee Audio 2022 Original/7-13-22_SouthCharleston/2/220715_1125 snip [39/49] snip_85977.610_86040.610.flac
5529.2s - extractor 1: Chia - Bee Audio 2022 Original/7-13-22_SouthCharleston/2/220715_1125 snip [40/49] snip_86798.390_86861.390.flac
5529.2s - extractor 1: Chia - Bee Audio 2022 Original/7-13-22_SouthCharleston/2/220715_1125 snip [41/49] snip_87194.440_87257.440.flac
5529.2s - extractor 1: Chia - Bee Audio 2022 Original/7-13-22_SouthCharleston/2/220715_1125 snip [42/49] snip_90006.850_90069.850.flac
5529.3s - extractor 1: Chia - Bee Audio 2022 Original/7-13-22_SouthCharleston/2/220715_1125 snip [43/49] snip_91648.660_91710.640.flac
5529.3s - extractor 1: Chia - Bee Audio 2022 Original/7-13-22_SouthCharleston/2/220715_1125 snip [44/49] snip_92851.640_92914.640.flac
5529.4s - extractor 1: Chia - Bee Audio 2022 Original/7-13-22_SouthCharleston/2/220715_1125 snip [45/49] snip_93795.000_93858.000.flac
5529.5s - extractor 1: Chia - Bee Audio 2022 Original/7-13-22_SouthCharleston/2/220715_1125 snip [46/49] snip_95343.300_95406.300.flac
5529.5s - extractor 1: Chia - Bee Audio 2022 Original/7-13-22_SouthCharleston/2/220715_1125 snip [47/49] snip_95409.810_95470.810.flac
5529.6s - extractor 1: Chia - Bee Audio 2022 Original/7-13-22_SouthCharleston/2/220715_1125 snip [48/49] snip_96242.210_96303.210.flac
5529.6s - extractor 1: Chia - Bee Audio 2022 Original/7-13-22_SouthCharleston/2/220715_1125 snip [49/49] snip_9675.790_9736.790.flac
5555.3s - extractor 0: [8] Chia - Bee Audio 2022 Original/7-13-22_SouthCharleston/2/220713_0943 — 95 snip(s) → 168 frames, 9 label(s) (ident took 154.8s)
5555.3s - extractor 0: [9] Chia - Bee Audio 2022 Original/7-13-22_SouthCharleston/3/220713_0944 — starting (both)
5555.3s - extractor 0: Chia - Bee Audio 2022 Original/7-13-22_SouthCharleston/3/220713_0944 snip [1/85] snip_100368.560_100431.560.flac
5555.3s - extractor 0: Chia - Bee Audio 2022 Original/7-13-22_SouthCharleston/3/220713_0944 snip [2/85] snip_101375.830_101438.830.flac
5555.4s - extractor 0: Chia - Bee Audio 2022 Original/7-13-22_SouthCharleston/3/220713_0944 snip [3/85] snip_10178.150_10241.150.flac
5555.4s - extractor 0: Chia - Bee Audio 2022 Original/7-13-22_SouthCharleston/3/220713_0944 snip [4/85] snip_102101.930_102162.930.flac
5555.5s - extractor 0: Chia - Bee Audio 2022 Original/7-13-22_SouthCharleston/3/220713_0944 snip [5/85] snip_103153.680_103216.680.flac
5555.5s - extractor 0: Chia - Bee Audio 2022 Original/7-13-22_SouthCharleston/3/220713_0944 snip [6/85] snip_103851.090_103914.090.flac
5555.5s - extractor 0: Chia - Bee Audio 2022 Original/7-13-22_SouthCharleston/3/220713_0944 snip [7/85] snip_107003.060_107066.060.flac
5555.6s - extractor 0: Chia - Bee Audio 2022 Original/7-13-22_SouthCharleston/3/220713_0944 snip [8/85] snip_108404.340_108467.340.flac
5555.6s - extractor 0: Chia - Bee Audio 2022 Original/7-13-22_SouthCharleston/3/220713_0944 snip [9/85] snip_110294.760_110355.760.flac
5555.7s - extractor 0: Chia - Bee Audio 2022 Original/7-13-22_SouthCharleston/3/220713_0944 snip [10/85] snip_11037.870_11098.870.flac
5555.7s - extractor 0: Chia - Bee Audio 2022 Original/7-13-22_SouthCharleston/3/220713_0944 snip [11/85] snip_110656.440_110719.440.flac
5555.7s - extractor 0: Chia - Bee Audio 2022 Original/7-13-22_SouthCharleston/3/220713_0944 snip [12/85] snip_111689.560_111750.560.flac
5555.8s - extractor 0: Chia - Bee Audio 2022 Original/7-13-22_SouthCharleston/3/220713_0944 snip [13/85] snip_112552.160_112615.160.flac
5555.8s - extractor 0: Chia - Bee Audio 2022 Original/7-13-22_SouthCharleston/3/220713_0944 snip [14/85] snip_112834.670_112895.670.flac
5555.8s - extractor 0: Chia - Bee Audio 2022 Original/7-13-22_SouthCharleston/3/220713_0944 snip [15/85] snip_117793.540_117856.540.flac
5555.9s - extractor 0: Chia - Bee Audio 2022 Original/7-13-22_SouthCharleston/3/220713_0944 snip [16/85] snip_12045.920_12106.920.flac
5555.9s - extractor 0: Chia - Bee Audio 2022 Original/7-13-22_SouthCharleston/3/220713_0944 snip [17/85] snip_122757.460_122820.460.flac
5556.0s - extractor 0: Chia - Bee Audio 2022 Original/7-13-22_SouthCharleston/3/220713_0944 snip [18/85] snip_126930.000_126993.000.flac
5556.0s - extractor 0: Chia - Bee Audio 2022 Original/7-13-22_SouthCharleston/3/220713_0944 snip [19/85] snip_130530.000_130593.000.flac
5556.0s - extractor 0: Chia - Bee Audio 2022 Original/7-13-22_SouthCharleston/3/220713_0944 snip [20/85] snip_134130.000_134193.000.flac
5556.1s - extractor 0: Chia - Bee Audio 2022 Original/7-13-22_SouthCharleston/3/220713_0944 snip [21/85] snip_137730.000_137793.000.flac
5556.2s - extractor 0: Chia - Bee Audio 2022 Original/7-13-22_SouthCharleston/3/220713_0944 snip [22/85] snip_144930.000_145005.820.flac
5556.3s - extractor 0: Chia - Bee Audio 2022 Original/7-13-22_SouthCharleston/3/220713_0944 snip [23/85] snip_152130.000_152193.000.flac
5556.3s - extractor 0: Chia - Bee Audio 2022 Original/7-13-22_SouthCharleston/3/220713_0944 snip [24/85] snip_155730.000_155793.000.flac
5556.4s - extractor 0: Chia - Bee Audio 2022 Original/7-13-22_SouthCharleston/3/220713_0944 snip [25/85] snip_15859.720_15932.280.flac
5556.5s - extractor 0: Chia - Bee Audio 2022 Original/7-13-22_SouthCharleston/3/220713_0944 snip [26/85] snip_159330.000_159393.000.flac
5556.6s - extractor 0: Chia - Bee Audio 2022 Original/7-13-22_SouthCharleston/3/220713_0944 snip [27/85] snip_16317.890_16380.000.flac
5556.6s - extractor 0: Chia - Bee Audio 2022 Original/7-13-22_SouthCharleston/3/220713_0944 snip [28/85] snip_16455.150_16587.360.flac
5556.8s - extractor 0: Chia - Bee Audio 2022 Original/7-13-22_SouthCharleston/3/220713_0944 snip [29/85] snip_16623.470_16734.560.flac
5556.9s - extractor 0: Chia - Bee Audio 2022 Original/7-13-22_SouthCharleston/3/220713_0944 snip [30/85] snip_166711.330_166774.330.flac
5556.9s - extractor 0: Chia - Bee Audio 2022 Original/7-13-22_SouthCharleston/3/220713_0944 snip [31/85] snip_166882.000_166943.000.flac
5557.0s - extractor 0: Chia - Bee Audio 2022 Original/7-13-22_SouthCharleston/3/220713_0944 snip [32/85] snip_167401.570_167464.570.flac
5557.0s - extractor 0: Chia - Bee Audio 2022 Original/7-13-22_SouthCharleston/3/220713_0944 snip [33/85] snip_168754.200_168817.670.flac
5557.1s - extractor 0: Chia - Bee Audio 2022 Original/7-13-22_SouthCharleston/3/220713_0944 snip [34/85] snip_169444.180_169542.130.flac
5557.2s - extractor 0: Chia - Bee Audio 2022 Original/7-13-22_SouthCharleston/3/220713_0944 snip [35/85] snip_171933.440_171996.440.flac
5557.3s - extractor 0: Chia - Bee Audio 2022 Original/7-13-22_SouthCharleston/3/220713_0944 snip [36/85] snip_176145.650_176218.030.flac
5557.4s - extractor 0: Chia - Bee Audio 2022 Original/7-13-22_SouthCharleston/3/220713_0944 snip [37/85] snip_176254.120_176317.120.flac
5557.4s - extractor 0: Chia - Bee Audio 2022 Original/7-13-22_SouthCharleston/3/220713_0944 snip [38/85] snip_176564.620_176625.620.flac
5557.5s - extractor 0: Chia - Bee Audio 2022 Original/7-13-22_SouthCharleston/3/220713_0944 snip [39/85] snip_21092.700_21155.220.flac
5557.6s - extractor 0: Chia - Bee Audio 2022 Original/7-13-22_SouthCharleston/3/220713_0944 snip [40/85] snip_23667.200_23730.200.flac
5557.7s - extractor 0: Chia - Bee Audio 2022 Original/7-13-22_SouthCharleston/3/220713_0944 snip [41/85] snip_25072.940_25143.990.flac
5557.8s - extractor 0: Chia - Bee Audio 2022 Original/7-13-22_SouthCharleston/3/220713_0944 snip [42/85] snip_2586.280_2647.280.flac
5557.9s - extractor 0: Chia - Bee Audio 2022 Original/7-13-22_SouthCharleston/3/220713_0944 snip [43/85] snip_29036.600_29097.600.flac
5557.9s - extractor 0: Chia - Bee Audio 2022 Original/7-13-22_SouthCharleston/3/220713_0944 snip [44/85] snip_3324.740_3387.740.flac
5558.0s - extractor 0: Chia - Bee Audio 2022 Original/7-13-22_SouthCharleston/3/220713_0944 snip [45/85] snip_33822.600_33885.600.flac
5558.0s - extractor 0: Chia - Bee Audio 2022 Original/7-13-22_SouthCharleston/3/220713_0944 snip [46/85] snip_39380.370_39443.370.flac
5558.0s - extractor 0: Chia - Bee Audio 2022 Original/7-13-22_SouthCharleston/3/220713_0944 snip [47/85] snip_40495.450_40593.000.flac
5558.2s - extractor 0: Chia - Bee Audio 2022 Original/7-13-22_SouthCharleston/3/220713_0944 snip [48/85] snip_4065.210_4126.210.flac
5558.2s - extractor 0: Chia - Bee Audio 2022 Original/7-13-22_SouthCharleston/3/220713_0944 snip [49/85] snip_44130.000_44193.000.flac
5558.3s - extractor 0: Chia - Bee Audio 2022 Original/7-13-22_SouthCharleston/3/220713_0944 snip [50/85] snip_47730.000_47793.000.flac
5558.4s - extractor 0: Chia - Bee Audio 2022 Original/7-13-22_SouthCharleston/3/220713_0944 snip [51/85] snip_4963.960_5026.960.flac
5558.4s - extractor 0: Chia - Bee Audio 2022 Original/7-13-22_SouthCharleston/3/220713_0944 snip [52/85] snip_51330.000_51393.000.flac
5558.4s - extractor 0: Chia - Bee Audio 2022 Original/7-13-22_SouthCharleston/3/220713_0944 snip [53/85] snip_54930.000_54993.000.flac
5558.5s - extractor 0: Chia - Bee Audio 2022 Original/7-13-22_SouthCharleston/3/220713_0944 snip [54/85] snip_58530.000_58593.000.flac
5558.5s - extractor 0: Chia - Bee Audio 2022 Original/7-13-22_SouthCharleston/3/220713_0944 snip [55/85] snip_5864.840_5925.840.flac
5558.6s - extractor 0: Chia - Bee Audio 2022 Original/7-13-22_SouthCharleston/3/220713_0944 snip [56/85] snip_60023.620_60086.620.flac
5558.6s - extractor 0: Chia - Bee Audio 2022 Original/7-13-22_SouthCharleston/3/220713_0944 snip [57/85] snip_62130.000_62193.000.flac
5558.7s - extractor 0: Chia - Bee Audio 2022 Original/7-13-22_SouthCharleston/3/220713_0944 snip [58/85] snip_69330.000_69393.000.flac
5558.8s - extractor 0: Chia - Bee Audio 2022 Original/7-13-22_SouthCharleston/3/220713_0944 snip [59/85] snip_6997.000_7060.000.flac
5558.8s - extractor 0: Chia - Bee Audio 2022 Original/7-13-22_SouthCharleston/3/220713_0944 snip [60/85] snip_72930.000_72993.000.flac
5558.9s - extractor 0: Chia - Bee Audio 2022 Original/7-13-22_SouthCharleston/3/220713_0944 snip [61/85] snip_79799.710_79860.710.flac
5558.9s - extractor 0: Chia - Bee Audio 2022 Original/7-13-22_SouthCharleston/3/220713_0944 snip [62/85] snip_80130.000_80193.000.flac
5558.9s - extractor 0: Chia - Bee Audio 2022 Original/7-13-22_SouthCharleston/3/220713_0944 snip [63/85] snip_80799.820_80860.820.flac
5558.9s - extractor 0: Chia - Bee Audio 2022 Original/7-13-22_SouthCharleston/3/220713_0944 snip [64/85] snip_83020.370_83083.370.flac
5559.0s - extractor 0: Chia - Bee Audio 2022 Original/7-13-22_SouthCharleston/3/220713_0944 snip [65/85] snip_83779.960_83840.960.flac
5559.0s - extractor 0: Chia - Bee Audio 2022 Original/7-13-22_SouthCharleston/3/220713_0944 snip [66/85] snip_8493.630_8554.630.flac
5559.1s - extractor 0: Chia - Bee Audio 2022 Original/7-13-22_SouthCharleston/3/220713_0944 snip [67/85] snip_85020.480_85081.480.flac
5559.2s - extractor 0: Chia - Bee Audio 2022 Original/7-13-22_SouthCharleston/3/220713_0944 snip [68/85] snip_8739.260_8818.160.flac
5559.2s - extractor 0: Chia - Bee Audio 2022 Original/7-13-22_SouthCharleston/3/220713_0944 snip [69/85] snip_88067.640_88130.640.flac
5559.2s - extractor 0: Chia - Bee Audio 2022 Original/7-13-22_SouthCharleston/3/220713_0944 snip [70/85] snip_8830.520_8891.520.flac
5559.3s - extractor 0: Chia - Bee Audio 2022 Original/7-13-22_SouthCharleston/3/220713_0944 snip [71/85] snip_89693.330_89754.420.flac
5559.4s - extractor 0: Chia - Bee Audio 2022 Original/7-13-22_SouthCharleston/3/220713_0944 snip [72/85] snip_8981.310_9042.310.flac
5559.4s - extractor 0: Chia - Bee Audio 2022 Original/7-13-22_SouthCharleston/3/220713_0944 snip [73/85] snip_90554.190_90652.450.flac
5559.5s - extractor 0: Chia - Bee Audio 2022 Original/7-13-22_SouthCharleston/3/220713_0944 snip [74/85] snip_91177.350_91240.350.flac
5559.5s - extractor 0: Chia - Bee Audio 2022 Original/7-13-22_SouthCharleston/3/220713_0944 snip [75/85] snip_9139.180_9217.070.flac
5559.6s - extractor 0: Chia - Bee Audio 2022 Original/7-13-22_SouthCharleston/3/220713_0944 snip [76/85] snip_92663.080_92724.080.flac
5559.7s - extractor 0: Chia - Bee Audio 2022 Original/7-13-22_SouthCharleston/3/220713_0944 snip [77/85] snip_92900.940_92962.160.flac
5559.7s - extractor 0: Chia - Bee Audio 2022 Original/7-13-22_SouthCharleston/3/220713_0944 snip [78/85] snip_9320.440_9381.440.flac
5559.8s - extractor 0: Chia - Bee Audio 2022 Original/7-13-22_SouthCharleston/3/220713_0944 snip [79/85] snip_94022.100_94085.100.flac
5559.8s - extractor 0: Chia - Bee Audio 2022 Original/7-13-22_SouthCharleston/3/220713_0944 snip [80/85] snip_9508.000_9630.210.flac
5560.0s - extractor 0: Chia - Bee Audio 2022 Original/7-13-22_SouthCharleston/3/220713_0944 snip [81/85] snip_95383.280_95444.280.flac
5560.1s - extractor 0: Chia - Bee Audio 2022 Original/7-13-22_SouthCharleston/3/220713_0944 snip [82/85] snip_97364.050_97427.050.flac
5560.1s - extractor 0: Chia - Bee Audio 2022 Original/7-13-22_SouthCharleston/3/220713_0944 snip [83/85] snip_9903.690_10012.050.flac
5560.2s - extractor 0: Chia - Bee Audio 2022 Original/7-13-22_SouthCharleston/3/220713_0944 snip [84/85] snip_99346.840_99407.840.flac
5560.2s - extractor 0: Chia - Bee Audio 2022 Original/7-13-22_SouthCharleston/3/220713_0944 snip [85/85] snip_99716.520_99779.520.flac
5605.3s - extractor 1: [9] Chia - Bee Audio 2022 Original/7-13-22_SouthCharleston/2/220715_1125 — 49 snip(s) → 89 frames, 7 label(s) (ident took 78.3s)
5605.3s - extractor 1: [10] Chia - Bee Audio 2022 Original/7-13-22_SouthCharleston/3/220715_1127 — starting (both)
5605.3s - extractor 1: Chia - Bee Audio 2022 Original/7-13-22_SouthCharleston/3/220715_1127 snip [1/47] snip_10180.440_10243.440.flac
5605.4s - extractor 1: Chia - Bee Audio 2022 Original/7-13-22_SouthCharleston/3/220715_1127 snip [2/47] snip_11030.590_11091.590.flac
5605.4s - extractor 1: Chia - Bee Audio 2022 Original/7-13-22_SouthCharleston/3/220715_1127 snip [3/47] snip_12628.690_12689.690.flac
5605.4s - extractor 1: Chia - Bee Audio 2022 Original/7-13-22_SouthCharleston/3/220715_1127 snip [4/47] snip_12756.950_12817.970.flac
5605.5s - extractor 1: Chia - Bee Audio 2022 Original/7-13-22_SouthCharleston/3/220715_1127 snip [5/47] snip_16361.270_16422.270.flac
5605.5s - extractor 1: Chia - Bee Audio 2022 Original/7-13-22_SouthCharleston/3/220715_1127 snip [6/47] snip_1758.320_1819.320.flac
5605.6s - extractor 1: Chia - Bee Audio 2022 Original/7-13-22_SouthCharleston/3/220715_1127 snip [7/47] snip_18068.190_18131.190.flac
5605.6s - extractor 1: Chia - Bee Audio 2022 Original/7-13-22_SouthCharleston/3/220715_1127 snip [8/47] snip_18332.720_18675.220.flac
5606.7s - extractor 1: rescued 'ins_buzz_medium' at 18639.100s (1.350s) as ins_buzz_medium+mech_plane_jet
5606.7s - extractor 1: rescued 'ins_buzz_medium' at 18643.970s (1.020s) as ins_buzz_medium+mech_plane_jet
5606.7s - extractor 1: Chia - Bee Audio 2022 Original/7-13-22_SouthCharleston/3/220715_1127 snip [9/47] snip_1864.240_1925.240.flac
5606.8s - extractor 1: Chia - Bee Audio 2022 Original/7-13-22_SouthCharleston/3/220715_1127 snip [10/47] snip_19776.950_19837.950.flac
5606.8s - extractor 1: Chia - Bee Audio 2022 Original/7-13-22_SouthCharleston/3/220715_1127 snip [11/47] snip_20022.930_20083.990.flac
5606.9s - extractor 1: Chia - Bee Audio 2022 Original/7-13-22_SouthCharleston/3/220715_1127 snip [12/47] snip_25108.220_25171.220.flac
5606.9s - extractor 1: Chia - Bee Audio 2022 Original/7-13-22_SouthCharleston/3/220715_1127 snip [13/47] snip_34350.000_34413.000.flac
5607.0s - extractor 1: Chia - Bee Audio 2022 Original/7-13-22_SouthCharleston/3/220715_1127 snip [14/47] snip_37950.000_38013.000.flac
5607.0s - extractor 1: Chia - Bee Audio 2022 Original/7-13-22_SouthCharleston/3/220715_1127 snip [15/47] snip_3860.560_3921.560.flac
5607.1s - extractor 1: Chia - Bee Audio 2022 Original/7-13-22_SouthCharleston/3/220715_1127 snip [16/47] snip_41550.000_41613.000.flac
5607.2s - extractor 1: Chia - Bee Audio 2022 Original/7-13-22_SouthCharleston/3/220715_1127 snip [17/47] snip_45150.000_45213.000.flac
5607.2s - extractor 1: Chia - Bee Audio 2022 Original/7-13-22_SouthCharleston/3/220715_1127 snip [18/47] snip_48750.000_48813.000.flac
5607.3s - extractor 1: Chia - Bee Audio 2022 Original/7-13-22_SouthCharleston/3/220715_1127 snip [19/47] snip_52350.000_52413.000.flac
5607.4s - extractor 1: Chia - Bee Audio 2022 Original/7-13-22_SouthCharleston/3/220715_1127 snip [20/47] snip_55950.000_56013.000.flac
5607.4s - extractor 1: Chia - Bee Audio 2022 Original/7-13-22_SouthCharleston/3/220715_1127 snip [21/47] snip_59550.000_59613.000.flac
5607.5s - extractor 1: Chia - Bee Audio 2022 Original/7-13-22_SouthCharleston/3/220715_1127 snip [22/47] snip_6052.050_6171.350.flac
5607.6s - extractor 1: Chia - Bee Audio 2022 Original/7-13-22_SouthCharleston/3/220715_1127 snip [23/47] snip_6221.840_6325.740.flac
5608.0s - extractor 1: Chia - Bee Audio 2022 Original/7-13-22_SouthCharleston/3/220715_1127 snip [24/47] snip_63150.000_63213.000.flac
5608.0s - extractor 1: Chia - Bee Audio 2022 Original/7-13-22_SouthCharleston/3/220715_1127 snip [25/47] snip_66750.000_66813.000.flac
5608.1s - extractor 1: Chia - Bee Audio 2022 Original/7-13-22_SouthCharleston/3/220715_1127 snip [26/47] snip_6786.610_6908.120.flac
5608.2s - extractor 1: Chia - Bee Audio 2022 Original/7-13-22_SouthCharleston/3/220715_1127 snip [27/47] snip_7011.570_7076.880.flac
5608.3s - extractor 1: Chia - Bee Audio 2022 Original/7-13-22_SouthCharleston/3/220715_1127 snip [28/47] snip_70350.000_70413.000.flac
5608.3s - extractor 1: Chia - Bee Audio 2022 Original/7-13-22_SouthCharleston/3/220715_1127 snip [29/47] snip_71664.360_71727.360.flac
5608.4s - extractor 1: Chia - Bee Audio 2022 Original/7-13-22_SouthCharleston/3/220715_1127 snip [30/47] snip_7169.250_7240.040.flac
5608.5s - extractor 1: Chia - Bee Audio 2022 Original/7-13-22_SouthCharleston/3/220715_1127 snip [31/47] snip_73032.010_73095.010.flac
5608.5s - extractor 1: Chia - Bee Audio 2022 Original/7-13-22_SouthCharleston/3/220715_1127 snip [32/47] snip_73939.190_74013.000.flac
5608.6s - extractor 1: Chia - Bee Audio 2022 Original/7-13-22_SouthCharleston/3/220715_1127 snip [33/47] snip_76113.720_76174.740.flac
5608.7s - extractor 1: Chia - Bee Audio 2022 Original/7-13-22_SouthCharleston/3/220715_1127 snip [34/47] snip_78283.450_78346.450.flac
5608.7s - extractor 1: Chia - Bee Audio 2022 Original/7-13-22_SouthCharleston/3/220715_1127 snip [35/47] snip_82605.500_82668.500.flac
5608.8s - extractor 1: Chia - Bee Audio 2022 Original/7-13-22_SouthCharleston/3/220715_1127 snip [36/47] snip_83934.940_83997.940.flac
5608.9s - extractor 1: Chia - Bee Audio 2022 Original/7-13-22_SouthCharleston/3/220715_1127 snip [37/47] snip_85383.560_85446.560.flac
5608.9s - extractor 1: Chia - Bee Audio 2022 Original/7-13-22_SouthCharleston/3/220715_1127 snip [38/47] snip_90236.340_90297.340.flac
5609.0s - extractor 1: Chia - Bee Audio 2022 Original/7-13-22_SouthCharleston/3/220715_1127 snip [39/47] snip_9165.630_9226.630.flac
5609.1s - extractor 1: Chia - Bee Audio 2022 Original/7-13-22_SouthCharleston/3/220715_1127 snip [40/47] snip_92271.470_92332.470.flac
5609.1s - extractor 1: Chia - Bee Audio 2022 Original/7-13-22_SouthCharleston/3/220715_1127 snip [41/47] snip_9247.950_9310.950.flac
5609.2s - extractor 1: Chia - Bee Audio 2022 Original/7-13-22_SouthCharleston/3/220715_1127 snip [42/47] snip_9332.290_9393.290.flac
5609.2s - extractor 1: Chia - Bee Audio 2022 Original/7-13-22_SouthCharleston/3/220715_1127 snip [43/47] snip_93952.720_94040.100.flac
5609.5s - extractor 1: Chia - Bee Audio 2022 Original/7-13-22_SouthCharleston/3/220715_1127 snip [44/47] snip_94824.020_94885.020.flac
5609.6s - extractor 1: Chia - Bee Audio 2022 Original/7-13-22_SouthCharleston/3/220715_1127 snip [45/47] snip_96283.210_96346.210.flac
5609.6s - extractor 1: Chia - Bee Audio 2022 Original/7-13-22_SouthCharleston/3/220715_1127 snip [46/47] snip_9690.290_9753.720.flac
5609.7s - extractor 1: Chia - Bee Audio 2022 Original/7-13-22_SouthCharleston/3/220715_1127 snip [47/47] snip_97174.170_97237.170.flac
5699.0s - extractor 0: [9] Chia - Bee Audio 2022 Original/7-13-22_SouthCharleston/3/220713_0944 — 85 snip(s) → 162 frames, 5 label(s) (ident took 143.7s)
5699.0s - extractor 0: [10] Chia - Bee Audio 2022 Original/7-13-22_SouthCharleston/4/220713_0946 — starting (both)
5699.0s - extractor 0: Chia - Bee Audio 2022 Original/7-13-22_SouthCharleston/4/220713_0946 snip [1/124] snip_100944.990_101005.990.flac
5699.0s - extractor 0: Chia - Bee Audio 2022 Original/7-13-22_SouthCharleston/4/220713_0946 snip [2/124] snip_101783.910_101846.910.flac
5699.1s - extractor 0: Chia - Bee Audio 2022 Original/7-13-22_SouthCharleston/4/220713_0946 snip [3/124] snip_10252.680_10315.680.flac
5699.1s - extractor 0: Chia - Bee Audio 2022 Original/7-13-22_SouthCharleston/4/220713_0946 snip [4/124] snip_102793.580_102854.580.flac
5699.2s - extractor 0: Chia - Bee Audio 2022 Original/7-13-22_SouthCharleston/4/220713_0946 snip [5/124] snip_102889.360_102952.360.flac
5699.2s - extractor 0: Chia - Bee Audio 2022 Original/7-13-22_SouthCharleston/4/220713_0946 snip [6/124] snip_104457.520_104520.520.flac
5699.3s - extractor 0: Chia - Bee Audio 2022 Original/7-13-22_SouthCharleston/4/220713_0946 snip [7/124] snip_106828.880_106891.880.flac
5699.4s - extractor 0: Chia - Bee Audio 2022 Original/7-13-22_SouthCharleston/4/220713_0946 snip [8/124] snip_1107.400_1169.830.flac
5699.5s - extractor 0: Chia - Bee Audio 2022 Original/7-13-22_SouthCharleston/4/220713_0946 snip [9/124] snip_111420.440_111487.330.flac
5699.6s - extractor 0: Chia - Bee Audio 2022 Original/7-13-22_SouthCharleston/4/220713_0946 snip [10/124] snip_113214.640_113275.640.flac
5699.7s - extractor 0: Chia - Bee Audio 2022 Original/7-13-22_SouthCharleston/4/220713_0946 snip [11/124] snip_11442.930_11503.950.flac
5699.7s - extractor 0: Chia - Bee Audio 2022 Original/7-13-22_SouthCharleston/4/220713_0946 snip [12/124] snip_115288.050_115351.050.flac
5699.8s - extractor 0: Chia - Bee Audio 2022 Original/7-13-22_SouthCharleston/4/220713_0946 snip [13/124] snip_11627.780_11690.780.flac
5699.9s - extractor 0: Chia - Bee Audio 2022 Original/7-13-22_SouthCharleston/4/220713_0946 snip [14/124] snip_12107.730_12170.730.flac
5699.9s - extractor 0: Chia - Bee Audio 2022 Original/7-13-22_SouthCharleston/4/220713_0946 snip [15/124] snip_122679.050_122740.050.flac
5700.0s - extractor 0: Chia - Bee Audio 2022 Original/7-13-22_SouthCharleston/4/220713_0946 snip [16/124] snip_122947.030_123010.030.flac
5700.1s - extractor 0: Chia - Bee Audio 2022 Original/7-13-22_SouthCharleston/4/220713_0946 snip [17/124] snip_123217.330_123278.350.flac
5700.1s - extractor 0: Chia - Bee Audio 2022 Original/7-13-22_SouthCharleston/4/220713_0946 snip [18/124] snip_123884.100_123947.100.flac
5700.2s - extractor 0: Chia - Bee Audio 2022 Original/7-13-22_SouthCharleston/4/220713_0946 snip [19/124] snip_125142.150_125205.150.flac
5700.3s - extractor 0: Chia - Bee Audio 2022 Original/7-13-22_SouthCharleston/4/220713_0946 snip [20/124] snip_126108.340_126171.340.flac
5700.3s - extractor 0: Chia - Bee Audio 2022 Original/7-13-22_SouthCharleston/4/220713_0946 snip [21/124] snip_126810.000_126873.000.flac
5700.4s - extractor 0: Chia - Bee Audio 2022 Original/7-13-22_SouthCharleston/4/220713_0946 snip [22/124] snip_130410.000_130473.000.flac
5700.5s - extractor 0: Chia - Bee Audio 2022 Original/7-13-22_SouthCharleston/4/220713_0946 snip [23/124] snip_134010.000_134073.000.flac
5700.5s - extractor 0: Chia - Bee Audio 2022 Original/7-13-22_SouthCharleston/4/220713_0946 snip [24/124] snip_137610.000_137673.000.flac
5700.6s - extractor 0: Chia - Bee Audio 2022 Original/7-13-22_SouthCharleston/4/220713_0946 snip [25/124] snip_144810.000_144873.000.flac
5700.7s - extractor 0: Chia - Bee Audio 2022 Original/7-13-22_SouthCharleston/4/220713_0946 snip [26/124] snip_145451.720_145514.720.flac
5700.7s - extractor 0: Chia - Bee Audio 2022 Original/7-13-22_SouthCharleston/4/220713_0946 snip [27/124] snip_152010.000_152073.000.flac
5700.8s - extractor 0: Chia - Bee Audio 2022 Original/7-13-22_SouthCharleston/4/220713_0946 snip [28/124] snip_15409.530_15769.460.flac
5702.1s - extractor 0: rescued 'ambient_scraping' at 15520.070s (1.210s) as ambient_scraping+human+ins_buzz_high
5702.1s - extractor 0: Chia - Bee Audio 2022 Original/7-13-22_SouthCharleston/4/220713_0946 snip [29/124] snip_155610.000_155673.000.flac
5702.1s - extractor 0: Chia - Bee Audio 2022 Original/7-13-22_SouthCharleston/4/220713_0946 snip [30/124] snip_159210.000_159273.000.flac
5702.2s - extractor 0: Chia - Bee Audio 2022 Original/7-13-22_SouthCharleston/4/220713_0946 snip [31/124] snip_15942.220_16003.220.flac
5702.3s - extractor 0: Chia - Bee Audio 2022 Original/7-13-22_SouthCharleston/4/220713_0946 snip [32/124] snip_162810.000_162873.000.flac
5702.4s - extractor 0: Chia - Bee Audio 2022 Original/7-13-22_SouthCharleston/4/220713_0946 snip [33/124] snip_16313.420_16377.600.flac
5702.5s - extractor 0: Chia - Bee Audio 2022 Original/7-13-22_SouthCharleston/4/220713_0946 snip [34/124] snip_163716.180_163777.230.flac
5702.5s - extractor 0: Chia - Bee Audio 2022 Original/7-13-22_SouthCharleston/4/220713_0946 snip [35/124] snip_164420.300_164481.300.flac
5702.6s - extractor 0: Chia - Bee Audio 2022 Original/7-13-22_SouthCharleston/4/220713_0946 snip [36/124] snip_165023.400_165084.400.flac
5702.7s - extractor 0: Chia - Bee Audio 2022 Original/7-13-22_SouthCharleston/4/220713_0946 snip [37/124] snip_165087.840_165148.840.flac
5702.7s - extractor 0: Chia - Bee Audio 2022 Original/7-13-22_SouthCharleston/4/220713_0946 snip [38/124] snip_165229.280_165292.080.flac
5702.7s - extractor 0: Chia - Bee Audio 2022 Original/7-13-22_SouthCharleston/4/220713_0946 snip [39/124] snip_166129.690_166192.390.flac
5702.8s - extractor 0: Chia - Bee Audio 2022 Original/7-13-22_SouthCharleston/4/220713_0946 snip [40/124] snip_166194.600_166257.600.flac
5702.9s - extractor 0: Chia - Bee Audio 2022 Original/7-13-22_SouthCharleston/4/220713_0946 snip [41/124] snip_166410.000_166473.000.flac
5703.0s - extractor 0: Chia - Bee Audio 2022 Original/7-13-22_SouthCharleston/4/220713_0946 snip [42/124] snip_166532.910_166593.970.flac
5703.0s - extractor 0: Chia - Bee Audio 2022 Original/7-13-22_SouthCharleston/4/220713_0946 snip [43/124] snip_166833.420_166894.420.flac
5703.1s - extractor 0: Chia - Bee Audio 2022 Original/7-13-22_SouthCharleston/4/220713_0946 snip [44/124] snip_167195.960_167256.960.flac
5703.1s - extractor 0: Chia - Bee Audio 2022 Original/7-13-22_SouthCharleston/4/220713_0946 snip [45/124] snip_167586.460_167648.960.flac
5703.2s - extractor 0: Chia - Bee Audio 2022 Original/7-13-22_SouthCharleston/4/220713_0946 snip [46/124] snip_167970.840_168031.840.flac
5703.3s - extractor 0: Chia - Bee Audio 2022 Original/7-13-22_SouthCharleston/4/220713_0946 snip [47/124] snip_168147.390_168208.390.flac
5703.3s - extractor 0: Chia - Bee Audio 2022 Original/7-13-22_SouthCharleston/4/220713_0946 snip [48/124] snip_168213.400_168274.400.flac
5703.4s - extractor 0: Chia - Bee Audio 2022 Original/7-13-22_SouthCharleston/4/220713_0946 snip [49/124] snip_168471.910_168534.910.flac
5703.5s - extractor 0: Chia - Bee Audio 2022 Original/7-13-22_SouthCharleston/4/220713_0946 snip [50/124] snip_169128.600_169195.060.flac
5703.6s - extractor 0: Chia - Bee Audio 2022 Original/7-13-22_SouthCharleston/4/220713_0946 snip [51/124] snip_169209.710_169270.710.flac
5703.6s - extractor 0: Chia - Bee Audio 2022 Original/7-13-22_SouthCharleston/4/220713_0946 snip [52/124] snip_169314.130_169377.130.flac
5703.7s - extractor 0: Chia - Bee Audio 2022 Original/7-13-22_SouthCharleston/4/220713_0946 snip [53/124] snip_169655.550_169716.550.flac
5703.8s - extractor 0: Chia - Bee Audio 2022 Original/7-13-22_SouthCharleston/4/220713_0946 snip [54/124] snip_170087.490_170150.490.flac
5703.8s - extractor 0: Chia - Bee Audio 2022 Original/7-13-22_SouthCharleston/4/220713_0946 snip [55/124] snip_170521.530_170582.530.flac
5703.9s - extractor 0: Chia - Bee Audio 2022 Original/7-13-22_SouthCharleston/4/220713_0946 snip [56/124] snip_171848.760_171911.760.flac
5703.9s - extractor 0: Chia - Bee Audio 2022 Original/7-13-22_SouthCharleston/4/220713_0946 snip [57/124] snip_173699.930_173760.930.flac
5704.0s - extractor 0: Chia - Bee Audio 2022 Original/7-13-22_SouthCharleston/4/220713_0946 snip [58/124] snip_173809.500_173870.500.flac
5704.0s - extractor 0: Chia - Bee Audio 2022 Original/7-13-22_SouthCharleston/4/220713_0946 snip [59/124] snip_174296.400_174359.400.flac
5704.1s - extractor 0: Chia - Bee Audio 2022 Original/7-13-22_SouthCharleston/4/220713_0946 snip [60/124] snip_174603.900_174664.900.flac
5704.1s - extractor 0: Chia - Bee Audio 2022 Original/7-13-22_SouthCharleston/4/220713_0946 snip [61/124] snip_174719.790_174785.810.flac
5704.2s - extractor 0: Chia - Bee Audio 2022 Original/7-13-22_SouthCharleston/4/220713_0946 snip [62/124] snip_175416.960_175477.960.flac
5704.3s - extractor 0: Chia - Bee Audio 2022 Original/7-13-22_SouthCharleston/4/220713_0946 snip [63/124] snip_176034.740_176103.980.flac
5704.4s - extractor 0: Chia - Bee Audio 2022 Original/7-13-22_SouthCharleston/4/220713_0946 snip [64/124] snip_176523.890_176586.890.flac
5704.5s - extractor 0: Chia - Bee Audio 2022 Original/7-13-22_SouthCharleston/4/220713_0946 snip [65/124] snip_177632.780_177693.780.flac
5704.5s - extractor 0: Chia - Bee Audio 2022 Original/7-13-22_SouthCharleston/4/220713_0946 snip [66/124] snip_23333.050_23394.050.flac
5704.6s - extractor 0: Chia - Bee Audio 2022 Original/7-13-22_SouthCharleston/4/220713_0946 snip [67/124] snip_23527.160_23612.420.flac
5704.7s - extractor 0: Chia - Bee Audio 2022 Original/7-13-22_SouthCharleston/4/220713_0946 snip [68/124] snip_24565.320_24626.320.flac
5704.7s - extractor 0: Chia - Bee Audio 2022 Original/7-13-22_SouthCharleston/4/220713_0946 snip [69/124] snip_24957.900_25028.460.flac
5704.8s - extractor 0: Chia - Bee Audio 2022 Original/7-13-22_SouthCharleston/4/220713_0946 snip [70/124] snip_28884.390_28947.390.flac
5704.8s - extractor 0: Chia - Bee Audio 2022 Original/7-13-22_SouthCharleston/4/220713_0946 snip [71/124] snip_28972.830_29039.590.flac
5704.9s - extractor 0: Chia - Bee Audio 2022 Original/7-13-22_SouthCharleston/4/220713_0946 snip [72/124] snip_3170.000_3237.070.flac
5704.9s - extractor 0: Chia - Bee Audio 2022 Original/7-13-22_SouthCharleston/4/220713_0946 snip [73/124] snip_33379.740_33440.740.flac
5704.9s - extractor 0: Chia - Bee Audio 2022 Original/7-13-22_SouthCharleston/4/220713_0946 snip [74/124] snip_40378.480_40473.000.flac
5705.0s - extractor 0: Chia - Bee Audio 2022 Original/7-13-22_SouthCharleston/4/220713_0946 snip [75/124] snip_44010.000_44073.000.flac
5705.1s - extractor 0: Chia - Bee Audio 2022 Original/7-13-22_SouthCharleston/4/220713_0946 snip [76/124] snip_47610.000_47673.000.flac
5705.1s - extractor 0: Chia - Bee Audio 2022 Original/7-13-22_SouthCharleston/4/220713_0946 snip [77/124] snip_54810.000_54873.000.flac
5705.2s - extractor 0: Chia - Bee Audio 2022 Original/7-13-22_SouthCharleston/4/220713_0946 snip [78/124] snip_58041.010_58104.010.flac
5705.2s - extractor 0: Chia - Bee Audio 2022 Original/7-13-22_SouthCharleston/4/220713_0946 snip [79/124] snip_58410.000_58473.000.flac
5705.2s - extractor 0: Chia - Bee Audio 2022 Original/7-13-22_SouthCharleston/4/220713_0946 snip [80/124] snip_62010.000_62073.000.flac
5705.3s - extractor 0: Chia - Bee Audio 2022 Original/7-13-22_SouthCharleston/4/220713_0946 snip [81/124] snip_6430.280_6491.280.flac
5705.3s - extractor 0: Chia - Bee Audio 2022 Original/7-13-22_SouthCharleston/4/220713_0946 snip [82/124] snip_65610.000_65673.000.flac
5705.4s - extractor 0: Chia - Bee Audio 2022 Original/7-13-22_SouthCharleston/4/220713_0946 snip [83/124] snip_6636.330_6697.330.flac
5705.4s - extractor 0: Chia - Bee Audio 2022 Original/7-13-22_SouthCharleston/4/220713_0946 snip [84/124] snip_69210.000_69273.000.flac
5705.4s - extractor 0: Chia - Bee Audio 2022 Original/7-13-22_SouthCharleston/4/220713_0946 snip [85/124] snip_72810.000_72873.000.flac
5705.5s - extractor 0: Chia - Bee Audio 2022 Original/7-13-22_SouthCharleston/4/220713_0946 snip [86/124] snip_77931.070_77992.070.flac
5705.5s - extractor 0: Chia - Bee Audio 2022 Original/7-13-22_SouthCharleston/4/220713_0946 snip [87/124] snip_78434.970_78495.970.flac
5705.5s - extractor 0: Chia - Bee Audio 2022 Original/7-13-22_SouthCharleston/4/220713_0946 snip [88/124] snip_78717.510_78780.510.flac
5705.6s - extractor 0: Chia - Bee Audio 2022 Original/7-13-22_SouthCharleston/4/220713_0946 snip [89/124] snip_7949.020_8010.020.flac
5705.6s - extractor 0: Chia - Bee Audio 2022 Original/7-13-22_SouthCharleston/4/220713_0946 snip [90/124] snip_79939.920_80000.920.flac
5705.7s - extractor 0: Chia - Bee Audio 2022 Original/7-13-22_SouthCharleston/4/220713_0946 snip [91/124] snip_80010.000_80073.000.flac
5705.7s - extractor 0: Chia - Bee Audio 2022 Original/7-13-22_SouthCharleston/4/220713_0946 snip [92/124] snip_80233.830_80298.660.flac
5705.8s - extractor 0: Chia - Bee Audio 2022 Original/7-13-22_SouthCharleston/4/220713_0946 snip [93/124] snip_80572.780_80633.780.flac
5705.8s - extractor 0: Chia - Bee Audio 2022 Original/7-13-22_SouthCharleston/4/220713_0946 snip [94/124] snip_80638.360_80699.360.flac
5705.8s - extractor 0: Chia - Bee Audio 2022 Original/7-13-22_SouthCharleston/4/220713_0946 snip [95/124] snip_80783.260_80844.260.flac
5705.9s - extractor 0: Chia - Bee Audio 2022 Original/7-13-22_SouthCharleston/4/220713_0946 snip [96/124] snip_80963.610_81024.610.flac
5705.9s - extractor 0: Chia - Bee Audio 2022 Original/7-13-22_SouthCharleston/4/220713_0946 snip [97/124] snip_81072.340_81135.340.flac
5705.9s - extractor 0: Chia - Bee Audio 2022 Original/7-13-22_SouthCharleston/4/220713_0946 snip [98/124] snip_81436.280_81499.280.flac
5706.0s - extractor 0: Chia - Bee Audio 2022 Original/7-13-22_SouthCharleston/4/220713_0946 snip [99/124] snip_81691.930_81752.930.flac
5706.0s - extractor 0: Chia - Bee Audio 2022 Original/7-13-22_SouthCharleston/4/220713_0946 snip [100/124] snip_81894.120_81998.500.flac
5706.1s - extractor 0: Chia - Bee Audio 2022 Original/7-13-22_SouthCharleston/4/220713_0946 snip [101/124] snip_82030.240_82091.240.flac
5706.1s - extractor 0: Chia - Bee Audio 2022 Original/7-13-22_SouthCharleston/4/220713_0946 snip [102/124] snip_82568.280_82629.280.flac
5706.1s - extractor 0: Chia - Bee Audio 2022 Original/7-13-22_SouthCharleston/4/220713_0946 snip [103/124] snip_83273.530_83336.940.flac
5706.2s - extractor 0: Chia - Bee Audio 2022 Original/7-13-22_SouthCharleston/4/220713_0946 snip [104/124] snip_85919.590_86279.080.flac
5707.1s - extractor 0: rescued 'ins_buzz_medium' at 86029.550s (0.470s) as ins_buzz_medium+mech_plane_prop
5707.1s - extractor 0: rescued 'human' at 86054.420s (1.290s) as human+mech_plane_prop
5707.1s - extractor 0: Chia - Bee Audio 2022 Original/7-13-22_SouthCharleston/4/220713_0946 snip [105/124] snip_86972.050_87063.140.flac
5707.1s - extractor 0: Chia - Bee Audio 2022 Original/7-13-22_SouthCharleston/4/220713_0946 snip [106/124] snip_89107.200_89168.200.flac
5707.2s - extractor 0: Chia - Bee Audio 2022 Original/7-13-22_SouthCharleston/4/220713_0946 snip [107/124] snip_89845.440_89906.440.flac
5707.3s - extractor 0: Chia - Bee Audio 2022 Original/7-13-22_SouthCharleston/4/220713_0946 snip [108/124] snip_9064.600_9125.600.flac
5707.3s - extractor 0: Chia - Bee Audio 2022 Original/7-13-22_SouthCharleston/4/220713_0946 snip [109/124] snip_90975.000_91038.000.flac
5707.4s - extractor 0: Chia - Bee Audio 2022 Original/7-13-22_SouthCharleston/4/220713_0946 snip [110/124] snip_92566.410_92665.780.flac
5707.5s - extractor 0: Chia - Bee Audio 2022 Original/7-13-22_SouthCharleston/4/220713_0946 snip [111/124] snip_92844.910_92905.910.flac
5707.5s - extractor 0: Chia - Bee Audio 2022 Original/7-13-22_SouthCharleston/4/220713_0946 snip [112/124] snip_93375.400_93438.400.flac
5707.6s - extractor 0: Chia - Bee Audio 2022 Original/7-13-22_SouthCharleston/4/220713_0946 snip [113/124] snip_93907.820_93968.820.flac
5707.7s - extractor 0: Chia - Bee Audio 2022 Original/7-13-22_SouthCharleston/4/220713_0946 snip [114/124] snip_94129.170_94192.170.flac
5707.7s - extractor 0: Chia - Bee Audio 2022 Original/7-13-22_SouthCharleston/4/220713_0946 snip [115/124] snip_94352.620_94413.620.flac
5707.8s - extractor 0: Chia - Bee Audio 2022 Original/7-13-22_SouthCharleston/4/220713_0946 snip [116/124] snip_94935.920_94996.920.flac
5707.8s - extractor 0: Chia - Bee Audio 2022 Original/7-13-22_SouthCharleston/4/220713_0946 snip [117/124] snip_95047.880_95110.880.flac
5707.9s - extractor 0: Chia - Bee Audio 2022 Original/7-13-22_SouthCharleston/4/220713_0946 snip [118/124] snip_95162.200_95223.200.flac
5708.0s - extractor 0: Chia - Bee Audio 2022 Original/7-13-22_SouthCharleston/4/220713_0946 snip [119/124] snip_95387.200_95450.130.flac
5708.0s - extractor 0: Chia - Bee Audio 2022 Original/7-13-22_SouthCharleston/4/220713_0946 snip [120/124] snip_96544.760_96647.480.flac
5708.2s - extractor 0: Chia - Bee Audio 2022 Original/7-13-22_SouthCharleston/4/220713_0946 snip [121/124] snip_98008.730_98069.730.flac
5708.2s - extractor 0: Chia - Bee Audio 2022 Original/7-13-22_SouthCharleston/4/220713_0946 snip [122/124] snip_98286.300_98347.300.flac
5708.3s - extractor 0: Chia - Bee Audio 2022 Original/7-13-22_SouthCharleston/4/220713_0946 snip [123/124] snip_98413.010_98474.570.flac
5708.3s - extractor 0: Chia - Bee Audio 2022 Original/7-13-22_SouthCharleston/4/220713_0946 snip [124/124] snip_99475.990_99538.990.flac
5735.5s - extractor 1: [10] Chia - Bee Audio 2022 Original/7-13-22_SouthCharleston/3/220715_1127 — 47 snip(s) → 144 frames, 11 label(s) (ident took 130.2s)
5735.5s - extractor 1: [11] Chia - Bee Audio 2022 Original/7-13-22_SouthCharleston/4/220715_1128 — starting (both)
5735.5s - extractor 1: Chia - Bee Audio 2022 Original/7-13-22_SouthCharleston/4/220715_1128 snip [1/69] snip_10397.950_10506.960.flac
5735.6s - extractor 1: Chia - Bee Audio 2022 Original/7-13-22_SouthCharleston/4/220715_1128 snip [2/69] snip_11593.770_11654.770.flac
5735.6s - extractor 1: Chia - Bee Audio 2022 Original/7-13-22_SouthCharleston/4/220715_1128 snip [3/69] snip_11687.790_11750.790.flac
5735.6s - extractor 1: Chia - Bee Audio 2022 Original/7-13-22_SouthCharleston/4/220715_1128 snip [4/69] snip_12344.880_12407.880.flac
5735.7s - extractor 1: Chia - Bee Audio 2022 Original/7-13-22_SouthCharleston/4/220715_1128 snip [5/69] snip_13540.080_13603.080.flac
5735.7s - extractor 1: Chia - Bee Audio 2022 Original/7-13-22_SouthCharleston/4/220715_1128 snip [6/69] snip_1395.960_1456.960.flac
5735.7s - extractor 1: Chia - Bee Audio 2022 Original/7-13-22_SouthCharleston/4/220715_1128 snip [7/69] snip_14615.390_14678.390.flac
5735.7s - extractor 1: Chia - Bee Audio 2022 Original/7-13-22_SouthCharleston/4/220715_1128 snip [8/69] snip_1494.900_1557.900.flac
5735.8s - extractor 1: Chia - Bee Audio 2022 Original/7-13-22_SouthCharleston/4/220715_1128 snip [9/69] snip_1595.830_1656.830.flac
5735.8s - extractor 1: Chia - Bee Audio 2022 Original/7-13-22_SouthCharleston/4/220715_1128 snip [10/69] snip_16591.690_16652.690.flac
5735.8s - extractor 1: Chia - Bee Audio 2022 Original/7-13-22_SouthCharleston/4/220715_1128 snip [11/69] snip_17525.720_17586.720.flac
5735.8s - extractor 1: Chia - Bee Audio 2022 Original/7-13-22_SouthCharleston/4/220715_1128 snip [12/69] snip_17685.490_17748.490.flac
5735.9s - extractor 1: Chia - Bee Audio 2022 Original/7-13-22_SouthCharleston/4/220715_1128 snip [13/69] snip_1819.840_2148.430.flac
5736.4s - extractor 1: Chia - Bee Audio 2022 Original/7-13-22_SouthCharleston/4/220715_1128 snip [14/69] snip_18888.710_18949.710.flac
5736.4s - extractor 1: Chia - Bee Audio 2022 Original/7-13-22_SouthCharleston/4/220715_1128 snip [15/69] snip_20419.030_20482.030.flac
5736.4s - extractor 1: Chia - Bee Audio 2022 Original/7-13-22_SouthCharleston/4/220715_1128 snip [16/69] snip_20525.210_20586.210.flac
5736.4s - extractor 1: Chia - Bee Audio 2022 Original/7-13-22_SouthCharleston/4/220715_1128 snip [17/69] snip_21233.990_21294.990.flac
5736.5s - extractor 1: Chia - Bee Audio 2022 Original/7-13-22_SouthCharleston/4/220715_1128 snip [18/69] snip_25301.570_25364.570.flac
5736.5s - extractor 1: Chia - Bee Audio 2022 Original/7-13-22_SouthCharleston/4/220715_1128 snip [19/69] snip_2812.110_2875.110.flac
5736.5s - extractor 1: Chia - Bee Audio 2022 Original/7-13-22_SouthCharleston/4/220715_1128 snip [20/69] snip_34290.000_34353.000.flac
5736.6s - extractor 1: Chia - Bee Audio 2022 Original/7-13-22_SouthCharleston/4/220715_1128 snip [21/69] snip_37890.000_37953.000.flac
5736.6s - extractor 1: Chia - Bee Audio 2022 Original/7-13-22_SouthCharleston/4/220715_1128 snip [22/69] snip_4030.230_4091.230.flac
5736.7s - extractor 1: Chia - Bee Audio 2022 Original/7-13-22_SouthCharleston/4/220715_1128 snip [23/69] snip_41490.000_41553.000.flac
5736.8s - extractor 1: Chia - Bee Audio 2022 Original/7-13-22_SouthCharleston/4/220715_1128 snip [24/69] snip_45090.000_45153.000.flac
5736.9s - extractor 1: Chia - Bee Audio 2022 Original/7-13-22_SouthCharleston/4/220715_1128 snip [25/69] snip_48690.000_48753.000.flac
5736.9s - extractor 1: Chia - Bee Audio 2022 Original/7-13-22_SouthCharleston/4/220715_1128 snip [26/69] snip_50656.110_50719.110.flac
5737.0s - extractor 1: Chia - Bee Audio 2022 Original/7-13-22_SouthCharleston/4/220715_1128 snip [27/69] snip_52290.000_52353.000.flac
5737.1s - extractor 1: Chia - Bee Audio 2022 Original/7-13-22_SouthCharleston/4/220715_1128 snip [28/69] snip_5255.140_5318.140.flac
5737.1s - extractor 1: Chia - Bee Audio 2022 Original/7-13-22_SouthCharleston/4/220715_1128 snip [29/69] snip_55890.000_55953.000.flac
5737.2s - extractor 1: Chia - Bee Audio 2022 Original/7-13-22_SouthCharleston/4/220715_1128 snip [30/69] snip_59490.000_59553.000.flac
5737.3s - extractor 1: Chia - Bee Audio 2022 Original/7-13-22_SouthCharleston/4/220715_1128 snip [31/69] snip_63090.000_63153.000.flac
5737.3s - extractor 1: Chia - Bee Audio 2022 Original/7-13-22_SouthCharleston/4/220715_1128 snip [32/69] snip_6482.250_6543.250.flac
5737.3s - extractor 1: Chia - Bee Audio 2022 Original/7-13-22_SouthCharleston/4/220715_1128 snip [33/69] snip_66690.000_66753.000.flac
5737.4s - extractor 1: Chia - Bee Audio 2022 Original/7-13-22_SouthCharleston/4/220715_1128 snip [34/69] snip_6985.120_7048.120.flac
5737.4s - extractor 1: Chia - Bee Audio 2022 Original/7-13-22_SouthCharleston/4/220715_1128 snip [35/69] snip_70290.000_70353.000.flac
5737.5s - extractor 1: Chia - Bee Audio 2022 Original/7-13-22_SouthCharleston/4/220715_1128 snip [36/69] snip_72294.050_72357.050.flac
5737.6s - extractor 1: Chia - Bee Audio 2022 Original/7-13-22_SouthCharleston/4/220715_1128 snip [37/69] snip_73890.000_73953.000.flac
5737.6s - extractor 1: Chia - Bee Audio 2022 Original/7-13-22_SouthCharleston/4/220715_1128 snip [38/69] snip_74244.150_74307.150.flac
5737.7s - extractor 1: Chia - Bee Audio 2022 Original/7-13-22_SouthCharleston/4/220715_1128 snip [39/69] snip_75989.390_76059.380.flac
5737.7s - extractor 1: Chia - Bee Audio 2022 Original/7-13-22_SouthCharleston/4/220715_1128 snip [40/69] snip_77220.430_77283.430.flac
5737.8s - extractor 1: Chia - Bee Audio 2022 Original/7-13-22_SouthCharleston/4/220715_1128 snip [41/69] snip_8018.320_8081.320.flac
5737.8s - extractor 1: Chia - Bee Audio 2022 Original/7-13-22_SouthCharleston/4/220715_1128 snip [42/69] snip_81847.170_81910.170.flac
5737.8s - extractor 1: Chia - Bee Audio 2022 Original/7-13-22_SouthCharleston/4/220715_1128 snip [43/69] snip_84752.800_84815.800.flac
5737.8s - extractor 1: Chia - Bee Audio 2022 Original/7-13-22_SouthCharleston/4/220715_1128 snip [44/69] snip_86471.840_86534.840.flac
5737.9s - extractor 1: Chia - Bee Audio 2022 Original/7-13-22_SouthCharleston/4/220715_1128 snip [45/69] snip_86983.530_87050.980.flac
5738.0s - extractor 1: Chia - Bee Audio 2022 Original/7-13-22_SouthCharleston/4/220715_1128 snip [46/69] snip_87078.830_87139.890.flac
5738.0s - extractor 1: Chia - Bee Audio 2022 Original/7-13-22_SouthCharleston/4/220715_1128 snip [47/69] snip_88738.160_88801.160.flac
5738.1s - extractor 1: Chia - Bee Audio 2022 Original/7-13-22_SouthCharleston/4/220715_1128 snip [48/69] snip_8874.560_8937.560.flac
5738.2s - extractor 1: Chia - Bee Audio 2022 Original/7-13-22_SouthCharleston/4/220715_1128 snip [49/69] snip_89425.340_89486.340.flac
5738.2s - extractor 1: Chia - Bee Audio 2022 Original/7-13-22_SouthCharleston/4/220715_1128 snip [50/69] snip_89651.710_89712.710.flac
5738.3s - extractor 1: Chia - Bee Audio 2022 Original/7-13-22_SouthCharleston/4/220715_1128 snip [51/69] snip_89736.610_89799.610.flac
5738.3s - extractor 1: Chia - Bee Audio 2022 Original/7-13-22_SouthCharleston/4/220715_1128 snip [52/69] snip_90263.990_90326.990.flac
5738.4s - extractor 1: Chia - Bee Audio 2022 Original/7-13-22_SouthCharleston/4/220715_1128 snip [53/69] snip_90706.810_90767.810.flac
5738.5s - extractor 1: Chia - Bee Audio 2022 Original/7-13-22_SouthCharleston/4/220715_1128 snip [54/69] snip_91269.430_91376.430.flac
5738.7s - extractor 1: Chia - Bee Audio 2022 Original/7-13-22_SouthCharleston/4/220715_1128 snip [55/69] snip_91393.330_91456.330.flac
5738.8s - extractor 1: Chia - Bee Audio 2022 Original/7-13-22_SouthCharleston/4/220715_1128 snip [56/69] snip_91528.630_91589.630.flac
5738.8s - extractor 1: Chia - Bee Audio 2022 Original/7-13-22_SouthCharleston/4/220715_1128 snip [57/69] snip_9203.210_9300.780.flac
5738.8s - extractor 1: Chia - Bee Audio 2022 Original/7-13-22_SouthCharleston/4/220715_1128 snip [58/69] snip_92081.630_92142.630.flac
5738.9s - extractor 1: Chia - Bee Audio 2022 Original/7-13-22_SouthCharleston/4/220715_1128 snip [59/69] snip_92216.820_92279.820.flac
5738.9s - extractor 1: Chia - Bee Audio 2022 Original/7-13-22_SouthCharleston/4/220715_1128 snip [60/69] snip_93267.860_93330.860.flac
5738.9s - extractor 1: Chia - Bee Audio 2022 Original/7-13-22_SouthCharleston/4/220715_1128 snip [61/69] snip_94530.480_94593.480.flac
5739.0s - extractor 1: Chia - Bee Audio 2022 Original/7-13-22_SouthCharleston/4/220715_1128 snip [62/69] snip_94663.990_94724.990.flac
5739.1s - extractor 1: Chia - Bee Audio 2022 Original/7-13-22_SouthCharleston/4/220715_1128 snip [63/69] snip_95268.140_95347.500.flac
5739.3s - extractor 1: Chia - Bee Audio 2022 Original/7-13-22_SouthCharleston/4/220715_1128 snip [64/69] snip_95660.660_95723.660.flac
5739.4s - extractor 1: Chia - Bee Audio 2022 Original/7-13-22_SouthCharleston/4/220715_1128 snip [65/69] snip_96444.010_96505.010.flac
5739.5s - extractor 1: Chia - Bee Audio 2022 Original/7-13-22_SouthCharleston/4/220715_1128 snip [66/69] snip_96625.030_96686.030.flac
5739.5s - extractor 1: Chia - Bee Audio 2022 Original/7-13-22_SouthCharleston/4/220715_1128 snip [67/69] snip_96978.240_97041.240.flac
5739.6s - extractor 1: Chia - Bee Audio 2022 Original/7-13-22_SouthCharleston/4/220715_1128 snip [68/69] snip_97333.610_97394.670.flac
5739.7s - extractor 1: Chia - Bee Audio 2022 Original/7-13-22_SouthCharleston/4/220715_1128 snip [69/69] snip_98107.490_98172.010.flac
5879.7s - extractor 1: [11] Chia - Bee Audio 2022 Original/7-13-22_SouthCharleston/4/220715_1128 — 69 snip(s) → 144 frames, 11 label(s) (ident took 144.1s)
5879.7s - extractor 1: [12] Chia - Bee Audio 2022 Original/7-13-22_SouthCharleston/5/220713_0947 — starting (both)
5879.7s - extractor 1: Chia - Bee Audio 2022 Original/7-13-22_SouthCharleston/5/220713_0947 snip [1/78] snip_101174.660_101237.660.flac
5879.8s - extractor 1: Chia - Bee Audio 2022 Original/7-13-22_SouthCharleston/5/220713_0947 snip [2/78] snip_102000.620_102061.620.flac
5879.8s - extractor 1: Chia - Bee Audio 2022 Original/7-13-22_SouthCharleston/5/220713_0947 snip [3/78] snip_102226.840_102289.840.flac
5879.8s - extractor 1: Chia - Bee Audio 2022 Original/7-13-22_SouthCharleston/5/220713_0947 snip [4/78] snip_103270.720_103333.720.flac
5879.9s - extractor 1: Chia - Bee Audio 2022 Original/7-13-22_SouthCharleston/5/220713_0947 snip [5/78] snip_103341.000_103402.000.flac
5879.9s - extractor 1: Chia - Bee Audio 2022 Original/7-13-22_SouthCharleston/5/220713_0947 snip [6/78] snip_10509.160_10570.160.flac
5880.0s - extractor 1: Chia - Bee Audio 2022 Original/7-13-22_SouthCharleston/5/220713_0947 snip [7/78] snip_105314.320_105377.320.flac
5880.1s - extractor 1: Chia - Bee Audio 2022 Original/7-13-22_SouthCharleston/5/220713_0947 snip [8/78] snip_107667.160_107730.160.flac
5880.1s - extractor 1: Chia - Bee Audio 2022 Original/7-13-22_SouthCharleston/5/220713_0947 snip [9/78] snip_108794.300_108855.300.flac
5880.2s - extractor 1: Chia - Bee Audio 2022 Original/7-13-22_SouthCharleston/5/220713_0947 snip [10/78] snip_109391.460_109454.460.flac
5880.2s - extractor 1: Chia - Bee Audio 2022 Original/7-13-22_SouthCharleston/5/220713_0947 snip [11/78] snip_110310.610_110373.610.flac
5880.3s - extractor 1: Chia - Bee Audio 2022 Original/7-13-22_SouthCharleston/5/220713_0947 snip [12/78] snip_111058.120_111119.120.flac
5880.3s - extractor 1: Chia - Bee Audio 2022 Original/7-13-22_SouthCharleston/5/220713_0947 snip [13/78] snip_112695.720_112758.720.flac
5880.4s - extractor 1: Chia - Bee Audio 2022 Original/7-13-22_SouthCharleston/5/220713_0947 snip [14/78] snip_11294.850_11357.850.flac
5880.5s - extractor 1: Chia - Bee Audio 2022 Original/7-13-22_SouthCharleston/5/220713_0947 snip [15/78] snip_114335.070_114396.070.flac
5880.5s - extractor 1: Chia - Bee Audio 2022 Original/7-13-22_SouthCharleston/5/220713_0947 snip [16/78] snip_114539.470_114608.100.flac
5880.6s - extractor 1: Chia - Bee Audio 2022 Original/7-13-22_SouthCharleston/5/220713_0947 snip [17/78] snip_119249.570_119312.570.flac
5880.7s - extractor 1: Chia - Bee Audio 2022 Original/7-13-22_SouthCharleston/5/220713_0947 snip [18/78] snip_126750.000_126813.000.flac
5880.8s - extractor 1: Chia - Bee Audio 2022 Original/7-13-22_SouthCharleston/5/220713_0947 snip [19/78] snip_130350.000_130413.000.flac
5880.8s - extractor 1: Chia - Bee Audio 2022 Original/7-13-22_SouthCharleston/5/220713_0947 snip [20/78] snip_13106.520_13167.520.flac
5880.9s - extractor 1: Chia - Bee Audio 2022 Original/7-13-22_SouthCharleston/5/220713_0947 snip [21/78] snip_133950.000_134013.000.flac
5880.9s - extractor 1: Chia - Bee Audio 2022 Original/7-13-22_SouthCharleston/5/220713_0947 snip [22/78] snip_1345.760_1406.760.flac
5880.9s - extractor 1: Chia - Bee Audio 2022 Original/7-13-22_SouthCharleston/5/220713_0947 snip [23/78] snip_137550.000_137613.000.flac
5881.0s - extractor 1: Chia - Bee Audio 2022 Original/7-13-22_SouthCharleston/5/220713_0947 snip [24/78] snip_144750.000_144813.000.flac
5881.1s - extractor 1: Chia - Bee Audio 2022 Original/7-13-22_SouthCharleston/5/220713_0947 snip [25/78] snip_145231.510_145294.510.flac
5881.1s - extractor 1: Chia - Bee Audio 2022 Original/7-13-22_SouthCharleston/5/220713_0947 snip [26/78] snip_151950.000_152013.000.flac
5881.2s - extractor 1: Chia - Bee Audio 2022 Original/7-13-22_SouthCharleston/5/220713_0947 snip [27/78] snip_155550.000_155613.000.flac
5881.3s - extractor 1: Chia - Bee Audio 2022 Original/7-13-22_SouthCharleston/5/220713_0947 snip [28/78] snip_159150.000_159213.000.flac
5881.3s - extractor 1: Chia - Bee Audio 2022 Original/7-13-22_SouthCharleston/5/220713_0947 snip [29/78] snip_164718.760_164779.760.flac
5881.4s - extractor 1: Chia - Bee Audio 2022 Original/7-13-22_SouthCharleston/5/220713_0947 snip [30/78] snip_165364.540_165425.540.flac
5881.4s - extractor 1: Chia - Bee Audio 2022 Original/7-13-22_SouthCharleston/5/220713_0947 snip [31/78] snip_166298.760_166359.760.flac
5881.5s - extractor 1: Chia - Bee Audio 2022 Original/7-13-22_SouthCharleston/5/220713_0947 snip [32/78] snip_166675.730_166738.730.flac
5881.5s - extractor 1: Chia - Bee Audio 2022 Original/7-13-22_SouthCharleston/5/220713_0947 snip [33/78] snip_166759.120_166820.120.flac
5881.6s - extractor 1: Chia - Bee Audio 2022 Original/7-13-22_SouthCharleston/5/220713_0947 snip [34/78] snip_166825.720_166886.720.flac
5881.7s - extractor 1: Chia - Bee Audio 2022 Original/7-13-22_SouthCharleston/5/220713_0947 snip [35/78] snip_167885.080_167948.080.flac
5881.7s - extractor 1: Chia - Bee Audio 2022 Original/7-13-22_SouthCharleston/5/220713_0947 snip [36/78] snip_168717.310_168778.310.flac
5881.8s - extractor 1: Chia - Bee Audio 2022 Original/7-13-22_SouthCharleston/5/220713_0947 snip [37/78] snip_168809.730_168872.730.flac
5881.8s - extractor 1: Chia - Bee Audio 2022 Original/7-13-22_SouthCharleston/5/220713_0947 snip [38/78] snip_169956.830_170017.830.flac
5881.9s - extractor 1: Chia - Bee Audio 2022 Original/7-13-22_SouthCharleston/5/220713_0947 snip [39/78] snip_175959.740_176033.390.flac
5882.0s - extractor 1: Chia - Bee Audio 2022 Original/7-13-22_SouthCharleston/5/220713_0947 snip [40/78] snip_17753.640_17814.640.flac
5882.0s - extractor 1: Chia - Bee Audio 2022 Original/7-13-22_SouthCharleston/5/220713_0947 snip [41/78] snip_20999.060_21062.060.flac
5882.0s - extractor 1: Chia - Bee Audio 2022 Original/7-13-22_SouthCharleston/5/220713_0947 snip [42/78] snip_23684.590_23745.590.flac
5882.1s - extractor 1: Chia - Bee Audio 2022 Original/7-13-22_SouthCharleston/5/220713_0947 snip [43/78] snip_2461.640_2522.640.flac
5882.1s - extractor 1: Chia - Bee Audio 2022 Original/7-13-22_SouthCharleston/5/220713_0947 snip [44/78] snip_24980.680_25043.680.flac
5882.2s - extractor 1: Chia - Bee Audio 2022 Original/7-13-22_SouthCharleston/5/220713_0947 snip [45/78] snip_252.000_317.100.flac
5882.2s - extractor 1: Chia - Bee Audio 2022 Original/7-13-22_SouthCharleston/5/220713_0947 snip [46/78] snip_27995.400_28058.400.flac
5882.3s - extractor 1: Chia - Bee Audio 2022 Original/7-13-22_SouthCharleston/5/220713_0947 snip [47/78] snip_28513.780_28576.780.flac
5882.3s - extractor 1: Chia - Bee Audio 2022 Original/7-13-22_SouthCharleston/5/220713_0947 snip [48/78] snip_3069.630_3130.630.flac
5882.4s - extractor 1: Chia - Bee Audio 2022 Original/7-13-22_SouthCharleston/5/220713_0947 snip [49/78] snip_32923.410_32986.410.flac
5882.5s - extractor 1: Chia - Bee Audio 2022 Original/7-13-22_SouthCharleston/5/220713_0947 snip [50/78] snip_37913.760_37976.760.flac
5882.5s - extractor 1: Chia - Bee Audio 2022 Original/7-13-22_SouthCharleston/5/220713_0947 snip [51/78] snip_39125.080_39188.080.flac
5882.5s - extractor 1: Chia - Bee Audio 2022 Original/7-13-22_SouthCharleston/5/220713_0947 snip [52/78] snip_40310.700_40413.000.flac
5882.6s - extractor 1: Chia - Bee Audio 2022 Original/7-13-22_SouthCharleston/5/220713_0947 snip [53/78] snip_43950.000_44013.000.flac
5882.7s - extractor 1: Chia - Bee Audio 2022 Original/7-13-22_SouthCharleston/5/220713_0947 snip [54/78] snip_47550.000_47613.000.flac
5882.8s - extractor 1: Chia - Bee Audio 2022 Original/7-13-22_SouthCharleston/5/220713_0947 snip [55/78] snip_51150.000_51213.000.flac
5882.8s - extractor 1: Chia - Bee Audio 2022 Original/7-13-22_SouthCharleston/5/220713_0947 snip [56/78] snip_54750.000_54813.000.flac
5882.8s - extractor 1: Chia - Bee Audio 2022 Original/7-13-22_SouthCharleston/5/220713_0947 snip [57/78] snip_58350.000_58413.000.flac
5882.9s - extractor 1: Chia - Bee Audio 2022 Original/7-13-22_SouthCharleston/5/220713_0947 snip [58/78] snip_58560.840_58623.840.flac
5882.9s - extractor 1: Chia - Bee Audio 2022 Original/7-13-22_SouthCharleston/5/220713_0947 snip [59/78] snip_61950.000_62013.000.flac
5883.0s - extractor 1: Chia - Bee Audio 2022 Original/7-13-22_SouthCharleston/5/220713_0947 snip [60/78] snip_65550.000_65613.000.flac
5883.0s - extractor 1: Chia - Bee Audio 2022 Original/7-13-22_SouthCharleston/5/220713_0947 snip [61/78] snip_69150.000_69213.000.flac
5883.1s - extractor 1: Chia - Bee Audio 2022 Original/7-13-22_SouthCharleston/5/220713_0947 snip [62/78] snip_72750.000_72813.000.flac
5883.1s - extractor 1: Chia - Bee Audio 2022 Original/7-13-22_SouthCharleston/5/220713_0947 snip [63/78] snip_7431.260_7492.260.flac
5883.2s - extractor 1: Chia - Bee Audio 2022 Original/7-13-22_SouthCharleston/5/220713_0947 snip [64/78] snip_78933.600_78996.600.flac
5883.2s - extractor 1: Chia - Bee Audio 2022 Original/7-13-22_SouthCharleston/5/220713_0947 snip [65/78] snip_79434.990_79496.300.flac
5883.3s - extractor 1: Chia - Bee Audio 2022 Original/7-13-22_SouthCharleston/5/220713_0947 snip [66/78] snip_79582.930_79645.930.flac
5883.3s - extractor 1: Chia - Bee Audio 2022 Original/7-13-22_SouthCharleston/5/220713_0947 snip [67/78] snip_81402.150_81465.150.flac
5883.4s - extractor 1: Chia - Bee Audio 2022 Original/7-13-22_SouthCharleston/5/220713_0947 snip [68/78] snip_87238.920_87301.920.flac
5883.4s - extractor 1: Chia - Bee Audio 2022 Original/7-13-22_SouthCharleston/5/220713_0947 snip [69/78] snip_89233.080_89294.080.flac
5883.5s - extractor 1: Chia - Bee Audio 2022 Original/7-13-22_SouthCharleston/5/220713_0947 snip [70/78] snip_90041.540_90104.540.flac
5883.5s - extractor 1: Chia - Bee Audio 2022 Original/7-13-22_SouthCharleston/5/220713_0947 snip [71/78] snip_91516.800_91586.680.flac
5883.6s - extractor 1: Chia - Bee Audio 2022 Original/7-13-22_SouthCharleston/5/220713_0947 snip [72/78] snip_91831.990_91894.990.flac
5883.6s - extractor 1: Chia - Bee Audio 2022 Original/7-13-22_SouthCharleston/5/220713_0947 snip [73/78] snip_92814.410_92875.410.flac
5883.6s - extractor 1: Chia - Bee Audio 2022 Original/7-13-22_SouthCharleston/5/220713_0947 snip [74/78] snip_9343.330_9406.330.flac
5883.7s - extractor 1: Chia - Bee Audio 2022 Original/7-13-22_SouthCharleston/5/220713_0947 snip [75/78] snip_96068.690_96131.690.flac
5883.8s - extractor 1: Chia - Bee Audio 2022 Original/7-13-22_SouthCharleston/5/220713_0947 snip [76/78] snip_98955.440_99049.730.flac
5883.9s - extractor 1: Chia - Bee Audio 2022 Original/7-13-22_SouthCharleston/5/220713_0947 snip [77/78] snip_99324.720_99385.720.flac
5883.9s - extractor 1: Chia - Bee Audio 2022 Original/7-13-22_SouthCharleston/5/220713_0947 snip [78/78] snip_99537.530_99598.530.flac
6003.7s - extractor 1: [12] Chia - Bee Audio 2022 Original/7-13-22_SouthCharleston/5/220713_0947 — 78 snip(s) → 137 frames, 8 label(s) (ident took 124.0s)
6003.7s - extractor 1: [13] Chia - Bee Audio 2022 Original/7-13-22_SouthCharleston/5/220715_1130 — starting (both)
6003.7s - extractor 1: Chia - Bee Audio 2022 Original/7-13-22_SouthCharleston/5/220715_1130 snip [1/46] snip_11173.450_11239.530.flac
6003.8s - extractor 1: Chia - Bee Audio 2022 Original/7-13-22_SouthCharleston/5/220715_1130 snip [2/46] snip_13197.130_13260.130.flac
6003.9s - extractor 1: Chia - Bee Audio 2022 Original/7-13-22_SouthCharleston/5/220715_1130 snip [3/46] snip_14453.210_14514.210.flac
6003.9s - extractor 1: Chia - Bee Audio 2022 Original/7-13-22_SouthCharleston/5/220715_1130 snip [4/46] snip_14558.770_14627.410.flac
6004.0s - extractor 1: Chia - Bee Audio 2022 Original/7-13-22_SouthCharleston/5/220715_1130 snip [5/46] snip_14634.180_14695.170.flac
6004.0s - extractor 1: Chia - Bee Audio 2022 Original/7-13-22_SouthCharleston/5/220715_1130 snip [6/46] snip_16087.980_16151.250.flac
6004.1s - extractor 1: Chia - Bee Audio 2022 Original/7-13-22_SouthCharleston/5/220715_1130 snip [7/46] snip_16586.790_16648.130.flac
6004.1s - extractor 1: Chia - Bee Audio 2022 Original/7-13-22_SouthCharleston/5/220715_1130 snip [8/46] snip_18865.010_18928.010.flac
6004.1s - extractor 1: Chia - Bee Audio 2022 Original/7-13-22_SouthCharleston/5/220715_1130 snip [9/46] snip_34170.000_34233.000.flac
6004.1s - extractor 1: Chia - Bee Audio 2022 Original/7-13-22_SouthCharleston/5/220715_1130 snip [10/46] snip_41370.000_41433.000.flac
6004.2s - extractor 1: Chia - Bee Audio 2022 Original/7-13-22_SouthCharleston/5/220715_1130 snip [11/46] snip_44970.000_45033.000.flac
6004.2s - extractor 1: Chia - Bee Audio 2022 Original/7-13-22_SouthCharleston/5/220715_1130 snip [12/46] snip_48570.000_48633.000.flac
6004.2s - extractor 1: Chia - Bee Audio 2022 Original/7-13-22_SouthCharleston/5/220715_1130 snip [13/46] snip_4963.480_5026.480.flac
6004.3s - extractor 1: Chia - Bee Audio 2022 Original/7-13-22_SouthCharleston/5/220715_1130 snip [14/46] snip_497.910_559.190.flac
6004.3s - extractor 1: Chia - Bee Audio 2022 Original/7-13-22_SouthCharleston/5/220715_1130 snip [15/46] snip_52170.000_52233.000.flac
6004.3s - extractor 1: Chia - Bee Audio 2022 Original/7-13-22_SouthCharleston/5/220715_1130 snip [16/46] snip_5240.930_5301.930.flac
6004.4s - extractor 1: Chia - Bee Audio 2022 Original/7-13-22_SouthCharleston/5/220715_1130 snip [17/46] snip_52536.020_52599.020.flac
6004.4s - extractor 1: Chia - Bee Audio 2022 Original/7-13-22_SouthCharleston/5/220715_1130 snip [18/46] snip_55770.000_55833.000.flac
6004.4s - extractor 1: Chia - Bee Audio 2022 Original/7-13-22_SouthCharleston/5/220715_1130 snip [19/46] snip_59370.000_59433.000.flac
6004.5s - extractor 1: Chia - Bee Audio 2022 Original/7-13-22_SouthCharleston/5/220715_1130 snip [20/46] snip_6216.470_6278.720.flac
6004.5s - extractor 1: Chia - Bee Audio 2022 Original/7-13-22_SouthCharleston/5/220715_1130 snip [21/46] snip_62970.000_63033.000.flac
6004.6s - extractor 1: Chia - Bee Audio 2022 Original/7-13-22_SouthCharleston/5/220715_1130 snip [22/46] snip_6652.970_6713.970.flac
6004.6s - extractor 1: Chia - Bee Audio 2022 Original/7-13-22_SouthCharleston/5/220715_1130 snip [23/46] snip_6838.920_6901.920.flac
6004.6s - extractor 1: Chia - Bee Audio 2022 Original/7-13-22_SouthCharleston/5/220715_1130 snip [24/46] snip_70170.000_70233.000.flac
6004.7s - extractor 1: Chia - Bee Audio 2022 Original/7-13-22_SouthCharleston/5/220715_1130 snip [25/46] snip_73770.000_73833.000.flac
6004.7s - extractor 1: Chia - Bee Audio 2022 Original/7-13-22_SouthCharleston/5/220715_1130 snip [26/46] snip_75963.750_76026.750.flac
6004.7s - extractor 1: Chia - Bee Audio 2022 Original/7-13-22_SouthCharleston/5/220715_1130 snip [27/46] snip_76865.630_76926.720.flac
6004.8s - extractor 1: Chia - Bee Audio 2022 Original/7-13-22_SouthCharleston/5/220715_1130 snip [28/46] snip_77473.050_77536.050.flac
6004.8s - extractor 1: Chia - Bee Audio 2022 Original/7-13-22_SouthCharleston/5/220715_1130 snip [29/46] snip_78651.430_78714.430.flac
6004.8s - extractor 1: Chia - Bee Audio 2022 Original/7-13-22_SouthCharleston/5/220715_1130 snip [30/46] snip_80632.020_80695.020.flac
6004.9s - extractor 1: Chia - Bee Audio 2022 Original/7-13-22_SouthCharleston/5/220715_1130 snip [31/46] snip_8137.440_8224.890.flac
6005.0s - extractor 1: Chia - Bee Audio 2022 Original/7-13-22_SouthCharleston/5/220715_1130 snip [32/46] snip_82913.490_82976.490.flac
6005.0s - extractor 1: Chia - Bee Audio 2022 Original/7-13-22_SouthCharleston/5/220715_1130 snip [33/46] snip_830.140_891.140.flac
6005.0s - extractor 1: Chia - Bee Audio 2022 Original/7-13-22_SouthCharleston/5/220715_1130 snip [34/46] snip_84050.660_84113.660.flac
6005.1s - extractor 1: Chia - Bee Audio 2022 Original/7-13-22_SouthCharleston/5/220715_1130 snip [35/46] snip_8417.370_8480.370.flac
6005.1s - extractor 1: Chia - Bee Audio 2022 Original/7-13-22_SouthCharleston/5/220715_1130 snip [36/46] snip_86310.260_86373.260.flac
6005.1s - extractor 1: Chia - Bee Audio 2022 Original/7-13-22_SouthCharleston/5/220715_1130 snip [37/46] snip_88304.110_88365.110.flac
6005.2s - extractor 1: Chia - Bee Audio 2022 Original/7-13-22_SouthCharleston/5/220715_1130 snip [38/46] snip_88680.050_88746.390.flac
6005.3s - extractor 1: Chia - Bee Audio 2022 Original/7-13-22_SouthCharleston/5/220715_1130 snip [39/46] snip_91294.010_91357.010.flac
6005.3s - extractor 1: Chia - Bee Audio 2022 Original/7-13-22_SouthCharleston/5/220715_1130 snip [40/46] snip_93617.880_93680.880.flac
6005.3s - extractor 1: Chia - Bee Audio 2022 Original/7-13-22_SouthCharleston/5/220715_1130 snip [41/46] snip_93818.010_93881.010.flac
6005.4s - extractor 1: Chia - Bee Audio 2022 Original/7-13-22_SouthCharleston/5/220715_1130 snip [42/46] snip_94314.240_94420.920.flac
6005.4s - extractor 1: Chia - Bee Audio 2022 Original/7-13-22_SouthCharleston/5/220715_1130 snip [43/46] snip_94462.950_94525.950.flac
6005.4s - extractor 1: Chia - Bee Audio 2022 Original/7-13-22_SouthCharleston/5/220715_1130 snip [44/46] snip_96767.310_96828.310.flac
6005.5s - extractor 1: Chia - Bee Audio 2022 Original/7-13-22_SouthCharleston/5/220715_1130 snip [45/46] snip_97754.770_97815.770.flac
6005.5s - extractor 1: Chia - Bee Audio 2022 Original/7-13-22_SouthCharleston/5/220715_1130 snip [46/46] snip_9809.610_9870.610.flac
6006.6s - extractor 0: [10] Chia - Bee Audio 2022 Original/7-13-22_SouthCharleston/4/220713_0946 — 124 snip(s) → 348 frames, 21 label(s) (ident took 307.6s)
6006.6s - extractor 0: [11] Chia - Bee Audio 2022 Original/7-13-22_SouthCharleston/6/220713_0948 — starting (both)
6006.6s - extractor 0: Chia - Bee Audio 2022 Original/7-13-22_SouthCharleston/6/220713_0948 snip [1/82] snip_100295.430_100358.430.flac
6006.7s - extractor 0: Chia - Bee Audio 2022 Original/7-13-22_SouthCharleston/6/220713_0948 snip [2/82] snip_101017.110_101080.110.flac
6006.8s - extractor 0: Chia - Bee Audio 2022 Original/7-13-22_SouthCharleston/6/220713_0948 snip [3/82] snip_101240.080_101301.080.flac
6006.8s - extractor 0: Chia - Bee Audio 2022 Original/7-13-22_SouthCharleston/6/220713_0948 snip [4/82] snip_101398.880_101461.880.flac
6006.9s - extractor 0: Chia - Bee Audio 2022 Original/7-13-22_SouthCharleston/6/220713_0948 snip [5/82] snip_102643.580_102704.580.flac
6006.9s - extractor 0: Chia - Bee Audio 2022 Original/7-13-22_SouthCharleston/6/220713_0948 snip [6/82] snip_103429.080_103492.080.flac
6007.0s - extractor 0: Chia - Bee Audio 2022 Original/7-13-22_SouthCharleston/6/220713_0948 snip [7/82] snip_104762.400_104825.400.flac
6007.0s - extractor 0: Chia - Bee Audio 2022 Original/7-13-22_SouthCharleston/6/220713_0948 snip [8/82] snip_106024.340_106087.340.flac
6007.1s - extractor 0: Chia - Bee Audio 2022 Original/7-13-22_SouthCharleston/6/220713_0948 snip [9/82] snip_107722.670_107817.600.flac
6007.2s - extractor 0: Chia - Bee Audio 2022 Original/7-13-22_SouthCharleston/6/220713_0948 snip [10/82] snip_109642.400_109705.400.flac
6007.2s - extractor 0: Chia - Bee Audio 2022 Original/7-13-22_SouthCharleston/6/220713_0948 snip [11/82] snip_110373.410_110436.410.flac
6007.3s - extractor 0: Chia - Bee Audio 2022 Original/7-13-22_SouthCharleston/6/220713_0948 snip [12/82] snip_111309.110_111372.110.flac
6007.3s - extractor 0: Chia - Bee Audio 2022 Original/7-13-22_SouthCharleston/6/220713_0948 snip [13/82] snip_112939.460_113002.460.flac
6007.4s - extractor 0: Chia - Bee Audio 2022 Original/7-13-22_SouthCharleston/6/220713_0948 snip [14/82] snip_113038.220_113115.800.flac
6007.5s - extractor 0: Chia - Bee Audio 2022 Original/7-13-22_SouthCharleston/6/220713_0948 snip [15/82] snip_117597.270_117660.270.flac
6007.5s - extractor 0: Chia - Bee Audio 2022 Original/7-13-22_SouthCharleston/6/220713_0948 snip [16/82] snip_122141.360_122204.360.flac
6007.6s - extractor 0: Chia - Bee Audio 2022 Original/7-13-22_SouthCharleston/6/220713_0948 snip [17/82] snip_126690.000_126753.000.flac
6007.6s - extractor 0: Chia - Bee Audio 2022 Original/7-13-22_SouthCharleston/6/220713_0948 snip [18/82] snip_130290.000_130353.000.flac
6007.7s - extractor 0: Chia - Bee Audio 2022 Original/7-13-22_SouthCharleston/6/220713_0948 snip [19/82] snip_133890.000_133953.000.flac
6007.7s - extractor 0: Chia - Bee Audio 2022 Original/7-13-22_SouthCharleston/6/220713_0948 snip [20/82] snip_13523.550_13584.550.flac
6007.8s - extractor 0: Chia - Bee Audio 2022 Original/7-13-22_SouthCharleston/6/220713_0948 snip [21/82] snip_137490.000_137553.000.flac
6007.8s - extractor 0: Chia - Bee Audio 2022 Original/7-13-22_SouthCharleston/6/220713_0948 snip [22/82] snip_141090.000_141153.000.flac
6007.8s - extractor 0: Chia - Bee Audio 2022 Original/7-13-22_SouthCharleston/6/220713_0948 snip [23/82] snip_142867.010_142930.010.flac
6007.9s - extractor 0: Chia - Bee Audio 2022 Original/7-13-22_SouthCharleston/6/220713_0948 snip [24/82] snip_151890.000_151953.000.flac
6007.9s - extractor 0: Chia - Bee Audio 2022 Original/7-13-22_SouthCharleston/6/220713_0948 snip [25/82] snip_155490.000_155553.000.flac
6008.0s - extractor 0: Chia - Bee Audio 2022 Original/7-13-22_SouthCharleston/6/220713_0948 snip [26/82] snip_159090.000_159153.000.flac
6008.0s - extractor 0: Chia - Bee Audio 2022 Original/7-13-22_SouthCharleston/6/220713_0948 snip [27/82] snip_16003.560_16066.560.flac
6008.0s - extractor 0: Chia - Bee Audio 2022 Original/7-13-22_SouthCharleston/6/220713_0948 snip [28/82] snip_162690.000_162753.000.flac
6008.1s - extractor 0: Chia - Bee Audio 2022 Original/7-13-22_SouthCharleston/6/220713_0948 snip [29/82] snip_163970.280_164033.280.flac
6008.1s - extractor 0: Chia - Bee Audio 2022 Original/7-13-22_SouthCharleston/6/220713_0948 snip [30/82] snip_167411.940_167474.940.flac
6008.2s - extractor 0: Chia - Bee Audio 2022 Original/7-13-22_SouthCharleston/6/220713_0948 snip [31/82] snip_169843.880_169906.880.flac
6008.2s - extractor 0: Chia - Bee Audio 2022 Original/7-13-22_SouthCharleston/6/220713_0948 snip [32/82] snip_170186.440_170247.440.flac
6008.3s - extractor 0: Chia - Bee Audio 2022 Original/7-13-22_SouthCharleston/6/220713_0948 snip [33/82] snip_170581.570_170644.570.flac
6008.3s - extractor 0: Chia - Bee Audio 2022 Original/7-13-22_SouthCharleston/6/220713_0948 snip [34/82] snip_172744.800_172807.800.flac
6008.3s - extractor 0: Chia - Bee Audio 2022 Original/7-13-22_SouthCharleston/6/220713_0948 snip [35/82] snip_173480.600_173543.600.flac
6008.4s - extractor 0: Chia - Bee Audio 2022 Original/7-13-22_SouthCharleston/6/220713_0948 snip [36/82] snip_174867.160_174930.160.flac
6008.4s - extractor 0: Chia - Bee Audio 2022 Original/7-13-22_SouthCharleston/6/220713_0948 snip [37/82] snip_175854.620_175927.920.flac
6008.5s - extractor 0: Chia - Bee Audio 2022 Original/7-13-22_SouthCharleston/6/220713_0948 snip [38/82] snip_17638.080_17699.080.flac
6008.6s - extractor 0: Chia - Bee Audio 2022 Original/7-13-22_SouthCharleston/6/220713_0948 snip [39/82] snip_176890.580_176953.580.flac
6008.6s - extractor 0: Chia - Bee Audio 2022 Original/7-13-22_SouthCharleston/6/220713_0948 snip [40/82] snip_17882.970_17957.940.flac
6008.6s - extractor 0: Chia - Bee Audio 2022 Original/7-13-22_SouthCharleston/6/220713_0948 snip [41/82] snip_19237.040_19300.040.flac
6008.7s - extractor 0: Chia - Bee Audio 2022 Original/7-13-22_SouthCharleston/6/220713_0948 snip [42/82] snip_21384.310_21447.310.flac
6008.7s - extractor 0: Chia - Bee Audio 2022 Original/7-13-22_SouthCharleston/6/220713_0948 snip [43/82] snip_22335.070_22397.970.flac
6008.8s - extractor 0: Chia - Bee Audio 2022 Original/7-13-22_SouthCharleston/6/220713_0948 snip [44/82] snip_23538.690_23601.490.flac
6008.8s - extractor 0: Chia - Bee Audio 2022 Original/7-13-22_SouthCharleston/6/220713_0948 snip [45/82] snip_24191.900_24252.900.flac
6008.8s - extractor 0: Chia - Bee Audio 2022 Original/7-13-22_SouthCharleston/6/220713_0948 snip [46/82] snip_27225.050_27367.250.flac
6009.0s - extractor 0: rescued 'ambient_scraping' at 27310.160s (1.320s) as ambient_rustle+ambient_scraping
6009.0s - extractor 0: Chia - Bee Audio 2022 Original/7-13-22_SouthCharleston/6/220713_0948 snip [47/82] snip_27384.990_27584.890.flac
6009.4s - extractor 0: rescued 'ins_buzz_low' at 27489.500s (1.140s) as ins_buzz_low+mech_plane_prop
6009.4s - extractor 0: Chia - Bee Audio 2022 Original/7-13-22_SouthCharleston/6/220713_0948 snip [48/82] snip_29107.740_29213.860.flac
6009.6s - extractor 0: Chia - Bee Audio 2022 Original/7-13-22_SouthCharleston/6/220713_0948 snip [49/82] snip_29497.030_29560.030.flac
6009.6s - extractor 0: Chia - Bee Audio 2022 Original/7-13-22_SouthCharleston/6/220713_0948 snip [50/82] snip_3078.920_3139.920.flac
6009.7s - extractor 0: Chia - Bee Audio 2022 Original/7-13-22_SouthCharleston/6/220713_0948 snip [51/82] snip_35822.050_35886.550.flac
6009.8s - extractor 0: Chia - Bee Audio 2022 Original/7-13-22_SouthCharleston/6/220713_0948 snip [52/82] snip_37213.010_37276.010.flac
6009.8s - extractor 0: Chia - Bee Audio 2022 Original/7-13-22_SouthCharleston/6/220713_0948 snip [53/82] snip_37870.950_37933.950.flac
6009.9s - extractor 0: Chia - Bee Audio 2022 Original/7-13-22_SouthCharleston/6/220713_0948 snip [54/82] snip_38491.040_38554.040.flac
6009.9s - extractor 0: Chia - Bee Audio 2022 Original/7-13-22_SouthCharleston/6/220713_0948 snip [55/82] snip_40202.840_40263.840.flac
6010.0s - extractor 0: Chia - Bee Audio 2022 Original/7-13-22_SouthCharleston/6/220713_0948 snip [56/82] snip_43890.000_43953.000.flac
6010.0s - extractor 0: Chia - Bee Audio 2022 Original/7-13-22_SouthCharleston/6/220713_0948 snip [57/82] snip_47490.000_47553.000.flac
6010.0s - extractor 0: Chia - Bee Audio 2022 Original/7-13-22_SouthCharleston/6/220713_0948 snip [58/82] snip_54690.000_54753.000.flac
6010.1s - extractor 0: Chia - Bee Audio 2022 Original/7-13-22_SouthCharleston/6/220713_0948 snip [59/82] snip_58290.000_58353.000.flac
6010.1s - extractor 0: Chia - Bee Audio 2022 Original/7-13-22_SouthCharleston/6/220713_0948 snip [60/82] snip_59039.880_59102.880.flac
6010.2s - extractor 0: Chia - Bee Audio 2022 Original/7-13-22_SouthCharleston/6/220713_0948 snip [61/82] snip_6063.490_6126.490.flac
6010.2s - extractor 0: Chia - Bee Audio 2022 Original/7-13-22_SouthCharleston/6/220713_0948 snip [62/82] snip_61890.000_61953.000.flac
6010.2s - extractor 0: Chia - Bee Audio 2022 Original/7-13-22_SouthCharleston/6/220713_0948 snip [63/82] snip_65490.000_65553.000.flac
6010.2s - extractor 0: Chia - Bee Audio 2022 Original/7-13-22_SouthCharleston/6/220713_0948 snip [64/82] snip_77878.800_77939.800.flac
6010.3s - extractor 0: Chia - Bee Audio 2022 Original/7-13-22_SouthCharleston/6/220713_0948 snip [65/82] snip_78566.520_78629.520.flac
6010.3s - extractor 0: Chia - Bee Audio 2022 Original/7-13-22_SouthCharleston/6/220713_0948 snip [66/82] snip_82389.040_82452.040.flac
6010.3s - extractor 0: Chia - Bee Audio 2022 Original/7-13-22_SouthCharleston/6/220713_0948 snip [67/82] snip_86403.030_86466.030.flac
6010.4s - extractor 0: Chia - Bee Audio 2022 Original/7-13-22_SouthCharleston/6/220713_0948 snip [68/82] snip_86799.470_86860.530.flac
6010.4s - extractor 0: Chia - Bee Audio 2022 Original/7-13-22_SouthCharleston/6/220713_0948 snip [69/82] snip_87580.160_87643.160.flac
6010.4s - extractor 0: Chia - Bee Audio 2022 Original/7-13-22_SouthCharleston/6/220713_0948 snip [70/82] snip_90590.080_90653.080.flac
6010.5s - extractor 0: Chia - Bee Audio 2022 Original/7-13-22_SouthCharleston/6/220713_0948 snip [71/82] snip_9176.240_9239.240.flac
6010.5s - extractor 0: Chia - Bee Audio 2022 Original/7-13-22_SouthCharleston/6/220713_0948 snip [72/82] snip_92364.400_92426.530.flac
6010.5s - extractor 0: Chia - Bee Audio 2022 Original/7-13-22_SouthCharleston/6/220713_0948 snip [73/82] snip_93380.080_93443.080.flac
6010.6s - extractor 0: Chia - Bee Audio 2022 Original/7-13-22_SouthCharleston/6/220713_0948 snip [74/82] snip_94253.200_94316.200.flac
6010.7s - extractor 0: Chia - Bee Audio 2022 Original/7-13-22_SouthCharleston/6/220713_0948 snip [75/82] snip_95050.030_95111.030.flac
6010.7s - extractor 0: Chia - Bee Audio 2022 Original/7-13-22_SouthCharleston/6/220713_0948 snip [76/82] snip_95188.550_95251.550.flac
6010.8s - extractor 0: Chia - Bee Audio 2022 Original/7-13-22_SouthCharleston/6/220713_0948 snip [77/82] snip_95522.960_95585.960.flac
6010.9s - extractor 0: Chia - Bee Audio 2022 Original/7-13-22_SouthCharleston/6/220713_0948 snip [78/82] snip_95909.620_95972.620.flac
6010.9s - extractor 0: Chia - Bee Audio 2022 Original/7-13-22_SouthCharleston/6/220713_0948 snip [79/82] snip_96211.720_96274.720.flac
6011.0s - extractor 0: Chia - Bee Audio 2022 Original/7-13-22_SouthCharleston/6/220713_0948 snip [80/82] snip_96747.060_96810.060.flac
6011.0s - extractor 0: Chia - Bee Audio 2022 Original/7-13-22_SouthCharleston/6/220713_0948 snip [81/82] snip_97259.010_97322.010.flac
6011.1s - extractor 0: Chia - Bee Audio 2022 Original/7-13-22_SouthCharleston/6/220713_0948 snip [82/82] snip_98246.050_98309.050.flac
6082.7s - extractor 1: [13] Chia - Bee Audio 2022 Original/7-13-22_SouthCharleston/5/220715_1130 — 46 snip(s) → 84 frames, 7 label(s) (ident took 79.0s)
6082.7s - extractor 1: [14] Chia - Bee Audio 2022 Original/7-13-22_SouthCharleston/6/220715_1131 — starting (both)
6082.7s - extractor 1: Chia - Bee Audio 2022 Original/7-13-22_SouthCharleston/6/220715_1131 snip [1/40] snip_12690.700_12753.700.flac
6082.8s - extractor 1: Chia - Bee Audio 2022 Original/7-13-22_SouthCharleston/6/220715_1131 snip [2/40] snip_15319.500_15380.500.flac
6082.8s - extractor 1: Chia - Bee Audio 2022 Original/7-13-22_SouthCharleston/6/220715_1131 snip [3/40] snip_1604.980_1667.980.flac
6082.9s - extractor 1: Chia - Bee Audio 2022 Original/7-13-22_SouthCharleston/6/220715_1131 snip [4/40] snip_2049.020_2112.020.flac
6082.9s - extractor 1: Chia - Bee Audio 2022 Original/7-13-22_SouthCharleston/6/220715_1131 snip [5/40] snip_30249.940_30591.430.flac
6083.4s - extractor 1: Chia - Bee Audio 2022 Original/7-13-22_SouthCharleston/6/220715_1131 snip [6/40] snip_34110.000_34173.000.flac
6083.5s - extractor 1: Chia - Bee Audio 2022 Original/7-13-22_SouthCharleston/6/220715_1131 snip [7/40] snip_37710.000_37773.000.flac
6083.5s - extractor 1: Chia - Bee Audio 2022 Original/7-13-22_SouthCharleston/6/220715_1131 snip [8/40] snip_41310.000_41373.000.flac
6083.5s - extractor 1: Chia - Bee Audio 2022 Original/7-13-22_SouthCharleston/6/220715_1131 snip [9/40] snip_43082.110_43145.110.flac
6083.6s - extractor 1: Chia - Bee Audio 2022 Original/7-13-22_SouthCharleston/6/220715_1131 snip [10/40] snip_44910.000_44973.000.flac
6083.6s - extractor 1: Chia - Bee Audio 2022 Original/7-13-22_SouthCharleston/6/220715_1131 snip [11/40] snip_48510.000_48573.000.flac
6083.6s - extractor 1: Chia - Bee Audio 2022 Original/7-13-22_SouthCharleston/6/220715_1131 snip [12/40] snip_5062.080_5125.080.flac
6083.7s - extractor 1: Chia - Bee Audio 2022 Original/7-13-22_SouthCharleston/6/220715_1131 snip [13/40] snip_52110.000_52173.000.flac
6083.7s - extractor 1: Chia - Bee Audio 2022 Original/7-13-22_SouthCharleston/6/220715_1131 snip [14/40] snip_5541.270_5602.270.flac
6083.8s - extractor 1: Chia - Bee Audio 2022 Original/7-13-22_SouthCharleston/6/220715_1131 snip [15/40] snip_55710.000_55773.000.flac
6083.8s - extractor 1: Chia - Bee Audio 2022 Original/7-13-22_SouthCharleston/6/220715_1131 snip [16/40] snip_59310.000_59373.000.flac
6083.9s - extractor 1: Chia - Bee Audio 2022 Original/7-13-22_SouthCharleston/6/220715_1131 snip [17/40] snip_62910.000_62973.000.flac
6084.0s - extractor 1: Chia - Bee Audio 2022 Original/7-13-22_SouthCharleston/6/220715_1131 snip [18/40] snip_66510.000_66573.000.flac
6084.0s - extractor 1: Chia - Bee Audio 2022 Original/7-13-22_SouthCharleston/6/220715_1131 snip [19/40] snip_70110.000_70173.000.flac
6084.0s - extractor 1: Chia - Bee Audio 2022 Original/7-13-22_SouthCharleston/6/220715_1131 snip [20/40] snip_73348.940_73411.940.flac
6084.1s - extractor 1: Chia - Bee Audio 2022 Original/7-13-22_SouthCharleston/6/220715_1131 snip [21/40] snip_73710.000_73773.000.flac
6084.1s - extractor 1: Chia - Bee Audio 2022 Original/7-13-22_SouthCharleston/6/220715_1131 snip [22/40] snip_75821.800_75885.340.flac
6084.2s - extractor 1: Chia - Bee Audio 2022 Original/7-13-22_SouthCharleston/6/220715_1131 snip [23/40] snip_76292.610_76355.610.flac
6084.3s - extractor 1: Chia - Bee Audio 2022 Original/7-13-22_SouthCharleston/6/220715_1131 snip [24/40] snip_77217.920_77280.920.flac
6084.4s - extractor 1: Chia - Bee Audio 2022 Original/7-13-22_SouthCharleston/6/220715_1131 snip [25/40] snip_79371.840_79434.840.flac
6084.4s - extractor 1: Chia - Bee Audio 2022 Original/7-13-22_SouthCharleston/6/220715_1131 snip [26/40] snip_81614.260_81677.260.flac
6084.5s - extractor 1: Chia - Bee Audio 2022 Original/7-13-22_SouthCharleston/6/220715_1131 snip [27/40] snip_82822.060_82885.060.flac
6084.6s - extractor 1: Chia - Bee Audio 2022 Original/7-13-22_SouthCharleston/6/220715_1131 snip [28/40] snip_83944.770_84007.770.flac
6084.6s - extractor 1: Chia - Bee Audio 2022 Original/7-13-22_SouthCharleston/6/220715_1131 snip [29/40] snip_84395.370_84493.390.flac
6084.7s - extractor 1: Chia - Bee Audio 2022 Original/7-13-22_SouthCharleston/6/220715_1131 snip [30/40] snip_84519.560_84592.000.flac
6084.8s - extractor 1: Chia - Bee Audio 2022 Original/7-13-22_SouthCharleston/6/220715_1131 snip [31/40] snip_85095.540_85158.540.flac
6084.9s - extractor 1: Chia - Bee Audio 2022 Original/7-13-22_SouthCharleston/6/220715_1131 snip [32/40] snip_8540.020_8601.020.flac
6085.0s - extractor 1: Chia - Bee Audio 2022 Original/7-13-22_SouthCharleston/6/220715_1131 snip [33/40] snip_88854.860_88917.860.flac
6085.1s - extractor 1: Chia - Bee Audio 2022 Original/7-13-22_SouthCharleston/6/220715_1131 snip [34/40] snip_90839.220_91080.500.flac
6085.7s - extractor 1: Chia - Bee Audio 2022 Original/7-13-22_SouthCharleston/6/220715_1131 snip [35/40] snip_91091.120_91164.790.flac
6085.9s - extractor 1: Chia - Bee Audio 2022 Original/7-13-22_SouthCharleston/6/220715_1131 snip [36/40] snip_92686.020_92749.020.flac
6086.0s - extractor 1: Chia - Bee Audio 2022 Original/7-13-22_SouthCharleston/6/220715_1131 snip [37/40] snip_94517.010_94580.010.flac
6086.1s - extractor 1: Chia - Bee Audio 2022 Original/7-13-22_SouthCharleston/6/220715_1131 snip [38/40] snip_9456.340_9527.170.flac
6086.2s - extractor 1: Chia - Bee Audio 2022 Original/7-13-22_SouthCharleston/6/220715_1131 snip [39/40] snip_9752.980_9813.980.flac
6086.3s - extractor 1: Chia - Bee Audio 2022 Original/7-13-22_SouthCharleston/6/220715_1131 snip [40/40] snip_9829.450_9890.450.flac
6180.2s - extractor 0: [11] Chia - Bee Audio 2022 Original/7-13-22_SouthCharleston/6/220713_0948 — 82 snip(s) → 193 frames, 11 label(s) (ident took 173.5s)
6180.2s - extractor 0: [12] Chia - Bee Audio 2022 Original/7-13-22_SouthCharleston/7/220713_0951 — starting (both)
6180.2s - extractor 0: Chia - Bee Audio 2022 Original/7-13-22_SouthCharleston/7/220713_0951 snip [1/96] snip_100099.430_100162.430.flac
6180.2s - extractor 0: Chia - Bee Audio 2022 Original/7-13-22_SouthCharleston/7/220713_0951 snip [2/96] snip_101023.040_101086.040.flac
6180.3s - extractor 0: Chia - Bee Audio 2022 Original/7-13-22_SouthCharleston/7/220713_0951 snip [3/96] snip_102517.040_102619.440.flac
6180.3s - extractor 0: Chia - Bee Audio 2022 Original/7-13-22_SouthCharleston/7/220713_0951 snip [4/96] snip_103101.410_103164.410.flac
6180.3s - extractor 0: Chia - Bee Audio 2022 Original/7-13-22_SouthCharleston/7/220713_0951 snip [5/96] snip_104152.600_104213.600.flac
6180.4s - extractor 0: Chia - Bee Audio 2022 Original/7-13-22_SouthCharleston/7/220713_0951 snip [6/96] snip_10431.570_10494.570.flac
6180.4s - extractor 0: Chia - Bee Audio 2022 Original/7-13-22_SouthCharleston/7/220713_0951 snip [7/96] snip_105107.520_105170.520.flac
6180.4s - extractor 0: Chia - Bee Audio 2022 Original/7-13-22_SouthCharleston/7/220713_0951 snip [8/96] snip_107006.200_107069.200.flac
6180.5s - extractor 0: Chia - Bee Audio 2022 Original/7-13-22_SouthCharleston/7/220713_0951 snip [9/96] snip_109260.920_109323.920.flac
6180.5s - extractor 0: Chia - Bee Audio 2022 Original/7-13-22_SouthCharleston/7/220713_0951 snip [10/96] snip_110175.320_110236.320.flac
6180.5s - extractor 0: Chia - Bee Audio 2022 Original/7-13-22_SouthCharleston/7/220713_0951 snip [11/96] snip_112531.910_112594.910.flac
6180.6s - extractor 0: Chia - Bee Audio 2022 Original/7-13-22_SouthCharleston/7/220713_0951 snip [12/96] snip_113196.290_113259.290.flac
6180.6s - extractor 0: Chia - Bee Audio 2022 Original/7-13-22_SouthCharleston/7/220713_0951 snip [13/96] snip_113370.490_113431.490.flac
6180.7s - extractor 0: Chia - Bee Audio 2022 Original/7-13-22_SouthCharleston/7/220713_0951 snip [14/96] snip_113693.960_113756.960.flac
6180.7s - extractor 0: Chia - Bee Audio 2022 Original/7-13-22_SouthCharleston/7/220713_0951 snip [15/96] snip_114019.530_114080.530.flac
6180.7s - extractor 0: Chia - Bee Audio 2022 Original/7-13-22_SouthCharleston/7/220713_0951 snip [16/96] snip_114220.470_114283.470.flac
6180.8s - extractor 0: Chia - Bee Audio 2022 Original/7-13-22_SouthCharleston/7/220713_0951 snip [17/96] snip_114423.130_114484.130.flac
6180.8s - extractor 0: Chia - Bee Audio 2022 Original/7-13-22_SouthCharleston/7/220713_0951 snip [18/96] snip_11746.610_11809.610.flac
6180.9s - extractor 0: Chia - Bee Audio 2022 Original/7-13-22_SouthCharleston/7/220713_0951 snip [19/96] snip_119905.190_119968.190.flac
6181.0s - extractor 0: Chia - Bee Audio 2022 Original/7-13-22_SouthCharleston/7/220713_0951 snip [20/96] snip_126510.000_126573.000.flac
6181.0s - extractor 0: Chia - Bee Audio 2022 Original/7-13-22_SouthCharleston/7/220713_0951 snip [21/96] snip_130110.000_130173.000.flac
6181.0s - extractor 0: Chia - Bee Audio 2022 Original/7-13-22_SouthCharleston/7/220713_0951 snip [22/96] snip_133710.000_133773.000.flac
6181.1s - extractor 0: Chia - Bee Audio 2022 Original/7-13-22_SouthCharleston/7/220713_0951 snip [23/96] snip_137310.000_137373.000.flac
6181.1s - extractor 0: Chia - Bee Audio 2022 Original/7-13-22_SouthCharleston/7/220713_0951 snip [24/96] snip_14066.730_14426.730.flac
6182.7s - extractor 0: rescued 'human' at 14198.970s (0.940s) as human+mech_plane_prop
6182.8s - extractor 0: rescued 'human' at 14228.290s (1.080s) as human+mech_plane_prop
6182.8s - extractor 0: rescued 'human' at 14233.360s (1.160s) as human+mech_plane_prop
6182.8s - extractor 0: rescued 'human' at 14268.500s (1.130s) as human+mech_plane_prop
6182.8s - extractor 0: rescued 'human' at 14298.750s (1.180s) as human+mech_plane_prop
6182.8s - extractor 0: rescued 'human' at 14329.000s (0.140s) as human+mech_plane_prop
6182.8s - extractor 0: rescued 'human' at 14390.960s (1.030s) as human+ins_buzz_low
6182.8s - extractor 0: Chia - Bee Audio 2022 Original/7-13-22_SouthCharleston/7/220713_0951 snip [25/96] snip_140910.000_140973.000.flac
6182.9s - extractor 0: Chia - Bee Audio 2022 Original/7-13-22_SouthCharleston/7/220713_0951 snip [26/96] snip_144510.000_144573.000.flac
6182.9s - extractor 0: Chia - Bee Audio 2022 Original/7-13-22_SouthCharleston/7/220713_0951 snip [27/96] snip_144658.740_144721.740.flac
6182.9s - extractor 0: Chia - Bee Audio 2022 Original/7-13-22_SouthCharleston/7/220713_0951 snip [28/96] snip_148110.000_148173.000.flac
6183.0s - extractor 0: Chia - Bee Audio 2022 Original/7-13-22_SouthCharleston/7/220713_0951 snip [29/96] snip_151710.000_151773.000.flac
6183.0s - extractor 0: Chia - Bee Audio 2022 Original/7-13-22_SouthCharleston/7/220713_0951 snip [30/96] snip_155310.000_155373.000.flac
6183.1s - extractor 0: Chia - Bee Audio 2022 Original/7-13-22_SouthCharleston/7/220713_0951 snip [31/96] snip_162510.000_162573.000.flac
6183.1s - extractor 0: Chia - Bee Audio 2022 Original/7-13-22_SouthCharleston/7/220713_0951 snip [32/96] snip_164338.410_164399.410.flac
6183.1s - extractor 0: Chia - Bee Audio 2022 Original/7-13-22_SouthCharleston/7/220713_0951 snip [33/96] snip_164713.830_164776.830.flac
6183.2s - extractor 0: Chia - Bee Audio 2022 Original/7-13-22_SouthCharleston/7/220713_0951 snip [34/96] snip_165878.760_165941.760.flac
6183.2s - extractor 0: Chia - Bee Audio 2022 Original/7-13-22_SouthCharleston/7/220713_0951 snip [35/96] snip_166456.990_166525.670.flac
6183.3s - extractor 0: Chia - Bee Audio 2022 Original/7-13-22_SouthCharleston/7/220713_0951 snip [36/96] snip_166598.920_166661.920.flac
6183.3s - extractor 0: Chia - Bee Audio 2022 Original/7-13-22_SouthCharleston/7/220713_0951 snip [37/96] snip_166713.530_166774.530.flac
6183.3s - extractor 0: Chia - Bee Audio 2022 Original/7-13-22_SouthCharleston/7/220713_0951 snip [38/96] snip_167440.890_167566.180.flac
6183.5s - extractor 0: Chia - Bee Audio 2022 Original/7-13-22_SouthCharleston/7/220713_0951 snip [39/96] snip_167637.320_167720.620.flac
6183.5s - extractor 0: Chia - Bee Audio 2022 Original/7-13-22_SouthCharleston/7/220713_0951 snip [40/96] snip_168878.660_168941.660.flac
6183.6s - extractor 0: Chia - Bee Audio 2022 Original/7-13-22_SouthCharleston/7/220713_0951 snip [41/96] snip_169382.080_169443.080.flac
6183.6s - extractor 0: Chia - Bee Audio 2022 Original/7-13-22_SouthCharleston/7/220713_0951 snip [42/96] snip_169913.890_169976.890.flac
6183.6s - extractor 0: Chia - Bee Audio 2022 Original/7-13-22_SouthCharleston/7/220713_0951 snip [43/96] snip_172178.960_172241.960.flac
6183.7s - extractor 0: Chia - Bee Audio 2022 Original/7-13-22_SouthCharleston/7/220713_0951 snip [44/96] snip_174533.760_174594.760.flac
6183.7s - extractor 0: Chia - Bee Audio 2022 Original/7-13-22_SouthCharleston/7/220713_0951 snip [45/96] snip_175713.560_175782.060.flac
6183.8s - extractor 0: Chia - Bee Audio 2022 Original/7-13-22_SouthCharleston/7/220713_0951 snip [46/96] snip_1978.000_2043.160.flac
6183.8s - extractor 0: Chia - Bee Audio 2022 Original/7-13-22_SouthCharleston/7/220713_0951 snip [47/96] snip_24636.690_24703.890.flac
6183.9s - extractor 0: Chia - Bee Audio 2022 Original/7-13-22_SouthCharleston/7/220713_0951 snip [48/96] snip_24846.260_24913.890.flac
6184.0s - extractor 0: Chia - Bee Audio 2022 Original/7-13-22_SouthCharleston/7/220713_0951 snip [49/96] snip_25486.850_25549.850.flac
6184.1s - extractor 0: Chia - Bee Audio 2022 Original/7-13-22_SouthCharleston/7/220713_0951 snip [50/96] snip_27484.990_27545.990.flac
6184.2s - extractor 0: Chia - Bee Audio 2022 Original/7-13-22_SouthCharleston/7/220713_0951 snip [51/96] snip_32573.700_32636.700.flac
6184.2s - extractor 0: Chia - Bee Audio 2022 Original/7-13-22_SouthCharleston/7/220713_0951 snip [52/96] snip_40058.080_40173.000.flac
6184.3s - extractor 0: Chia - Bee Audio 2022 Original/7-13-22_SouthCharleston/7/220713_0951 snip [53/96] snip_4194.500_4257.500.flac
6184.3s - extractor 0: Chia - Bee Audio 2022 Original/7-13-22_SouthCharleston/7/220713_0951 snip [54/96] snip_43710.000_43773.000.flac
6184.4s - extractor 0: Chia - Bee Audio 2022 Original/7-13-22_SouthCharleston/7/220713_0951 snip [55/96] snip_47310.000_47373.000.flac
6184.5s - extractor 0: Chia - Bee Audio 2022 Original/7-13-22_SouthCharleston/7/220713_0951 snip [56/96] snip_4750.670_4811.670.flac
6184.5s - extractor 0: Chia - Bee Audio 2022 Original/7-13-22_SouthCharleston/7/220713_0951 snip [57/96] snip_50910.000_50973.000.flac
6184.5s - extractor 0: Chia - Bee Audio 2022 Original/7-13-22_SouthCharleston/7/220713_0951 snip [58/96] snip_54510.000_54573.000.flac
6184.6s - extractor 0: Chia - Bee Audio 2022 Original/7-13-22_SouthCharleston/7/220713_0951 snip [59/96] snip_56469.460_56532.460.flac
6184.6s - extractor 0: Chia - Bee Audio 2022 Original/7-13-22_SouthCharleston/7/220713_0951 snip [60/96] snip_58110.000_58173.000.flac
6184.6s - extractor 0: Chia - Bee Audio 2022 Original/7-13-22_SouthCharleston/7/220713_0951 snip [61/96] snip_5919.250_5982.250.flac
6184.6s - extractor 0: Chia - Bee Audio 2022 Original/7-13-22_SouthCharleston/7/220713_0951 snip [62/96] snip_61710.000_61773.000.flac
6184.7s - extractor 0: Chia - Bee Audio 2022 Original/7-13-22_SouthCharleston/7/220713_0951 snip [63/96] snip_65310.000_65373.000.flac
6184.7s - extractor 0: Chia - Bee Audio 2022 Original/7-13-22_SouthCharleston/7/220713_0951 snip [64/96] snip_68910.000_68973.000.flac
6184.8s - extractor 0: Chia - Bee Audio 2022 Original/7-13-22_SouthCharleston/7/220713_0951 snip [65/96] snip_72510.000_72573.000.flac
6184.8s - extractor 0: Chia - Bee Audio 2022 Original/7-13-22_SouthCharleston/7/220713_0951 snip [66/96] snip_78275.280_78336.280.flac
6184.8s - extractor 0: Chia - Bee Audio 2022 Original/7-13-22_SouthCharleston/7/220713_0951 snip [67/96] snip_78370.290_78433.290.flac
6184.8s - extractor 0: Chia - Bee Audio 2022 Original/7-13-22_SouthCharleston/7/220713_0951 snip [68/96] snip_78464.910_78530.040.flac
6184.9s - extractor 0: Chia - Bee Audio 2022 Original/7-13-22_SouthCharleston/7/220713_0951 snip [69/96] snip_80178.940_80239.940.flac
6184.9s - extractor 0: Chia - Bee Audio 2022 Original/7-13-22_SouthCharleston/7/220713_0951 snip [70/96] snip_80240.980_80516.390.flac
6185.3s - extractor 0: rescued 'ins_buzz_medium' at 80484.800s (1.000s) as ins_buzz_medium
6185.3s - extractor 0: Chia - Bee Audio 2022 Original/7-13-22_SouthCharleston/7/220713_0951 snip [71/96] snip_80541.990_80604.990.flac
6185.3s - extractor 0: Chia - Bee Audio 2022 Original/7-13-22_SouthCharleston/7/220713_0951 snip [72/96] snip_80630.960_80691.960.flac
6185.3s - extractor 0: Chia - Bee Audio 2022 Original/7-13-22_SouthCharleston/7/220713_0951 snip [73/96] snip_80961.980_81022.980.flac
6185.4s - extractor 0: Chia - Bee Audio 2022 Original/7-13-22_SouthCharleston/7/220713_0951 snip [74/96] snip_81190.880_81253.880.flac
6185.4s - extractor 0: Chia - Bee Audio 2022 Original/7-13-22_SouthCharleston/7/220713_0951 snip [75/96] snip_81270.120_81331.120.flac
6185.4s - extractor 0: Chia - Bee Audio 2022 Original/7-13-22_SouthCharleston/7/220713_0951 snip [76/96] snip_81374.910_81435.910.flac
6185.5s - extractor 0: Chia - Bee Audio 2022 Original/7-13-22_SouthCharleston/7/220713_0951 snip [77/96] snip_8144.710_8207.710.flac
6185.5s - extractor 0: Chia - Bee Audio 2022 Original/7-13-22_SouthCharleston/7/220713_0951 snip [78/96] snip_81473.600_81586.820.flac
6185.5s - extractor 0: Chia - Bee Audio 2022 Original/7-13-22_SouthCharleston/7/220713_0951 snip [79/96] snip_81752.890_81813.890.flac
6185.6s - extractor 0: Chia - Bee Audio 2022 Original/7-13-22_SouthCharleston/7/220713_0951 snip [80/96] snip_81917.220_81980.220.flac
6185.6s - extractor 0: Chia - Bee Audio 2022 Original/7-13-22_SouthCharleston/7/220713_0951 snip [81/96] snip_82083.640_82144.640.flac
6185.6s - extractor 0: Chia - Bee Audio 2022 Original/7-13-22_SouthCharleston/7/220713_0951 snip [82/96] snip_82243.790_82304.790.flac
6185.7s - extractor 0: Chia - Bee Audio 2022 Original/7-13-22_SouthCharleston/7/220713_0951 snip [83/96] snip_82322.030_82383.030.flac
6185.7s - extractor 0: Chia - Bee Audio 2022 Original/7-13-22_SouthCharleston/7/220713_0951 snip [84/96] snip_82796.690_82859.690.flac
6185.7s - extractor 0: Chia - Bee Audio 2022 Original/7-13-22_SouthCharleston/7/220713_0951 snip [85/96] snip_83511.550_83572.550.flac
6185.8s - extractor 0: Chia - Bee Audio 2022 Original/7-13-22_SouthCharleston/7/220713_0951 snip [86/96] snip_85664.120_85727.120.flac
6185.8s - extractor 0: Chia - Bee Audio 2022 Original/7-13-22_SouthCharleston/7/220713_0951 snip [87/96] snip_85984.960_86045.960.flac
6185.8s - extractor 0: Chia - Bee Audio 2022 Original/7-13-22_SouthCharleston/7/220713_0951 snip [88/96] snip_87818.880_87879.880.flac
6185.9s - extractor 0: Chia - Bee Audio 2022 Original/7-13-22_SouthCharleston/7/220713_0951 snip [89/96] snip_91431.810_91494.810.flac
6185.9s - extractor 0: Chia - Bee Audio 2022 Original/7-13-22_SouthCharleston/7/220713_0951 snip [90/96] snip_95046.800_95107.800.flac
6185.9s - extractor 0: Chia - Bee Audio 2022 Original/7-13-22_SouthCharleston/7/220713_0951 snip [91/96] snip_95617.500_95702.580.flac
6186.0s - extractor 0: Chia - Bee Audio 2022 Original/7-13-22_SouthCharleston/7/220713_0951 snip [92/96] snip_96329.160_96392.160.flac
6186.0s - extractor 0: Chia - Bee Audio 2022 Original/7-13-22_SouthCharleston/7/220713_0951 snip [93/96] snip_96539.660_96650.000.flac
6186.1s - extractor 0: Chia - Bee Audio 2022 Original/7-13-22_SouthCharleston/7/220713_0951 snip [94/96] snip_96692.670_96753.670.flac
6186.2s - extractor 0: Chia - Bee Audio 2022 Original/7-13-22_SouthCharleston/7/220713_0951 snip [95/96] snip_98709.460_98772.460.flac
6186.2s - extractor 0: Chia - Bee Audio 2022 Original/7-13-22_SouthCharleston/7/220713_0951 snip [96/96] snip_99806.940_99867.940.flac
6196.5s - extractor 1: [14] Chia - Bee Audio 2022 Original/7-13-22_SouthCharleston/6/220715_1131 — 40 snip(s) → 127 frames, 13 label(s) (ident took 113.8s)
6196.5s - extractor 1: [15] Chia - Bee Audio 2022 Original/7-13-22_SouthCharleston/7/220715_1134 — starting (both)
6196.5s - extractor 1: Chia - Bee Audio 2022 Original/7-13-22_SouthCharleston/7/220715_1134 snip [1/46] snip_11797.970_11858.960.flac
6196.5s - extractor 1: Chia - Bee Audio 2022 Original/7-13-22_SouthCharleston/7/220715_1134 snip [2/46] snip_12769.380_12832.380.flac
6196.6s - extractor 1: Chia - Bee Audio 2022 Original/7-13-22_SouthCharleston/7/220715_1134 snip [3/46] snip_13742.750_13803.750.flac
6196.6s - extractor 1: Chia - Bee Audio 2022 Original/7-13-22_SouthCharleston/7/220715_1134 snip [4/46] snip_14694.210_14757.210.flac
6196.6s - extractor 1: Chia - Bee Audio 2022 Original/7-13-22_SouthCharleston/7/220715_1134 snip [5/46] snip_16632.850_16693.850.flac
6196.7s - extractor 1: Chia - Bee Audio 2022 Original/7-13-22_SouthCharleston/7/220715_1134 snip [6/46] snip_17233.850_17294.850.flac
6196.7s - extractor 1: Chia - Bee Audio 2022 Original/7-13-22_SouthCharleston/7/220715_1134 snip [7/46] snip_21120.050_21181.070.flac
6196.7s - extractor 1: Chia - Bee Audio 2022 Original/7-13-22_SouthCharleston/7/220715_1134 snip [8/46] snip_23974.740_24037.740.flac
6196.8s - extractor 1: Chia - Bee Audio 2022 Original/7-13-22_SouthCharleston/7/220715_1134 snip [9/46] snip_28293.970_28356.970.flac
6196.8s - extractor 1: Chia - Bee Audio 2022 Original/7-13-22_SouthCharleston/7/220715_1134 snip [10/46] snip_33930.000_33993.000.flac
6196.8s - extractor 1: Chia - Bee Audio 2022 Original/7-13-22_SouthCharleston/7/220715_1134 snip [11/46] snip_37530.000_37593.000.flac
6196.9s - extractor 1: Chia - Bee Audio 2022 Original/7-13-22_SouthCharleston/7/220715_1134 snip [12/46] snip_3794.860_3855.860.flac
6196.9s - extractor 1: Chia - Bee Audio 2022 Original/7-13-22_SouthCharleston/7/220715_1134 snip [13/46] snip_4009.460_4072.460.flac
6196.9s - extractor 1: Chia - Bee Audio 2022 Original/7-13-22_SouthCharleston/7/220715_1134 snip [14/46] snip_41130.000_41193.000.flac
6197.0s - extractor 1: Chia - Bee Audio 2022 Original/7-13-22_SouthCharleston/7/220715_1134 snip [15/46] snip_4225.920_4286.920.flac
6197.0s - extractor 1: Chia - Bee Audio 2022 Original/7-13-22_SouthCharleston/7/220715_1134 snip [16/46] snip_44730.000_44793.000.flac
6197.0s - extractor 1: Chia - Bee Audio 2022 Original/7-13-22_SouthCharleston/7/220715_1134 snip [17/46] snip_48330.000_48393.000.flac
6197.1s - extractor 1: Chia - Bee Audio 2022 Original/7-13-22_SouthCharleston/7/220715_1134 snip [18/46] snip_50334.610_50397.610.flac
6197.2s - extractor 1: Chia - Bee Audio 2022 Original/7-13-22_SouthCharleston/7/220715_1134 snip [19/46] snip_5103.220_5165.000.flac
6197.2s - extractor 1: Chia - Bee Audio 2022 Original/7-13-22_SouthCharleston/7/220715_1134 snip [20/46] snip_51930.000_51993.000.flac
6197.3s - extractor 1: Chia - Bee Audio 2022 Original/7-13-22_SouthCharleston/7/220715_1134 snip [21/46] snip_55530.000_55593.000.flac
6197.4s - extractor 1: Chia - Bee Audio 2022 Original/7-13-22_SouthCharleston/7/220715_1134 snip [22/46] snip_59130.000_59193.000.flac
6197.4s - extractor 1: Chia - Bee Audio 2022 Original/7-13-22_SouthCharleston/7/220715_1134 snip [23/46] snip_62730.000_62793.000.flac
6197.4s - extractor 1: Chia - Bee Audio 2022 Original/7-13-22_SouthCharleston/7/220715_1134 snip [24/46] snip_66330.000_66393.000.flac
6197.5s - extractor 1: Chia - Bee Audio 2022 Original/7-13-22_SouthCharleston/7/220715_1134 snip [25/46] snip_69930.000_69993.000.flac
6197.5s - extractor 1: Chia - Bee Audio 2022 Original/7-13-22_SouthCharleston/7/220715_1134 snip [26/46] snip_71815.650_71878.650.flac
6197.5s - extractor 1: Chia - Bee Audio 2022 Original/7-13-22_SouthCharleston/7/220715_1134 snip [27/46] snip_72876.610_72939.610.flac
6197.6s - extractor 1: Chia - Bee Audio 2022 Original/7-13-22_SouthCharleston/7/220715_1134 snip [28/46] snip_73530.000_73593.000.flac
6197.6s - extractor 1: Chia - Bee Audio 2022 Original/7-13-22_SouthCharleston/7/220715_1134 snip [29/46] snip_75436.810_75499.810.flac
6197.7s - extractor 1: Chia - Bee Audio 2022 Original/7-13-22_SouthCharleston/7/220715_1134 snip [30/46] snip_79521.910_79584.910.flac
6197.7s - extractor 1: Chia - Bee Audio 2022 Original/7-13-22_SouthCharleston/7/220715_1134 snip [31/46] snip_8010.840_8073.840.flac
6197.8s - extractor 1: Chia - Bee Audio 2022 Original/7-13-22_SouthCharleston/7/220715_1134 snip [32/46] snip_81852.330_81915.330.flac
6197.9s - extractor 1: Chia - Bee Audio 2022 Original/7-13-22_SouthCharleston/7/220715_1134 snip [33/46] snip_83030.170_83093.170.flac
6197.9s - extractor 1: Chia - Bee Audio 2022 Original/7-13-22_SouthCharleston/7/220715_1134 snip [34/46] snip_84825.700_84888.700.flac
6197.9s - extractor 1: Chia - Bee Audio 2022 Original/7-13-22_SouthCharleston/7/220715_1134 snip [35/46] snip_86185.780_86248.780.flac
6198.0s - extractor 1: Chia - Bee Audio 2022 Original/7-13-22_SouthCharleston/7/220715_1134 snip [36/46] snip_86891.560_86954.560.flac
6198.1s - extractor 1: Chia - Bee Audio 2022 Original/7-13-22_SouthCharleston/7/220715_1134 snip [37/46] snip_87160.960_87249.400.flac
6198.2s - extractor 1: Chia - Bee Audio 2022 Original/7-13-22_SouthCharleston/7/220715_1134 snip [38/46] snip_87671.540_87734.540.flac
6198.2s - extractor 1: Chia - Bee Audio 2022 Original/7-13-22_SouthCharleston/7/220715_1134 snip [39/46] snip_88231.250_88292.250.flac
6198.3s - extractor 1: Chia - Bee Audio 2022 Original/7-13-22_SouthCharleston/7/220715_1134 snip [40/46] snip_88610.420_88673.420.flac
6198.3s - extractor 1: Chia - Bee Audio 2022 Original/7-13-22_SouthCharleston/7/220715_1134 snip [41/46] snip_89992.690_90055.690.flac
6198.4s - extractor 1: Chia - Bee Audio 2022 Original/7-13-22_SouthCharleston/7/220715_1134 snip [42/46] snip_90706.410_90769.410.flac
6198.4s - extractor 1: Chia - Bee Audio 2022 Original/7-13-22_SouthCharleston/7/220715_1134 snip [43/46] snip_91524.730_91587.730.flac
6198.5s - extractor 1: Chia - Bee Audio 2022 Original/7-13-22_SouthCharleston/7/220715_1134 snip [44/46] snip_92699.620_92762.620.flac
6198.5s - extractor 1: Chia - Bee Audio 2022 Original/7-13-22_SouthCharleston/7/220715_1134 snip [45/46] snip_93360.790_93475.970.flac
6198.6s - extractor 1: Chia - Bee Audio 2022 Original/7-13-22_SouthCharleston/7/220715_1134 snip [46/46] snip_94663.030_94726.030.flac
6276.4s - extractor 1: [15] Chia - Bee Audio 2022 Original/7-13-22_SouthCharleston/7/220715_1134 — 46 snip(s) → 84 frames, 4 label(s) (ident took 79.9s)
6276.4s - extractor 1: [16] Chia - Bee Audio 2022 Original/7-13-22_SouthCharleston/8/220713_0953 — starting (both)
6276.4s - extractor 1: Chia - Bee Audio 2022 Original/7-13-22_SouthCharleston/8/220713_0953 snip [1/72] snip_100454.130_100517.130.flac
6276.5s - extractor 1: Chia - Bee Audio 2022 Original/7-13-22_SouthCharleston/8/220713_0953 snip [2/72] snip_101225.650_101288.650.flac
6276.6s - extractor 1: Chia - Bee Audio 2022 Original/7-13-22_SouthCharleston/8/220713_0953 snip [3/72] snip_101420.040_101481.040.flac
6276.7s - extractor 1: Chia - Bee Audio 2022 Original/7-13-22_SouthCharleston/8/220713_0953 snip [4/72] snip_103466.550_103529.550.flac
6276.7s - extractor 1: Chia - Bee Audio 2022 Original/7-13-22_SouthCharleston/8/220713_0953 snip [5/72] snip_106481.280_106544.280.flac
6276.8s - extractor 1: Chia - Bee Audio 2022 Original/7-13-22_SouthCharleston/8/220713_0953 snip [6/72] snip_107449.210_107510.210.flac
6276.8s - extractor 1: Chia - Bee Audio 2022 Original/7-13-22_SouthCharleston/8/220713_0953 snip [7/72] snip_107544.160_107607.160.flac
6276.9s - extractor 1: Chia - Bee Audio 2022 Original/7-13-22_SouthCharleston/8/220713_0953 snip [8/72] snip_108927.440_108990.440.flac
6276.9s - extractor 1: Chia - Bee Audio 2022 Original/7-13-22_SouthCharleston/8/220713_0953 snip [9/72] snip_111011.000_111074.000.flac
6277.0s - extractor 1: Chia - Bee Audio 2022 Original/7-13-22_SouthCharleston/8/220713_0953 snip [10/72] snip_11348.040_11409.040.flac
6277.0s - extractor 1: Chia - Bee Audio 2022 Original/7-13-22_SouthCharleston/8/220713_0953 snip [11/72] snip_115556.640_115619.640.flac
6277.1s - extractor 1: Chia - Bee Audio 2022 Original/7-13-22_SouthCharleston/8/220713_0953 snip [12/72] snip_121543.410_121606.410.flac
6277.2s - extractor 1: Chia - Bee Audio 2022 Original/7-13-22_SouthCharleston/8/220713_0953 snip [13/72] snip_124883.220_124946.220.flac
6277.2s - extractor 1: Chia - Bee Audio 2022 Original/7-13-22_SouthCharleston/8/220713_0953 snip [14/72] snip_126390.000_126453.000.flac
6277.3s - extractor 1: Chia - Bee Audio 2022 Original/7-13-22_SouthCharleston/8/220713_0953 snip [15/72] snip_12884.560_12947.560.flac
6277.3s - extractor 1: Chia - Bee Audio 2022 Original/7-13-22_SouthCharleston/8/220713_0953 snip [16/72] snip_129990.000_130053.000.flac
6277.4s - extractor 1: Chia - Bee Audio 2022 Original/7-13-22_SouthCharleston/8/220713_0953 snip [17/72] snip_133590.000_133653.000.flac
6277.4s - extractor 1: Chia - Bee Audio 2022 Original/7-13-22_SouthCharleston/8/220713_0953 snip [18/72] snip_136381.030_136446.210.flac
6277.4s - extractor 1: Chia - Bee Audio 2022 Original/7-13-22_SouthCharleston/8/220713_0953 snip [19/72] snip_137190.000_137253.000.flac
6277.5s - extractor 1: Chia - Bee Audio 2022 Original/7-13-22_SouthCharleston/8/220713_0953 snip [20/72] snip_140790.000_140853.000.flac
6277.6s - extractor 1: Chia - Bee Audio 2022 Original/7-13-22_SouthCharleston/8/220713_0953 snip [21/72] snip_14422.990_14483.990.flac
6277.6s - extractor 1: Chia - Bee Audio 2022 Original/7-13-22_SouthCharleston/8/220713_0953 snip [22/72] snip_144295.140_144358.140.flac
6277.7s - extractor 1: Chia - Bee Audio 2022 Original/7-13-22_SouthCharleston/8/220713_0953 snip [23/72] snip_144390.000_144453.000.flac
6277.8s - extractor 1: Chia - Bee Audio 2022 Original/7-13-22_SouthCharleston/8/220713_0953 snip [24/72] snip_151590.000_151653.000.flac
6277.8s - extractor 1: Chia - Bee Audio 2022 Original/7-13-22_SouthCharleston/8/220713_0953 snip [25/72] snip_155190.000_155253.000.flac
6277.9s - extractor 1: Chia - Bee Audio 2022 Original/7-13-22_SouthCharleston/8/220713_0953 snip [26/72] snip_15521.560_15582.560.flac
6277.9s - extractor 1: Chia - Bee Audio 2022 Original/7-13-22_SouthCharleston/8/220713_0953 snip [27/72] snip_163377.410_163440.410.flac
6278.0s - extractor 1: Chia - Bee Audio 2022 Original/7-13-22_SouthCharleston/8/220713_0953 snip [28/72] snip_164763.170_164826.170.flac
6278.0s - extractor 1: Chia - Bee Audio 2022 Original/7-13-22_SouthCharleston/8/220713_0953 snip [29/72] snip_166336.760_166399.760.flac
6278.1s - extractor 1: Chia - Bee Audio 2022 Original/7-13-22_SouthCharleston/8/220713_0953 snip [30/72] snip_167908.180_167971.180.flac
6278.2s - extractor 1: Chia - Bee Audio 2022 Original/7-13-22_SouthCharleston/8/220713_0953 snip [31/72] snip_171391.680_171454.680.flac
6278.3s - extractor 1: Chia - Bee Audio 2022 Original/7-13-22_SouthCharleston/8/220713_0953 snip [32/72] snip_174267.480_174328.480.flac
6278.3s - extractor 1: Chia - Bee Audio 2022 Original/7-13-22_SouthCharleston/8/220713_0953 snip [33/72] snip_17434.210_17497.210.flac
6278.3s - extractor 1: Chia - Bee Audio 2022 Original/7-13-22_SouthCharleston/8/220713_0953 snip [34/72] snip_175574.510_175647.080.flac
6278.4s - extractor 1: Chia - Bee Audio 2022 Original/7-13-22_SouthCharleston/8/220713_0953 snip [35/72] snip_175878.560_175941.560.flac
6278.5s - extractor 1: Chia - Bee Audio 2022 Original/7-13-22_SouthCharleston/8/220713_0953 snip [36/72] snip_20907.670_20970.670.flac
6278.6s - extractor 1: Chia - Bee Audio 2022 Original/7-13-22_SouthCharleston/8/220713_0953 snip [37/72] snip_22889.780_22952.780.flac
6278.6s - extractor 1: Chia - Bee Audio 2022 Original/7-13-22_SouthCharleston/8/220713_0953 snip [38/72] snip_24718.750_24779.750.flac
6278.7s - extractor 1: Chia - Bee Audio 2022 Original/7-13-22_SouthCharleston/8/220713_0953 snip [39/72] snip_25403.280_25466.280.flac
6278.7s - extractor 1: Chia - Bee Audio 2022 Original/7-13-22_SouthCharleston/8/220713_0953 snip [40/72] snip_26867.090_26930.090.flac
6278.8s - extractor 1: Chia - Bee Audio 2022 Original/7-13-22_SouthCharleston/8/220713_0953 snip [41/72] snip_31881.480_31944.480.flac
6278.8s - extractor 1: Chia - Bee Audio 2022 Original/7-13-22_SouthCharleston/8/220713_0953 snip [42/72] snip_36206.710_36269.710.flac
6278.9s - extractor 1: Chia - Bee Audio 2022 Original/7-13-22_SouthCharleston/8/220713_0953 snip [43/72] snip_36995.620_37058.620.flac
6278.9s - extractor 1: Chia - Bee Audio 2022 Original/7-13-22_SouthCharleston/8/220713_0953 snip [44/72] snip_47190.000_47253.000.flac
6279.0s - extractor 1: Chia - Bee Audio 2022 Original/7-13-22_SouthCharleston/8/220713_0953 snip [45/72] snip_50790.000_50853.000.flac
6279.1s - extractor 1: Chia - Bee Audio 2022 Original/7-13-22_SouthCharleston/8/220713_0953 snip [46/72] snip_54390.000_54453.000.flac
6279.1s - extractor 1: Chia - Bee Audio 2022 Original/7-13-22_SouthCharleston/8/220713_0953 snip [47/72] snip_57990.000_58053.000.flac
6279.2s - extractor 1: Chia - Bee Audio 2022 Original/7-13-22_SouthCharleston/8/220713_0953 snip [48/72] snip_59692.500_59755.500.flac
6279.2s - extractor 1: Chia - Bee Audio 2022 Original/7-13-22_SouthCharleston/8/220713_0953 snip [49/72] snip_61590.000_61653.000.flac
6279.2s - extractor 1: Chia - Bee Audio 2022 Original/7-13-22_SouthCharleston/8/220713_0953 snip [50/72] snip_65190.000_65253.000.flac
6279.3s - extractor 1: Chia - Bee Audio 2022 Original/7-13-22_SouthCharleston/8/220713_0953 snip [51/72] snip_68790.000_68853.000.flac
6279.3s - extractor 1: Chia - Bee Audio 2022 Original/7-13-22_SouthCharleston/8/220713_0953 snip [52/72] snip_72390.000_72453.000.flac
6279.3s - extractor 1: Chia - Bee Audio 2022 Original/7-13-22_SouthCharleston/8/220713_0953 snip [53/72] snip_7420.750_7481.750.flac
6279.3s - extractor 1: Chia - Bee Audio 2022 Original/7-13-22_SouthCharleston/8/220713_0953 snip [54/72] snip_79237.310_79298.310.flac
6279.4s - extractor 1: Chia - Bee Audio 2022 Original/7-13-22_SouthCharleston/8/220713_0953 snip [55/72] snip_79874.950_79936.630.flac
6279.4s - extractor 1: Chia - Bee Audio 2022 Original/7-13-22_SouthCharleston/8/220713_0953 snip [56/72] snip_8103.550_8164.550.flac
6279.4s - extractor 1: Chia - Bee Audio 2022 Original/7-13-22_SouthCharleston/8/220713_0953 snip [57/72] snip_8269.630_8330.630.flac
6279.4s - extractor 1: Chia - Bee Audio 2022 Original/7-13-22_SouthCharleston/8/220713_0953 snip [58/72] snip_8521.200_8583.410.flac
6279.5s - extractor 1: Chia - Bee Audio 2022 Original/7-13-22_SouthCharleston/8/220713_0953 snip [59/72] snip_87636.810_87697.810.flac
6279.5s - extractor 1: Chia - Bee Audio 2022 Original/7-13-22_SouthCharleston/8/220713_0953 snip [60/72] snip_88768.230_88831.230.flac
6279.6s - extractor 1: Chia - Bee Audio 2022 Original/7-13-22_SouthCharleston/8/220713_0953 snip [61/72] snip_89901.280_89962.280.flac
6279.6s - extractor 1: Chia - Bee Audio 2022 Original/7-13-22_SouthCharleston/8/220713_0953 snip [62/72] snip_90995.510_91058.510.flac
6279.7s - extractor 1: Chia - Bee Audio 2022 Original/7-13-22_SouthCharleston/8/220713_0953 snip [63/72] snip_9188.680_9251.680.flac
6279.7s - extractor 1: Chia - Bee Audio 2022 Original/7-13-22_SouthCharleston/8/220713_0953 snip [64/72] snip_92091.900_92152.900.flac
6279.7s - extractor 1: Chia - Bee Audio 2022 Original/7-13-22_SouthCharleston/8/220713_0953 snip [65/72] snip_94925.280_94986.280.flac
6279.7s - extractor 1: Chia - Bee Audio 2022 Original/7-13-22_SouthCharleston/8/220713_0953 snip [66/72] snip_95000.850_95063.850.flac
6279.8s - extractor 1: Chia - Bee Audio 2022 Original/7-13-22_SouthCharleston/8/220713_0953 snip [67/72] snip_95078.240_95139.240.flac
6279.8s - extractor 1: Chia - Bee Audio 2022 Original/7-13-22_SouthCharleston/8/220713_0953 snip [68/72] snip_96115.970_96178.970.flac
6279.9s - extractor 1: Chia - Bee Audio 2022 Original/7-13-22_SouthCharleston/8/220713_0953 snip [69/72] snip_96199.870_96271.820.flac
6280.0s - extractor 1: Chia - Bee Audio 2022 Original/7-13-22_SouthCharleston/8/220713_0953 snip [70/72] snip_98515.400_98578.400.flac
6280.0s - extractor 1: Chia - Bee Audio 2022 Original/7-13-22_SouthCharleston/8/220713_0953 snip [71/72] snip_99658.480_99719.480.flac
6280.0s - extractor 1: Chia - Bee Audio 2022 Original/7-13-22_SouthCharleston/8/220713_0953 snip [72/72] snip_99727.250_99788.300.flac
6394.2s - extractor 1: [16] Chia - Bee Audio 2022 Original/7-13-22_SouthCharleston/8/220713_0953 — 72 snip(s) → 127 frames, 7 label(s) (ident took 117.8s)
6394.2s - extractor 1: [17] Chia - Bee Audio 2022 Original/7-13-22_SouthCharleston/8/220715_1135 — starting (both)
6394.2s - extractor 1: Chia - Bee Audio 2022 Original/7-13-22_SouthCharleston/8/220715_1135 snip [1/34] snip_10182.700_10243.700.flac
6394.3s - extractor 1: Chia - Bee Audio 2022 Original/7-13-22_SouthCharleston/8/220715_1135 snip [2/34] snip_11432.110_11493.150.flac
6394.4s - extractor 1: Chia - Bee Audio 2022 Original/7-13-22_SouthCharleston/8/220715_1135 snip [3/34] snip_12905.930_12968.930.flac
6394.4s - extractor 1: Chia - Bee Audio 2022 Original/7-13-22_SouthCharleston/8/220715_1135 snip [4/34] snip_15631.100_15692.100.flac
6394.4s - extractor 1: Chia - Bee Audio 2022 Original/7-13-22_SouthCharleston/8/220715_1135 snip [5/34] snip_16255.400_16318.400.flac
6394.5s - extractor 1: Chia - Bee Audio 2022 Original/7-13-22_SouthCharleston/8/220715_1135 snip [6/34] snip_23251.750_23314.750.flac
6394.5s - extractor 1: Chia - Bee Audio 2022 Original/7-13-22_SouthCharleston/8/220715_1135 snip [7/34] snip_33870.000_33933.000.flac
6394.6s - extractor 1: Chia - Bee Audio 2022 Original/7-13-22_SouthCharleston/8/220715_1135 snip [8/34] snip_37470.000_37533.000.flac
6394.6s - extractor 1: Chia - Bee Audio 2022 Original/7-13-22_SouthCharleston/8/220715_1135 snip [9/34] snip_41070.000_41133.000.flac
6394.7s - extractor 1: Chia - Bee Audio 2022 Original/7-13-22_SouthCharleston/8/220715_1135 snip [10/34] snip_44670.000_44733.000.flac
6394.7s - extractor 1: Chia - Bee Audio 2022 Original/7-13-22_SouthCharleston/8/220715_1135 snip [11/34] snip_48270.000_48333.000.flac
6394.8s - extractor 1: Chia - Bee Audio 2022 Original/7-13-22_SouthCharleston/8/220715_1135 snip [12/34] snip_50206.740_50269.740.flac
6394.8s - extractor 1: Chia - Bee Audio 2022 Original/7-13-22_SouthCharleston/8/220715_1135 snip [13/34] snip_51870.000_51933.000.flac
6394.9s - extractor 1: Chia - Bee Audio 2022 Original/7-13-22_SouthCharleston/8/220715_1135 snip [14/34] snip_55470.000_55533.000.flac
6395.0s - extractor 1: Chia - Bee Audio 2022 Original/7-13-22_SouthCharleston/8/220715_1135 snip [15/34] snip_59070.000_59133.000.flac
6395.0s - extractor 1: Chia - Bee Audio 2022 Original/7-13-22_SouthCharleston/8/220715_1135 snip [16/34] snip_62670.000_62733.000.flac
6395.0s - extractor 1: Chia - Bee Audio 2022 Original/7-13-22_SouthCharleston/8/220715_1135 snip [17/34] snip_66270.000_66333.000.flac
6395.1s - extractor 1: Chia - Bee Audio 2022 Original/7-13-22_SouthCharleston/8/220715_1135 snip [18/34] snip_6723.820_6786.300.flac
6395.2s - extractor 1: Chia - Bee Audio 2022 Original/7-13-22_SouthCharleston/8/220715_1135 snip [19/34] snip_69870.000_69933.000.flac
6395.2s - extractor 1: Chia - Bee Audio 2022 Original/7-13-22_SouthCharleston/8/220715_1135 snip [20/34] snip_71092.660_71155.660.flac
6395.3s - extractor 1: Chia - Bee Audio 2022 Original/7-13-22_SouthCharleston/8/220715_1135 snip [21/34] snip_73470.000_73533.000.flac
6395.4s - extractor 1: Chia - Bee Audio 2022 Original/7-13-22_SouthCharleston/8/220715_1135 snip [22/34] snip_75533.010_75603.160.flac
6395.5s - extractor 1: Chia - Bee Audio 2022 Original/7-13-22_SouthCharleston/8/220715_1135 snip [23/34] snip_76339.220_76402.220.flac
6395.5s - extractor 1: Chia - Bee Audio 2022 Original/7-13-22_SouthCharleston/8/220715_1135 snip [24/34] snip_7645.200_7706.200.flac
6395.5s - extractor 1: Chia - Bee Audio 2022 Original/7-13-22_SouthCharleston/8/220715_1135 snip [25/34] snip_81477.510_81540.510.flac
6395.6s - extractor 1: Chia - Bee Audio 2022 Original/7-13-22_SouthCharleston/8/220715_1135 snip [26/34] snip_82116.380_82179.380.flac
6395.7s - extractor 1: Chia - Bee Audio 2022 Original/7-13-22_SouthCharleston/8/220715_1135 snip [27/34] snip_82686.620_82749.620.flac
6395.7s - extractor 1: Chia - Bee Audio 2022 Original/7-13-22_SouthCharleston/8/220715_1135 snip [28/34] snip_83118.730_83181.730.flac
6395.8s - extractor 1: Chia - Bee Audio 2022 Original/7-13-22_SouthCharleston/8/220715_1135 snip [29/34] snip_83534.170_83597.170.flac
6395.8s - extractor 1: Chia - Bee Audio 2022 Original/7-13-22_SouthCharleston/8/220715_1135 snip [30/34] snip_83787.030_83850.030.flac
6395.9s - extractor 1: Chia - Bee Audio 2022 Original/7-13-22_SouthCharleston/8/220715_1135 snip [31/34] snip_86443.830_86506.830.flac
6395.9s - extractor 1: Chia - Bee Audio 2022 Original/7-13-22_SouthCharleston/8/220715_1135 snip [32/34] snip_8913.130_8976.130.flac
6396.0s - extractor 1: Chia - Bee Audio 2022 Original/7-13-22_SouthCharleston/8/220715_1135 snip [33/34] snip_92556.620_92619.620.flac
6396.0s - extractor 1: Chia - Bee Audio 2022 Original/7-13-22_SouthCharleston/8/220715_1135 snip [34/34] snip_96158.060_96219.060.flac
6437.6s - extractor 0: [12] Chia - Bee Audio 2022 Original/7-13-22_SouthCharleston/7/220713_0951 — 96 snip(s) → 291 frames, 12 label(s) (ident took 257.4s)
6437.6s - extractor 0: [13] Chia - OSPT/2022/2022-07-26/10/220726_1209 — starting (both)
6437.6s - extractor 0: Chia - OSPT/2022/2022-07-26/10/220726_1209 snip [1/3] snip_170261.030_170330.800.flac
6437.7s - extractor 0: Chia - OSPT/2022/2022-07-26/10/220726_1209 snip [2/3] snip_170346.160_170589.060.flac
6438.1s - extractor 0: Chia - OSPT/2022/2022-07-26/10/220726_1209 snip [3/3] snip_19253.770_19578.830.flac
6454.0s - extractor 1: [17] Chia - Bee Audio 2022 Original/7-13-22_SouthCharleston/8/220715_1135 — 34 snip(s) → 63 frames, 8 label(s) (ident took 59.8s)
6454.0s - extractor 1: [18] Chia - OSPT/2022/2022-07-26/14/220726_1202 — starting (both)
6454.0s - extractor 1: Chia - OSPT/2022/2022-07-26/14/220726_1202 snip [1/2] snip_79831.270_79896.030.flac
6454.1s - extractor 1: Chia - OSPT/2022/2022-07-26/14/220726_1202 snip [2/2] snip_79902.330_80191.270.flac
6499.4s - extractor 1: [18] Chia - OSPT/2022/2022-07-26/14/220726_1202 — 2 snip(s) → 49 frames, 5 label(s) (ident took 45.4s)
6499.4s - extractor 1: [19] Chia - OSPT/2022/2022-07-26/15/220728_1403 — starting (both)
6499.4s - extractor 1: Chia - OSPT/2022/2022-07-26/15/220728_1403 snip [1/1] snip_85715.040_86072.670.flac
6502.1s - extractor 0: [13] Chia - OSPT/2022/2022-07-26/10/220726_1209 — 3 snip(s) → 73 frames, 7 label(s) (ident took 64.5s)
6502.1s - extractor 0: [14] Chia - OSPT/2022/2022-07-26/17/220725_1311 — starting (both)
6502.1s - extractor 0: Chia - OSPT/2022/2022-07-26/17/220725_1311 snip [1/1] snip_3952.190_4312.440.flac
6551.7s - extractor 1: [19] Chia - OSPT/2022/2022-07-26/15/220728_1403 — 1 snip(s) → 59 frames, 9 label(s) (ident took 52.2s)
6551.7s - extractor 1: [20] Chia - OSPT/2022/2022-07-26/18/220725_1319 — starting (both)
6551.7s - extractor 1: Chia - OSPT/2022/2022-07-26/18/220725_1319 snip [1/1] snip_155287.960_155640.140.flac
6553.7s - extractor 0: [14] Chia - OSPT/2022/2022-07-26/17/220725_1311 — 1 snip(s) → 55 frames, 10 label(s) (ident took 51.6s)
6553.7s - extractor 0: [15] Chia - OSPT/2022/2022-07-26/18/220727_1501 — starting (both)
6553.7s - extractor 0: Chia - OSPT/2022/2022-07-26/18/220727_1501 snip [1/1] snip_99745.470_100088.980.flac
6583.5s - extractor 1: [20] Chia - OSPT/2022/2022-07-26/18/220725_1319 — 1 snip(s) → 34 frames, 3 label(s) (ident took 31.9s)
6583.6s - extractor 1: [21] Chia - OSPT/2022/2022-07-26/23/220727_1453 — starting (both)
6583.6s - extractor 1: Chia - OSPT/2022/2022-07-26/23/220727_1453 snip [1/1] snip_7245.310_7602.450.flac
6584.3s - extractor 1: rescued 'ins_buzz_high' at 7395.990s (1.010s) as ins_buzz_high+mech_auto_truck
6584.3s - extractor 1: rescued 'ins_buzz_medium' at 7496.730s (0.660s) as ins_buzz_medium+mech_auto_truck
6591.2s - extractor 0: [15] Chia - OSPT/2022/2022-07-26/18/220727_1501 — 1 snip(s) → 40 frames, 6 label(s) (ident took 37.5s)
6591.2s - extractor 0: [16] Chia - OSPT/2022/2022-07-26/25/220725_1324 — starting (both)
6591.2s - extractor 0: Chia - OSPT/2022/2022-07-26/25/220725_1324 snip [1/1] snip_159685.320_159994.510.flac
6635.1s - extractor 0: [16] Chia - OSPT/2022/2022-07-26/25/220725_1324 — 1 snip(s) → 49 frames, 4 label(s) (ident took 43.9s)
6635.1s - extractor 0: [17] Chia - OSPT/2022/2022-07-26/25/220727_1507 — starting (both)
6635.1s - extractor 0: Chia - OSPT/2022/2022-07-26/25/220727_1507 snip [1/1] snip_89430.120_89789.990.flac
6635.4s - extractor 1: [21] Chia - OSPT/2022/2022-07-26/23/220727_1453 — 1 snip(s) → 58 frames, 7 label(s) (ident took 51.8s)
6635.4s - extractor 1: [22] Chia - OSPT/2022/2022-07-26/29/220725_1321 — starting (both)
6635.4s - extractor 1: Chia - OSPT/2022/2022-07-26/29/220725_1321 snip [1/2] snip_168455.470_168815.470.flac
6635.7s - extractor 0: rescued 'ins_buzz_high' at 89716.120s (1.040s) as ins_buzz_high+ins_buzz_low+mech_plane_jet
6636.0s - extractor 1: Chia - OSPT/2022/2022-07-26/29/220725_1321 snip [2/2] snip_22630.770_22967.520.flac
6690.6s - extractor 0: [17] Chia - OSPT/2022/2022-07-26/25/220727_1507 — 1 snip(s) → 55 frames, 8 label(s) (ident took 55.5s)
6690.6s - extractor 0: [18] Chia - OSPT/2022/2022-08-02/11/220802_1058 — starting (both)
6690.6s - extractor 0: Chia - OSPT/2022/2022-08-02/11/220802_1058 snip [1/3] snip_167154.830_167499.950.flac
6691.5s - extractor 0: Chia - OSPT/2022/2022-08-02/11/220802_1058 snip [2/3] snip_26007.270_26343.690.flac
6692.5s - extractor 0: Chia - OSPT/2022/2022-08-02/11/220802_1058 snip [3/3] snip_84415.590_84772.700.flac
6693.6s - extractor 0: rescued 'ambient_rustle' at 84594.560s (1.010s) as ambient_rustle+mech_auto_truck
6718.7s - extractor 1: [22] Chia - OSPT/2022/2022-07-26/29/220725_1321 — 2 snip(s) → 98 frames, 4 label(s) (ident took 83.3s)
6718.7s - extractor 1: [23] Chia - OSPT/2022/2022-08-02/13/220802_1108 — starting (both)
6718.7s - extractor 1: Chia - OSPT/2022/2022-08-02/13/220802_1108 snip [1/1] snip_77745.150_78055.330.flac
6761.7s - extractor 1: [23] Chia - OSPT/2022/2022-08-02/13/220802_1108 — 1 snip(s) → 47 frames, 6 label(s) (ident took 43.0s)
6761.7s - extractor 1: [24] Chia - OSPT/2022/2022-08-02/13/220806_1432 — starting (both)
6761.7s - extractor 1: Chia - OSPT/2022/2022-08-02/13/220806_1432 snip [1/2] snip_5564.150_5708.110.flac
6762.0s - extractor 1: Chia - OSPT/2022/2022-08-02/13/220806_1432 snip [2/2] snip_5729.500_5912.370.flac
6789.0s - extractor 1: [24] Chia - OSPT/2022/2022-08-02/13/220806_1432 — 2 snip(s) → 29 frames, 4 label(s) (ident took 27.3s)
6789.0s - extractor 1: [25] Chia - OSPT/2022/2022-08-02/20/220802_1056 — starting (both)
6789.0s - extractor 1: Chia - OSPT/2022/2022-08-02/20/220802_1056 snip [1/1] snip_177552.120_177824.330.flac
6811.8s - extractor 1: [25] Chia - OSPT/2022/2022-08-02/20/220802_1056 — 1 snip(s) → 25 frames, 3 label(s) (ident took 22.8s)
6811.8s - extractor 1: [26] Chia - OSPT/2022/2022-08-02/22/220804_1241 — starting (both)
6811.8s - extractor 1: Chia - OSPT/2022/2022-08-02/22/220804_1241 snip [1/1] snip_81775.670_82135.670.flac
6812.5s - extractor 1: rescued 'ambient_rustle' at 81871.140s (1.130s) as ambient_rustle+mech_auto_car+mech_lawnmower
6823.2s - extractor 0: [18] Chia - OSPT/2022/2022-08-02/11/220802_1058 — 3 snip(s) → 142 frames, 21 label(s) (ident took 132.6s)
6823.2s - extractor 0: [19] Chia - OSPT/2022/2022-08-02/23/220802_1047 — starting (both)
6823.3s - extractor 0: Chia - OSPT/2022/2022-08-02/23/220802_1047 snip [1/1] snip_10280.880_10612.120.flac
6823.9s - extractor 0: rescued 'ins_buzz_medium' at 10534.830s (0.790s) as ins_buzz_medium+mech_auto_car
6848.5s - extractor 0: [19] Chia - OSPT/2022/2022-08-02/23/220802_1047 — 1 snip(s) → 24 frames, 5 label(s) (ident took 25.2s)
6848.5s - extractor 0: [20] Chia - OSPT/2022/2022-08-02/29/220802_1102 — starting (both)
6848.5s - extractor 0: Chia - OSPT/2022/2022-08-02/29/220802_1102 snip [1/2] snip_21927.900_22146.790.flac
6848.8s - extractor 0: Chia - OSPT/2022/2022-08-02/29/220802_1102 snip [2/2] snip_22191.130_22287.020.flac
6863.8s - extractor 1: [26] Chia - OSPT/2022/2022-08-02/22/220804_1241 — 1 snip(s) → 62 frames, 7 label(s) (ident took 52.0s)
6863.8s - extractor 1: [27] Chia - OSPT/2022/2022-08-02/29/220804_1244 — starting (both)
6863.8s - extractor 1: Chia - OSPT/2022/2022-08-02/29/220804_1244 snip [1/2] snip_8626.630_8704.220.flac
6863.9s - extractor 1: Chia - OSPT/2022/2022-08-02/29/220804_1244 snip [2/2] snip_8709.650_8969.190.flac
6872.6s - extractor 0: [20] Chia - OSPT/2022/2022-08-02/29/220802_1102 — 2 snip(s) → 28 frames, 4 label(s) (ident took 24.1s)
6872.6s - extractor 0: [21] Chia - OSPT/2022/2022-08-02/32/220804_1227 — starting (both)
6872.6s - extractor 0: Chia - OSPT/2022/2022-08-02/32/220804_1227 snip [1/3] snip_111858.400_112047.330.flac
6873.0s - extractor 0: Chia - OSPT/2022/2022-08-02/32/220804_1227 snip [2/3] snip_112101.860_112209.230.flac
6873.1s - extractor 0: Chia - OSPT/2022/2022-08-02/32/220804_1227 snip [3/3] snip_95352.580_95712.420.flac
6885.4s - extractor 1: [27] Chia - OSPT/2022/2022-08-02/29/220804_1244 — 2 snip(s) → 24 frames, 3 label(s) (ident took 21.6s)
6885.4s - extractor 1: [28] Chia_Lin - Soybean on-farm spray audios/2023-07-25 Combs Sabine-Bigelow/14/230725_1202 — starting (both)
6885.4s - extractor 1: Chia_Lin - Soybean on-farm spray audios/2023-07-25 Combs Sabine-Bigelow/14/230725_1202 snip [1/30] snip_113194.390_113255.310.flac
6885.5s - extractor 1: Chia_Lin - Soybean on-farm spray audios/2023-07-25 Combs Sabine-Bigelow/14/230725_1202 snip [2/30] snip_113434.660_113505.210.flac
6885.6s - extractor 1: Chia_Lin - Soybean on-farm spray audios/2023-07-25 Combs Sabine-Bigelow/14/230725_1202 snip [3/30] snip_122448.920_122528.430.flac
6885.7s - extractor 1: Chia_Lin - Soybean on-farm spray audios/2023-07-25 Combs Sabine-Bigelow/14/230725_1202 snip [4/30] snip_126464.000_126530.160.flac
6885.8s - extractor 1: Chia_Lin - Soybean on-farm spray audios/2023-07-25 Combs Sabine-Bigelow/14/230725_1202 snip [5/30] snip_127016.120_127079.250.flac
6885.9s - extractor 1: Chia_Lin - Soybean on-farm spray audios/2023-07-25 Combs Sabine-Bigelow/14/230725_1202 snip [6/30] snip_127127.000_127189.030.flac
6886.0s - extractor 1: Chia_Lin - Soybean on-farm spray audios/2023-07-25 Combs Sabine-Bigelow/14/230725_1202 snip [7/30] snip_127495.000_127561.180.flac
6886.1s - extractor 1: Chia_Lin - Soybean on-farm spray audios/2023-07-25 Combs Sabine-Bigelow/14/230725_1202 snip [8/30] snip_127667.000_127730.750.flac
6886.2s - extractor 1: Chia_Lin - Soybean on-farm spray audios/2023-07-25 Combs Sabine-Bigelow/14/230725_1202 snip [9/30] snip_128031.290_128093.950.flac
6886.3s - extractor 1: Chia_Lin - Soybean on-farm spray audios/2023-07-25 Combs Sabine-Bigelow/14/230725_1202 snip [10/30] snip_129527.000_129591.320.flac
6886.5s - extractor 1: Chia_Lin - Soybean on-farm spray audios/2023-07-25 Combs Sabine-Bigelow/14/230725_1202 snip [11/30] snip_129649.000_129715.090.flac
6886.6s - extractor 1: Chia_Lin - Soybean on-farm spray audios/2023-07-25 Combs Sabine-Bigelow/14/230725_1202 snip [12/30] snip_129748.000_129815.160.flac
6886.8s - extractor 1: Chia_Lin - Soybean on-farm spray audios/2023-07-25 Combs Sabine-Bigelow/14/230725_1202 snip [13/30] snip_130087.400_130176.880.flac
6887.0s - extractor 1: Chia_Lin - Soybean on-farm spray audios/2023-07-25 Combs Sabine-Bigelow/14/230725_1202 snip [14/30] snip_130445.000_130510.760.flac
6887.0s - extractor 1: Chia_Lin - Soybean on-farm spray audios/2023-07-25 Combs Sabine-Bigelow/14/230725_1202 snip [15/30] snip_131184.000_131250.240.flac
6887.0s - extractor 1: Chia_Lin - Soybean on-farm spray audios/2023-07-25 Combs Sabine-Bigelow/14/230725_1202 snip [16/30] snip_131548.150_131614.630.flac
6887.2s - extractor 1: Chia_Lin - Soybean on-farm spray audios/2023-07-25 Combs Sabine-Bigelow/14/230725_1202 snip [17/30] snip_131968.300_132030.360.flac
6887.2s - extractor 1: Chia_Lin - Soybean on-farm spray audios/2023-07-25 Combs Sabine-Bigelow/14/230725_1202 snip [18/30] snip_132408.780_132475.620.flac
6887.3s - extractor 1: Chia_Lin - Soybean on-farm spray audios/2023-07-25 Combs Sabine-Bigelow/14/230725_1202 snip [19/30] snip_132625.000_132689.800.flac
6887.3s - extractor 1: Chia_Lin - Soybean on-farm spray audios/2023-07-25 Combs Sabine-Bigelow/14/230725_1202 snip [20/30] snip_132825.000_132892.460.flac
6887.4s - extractor 1: Chia_Lin - Soybean on-farm spray audios/2023-07-25 Combs Sabine-Bigelow/14/230725_1202 snip [21/30] snip_133191.370_133256.680.flac
6887.4s - extractor 1: Chia_Lin - Soybean on-farm spray audios/2023-07-25 Combs Sabine-Bigelow/14/230725_1202 snip [22/30] snip_133295.660_133380.340.flac
6887.6s - extractor 1: Chia_Lin - Soybean on-farm spray audios/2023-07-25 Combs Sabine-Bigelow/14/230725_1202 snip [23/30] snip_134858.580_134940.330.flac
6887.8s - extractor 1: Chia_Lin - Soybean on-farm spray audios/2023-07-25 Combs Sabine-Bigelow/14/230725_1202 snip [24/30] snip_138737.460_138821.460.flac
6887.9s - extractor 1: Chia_Lin - Soybean on-farm spray audios/2023-07-25 Combs Sabine-Bigelow/14/230725_1202 snip [25/30] snip_139726.940_139809.360.flac
6888.1s - extractor 1: Chia_Lin - Soybean on-farm spray audios/2023-07-25 Combs Sabine-Bigelow/14/230725_1202 snip [26/30] snip_149074.040_149151.880.flac
6888.2s - extractor 1: Chia_Lin - Soybean on-farm spray audios/2023-07-25 Combs Sabine-Bigelow/14/230725_1202 snip [27/30] snip_4198.030_4549.250.flac
6889.1s - extractor 1: rescued 'ins_buzz_medium' at 4332.080s (1.440s) as ins_buzz_medium+mech_plane_prop
6889.1s - extractor 1: Chia_Lin - Soybean on-farm spray audios/2023-07-25 Combs Sabine-Bigelow/14/230725_1202 snip [28/30] snip_59190.990_59264.560.flac
6889.2s - extractor 1: Chia_Lin - Soybean on-farm spray audios/2023-07-25 Combs Sabine-Bigelow/14/230725_1202 snip [29/30] snip_78993.910_79231.560.flac
6889.6s - extractor 1: Chia_Lin - Soybean on-farm spray audios/2023-07-25 Combs Sabine-Bigelow/14/230725_1202 snip [30/30] snip_9602.980_9855.330.flac
6890.2s - extractor 1: rescued 'ins_buzz_RECLASSIFY' at 9711.380s (1.440s) as ins_buzz_RECLASSIFY+mech_plane_jet
6934.8s - extractor 0: [21] Chia - OSPT/2022/2022-08-02/32/220804_1227 — 3 snip(s) → 72 frames, 9 label(s) (ident took 62.2s)
6934.8s - extractor 0: [22] Chia_Lin - Soybean on-farm spray audios/2023-07-25 Combs Sabine-Bigelow/14/230727_1344 — starting (both)
6934.8s - extractor 0: Chia_Lin - Soybean on-farm spray audios/2023-07-25 Combs Sabine-Bigelow/14/230727_1344 snip [1/12] snip_122710.000_122773.840.flac
6934.9s - extractor 0: Chia_Lin - Soybean on-farm spray audios/2023-07-25 Combs Sabine-Bigelow/14/230727_1344 snip [2/12] snip_125639.000_125700.320.flac
6934.9s - extractor 0: Chia_Lin - Soybean on-farm spray audios/2023-07-25 Combs Sabine-Bigelow/14/230727_1344 snip [3/12] snip_129232.000_129297.760.flac
6934.9s - extractor 0: Chia_Lin - Soybean on-farm spray audios/2023-07-25 Combs Sabine-Bigelow/14/230727_1344 snip [4/12] snip_130863.460_130942.650.flac
6935.0s - extractor 0: Chia_Lin - Soybean on-farm spray audios/2023-07-25 Combs Sabine-Bigelow/14/230727_1344 snip [5/12] snip_138460.080_138540.940.flac
6935.1s - extractor 0: Chia_Lin - Soybean on-farm spray audios/2023-07-25 Combs Sabine-Bigelow/14/230727_1344 snip [6/12] snip_139257.080_139336.110.flac
6935.2s - extractor 0: Chia_Lin - Soybean on-farm spray audios/2023-07-25 Combs Sabine-Bigelow/14/230727_1344 snip [7/12] snip_142998.670_143076.910.flac
6935.3s - extractor 0: Chia_Lin - Soybean on-farm spray audios/2023-07-25 Combs Sabine-Bigelow/14/230727_1344 snip [8/12] snip_38119.000_38182.840.flac
6935.3s - extractor 0: Chia_Lin - Soybean on-farm spray audios/2023-07-25 Combs Sabine-Bigelow/14/230727_1344 snip [9/12] snip_38644.000_38709.760.flac
6935.4s - extractor 0: Chia_Lin - Soybean on-farm spray audios/2023-07-25 Combs Sabine-Bigelow/14/230727_1344 snip [10/12] snip_39189.000_39264.360.flac
6935.5s - extractor 0: Chia_Lin - Soybean on-farm spray audios/2023-07-25 Combs Sabine-Bigelow/14/230727_1344 snip [11/12] snip_41503.560_41587.720.flac
6935.6s - extractor 0: Chia_Lin - Soybean on-farm spray audios/2023-07-25 Combs Sabine-Bigelow/14/230727_1344 snip [12/12] snip_42695.330_42769.190.flac
6983.2s - extractor 0: [22] Chia_Lin - Soybean on-farm spray audios/2023-07-25 Combs Sabine-Bigelow/14/230727_1344 — 12 snip(s) → 50 frames, 10 label(s) (ident took 48.3s)
6983.2s - extractor 0: [23] Chia_Lin - Soybean on-farm spray audios/2023-07-25 Combs Sabine-Bigelow/14/230730_1621 — starting (both)
6983.2s - extractor 0: Chia_Lin - Soybean on-farm spray audios/2023-07-25 Combs Sabine-Bigelow/14/230730_1621 snip [1/24] snip_107793.840_107868.320.flac
6983.3s - extractor 0: Chia_Lin - Soybean on-farm spray audios/2023-07-25 Combs Sabine-Bigelow/14/230730_1621 snip [2/24] snip_110629.000_110694.760.flac
6983.4s - extractor 0: Chia_Lin - Soybean on-farm spray audios/2023-07-25 Combs Sabine-Bigelow/14/230730_1621 snip [3/24] snip_110702.000_110767.280.flac
6983.5s - extractor 0: Chia_Lin - Soybean on-farm spray audios/2023-07-25 Combs Sabine-Bigelow/14/230730_1621 snip [4/24] snip_111865.000_111929.320.flac
6983.6s - extractor 0: Chia_Lin - Soybean on-farm spray audios/2023-07-25 Combs Sabine-Bigelow/14/230730_1621 snip [5/24] snip_112538.000_112600.400.flac
6983.7s - extractor 0: Chia_Lin - Soybean on-farm spray audios/2023-07-25 Combs Sabine-Bigelow/14/230730_1621 snip [6/24] snip_112606.000_112682.360.flac
6983.8s - extractor 0: Chia_Lin - Soybean on-farm spray audios/2023-07-25 Combs Sabine-Bigelow/14/230730_1621 snip [7/24] snip_112810.000_113005.800.flac
6984.0s - extractor 0: Chia_Lin - Soybean on-farm spray audios/2023-07-25 Combs Sabine-Bigelow/14/230730_1621 snip [8/24] snip_113843.000_113985.240.flac
6984.3s - extractor 0: Chia_Lin - Soybean on-farm spray audios/2023-07-25 Combs Sabine-Bigelow/14/230730_1621 snip [9/24] snip_114104.000_114167.360.flac
6984.4s - extractor 0: Chia_Lin - Soybean on-farm spray audios/2023-07-25 Combs Sabine-Bigelow/14/230730_1621 snip [10/24] snip_114326.000_114391.280.flac
6984.5s - extractor 0: Chia_Lin - Soybean on-farm spray audios/2023-07-25 Combs Sabine-Bigelow/14/230730_1621 snip [11/24] snip_114607.000_114718.600.flac
6984.6s - extractor 0: Chia_Lin - Soybean on-farm spray audios/2023-07-25 Combs Sabine-Bigelow/14/230730_1621 snip [12/24] snip_115775.000_115905.320.flac
6984.7s - extractor 0: Chia_Lin - Soybean on-farm spray audios/2023-07-25 Combs Sabine-Bigelow/14/230730_1621 snip [13/24] snip_116066.000_116130.800.flac
6984.8s - extractor 0: Chia_Lin - Soybean on-farm spray audios/2023-07-25 Combs Sabine-Bigelow/14/230730_1621 snip [14/24] snip_119342.000_119404.880.flac
6984.9s - extractor 0: Chia_Lin - Soybean on-farm spray audios/2023-07-25 Combs Sabine-Bigelow/14/230730_1621 snip [15/24] snip_131938.050_132004.880.flac
6985.0s - extractor 0: Chia_Lin - Soybean on-farm spray audios/2023-07-25 Combs Sabine-Bigelow/14/230730_1621 snip [16/24] snip_150737.450_150873.320.flac
6985.2s - extractor 0: Chia_Lin - Soybean on-farm spray audios/2023-07-25 Combs Sabine-Bigelow/14/230730_1621 snip [17/24] snip_150932.450_151083.170.flac
6985.5s - extractor 0: Chia_Lin - Soybean on-farm spray audios/2023-07-25 Combs Sabine-Bigelow/14/230730_1621 snip [18/24] snip_21467.600_21553.440.flac
6985.8s - extractor 0: Chia_Lin - Soybean on-farm spray audios/2023-07-25 Combs Sabine-Bigelow/14/230730_1621 snip [19/24] snip_24847.720_24932.240.flac
6985.9s - extractor 0: Chia_Lin - Soybean on-farm spray audios/2023-07-25 Combs Sabine-Bigelow/14/230730_1621 snip [20/24] snip_31797.000_31893.470.flac
6986.1s - extractor 0: Chia_Lin - Soybean on-farm spray audios/2023-07-25 Combs Sabine-Bigelow/14/230730_1621 snip [21/24] snip_32025.780_32098.770.flac
6986.2s - extractor 0: Chia_Lin - Soybean on-farm spray audios/2023-07-25 Combs Sabine-Bigelow/14/230730_1621 snip [22/24] snip_32307.000_32371.800.flac
6986.2s - extractor 0: Chia_Lin - Soybean on-farm spray audios/2023-07-25 Combs Sabine-Bigelow/14/230730_1621 snip [23/24] snip_33684.000_33750.720.flac
6986.3s - extractor 0: Chia_Lin - Soybean on-farm spray audios/2023-07-25 Combs Sabine-Bigelow/14/230730_1621 snip [24/24] snip_88820.580_89180.210.flac
7079.1s - extractor 1: [28] Chia_Lin - Soybean on-farm spray audios/2023-07-25 Combs Sabine-Bigelow/14/230725_1202 — 30 snip(s) → 206 frames, 30 label(s) (ident took 193.7s)
7079.1s - extractor 1: [29] Chia_Lin - Soybean on-farm spray audios/2023-07-25 Combs Sabine-Bigelow/14/230801_1803 — starting (both)
7079.1s - extractor 1: Chia_Lin - Soybean on-farm spray audios/2023-07-25 Combs Sabine-Bigelow/14/230801_1803 snip [1/25] snip_18068.000_18133.280.flac
7079.1s - extractor 1: Chia_Lin - Soybean on-farm spray audios/2023-07-25 Combs Sabine-Bigelow/14/230801_1803 snip [2/25] snip_20871.000_20936.280.flac
7079.2s - extractor 1: Chia_Lin - Soybean on-farm spray audios/2023-07-25 Combs Sabine-Bigelow/14/230801_1803 snip [3/25] snip_21747.000_21810.360.flac
7079.2s - extractor 1: Chia_Lin - Soybean on-farm spray audios/2023-07-25 Combs Sabine-Bigelow/14/230801_1803 snip [4/25] snip_22579.000_22683.200.flac
7079.3s - extractor 1: Chia_Lin - Soybean on-farm spray audios/2023-07-25 Combs Sabine-Bigelow/14/230801_1803 snip [5/25] snip_22814.000_22876.400.flac
7079.3s - extractor 1: Chia_Lin - Soybean on-farm spray audios/2023-07-25 Combs Sabine-Bigelow/14/230801_1803 snip [6/25] snip_23733.000_23796.840.flac
7079.4s - extractor 1: Chia_Lin - Soybean on-farm spray audios/2023-07-25 Combs Sabine-Bigelow/14/230801_1803 snip [7/25] snip_23873.000_23991.360.flac
7079.5s - extractor 1: Chia_Lin - Soybean on-farm spray audios/2023-07-25 Combs Sabine-Bigelow/14/230801_1803 snip [8/25] snip_24401.000_24467.720.flac
7079.6s - extractor 1: Chia_Lin - Soybean on-farm spray audios/2023-07-25 Combs Sabine-Bigelow/14/230801_1803 snip [9/25] snip_24732.000_24801.600.flac
7079.6s - extractor 1: Chia_Lin - Soybean on-farm spray audios/2023-07-25 Combs Sabine-Bigelow/14/230801_1803 snip [10/25] snip_24940.000_25032.120.flac
7079.7s - extractor 1: Chia_Lin - Soybean on-farm spray audios/2023-07-25 Combs Sabine-Bigelow/14/230801_1803 snip [11/25] snip_25080.000_25267.880.flac
7079.9s - extractor 1: Chia_Lin - Soybean on-farm spray audios/2023-07-25 Combs Sabine-Bigelow/14/230801_1803 snip [12/25] snip_25454.000_25574.880.flac
7080.1s - extractor 1: Chia_Lin - Soybean on-farm spray audios/2023-07-25 Combs Sabine-Bigelow/14/230801_1803 snip [13/25] snip_26067.000_26180.120.flac
7080.3s - extractor 1: Chia_Lin - Soybean on-farm spray audios/2023-07-25 Combs Sabine-Bigelow/14/230801_1803 snip [14/25] snip_26260.000_26371.600.flac
7080.5s - extractor 1: Chia_Lin - Soybean on-farm spray audios/2023-07-25 Combs Sabine-Bigelow/14/230801_1803 snip [15/25] snip_26372.000_26540.400.flac
7080.7s - extractor 1: Chia_Lin - Soybean on-farm spray audios/2023-07-25 Combs Sabine-Bigelow/14/230801_1803 snip [16/25] snip_26929.000_26993.800.flac
7080.8s - extractor 1: Chia_Lin - Soybean on-farm spray audios/2023-07-25 Combs Sabine-Bigelow/14/230801_1803 snip [17/25] snip_27386.000_27450.320.flac
7080.8s - extractor 1: Chia_Lin - Soybean on-farm spray audios/2023-07-25 Combs Sabine-Bigelow/14/230801_1803 snip [18/25] snip_27525.000_27694.760.flac
7081.1s - extractor 1: Chia_Lin - Soybean on-farm spray audios/2023-07-25 Combs Sabine-Bigelow/14/230801_1803 snip [19/25] snip_27899.000_27967.640.flac
7081.1s - extractor 1: Chia_Lin - Soybean on-farm spray audios/2023-07-25 Combs Sabine-Bigelow/14/230801_1803 snip [20/25] snip_28255.000_28320.760.flac
7081.2s - extractor 1: Chia_Lin - Soybean on-farm spray audios/2023-07-25 Combs Sabine-Bigelow/14/230801_1803 snip [21/25] snip_30393.600_30478.070.flac
7081.4s - extractor 1: Chia_Lin - Soybean on-farm spray audios/2023-07-25 Combs Sabine-Bigelow/14/230801_1803 snip [22/25] snip_30784.320_30869.190.flac
7081.6s - extractor 1: Chia_Lin - Soybean on-farm spray audios/2023-07-25 Combs Sabine-Bigelow/14/230801_1803 snip [23/25] snip_37110.430_37172.870.flac
7081.6s - extractor 1: Chia_Lin - Soybean on-farm spray audios/2023-07-25 Combs Sabine-Bigelow/14/230801_1803 snip [24/25] snip_37619.920_37696.500.flac
7081.7s - extractor 1: Chia_Lin - Soybean on-farm spray audios/2023-07-25 Combs Sabine-Bigelow/14/230801_1803 snip [25/25] snip_38409.710_38512.920.flac
7143.7s - extractor 0: [23] Chia_Lin - Soybean on-farm spray audios/2023-07-25 Combs Sabine-Bigelow/14/230730_1621 — 24 snip(s) → 173 frames, 14 label(s) (ident took 160.5s)
7143.7s - extractor 0: [24] Chia_Lin - Soybean on-farm spray audios/2023-07-25 Combs Sabine-Bigelow/23/230725_1159 — starting (both)
7143.7s - extractor 0: Chia_Lin - Soybean on-farm spray audios/2023-07-25 Combs Sabine-Bigelow/23/230725_1159 snip [1/30] snip_123523.090_123606.760.flac
7143.8s - extractor 0: Chia_Lin - Soybean on-farm spray audios/2023-07-25 Combs Sabine-Bigelow/23/230725_1159 snip [2/30] snip_125227.280_125310.620.flac
7143.9s - extractor 0: Chia_Lin - Soybean on-farm spray audios/2023-07-25 Combs Sabine-Bigelow/23/230725_1159 snip [3/30] snip_126692.000_126754.400.flac
7143.9s - extractor 0: Chia_Lin - Soybean on-farm spray audios/2023-07-25 Combs Sabine-Bigelow/23/230725_1159 snip [4/30] snip_129423.000_129487.490.flac
7144.0s - extractor 0: Chia_Lin - Soybean on-farm spray audios/2023-07-25 Combs Sabine-Bigelow/23/230725_1159 snip [5/30] snip_130077.000_130142.280.flac
7144.0s - extractor 0: Chia_Lin - Soybean on-farm spray audios/2023-07-25 Combs Sabine-Bigelow/23/230725_1159 snip [6/30] snip_130509.000_130575.240.flac
7144.1s - extractor 0: Chia_Lin - Soybean on-farm spray audios/2023-07-25 Combs Sabine-Bigelow/23/230725_1159 snip [7/30] snip_130778.200_130841.360.flac
7144.2s - extractor 0: Chia_Lin - Soybean on-farm spray audios/2023-07-25 Combs Sabine-Bigelow/23/230725_1159 snip [8/30] snip_131373.000_131439.240.flac
7144.2s - extractor 0: Chia_Lin - Soybean on-farm spray audios/2023-07-25 Combs Sabine-Bigelow/23/230725_1159 snip [9/30] snip_132095.000_132160.280.flac
7144.3s - extractor 0: Chia_Lin - Soybean on-farm spray audios/2023-07-25 Combs Sabine-Bigelow/23/230725_1159 snip [10/30] snip_132477.000_132620.820.flac
7144.4s - extractor 0: Chia_Lin - Soybean on-farm spray audios/2023-07-25 Combs Sabine-Bigelow/23/230725_1159 snip [11/30] snip_132710.000_132801.360.flac
7144.5s - extractor 0: Chia_Lin - Soybean on-farm spray audios/2023-07-25 Combs Sabine-Bigelow/23/230725_1159 snip [12/30] snip_132997.000_133099.760.flac
7144.7s - extractor 0: Chia_Lin - Soybean on-farm spray audios/2023-07-25 Combs Sabine-Bigelow/23/230725_1159 snip [13/30] snip_133317.040_133380.520.flac
7144.7s - extractor 0: Chia_Lin - Soybean on-farm spray audios/2023-07-25 Combs Sabine-Bigelow/23/230725_1159 snip [14/30] snip_133737.000_133800.950.flac
7144.8s - extractor 0: Chia_Lin - Soybean on-farm spray audios/2023-07-25 Combs Sabine-Bigelow/23/230725_1159 snip [15/30] snip_135725.000_135807.350.flac
7145.0s - extractor 0: Chia_Lin - Soybean on-farm spray audios/2023-07-25 Combs Sabine-Bigelow/23/230725_1159 snip [16/30] snip_139392.370_139453.570.flac
7145.0s - extractor 0: Chia_Lin - Soybean on-farm spray audios/2023-07-25 Combs Sabine-Bigelow/23/230725_1159 snip [17/30] snip_139683.920_139748.080.flac
7145.1s - extractor 0: Chia_Lin - Soybean on-farm spray audios/2023-07-25 Combs Sabine-Bigelow/23/230725_1159 snip [18/30] snip_145227.210_145299.040.flac
7145.2s - extractor 0: Chia_Lin - Soybean on-farm spray audios/2023-07-25 Combs Sabine-Bigelow/23/230725_1159 snip [19/30] snip_146685.040_146765.920.flac
7145.3s - extractor 0: Chia_Lin - Soybean on-farm spray audios/2023-07-25 Combs Sabine-Bigelow/23/230725_1159 snip [20/30] snip_160460.340_160556.500.flac
7145.4s - extractor 0: Chia_Lin - Soybean on-farm spray audios/2023-07-25 Combs Sabine-Bigelow/23/230725_1159 snip [21/30] snip_175587.880_175654.840.flac
7145.5s - extractor 0: Chia_Lin - Soybean on-farm spray audios/2023-07-25 Combs Sabine-Bigelow/23/230725_1159 snip [22/30] snip_175709.440_175781.100.flac
7145.6s - extractor 0: Chia_Lin - Soybean on-farm spray audios/2023-07-25 Combs Sabine-Bigelow/23/230725_1159 snip [23/30] snip_175799.540_175944.010.flac
7145.9s - extractor 0: Chia_Lin - Soybean on-farm spray audios/2023-07-25 Combs Sabine-Bigelow/23/230725_1159 snip [24/30] snip_39985.000_40048.360.flac
7146.0s - extractor 0: Chia_Lin - Soybean on-farm spray audios/2023-07-25 Combs Sabine-Bigelow/23/230725_1159 snip [25/30] snip_42057.000_42122.760.flac
7146.0s - extractor 0: Chia_Lin - Soybean on-farm spray audios/2023-07-25 Combs Sabine-Bigelow/23/230725_1159 snip [26/30] snip_44027.000_44092.760.flac
7146.1s - extractor 0: Chia_Lin - Soybean on-farm spray audios/2023-07-25 Combs Sabine-Bigelow/23/230725_1159 snip [27/30] snip_44253.000_44330.280.flac
7146.2s - extractor 0: Chia_Lin - Soybean on-farm spray audios/2023-07-25 Combs Sabine-Bigelow/23/230725_1159 snip [28/30] snip_48033.000_48095.400.flac
7146.3s - extractor 0: Chia_Lin - Soybean on-farm spray audios/2023-07-25 Combs Sabine-Bigelow/23/230725_1159 snip [29/30] snip_48368.000_48432.800.flac
7146.4s - extractor 0: Chia_Lin - Soybean on-farm spray audios/2023-07-25 Combs Sabine-Bigelow/23/230725_1159 snip [30/30] snip_49956.510_50019.840.flac
7188.6s - extractor 1: [29] Chia_Lin - Soybean on-farm spray audios/2023-07-25 Combs Sabine-Bigelow/14/230801_1803 — 25 snip(s) → 126 frames, 8 label(s) (ident took 109.5s)
7188.6s - extractor 1: [30] Chia_Lin - Soybean on-farm spray audios/2023-07-25 Combs Sabine-Bigelow/23/230727_1341 — starting (both)
7188.6s - extractor 1: Chia_Lin - Soybean on-farm spray audios/2023-07-25 Combs Sabine-Bigelow/23/230727_1341 snip [1/22] snip_122180.000_122243.340.flac
7188.7s - extractor 1: Chia_Lin - Soybean on-farm spray audios/2023-07-25 Combs Sabine-Bigelow/23/230727_1341 snip [2/22] snip_131026.670_131090.730.flac
7188.7s - extractor 1: Chia_Lin - Soybean on-farm spray audios/2023-07-25 Combs Sabine-Bigelow/23/230727_1341 snip [3/22] snip_34516.000_34577.040.flac
7188.8s - extractor 1: Chia_Lin - Soybean on-farm spray audios/2023-07-25 Combs Sabine-Bigelow/23/230727_1341 snip [4/22] snip_34835.000_34910.710.flac
7188.9s - extractor 1: rescued 'ins_trill' at 34879.030s (0.980s) as ambient_background+animal_frog_tree+ins_trill
7188.9s - extractor 1: Chia_Lin - Soybean on-farm spray audios/2023-07-25 Combs Sabine-Bigelow/23/230727_1341 snip [5/22] snip_34938.000_35003.280.flac
7189.0s - extractor 1: Chia_Lin - Soybean on-farm spray audios/2023-07-25 Combs Sabine-Bigelow/23/230727_1341 snip [6/22] snip_35084.000_35198.120.flac
7189.1s - extractor 1: Chia_Lin - Soybean on-farm spray audios/2023-07-25 Combs Sabine-Bigelow/23/230727_1341 snip [7/22] snip_35555.000_35619.170.flac
7189.1s - extractor 1: Chia_Lin - Soybean on-farm spray audios/2023-07-25 Combs Sabine-Bigelow/23/230727_1341 snip [8/22] snip_36150.000_36230.320.flac
7189.3s - extractor 1: Chia_Lin - Soybean on-farm spray audios/2023-07-25 Combs Sabine-Bigelow/23/230727_1341 snip [9/22] snip_39198.000_39261.840.flac
7189.4s - extractor 1: Chia_Lin - Soybean on-farm spray audios/2023-07-25 Combs Sabine-Bigelow/23/230727_1341 snip [10/22] snip_39317.110_39426.320.flac
7189.4s - extractor 1: Chia_Lin - Soybean on-farm spray audios/2023-07-25 Combs Sabine-Bigelow/23/230727_1341 snip [11/22] snip_39440.000_39527.760.flac
7189.5s - extractor 1: Chia_Lin - Soybean on-farm spray audios/2023-07-25 Combs Sabine-Bigelow/23/230727_1341 snip [12/22] snip_39529.000_39591.400.flac
7189.6s - extractor 1: Chia_Lin - Soybean on-farm spray audios/2023-07-25 Combs Sabine-Bigelow/23/230727_1341 snip [13/22] snip_39599.000_39665.240.flac
7189.6s - extractor 1: Chia_Lin - Soybean on-farm spray audios/2023-07-25 Combs Sabine-Bigelow/23/230727_1341 snip [14/22] snip_39836.420_39899.250.flac
7189.6s - extractor 1: Chia_Lin - Soybean on-farm spray audios/2023-07-25 Combs Sabine-Bigelow/23/230727_1341 snip [15/22] snip_39948.000_40043.200.flac
7189.7s - extractor 1: Chia_Lin - Soybean on-farm spray audios/2023-07-25 Combs Sabine-Bigelow/23/230727_1341 snip [16/22] snip_40150.000_40213.360.flac
7189.8s - extractor 1: Chia_Lin - Soybean on-farm spray audios/2023-07-25 Combs Sabine-Bigelow/23/230727_1341 snip [17/22] snip_41543.000_41612.120.flac
7189.8s - extractor 1: Chia_Lin - Soybean on-farm spray audios/2023-07-25 Combs Sabine-Bigelow/23/230727_1341 snip [18/22] snip_42486.000_42548.880.flac
7189.9s - extractor 1: Chia_Lin - Soybean on-farm spray audios/2023-07-25 Combs Sabine-Bigelow/23/230727_1341 snip [19/22] snip_44707.520_44769.900.flac
7189.9s - extractor 1: Chia_Lin - Soybean on-farm spray audios/2023-07-25 Combs Sabine-Bigelow/23/230727_1341 snip [20/22] snip_55682.520_55747.020.flac
7190.0s - extractor 1: Chia_Lin - Soybean on-farm spray audios/2023-07-25 Combs Sabine-Bigelow/23/230727_1341 snip [21/22] snip_78776.920_79136.920.flac
7191.0s - extractor 1: Chia_Lin - Soybean on-farm spray audios/2023-07-25 Combs Sabine-Bigelow/23/230727_1341 snip [22/22] snip_96717.320_97076.160.flac
7250.6s - extractor 0: [24] Chia_Lin - Soybean on-farm spray audios/2023-07-25 Combs Sabine-Bigelow/23/230725_1159 — 30 snip(s) → 116 frames, 19 label(s) (ident took 106.9s)
7250.6s - extractor 0: [25] Chia_Lin - Soybean on-farm spray audios/2023-07-25 Combs Sabine-Bigelow/23/230730_1624 — starting (both)
7250.6s - extractor 0: Chia_Lin - Soybean on-farm spray audios/2023-07-25 Combs Sabine-Bigelow/23/230730_1624 snip [1/9] snip_110379.000_110448.120.flac
7250.7s - extractor 0: Chia_Lin - Soybean on-farm spray audios/2023-07-25 Combs Sabine-Bigelow/23/230730_1624 snip [2/9] snip_110982.480_111058.840.flac
7250.7s - extractor 0: Chia_Lin - Soybean on-farm spray audios/2023-07-25 Combs Sabine-Bigelow/23/230730_1624 snip [3/9] snip_122635.320_122720.280.flac
7250.8s - extractor 0: Chia_Lin - Soybean on-farm spray audios/2023-07-25 Combs Sabine-Bigelow/23/230730_1624 snip [4/9] snip_170046.470_170406.470.flac
7251.6s - extractor 0: Chia_Lin - Soybean on-farm spray audios/2023-07-25 Combs Sabine-Bigelow/23/230730_1624 snip [5/9] snip_42025.800_42111.050.flac
7251.7s - extractor 0: Chia_Lin - Soybean on-farm spray audios/2023-07-25 Combs Sabine-Bigelow/23/230730_1624 snip [6/9] snip_46770.080_46845.210.flac
7251.8s - extractor 0: Chia_Lin - Soybean on-farm spray audios/2023-07-25 Combs Sabine-Bigelow/23/230730_1624 snip [7/9] snip_92493.340_92573.460.flac
7251.8s - extractor 0: Chia_Lin - Soybean on-farm spray audios/2023-07-25 Combs Sabine-Bigelow/23/230730_1624 snip [8/9] snip_92597.740_92658.460.flac
7251.9s - extractor 0: Chia_Lin - Soybean on-farm spray audios/2023-07-25 Combs Sabine-Bigelow/23/230730_1624 snip [9/9] snip_92675.570_92739.860.flac
7322.6s - extractor 1: [30] Chia_Lin - Soybean on-farm spray audios/2023-07-25 Combs Sabine-Bigelow/23/230727_1341 — 22 snip(s) → 146 frames, 16 label(s) (ident took 134.0s)
7322.6s - extractor 1: [31] Chia_Lin - Soybean on-farm spray audios/2023-07-25 Combs Sabine-Bigelow/23/230801_1806 — starting (both)
7322.6s - extractor 1: Chia_Lin - Soybean on-farm spray audios/2023-07-25 Combs Sabine-Bigelow/23/230801_1806 snip [1/4] snip_16627.320_16712.280.flac
7322.7s - extractor 1: Chia_Lin - Soybean on-farm spray audios/2023-07-25 Combs Sabine-Bigelow/23/230801_1806 snip [2/4] snip_18037.040_18122.000.flac
7322.8s - extractor 1: Chia_Lin - Soybean on-farm spray audios/2023-07-25 Combs Sabine-Bigelow/23/230801_1806 snip [3/4] snip_19612.890_19680.760.flac
7322.8s - extractor 1: Chia_Lin - Soybean on-farm spray audios/2023-07-25 Combs Sabine-Bigelow/23/230801_1806 snip [4/4] snip_20922.000_21032.240.flac
7333.8s - extractor 0: [25] Chia_Lin - Soybean on-farm spray audios/2023-07-25 Combs Sabine-Bigelow/23/230730_1624 — 9 snip(s) → 91 frames, 9 label(s) (ident took 83.2s)
7333.8s - extractor 0: [26] Chia_Lin - Soybean on-farm spray audios/2023-07-30 FSR/29/230730_1704 — starting (both)
7333.8s - extractor 0: Chia_Lin - Soybean on-farm spray audios/2023-07-30 FSR/29/230730_1704 snip [1/10] snip_106074.520_106159.480.flac
7334.0s - extractor 0: Chia_Lin - Soybean on-farm spray audios/2023-07-30 FSR/29/230730_1704 snip [2/10] snip_107127.870_107193.030.flac
7334.1s - extractor 0: Chia_Lin - Soybean on-farm spray audios/2023-07-30 FSR/29/230730_1704 snip [3/10] snip_117309.900_117371.860.flac
7334.1s - extractor 0: Chia_Lin - Soybean on-farm spray audios/2023-07-30 FSR/29/230730_1704 snip [4/10] snip_120661.540_120726.660.flac
7334.2s - extractor 0: Chia_Lin - Soybean on-farm spray audios/2023-07-30 FSR/29/230730_1704 snip [5/10] snip_17954.480_18039.440.flac
7334.4s - extractor 0: Chia_Lin - Soybean on-farm spray audios/2023-07-30 FSR/29/230730_1704 snip [6/10] snip_46289.900_46357.280.flac
7334.4s - extractor 0: Chia_Lin - Soybean on-farm spray audios/2023-07-30 FSR/29/230730_1704 snip [7/10] snip_5515.710_5700.000.flac
7335.1s - extractor 0: Chia_Lin - Soybean on-farm spray audios/2023-07-30 FSR/29/230730_1704 snip [8/10] snip_59739.170_60097.290.flac
7335.9s - extractor 0: Chia_Lin - Soybean on-farm spray audios/2023-07-30 FSR/29/230730_1704 snip [9/10] snip_63799.790_64060.820.flac
7336.4s - extractor 0: Chia_Lin - Soybean on-farm spray audios/2023-07-30 FSR/29/230730_1704 snip [10/10] snip_64061.890_64168.370.flac
7341.4s - extractor 1: [31] Chia_Lin - Soybean on-farm spray audios/2023-07-25 Combs Sabine-Bigelow/23/230801_1806 — 4 snip(s) → 23 frames, 3 label(s) (ident took 18.8s)
7341.4s - extractor 1: [32] Chia_Lin - Soybean on-farm spray audios/2023-07-30 FSR/29/230801_1846 — starting (both)
7341.4s - extractor 1: Chia_Lin - Soybean on-farm spray audios/2023-07-30 FSR/29/230801_1846 snip [1/15] snip_106507.020_106578.550.flac
7341.5s - extractor 1: Chia_Lin - Soybean on-farm spray audios/2023-07-30 FSR/29/230801_1846 snip [2/15] snip_16043.910_16122.360.flac
7341.6s - extractor 1: Chia_Lin - Soybean on-farm spray audios/2023-07-30 FSR/29/230801_1846 snip [3/15] snip_30718.020_30794.030.flac
7341.6s - extractor 1: Chia_Lin - Soybean on-farm spray audios/2023-07-30 FSR/29/230801_1846 snip [4/15] snip_34301.240_34386.200.flac
7341.7s - extractor 1: Chia_Lin - Soybean on-farm spray audios/2023-07-30 FSR/29/230801_1846 snip [5/15] snip_37720.740_37791.210.flac
7341.8s - extractor 1: Chia_Lin - Soybean on-farm spray audios/2023-07-30 FSR/29/230801_1846 snip [6/15] snip_71113.480_71175.530.flac
7341.9s - extractor 1: Chia_Lin - Soybean on-farm spray audios/2023-07-30 FSR/29/230801_1846 snip [7/15] snip_71180.870_71251.160.flac
7342.0s - extractor 1: Chia_Lin - Soybean on-farm spray audios/2023-07-30 FSR/29/230801_1846 snip [8/15] snip_71303.460_71372.530.flac
7342.2s - extractor 1: Chia_Lin - Soybean on-farm spray audios/2023-07-30 FSR/29/230801_1846 snip [9/15] snip_75055.660_75130.260.flac
7342.5s - extractor 1: Chia_Lin - Soybean on-farm spray audios/2023-07-30 FSR/29/230801_1846 snip [10/15] snip_75141.500_75382.210.flac
7343.0s - extractor 1: Chia_Lin - Soybean on-farm spray audios/2023-07-30 FSR/29/230801_1846 snip [11/15] snip_82326.800_82533.520.flac
7344.3s - extractor 1: Chia_Lin - Soybean on-farm spray audios/2023-07-30 FSR/29/230801_1846 snip [12/15] snip_82610.090_82672.560.flac
7344.3s - extractor 1: Chia_Lin - Soybean on-farm spray audios/2023-07-30 FSR/29/230801_1846 snip [13/15] snip_89207.520_89268.480.flac
7344.4s - extractor 1: Chia_Lin - Soybean on-farm spray audios/2023-07-30 FSR/29/230801_1846 snip [14/15] snip_89378.590_89530.310.flac
7344.7s - extractor 1: Chia_Lin - Soybean on-farm spray audios/2023-07-30 FSR/29/230801_1846 snip [15/15] snip_98372.530_98448.250.flac
7471.8s - extractor 0: [26] Chia_Lin - Soybean on-farm spray audios/2023-07-30 FSR/29/230730_1704 — 10 snip(s) → 157 frames, 9 label(s) (ident took 138.0s)
7471.8s - extractor 0: [27] Chia_Lin - Soybean on-farm spray audios/2023-07-30 FSR/3/230730_1704 — starting (both)
7471.8s - extractor 0: Chia_Lin - Soybean on-farm spray audios/2023-07-30 FSR/3/230730_1704 snip [1/10] snip_116265.800_116350.760.flac
7471.9s - extractor 0: Chia_Lin - Soybean on-farm spray audios/2023-07-30 FSR/3/230730_1704 snip [2/10] snip_151131.980_151228.860.flac
7472.1s - extractor 0: Chia_Lin - Soybean on-farm spray audios/2023-07-30 FSR/3/230730_1704 snip [3/10] snip_151327.420_151389.980.flac
7472.1s - extractor 0: Chia_Lin - Soybean on-farm spray audios/2023-07-30 FSR/3/230730_1704 snip [4/10] snip_161553.700_161799.200.flac
7472.4s - extractor 0: Chia_Lin - Soybean on-farm spray audios/2023-07-30 FSR/3/230730_1704 snip [5/10] snip_161799.380_161867.090.flac
7472.5s - extractor 0: Chia_Lin - Soybean on-farm spray audios/2023-07-30 FSR/3/230730_1704 snip [6/10] snip_19300.400_19385.360.flac
7472.6s - extractor 0: Chia_Lin - Soybean on-farm spray audios/2023-07-30 FSR/3/230730_1704 snip [7/10] snip_20749.040_20834.000.flac
7472.7s - extractor 0: Chia_Lin - Soybean on-farm spray audios/2023-07-30 FSR/3/230730_1704 snip [8/10] snip_28920.960_29054.400.flac
7472.9s - extractor 0: Chia_Lin - Soybean on-farm spray audios/2023-07-30 FSR/3/230730_1704 snip [9/10] snip_54193.510_54553.510.flac
7473.3s - extractor 1: [32] Chia_Lin - Soybean on-farm spray audios/2023-07-30 FSR/29/230801_1846 — 15 snip(s) → 145 frames, 10 label(s) (ident took 131.9s)
7473.3s - extractor 1: [33] Chia_Lin - Soybean on-farm spray audios/2023-07-30 FSR/3/230801_1847 — starting (both)
7473.3s - extractor 1: Chia_Lin - Soybean on-farm spray audios/2023-07-30 FSR/3/230801_1847 snip [1/6] snip_113798.850_113869.890.flac
7473.3s - extractor 1: Chia_Lin - Soybean on-farm spray audios/2023-07-30 FSR/3/230801_1847 snip [2/6] snip_27700.800_27785.760.flac
7473.4s - extractor 1: Chia_Lin - Soybean on-farm spray audios/2023-07-30 FSR/3/230801_1847 snip [3/6] snip_28529.280_28614.240.flac
7473.4s - extractor 1: Chia_Lin - Soybean on-farm spray audios/2023-07-30 FSR/3/230801_1847 snip [4/6] snip_35416.280_35501.240.flac
7473.5s - extractor 1: Chia_Lin - Soybean on-farm spray audios/2023-07-30 FSR/3/230801_1847 snip [5/6] snip_63904.430_64182.910.flac
7473.6s - extractor 0: Chia_Lin - Soybean on-farm spray audios/2023-07-30 FSR/3/230730_1704 snip [10/10] snip_82604.040_82904.600.flac
7473.8s - extractor 1: Chia_Lin - Soybean on-farm spray audios/2023-07-30 FSR/3/230801_1847 snip [6/6] snip_98489.120_98574.080.flac
7522.2s - extractor 1: [33] Chia_Lin - Soybean on-farm spray audios/2023-07-30 FSR/3/230801_1847 — 6 snip(s) → 51 frames, 5 label(s) (ident took 48.9s)
7522.2s - extractor 1: [34] Karlan Forrester - Soybean Attractiveness/A11/4/210721_0949 — starting (both)
7522.2s - extractor 1: Karlan Forrester - Soybean Attractiveness/A11/4/210721_0949 snip [1/46] snip_0.000_50.800.flac
7522.3s - extractor 1: Karlan Forrester - Soybean Attractiveness/A11/4/210721_0949 snip [2/46] snip_100814.150_100877.150.flac
7522.4s - extractor 1: Karlan Forrester - Soybean Attractiveness/A11/4/210721_0949 snip [3/46] snip_10129.270_10192.270.flac
7522.4s - extractor 1: Karlan Forrester - Soybean Attractiveness/A11/4/210721_0949 snip [4/46] snip_104800.360_104863.360.flac
7522.5s - extractor 1: Karlan Forrester - Soybean Attractiveness/A11/4/210721_0949 snip [5/46] snip_105761.380_105824.380.flac
7522.5s - extractor 1: Karlan Forrester - Soybean Attractiveness/A11/4/210721_0949 snip [6/46] snip_107832.900_107895.900.flac
7522.6s - extractor 1: Karlan Forrester - Soybean Attractiveness/A11/4/210721_0949 snip [7/46] snip_109041.310_109108.760.flac
7522.7s - extractor 1: Karlan Forrester - Soybean Attractiveness/A11/4/210721_0949 snip [8/46] snip_11456.020_11537.430.flac
7523.0s - extractor 1: Karlan Forrester - Soybean Attractiveness/A11/4/210721_0949 snip [9/46] snip_117262.360_117325.360.flac
7523.1s - extractor 1: Karlan Forrester - Soybean Attractiveness/A11/4/210721_0949 snip [10/46] snip_126630.000_126693.000.flac
7523.1s - extractor 1: Karlan Forrester - Soybean Attractiveness/A11/4/210721_0949 snip [11/46] snip_13301.580_13381.760.flac
7523.3s - extractor 1: Karlan Forrester - Soybean Attractiveness/A11/4/210721_0949 snip [12/46] snip_133830.000_133893.000.flac
7523.4s - extractor 1: Karlan Forrester - Soybean Attractiveness/A11/4/210721_0949 snip [13/46] snip_141030.000_141093.000.flac
7523.4s - extractor 1: Karlan Forrester - Soybean Attractiveness/A11/4/210721_0949 snip [14/46] snip_144630.000_144693.000.flac
7523.4s - extractor 1: Karlan Forrester - Soybean Attractiveness/A11/4/210721_0949 snip [15/46] snip_148230.000_148293.000.flac
7523.5s - extractor 1: Karlan Forrester - Soybean Attractiveness/A11/4/210721_0949 snip [16/46] snip_15062.430_15125.140.flac
7523.5s - extractor 1: Karlan Forrester - Soybean Attractiveness/A11/4/210721_0949 snip [17/46] snip_151830.000_151893.000.flac
7523.6s - extractor 1: Karlan Forrester - Soybean Attractiveness/A11/4/210721_0949 snip [18/46] snip_155430.000_155493.000.flac
7523.7s - extractor 1: Karlan Forrester - Soybean Attractiveness/A11/4/210721_0949 snip [19/46] snip_159030.000_159093.000.flac
7523.7s - extractor 1: Karlan Forrester - Soybean Attractiveness/A11/4/210721_0949 snip [20/46] snip_162630.000_162693.000.flac
7523.8s - extractor 1: Karlan Forrester - Soybean Attractiveness/A11/4/210721_0949 snip [21/46] snip_16367.210_16428.210.flac
7523.9s - extractor 1: Karlan Forrester - Soybean Attractiveness/A11/4/210721_0949 snip [22/46] snip_16516.430_16577.430.flac
7523.9s - extractor 1: Karlan Forrester - Soybean Attractiveness/A11/4/210721_0949 snip [23/46] snip_166832.310_167030.630.flac
7524.3s - extractor 1: Karlan Forrester - Soybean Attractiveness/A11/4/210721_0949 snip [24/46] snip_18485.780_18546.830.flac
7524.4s - extractor 1: Karlan Forrester - Soybean Attractiveness/A11/4/210721_0949 snip [25/46] snip_22488.240_22551.240.flac
7524.4s - extractor 1: Karlan Forrester - Soybean Attractiveness/A11/4/210721_0949 snip [26/46] snip_25026.720_25089.720.flac
7524.4s - extractor 1: Karlan Forrester - Soybean Attractiveness/A11/4/210721_0949 snip [27/46] snip_27011.480_27072.480.flac
7524.5s - extractor 1: Karlan Forrester - Soybean Attractiveness/A11/4/210721_0949 snip [28/46] snip_27391.570_27454.570.flac
7524.5s - extractor 1: Karlan Forrester - Soybean Attractiveness/A11/4/210721_0949 snip [29/46] snip_40230.000_40293.000.flac
7524.6s - extractor 1: Karlan Forrester - Soybean Attractiveness/A11/4/210721_0949 snip [30/46] snip_43830.000_43893.000.flac
7524.6s - extractor 1: Karlan Forrester - Soybean Attractiveness/A11/4/210721_0949 snip [31/46] snip_47430.000_47493.000.flac
7524.7s - extractor 1: Karlan Forrester - Soybean Attractiveness/A11/4/210721_0949 snip [32/46] snip_51030.000_51093.000.flac
7524.7s - extractor 1: Karlan Forrester - Soybean Attractiveness/A11/4/210721_0949 snip [33/46] snip_5139.210_5200.210.flac
7524.8s - extractor 1: Karlan Forrester - Soybean Attractiveness/A11/4/210721_0949 snip [34/46] snip_52653.760_52716.760.flac
7524.8s - extractor 1: Karlan Forrester - Soybean Attractiveness/A11/4/210721_0949 snip [35/46] snip_5267.040_5330.040.flac
7524.9s - extractor 1: Karlan Forrester - Soybean Attractiveness/A11/4/210721_0949 snip [36/46] snip_54630.000_54693.000.flac
7525.0s - extractor 1: Karlan Forrester - Soybean Attractiveness/A11/4/210721_0949 snip [37/46] snip_58230.000_58293.000.flac
7525.0s - extractor 1: Karlan Forrester - Soybean Attractiveness/A11/4/210721_0949 snip [38/46] snip_6089.920_6150.920.flac
7525.1s - extractor 1: Karlan Forrester - Soybean Attractiveness/A11/4/210721_0949 snip [39/46] snip_61830.000_61893.000.flac
7525.2s - extractor 1: Karlan Forrester - Soybean Attractiveness/A11/4/210721_0949 snip [40/46] snip_6467.960_6530.960.flac
7525.2s - extractor 1: Karlan Forrester - Soybean Attractiveness/A11/4/210721_0949 snip [41/46] snip_65430.000_65493.000.flac
7525.3s - extractor 1: Karlan Forrester - Soybean Attractiveness/A11/4/210721_0949 snip [42/46] snip_69030.000_69093.000.flac
7525.3s - extractor 1: Karlan Forrester - Soybean Attractiveness/A11/4/210721_0949 snip [43/46] snip_72630.000_72693.000.flac
7525.4s - extractor 1: Karlan Forrester - Soybean Attractiveness/A11/4/210721_0949 snip [44/46] snip_8290.660_8353.660.flac
7525.4s - extractor 1: Karlan Forrester - Soybean Attractiveness/A11/4/210721_0949 snip [45/46] snip_87552.790_87615.790.flac
7525.5s - extractor 1: Karlan Forrester - Soybean Attractiveness/A11/4/210721_0949 snip [46/46] snip_9660.160_9766.820.flac
7619.8s - extractor 0: [27] Chia_Lin - Soybean on-farm spray audios/2023-07-30 FSR/3/230730_1704 — 10 snip(s) → 168 frames, 9 label(s) (ident took 147.9s)
7619.8s - extractor 0: [28] Karlan Forrester - Soybean Attractiveness/A11/4/210723_1131 — starting (both)
7619.8s - extractor 0: Karlan Forrester - Soybean Attractiveness/A11/4/210723_1131 snip [1/43] snip_101662.900_101725.900.flac
7619.8s - extractor 0: Karlan Forrester - Soybean Attractiveness/A11/4/210723_1131 snip [2/43] snip_10203.060_10266.060.flac
7619.9s - extractor 0: Karlan Forrester - Soybean Attractiveness/A11/4/210723_1131 snip [3/43] snip_104882.190_105052.630.flac
7620.0s - extractor 0: Karlan Forrester - Soybean Attractiveness/A11/4/210723_1131 snip [4/43] snip_105172.990_105239.950.flac
7620.1s - extractor 0: Karlan Forrester - Soybean Attractiveness/A11/4/210723_1131 snip [5/43] snip_106450.790_106513.790.flac
7620.1s - extractor 0: Karlan Forrester - Soybean Attractiveness/A11/4/210723_1131 snip [6/43] snip_107019.640_107082.640.flac
7620.2s - extractor 0: Karlan Forrester - Soybean Attractiveness/A11/4/210723_1131 snip [7/43] snip_2016.280_2078.750.flac
7620.2s - extractor 0: Karlan Forrester - Soybean Attractiveness/A11/4/210723_1131 snip [8/43] snip_20500.020_20563.020.flac
7620.3s - extractor 0: Karlan Forrester - Soybean Attractiveness/A11/4/210723_1131 snip [9/43] snip_2122.690_2190.190.flac
7620.3s - extractor 0: Karlan Forrester - Soybean Attractiveness/A11/4/210723_1131 snip [10/43] snip_2195.520_2299.980.flac
7620.4s - extractor 0: Karlan Forrester - Soybean Attractiveness/A11/4/210723_1131 snip [11/43] snip_23007.010_23347.720.flac
7620.9s - extractor 0: Karlan Forrester - Soybean Attractiveness/A11/4/210723_1131 snip [12/43] snip_24319.440_24648.350.flac
/home/luke/projects/buzzdetect-training/.local/worktrees/perch-probe/02_set/extract.py:771: UserWarning: extractor 0: frame (24512.850000000002, 24517.850000000002) has sub-threshold annotation overlap for ident Karlan Forrester - Soybean Attractiveness/A11/4/210723_1131; boundary rounding — skipping
  warnings.warn(
7621.3s - extractor 0: Karlan Forrester - Soybean Attractiveness/A11/4/210723_1131 snip [13/43] snip_28744.190_28805.190.flac
7621.3s - extractor 0: Karlan Forrester - Soybean Attractiveness/A11/4/210723_1131 snip [14/43] snip_30503.010_30566.010.flac
7621.3s - extractor 0: Karlan Forrester - Soybean Attractiveness/A11/4/210723_1131 snip [15/43] snip_37710.000_37773.000.flac
7621.4s - extractor 0: Karlan Forrester - Soybean Attractiveness/A11/4/210723_1131 snip [16/43] snip_41310.000_41373.000.flac
7621.4s - extractor 0: Karlan Forrester - Soybean Attractiveness/A11/4/210723_1131 snip [17/43] snip_44910.000_44973.000.flac
7621.5s - extractor 0: Karlan Forrester - Soybean Attractiveness/A11/4/210723_1131 snip [18/43] snip_48510.000_48573.000.flac
7621.5s - extractor 0: Karlan Forrester - Soybean Attractiveness/A11/4/210723_1131 snip [19/43] snip_50913.430_50976.430.flac
7621.6s - extractor 0: Karlan Forrester - Soybean Attractiveness/A11/4/210723_1131 snip [20/43] snip_52110.000_52173.000.flac
7621.7s - extractor 0: Karlan Forrester - Soybean Attractiveness/A11/4/210723_1131 snip [21/43] snip_55710.000_55773.000.flac
7621.8s - extractor 0: Karlan Forrester - Soybean Attractiveness/A11/4/210723_1131 snip [22/43] snip_5879.530_5940.320.flac
7621.8s - extractor 0: Karlan Forrester - Soybean Attractiveness/A11/4/210723_1131 snip [23/43] snip_59310.000_59373.000.flac
7621.9s - extractor 0: Karlan Forrester - Soybean Attractiveness/A11/4/210723_1131 snip [24/43] snip_6027.550_6194.950.flac
7622.1s - extractor 0: Karlan Forrester - Soybean Attractiveness/A11/4/210723_1131 snip [25/43] snip_62910.000_62973.000.flac
7622.2s - extractor 0: Karlan Forrester - Soybean Attractiveness/A11/4/210723_1131 snip [26/43] snip_6321.720_6399.300.flac
7622.3s - extractor 0: Karlan Forrester - Soybean Attractiveness/A11/4/210723_1131 snip [27/43] snip_66510.000_66573.000.flac
7622.3s - extractor 0: Karlan Forrester - Soybean Attractiveness/A11/4/210723_1131 snip [28/43] snip_70110.000_70173.000.flac
7622.4s - extractor 0: Karlan Forrester - Soybean Attractiveness/A11/4/210723_1131 snip [29/43] snip_73710.000_73773.000.flac
7622.4s - extractor 0: Karlan Forrester - Soybean Attractiveness/A11/4/210723_1131 snip [30/43] snip_7502.160_7565.160.flac
7622.5s - extractor 0: Karlan Forrester - Soybean Attractiveness/A11/4/210723_1131 snip [31/43] snip_75606.020_75669.020.flac
7622.5s - extractor 0: Karlan Forrester - Soybean Attractiveness/A11/4/210723_1131 snip [32/43] snip_81859.680_81922.680.flac
7622.6s - extractor 0: Karlan Forrester - Soybean Attractiveness/A11/4/210723_1131 snip [33/43] snip_82333.960_82394.960.flac
7622.6s - extractor 0: Karlan Forrester - Soybean Attractiveness/A11/4/210723_1131 snip [34/43] snip_82702.230_82765.230.flac
7622.7s - extractor 0: Karlan Forrester - Soybean Attractiveness/A11/4/210723_1131 snip [35/43] snip_84659.200_84722.200.flac
7622.7s - extractor 0: Karlan Forrester - Soybean Attractiveness/A11/4/210723_1131 snip [36/43] snip_86495.010_86558.010.flac
7622.8s - extractor 0: Karlan Forrester - Soybean Attractiveness/A11/4/210723_1131 snip [37/43] snip_87756.160_87819.160.flac
7622.8s - extractor 0: Karlan Forrester - Soybean Attractiveness/A11/4/210723_1131 snip [38/43] snip_90372.850_90435.850.flac
7622.9s - extractor 0: Karlan Forrester - Soybean Attractiveness/A11/4/210723_1131 snip [39/43] snip_93556.310_93619.310.flac
7622.9s - extractor 0: Karlan Forrester - Soybean Attractiveness/A11/4/210723_1131 snip [40/43] snip_95535.030_95598.030.flac
7623.0s - extractor 0: Karlan Forrester - Soybean Attractiveness/A11/4/210723_1131 snip [41/43] snip_96964.280_97027.280.flac
7623.1s - extractor 0: Karlan Forrester - Soybean Attractiveness/A11/4/210723_1131 snip [42/43] snip_99350.890_99411.890.flac
7623.2s - extractor 0: Karlan Forrester - Soybean Attractiveness/A11/4/210723_1131 snip [43/43] snip_99595.810_99658.810.flac
7641.8s - extractor 1: [34] Karlan Forrester - Soybean Attractiveness/A11/4/210721_0949 — 46 snip(s) → 134 frames, 7 label(s) (ident took 119.6s)
7641.8s - extractor 1: [35] Karlan Forrester - Soybean Attractiveness/A11/4/210726_1007 — starting (both)
7641.8s - extractor 1: Karlan Forrester - Soybean Attractiveness/A11/4/210726_1007 snip [1/37] snip_0.000_50.360.flac
7642.0s - extractor 1: Karlan Forrester - Soybean Attractiveness/A11/4/210726_1007 snip [2/37] snip_102640.150_102703.150.flac
7642.1s - extractor 1: Karlan Forrester - Soybean Attractiveness/A11/4/210726_1007 snip [3/37] snip_110568.600_110631.600.flac
7642.1s - extractor 1: Karlan Forrester - Soybean Attractiveness/A11/4/210726_1007 snip [4/37] snip_115319.570_115382.570.flac
7642.1s - extractor 1: Karlan Forrester - Soybean Attractiveness/A11/4/210726_1007 snip [5/37] snip_116369.860_116432.860.flac
7642.2s - extractor 1: Karlan Forrester - Soybean Attractiveness/A11/4/210726_1007 snip [6/37] snip_121201.530_121561.530.flac
7643.1s - extractor 1: Karlan Forrester - Soybean Attractiveness/A11/4/210726_1007 snip [7/37] snip_125550.000_125613.000.flac
7643.2s - extractor 1: Karlan Forrester - Soybean Attractiveness/A11/4/210726_1007 snip [8/37] snip_132750.000_132813.000.flac
7643.3s - extractor 1: Karlan Forrester - Soybean Attractiveness/A11/4/210726_1007 snip [9/37] snip_136350.000_136413.000.flac
7643.3s - extractor 1: Karlan Forrester - Soybean Attractiveness/A11/4/210726_1007 snip [10/37] snip_139950.000_140013.000.flac
7643.4s - extractor 1: Karlan Forrester - Soybean Attractiveness/A11/4/210726_1007 snip [11/37] snip_143550.000_143613.000.flac
7643.4s - extractor 1: Karlan Forrester - Soybean Attractiveness/A11/4/210726_1007 snip [12/37] snip_147150.000_147213.000.flac
7643.5s - extractor 1: Karlan Forrester - Soybean Attractiveness/A11/4/210726_1007 snip [13/37] snip_150750.000_150813.000.flac
7643.6s - extractor 1: Karlan Forrester - Soybean Attractiveness/A11/4/210726_1007 snip [14/37] snip_154350.000_154413.000.flac
7643.6s - extractor 1: Karlan Forrester - Soybean Attractiveness/A11/4/210726_1007 snip [15/37] snip_157950.000_158013.000.flac
7643.7s - extractor 1: Karlan Forrester - Soybean Attractiveness/A11/4/210726_1007 snip [16/37] snip_161550.000_161613.000.flac
7643.8s - extractor 1: Karlan Forrester - Soybean Attractiveness/A11/4/210726_1007 snip [17/37] snip_165150.000_165213.000.flac
7643.8s - extractor 1: Karlan Forrester - Soybean Attractiveness/A11/4/210726_1007 snip [18/37] snip_17515.320_17578.320.flac
7643.8s - extractor 1: Karlan Forrester - Soybean Attractiveness/A11/4/210726_1007 snip [19/37] snip_19865.600_19928.600.flac
7643.9s - extractor 1: Karlan Forrester - Soybean Attractiveness/A11/4/210726_1007 snip [20/37] snip_39150.000_39213.000.flac
7644.0s - extractor 1: Karlan Forrester - Soybean Attractiveness/A11/4/210726_1007 snip [21/37] snip_42750.000_42813.000.flac
7644.0s - extractor 1: Karlan Forrester - Soybean Attractiveness/A11/4/210726_1007 snip [22/37] snip_46350.000_46413.000.flac
7644.1s - extractor 1: Karlan Forrester - Soybean Attractiveness/A11/4/210726_1007 snip [23/37] snip_49730.950_49793.950.flac
7644.2s - extractor 1: Karlan Forrester - Soybean Attractiveness/A11/4/210726_1007 snip [24/37] snip_49950.000_50013.000.flac
7644.2s - extractor 1: Karlan Forrester - Soybean Attractiveness/A11/4/210726_1007 snip [25/37] snip_53550.000_53613.000.flac
7644.2s - extractor 1: Karlan Forrester - Soybean Attractiveness/A11/4/210726_1007 snip [26/37] snip_57150.000_57213.000.flac
7644.3s - extractor 1: Karlan Forrester - Soybean Attractiveness/A11/4/210726_1007 snip [27/37] snip_60750.000_60813.000.flac
7644.3s - extractor 1: Karlan Forrester - Soybean Attractiveness/A11/4/210726_1007 snip [28/37] snip_64350.000_64413.000.flac
7644.4s - extractor 1: Karlan Forrester - Soybean Attractiveness/A11/4/210726_1007 snip [29/37] snip_71550.000_71613.000.flac
7644.4s - extractor 1: Karlan Forrester - Soybean Attractiveness/A11/4/210726_1007 snip [30/37] snip_80452.100_80517.840.flac
7644.5s - extractor 1: Karlan Forrester - Soybean Attractiveness/A11/4/210726_1007 snip [31/37] snip_85592.400_85655.400.flac
7644.5s - extractor 1: Karlan Forrester - Soybean Attractiveness/A11/4/210726_1007 snip [32/37] snip_8680.210_8743.210.flac
7644.6s - extractor 1: Karlan Forrester - Soybean Attractiveness/A11/4/210726_1007 snip [33/37] snip_88665.040_88726.040.flac
7644.7s - extractor 1: Karlan Forrester - Soybean Attractiveness/A11/4/210726_1007 snip [34/37] snip_89574.770_89637.770.flac
7644.8s - extractor 1: Karlan Forrester - Soybean Attractiveness/A11/4/210726_1007 snip [35/37] snip_91714.710_91777.710.flac
7644.9s - extractor 1: Karlan Forrester - Soybean Attractiveness/A11/4/210726_1007 snip [36/37] snip_93645.440_93708.440.flac
7644.9s - extractor 1: Karlan Forrester - Soybean Attractiveness/A11/4/210726_1007 snip [37/37] snip_96749.250_96812.250.flac
7755.9s - extractor 1: [35] Karlan Forrester - Soybean Attractiveness/A11/4/210726_1007 — 37 snip(s) → 125 frames, 11 label(s) (ident took 114.1s)
7755.9s - extractor 1: [36] Karlan Forrester - Soybean Attractiveness/A11/4/210728_1150 — starting (both)
7755.9s - extractor 1: Karlan Forrester - Soybean Attractiveness/A11/4/210728_1150 snip [1/8] snip_11016.120_11079.120.flac
7756.0s - extractor 1: Karlan Forrester - Soybean Attractiveness/A11/4/210728_1150 snip [2/8] snip_15825.840_15888.840.flac
7756.0s - extractor 1: Karlan Forrester - Soybean Attractiveness/A11/4/210728_1150 snip [3/8] snip_6330.280_6397.800.flac
7756.0s - extractor 1: Karlan Forrester - Soybean Attractiveness/A11/4/210728_1150 snip [4/8] snip_6403.730_6464.910.flac
7756.1s - extractor 1: Karlan Forrester - Soybean Attractiveness/A11/4/210728_1150 snip [5/8] snip_6598.810_6661.600.flac
7756.1s - extractor 1: Karlan Forrester - Soybean Attractiveness/A11/4/210728_1150 snip [6/8] snip_6692.450_6755.450.flac
7756.1s - extractor 1: Karlan Forrester - Soybean Attractiveness/A11/4/210728_1150 snip [7/8] snip_6982.640_7043.640.flac
7756.2s - extractor 1: Karlan Forrester - Soybean Attractiveness/A11/4/210728_1150 snip [8/8] snip_7168.280_7231.280.flac
7756.8s - extractor 0: [28] Karlan Forrester - Soybean Attractiveness/A11/4/210723_1131 — 43 snip(s) → 152 frames, 14 label(s) (ident took 137.0s)
7756.8s - extractor 0: [29] Karlan Forrester - Soybean Attractiveness/A11/4/210805_0819 — starting (both)
7756.8s - extractor 0: Karlan Forrester - Soybean Attractiveness/A11/4/210805_0819 snip [1/52] snip_0.000_71.200.flac
7757.1s - extractor 0: Karlan Forrester - Soybean Attractiveness/A11/4/210805_0819 snip [2/52] snip_100454.370_100517.370.flac
7757.1s - extractor 0: Karlan Forrester - Soybean Attractiveness/A11/4/210805_0819 snip [3/52] snip_101912.920_101975.920.flac
7757.2s - extractor 0: Karlan Forrester - Soybean Attractiveness/A11/4/210805_0819 snip [4/52] snip_102106.950_102169.950.flac
7757.3s - extractor 0: Karlan Forrester - Soybean Attractiveness/A11/4/210805_0819 snip [5/52] snip_102307.080_102370.080.flac
7757.3s - extractor 0: Karlan Forrester - Soybean Attractiveness/A11/4/210805_0819 snip [6/52] snip_102424.380_102485.380.flac
7757.4s - extractor 0: Karlan Forrester - Soybean Attractiveness/A11/4/210805_0819 snip [7/52] snip_103265.800_103328.800.flac
7757.4s - extractor 0: Karlan Forrester - Soybean Attractiveness/A11/4/210805_0819 snip [8/52] snip_105097.920_105160.920.flac
7757.5s - extractor 0: Karlan Forrester - Soybean Attractiveness/A11/4/210805_0819 snip [9/52] snip_105313.720_105374.720.flac
7757.5s - extractor 0: Karlan Forrester - Soybean Attractiveness/A11/4/210805_0819 snip [10/52] snip_106618.880_106681.880.flac
7757.6s - extractor 0: Karlan Forrester - Soybean Attractiveness/A11/4/210805_0819 snip [11/52] snip_107492.310_107555.310.flac
7757.7s - extractor 0: Karlan Forrester - Soybean Attractiveness/A11/4/210805_0819 snip [12/52] snip_108465.930_108599.280.flac
7757.9s - extractor 0: rescued 'ambient_scraping' at 108516.190s (0.570s) as ambient_rustle+ambient_scraping
7757.9s - extractor 0: rescued 'ambient_scraping' at 108524.020s (1.460s) as ambient_rustle+ambient_scraping
7757.9s - extractor 0: rescued 'ambient_scraping' at 108568.930s (0.310s) as ambient_rustle+ambient_scraping
7757.9s - extractor 0: Karlan Forrester - Soybean Attractiveness/A11/4/210805_0819 snip [13/52] snip_108615.280_108803.140.flac
7758.2s - extractor 0: rescued 'ambient_scraping' at 108659.910s (1.620s) as ambient_rustle+ambient_scraping
7758.3s - extractor 0: rescued 'ambient_scraping' at 108665.120s (1.380s) as ambient_rustle+ambient_scraping
7758.3s - extractor 0: Karlan Forrester - Soybean Attractiveness/A11/4/210805_0819 snip [14/52] snip_10943.450_11006.150.flac
7758.3s - extractor 0: Karlan Forrester - Soybean Attractiveness/A11/4/210805_0819 snip [15/52] snip_109539.560_109602.560.flac
7758.3s - extractor 0: Karlan Forrester - Soybean Attractiveness/A11/4/210805_0819 snip [16/52] snip_110522.720_110583.740.flac
7758.4s - extractor 0: Karlan Forrester - Soybean Attractiveness/A11/4/210805_0819 snip [17/52] snip_112662.050_112725.050.flac
7758.4s - extractor 0: Karlan Forrester - Soybean Attractiveness/A11/4/210805_0819 snip [18/52] snip_114965.110_115028.110.flac
7758.4s - extractor 0: Karlan Forrester - Soybean Attractiveness/A11/4/210805_0819 snip [19/52] snip_116812.790_116875.790.flac
7758.5s - extractor 0: Karlan Forrester - Soybean Attractiveness/A11/4/210805_0819 snip [20/52] snip_117938.770_118001.770.flac
7758.5s - extractor 0: Karlan Forrester - Soybean Attractiveness/A11/4/210805_0819 snip [21/52] snip_122552.800_122615.800.flac
7758.5s - extractor 0: Karlan Forrester - Soybean Attractiveness/A11/4/210805_0819 snip [22/52] snip_127813.860_127876.860.flac
7758.6s - extractor 0: Karlan Forrester - Soybean Attractiveness/A11/4/210805_0819 snip [23/52] snip_132030.000_132093.000.flac
7758.6s - extractor 0: Karlan Forrester - Soybean Attractiveness/A11/4/210805_0819 snip [24/52] snip_139230.000_139293.000.flac
7758.7s - extractor 0: Karlan Forrester - Soybean Attractiveness/A11/4/210805_0819 snip [25/52] snip_142830.000_142893.000.flac
7758.7s - extractor 0: Karlan Forrester - Soybean Attractiveness/A11/4/210805_0819 snip [26/52] snip_146430.000_146493.000.flac
7758.8s - extractor 0: Karlan Forrester - Soybean Attractiveness/A11/4/210805_0819 snip [27/52] snip_150030.000_150093.000.flac
7758.8s - extractor 0: Karlan Forrester - Soybean Attractiveness/A11/4/210805_0819 snip [28/52] snip_164430.000_164493.000.flac
7758.8s - extractor 0: Karlan Forrester - Soybean Attractiveness/A11/4/210805_0819 snip [29/52] snip_171630.000_171693.000.flac
7758.9s - extractor 0: Karlan Forrester - Soybean Attractiveness/A11/4/210805_0819 snip [30/52] snip_176728.520_177088.550.flac
7759.8s - extractor 0: rescued 'ins_buzz_medium' at 176769.230s (0.550s) as ins_buzz_medium+ins_trill+mech_plane_prop
7759.8s - extractor 0: Karlan Forrester - Soybean Attractiveness/A11/4/210805_0819 snip [31/52] snip_28786.090_28847.090.flac
7759.9s - extractor 0: Karlan Forrester - Soybean Attractiveness/A11/4/210805_0819 snip [32/52] snip_31037.090_31100.090.flac
7759.9s - extractor 0: Karlan Forrester - Soybean Attractiveness/A11/4/210805_0819 snip [33/52] snip_33290.080_33351.080.flac
7760.0s - extractor 0: Karlan Forrester - Soybean Attractiveness/A11/4/210805_0819 snip [34/52] snip_35071.560_35134.560.flac
7760.1s - extractor 0: Karlan Forrester - Soybean Attractiveness/A11/4/210805_0819 snip [35/52] snip_39197.480_39260.480.flac
7760.1s - extractor 0: Karlan Forrester - Soybean Attractiveness/A11/4/210805_0819 snip [36/52] snip_45630.000_45693.000.flac
7760.2s - extractor 0: Karlan Forrester - Soybean Attractiveness/A11/4/210805_0819 snip [37/52] snip_49230.000_49293.000.flac
7760.3s - extractor 0: Karlan Forrester - Soybean Attractiveness/A11/4/210805_0819 snip [38/52] snip_52830.000_52893.000.flac
7760.4s - extractor 0: Karlan Forrester - Soybean Attractiveness/A11/4/210805_0819 snip [39/52] snip_56430.000_56493.000.flac
7760.5s - extractor 0: Karlan Forrester - Soybean Attractiveness/A11/4/210805_0819 snip [40/52] snip_60030.000_60093.000.flac
7760.5s - extractor 0: Karlan Forrester - Soybean Attractiveness/A11/4/210805_0819 snip [41/52] snip_63630.000_63693.000.flac
7760.5s - extractor 0: Karlan Forrester - Soybean Attractiveness/A11/4/210805_0819 snip [42/52] snip_67126.360_67189.360.flac
7760.5s - extractor 0: Karlan Forrester - Soybean Attractiveness/A11/4/210805_0819 snip [43/52] snip_67230.000_67293.000.flac
7760.6s - extractor 0: Karlan Forrester - Soybean Attractiveness/A11/4/210805_0819 snip [44/52] snip_70830.000_70893.000.flac
7760.6s - extractor 0: Karlan Forrester - Soybean Attractiveness/A11/4/210805_0819 snip [45/52] snip_74430.000_74493.000.flac
7760.6s - extractor 0: Karlan Forrester - Soybean Attractiveness/A11/4/210805_0819 snip [46/52] snip_78030.000_78093.000.flac
7760.7s - extractor 0: Karlan Forrester - Soybean Attractiveness/A11/4/210805_0819 snip [47/52] snip_81630.000_81693.000.flac
7760.7s - extractor 0: Karlan Forrester - Soybean Attractiveness/A11/4/210805_0819 snip [48/52] snip_93764.150_94121.950.flac
7761.5s - extractor 0: rescued 'ambient_rustle' at 93843.240s (1.150s) as ambient_rustle+ins_trill
7761.6s - extractor 0: Karlan Forrester - Soybean Attractiveness/A11/4/210805_0819 snip [49/52] snip_94902.160_94986.770.flac
7761.7s - extractor 0: Karlan Forrester - Soybean Attractiveness/A11/4/210805_0819 snip [50/52] snip_95908.720_95971.720.flac
7761.7s - extractor 0: Karlan Forrester - Soybean Attractiveness/A11/4/210805_0819 snip [51/52] snip_96882.960_96944.020.flac
7761.8s - extractor 0: Karlan Forrester - Soybean Attractiveness/A11/4/210805_0819 snip [52/52] snip_97317.690_97666.200.flac
7767.5s - extractor 1: [36] Karlan Forrester - Soybean Attractiveness/A11/4/210728_1150 — 8 snip(s) → 15 frames, 4 label(s) (ident took 11.5s)
7767.5s - extractor 1: [37] Karlan Forrester - Soybean Attractiveness/A11/4/210807_1001 — starting (both)
7767.5s - extractor 1: Karlan Forrester - Soybean Attractiveness/A11/4/210807_1001 snip [1/8] snip_13635.200_13696.200.flac
7767.5s - extractor 1: Karlan Forrester - Soybean Attractiveness/A11/4/210807_1001 snip [2/8] snip_16448.760_16511.760.flac
7767.5s - extractor 1: Karlan Forrester - Soybean Attractiveness/A11/4/210807_1001 snip [3/8] snip_19586.490_19899.150.flac
7768.1s - extractor 1: Karlan Forrester - Soybean Attractiveness/A11/4/210807_1001 snip [4/8] snip_23761.550_23822.550.flac
7768.1s - extractor 1: Karlan Forrester - Soybean Attractiveness/A11/4/210807_1001 snip [5/8] snip_25333.840_25396.840.flac
7768.1s - extractor 1: Karlan Forrester - Soybean Attractiveness/A11/4/210807_1001 snip [6/8] snip_7611.030_7680.560.flac
7768.2s - extractor 1: Karlan Forrester - Soybean Attractiveness/A11/4/210807_1001 snip [7/8] snip_9137.960_9198.960.flac
7768.2s - extractor 1: Karlan Forrester - Soybean Attractiveness/A11/4/210807_1001 snip [8/8] snip_9440.160_9502.000.flac
7803.3s - extractor 1: [37] Karlan Forrester - Soybean Attractiveness/A11/4/210807_1001 — 8 snip(s) → 34 frames, 5 label(s) (ident took 35.8s)
7803.3s - extractor 1: [38] Karlan Forrester - Soybean Attractiveness/C9-16/4/210721_0910 — starting (both)
7803.3s - extractor 1: Karlan Forrester - Soybean Attractiveness/C9-16/4/210721_0910 snip [1/115] snip_0.000_32.930.flac
7803.3s - extractor 1: Karlan Forrester - Soybean Attractiveness/C9-16/4/210721_0910 snip [2/115] snip_102557.140_102618.130.flac
7803.4s - extractor 1: Karlan Forrester - Soybean Attractiveness/C9-16/4/210721_0910 snip [3/115] snip_104887.460_104950.460.flac
7803.4s - extractor 1: Karlan Forrester - Soybean Attractiveness/C9-16/4/210721_0910 snip [4/115] snip_105344.460_105479.320.flac
7803.8s - extractor 1: Karlan Forrester - Soybean Attractiveness/C9-16/4/210721_0910 snip [5/115] snip_106156.540_106278.580.flac
7804.3s - extractor 1: Karlan Forrester - Soybean Attractiveness/C9-16/4/210721_0910 snip [6/115] snip_106450.200_106616.230.flac
7804.8s - extractor 1: Karlan Forrester - Soybean Attractiveness/C9-16/4/210721_0910 snip [7/115] snip_106771.370_106865.060.flac
7805.2s - extractor 1: Karlan Forrester - Soybean Attractiveness/C9-16/4/210721_0910 snip [8/115] snip_109239.120_109570.470.flac
7806.2s - extractor 1: Karlan Forrester - Soybean Attractiveness/C9-16/4/210721_0910 snip [9/115] snip_109576.090_109694.520.flac
7806.5s - extractor 1: Karlan Forrester - Soybean Attractiveness/C9-16/4/210721_0910 snip [10/115] snip_109708.120_109800.820.flac
7806.8s - extractor 1: Karlan Forrester - Soybean Attractiveness/C9-16/4/210721_0910 snip [11/115] snip_109824.780_109953.800.flac
7807.3s - extractor 1: Karlan Forrester - Soybean Attractiveness/C9-16/4/210721_0910 snip [12/115] snip_109983.950_110122.160.flac
7808.2s - extractor 1: Karlan Forrester - Soybean Attractiveness/C9-16/4/210721_0910 snip [13/115] snip_110187.130_110276.840.flac
7808.4s - extractor 1: Karlan Forrester - Soybean Attractiveness/C9-16/4/210721_0910 snip [14/115] snip_110306.350_110401.060.flac
7808.8s - extractor 1: Karlan Forrester - Soybean Attractiveness/C9-16/4/210721_0910 snip [15/115] snip_110484.010_110600.470.flac
7809.1s - extractor 1: Karlan Forrester - Soybean Attractiveness/C9-16/4/210721_0910 snip [16/115] snip_110821.010_110882.060.flac
7809.2s - extractor 1: Karlan Forrester - Soybean Attractiveness/C9-16/4/210721_0910 snip [17/115] snip_111101.360_111545.360.flac
7810.8s - extractor 1: Karlan Forrester - Soybean Attractiveness/C9-16/4/210721_0910 snip [18/115] snip_111872.070_111935.070.flac
7810.9s - extractor 1: Karlan Forrester - Soybean Attractiveness/C9-16/4/210721_0910 snip [19/115] snip_111965.340_112026.340.flac
7810.9s - extractor 1: Karlan Forrester - Soybean Attractiveness/C9-16/4/210721_0910 snip [20/115] snip_112099.830_112162.830.flac
7810.9s - extractor 1: Karlan Forrester - Soybean Attractiveness/C9-16/4/210721_0910 snip [21/115] snip_112236.110_112297.110.flac
7811.0s - extractor 1: Karlan Forrester - Soybean Attractiveness/C9-16/4/210721_0910 snip [22/115] snip_112611.240_112672.240.flac
7811.0s - extractor 1: Karlan Forrester - Soybean Attractiveness/C9-16/4/210721_0910 snip [23/115] snip_112701.240_112762.240.flac
7811.0s - extractor 1: Karlan Forrester - Soybean Attractiveness/C9-16/4/210721_0910 snip [24/115] snip_112946.720_113009.620.flac
7811.1s - extractor 1: Karlan Forrester - Soybean Attractiveness/C9-16/4/210721_0910 snip [25/115] snip_11297.340_11698.520.flac
7813.0s - extractor 1: Karlan Forrester - Soybean Attractiveness/C9-16/4/210721_0910 snip [26/115] snip_115339.200_115400.200.flac
7813.1s - extractor 1: Karlan Forrester - Soybean Attractiveness/C9-16/4/210721_0910 snip [27/115] snip_119326.340_119389.340.flac
7813.2s - extractor 1: Karlan Forrester - Soybean Attractiveness/C9-16/4/210721_0910 snip [28/115] snip_12455.870_12946.800.flac
7815.1s - extractor 1: Karlan Forrester - Soybean Attractiveness/C9-16/4/210721_0910 snip [29/115] snip_12981.150_13134.610.flac
7815.4s - extractor 1: Karlan Forrester - Soybean Attractiveness/C9-16/4/210721_0910 snip [30/115] snip_13165.900_13226.900.flac
7815.4s - extractor 1: Karlan Forrester - Soybean Attractiveness/C9-16/4/210721_0910 snip [31/115] snip_132570.000_132633.000.flac
7815.5s - extractor 1: Karlan Forrester - Soybean Attractiveness/C9-16/4/210721_0910 snip [32/115] snip_13340.160_13401.160.flac
7815.5s - extractor 1: Karlan Forrester - Soybean Attractiveness/C9-16/4/210721_0910 snip [33/115] snip_13454.080_13578.690.flac
7815.8s - extractor 1: Karlan Forrester - Soybean Attractiveness/C9-16/4/210721_0910 snip [34/115] snip_136170.000_136233.000.flac
7815.8s - extractor 1: Karlan Forrester - Soybean Attractiveness/C9-16/4/210721_0910 snip [35/115] snip_13807.130_13934.660.flac
7816.4s - extractor 1: Karlan Forrester - Soybean Attractiveness/C9-16/4/210721_0910 snip [36/115] snip_13936.600_14332.210.flac
7817.9s - extractor 1: Karlan Forrester - Soybean Attractiveness/C9-16/4/210721_0910 snip [37/115] snip_139770.000_139833.000.flac
7817.9s - extractor 1: Karlan Forrester - Soybean Attractiveness/C9-16/4/210721_0910 snip [38/115] snip_143370.000_143433.000.flac
7818.0s - extractor 1: Karlan Forrester - Soybean Attractiveness/C9-16/4/210721_0910 snip [39/115] snip_146970.000_147033.000.flac
7818.1s - extractor 1: Karlan Forrester - Soybean Attractiveness/C9-16/4/210721_0910 snip [40/115] snip_14775.000_14836.000.flac
7818.1s - extractor 1: Karlan Forrester - Soybean Attractiveness/C9-16/4/210721_0910 snip [41/115] snip_14889.440_14950.440.flac
7818.2s - extractor 1: Karlan Forrester - Soybean Attractiveness/C9-16/4/210721_0910 snip [42/115] snip_14954.990_15272.340.flac
7818.5s - extractor 1: Karlan Forrester - Soybean Attractiveness/C9-16/4/210721_0910 snip [43/115] snip_150570.000_150633.000.flac
7818.6s - extractor 1: Karlan Forrester - Soybean Attractiveness/C9-16/4/210721_0910 snip [44/115] snip_15272.660_15333.650.flac
7818.6s - extractor 1: Karlan Forrester - Soybean Attractiveness/C9-16/4/210721_0910 snip [45/115] snip_154170.000_154233.000.flac
7818.7s - extractor 1: Karlan Forrester - Soybean Attractiveness/C9-16/4/210721_0910 snip [46/115] snip_15601.340_15662.340.flac
7818.7s - extractor 1: Karlan Forrester - Soybean Attractiveness/C9-16/4/210721_0910 snip [47/115] snip_15669.660_15768.950.flac
7818.8s - extractor 1: Karlan Forrester - Soybean Attractiveness/C9-16/4/210721_0910 snip [48/115] snip_15773.160_16114.200.flac
7819.4s - extractor 1: Karlan Forrester - Soybean Attractiveness/C9-16/4/210721_0910 snip [49/115] snip_157770.000_157833.000.flac
7819.4s - extractor 1: Karlan Forrester - Soybean Attractiveness/C9-16/4/210721_0910 snip [50/115] snip_161370.000_161433.000.flac
7819.4s - extractor 1: Karlan Forrester - Soybean Attractiveness/C9-16/4/210721_0910 snip [51/115] snip_16174.570_16287.280.flac
7819.6s - extractor 1: Karlan Forrester - Soybean Attractiveness/C9-16/4/210721_0910 snip [52/115] snip_16551.880_16831.880.flac
7820.2s - extractor 1: Karlan Forrester - Soybean Attractiveness/C9-16/4/210721_0910 snip [53/115] snip_16844.640_16934.760.flac
7820.3s - extractor 1: Karlan Forrester - Soybean Attractiveness/C9-16/4/210721_0910 snip [54/115] snip_168570.000_168633.000.flac
7820.3s - extractor 1: Karlan Forrester - Soybean Attractiveness/C9-16/4/210721_0910 snip [55/115] snip_17022.220_17083.220.flac
7820.4s - extractor 1: Karlan Forrester - Soybean Attractiveness/C9-16/4/210721_0910 snip [56/115] snip_1722.780_1783.780.flac
7820.4s - extractor 1: Karlan Forrester - Soybean Attractiveness/C9-16/4/210721_0910 snip [57/115] snip_17279.900_17382.980.flac
7820.5s - extractor 1: Karlan Forrester - Soybean Attractiveness/C9-16/4/210721_0910 snip [58/115] snip_17389.210_17669.620.flac
7821.1s - extractor 1: Karlan Forrester - Soybean Attractiveness/C9-16/4/210721_0910 snip [59/115] snip_18955.120_19070.880.flac
7821.2s - extractor 1: Karlan Forrester - Soybean Attractiveness/C9-16/4/210721_0910 snip [60/115] snip_19163.980_19224.980.flac
7821.3s - extractor 1: Karlan Forrester - Soybean Attractiveness/C9-16/4/210721_0910 snip [61/115] snip_1937.410_2045.800.flac
7821.4s - extractor 1: Karlan Forrester - Soybean Attractiveness/C9-16/4/210721_0910 snip [62/115] snip_19551.820_19612.820.flac
7821.4s - extractor 1: Karlan Forrester - Soybean Attractiveness/C9-16/4/210721_0910 snip [63/115] snip_19990.010_20167.170.flac
7821.7s - extractor 1: Karlan Forrester - Soybean Attractiveness/C9-16/4/210721_0910 snip [64/115] snip_21166.760_21227.760.flac
7821.7s - extractor 1: Karlan Forrester - Soybean Attractiveness/C9-16/4/210721_0910 snip [65/115] snip_21513.970_21579.020.flac
7821.9s - extractor 1: Karlan Forrester - Soybean Attractiveness/C9-16/4/210721_0910 snip [66/115] snip_21747.990_21810.990.flac
7821.9s - extractor 1: Karlan Forrester - Soybean Attractiveness/C9-16/4/210721_0910 snip [67/115] snip_23715.640_23778.640.flac
7822.0s - extractor 1: Karlan Forrester - Soybean Attractiveness/C9-16/4/210721_0910 snip [68/115] snip_25233.860_25296.860.flac
7822.0s - extractor 1: Karlan Forrester - Soybean Attractiveness/C9-16/4/210721_0910 snip [69/115] snip_25664.770_25727.770.flac
7822.1s - extractor 1: Karlan Forrester - Soybean Attractiveness/C9-16/4/210721_0910 snip [70/115] snip_26770.080_26833.080.flac
7822.1s - extractor 1: Karlan Forrester - Soybean Attractiveness/C9-16/4/210721_0910 snip [71/115] snip_29519.120_29582.120.flac
7822.2s - extractor 1: Karlan Forrester - Soybean Attractiveness/C9-16/4/210721_0910 snip [72/115] snip_31810.900_31873.900.flac
7822.2s - extractor 1: Karlan Forrester - Soybean Attractiveness/C9-16/4/210721_0910 snip [73/115] snip_32689.380_32752.380.flac
7822.2s - extractor 1: Karlan Forrester - Soybean Attractiveness/C9-16/4/210721_0910 snip [74/115] snip_33472.920_33535.920.flac
7822.3s - extractor 1: Karlan Forrester - Soybean Attractiveness/C9-16/4/210721_0910 snip [75/115] snip_35400.500_35463.500.flac
7822.3s - extractor 1: Karlan Forrester - Soybean Attractiveness/C9-16/4/210721_0910 snip [76/115] snip_37261.640_37603.840.flac
7823.2s - extractor 1: Karlan Forrester - Soybean Attractiveness/C9-16/4/210721_0910 snip [77/115] snip_37742.320_37805.320.flac
7823.3s - extractor 1: Karlan Forrester - Soybean Attractiveness/C9-16/4/210721_0910 snip [78/115] snip_46170.000_46233.000.flac
7823.3s - extractor 1: Karlan Forrester - Soybean Attractiveness/C9-16/4/210721_0910 snip [79/115] snip_4789.380_4852.380.flac
7823.4s - extractor 1: Karlan Forrester - Soybean Attractiveness/C9-16/4/210721_0910 snip [80/115] snip_49770.000_49833.000.flac
7823.4s - extractor 1: Karlan Forrester - Soybean Attractiveness/C9-16/4/210721_0910 snip [81/115] snip_53370.000_53433.000.flac
7823.5s - extractor 1: Karlan Forrester - Soybean Attractiveness/C9-16/4/210721_0910 snip [82/115] snip_56970.000_57033.000.flac
7823.6s - extractor 1: Karlan Forrester - Soybean Attractiveness/C9-16/4/210721_0910 snip [83/115] snip_579.080_679.190.flac
7823.6s - extractor 1: Karlan Forrester - Soybean Attractiveness/C9-16/4/210721_0910 snip [84/115] snip_58820.240_58883.240.flac
7823.7s - extractor 1: Karlan Forrester - Soybean Attractiveness/C9-16/4/210721_0910 snip [85/115] snip_60570.000_60633.000.flac
7823.7s - extractor 1: Karlan Forrester - Soybean Attractiveness/C9-16/4/210721_0910 snip [86/115] snip_64170.000_64233.000.flac
7823.7s - extractor 1: Karlan Forrester - Soybean Attractiveness/C9-16/4/210721_0910 snip [87/115] snip_67770.000_67833.000.flac
7823.8s - extractor 1: Karlan Forrester - Soybean Attractiveness/C9-16/4/210721_0910 snip [88/115] snip_71370.000_71433.000.flac
7823.8s - extractor 1: Karlan Forrester - Soybean Attractiveness/C9-16/4/210721_0910 snip [89/115] snip_7863.330_7926.330.flac
7823.9s - extractor 1: Karlan Forrester - Soybean Attractiveness/C9-16/4/210721_0910 snip [90/115] snip_79340.800_79403.800.flac
7823.9s - extractor 1: Karlan Forrester - Soybean Attractiveness/C9-16/4/210721_0910 snip [91/115] snip_79710.120_79773.120.flac
7824.0s - extractor 1: Karlan Forrester - Soybean Attractiveness/C9-16/4/210721_0910 snip [92/115] snip_80396.390_80459.390.flac
7824.0s - extractor 1: Karlan Forrester - Soybean Attractiveness/C9-16/4/210721_0910 snip [93/115] snip_84045.110_84108.110.flac
7824.1s - extractor 1: Karlan Forrester - Soybean Attractiveness/C9-16/4/210721_0910 snip [94/115] snip_84150.800_84510.800.flac
7825.2s - extractor 1: Karlan Forrester - Soybean Attractiveness/C9-16/4/210721_0910 snip [95/115] snip_8490.020_8553.020.flac
7825.3s - extractor 1: Karlan Forrester - Soybean Attractiveness/C9-16/4/210721_0910 snip [96/115] snip_86029.700_86092.700.flac
7825.4s - extractor 1: Karlan Forrester - Soybean Attractiveness/C9-16/4/210721_0910 snip [97/115] snip_87910.210_88081.120.flac
7825.6s - extractor 1: Karlan Forrester - Soybean Attractiveness/C9-16/4/210721_0910 snip [98/115] snip_88823.430_88886.430.flac
7825.6s - extractor 1: Karlan Forrester - Soybean Attractiveness/C9-16/4/210721_0910 snip [99/115] snip_89025.520_89408.080.flac
7828.8s - extractor 1: Karlan Forrester - Soybean Attractiveness/C9-16/4/210721_0910 snip [100/115] snip_90060.530_90202.320.flac
7829.8s - extractor 1: Karlan Forrester - Soybean Attractiveness/C9-16/4/210721_0910 snip [101/115] snip_90430.610_90569.590.flac
7830.9s - extractor 1: Karlan Forrester - Soybean Attractiveness/C9-16/4/210721_0910 snip [102/115] snip_90806.520_90926.020.flac
7831.2s - extractor 1: Karlan Forrester - Soybean Attractiveness/C9-16/4/210721_0910 snip [103/115] snip_91388.940_91485.910.flac
7831.5s - extractor 1: Karlan Forrester - Soybean Attractiveness/C9-16/4/210721_0910 snip [104/115] snip_93083.910_93146.910.flac
7831.5s - extractor 1: Karlan Forrester - Soybean Attractiveness/C9-16/4/210721_0910 snip [105/115] snip_93165.960_93352.580.flac
7832.4s - extractor 1: Karlan Forrester - Soybean Attractiveness/C9-16/4/210721_0910 snip [106/115] snip_95671.100_95732.100.flac
7832.5s - extractor 1: Karlan Forrester - Soybean Attractiveness/C9-16/4/210721_0910 snip [107/115] snip_95809.560_95925.430.flac
7832.7s - extractor 1: Karlan Forrester - Soybean Attractiveness/C9-16/4/210721_0910 snip [108/115] snip_96002.520_96065.520.flac
7832.8s - extractor 1: Karlan Forrester - Soybean Attractiveness/C9-16/4/210721_0910 snip [109/115] snip_96377.200_96491.860.flac
7833.0s - extractor 1: Karlan Forrester - Soybean Attractiveness/C9-16/4/210721_0910 snip [110/115] snip_96593.070_96694.000.flac
7833.2s - extractor 1: Karlan Forrester - Soybean Attractiveness/C9-16/4/210721_0910 snip [111/115] snip_96826.160_96887.160.flac
7833.3s - extractor 1: Karlan Forrester - Soybean Attractiveness/C9-16/4/210721_0910 snip [112/115] snip_96938.820_97001.820.flac
7833.3s - extractor 1: Karlan Forrester - Soybean Attractiveness/C9-16/4/210721_0910 snip [113/115] snip_97053.560_97114.560.flac
7833.4s - extractor 1: Karlan Forrester - Soybean Attractiveness/C9-16/4/210721_0910 snip [114/115] snip_9821.320_9884.320.flac
7833.4s - extractor 1: Karlan Forrester - Soybean Attractiveness/C9-16/4/210721_0910 snip [115/115] snip_99804.240_99867.240.flac
8018.3s - extractor 0: [29] Karlan Forrester - Soybean Attractiveness/A11/4/210805_0819 — 52 snip(s) → 302 frames, 23 label(s) (ident took 261.5s)
8018.3s - extractor 0: [30] Karlan Forrester - Soybean Attractiveness/C9-16/4/210723_1052 — starting (both)
8018.3s - extractor 0: Karlan Forrester - Soybean Attractiveness/C9-16/4/210723_1052 snip [1/51] snip_100590.720_100709.270.flac
8018.4s - extractor 0: Karlan Forrester - Soybean Attractiveness/C9-16/4/210723_1052 snip [2/51] snip_101797.810_101860.810.flac
8018.5s - extractor 0: Karlan Forrester - Soybean Attractiveness/C9-16/4/210723_1052 snip [3/51] snip_102031.560_102092.560.flac
8018.5s - extractor 0: Karlan Forrester - Soybean Attractiveness/C9-16/4/210723_1052 snip [4/51] snip_102853.290_102914.290.flac
8018.6s - extractor 0: Karlan Forrester - Soybean Attractiveness/C9-16/4/210723_1052 snip [5/51] snip_105124.420_105187.420.flac
8018.7s - extractor 0: Karlan Forrester - Soybean Attractiveness/C9-16/4/210723_1052 snip [6/51] snip_107004.040_107065.040.flac
8018.7s - extractor 0: Karlan Forrester - Soybean Attractiveness/C9-16/4/210723_1052 snip [7/51] snip_107279.270_107631.290.flac
8020.5s - extractor 0: Karlan Forrester - Soybean Attractiveness/C9-16/4/210723_1052 snip [8/51] snip_11149.020_11210.020.flac
8020.6s - extractor 0: Karlan Forrester - Soybean Attractiveness/C9-16/4/210723_1052 snip [9/51] snip_12610.850_12673.850.flac
8020.6s - extractor 0: Karlan Forrester - Soybean Attractiveness/C9-16/4/210723_1052 snip [10/51] snip_13887.640_13950.640.flac
8020.7s - extractor 0: Karlan Forrester - Soybean Attractiveness/C9-16/4/210723_1052 snip [11/51] snip_16990.550_17053.550.flac
8020.8s - extractor 0: Karlan Forrester - Soybean Attractiveness/C9-16/4/210723_1052 snip [12/51] snip_19803.520_19864.520.flac
8020.8s - extractor 0: Karlan Forrester - Soybean Attractiveness/C9-16/4/210723_1052 snip [13/51] snip_21185.620_21248.620.flac
8020.8s - extractor 0: Karlan Forrester - Soybean Attractiveness/C9-16/4/210723_1052 snip [14/51] snip_23594.050_23657.050.flac
8020.9s - extractor 0: Karlan Forrester - Soybean Attractiveness/C9-16/4/210723_1052 snip [15/51] snip_23777.500_23838.500.flac
8020.9s - extractor 0: Karlan Forrester - Soybean Attractiveness/C9-16/4/210723_1052 snip [16/51] snip_26680.690_26743.690.flac
8021.0s - extractor 0: Karlan Forrester - Soybean Attractiveness/C9-16/4/210723_1052 snip [17/51] snip_29077.560_29140.560.flac
8021.0s - extractor 0: Karlan Forrester - Soybean Attractiveness/C9-16/4/210723_1052 snip [18/51] snip_30638.530_30701.530.flac
8021.1s - extractor 0: Karlan Forrester - Soybean Attractiveness/C9-16/4/210723_1052 snip [19/51] snip_32184.470_32247.470.flac
8021.1s - extractor 0: Karlan Forrester - Soybean Attractiveness/C9-16/4/210723_1052 snip [20/51] snip_33460.120_33523.120.flac
8021.2s - extractor 0: Karlan Forrester - Soybean Attractiveness/C9-16/4/210723_1052 snip [21/51] snip_36450.000_36513.000.flac
8021.2s - extractor 0: Karlan Forrester - Soybean Attractiveness/C9-16/4/210723_1052 snip [22/51] snip_43650.000_43713.000.flac
8021.3s - extractor 0: Karlan Forrester - Soybean Attractiveness/C9-16/4/210723_1052 snip [23/51] snip_50850.000_50913.000.flac
8021.4s - extractor 0: Karlan Forrester - Soybean Attractiveness/C9-16/4/210723_1052 snip [24/51] snip_53981.080_54044.080.flac
8021.4s - extractor 0: Karlan Forrester - Soybean Attractiveness/C9-16/4/210723_1052 snip [25/51] snip_58050.000_58113.000.flac
8021.5s - extractor 0: Karlan Forrester - Soybean Attractiveness/C9-16/4/210723_1052 snip [26/51] snip_6127.680_6190.680.flac
8021.6s - extractor 0: Karlan Forrester - Soybean Attractiveness/C9-16/4/210723_1052 snip [27/51] snip_65250.000_65313.000.flac
8021.6s - extractor 0: Karlan Forrester - Soybean Attractiveness/C9-16/4/210723_1052 snip [28/51] snip_68850.000_68913.000.flac
8021.7s - extractor 0: Karlan Forrester - Soybean Attractiveness/C9-16/4/210723_1052 snip [29/51] snip_72433.360_72513.000.flac
8021.8s - extractor 0: Karlan Forrester - Soybean Attractiveness/C9-16/4/210723_1052 snip [30/51] snip_74681.560_74744.560.flac
8021.8s - extractor 0: Karlan Forrester - Soybean Attractiveness/C9-16/4/210723_1052 snip [31/51] snip_74956.830_75035.220.flac
8022.0s - extractor 0: Karlan Forrester - Soybean Attractiveness/C9-16/4/210723_1052 snip [32/51] snip_76050.000_76113.000.flac
8022.0s - extractor 0: Karlan Forrester - Soybean Attractiveness/C9-16/4/210723_1052 snip [33/51] snip_79994.080_80057.080.flac
8022.1s - extractor 0: Karlan Forrester - Soybean Attractiveness/C9-16/4/210723_1052 snip [34/51] snip_84197.460_84260.460.flac
8022.1s - extractor 0: Karlan Forrester - Soybean Attractiveness/C9-16/4/210723_1052 snip [35/51] snip_86261.910_86324.910.flac
8022.2s - extractor 0: Karlan Forrester - Soybean Attractiveness/C9-16/4/210723_1052 snip [36/51] snip_87792.950_87855.950.flac
8022.3s - extractor 0: Karlan Forrester - Soybean Attractiveness/C9-16/4/210723_1052 snip [37/51] snip_88118.230_88181.230.flac
8022.3s - extractor 0: Karlan Forrester - Soybean Attractiveness/C9-16/4/210723_1052 snip [38/51] snip_88206.120_88267.120.flac
8022.4s - extractor 0: Karlan Forrester - Soybean Attractiveness/C9-16/4/210723_1052 snip [39/51] snip_88443.120_88506.120.flac
8022.5s - extractor 0: Karlan Forrester - Soybean Attractiveness/C9-16/4/210723_1052 snip [40/51] snip_89204.740_89267.740.flac
8022.5s - extractor 0: Karlan Forrester - Soybean Attractiveness/C9-16/4/210723_1052 snip [41/51] snip_9120.420_9183.420.flac
8022.6s - extractor 0: Karlan Forrester - Soybean Attractiveness/C9-16/4/210723_1052 snip [42/51] snip_91317.040_91378.040.flac
8022.6s - extractor 0: Karlan Forrester - Soybean Attractiveness/C9-16/4/210723_1052 snip [43/51] snip_92417.850_92478.850.flac
8022.7s - extractor 0: Karlan Forrester - Soybean Attractiveness/C9-16/4/210723_1052 snip [44/51] snip_94817.680_94966.230.flac
8022.9s - extractor 0: Karlan Forrester - Soybean Attractiveness/C9-16/4/210723_1052 snip [45/51] snip_95041.660_96231.220.flac
8027.3s - extractor 0: Karlan Forrester - Soybean Attractiveness/C9-16/4/210723_1052 snip [46/51] snip_96364.250_96425.250.flac
8027.3s - extractor 0: Karlan Forrester - Soybean Attractiveness/C9-16/4/210723_1052 snip [47/51] snip_97944.790_98007.790.flac
8027.4s - extractor 0: Karlan Forrester - Soybean Attractiveness/C9-16/4/210723_1052 snip [48/51] snip_98508.550_98571.550.flac
8027.5s - extractor 0: Karlan Forrester - Soybean Attractiveness/C9-16/4/210723_1052 snip [49/51] snip_99067.190_99130.190.flac
8027.6s - extractor 0: Karlan Forrester - Soybean Attractiveness/C9-16/4/210723_1052 snip [50/51] snip_99293.250_99356.250.flac
8027.6s - extractor 0: Karlan Forrester - Soybean Attractiveness/C9-16/4/210723_1052 snip [51/51] snip_99519.510_99582.510.flac
8340.6s - extractor 0: [30] Karlan Forrester - Soybean Attractiveness/C9-16/4/210723_1052 — 51 snip(s) → 334 frames, 14 label(s) (ident took 322.3s)
8340.7s - extractor 0: [31] Karlan Forrester - Soybean Attractiveness/C9-16/4/210726_0933 — starting (both)
8340.7s - extractor 0: Karlan Forrester - Soybean Attractiveness/C9-16/4/210726_0933 snip [1/78] snip_0.000_33.490.flac
8340.7s - extractor 0: Karlan Forrester - Soybean Attractiveness/C9-16/4/210726_0933 snip [2/78] snip_100576.670_100642.760.flac
8340.7s - extractor 0: Karlan Forrester - Soybean Attractiveness/C9-16/4/210726_0933 snip [3/78] snip_100847.010_100910.010.flac
8340.8s - extractor 0: Karlan Forrester - Soybean Attractiveness/C9-16/4/210726_0933 snip [4/78] snip_102232.950_102295.950.flac
8340.8s - extractor 0: Karlan Forrester - Soybean Attractiveness/C9-16/4/210726_0933 snip [5/78] snip_102894.180_102957.180.flac
8340.9s - extractor 0: Karlan Forrester - Soybean Attractiveness/C9-16/4/210726_0933 snip [6/78] snip_103123.570_103186.570.flac
8341.0s - extractor 0: Karlan Forrester - Soybean Attractiveness/C9-16/4/210726_0933 snip [7/78] snip_105213.510_105276.510.flac
8341.0s - extractor 0: Karlan Forrester - Soybean Attractiveness/C9-16/4/210726_0933 snip [8/78] snip_106346.460_106419.200.flac
8341.1s - extractor 0: Karlan Forrester - Soybean Attractiveness/C9-16/4/210726_0933 snip [9/78] snip_108937.910_109000.910.flac
8341.2s - extractor 0: Karlan Forrester - Soybean Attractiveness/C9-16/4/210726_0933 snip [10/78] snip_110864.150_110927.150.flac
8341.2s - extractor 0: Karlan Forrester - Soybean Attractiveness/C9-16/4/210726_0933 snip [11/78] snip_114377.950_114717.430.flac
8344.1s - extractor 0: rescued 'ambient_rustle' at 114457.650s (1.480s) as ambient_rustle+mech_plane_jet
8344.1s - extractor 0: Karlan Forrester - Soybean Attractiveness/C9-16/4/210726_0933 snip [12/78] snip_11718.320_11781.320.flac
8344.2s - extractor 0: Karlan Forrester - Soybean Attractiveness/C9-16/4/210726_0933 snip [13/78] snip_118364.070_118428.710.flac
8344.2s - extractor 0: Karlan Forrester - Soybean Attractiveness/C9-16/4/210726_0933 snip [14/78] snip_122874.760_122937.760.flac
8344.3s - extractor 0: Karlan Forrester - Soybean Attractiveness/C9-16/4/210726_0933 snip [15/78] snip_123286.000_123347.000.flac
8344.4s - extractor 0: Karlan Forrester - Soybean Attractiveness/C9-16/4/210726_0933 snip [16/78] snip_125791.200_125854.200.flac
8344.4s - extractor 0: Karlan Forrester - Soybean Attractiveness/C9-16/4/210726_0933 snip [17/78] snip_127590.000_127653.000.flac
8344.5s - extractor 0: Karlan Forrester - Soybean Attractiveness/C9-16/4/210726_0933 snip [18/78] snip_131190.000_131253.000.flac
8344.5s - extractor 0: Karlan Forrester - Soybean Attractiveness/C9-16/4/210726_0933 snip [19/78] snip_134790.000_134853.000.flac
8344.6s - extractor 0: Karlan Forrester - Soybean Attractiveness/C9-16/4/210726_0933 snip [20/78] snip_13554.240_13615.240.flac
8344.7s - extractor 0: Karlan Forrester - Soybean Attractiveness/C9-16/4/210726_0933 snip [21/78] snip_138390.000_138453.000.flac
8344.7s - extractor 0: Karlan Forrester - Soybean Attractiveness/C9-16/4/210726_0933 snip [22/78] snip_141990.000_142053.000.flac
8344.8s - extractor 0: Karlan Forrester - Soybean Attractiveness/C9-16/4/210726_0933 snip [23/78] snip_14397.510_14460.510.flac
8344.8s - extractor 0: Karlan Forrester - Soybean Attractiveness/C9-16/4/210726_0933 snip [24/78] snip_145590.000_145653.000.flac
8344.9s - extractor 0: Karlan Forrester - Soybean Attractiveness/C9-16/4/210726_0933 snip [25/78] snip_149190.000_149253.000.flac
8344.9s - extractor 0: Karlan Forrester - Soybean Attractiveness/C9-16/4/210726_0933 snip [26/78] snip_15242.830_15303.820.flac
8344.9s - extractor 0: Karlan Forrester - Soybean Attractiveness/C9-16/4/210726_0933 snip [27/78] snip_152790.000_152853.000.flac
8345.0s - extractor 0: Karlan Forrester - Soybean Attractiveness/C9-16/4/210726_0933 snip [28/78] snip_156390.000_156453.000.flac
8345.0s - extractor 0: Karlan Forrester - Soybean Attractiveness/C9-16/4/210726_0933 snip [29/78] snip_15711.790_15772.780.flac
8345.0s - extractor 0: Karlan Forrester - Soybean Attractiveness/C9-16/4/210726_0933 snip [30/78] snip_177928.590_178264.720.flac
8345.9s - extractor 0: Karlan Forrester - Soybean Attractiveness/C9-16/4/210726_0933 snip [31/78] snip_17971.990_18034.990.flac
8346.0s - extractor 0: Karlan Forrester - Soybean Attractiveness/C9-16/4/210726_0933 snip [32/78] snip_21776.080_21839.080.flac
8346.0s - extractor 0: Karlan Forrester - Soybean Attractiveness/C9-16/4/210726_0933 snip [33/78] snip_22851.480_22912.480.flac
8346.0s - extractor 0: Karlan Forrester - Soybean Attractiveness/C9-16/4/210726_0933 snip [34/78] snip_22987.510_23050.510.flac
8346.1s - extractor 0: Karlan Forrester - Soybean Attractiveness/C9-16/4/210726_0933 snip [35/78] snip_24097.400_24160.400.flac
8346.2s - extractor 0: Karlan Forrester - Soybean Attractiveness/C9-16/4/210726_0933 snip [36/78] snip_25619.160_25682.160.flac
8346.3s - extractor 0: Karlan Forrester - Soybean Attractiveness/C9-16/4/210726_0933 snip [37/78] snip_26294.470_26357.470.flac
8346.3s - extractor 0: Karlan Forrester - Soybean Attractiveness/C9-16/4/210726_0933 snip [38/78] snip_26421.820_26482.820.flac
8346.4s - extractor 0: Karlan Forrester - Soybean Attractiveness/C9-16/4/210726_0933 snip [39/78] snip_26890.240_26951.240.flac
8346.4s - extractor 0: Karlan Forrester - Soybean Attractiveness/C9-16/4/210726_0933 snip [40/78] snip_28196.600_28259.600.flac
8346.5s - extractor 0: Karlan Forrester - Soybean Attractiveness/C9-16/4/210726_0933 snip [41/78] snip_30331.800_30394.800.flac
8346.5s - extractor 0: Karlan Forrester - Soybean Attractiveness/C9-16/4/210726_0933 snip [42/78] snip_31464.960_31816.260.flac
8347.3s - extractor 0: Karlan Forrester - Soybean Attractiveness/C9-16/4/210726_0933 snip [43/78] snip_35362.980_35425.980.flac
8347.3s - extractor 0: Karlan Forrester - Soybean Attractiveness/C9-16/4/210726_0933 snip [44/78] snip_40133.220_40196.220.flac
8347.4s - extractor 0: Karlan Forrester - Soybean Attractiveness/C9-16/4/210726_0933 snip [45/78] snip_41190.000_41253.000.flac
8347.5s - extractor 0: Karlan Forrester - Soybean Attractiveness/C9-16/4/210726_0933 snip [46/78] snip_44790.000_44853.000.flac
8347.5s - extractor 0: Karlan Forrester - Soybean Attractiveness/C9-16/4/210726_0933 snip [47/78] snip_48390.000_48453.000.flac
8347.6s - extractor 0: Karlan Forrester - Soybean Attractiveness/C9-16/4/210726_0933 snip [48/78] snip_51990.000_52053.000.flac
8347.7s - extractor 0: Karlan Forrester - Soybean Attractiveness/C9-16/4/210726_0933 snip [49/78] snip_55590.000_55653.000.flac
8347.7s - extractor 0: Karlan Forrester - Soybean Attractiveness/C9-16/4/210726_0933 snip [50/78] snip_59190.000_59253.000.flac
8347.8s - extractor 0: Karlan Forrester - Soybean Attractiveness/C9-16/4/210726_0933 snip [51/78] snip_61476.020_61539.020.flac
8347.8s - extractor 0: Karlan Forrester - Soybean Attractiveness/C9-16/4/210726_0933 snip [52/78] snip_62790.000_62853.000.flac
8347.9s - extractor 0: Karlan Forrester - Soybean Attractiveness/C9-16/4/210726_0933 snip [53/78] snip_66390.000_66453.000.flac
8347.9s - extractor 0: Karlan Forrester - Soybean Attractiveness/C9-16/4/210726_0933 snip [54/78] snip_77190.000_77253.000.flac
8347.9s - extractor 0: Karlan Forrester - Soybean Attractiveness/C9-16/4/210726_0933 snip [55/78] snip_80790.000_80853.000.flac
8348.0s - extractor 0: Karlan Forrester - Soybean Attractiveness/C9-16/4/210726_0933 snip [56/78] snip_83953.710_84014.710.flac
8348.1s - extractor 0: Karlan Forrester - Soybean Attractiveness/C9-16/4/210726_0933 snip [57/78] snip_84700.560_84761.580.flac
8348.1s - extractor 0: Karlan Forrester - Soybean Attractiveness/C9-16/4/210726_0933 snip [58/78] snip_8487.300_8550.300.flac
8348.1s - extractor 0: Karlan Forrester - Soybean Attractiveness/C9-16/4/210726_0933 snip [59/78] snip_85770.040_85833.040.flac
8348.2s - extractor 0: Karlan Forrester - Soybean Attractiveness/C9-16/4/210726_0933 snip [60/78] snip_9036.120_9211.460.flac
8348.5s - extractor 0: Karlan Forrester - Soybean Attractiveness/C9-16/4/210726_0933 snip [61/78] snip_90722.720_90785.720.flac
8348.5s - extractor 0: Karlan Forrester - Soybean Attractiveness/C9-16/4/210726_0933 snip [62/78] snip_9213.960_9379.380.flac
8348.8s - extractor 0: Karlan Forrester - Soybean Attractiveness/C9-16/4/210726_0933 snip [63/78] snip_93568.000_93631.000.flac
8348.8s - extractor 0: Karlan Forrester - Soybean Attractiveness/C9-16/4/210726_0933 snip [64/78] snip_94760.920_94821.920.flac
8348.9s - extractor 0: Karlan Forrester - Soybean Attractiveness/C9-16/4/210726_0933 snip [65/78] snip_94883.640_94946.640.flac
8348.9s - extractor 0: Karlan Forrester - Soybean Attractiveness/C9-16/4/210726_0933 snip [66/78] snip_95731.250_95798.260.flac
8349.0s - extractor 0: Karlan Forrester - Soybean Attractiveness/C9-16/4/210726_0933 snip [67/78] snip_95944.960_96045.300.flac
8349.1s - extractor 0: Karlan Forrester - Soybean Attractiveness/C9-16/4/210726_0933 snip [68/78] snip_96633.390_96738.320.flac
8349.2s - extractor 0: Karlan Forrester - Soybean Attractiveness/C9-16/4/210726_0933 snip [69/78] snip_97486.180_97549.180.flac
8349.3s - extractor 0: Karlan Forrester - Soybean Attractiveness/C9-16/4/210726_0933 snip [70/78] snip_98052.040_98115.040.flac
8349.3s - extractor 0: Karlan Forrester - Soybean Attractiveness/C9-16/4/210726_0933 snip [71/78] snip_98441.380_98504.380.flac
8349.4s - extractor 0: Karlan Forrester - Soybean Attractiveness/C9-16/4/210726_0933 snip [72/78] snip_98573.170_98634.160.flac
8349.5s - extractor 0: Karlan Forrester - Soybean Attractiveness/C9-16/4/210726_0933 snip [73/78] snip_9884.560_9945.560.flac
8349.5s - extractor 0: Karlan Forrester - Soybean Attractiveness/C9-16/4/210726_0933 snip [74/78] snip_98862.440_98923.440.flac
8349.6s - extractor 0: Karlan Forrester - Soybean Attractiveness/C9-16/4/210726_0933 snip [75/78] snip_99007.230_99068.230.flac
8349.6s - extractor 0: Karlan Forrester - Soybean Attractiveness/C9-16/4/210726_0933 snip [76/78] snip_99104.450_99167.450.flac
8349.7s - extractor 0: Karlan Forrester - Soybean Attractiveness/C9-16/4/210726_0933 snip [77/78] snip_99245.760_99306.760.flac
8349.7s - extractor 0: Karlan Forrester - Soybean Attractiveness/C9-16/4/210726_0933 snip [78/78] snip_99814.940_100170.770.flac
8350.7s - extractor 0: rescued 'ins_buzz_low' at 100059.080s (0.530s) as ins_buzz_high+ins_buzz_low+mech_auto_motorcycle
8751.4s - extractor 1: [38] Karlan Forrester - Soybean Attractiveness/C9-16/4/210721_0910 — 115 snip(s) → 1072 frames, 14 label(s) (ident took 948.1s)
8751.4s - extractor 1: [39] Karlan Forrester - Soybean Attractiveness/C9-16/4/210728_1115 — starting (both)
8751.4s - extractor 1: Karlan Forrester - Soybean Attractiveness/C9-16/4/210728_1115 snip [1/19] snip_10993.160_11056.160.flac
8751.5s - extractor 1: Karlan Forrester - Soybean Attractiveness/C9-16/4/210728_1115 snip [2/19] snip_11879.890_11942.890.flac
8751.5s - extractor 1: Karlan Forrester - Soybean Attractiveness/C9-16/4/210728_1115 snip [3/19] snip_13883.090_13946.090.flac
8751.5s - extractor 1: Karlan Forrester - Soybean Attractiveness/C9-16/4/210728_1115 snip [4/19] snip_14781.010_14844.010.flac
8751.6s - extractor 1: Karlan Forrester - Soybean Attractiveness/C9-16/4/210728_1115 snip [5/19] snip_2789.990_2852.990.flac
8751.6s - extractor 1: Karlan Forrester - Soybean Attractiveness/C9-16/4/210728_1115 snip [6/19] snip_2908.670_2969.670.flac
8751.6s - extractor 1: Karlan Forrester - Soybean Attractiveness/C9-16/4/210728_1115 snip [7/19] snip_3344.270_3405.270.flac
8751.7s - extractor 1: Karlan Forrester - Soybean Attractiveness/C9-16/4/210728_1115 snip [8/19] snip_3485.750_3548.750.flac
8751.7s - extractor 1: Karlan Forrester - Soybean Attractiveness/C9-16/4/210728_1115 snip [9/19] snip_3629.120_3690.120.flac
8751.8s - extractor 1: Karlan Forrester - Soybean Attractiveness/C9-16/4/210728_1115 snip [10/19] snip_4724.630_4787.630.flac
8751.8s - extractor 1: Karlan Forrester - Soybean Attractiveness/C9-16/4/210728_1115 snip [11/19] snip_5377.040_5441.850.flac
8751.9s - extractor 1: Karlan Forrester - Soybean Attractiveness/C9-16/4/210728_1115 snip [12/19] snip_6349.720_6412.720.flac
8751.9s - extractor 1: Karlan Forrester - Soybean Attractiveness/C9-16/4/210728_1115 snip [13/19] snip_7048.600_7111.600.flac
8751.9s - extractor 1: Karlan Forrester - Soybean Attractiveness/C9-16/4/210728_1115 snip [14/19] snip_7485.970_7597.940.flac
8752.0s - extractor 1: Karlan Forrester - Soybean Attractiveness/C9-16/4/210728_1115 snip [15/19] snip_8104.310_8203.270.flac
8752.1s - extractor 1: Karlan Forrester - Soybean Attractiveness/C9-16/4/210728_1115 snip [16/19] snip_8990.990_9052.110.flac
8752.1s - extractor 1: Karlan Forrester - Soybean Attractiveness/C9-16/4/210728_1115 snip [17/19] snip_9350.170_9411.170.flac
8752.1s - extractor 1: Karlan Forrester - Soybean Attractiveness/C9-16/4/210728_1115 snip [18/19] snip_9619.410_9688.530.flac
8752.2s - extractor 1: Karlan Forrester - Soybean Attractiveness/C9-16/4/210728_1115 snip [19/19] snip_9866.980_9929.980.flac
8757.4s - extractor 0: [31] Karlan Forrester - Soybean Attractiveness/C9-16/4/210726_0933 — 78 snip(s) → 425 frames, 35 label(s) (ident took 416.7s)
8757.4s - extractor 0: [32] Karlan Forrester - Soybean Attractiveness/C9-16/4/210805_0743 — starting (both)
8757.4s - extractor 0: Karlan Forrester - Soybean Attractiveness/C9-16/4/210805_0743 snip [1/102] snip_0.000_67.090.flac
8757.5s - extractor 0: Karlan Forrester - Soybean Attractiveness/C9-16/4/210805_0743 snip [2/102] snip_100735.650_100798.650.flac
8757.6s - extractor 0: Karlan Forrester - Soybean Attractiveness/C9-16/4/210805_0743 snip [3/102] snip_100960.680_101023.680.flac
8757.7s - extractor 0: Karlan Forrester - Soybean Attractiveness/C9-16/4/210805_0743 snip [4/102] snip_101172.690_101235.690.flac
8757.7s - extractor 0: Karlan Forrester - Soybean Attractiveness/C9-16/4/210805_0743 snip [5/102] snip_101693.290_101754.290.flac
8757.8s - extractor 0: Karlan Forrester - Soybean Attractiveness/C9-16/4/210805_0743 snip [6/102] snip_102026.500_102089.500.flac
8757.8s - extractor 0: Karlan Forrester - Soybean Attractiveness/C9-16/4/210805_0743 snip [7/102] snip_103599.100_103660.100.flac
8757.9s - extractor 0: Karlan Forrester - Soybean Attractiveness/C9-16/4/210805_0743 snip [8/102] snip_103787.270_103850.270.flac
8757.9s - extractor 0: Karlan Forrester - Soybean Attractiveness/C9-16/4/210805_0743 snip [9/102] snip_104625.290_104686.290.flac
8757.9s - extractor 0: Karlan Forrester - Soybean Attractiveness/C9-16/4/210805_0743 snip [10/102] snip_104815.820_104876.820.flac
8758.0s - extractor 0: Karlan Forrester - Soybean Attractiveness/C9-16/4/210805_0743 snip [11/102] snip_105462.440_105525.440.flac
8758.0s - extractor 0: Karlan Forrester - Soybean Attractiveness/C9-16/4/210805_0743 snip [12/102] snip_105545.660_105606.660.flac
8758.0s - extractor 0: Karlan Forrester - Soybean Attractiveness/C9-16/4/210805_0743 snip [13/102] snip_105629.390_105690.420.flac
8758.1s - extractor 0: Karlan Forrester - Soybean Attractiveness/C9-16/4/210805_0743 snip [14/102] snip_106599.660_106663.250.flac
8758.1s - extractor 0: Karlan Forrester - Soybean Attractiveness/C9-16/4/210805_0743 snip [15/102] snip_107189.280_107252.280.flac
8758.2s - extractor 0: Karlan Forrester - Soybean Attractiveness/C9-16/4/210805_0743 snip [16/102] snip_107573.150_107635.880.flac
8758.2s - extractor 0: Karlan Forrester - Soybean Attractiveness/C9-16/4/210805_0743 snip [17/102] snip_108269.420_108330.420.flac
8758.3s - extractor 0: Karlan Forrester - Soybean Attractiveness/C9-16/4/210805_0743 snip [18/102] snip_108704.660_108771.280.flac
8758.3s - extractor 0: Karlan Forrester - Soybean Attractiveness/C9-16/4/210805_0743 snip [19/102] snip_108793.770_108900.860.flac
8758.4s - extractor 0: Karlan Forrester - Soybean Attractiveness/C9-16/4/210805_0743 snip [20/102] snip_109069.720_109130.720.flac
8758.5s - extractor 0: Karlan Forrester - Soybean Attractiveness/C9-16/4/210805_0743 snip [21/102] snip_109707.580_109768.580.flac
8758.5s - extractor 0: Karlan Forrester - Soybean Attractiveness/C9-16/4/210805_0743 snip [22/102] snip_110013.920_110087.540.flac
8758.6s - extractor 0: Karlan Forrester - Soybean Attractiveness/C9-16/4/210805_0743 snip [23/102] snip_110681.590_110744.590.flac
8758.6s - extractor 0: Karlan Forrester - Soybean Attractiveness/C9-16/4/210805_0743 snip [24/102] snip_110747.210_110815.000.flac
8758.7s - extractor 0: Karlan Forrester - Soybean Attractiveness/C9-16/4/210805_0743 snip [25/102] snip_111043.260_111104.260.flac
8758.7s - extractor 0: Karlan Forrester - Soybean Attractiveness/C9-16/4/210805_0743 snip [26/102] snip_111812.670_111875.110.flac
8758.8s - extractor 0: Karlan Forrester - Soybean Attractiveness/C9-16/4/210805_0743 snip [27/102] snip_112673.630_113025.320.flac
8759.5s - extractor 0: rescued 'ins_buzz_low' at 112823.790s (1.000s) as ins_buzz_low
8759.5s - extractor 0: Karlan Forrester - Soybean Attractiveness/C9-16/4/210805_0743 snip [28/102] snip_113309.140_113372.140.flac
8759.5s - extractor 0: Karlan Forrester - Soybean Attractiveness/C9-16/4/210805_0743 snip [29/102] snip_114972.580_115035.580.flac
8759.6s - extractor 0: Karlan Forrester - Soybean Attractiveness/C9-16/4/210805_0743 snip [30/102] snip_116664.720_116725.710.flac
8759.6s - extractor 0: Karlan Forrester - Soybean Attractiveness/C9-16/4/210805_0743 snip [31/102] snip_116838.120_116901.120.flac
8759.7s - extractor 0: Karlan Forrester - Soybean Attractiveness/C9-16/4/210805_0743 snip [32/102] snip_118588.800_118702.700.flac
8759.7s - extractor 0: Karlan Forrester - Soybean Attractiveness/C9-16/4/210805_0743 snip [33/102] snip_119181.770_119242.770.flac
8759.8s - extractor 0: Karlan Forrester - Soybean Attractiveness/C9-16/4/210805_0743 snip [34/102] snip_119800.840_119863.840.flac
8759.8s - extractor 0: Karlan Forrester - Soybean Attractiveness/C9-16/4/210805_0743 snip [35/102] snip_120209.520_120309.620.flac
8759.9s - extractor 0: Karlan Forrester - Soybean Attractiveness/C9-16/4/210805_0743 snip [36/102] snip_120579.560_120640.560.flac
8760.0s - extractor 0: Karlan Forrester - Soybean Attractiveness/C9-16/4/210805_0743 snip [37/102] snip_121086.930_121149.930.flac
8760.0s - extractor 0: Karlan Forrester - Soybean Attractiveness/C9-16/4/210805_0743 snip [38/102] snip_122179.030_122242.030.flac
8760.0s - extractor 0: Karlan Forrester - Soybean Attractiveness/C9-16/4/210805_0743 snip [39/102] snip_123978.600_124039.600.flac
8760.1s - extractor 0: Karlan Forrester - Soybean Attractiveness/C9-16/4/210805_0743 snip [40/102] snip_124768.230_124831.230.flac
8760.1s - extractor 0: Karlan Forrester - Soybean Attractiveness/C9-16/4/210805_0743 snip [41/102] snip_134190.000_134253.000.flac
8760.2s - extractor 0: Karlan Forrester - Soybean Attractiveness/C9-16/4/210805_0743 snip [42/102] snip_137790.000_137853.000.flac
8760.2s - extractor 0: Karlan Forrester - Soybean Attractiveness/C9-16/4/210805_0743 snip [43/102] snip_14082.460_14439.340.flac
8760.9s - extractor 0: Karlan Forrester - Soybean Attractiveness/C9-16/4/210805_0743 snip [44/102] snip_141390.000_141453.000.flac
8760.9s - extractor 0: Karlan Forrester - Soybean Attractiveness/C9-16/4/210805_0743 snip [45/102] snip_144990.000_145053.000.flac
8761.0s - extractor 0: Karlan Forrester - Soybean Attractiveness/C9-16/4/210805_0743 snip [46/102] snip_148590.000_148653.000.flac
8761.0s - extractor 0: Karlan Forrester - Soybean Attractiveness/C9-16/4/210805_0743 snip [47/102] snip_152190.000_152253.000.flac
8761.0s - extractor 0: Karlan Forrester - Soybean Attractiveness/C9-16/4/210805_0743 snip [48/102] snip_155790.000_155853.000.flac
8761.1s - extractor 0: Karlan Forrester - Soybean Attractiveness/C9-16/4/210805_0743 snip [49/102] snip_15888.090_15949.090.flac
8761.1s - extractor 0: Karlan Forrester - Soybean Attractiveness/C9-16/4/210805_0743 snip [50/102] snip_162990.000_163053.000.flac
8761.2s - extractor 0: Karlan Forrester - Soybean Attractiveness/C9-16/4/210805_0743 snip [51/102] snip_16460.520_16523.520.flac
8761.2s - extractor 0: Karlan Forrester - Soybean Attractiveness/C9-16/4/210805_0743 snip [52/102] snip_166590.000_166653.000.flac
8761.2s - extractor 0: Karlan Forrester - Soybean Attractiveness/C9-16/4/210805_0743 snip [53/102] snip_170190.000_170253.000.flac
8761.3s - extractor 0: Karlan Forrester - Soybean Attractiveness/C9-16/4/210805_0743 snip [54/102] snip_17034.940_17095.940.flac
8761.3s - extractor 0: Karlan Forrester - Soybean Attractiveness/C9-16/4/210805_0743 snip [55/102] snip_20096.020_20159.020.flac
8761.3s - extractor 0: Karlan Forrester - Soybean Attractiveness/C9-16/4/210805_0743 snip [56/102] snip_21761.820_21822.820.flac
8761.4s - extractor 0: Karlan Forrester - Soybean Attractiveness/C9-16/4/210805_0743 snip [57/102] snip_23158.920_23219.920.flac
8761.4s - extractor 0: Karlan Forrester - Soybean Attractiveness/C9-16/4/210805_0743 snip [58/102] snip_23404.580_23467.580.flac
8761.4s - extractor 0: Karlan Forrester - Soybean Attractiveness/C9-16/4/210805_0743 snip [59/102] snip_23873.700_23936.700.flac
8761.5s - extractor 0: Karlan Forrester - Soybean Attractiveness/C9-16/4/210805_0743 snip [60/102] snip_24097.020_24158.020.flac
8761.5s - extractor 0: Karlan Forrester - Soybean Attractiveness/C9-16/4/210805_0743 snip [61/102] snip_24440.790_24503.790.flac
8761.6s - extractor 0: Karlan Forrester - Soybean Attractiveness/C9-16/4/210805_0743 snip [62/102] snip_24786.700_24847.730.flac
8761.6s - extractor 0: Karlan Forrester - Soybean Attractiveness/C9-16/4/210805_0743 snip [63/102] snip_25189.640_25252.640.flac
8761.6s - extractor 0: Karlan Forrester - Soybean Attractiveness/C9-16/4/210805_0743 snip [64/102] snip_25366.640_25444.600.flac
8761.7s - extractor 0: Karlan Forrester - Soybean Attractiveness/C9-16/4/210805_0743 snip [65/102] snip_25531.240_25889.380.flac
8762.7s - extractor 0: rescued 'ins_buzz_medium' at 25602.230s (0.490s) as ins_buzz_medium+mech_plane_prop
8762.7s - extractor 0: rescued 'ins_buzz_medium' at 25656.990s (0.480s) as ins_buzz_medium+mech_plane_prop
8762.8s - extractor 0: rescued 'ins_buzz_high' at 25825.470s (0.440s) as ins_buzz_high+ins_buzz_low+mech_plane_prop
8762.8s - extractor 0: Karlan Forrester - Soybean Attractiveness/C9-16/4/210805_0743 snip [66/102] snip_26060.180_26123.180.flac
8762.8s - extractor 0: Karlan Forrester - Soybean Attractiveness/C9-16/4/210805_0743 snip [67/102] snip_26527.660_26588.660.flac
8762.9s - extractor 0: Karlan Forrester - Soybean Attractiveness/C9-16/4/210805_0743 snip [68/102] snip_27458.220_27519.220.flac
8762.9s - extractor 0: Karlan Forrester - Soybean Attractiveness/C9-16/4/210805_0743 snip [69/102] snip_27529.640_27590.640.flac
8763.0s - extractor 0: Karlan Forrester - Soybean Attractiveness/C9-16/4/210805_0743 snip [70/102] snip_27710.240_27771.240.flac
8763.1s - extractor 0: Karlan Forrester - Soybean Attractiveness/C9-16/4/210805_0743 snip [71/102] snip_27805.530_27866.530.flac
8763.1s - extractor 0: Karlan Forrester - Soybean Attractiveness/C9-16/4/210805_0743 snip [72/102] snip_27957.950_28018.950.flac
8763.2s - extractor 0: Karlan Forrester - Soybean Attractiveness/C9-16/4/210805_0743 snip [73/102] snip_28065.680_28128.680.flac
8763.3s - extractor 0: Karlan Forrester - Soybean Attractiveness/C9-16/4/210805_0743 snip [74/102] snip_28175.820_28236.820.flac
8763.3s - extractor 0: Karlan Forrester - Soybean Attractiveness/C9-16/4/210805_0743 snip [75/102] snip_28481.510_28544.510.flac
8763.4s - extractor 0: Karlan Forrester - Soybean Attractiveness/C9-16/4/210805_0743 snip [76/102] snip_28789.160_28850.160.flac
8763.4s - extractor 0: Karlan Forrester - Soybean Attractiveness/C9-16/4/210805_0743 snip [77/102] snip_29481.880_29544.880.flac
8763.5s - extractor 0: Karlan Forrester - Soybean Attractiveness/C9-16/4/210805_0743 snip [78/102] snip_30176.440_30289.560.flac
8763.6s - extractor 0: Karlan Forrester - Soybean Attractiveness/C9-16/4/210805_0743 snip [79/102] snip_30780.760_30841.760.flac
8763.6s - extractor 0: Karlan Forrester - Soybean Attractiveness/C9-16/4/210805_0743 snip [80/102] snip_34867.840_34930.840.flac
8763.6s - extractor 0: Karlan Forrester - Soybean Attractiveness/C9-16/4/210805_0743 snip [81/102] snip_36671.160_36736.950.flac
8763.6s - extractor 0: Karlan Forrester - Soybean Attractiveness/C9-16/4/210805_0743 snip [82/102] snip_37974.830_38035.860.flac
8763.7s - extractor 0: Karlan Forrester - Soybean Attractiveness/C9-16/4/210805_0743 snip [83/102] snip_38957.100_39018.190.flac
8763.7s - extractor 0: Karlan Forrester - Soybean Attractiveness/C9-16/4/210805_0743 snip [84/102] snip_42060.660_42123.660.flac
8763.8s - extractor 0: Karlan Forrester - Soybean Attractiveness/C9-16/4/210805_0743 snip [85/102] snip_45967.550_46055.640.flac
8764.0s - extractor 0: Karlan Forrester - Soybean Attractiveness/C9-16/4/210805_0743 snip [86/102] snip_47790.000_47853.000.flac
8764.0s - extractor 0: Karlan Forrester - Soybean Attractiveness/C9-16/4/210805_0743 snip [87/102] snip_51390.000_51453.000.flac
8764.0s - extractor 0: Karlan Forrester - Soybean Attractiveness/C9-16/4/210805_0743 snip [88/102] snip_54990.000_55053.000.flac
8764.0s - extractor 0: Karlan Forrester - Soybean Attractiveness/C9-16/4/210805_0743 snip [89/102] snip_58590.000_58653.000.flac
8764.1s - extractor 0: Karlan Forrester - Soybean Attractiveness/C9-16/4/210805_0743 snip [90/102] snip_62190.000_62253.000.flac
8764.1s - extractor 0: Karlan Forrester - Soybean Attractiveness/C9-16/4/210805_0743 snip [91/102] snip_63085.170_63148.170.flac
8764.2s - extractor 0: Karlan Forrester - Soybean Attractiveness/C9-16/4/210805_0743 snip [92/102] snip_72990.000_73053.000.flac
8764.3s - extractor 0: Karlan Forrester - Soybean Attractiveness/C9-16/4/210805_0743 snip [93/102] snip_80190.000_80253.000.flac
8764.3s - extractor 0: Karlan Forrester - Soybean Attractiveness/C9-16/4/210805_0743 snip [94/102] snip_83790.000_83853.000.flac
8764.4s - extractor 0: Karlan Forrester - Soybean Attractiveness/C9-16/4/210805_0743 snip [95/102] snip_86603.380_86666.380.flac
8764.4s - extractor 0: Karlan Forrester - Soybean Attractiveness/C9-16/4/210805_0743 snip [96/102] snip_88233.860_88296.860.flac
8764.5s - extractor 0: Karlan Forrester - Soybean Attractiveness/C9-16/4/210805_0743 snip [97/102] snip_89000.080_89065.300.flac
8764.5s - extractor 0: Karlan Forrester - Soybean Attractiveness/C9-16/4/210805_0743 snip [98/102] snip_89414.560_89477.560.flac
8764.6s - extractor 0: Karlan Forrester - Soybean Attractiveness/C9-16/4/210805_0743 snip [99/102] snip_92225.680_92288.680.flac
8764.6s - extractor 0: Karlan Forrester - Soybean Attractiveness/C9-16/4/210805_0743 snip [100/102] snip_94781.270_94844.270.flac
8764.7s - extractor 0: Karlan Forrester - Soybean Attractiveness/C9-16/4/210805_0743 snip [101/102] snip_96833.520_96896.520.flac
8764.7s - extractor 0: Karlan Forrester - Soybean Attractiveness/C9-16/4/210805_0743 snip [102/102] snip_99557.620_99620.620.flac
8779.1s - extractor 1: [39] Karlan Forrester - Soybean Attractiveness/C9-16/4/210728_1115 — 19 snip(s) → 35 frames, 5 label(s) (ident took 27.7s)
8779.1s - extractor 1: [40] Karlan Forrester - Soybean Attractiveness/C9-16/4/210807_0925 — starting (both)
8779.2s - extractor 1: Karlan Forrester - Soybean Attractiveness/C9-16/4/210807_0925 snip [1/22] snip_10727.820_10788.820.flac
8779.2s - extractor 1: Karlan Forrester - Soybean Attractiveness/C9-16/4/210807_0925 snip [2/22] snip_11489.100_11550.100.flac
8779.3s - extractor 1: Karlan Forrester - Soybean Attractiveness/C9-16/4/210807_0925 snip [3/22] snip_13632.400_13693.390.flac
8779.3s - extractor 1: Karlan Forrester - Soybean Attractiveness/C9-16/4/210807_0925 snip [4/22] snip_14018.200_14131.120.flac
8779.4s - extractor 1: Karlan Forrester - Soybean Attractiveness/C9-16/4/210807_0925 snip [5/22] snip_16072.880_16135.880.flac
8779.4s - extractor 1: Karlan Forrester - Soybean Attractiveness/C9-16/4/210807_0925 snip [6/22] snip_18463.400_18527.060.flac
8779.5s - extractor 1: Karlan Forrester - Soybean Attractiveness/C9-16/4/210807_0925 snip [7/22] snip_18567.800_18630.800.flac
8779.5s - extractor 1: Karlan Forrester - Soybean Attractiveness/C9-16/4/210807_0925 snip [8/22] snip_19461.770_19522.770.flac
8779.6s - extractor 1: Karlan Forrester - Soybean Attractiveness/C9-16/4/210807_0925 snip [9/22] snip_20092.270_20155.480.flac
8779.6s - extractor 1: Karlan Forrester - Soybean Attractiveness/C9-16/4/210807_0925 snip [10/22] snip_20583.810_20646.810.flac
8779.7s - extractor 1: Karlan Forrester - Soybean Attractiveness/C9-16/4/210807_0925 snip [11/22] snip_21707.900_21768.900.flac
8779.7s - extractor 1: Karlan Forrester - Soybean Attractiveness/C9-16/4/210807_0925 snip [12/22] snip_22742.840_22805.840.flac
8779.8s - extractor 1: Karlan Forrester - Soybean Attractiveness/C9-16/4/210807_0925 snip [13/22] snip_22846.010_22920.000.flac
8779.8s - extractor 1: Karlan Forrester - Soybean Attractiveness/C9-16/4/210807_0925 snip [14/22] snip_237.800_300.800.flac
8779.9s - extractor 1: Karlan Forrester - Soybean Attractiveness/C9-16/4/210807_0925 snip [15/22] snip_23779.760_23840.760.flac
8779.9s - extractor 1: Karlan Forrester - Soybean Attractiveness/C9-16/4/210807_0925 snip [16/22] snip_24730.050_24793.050.flac
8780.0s - extractor 1: Karlan Forrester - Soybean Attractiveness/C9-16/4/210807_0925 snip [17/22] snip_25682.380_25743.730.flac
8780.0s - extractor 1: Karlan Forrester - Soybean Attractiveness/C9-16/4/210807_0925 snip [18/22] snip_26300.930_26363.930.flac
8780.1s - extractor 1: Karlan Forrester - Soybean Attractiveness/C9-16/4/210807_0925 snip [19/22] snip_3772.040_3835.040.flac
8780.2s - extractor 1: Karlan Forrester - Soybean Attractiveness/C9-16/4/210807_0925 snip [20/22] snip_6370.030_6434.420.flac
8780.2s - extractor 1: Karlan Forrester - Soybean Attractiveness/C9-16/4/210807_0925 snip [21/22] snip_8202.280_8265.280.flac
8780.3s - extractor 1: Karlan Forrester - Soybean Attractiveness/C9-16/4/210807_0925 snip [22/22] snip_9180.370_9241.420.flac
8818.7s - extractor 1: [40] Karlan Forrester - Soybean Attractiveness/C9-16/4/210807_0925 — 22 snip(s) → 37 frames, 5 label(s) (ident took 39.5s)
8818.7s - extractor 1: [41] Karlan Forrester - Soybean Attractiveness/EBN/4/210721_0930 — starting (both)
8818.7s - extractor 1: Karlan Forrester - Soybean Attractiveness/EBN/4/210721_0930 snip [1/75] snip_0.000_49.030.flac
8818.8s - extractor 1: Karlan Forrester - Soybean Attractiveness/EBN/4/210721_0930 snip [2/75] snip_10110.370_10173.370.flac
8818.8s - extractor 1: Karlan Forrester - Soybean Attractiveness/EBN/4/210721_0930 snip [3/75] snip_103599.040_103662.040.flac
8818.9s - extractor 1: Karlan Forrester - Soybean Attractiveness/EBN/4/210721_0930 snip [4/75] snip_103716.970_103827.680.flac
8819.0s - extractor 1: Karlan Forrester - Soybean Attractiveness/EBN/4/210721_0930 snip [5/75] snip_104223.060_104286.060.flac
8819.1s - extractor 1: Karlan Forrester - Soybean Attractiveness/EBN/4/210721_0930 snip [6/75] snip_104514.770_104577.770.flac
8819.2s - extractor 1: Karlan Forrester - Soybean Attractiveness/EBN/4/210721_0930 snip [7/75] snip_104939.600_105041.860.flac
8819.3s - extractor 1: Karlan Forrester - Soybean Attractiveness/EBN/4/210721_0930 snip [8/75] snip_105852.420_105915.420.flac
8819.4s - extractor 1: Karlan Forrester - Soybean Attractiveness/EBN/4/210721_0930 snip [9/75] snip_10591.730_10654.730.flac
8819.4s - extractor 1: Karlan Forrester - Soybean Attractiveness/EBN/4/210721_0930 snip [10/75] snip_106413.240_106480.230.flac
8819.5s - extractor 1: Karlan Forrester - Soybean Attractiveness/EBN/4/210721_0930 snip [11/75] snip_107112.700_107173.700.flac
8819.5s - extractor 1: Karlan Forrester - Soybean Attractiveness/EBN/4/210721_0930 snip [12/75] snip_113526.000_113589.000.flac
8819.6s - extractor 1: Karlan Forrester - Soybean Attractiveness/EBN/4/210721_0930 snip [13/75] snip_1146.980_1209.980.flac
8819.7s - extractor 1: Karlan Forrester - Soybean Attractiveness/EBN/4/210721_0930 snip [14/75] snip_11862.760_11925.760.flac
8819.7s - extractor 1: Karlan Forrester - Soybean Attractiveness/EBN/4/210721_0930 snip [15/75] snip_131370.000_131433.000.flac
8819.8s - extractor 1: Karlan Forrester - Soybean Attractiveness/EBN/4/210721_0930 snip [16/75] snip_134970.000_135033.000.flac
8819.8s - extractor 1: Karlan Forrester - Soybean Attractiveness/EBN/4/210721_0930 snip [17/75] snip_138570.000_138633.000.flac
8819.9s - extractor 1: Karlan Forrester - Soybean Attractiveness/EBN/4/210721_0930 snip [18/75] snip_142170.000_142233.000.flac
8819.9s - extractor 1: Karlan Forrester - Soybean Attractiveness/EBN/4/210721_0930 snip [19/75] snip_14471.250_14534.250.flac
8819.9s - extractor 1: Karlan Forrester - Soybean Attractiveness/EBN/4/210721_0930 snip [20/75] snip_145770.000_145833.000.flac
8819.9s - extractor 1: Karlan Forrester - Soybean Attractiveness/EBN/4/210721_0930 snip [21/75] snip_149370.000_149433.000.flac
8820.0s - extractor 1: Karlan Forrester - Soybean Attractiveness/EBN/4/210721_0930 snip [22/75] snip_152970.000_153033.000.flac
8820.0s - extractor 1: Karlan Forrester - Soybean Attractiveness/EBN/4/210721_0930 snip [23/75] snip_156570.000_156633.000.flac
8820.0s - extractor 1: Karlan Forrester - Soybean Attractiveness/EBN/4/210721_0930 snip [24/75] snip_16494.070_16557.070.flac
8820.1s - extractor 1: Karlan Forrester - Soybean Attractiveness/EBN/4/210721_0930 snip [25/75] snip_16694.990_16767.640.flac
8820.2s - extractor 1: Karlan Forrester - Soybean Attractiveness/EBN/4/210721_0930 snip [26/75] snip_167370.000_167433.000.flac
8820.2s - extractor 1: Karlan Forrester - Soybean Attractiveness/EBN/4/210721_0930 snip [27/75] snip_17348.820_17411.820.flac
8820.3s - extractor 1: Karlan Forrester - Soybean Attractiveness/EBN/4/210721_0930 snip [28/75] snip_17682.600_17743.600.flac
8820.4s - extractor 1: Karlan Forrester - Soybean Attractiveness/EBN/4/210721_0930 snip [29/75] snip_17767.000_17830.000.flac
8820.4s - extractor 1: Karlan Forrester - Soybean Attractiveness/EBN/4/210721_0930 snip [30/75] snip_17934.790_17997.790.flac
8820.5s - extractor 1: Karlan Forrester - Soybean Attractiveness/EBN/4/210721_0930 snip [31/75] snip_18205.030_18268.030.flac
8820.6s - extractor 1: Karlan Forrester - Soybean Attractiveness/EBN/4/210721_0930 snip [32/75] snip_18630.190_18691.180.flac
8820.6s - extractor 1: Karlan Forrester - Soybean Attractiveness/EBN/4/210721_0930 snip [33/75] snip_21127.620_21190.620.flac
8820.7s - extractor 1: Karlan Forrester - Soybean Attractiveness/EBN/4/210721_0930 snip [34/75] snip_2154.290_2217.290.flac
8820.8s - extractor 1: Karlan Forrester - Soybean Attractiveness/EBN/4/210721_0930 snip [35/75] snip_21611.890_21673.040.flac
8820.8s - extractor 1: Karlan Forrester - Soybean Attractiveness/EBN/4/210721_0930 snip [36/75] snip_24249.910_24312.910.flac
8820.9s - extractor 1: Karlan Forrester - Soybean Attractiveness/EBN/4/210721_0930 snip [37/75] snip_25900.960_25961.960.flac
8820.9s - extractor 1: Karlan Forrester - Soybean Attractiveness/EBN/4/210721_0930 snip [38/75] snip_26017.720_26078.720.flac
8820.9s - extractor 1: Karlan Forrester - Soybean Attractiveness/EBN/4/210721_0930 snip [39/75] snip_26126.190_26218.120.flac
8821.0s - extractor 1: Karlan Forrester - Soybean Attractiveness/EBN/4/210721_0930 snip [40/75] snip_26248.500_26356.260.flac
8821.2s - extractor 1: Karlan Forrester - Soybean Attractiveness/EBN/4/210721_0930 snip [41/75] snip_29881.800_29944.800.flac
8821.3s - extractor 1: Karlan Forrester - Soybean Attractiveness/EBN/4/210721_0930 snip [42/75] snip_30280.580_30343.580.flac
8821.3s - extractor 1: Karlan Forrester - Soybean Attractiveness/EBN/4/210721_0930 snip [43/75] snip_30442.040_30503.040.flac
8821.3s - extractor 1: Karlan Forrester - Soybean Attractiveness/EBN/4/210721_0930 snip [44/75] snip_31919.890_31982.890.flac
8821.4s - extractor 1: Karlan Forrester - Soybean Attractiveness/EBN/4/210721_0930 snip [45/75] snip_3289.210_3367.110.flac
8821.5s - extractor 1: Karlan Forrester - Soybean Attractiveness/EBN/4/210721_0930 snip [46/75] snip_34073.780_34136.780.flac
8821.6s - extractor 1: Karlan Forrester - Soybean Attractiveness/EBN/4/210721_0930 snip [47/75] snip_35145.940_35208.940.flac
8821.6s - extractor 1: Karlan Forrester - Soybean Attractiveness/EBN/4/210721_0930 snip [48/75] snip_35911.080_35974.080.flac
8821.7s - extractor 1: Karlan Forrester - Soybean Attractiveness/EBN/4/210721_0930 snip [49/75] snip_36478.740_36541.740.flac
8821.7s - extractor 1: Karlan Forrester - Soybean Attractiveness/EBN/4/210721_0930 snip [50/75] snip_36678.570_36739.570.flac
8821.8s - extractor 1: Karlan Forrester - Soybean Attractiveness/EBN/4/210721_0930 snip [51/75] snip_3853.760_4224.910.flac
8822.9s - extractor 1: rescued 'ambient_scraping' at 4004.810s (0.880s) as ambient_background+ambient_rustle+ambient_scraping
8822.9s - extractor 1: rescued 'ambient_scraping' at 4044.930s (0.450s) as ambient_rustle+ambient_scraping
8822.9s - extractor 1: Karlan Forrester - Soybean Attractiveness/EBN/4/210721_0930 snip [52/75] snip_44970.000_45033.000.flac
8823.0s - extractor 1: Karlan Forrester - Soybean Attractiveness/EBN/4/210721_0930 snip [53/75] snip_48570.000_48633.000.flac
8823.0s - extractor 1: Karlan Forrester - Soybean Attractiveness/EBN/4/210721_0930 snip [54/75] snip_4881.260_4942.260.flac
8823.1s - extractor 1: Karlan Forrester - Soybean Attractiveness/EBN/4/210721_0930 snip [55/75] snip_52170.000_52233.000.flac
8823.1s - extractor 1: Karlan Forrester - Soybean Attractiveness/EBN/4/210721_0930 snip [56/75] snip_5382.680_5445.680.flac
8823.2s - extractor 1: Karlan Forrester - Soybean Attractiveness/EBN/4/210721_0930 snip [57/75] snip_55770.000_55833.000.flac
8823.2s - extractor 1: Karlan Forrester - Soybean Attractiveness/EBN/4/210721_0930 snip [58/75] snip_56715.880_56778.880.flac
8823.3s - extractor 1: Karlan Forrester - Soybean Attractiveness/EBN/4/210721_0930 snip [59/75] snip_59370.000_59433.000.flac
8823.4s - extractor 1: Karlan Forrester - Soybean Attractiveness/EBN/4/210721_0930 snip [60/75] snip_62970.000_63033.000.flac
8823.5s - extractor 1: Karlan Forrester - Soybean Attractiveness/EBN/4/210721_0930 snip [61/75] snip_66570.000_66633.000.flac
8823.5s - extractor 1: Karlan Forrester - Soybean Attractiveness/EBN/4/210721_0930 snip [62/75] snip_73770.000_73833.000.flac
8823.5s - extractor 1: Karlan Forrester - Soybean Attractiveness/EBN/4/210721_0930 snip [63/75] snip_7495.650_7558.650.flac
8823.6s - extractor 1: Karlan Forrester - Soybean Attractiveness/EBN/4/210721_0930 snip [64/75] snip_7664.780_7725.780.flac
8823.7s - extractor 1: Karlan Forrester - Soybean Attractiveness/EBN/4/210721_0930 snip [65/75] snip_82736.530_82799.530.flac
8823.7s - extractor 1: Karlan Forrester - Soybean Attractiveness/EBN/4/210721_0930 snip [66/75] snip_8626.580_8694.320.flac
8823.8s - extractor 1: Karlan Forrester - Soybean Attractiveness/EBN/4/210721_0930 snip [67/75] snip_8800.840_8861.840.flac
8823.9s - extractor 1: Karlan Forrester - Soybean Attractiveness/EBN/4/210721_0930 snip [68/75] snip_89934.480_89997.480.flac
8824.0s - extractor 1: Karlan Forrester - Soybean Attractiveness/EBN/4/210721_0930 snip [69/75] snip_92824.900_92887.900.flac
8824.0s - extractor 1: Karlan Forrester - Soybean Attractiveness/EBN/4/210721_0930 snip [70/75] snip_94266.380_94331.910.flac
8824.1s - extractor 1: Karlan Forrester - Soybean Attractiveness/EBN/4/210721_0930 snip [71/75] snip_94512.730_94778.240.flac
8824.6s - extractor 1: Karlan Forrester - Soybean Attractiveness/EBN/4/210721_0930 snip [72/75] snip_94792.610_94854.230.flac
8824.7s - extractor 1: Karlan Forrester - Soybean Attractiveness/EBN/4/210721_0930 snip [73/75] snip_9659.650_9722.650.flac
8824.7s - extractor 1: Karlan Forrester - Soybean Attractiveness/EBN/4/210721_0930 snip [74/75] snip_98306.880_98367.880.flac
8824.7s - extractor 1: Karlan Forrester - Soybean Attractiveness/EBN/4/210721_0930 snip [75/75] snip_99239.570_99302.570.flac
9018.3s - extractor 1: [41] Karlan Forrester - Soybean Attractiveness/EBN/4/210721_0930 — 75 snip(s) → 219 frames, 18 label(s) (ident took 199.6s)
9018.3s - extractor 1: [42] Karlan Forrester - Soybean Attractiveness/EBN/4/210723_1112 — starting (both)
9018.3s - extractor 1: Karlan Forrester - Soybean Attractiveness/EBN/4/210723_1112 snip [1/37] snip_100931.700_100994.700.flac
9018.3s - extractor 1: Karlan Forrester - Soybean Attractiveness/EBN/4/210723_1112 snip [2/37] snip_102447.320_102510.320.flac
9018.4s - extractor 1: Karlan Forrester - Soybean Attractiveness/EBN/4/210723_1112 snip [3/37] snip_103645.590_103708.590.flac
9018.4s - extractor 1: Karlan Forrester - Soybean Attractiveness/EBN/4/210723_1112 snip [4/37] snip_104091.730_104152.750.flac
9018.5s - extractor 1: Karlan Forrester - Soybean Attractiveness/EBN/4/210723_1112 snip [5/37] snip_104160.960_104221.960.flac
9018.5s - extractor 1: Karlan Forrester - Soybean Attractiveness/EBN/4/210723_1112 snip [6/37] snip_104592.760_104655.760.flac
9018.6s - extractor 1: Karlan Forrester - Soybean Attractiveness/EBN/4/210723_1112 snip [7/37] snip_12829.640_12892.870.flac
9018.6s - extractor 1: Karlan Forrester - Soybean Attractiveness/EBN/4/210723_1112 snip [8/37] snip_14303.910_14366.910.flac
9018.7s - extractor 1: Karlan Forrester - Soybean Attractiveness/EBN/4/210723_1112 snip [9/37] snip_15861.590_15924.590.flac
9018.7s - extractor 1: Karlan Forrester - Soybean Attractiveness/EBN/4/210723_1112 snip [10/37] snip_16510.470_16573.470.flac
9018.8s - extractor 1: Karlan Forrester - Soybean Attractiveness/EBN/4/210723_1112 snip [11/37] snip_17531.280_17594.280.flac
9018.8s - extractor 1: Karlan Forrester - Soybean Attractiveness/EBN/4/210723_1112 snip [12/37] snip_18611.750_18674.750.flac
9018.9s - extractor 1: Karlan Forrester - Soybean Attractiveness/EBN/4/210723_1112 snip [13/37] snip_20865.480_20928.480.flac
9018.9s - extractor 1: Karlan Forrester - Soybean Attractiveness/EBN/4/210723_1112 snip [14/37] snip_21948.410_22308.650.flac
9019.7s - extractor 1: rescued 'ins_buzz_low' at 22277.830s (0.750s) as ins_buzz_low+mech_auto_car
9019.7s - extractor 1: Karlan Forrester - Soybean Attractiveness/EBN/4/210723_1112 snip [15/37] snip_35250.000_35313.000.flac
9019.8s - extractor 1: Karlan Forrester - Soybean Attractiveness/EBN/4/210723_1112 snip [16/37] snip_38850.000_38913.000.flac
9019.8s - extractor 1: Karlan Forrester - Soybean Attractiveness/EBN/4/210723_1112 snip [17/37] snip_42450.000_42513.000.flac
9019.9s - extractor 1: Karlan Forrester - Soybean Attractiveness/EBN/4/210723_1112 snip [18/37] snip_46050.000_46113.000.flac
9020.0s - extractor 1: Karlan Forrester - Soybean Attractiveness/EBN/4/210723_1112 snip [19/37] snip_49650.000_49713.000.flac
9020.1s - extractor 1: Karlan Forrester - Soybean Attractiveness/EBN/4/210723_1112 snip [20/37] snip_53250.000_53313.000.flac
9020.1s - extractor 1: Karlan Forrester - Soybean Attractiveness/EBN/4/210723_1112 snip [21/37] snip_56850.000_56913.000.flac
9020.2s - extractor 1: Karlan Forrester - Soybean Attractiveness/EBN/4/210723_1112 snip [22/37] snip_57739.160_57802.160.flac
9020.3s - extractor 1: Karlan Forrester - Soybean Attractiveness/EBN/4/210723_1112 snip [23/37] snip_60450.000_60513.000.flac
9020.4s - extractor 1: Karlan Forrester - Soybean Attractiveness/EBN/4/210723_1112 snip [24/37] snip_64050.000_64113.000.flac
9020.4s - extractor 1: Karlan Forrester - Soybean Attractiveness/EBN/4/210723_1112 snip [25/37] snip_67650.000_67713.000.flac
9020.5s - extractor 1: Karlan Forrester - Soybean Attractiveness/EBN/4/210723_1112 snip [26/37] snip_71250.000_71313.000.flac
9020.6s - extractor 1: Karlan Forrester - Soybean Attractiveness/EBN/4/210723_1112 snip [27/37] snip_74850.000_74913.000.flac
9020.6s - extractor 1: Karlan Forrester - Soybean Attractiveness/EBN/4/210723_1112 snip [28/37] snip_75449.120_75809.120.flac
9021.5s - extractor 1: Karlan Forrester - Soybean Attractiveness/EBN/4/210723_1112 snip [29/37] snip_8843.650_8906.650.flac
9021.5s - extractor 1: Karlan Forrester - Soybean Attractiveness/EBN/4/210723_1112 snip [30/37] snip_90700.000_90765.610.flac
9021.5s - extractor 1: Karlan Forrester - Soybean Attractiveness/EBN/4/210723_1112 snip [31/37] snip_91324.360_91385.360.flac
9021.5s - extractor 1: Karlan Forrester - Soybean Attractiveness/EBN/4/210723_1112 snip [32/37] snip_93241.720_93304.720.flac
9021.6s - extractor 1: Karlan Forrester - Soybean Attractiveness/EBN/4/210723_1112 snip [33/37] snip_94286.770_94349.770.flac
9021.6s - extractor 1: Karlan Forrester - Soybean Attractiveness/EBN/4/210723_1112 snip [34/37] snip_96144.930_96207.930.flac
9021.6s - extractor 1: Karlan Forrester - Soybean Attractiveness/EBN/4/210723_1112 snip [35/37] snip_98573.560_98636.560.flac
9021.7s - extractor 1: Karlan Forrester - Soybean Attractiveness/EBN/4/210723_1112 snip [36/37] snip_99693.240_99756.240.flac
9021.7s - extractor 1: Karlan Forrester - Soybean Attractiveness/EBN/4/210723_1112 snip [37/37] snip_99773.580_99834.580.flac
9037.6s - extractor 0: [32] Karlan Forrester - Soybean Attractiveness/C9-16/4/210805_0743 — 102 snip(s) → 309 frames, 29 label(s) (ident took 280.2s)
9037.6s - extractor 0: [33] Karlan Forrester - Soybean Attractiveness/EBN/4/210726_0950 — starting (both)
9037.6s - extractor 0: Karlan Forrester - Soybean Attractiveness/EBN/4/210726_0950 snip [1/49] snip_0.000_48.800.flac
9037.7s - extractor 0: Karlan Forrester - Soybean Attractiveness/EBN/4/210726_0950 snip [2/49] snip_101243.730_101306.730.flac
9037.7s - extractor 0: Karlan Forrester - Soybean Attractiveness/EBN/4/210726_0950 snip [3/49] snip_103960.070_104025.490.flac
9037.8s - extractor 0: Karlan Forrester - Soybean Attractiveness/EBN/4/210726_0950 snip [4/49] snip_104811.080_104874.080.flac
9037.8s - extractor 0: Karlan Forrester - Soybean Attractiveness/EBN/4/210726_0950 snip [5/49] snip_105477.530_105538.530.flac
9037.9s - extractor 0: Karlan Forrester - Soybean Attractiveness/EBN/4/210726_0950 snip [6/49] snip_106053.110_106116.110.flac
9037.9s - extractor 0: Karlan Forrester - Soybean Attractiveness/EBN/4/210726_0950 snip [7/49] snip_108272.070_108335.070.flac
9038.0s - extractor 0: Karlan Forrester - Soybean Attractiveness/EBN/4/210726_0950 snip [8/49] snip_110066.900_110129.900.flac
9038.0s - extractor 0: Karlan Forrester - Soybean Attractiveness/EBN/4/210726_0950 snip [9/49] snip_111786.610_111849.610.flac
9038.0s - extractor 0: Karlan Forrester - Soybean Attractiveness/EBN/4/210726_0950 snip [10/49] snip_114119.880_114182.880.flac
9038.1s - extractor 0: Karlan Forrester - Soybean Attractiveness/EBN/4/210726_0950 snip [11/49] snip_115956.850_116019.850.flac
9038.1s - extractor 0: Karlan Forrester - Soybean Attractiveness/EBN/4/210726_0950 snip [12/49] snip_121397.360_121753.510.flac
9039.0s - extractor 0: Karlan Forrester - Soybean Attractiveness/EBN/4/210726_0950 snip [13/49] snip_12195.530_12262.370.flac
9039.1s - extractor 0: Karlan Forrester - Soybean Attractiveness/EBN/4/210726_0950 snip [14/49] snip_126570.000_126633.000.flac
9039.1s - extractor 0: Karlan Forrester - Soybean Attractiveness/EBN/4/210726_0950 snip [15/49] snip_130170.000_130233.000.flac
9039.2s - extractor 0: Karlan Forrester - Soybean Attractiveness/EBN/4/210726_0950 snip [16/49] snip_133770.000_133833.000.flac
9039.2s - extractor 0: Karlan Forrester - Soybean Attractiveness/EBN/4/210726_0950 snip [17/49] snip_137370.000_137433.000.flac
9039.2s - extractor 0: Karlan Forrester - Soybean Attractiveness/EBN/4/210726_0950 snip [18/49] snip_14016.880_14089.330.flac
9039.3s - extractor 0: Karlan Forrester - Soybean Attractiveness/EBN/4/210726_0950 snip [19/49] snip_140970.000_141033.000.flac
9039.4s - extractor 0: Karlan Forrester - Soybean Attractiveness/EBN/4/210726_0950 snip [20/49] snip_144570.000_144633.000.flac
9039.4s - extractor 0: Karlan Forrester - Soybean Attractiveness/EBN/4/210726_0950 snip [21/49] snip_148170.000_148233.000.flac
9039.4s - extractor 0: Karlan Forrester - Soybean Attractiveness/EBN/4/210726_0950 snip [22/49] snip_166170.000_166233.000.flac
9039.4s - extractor 0: Karlan Forrester - Soybean Attractiveness/EBN/4/210726_0950 snip [23/49] snip_17579.870_17916.390.flac
9040.4s - extractor 0: rescued 'ins_buzz_low' at 17683.860s (1.240s) as ins_buzz_low+ins_buzz_medium
9040.4s - extractor 0: Karlan Forrester - Soybean Attractiveness/EBN/4/210726_0950 snip [24/49] snip_20737.680_20800.680.flac
9040.4s - extractor 0: Karlan Forrester - Soybean Attractiveness/EBN/4/210726_0950 snip [25/49] snip_26353.910_26416.910.flac
9040.5s - extractor 0: Karlan Forrester - Soybean Attractiveness/EBN/4/210726_0950 snip [26/49] snip_27653.330_27716.330.flac
9040.5s - extractor 0: Karlan Forrester - Soybean Attractiveness/EBN/4/210726_0950 snip [27/49] snip_28429.220_28492.220.flac
9040.6s - extractor 0: Karlan Forrester - Soybean Attractiveness/EBN/4/210726_0950 snip [28/49] snip_29519.750_29582.750.flac
9040.6s - extractor 0: Karlan Forrester - Soybean Attractiveness/EBN/4/210726_0950 snip [29/49] snip_43770.000_43833.000.flac
9040.8s - extractor 0: Karlan Forrester - Soybean Attractiveness/EBN/4/210726_0950 snip [30/49] snip_47370.000_47433.000.flac
9040.8s - extractor 0: Karlan Forrester - Soybean Attractiveness/EBN/4/210726_0950 snip [31/49] snip_50970.000_51033.000.flac
9040.9s - extractor 0: Karlan Forrester - Soybean Attractiveness/EBN/4/210726_0950 snip [32/49] snip_5119.480_5182.480.flac
9041.0s - extractor 0: Karlan Forrester - Soybean Attractiveness/EBN/4/210726_0950 snip [33/49] snip_53276.320_53339.320.flac
9041.1s - extractor 0: Karlan Forrester - Soybean Attractiveness/EBN/4/210726_0950 snip [34/49] snip_54570.000_54633.000.flac
9041.2s - extractor 0: Karlan Forrester - Soybean Attractiveness/EBN/4/210726_0950 snip [35/49] snip_58170.000_58233.000.flac
9041.3s - extractor 0: Karlan Forrester - Soybean Attractiveness/EBN/4/210726_0950 snip [36/49] snip_61770.000_61833.000.flac
9041.4s - extractor 0: Karlan Forrester - Soybean Attractiveness/EBN/4/210726_0950 snip [37/49] snip_65370.000_65433.000.flac
9041.4s - extractor 0: Karlan Forrester - Soybean Attractiveness/EBN/4/210726_0950 snip [38/49] snip_68970.000_69033.000.flac
9041.5s - extractor 0: Karlan Forrester - Soybean Attractiveness/EBN/4/210726_0950 snip [39/49] snip_6921.440_7035.410.flac
9041.6s - extractor 0: Karlan Forrester - Soybean Attractiveness/EBN/4/210726_0950 snip [40/49] snip_72570.000_72633.000.flac
9041.7s - extractor 0: Karlan Forrester - Soybean Attractiveness/EBN/4/210726_0950 snip [41/49] snip_76170.000_76233.000.flac
9041.8s - extractor 0: Karlan Forrester - Soybean Attractiveness/EBN/4/210726_0950 snip [42/49] snip_77154.720_77217.720.flac
9041.9s - extractor 0: Karlan Forrester - Soybean Attractiveness/EBN/4/210726_0950 snip [43/49] snip_78875.720_78938.720.flac
9041.9s - extractor 0: Karlan Forrester - Soybean Attractiveness/EBN/4/210726_0950 snip [44/49] snip_79770.000_79833.000.flac
9042.0s - extractor 0: Karlan Forrester - Soybean Attractiveness/EBN/4/210726_0950 snip [45/49] snip_80706.450_80769.450.flac
9042.1s - extractor 0: Karlan Forrester - Soybean Attractiveness/EBN/4/210726_0950 snip [46/49] snip_82708.660_82771.660.flac
9042.1s - extractor 0: Karlan Forrester - Soybean Attractiveness/EBN/4/210726_0950 snip [47/49] snip_84426.770_84489.770.flac
9042.2s - extractor 0: Karlan Forrester - Soybean Attractiveness/EBN/4/210726_0950 snip [48/49] snip_91661.380_91724.380.flac
9042.3s - extractor 0: Karlan Forrester - Soybean Attractiveness/EBN/4/210726_0950 snip [49/49] snip_97155.470_97216.500.flac
9165.3s - extractor 1: [42] Karlan Forrester - Soybean Attractiveness/EBN/4/210723_1112 — 37 snip(s) → 164 frames, 13 label(s) (ident took 147.0s)
9165.3s - extractor 1: [43] Karlan Forrester - Soybean Attractiveness/EBN/4/210728_1132 — starting (both)
9165.3s - extractor 1: Karlan Forrester - Soybean Attractiveness/EBN/4/210728_1132 snip [1/11] snip_10464.320_10527.320.flac
9165.4s - extractor 1: Karlan Forrester - Soybean Attractiveness/EBN/4/210728_1132 snip [2/11] snip_1081.880_1142.880.flac
9165.4s - extractor 1: Karlan Forrester - Soybean Attractiveness/EBN/4/210728_1132 snip [3/11] snip_12157.720_12272.230.flac
9165.6s - extractor 1: Karlan Forrester - Soybean Attractiveness/EBN/4/210728_1132 snip [4/11] snip_12383.960_12444.960.flac
9165.7s - extractor 1: Karlan Forrester - Soybean Attractiveness/EBN/4/210728_1132 snip [5/11] snip_12469.320_12693.830.flac
9166.1s - extractor 1: Karlan Forrester - Soybean Attractiveness/EBN/4/210728_1132 snip [6/11] snip_13544.090_13609.340.flac
9166.2s - extractor 1: Karlan Forrester - Soybean Attractiveness/EBN/4/210728_1132 snip [7/11] snip_13845.720_13931.100.flac
9166.3s - extractor 1: Karlan Forrester - Soybean Attractiveness/EBN/4/210728_1132 snip [8/11] snip_15023.240_15086.240.flac
9166.4s - extractor 1: Karlan Forrester - Soybean Attractiveness/EBN/4/210728_1132 snip [9/11] snip_2446.750_2800.860.flac
9167.4s - extractor 1: Karlan Forrester - Soybean Attractiveness/EBN/4/210728_1132 snip [10/11] snip_6547.890_6608.940.flac
9167.4s - extractor 1: Karlan Forrester - Soybean Attractiveness/EBN/4/210728_1132 snip [11/11] snip_7832.100_7895.100.flac
9210.8s - extractor 0: [33] Karlan Forrester - Soybean Attractiveness/EBN/4/210726_0950 — 49 snip(s) → 189 frames, 17 label(s) (ident took 173.2s)
9210.8s - extractor 0: [34] Karlan Forrester - Soybean Attractiveness/EBN/4/210805_0800 — starting (both)
9210.8s - extractor 0: Karlan Forrester - Soybean Attractiveness/EBN/4/210805_0800 snip [1/50] snip_0.000_83.730.flac
9211.2s - extractor 0: Karlan Forrester - Soybean Attractiveness/EBN/4/210805_0800 snip [2/50] snip_101740.450_101803.450.flac
9211.3s - extractor 0: Karlan Forrester - Soybean Attractiveness/EBN/4/210805_0800 snip [3/50] snip_106166.020_106229.020.flac
9211.4s - extractor 0: Karlan Forrester - Soybean Attractiveness/EBN/4/210805_0800 snip [4/50] snip_107910.500_107973.500.flac
9211.5s - extractor 0: Karlan Forrester - Soybean Attractiveness/EBN/4/210805_0800 snip [5/50] snip_108829.240_108892.240.flac
9211.5s - extractor 0: Karlan Forrester - Soybean Attractiveness/EBN/4/210805_0800 snip [6/50] snip_110055.560_110147.630.flac
9211.7s - extractor 0: Karlan Forrester - Soybean Attractiveness/EBN/4/210805_0800 snip [7/50] snip_111345.490_111408.490.flac
9211.8s - extractor 0: Karlan Forrester - Soybean Attractiveness/EBN/4/210805_0800 snip [8/50] snip_111965.330_112028.330.flac
9211.8s - extractor 0: Karlan Forrester - Soybean Attractiveness/EBN/4/210805_0800 snip [9/50] snip_113591.350_113654.350.flac
9211.9s - extractor 0: Karlan Forrester - Soybean Attractiveness/EBN/4/210805_0800 snip [10/50] snip_115982.440_116045.440.flac
9212.0s - extractor 0: Karlan Forrester - Soybean Attractiveness/EBN/4/210805_0800 snip [11/50] snip_121576.820_121639.820.flac
9212.1s - extractor 0: Karlan Forrester - Soybean Attractiveness/EBN/4/210805_0800 snip [12/50] snip_133170.000_133233.000.flac
9212.2s - extractor 0: Karlan Forrester - Soybean Attractiveness/EBN/4/210805_0800 snip [13/50] snip_136770.000_136833.000.flac
9212.3s - extractor 0: Karlan Forrester - Soybean Attractiveness/EBN/4/210805_0800 snip [14/50] snip_140370.000_140433.000.flac
9212.4s - extractor 0: Karlan Forrester - Soybean Attractiveness/EBN/4/210805_0800 snip [15/50] snip_143970.000_144033.000.flac
9212.5s - extractor 0: Karlan Forrester - Soybean Attractiveness/EBN/4/210805_0800 snip [16/50] snip_147570.000_147633.000.flac
9212.5s - extractor 0: Karlan Forrester - Soybean Attractiveness/EBN/4/210805_0800 snip [17/50] snip_151170.000_151233.000.flac
9212.6s - extractor 0: Karlan Forrester - Soybean Attractiveness/EBN/4/210805_0800 snip [18/50] snip_1513.910_1576.910.flac
9212.7s - extractor 0: Karlan Forrester - Soybean Attractiveness/EBN/4/210805_0800 snip [19/50] snip_15496.230_15559.230.flac
9212.8s - extractor 0: Karlan Forrester - Soybean Attractiveness/EBN/4/210805_0800 snip [20/50] snip_15716.480_15785.880.flac
9212.9s - extractor 0: Karlan Forrester - Soybean Attractiveness/EBN/4/210805_0800 snip [21/50] snip_18936.330_19296.170.flac
9213.9s - extractor 0: rescued 'ins_buzz_low' at 19157.220s (0.540s) as ambient_rain+ins_buzz_low+mech_plane_prop
9213.9s - extractor 0: Karlan Forrester - Soybean Attractiveness/EBN/4/210805_0800 snip [22/50] snip_22778.410_22839.410.flac
9213.9s - extractor 0: Karlan Forrester - Soybean Attractiveness/EBN/4/210805_0800 snip [23/50] snip_2308.360_2371.360.flac
9214.0s - extractor 0: Karlan Forrester - Soybean Attractiveness/EBN/4/210805_0800 snip [24/50] snip_23994.730_24058.350.flac
9214.0s - extractor 0: Karlan Forrester - Soybean Attractiveness/EBN/4/210805_0800 snip [25/50] snip_24636.920_24699.920.flac
9214.0s - extractor 0: Karlan Forrester - Soybean Attractiveness/EBN/4/210805_0800 snip [26/50] snip_24720.880_24781.880.flac
9214.1s - extractor 0: Karlan Forrester - Soybean Attractiveness/EBN/4/210805_0800 snip [27/50] snip_2574.550_2637.550.flac
9214.1s - extractor 0: Karlan Forrester - Soybean Attractiveness/EBN/4/210805_0800 snip [28/50] snip_27807.280_28166.320.flac
9215.5s - extractor 0: Karlan Forrester - Soybean Attractiveness/EBN/4/210805_0800 snip [29/50] snip_2979.120_3042.120.flac
9215.5s - extractor 0: Karlan Forrester - Soybean Attractiveness/EBN/4/210805_0800 snip [30/50] snip_30940.840_31272.650.flac
9216.1s - extractor 0: Karlan Forrester - Soybean Attractiveness/EBN/4/210805_0800 snip [31/50] snip_31278.980_31341.980.flac
9216.1s - extractor 0: Karlan Forrester - Soybean Attractiveness/EBN/4/210805_0800 snip [32/50] snip_37262.830_37621.930.flac
9217.6s - extractor 0: Karlan Forrester - Soybean Attractiveness/EBN/4/210805_0800 snip [33/50] snip_46770.000_46833.000.flac
9217.7s - extractor 0: Karlan Forrester - Soybean Attractiveness/EBN/4/210805_0800 snip [34/50] snip_50370.000_50433.000.flac
9217.7s - extractor 0: Karlan Forrester - Soybean Attractiveness/EBN/4/210805_0800 snip [35/50] snip_53970.000_54033.000.flac
9217.8s - extractor 0: Karlan Forrester - Soybean Attractiveness/EBN/4/210805_0800 snip [36/50] snip_5756.770_5819.770.flac
9217.8s - extractor 0: Karlan Forrester - Soybean Attractiveness/EBN/4/210805_0800 snip [37/50] snip_57570.000_57633.000.flac
9217.8s - extractor 0: Karlan Forrester - Soybean Attractiveness/EBN/4/210805_0800 snip [38/50] snip_59645.570_59708.570.flac
9217.9s - extractor 0: Karlan Forrester - Soybean Attractiveness/EBN/4/210805_0800 snip [39/50] snip_61170.000_61233.000.flac
9217.9s - extractor 0: Karlan Forrester - Soybean Attractiveness/EBN/4/210805_0800 snip [40/50] snip_637.280_700.280.flac
9217.9s - extractor 0: Karlan Forrester - Soybean Attractiveness/EBN/4/210805_0800 snip [41/50] snip_64770.000_64833.000.flac
9218.0s - extractor 0: Karlan Forrester - Soybean Attractiveness/EBN/4/210805_0800 snip [42/50] snip_68370.000_68433.000.flac
9218.0s - extractor 0: Karlan Forrester - Soybean Attractiveness/EBN/4/210805_0800 snip [43/50] snip_79170.000_79233.000.flac
9218.0s - extractor 0: Karlan Forrester - Soybean Attractiveness/EBN/4/210805_0800 snip [44/50] snip_8216.000_8277.000.flac
9218.1s - extractor 0: Karlan Forrester - Soybean Attractiveness/EBN/4/210805_0800 snip [45/50] snip_83492.360_83555.360.flac
9218.1s - extractor 0: Karlan Forrester - Soybean Attractiveness/EBN/4/210805_0800 snip [46/50] snip_85432.600_85495.600.flac
9218.1s - extractor 0: Karlan Forrester - Soybean Attractiveness/EBN/4/210805_0800 snip [47/50] snip_86370.000_86433.000.flac
9218.2s - extractor 0: Karlan Forrester - Soybean Attractiveness/EBN/4/210805_0800 snip [48/50] snip_87877.920_87940.920.flac
9218.2s - extractor 0: Karlan Forrester - Soybean Attractiveness/EBN/4/210805_0800 snip [49/50] snip_88995.120_89058.120.flac
9218.3s - extractor 0: Karlan Forrester - Soybean Attractiveness/EBN/4/210805_0800 snip [50/50] snip_93491.480_93554.480.flac
9240.6s - extractor 1: [43] Karlan Forrester - Soybean Attractiveness/EBN/4/210728_1132 — 11 snip(s) → 89 frames, 8 label(s) (ident took 75.3s)
9240.6s - extractor 1: [44] Karlan Forrester - Soybean Attractiveness/L6-8/4/210721_0855 — starting (both)
9240.6s - extractor 1: Karlan Forrester - Soybean Attractiveness/L6-8/4/210721_0855 snip [1/104] snip_0.000_36.800.flac
9240.7s - extractor 1: Karlan Forrester - Soybean Attractiveness/L6-8/4/210721_0855 snip [2/104] snip_100012.840_100075.840.flac
9240.7s - extractor 1: Karlan Forrester - Soybean Attractiveness/L6-8/4/210721_0855 snip [3/104] snip_102444.740_102507.740.flac
9240.8s - extractor 1: Karlan Forrester - Soybean Attractiveness/L6-8/4/210721_0855 snip [4/104] snip_10293.180_10354.180.flac
9240.9s - extractor 1: Karlan Forrester - Soybean Attractiveness/L6-8/4/210721_0855 snip [5/104] snip_104286.450_104347.470.flac
9240.9s - extractor 1: Karlan Forrester - Soybean Attractiveness/L6-8/4/210721_0855 snip [6/104] snip_1043.310_1104.370.flac
9240.9s - extractor 1: Karlan Forrester - Soybean Attractiveness/L6-8/4/210721_0855 snip [7/104] snip_104581.520_104642.520.flac
9241.0s - extractor 1: Karlan Forrester - Soybean Attractiveness/L6-8/4/210721_0855 snip [8/104] snip_105294.280_105355.280.flac
9241.0s - extractor 1: Karlan Forrester - Soybean Attractiveness/L6-8/4/210721_0855 snip [9/104] snip_107583.560_107646.560.flac
9241.1s - extractor 1: Karlan Forrester - Soybean Attractiveness/L6-8/4/210721_0855 snip [10/104] snip_108321.780_108384.780.flac
9241.1s - extractor 1: Karlan Forrester - Soybean Attractiveness/L6-8/4/210721_0855 snip [11/104] snip_109059.340_109120.340.flac
9241.1s - extractor 1: Karlan Forrester - Soybean Attractiveness/L6-8/4/210721_0855 snip [12/104] snip_109314.400_109377.400.flac
9241.1s - extractor 1: Karlan Forrester - Soybean Attractiveness/L6-8/4/210721_0855 snip [13/104] snip_110147.440_110208.440.flac
9241.2s - extractor 1: Karlan Forrester - Soybean Attractiveness/L6-8/4/210721_0855 snip [14/104] snip_110250.600_110313.600.flac
9241.2s - extractor 1: Karlan Forrester - Soybean Attractiveness/L6-8/4/210721_0855 snip [15/104] snip_110560.630_110623.630.flac
9241.3s - extractor 1: Karlan Forrester - Soybean Attractiveness/L6-8/4/210721_0855 snip [16/104] snip_111285.810_111348.810.flac
9241.3s - extractor 1: Karlan Forrester - Soybean Attractiveness/L6-8/4/210721_0855 snip [17/104] snip_11153.820_11214.820.flac
9241.3s - extractor 1: Karlan Forrester - Soybean Attractiveness/L6-8/4/210721_0855 snip [18/104] snip_111805.520_111866.640.flac
9241.4s - extractor 1: Karlan Forrester - Soybean Attractiveness/L6-8/4/210721_0855 snip [19/104] snip_111997.320_112069.620.flac
9241.5s - extractor 1: Karlan Forrester - Soybean Attractiveness/L6-8/4/210721_0855 snip [20/104] snip_112288.190_112349.190.flac
9241.6s - extractor 1: Karlan Forrester - Soybean Attractiveness/L6-8/4/210721_0855 snip [21/104] snip_112616.310_112679.310.flac
9241.6s - extractor 1: Karlan Forrester - Soybean Attractiveness/L6-8/4/210721_0855 snip [22/104] snip_11305.010_11366.000.flac
9241.7s - extractor 1: Karlan Forrester - Soybean Attractiveness/L6-8/4/210721_0855 snip [23/104] snip_113157.740_113218.740.flac
9241.7s - extractor 1: Karlan Forrester - Soybean Attractiveness/L6-8/4/210721_0855 snip [24/104] snip_113924.470_113987.470.flac
9241.7s - extractor 1: Karlan Forrester - Soybean Attractiveness/L6-8/4/210721_0855 snip [25/104] snip_114025.640_114106.550.flac
9241.8s - extractor 1: Karlan Forrester - Soybean Attractiveness/L6-8/4/210721_0855 snip [26/104] snip_114543.360_114606.360.flac
9241.8s - extractor 1: Karlan Forrester - Soybean Attractiveness/L6-8/4/210721_0855 snip [27/104] snip_115905.410_116028.430.flac
9241.9s - extractor 1: Karlan Forrester - Soybean Attractiveness/L6-8/4/210721_0855 snip [28/104] snip_117810.930_117873.930.flac
9242.0s - extractor 1: Karlan Forrester - Soybean Attractiveness/L6-8/4/210721_0855 snip [29/104] snip_11862.270_11925.720.flac
9242.0s - extractor 1: Karlan Forrester - Soybean Attractiveness/L6-8/4/210721_0855 snip [30/104] snip_119367.760_119430.760.flac
9242.0s - extractor 1: Karlan Forrester - Soybean Attractiveness/L6-8/4/210721_0855 snip [31/104] snip_121056.790_121119.790.flac
9242.1s - extractor 1: Karlan Forrester - Soybean Attractiveness/L6-8/4/210721_0855 snip [32/104] snip_12453.980_12514.980.flac
9242.2s - extractor 1: Karlan Forrester - Soybean Attractiveness/L6-8/4/210721_0855 snip [33/104] snip_129870.000_129933.000.flac
9242.2s - extractor 1: Karlan Forrester - Soybean Attractiveness/L6-8/4/210721_0855 snip [34/104] snip_133470.000_133533.000.flac
9242.3s - extractor 1: Karlan Forrester - Soybean Attractiveness/L6-8/4/210721_0855 snip [35/104] snip_13470.700_13531.700.flac
9242.4s - extractor 1: Karlan Forrester - Soybean Attractiveness/L6-8/4/210721_0855 snip [36/104] snip_137070.000_137133.000.flac
9242.4s - extractor 1: Karlan Forrester - Soybean Attractiveness/L6-8/4/210721_0855 snip [37/104] snip_13991.440_14054.440.flac
9242.4s - extractor 1: Karlan Forrester - Soybean Attractiveness/L6-8/4/210721_0855 snip [38/104] snip_140670.000_140733.000.flac
9242.5s - extractor 1: Karlan Forrester - Soybean Attractiveness/L6-8/4/210721_0855 snip [39/104] snip_144270.000_144333.000.flac
9242.6s - extractor 1: Karlan Forrester - Soybean Attractiveness/L6-8/4/210721_0855 snip [40/104] snip_14479.860_14541.010.flac
9242.6s - extractor 1: Karlan Forrester - Soybean Attractiveness/L6-8/4/210721_0855 snip [41/104] snip_147870.000_147933.000.flac
9242.7s - extractor 1: Karlan Forrester - Soybean Attractiveness/L6-8/4/210721_0855 snip [42/104] snip_151470.000_151533.000.flac
9242.7s - extractor 1: Karlan Forrester - Soybean Attractiveness/L6-8/4/210721_0855 snip [43/104] snip_15406.900_15467.890.flac
9242.8s - extractor 1: Karlan Forrester - Soybean Attractiveness/L6-8/4/210721_0855 snip [44/104] snip_155070.000_155133.000.flac
9242.8s - extractor 1: Karlan Forrester - Soybean Attractiveness/L6-8/4/210721_0855 snip [45/104] snip_15849.900_15919.010.flac
9242.9s - extractor 1: Karlan Forrester - Soybean Attractiveness/L6-8/4/210721_0855 snip [46/104] snip_158670.000_158733.000.flac
9242.9s - extractor 1: Karlan Forrester - Soybean Attractiveness/L6-8/4/210721_0855 snip [47/104] snip_15984.680_16098.880.flac
9243.2s - extractor 1: Karlan Forrester - Soybean Attractiveness/L6-8/4/210721_0855 snip [48/104] snip_162270.000_162333.000.flac
9243.2s - extractor 1: Karlan Forrester - Soybean Attractiveness/L6-8/4/210721_0855 snip [49/104] snip_165870.000_165933.000.flac
9243.3s - extractor 1: Karlan Forrester - Soybean Attractiveness/L6-8/4/210721_0855 snip [50/104] snip_169470.000_169533.000.flac
9243.3s - extractor 1: Karlan Forrester - Soybean Attractiveness/L6-8/4/210721_0855 snip [51/104] snip_18436.570_18497.570.flac
9243.4s - extractor 1: Karlan Forrester - Soybean Attractiveness/L6-8/4/210721_0855 snip [52/104] snip_19284.810_19345.810.flac
9243.4s - extractor 1: Karlan Forrester - Soybean Attractiveness/L6-8/4/210721_0855 snip [53/104] snip_20253.520_20316.520.flac
9243.5s - extractor 1: Karlan Forrester - Soybean Attractiveness/L6-8/4/210721_0855 snip [54/104] snip_21805.150_21866.150.flac
9243.5s - extractor 1: Karlan Forrester - Soybean Attractiveness/L6-8/4/210721_0855 snip [55/104] snip_22395.820_22459.650.flac
9243.6s - extractor 1: Karlan Forrester - Soybean Attractiveness/L6-8/4/210721_0855 snip [56/104] snip_22710.440_22771.440.flac
9243.7s - extractor 1: Karlan Forrester - Soybean Attractiveness/L6-8/4/210721_0855 snip [57/104] snip_22986.220_23047.280.flac
9243.7s - extractor 1: Karlan Forrester - Soybean Attractiveness/L6-8/4/210721_0855 snip [58/104] snip_23067.700_23128.750.flac
9243.8s - extractor 1: Karlan Forrester - Soybean Attractiveness/L6-8/4/210721_0855 snip [59/104] snip_23900.240_23963.240.flac
9243.8s - extractor 1: Karlan Forrester - Soybean Attractiveness/L6-8/4/210721_0855 snip [60/104] snip_24085.010_24146.190.flac
9243.9s - extractor 1: Karlan Forrester - Soybean Attractiveness/L6-8/4/210721_0855 snip [61/104] snip_24920.930_24983.930.flac
9243.9s - extractor 1: Karlan Forrester - Soybean Attractiveness/L6-8/4/210721_0855 snip [62/104] snip_25890.060_25951.120.flac
9244.0s - extractor 1: Karlan Forrester - Soybean Attractiveness/L6-8/4/210721_0855 snip [63/104] snip_27113.800_27176.800.flac
9244.0s - extractor 1: Karlan Forrester - Soybean Attractiveness/L6-8/4/210721_0855 snip [64/104] snip_28763.120_28826.120.flac
9244.1s - extractor 1: Karlan Forrester - Soybean Attractiveness/L6-8/4/210721_0855 snip [65/104] snip_29056.100_29119.100.flac
9244.1s - extractor 1: Karlan Forrester - Soybean Attractiveness/L6-8/4/210721_0855 snip [66/104] snip_29723.780_29786.780.flac
9244.1s - extractor 1: Karlan Forrester - Soybean Attractiveness/L6-8/4/210721_0855 snip [67/104] snip_30271.890_30334.890.flac
9244.2s - extractor 1: Karlan Forrester - Soybean Attractiveness/L6-8/4/210721_0855 snip [68/104] snip_30565.600_30628.600.flac
9244.3s - extractor 1: Karlan Forrester - Soybean Attractiveness/L6-8/4/210721_0855 snip [69/104] snip_31403.940_31466.940.flac
9244.3s - extractor 1: Karlan Forrester - Soybean Attractiveness/L6-8/4/210721_0855 snip [70/104] snip_32969.600_33032.600.flac
9244.4s - extractor 1: Karlan Forrester - Soybean Attractiveness/L6-8/4/210721_0855 snip [71/104] snip_34238.280_34301.280.flac
9244.4s - extractor 1: Karlan Forrester - Soybean Attractiveness/L6-8/4/210721_0855 snip [72/104] snip_35538.400_35601.400.flac
9244.5s - extractor 1: Karlan Forrester - Soybean Attractiveness/L6-8/4/210721_0855 snip [73/104] snip_37230.020_37293.020.flac
9244.5s - extractor 1: Karlan Forrester - Soybean Attractiveness/L6-8/4/210721_0855 snip [74/104] snip_43470.000_43533.000.flac
9244.6s - extractor 1: Karlan Forrester - Soybean Attractiveness/L6-8/4/210721_0855 snip [75/104] snip_47070.000_47133.000.flac
9244.7s - extractor 1: Karlan Forrester - Soybean Attractiveness/L6-8/4/210721_0855 snip [76/104] snip_4776.110_4837.170.flac
9244.7s - extractor 1: Karlan Forrester - Soybean Attractiveness/L6-8/4/210721_0855 snip [77/104] snip_50670.000_50733.000.flac
9244.7s - extractor 1: Karlan Forrester - Soybean Attractiveness/L6-8/4/210721_0855 snip [78/104] snip_54270.000_54333.000.flac
9244.8s - extractor 1: Karlan Forrester - Soybean Attractiveness/L6-8/4/210721_0855 snip [79/104] snip_57870.000_57933.000.flac
9244.8s - extractor 1: Karlan Forrester - Soybean Attractiveness/L6-8/4/210721_0855 snip [80/104] snip_58770.370_58833.370.flac
9244.9s - extractor 1: Karlan Forrester - Soybean Attractiveness/L6-8/4/210721_0855 snip [81/104] snip_61470.000_61533.000.flac
9245.0s - extractor 1: Karlan Forrester - Soybean Attractiveness/L6-8/4/210721_0855 snip [82/104] snip_65070.000_65133.000.flac
9245.0s - extractor 1: Karlan Forrester - Soybean Attractiveness/L6-8/4/210721_0855 snip [83/104] snip_6801.520_6864.520.flac
9245.0s - extractor 1: Karlan Forrester - Soybean Attractiveness/L6-8/4/210721_0855 snip [84/104] snip_68670.000_68733.000.flac
9245.0s - extractor 1: Karlan Forrester - Soybean Attractiveness/L6-8/4/210721_0855 snip [85/104] snip_72270.000_72333.000.flac
9245.1s - extractor 1: Karlan Forrester - Soybean Attractiveness/L6-8/4/210721_0855 snip [86/104] snip_75870.000_75933.000.flac
9245.1s - extractor 1: Karlan Forrester - Soybean Attractiveness/L6-8/4/210721_0855 snip [87/104] snip_79470.000_79533.000.flac
9245.2s - extractor 1: Karlan Forrester - Soybean Attractiveness/L6-8/4/210721_0855 snip [88/104] snip_79924.310_79987.310.flac
9245.2s - extractor 1: Karlan Forrester - Soybean Attractiveness/L6-8/4/210721_0855 snip [89/104] snip_80689.190_80752.190.flac
9245.3s - extractor 1: Karlan Forrester - Soybean Attractiveness/L6-8/4/210721_0855 snip [90/104] snip_81508.920_81571.920.flac
9245.3s - extractor 1: Karlan Forrester - Soybean Attractiveness/L6-8/4/210721_0855 snip [91/104] snip_83070.000_83133.000.flac
9245.3s - extractor 1: Karlan Forrester - Soybean Attractiveness/L6-8/4/210721_0855 snip [92/104] snip_83542.310_83605.310.flac
9245.3s - extractor 1: Karlan Forrester - Soybean Attractiveness/L6-8/4/210721_0855 snip [93/104] snip_85899.520_85962.520.flac
9245.4s - extractor 1: Karlan Forrester - Soybean Attractiveness/L6-8/4/210721_0855 snip [94/104] snip_8740.440_8801.440.flac
9245.5s - extractor 1: Karlan Forrester - Soybean Attractiveness/L6-8/4/210721_0855 snip [95/104] snip_87473.330_87536.330.flac
9245.5s - extractor 1: Karlan Forrester - Soybean Attractiveness/L6-8/4/210721_0855 snip [96/104] snip_88573.110_88636.110.flac
9245.5s - extractor 1: Karlan Forrester - Soybean Attractiveness/L6-8/4/210721_0855 snip [97/104] snip_91449.270_91512.270.flac
9245.6s - extractor 1: Karlan Forrester - Soybean Attractiveness/L6-8/4/210721_0855 snip [98/104] snip_94206.720_94269.720.flac
9245.6s - extractor 1: Karlan Forrester - Soybean Attractiveness/L6-8/4/210721_0855 snip [99/104] snip_94344.410_94405.410.flac
9245.6s - extractor 1: Karlan Forrester - Soybean Attractiveness/L6-8/4/210721_0855 snip [100/104] snip_94959.380_95022.380.flac
9245.7s - extractor 1: Karlan Forrester - Soybean Attractiveness/L6-8/4/210721_0855 snip [101/104] snip_96125.300_96188.300.flac
9245.8s - extractor 1: Karlan Forrester - Soybean Attractiveness/L6-8/4/210721_0855 snip [102/104] snip_96676.030_96737.030.flac
9245.8s - extractor 1: Karlan Forrester - Soybean Attractiveness/L6-8/4/210721_0855 snip [103/104] snip_96894.870_96957.870.flac
9245.9s - extractor 1: Karlan Forrester - Soybean Attractiveness/L6-8/4/210721_0855 snip [104/104] snip_97570.160_97633.160.flac
9412.8s - extractor 1: [44] Karlan Forrester - Soybean Attractiveness/L6-8/4/210721_0855 — 104 snip(s) → 184 frames, 8 label(s) (ident took 172.2s)
9412.8s - extractor 1: [45] Karlan Forrester - Soybean Attractiveness/L6-8/4/210723_1038 — starting (both)
9412.8s - extractor 1: Karlan Forrester - Soybean Attractiveness/L6-8/4/210723_1038 snip [1/65] snip_10894.100_10957.100.flac
9412.9s - extractor 1: Karlan Forrester - Soybean Attractiveness/L6-8/4/210723_1038 snip [2/65] snip_11447.860_11510.860.flac
9412.9s - extractor 1: Karlan Forrester - Soybean Attractiveness/L6-8/4/210723_1038 snip [3/65] snip_12241.400_12302.400.flac
9412.9s - extractor 1: Karlan Forrester - Soybean Attractiveness/L6-8/4/210723_1038 snip [4/65] snip_12790.560_12853.560.flac
9413.0s - extractor 1: Karlan Forrester - Soybean Attractiveness/L6-8/4/210723_1038 snip [5/65] snip_14523.640_14586.640.flac
9413.1s - extractor 1: Karlan Forrester - Soybean Attractiveness/L6-8/4/210723_1038 snip [6/65] snip_15046.330_15107.330.flac
9413.1s - extractor 1: Karlan Forrester - Soybean Attractiveness/L6-8/4/210723_1038 snip [7/65] snip_15314.960_15429.860.flac
9413.2s - extractor 1: Karlan Forrester - Soybean Attractiveness/L6-8/4/210723_1038 snip [8/65] snip_15916.160_15979.160.flac
9413.2s - extractor 1: Karlan Forrester - Soybean Attractiveness/L6-8/4/210723_1038 snip [9/65] snip_16787.870_16848.870.flac
9413.3s - extractor 1: Karlan Forrester - Soybean Attractiveness/L6-8/4/210723_1038 snip [10/65] snip_17580.520_17643.520.flac
9413.4s - extractor 1: Karlan Forrester - Soybean Attractiveness/L6-8/4/210723_1038 snip [11/65] snip_17943.520_18004.520.flac
9413.4s - extractor 1: Karlan Forrester - Soybean Attractiveness/L6-8/4/210723_1038 snip [12/65] snip_18589.970_18652.970.flac
9413.5s - extractor 1: Karlan Forrester - Soybean Attractiveness/L6-8/4/210723_1038 snip [13/65] snip_19775.960_19838.960.flac
9413.5s - extractor 1: Karlan Forrester - Soybean Attractiveness/L6-8/4/210723_1038 snip [14/65] snip_20934.930_20997.930.flac
9413.6s - extractor 1: Karlan Forrester - Soybean Attractiveness/L6-8/4/210723_1038 snip [15/65] snip_21412.200_21475.200.flac
9413.6s - extractor 1: Karlan Forrester - Soybean Attractiveness/L6-8/4/210723_1038 snip [16/65] snip_21683.670_21746.670.flac
9413.7s - extractor 1: Karlan Forrester - Soybean Attractiveness/L6-8/4/210723_1038 snip [17/65] snip_21820.080_21881.070.flac
9413.7s - extractor 1: Karlan Forrester - Soybean Attractiveness/L6-8/4/210723_1038 snip [18/65] snip_22458.950_22521.950.flac
9413.8s - extractor 1: Karlan Forrester - Soybean Attractiveness/L6-8/4/210723_1038 snip [19/65] snip_23099.820_23160.910.flac
9413.8s - extractor 1: Karlan Forrester - Soybean Attractiveness/L6-8/4/210723_1038 snip [20/65] snip_23181.220_23244.220.flac
9413.9s - extractor 1: Karlan Forrester - Soybean Attractiveness/L6-8/4/210723_1038 snip [21/65] snip_23646.780_23709.580.flac
9414.0s - extractor 1: Karlan Forrester - Soybean Attractiveness/L6-8/4/210723_1038 snip [22/65] snip_24995.430_25058.430.flac
9414.0s - extractor 1: Karlan Forrester - Soybean Attractiveness/L6-8/4/210723_1038 snip [23/65] snip_29664.440_29727.440.flac
9414.0s - extractor 1: Karlan Forrester - Soybean Attractiveness/L6-8/4/210723_1038 snip [24/65] snip_32094.990_32173.350.flac
9414.1s - extractor 1: Karlan Forrester - Soybean Attractiveness/L6-8/4/210723_1038 snip [25/65] snip_33139.380_33202.380.flac
9414.2s - extractor 1: Karlan Forrester - Soybean Attractiveness/L6-8/4/210723_1038 snip [26/65] snip_37290.000_37353.000.flac
9414.2s - extractor 1: Karlan Forrester - Soybean Attractiveness/L6-8/4/210723_1038 snip [27/65] snip_4065.720_4126.720.flac
9414.2s - extractor 1: Karlan Forrester - Soybean Attractiveness/L6-8/4/210723_1038 snip [28/65] snip_40890.000_40953.000.flac
9414.2s - extractor 1: Karlan Forrester - Soybean Attractiveness/L6-8/4/210723_1038 snip [29/65] snip_44490.000_44553.000.flac
9414.3s - extractor 1: Karlan Forrester - Soybean Attractiveness/L6-8/4/210723_1038 snip [30/65] snip_48090.000_48153.000.flac
9414.3s - extractor 1: Karlan Forrester - Soybean Attractiveness/L6-8/4/210723_1038 snip [31/65] snip_4909.350_4972.350.flac
9414.4s - extractor 1: Karlan Forrester - Soybean Attractiveness/L6-8/4/210723_1038 snip [32/65] snip_51690.000_51753.000.flac
9414.4s - extractor 1: Karlan Forrester - Soybean Attractiveness/L6-8/4/210723_1038 snip [33/65] snip_53384.450_53447.450.flac
9414.5s - extractor 1: Karlan Forrester - Soybean Attractiveness/L6-8/4/210723_1038 snip [34/65] snip_5375.640_5438.640.flac
9414.5s - extractor 1: Karlan Forrester - Soybean Attractiveness/L6-8/4/210723_1038 snip [35/65] snip_55290.000_55353.000.flac
9414.5s - extractor 1: Karlan Forrester - Soybean Attractiveness/L6-8/4/210723_1038 snip [36/65] snip_57685.170_57750.590.flac
9414.6s - extractor 1: Karlan Forrester - Soybean Attractiveness/L6-8/4/210723_1038 snip [37/65] snip_58890.000_58953.000.flac
9414.6s - extractor 1: Karlan Forrester - Soybean Attractiveness/L6-8/4/210723_1038 snip [38/65] snip_62490.000_62553.000.flac
9414.6s - extractor 1: Karlan Forrester - Soybean Attractiveness/L6-8/4/210723_1038 snip [39/65] snip_66090.000_66153.000.flac
9414.7s - extractor 1: Karlan Forrester - Soybean Attractiveness/L6-8/4/210723_1038 snip [40/65] snip_69690.000_69753.000.flac
9414.7s - extractor 1: Karlan Forrester - Soybean Attractiveness/L6-8/4/210723_1038 snip [41/65] snip_73290.000_73353.000.flac
9414.7s - extractor 1: Karlan Forrester - Soybean Attractiveness/L6-8/4/210723_1038 snip [42/65] snip_74638.770_74701.770.flac
9414.8s - extractor 1: Karlan Forrester - Soybean Attractiveness/L6-8/4/210723_1038 snip [43/65] snip_76721.960_76784.960.flac
9414.8s - extractor 1: Karlan Forrester - Soybean Attractiveness/L6-8/4/210723_1038 snip [44/65] snip_76890.000_76953.000.flac
9414.9s - extractor 1: Karlan Forrester - Soybean Attractiveness/L6-8/4/210723_1038 snip [45/65] snip_78177.960_78240.960.flac
9414.9s - extractor 1: Karlan Forrester - Soybean Attractiveness/L6-8/4/210723_1038 snip [46/65] snip_79332.710_79395.710.flac
9414.9s - extractor 1: Karlan Forrester - Soybean Attractiveness/L6-8/4/210723_1038 snip [47/65] snip_81071.450_81132.450.flac
9414.9s - extractor 1: Karlan Forrester - Soybean Attractiveness/L6-8/4/210723_1038 snip [48/65] snip_81514.040_81619.730.flac
9415.1s - extractor 1: Karlan Forrester - Soybean Attractiveness/L6-8/4/210723_1038 snip [49/65] snip_85277.700_85340.700.flac
9415.2s - extractor 1: Karlan Forrester - Soybean Attractiveness/L6-8/4/210723_1038 snip [50/65] snip_90988.320_91049.320.flac
9415.2s - extractor 1: Karlan Forrester - Soybean Attractiveness/L6-8/4/210723_1038 snip [51/65] snip_91369.920_91432.920.flac
9415.2s - extractor 1: Karlan Forrester - Soybean Attractiveness/L6-8/4/210723_1038 snip [52/65] snip_91991.760_92054.760.flac
9415.2s - extractor 1: Karlan Forrester - Soybean Attractiveness/L6-8/4/210723_1038 snip [53/65] snip_92231.920_92292.940.flac
9415.3s - extractor 1: Karlan Forrester - Soybean Attractiveness/L6-8/4/210723_1038 snip [54/65] snip_92351.680_92414.680.flac
9415.3s - extractor 1: Karlan Forrester - Soybean Attractiveness/L6-8/4/210723_1038 snip [55/65] snip_92473.420_92534.420.flac
9415.3s - extractor 1: Karlan Forrester - Soybean Attractiveness/L6-8/4/210723_1038 snip [56/65] snip_92609.590_92672.590.flac
9415.4s - extractor 1: Karlan Forrester - Soybean Attractiveness/L6-8/4/210723_1038 snip [57/65] snip_93350.960_93412.270.flac
9415.4s - extractor 1: Karlan Forrester - Soybean Attractiveness/L6-8/4/210723_1038 snip [58/65] snip_93464.720_93525.720.flac
9415.5s - extractor 1: Karlan Forrester - Soybean Attractiveness/L6-8/4/210723_1038 snip [59/65] snip_94169.830_94232.830.flac
9415.6s - extractor 1: Karlan Forrester - Soybean Attractiveness/L6-8/4/210723_1038 snip [60/65] snip_95594.060_95655.060.flac
9415.6s - extractor 1: Karlan Forrester - Soybean Attractiveness/L6-8/4/210723_1038 snip [61/65] snip_95670.930_95733.930.flac
9415.7s - extractor 1: Karlan Forrester - Soybean Attractiveness/L6-8/4/210723_1038 snip [62/65] snip_95749.600_95810.600.flac
9415.8s - extractor 1: Karlan Forrester - Soybean Attractiveness/L6-8/4/210723_1038 snip [63/65] snip_96183.800_96244.800.flac
9415.8s - extractor 1: Karlan Forrester - Soybean Attractiveness/L6-8/4/210723_1038 snip [64/65] snip_96355.170_96418.090.flac
9415.9s - extractor 1: Karlan Forrester - Soybean Attractiveness/L6-8/4/210723_1038 snip [65/65] snip_96425.520_96486.520.flac
9514.7s - extractor 1: [45] Karlan Forrester - Soybean Attractiveness/L6-8/4/210723_1038 — 65 snip(s) → 120 frames, 6 label(s) (ident took 101.9s)
9514.7s - extractor 1: [46] Karlan Forrester - Soybean Attractiveness/L6-8/4/210726_0918 — starting (both)
9514.7s - extractor 1: Karlan Forrester - Soybean Attractiveness/L6-8/4/210726_0918 snip [1/132] snip_100328.810_100391.760.flac
9514.8s - extractor 1: Karlan Forrester - Soybean Attractiveness/L6-8/4/210726_0918 snip [2/132] snip_101171.830_101234.830.flac
9514.8s - extractor 1: Karlan Forrester - Soybean Attractiveness/L6-8/4/210726_0918 snip [3/132] snip_101423.350_101486.350.flac
9514.9s - extractor 1: Karlan Forrester - Soybean Attractiveness/L6-8/4/210726_0918 snip [4/132] snip_101980.480_102043.480.flac
9514.9s - extractor 1: Karlan Forrester - Soybean Attractiveness/L6-8/4/210726_0918 snip [5/132] snip_102437.040_102498.160.flac
9515.0s - extractor 1: Karlan Forrester - Soybean Attractiveness/L6-8/4/210726_0918 snip [6/132] snip_102524.000_102587.000.flac
9515.0s - extractor 1: Karlan Forrester - Soybean Attractiveness/L6-8/4/210726_0918 snip [7/132] snip_102803.120_102866.120.flac
9515.1s - extractor 1: Karlan Forrester - Soybean Attractiveness/L6-8/4/210726_0918 snip [8/132] snip_103731.890_103882.080.flac
9515.3s - extractor 1: Karlan Forrester - Soybean Attractiveness/L6-8/4/210726_0918 snip [9/132] snip_103951.320_104012.320.flac
9515.3s - extractor 1: Karlan Forrester - Soybean Attractiveness/L6-8/4/210726_0918 snip [10/132] snip_10570.060_10631.060.flac
9515.3s - extractor 1: Karlan Forrester - Soybean Attractiveness/L6-8/4/210726_0918 snip [11/132] snip_106258.770_106321.770.flac
9515.4s - extractor 1: Karlan Forrester - Soybean Attractiveness/L6-8/4/210726_0918 snip [12/132] snip_106340.080_106401.170.flac
9515.4s - extractor 1: Karlan Forrester - Soybean Attractiveness/L6-8/4/210726_0918 snip [13/132] snip_106454.320_106515.310.flac
9515.4s - extractor 1: Karlan Forrester - Soybean Attractiveness/L6-8/4/210726_0918 snip [14/132] snip_106715.570_106776.560.flac
9515.4s - extractor 1: Karlan Forrester - Soybean Attractiveness/L6-8/4/210726_0918 snip [15/132] snip_107139.600_107200.620.flac
9515.5s - extractor 1: Karlan Forrester - Soybean Attractiveness/L6-8/4/210726_0918 snip [16/132] snip_107465.070_107526.070.flac
9515.5s - extractor 1: Karlan Forrester - Soybean Attractiveness/L6-8/4/210726_0918 snip [17/132] snip_107860.900_107923.900.flac
9515.5s - extractor 1: Karlan Forrester - Soybean Attractiveness/L6-8/4/210726_0918 snip [18/132] snip_108800.270_108861.270.flac
9515.6s - extractor 1: Karlan Forrester - Soybean Attractiveness/L6-8/4/210726_0918 snip [19/132] snip_109640.650_109701.650.flac
9515.6s - extractor 1: Karlan Forrester - Soybean Attractiveness/L6-8/4/210726_0918 snip [20/132] snip_11052.820_11115.820.flac
9515.6s - extractor 1: Karlan Forrester - Soybean Attractiveness/L6-8/4/210726_0918 snip [21/132] snip_111474.720_111537.720.flac
9515.7s - extractor 1: Karlan Forrester - Soybean Attractiveness/L6-8/4/210726_0918 snip [22/132] snip_113448.710_113511.710.flac
9515.7s - extractor 1: Karlan Forrester - Soybean Attractiveness/L6-8/4/210726_0918 snip [23/132] snip_11367.740_11431.570.flac
9515.8s - extractor 1: Karlan Forrester - Soybean Attractiveness/L6-8/4/210726_0918 snip [24/132] snip_113681.840_113742.930.flac
9515.8s - extractor 1: Karlan Forrester - Soybean Attractiveness/L6-8/4/210726_0918 snip [25/132] snip_113747.820_113808.820.flac
9515.8s - extractor 1: Karlan Forrester - Soybean Attractiveness/L6-8/4/210726_0918 snip [26/132] snip_113963.760_114024.820.flac
9515.9s - extractor 1: Karlan Forrester - Soybean Attractiveness/L6-8/4/210726_0918 snip [27/132] snip_11554.750_11615.750.flac
9515.9s - extractor 1: Karlan Forrester - Soybean Attractiveness/L6-8/4/210726_0918 snip [28/132] snip_11637.790_11698.790.flac
9515.9s - extractor 1: Karlan Forrester - Soybean Attractiveness/L6-8/4/210726_0918 snip [29/132] snip_116751.730_116814.730.flac
9516.0s - extractor 1: Karlan Forrester - Soybean Attractiveness/L6-8/4/210726_0918 snip [30/132] snip_118269.780_118332.780.flac
9516.0s - extractor 1: Karlan Forrester - Soybean Attractiveness/L6-8/4/210726_0918 snip [31/132] snip_119071.200_119134.200.flac
9516.1s - extractor 1: Karlan Forrester - Soybean Attractiveness/L6-8/4/210726_0918 snip [32/132] snip_120414.880_120477.880.flac
9516.1s - extractor 1: Karlan Forrester - Soybean Attractiveness/L6-8/4/210726_0918 snip [33/132] snip_121456.070_121519.070.flac
9516.1s - extractor 1: Karlan Forrester - Soybean Attractiveness/L6-8/4/210726_0918 snip [34/132] snip_122128.050_122191.050.flac
9516.2s - extractor 1: Karlan Forrester - Soybean Attractiveness/L6-8/4/210726_0918 snip [35/132] snip_12262.990_12329.250.flac
9516.2s - extractor 1: Karlan Forrester - Soybean Attractiveness/L6-8/4/210726_0918 snip [36/132] snip_123466.630_123529.630.flac
9516.3s - extractor 1: Karlan Forrester - Soybean Attractiveness/L6-8/4/210726_0918 snip [37/132] snip_124741.510_124804.510.flac
9516.3s - extractor 1: Karlan Forrester - Soybean Attractiveness/L6-8/4/210726_0918 snip [38/132] snip_12751.760_12812.820.flac
9516.3s - extractor 1: Karlan Forrester - Soybean Attractiveness/L6-8/4/210726_0918 snip [39/132] snip_128490.000_128553.000.flac
9516.4s - extractor 1: Karlan Forrester - Soybean Attractiveness/L6-8/4/210726_0918 snip [40/132] snip_132090.000_132153.000.flac
9516.4s - extractor 1: Karlan Forrester - Soybean Attractiveness/L6-8/4/210726_0918 snip [41/132] snip_13534.000_13594.990.flac
9516.4s - extractor 1: Karlan Forrester - Soybean Attractiveness/L6-8/4/210726_0918 snip [42/132] snip_135690.000_135753.000.flac
9516.5s - extractor 1: Karlan Forrester - Soybean Attractiveness/L6-8/4/210726_0918 snip [43/132] snip_13661.820_13722.820.flac
9516.5s - extractor 1: Karlan Forrester - Soybean Attractiveness/L6-8/4/210726_0918 snip [44/132] snip_13765.100_13826.100.flac
9516.5s - extractor 1: Karlan Forrester - Soybean Attractiveness/L6-8/4/210726_0918 snip [45/132] snip_13896.900_13959.900.flac
9516.6s - extractor 1: Karlan Forrester - Soybean Attractiveness/L6-8/4/210726_0918 snip [46/132] snip_139290.000_139353.000.flac
9516.6s - extractor 1: Karlan Forrester - Soybean Attractiveness/L6-8/4/210726_0918 snip [47/132] snip_1407.480_1470.480.flac
9516.6s - extractor 1: Karlan Forrester - Soybean Attractiveness/L6-8/4/210726_0918 snip [48/132] snip_142890.000_142953.000.flac
9516.7s - extractor 1: Karlan Forrester - Soybean Attractiveness/L6-8/4/210726_0918 snip [49/132] snip_146490.000_146553.000.flac
9516.7s - extractor 1: Karlan Forrester - Soybean Attractiveness/L6-8/4/210726_0918 snip [50/132] snip_14697.240_14758.240.flac
9516.7s - extractor 1: Karlan Forrester - Soybean Attractiveness/L6-8/4/210726_0918 snip [51/132] snip_150090.000_150153.000.flac
9516.8s - extractor 1: Karlan Forrester - Soybean Attractiveness/L6-8/4/210726_0918 snip [52/132] snip_153690.000_153753.000.flac
9516.8s - extractor 1: Karlan Forrester - Soybean Attractiveness/L6-8/4/210726_0918 snip [53/132] snip_15541.790_15602.790.flac
9516.8s - extractor 1: Karlan Forrester - Soybean Attractiveness/L6-8/4/210726_0918 snip [54/132] snip_157290.000_157353.000.flac
9516.9s - extractor 1: Karlan Forrester - Soybean Attractiveness/L6-8/4/210726_0918 snip [55/132] snip_160890.000_160953.000.flac
9516.9s - extractor 1: Karlan Forrester - Soybean Attractiveness/L6-8/4/210726_0918 snip [56/132] snip_16292.260_16355.260.flac
9517.0s - extractor 1: Karlan Forrester - Soybean Attractiveness/L6-8/4/210726_0918 snip [57/132] snip_164490.000_164553.000.flac
9517.1s - extractor 1: Karlan Forrester - Soybean Attractiveness/L6-8/4/210726_0918 snip [58/132] snip_168090.000_168153.000.flac
9517.1s - extractor 1: Karlan Forrester - Soybean Attractiveness/L6-8/4/210726_0918 snip [59/132] snip_16971.400_17034.400.flac
9517.1s - extractor 1: Karlan Forrester - Soybean Attractiveness/L6-8/4/210726_0918 snip [60/132] snip_17846.710_17909.710.flac
9517.2s - extractor 1: Karlan Forrester - Soybean Attractiveness/L6-8/4/210726_0918 snip [61/132] snip_18990.130_19051.440.flac
9517.2s - extractor 1: Karlan Forrester - Soybean Attractiveness/L6-8/4/210726_0918 snip [62/132] snip_19074.400_19137.400.flac
9517.2s - extractor 1: Karlan Forrester - Soybean Attractiveness/L6-8/4/210726_0918 snip [63/132] snip_19305.450_19366.450.flac
9517.3s - extractor 1: Karlan Forrester - Soybean Attractiveness/L6-8/4/210726_0918 snip [64/132] snip_19971.950_20033.040.flac
9517.3s - extractor 1: Karlan Forrester - Soybean Attractiveness/L6-8/4/210726_0918 snip [65/132] snip_21031.840_21094.840.flac
9517.3s - extractor 1: Karlan Forrester - Soybean Attractiveness/L6-8/4/210726_0918 snip [66/132] snip_21623.610_21741.170.flac
9517.4s - extractor 1: Karlan Forrester - Soybean Attractiveness/L6-8/4/210726_0918 snip [67/132] snip_22593.230_22654.230.flac
9517.4s - extractor 1: Karlan Forrester - Soybean Attractiveness/L6-8/4/210726_0918 snip [68/132] snip_22669.660_22730.660.flac
9517.4s - extractor 1: Karlan Forrester - Soybean Attractiveness/L6-8/4/210726_0918 snip [69/132] snip_23372.010_23433.010.flac
9517.4s - extractor 1: Karlan Forrester - Soybean Attractiveness/L6-8/4/210726_0918 snip [70/132] snip_23593.580_23654.580.flac
9517.5s - extractor 1: Karlan Forrester - Soybean Attractiveness/L6-8/4/210726_0918 snip [71/132] snip_26666.070_26729.070.flac
9517.5s - extractor 1: Karlan Forrester - Soybean Attractiveness/L6-8/4/210726_0918 snip [72/132] snip_31721.600_31782.600.flac
9517.5s - extractor 1: Karlan Forrester - Soybean Attractiveness/L6-8/4/210726_0918 snip [73/132] snip_31932.740_31995.740.flac
9517.6s - extractor 1: Karlan Forrester - Soybean Attractiveness/L6-8/4/210726_0918 snip [74/132] snip_3199.990_3262.990.flac
9517.6s - extractor 1: Karlan Forrester - Soybean Attractiveness/L6-8/4/210726_0918 snip [75/132] snip_36722.440_36785.440.flac
9517.7s - extractor 1: Karlan Forrester - Soybean Attractiveness/L6-8/4/210726_0918 snip [76/132] snip_42090.000_42153.000.flac
9517.7s - extractor 1: Karlan Forrester - Soybean Attractiveness/L6-8/4/210726_0918 snip [77/132] snip_45690.000_45753.000.flac
9517.8s - extractor 1: Karlan Forrester - Soybean Attractiveness/L6-8/4/210726_0918 snip [78/132] snip_4655.250_4716.340.flac
9517.8s - extractor 1: Karlan Forrester - Soybean Attractiveness/L6-8/4/210726_0918 snip [79/132] snip_4738.930_4862.050.flac
9517.8s - extractor 1: Karlan Forrester - Soybean Attractiveness/L6-8/4/210726_0918 snip [80/132] snip_49290.000_49353.000.flac
9517.9s - extractor 1: Karlan Forrester - Soybean Attractiveness/L6-8/4/210726_0918 snip [81/132] snip_52890.000_52953.000.flac
9517.9s - extractor 1: Karlan Forrester - Soybean Attractiveness/L6-8/4/210726_0918 snip [82/132] snip_5607.470_5668.560.flac
9518.0s - extractor 1: Karlan Forrester - Soybean Attractiveness/L6-8/4/210726_0918 snip [83/132] snip_56490.000_56553.000.flac
9518.0s - extractor 1: Karlan Forrester - Soybean Attractiveness/L6-8/4/210726_0918 snip [84/132] snip_5708.040_5773.610.flac
9518.0s - extractor 1: Karlan Forrester - Soybean Attractiveness/L6-8/4/210726_0918 snip [85/132] snip_58493.620_58556.620.flac
9518.1s - extractor 1: Karlan Forrester - Soybean Attractiveness/L6-8/4/210726_0918 snip [86/132] snip_5883.530_5944.530.flac
9518.1s - extractor 1: Karlan Forrester - Soybean Attractiveness/L6-8/4/210726_0918 snip [87/132] snip_60090.000_60153.000.flac
9518.1s - extractor 1: Karlan Forrester - Soybean Attractiveness/L6-8/4/210726_0918 snip [88/132] snip_6189.360_6250.350.flac
9518.2s - extractor 1: Karlan Forrester - Soybean Attractiveness/L6-8/4/210726_0918 snip [89/132] snip_63690.000_63753.000.flac
9518.2s - extractor 1: Karlan Forrester - Soybean Attractiveness/L6-8/4/210726_0918 snip [90/132] snip_6413.240_6474.240.flac
9518.2s - extractor 1: Karlan Forrester - Soybean Attractiveness/L6-8/4/210726_0918 snip [91/132] snip_67290.000_67353.000.flac
9518.3s - extractor 1: Karlan Forrester - Soybean Attractiveness/L6-8/4/210726_0918 snip [92/132] snip_6847.490_6910.490.flac
9518.3s - extractor 1: Karlan Forrester - Soybean Attractiveness/L6-8/4/210726_0918 snip [93/132] snip_70890.000_70953.000.flac
9518.3s - extractor 1: Karlan Forrester - Soybean Attractiveness/L6-8/4/210726_0918 snip [94/132] snip_74490.000_74553.000.flac
9518.4s - extractor 1: Karlan Forrester - Soybean Attractiveness/L6-8/4/210726_0918 snip [95/132] snip_78090.000_78153.000.flac
9518.4s - extractor 1: Karlan Forrester - Soybean Attractiveness/L6-8/4/210726_0918 snip [96/132] snip_7840.050_7903.050.flac
9518.5s - extractor 1: Karlan Forrester - Soybean Attractiveness/L6-8/4/210726_0918 snip [97/132] snip_81690.000_81753.000.flac
9518.5s - extractor 1: Karlan Forrester - Soybean Attractiveness/L6-8/4/210726_0918 snip [98/132] snip_8398.880_8459.880.flac
9518.6s - extractor 1: Karlan Forrester - Soybean Attractiveness/L6-8/4/210726_0918 snip [99/132] snip_85365.430_85428.430.flac
9518.6s - extractor 1: Karlan Forrester - Soybean Attractiveness/L6-8/4/210726_0918 snip [100/132] snip_86594.760_86662.860.flac
9518.7s - extractor 1: Karlan Forrester - Soybean Attractiveness/L6-8/4/210726_0918 snip [101/132] snip_86737.280_86840.370.flac
9518.8s - extractor 1: Karlan Forrester - Soybean Attractiveness/L6-8/4/210726_0918 snip [102/132] snip_86912.910_86978.960.flac
9518.8s - extractor 1: Karlan Forrester - Soybean Attractiveness/L6-8/4/210726_0918 snip [103/132] snip_8702.820_8765.820.flac
9518.9s - extractor 1: Karlan Forrester - Soybean Attractiveness/L6-8/4/210726_0918 snip [104/132] snip_87126.700_87203.000.flac
9518.9s - extractor 1: Karlan Forrester - Soybean Attractiveness/L6-8/4/210726_0918 snip [105/132] snip_87387.660_87448.660.flac
9519.0s - extractor 1: Karlan Forrester - Soybean Attractiveness/L6-8/4/210726_0918 snip [106/132] snip_87612.410_87680.910.flac
9519.0s - extractor 1: Karlan Forrester - Soybean Attractiveness/L6-8/4/210726_0918 snip [107/132] snip_87754.300_87862.060.flac
9519.1s - extractor 1: Karlan Forrester - Soybean Attractiveness/L6-8/4/210726_0918 snip [108/132] snip_87892.830_87958.340.flac
9519.2s - extractor 1: Karlan Forrester - Soybean Attractiveness/L6-8/4/210726_0918 snip [109/132] snip_88161.310_88237.550.flac
9519.3s - extractor 1: Karlan Forrester - Soybean Attractiveness/L6-8/4/210726_0918 snip [110/132] snip_88374.170_88435.170.flac
9519.4s - extractor 1: Karlan Forrester - Soybean Attractiveness/L6-8/4/210726_0918 snip [111/132] snip_88508.320_88578.800.flac
9519.5s - extractor 1: Karlan Forrester - Soybean Attractiveness/L6-8/4/210726_0918 snip [112/132] snip_88664.220_88725.220.flac
9519.5s - extractor 1: Karlan Forrester - Soybean Attractiveness/L6-8/4/210726_0918 snip [113/132] snip_88798.960_88861.880.flac
9519.7s - extractor 1: Karlan Forrester - Soybean Attractiveness/L6-8/4/210726_0918 snip [114/132] snip_88874.650_88940.050.flac
9519.7s - extractor 1: Karlan Forrester - Soybean Attractiveness/L6-8/4/210726_0918 snip [115/132] snip_89103.380_89165.040.flac
9519.8s - extractor 1: Karlan Forrester - Soybean Attractiveness/L6-8/4/210726_0918 snip [116/132] snip_89631.200_89700.370.flac
9519.9s - extractor 1: Karlan Forrester - Soybean Attractiveness/L6-8/4/210726_0918 snip [117/132] snip_89868.940_89935.060.flac
9520.0s - extractor 1: Karlan Forrester - Soybean Attractiveness/L6-8/4/210726_0918 snip [118/132] snip_9008.840_9069.840.flac
9520.0s - extractor 1: Karlan Forrester - Soybean Attractiveness/L6-8/4/210726_0918 snip [119/132] snip_90485.120_90550.130.flac
9520.1s - extractor 1: Karlan Forrester - Soybean Attractiveness/L6-8/4/210726_0918 snip [120/132] snip_90756.180_90821.720.flac
9520.2s - extractor 1: Karlan Forrester - Soybean Attractiveness/L6-8/4/210726_0918 snip [121/132] snip_91327.920_91392.500.flac
9520.2s - extractor 1: Karlan Forrester - Soybean Attractiveness/L6-8/4/210726_0918 snip [122/132] snip_91601.560_91668.240.flac
9520.3s - extractor 1: Karlan Forrester - Soybean Attractiveness/L6-8/4/210726_0918 snip [123/132] snip_92402.450_92465.450.flac
9520.4s - extractor 1: Karlan Forrester - Soybean Attractiveness/L6-8/4/210726_0918 snip [124/132] snip_93678.100_93761.780.flac
9520.4s - extractor 1: Karlan Forrester - Soybean Attractiveness/L6-8/4/210726_0918 snip [125/132] snip_94011.950_94121.970.flac
9520.5s - extractor 1: Karlan Forrester - Soybean Attractiveness/L6-8/4/210726_0918 snip [126/132] snip_94610.740_94671.760.flac
9520.6s - extractor 1: Karlan Forrester - Soybean Attractiveness/L6-8/4/210726_0918 snip [127/132] snip_9521.850_9582.850.flac
9520.6s - extractor 1: Karlan Forrester - Soybean Attractiveness/L6-8/4/210726_0918 snip [128/132] snip_96035.600_96096.600.flac
9520.7s - extractor 1: Karlan Forrester - Soybean Attractiveness/L6-8/4/210726_0918 snip [129/132] snip_97993.510_98056.510.flac
9520.7s - extractor 1: Karlan Forrester - Soybean Attractiveness/L6-8/4/210726_0918 snip [130/132] snip_98538.540_98599.540.flac
9520.7s - extractor 1: Karlan Forrester - Soybean Attractiveness/L6-8/4/210726_0918 snip [131/132] snip_98894.590_98955.590.flac
9520.7s - extractor 1: Karlan Forrester - Soybean Attractiveness/L6-8/4/210726_0918 snip [132/132] snip_99210.130_99271.180.flac
9565.0s - extractor 0: [34] Karlan Forrester - Soybean Attractiveness/EBN/4/210805_0800 — 50 snip(s) → 381 frames, 34 label(s) (ident took 354.3s)
9565.0s - extractor 0: [35] Karlan Forrester - Soybean Attractiveness/L6-8/4/210728_1100 — starting (both)
9565.0s - extractor 0: Karlan Forrester - Soybean Attractiveness/L6-8/4/210728_1100 snip [1/32] snip_10244.950_10307.950.flac
9565.1s - extractor 0: Karlan Forrester - Soybean Attractiveness/L6-8/4/210728_1100 snip [2/32] snip_10332.970_10393.970.flac
9565.1s - extractor 0: Karlan Forrester - Soybean Attractiveness/L6-8/4/210728_1100 snip [3/32] snip_11107.900_11168.900.flac
9565.1s - extractor 0: Karlan Forrester - Soybean Attractiveness/L6-8/4/210728_1100 snip [4/32] snip_12155.120_12216.120.flac
9565.2s - extractor 0: Karlan Forrester - Soybean Attractiveness/L6-8/4/210728_1100 snip [5/32] snip_14250.540_14311.540.flac
9565.3s - extractor 0: Karlan Forrester - Soybean Attractiveness/L6-8/4/210728_1100 snip [6/32] snip_14985.460_15086.350.flac
9565.4s - extractor 0: Karlan Forrester - Soybean Attractiveness/L6-8/4/210728_1100 snip [7/32] snip_16730.750_17001.360.flac
9565.9s - extractor 0: Karlan Forrester - Soybean Attractiveness/L6-8/4/210728_1100 snip [8/32] snip_17030.360_17187.200.flac
9566.2s - extractor 0: Karlan Forrester - Soybean Attractiveness/L6-8/4/210728_1100 snip [9/32] snip_17371.760_17455.620.flac
9566.4s - extractor 0: Karlan Forrester - Soybean Attractiveness/L6-8/4/210728_1100 snip [10/32] snip_17542.000_17757.570.flac
9566.8s - extractor 0: Karlan Forrester - Soybean Attractiveness/L6-8/4/210728_1100 snip [11/32] snip_17864.620_17928.290.flac
9566.8s - extractor 0: Karlan Forrester - Soybean Attractiveness/L6-8/4/210728_1100 snip [12/32] snip_17935.040_17996.040.flac
9566.9s - extractor 0: Karlan Forrester - Soybean Attractiveness/L6-8/4/210728_1100 snip [13/32] snip_1838.860_1899.860.flac
9567.0s - extractor 0: Karlan Forrester - Soybean Attractiveness/L6-8/4/210728_1100 snip [14/32] snip_3396.620_3461.700.flac
9567.1s - extractor 0: Karlan Forrester - Soybean Attractiveness/L6-8/4/210728_1100 snip [15/32] snip_3488.560_3549.620.flac
9567.1s - extractor 0: Karlan Forrester - Soybean Attractiveness/L6-8/4/210728_1100 snip [16/32] snip_3565.330_3626.480.flac
9567.1s - extractor 0: Karlan Forrester - Soybean Attractiveness/L6-8/4/210728_1100 snip [17/32] snip_3807.580_3868.580.flac
9567.1s - extractor 0: Karlan Forrester - Soybean Attractiveness/L6-8/4/210728_1100 snip [18/32] snip_3946.220_4007.220.flac
9567.2s - extractor 0: Karlan Forrester - Soybean Attractiveness/L6-8/4/210728_1100 snip [19/32] snip_4177.910_4240.910.flac
9567.2s - extractor 0: Karlan Forrester - Soybean Attractiveness/L6-8/4/210728_1100 snip [20/32] snip_4585.710_4646.800.flac
9567.3s - extractor 0: Karlan Forrester - Soybean Attractiveness/L6-8/4/210728_1100 snip [21/32] snip_4993.500_5054.500.flac
9567.4s - extractor 0: Karlan Forrester - Soybean Attractiveness/L6-8/4/210728_1100 snip [22/32] snip_5071.280_5182.320.flac
9567.5s - extractor 0: Karlan Forrester - Soybean Attractiveness/L6-8/4/210728_1100 snip [23/32] snip_7122.290_7185.290.flac
9567.5s - extractor 0: Karlan Forrester - Soybean Attractiveness/L6-8/4/210728_1100 snip [24/32] snip_7502.080_7563.080.flac
9567.6s - extractor 0: Karlan Forrester - Soybean Attractiveness/L6-8/4/210728_1100 snip [25/32] snip_7622.830_7683.820.flac
9567.7s - extractor 0: Karlan Forrester - Soybean Attractiveness/L6-8/4/210728_1100 snip [26/32] snip_78.320_146.900.flac
9567.7s - extractor 0: Karlan Forrester - Soybean Attractiveness/L6-8/4/210728_1100 snip [27/32] snip_8168.240_8229.260.flac
9567.8s - extractor 0: Karlan Forrester - Soybean Attractiveness/L6-8/4/210728_1100 snip [28/32] snip_8616.080_8679.080.flac
9567.8s - extractor 0: Karlan Forrester - Soybean Attractiveness/L6-8/4/210728_1100 snip [29/32] snip_9117.360_9178.360.flac
9567.9s - extractor 0: Karlan Forrester - Soybean Attractiveness/L6-8/4/210728_1100 snip [30/32] snip_9260.780_9321.840.flac
9568.0s - extractor 0: Karlan Forrester - Soybean Attractiveness/L6-8/4/210728_1100 snip [31/32] snip_9783.400_9844.400.flac
9568.0s - extractor 0: Karlan Forrester - Soybean Attractiveness/L6-8/4/210728_1100 snip [32/32] snip_9957.050_10018.050.flac
9646.5s - extractor 0: [35] Karlan Forrester - Soybean Attractiveness/L6-8/4/210728_1100 — 32 snip(s) → 83 frames, 5 label(s) (ident took 81.4s)
9646.5s - extractor 0: [36] Karlan Forrester - Soybean Attractiveness/L6-8/4/210805_0726 — starting (both)
9646.5s - extractor 0: Karlan Forrester - Soybean Attractiveness/L6-8/4/210805_0726 snip [1/80] snip_0.000_83.560.flac
9646.8s - extractor 0: Karlan Forrester - Soybean Attractiveness/L6-8/4/210805_0726 snip [2/80] snip_101388.610_101451.610.flac
9646.8s - extractor 0: Karlan Forrester - Soybean Attractiveness/L6-8/4/210805_0726 snip [3/80] snip_102545.140_102608.140.flac
9646.8s - extractor 0: Karlan Forrester - Soybean Attractiveness/L6-8/4/210805_0726 snip [4/80] snip_102913.990_102976.990.flac
9646.9s - extractor 0: Karlan Forrester - Soybean Attractiveness/L6-8/4/210805_0726 snip [5/80] snip_103840.310_103903.310.flac
9646.9s - extractor 0: Karlan Forrester - Soybean Attractiveness/L6-8/4/210805_0726 snip [6/80] snip_105989.850_106050.850.flac
9646.9s - extractor 0: Karlan Forrester - Soybean Attractiveness/L6-8/4/210805_0726 snip [7/80] snip_106863.840_106926.840.flac
9646.9s - extractor 0: Karlan Forrester - Soybean Attractiveness/L6-8/4/210805_0726 snip [8/80] snip_107870.520_107931.520.flac
9647.0s - extractor 0: Karlan Forrester - Soybean Attractiveness/L6-8/4/210805_0726 snip [9/80] snip_113646.850_113709.850.flac
9647.0s - extractor 0: Karlan Forrester - Soybean Attractiveness/L6-8/4/210805_0726 snip [10/80] snip_116003.430_116066.430.flac
9647.0s - extractor 0: Karlan Forrester - Soybean Attractiveness/L6-8/4/210805_0726 snip [11/80] snip_11661.060_11724.060.flac
9647.1s - extractor 0: Karlan Forrester - Soybean Attractiveness/L6-8/4/210805_0726 snip [12/80] snip_117321.170_117384.170.flac
9647.1s - extractor 0: Karlan Forrester - Soybean Attractiveness/L6-8/4/210805_0726 snip [13/80] snip_118351.570_118414.570.flac
9647.2s - extractor 0: Karlan Forrester - Soybean Attractiveness/L6-8/4/210805_0726 snip [14/80] snip_119082.530_119145.530.flac
9647.2s - extractor 0: Karlan Forrester - Soybean Attractiveness/L6-8/4/210805_0726 snip [15/80] snip_11981.200_12102.470.flac
9647.4s - extractor 0: Karlan Forrester - Soybean Attractiveness/L6-8/4/210805_0726 snip [16/80] snip_120400.130_120463.130.flac
9647.4s - extractor 0: Karlan Forrester - Soybean Attractiveness/L6-8/4/210805_0726 snip [17/80] snip_121830.550_121893.550.flac
9647.4s - extractor 0: Karlan Forrester - Soybean Attractiveness/L6-8/4/210805_0726 snip [18/80] snip_122768.630_122831.630.flac
9647.5s - extractor 0: Karlan Forrester - Soybean Attractiveness/L6-8/4/210805_0726 snip [19/80] snip_123688.500_123751.500.flac
9647.6s - extractor 0: Karlan Forrester - Soybean Attractiveness/L6-8/4/210805_0726 snip [20/80] snip_123966.700_124027.760.flac
9647.7s - extractor 0: Karlan Forrester - Soybean Attractiveness/L6-8/4/210805_0726 snip [21/80] snip_125368.000_125431.000.flac
9647.8s - extractor 0: Karlan Forrester - Soybean Attractiveness/L6-8/4/210805_0726 snip [22/80] snip_127165.590_127228.590.flac
9647.8s - extractor 0: Karlan Forrester - Soybean Attractiveness/L6-8/4/210805_0726 snip [23/80] snip_127783.920_127846.920.flac
9647.9s - extractor 0: Karlan Forrester - Soybean Attractiveness/L6-8/4/210805_0726 snip [24/80] snip_128883.970_128946.970.flac
9648.0s - extractor 0: Karlan Forrester - Soybean Attractiveness/L6-8/4/210805_0726 snip [25/80] snip_130246.050_130309.050.flac
9648.1s - extractor 0: Karlan Forrester - Soybean Attractiveness/L6-8/4/210805_0726 snip [26/80] snip_13091.310_13152.500.flac
9648.1s - extractor 0: Karlan Forrester - Soybean Attractiveness/L6-8/4/210805_0726 snip [27/80] snip_135210.000_135273.000.flac
9648.2s - extractor 0: Karlan Forrester - Soybean Attractiveness/L6-8/4/210805_0726 snip [28/80] snip_138810.000_138873.000.flac
9648.3s - extractor 0: Karlan Forrester - Soybean Attractiveness/L6-8/4/210805_0726 snip [29/80] snip_13893.170_13956.170.flac
9648.4s - extractor 0: Karlan Forrester - Soybean Attractiveness/L6-8/4/210805_0726 snip [30/80] snip_142410.000_142473.000.flac
9648.4s - extractor 0: Karlan Forrester - Soybean Attractiveness/L6-8/4/210805_0726 snip [31/80] snip_146010.000_146073.000.flac
9648.5s - extractor 0: Karlan Forrester - Soybean Attractiveness/L6-8/4/210805_0726 snip [32/80] snip_149610.000_149673.000.flac
9648.6s - extractor 0: Karlan Forrester - Soybean Attractiveness/L6-8/4/210805_0726 snip [33/80] snip_15114.500_15177.500.flac
9648.6s - extractor 0: Karlan Forrester - Soybean Attractiveness/L6-8/4/210805_0726 snip [34/80] snip_153210.000_153273.000.flac
9648.7s - extractor 0: Karlan Forrester - Soybean Attractiveness/L6-8/4/210805_0726 snip [35/80] snip_156810.000_156873.000.flac
9648.8s - extractor 0: Karlan Forrester - Soybean Attractiveness/L6-8/4/210805_0726 snip [36/80] snip_160410.000_160473.000.flac
9648.9s - extractor 0: Karlan Forrester - Soybean Attractiveness/L6-8/4/210805_0726 snip [37/80] snip_164010.000_164073.000.flac
9648.9s - extractor 0: Karlan Forrester - Soybean Attractiveness/L6-8/4/210805_0726 snip [38/80] snip_16587.730_16650.730.flac
9649.0s - extractor 0: Karlan Forrester - Soybean Attractiveness/L6-8/4/210805_0726 snip [39/80] snip_167610.000_167673.000.flac
9649.1s - extractor 0: Karlan Forrester - Soybean Attractiveness/L6-8/4/210805_0726 snip [40/80] snip_171210.000_171273.000.flac
9649.2s - extractor 0: Karlan Forrester - Soybean Attractiveness/L6-8/4/210805_0726 snip [41/80] snip_174810.000_174873.000.flac
9649.2s - extractor 0: Karlan Forrester - Soybean Attractiveness/L6-8/4/210805_0726 snip [42/80] snip_17570.340_17633.340.flac
9649.3s - extractor 0: Karlan Forrester - Soybean Attractiveness/L6-8/4/210805_0726 snip [43/80] snip_17746.360_17807.360.flac
9649.3s - extractor 0: Karlan Forrester - Soybean Attractiveness/L6-8/4/210805_0726 snip [44/80] snip_17845.890_17908.890.flac
9649.4s - extractor 0: Karlan Forrester - Soybean Attractiveness/L6-8/4/210805_0726 snip [45/80] snip_18377.960_18440.960.flac
9649.5s - extractor 0: Karlan Forrester - Soybean Attractiveness/L6-8/4/210805_0726 snip [46/80] snip_19066.740_19129.740.flac
9649.5s - extractor 0: Karlan Forrester - Soybean Attractiveness/L6-8/4/210805_0726 snip [47/80] snip_2010.000_2073.000.flac
9649.6s - extractor 0: Karlan Forrester - Soybean Attractiveness/L6-8/4/210805_0726 snip [48/80] snip_20503.990_20566.990.flac
9649.7s - extractor 0: Karlan Forrester - Soybean Attractiveness/L6-8/4/210805_0726 snip [49/80] snip_22062.640_22125.640.flac
9649.7s - extractor 0: Karlan Forrester - Soybean Attractiveness/L6-8/4/210805_0726 snip [50/80] snip_24462.200_24525.200.flac
9649.8s - extractor 0: Karlan Forrester - Soybean Attractiveness/L6-8/4/210805_0726 snip [51/80] snip_2481.840_2544.840.flac
9649.8s - extractor 0: Karlan Forrester - Soybean Attractiveness/L6-8/4/210805_0726 snip [52/80] snip_27268.360_27331.360.flac
9649.9s - extractor 0: Karlan Forrester - Soybean Attractiveness/L6-8/4/210805_0726 snip [53/80] snip_28536.450_28599.450.flac
9650.0s - extractor 0: Karlan Forrester - Soybean Attractiveness/L6-8/4/210805_0726 snip [54/80] snip_37991.670_38054.670.flac
9650.1s - extractor 0: Karlan Forrester - Soybean Attractiveness/L6-8/4/210805_0726 snip [55/80] snip_40221.300_40284.300.flac
9650.2s - extractor 0: Karlan Forrester - Soybean Attractiveness/L6-8/4/210805_0726 snip [56/80] snip_40669.780_40732.780.flac
9650.2s - extractor 0: Karlan Forrester - Soybean Attractiveness/L6-8/4/210805_0726 snip [57/80] snip_4330.400_4393.400.flac
9650.3s - extractor 0: Karlan Forrester - Soybean Attractiveness/L6-8/4/210805_0726 snip [58/80] snip_45039.440_45107.650.flac
9650.6s - extractor 0: Karlan Forrester - Soybean Attractiveness/L6-8/4/210805_0726 snip [59/80] snip_48810.000_48873.000.flac
9650.7s - extractor 0: Karlan Forrester - Soybean Attractiveness/L6-8/4/210805_0726 snip [60/80] snip_52410.000_52473.000.flac
9650.7s - extractor 0: Karlan Forrester - Soybean Attractiveness/L6-8/4/210805_0726 snip [61/80] snip_56010.000_56073.000.flac
9650.8s - extractor 0: Karlan Forrester - Soybean Attractiveness/L6-8/4/210805_0726 snip [62/80] snip_59610.000_59673.000.flac
9650.8s - extractor 0: Karlan Forrester - Soybean Attractiveness/L6-8/4/210805_0726 snip [63/80] snip_63210.000_63273.000.flac
9650.9s - extractor 0: Karlan Forrester - Soybean Attractiveness/L6-8/4/210805_0726 snip [64/80] snip_66810.000_66873.000.flac
9650.9s - extractor 0: Karlan Forrester - Soybean Attractiveness/L6-8/4/210805_0726 snip [65/80] snip_67734.880_67797.880.flac
9650.9s - extractor 0: Karlan Forrester - Soybean Attractiveness/L6-8/4/210805_0726 snip [66/80] snip_7008.630_7071.630.flac
9650.9s - extractor 0: Karlan Forrester - Soybean Attractiveness/L6-8/4/210805_0726 snip [67/80] snip_70410.000_70473.000.flac
9651.0s - extractor 0: Karlan Forrester - Soybean Attractiveness/L6-8/4/210805_0726 snip [68/80] snip_7075.520_7139.190.flac
9651.0s - extractor 0: Karlan Forrester - Soybean Attractiveness/L6-8/4/210805_0726 snip [69/80] snip_7299.040_7364.260.flac
9651.1s - extractor 0: Karlan Forrester - Soybean Attractiveness/L6-8/4/210805_0726 snip [70/80] snip_74010.000_74073.000.flac
9651.1s - extractor 0: Karlan Forrester - Soybean Attractiveness/L6-8/4/210805_0726 snip [71/80] snip_77610.000_77673.000.flac
9651.1s - extractor 0: Karlan Forrester - Soybean Attractiveness/L6-8/4/210805_0726 snip [72/80] snip_81210.000_81273.000.flac
9651.2s - extractor 0: Karlan Forrester - Soybean Attractiveness/L6-8/4/210805_0726 snip [73/80] snip_84810.000_84873.000.flac
9651.2s - extractor 0: Karlan Forrester - Soybean Attractiveness/L6-8/4/210805_0726 snip [74/80] snip_8685.200_8746.190.flac
9651.2s - extractor 0: Karlan Forrester - Soybean Attractiveness/L6-8/4/210805_0726 snip [75/80] snip_88410.000_88473.000.flac
9651.3s - extractor 0: Karlan Forrester - Soybean Attractiveness/L6-8/4/210805_0726 snip [76/80] snip_92674.690_92737.690.flac
9651.3s - extractor 0: Karlan Forrester - Soybean Attractiveness/L6-8/4/210805_0726 snip [77/80] snip_9290.060_9397.680.flac
9651.4s - extractor 0: Karlan Forrester - Soybean Attractiveness/L6-8/4/210805_0726 snip [78/80] snip_95723.720_95786.720.flac
9651.4s - extractor 0: Karlan Forrester - Soybean Attractiveness/L6-8/4/210805_0726 snip [79/80] snip_98490.420_98553.420.flac
9651.5s - extractor 0: Karlan Forrester - Soybean Attractiveness/L6-8/4/210805_0726 snip [80/80] snip_99887.460_99950.460.flac
9724.5s - extractor 1: [46] Karlan Forrester - Soybean Attractiveness/L6-8/4/210726_0918 — 132 snip(s) → 242 frames, 7 label(s) (ident took 209.8s)
9724.6s - extractor 1: [47] Karlan Forrester - Soybean Attractiveness/L6-8/4/210807_0908 — starting (both)
9724.6s - extractor 1: Karlan Forrester - Soybean Attractiveness/L6-8/4/210807_0908 snip [1/9] snip_10636.630_10699.630.flac
9724.6s - extractor 1: Karlan Forrester - Soybean Attractiveness/L6-8/4/210807_0908 snip [2/9] snip_17109.590_17172.590.flac
9724.7s - extractor 1: Karlan Forrester - Soybean Attractiveness/L6-8/4/210807_0908 snip [3/9] snip_20991.730_21054.730.flac
9724.8s - extractor 1: Karlan Forrester - Soybean Attractiveness/L6-8/4/210807_0908 snip [4/9] snip_22751.540_22866.950.flac
9724.9s - extractor 1: Karlan Forrester - Soybean Attractiveness/L6-8/4/210807_0908 snip [5/9] snip_23620.880_23683.880.flac
9725.0s - extractor 1: Karlan Forrester - Soybean Attractiveness/L6-8/4/210807_0908 snip [6/9] snip_24184.490_24246.470.flac
9725.0s - extractor 1: Karlan Forrester - Soybean Attractiveness/L6-8/4/210807_0908 snip [7/9] snip_27823.640_27886.640.flac
9725.1s - extractor 1: Karlan Forrester - Soybean Attractiveness/L6-8/4/210807_0908 snip [8/9] snip_5623.970_5686.970.flac
9725.1s - extractor 1: Karlan Forrester - Soybean Attractiveness/L6-8/4/210807_0908 snip [9/9] snip_6694.470_6757.470.flac
9744.5s - extractor 1: [47] Karlan Forrester - Soybean Attractiveness/L6-8/4/210807_0908 — 9 snip(s) → 19 frames, 4 label(s) (ident took 19.9s)
9744.5s - extractor 1: terminating
9775.5s - extractor 0: [36] Karlan Forrester - Soybean Attractiveness/L6-8/4/210805_0726 — 80 snip(s) → 170 frames, 10 label(s) (ident took 129.0s)
9775.5s - extractor 0: terminating
9776.2s - all extractions complete
:)
:D
:O
=== 03 train (perch_probe) === 2026-09-09T00:04:36-04:00
2026-09-09 00:04:37.520005: E external/local_xla/xla/stream_executor/cuda/cuda_fft.cc:479] Unable to register cuFFT factory: Attempting to register factory for plugin cuFFT when one has already been registered
2026-09-09 00:04:37.601015: E external/local_xla/xla/stream_executor/cuda/cuda_dnn.cc:10575] Unable to register cuDNN factory: Attempting to register factory for plugin cuDNN when one has already been registered
2026-09-09 00:04:37.601560: E external/local_xla/xla/stream_executor/cuda/cuda_blas.cc:1442] Unable to register cuBLAS factory: Attempting to register factory for plugin cuBLAS when one has already been registered
2026-09-09 00:04:38.997994: W tensorflow/compiler/tf2tensorrt/utils/py_utils.cc:38] TF-TRT Warning: Could not find TensorRT
[perch_probe] set medium, embedder perch, translation general: 5 rotating fold(s), 39 train-only, 0 holdout
2026-09-09 00:04:42.585150: E external/local_xla/xla/stream_executor/cuda/cuda_driver.cc:282] failed call to cuInit: CUDA_ERROR_NO_DEVICE: no CUDA-capable device is detected
2026-09-09 00:04:42.585196: I external/local_xla/xla/stream_executor/cuda/cuda_diagnostics.cc:134] retrieving CUDA diagnostic information for host: beelab-files
2026-09-09 00:04:42.585207: I external/local_xla/xla/stream_executor/cuda/cuda_diagnostics.cc:141] hostname: beelab-files
2026-09-09 00:04:42.585491: I external/local_xla/xla/stream_executor/cuda/cuda_diagnostics.cc:165] libcuda reported version is: 580.173.2
2026-09-09 00:04:42.585712: I external/local_xla/xla/stream_executor/cuda/cuda_diagnostics.cc:169] kernel reported version is: NOT_FOUND: could not find kernel module information in driver version file contents: "NVRM version: NVIDIA UNIX Open Kernel Module for x86_64  580.173.02  Release Build  (dvs-builder@U22-I3-AK02-24-4)  Tue Jun 23 08:17:01 UTC 2026
GCC version:  gcc version 13.3.0 (Ubuntu 13.3.0-6ubuntu2~24.04.1) 
"
[perch_probe_foldJamesU - MustardBumbler/1_29] training on 43 fold(s), 19636 frames; early stopping on JamesU - MustardBumbler/1_29 (1563 frames)...
Epoch 1/400
[1m1/1[0m [32m━━━━━━━━━━━━━━━━━━━━[0m[37m[0m [1m0s[0m 943ms/step - accuracy: 0.0729 - loss: 1.7074[1m1/1[0m [32m━━━━━━━━━━━━━━━━━━━━[0m[37m[0m [1m1s[0m 1s/step - accuracy: 0.0729 - loss: 1.7074 - val_accuracy: 0.0147 - val_loss: 1.6189 - val_sens_fpr0.005: 0.0000e+00
Epoch 2/400
[1m1/1[0m [32m━━━━━━━━━━━━━━━━━━━━[0m[37m[0m [1m0s[0m 230ms/step - accuracy: 0.0233 - loss: 1.6109[1m1/1[0m [32m━━━━━━━━━━━━━━━━━━━━[0m[37m[0m [1m0s[0m 260ms/step - accuracy: 0.0233 - loss: 1.6109 - val_accuracy: 0.0000e+00 - val_loss: 1.5440 - val_sens_fpr0.005: 0.0000e+00
Epoch 3/400
[1m1/1[0m [32m━━━━━━━━━━━━━━━━━━━━[0m[37m[0m [1m0s[0m 217ms/step - accuracy: 0.0070 - loss: 1.5246[1m1/1[0m [32m━━━━━━━━━━━━━━━━━━━━[0m[37m[0m [1m0s[0m 247ms/step - accuracy: 0.0070 - loss: 1.5246 - val_accuracy: 0.0000e+00 - val_loss: 1.4765 - val_sens_fpr0.005: 0.0000e+00
Epoch 4/400
[1m1/1[0m [32m━━━━━━━━━━━━━━━━━━━━[0m[37m[0m [1m0s[0m 224ms/step - accuracy: 0.0031 - loss: 1.4475[1m1/1[0m [32m━━━━━━━━━━━━━━━━━━━━[0m[37m[0m [1m0s[0m 254ms/step - accuracy: 0.0031 - loss: 1.4475 - val_accuracy: 0.0000e+00 - val_loss: 1.4162 - val_sens_fpr0.005: 0.0000e+00
Epoch 5/400
[1m1/1[0m [32m━━━━━━━━━━━━━━━━━━━━[0m[37m[0m [1m0s[0m 225ms/step - accuracy: 0.0019 - loss: 1.3796[1m1/1[0m [32m━━━━━━━━━━━━━━━━━━━━[0m[37m[0m [1m0s[0m 255ms/step - accuracy: 0.0019 - loss: 1.3796 - val_accuracy: 0.0000e+00 - val_loss: 1.3627 - val_sens_fpr0.005: 0.0000e+00
Epoch 6/400
[1m1/1[0m [32m━━━━━━━━━━━━━━━━━━━━[0m[37m[0m [1m0s[0m 228ms/step - accuracy: 0.0014 - loss: 1.3207[1m1/1[0m [32m━━━━━━━━━━━━━━━━━━━━[0m[37m[0m [1m0s[0m 257ms/step - accuracy: 0.0014 - loss: 1.3207 - val_accuracy: 0.0000e+00 - val_loss: 1.3156 - val_sens_fpr0.005: 6.0757e-04
Epoch 7/400
[1m1/1[0m [32m━━━━━━━━━━━━━━━━━━━━[0m[37m[0m [1m0s[0m 214ms/step - accuracy: 0.0011 - loss: 1.2692[1m1/1[0m [32m━━━━━━━━━━━━━━━━━━━━[0m[37m[0m [1m0s[0m 243ms/step - accuracy: 0.0011 - loss: 1.2692 - val_accuracy: 0.0000e+00 - val_loss: 1.2743 - val_sens_fpr0.005: 0.0012
Epoch 8/400
[1m1/1[0m [32m━━━━━━━━━━━━━━━━━━━━[0m[37m[0m [1m0s[0m 220ms/step - accuracy: 0.0014 - loss: 1.2254[1m1/1[0m [32m━━━━━━━━━━━━━━━━━━━━[0m[37m[0m [1m0s[0m 249ms/step - accuracy: 0.0014 - loss: 1.2254 - val_accuracy: 0.0000e+00 - val_loss: 1.2381 - val_sens_fpr0.005: 0.0012
Epoch 9/400
[1m1/1[0m [32m━━━━━━━━━━━━━━━━━━━━[0m[37m[0m [1m0s[0m 219ms/step - accuracy: 0.0012 - loss: 1.1873[1m1/1[0m [32m━━━━━━━━━━━━━━━━━━━━[0m[37m[0m [1m0s[0m 249ms/step - accuracy: 0.0012 - loss: 1.1873 - val_accuracy: 0.0000e+00 - val_loss: 1.2065 - val_sens_fpr0.005: 0.0040
Epoch 10/400
[1m1/1[0m [32m━━━━━━━━━━━━━━━━━━━━[0m[37m[0m [1m0s[0m 227ms/step - accuracy: 0.0011 - loss: 1.1543[1m1/1[0m [32m━━━━━━━━━━━━━━━━━━━━[0m[37m[0m [1m0s[0m 257ms/step - accuracy: 0.0011 - loss: 1.1543 - val_accuracy: 0.0000e+00 - val_loss: 1.1789 - val_sens_fpr0.005: 0.0040
Epoch 11/400
[1m1/1[0m [32m━━━━━━━━━━━━━━━━━━━━[0m[37m[0m [1m0s[0m 212ms/step - accuracy: 6.6205e-04 - loss: 1.1262[1m1/1[0m [32m━━━━━━━━━━━━━━━━━━━━[0m[37m[0m [1m0s[0m 241ms/step - accuracy: 6.6205e-04 - loss: 1.1262 - val_accuracy: 0.0000e+00 - val_loss: 1.1547 - val_sens_fpr0.005: 0.0052
Epoch 12/400
[1m1/1[0m [32m━━━━━━━━━━━━━━━━━━━━[0m[37m[0m [1m0s[0m 214ms/step - accuracy: 2.5463e-04 - loss: 1.1012[1m1/1[0m [32m━━━━━━━━━━━━━━━━━━━━[0m[37m[0m [1m0s[0m 244ms/step - accuracy: 2.5463e-04 - loss: 1.1012 - val_accuracy: 0.0000e+00 - val_loss: 1.1334 - val_sens_fpr0.005: 0.0086
Epoch 13/400
[1m1/1[0m [32m━━━━━━━━━━━━━━━━━━━━[0m[37m[0m [1m0s[0m 214ms/step - accuracy: 2.0371e-04 - loss: 1.0799[1m1/1[0m [32m━━━━━━━━━━━━━━━━━━━━[0m[37m[0m [1m0s[0m 243ms/step - accuracy: 2.0371e-04 - loss: 1.0799 - val_accuracy: 0.0000e+00 - val_loss: 1.1146 - val_sens_fpr0.005: 0.0086
Epoch 14/400
[1m1/1[0m [32m━━━━━━━━━━━━━━━━━━━━[0m[37m[0m [1m0s[0m 205ms/step - accuracy: 8.1483e-04 - loss: 1.0609[1m1/1[0m [32m━━━━━━━━━━━━━━━━━━━━[0m[37m[0m [1m0s[0m 234ms/step - accuracy: 8.1483e-04 - loss: 1.0609 - val_accuracy: 0.0000e+00 - val_loss: 1.0980 - val_sens_fpr0.005: 0.0112
Epoch 15/400
[1m1/1[0m [32m━━━━━━━━━━━━━━━━━━━━[0m[37m[0m [1m0s[0m 220ms/step - accuracy: 0.0017 - loss: 1.0443[1m1/1[0m [32m━━━━━━━━━━━━━━━━━━━━[0m[37m[0m [1m0s[0m 248ms/step - accuracy: 0.0017 - loss: 1.0443 - val_accuracy: 0.0000e+00 - val_loss: 1.0832 - val_sens_fpr0.005: 0.0126
Epoch 16/400
[1m1/1[0m [32m━━━━━━━━━━━━━━━━━━━━[0m[37m[0m [1m0s[0m 215ms/step - accuracy: 0.0028 - loss: 1.0297[1m1/1[0m [32m━━━━━━━━━━━━━━━━━━━━[0m[37m[0m [1m0s[0m 244ms/step - accuracy: 0.0028 - loss: 1.0297 - val_accuracy: 0.0000e+00 - val_loss: 1.0701 - val_sens_fpr0.005: 0.0139
Epoch 17/400
[1m1/1[0m [32m━━━━━━━━━━━━━━━━━━━━[0m[37m[0m [1m0s[0m 218ms/step - accuracy: 0.0041 - loss: 1.0169[1m1/1[0m [32m━━━━━━━━━━━━━━━━━━━━[0m[37m[0m [1m0s[0m 249ms/step - accuracy: 0.0041 - loss: 1.0169 - val_accuracy: 0.0000e+00 - val_loss: 1.0584 - val_sens_fpr0.005: 0.0139
Epoch 18/400
[1m1/1[0m [32m━━━━━━━━━━━━━━━━━━━━[0m[37m[0m [1m0s[0m 208ms/step - accuracy: 0.0061 - loss: 1.0055[1m1/1[0m [32m━━━━━━━━━━━━━━━━━━━━[0m[37m[0m [1m0s[0m 238ms/step - accuracy: 0.0061 - loss: 1.0055 - val_accuracy: 0.0000e+00 - val_loss: 1.0480 - val_sens_fpr0.005: 0.0139
Epoch 19/400
[1m1/1[0m [32m━━━━━━━━━━━━━━━━━━━━[0m[37m[0m [1m0s[0m 217ms/step - accuracy: 0.0079 - loss: 0.9955[1m1/1[0m [32m━━━━━━━━━━━━━━━━━━━━[0m[37m[0m [1m0s[0m 246ms/step - accuracy: 0.0079 - loss: 0.9955 - val_accuracy: 0.0000e+00 - val_loss: 1.0388 - val_sens_fpr0.005: 0.0139
Epoch 20/400
[1m1/1[0m [32m━━━━━━━━━━━━━━━━━━━━[0m[37m[0m [1m0s[0m 204ms/step - accuracy: 0.0096 - loss: 0.9867[1m1/1[0m [32m━━━━━━━━━━━━━━━━━━━━[0m[37m[0m [1m0s[0m 232ms/step - accuracy: 0.0096 - loss: 0.9867 - val_accuracy: 0.0000e+00 - val_loss: 1.0307 - val_sens_fpr0.005: 0.0139
Epoch 21/400
[1m1/1[0m [32m━━━━━━━━━━━━━━━━━━━━[0m[37m[0m [1m0s[0m 217ms/step - accuracy: 0.0107 - loss: 0.9791[1m1/1[0m [32m━━━━━━━━━━━━━━━━━━━━[0m[37m[0m [1m0s[0m 246ms/step - accuracy: 0.0107 - loss: 0.9791 - val_accuracy: 0.0000e+00 - val_loss: 1.0236 - val_sens_fpr0.005: 0.0139
Epoch 22/400
[1m1/1[0m [32m━━━━━━━━━━━━━━━━━━━━[0m[37m[0m [1m0s[0m 213ms/step - accuracy: 0.0109 - loss: 0.9726[1m1/1[0m [32m━━━━━━━━━━━━━━━━━━━━[0m[37m[0m [1m0s[0m 242ms/step - accuracy: 0.0109 - loss: 0.9726 - val_accuracy: 0.0000e+00 - val_loss: 1.0174 - val_sens_fpr0.005: 0.0139
Epoch 23/400
[1m1/1[0m [32m━━━━━━━━━━━━━━━━━━━━[0m[37m[0m [1m0s[0m 207ms/step - accuracy: 0.0113 - loss: 0.9673[1m1/1[0m [32m━━━━━━━━━━━━━━━━━━━━[0m[37m[0m [1m0s[0m 238ms/step - accuracy: 0.0113 - loss: 0.9673 - val_accuracy: 0.0000e+00 - val_loss: 1.0119 - val_sens_fpr0.005: 0.0139
Epoch 24/400
[1m1/1[0m [32m━━━━━━━━━━━━━━━━━━━━[0m[37m[0m [1m0s[0m 227ms/step - accuracy: 0.0118 - loss: 0.9625[1m1/1[0m [32m━━━━━━━━━━━━━━━━━━━━[0m[37m[0m [1m0s[0m 256ms/step - accuracy: 0.0118 - loss: 0.9625 - val_accuracy: 0.0000e+00 - val_loss: 1.0072 - val_sens_fpr0.005: 0.0139
Epoch 25/400
[1m1/1[0m [32m━━━━━━━━━━━━━━━━━━━━[0m[37m[0m [1m0s[0m 217ms/step - accuracy: 0.0120 - loss: 0.9588[1m1/1[0m [32m━━━━━━━━━━━━━━━━━━━━[0m[37m[0m [1m0s[0m 248ms/step - accuracy: 0.0120 - loss: 0.9588 - val_accuracy: 0.0000e+00 - val_loss: 1.0031 - val_sens_fpr0.005: 0.0139
Epoch 26/400
[1m1/1[0m [32m━━━━━━━━━━━━━━━━━━━━[0m[37m[0m [1m0s[0m 212ms/step - accuracy: 0.0118 - loss: 0.9553[1m1/1[0m [32m━━━━━━━━━━━━━━━━━━━━[0m[37m[0m [1m0s[0m 242ms/step - accuracy: 0.0118 - loss: 0.9553 - val_accuracy: 0.0000e+00 - val_loss: 0.9994 - val_sens_fpr0.005: 0.0146
Epoch 27/400
[1m1/1[0m [32m━━━━━━━━━━━━━━━━━━━━[0m[37m[0m [1m0s[0m 225ms/step - accuracy: 0.0119 - loss: 0.9525[1m1/1[0m [32m━━━━━━━━━━━━━━━━━━━━[0m[37m[0m [1m0s[0m 256ms/step - accuracy: 0.0119 - loss: 0.9525 - val_accuracy: 0.0000e+00 - val_loss: 0.9961 - val_sens_fpr0.005: 0.0159
Epoch 28/400
[1m1/1[0m [32m━━━━━━━━━━━━━━━━━━━━[0m[37m[0m [1m0s[0m 213ms/step - accuracy: 0.0117 - loss: 0.9498[1m1/1[0m [32m━━━━━━━━━━━━━━━━━━━━[0m[37m[0m [1m0s[0m 243ms/step - accuracy: 0.0117 - loss: 0.9498 - val_accuracy: 0.0000e+00 - val_loss: 0.9932 - val_sens_fpr0.005: 0.0159
Epoch 29/400
[1m1/1[0m [32m━━━━━━━━━━━━━━━━━━━━[0m[37m[0m [1m0s[0m 216ms/step - accuracy: 0.0123 - loss: 0.9478[1m1/1[0m [32m━━━━━━━━━━━━━━━━━━━━[0m[37m[0m [1m0s[0m 247ms/step - accuracy: 0.0123 - loss: 0.9478 - val_accuracy: 0.0000e+00 - val_loss: 0.9905 - val_sens_fpr0.005: 0.0159
Epoch 30/400
[1m1/1[0m [32m━━━━━━━━━━━━━━━━━━━━[0m[37m[0m [1m0s[0m 218ms/step - accuracy: 0.0124 - loss: 0.9458[1m1/1[0m [32m━━━━━━━━━━━━━━━━━━━━[0m[37m[0m [1m0s[0m 247ms/step - accuracy: 0.0124 - loss: 0.9458 - val_accuracy: 0.0000e+00 - val_loss: 0.9880 - val_sens_fpr0.005: 0.0159
Epoch 31/400
[1m1/1[0m [32m━━━━━━━━━━━━━━━━━━━━[0m[37m[0m [1m0s[0m 226ms/step - accuracy: 0.0123 - loss: 0.9439[1m1/1[0m [32m━━━━━━━━━━━━━━━━━━━━[0m[37m[0m [1m0s[0m 255ms/step - accuracy: 0.0123 - loss: 0.9439 - val_accuracy: 0.0000e+00 - val_loss: 0.9857 - val_sens_fpr0.005: 0.0165
Epoch 32/400
[1m1/1[0m [32m━━━━━━━━━━━━━━━━━━━━[0m[37m[0m [1m0s[0m 212ms/step - accuracy: 0.0122 - loss: 0.9421[1m1/1[0m [32m━━━━━━━━━━━━━━━━━━━━[0m[37m[0m [1m0s[0m 243ms/step - accuracy: 0.0122 - loss: 0.9421 - val_accuracy: 0.0000e+00 - val_loss: 0.9836 - val_sens_fpr0.005: 0.0179
Epoch 33/400
[1m1/1[0m [32m━━━━━━━━━━━━━━━━━━━━[0m[37m[0m [1m0s[0m 224ms/step - accuracy: 0.0131 - loss: 0.9406[1m1/1[0m [32m━━━━━━━━━━━━━━━━━━━━[0m[37m[0m [1m0s[0m 254ms/step - accuracy: 0.0131 - loss: 0.9406 - val_accuracy: 0.0000e+00 - val_loss: 0.9816 - val_sens_fpr0.005: 0.0199
Epoch 34/400
[1m1/1[0m [32m━━━━━━━━━━━━━━━━━━━━[0m[37m[0m [1m0s[0m 219ms/step - accuracy: 0.0126 - loss: 0.9392[1m1/1[0m [32m━━━━━━━━━━━━━━━━━━━━[0m[37m[0m [1m0s[0m 249ms/step - accuracy: 0.0126 - loss: 0.9392 - val_accuracy: 0.0000e+00 - val_loss: 0.9797 - val_sens_fpr0.005: 0.0199
Epoch 35/400
[1m1/1[0m [32m━━━━━━━━━━━━━━━━━━━━[0m[37m[0m [1m0s[0m 207ms/step - accuracy: 0.0134 - loss: 0.9379[1m1/1[0m [32m━━━━━━━━━━━━━━━━━━━━[0m[37m[0m [1m0s[0m 238ms/step - accuracy: 0.0134 - loss: 0.9379 - val_accuracy: 0.0000e+00 - val_loss: 0.9779 - val_sens_fpr0.005: 0.0225
Epoch 36/400
[1m1/1[0m [32m━━━━━━━━━━━━━━━━━━━━[0m[37m[0m [1m0s[0m 214ms/step - accuracy: 0.0136 - loss: 0.9368[1m1/1[0m [32m━━━━━━━━━━━━━━━━━━━━[0m[37m[0m [1m0s[0m 243ms/step - accuracy: 0.0136 - loss: 0.9368 - val_accuracy: 0.0000e+00 - val_loss: 0.9762 - val_sens_fpr0.005: 0.0225
Epoch 37/400
[1m1/1[0m [32m━━━━━━━━━━━━━━━━━━━━[0m[37m[0m [1m0s[0m 216ms/step - accuracy: 0.0136 - loss: 0.9359[1m1/1[0m [32m━━━━━━━━━━━━━━━━━━━━[0m[37m[0m [1m0s[0m 247ms/step - accuracy: 0.0136 - loss: 0.9359 - val_accuracy: 0.0000e+00 - val_loss: 0.9747 - val_sens_fpr0.005: 0.0225
Epoch 38/400
[1m1/1[0m [32m━━━━━━━━━━━━━━━━━━━━[0m[37m[0m [1m0s[0m 208ms/step - accuracy: 0.0133 - loss: 0.9349[1m1/1[0m [32m━━━━━━━━━━━━━━━━━━━━[0m[37m[0m [1m0s[0m 238ms/step - accuracy: 0.0133 - loss: 0.9349 - val_accuracy: 0.0000e+00 - val_loss: 0.9733 - val_sens_fpr0.005: 0.0265
Epoch 39/400
[1m1/1[0m [32m━━━━━━━━━━━━━━━━━━━━[0m[37m[0m [1m0s[0m 231ms/step - accuracy: 0.0146 - loss: 0.9341[1m1/1[0m [32m━━━━━━━━━━━━━━━━━━━━[0m[37m[0m [1m0s[0m 261ms/step - accuracy: 0.0146 - loss: 0.9341 - val_accuracy: 0.0000e+00 - val_loss: 0.9720 - val_sens_fpr0.005: 0.0291
Epoch 40/400
[1m1/1[0m [32m━━━━━━━━━━━━━━━━━━━━[0m[37m[0m [1m0s[0m 217ms/step - accuracy: 0.0140 - loss: 0.9334[1m1/1[0m [32m━━━━━━━━━━━━━━━━━━━━[0m[37m[0m [1m0s[0m 245ms/step - accuracy: 0.0140 - loss: 0.9334 - val_accuracy: 0.0000e+00 - val_loss: 0.9707 - val_sens_fpr0.005: 0.0378
Epoch 41/400
[1m1/1[0m [32m━━━━━━━━━━━━━━━━━━━━[0m[37m[0m [1m0s[0m 215ms/step - accuracy: 0.0155 - loss: 0.9328[1m1/1[0m [32m━━━━━━━━━━━━━━━━━━━━[0m[37m[0m [1m0s[0m 245ms/step - accuracy: 0.0155 - loss: 0.9328 - val_accuracy: 0.0000e+00 - val_loss: 0.9696 - val_sens_fpr0.005: 0.0398
Epoch 42/400
[1m1/1[0m [32m━━━━━━━━━━━━━━━━━━━━[0m[37m[0m [1m0s[0m 209ms/step - accuracy: 0.0148 - loss: 0.9321[1m1/1[0m [32m━━━━━━━━━━━━━━━━━━━━[0m[37m[0m [1m0s[0m 239ms/step - accuracy: 0.0148 - loss: 0.9321 - val_accuracy: 0.0000e+00 - val_loss: 0.9686 - val_sens_fpr0.005: 0.0398
Epoch 43/400
[1m1/1[0m [32m━━━━━━━━━━━━━━━━━━━━[0m[37m[0m [1m0s[0m 220ms/step - accuracy: 0.0154 - loss: 0.9317[1m1/1[0m [32m━━━━━━━━━━━━━━━━━━━━[0m[37m[0m [1m0s[0m 250ms/step - accuracy: 0.0154 - loss: 0.9317 - val_accuracy: 0.0000e+00 - val_loss: 0.9677 - val_sens_fpr0.005: 0.0371
Epoch 44/400
[1m1/1[0m [32m━━━━━━━━━━━━━━━━━━━━[0m[37m[0m [1m0s[0m 212ms/step - accuracy: 0.0155 - loss: 0.9310[1m1/1[0m [32m━━━━━━━━━━━━━━━━━━━━[0m[37m[0m [1m0s[0m 241ms/step - accuracy: 0.0155 - loss: 0.9310 - val_accuracy: 0.0000e+00 - val_loss: 0.9668 - val_sens_fpr0.005: 0.0357
Epoch 45/400
[1m1/1[0m [32m━━━━━━━━━━━━━━━━━━━━[0m[37m[0m [1m0s[0m 227ms/step - accuracy: 0.0153 - loss: 0.9304[1m1/1[0m [32m━━━━━━━━━━━━━━━━━━━━[0m[37m[0m [1m0s[0m 257ms/step - accuracy: 0.0153 - loss: 0.9304 - val_accuracy: 0.0000e+00 - val_loss: 0.9660 - val_sens_fpr0.005: 0.0363
Epoch 46/400
[1m1/1[0m [32m━━━━━━━━━━━━━━━━━━━━[0m[37m[0m [1m0s[0m 209ms/step - accuracy: 0.0152 - loss: 0.9300[1m1/1[0m [32m━━━━━━━━━━━━━━━━━━━━[0m[37m[0m [1m0s[0m 240ms/step - accuracy: 0.0152 - loss: 0.9300 - val_accuracy: 0.0000e+00 - val_loss: 0.9653 - val_sens_fpr0.005: 0.0369
Epoch 47/400
[1m1/1[0m [32m━━━━━━━━━━━━━━━━━━━━[0m[37m[0m [1m0s[0m 213ms/step - accuracy: 0.0164 - loss: 0.9293[1m1/1[0m [32m━━━━━━━━━━━━━━━━━━━━[0m[37m[0m [1m0s[0m 248ms/step - accuracy: 0.0164 - loss: 0.9293 - val_accuracy: 0.0000e+00 - val_loss: 0.9647 - val_sens_fpr0.005: 0.0361
Epoch 48/400
[1m1/1[0m [32m━━━━━━━━━━━━━━━━━━━━[0m[37m[0m [1m0s[0m 224ms/step - accuracy: 0.0167 - loss: 0.9288[1m1/1[0m [32m━━━━━━━━━━━━━━━━━━━━[0m[37m[0m [1m0s[0m 254ms/step - accuracy: 0.0167 - loss: 0.9288 - val_accuracy: 0.0000e+00 - val_loss: 0.9641 - val_sens_fpr0.005: 0.0367
Epoch 49/400
[1m1/1[0m [32m━━━━━━━━━━━━━━━━━━━━[0m[37m[0m [1m0s[0m 223ms/step - accuracy: 0.0158 - loss: 0.9283[1m1/1[0m [32m━━━━━━━━━━━━━━━━━━━━[0m[37m[0m [1m0s[0m 253ms/step - accuracy: 0.0158 - loss: 0.9283 - val_accuracy: 0.0000e+00 - val_loss: 0.9637 - val_sens_fpr0.005: 0.0393
Epoch 50/400
[1m1/1[0m [32m━━━━━━━━━━━━━━━━━━━━[0m[37m[0m [1m0s[0m 216ms/step - accuracy: 0.0169 - loss: 0.9278[1m1/1[0m [32m━━━━━━━━━━━━━━━━━━━━[0m[37m[0m [1m0s[0m 247ms/step - accuracy: 0.0169 - loss: 0.9278 - val_accuracy: 0.0000e+00 - val_loss: 0.9632 - val_sens_fpr0.005: 0.0399
Epoch 51/400
[1m1/1[0m [32m━━━━━━━━━━━━━━━━━━━━[0m[37m[0m [1m0s[0m 216ms/step - accuracy: 0.0167 - loss: 0.9273[1m1/1[0m [32m━━━━━━━━━━━━━━━━━━━━[0m[37m[0m [1m0s[0m 246ms/step - accuracy: 0.0167 - loss: 0.9273 - val_accuracy: 0.0000e+00 - val_loss: 0.9629 - val_sens_fpr0.005: 0.0407
Epoch 52/400
[1m1/1[0m [32m━━━━━━━━━━━━━━━━━━━━[0m[37m[0m [1m0s[0m 221ms/step - accuracy: 0.0170 - loss: 0.9270[1m1/1[0m [32m━━━━━━━━━━━━━━━━━━━━[0m[37m[0m [1m0s[0m 250ms/step - accuracy: 0.0170 - loss: 0.9270 - val_accuracy: 0.0000e+00 - val_loss: 0.9626 - val_sens_fpr0.005: 0.0469
Epoch 53/400
[1m1/1[0m [32m━━━━━━━━━━━━━━━━━━━━[0m[37m[0m [1m0s[0m 223ms/step - accuracy: 0.0176 - loss: 0.9266[1m1/1[0m [32m━━━━━━━━━━━━━━━━━━━━[0m[37m[0m [1m0s[0m 254ms/step - accuracy: 0.0176 - loss: 0.9266 - val_accuracy: 0.0000e+00 - val_loss: 0.9623 - val_sens_fpr0.005: 0.0481
Epoch 54/400
[1m1/1[0m [32m━━━━━━━━━━━━━━━━━━━━[0m[37m[0m [1m0s[0m 226ms/step - accuracy: 0.0174 - loss: 0.9262[1m1/1[0m [32m━━━━━━━━━━━━━━━━━━━━[0m[37m[0m [1m0s[0m 256ms/step - accuracy: 0.0174 - loss: 0.9262 - val_accuracy: 0.0000e+00 - val_loss: 0.9620 - val_sens_fpr0.005: 0.0487
Epoch 55/400
[1m1/1[0m [32m━━━━━━━━━━━━━━━━━━━━[0m[37m[0m [1m0s[0m 221ms/step - accuracy: 0.0171 - loss: 0.9258[1m1/1[0m [32m━━━━━━━━━━━━━━━━━━━━[0m[37m[0m [1m0s[0m 251ms/step - accuracy: 0.0171 - loss: 0.9258 - val_accuracy: 0.0000e+00 - val_loss: 0.9618 - val_sens_fpr0.005: 0.0541
Epoch 56/400
[1m1/1[0m [32m━━━━━━━━━━━━━━━━━━━━[0m[37m[0m [1m0s[0m 223ms/step - accuracy: 0.0179 - loss: 0.9254[1m1/1[0m [32m━━━━━━━━━━━━━━━━━━━━[0m[37m[0m [1m0s[0m 251ms/step - accuracy: 0.0179 - loss: 0.9254 - val_accuracy: 0.0000e+00 - val_loss: 0.9616 - val_sens_fpr0.005: 0.0562
Epoch 57/400
[1m1/1[0m [32m━━━━━━━━━━━━━━━━━━━━[0m[37m[0m [1m0s[0m 214ms/step - accuracy: 0.0184 - loss: 0.9251[1m1/1[0m [32m━━━━━━━━━━━━━━━━━━━━[0m[37m[0m [1m0s[0m 244ms/step - accuracy: 0.0184 - loss: 0.9251 - val_accuracy: 0.0000e+00 - val_loss: 0.9614 - val_sens_fpr0.005: 0.0590
Epoch 58/400
[1m1/1[0m [32m━━━━━━━━━━━━━━━━━━━━[0m[37m[0m [1m0s[0m 228ms/step - accuracy: 0.0186 - loss: 0.9248[1m1/1[0m [32m━━━━━━━━━━━━━━━━━━━━[0m[37m[0m [1m0s[0m 261ms/step - accuracy: 0.0186 - loss: 0.9248 - val_accuracy: 0.0000e+00 - val_loss: 0.9612 - val_sens_fpr0.005: 0.0610
Epoch 59/400
[1m1/1[0m [32m━━━━━━━━━━━━━━━━━━━━[0m[37m[0m [1m0s[0m 222ms/step - accuracy: 0.0183 - loss: 0.9245[1m1/1[0m [32m━━━━━━━━━━━━━━━━━━━━[0m[37m[0m [1m0s[0m 252ms/step - accuracy: 0.0183 - loss: 0.9245 - val_accuracy: 0.0000e+00 - val_loss: 0.9609 - val_sens_fpr0.005: 0.0618
Epoch 60/400
[1m1/1[0m [32m━━━━━━━━━━━━━━━━━━━━[0m[37m[0m [1m0s[0m 220ms/step - accuracy: 0.0182 - loss: 0.9241[1m1/1[0m [32m━━━━━━━━━━━━━━━━━━━━[0m[37m[0m [1m0s[0m 249ms/step - accuracy: 0.0182 - loss: 0.9241 - val_accuracy: 0.0000e+00 - val_loss: 0.9607 - val_sens_fpr0.005: 0.0657
Epoch 61/400
[1m1/1[0m [32m━━━━━━━━━━━━━━━━━━━━[0m[37m[0m [1m0s[0m 221ms/step - accuracy: 0.0178 - loss: 0.9237[1m1/1[0m [32m━━━━━━━━━━━━━━━━━━━━[0m[37m[0m [1m0s[0m 250ms/step - accuracy: 0.0178 - loss: 0.9237 - val_accuracy: 0.0000e+00 - val_loss: 0.9605 - val_sens_fpr0.005: 0.0697
Epoch 62/400
[1m1/1[0m [32m━━━━━━━━━━━━━━━━━━━━[0m[37m[0m [1m0s[0m 213ms/step - accuracy: 0.0195 - loss: 0.9235[1m1/1[0m [32m━━━━━━━━━━━━━━━━━━━━[0m[37m[0m [1m0s[0m 243ms/step - accuracy: 0.0195 - loss: 0.9235 - val_accuracy: 0.0000e+00 - val_loss: 0.9603 - val_sens_fpr0.005: 0.0723
Epoch 63/400
[1m1/1[0m [32m━━━━━━━━━━━━━━━━━━━━[0m[37m[0m [1m0s[0m 221ms/step - accuracy: 0.0196 - loss: 0.9231[1m1/1[0m [32m━━━━━━━━━━━━━━━━━━━━[0m[37m[0m [1m0s[0m 251ms/step - accuracy: 0.0196 - loss: 0.9231 - val_accuracy: 0.0000e+00 - val_loss: 0.9602 - val_sens_fpr0.005: 0.0763
Epoch 64/400
[1m1/1[0m [32m━━━━━━━━━━━━━━━━━━━━[0m[37m[0m [1m0s[0m 216ms/step - accuracy: 0.0201 - loss: 0.9229[1m1/1[0m [32m━━━━━━━━━━━━━━━━━━━━[0m[37m[0m [1m0s[0m 245ms/step - accuracy: 0.0201 - loss: 0.9229 - val_accuracy: 0.0000e+00 - val_loss: 0.9600 - val_sens_fpr0.005: 0.0797
Epoch 65/400
[1m1/1[0m [32m━━━━━━━━━━━━━━━━━━━━[0m[37m[0m [1m0s[0m 228ms/step - accuracy: 0.0196 - loss: 0.9226[1m1/1[0m [32m━━━━━━━━━━━━━━━━━━━━[0m[37m[0m [1m0s[0m 258ms/step - accuracy: 0.0196 - loss: 0.9226 - val_accuracy: 0.0000e+00 - val_loss: 0.9598 - val_sens_fpr0.005: 0.0817
Epoch 66/400
[1m1/1[0m [32m━━━━━━━━━━━━━━━━━━━━[0m[37m[0m [1m0s[0m 215ms/step - accuracy: 0.0191 - loss: 0.9223[1m1/1[0m [32m━━━━━━━━━━━━━━━━━━━━[0m[37m[0m [1m0s[0m 245ms/step - accuracy: 0.0191 - loss: 0.9223 - val_accuracy: 0.0000e+00 - val_loss: 0.9597 - val_sens_fpr0.005: 0.0837
Epoch 67/400
[1m1/1[0m [32m━━━━━━━━━━━━━━━━━━━━[0m[37m[0m [1m0s[0m 212ms/step - accuracy: 0.0198 - loss: 0.9219[1m1/1[0m [32m━━━━━━━━━━━━━━━━━━━━[0m[37m[0m [1m0s[0m 241ms/step - accuracy: 0.0198 - loss: 0.9219 - val_accuracy: 0.0000e+00 - val_loss: 0.9595 - val_sens_fpr0.005: 0.0843
Epoch 68/400
[1m1/1[0m [32m━━━━━━━━━━━━━━━━━━━━[0m[37m[0m [1m0s[0m 218ms/step - accuracy: 0.0201 - loss: 0.9218[1m1/1[0m [32m━━━━━━━━━━━━━━━━━━━━[0m[37m[0m [1m0s[0m 247ms/step - accuracy: 0.0201 - loss: 0.9218 - val_accuracy: 0.0000e+00 - val_loss: 0.9594 - val_sens_fpr0.005: 0.0916
Epoch 69/400
[1m1/1[0m [32m━━━━━━━━━━━━━━━━━━━━[0m[37m[0m [1m0s[0m 219ms/step - accuracy: 0.0200 - loss: 0.9215[1m1/1[0m [32m━━━━━━━━━━━━━━━━━━━━[0m[37m[0m [1m0s[0m 248ms/step - accuracy: 0.0200 - loss: 0.9215 - val_accuracy: 0.0000e+00 - val_loss: 0.9593 - val_sens_fpr0.005: 0.0976
Epoch 70/400
[1m1/1[0m [32m━━━━━━━━━━━━━━━━━━━━[0m[37m[0m [1m0s[0m 209ms/step - accuracy: 0.0197 - loss: 0.9212[1m1/1[0m [32m━━━━━━━━━━━━━━━━━━━━[0m[37m[0m [1m0s[0m 238ms/step - accuracy: 0.0197 - loss: 0.9212 - val_accuracy: 0.0000e+00 - val_loss: 0.9592 - val_sens_fpr0.005: 0.1076
Epoch 71/400
[1m1/1[0m [32m━━━━━━━━━━━━━━━━━━━━[0m[37m[0m [1m0s[0m 223ms/step - accuracy: 0.0193 - loss: 0.9210[1m1/1[0m [32m━━━━━━━━━━━━━━━━━━━━[0m[37m[0m [1m0s[0m 253ms/step - accuracy: 0.0193 - loss: 0.9210 - val_accuracy: 0.0000e+00 - val_loss: 0.9592 - val_sens_fpr0.005: 0.1076
Epoch 72/400
[1m1/1[0m [32m━━━━━━━━━━━━━━━━━━━━[0m[37m[0m [1m0s[0m 223ms/step - accuracy: 0.0199 - loss: 0.9207[1m1/1[0m [32m━━━━━━━━━━━━━━━━━━━━[0m[37m[0m [1m0s[0m 253ms/step - accuracy: 0.0199 - loss: 0.9207 - val_accuracy: 0.0000e+00 - val_loss: 0.9591 - val_sens_fpr0.005: 0.1161
Epoch 73/400
[1m1/1[0m [32m━━━━━━━━━━━━━━━━━━━━[0m[37m[0m [1m0s[0m 220ms/step - accuracy: 0.0204 - loss: 0.9204[1m1/1[0m [32m━━━━━━━━━━━━━━━━━━━━[0m[37m[0m [1m0s[0m 249ms/step - accuracy: 0.0204 - loss: 0.9204 - val_accuracy: 0.0000e+00 - val_loss: 0.9591 - val_sens_fpr0.005: 0.1175
Epoch 74/400
[1m1/1[0m [32m━━━━━━━━━━━━━━━━━━━━[0m[37m[0m [1m0s[0m 210ms/step - accuracy: 0.0200 - loss: 0.9203[1m1/1[0m [32m━━━━━━━━━━━━━━━━━━━━[0m[37m[0m [1m0s[0m 241ms/step - accuracy: 0.0200 - loss: 0.9203 - val_accuracy: 0.0000e+00 - val_loss: 0.9590 - val_sens_fpr0.005: 0.1201
Epoch 75/400
[1m1/1[0m [32m━━━━━━━━━━━━━━━━━━━━[0m[37m[0m [1m0s[0m 218ms/step - accuracy: 0.0194 - loss: 0.9200[1m1/1[0m [32m━━━━━━━━━━━━━━━━━━━━[0m[37m[0m [1m0s[0m 247ms/step - accuracy: 0.0194 - loss: 0.9200 - val_accuracy: 0.0000e+00 - val_loss: 0.9590 - val_sens_fpr0.005: 0.1261
Epoch 76/400
[1m1/1[0m [32m━━━━━━━━━━━━━━━━━━━━[0m[37m[0m [1m0s[0m 218ms/step - accuracy: 0.0203 - loss: 0.9198[1m1/1[0m [32m━━━━━━━━━━━━━━━━━━━━[0m[37m[0m [1m0s[0m 247ms/step - accuracy: 0.0203 - loss: 0.9198 - val_accuracy: 0.0000e+00 - val_loss: 0.9590 - val_sens_fpr0.005: 0.1287
Epoch 77/400
[1m1/1[0m [32m━━━━━━━━━━━━━━━━━━━━[0m[37m[0m [1m0s[0m 221ms/step - accuracy: 0.0205 - loss: 0.9196[1m1/1[0m [32m━━━━━━━━━━━━━━━━━━━━[0m[37m[0m [1m0s[0m 251ms/step - accuracy: 0.0205 - loss: 0.9196 - val_accuracy: 0.0000e+00 - val_loss: 0.9589 - val_sens_fpr0.005: 0.1315
Epoch 78/400
[1m1/1[0m [32m━━━━━━━━━━━━━━━━━━━━[0m[37m[0m [1m0s[0m 223ms/step - accuracy: 0.0209 - loss: 0.9195[1m1/1[0m [32m━━━━━━━━━━━━━━━━━━━━[0m[37m[0m [1m0s[0m 252ms/step - accuracy: 0.0209 - loss: 0.9195 - val_accuracy: 0.0000e+00 - val_loss: 0.9589 - val_sens_fpr0.005: 0.1341
Epoch 79/400
[1m1/1[0m [32m━━━━━━━━━━━━━━━━━━━━[0m[37m[0m [1m0s[0m 222ms/step - accuracy: 0.0197 - loss: 0.9192[1m1/1[0m [32m━━━━━━━━━━━━━━━━━━━━[0m[37m[0m [1m0s[0m 251ms/step - accuracy: 0.0197 - loss: 0.9192 - val_accuracy: 0.0000e+00 - val_loss: 0.9589 - val_sens_fpr0.005: 0.1381
Epoch 80/400
[1m1/1[0m [32m━━━━━━━━━━━━━━━━━━━━[0m[37m[0m [1m0s[0m 222ms/step - accuracy: 0.0203 - loss: 0.9190[1m1/1[0m [32m━━━━━━━━━━━━━━━━━━━━[0m[37m[0m [1m0s[0m 252ms/step - accuracy: 0.0203 - loss: 0.9190 - val_accuracy: 0.0000e+00 - val_loss: 0.9588 - val_sens_fpr0.005: 0.1394
Epoch 81/400
[1m1/1[0m [32m━━━━━━━━━━━━━━━━━━━━[0m[37m[0m [1m0s[0m 219ms/step - accuracy: 0.0207 - loss: 0.9188[1m1/1[0m [32m━━━━━━━━━━━━━━━━━━━━[0m[37m[0m [1m0s[0m 249ms/step - accuracy: 0.0207 - loss: 0.9188 - val_accuracy: 0.0000e+00 - val_loss: 0.9588 - val_sens_fpr0.005: 0.1394
Epoch 82/400
[1m1/1[0m [32m━━━━━━━━━━━━━━━━━━━━[0m[37m[0m [1m0s[0m 216ms/step - accuracy: 0.0205 - loss: 0.9185[1m1/1[0m [32m━━━━━━━━━━━━━━━━━━━━[0m[37m[0m [1m0s[0m 246ms/step - accuracy: 0.0205 - loss: 0.9185 - val_accuracy: 0.0000e+00 - val_loss: 0.9588 - val_sens_fpr0.005: 0.1394
Epoch 83/400
[1m1/1[0m [32m━━━━━━━━━━━━━━━━━━━━[0m[37m[0m [1m0s[0m 209ms/step - accuracy: 0.0202 - loss: 0.9183[1m1/1[0m [32m━━━━━━━━━━━━━━━━━━━━[0m[37m[0m [1m0s[0m 239ms/step - accuracy: 0.0202 - loss: 0.9183 - val_accuracy: 0.0000e+00 - val_loss: 0.9587 - val_sens_fpr0.005: 0.1394
Epoch 84/400
[1m1/1[0m [32m━━━━━━━━━━━━━━━━━━━━[0m[37m[0m [1m0s[0m 221ms/step - accuracy: 0.0207 - loss: 0.9181[1m1/1[0m [32m━━━━━━━━━━━━━━━━━━━━[0m[37m[0m [1m0s[0m 251ms/step - accuracy: 0.0207 - loss: 0.9181 - val_accuracy: 0.0000e+00 - val_loss: 0.9587 - val_sens_fpr0.005: 0.1454
Epoch 85/400
[1m1/1[0m [32m━━━━━━━━━━━━━━━━━━━━[0m[37m[0m [1m0s[0m 224ms/step - accuracy: 0.0213 - loss: 0.9181[1m1/1[0m [32m━━━━━━━━━━━━━━━━━━━━[0m[37m[0m [1m0s[0m 254ms/step - accuracy: 0.0213 - loss: 0.9181 - val_accuracy: 0.0000e+00 - val_loss: 0.9586 - val_sens_fpr0.005: 0.1454
Epoch 86/400
[1m1/1[0m [32m━━━━━━━━━━━━━━━━━━━━[0m[37m[0m [1m0s[0m 213ms/step - accuracy: 0.0210 - loss: 0.9179[1m1/1[0m [32m━━━━━━━━━━━━━━━━━━━━[0m[37m[0m [1m0s[0m 241ms/step - accuracy: 0.0210 - loss: 0.9179 - val_accuracy: 0.0000e+00 - val_loss: 0.9586 - val_sens_fpr0.005: 0.1454
Epoch 87/400
[1m1/1[0m [32m━━━━━━━━━━━━━━━━━━━━[0m[37m[0m [1m0s[0m 220ms/step - accuracy: 0.0215 - loss: 0.9177[1m1/1[0m [32m━━━━━━━━━━━━━━━━━━━━[0m[37m[0m [1m0s[0m 249ms/step - accuracy: 0.0215 - loss: 0.9177 - val_accuracy: 0.0000e+00 - val_loss: 0.9585 - val_sens_fpr0.005: 0.1454
Epoch 88/400
[1m1/1[0m [32m━━━━━━━━━━━━━━━━━━━━[0m[37m[0m [1m0s[0m 214ms/step - accuracy: 0.0210 - loss: 0.9176[1m1/1[0m [32m━━━━━━━━━━━━━━━━━━━━[0m[37m[0m [1m0s[0m 243ms/step - accuracy: 0.0210 - loss: 0.9176 - val_accuracy: 0.0000e+00 - val_loss: 0.9584 - val_sens_fpr0.005: 0.1460
Epoch 89/400
[1m1/1[0m [32m━━━━━━━━━━━━━━━━━━━━[0m[37m[0m [1m0s[0m 209ms/step - accuracy: 0.0205 - loss: 0.9174[1m1/1[0m [32m━━━━━━━━━━━━━━━━━━━━[0m[37m[0m [1m0s[0m 239ms/step - accuracy: 0.0205 - loss: 0.9174 - val_accuracy: 0.0000e+00 - val_loss: 0.9583 - val_sens_fpr0.005: 0.1480
Epoch 90/400
[1m1/1[0m [32m━━━━━━━━━━━━━━━━━━━━[0m[37m[0m [1m0s[0m 218ms/step - accuracy: 0.0210 - loss: 0.9173[1m1/1[0m [32m━━━━━━━━━━━━━━━━━━━━[0m[37m[0m [1m0s[0m 248ms/step - accuracy: 0.0210 - loss: 0.9173 - val_accuracy: 0.0000e+00 - val_loss: 0.9583 - val_sens_fpr0.005: 0.1494
Epoch 91/400
[1m1/1[0m [32m━━━━━━━━━━━━━━━━━━━━[0m[37m[0m [1m0s[0m 217ms/step - accuracy: 0.0211 - loss: 0.9171[1m1/1[0m [32m━━━━━━━━━━━━━━━━━━━━[0m[37m[0m [1m0s[0m 247ms/step - accuracy: 0.0211 - loss: 0.9171 - val_accuracy: 0.0000e+00 - val_loss: 0.9582 - val_sens_fpr0.005: 0.1520
Epoch 92/400
[1m1/1[0m [32m━━━━━━━━━━━━━━━━━━━━[0m[37m[0m [1m0s[0m 215ms/step - accuracy: 0.0218 - loss: 0.9170[1m1/1[0m [32m━━━━━━━━━━━━━━━━━━━━[0m[37m[0m [1m0s[0m 245ms/step - accuracy: 0.0218 - loss: 0.9170 - val_accuracy: 0.0000e+00 - val_loss: 0.9581 - val_sens_fpr0.005: 0.1532
Epoch 93/400
[1m1/1[0m [32m━━━━━━━━━━━━━━━━━━━━[0m[37m[0m [1m0s[0m 221ms/step - accuracy: 0.0213 - loss: 0.9169[1m1/1[0m [32m━━━━━━━━━━━━━━━━━━━━[0m[37m[0m [1m0s[0m 251ms/step - accuracy: 0.0213 - loss: 0.9169 - val_accuracy: 0.0000e+00 - val_loss: 0.9580 - val_sens_fpr0.005: 0.1560
Epoch 94/400
[1m1/1[0m [32m━━━━━━━━━━━━━━━━━━━━[0m[37m[0m [1m0s[0m 218ms/step - accuracy: 0.0208 - loss: 0.9168[1m1/1[0m [32m━━━━━━━━━━━━━━━━━━━━[0m[37m[0m [1m0s[0m 248ms/step - accuracy: 0.0208 - loss: 0.9168 - val_accuracy: 0.0000e+00 - val_loss: 0.9580 - val_sens_fpr0.005: 0.1580
Epoch 95/400
[1m1/1[0m [32m━━━━━━━━━━━━━━━━━━━━[0m[37m[0m [1m0s[0m 217ms/step - accuracy: 0.0210 - loss: 0.9166[1m1/1[0m [32m━━━━━━━━━━━━━━━━━━━━[0m[37m[0m [1m0s[0m 245ms/step - accuracy: 0.0210 - loss: 0.9166 - val_accuracy: 0.0000e+00 - val_loss: 0.9579 - val_sens_fpr0.005: 0.1592
Epoch 96/400
[1m1/1[0m [32m━━━━━━━━━━━━━━━━━━━━[0m[37m[0m [1m0s[0m 227ms/step - accuracy: 0.0221 - loss: 0.9164[1m1/1[0m [32m━━━━━━━━━━━━━━━━━━━━[0m[37m[0m [1m0s[0m 255ms/step - accuracy: 0.0221 - loss: 0.9164 - val_accuracy: 0.0000e+00 - val_loss: 0.9578 - val_sens_fpr0.005: 0.1626
Epoch 97/400
[1m1/1[0m [32m━━━━━━━━━━━━━━━━━━━━[0m[37m[0m [1m0s[0m 228ms/step - accuracy: 0.0214 - loss: 0.9162[1m1/1[0m [32m━━━━━━━━━━━━━━━━━━━━[0m[37m[0m [1m0s[0m 258ms/step - accuracy: 0.0214 - loss: 0.9162 - val_accuracy: 0.0000e+00 - val_loss: 0.9577 - val_sens_fpr0.005: 0.1632
Epoch 98/400
[1m1/1[0m [32m━━━━━━━━━━━━━━━━━━━━[0m[37m[0m [1m0s[0m 229ms/step - accuracy: 0.0215 - loss: 0.9160[1m1/1[0m [32m━━━━━━━━━━━━━━━━━━━━[0m[37m[0m [1m0s[0m 259ms/step - accuracy: 0.0215 - loss: 0.9160 - val_accuracy: 0.0000e+00 - val_loss: 0.9577 - val_sens_fpr0.005: 0.1673
Epoch 99/400
[1m1/1[0m [32m━━━━━━━━━━━━━━━━━━━━[0m[37m[0m [1m0s[0m 213ms/step - accuracy: 0.0215 - loss: 0.9160[1m1/1[0m [32m━━━━━━━━━━━━━━━━━━━━[0m[37m[0m [1m0s[0m 243ms/step - accuracy: 0.0215 - loss: 0.9160 - val_accuracy: 0.0000e+00 - val_loss: 0.9576 - val_sens_fpr0.005: 0.1673
Epoch 100/400
[1m1/1[0m [32m━━━━━━━━━━━━━━━━━━━━[0m[37m[0m [1m0s[0m 218ms/step - accuracy: 0.0213 - loss: 0.9159[1m1/1[0m [32m━━━━━━━━━━━━━━━━━━━━[0m[37m[0m [1m0s[0m 246ms/step - accuracy: 0.0213 - loss: 0.9159 - val_accuracy: 0.0000e+00 - val_loss: 0.9576 - val_sens_fpr0.005: 0.1673
Epoch 101/400
[1m1/1[0m [32m━━━━━━━━━━━━━━━━━━━━[0m[37m[0m [1m0s[0m 215ms/step - accuracy: 0.0213 - loss: 0.9156[1m1/1[0m [32m━━━━━━━━━━━━━━━━━━━━[0m[37m[0m [1m0s[0m 244ms/step - accuracy: 0.0213 - loss: 0.9156 - val_accuracy: 0.0000e+00 - val_loss: 0.9575 - val_sens_fpr0.005: 0.1693
Epoch 102/400
[1m1/1[0m [32m━━━━━━━━━━━━━━━━━━━━[0m[37m[0m [1m0s[0m 214ms/step - accuracy: 0.0212 - loss: 0.9157[1m1/1[0m [32m━━━━━━━━━━━━━━━━━━━━[0m[37m[0m [1m0s[0m 244ms/step - accuracy: 0.0212 - loss: 0.9157 - val_accuracy: 0.0000e+00 - val_loss: 0.9575 - val_sens_fpr0.005: 0.1693
Epoch 103/400
[1m1/1[0m [32m━━━━━━━━━━━━━━━━━━━━[0m[37m[0m [1m0s[0m 216ms/step - accuracy: 0.0210 - loss: 0.9155[1m1/1[0m [32m━━━━━━━━━━━━━━━━━━━━[0m[37m[0m [1m0s[0m 245ms/step - accuracy: 0.0210 - loss: 0.9155 - val_accuracy: 0.0000e+00 - val_loss: 0.9574 - val_sens_fpr0.005: 0.1693
Epoch 104/400
[1m1/1[0m [32m━━━━━━━━━━━━━━━━━━━━[0m[37m[0m [1m0s[0m 229ms/step - accuracy: 0.0212 - loss: 0.9154[1m1/1[0m [32m━━━━━━━━━━━━━━━━━━━━[0m[37m[0m [1m0s[0m 257ms/step - accuracy: 0.0212 - loss: 0.9154 - val_accuracy: 0.0000e+00 - val_loss: 0.9574 - val_sens_fpr0.005: 0.1773
Epoch 105/400
[1m1/1[0m [32m━━━━━━━━━━━━━━━━━━━━[0m[37m[0m [1m0s[0m 225ms/step - accuracy: 0.0214 - loss: 0.9153[1m1/1[0m [32m━━━━━━━━━━━━━━━━━━━━[0m[37m[0m [1m0s[0m 253ms/step - accuracy: 0.0214 - loss: 0.9153 - val_accuracy: 0.0000e+00 - val_loss: 0.9573 - val_sens_fpr0.005: 0.1773
Epoch 106/400
[1m1/1[0m [32m━━━━━━━━━━━━━━━━━━━━[0m[37m[0m [1m0s[0m 213ms/step - accuracy: 0.0211 - loss: 0.9151[1m1/1[0m [32m━━━━━━━━━━━━━━━━━━━━[0m[37m[0m [1m0s[0m 241ms/step - accuracy: 0.0211 - loss: 0.9151 - val_accuracy: 0.0000e+00 - val_loss: 0.9573 - val_sens_fpr0.005: 0.1811
Epoch 107/400
[1m1/1[0m [32m━━━━━━━━━━━━━━━━━━━━[0m[37m[0m [1m0s[0m 228ms/step - accuracy: 0.0216 - loss: 0.9150[1m1/1[0m [32m━━━━━━━━━━━━━━━━━━━━[0m[37m[0m [1m0s[0m 256ms/step - accuracy: 0.0216 - loss: 0.9150 - val_accuracy: 0.0000e+00 - val_loss: 0.9573 - val_sens_fpr0.005: 0.1845
Epoch 108/400
[1m1/1[0m [32m━━━━━━━━━━━━━━━━━━━━[0m[37m[0m [1m0s[0m 226ms/step - accuracy: 0.0213 - loss: 0.9149[1m1/1[0m [32m━━━━━━━━━━━━━━━━━━━━[0m[37m[0m [1m0s[0m 254ms/step - accuracy: 0.0213 - loss: 0.9149 - val_accuracy: 0.0000e+00 - val_loss: 0.9572 - val_sens_fpr0.005: 0.1865
Epoch 109/400
[1m1/1[0m [32m━━━━━━━━━━━━━━━━━━━━[0m[37m[0m [1m0s[0m 216ms/step - accuracy: 0.0213 - loss: 0.9148[1m1/1[0m [32m━━━━━━━━━━━━━━━━━━━━[0m[37m[0m [1m0s[0m 246ms/step - accuracy: 0.0213 - loss: 0.9148 - val_accuracy: 0.0000e+00 - val_loss: 0.9572 - val_sens_fpr0.005: 0.1917
Epoch 110/400
[1m1/1[0m [32m━━━━━━━━━━━━━━━━━━━━[0m[37m[0m [1m0s[0m 218ms/step - accuracy: 0.0216 - loss: 0.9147[1m1/1[0m [32m━━━━━━━━━━━━━━━━━━━━[0m[37m[0m [1m0s[0m 246ms/step - accuracy: 0.0216 - loss: 0.9147 - val_accuracy: 0.0000e+00 - val_loss: 0.9572 - val_sens_fpr0.005: 0.1972
Epoch 111/400
[1m1/1[0m [32m━━━━━━━━━━━━━━━━━━━━[0m[37m[0m [1m0s[0m 222ms/step - accuracy: 0.0215 - loss: 0.9146[1m1/1[0m [32m━━━━━━━━━━━━━━━━━━━━[0m[37m[0m [1m0s[0m 251ms/step - accuracy: 0.0215 - loss: 0.9146 - val_accuracy: 0.0000e+00 - val_loss: 0.9572 - val_sens_fpr0.005: 0.1972
Epoch 112/400
[1m1/1[0m [32m━━━━━━━━━━━━━━━━━━━━[0m[37m[0m [1m0s[0m 217ms/step - accuracy: 0.0214 - loss: 0.9144[1m1/1[0m [32m━━━━━━━━━━━━━━━━━━━━[0m[37m[0m [1m0s[0m 247ms/step - accuracy: 0.0214 - loss: 0.9144 - val_accuracy: 0.0000e+00 - val_loss: 0.9571 - val_sens_fpr0.005: 0.1996
Epoch 113/400
[1m1/1[0m [32m━━━━━━━━━━━━━━━━━━━━[0m[37m[0m [1m0s[0m 224ms/step - accuracy: 0.0213 - loss: 0.9144[1m1/1[0m [32m━━━━━━━━━━━━━━━━━━━━[0m[37m[0m [1m0s[0m 253ms/step - accuracy: 0.0213 - loss: 0.9144 - val_accuracy: 0.0000e+00 - val_loss: 0.9571 - val_sens_fpr0.005: 0.2010
Epoch 114/400
[1m1/1[0m [32m━━━━━━━━━━━━━━━━━━━━[0m[37m[0m [1m0s[0m 219ms/step - accuracy: 0.0216 - loss: 0.9142[1m1/1[0m [32m━━━━━━━━━━━━━━━━━━━━[0m[37m[0m [1m0s[0m 249ms/step - accuracy: 0.0216 - loss: 0.9142 - val_accuracy: 0.0000e+00 - val_loss: 0.9571 - val_sens_fpr0.005: 0.2044
Epoch 115/400
[1m1/1[0m [32m━━━━━━━━━━━━━━━━━━━━[0m[37m[0m [1m0s[0m 212ms/step - accuracy: 0.0209 - loss: 0.9141[1m1/1[0m [32m━━━━━━━━━━━━━━━━━━━━[0m[37m[0m [1m0s[0m 240ms/step - accuracy: 0.0209 - loss: 0.9141 - val_accuracy: 0.0000e+00 - val_loss: 0.9571 - val_sens_fpr0.005: 0.2058
Epoch 116/400
[1m1/1[0m [32m━━━━━━━━━━━━━━━━━━━━[0m[37m[0m [1m0s[0m 222ms/step - accuracy: 0.0208 - loss: 0.9141[1m1/1[0m [32m━━━━━━━━━━━━━━━━━━━━[0m[37m[0m [1m0s[0m 250ms/step - accuracy: 0.0208 - loss: 0.9141 - val_accuracy: 0.0000e+00 - val_loss: 0.9571 - val_sens_fpr0.005: 0.2058
Epoch 117/400
[1m1/1[0m [32m━━━━━━━━━━━━━━━━━━━━[0m[37m[0m [1m0s[0m 217ms/step - accuracy: 0.0215 - loss: 0.9139[1m1/1[0m [32m━━━━━━━━━━━━━━━━━━━━[0m[37m[0m [1m0s[0m 247ms/step - accuracy: 0.0215 - loss: 0.9139 - val_accuracy: 0.0000e+00 - val_loss: 0.9571 - val_sens_fpr0.005: 0.2064
Epoch 118/400
[1m1/1[0m [32m━━━━━━━━━━━━━━━━━━━━[0m[37m[0m [1m0s[0m 227ms/step - accuracy: 0.0214 - loss: 0.9138[1m1/1[0m [32m━━━━━━━━━━━━━━━━━━━━[0m[37m[0m [1m0s[0m 257ms/step - accuracy: 0.0214 - loss: 0.9138 - val_accuracy: 0.0000e+00 - val_loss: 0.9571 - val_sens_fpr0.005: 0.2076
Epoch 119/400
[1m1/1[0m [32m━━━━━━━━━━━━━━━━━━━━[0m[37m[0m [1m0s[0m 227ms/step - accuracy: 0.0216 - loss: 0.9137[1m1/1[0m [32m━━━━━━━━━━━━━━━━━━━━[0m[37m[0m [1m0s[0m 255ms/step - accuracy: 0.0216 - loss: 0.9137 - val_accuracy: 0.0000e+00 - val_loss: 0.9570 - val_sens_fpr0.005: 0.2116
Epoch 120/400
[1m1/1[0m [32m━━━━━━━━━━━━━━━━━━━━[0m[37m[0m [1m0s[0m 219ms/step - accuracy: 0.0217 - loss: 0.9136[1m1/1[0m [32m━━━━━━━━━━━━━━━━━━━━[0m[37m[0m [1m0s[0m 249ms/step - accuracy: 0.0217 - loss: 0.9136 - val_accuracy: 0.0000e+00 - val_loss: 0.9570 - val_sens_fpr0.005: 0.2116
Epoch 121/400
[1m1/1[0m [32m━━━━━━━━━━━━━━━━━━━━[0m[37m[0m [1m0s[0m 223ms/step - accuracy: 0.0217 - loss: 0.9135[1m1/1[0m [32m━━━━━━━━━━━━━━━━━━━━[0m[37m[0m [1m0s[0m 252ms/step - accuracy: 0.0217 - loss: 0.9135 - val_accuracy: 0.0000e+00 - val_loss: 0.9570 - val_sens_fpr0.005: 0.2128
Epoch 122/400
[1m1/1[0m [32m━━━━━━━━━━━━━━━━━━━━[0m[37m[0m [1m0s[0m 225ms/step - accuracy: 0.0208 - loss: 0.9134[1m1/1[0m [32m━━━━━━━━━━━━━━━━━━━━[0m[37m[0m [1m0s[0m 257ms/step - accuracy: 0.0208 - loss: 0.9134 - val_accuracy: 0.0000e+00 - val_loss: 0.9570 - val_sens_fpr0.005: 0.2162
Epoch 123/400
[1m1/1[0m [32m━━━━━━━━━━━━━━━━━━━━[0m[37m[0m [1m0s[0m 210ms/step - accuracy: 0.0215 - loss: 0.9134[1m1/1[0m [32m━━━━━━━━━━━━━━━━━━━━[0m[37m[0m [1m0s[0m 240ms/step - accuracy: 0.0215 - loss: 0.9134 - val_accuracy: 0.0000e+00 - val_loss: 0.9570 - val_sens_fpr0.005: 0.2168
Epoch 124/400
[1m1/1[0m [32m━━━━━━━━━━━━━━━━━━━━[0m[37m[0m [1m0s[0m 212ms/step - accuracy: 0.0213 - loss: 0.9131[1m1/1[0m [32m━━━━━━━━━━━━━━━━━━━━[0m[37m[0m [1m0s[0m 242ms/step - accuracy: 0.0213 - loss: 0.9131 - val_accuracy: 0.0000e+00 - val_loss: 0.9570 - val_sens_fpr0.005: 0.2168
Epoch 125/400
[1m1/1[0m [32m━━━━━━━━━━━━━━━━━━━━[0m[37m[0m [1m0s[0m 213ms/step - accuracy: 0.0214 - loss: 0.9131[1m1/1[0m [32m━━━━━━━━━━━━━━━━━━━━[0m[37m[0m [1m0s[0m 241ms/step - accuracy: 0.0214 - loss: 0.9131 - val_accuracy: 6.3980e-04 - val_loss: 0.9570 - val_sens_fpr0.005: 0.2188
Epoch 126/400
[1m1/1[0m [32m━━━━━━━━━━━━━━━━━━━━[0m[37m[0m [1m0s[0m 211ms/step - accuracy: 0.0216 - loss: 0.9130[1m1/1[0m [32m━━━━━━━━━━━━━━━━━━━━[0m[37m[0m [1m0s[0m 241ms/step - accuracy: 0.0216 - loss: 0.9130 - val_accuracy: 6.3980e-04 - val_loss: 0.9570 - val_sens_fpr0.005: 0.2216
Epoch 127/400
[1m1/1[0m [32m━━━━━━━━━━━━━━━━━━━━[0m[37m[0m [1m0s[0m 215ms/step - accuracy: 0.0212 - loss: 0.9130[1m1/1[0m [32m━━━━━━━━━━━━━━━━━━━━[0m[37m[0m [1m0s[0m 245ms/step - accuracy: 0.0212 - loss: 0.9130 - val_accuracy: 6.3980e-04 - val_loss: 0.9570 - val_sens_fpr0.005: 0.2249
Epoch 128/400
[1m1/1[0m [32m━━━━━━━━━━━━━━━━━━━━[0m[37m[0m [1m0s[0m 212ms/step - accuracy: 0.0216 - loss: 0.9128[1m1/1[0m [32m━━━━━━━━━━━━━━━━━━━━[0m[37m[0m [1m0s[0m 242ms/step - accuracy: 0.0216 - loss: 0.9128 - val_accuracy: 6.3980e-04 - val_loss: 0.9569 - val_sens_fpr0.005: 0.2283
Epoch 129/400
[1m1/1[0m [32m━━━━━━━━━━━━━━━━━━━━[0m[37m[0m [1m0s[0m 216ms/step - accuracy: 0.0213 - loss: 0.9127[1m1/1[0m [32m━━━━━━━━━━━━━━━━━━━━[0m[37m[0m [1m0s[0m 246ms/step - accuracy: 0.0213 - loss: 0.9127 - val_accuracy: 6.3980e-04 - val_loss: 0.9569 - val_sens_fpr0.005: 0.2283
Epoch 130/400
[1m1/1[0m [32m━━━━━━━━━━━━━━━━━━━━[0m[37m[0m [1m0s[0m 223ms/step - accuracy: 0.0209 - loss: 0.9126[1m1/1[0m [32m━━━━━━━━━━━━━━━━━━━━[0m[37m[0m [1m0s[0m 252ms/step - accuracy: 0.0209 - loss: 0.9126 - val_accuracy: 6.3980e-04 - val_loss: 0.9569 - val_sens_fpr0.005: 0.2297
Epoch 131/400
[1m1/1[0m [32m━━━━━━━━━━━━━━━━━━━━[0m[37m[0m [1m0s[0m 217ms/step - accuracy: 0.0212 - loss: 0.9127[1m1/1[0m [32m━━━━━━━━━━━━━━━━━━━━[0m[37m[0m [1m0s[0m 246ms/step - accuracy: 0.0212 - loss: 0.9127 - val_accuracy: 6.3980e-04 - val_loss: 0.9569 - val_sens_fpr0.005: 0.2311
Epoch 132/400
[1m1/1[0m [32m━━━━━━━━━━━━━━━━━━━━[0m[37m[0m [1m0s[0m 219ms/step - accuracy: 0.0217 - loss: 0.9125[1m1/1[0m [32m━━━━━━━━━━━━━━━━━━━━[0m[37m[0m [1m0s[0m 247ms/step - accuracy: 0.0217 - loss: 0.9125 - val_accuracy: 6.3980e-04 - val_loss: 0.9569 - val_sens_fpr0.005: 0.2311
Epoch 133/400
[1m1/1[0m [32m━━━━━━━━━━━━━━━━━━━━[0m[37m[0m [1m0s[0m 219ms/step - accuracy: 0.0215 - loss: 0.9125[1m1/1[0m [32m━━━━━━━━━━━━━━━━━━━━[0m[37m[0m [1m0s[0m 250ms/step - accuracy: 0.0215 - loss: 0.9125 - val_accuracy: 6.3980e-04 - val_loss: 0.9569 - val_sens_fpr0.005: 0.2311
Epoch 134/400
[1m1/1[0m [32m━━━━━━━━━━━━━━━━━━━━[0m[37m[0m [1m0s[0m 215ms/step - accuracy: 0.0212 - loss: 0.9123[1m1/1[0m [32m━━━━━━━━━━━━━━━━━━━━[0m[37m[0m [1m0s[0m 244ms/step - accuracy: 0.0212 - loss: 0.9123 - val_accuracy: 6.3980e-04 - val_loss: 0.9568 - val_sens_fpr0.005: 0.2311
Epoch 135/400
[1m1/1[0m [32m━━━━━━━━━━━━━━━━━━━━[0m[37m[0m [1m0s[0m 214ms/step - accuracy: 0.0216 - loss: 0.9123[1m1/1[0m [32m━━━━━━━━━━━━━━━━━━━━[0m[37m[0m [1m0s[0m 244ms/step - accuracy: 0.0216 - loss: 0.9123 - val_accuracy: 6.3980e-04 - val_loss: 0.9568 - val_sens_fpr0.005: 0.2311
Epoch 136/400
[1m1/1[0m [32m━━━━━━━━━━━━━━━━━━━━[0m[37m[0m [1m0s[0m 210ms/step - accuracy: 0.0216 - loss: 0.9122[1m1/1[0m [32m━━━━━━━━━━━━━━━━━━━━[0m[37m[0m [1m0s[0m 241ms/step - accuracy: 0.0216 - loss: 0.9122 - val_accuracy: 6.3980e-04 - val_loss: 0.9568 - val_sens_fpr0.005: 0.2311
Epoch 137/400
[1m1/1[0m [32m━━━━━━━━━━━━━━━━━━━━[0m[37m[0m [1m0s[0m 218ms/step - accuracy: 0.0218 - loss: 0.9121[1m1/1[0m [32m━━━━━━━━━━━━━━━━━━━━[0m[37m[0m [1m0s[0m 249ms/step - accuracy: 0.0218 - loss: 0.9121 - val_accuracy: 6.3980e-04 - val_loss: 0.9568 - val_sens_fpr0.005: 0.2311
[1/5] JamesU - MustardBumbler/1_29: 137 epochs (best 137), val_loss 0.9568, 19636/1563 frames train/val, sens@fpr0.5%=0.231
[perch_probe_foldLily - Fit+Fast/2023_R3_Marysville/53] training on 43 fold(s), 19719 frames; early stopping on Lily - Fit+Fast/2023_R3_Marysville/53 (1480 frames)...
Epoch 1/400
[1m1/1[0m [32m━━━━━━━━━━━━━━━━━━━━[0m[37m[0m [1m0s[0m 872ms/step - accuracy: 0.0627 - loss: 1.7515[1m1/1[0m [32m━━━━━━━━━━━━━━━━━━━━[0m[37m[0m [1m1s[0m 1s/step - accuracy: 0.0627 - loss: 1.7515 - val_accuracy: 6.7568e-04 - val_loss: 1.6905 - val_sens_fpr0.005: 0.0000e+00
Epoch 2/400
[1m1/1[0m [32m━━━━━━━━━━━━━━━━━━━━[0m[37m[0m [1m0s[0m 228ms/step - accuracy: 0.0171 - loss: 1.6533[1m1/1[0m [32m━━━━━━━━━━━━━━━━━━━━[0m[37m[0m [1m0s[0m 258ms/step - accuracy: 0.0171 - loss: 1.6533 - val_accuracy: 6.7568e-04 - val_loss: 1.5841 - val_sens_fpr0.005: 0.0000e+00
Epoch 3/400
[1m1/1[0m [32m━━━━━━━━━━━━━━━━━━━━[0m[37m[0m [1m0s[0m 227ms/step - accuracy: 0.0056 - loss: 1.5636[1m1/1[0m [32m━━━━━━━━━━━━━━━━━━━━[0m[37m[0m [1m0s[0m 260ms/step - accuracy: 0.0056 - loss: 1.5636 - val_accuracy: 0.0000e+00 - val_loss: 1.4905 - val_sens_fpr0.005: 0.0000e+00
Epoch 4/400
[1m1/1[0m [32m━━━━━━━━━━━━━━━━━━━━[0m[37m[0m [1m0s[0m 218ms/step - accuracy: 0.0020 - loss: 1.4843[1m1/1[0m [32m━━━━━━━━━━━━━━━━━━━━[0m[37m[0m [1m0s[0m 248ms/step - accuracy: 0.0020 - loss: 1.4843 - val_accuracy: 0.0000e+00 - val_loss: 1.4090 - val_sens_fpr0.005: 0.0042
Epoch 5/400
[1m1/1[0m [32m━━━━━━━━━━━━━━━━━━━━[0m[37m[0m [1m0s[0m 221ms/step - accuracy: 0.0013 - loss: 1.4147[1m1/1[0m [32m━━━━━━━━━━━━━━━━━━━━[0m[37m[0m [1m0s[0m 251ms/step - accuracy: 0.0013 - loss: 1.4147 - val_accuracy: 0.0000e+00 - val_loss: 1.3385 - val_sens_fpr0.005: 0.0042
Epoch 6/400
[1m1/1[0m [32m━━━━━━━━━━━━━━━━━━━━[0m[37m[0m [1m0s[0m 221ms/step - accuracy: 0.0015 - loss: 1.3530[1m1/1[0m [32m━━━━━━━━━━━━━━━━━━━━[0m[37m[0m [1m0s[0m 251ms/step - accuracy: 0.0015 - loss: 1.3530 - val_accuracy: 0.0000e+00 - val_loss: 1.2780 - val_sens_fpr0.005: 0.0042
Epoch 7/400
[1m1/1[0m [32m━━━━━━━━━━━━━━━━━━━━[0m[37m[0m [1m0s[0m 217ms/step - accuracy: 0.0011 - loss: 1.3000[1m1/1[0m [32m━━━━━━━━━━━━━━━━━━━━[0m[37m[0m [1m0s[0m 247ms/step - accuracy: 0.0011 - loss: 1.3000 - val_accuracy: 0.0000e+00 - val_loss: 1.2265 - val_sens_fpr0.005: 0.0042
Epoch 8/400
[1m1/1[0m [32m━━━━━━━━━━━━━━━━━━━━[0m[37m[0m [1m0s[0m 223ms/step - accuracy: 0.0011 - loss: 1.2542[1m1/1[0m [32m━━━━━━━━━━━━━━━━━━━━[0m[37m[0m [1m0s[0m 253ms/step - accuracy: 0.0011 - loss: 1.2542 - val_accuracy: 0.0000e+00 - val_loss: 1.1830 - val_sens_fpr0.005: 0.0042
Epoch 9/400
[1m1/1[0m [32m━━━━━━━━━━━━━━━━━━━━[0m[37m[0m [1m0s[0m 219ms/step - accuracy: 4.5641e-04 - loss: 1.2141[1m1/1[0m [32m━━━━━━━━━━━━━━━━━━━━[0m[37m[0m [1m0s[0m 249ms/step - accuracy: 4.5641e-04 - loss: 1.2141 - val_accuracy: 0.0000e+00 - val_loss: 1.1464 - val_sens_fpr0.005: 0.0042
Epoch 10/400
[1m1/1[0m [32m━━━━━━━━━━━━━━━━━━━━[0m[37m[0m [1m0s[0m 222ms/step - accuracy: 6.5926e-04 - loss: 1.1803[1m1/1[0m [32m━━━━━━━━━━━━━━━━━━━━[0m[37m[0m [1m0s[0m 252ms/step - accuracy: 6.5926e-04 - loss: 1.1803 - val_accuracy: 0.0000e+00 - val_loss: 1.1158 - val_sens_fpr0.005: 0.0042
Epoch 11/400
[1m1/1[0m [32m━━━━━━━━━━━━━━━━━━━━[0m[37m[0m [1m0s[0m 223ms/step - accuracy: 8.1140e-04 - loss: 1.1512[1m1/1[0m [32m━━━━━━━━━━━━━━━━━━━━[0m[37m[0m [1m0s[0m 253ms/step - accuracy: 8.1140e-04 - loss: 1.1512 - val_accuracy: 0.0000e+00 - val_loss: 1.0903 - val_sens_fpr0.005: 0.0042
Epoch 12/400
[1m1/1[0m [32m━━━━━━━━━━━━━━━━━━━━[0m[37m[0m [1m0s[0m 219ms/step - accuracy: 0.0018 - loss: 1.1263[1m1/1[0m [32m━━━━━━━━━━━━━━━━━━━━[0m[37m[0m [1m0s[0m 250ms/step - accuracy: 0.0018 - loss: 1.1263 - val_accuracy: 0.0000e+00 - val_loss: 1.0692 - val_sens_fpr0.005: 0.0042
Epoch 13/400
[1m1/1[0m [32m━━━━━━━━━━━━━━━━━━━━[0m[37m[0m [1m0s[0m 209ms/step - accuracy: 0.0024 - loss: 1.1047[1m1/1[0m [32m━━━━━━━━━━━━━━━━━━━━[0m[37m[0m [1m0s[0m 239ms/step - accuracy: 0.0024 - loss: 1.1047 - val_accuracy: 0.0000e+00 - val_loss: 1.0517 - val_sens_fpr0.005: 0.0042
Epoch 14/400
[1m1/1[0m [32m━━━━━━━━━━━━━━━━━━━━[0m[37m[0m [1m0s[0m 226ms/step - accuracy: 0.0030 - loss: 1.0866[1m1/1[0m [32m━━━━━━━━━━━━━━━━━━━━[0m[37m[0m [1m0s[0m 256ms/step - accuracy: 0.0030 - loss: 1.0866 - val_accuracy: 0.0000e+00 - val_loss: 1.0372 - val_sens_fpr0.005: 0.0042
Epoch 15/400
[1m1/1[0m [32m━━━━━━━━━━━━━━━━━━━━[0m[37m[0m [1m0s[0m 215ms/step - accuracy: 0.0035 - loss: 1.0707[1m1/1[0m [32m━━━━━━━━━━━━━━━━━━━━[0m[37m[0m [1m0s[0m 245ms/step - accuracy: 0.0035 - loss: 1.0707 - val_accuracy: 6.7568e-04 - val_loss: 1.0252 - val_sens_fpr0.005: 0.0042
Epoch 16/400
[1m1/1[0m [32m━━━━━━━━━━━━━━━━━━━━[0m[37m[0m [1m0s[0m 222ms/step - accuracy: 0.0040 - loss: 1.0573[1m1/1[0m [32m━━━━━━━━━━━━━━━━━━━━[0m[37m[0m [1m0s[0m 252ms/step - accuracy: 0.0040 - loss: 1.0573 - val_accuracy: 0.0014 - val_loss: 1.0153 - val_sens_fpr0.005: 0.0042
Epoch 17/400
[1m1/1[0m [32m━━━━━━━━━━━━━━━━━━━━[0m[37m[0m [1m0s[0m 222ms/step - accuracy: 0.0041 - loss: 1.0454[1m1/1[0m [32m━━━━━━━━━━━━━━━━━━━━[0m[37m[0m [1m0s[0m 252ms/step - accuracy: 0.0041 - loss: 1.0454 - val_accuracy: 0.0027 - val_loss: 1.0071 - val_sens_fpr0.005: 0.0042
Epoch 18/400
[1m1/1[0m [32m━━━━━━━━━━━━━━━━━━━━[0m[37m[0m [1m0s[0m 217ms/step - accuracy: 0.0043 - loss: 1.0357[1m1/1[0m [32m━━━━━━━━━━━━━━━━━━━━[0m[37m[0m [1m0s[0m 247ms/step - accuracy: 0.0043 - loss: 1.0357 - val_accuracy: 0.0081 - val_loss: 1.0005 - val_sens_fpr0.005: 0.0042
Epoch 19/400
[1m1/1[0m [32m━━━━━━━━━━━━━━━━━━━━[0m[37m[0m [1m0s[0m 221ms/step - accuracy: 0.0046 - loss: 1.0268[1m1/1[0m [32m━━━━━━━━━━━━━━━━━━━━[0m[37m[0m [1m0s[0m 251ms/step - accuracy: 0.0046 - loss: 1.0268 - val_accuracy: 0.0135 - val_loss: 0.9950 - val_sens_fpr0.005: 0.0042
Epoch 20/400
[1m1/1[0m [32m━━━━━━━━━━━━━━━━━━━━[0m[37m[0m [1m0s[0m 213ms/step - accuracy: 0.0046 - loss: 1.0194[1m1/1[0m [32m━━━━━━━━━━━━━━━━━━━━[0m[37m[0m [1m0s[0m 243ms/step - accuracy: 0.0046 - loss: 1.0194 - val_accuracy: 0.0182 - val_loss: 0.9906 - val_sens_fpr0.005: 0.0042
Epoch 21/400
[1m1/1[0m [32m━━━━━━━━━━━━━━━━━━━━[0m[37m[0m [1m0s[0m 219ms/step - accuracy: 0.0053 - loss: 1.0126[1m1/1[0m [32m━━━━━━━━━━━━━━━━━━━━[0m[37m[0m [1m0s[0m 249ms/step - accuracy: 0.0053 - loss: 1.0126 - val_accuracy: 0.0196 - val_loss: 0.9870 - val_sens_fpr0.005: 0.0042
Epoch 22/400
[1m1/1[0m [32m━━━━━━━━━━━━━━━━━━━━[0m[37m[0m [1m0s[0m 229ms/step - accuracy: 0.0054 - loss: 1.0072[1m1/1[0m [32m━━━━━━━━━━━━━━━━━━━━[0m[37m[0m [1m0s[0m 258ms/step - accuracy: 0.0054 - loss: 1.0072 - val_accuracy: 0.0250 - val_loss: 0.9841 - val_sens_fpr0.005: 0.0042
Epoch 23/400
[1m1/1[0m [32m━━━━━━━━━━━━━━━━━━━━[0m[37m[0m [1m0s[0m 222ms/step - accuracy: 0.0052 - loss: 1.0021[1m1/1[0m [32m━━━━━━━━━━━━━━━━━━━━[0m[37m[0m [1m0s[0m 252ms/step - accuracy: 0.0052 - loss: 1.0021 - val_accuracy: 0.0264 - val_loss: 0.9817 - val_sens_fpr0.005: 0.0042
Epoch 24/400
[1m1/1[0m [32m━━━━━━━━━━━━━━━━━━━━[0m[37m[0m [1m0s[0m 221ms/step - accuracy: 0.0055 - loss: 0.9976[1m1/1[0m [32m━━━━━━━━━━━━━━━━━━━━[0m[37m[0m [1m0s[0m 250ms/step - accuracy: 0.0055 - loss: 0.9976 - val_accuracy: 0.0304 - val_loss: 0.9798 - val_sens_fpr0.005: 0.0042
Epoch 25/400
[1m1/1[0m [32m━━━━━━━━━━━━━━━━━━━━[0m[37m[0m [1m0s[0m 221ms/step - accuracy: 0.0053 - loss: 0.9938[1m1/1[0m [32m━━━━━━━━━━━━━━━━━━━━[0m[37m[0m [1m0s[0m 251ms/step - accuracy: 0.0053 - loss: 0.9938 - val_accuracy: 0.0338 - val_loss: 0.9782 - val_sens_fpr0.005: 0.0042
Epoch 26/400
[1m1/1[0m [32m━━━━━━━━━━━━━━━━━━━━[0m[37m[0m [1m0s[0m 218ms/step - accuracy: 0.0057 - loss: 0.9904[1m1/1[0m [32m━━━━━━━━━━━━━━━━━━━━[0m[37m[0m [1m0s[0m 247ms/step - accuracy: 0.0057 - loss: 0.9904 - val_accuracy: 0.0351 - val_loss: 0.9769 - val_sens_fpr0.005: 0.0042
Epoch 27/400
[1m1/1[0m [32m━━━━━━━━━━━━━━━━━━━━[0m[37m[0m [1m0s[0m 230ms/step - accuracy: 0.0051 - loss: 0.9872[1m1/1[0m [32m━━━━━━━━━━━━━━━━━━━━[0m[37m[0m [1m0s[0m 260ms/step - accuracy: 0.0051 - loss: 0.9872 - val_accuracy: 0.0365 - val_loss: 0.9758 - val_sens_fpr0.005: 0.0042
Epoch 28/400
[1m1/1[0m [32m━━━━━━━━━━━━━━━━━━━━[0m[37m[0m [1m0s[0m 222ms/step - accuracy: 0.0057 - loss: 0.9845[1m1/1[0m [32m━━━━━━━━━━━━━━━━━━━━[0m[37m[0m [1m0s[0m 252ms/step - accuracy: 0.0057 - loss: 0.9845 - val_accuracy: 0.0378 - val_loss: 0.9749 - val_sens_fpr0.005: 0.0042
Epoch 29/400
[1m1/1[0m [32m━━━━━━━━━━━━━━━━━━━━[0m[37m[0m [1m0s[0m 220ms/step - accuracy: 0.0054 - loss: 0.9820[1m1/1[0m [32m━━━━━━━━━━━━━━━━━━━━[0m[37m[0m [1m0s[0m 250ms/step - accuracy: 0.0054 - loss: 0.9820 - val_accuracy: 0.0405 - val_loss: 0.9741 - val_sens_fpr0.005: 0.0084
Epoch 30/400
[1m1/1[0m [32m━━━━━━━━━━━━━━━━━━━━[0m[37m[0m [1m0s[0m 224ms/step - accuracy: 0.0063 - loss: 0.9797[1m1/1[0m [32m━━━━━━━━━━━━━━━━━━━━[0m[37m[0m [1m0s[0m 253ms/step - accuracy: 0.0063 - loss: 0.9797 - val_accuracy: 0.0412 - val_loss: 0.9735 - val_sens_fpr0.005: 0.0084
Epoch 31/400
[1m1/1[0m [32m━━━━━━━━━━━━━━━━━━━━[0m[37m[0m [1m0s[0m 225ms/step - accuracy: 0.0057 - loss: 0.9777[1m1/1[0m [32m━━━━━━━━━━━━━━━━━━━━[0m[37m[0m [1m0s[0m 255ms/step - accuracy: 0.0057 - loss: 0.9777 - val_accuracy: 0.0426 - val_loss: 0.9730 - val_sens_fpr0.005: 0.0084
Epoch 32/400
[1m1/1[0m [32m━━━━━━━━━━━━━━━━━━━━[0m[37m[0m [1m0s[0m 210ms/step - accuracy: 0.0062 - loss: 0.9759[1m1/1[0m [32m━━━━━━━━━━━━━━━━━━━━[0m[37m[0m [1m0s[0m 239ms/step - accuracy: 0.0062 - loss: 0.9759 - val_accuracy: 0.0432 - val_loss: 0.9726 - val_sens_fpr0.005: 0.0084
Epoch 33/400
[1m1/1[0m [32m━━━━━━━━━━━━━━━━━━━━[0m[37m[0m [1m0s[0m 214ms/step - accuracy: 0.0064 - loss: 0.9742[1m1/1[0m [32m━━━━━━━━━━━━━━━━━━━━[0m[37m[0m [1m0s[0m 243ms/step - accuracy: 0.0064 - loss: 0.9742 - val_accuracy: 0.0466 - val_loss: 0.9722 - val_sens_fpr0.005: 0.0084
Epoch 34/400
[1m1/1[0m [32m━━━━━━━━━━━━━━━━━━━━[0m[37m[0m [1m0s[0m 223ms/step - accuracy: 0.0063 - loss: 0.9728[1m1/1[0m [32m━━━━━━━━━━━━━━━━━━━━[0m[37m[0m [1m0s[0m 252ms/step - accuracy: 0.0063 - loss: 0.9728 - val_accuracy: 0.0514 - val_loss: 0.9720 - val_sens_fpr0.005: 0.0084
Epoch 35/400
[1m1/1[0m [32m━━━━━━━━━━━━━━━━━━━━[0m[37m[0m [1m0s[0m 225ms/step - accuracy: 0.0067 - loss: 0.9713[1m1/1[0m [32m━━━━━━━━━━━━━━━━━━━━[0m[37m[0m [1m0s[0m 255ms/step - accuracy: 0.0067 - loss: 0.9713 - val_accuracy: 0.0554 - val_loss: 0.9718 - val_sens_fpr0.005: 0.0084
Epoch 36/400
[1m1/1[0m [32m━━━━━━━━━━━━━━━━━━━━[0m[37m[0m [1m0s[0m 225ms/step - accuracy: 0.0074 - loss: 0.9702[1m1/1[0m [32m━━━━━━━━━━━━━━━━━━━━[0m[37m[0m [1m0s[0m 255ms/step - accuracy: 0.0074 - loss: 0.9702 - val_accuracy: 0.0581 - val_loss: 0.9716 - val_sens_fpr0.005: 0.0126
Epoch 37/400
[1m1/1[0m [32m━━━━━━━━━━━━━━━━━━━━[0m[37m[0m [1m0s[0m 222ms/step - accuracy: 0.0076 - loss: 0.9692[1m1/1[0m [32m━━━━━━━━━━━━━━━━━━━━[0m[37m[0m [1m0s[0m 252ms/step - accuracy: 0.0076 - loss: 0.9692 - val_accuracy: 0.0595 - val_loss: 0.9714 - val_sens_fpr0.005: 0.0126
Epoch 38/400
[1m1/1[0m [32m━━━━━━━━━━━━━━━━━━━━[0m[37m[0m [1m0s[0m 208ms/step - accuracy: 0.0076 - loss: 0.9682[1m1/1[0m [32m━━━━━━━━━━━━━━━━━━━━[0m[37m[0m [1m0s[0m 238ms/step - accuracy: 0.0076 - loss: 0.9682 - val_accuracy: 0.0615 - val_loss: 0.9712 - val_sens_fpr0.005: 0.0126
Epoch 39/400
[1m1/1[0m [32m━━━━━━━━━━━━━━━━━━━━[0m[37m[0m [1m0s[0m 222ms/step - accuracy: 0.0079 - loss: 0.9676[1m1/1[0m [32m━━━━━━━━━━━━━━━━━━━━[0m[37m[0m [1m0s[0m 251ms/step - accuracy: 0.0079 - loss: 0.9676 - val_accuracy: 0.0628 - val_loss: 0.9711 - val_sens_fpr0.005: 0.0167
Epoch 40/400
[1m1/1[0m [32m━━━━━━━━━━━━━━━━━━━━[0m[37m[0m [1m0s[0m 230ms/step - accuracy: 0.0078 - loss: 0.9666[1m1/1[0m [32m━━━━━━━━━━━━━━━━━━━━[0m[37m[0m [1m0s[0m 259ms/step - accuracy: 0.0078 - loss: 0.9666 - val_accuracy: 0.0635 - val_loss: 0.9709 - val_sens_fpr0.005: 0.0167
Epoch 41/400
[1m1/1[0m [32m━━━━━━━━━━━━━━━━━━━━[0m[37m[0m [1m0s[0m 220ms/step - accuracy: 0.0081 - loss: 0.9659[1m1/1[0m [32m━━━━━━━━━━━━━━━━━━━━[0m[37m[0m [1m0s[0m 249ms/step - accuracy: 0.0081 - loss: 0.9659 - val_accuracy: 0.0635 - val_loss: 0.9706 - val_sens_fpr0.005: 0.0209
Epoch 42/400
[1m1/1[0m [32m━━━━━━━━━━━━━━━━━━━━[0m[37m[0m [1m0s[0m 221ms/step - accuracy: 0.0084 - loss: 0.9652[1m1/1[0m [32m━━━━━━━━━━━━━━━━━━━━[0m[37m[0m [1m0s[0m 250ms/step - accuracy: 0.0084 - loss: 0.9652 - val_accuracy: 0.0635 - val_loss: 0.9704 - val_sens_fpr0.005: 0.0218
Epoch 43/400
[1m1/1[0m [32m━━━━━━━━━━━━━━━━━━━━[0m[37m[0m [1m0s[0m 229ms/step - accuracy: 0.0086 - loss: 0.9645[1m1/1[0m [32m━━━━━━━━━━━━━━━━━━━━[0m[37m[0m [1m0s[0m 258ms/step - accuracy: 0.0086 - loss: 0.9645 - val_accuracy: 0.0635 - val_loss: 0.9701 - val_sens_fpr0.005: 0.0293
Epoch 44/400
[1m1/1[0m [32m━━━━━━━━━━━━━━━━━━━━[0m[37m[0m [1m0s[0m 222ms/step - accuracy: 0.0085 - loss: 0.9640[1m1/1[0m [32m━━━━━━━━━━━━━━━━━━━━[0m[37m[0m [1m0s[0m 251ms/step - accuracy: 0.0085 - loss: 0.9640 - val_accuracy: 0.0635 - val_loss: 0.9697 - val_sens_fpr0.005: 0.0343
Epoch 45/400
[1m1/1[0m [32m━━━━━━━━━━━━━━━━━━━━[0m[37m[0m [1m0s[0m 221ms/step - accuracy: 0.0084 - loss: 0.9635[1m1/1[0m [32m━━━━━━━━━━━━━━━━━━━━[0m[37m[0m [1m0s[0m 251ms/step - accuracy: 0.0084 - loss: 0.9635 - val_accuracy: 0.0635 - val_loss: 0.9693 - val_sens_fpr0.005: 0.0377
Epoch 46/400
[1m1/1[0m [32m━━━━━━━━━━━━━━━━━━━━[0m[37m[0m [1m0s[0m 217ms/step - accuracy: 0.0088 - loss: 0.9630[1m1/1[0m [32m━━━━━━━━━━━━━━━━━━━━[0m[37m[0m [1m0s[0m 247ms/step - accuracy: 0.0088 - loss: 0.9630 - val_accuracy: 0.0635 - val_loss: 0.9689 - val_sens_fpr0.005: 0.0377
Epoch 47/400
[1m1/1[0m [32m━━━━━━━━━━━━━━━━━━━━[0m[37m[0m [1m0s[0m 215ms/step - accuracy: 0.0085 - loss: 0.9624[1m1/1[0m [32m━━━━━━━━━━━━━━━━━━━━[0m[37m[0m [1m0s[0m 244ms/step - accuracy: 0.0085 - loss: 0.9624 - val_accuracy: 0.0635 - val_loss: 0.9685 - val_sens_fpr0.005: 0.0377
Epoch 48/400
[1m1/1[0m [32m━━━━━━━━━━━━━━━━━━━━[0m[37m[0m [1m0s[0m 217ms/step - accuracy: 0.0093 - loss: 0.9621[1m1/1[0m [32m━━━━━━━━━━━━━━━━━━━━[0m[37m[0m [1m0s[0m 246ms/step - accuracy: 0.0093 - loss: 0.9621 - val_accuracy: 0.0635 - val_loss: 0.9680 - val_sens_fpr0.005: 0.0418
Epoch 49/400
[1m1/1[0m [32m━━━━━━━━━━━━━━━━━━━━[0m[37m[0m [1m0s[0m 229ms/step - accuracy: 0.0095 - loss: 0.9615[1m1/1[0m [32m━━━━━━━━━━━━━━━━━━━━[0m[37m[0m [1m0s[0m 259ms/step - accuracy: 0.0095 - loss: 0.9615 - val_accuracy: 0.0642 - val_loss: 0.9675 - val_sens_fpr0.005: 0.0427
Epoch 50/400
[1m1/1[0m [32m━━━━━━━━━━━━━━━━━━━━[0m[37m[0m [1m0s[0m 214ms/step - accuracy: 0.0093 - loss: 0.9611[1m1/1[0m [32m━━━━━━━━━━━━━━━━━━━━[0m[37m[0m [1m0s[0m 243ms/step - accuracy: 0.0093 - loss: 0.9611 - val_accuracy: 0.0649 - val_loss: 0.9670 - val_sens_fpr0.005: 0.0502
Epoch 51/400
[1m1/1[0m [32m━━━━━━━━━━━━━━━━━━━━[0m[37m[0m [1m0s[0m 232ms/step - accuracy: 0.0097 - loss: 0.9606[1m1/1[0m [32m━━━━━━━━━━━━━━━━━━━━[0m[37m[0m [1m0s[0m 262ms/step - accuracy: 0.0097 - loss: 0.9606 - val_accuracy: 0.0649 - val_loss: 0.9664 - val_sens_fpr0.005: 0.0544
Epoch 52/400
[1m1/1[0m [32m━━━━━━━━━━━━━━━━━━━━[0m[37m[0m [1m0s[0m 217ms/step - accuracy: 0.0091 - loss: 0.9602[1m1/1[0m [32m━━━━━━━━━━━━━━━━━━━━[0m[37m[0m [1m0s[0m 247ms/step - accuracy: 0.0091 - loss: 0.9602 - val_accuracy: 0.0655 - val_loss: 0.9659 - val_sens_fpr0.005: 0.0594
Epoch 53/400
[1m1/1[0m [32m━━━━━━━━━━━━━━━━━━━━[0m[37m[0m [1m0s[0m 216ms/step - accuracy: 0.0103 - loss: 0.9597[1m1/1[0m [32m━━━━━━━━━━━━━━━━━━━━[0m[37m[0m [1m0s[0m 246ms/step - accuracy: 0.0103 - loss: 0.9597 - val_accuracy: 0.0662 - val_loss: 0.9653 - val_sens_fpr0.005: 0.0645
Epoch 54/400
[1m1/1[0m [32m━━━━━━━━━━━━━━━━━━━━[0m[37m[0m [1m0s[0m 225ms/step - accuracy: 0.0103 - loss: 0.9593[1m1/1[0m [32m━━━━━━━━━━━━━━━━━━━━[0m[37m[0m [1m0s[0m 255ms/step - accuracy: 0.0103 - loss: 0.9593 - val_accuracy: 0.0669 - val_loss: 0.9648 - val_sens_fpr0.005: 0.0770
Epoch 55/400
[1m1/1[0m [32m━━━━━━━━━━━━━━━━━━━━[0m[37m[0m [1m0s[0m 219ms/step - accuracy: 0.0101 - loss: 0.9588[1m1/1[0m [32m━━━━━━━━━━━━━━━━━━━━[0m[37m[0m [1m0s[0m 249ms/step - accuracy: 0.0101 - loss: 0.9588 - val_accuracy: 0.0682 - val_loss: 0.9642 - val_sens_fpr0.005: 0.0879
Epoch 56/400
[1m1/1[0m [32m━━━━━━━━━━━━━━━━━━━━[0m[37m[0m [1m0s[0m 228ms/step - accuracy: 0.0101 - loss: 0.9585[1m1/1[0m [32m━━━━━━━━━━━━━━━━━━━━[0m[37m[0m [1m0s[0m 257ms/step - accuracy: 0.0101 - loss: 0.9585 - val_accuracy: 0.0689 - val_loss: 0.9637 - val_sens_fpr0.005: 0.0879
Epoch 57/400
[1m1/1[0m [32m━━━━━━━━━━━━━━━━━━━━[0m[37m[0m [1m0s[0m 211ms/step - accuracy: 0.0108 - loss: 0.9581[1m1/1[0m [32m━━━━━━━━━━━━━━━━━━━━[0m[37m[0m [1m0s[0m 240ms/step - accuracy: 0.0108 - loss: 0.9581 - val_accuracy: 0.0696 - val_loss: 0.9632 - val_sens_fpr0.005: 0.0879
Epoch 58/400
[1m1/1[0m [32m━━━━━━━━━━━━━━━━━━━━[0m[37m[0m [1m0s[0m 225ms/step - accuracy: 0.0107 - loss: 0.9578[1m1/1[0m [32m━━━━━━━━━━━━━━━━━━━━[0m[37m[0m [1m0s[0m 255ms/step - accuracy: 0.0107 - loss: 0.9578 - val_accuracy: 0.0703 - val_loss: 0.9627 - val_sens_fpr0.005: 0.0879
Epoch 59/400
[1m1/1[0m [32m━━━━━━━━━━━━━━━━━━━━[0m[37m[0m [1m0s[0m 220ms/step - accuracy: 0.0108 - loss: 0.9573[1m1/1[0m [32m━━━━━━━━━━━━━━━━━━━━[0m[37m[0m [1m0s[0m 249ms/step - accuracy: 0.0108 - loss: 0.9573 - val_accuracy: 0.0709 - val_loss: 0.9623 - val_sens_fpr0.005: 0.0879
Epoch 60/400
[1m1/1[0m [32m━━━━━━━━━━━━━━━━━━━━[0m[37m[0m [1m0s[0m 220ms/step - accuracy: 0.0101 - loss: 0.9570[1m1/1[0m [32m━━━━━━━━━━━━━━━━━━━━[0m[37m[0m [1m0s[0m 249ms/step - accuracy: 0.0101 - loss: 0.9570 - val_accuracy: 0.0709 - val_loss: 0.9618 - val_sens_fpr0.005: 0.0921
Epoch 61/400
[1m1/1[0m [32m━━━━━━━━━━━━━━━━━━━━[0m[37m[0m [1m0s[0m 217ms/step - accuracy: 0.0113 - loss: 0.9567[1m1/1[0m [32m━━━━━━━━━━━━━━━━━━━━[0m[37m[0m [1m0s[0m 247ms/step - accuracy: 0.0113 - loss: 0.9567 - val_accuracy: 0.0723 - val_loss: 0.9614 - val_sens_fpr0.005: 0.0921
Epoch 62/400
[1m1/1[0m [32m━━━━━━━━━━━━━━━━━━━━[0m[37m[0m [1m0s[0m 219ms/step - accuracy: 0.0103 - loss: 0.9563[1m1/1[0m [32m━━━━━━━━━━━━━━━━━━━━[0m[37m[0m [1m0s[0m 249ms/step - accuracy: 0.0103 - loss: 0.9563 - val_accuracy: 0.0743 - val_loss: 0.9610 - val_sens_fpr0.005: 0.0929
Epoch 63/400
[1m1/1[0m [32m━━━━━━━━━━━━━━━━━━━━[0m[37m[0m [1m0s[0m 223ms/step - accuracy: 0.0104 - loss: 0.9559[1m1/1[0m [32m━━━━━━━━━━━━━━━━━━━━[0m[37m[0m [1m0s[0m 253ms/step - accuracy: 0.0104 - loss: 0.9559 - val_accuracy: 0.0743 - val_loss: 0.9606 - val_sens_fpr0.005: 0.0962
Epoch 64/400
[1m1/1[0m [32m━━━━━━━━━━━━━━━━━━━━[0m[37m[0m [1m0s[0m 228ms/step - accuracy: 0.0106 - loss: 0.9558[1m1/1[0m [32m━━━━━━━━━━━━━━━━━━━━[0m[37m[0m [1m0s[0m 257ms/step - accuracy: 0.0106 - loss: 0.9558 - val_accuracy: 0.0750 - val_loss: 0.9602 - val_sens_fpr0.005: 0.0971
Epoch 65/400
[1m1/1[0m [32m━━━━━━━━━━━━━━━━━━━━[0m[37m[0m [1m0s[0m 217ms/step - accuracy: 0.0114 - loss: 0.9554[1m1/1[0m [32m━━━━━━━━━━━━━━━━━━━━[0m[37m[0m [1m0s[0m 247ms/step - accuracy: 0.0114 - loss: 0.9554 - val_accuracy: 0.0750 - val_loss: 0.9599 - val_sens_fpr0.005: 0.1046
Epoch 66/400
[1m1/1[0m [32m━━━━━━━━━━━━━━━━━━━━[0m[37m[0m [1m0s[0m 217ms/step - accuracy: 0.0118 - loss: 0.9551[1m1/1[0m [32m━━━━━━━━━━━━━━━━━━━━[0m[37m[0m [1m0s[0m 246ms/step - accuracy: 0.0118 - loss: 0.9551 - val_accuracy: 0.0750 - val_loss: 0.9596 - val_sens_fpr0.005: 0.1088
Epoch 67/400
[1m1/1[0m [32m━━━━━━━━━━━━━━━━━━━━[0m[37m[0m [1m0s[0m 231ms/step - accuracy: 0.0113 - loss: 0.9549[1m1/1[0m [32m━━━━━━━━━━━━━━━━━━━━[0m[37m[0m [1m0s[0m 260ms/step - accuracy: 0.0113 - loss: 0.9549 - val_accuracy: 0.0764 - val_loss: 0.9593 - val_sens_fpr0.005: 0.1088
Epoch 68/400
[1m1/1[0m [32m━━━━━━━━━━━━━━━━━━━━[0m[37m[0m [1m0s[0m 221ms/step - accuracy: 0.0109 - loss: 0.9545[1m1/1[0m [32m━━━━━━━━━━━━━━━━━━━━[0m[37m[0m [1m0s[0m 250ms/step - accuracy: 0.0109 - loss: 0.9545 - val_accuracy: 0.0770 - val_loss: 0.9590 - val_sens_fpr0.005: 0.1088
Epoch 69/400
[1m1/1[0m [32m━━━━━━━━━━━━━━━━━━━━[0m[37m[0m [1m0s[0m 215ms/step - accuracy: 0.0119 - loss: 0.9544[1m1/1[0m [32m━━━━━━━━━━━━━━━━━━━━[0m[37m[0m [1m0s[0m 245ms/step - accuracy: 0.0119 - loss: 0.9544 - val_accuracy: 0.0770 - val_loss: 0.9588 - val_sens_fpr0.005: 0.1096
Epoch 70/400
[1m1/1[0m [32m━━━━━━━━━━━━━━━━━━━━[0m[37m[0m [1m0s[0m 217ms/step - accuracy: 0.0118 - loss: 0.9540[1m1/1[0m [32m━━━━━━━━━━━━━━━━━━━━[0m[37m[0m [1m0s[0m 247ms/step - accuracy: 0.0118 - loss: 0.9540 - val_accuracy: 0.0784 - val_loss: 0.9586 - val_sens_fpr0.005: 0.1213
Epoch 71/400
[1m1/1[0m [32m━━━━━━━━━━━━━━━━━━━━[0m[37m[0m [1m0s[0m 224ms/step - accuracy: 0.0126 - loss: 0.9538[1m1/1[0m [32m━━━━━━━━━━━━━━━━━━━━[0m[37m[0m [1m0s[0m 254ms/step - accuracy: 0.0126 - loss: 0.9538 - val_accuracy: 0.0797 - val_loss: 0.9584 - val_sens_fpr0.005: 0.1255
Epoch 72/400
[1m1/1[0m [32m━━━━━━━━━━━━━━━━━━━━[0m[37m[0m [1m0s[0m 218ms/step - accuracy: 0.0118 - loss: 0.9535[1m1/1[0m [32m━━━━━━━━━━━━━━━━━━━━[0m[37m[0m [1m0s[0m 248ms/step - accuracy: 0.0118 - loss: 0.9535 - val_accuracy: 0.0811 - val_loss: 0.9582 - val_sens_fpr0.005: 0.1297
Epoch 73/400
[1m1/1[0m [32m━━━━━━━━━━━━━━━━━━━━[0m[37m[0m [1m0s[0m 223ms/step - accuracy: 0.0123 - loss: 0.9533[1m1/1[0m [32m━━━━━━━━━━━━━━━━━━━━[0m[37m[0m [1m0s[0m 252ms/step - accuracy: 0.0123 - loss: 0.9533 - val_accuracy: 0.0818 - val_loss: 0.9581 - val_sens_fpr0.005: 0.1339
Epoch 74/400
[1m1/1[0m [32m━━━━━━━━━━━━━━━━━━━━[0m[37m[0m [1m0s[0m 221ms/step - accuracy: 0.0122 - loss: 0.9530[1m1/1[0m [32m━━━━━━━━━━━━━━━━━━━━[0m[37m[0m [1m0s[0m 250ms/step - accuracy: 0.0122 - loss: 0.9530 - val_accuracy: 0.0818 - val_loss: 0.9579 - val_sens_fpr0.005: 0.1347
Epoch 75/400
[1m1/1[0m [32m━━━━━━━━━━━━━━━━━━━━[0m[37m[0m [1m0s[0m 211ms/step - accuracy: 0.0128 - loss: 0.9528[1m1/1[0m [32m━━━━━━━━━━━━━━━━━━━━[0m[37m[0m [1m0s[0m 241ms/step - accuracy: 0.0128 - loss: 0.9528 - val_accuracy: 0.0824 - val_loss: 0.9578 - val_sens_fpr0.005: 0.1389
Epoch 76/400
[1m1/1[0m [32m━━━━━━━━━━━━━━━━━━━━[0m[37m[0m [1m0s[0m 217ms/step - accuracy: 0.0128 - loss: 0.9526[1m1/1[0m [32m━━━━━━━━━━━━━━━━━━━━[0m[37m[0m [1m0s[0m 247ms/step - accuracy: 0.0128 - loss: 0.9526 - val_accuracy: 0.0831 - val_loss: 0.9576 - val_sens_fpr0.005: 0.1406
Epoch 77/400
[1m1/1[0m [32m━━━━━━━━━━━━━━━━━━━━[0m[37m[0m [1m0s[0m 221ms/step - accuracy: 0.0135 - loss: 0.9524[1m1/1[0m [32m━━━━━━━━━━━━━━━━━━━━[0m[37m[0m [1m0s[0m 250ms/step - accuracy: 0.0135 - loss: 0.9524 - val_accuracy: 0.0838 - val_loss: 0.9575 - val_sens_fpr0.005: 0.1440
Epoch 78/400
[1m1/1[0m [32m━━━━━━━━━━━━━━━━━━━━[0m[37m[0m [1m0s[0m 220ms/step - accuracy: 0.0125 - loss: 0.9521[1m1/1[0m [32m━━━━━━━━━━━━━━━━━━━━[0m[37m[0m [1m0s[0m 249ms/step - accuracy: 0.0125 - loss: 0.9521 - val_accuracy: 0.0838 - val_loss: 0.9573 - val_sens_fpr0.005: 0.1490
Epoch 79/400
[1m1/1[0m [32m━━━━━━━━━━━━━━━━━━━━[0m[37m[0m [1m0s[0m 226ms/step - accuracy: 0.0135 - loss: 0.9520[1m1/1[0m [32m━━━━━━━━━━━━━━━━━━━━[0m[37m[0m [1m0s[0m 255ms/step - accuracy: 0.0135 - loss: 0.9520 - val_accuracy: 0.0838 - val_loss: 0.9572 - val_sens_fpr0.005: 0.1532
Epoch 80/400
[1m1/1[0m [32m━━━━━━━━━━━━━━━━━━━━[0m[37m[0m [1m0s[0m 219ms/step - accuracy: 0.0129 - loss: 0.9517[1m1/1[0m [32m━━━━━━━━━━━━━━━━━━━━[0m[37m[0m [1m0s[0m 248ms/step - accuracy: 0.0129 - loss: 0.9517 - val_accuracy: 0.0845 - val_loss: 0.9570 - val_sens_fpr0.005: 0.1574
Epoch 81/400
[1m1/1[0m [32m━━━━━━━━━━━━━━━━━━━━[0m[37m[0m [1m0s[0m 218ms/step - accuracy: 0.0140 - loss: 0.9515[1m1/1[0m [32m━━━━━━━━━━━━━━━━━━━━[0m[37m[0m [1m0s[0m 247ms/step - accuracy: 0.0140 - loss: 0.9515 - val_accuracy: 0.0851 - val_loss: 0.9569 - val_sens_fpr0.005: 0.1640
Epoch 82/400
[1m1/1[0m [32m━━━━━━━━━━━━━━━━━━━━[0m[37m[0m [1m0s[0m 235ms/step - accuracy: 0.0132 - loss: 0.9513[1m1/1[0m [32m━━━━━━━━━━━━━━━━━━━━[0m[37m[0m [1m0s[0m 264ms/step - accuracy: 0.0132 - loss: 0.9513 - val_accuracy: 0.0858 - val_loss: 0.9567 - val_sens_fpr0.005: 0.1640
Epoch 83/400
[1m1/1[0m [32m━━━━━━━━━━━━━━━━━━━━[0m[37m[0m [1m0s[0m 219ms/step - accuracy: 0.0131 - loss: 0.9510[1m1/1[0m [32m━━━━━━━━━━━━━━━━━━━━[0m[37m[0m [1m0s[0m 249ms/step - accuracy: 0.0131 - loss: 0.9510 - val_accuracy: 0.0858 - val_loss: 0.9566 - val_sens_fpr0.005: 0.1674
Epoch 84/400
[1m1/1[0m [32m━━━━━━━━━━━━━━━━━━━━[0m[37m[0m [1m0s[0m 220ms/step - accuracy: 0.0138 - loss: 0.9509[1m1/1[0m [32m━━━━━━━━━━━━━━━━━━━━[0m[37m[0m [1m0s[0m 250ms/step - accuracy: 0.0138 - loss: 0.9509 - val_accuracy: 0.0858 - val_loss: 0.9564 - val_sens_fpr0.005: 0.1674
Epoch 85/400
[1m1/1[0m [32m━━━━━━━━━━━━━━━━━━━━[0m[37m[0m [1m0s[0m 224ms/step - accuracy: 0.0134 - loss: 0.9508[1m1/1[0m [32m━━━━━━━━━━━━━━━━━━━━[0m[37m[0m [1m0s[0m 254ms/step - accuracy: 0.0134 - loss: 0.9508 - val_accuracy: 0.0865 - val_loss: 0.9562 - val_sens_fpr0.005: 0.1674
Epoch 86/400
[1m1/1[0m [32m━━━━━━━━━━━━━━━━━━━━[0m[37m[0m [1m0s[0m 223ms/step - accuracy: 0.0140 - loss: 0.9505[1m1/1[0m [32m━━━━━━━━━━━━━━━━━━━━[0m[37m[0m [1m0s[0m 255ms/step - accuracy: 0.0140 - loss: 0.9505 - val_accuracy: 0.0872 - val_loss: 0.9560 - val_sens_fpr0.005: 0.1682
Epoch 87/400
[1m1/1[0m [32m━━━━━━━━━━━━━━━━━━━━[0m[37m[0m [1m0s[0m 224ms/step - accuracy: 0.0138 - loss: 0.9503[1m1/1[0m [32m━━━━━━━━━━━━━━━━━━━━[0m[37m[0m [1m0s[0m 254ms/step - accuracy: 0.0138 - loss: 0.9503 - val_accuracy: 0.0872 - val_loss: 0.9559 - val_sens_fpr0.005: 0.1699
Epoch 88/400
[1m1/1[0m [32m━━━━━━━━━━━━━━━━━━━━[0m[37m[0m [1m0s[0m 218ms/step - accuracy: 0.0140 - loss: 0.9502[1m1/1[0m [32m━━━━━━━━━━━━━━━━━━━━[0m[37m[0m [1m0s[0m 247ms/step - accuracy: 0.0140 - loss: 0.9502 - val_accuracy: 0.0878 - val_loss: 0.9557 - val_sens_fpr0.005: 0.1699
Epoch 89/400
[1m1/1[0m [32m━━━━━━━━━━━━━━━━━━━━[0m[37m[0m [1m0s[0m 221ms/step - accuracy: 0.0145 - loss: 0.9500[1m1/1[0m [32m━━━━━━━━━━━━━━━━━━━━[0m[37m[0m [1m0s[0m 250ms/step - accuracy: 0.0145 - loss: 0.9500 - val_accuracy: 0.0878 - val_loss: 0.9555 - val_sens_fpr0.005: 0.1741
Epoch 90/400
[1m1/1[0m [32m━━━━━━━━━━━━━━━━━━━━[0m[37m[0m [1m0s[0m 216ms/step - accuracy: 0.0141 - loss: 0.9499[1m1/1[0m [32m━━━━━━━━━━━━━━━━━━━━[0m[37m[0m [1m0s[0m 245ms/step - accuracy: 0.0141 - loss: 0.9499 - val_accuracy: 0.0885 - val_loss: 0.9553 - val_sens_fpr0.005: 0.1741
Epoch 91/400
[1m1/1[0m [32m━━━━━━━━━━━━━━━━━━━━[0m[37m[0m [1m0s[0m 211ms/step - accuracy: 0.0148 - loss: 0.9496[1m1/1[0m [32m━━━━━━━━━━━━━━━━━━━━[0m[37m[0m [1m0s[0m 241ms/step - accuracy: 0.0148 - loss: 0.9496 - val_accuracy: 0.0892 - val_loss: 0.9551 - val_sens_fpr0.005: 0.1774
Epoch 92/400
[1m1/1[0m [32m━━━━━━━━━━━━━━━━━━━━[0m[37m[0m [1m0s[0m 218ms/step - accuracy: 0.0147 - loss: 0.9495[1m1/1[0m [32m━━━━━━━━━━━━━━━━━━━━[0m[37m[0m [1m0s[0m 247ms/step - accuracy: 0.0147 - loss: 0.9495 - val_accuracy: 0.0892 - val_loss: 0.9549 - val_sens_fpr0.005: 0.1841
Epoch 93/400
[1m1/1[0m [32m━━━━━━━━━━━━━━━━━━━━[0m[37m[0m [1m0s[0m 220ms/step - accuracy: 0.0137 - loss: 0.9495[1m1/1[0m [32m━━━━━━━━━━━━━━━━━━━━[0m[37m[0m [1m0s[0m 250ms/step - accuracy: 0.0137 - loss: 0.9495 - val_accuracy: 0.0892 - val_loss: 0.9547 - val_sens_fpr0.005: 0.1841
Epoch 94/400
[1m1/1[0m [32m━━━━━━━━━━━━━━━━━━━━[0m[37m[0m [1m0s[0m 224ms/step - accuracy: 0.0147 - loss: 0.9493[1m1/1[0m [32m━━━━━━━━━━━━━━━━━━━━[0m[37m[0m [1m0s[0m 254ms/step - accuracy: 0.0147 - loss: 0.9493 - val_accuracy: 0.0892 - val_loss: 0.9545 - val_sens_fpr0.005: 0.1858
Epoch 95/400
[1m1/1[0m [32m━━━━━━━━━━━━━━━━━━━━[0m[37m[0m [1m0s[0m 221ms/step - accuracy: 0.0151 - loss: 0.9491[1m1/1[0m [32m━━━━━━━━━━━━━━━━━━━━[0m[37m[0m [1m0s[0m 251ms/step - accuracy: 0.0151 - loss: 0.9491 - val_accuracy: 0.0892 - val_loss: 0.9543 - val_sens_fpr0.005: 0.1858
Epoch 96/400
[1m1/1[0m [32m━━━━━━━━━━━━━━━━━━━━[0m[37m[0m [1m0s[0m 222ms/step - accuracy: 0.0148 - loss: 0.9490[1m1/1[0m [32m━━━━━━━━━━━━━━━━━━━━[0m[37m[0m [1m0s[0m 251ms/step - accuracy: 0.0148 - loss: 0.9490 - val_accuracy: 0.0892 - val_loss: 0.9541 - val_sens_fpr0.005: 0.1858
Epoch 97/400
[1m1/1[0m [32m━━━━━━━━━━━━━━━━━━━━[0m[37m[0m [1m0s[0m 218ms/step - accuracy: 0.0151 - loss: 0.9488[1m1/1[0m [32m━━━━━━━━━━━━━━━━━━━━[0m[37m[0m [1m0s[0m 247ms/step - accuracy: 0.0151 - loss: 0.9488 - val_accuracy: 0.0892 - val_loss: 0.9539 - val_sens_fpr0.005: 0.1900
Epoch 98/400
[1m1/1[0m [32m━━━━━━━━━━━━━━━━━━━━[0m[37m[0m [1m0s[0m 222ms/step - accuracy: 0.0152 - loss: 0.9487[1m1/1[0m [32m━━━━━━━━━━━━━━━━━━━━[0m[37m[0m [1m0s[0m 251ms/step - accuracy: 0.0152 - loss: 0.9487 - val_accuracy: 0.0892 - val_loss: 0.9537 - val_sens_fpr0.005: 0.1909
Epoch 99/400
[1m1/1[0m [32m━━━━━━━━━━━━━━━━━━━━[0m[37m[0m [1m0s[0m 217ms/step - accuracy: 0.0148 - loss: 0.9485[1m1/1[0m [32m━━━━━━━━━━━━━━━━━━━━[0m[37m[0m [1m0s[0m 246ms/step - accuracy: 0.0148 - loss: 0.9485 - val_accuracy: 0.0892 - val_loss: 0.9535 - val_sens_fpr0.005: 0.1950
Epoch 100/400
[1m1/1[0m [32m━━━━━━━━━━━━━━━━━━━━[0m[37m[0m [1m0s[0m 219ms/step - accuracy: 0.0155 - loss: 0.9483[1m1/1[0m [32m━━━━━━━━━━━━━━━━━━━━[0m[37m[0m [1m0s[0m 248ms/step - accuracy: 0.0155 - loss: 0.9483 - val_accuracy: 0.0892 - val_loss: 0.9533 - val_sens_fpr0.005: 0.1959
Epoch 101/400
[1m1/1[0m [32m━━━━━━━━━━━━━━━━━━━━[0m[37m[0m [1m0s[0m 222ms/step - accuracy: 0.0150 - loss: 0.9481[1m1/1[0m [32m━━━━━━━━━━━━━━━━━━━━[0m[37m[0m [1m0s[0m 252ms/step - accuracy: 0.0150 - loss: 0.9481 - val_accuracy: 0.0892 - val_loss: 0.9532 - val_sens_fpr0.005: 0.2034
Epoch 102/400
[1m1/1[0m [32m━━━━━━━━━━━━━━━━━━━━[0m[37m[0m [1m0s[0m 228ms/step - accuracy: 0.0150 - loss: 0.9482[1m1/1[0m [32m━━━━━━━━━━━━━━━━━━━━[0m[37m[0m [1m0s[0m 258ms/step - accuracy: 0.0150 - loss: 0.9482 - val_accuracy: 0.0892 - val_loss: 0.9530 - val_sens_fpr0.005: 0.2034
Epoch 103/400
[1m1/1[0m [32m━━━━━━━━━━━━━━━━━━━━[0m[37m[0m [1m0s[0m 227ms/step - accuracy: 0.0147 - loss: 0.9479[1m1/1[0m [32m━━━━━━━━━━━━━━━━━━━━[0m[37m[0m [1m0s[0m 256ms/step - accuracy: 0.0147 - loss: 0.9479 - val_accuracy: 0.0892 - val_loss: 0.9529 - val_sens_fpr0.005: 0.2109
Epoch 104/400
[1m1/1[0m [32m━━━━━━━━━━━━━━━━━━━━[0m[37m[0m [1m0s[0m 216ms/step - accuracy: 0.0146 - loss: 0.9478[1m1/1[0m [32m━━━━━━━━━━━━━━━━━━━━[0m[37m[0m [1m0s[0m 246ms/step - accuracy: 0.0146 - loss: 0.9478 - val_accuracy: 0.0892 - val_loss: 0.9527 - val_sens_fpr0.005: 0.2109
Epoch 105/400
[1m1/1[0m [32m━━━━━━━━━━━━━━━━━━━━[0m[37m[0m [1m0s[0m 222ms/step - accuracy: 0.0154 - loss: 0.9478[1m1/1[0m [32m━━━━━━━━━━━━━━━━━━━━[0m[37m[0m [1m0s[0m 252ms/step - accuracy: 0.0154 - loss: 0.9478 - val_accuracy: 0.0892 - val_loss: 0.9526 - val_sens_fpr0.005: 0.2109
Epoch 106/400
[1m1/1[0m [32m━━━━━━━━━━━━━━━━━━━━[0m[37m[0m [1m0s[0m 221ms/step - accuracy: 0.0149 - loss: 0.9475[1m1/1[0m [32m━━━━━━━━━━━━━━━━━━━━[0m[37m[0m [1m0s[0m 250ms/step - accuracy: 0.0149 - loss: 0.9475 - val_accuracy: 0.0892 - val_loss: 0.9525 - val_sens_fpr0.005: 0.2184
Epoch 107/400
[1m1/1[0m [32m━━━━━━━━━━━━━━━━━━━━[0m[37m[0m [1m0s[0m 221ms/step - accuracy: 0.0153 - loss: 0.9474[1m1/1[0m [32m━━━━━━━━━━━━━━━━━━━━[0m[37m[0m [1m0s[0m 250ms/step - accuracy: 0.0153 - loss: 0.9474 - val_accuracy: 0.0892 - val_loss: 0.9523 - val_sens_fpr0.005: 0.2210
Epoch 108/400
[1m1/1[0m [32m━━━━━━━━━━━━━━━━━━━━[0m[37m[0m [1m0s[0m 222ms/step - accuracy: 0.0147 - loss: 0.9474[1m1/1[0m [32m━━━━━━━━━━━━━━━━━━━━[0m[37m[0m [1m0s[0m 252ms/step - accuracy: 0.0147 - loss: 0.9474 - val_accuracy: 0.0892 - val_loss: 0.9522 - val_sens_fpr0.005: 0.2219
Epoch 109/400
[1m1/1[0m [32m━━━━━━━━━━━━━━━━━━━━[0m[37m[0m [1m0s[0m 216ms/step - accuracy: 0.0152 - loss: 0.9472[1m1/1[0m [32m━━━━━━━━━━━━━━━━━━━━[0m[37m[0m [1m0s[0m 251ms/step - accuracy: 0.0152 - loss: 0.9472 - val_accuracy: 0.0892 - val_loss: 0.9521 - val_sens_fpr0.005: 0.2318
Epoch 110/400
[1m1/1[0m [32m━━━━━━━━━━━━━━━━━━━━[0m[37m[0m [1m0s[0m 223ms/step - accuracy: 0.0148 - loss: 0.9471[1m1/1[0m [32m━━━━━━━━━━━━━━━━━━━━[0m[37m[0m [1m0s[0m 252ms/step - accuracy: 0.0148 - loss: 0.9471 - val_accuracy: 0.0892 - val_loss: 0.9520 - val_sens_fpr0.005: 0.2352
Epoch 111/400
[1m1/1[0m [32m━━━━━━━━━━━━━━━━━━━━[0m[37m[0m [1m0s[0m 220ms/step - accuracy: 0.0156 - loss: 0.9469[1m1/1[0m [32m━━━━━━━━━━━━━━━━━━━━[0m[37m[0m [1m0s[0m 249ms/step - accuracy: 0.0156 - loss: 0.9469 - val_accuracy: 0.0892 - val_loss: 0.9519 - val_sens_fpr0.005: 0.2385
Epoch 112/400
[1m1/1[0m [32m━━━━━━━━━━━━━━━━━━━━[0m[37m[0m [1m0s[0m 219ms/step - accuracy: 0.0148 - loss: 0.9469[1m1/1[0m [32m━━━━━━━━━━━━━━━━━━━━[0m[37m[0m [1m0s[0m 248ms/step - accuracy: 0.0148 - loss: 0.9469 - val_accuracy: 0.0892 - val_loss: 0.9518 - val_sens_fpr0.005: 0.2385
Epoch 113/400
[1m1/1[0m [32m━━━━━━━━━━━━━━━━━━━━[0m[37m[0m [1m0s[0m 222ms/step - accuracy: 0.0153 - loss: 0.9466[1m1/1[0m [32m━━━━━━━━━━━━━━━━━━━━[0m[37m[0m [1m0s[0m 251ms/step - accuracy: 0.0153 - loss: 0.9466 - val_accuracy: 0.0885 - val_loss: 0.9517 - val_sens_fpr0.005: 0.2469
Epoch 114/400
[1m1/1[0m [32m━━━━━━━━━━━━━━━━━━━━[0m[37m[0m [1m0s[0m 220ms/step - accuracy: 0.0149 - loss: 0.9466[1m1/1[0m [32m━━━━━━━━━━━━━━━━━━━━[0m[37m[0m [1m0s[0m 249ms/step - accuracy: 0.0149 - loss: 0.9466 - val_accuracy: 0.0885 - val_loss: 0.9516 - val_sens_fpr0.005: 0.2469
Epoch 115/400
[1m1/1[0m [32m━━━━━━━━━━━━━━━━━━━━[0m[37m[0m [1m0s[0m 224ms/step - accuracy: 0.0154 - loss: 0.9466[1m1/1[0m [32m━━━━━━━━━━━━━━━━━━━━[0m[37m[0m [1m0s[0m 253ms/step - accuracy: 0.0154 - loss: 0.9466 - val_accuracy: 0.0885 - val_loss: 0.9515 - val_sens_fpr0.005: 0.2469
Epoch 116/400
[1m1/1[0m [32m━━━━━━━━━━━━━━━━━━━━[0m[37m[0m [1m0s[0m 222ms/step - accuracy: 0.0151 - loss: 0.9463[1m1/1[0m [32m━━━━━━━━━━━━━━━━━━━━[0m[37m[0m [1m0s[0m 251ms/step - accuracy: 0.0151 - loss: 0.9463 - val_accuracy: 0.0885 - val_loss: 0.9514 - val_sens_fpr0.005: 0.2469
Epoch 117/400
[1m1/1[0m [32m━━━━━━━━━━━━━━━━━━━━[0m[37m[0m [1m0s[0m 218ms/step - accuracy: 0.0154 - loss: 0.9463[1m1/1[0m [32m━━━━━━━━━━━━━━━━━━━━[0m[37m[0m [1m0s[0m 247ms/step - accuracy: 0.0154 - loss: 0.9463 - val_accuracy: 0.0885 - val_loss: 0.9514 - val_sens_fpr0.005: 0.2469
Epoch 118/400
[1m1/1[0m [32m━━━━━━━━━━━━━━━━━━━━[0m[37m[0m [1m0s[0m 215ms/step - accuracy: 0.0149 - loss: 0.9462[1m1/1[0m [32m━━━━━━━━━━━━━━━━━━━━[0m[37m[0m [1m0s[0m 244ms/step - accuracy: 0.0149 - loss: 0.9462 - val_accuracy: 0.0885 - val_loss: 0.9513 - val_sens_fpr0.005: 0.2469
Epoch 119/400
[1m1/1[0m [32m━━━━━━━━━━━━━━━━━━━━[0m[37m[0m [1m0s[0m 213ms/step - accuracy: 0.0152 - loss: 0.9460[1m1/1[0m [32m━━━━━━━━━━━━━━━━━━━━[0m[37m[0m [1m0s[0m 242ms/step - accuracy: 0.0152 - loss: 0.9460 - val_accuracy: 0.0885 - val_loss: 0.9512 - val_sens_fpr0.005: 0.2469
Epoch 120/400
[1m1/1[0m [32m━━━━━━━━━━━━━━━━━━━━[0m[37m[0m [1m0s[0m 226ms/step - accuracy: 0.0150 - loss: 0.9460[1m1/1[0m [32m━━━━━━━━━━━━━━━━━━━━[0m[37m[0m [1m0s[0m 256ms/step - accuracy: 0.0150 - loss: 0.9460 - val_accuracy: 0.0885 - val_loss: 0.9511 - val_sens_fpr0.005: 0.2469
Epoch 121/400
[1m1/1[0m [32m━━━━━━━━━━━━━━━━━━━━[0m[37m[0m [1m0s[0m 218ms/step - accuracy: 0.0150 - loss: 0.9459[1m1/1[0m [32m━━━━━━━━━━━━━━━━━━━━[0m[37m[0m [1m0s[0m 247ms/step - accuracy: 0.0150 - loss: 0.9459 - val_accuracy: 0.0885 - val_loss: 0.9510 - val_sens_fpr0.005: 0.2469
Epoch 122/400
[1m1/1[0m [32m━━━━━━━━━━━━━━━━━━━━[0m[37m[0m [1m0s[0m 217ms/step - accuracy: 0.0155 - loss: 0.9457[1m1/1[0m [32m━━━━━━━━━━━━━━━━━━━━[0m[37m[0m [1m0s[0m 246ms/step - accuracy: 0.0155 - loss: 0.9457 - val_accuracy: 0.0878 - val_loss: 0.9510 - val_sens_fpr0.005: 0.2477
Epoch 123/400
[1m1/1[0m [32m━━━━━━━━━━━━━━━━━━━━[0m[37m[0m [1m0s[0m 228ms/step - accuracy: 0.0156 - loss: 0.9457[1m1/1[0m [32m━━━━━━━━━━━━━━━━━━━━[0m[37m[0m [1m0s[0m 257ms/step - accuracy: 0.0156 - loss: 0.9457 - val_accuracy: 0.0878 - val_loss: 0.9509 - val_sens_fpr0.005: 0.2477
Epoch 124/400
[1m1/1[0m [32m━━━━━━━━━━━━━━━━━━━━[0m[37m[0m [1m0s[0m 223ms/step - accuracy: 0.0153 - loss: 0.9455[1m1/1[0m [32m━━━━━━━━━━━━━━━━━━━━[0m[37m[0m [1m0s[0m 252ms/step - accuracy: 0.0153 - loss: 0.9455 - val_accuracy: 0.0878 - val_loss: 0.9508 - val_sens_fpr0.005: 0.2477
Epoch 125/400
[1m1/1[0m [32m━━━━━━━━━━━━━━━━━━━━[0m[37m[0m [1m0s[0m 226ms/step - accuracy: 0.0154 - loss: 0.9454[1m1/1[0m [32m━━━━━━━━━━━━━━━━━━━━[0m[37m[0m [1m0s[0m 255ms/step - accuracy: 0.0154 - loss: 0.9454 - val_accuracy: 0.0872 - val_loss: 0.9507 - val_sens_fpr0.005: 0.2510
Epoch 126/400
[1m1/1[0m [32m━━━━━━━━━━━━━━━━━━━━[0m[37m[0m [1m0s[0m 256ms/step - accuracy: 0.0158 - loss: 0.9454[1m1/1[0m [32m━━━━━━━━━━━━━━━━━━━━[0m[37m[0m [1m0s[0m 295ms/step - accuracy: 0.0158 - loss: 0.9454 - val_accuracy: 0.0872 - val_loss: 0.9507 - val_sens_fpr0.005: 0.2510
Epoch 127/400
[1m1/1[0m [32m━━━━━━━━━━━━━━━━━━━━[0m[37m[0m [1m0s[0m 231ms/step - accuracy: 0.0156 - loss: 0.9453[1m1/1[0m [32m━━━━━━━━━━━━━━━━━━━━[0m[37m[0m [1m0s[0m 260ms/step - accuracy: 0.0156 - loss: 0.9453 - val_accuracy: 0.0872 - val_loss: 0.9506 - val_sens_fpr0.005: 0.2510
Epoch 128/400
[1m1/1[0m [32m━━━━━━━━━━━━━━━━━━━━[0m[37m[0m [1m0s[0m 223ms/step - accuracy: 0.0148 - loss: 0.9451[1m1/1[0m [32m━━━━━━━━━━━━━━━━━━━━[0m[37m[0m [1m0s[0m 252ms/step - accuracy: 0.0148 - loss: 0.9451 - val_accuracy: 0.0872 - val_loss: 0.9505 - val_sens_fpr0.005: 0.2519
Epoch 129/400
[1m1/1[0m [32m━━━━━━━━━━━━━━━━━━━━[0m[37m[0m [1m0s[0m 214ms/step - accuracy: 0.0159 - loss: 0.9451[1m1/1[0m [32m━━━━━━━━━━━━━━━━━━━━[0m[37m[0m [1m0s[0m 243ms/step - accuracy: 0.0159 - loss: 0.9451 - val_accuracy: 0.0872 - val_loss: 0.9504 - val_sens_fpr0.005: 0.2519
Epoch 130/400
[1m1/1[0m [32m━━━━━━━━━━━━━━━━━━━━[0m[37m[0m [1m0s[0m 213ms/step - accuracy: 0.0155 - loss: 0.9450[1m1/1[0m [32m━━━━━━━━━━━━━━━━━━━━[0m[37m[0m [1m0s[0m 242ms/step - accuracy: 0.0155 - loss: 0.9450 - val_accuracy: 0.0872 - val_loss: 0.9503 - val_sens_fpr0.005: 0.2552
Epoch 131/400
[1m1/1[0m [32m━━━━━━━━━━━━━━━━━━━━[0m[37m[0m [1m0s[0m 212ms/step - accuracy: 0.0148 - loss: 0.9450[1m1/1[0m [32m━━━━━━━━━━━━━━━━━━━━[0m[37m[0m [1m0s[0m 241ms/step - accuracy: 0.0148 - loss: 0.9450 - val_accuracy: 0.0872 - val_loss: 0.9502 - val_sens_fpr0.005: 0.2561
Epoch 132/400
[1m1/1[0m [32m━━━━━━━━━━━━━━━━━━━━[0m[37m[0m [1m0s[0m 221ms/step - accuracy: 0.0149 - loss: 0.9449[1m1/1[0m [32m━━━━━━━━━━━━━━━━━━━━[0m[37m[0m [1m0s[0m 251ms/step - accuracy: 0.0149 - loss: 0.9449 - val_accuracy: 0.0872 - val_loss: 0.9502 - val_sens_fpr0.005: 0.2594
Epoch 133/400
[1m1/1[0m [32m━━━━━━━━━━━━━━━━━━━━[0m[37m[0m [1m0s[0m 220ms/step - accuracy: 0.0152 - loss: 0.9448[1m1/1[0m [32m━━━━━━━━━━━━━━━━━━━━[0m[37m[0m [1m0s[0m 249ms/step - accuracy: 0.0152 - loss: 0.9448 - val_accuracy: 0.0872 - val_loss: 0.9501 - val_sens_fpr0.005: 0.2594
Epoch 134/400
[1m1/1[0m [32m━━━━━━━━━━━━━━━━━━━━[0m[37m[0m [1m0s[0m 217ms/step - accuracy: 0.0155 - loss: 0.9446[1m1/1[0m [32m━━━━━━━━━━━━━━━━━━━━[0m[37m[0m [1m0s[0m 246ms/step - accuracy: 0.0155 - loss: 0.9446 - val_accuracy: 0.0872 - val_loss: 0.9500 - val_sens_fpr0.005: 0.2594
Epoch 135/400
[1m1/1[0m [32m━━━━━━━━━━━━━━━━━━━━[0m[37m[0m [1m0s[0m 228ms/step - accuracy: 0.0151 - loss: 0.9445[1m1/1[0m [32m━━━━━━━━━━━━━━━━━━━━[0m[37m[0m [1m0s[0m 257ms/step - accuracy: 0.0151 - loss: 0.9445 - val_accuracy: 0.0872 - val_loss: 0.9499 - val_sens_fpr0.005: 0.2594
Epoch 136/400
[1m1/1[0m [32m━━━━━━━━━━━━━━━━━━━━[0m[37m[0m [1m0s[0m 213ms/step - accuracy: 0.0152 - loss: 0.9445[1m1/1[0m [32m━━━━━━━━━━━━━━━━━━━━[0m[37m[0m [1m0s[0m 243ms/step - accuracy: 0.0152 - loss: 0.9445 - val_accuracy: 0.0865 - val_loss: 0.9499 - val_sens_fpr0.005: 0.2611
Epoch 137/400
[1m1/1[0m [32m━━━━━━━━━━━━━━━━━━━━[0m[37m[0m [1m0s[0m 227ms/step - accuracy: 0.0149 - loss: 0.9444[1m1/1[0m [32m━━━━━━━━━━━━━━━━━━━━[0m[37m[0m [1m0s[0m 256ms/step - accuracy: 0.0149 - loss: 0.9444 - val_accuracy: 0.0872 - val_loss: 0.9498 - val_sens_fpr0.005: 0.2611
Epoch 138/400
[1m1/1[0m [32m━━━━━━━━━━━━━━━━━━━━[0m[37m[0m [1m0s[0m 225ms/step - accuracy: 0.0157 - loss: 0.9443[1m1/1[0m [32m━━━━━━━━━━━━━━━━━━━━[0m[37m[0m [1m0s[0m 254ms/step - accuracy: 0.0157 - loss: 0.9443 - val_accuracy: 0.0872 - val_loss: 0.9497 - val_sens_fpr0.005: 0.2645
Epoch 139/400
[1m1/1[0m [32m━━━━━━━━━━━━━━━━━━━━[0m[37m[0m [1m0s[0m 222ms/step - accuracy: 0.0151 - loss: 0.9442[1m1/1[0m [32m━━━━━━━━━━━━━━━━━━━━[0m[37m[0m [1m0s[0m 252ms/step - accuracy: 0.0151 - loss: 0.9442 - val_accuracy: 0.0872 - val_loss: 0.9496 - val_sens_fpr0.005: 0.2686
Epoch 140/400
[1m1/1[0m [32m━━━━━━━━━━━━━━━━━━━━[0m[37m[0m [1m0s[0m 225ms/step - accuracy: 0.0156 - loss: 0.9442[1m1/1[0m [32m━━━━━━━━━━━━━━━━━━━━[0m[37m[0m [1m0s[0m 255ms/step - accuracy: 0.0156 - loss: 0.9442 - val_accuracy: 0.0872 - val_loss: 0.9496 - val_sens_fpr0.005: 0.2695
Epoch 141/400
[1m1/1[0m [32m━━━━━━━━━━━━━━━━━━━━[0m[37m[0m [1m0s[0m 221ms/step - accuracy: 0.0158 - loss: 0.9441[1m1/1[0m [32m━━━━━━━━━━━━━━━━━━━━[0m[37m[0m [1m0s[0m 251ms/step - accuracy: 0.0158 - loss: 0.9441 - val_accuracy: 0.0872 - val_loss: 0.9495 - val_sens_fpr0.005: 0.2712
Epoch 142/400
[1m1/1[0m [32m━━━━━━━━━━━━━━━━━━━━[0m[37m[0m [1m0s[0m 215ms/step - accuracy: 0.0156 - loss: 0.9440[1m1/1[0m [32m━━━━━━━━━━━━━━━━━━━━[0m[37m[0m [1m0s[0m 245ms/step - accuracy: 0.0156 - loss: 0.9440 - val_accuracy: 0.0872 - val_loss: 0.9495 - val_sens_fpr0.005: 0.2721
Epoch 143/400
[1m1/1[0m [32m━━━━━━━━━━━━━━━━━━━━[0m[37m[0m [1m0s[0m 217ms/step - accuracy: 0.0153 - loss: 0.9439[1m1/1[0m [32m━━━━━━━━━━━━━━━━━━━━[0m[37m[0m [1m0s[0m 247ms/step - accuracy: 0.0153 - loss: 0.9439 - val_accuracy: 0.0865 - val_loss: 0.9494 - val_sens_fpr0.005: 0.2754
Epoch 144/400
[1m1/1[0m [32m━━━━━━━━━━━━━━━━━━━━[0m[37m[0m [1m0s[0m 225ms/step - accuracy: 0.0150 - loss: 0.9439[1m1/1[0m [32m━━━━━━━━━━━━━━━━━━━━[0m[37m[0m [1m0s[0m 254ms/step - accuracy: 0.0150 - loss: 0.9439 - val_accuracy: 0.0865 - val_loss: 0.9493 - val_sens_fpr0.005: 0.2754
Epoch 145/400
[1m1/1[0m [32m━━━━━━━━━━━━━━━━━━━━[0m[37m[0m [1m0s[0m 216ms/step - accuracy: 0.0160 - loss: 0.9438[1m1/1[0m [32m━━━━━━━━━━━━━━━━━━━━[0m[37m[0m [1m0s[0m 245ms/step - accuracy: 0.0160 - loss: 0.9438 - val_accuracy: 0.0865 - val_loss: 0.9493 - val_sens_fpr0.005: 0.2745
Epoch 146/400
[1m1/1[0m [32m━━━━━━━━━━━━━━━━━━━━[0m[37m[0m [1m0s[0m 225ms/step - accuracy: 0.0158 - loss: 0.9438[1m1/1[0m [32m━━━━━━━━━━━━━━━━━━━━[0m[37m[0m [1m0s[0m 254ms/step - accuracy: 0.0158 - loss: 0.9438 - val_accuracy: 0.0865 - val_loss: 0.9492 - val_sens_fpr0.005: 0.2779
Epoch 147/400
[1m1/1[0m [32m━━━━━━━━━━━━━━━━━━━━[0m[37m[0m [1m0s[0m 224ms/step - accuracy: 0.0156 - loss: 0.9436[1m1/1[0m [32m━━━━━━━━━━━━━━━━━━━━[0m[37m[0m [1m0s[0m 253ms/step - accuracy: 0.0156 - loss: 0.9436 - val_accuracy: 0.0865 - val_loss: 0.9492 - val_sens_fpr0.005: 0.2770
Epoch 148/400
[1m1/1[0m [32m━━━━━━━━━━━━━━━━━━━━[0m[37m[0m [1m0s[0m 216ms/step - accuracy: 0.0158 - loss: 0.9435[1m1/1[0m [32m━━━━━━━━━━━━━━━━━━━━[0m[37m[0m [1m0s[0m 245ms/step - accuracy: 0.0158 - loss: 0.9435 - val_accuracy: 0.0865 - val_loss: 0.9491 - val_sens_fpr0.005: 0.2803
Epoch 149/400
[1m1/1[0m [32m━━━━━━━━━━━━━━━━━━━━[0m[37m[0m [1m0s[0m 218ms/step - accuracy: 0.0152 - loss: 0.9435[1m1/1[0m [32m━━━━━━━━━━━━━━━━━━━━[0m[37m[0m [1m0s[0m 247ms/step - accuracy: 0.0152 - loss: 0.9435 - val_accuracy: 0.0865 - val_loss: 0.9491 - val_sens_fpr0.005: 0.2812
Epoch 150/400
[1m1/1[0m [32m━━━━━━━━━━━━━━━━━━━━[0m[37m[0m [1m0s[0m 218ms/step - accuracy: 0.0157 - loss: 0.9435[1m1/1[0m [32m━━━━━━━━━━━━━━━━━━━━[0m[37m[0m [1m0s[0m 247ms/step - accuracy: 0.0157 - loss: 0.9435 - val_accuracy: 0.0865 - val_loss: 0.9490 - val_sens_fpr0.005: 0.2821
Epoch 151/400
[1m1/1[0m [32m━━━━━━━━━━━━━━━━━━━━[0m[37m[0m [1m0s[0m 214ms/step - accuracy: 0.0164 - loss: 0.9433[1m1/1[0m [32m━━━━━━━━━━━━━━━━━━━━[0m[37m[0m [1m0s[0m 243ms/step - accuracy: 0.0164 - loss: 0.9433 - val_accuracy: 0.0872 - val_loss: 0.9490 - val_sens_fpr0.005: 0.2854
Epoch 152/400
[1m1/1[0m [32m━━━━━━━━━━━━━━━━━━━━[0m[37m[0m [1m0s[0m 215ms/step - accuracy: 0.0157 - loss: 0.9432[1m1/1[0m [32m━━━━━━━━━━━━━━━━━━━━[0m[37m[0m [1m0s[0m 244ms/step - accuracy: 0.0157 - loss: 0.9432 - val_accuracy: 0.0872 - val_loss: 0.9489 - val_sens_fpr0.005: 0.2871
Epoch 153/400
[1m1/1[0m [32m━━━━━━━━━━━━━━━━━━━━[0m[37m[0m [1m0s[0m 220ms/step - accuracy: 0.0155 - loss: 0.9432[1m1/1[0m [32m━━━━━━━━━━━━━━━━━━━━[0m[37m[0m [1m0s[0m 249ms/step - accuracy: 0.0155 - loss: 0.9432 - val_accuracy: 0.0872 - val_loss: 0.9489 - val_sens_fpr0.005: 0.3054
Epoch 154/400
[1m1/1[0m [32m━━━━━━━━━━━━━━━━━━━━[0m[37m[0m [1m0s[0m 214ms/step - accuracy: 0.0153 - loss: 0.9432[1m1/1[0m [32m━━━━━━━━━━━━━━━━━━━━[0m[37m[0m [1m0s[0m 243ms/step - accuracy: 0.0153 - loss: 0.9432 - val_accuracy: 0.0872 - val_loss: 0.9488 - val_sens_fpr0.005: 0.3072
Epoch 155/400
[1m1/1[0m [32m━━━━━━━━━━━━━━━━━━━━[0m[37m[0m [1m0s[0m 230ms/step - accuracy: 0.0156 - loss: 0.9430[1m1/1[0m [32m━━━━━━━━━━━━━━━━━━━━[0m[37m[0m [1m0s[0m 259ms/step - accuracy: 0.0156 - loss: 0.9430 - val_accuracy: 0.0872 - val_loss: 0.9488 - val_sens_fpr0.005: 0.3105
Epoch 156/400
[1m1/1[0m [32m━━━━━━━━━━━━━━━━━━━━[0m[37m[0m [1m0s[0m 221ms/step - accuracy: 0.0157 - loss: 0.9430[1m1/1[0m [32m━━━━━━━━━━━━━━━━━━━━[0m[37m[0m [1m0s[0m 251ms/step - accuracy: 0.0157 - loss: 0.9430 - val_accuracy: 0.0872 - val_loss: 0.9487 - val_sens_fpr0.005: 0.3147
Epoch 157/400
[1m1/1[0m [32m━━━━━━━━━━━━━━━━━━━━[0m[37m[0m [1m0s[0m 225ms/step - accuracy: 0.0160 - loss: 0.9429[1m1/1[0m [32m━━━━━━━━━━━━━━━━━━━━[0m[37m[0m [1m0s[0m 254ms/step - accuracy: 0.0160 - loss: 0.9429 - val_accuracy: 0.0872 - val_loss: 0.9487 - val_sens_fpr0.005: 0.3147
Epoch 158/400
[1m1/1[0m [32m━━━━━━━━━━━━━━━━━━━━[0m[37m[0m [1m0s[0m 224ms/step - accuracy: 0.0159 - loss: 0.9428[1m1/1[0m [32m━━━━━━━━━━━━━━━━━━━━[0m[37m[0m [1m0s[0m 254ms/step - accuracy: 0.0159 - loss: 0.9428 - val_accuracy: 0.0872 - val_loss: 0.9486 - val_sens_fpr0.005: 0.3164
Epoch 159/400
[1m1/1[0m [32m━━━━━━━━━━━━━━━━━━━━[0m[37m[0m [1m0s[0m 221ms/step - accuracy: 0.0160 - loss: 0.9427[1m1/1[0m [32m━━━━━━━━━━━━━━━━━━━━[0m[37m[0m [1m0s[0m 251ms/step - accuracy: 0.0160 - loss: 0.9427 - val_accuracy: 0.0872 - val_loss: 0.9486 - val_sens_fpr0.005: 0.3164
Epoch 160/400
[1m1/1[0m [32m━━━━━━━━━━━━━━━━━━━━[0m[37m[0m [1m0s[0m 221ms/step - accuracy: 0.0162 - loss: 0.9428[1m1/1[0m [32m━━━━━━━━━━━━━━━━━━━━[0m[37m[0m [1m0s[0m 251ms/step - accuracy: 0.0162 - loss: 0.9428 - val_accuracy: 0.0872 - val_loss: 0.9485 - val_sens_fpr0.005: 0.3181
Epoch 161/400
[1m1/1[0m [32m━━━━━━━━━━━━━━━━━━━━[0m[37m[0m [1m0s[0m 221ms/step - accuracy: 0.0160 - loss: 0.9426[1m1/1[0m [32m━━━━━━━━━━━━━━━━━━━━[0m[37m[0m [1m0s[0m 251ms/step - accuracy: 0.0160 - loss: 0.9426 - val_accuracy: 0.0872 - val_loss: 0.9485 - val_sens_fpr0.005: 0.3214
Epoch 162/400
[1m1/1[0m [32m━━━━━━━━━━━━━━━━━━━━[0m[37m[0m [1m0s[0m 220ms/step - accuracy: 0.0159 - loss: 0.9426[1m1/1[0m [32m━━━━━━━━━━━━━━━━━━━━[0m[37m[0m [1m0s[0m 249ms/step - accuracy: 0.0159 - loss: 0.9426 - val_accuracy: 0.0872 - val_loss: 0.9485 - val_sens_fpr0.005: 0.3223
Epoch 163/400
[1m1/1[0m [32m━━━━━━━━━━━━━━━━━━━━[0m[37m[0m [1m0s[0m 208ms/step - accuracy: 0.0158 - loss: 0.9425[1m1/1[0m [32m━━━━━━━━━━━━━━━━━━━━[0m[37m[0m [1m0s[0m 237ms/step - accuracy: 0.0158 - loss: 0.9425 - val_accuracy: 0.0872 - val_loss: 0.9484 - val_sens_fpr0.005: 0.3223
Epoch 164/400
[1m1/1[0m [32m━━━━━━━━━━━━━━━━━━━━[0m[37m[0m [1m0s[0m 215ms/step - accuracy: 0.0157 - loss: 0.9426[1m1/1[0m [32m━━━━━━━━━━━━━━━━━━━━[0m[37m[0m [1m0s[0m 244ms/step - accuracy: 0.0157 - loss: 0.9426 - val_accuracy: 0.0872 - val_loss: 0.9484 - val_sens_fpr0.005: 0.3298
Epoch 165/400
[1m1/1[0m [32m━━━━━━━━━━━━━━━━━━━━[0m[37m[0m [1m0s[0m 215ms/step - accuracy: 0.0164 - loss: 0.9424[1m1/1[0m [32m━━━━━━━━━━━━━━━━━━━━[0m[37m[0m [1m0s[0m 244ms/step - accuracy: 0.0164 - loss: 0.9424 - val_accuracy: 0.0872 - val_loss: 0.9483 - val_sens_fpr0.005: 0.3298
Epoch 166/400
[1m1/1[0m [32m━━━━━━━━━━━━━━━━━━━━[0m[37m[0m [1m0s[0m 221ms/step - accuracy: 0.0164 - loss: 0.9424[1m1/1[0m [32m━━━━━━━━━━━━━━━━━━━━[0m[37m[0m [1m0s[0m 251ms/step - accuracy: 0.0164 - loss: 0.9424 - val_accuracy: 0.0885 - val_loss: 0.9483 - val_sens_fpr0.005: 0.3298
Epoch 167/400
[1m1/1[0m [32m━━━━━━━━━━━━━━━━━━━━[0m[37m[0m [1m0s[0m 215ms/step - accuracy: 0.0159 - loss: 0.9423[1m1/1[0m [32m━━━━━━━━━━━━━━━━━━━━[0m[37m[0m [1m0s[0m 244ms/step - accuracy: 0.0159 - loss: 0.9423 - val_accuracy: 0.0899 - val_loss: 0.9483 - val_sens_fpr0.005: 0.3364
Epoch 168/400
[1m1/1[0m [32m━━━━━━━━━━━━━━━━━━━━[0m[37m[0m [1m0s[0m 212ms/step - accuracy: 0.0165 - loss: 0.9422[1m1/1[0m [32m━━━━━━━━━━━━━━━━━━━━[0m[37m[0m [1m0s[0m 242ms/step - accuracy: 0.0165 - loss: 0.9422 - val_accuracy: 0.0899 - val_loss: 0.9482 - val_sens_fpr0.005: 0.3364
Epoch 169/400
[1m1/1[0m [32m━━━━━━━━━━━━━━━━━━━━[0m[37m[0m [1m0s[0m 219ms/step - accuracy: 0.0155 - loss: 0.9422[1m1/1[0m [32m━━━━━━━━━━━━━━━━━━━━[0m[37m[0m [1m0s[0m 249ms/step - accuracy: 0.0155 - loss: 0.9422 - val_accuracy: 0.0899 - val_loss: 0.9482 - val_sens_fpr0.005: 0.3382
Epoch 170/400
[1m1/1[0m [32m━━━━━━━━━━━━━━━━━━━━[0m[37m[0m [1m0s[0m 208ms/step - accuracy: 0.0164 - loss: 0.9422[1m1/1[0m [32m━━━━━━━━━━━━━━━━━━━━[0m[37m[0m [1m0s[0m 238ms/step - accuracy: 0.0164 - loss: 0.9422 - val_accuracy: 0.0899 - val_loss: 0.9482 - val_sens_fpr0.005: 0.3382
Epoch 171/400
[1m1/1[0m [32m━━━━━━━━━━━━━━━━━━━━[0m[37m[0m [1m0s[0m 218ms/step - accuracy: 0.0160 - loss: 0.9420[1m1/1[0m [32m━━━━━━━━━━━━━━━━━━━━[0m[37m[0m [1m0s[0m 248ms/step - accuracy: 0.0160 - loss: 0.9420 - val_accuracy: 0.0899 - val_loss: 0.9481 - val_sens_fpr0.005: 0.3390
Epoch 172/400
[1m1/1[0m [32m━━━━━━━━━━━━━━━━━━━━[0m[37m[0m [1m0s[0m 225ms/step - accuracy: 0.0158 - loss: 0.9420[1m1/1[0m [32m━━━━━━━━━━━━━━━━━━━━[0m[37m[0m [1m0s[0m 254ms/step - accuracy: 0.0158 - loss: 0.9420 - val_accuracy: 0.0899 - val_loss: 0.9481 - val_sens_fpr0.005: 0.3423
Epoch 173/400
[1m1/1[0m [32m━━━━━━━━━━━━━━━━━━━━[0m[37m[0m [1m0s[0m 217ms/step - accuracy: 0.0167 - loss: 0.9420[1m1/1[0m [32m━━━━━━━━━━━━━━━━━━━━[0m[37m[0m [1m0s[0m 246ms/step - accuracy: 0.0167 - loss: 0.9420 - val_accuracy: 0.0905 - val_loss: 0.9481 - val_sens_fpr0.005: 0.3423
Epoch 174/400
[1m1/1[0m [32m━━━━━━━━━━━━━━━━━━━━[0m[37m[0m [1m0s[0m 218ms/step - accuracy: 0.0165 - loss: 0.9420[1m1/1[0m [32m━━━━━━━━━━━━━━━━━━━━[0m[37m[0m [1m0s[0m 248ms/step - accuracy: 0.0165 - loss: 0.9420 - val_accuracy: 0.0905 - val_loss: 0.9480 - val_sens_fpr0.005: 0.3441
Epoch 175/400
[1m1/1[0m [32m━━━━━━━━━━━━━━━━━━━━[0m[37m[0m [1m0s[0m 219ms/step - accuracy: 0.0160 - loss: 0.9418[1m1/1[0m [32m━━━━━━━━━━━━━━━━━━━━[0m[37m[0m [1m0s[0m 250ms/step - accuracy: 0.0160 - loss: 0.9418 - val_accuracy: 0.0905 - val_loss: 0.9480 - val_sens_fpr0.005: 0.3482
Epoch 176/400
[1m1/1[0m [32m━━━━━━━━━━━━━━━━━━━━[0m[37m[0m [1m0s[0m 212ms/step - accuracy: 0.0156 - loss: 0.9418[1m1/1[0m [32m━━━━━━━━━━━━━━━━━━━━[0m[37m[0m [1m0s[0m 241ms/step - accuracy: 0.0156 - loss: 0.9418 - val_accuracy: 0.0905 - val_loss: 0.9479 - val_sens_fpr0.005: 0.3482
Epoch 177/400
[1m1/1[0m [32m━━━━━━━━━━━━━━━━━━━━[0m[37m[0m [1m0s[0m 220ms/step - accuracy: 0.0164 - loss: 0.9418[1m1/1[0m [32m━━━━━━━━━━━━━━━━━━━━[0m[37m[0m [1m0s[0m 250ms/step - accuracy: 0.0164 - loss: 0.9418 - val_accuracy: 0.0905 - val_loss: 0.9479 - val_sens_fpr0.005: 0.3516
Epoch 178/400
[1m1/1[0m [32m━━━━━━━━━━━━━━━━━━━━[0m[37m[0m [1m0s[0m 217ms/step - accuracy: 0.0171 - loss: 0.9417[1m1/1[0m [32m━━━━━━━━━━━━━━━━━━━━[0m[37m[0m [1m0s[0m 246ms/step - accuracy: 0.0171 - loss: 0.9417 - val_accuracy: 0.0905 - val_loss: 0.9479 - val_sens_fpr0.005: 0.3516
Epoch 179/400
[1m1/1[0m [32m━━━━━━━━━━━━━━━━━━━━[0m[37m[0m [1m0s[0m 220ms/step - accuracy: 0.0169 - loss: 0.9416[1m1/1[0m [32m━━━━━━━━━━━━━━━━━━━━[0m[37m[0m [1m0s[0m 250ms/step - accuracy: 0.0169 - loss: 0.9416 - val_accuracy: 0.0905 - val_loss: 0.9478 - val_sens_fpr0.005: 0.3516
Epoch 180/400
[1m1/1[0m [32m━━━━━━━━━━━━━━━━━━━━[0m[37m[0m [1m0s[0m 213ms/step - accuracy: 0.0169 - loss: 0.9416[1m1/1[0m [32m━━━━━━━━━━━━━━━━━━━━[0m[37m[0m [1m0s[0m 242ms/step - accuracy: 0.0169 - loss: 0.9416 - val_accuracy: 0.0905 - val_loss: 0.9478 - val_sens_fpr0.005: 0.3516
Epoch 181/400
[1m1/1[0m [32m━━━━━━━━━━━━━━━━━━━━[0m[37m[0m [1m0s[0m 218ms/step - accuracy: 0.0163 - loss: 0.9415[1m1/1[0m [32m━━━━━━━━━━━━━━━━━━━━[0m[37m[0m [1m0s[0m 247ms/step - accuracy: 0.0163 - loss: 0.9415 - val_accuracy: 0.0905 - val_loss: 0.9478 - val_sens_fpr0.005: 0.3541
Epoch 182/400
[1m1/1[0m [32m━━━━━━━━━━━━━━━━━━━━[0m[37m[0m [1m0s[0m 219ms/step - accuracy: 0.0163 - loss: 0.9415[1m1/1[0m [32m━━━━━━━━━━━━━━━━━━━━[0m[37m[0m [1m0s[0m 247ms/step - accuracy: 0.0163 - loss: 0.9415 - val_accuracy: 0.0905 - val_loss: 0.9478 - val_sens_fpr0.005: 0.3550
Epoch 183/400
[1m1/1[0m [32m━━━━━━━━━━━━━━━━━━━━[0m[37m[0m [1m0s[0m 217ms/step - accuracy: 0.0157 - loss: 0.9414[1m1/1[0m [32m━━━━━━━━━━━━━━━━━━━━[0m[37m[0m [1m0s[0m 246ms/step - accuracy: 0.0157 - loss: 0.9414 - val_accuracy: 0.0905 - val_loss: 0.9477 - val_sens_fpr0.005: 0.3600
Epoch 184/400
[1m1/1[0m [32m━━━━━━━━━━━━━━━━━━━━[0m[37m[0m [1m0s[0m 220ms/step - accuracy: 0.0162 - loss: 0.9415[1m1/1[0m [32m━━━━━━━━━━━━━━━━━━━━[0m[37m[0m [1m0s[0m 249ms/step - accuracy: 0.0162 - loss: 0.9415 - val_accuracy: 0.0905 - val_loss: 0.9477 - val_sens_fpr0.005: 0.3642
Epoch 185/400
[1m1/1[0m [32m━━━━━━━━━━━━━━━━━━━━[0m[37m[0m [1m0s[0m 220ms/step - accuracy: 0.0169 - loss: 0.9413[1m1/1[0m [32m━━━━━━━━━━━━━━━━━━━━[0m[37m[0m [1m0s[0m 250ms/step - accuracy: 0.0169 - loss: 0.9413 - val_accuracy: 0.0905 - val_loss: 0.9477 - val_sens_fpr0.005: 0.3684
Epoch 186/400
[1m1/1[0m [32m━━━━━━━━━━━━━━━━━━━━[0m[37m[0m [1m0s[0m 218ms/step - accuracy: 0.0165 - loss: 0.9412[1m1/1[0m [32m━━━━━━━━━━━━━━━━━━━━[0m[37m[0m [1m0s[0m 247ms/step - accuracy: 0.0165 - loss: 0.9412 - val_accuracy: 0.0905 - val_loss: 0.9476 - val_sens_fpr0.005: 0.3701
Epoch 187/400
[1m1/1[0m [32m━━━━━━━━━━━━━━━━━━━━[0m[37m[0m [1m0s[0m 209ms/step - accuracy: 0.0166 - loss: 0.9412[1m1/1[0m [32m━━━━━━━━━━━━━━━━━━━━[0m[37m[0m [1m0s[0m 238ms/step - accuracy: 0.0166 - loss: 0.9412 - val_accuracy: 0.0905 - val_loss: 0.9476 - val_sens_fpr0.005: 0.3710
Epoch 188/400
[1m1/1[0m [32m━━━━━━━━━━━━━━━━━━━━[0m[37m[0m [1m0s[0m 214ms/step - accuracy: 0.0164 - loss: 0.9411[1m1/1[0m [32m━━━━━━━━━━━━━━━━━━━━[0m[37m[0m [1m0s[0m 244ms/step - accuracy: 0.0164 - loss: 0.9411 - val_accuracy: 0.0905 - val_loss: 0.9476 - val_sens_fpr0.005: 0.3743
Epoch 189/400
[1m1/1[0m [32m━━━━━━━━━━━━━━━━━━━━[0m[37m[0m [1m0s[0m 220ms/step - accuracy: 0.0162 - loss: 0.9411[1m1/1[0m [32m━━━━━━━━━━━━━━━━━━━━[0m[37m[0m [1m0s[0m 249ms/step - accuracy: 0.0162 - loss: 0.9411 - val_accuracy: 0.0905 - val_loss: 0.9475 - val_sens_fpr0.005: 0.3752
Epoch 190/400
[1m1/1[0m [32m━━━━━━━━━━━━━━━━━━━━[0m[37m[0m [1m0s[0m 216ms/step - accuracy: 0.0168 - loss: 0.9411[1m1/1[0m [32m━━━━━━━━━━━━━━━━━━━━[0m[37m[0m [1m0s[0m 245ms/step - accuracy: 0.0168 - loss: 0.9411 - val_accuracy: 0.0905 - val_loss: 0.9475 - val_sens_fpr0.005: 0.3752
Epoch 191/400
[1m1/1[0m [32m━━━━━━━━━━━━━━━━━━━━[0m[37m[0m [1m0s[0m 222ms/step - accuracy: 0.0163 - loss: 0.9411[1m1/1[0m [32m━━━━━━━━━━━━━━━━━━━━[0m[37m[0m [1m0s[0m 252ms/step - accuracy: 0.0163 - loss: 0.9411 - val_accuracy: 0.0905 - val_loss: 0.9475 - val_sens_fpr0.005: 0.3752
Epoch 192/400
[1m1/1[0m [32m━━━━━━━━━━━━━━━━━━━━[0m[37m[0m [1m0s[0m 219ms/step - accuracy: 0.0164 - loss: 0.9410[1m1/1[0m [32m━━━━━━━━━━━━━━━━━━━━[0m[37m[0m [1m0s[0m 249ms/step - accuracy: 0.0164 - loss: 0.9410 - val_accuracy: 0.0905 - val_loss: 0.9475 - val_sens_fpr0.005: 0.3752
Epoch 193/400
[1m1/1[0m [32m━━━━━━━━━━━━━━━━━━━━[0m[37m[0m [1m0s[0m 218ms/step - accuracy: 0.0173 - loss: 0.9409[1m1/1[0m [32m━━━━━━━━━━━━━━━━━━━━[0m[37m[0m [1m0s[0m 247ms/step - accuracy: 0.0173 - loss: 0.9409 - val_accuracy: 0.0905 - val_loss: 0.9474 - val_sens_fpr0.005: 0.3752
Epoch 194/400
[1m1/1[0m [32m━━━━━━━━━━━━━━━━━━━━[0m[37m[0m [1m0s[0m 219ms/step - accuracy: 0.0170 - loss: 0.9408[1m1/1[0m [32m━━━━━━━━━━━━━━━━━━━━[0m[37m[0m [1m0s[0m 248ms/step - accuracy: 0.0170 - loss: 0.9408 - val_accuracy: 0.0905 - val_loss: 0.9474 - val_sens_fpr0.005: 0.3785
Epoch 195/400
[1m1/1[0m [32m━━━━━━━━━━━━━━━━━━━━[0m[37m[0m [1m0s[0m 218ms/step - accuracy: 0.0163 - loss: 0.9408[1m1/1[0m [32m━━━━━━━━━━━━━━━━━━━━[0m[37m[0m [1m0s[0m 247ms/step - accuracy: 0.0163 - loss: 0.9408 - val_accuracy: 0.0905 - val_loss: 0.9474 - val_sens_fpr0.005: 0.3860
Epoch 196/400
[1m1/1[0m [32m━━━━━━━━━━━━━━━━━━━━[0m[37m[0m [1m0s[0m 221ms/step - accuracy: 0.0163 - loss: 0.9408[1m1/1[0m [32m━━━━━━━━━━━━━━━━━━━━[0m[37m[0m [1m0s[0m 250ms/step - accuracy: 0.0163 - loss: 0.9408 - val_accuracy: 0.0905 - val_loss: 0.9474 - val_sens_fpr0.005: 0.3869
Epoch 197/400
[1m1/1[0m [32m━━━━━━━━━━━━━━━━━━━━[0m[37m[0m [1m0s[0m 210ms/step - accuracy: 0.0161 - loss: 0.9408[1m1/1[0m [32m━━━━━━━━━━━━━━━━━━━━[0m[37m[0m [1m0s[0m 239ms/step - accuracy: 0.0161 - loss: 0.9408 - val_accuracy: 0.0905 - val_loss: 0.9473 - val_sens_fpr0.005: 0.3902
Epoch 198/400
[1m1/1[0m [32m━━━━━━━━━━━━━━━━━━━━[0m[37m[0m [1m0s[0m 221ms/step - accuracy: 0.0161 - loss: 0.9407[1m1/1[0m [32m━━━━━━━━━━━━━━━━━━━━[0m[37m[0m [1m0s[0m 250ms/step - accuracy: 0.0161 - loss: 0.9407 - val_accuracy: 0.0905 - val_loss: 0.9473 - val_sens_fpr0.005: 0.4002
Epoch 199/400
[1m1/1[0m [32m━━━━━━━━━━━━━━━━━━━━[0m[37m[0m [1m0s[0m 228ms/step - accuracy: 0.0163 - loss: 0.9407[1m1/1[0m [32m━━━━━━━━━━━━━━━━━━━━[0m[37m[0m [1m0s[0m 257ms/step - accuracy: 0.0163 - loss: 0.9407 - val_accuracy: 0.0905 - val_loss: 0.9473 - val_sens_fpr0.005: 0.4068
Epoch 200/400
[1m1/1[0m [32m━━━━━━━━━━━━━━━━━━━━[0m[37m[0m [1m0s[0m 225ms/step - accuracy: 0.0164 - loss: 0.9406[1m1/1[0m [32m━━━━━━━━━━━━━━━━━━━━[0m[37m[0m [1m0s[0m 254ms/step - accuracy: 0.0164 - loss: 0.9406 - val_accuracy: 0.0905 - val_loss: 0.9473 - val_sens_fpr0.005: 0.4135
Epoch 201/400
[1m1/1[0m [32m━━━━━━━━━━━━━━━━━━━━[0m[37m[0m [1m0s[0m 231ms/step - accuracy: 0.0161 - loss: 0.9406[1m1/1[0m [32m━━━━━━━━━━━━━━━━━━━━[0m[37m[0m [1m0s[0m 260ms/step - accuracy: 0.0161 - loss: 0.9406 - val_accuracy: 0.0905 - val_loss: 0.9473 - val_sens_fpr0.005: 0.4135
Epoch 202/400
[1m1/1[0m [32m━━━━━━━━━━━━━━━━━━━━[0m[37m[0m [1m0s[0m 225ms/step - accuracy: 0.0175 - loss: 0.9406[1m1/1[0m [32m━━━━━━━━━━━━━━━━━━━━[0m[37m[0m [1m0s[0m 255ms/step - accuracy: 0.0175 - loss: 0.9406 - val_accuracy: 0.0905 - val_loss: 0.9473 - val_sens_fpr0.005: 0.4135
Epoch 203/400
[1m1/1[0m [32m━━━━━━━━━━━━━━━━━━━━[0m[37m[0m [1m0s[0m 229ms/step - accuracy: 0.0165 - loss: 0.9405[1m1/1[0m [32m━━━━━━━━━━━━━━━━━━━━[0m[37m[0m [1m0s[0m 259ms/step - accuracy: 0.0165 - loss: 0.9405 - val_accuracy: 0.0905 - val_loss: 0.9472 - val_sens_fpr0.005: 0.4152
Epoch 204/400
[1m1/1[0m [32m━━━━━━━━━━━━━━━━━━━━[0m[37m[0m [1m0s[0m 215ms/step - accuracy: 0.0170 - loss: 0.9405[1m1/1[0m [32m━━━━━━━━━━━━━━━━━━━━[0m[37m[0m [1m0s[0m 244ms/step - accuracy: 0.0170 - loss: 0.9405 - val_accuracy: 0.0905 - val_loss: 0.9472 - val_sens_fpr0.005: 0.4185
Epoch 205/400
[1m1/1[0m [32m━━━━━━━━━━━━━━━━━━━━[0m[37m[0m [1m0s[0m 224ms/step - accuracy: 0.0171 - loss: 0.9404[1m1/1[0m [32m━━━━━━━━━━━━━━━━━━━━[0m[37m[0m [1m0s[0m 254ms/step - accuracy: 0.0171 - loss: 0.9404 - val_accuracy: 0.0905 - val_loss: 0.9472 - val_sens_fpr0.005: 0.4218
Epoch 206/400
[1m1/1[0m [32m━━━━━━━━━━━━━━━━━━━━[0m[37m[0m [1m0s[0m 218ms/step - accuracy: 0.0166 - loss: 0.9403[1m1/1[0m [32m━━━━━━━━━━━━━━━━━━━━[0m[37m[0m [1m0s[0m 247ms/step - accuracy: 0.0166 - loss: 0.9403 - val_accuracy: 0.0905 - val_loss: 0.9472 - val_sens_fpr0.005: 0.4252
Epoch 207/400
[1m1/1[0m [32m━━━━━━━━━━━━━━━━━━━━[0m[37m[0m [1m0s[0m 217ms/step - accuracy: 0.0166 - loss: 0.9404[1m1/1[0m [32m━━━━━━━━━━━━━━━━━━━━[0m[37m[0m [1m0s[0m 246ms/step - accuracy: 0.0166 - loss: 0.9404 - val_accuracy: 0.0905 - val_loss: 0.9472 - val_sens_fpr0.005: 0.4285
Epoch 208/400
[1m1/1[0m [32m━━━━━━━━━━━━━━━━━━━━[0m[37m[0m [1m0s[0m 227ms/step - accuracy: 0.0161 - loss: 0.9403[1m1/1[0m [32m━━━━━━━━━━━━━━━━━━━━[0m[37m[0m [1m0s[0m 257ms/step - accuracy: 0.0161 - loss: 0.9403 - val_accuracy: 0.0905 - val_loss: 0.9472 - val_sens_fpr0.005: 0.4285
Epoch 209/400
[1m1/1[0m [32m━━━━━━━━━━━━━━━━━━━━[0m[37m[0m [1m0s[0m 223ms/step - accuracy: 0.0174 - loss: 0.9403[1m1/1[0m [32m━━━━━━━━━━━━━━━━━━━━[0m[37m[0m [1m0s[0m 253ms/step - accuracy: 0.0174 - loss: 0.9403 - val_accuracy: 0.0905 - val_loss: 0.9471 - val_sens_fpr0.005: 0.4285
Epoch 210/400
[1m1/1[0m [32m━━━━━━━━━━━━━━━━━━━━[0m[37m[0m [1m0s[0m 219ms/step - accuracy: 0.0169 - loss: 0.9402[1m1/1[0m [32m━━━━━━━━━━━━━━━━━━━━[0m[37m[0m [1m0s[0m 249ms/step - accuracy: 0.0169 - loss: 0.9402 - val_accuracy: 0.0905 - val_loss: 0.9471 - val_sens_fpr0.005: 0.4285
Epoch 211/400
[1m1/1[0m [32m━━━━━━━━━━━━━━━━━━━━[0m[37m[0m [1m0s[0m 214ms/step - accuracy: 0.0168 - loss: 0.9402[1m1/1[0m [32m━━━━━━━━━━━━━━━━━━━━[0m[37m[0m [1m0s[0m 242ms/step - accuracy: 0.0168 - loss: 0.9402 - val_accuracy: 0.0905 - val_loss: 0.9471 - val_sens_fpr0.005: 0.4327
Epoch 212/400
[1m1/1[0m [32m━━━━━━━━━━━━━━━━━━━━[0m[37m[0m [1m0s[0m 218ms/step - accuracy: 0.0173 - loss: 0.9401[1m1/1[0m [32m━━━━━━━━━━━━━━━━━━━━[0m[37m[0m [1m0s[0m 247ms/step - accuracy: 0.0173 - loss: 0.9401 - val_accuracy: 0.0905 - val_loss: 0.9471 - val_sens_fpr0.005: 0.4327
Epoch 213/400
[1m1/1[0m [32m━━━━━━━━━━━━━━━━━━━━[0m[37m[0m [1m0s[0m 222ms/step - accuracy: 0.0173 - loss: 0.9401[1m1/1[0m [32m━━━━━━━━━━━━━━━━━━━━[0m[37m[0m [1m0s[0m 252ms/step - accuracy: 0.0173 - loss: 0.9401 - val_accuracy: 0.0905 - val_loss: 0.9471 - val_sens_fpr0.005: 0.4335
Epoch 214/400
[1m1/1[0m [32m━━━━━━━━━━━━━━━━━━━━[0m[37m[0m [1m0s[0m 223ms/step - accuracy: 0.0170 - loss: 0.9401[1m1/1[0m [32m━━━━━━━━━━━━━━━━━━━━[0m[37m[0m [1m0s[0m 253ms/step - accuracy: 0.0170 - loss: 0.9401 - val_accuracy: 0.0905 - val_loss: 0.9471 - val_sens_fpr0.005: 0.4335
Epoch 215/400
[1m1/1[0m [32m━━━━━━━━━━━━━━━━━━━━[0m[37m[0m [1m0s[0m 217ms/step - accuracy: 0.0165 - loss: 0.9399[1m1/1[0m [32m━━━━━━━━━━━━━━━━━━━━[0m[37m[0m [1m0s[0m 247ms/step - accuracy: 0.0165 - loss: 0.9399 - val_accuracy: 0.0905 - val_loss: 0.9470 - val_sens_fpr0.005: 0.4369
Epoch 216/400
[1m1/1[0m [32m━━━━━━━━━━━━━━━━━━━━[0m[37m[0m [1m0s[0m 214ms/step - accuracy: 0.0169 - loss: 0.9400[1m1/1[0m [32m━━━━━━━━━━━━━━━━━━━━[0m[37m[0m [1m0s[0m 243ms/step - accuracy: 0.0169 - loss: 0.9400 - val_accuracy: 0.0905 - val_loss: 0.9470 - val_sens_fpr0.005: 0.4410
Epoch 217/400
[1m1/1[0m [32m━━━━━━━━━━━━━━━━━━━━[0m[37m[0m [1m0s[0m 222ms/step - accuracy: 0.0163 - loss: 0.9399[1m1/1[0m [32m━━━━━━━━━━━━━━━━━━━━[0m[37m[0m [1m0s[0m 252ms/step - accuracy: 0.0163 - loss: 0.9399 - val_accuracy: 0.0905 - val_loss: 0.9470 - val_sens_fpr0.005: 0.4444
Epoch 218/400
[1m1/1[0m [32m━━━━━━━━━━━━━━━━━━━━[0m[37m[0m [1m0s[0m 225ms/step - accuracy: 0.0167 - loss: 0.9399[1m1/1[0m [32m━━━━━━━━━━━━━━━━━━━━[0m[37m[0m [1m0s[0m 254ms/step - accuracy: 0.0167 - loss: 0.9399 - val_accuracy: 0.0905 - val_loss: 0.9470 - val_sens_fpr0.005: 0.4486
Epoch 219/400
[1m1/1[0m [32m━━━━━━━━━━━━━━━━━━━━[0m[37m[0m [1m0s[0m 220ms/step - accuracy: 0.0164 - loss: 0.9399[1m1/1[0m [32m━━━━━━━━━━━━━━━━━━━━[0m[37m[0m [1m0s[0m 249ms/step - accuracy: 0.0164 - loss: 0.9399 - val_accuracy: 0.0905 - val_loss: 0.9470 - val_sens_fpr0.005: 0.4519
Epoch 220/400
[1m1/1[0m [32m━━━━━━━━━━━━━━━━━━━━[0m[37m[0m [1m0s[0m 219ms/step - accuracy: 0.0175 - loss: 0.9399[1m1/1[0m [32m━━━━━━━━━━━━━━━━━━━━[0m[37m[0m [1m0s[0m 248ms/step - accuracy: 0.0175 - loss: 0.9399 - val_accuracy: 0.0905 - val_loss: 0.9469 - val_sens_fpr0.005: 0.4569
[2/5] Lily - Fit+Fast/2023_R3_Marysville/53: 220 epochs (best 220), val_loss 0.9469, 19719/1480 frames train/val, sens@fpr0.5%=0.457
[perch_probe_foldLily Adam - One Hive/recorders/willard/2024-08-07/1_11] training on 43 fold(s), 19803 frames; early stopping on Lily Adam - One Hive/recorders/willard/2024-08-07/1_11 (1396 frames)...
Epoch 1/400
[1m1/1[0m [32m━━━━━━━━━━━━━━━━━━━━[0m[37m[0m [1m0s[0m 854ms/step - accuracy: 0.0454 - loss: 0.9493[1m1/1[0m [32m━━━━━━━━━━━━━━━━━━━━[0m[37m[0m [1m1s[0m 1s/step - accuracy: 0.0454 - loss: 0.9493 - val_accuracy: 0.0021 - val_loss: 0.8929 - val_sens_fpr0.005: 0.0000e+00
Epoch 2/400
[1m1/1[0m [32m━━━━━━━━━━━━━━━━━━━━[0m[37m[0m [1m0s[0m 225ms/step - accuracy: 0.0191 - loss: 0.9119[1m1/1[0m [32m━━━━━━━━━━━━━━━━━━━━[0m[37m[0m [1m0s[0m 254ms/step - accuracy: 0.0191 - loss: 0.9119 - val_accuracy: 0.0000e+00 - val_loss: 0.8654 - val_sens_fpr0.005: 0.0000e+00
Epoch 3/400
[1m1/1[0m [32m━━━━━━━━━━━━━━━━━━━━[0m[37m[0m [1m0s[0m 219ms/step - accuracy: 0.0078 - loss: 0.8801[1m1/1[0m [32m━━━━━━━━━━━━━━━━━━━━[0m[37m[0m [1m0s[0m 247ms/step - accuracy: 0.0078 - loss: 0.8801 - val_accuracy: 0.0000e+00 - val_loss: 0.8420 - val_sens_fpr0.005: 0.0058
Epoch 4/400
[1m1/1[0m [32m━━━━━━━━━━━━━━━━━━━━[0m[37m[0m [1m0s[0m 226ms/step - accuracy: 0.0035 - loss: 0.8538[1m1/1[0m [32m━━━━━━━━━━━━━━━━━━━━[0m[37m[0m [1m0s[0m 256ms/step - accuracy: 0.0035 - loss: 0.8538 - val_accuracy: 0.0000e+00 - val_loss: 0.8223 - val_sens_fpr0.005: 0.0058
Epoch 5/400
[1m1/1[0m [32m━━━━━━━━━━━━━━━━━━━━[0m[37m[0m [1m0s[0m 219ms/step - accuracy: 0.0027 - loss: 0.8325[1m1/1[0m [32m━━━━━━━━━━━━━━━━━━━━[0m[37m[0m [1m0s[0m 249ms/step - accuracy: 0.0027 - loss: 0.8325 - val_accuracy: 0.0000e+00 - val_loss: 0.8063 - val_sens_fpr0.005: 0.0058
Epoch 6/400
[1m1/1[0m [32m━━━━━━━━━━━━━━━━━━━━[0m[37m[0m [1m0s[0m 226ms/step - accuracy: 0.0019 - loss: 0.8156[1m1/1[0m [32m━━━━━━━━━━━━━━━━━━━━[0m[37m[0m [1m0s[0m 255ms/step - accuracy: 0.0019 - loss: 0.8156 - val_accuracy: 0.0000e+00 - val_loss: 0.7933 - val_sens_fpr0.005: 0.0058
Epoch 7/400
[1m1/1[0m [32m━━━━━━━━━━━━━━━━━━━━[0m[37m[0m [1m0s[0m 222ms/step - accuracy: 0.0018 - loss: 0.8023[1m1/1[0m [32m━━━━━━━━━━━━━━━━━━━━[0m[37m[0m [1m0s[0m 251ms/step - accuracy: 0.0018 - loss: 0.8023 - val_accuracy: 0.0000e+00 - val_loss: 0.7832 - val_sens_fpr0.005: 0.0058
Epoch 8/400
[1m1/1[0m [32m━━━━━━━━━━━━━━━━━━━━[0m[37m[0m [1m0s[0m 222ms/step - accuracy: 0.0014 - loss: 0.7920[1m1/1[0m [32m━━━━━━━━━━━━━━━━━━━━[0m[37m[0m [1m0s[0m 250ms/step - accuracy: 0.0014 - loss: 0.7920 - val_accuracy: 0.0000e+00 - val_loss: 0.7752 - val_sens_fpr0.005: 0.0058
Epoch 9/400
[1m1/1[0m [32m━━━━━━━━━━━━━━━━━━━━[0m[37m[0m [1m0s[0m 219ms/step - accuracy: 0.0012 - loss: 0.7841[1m1/1[0m [32m━━━━━━━━━━━━━━━━━━━━[0m[37m[0m [1m0s[0m 248ms/step - accuracy: 0.0012 - loss: 0.7841 - val_accuracy: 0.0000e+00 - val_loss: 0.7691 - val_sens_fpr0.005: 0.0116
Epoch 10/400
[1m1/1[0m [32m━━━━━━━━━━━━━━━━━━━━[0m[37m[0m [1m0s[0m 219ms/step - accuracy: 0.0013 - loss: 0.7779[1m1/1[0m [32m━━━━━━━━━━━━━━━━━━━━[0m[37m[0m [1m0s[0m 248ms/step - accuracy: 0.0013 - loss: 0.7779 - val_accuracy: 0.0000e+00 - val_loss: 0.7645 - val_sens_fpr0.005: 0.0116
Epoch 11/400
[1m1/1[0m [32m━━━━━━━━━━━━━━━━━━━━[0m[37m[0m [1m0s[0m 229ms/step - accuracy: 0.0013 - loss: 0.7729[1m1/1[0m [32m━━━━━━━━━━━━━━━━━━━━[0m[37m[0m [1m0s[0m 258ms/step - accuracy: 0.0013 - loss: 0.7729 - val_accuracy: 0.0000e+00 - val_loss: 0.7610 - val_sens_fpr0.005: 0.0116
Epoch 12/400
[1m1/1[0m [32m━━━━━━━━━━━━━━━━━━━━[0m[37m[0m [1m0s[0m 216ms/step - accuracy: 0.0018 - loss: 0.7690[1m1/1[0m [32m━━━━━━━━━━━━━━━━━━━━[0m[37m[0m [1m0s[0m 246ms/step - accuracy: 0.0018 - loss: 0.7690 - val_accuracy: 0.0000e+00 - val_loss: 0.7583 - val_sens_fpr0.005: 0.0116
Epoch 13/400
[1m1/1[0m [32m━━━━━━━━━━━━━━━━━━━━[0m[37m[0m [1m0s[0m 218ms/step - accuracy: 0.0020 - loss: 0.7656[1m1/1[0m [32m━━━━━━━━━━━━━━━━━━━━[0m[37m[0m [1m0s[0m 247ms/step - accuracy: 0.0020 - loss: 0.7656 - val_accuracy: 0.0000e+00 - val_loss: 0.7563 - val_sens_fpr0.005: 0.0116
Epoch 14/400
[1m1/1[0m [32m━━━━━━━━━━━━━━━━━━━━[0m[37m[0m [1m0s[0m 216ms/step - accuracy: 0.0027 - loss: 0.7628[1m1/1[0m [32m━━━━━━━━━━━━━━━━━━━━[0m[37m[0m [1m0s[0m 245ms/step - accuracy: 0.0027 - loss: 0.7628 - val_accuracy: 0.0000e+00 - val_loss: 0.7546 - val_sens_fpr0.005: 0.0123
Epoch 15/400
[1m1/1[0m [32m━━━━━━━━━━━━━━━━━━━━[0m[37m[0m [1m0s[0m 217ms/step - accuracy: 0.0043 - loss: 0.7603[1m1/1[0m [32m━━━━━━━━━━━━━━━━━━━━[0m[37m[0m [1m0s[0m 246ms/step - accuracy: 0.0043 - loss: 0.7603 - val_accuracy: 0.0000e+00 - val_loss: 0.7533 - val_sens_fpr0.005: 0.0174
Epoch 16/400
[1m1/1[0m [32m━━━━━━━━━━━━━━━━━━━━[0m[37m[0m [1m0s[0m 218ms/step - accuracy: 0.0056 - loss: 0.7580[1m1/1[0m [32m━━━━━━━━━━━━━━━━━━━━[0m[37m[0m [1m0s[0m 247ms/step - accuracy: 0.0056 - loss: 0.7580 - val_accuracy: 0.0000e+00 - val_loss: 0.7521 - val_sens_fpr0.005: 0.0123
Epoch 17/400
[1m1/1[0m [32m━━━━━━━━━━━━━━━━━━━━[0m[37m[0m [1m0s[0m 218ms/step - accuracy: 0.0073 - loss: 0.7558[1m1/1[0m [32m━━━━━━━━━━━━━━━━━━━━[0m[37m[0m [1m0s[0m 247ms/step - accuracy: 0.0073 - loss: 0.7558 - val_accuracy: 0.0000e+00 - val_loss: 0.7510 - val_sens_fpr0.005: 0.0123
Epoch 18/400
[1m1/1[0m [32m━━━━━━━━━━━━━━━━━━━━[0m[37m[0m [1m0s[0m 232ms/step - accuracy: 0.0094 - loss: 0.7538[1m1/1[0m [32m━━━━━━━━━━━━━━━━━━━━[0m[37m[0m [1m0s[0m 261ms/step - accuracy: 0.0094 - loss: 0.7538 - val_accuracy: 0.0000e+00 - val_loss: 0.7501 - val_sens_fpr0.005: 0.0123
Epoch 19/400
[1m1/1[0m [32m━━━━━━━━━━━━━━━━━━━━[0m[37m[0m [1m0s[0m 216ms/step - accuracy: 0.0115 - loss: 0.7519[1m1/1[0m [32m━━━━━━━━━━━━━━━━━━━━[0m[37m[0m [1m0s[0m 244ms/step - accuracy: 0.0115 - loss: 0.7519 - val_accuracy: 0.0000e+00 - val_loss: 0.7491 - val_sens_fpr0.005: 0.0123
Epoch 20/400
[1m1/1[0m [32m━━━━━━━━━━━━━━━━━━━━[0m[37m[0m [1m0s[0m 216ms/step - accuracy: 0.0132 - loss: 0.7501[1m1/1[0m [32m━━━━━━━━━━━━━━━━━━━━[0m[37m[0m [1m0s[0m 246ms/step - accuracy: 0.0132 - loss: 0.7501 - val_accuracy: 0.0000e+00 - val_loss: 0.7483 - val_sens_fpr0.005: 0.0123
Epoch 21/400
[1m1/1[0m [32m━━━━━━━━━━━━━━━━━━━━[0m[37m[0m [1m0s[0m 213ms/step - accuracy: 0.0157 - loss: 0.7486[1m1/1[0m [32m━━━━━━━━━━━━━━━━━━━━[0m[37m[0m [1m0s[0m 242ms/step - accuracy: 0.0157 - loss: 0.7486 - val_accuracy: 0.0000e+00 - val_loss: 0.7474 - val_sens_fpr0.005: 0.0174
Epoch 22/400
[1m1/1[0m [32m━━━━━━━━━━━━━━━━━━━━[0m[37m[0m [1m0s[0m 225ms/step - accuracy: 0.0176 - loss: 0.7471[1m1/1[0m [32m━━━━━━━━━━━━━━━━━━━━[0m[37m[0m [1m0s[0m 254ms/step - accuracy: 0.0176 - loss: 0.7471 - val_accuracy: 0.0000e+00 - val_loss: 0.7467 - val_sens_fpr0.005: 0.0233
Epoch 23/400
[1m1/1[0m [32m━━━━━━━━━━━━━━━━━━━━[0m[37m[0m [1m0s[0m 219ms/step - accuracy: 0.0201 - loss: 0.7456[1m1/1[0m [32m━━━━━━━━━━━━━━━━━━━━[0m[37m[0m [1m0s[0m 248ms/step - accuracy: 0.0201 - loss: 0.7456 - val_accuracy: 0.0000e+00 - val_loss: 0.7459 - val_sens_fpr0.005: 0.0291
Epoch 24/400
[1m1/1[0m [32m━━━━━━━━━━━━━━━━━━━━[0m[37m[0m [1m0s[0m 221ms/step - accuracy: 0.0227 - loss: 0.7443[1m1/1[0m [32m━━━━━━━━━━━━━━━━━━━━[0m[37m[0m [1m0s[0m 250ms/step - accuracy: 0.0227 - loss: 0.7443 - val_accuracy: 0.0000e+00 - val_loss: 0.7452 - val_sens_fpr0.005: 0.0291
Epoch 25/400
[1m1/1[0m [32m━━━━━━━━━━━━━━━━━━━━[0m[37m[0m [1m0s[0m 223ms/step - accuracy: 0.0251 - loss: 0.7432[1m1/1[0m [32m━━━━━━━━━━━━━━━━━━━━[0m[37m[0m [1m0s[0m 252ms/step - accuracy: 0.0251 - loss: 0.7432 - val_accuracy: 0.0000e+00 - val_loss: 0.7446 - val_sens_fpr0.005: 0.0291
Epoch 26/400
[1m1/1[0m [32m━━━━━━━━━━━━━━━━━━━━[0m[37m[0m [1m0s[0m 219ms/step - accuracy: 0.0279 - loss: 0.7422[1m1/1[0m [32m━━━━━━━━━━━━━━━━━━━━[0m[37m[0m [1m0s[0m 248ms/step - accuracy: 0.0279 - loss: 0.7422 - val_accuracy: 0.0000e+00 - val_loss: 0.7440 - val_sens_fpr0.005: 0.0291
Epoch 27/400
[1m1/1[0m [32m━━━━━━━━━━━━━━━━━━━━[0m[37m[0m [1m0s[0m 249ms/step - accuracy: 0.0292 - loss: 0.7412[1m1/1[0m [32m━━━━━━━━━━━━━━━━━━━━[0m[37m[0m [1m0s[0m 279ms/step - accuracy: 0.0292 - loss: 0.7412 - val_accuracy: 0.0000e+00 - val_loss: 0.7435 - val_sens_fpr0.005: 0.0291
Epoch 28/400
[1m1/1[0m [32m━━━━━━━━━━━━━━━━━━━━[0m[37m[0m [1m0s[0m 223ms/step - accuracy: 0.0315 - loss: 0.7404[1m1/1[0m [32m━━━━━━━━━━━━━━━━━━━━[0m[37m[0m [1m0s[0m 252ms/step - accuracy: 0.0315 - loss: 0.7404 - val_accuracy: 0.0000e+00 - val_loss: 0.7431 - val_sens_fpr0.005: 0.0291
Epoch 29/400
[1m1/1[0m [32m━━━━━━━━━━━━━━━━━━━━[0m[37m[0m [1m0s[0m 215ms/step - accuracy: 0.0333 - loss: 0.7396[1m1/1[0m [32m━━━━━━━━━━━━━━━━━━━━[0m[37m[0m [1m0s[0m 245ms/step - accuracy: 0.0333 - loss: 0.7396 - val_accuracy: 0.0000e+00 - val_loss: 0.7427 - val_sens_fpr0.005: 0.0291
Epoch 30/400
[1m1/1[0m [32m━━━━━━━━━━━━━━━━━━━━[0m[37m[0m [1m0s[0m 222ms/step - accuracy: 0.0352 - loss: 0.7388[1m1/1[0m [32m━━━━━━━━━━━━━━━━━━━━[0m[37m[0m [1m0s[0m 250ms/step - accuracy: 0.0352 - loss: 0.7388 - val_accuracy: 0.0000e+00 - val_loss: 0.7424 - val_sens_fpr0.005: 0.0465
Epoch 31/400
[1m1/1[0m [32m━━━━━━━━━━━━━━━━━━━━[0m[37m[0m [1m0s[0m 229ms/step - accuracy: 0.0362 - loss: 0.7381[1m1/1[0m [32m━━━━━━━━━━━━━━━━━━━━[0m[37m[0m [1m0s[0m 260ms/step - accuracy: 0.0362 - loss: 0.7381 - val_accuracy: 0.0000e+00 - val_loss: 0.7422 - val_sens_fpr0.005: 0.0465
Epoch 32/400
[1m1/1[0m [32m━━━━━━━━━━━━━━━━━━━━[0m[37m[0m [1m0s[0m 224ms/step - accuracy: 0.0392 - loss: 0.7374[1m1/1[0m [32m━━━━━━━━━━━━━━━━━━━━[0m[37m[0m [1m0s[0m 253ms/step - accuracy: 0.0392 - loss: 0.7374 - val_accuracy: 0.0000e+00 - val_loss: 0.7420 - val_sens_fpr0.005: 0.0523
Epoch 33/400
[1m1/1[0m [32m━━━━━━━━━━━━━━━━━━━━[0m[37m[0m [1m0s[0m 218ms/step - accuracy: 0.0418 - loss: 0.7368[1m1/1[0m [32m━━━━━━━━━━━━━━━━━━━━[0m[37m[0m [1m0s[0m 246ms/step - accuracy: 0.0418 - loss: 0.7368 - val_accuracy: 0.0000e+00 - val_loss: 0.7419 - val_sens_fpr0.005: 0.0530
Epoch 34/400
[1m1/1[0m [32m━━━━━━━━━━━━━━━━━━━━[0m[37m[0m [1m0s[0m 224ms/step - accuracy: 0.0442 - loss: 0.7360[1m1/1[0m [32m━━━━━━━━━━━━━━━━━━━━[0m[37m[0m [1m0s[0m 253ms/step - accuracy: 0.0442 - loss: 0.7360 - val_accuracy: 0.0000e+00 - val_loss: 0.7418 - val_sens_fpr0.005: 0.0698
Epoch 35/400
[1m1/1[0m [32m━━━━━━━━━━━━━━━━━━━━[0m[37m[0m [1m0s[0m 220ms/step - accuracy: 0.0479 - loss: 0.7355[1m1/1[0m [32m━━━━━━━━━━━━━━━━━━━━[0m[37m[0m [1m0s[0m 248ms/step - accuracy: 0.0479 - loss: 0.7355 - val_accuracy: 0.0000e+00 - val_loss: 0.7417 - val_sens_fpr0.005: 0.0756
Epoch 36/400
[1m1/1[0m [32m━━━━━━━━━━━━━━━━━━━━[0m[37m[0m [1m0s[0m 222ms/step - accuracy: 0.0517 - loss: 0.7348[1m1/1[0m [32m━━━━━━━━━━━━━━━━━━━━[0m[37m[0m [1m0s[0m 253ms/step - accuracy: 0.0517 - loss: 0.7348 - val_accuracy: 0.0000e+00 - val_loss: 0.7417 - val_sens_fpr0.005: 0.0756
Epoch 37/400
[1m1/1[0m [32m━━━━━━━━━━━━━━━━━━━━[0m[37m[0m [1m0s[0m 226ms/step - accuracy: 0.0556 - loss: 0.7342[1m1/1[0m [32m━━━━━━━━━━━━━━━━━━━━[0m[37m[0m [1m0s[0m 254ms/step - accuracy: 0.0556 - loss: 0.7342 - val_accuracy: 0.0000e+00 - val_loss: 0.7417 - val_sens_fpr0.005: 0.0756
Epoch 38/400
[1m1/1[0m [32m━━━━━━━━━━━━━━━━━━━━[0m[37m[0m [1m0s[0m 227ms/step - accuracy: 0.0588 - loss: 0.7336[1m1/1[0m [32m━━━━━━━━━━━━━━━━━━━━[0m[37m[0m [1m0s[0m 256ms/step - accuracy: 0.0588 - loss: 0.7336 - val_accuracy: 0.0000e+00 - val_loss: 0.7417 - val_sens_fpr0.005: 0.0814
Epoch 39/400
[1m1/1[0m [32m━━━━━━━━━━━━━━━━━━━━[0m[37m[0m [1m0s[0m 216ms/step - accuracy: 0.0616 - loss: 0.7329[1m1/1[0m [32m━━━━━━━━━━━━━━━━━━━━[0m[37m[0m [1m0s[0m 245ms/step - accuracy: 0.0616 - loss: 0.7329 - val_accuracy: 0.0000e+00 - val_loss: 0.7417 - val_sens_fpr0.005: 0.0930
Epoch 40/400
[1m1/1[0m [32m━━━━━━━━━━━━━━━━━━━━[0m[37m[0m [1m0s[0m 223ms/step - accuracy: 0.0658 - loss: 0.7324[1m1/1[0m [32m━━━━━━━━━━━━━━━━━━━━[0m[37m[0m [1m0s[0m 251ms/step - accuracy: 0.0658 - loss: 0.7324 - val_accuracy: 0.0000e+00 - val_loss: 0.7418 - val_sens_fpr0.005: 0.1002
Epoch 41/400
[1m1/1[0m [32m━━━━━━━━━━━━━━━━━━━━[0m[37m[0m [1m0s[0m 216ms/step - accuracy: 0.0694 - loss: 0.7319[1m1/1[0m [32m━━━━━━━━━━━━━━━━━━━━[0m[37m[0m [1m0s[0m 245ms/step - accuracy: 0.0694 - loss: 0.7319 - val_accuracy: 0.0000e+00 - val_loss: 0.7419 - val_sens_fpr0.005: 0.1060
Epoch 42/400
[1m1/1[0m [32m━━━━━━━━━━━━━━━━━━━━[0m[37m[0m [1m0s[0m 217ms/step - accuracy: 0.0707 - loss: 0.7313[1m1/1[0m [32m━━━━━━━━━━━━━━━━━━━━[0m[37m[0m [1m0s[0m 245ms/step - accuracy: 0.0707 - loss: 0.7313 - val_accuracy: 0.0000e+00 - val_loss: 0.7420 - val_sens_fpr0.005: 0.1184
Epoch 43/400
[1m1/1[0m [32m━━━━━━━━━━━━━━━━━━━━[0m[37m[0m [1m0s[0m 219ms/step - accuracy: 0.0721 - loss: 0.7308[1m1/1[0m [32m━━━━━━━━━━━━━━━━━━━━[0m[37m[0m [1m0s[0m 247ms/step - accuracy: 0.0721 - loss: 0.7308 - val_accuracy: 0.0000e+00 - val_loss: 0.7421 - val_sens_fpr0.005: 0.1286
Epoch 44/400
[1m1/1[0m [32m━━━━━━━━━━━━━━━━━━━━[0m[37m[0m [1m0s[0m 223ms/step - accuracy: 0.0747 - loss: 0.7305[1m1/1[0m [32m━━━━━━━━━━━━━━━━━━━━[0m[37m[0m [1m0s[0m 251ms/step - accuracy: 0.0747 - loss: 0.7305 - val_accuracy: 0.0000e+00 - val_loss: 0.7422 - val_sens_fpr0.005: 0.1300
Epoch 45/400
[1m1/1[0m [32m━━━━━━━━━━━━━━━━━━━━[0m[37m[0m [1m0s[0m 218ms/step - accuracy: 0.0751 - loss: 0.7300[1m1/1[0m [32m━━━━━━━━━━━━━━━━━━━━[0m[37m[0m [1m0s[0m 247ms/step - accuracy: 0.0751 - loss: 0.7300 - val_accuracy: 0.0000e+00 - val_loss: 0.7424 - val_sens_fpr0.005: 0.1358
Epoch 46/400
[1m1/1[0m [32m━━━━━━━━━━━━━━━━━━━━[0m[37m[0m [1m0s[0m 216ms/step - accuracy: 0.0776 - loss: 0.7296[1m1/1[0m [32m━━━━━━━━━━━━━━━━━━━━[0m[37m[0m [1m0s[0m 245ms/step - accuracy: 0.0776 - loss: 0.7296 - val_accuracy: 0.0000e+00 - val_loss: 0.7424 - val_sens_fpr0.005: 0.1467
Epoch 47/400
[1m1/1[0m [32m━━━━━━━━━━━━━━━━━━━━[0m[37m[0m [1m0s[0m 215ms/step - accuracy: 0.0789 - loss: 0.7292[1m1/1[0m [32m━━━━━━━━━━━━━━━━━━━━[0m[37m[0m [1m0s[0m 243ms/step - accuracy: 0.0789 - loss: 0.7292 - val_accuracy: 0.0000e+00 - val_loss: 0.7425 - val_sens_fpr0.005: 0.1519
Epoch 48/400
[1m1/1[0m [32m━━━━━━━━━━━━━━━━━━━━[0m[37m[0m [1m0s[0m 217ms/step - accuracy: 0.0797 - loss: 0.7288[1m1/1[0m [32m━━━━━━━━━━━━━━━━━━━━[0m[37m[0m [1m0s[0m 245ms/step - accuracy: 0.0797 - loss: 0.7288 - val_accuracy: 7.1633e-04 - val_loss: 0.7425 - val_sens_fpr0.005: 0.1693
Epoch 49/400
[1m1/1[0m [32m━━━━━━━━━━━━━━━━━━━━[0m[37m[0m [1m0s[0m 225ms/step - accuracy: 0.0806 - loss: 0.7285[1m1/1[0m [32m━━━━━━━━━━━━━━━━━━━━[0m[37m[0m [1m0s[0m 253ms/step - accuracy: 0.0806 - loss: 0.7285 - val_accuracy: 7.1633e-04 - val_loss: 0.7426 - val_sens_fpr0.005: 0.1744
Epoch 50/400
[1m1/1[0m [32m━━━━━━━━━━━━━━━━━━━━[0m[37m[0m [1m0s[0m 230ms/step - accuracy: 0.0813 - loss: 0.7280[1m1/1[0m [32m━━━━━━━━━━━━━━━━━━━━[0m[37m[0m [1m0s[0m 259ms/step - accuracy: 0.0813 - loss: 0.7280 - val_accuracy: 7.1633e-04 - val_loss: 0.7426 - val_sens_fpr0.005: 0.1823
Epoch 51/400
[1m1/1[0m [32m━━━━━━━━━━━━━━━━━━━━[0m[37m[0m [1m0s[0m 219ms/step - accuracy: 0.0827 - loss: 0.7277[1m1/1[0m [32m━━━━━━━━━━━━━━━━━━━━[0m[37m[0m [1m0s[0m 248ms/step - accuracy: 0.0827 - loss: 0.7277 - val_accuracy: 0.0014 - val_loss: 0.7425 - val_sens_fpr0.005: 0.1984
Epoch 52/400
[1m1/1[0m [32m━━━━━━━━━━━━━━━━━━━━[0m[37m[0m [1m0s[0m 217ms/step - accuracy: 0.0836 - loss: 0.7273[1m1/1[0m [32m━━━━━━━━━━━━━━━━━━━━[0m[37m[0m [1m0s[0m 245ms/step - accuracy: 0.0836 - loss: 0.7273 - val_accuracy: 0.0014 - val_loss: 0.7425 - val_sens_fpr0.005: 0.2100
Epoch 53/400
[1m1/1[0m [32m━━━━━━━━━━━━━━━━━━━━[0m[37m[0m [1m0s[0m 215ms/step - accuracy: 0.0846 - loss: 0.7270[1m1/1[0m [32m━━━━━━━━━━━━━━━━━━━━[0m[37m[0m [1m0s[0m 243ms/step - accuracy: 0.0846 - loss: 0.7270 - val_accuracy: 0.0014 - val_loss: 0.7424 - val_sens_fpr0.005: 0.2172
Epoch 54/400
[1m1/1[0m [32m━━━━━━━━━━━━━━━━━━━━[0m[37m[0m [1m0s[0m 219ms/step - accuracy: 0.0860 - loss: 0.7266[1m1/1[0m [32m━━━━━━━━━━━━━━━━━━━━[0m[37m[0m [1m0s[0m 248ms/step - accuracy: 0.0860 - loss: 0.7266 - val_accuracy: 0.0014 - val_loss: 0.7423 - val_sens_fpr0.005: 0.2179
Epoch 55/400
[1m1/1[0m [32m━━━━━━━━━━━━━━━━━━━━[0m[37m[0m [1m0s[0m 218ms/step - accuracy: 0.0868 - loss: 0.7263[1m1/1[0m [32m━━━━━━━━━━━━━━━━━━━━[0m[37m[0m [1m0s[0m 247ms/step - accuracy: 0.0868 - loss: 0.7263 - val_accuracy: 0.0014 - val_loss: 0.7422 - val_sens_fpr0.005: 0.2384
Epoch 56/400
[1m1/1[0m [32m━━━━━━━━━━━━━━━━━━━━[0m[37m[0m [1m0s[0m 223ms/step - accuracy: 0.0874 - loss: 0.7261[1m1/1[0m [32m━━━━━━━━━━━━━━━━━━━━[0m[37m[0m [1m0s[0m 252ms/step - accuracy: 0.0874 - loss: 0.7261 - val_accuracy: 0.0014 - val_loss: 0.7421 - val_sens_fpr0.005: 0.2384
Epoch 57/400
[1m1/1[0m [32m━━━━━━━━━━━━━━━━━━━━[0m[37m[0m [1m0s[0m 211ms/step - accuracy: 0.0895 - loss: 0.7258[1m1/1[0m [32m━━━━━━━━━━━━━━━━━━━━[0m[37m[0m [1m0s[0m 239ms/step - accuracy: 0.0895 - loss: 0.7258 - val_accuracy: 0.0014 - val_loss: 0.7420 - val_sens_fpr0.005: 0.2384
Epoch 58/400
[1m1/1[0m [32m━━━━━━━━━━━━━━━━━━━━[0m[37m[0m [1m0s[0m 218ms/step - accuracy: 0.0895 - loss: 0.7255[1m1/1[0m [32m━━━━━━━━━━━━━━━━━━━━[0m[37m[0m [1m0s[0m 246ms/step - accuracy: 0.0895 - loss: 0.7255 - val_accuracy: 0.0014 - val_loss: 0.7418 - val_sens_fpr0.005: 0.2384
Epoch 59/400
[1m1/1[0m [32m━━━━━━━━━━━━━━━━━━━━[0m[37m[0m [1m0s[0m 216ms/step - accuracy: 0.0909 - loss: 0.7253[1m1/1[0m [32m━━━━━━━━━━━━━━━━━━━━[0m[37m[0m [1m0s[0m 244ms/step - accuracy: 0.0909 - loss: 0.7253 - val_accuracy: 0.0014 - val_loss: 0.7417 - val_sens_fpr0.005: 0.2333
Epoch 60/400
[1m1/1[0m [32m━━━━━━━━━━━━━━━━━━━━[0m[37m[0m [1m0s[0m 213ms/step - accuracy: 0.0922 - loss: 0.7250[1m1/1[0m [32m━━━━━━━━━━━━━━━━━━━━[0m[37m[0m [1m0s[0m 242ms/step - accuracy: 0.0922 - loss: 0.7250 - val_accuracy: 0.0021 - val_loss: 0.7416 - val_sens_fpr0.005: 0.2333
Epoch 61/400
[1m1/1[0m [32m━━━━━━━━━━━━━━━━━━━━[0m[37m[0m [1m0s[0m 224ms/step - accuracy: 0.0911 - loss: 0.7248[1m1/1[0m [32m━━━━━━━━━━━━━━━━━━━━[0m[37m[0m [1m0s[0m 253ms/step - accuracy: 0.0911 - loss: 0.7248 - val_accuracy: 0.0029 - val_loss: 0.7415 - val_sens_fpr0.005: 0.2384
Epoch 62/400
[1m1/1[0m [32m━━━━━━━━━━━━━━━━━━━━[0m[37m[0m [1m0s[0m 215ms/step - accuracy: 0.0943 - loss: 0.7246[1m1/1[0m [32m━━━━━━━━━━━━━━━━━━━━[0m[37m[0m [1m0s[0m 244ms/step - accuracy: 0.0943 - loss: 0.7246 - val_accuracy: 0.0029 - val_loss: 0.7414 - val_sens_fpr0.005: 0.2507
Epoch 63/400
[1m1/1[0m [32m━━━━━━━━━━━━━━━━━━━━[0m[37m[0m [1m0s[0m 207ms/step - accuracy: 0.0947 - loss: 0.7243[1m1/1[0m [32m━━━━━━━━━━━━━━━━━━━━[0m[37m[0m [1m0s[0m 236ms/step - accuracy: 0.0947 - loss: 0.7243 - val_accuracy: 0.0036 - val_loss: 0.7413 - val_sens_fpr0.005: 0.2565
Epoch 64/400
[1m1/1[0m [32m━━━━━━━━━━━━━━━━━━━━[0m[37m[0m [1m0s[0m 224ms/step - accuracy: 0.0945 - loss: 0.7242[1m1/1[0m [32m━━━━━━━━━━━━━━━━━━━━[0m[37m[0m [1m0s[0m 253ms/step - accuracy: 0.0945 - loss: 0.7242 - val_accuracy: 0.0036 - val_loss: 0.7413 - val_sens_fpr0.005: 0.2572
Epoch 65/400
[1m1/1[0m [32m━━━━━━━━━━━━━━━━━━━━[0m[37m[0m [1m0s[0m 222ms/step - accuracy: 0.0959 - loss: 0.7239[1m1/1[0m [32m━━━━━━━━━━━━━━━━━━━━[0m[37m[0m [1m0s[0m 251ms/step - accuracy: 0.0959 - loss: 0.7239 - val_accuracy: 0.0036 - val_loss: 0.7412 - val_sens_fpr0.005: 0.2630
Epoch 66/400
[1m1/1[0m [32m━━━━━━━━━━━━━━━━━━━━[0m[37m[0m [1m0s[0m 216ms/step - accuracy: 0.0974 - loss: 0.7237[1m1/1[0m [32m━━━━━━━━━━━━━━━━━━━━[0m[37m[0m [1m0s[0m 245ms/step - accuracy: 0.0974 - loss: 0.7237 - val_accuracy: 0.0036 - val_loss: 0.7412 - val_sens_fpr0.005: 0.2733
Epoch 67/400
[1m1/1[0m [32m━━━━━━━━━━━━━━━━━━━━[0m[37m[0m [1m0s[0m 219ms/step - accuracy: 0.0965 - loss: 0.7235[1m1/1[0m [32m━━━━━━━━━━━━━━━━━━━━[0m[37m[0m [1m0s[0m 248ms/step - accuracy: 0.0965 - loss: 0.7235 - val_accuracy: 0.0036 - val_loss: 0.7411 - val_sens_fpr0.005: 0.2791
Epoch 68/400
[1m1/1[0m [32m━━━━━━━━━━━━━━━━━━━━[0m[37m[0m [1m0s[0m 224ms/step - accuracy: 0.0975 - loss: 0.7232[1m1/1[0m [32m━━━━━━━━━━━━━━━━━━━━[0m[37m[0m [1m0s[0m 252ms/step - accuracy: 0.0975 - loss: 0.7232 - val_accuracy: 0.0043 - val_loss: 0.7411 - val_sens_fpr0.005: 0.2791
Epoch 69/400
[1m1/1[0m [32m━━━━━━━━━━━━━━━━━━━━[0m[37m[0m [1m0s[0m 217ms/step - accuracy: 0.0986 - loss: 0.7231[1m1/1[0m [32m━━━━━━━━━━━━━━━━━━━━[0m[37m[0m [1m0s[0m 247ms/step - accuracy: 0.0986 - loss: 0.7231 - val_accuracy: 0.0050 - val_loss: 0.7411 - val_sens_fpr0.005: 0.2791
Epoch 70/400
[1m1/1[0m [32m━━━━━━━━━━━━━━━━━━━━[0m[37m[0m [1m0s[0m 216ms/step - accuracy: 0.0999 - loss: 0.7229[1m1/1[0m [32m━━━━━━━━━━━━━━━━━━━━[0m[37m[0m [1m0s[0m 244ms/step - accuracy: 0.0999 - loss: 0.7229 - val_accuracy: 0.0050 - val_loss: 0.7411 - val_sens_fpr0.005: 0.2740
Epoch 71/400
[1m1/1[0m [32m━━━━━━━━━━━━━━━━━━━━[0m[37m[0m [1m0s[0m 222ms/step - accuracy: 0.0996 - loss: 0.7228[1m1/1[0m [32m━━━━━━━━━━━━━━━━━━━━[0m[37m[0m [1m0s[0m 250ms/step - accuracy: 0.0996 - loss: 0.7228 - val_accuracy: 0.0050 - val_loss: 0.7410 - val_sens_fpr0.005: 0.2805
Epoch 72/400
[1m1/1[0m [32m━━━━━━━━━━━━━━━━━━━━[0m[37m[0m [1m0s[0m 226ms/step - accuracy: 0.0993 - loss: 0.7226[1m1/1[0m [32m━━━━━━━━━━━━━━━━━━━━[0m[37m[0m [1m0s[0m 255ms/step - accuracy: 0.0993 - loss: 0.7226 - val_accuracy: 0.0050 - val_loss: 0.7410 - val_sens_fpr0.005: 0.2907
Epoch 73/400
[1m1/1[0m [32m━━━━━━━━━━━━━━━━━━━━[0m[37m[0m [1m0s[0m 217ms/step - accuracy: 0.0994 - loss: 0.7224[1m1/1[0m [32m━━━━━━━━━━━━━━━━━━━━[0m[37m[0m [1m0s[0m 245ms/step - accuracy: 0.0994 - loss: 0.7224 - val_accuracy: 0.0050 - val_loss: 0.7410 - val_sens_fpr0.005: 0.2907
Epoch 74/400
[1m1/1[0m [32m━━━━━━━━━━━━━━━━━━━━[0m[37m[0m [1m0s[0m 219ms/step - accuracy: 0.1002 - loss: 0.7222[1m1/1[0m [32m━━━━━━━━━━━━━━━━━━━━[0m[37m[0m [1m0s[0m 248ms/step - accuracy: 0.1002 - loss: 0.7222 - val_accuracy: 0.0050 - val_loss: 0.7410 - val_sens_fpr0.005: 0.2965
Epoch 75/400
[1m1/1[0m [32m━━━━━━━━━━━━━━━━━━━━[0m[37m[0m [1m0s[0m 220ms/step - accuracy: 0.1012 - loss: 0.7220[1m1/1[0m [32m━━━━━━━━━━━━━━━━━━━━[0m[37m[0m [1m0s[0m 248ms/step - accuracy: 0.1012 - loss: 0.7220 - val_accuracy: 0.0050 - val_loss: 0.7410 - val_sens_fpr0.005: 0.2972
Epoch 76/400
[1m1/1[0m [32m━━━━━━━━━━━━━━━━━━━━[0m[37m[0m [1m0s[0m 225ms/step - accuracy: 0.1025 - loss: 0.7218[1m1/1[0m [32m━━━━━━━━━━━━━━━━━━━━[0m[37m[0m [1m0s[0m 254ms/step - accuracy: 0.1025 - loss: 0.7218 - val_accuracy: 0.0050 - val_loss: 0.7410 - val_sens_fpr0.005: 0.3030
Epoch 77/400
[1m1/1[0m [32m━━━━━━━━━━━━━━━━━━━━[0m[37m[0m [1m0s[0m 224ms/step - accuracy: 0.1035 - loss: 0.7216[1m1/1[0m [32m━━━━━━━━━━━━━━━━━━━━[0m[37m[0m [1m0s[0m 253ms/step - accuracy: 0.1035 - loss: 0.7216 - val_accuracy: 0.0050 - val_loss: 0.7410 - val_sens_fpr0.005: 0.2979
Epoch 78/400
[1m1/1[0m [32m━━━━━━━━━━━━━━━━━━━━[0m[37m[0m [1m0s[0m 226ms/step - accuracy: 0.1013 - loss: 0.7215[1m1/1[0m [32m━━━━━━━━━━━━━━━━━━━━[0m[37m[0m [1m0s[0m 255ms/step - accuracy: 0.1013 - loss: 0.7215 - val_accuracy: 0.0050 - val_loss: 0.7410 - val_sens_fpr0.005: 0.2921
Epoch 79/400
[1m1/1[0m [32m━━━━━━━━━━━━━━━━━━━━[0m[37m[0m [1m0s[0m 224ms/step - accuracy: 0.1047 - loss: 0.7212[1m1/1[0m [32m━━━━━━━━━━━━━━━━━━━━[0m[37m[0m [1m0s[0m 252ms/step - accuracy: 0.1047 - loss: 0.7212 - val_accuracy: 0.0057 - val_loss: 0.7410 - val_sens_fpr0.005: 0.2907
Epoch 80/400
[1m1/1[0m [32m━━━━━━━━━━━━━━━━━━━━[0m[37m[0m [1m0s[0m 228ms/step - accuracy: 0.1053 - loss: 0.7212[1m1/1[0m [32m━━━━━━━━━━━━━━━━━━━━[0m[37m[0m [1m0s[0m 257ms/step - accuracy: 0.1053 - loss: 0.7212 - val_accuracy: 0.0064 - val_loss: 0.7410 - val_sens_fpr0.005: 0.2870
Epoch 81/400
[1m1/1[0m [32m━━━━━━━━━━━━━━━━━━━━[0m[37m[0m [1m0s[0m 224ms/step - accuracy: 0.1064 - loss: 0.7210[1m1/1[0m [32m━━━━━━━━━━━━━━━━━━━━[0m[37m[0m [1m0s[0m 253ms/step - accuracy: 0.1064 - loss: 0.7210 - val_accuracy: 0.0064 - val_loss: 0.7410 - val_sens_fpr0.005: 0.2877
Epoch 82/400
[1m1/1[0m [32m━━━━━━━━━━━━━━━━━━━━[0m[37m[0m [1m0s[0m 219ms/step - accuracy: 0.1057 - loss: 0.7209[1m1/1[0m [32m━━━━━━━━━━━━━━━━━━━━[0m[37m[0m [1m0s[0m 248ms/step - accuracy: 0.1057 - loss: 0.7209 - val_accuracy: 0.0064 - val_loss: 0.7410 - val_sens_fpr0.005: 0.2877
Epoch 83/400
[1m1/1[0m [32m━━━━━━━━━━━━━━━━━━━━[0m[37m[0m [1m0s[0m 225ms/step - accuracy: 0.1081 - loss: 0.7207[1m1/1[0m [32m━━━━━━━━━━━━━━━━━━━━[0m[37m[0m [1m0s[0m 254ms/step - accuracy: 0.1081 - loss: 0.7207 - val_accuracy: 0.0072 - val_loss: 0.7409 - val_sens_fpr0.005: 0.2935
Epoch 84/400
[1m1/1[0m [32m━━━━━━━━━━━━━━━━━━━━[0m[37m[0m [1m0s[0m 217ms/step - accuracy: 0.1081 - loss: 0.7206[1m1/1[0m [32m━━━━━━━━━━━━━━━━━━━━[0m[37m[0m [1m0s[0m 245ms/step - accuracy: 0.1081 - loss: 0.7206 - val_accuracy: 0.0079 - val_loss: 0.7409 - val_sens_fpr0.005: 0.2942
Epoch 85/400
[1m1/1[0m [32m━━━━━━━━━━━━━━━━━━━━[0m[37m[0m [1m0s[0m 219ms/step - accuracy: 0.1093 - loss: 0.7205[1m1/1[0m [32m━━━━━━━━━━━━━━━━━━━━[0m[37m[0m [1m0s[0m 247ms/step - accuracy: 0.1093 - loss: 0.7205 - val_accuracy: 0.0079 - val_loss: 0.7409 - val_sens_fpr0.005: 0.2942
Epoch 86/400
[1m1/1[0m [32m━━━━━━━━━━━━━━━━━━━━[0m[37m[0m [1m0s[0m 229ms/step - accuracy: 0.1117 - loss: 0.7203[1m1/1[0m [32m━━━━━━━━━━━━━━━━━━━━[0m[37m[0m [1m0s[0m 258ms/step - accuracy: 0.1117 - loss: 0.7203 - val_accuracy: 0.0079 - val_loss: 0.7409 - val_sens_fpr0.005: 0.2993
Epoch 87/400
[1m1/1[0m [32m━━━━━━━━━━━━━━━━━━━━[0m[37m[0m [1m0s[0m 221ms/step - accuracy: 0.1141 - loss: 0.7201[1m1/1[0m [32m━━━━━━━━━━━━━━━━━━━━[0m[37m[0m [1m0s[0m 250ms/step - accuracy: 0.1141 - loss: 0.7201 - val_accuracy: 0.0079 - val_loss: 0.7409 - val_sens_fpr0.005: 0.3044
Epoch 88/400
[1m1/1[0m [32m━━━━━━━━━━━━━━━━━━━━[0m[37m[0m [1m0s[0m 228ms/step - accuracy: 0.1140 - loss: 0.7200[1m1/1[0m [32m━━━━━━━━━━━━━━━━━━━━[0m[37m[0m [1m0s[0m 256ms/step - accuracy: 0.1140 - loss: 0.7200 - val_accuracy: 0.0093 - val_loss: 0.7408 - val_sens_fpr0.005: 0.3044
Epoch 89/400
[1m1/1[0m [32m━━━━━━━━━━━━━━━━━━━━[0m[37m[0m [1m0s[0m 228ms/step - accuracy: 0.1148 - loss: 0.7199[1m1/1[0m [32m━━━━━━━━━━━━━━━━━━━━[0m[37m[0m [1m0s[0m 256ms/step - accuracy: 0.1148 - loss: 0.7199 - val_accuracy: 0.0100 - val_loss: 0.7408 - val_sens_fpr0.005: 0.3044
Epoch 90/400
[1m1/1[0m [32m━━━━━━━━━━━━━━━━━━━━[0m[37m[0m [1m0s[0m 226ms/step - accuracy: 0.1151 - loss: 0.7198[1m1/1[0m [32m━━━━━━━━━━━━━━━━━━━━[0m[37m[0m [1m0s[0m 255ms/step - accuracy: 0.1151 - loss: 0.7198 - val_accuracy: 0.0115 - val_loss: 0.7408 - val_sens_fpr0.005: 0.3095
Epoch 91/400
[1m1/1[0m [32m━━━━━━━━━━━━━━━━━━━━[0m[37m[0m [1m0s[0m 220ms/step - accuracy: 0.1161 - loss: 0.7196[1m1/1[0m [32m━━━━━━━━━━━━━━━━━━━━[0m[37m[0m [1m0s[0m 249ms/step - accuracy: 0.1161 - loss: 0.7196 - val_accuracy: 0.0122 - val_loss: 0.7408 - val_sens_fpr0.005: 0.3147
Epoch 92/400
[1m1/1[0m [32m━━━━━━━━━━━━━━━━━━━━[0m[37m[0m [1m0s[0m 219ms/step - accuracy: 0.1172 - loss: 0.7195[1m1/1[0m [32m━━━━━━━━━━━━━━━━━━━━[0m[37m[0m [1m0s[0m 248ms/step - accuracy: 0.1172 - loss: 0.7195 - val_accuracy: 0.0122 - val_loss: 0.7407 - val_sens_fpr0.005: 0.3095
Epoch 93/400
[1m1/1[0m [32m━━━━━━━━━━━━━━━━━━━━[0m[37m[0m [1m0s[0m 222ms/step - accuracy: 0.1185 - loss: 0.7194[1m1/1[0m [32m━━━━━━━━━━━━━━━━━━━━[0m[37m[0m [1m0s[0m 250ms/step - accuracy: 0.1185 - loss: 0.7194 - val_accuracy: 0.0122 - val_loss: 0.7407 - val_sens_fpr0.005: 0.3095
Epoch 94/400
[1m1/1[0m [32m━━━━━━━━━━━━━━━━━━━━[0m[37m[0m [1m0s[0m 219ms/step - accuracy: 0.1190 - loss: 0.7193[1m1/1[0m [32m━━━━━━━━━━━━━━━━━━━━[0m[37m[0m [1m0s[0m 248ms/step - accuracy: 0.1190 - loss: 0.7193 - val_accuracy: 0.0122 - val_loss: 0.7407 - val_sens_fpr0.005: 0.3095
Epoch 95/400
[1m1/1[0m [32m━━━━━━━━━━━━━━━━━━━━[0m[37m[0m [1m0s[0m 219ms/step - accuracy: 0.1193 - loss: 0.7192[1m1/1[0m [32m━━━━━━━━━━━━━━━━━━━━[0m[37m[0m [1m0s[0m 248ms/step - accuracy: 0.1193 - loss: 0.7192 - val_accuracy: 0.0129 - val_loss: 0.7407 - val_sens_fpr0.005: 0.3102
Epoch 96/400
[1m1/1[0m [32m━━━━━━━━━━━━━━━━━━━━[0m[37m[0m [1m0s[0m 229ms/step - accuracy: 0.1210 - loss: 0.7190[1m1/1[0m [32m━━━━━━━━━━━━━━━━━━━━[0m[37m[0m [1m0s[0m 258ms/step - accuracy: 0.1210 - loss: 0.7190 - val_accuracy: 0.0136 - val_loss: 0.7407 - val_sens_fpr0.005: 0.3102
Epoch 97/400
[1m1/1[0m [32m━━━━━━━━━━━━━━━━━━━━[0m[37m[0m [1m0s[0m 228ms/step - accuracy: 0.1215 - loss: 0.7189[1m1/1[0m [32m━━━━━━━━━━━━━━━━━━━━[0m[37m[0m [1m0s[0m 257ms/step - accuracy: 0.1215 - loss: 0.7189 - val_accuracy: 0.0136 - val_loss: 0.7407 - val_sens_fpr0.005: 0.3109
Epoch 98/400
[1m1/1[0m [32m━━━━━━━━━━━━━━━━━━━━[0m[37m[0m [1m0s[0m 217ms/step - accuracy: 0.1208 - loss: 0.7188[1m1/1[0m [32m━━━━━━━━━━━━━━━━━━━━[0m[37m[0m [1m0s[0m 248ms/step - accuracy: 0.1208 - loss: 0.7188 - val_accuracy: 0.0136 - val_loss: 0.7407 - val_sens_fpr0.005: 0.3109
Epoch 99/400
[1m1/1[0m [32m━━━━━━━━━━━━━━━━━━━━[0m[37m[0m [1m0s[0m 216ms/step - accuracy: 0.1232 - loss: 0.7187[1m1/1[0m [32m━━━━━━━━━━━━━━━━━━━━[0m[37m[0m [1m0s[0m 245ms/step - accuracy: 0.1232 - loss: 0.7187 - val_accuracy: 0.0136 - val_loss: 0.7407 - val_sens_fpr0.005: 0.3109
Epoch 100/400
[1m1/1[0m [32m━━━━━━━━━━━━━━━━━━━━[0m[37m[0m [1m0s[0m 222ms/step - accuracy: 0.1249 - loss: 0.7186[1m1/1[0m [32m━━━━━━━━━━━━━━━━━━━━[0m[37m[0m [1m0s[0m 251ms/step - accuracy: 0.1249 - loss: 0.7186 - val_accuracy: 0.0136 - val_loss: 0.7407 - val_sens_fpr0.005: 0.3109
Epoch 101/400
[1m1/1[0m [32m━━━━━━━━━━━━━━━━━━━━[0m[37m[0m [1m0s[0m 215ms/step - accuracy: 0.1254 - loss: 0.7184[1m1/1[0m [32m━━━━━━━━━━━━━━━━━━━━[0m[37m[0m [1m0s[0m 243ms/step - accuracy: 0.1254 - loss: 0.7184 - val_accuracy: 0.0143 - val_loss: 0.7407 - val_sens_fpr0.005: 0.3109
Epoch 102/400
[1m1/1[0m [32m━━━━━━━━━━━━━━━━━━━━[0m[37m[0m [1m0s[0m 220ms/step - accuracy: 0.1255 - loss: 0.7184[1m1/1[0m [32m━━━━━━━━━━━━━━━━━━━━[0m[37m[0m [1m0s[0m 248ms/step - accuracy: 0.1255 - loss: 0.7184 - val_accuracy: 0.0143 - val_loss: 0.7407 - val_sens_fpr0.005: 0.3102
Epoch 103/400
[1m1/1[0m [32m━━━━━━━━━━━━━━━━━━━━[0m[37m[0m [1m0s[0m 221ms/step - accuracy: 0.1282 - loss: 0.7183[1m1/1[0m [32m━━━━━━━━━━━━━━━━━━━━[0m[37m[0m [1m0s[0m 250ms/step - accuracy: 0.1282 - loss: 0.7183 - val_accuracy: 0.0150 - val_loss: 0.7407 - val_sens_fpr0.005: 0.3102
Epoch 104/400
[1m1/1[0m [32m━━━━━━━━━━━━━━━━━━━━[0m[37m[0m [1m0s[0m 223ms/step - accuracy: 0.1291 - loss: 0.7182[1m1/1[0m [32m━━━━━━━━━━━━━━━━━━━━[0m[37m[0m [1m0s[0m 251ms/step - accuracy: 0.1291 - loss: 0.7182 - val_accuracy: 0.0150 - val_loss: 0.7407 - val_sens_fpr0.005: 0.3095
Epoch 105/400
[1m1/1[0m [32m━━━━━━━━━━━━━━━━━━━━[0m[37m[0m [1m0s[0m 224ms/step - accuracy: 0.1285 - loss: 0.7181[1m1/1[0m [32m━━━━━━━━━━━━━━━━━━━━[0m[37m[0m [1m0s[0m 253ms/step - accuracy: 0.1285 - loss: 0.7181 - val_accuracy: 0.0150 - val_loss: 0.7407 - val_sens_fpr0.005: 0.3095
Epoch 106/400
[1m1/1[0m [32m━━━━━━━━━━━━━━━━━━━━[0m[37m[0m [1m0s[0m 227ms/step - accuracy: 0.1283 - loss: 0.7180[1m1/1[0m [32m━━━━━━━━━━━━━━━━━━━━[0m[37m[0m [1m0s[0m 255ms/step - accuracy: 0.1283 - loss: 0.7180 - val_accuracy: 0.0150 - val_loss: 0.7407 - val_sens_fpr0.005: 0.3205
Epoch 107/400
[1m1/1[0m [32m━━━━━━━━━━━━━━━━━━━━[0m[37m[0m [1m0s[0m 221ms/step - accuracy: 0.1312 - loss: 0.7179[1m1/1[0m [32m━━━━━━━━━━━━━━━━━━━━[0m[37m[0m [1m0s[0m 249ms/step - accuracy: 0.1312 - loss: 0.7179 - val_accuracy: 0.0150 - val_loss: 0.7407 - val_sens_fpr0.005: 0.3256
Epoch 108/400
[1m1/1[0m [32m━━━━━━━━━━━━━━━━━━━━[0m[37m[0m [1m0s[0m 219ms/step - accuracy: 0.1308 - loss: 0.7178[1m1/1[0m [32m━━━━━━━━━━━━━━━━━━━━[0m[37m[0m [1m0s[0m 247ms/step - accuracy: 0.1308 - loss: 0.7178 - val_accuracy: 0.0150 - val_loss: 0.7407 - val_sens_fpr0.005: 0.3212
Epoch 109/400
[1m1/1[0m [32m━━━━━━━━━━━━━━━━━━━━[0m[37m[0m [1m0s[0m 223ms/step - accuracy: 0.1319 - loss: 0.7177[1m1/1[0m [32m━━━━━━━━━━━━━━━━━━━━[0m[37m[0m [1m0s[0m 252ms/step - accuracy: 0.1319 - loss: 0.7177 - val_accuracy: 0.0158 - val_loss: 0.7407 - val_sens_fpr0.005: 0.3219
Epoch 110/400
[1m1/1[0m [32m━━━━━━━━━━━━━━━━━━━━[0m[37m[0m [1m0s[0m 225ms/step - accuracy: 0.1334 - loss: 0.7176[1m1/1[0m [32m━━━━━━━━━━━━━━━━━━━━[0m[37m[0m [1m0s[0m 253ms/step - accuracy: 0.1334 - loss: 0.7176 - val_accuracy: 0.0158 - val_loss: 0.7407 - val_sens_fpr0.005: 0.3160
Epoch 111/400
[1m1/1[0m [32m━━━━━━━━━━━━━━━━━━━━[0m[37m[0m [1m0s[0m 223ms/step - accuracy: 0.1358 - loss: 0.7176[1m1/1[0m [32m━━━━━━━━━━━━━━━━━━━━[0m[37m[0m [1m0s[0m 252ms/step - accuracy: 0.1358 - loss: 0.7176 - val_accuracy: 0.0172 - val_loss: 0.7407 - val_sens_fpr0.005: 0.3153
[3/5] Lily Adam - One Hive/recorders/willard/2024-08-07/1_11: 111 epochs (best 101), val_loss 0.7407, 19803/1396 frames train/val, sens@fpr0.5%=0.311
[perch_probe_foldLuke - Diel Drivers/2026-04-08/1_150] training on 43 fold(s), 20064 frames; early stopping on Luke - Diel Drivers/2026-04-08/1_150 (1135 frames)...
Epoch 1/400
[1m1/1[0m [32m━━━━━━━━━━━━━━━━━━━━[0m[37m[0m [1m0s[0m 843ms/step - accuracy: 0.0373 - loss: 1.5937[1m1/1[0m [32m━━━━━━━━━━━━━━━━━━━━[0m[37m[0m [1m1s[0m 990ms/step - accuracy: 0.0373 - loss: 1.5937 - val_accuracy: 8.8106e-04 - val_loss: 1.4879 - val_sens_fpr0.005: 0.0000e+00
Epoch 2/400
[1m1/1[0m [32m━━━━━━━━━━━━━━━━━━━━[0m[37m[0m [1m0s[0m 216ms/step - accuracy: 0.0140 - loss: 1.5047[1m1/1[0m [32m━━━━━━━━━━━━━━━━━━━━[0m[37m[0m [1m0s[0m 243ms/step - accuracy: 0.0140 - loss: 1.5047 - val_accuracy: 0.0000e+00 - val_loss: 1.4260 - val_sens_fpr0.005: 0.0000e+00
Epoch 3/400
[1m1/1[0m [32m━━━━━━━━━━━━━━━━━━━━[0m[37m[0m [1m0s[0m 222ms/step - accuracy: 0.0071 - loss: 1.4250[1m1/1[0m [32m━━━━━━━━━━━━━━━━━━━━[0m[37m[0m [1m0s[0m 250ms/step - accuracy: 0.0071 - loss: 1.4250 - val_accuracy: 0.0000e+00 - val_loss: 1.3697 - val_sens_fpr0.005: 0.0000e+00
Epoch 4/400
[1m1/1[0m [32m━━━━━━━━━━━━━━━━━━━━[0m[37m[0m [1m0s[0m 218ms/step - accuracy: 0.0044 - loss: 1.3556[1m1/1[0m [32m━━━━━━━━━━━━━━━━━━━━[0m[37m[0m [1m0s[0m 245ms/step - accuracy: 0.0044 - loss: 1.3556 - val_accuracy: 0.0000e+00 - val_loss: 1.3189 - val_sens_fpr0.005: 0.0000e+00
Epoch 5/400
[1m1/1[0m [32m━━━━━━━━━━━━━━━━━━━━[0m[37m[0m [1m0s[0m 217ms/step - accuracy: 0.0038 - loss: 1.2947[1m1/1[0m [32m━━━━━━━━━━━━━━━━━━━━[0m[37m[0m [1m0s[0m 245ms/step - accuracy: 0.0038 - loss: 1.2947 - val_accuracy: 0.0000e+00 - val_loss: 1.2735 - val_sens_fpr0.005: 0.0000e+00
Epoch 6/400
[1m1/1[0m [32m━━━━━━━━━━━━━━━━━━━━[0m[37m[0m [1m0s[0m 216ms/step - accuracy: 0.0038 - loss: 1.2424[1m1/1[0m [32m━━━━━━━━━━━━━━━━━━━━[0m[37m[0m [1m0s[0m 243ms/step - accuracy: 0.0038 - loss: 1.2424 - val_accuracy: 0.0000e+00 - val_loss: 1.2330 - val_sens_fpr0.005: 0.0000e+00
Epoch 7/400
[1m1/1[0m [32m━━━━━━━━━━━━━━━━━━━━[0m[37m[0m [1m0s[0m 230ms/step - accuracy: 0.0038 - loss: 1.1978[1m1/1[0m [32m━━━━━━━━━━━━━━━━━━━━[0m[37m[0m [1m0s[0m 258ms/step - accuracy: 0.0038 - loss: 1.1978 - val_accuracy: 0.0000e+00 - val_loss: 1.1972 - val_sens_fpr0.005: 0.0000e+00
Epoch 8/400
[1m1/1[0m [32m━━━━━━━━━━━━━━━━━━━━[0m[37m[0m [1m0s[0m 225ms/step - accuracy: 0.0034 - loss: 1.1599[1m1/1[0m [32m━━━━━━━━━━━━━━━━━━━━[0m[37m[0m [1m0s[0m 252ms/step - accuracy: 0.0034 - loss: 1.1599 - val_accuracy: 0.0000e+00 - val_loss: 1.1656 - val_sens_fpr0.005: 0.0000e+00
Epoch 9/400
[1m1/1[0m [32m━━━━━━━━━━━━━━━━━━━━[0m[37m[0m [1m0s[0m 217ms/step - accuracy: 0.0035 - loss: 1.1278[1m1/1[0m [32m━━━━━━━━━━━━━━━━━━━━[0m[37m[0m [1m0s[0m 245ms/step - accuracy: 0.0035 - loss: 1.1278 - val_accuracy: 0.0000e+00 - val_loss: 1.1379 - val_sens_fpr0.005: 0.0000e+00
Epoch 10/400
[1m1/1[0m [32m━━━━━━━━━━━━━━━━━━━━[0m[37m[0m [1m0s[0m 231ms/step - accuracy: 0.0031 - loss: 1.1003[1m1/1[0m [32m━━━━━━━━━━━━━━━━━━━━[0m[37m[0m [1m0s[0m 258ms/step - accuracy: 0.0031 - loss: 1.1003 - val_accuracy: 0.0000e+00 - val_loss: 1.1135 - val_sens_fpr0.005: 0.0000e+00
Epoch 11/400
[1m1/1[0m [32m━━━━━━━━━━━━━━━━━━━━[0m[37m[0m [1m0s[0m 224ms/step - accuracy: 0.0033 - loss: 1.0772[1m1/1[0m [32m━━━━━━━━━━━━━━━━━━━━[0m[37m[0m [1m0s[0m 252ms/step - accuracy: 0.0033 - loss: 1.0772 - val_accuracy: 0.0000e+00 - val_loss: 1.0920 - val_sens_fpr0.005: 0.0000e+00
Epoch 12/400
[1m1/1[0m [32m━━━━━━━━━━━━━━━━━━━━[0m[37m[0m [1m0s[0m 222ms/step - accuracy: 0.0030 - loss: 1.0575[1m1/1[0m [32m━━━━━━━━━━━━━━━━━━━━[0m[37m[0m [1m0s[0m 250ms/step - accuracy: 0.0030 - loss: 1.0575 - val_accuracy: 0.0000e+00 - val_loss: 1.0731 - val_sens_fpr0.005: 0.0000e+00
Epoch 13/400
[1m1/1[0m [32m━━━━━━━━━━━━━━━━━━━━[0m[37m[0m [1m0s[0m 225ms/step - accuracy: 0.0030 - loss: 1.0402[1m1/1[0m [32m━━━━━━━━━━━━━━━━━━━━[0m[37m[0m [1m0s[0m 252ms/step - accuracy: 0.0030 - loss: 1.0402 - val_accuracy: 0.0000e+00 - val_loss: 1.0563 - val_sens_fpr0.005: 0.0000e+00
Epoch 14/400
[1m1/1[0m [32m━━━━━━━━━━━━━━━━━━━━[0m[37m[0m [1m0s[0m 222ms/step - accuracy: 0.0030 - loss: 1.0254[1m1/1[0m [32m━━━━━━━━━━━━━━━━━━━━[0m[37m[0m [1m0s[0m 249ms/step - accuracy: 0.0030 - loss: 1.0254 - val_accuracy: 0.0000e+00 - val_loss: 1.0414 - val_sens_fpr0.005: 0.0000e+00
Epoch 15/400
[1m1/1[0m [32m━━━━━━━━━━━━━━━━━━━━[0m[37m[0m [1m0s[0m 222ms/step - accuracy: 0.0031 - loss: 1.0126[1m1/1[0m [32m━━━━━━━━━━━━━━━━━━━━[0m[37m[0m [1m0s[0m 250ms/step - accuracy: 0.0031 - loss: 1.0126 - val_accuracy: 0.0000e+00 - val_loss: 1.0282 - val_sens_fpr0.005: 0.0000e+00
Epoch 16/400
[1m1/1[0m [32m━━━━━━━━━━━━━━━━━━━━[0m[37m[0m [1m0s[0m 225ms/step - accuracy: 0.0031 - loss: 1.0011[1m1/1[0m [32m━━━━━━━━━━━━━━━━━━━━[0m[37m[0m [1m0s[0m 253ms/step - accuracy: 0.0031 - loss: 1.0011 - val_accuracy: 0.0000e+00 - val_loss: 1.0164 - val_sens_fpr0.005: 0.0000e+00
Epoch 17/400
[1m1/1[0m [32m━━━━━━━━━━━━━━━━━━━━[0m[37m[0m [1m0s[0m 228ms/step - accuracy: 0.0031 - loss: 0.9911[1m1/1[0m [32m━━━━━━━━━━━━━━━━━━━━[0m[37m[0m [1m0s[0m 256ms/step - accuracy: 0.0031 - loss: 0.9911 - val_accuracy: 0.0000e+00 - val_loss: 1.0059 - val_sens_fpr0.005: 0.0000e+00
Epoch 18/400
[1m1/1[0m [32m━━━━━━━━━━━━━━━━━━━━[0m[37m[0m [1m0s[0m 224ms/step - accuracy: 0.0034 - loss: 0.9822[1m1/1[0m [32m━━━━━━━━━━━━━━━━━━━━[0m[37m[0m [1m0s[0m 252ms/step - accuracy: 0.0034 - loss: 0.9822 - val_accuracy: 0.0000e+00 - val_loss: 0.9965 - val_sens_fpr0.005: 0.0000e+00
Epoch 19/400
[1m1/1[0m [32m━━━━━━━━━━━━━━━━━━━━[0m[37m[0m [1m0s[0m 228ms/step - accuracy: 0.0044 - loss: 0.9742[1m1/1[0m [32m━━━━━━━━━━━━━━━━━━━━[0m[37m[0m [1m0s[0m 255ms/step - accuracy: 0.0044 - loss: 0.9742 - val_accuracy: 0.0000e+00 - val_loss: 0.9882 - val_sens_fpr0.005: 0.0000e+00
Epoch 20/400
[1m1/1[0m [32m━━━━━━━━━━━━━━━━━━━━[0m[37m[0m [1m0s[0m 228ms/step - accuracy: 0.0056 - loss: 0.9674[1m1/1[0m [32m━━━━━━━━━━━━━━━━━━━━[0m[37m[0m [1m0s[0m 255ms/step - accuracy: 0.0056 - loss: 0.9674 - val_accuracy: 0.0000e+00 - val_loss: 0.9809 - val_sens_fpr0.005: 0.0000e+00
Epoch 21/400
[1m1/1[0m [32m━━━━━━━━━━━━━━━━━━━━[0m[37m[0m [1m0s[0m 221ms/step - accuracy: 0.0073 - loss: 0.9616[1m1/1[0m [32m━━━━━━━━━━━━━━━━━━━━[0m[37m[0m [1m0s[0m 249ms/step - accuracy: 0.0073 - loss: 0.9616 - val_accuracy: 0.0000e+00 - val_loss: 0.9746 - val_sens_fpr0.005: 0.0000e+00
Epoch 22/400
[1m1/1[0m [32m━━━━━━━━━━━━━━━━━━━━[0m[37m[0m [1m0s[0m 226ms/step - accuracy: 0.0083 - loss: 0.9565[1m1/1[0m [32m━━━━━━━━━━━━━━━━━━━━[0m[37m[0m [1m0s[0m 253ms/step - accuracy: 0.0083 - loss: 0.9565 - val_accuracy: 0.0000e+00 - val_loss: 0.9690 - val_sens_fpr0.005: 0.0000e+00
Epoch 23/400
[1m1/1[0m [32m━━━━━━━━━━━━━━━━━━━━[0m[37m[0m [1m0s[0m 230ms/step - accuracy: 0.0095 - loss: 0.9523[1m1/1[0m [32m━━━━━━━━━━━━━━━━━━━━[0m[37m[0m [1m0s[0m 258ms/step - accuracy: 0.0095 - loss: 0.9523 - val_accuracy: 0.0000e+00 - val_loss: 0.9642 - val_sens_fpr0.005: 0.0000e+00
Epoch 24/400
[1m1/1[0m [32m━━━━━━━━━━━━━━━━━━━━[0m[37m[0m [1m0s[0m 213ms/step - accuracy: 0.0104 - loss: 0.9489[1m1/1[0m [32m━━━━━━━━━━━━━━━━━━━━[0m[37m[0m [1m0s[0m 241ms/step - accuracy: 0.0104 - loss: 0.9489 - val_accuracy: 0.0000e+00 - val_loss: 0.9601 - val_sens_fpr0.005: 0.0000e+00
Epoch 25/400
[1m1/1[0m [32m━━━━━━━━━━━━━━━━━━━━[0m[37m[0m [1m0s[0m 219ms/step - accuracy: 0.0106 - loss: 0.9458[1m1/1[0m [32m━━━━━━━━━━━━━━━━━━━━[0m[37m[0m [1m0s[0m 246ms/step - accuracy: 0.0106 - loss: 0.9458 - val_accuracy: 0.0000e+00 - val_loss: 0.9565 - val_sens_fpr0.005: 0.0000e+00
Epoch 26/400
[1m1/1[0m [32m━━━━━━━━━━━━━━━━━━━━[0m[37m[0m [1m0s[0m 224ms/step - accuracy: 0.0112 - loss: 0.9434[1m1/1[0m [32m━━━━━━━━━━━━━━━━━━━━[0m[37m[0m [1m0s[0m 251ms/step - accuracy: 0.0112 - loss: 0.9434 - val_accuracy: 0.0000e+00 - val_loss: 0.9535 - val_sens_fpr0.005: 0.0000e+00
Epoch 27/400
[1m1/1[0m [32m━━━━━━━━━━━━━━━━━━━━[0m[37m[0m [1m0s[0m 230ms/step - accuracy: 0.0117 - loss: 0.9413[1m1/1[0m [32m━━━━━━━━━━━━━━━━━━━━[0m[37m[0m [1m0s[0m 258ms/step - accuracy: 0.0117 - loss: 0.9413 - val_accuracy: 0.0000e+00 - val_loss: 0.9509 - val_sens_fpr0.005: 0.0000e+00
Epoch 28/400
[1m1/1[0m [32m━━━━━━━━━━━━━━━━━━━━[0m[37m[0m [1m0s[0m 227ms/step - accuracy: 0.0121 - loss: 0.9395[1m1/1[0m [32m━━━━━━━━━━━━━━━━━━━━[0m[37m[0m [1m0s[0m 255ms/step - accuracy: 0.0121 - loss: 0.9395 - val_accuracy: 0.0000e+00 - val_loss: 0.9486 - val_sens_fpr0.005: 0.0000e+00
Epoch 29/400
[1m1/1[0m [32m━━━━━━━━━━━━━━━━━━━━[0m[37m[0m [1m0s[0m 222ms/step - accuracy: 0.0112 - loss: 0.9379[1m1/1[0m [32m━━━━━━━━━━━━━━━━━━━━[0m[37m[0m [1m0s[0m 249ms/step - accuracy: 0.0112 - loss: 0.9379 - val_accuracy: 0.0000e+00 - val_loss: 0.9467 - val_sens_fpr0.005: 0.0000e+00
Epoch 30/400
[1m1/1[0m [32m━━━━━━━━━━━━━━━━━━━━[0m[37m[0m [1m0s[0m 226ms/step - accuracy: 0.0119 - loss: 0.9363[1m1/1[0m [32m━━━━━━━━━━━━━━━━━━━━[0m[37m[0m [1m0s[0m 253ms/step - accuracy: 0.0119 - loss: 0.9363 - val_accuracy: 0.0000e+00 - val_loss: 0.9450 - val_sens_fpr0.005: 0.0000e+00
Epoch 31/400
[1m1/1[0m [32m━━━━━━━━━━━━━━━━━━━━[0m[37m[0m [1m0s[0m 230ms/step - accuracy: 0.0118 - loss: 0.9349[1m1/1[0m [32m━━━━━━━━━━━━━━━━━━━━[0m[37m[0m [1m0s[0m 257ms/step - accuracy: 0.0118 - loss: 0.9349 - val_accuracy: 0.0000e+00 - val_loss: 0.9436 - val_sens_fpr0.005: 0.0000e+00
Epoch 32/400
[1m1/1[0m [32m━━━━━━━━━━━━━━━━━━━━[0m[37m[0m [1m0s[0m 236ms/step - accuracy: 0.0118 - loss: 0.9337[1m1/1[0m [32m━━━━━━━━━━━━━━━━━━━━[0m[37m[0m [1m0s[0m 270ms/step - accuracy: 0.0118 - loss: 0.9337 - val_accuracy: 0.0000e+00 - val_loss: 0.9423 - val_sens_fpr0.005: 0.0000e+00
Epoch 33/400
[1m1/1[0m [32m━━━━━━━━━━━━━━━━━━━━[0m[37m[0m [1m0s[0m 232ms/step - accuracy: 0.0125 - loss: 0.9326[1m1/1[0m [32m━━━━━━━━━━━━━━━━━━━━[0m[37m[0m [1m0s[0m 261ms/step - accuracy: 0.0125 - loss: 0.9326 - val_accuracy: 0.0000e+00 - val_loss: 0.9412 - val_sens_fpr0.005: 0.0000e+00
Epoch 34/400
[1m1/1[0m [32m━━━━━━━━━━━━━━━━━━━━[0m[37m[0m [1m0s[0m 215ms/step - accuracy: 0.0116 - loss: 0.9315[1m1/1[0m [32m━━━━━━━━━━━━━━━━━━━━[0m[37m[0m [1m0s[0m 242ms/step - accuracy: 0.0116 - loss: 0.9315 - val_accuracy: 0.0000e+00 - val_loss: 0.9402 - val_sens_fpr0.005: 0.0000e+00
Epoch 35/400
[1m1/1[0m [32m━━━━━━━━━━━━━━━━━━━━[0m[37m[0m [1m0s[0m 227ms/step - accuracy: 0.0117 - loss: 0.9305[1m1/1[0m [32m━━━━━━━━━━━━━━━━━━━━[0m[37m[0m [1m0s[0m 254ms/step - accuracy: 0.0117 - loss: 0.9305 - val_accuracy: 0.0000e+00 - val_loss: 0.9394 - val_sens_fpr0.005: 0.0000e+00
Epoch 36/400
[1m1/1[0m [32m━━━━━━━━━━━━━━━━━━━━[0m[37m[0m [1m0s[0m 226ms/step - accuracy: 0.0118 - loss: 0.9294[1m1/1[0m [32m━━━━━━━━━━━━━━━━━━━━[0m[37m[0m [1m0s[0m 254ms/step - accuracy: 0.0118 - loss: 0.9294 - val_accuracy: 0.0000e+00 - val_loss: 0.9387 - val_sens_fpr0.005: 0.0000e+00
Epoch 37/400
[1m1/1[0m [32m━━━━━━━━━━━━━━━━━━━━[0m[37m[0m [1m0s[0m 223ms/step - accuracy: 0.0125 - loss: 0.9285[1m1/1[0m [32m━━━━━━━━━━━━━━━━━━━━[0m[37m[0m [1m0s[0m 250ms/step - accuracy: 0.0125 - loss: 0.9285 - val_accuracy: 0.0000e+00 - val_loss: 0.9381 - val_sens_fpr0.005: 0.0000e+00
Epoch 38/400
[1m1/1[0m [32m━━━━━━━━━━━━━━━━━━━━[0m[37m[0m [1m0s[0m 223ms/step - accuracy: 0.0126 - loss: 0.9278[1m1/1[0m [32m━━━━━━━━━━━━━━━━━━━━[0m[37m[0m [1m0s[0m 250ms/step - accuracy: 0.0126 - loss: 0.9278 - val_accuracy: 0.0000e+00 - val_loss: 0.9376 - val_sens_fpr0.005: 0.0127
Epoch 39/400
[1m1/1[0m [32m━━━━━━━━━━━━━━━━━━━━[0m[37m[0m [1m0s[0m 221ms/step - accuracy: 0.0131 - loss: 0.9272[1m1/1[0m [32m━━━━━━━━━━━━━━━━━━━━[0m[37m[0m [1m0s[0m 248ms/step - accuracy: 0.0131 - loss: 0.9272 - val_accuracy: 0.0000e+00 - val_loss: 0.9372 - val_sens_fpr0.005: 0.0162
Epoch 40/400
[1m1/1[0m [32m━━━━━━━━━━━━━━━━━━━━[0m[37m[0m [1m0s[0m 222ms/step - accuracy: 0.0129 - loss: 0.9265[1m1/1[0m [32m━━━━━━━━━━━━━━━━━━━━[0m[37m[0m [1m0s[0m 249ms/step - accuracy: 0.0129 - loss: 0.9265 - val_accuracy: 0.0000e+00 - val_loss: 0.9368 - val_sens_fpr0.005: 0.0289
Epoch 41/400
[1m1/1[0m [32m━━━━━━━━━━━━━━━━━━━━[0m[37m[0m [1m0s[0m 220ms/step - accuracy: 0.0134 - loss: 0.9258[1m1/1[0m [32m━━━━━━━━━━━━━━━━━━━━[0m[37m[0m [1m0s[0m 247ms/step - accuracy: 0.0134 - loss: 0.9258 - val_accuracy: 0.0000e+00 - val_loss: 0.9366 - val_sens_fpr0.005: 0.0289
Epoch 42/400
[1m1/1[0m [32m━━━━━━━━━━━━━━━━━━━━[0m[37m[0m [1m0s[0m 233ms/step - accuracy: 0.0144 - loss: 0.9253[1m1/1[0m [32m━━━━━━━━━━━━━━━━━━━━[0m[37m[0m [1m0s[0m 264ms/step - accuracy: 0.0144 - loss: 0.9253 - val_accuracy: 0.0000e+00 - val_loss: 0.9363 - val_sens_fpr0.005: 0.0380
Epoch 43/400
[1m1/1[0m [32m━━━━━━━━━━━━━━━━━━━━[0m[37m[0m [1m0s[0m 232ms/step - accuracy: 0.0137 - loss: 0.9248[1m1/1[0m [32m━━━━━━━━━━━━━━━━━━━━[0m[37m[0m [1m0s[0m 259ms/step - accuracy: 0.0137 - loss: 0.9248 - val_accuracy: 0.0000e+00 - val_loss: 0.9362 - val_sens_fpr0.005: 0.0380
Epoch 44/400
[1m1/1[0m [32m━━━━━━━━━━━━━━━━━━━━[0m[37m[0m [1m0s[0m 223ms/step - accuracy: 0.0141 - loss: 0.9242[1m1/1[0m [32m━━━━━━━━━━━━━━━━━━━━[0m[37m[0m [1m0s[0m 250ms/step - accuracy: 0.0141 - loss: 0.9242 - val_accuracy: 0.0000e+00 - val_loss: 0.9360 - val_sens_fpr0.005: 0.0415
Epoch 45/400
[1m1/1[0m [32m━━━━━━━━━━━━━━━━━━━━[0m[37m[0m [1m0s[0m 227ms/step - accuracy: 0.0147 - loss: 0.9238[1m1/1[0m [32m━━━━━━━━━━━━━━━━━━━━[0m[37m[0m [1m0s[0m 254ms/step - accuracy: 0.0147 - loss: 0.9238 - val_accuracy: 0.0000e+00 - val_loss: 0.9359 - val_sens_fpr0.005: 0.0633
Epoch 46/400
[1m1/1[0m [32m━━━━━━━━━━━━━━━━━━━━[0m[37m[0m [1m0s[0m 224ms/step - accuracy: 0.0153 - loss: 0.9231[1m1/1[0m [32m━━━━━━━━━━━━━━━━━━━━[0m[37m[0m [1m0s[0m 251ms/step - accuracy: 0.0153 - loss: 0.9231 - val_accuracy: 0.0000e+00 - val_loss: 0.9358 - val_sens_fpr0.005: 0.0633
Epoch 47/400
[1m1/1[0m [32m━━━━━━━━━━━━━━━━━━━━[0m[37m[0m [1m0s[0m 223ms/step - accuracy: 0.0151 - loss: 0.9227[1m1/1[0m [32m━━━━━━━━━━━━━━━━━━━━[0m[37m[0m [1m0s[0m 251ms/step - accuracy: 0.0151 - loss: 0.9227 - val_accuracy: 0.0000e+00 - val_loss: 0.9357 - val_sens_fpr0.005: 0.0633
Epoch 48/400
[1m1/1[0m [32m━━━━━━━━━━━━━━━━━━━━[0m[37m[0m [1m0s[0m 225ms/step - accuracy: 0.0156 - loss: 0.9221[1m1/1[0m [32m━━━━━━━━━━━━━━━━━━━━[0m[37m[0m [1m0s[0m 252ms/step - accuracy: 0.0156 - loss: 0.9221 - val_accuracy: 0.0000e+00 - val_loss: 0.9356 - val_sens_fpr0.005: 0.0633
Epoch 49/400
[1m1/1[0m [32m━━━━━━━━━━━━━━━━━━━━[0m[37m[0m [1m0s[0m 221ms/step - accuracy: 0.0152 - loss: 0.9216[1m1/1[0m [32m━━━━━━━━━━━━━━━━━━━━[0m[37m[0m [1m0s[0m 248ms/step - accuracy: 0.0152 - loss: 0.9216 - val_accuracy: 0.0000e+00 - val_loss: 0.9355 - val_sens_fpr0.005: 0.0633
Epoch 50/400
[1m1/1[0m [32m━━━━━━━━━━━━━━━━━━━━[0m[37m[0m [1m0s[0m 221ms/step - accuracy: 0.0156 - loss: 0.9211[1m1/1[0m [32m━━━━━━━━━━━━━━━━━━━━[0m[37m[0m [1m0s[0m 248ms/step - accuracy: 0.0156 - loss: 0.9211 - val_accuracy: 0.0000e+00 - val_loss: 0.9354 - val_sens_fpr0.005: 0.0633
Epoch 51/400
[1m1/1[0m [32m━━━━━━━━━━━━━━━━━━━━[0m[37m[0m [1m0s[0m 220ms/step - accuracy: 0.0156 - loss: 0.9207[1m1/1[0m [32m━━━━━━━━━━━━━━━━━━━━[0m[37m[0m [1m0s[0m 247ms/step - accuracy: 0.0156 - loss: 0.9207 - val_accuracy: 0.0000e+00 - val_loss: 0.9353 - val_sens_fpr0.005: 0.0633
Epoch 52/400
[1m1/1[0m [32m━━━━━━━━━━━━━━━━━━━━[0m[37m[0m [1m0s[0m 224ms/step - accuracy: 0.0160 - loss: 0.9202[1m1/1[0m [32m━━━━━━━━━━━━━━━━━━━━[0m[37m[0m [1m0s[0m 251ms/step - accuracy: 0.0160 - loss: 0.9202 - val_accuracy: 0.0000e+00 - val_loss: 0.9352 - val_sens_fpr0.005: 0.0633
Epoch 53/400
[1m1/1[0m [32m━━━━━━━━━━━━━━━━━━━━[0m[37m[0m [1m0s[0m 224ms/step - accuracy: 0.0162 - loss: 0.9197[1m1/1[0m [32m━━━━━━━━━━━━━━━━━━━━[0m[37m[0m [1m0s[0m 251ms/step - accuracy: 0.0162 - loss: 0.9197 - val_accuracy: 0.0000e+00 - val_loss: 0.9350 - val_sens_fpr0.005: 0.0633
Epoch 54/400
[1m1/1[0m [32m━━━━━━━━━━━━━━━━━━━━[0m[37m[0m [1m0s[0m 218ms/step - accuracy: 0.0161 - loss: 0.9193[1m1/1[0m [32m━━━━━━━━━━━━━━━━━━━━[0m[37m[0m [1m0s[0m 245ms/step - accuracy: 0.0161 - loss: 0.9193 - val_accuracy: 0.0000e+00 - val_loss: 0.9349 - val_sens_fpr0.005: 0.0633
Epoch 55/400
[1m1/1[0m [32m━━━━━━━━━━━━━━━━━━━━[0m[37m[0m [1m0s[0m 220ms/step - accuracy: 0.0162 - loss: 0.9189[1m1/1[0m [32m━━━━━━━━━━━━━━━━━━━━[0m[37m[0m [1m0s[0m 247ms/step - accuracy: 0.0162 - loss: 0.9189 - val_accuracy: 0.0000e+00 - val_loss: 0.9348 - val_sens_fpr0.005: 0.0633
Epoch 56/400
[1m1/1[0m [32m━━━━━━━━━━━━━━━━━━━━[0m[37m[0m [1m0s[0m 227ms/step - accuracy: 0.0164 - loss: 0.9186[1m1/1[0m [32m━━━━━━━━━━━━━━━━━━━━[0m[37m[0m [1m0s[0m 255ms/step - accuracy: 0.0164 - loss: 0.9186 - val_accuracy: 0.0000e+00 - val_loss: 0.9347 - val_sens_fpr0.005: 0.0633
Epoch 57/400
[1m1/1[0m [32m━━━━━━━━━━━━━━━━━━━━[0m[37m[0m [1m0s[0m 225ms/step - accuracy: 0.0168 - loss: 0.9181[1m1/1[0m [32m━━━━━━━━━━━━━━━━━━━━[0m[37m[0m [1m0s[0m 252ms/step - accuracy: 0.0168 - loss: 0.9181 - val_accuracy: 0.0000e+00 - val_loss: 0.9345 - val_sens_fpr0.005: 0.0633
Epoch 58/400
[1m1/1[0m [32m━━━━━━━━━━━━━━━━━━━━[0m[37m[0m [1m0s[0m 221ms/step - accuracy: 0.0171 - loss: 0.9178[1m1/1[0m [32m━━━━━━━━━━━━━━━━━━━━[0m[37m[0m [1m0s[0m 248ms/step - accuracy: 0.0171 - loss: 0.9178 - val_accuracy: 0.0000e+00 - val_loss: 0.9344 - val_sens_fpr0.005: 0.0633
Epoch 59/400
[1m1/1[0m [32m━━━━━━━━━━━━━━━━━━━━[0m[37m[0m [1m0s[0m 221ms/step - accuracy: 0.0172 - loss: 0.9173[1m1/1[0m [32m━━━━━━━━━━━━━━━━━━━━[0m[37m[0m [1m0s[0m 248ms/step - accuracy: 0.0172 - loss: 0.9173 - val_accuracy: 0.0000e+00 - val_loss: 0.9343 - val_sens_fpr0.005: 0.0704
Epoch 60/400
[1m1/1[0m [32m━━━━━━━━━━━━━━━━━━━━[0m[37m[0m [1m0s[0m 219ms/step - accuracy: 0.0172 - loss: 0.9170[1m1/1[0m [32m━━━━━━━━━━━━━━━━━━━━[0m[37m[0m [1m0s[0m 246ms/step - accuracy: 0.0172 - loss: 0.9170 - val_accuracy: 0.0000e+00 - val_loss: 0.9343 - val_sens_fpr0.005: 0.0704
Epoch 61/400
[1m1/1[0m [32m━━━━━━━━━━━━━━━━━━━━[0m[37m[0m [1m0s[0m 219ms/step - accuracy: 0.0175 - loss: 0.9167[1m1/1[0m [32m━━━━━━━━━━━━━━━━━━━━[0m[37m[0m [1m0s[0m 246ms/step - accuracy: 0.0175 - loss: 0.9167 - val_accuracy: 0.0000e+00 - val_loss: 0.9342 - val_sens_fpr0.005: 0.0795
Epoch 62/400
[1m1/1[0m [32m━━━━━━━━━━━━━━━━━━━━[0m[37m[0m [1m0s[0m 223ms/step - accuracy: 0.0171 - loss: 0.9163[1m1/1[0m [32m━━━━━━━━━━━━━━━━━━━━[0m[37m[0m [1m0s[0m 251ms/step - accuracy: 0.0171 - loss: 0.9163 - val_accuracy: 0.0000e+00 - val_loss: 0.9341 - val_sens_fpr0.005: 0.0795
Epoch 63/400
[1m1/1[0m [32m━━━━━━━━━━━━━━━━━━━━[0m[37m[0m [1m0s[0m 221ms/step - accuracy: 0.0176 - loss: 0.9160[1m1/1[0m [32m━━━━━━━━━━━━━━━━━━━━[0m[37m[0m [1m0s[0m 248ms/step - accuracy: 0.0176 - loss: 0.9160 - val_accuracy: 0.0000e+00 - val_loss: 0.9341 - val_sens_fpr0.005: 0.0830
Epoch 64/400
[1m1/1[0m [32m━━━━━━━━━━━━━━━━━━━━[0m[37m[0m [1m0s[0m 226ms/step - accuracy: 0.0179 - loss: 0.9156[1m1/1[0m [32m━━━━━━━━━━━━━━━━━━━━[0m[37m[0m [1m0s[0m 253ms/step - accuracy: 0.0179 - loss: 0.9156 - val_accuracy: 0.0000e+00 - val_loss: 0.9341 - val_sens_fpr0.005: 0.0830
Epoch 65/400
[1m1/1[0m [32m━━━━━━━━━━━━━━━━━━━━[0m[37m[0m [1m0s[0m 227ms/step - accuracy: 0.0185 - loss: 0.9153[1m1/1[0m [32m━━━━━━━━━━━━━━━━━━━━[0m[37m[0m [1m0s[0m 254ms/step - accuracy: 0.0185 - loss: 0.9153 - val_accuracy: 0.0000e+00 - val_loss: 0.9341 - val_sens_fpr0.005: 0.0830
Epoch 66/400
[1m1/1[0m [32m━━━━━━━━━━━━━━━━━━━━[0m[37m[0m [1m0s[0m 230ms/step - accuracy: 0.0179 - loss: 0.9150[1m1/1[0m [32m━━━━━━━━━━━━━━━━━━━━[0m[37m[0m [1m0s[0m 256ms/step - accuracy: 0.0179 - loss: 0.9150 - val_accuracy: 0.0000e+00 - val_loss: 0.9341 - val_sens_fpr0.005: 0.0830
Epoch 67/400
[1m1/1[0m [32m━━━━━━━━━━━━━━━━━━━━[0m[37m[0m [1m0s[0m 222ms/step - accuracy: 0.0179 - loss: 0.9148[1m1/1[0m [32m━━━━━━━━━━━━━━━━━━━━[0m[37m[0m [1m0s[0m 249ms/step - accuracy: 0.0179 - loss: 0.9148 - val_accuracy: 0.0000e+00 - val_loss: 0.9341 - val_sens_fpr0.005: 0.0830
Epoch 68/400
[1m1/1[0m [32m━━━━━━━━━━━━━━━━━━━━[0m[37m[0m [1m0s[0m 219ms/step - accuracy: 0.0187 - loss: 0.9145[1m1/1[0m [32m━━━━━━━━━━━━━━━━━━━━[0m[37m[0m [1m0s[0m 246ms/step - accuracy: 0.0187 - loss: 0.9145 - val_accuracy: 0.0000e+00 - val_loss: 0.9342 - val_sens_fpr0.005: 0.0830
Epoch 69/400
[1m1/1[0m [32m━━━━━━━━━━━━━━━━━━━━[0m[37m[0m [1m0s[0m 223ms/step - accuracy: 0.0178 - loss: 0.9142[1m1/1[0m [32m━━━━━━━━━━━━━━━━━━━━[0m[37m[0m [1m0s[0m 249ms/step - accuracy: 0.0178 - loss: 0.9142 - val_accuracy: 0.0000e+00 - val_loss: 0.9342 - val_sens_fpr0.005: 0.0830
Epoch 70/400
[1m1/1[0m [32m━━━━━━━━━━━━━━━━━━━━[0m[37m[0m [1m0s[0m 220ms/step - accuracy: 0.0188 - loss: 0.9140[1m1/1[0m [32m━━━━━━━━━━━━━━━━━━━━[0m[37m[0m [1m0s[0m 246ms/step - accuracy: 0.0188 - loss: 0.9140 - val_accuracy: 0.0000e+00 - val_loss: 0.9342 - val_sens_fpr0.005: 0.0830
Epoch 71/400
[1m1/1[0m [32m━━━━━━━━━━━━━━━━━━━━[0m[37m[0m [1m0s[0m 221ms/step - accuracy: 0.0194 - loss: 0.9136[1m1/1[0m [32m━━━━━━━━━━━━━━━━━━━━[0m[37m[0m [1m0s[0m 248ms/step - accuracy: 0.0194 - loss: 0.9136 - val_accuracy: 0.0000e+00 - val_loss: 0.9342 - val_sens_fpr0.005: 0.0830
Epoch 72/400
[1m1/1[0m [32m━━━━━━━━━━━━━━━━━━━━[0m[37m[0m [1m0s[0m 229ms/step - accuracy: 0.0193 - loss: 0.9133[1m1/1[0m [32m━━━━━━━━━━━━━━━━━━━━[0m[37m[0m [1m0s[0m 256ms/step - accuracy: 0.0193 - loss: 0.9133 - val_accuracy: 0.0000e+00 - val_loss: 0.9342 - val_sens_fpr0.005: 0.0957
Epoch 73/400
[1m1/1[0m [32m━━━━━━━━━━━━━━━━━━━━[0m[37m[0m [1m0s[0m 221ms/step - accuracy: 0.0192 - loss: 0.9131[1m1/1[0m [32m━━━━━━━━━━━━━━━━━━━━[0m[37m[0m [1m0s[0m 248ms/step - accuracy: 0.0192 - loss: 0.9131 - val_accuracy: 0.0000e+00 - val_loss: 0.9343 - val_sens_fpr0.005: 0.1048
Epoch 74/400
[1m1/1[0m [32m━━━━━━━━━━━━━━━━━━━━[0m[37m[0m [1m0s[0m 217ms/step - accuracy: 0.0199 - loss: 0.9129[1m1/1[0m [32m━━━━━━━━━━━━━━━━━━━━[0m[37m[0m [1m0s[0m 243ms/step - accuracy: 0.0199 - loss: 0.9129 - val_accuracy: 0.0000e+00 - val_loss: 0.9343 - val_sens_fpr0.005: 0.1048
Epoch 75/400
[1m1/1[0m [32m━━━━━━━━━━━━━━━━━━━━[0m[37m[0m [1m0s[0m 217ms/step - accuracy: 0.0193 - loss: 0.9127[1m1/1[0m [32m━━━━━━━━━━━━━━━━━━━━[0m[37m[0m [1m0s[0m 243ms/step - accuracy: 0.0193 - loss: 0.9127 - val_accuracy: 0.0000e+00 - val_loss: 0.9343 - val_sens_fpr0.005: 0.1139
Epoch 76/400
[1m1/1[0m [32m━━━━━━━━━━━━━━━━━━━━[0m[37m[0m [1m0s[0m 218ms/step - accuracy: 0.0198 - loss: 0.9124[1m1/1[0m [32m━━━━━━━━━━━━━━━━━━━━[0m[37m[0m [1m0s[0m 245ms/step - accuracy: 0.0198 - loss: 0.9124 - val_accuracy: 0.0000e+00 - val_loss: 0.9343 - val_sens_fpr0.005: 0.1139
Epoch 77/400
[1m1/1[0m [32m━━━━━━━━━━━━━━━━━━━━[0m[37m[0m [1m0s[0m 215ms/step - accuracy: 0.0203 - loss: 0.9123[1m1/1[0m [32m━━━━━━━━━━━━━━━━━━━━[0m[37m[0m [1m0s[0m 242ms/step - accuracy: 0.0203 - loss: 0.9123 - val_accuracy: 0.0000e+00 - val_loss: 0.9343 - val_sens_fpr0.005: 0.1139
Epoch 78/400
[1m1/1[0m [32m━━━━━━━━━━━━━━━━━━━━[0m[37m[0m [1m0s[0m 221ms/step - accuracy: 0.0190 - loss: 0.9120[1m1/1[0m [32m━━━━━━━━━━━━━━━━━━━━[0m[37m[0m [1m0s[0m 249ms/step - accuracy: 0.0190 - loss: 0.9120 - val_accuracy: 0.0000e+00 - val_loss: 0.9343 - val_sens_fpr0.005: 0.1139
Epoch 79/400
[1m1/1[0m [32m━━━━━━━━━━━━━━━━━━━━[0m[37m[0m [1m0s[0m 224ms/step - accuracy: 0.0196 - loss: 0.9118[1m1/1[0m [32m━━━━━━━━━━━━━━━━━━━━[0m[37m[0m [1m0s[0m 251ms/step - accuracy: 0.0196 - loss: 0.9118 - val_accuracy: 0.0000e+00 - val_loss: 0.9343 - val_sens_fpr0.005: 0.1139
Epoch 80/400
[1m1/1[0m [32m━━━━━━━━━━━━━━━━━━━━[0m[37m[0m [1m0s[0m 220ms/step - accuracy: 0.0191 - loss: 0.9116[1m1/1[0m [32m━━━━━━━━━━━━━━━━━━━━[0m[37m[0m [1m0s[0m 247ms/step - accuracy: 0.0191 - loss: 0.9116 - val_accuracy: 0.0000e+00 - val_loss: 0.9342 - val_sens_fpr0.005: 0.1139
Epoch 81/400
[1m1/1[0m [32m━━━━━━━━━━━━━━━━━━━━[0m[37m[0m [1m0s[0m 223ms/step - accuracy: 0.0202 - loss: 0.9113[1m1/1[0m [32m━━━━━━━━━━━━━━━━━━━━[0m[37m[0m [1m0s[0m 250ms/step - accuracy: 0.0202 - loss: 0.9113 - val_accuracy: 0.0000e+00 - val_loss: 0.9342 - val_sens_fpr0.005: 0.1139
Epoch 82/400
[1m1/1[0m [32m━━━━━━━━━━━━━━━━━━━━[0m[37m[0m [1m0s[0m 225ms/step - accuracy: 0.0202 - loss: 0.9113[1m1/1[0m [32m━━━━━━━━━━━━━━━━━━━━[0m[37m[0m [1m0s[0m 252ms/step - accuracy: 0.0202 - loss: 0.9113 - val_accuracy: 0.0000e+00 - val_loss: 0.9342 - val_sens_fpr0.005: 0.1139
Epoch 83/400
[1m1/1[0m [32m━━━━━━━━━━━━━━━━━━━━[0m[37m[0m [1m0s[0m 224ms/step - accuracy: 0.0201 - loss: 0.9110[1m1/1[0m [32m━━━━━━━━━━━━━━━━━━━━[0m[37m[0m [1m0s[0m 251ms/step - accuracy: 0.0201 - loss: 0.9110 - val_accuracy: 0.0000e+00 - val_loss: 0.9342 - val_sens_fpr0.005: 0.1175
Epoch 84/400
[1m1/1[0m [32m━━━━━━━━━━━━━━━━━━━━[0m[37m[0m [1m0s[0m 228ms/step - accuracy: 0.0203 - loss: 0.9109[1m1/1[0m [32m━━━━━━━━━━━━━━━━━━━━[0m[37m[0m [1m0s[0m 254ms/step - accuracy: 0.0203 - loss: 0.9109 - val_accuracy: 0.0000e+00 - val_loss: 0.9341 - val_sens_fpr0.005: 0.1175
Epoch 85/400
[1m1/1[0m [32m━━━━━━━━━━━━━━━━━━━━[0m[37m[0m [1m0s[0m 224ms/step - accuracy: 0.0209 - loss: 0.9105[1m1/1[0m [32m━━━━━━━━━━━━━━━━━━━━[0m[37m[0m [1m0s[0m 253ms/step - accuracy: 0.0209 - loss: 0.9105 - val_accuracy: 0.0000e+00 - val_loss: 0.9341 - val_sens_fpr0.005: 0.1175
Epoch 86/400
[1m1/1[0m [32m━━━━━━━━━━━━━━━━━━━━[0m[37m[0m [1m0s[0m 226ms/step - accuracy: 0.0204 - loss: 0.9105[1m1/1[0m [32m━━━━━━━━━━━━━━━━━━━━[0m[37m[0m [1m0s[0m 253ms/step - accuracy: 0.0204 - loss: 0.9105 - val_accuracy: 0.0000e+00 - val_loss: 0.9341 - val_sens_fpr0.005: 0.1175
Epoch 87/400
[1m1/1[0m [32m━━━━━━━━━━━━━━━━━━━━[0m[37m[0m [1m0s[0m 227ms/step - accuracy: 0.0212 - loss: 0.9103[1m1/1[0m [32m━━━━━━━━━━━━━━━━━━━━[0m[37m[0m [1m0s[0m 254ms/step - accuracy: 0.0212 - loss: 0.9103 - val_accuracy: 0.0000e+00 - val_loss: 0.9341 - val_sens_fpr0.005: 0.1392
Epoch 88/400
[1m1/1[0m [32m━━━━━━━━━━━━━━━━━━━━[0m[37m[0m [1m0s[0m 219ms/step - accuracy: 0.0212 - loss: 0.9101[1m1/1[0m [32m━━━━━━━━━━━━━━━━━━━━[0m[37m[0m [1m0s[0m 246ms/step - accuracy: 0.0212 - loss: 0.9101 - val_accuracy: 0.0000e+00 - val_loss: 0.9340 - val_sens_fpr0.005: 0.1392
Epoch 89/400
[1m1/1[0m [32m━━━━━━━━━━━━━━━━━━━━[0m[37m[0m [1m0s[0m 227ms/step - accuracy: 0.0213 - loss: 0.9100[1m1/1[0m [32m━━━━━━━━━━━━━━━━━━━━[0m[37m[0m [1m0s[0m 255ms/step - accuracy: 0.0213 - loss: 0.9100 - val_accuracy: 0.0000e+00 - val_loss: 0.9340 - val_sens_fpr0.005: 0.1392
Epoch 90/400
[1m1/1[0m [32m━━━━━━━━━━━━━━━━━━━━[0m[37m[0m [1m0s[0m 231ms/step - accuracy: 0.0209 - loss: 0.9098[1m1/1[0m [32m━━━━━━━━━━━━━━━━━━━━[0m[37m[0m [1m0s[0m 258ms/step - accuracy: 0.0209 - loss: 0.9098 - val_accuracy: 0.0000e+00 - val_loss: 0.9340 - val_sens_fpr0.005: 0.1392
Epoch 91/400
[1m1/1[0m [32m━━━━━━━━━━━━━━━━━━━━[0m[37m[0m [1m0s[0m 226ms/step - accuracy: 0.0214 - loss: 0.9096[1m1/1[0m [32m━━━━━━━━━━━━━━━━━━━━[0m[37m[0m [1m0s[0m 253ms/step - accuracy: 0.0214 - loss: 0.9096 - val_accuracy: 0.0000e+00 - val_loss: 0.9340 - val_sens_fpr0.005: 0.1519
Epoch 92/400
[1m1/1[0m [32m━━━━━━━━━━━━━━━━━━━━[0m[37m[0m [1m0s[0m 223ms/step - accuracy: 0.0210 - loss: 0.9095[1m1/1[0m [32m━━━━━━━━━━━━━━━━━━━━[0m[37m[0m [1m0s[0m 250ms/step - accuracy: 0.0210 - loss: 0.9095 - val_accuracy: 0.0000e+00 - val_loss: 0.9340 - val_sens_fpr0.005: 0.1519
Epoch 93/400
[1m1/1[0m [32m━━━━━━━━━━━━━━━━━━━━[0m[37m[0m [1m0s[0m 233ms/step - accuracy: 0.0206 - loss: 0.9093[1m1/1[0m [32m━━━━━━━━━━━━━━━━━━━━[0m[37m[0m [1m0s[0m 259ms/step - accuracy: 0.0206 - loss: 0.9093 - val_accuracy: 0.0000e+00 - val_loss: 0.9340 - val_sens_fpr0.005: 0.1519
Epoch 94/400
[1m1/1[0m [32m━━━━━━━━━━━━━━━━━━━━[0m[37m[0m [1m0s[0m 221ms/step - accuracy: 0.0213 - loss: 0.9093[1m1/1[0m [32m━━━━━━━━━━━━━━━━━━━━[0m[37m[0m [1m0s[0m 248ms/step - accuracy: 0.0213 - loss: 0.9093 - val_accuracy: 0.0000e+00 - val_loss: 0.9341 - val_sens_fpr0.005: 0.1646
[4/5] Luke - Diel Drivers/2026-04-08/1_150: 94 epochs (best 91), val_loss 0.9340, 20064/1135 frames train/val, sens@fpr0.5%=0.152
[perch_probe_foldLuke - Diel Drivers/2026-05-06/1_95] training on 43 fold(s), 19628 frames; early stopping on Luke - Diel Drivers/2026-05-06/1_95 (1571 frames)...
Epoch 1/400
[1m1/1[0m [32m━━━━━━━━━━━━━━━━━━━━[0m[37m[0m [1m0s[0m 854ms/step - accuracy: 0.0992 - loss: 1.6569[1m1/1[0m [32m━━━━━━━━━━━━━━━━━━━━[0m[37m[0m [1m1s[0m 1s/step - accuracy: 0.0992 - loss: 1.6569 - val_accuracy: 0.0388 - val_loss: 1.6685 - val_sens_fpr0.005: 0.0137
Epoch 2/400
[1m1/1[0m [32m━━━━━━━━━━━━━━━━━━━━[0m[37m[0m [1m0s[0m 224ms/step - accuracy: 0.0252 - loss: 1.5712[1m1/1[0m [32m━━━━━━━━━━━━━━━━━━━━[0m[37m[0m [1m0s[0m 253ms/step - accuracy: 0.0252 - loss: 1.5712 - val_accuracy: 0.0204 - val_loss: 1.5955 - val_sens_fpr0.005: 0.0068
Epoch 3/400
[1m1/1[0m [32m━━━━━━━━━━━━━━━━━━━━[0m[37m[0m [1m0s[0m 212ms/step - accuracy: 0.0072 - loss: 1.4959[1m1/1[0m [32m━━━━━━━━━━━━━━━━━━━━[0m[37m[0m [1m0s[0m 241ms/step - accuracy: 0.0072 - loss: 1.4959 - val_accuracy: 0.0140 - val_loss: 1.5328 - val_sens_fpr0.005: 0.0068
Epoch 4/400
[1m1/1[0m [32m━━━━━━━━━━━━━━━━━━━━[0m[37m[0m [1m0s[0m 220ms/step - accuracy: 0.0046 - loss: 1.4299[1m1/1[0m [32m━━━━━━━━━━━━━━━━━━━━[0m[37m[0m [1m0s[0m 249ms/step - accuracy: 0.0046 - loss: 1.4299 - val_accuracy: 0.0134 - val_loss: 1.4795 - val_sens_fpr0.005: 0.0068
Epoch 5/400
[1m1/1[0m [32m━━━━━━━━━━━━━━━━━━━━[0m[37m[0m [1m0s[0m 217ms/step - accuracy: 0.0041 - loss: 1.3724[1m1/1[0m [32m━━━━━━━━━━━━━━━━━━━━[0m[37m[0m [1m0s[0m 246ms/step - accuracy: 0.0041 - loss: 1.3724 - val_accuracy: 0.0108 - val_loss: 1.4342 - val_sens_fpr0.005: 0.0000e+00
Epoch 6/400
[1m1/1[0m [32m━━━━━━━━━━━━━━━━━━━━[0m[37m[0m [1m0s[0m 215ms/step - accuracy: 0.0042 - loss: 1.3232[1m1/1[0m [32m━━━━━━━━━━━━━━━━━━━━[0m[37m[0m [1m0s[0m 244ms/step - accuracy: 0.0042 - loss: 1.3232 - val_accuracy: 0.0095 - val_loss: 1.3957 - val_sens_fpr0.005: 0.0000e+00
Epoch 7/400
[1m1/1[0m [32m━━━━━━━━━━━━━━━━━━━━[0m[37m[0m [1m0s[0m 218ms/step - accuracy: 0.0043 - loss: 1.2810[1m1/1[0m [32m━━━━━━━━━━━━━━━━━━━━[0m[37m[0m [1m0s[0m 247ms/step - accuracy: 0.0043 - loss: 1.2810 - val_accuracy: 0.0095 - val_loss: 1.3629 - val_sens_fpr0.005: 0.0000e+00
Epoch 8/400
[1m1/1[0m [32m━━━━━━━━━━━━━━━━━━━━[0m[37m[0m [1m0s[0m 218ms/step - accuracy: 0.0044 - loss: 1.2447[1m1/1[0m [32m━━━━━━━━━━━━━━━━━━━━[0m[37m[0m [1m0s[0m 248ms/step - accuracy: 0.0044 - loss: 1.2447 - val_accuracy: 0.0083 - val_loss: 1.3347 - val_sens_fpr0.005: 0.0000e+00
Epoch 9/400
[1m1/1[0m [32m━━━━━━━━━━━━━━━━━━━━[0m[37m[0m [1m0s[0m 213ms/step - accuracy: 0.0047 - loss: 1.2145[1m1/1[0m [32m━━━━━━━━━━━━━━━━━━━━[0m[37m[0m [1m0s[0m 243ms/step - accuracy: 0.0047 - loss: 1.2145 - val_accuracy: 0.0064 - val_loss: 1.3099 - val_sens_fpr0.005: 0.0000e+00
Epoch 10/400
[1m1/1[0m [32m━━━━━━━━━━━━━━━━━━━━[0m[37m[0m [1m0s[0m 213ms/step - accuracy: 0.0042 - loss: 1.1881[1m1/1[0m [32m━━━━━━━━━━━━━━━━━━━━[0m[37m[0m [1m0s[0m 242ms/step - accuracy: 0.0042 - loss: 1.1881 - val_accuracy: 0.0051 - val_loss: 1.2877 - val_sens_fpr0.005: 0.0000e+00
Epoch 11/400
[1m1/1[0m [32m━━━━━━━━━━━━━━━━━━━━[0m[37m[0m [1m0s[0m 224ms/step - accuracy: 0.0044 - loss: 1.1656[1m1/1[0m [32m━━━━━━━━━━━━━━━━━━━━[0m[37m[0m [1m0s[0m 253ms/step - accuracy: 0.0044 - loss: 1.1656 - val_accuracy: 0.0032 - val_loss: 1.2678 - val_sens_fpr0.005: 0.0000e+00
Epoch 12/400
[1m1/1[0m [32m━━━━━━━━━━━━━━━━━━━━[0m[37m[0m [1m0s[0m 215ms/step - accuracy: 0.0048 - loss: 1.1461[1m1/1[0m [32m━━━━━━━━━━━━━━━━━━━━[0m[37m[0m [1m0s[0m 245ms/step - accuracy: 0.0048 - loss: 1.1461 - val_accuracy: 0.0025 - val_loss: 1.2498 - val_sens_fpr0.005: 0.0000e+00
Epoch 13/400
[1m1/1[0m [32m━━━━━━━━━━━━━━━━━━━━[0m[37m[0m [1m0s[0m 216ms/step - accuracy: 0.0043 - loss: 1.1292[1m1/1[0m [32m━━━━━━━━━━━━━━━━━━━━[0m[37m[0m [1m0s[0m 245ms/step - accuracy: 0.0043 - loss: 1.1292 - val_accuracy: 0.0019 - val_loss: 1.2336 - val_sens_fpr0.005: 0.0000e+00
Epoch 14/400
[1m1/1[0m [32m━━━━━━━━━━━━━━━━━━━━[0m[37m[0m [1m0s[0m 215ms/step - accuracy: 0.0043 - loss: 1.1144[1m1/1[0m [32m━━━━━━━━━━━━━━━━━━━━[0m[37m[0m [1m0s[0m 246ms/step - accuracy: 0.0043 - loss: 1.1144 - val_accuracy: 6.3654e-04 - val_loss: 1.2193 - val_sens_fpr0.005: 0.0000e+00
Epoch 15/400
[1m1/1[0m [32m━━━━━━━━━━━━━━━━━━━━[0m[37m[0m [1m0s[0m 219ms/step - accuracy: 0.0044 - loss: 1.1015[1m1/1[0m [32m━━━━━━━━━━━━━━━━━━━━[0m[37m[0m [1m0s[0m 247ms/step - accuracy: 0.0044 - loss: 1.1015 - val_accuracy: 0.0000e+00 - val_loss: 1.2068 - val_sens_fpr0.005: 0.0000e+00
Epoch 16/400
[1m1/1[0m [32m━━━━━━━━━━━━━━━━━━━━[0m[37m[0m [1m0s[0m 214ms/step - accuracy: 0.0041 - loss: 1.0901[1m1/1[0m [32m━━━━━━━━━━━━━━━━━━━━[0m[37m[0m [1m0s[0m 243ms/step - accuracy: 0.0041 - loss: 1.0901 - val_accuracy: 0.0000e+00 - val_loss: 1.1960 - val_sens_fpr0.005: 0.0000e+00
Epoch 17/400
[1m1/1[0m [32m━━━━━━━━━━━━━━━━━━━━[0m[37m[0m [1m0s[0m 218ms/step - accuracy: 0.0039 - loss: 1.0801[1m1/1[0m [32m━━━━━━━━━━━━━━━━━━━━[0m[37m[0m [1m0s[0m 247ms/step - accuracy: 0.0039 - loss: 1.0801 - val_accuracy: 0.0000e+00 - val_loss: 1.1870 - val_sens_fpr0.005: 0.0000e+00
Epoch 18/400
[1m1/1[0m [32m━━━━━━━━━━━━━━━━━━━━[0m[37m[0m [1m0s[0m 216ms/step - accuracy: 0.0038 - loss: 1.0713[1m1/1[0m [32m━━━━━━━━━━━━━━━━━━━━[0m[37m[0m [1m0s[0m 245ms/step - accuracy: 0.0038 - loss: 1.0713 - val_accuracy: 0.0000e+00 - val_loss: 1.1796 - val_sens_fpr0.005: 0.0000e+00
Epoch 19/400
[1m1/1[0m [32m━━━━━━━━━━━━━━━━━━━━[0m[37m[0m [1m0s[0m 217ms/step - accuracy: 0.0040 - loss: 1.0638[1m1/1[0m [32m━━━━━━━━━━━━━━━━━━━━[0m[37m[0m [1m0s[0m 246ms/step - accuracy: 0.0040 - loss: 1.0638 - val_accuracy: 0.0000e+00 - val_loss: 1.1735 - val_sens_fpr0.005: 0.0000e+00
Epoch 20/400
[1m1/1[0m [32m━━━━━━━━━━━━━━━━━━━━[0m[37m[0m [1m0s[0m 224ms/step - accuracy: 0.0042 - loss: 1.0574[1m1/1[0m [32m━━━━━━━━━━━━━━━━━━━━[0m[37m[0m [1m0s[0m 418ms/step - accuracy: 0.0042 - loss: 1.0574 - val_accuracy: 0.0000e+00 - val_loss: 1.1686 - val_sens_fpr0.005: 0.0000e+00
Epoch 21/400
[1m1/1[0m [32m━━━━━━━━━━━━━━━━━━━━[0m[37m[0m [1m0s[0m 229ms/step - accuracy: 0.0046 - loss: 1.0519[1m1/1[0m [32m━━━━━━━━━━━━━━━━━━━━[0m[37m[0m [1m0s[0m 260ms/step - accuracy: 0.0046 - loss: 1.0519 - val_accuracy: 0.0000e+00 - val_loss: 1.1645 - val_sens_fpr0.005: 0.0000e+00
Epoch 22/400
[1m1/1[0m [32m━━━━━━━━━━━━━━━━━━━━[0m[37m[0m [1m0s[0m 214ms/step - accuracy: 0.0061 - loss: 1.0473[1m1/1[0m [32m━━━━━━━━━━━━━━━━━━━━[0m[37m[0m [1m0s[0m 243ms/step - accuracy: 0.0061 - loss: 1.0473 - val_accuracy: 0.0000e+00 - val_loss: 1.1609 - val_sens_fpr0.005: 0.0000e+00
Epoch 23/400
[1m1/1[0m [32m━━━━━━━━━━━━━━━━━━━━[0m[37m[0m [1m0s[0m 214ms/step - accuracy: 0.0068 - loss: 1.0435[1m1/1[0m [32m━━━━━━━━━━━━━━━━━━━━[0m[37m[0m [1m0s[0m 244ms/step - accuracy: 0.0068 - loss: 1.0435 - val_accuracy: 0.0000e+00 - val_loss: 1.1576 - val_sens_fpr0.005: 0.0000e+00
Epoch 24/400
[1m1/1[0m [32m━━━━━━━━━━━━━━━━━━━━[0m[37m[0m [1m0s[0m 215ms/step - accuracy: 0.0086 - loss: 1.0403[1m1/1[0m [32m━━━━━━━━━━━━━━━━━━━━[0m[37m[0m [1m0s[0m 245ms/step - accuracy: 0.0086 - loss: 1.0403 - val_accuracy: 0.0000e+00 - val_loss: 1.1543 - val_sens_fpr0.005: 0.0000e+00
Epoch 25/400
[1m1/1[0m [32m━━━━━━━━━━━━━━━━━━━━[0m[37m[0m [1m0s[0m 211ms/step - accuracy: 0.0095 - loss: 1.0377[1m1/1[0m [32m━━━━━━━━━━━━━━━━━━━━[0m[37m[0m [1m0s[0m 240ms/step - accuracy: 0.0095 - loss: 1.0377 - val_accuracy: 0.0000e+00 - val_loss: 1.1512 - val_sens_fpr0.005: 0.0000e+00
Epoch 26/400
[1m1/1[0m [32m━━━━━━━━━━━━━━━━━━━━[0m[37m[0m [1m0s[0m 216ms/step - accuracy: 0.0100 - loss: 1.0353[1m1/1[0m [32m━━━━━━━━━━━━━━━━━━━━[0m[37m[0m [1m0s[0m 245ms/step - accuracy: 0.0100 - loss: 1.0353 - val_accuracy: 0.0000e+00 - val_loss: 1.1480 - val_sens_fpr0.005: 0.0000e+00
Epoch 27/400
[1m1/1[0m [32m━━━━━━━━━━━━━━━━━━━━[0m[37m[0m [1m0s[0m 223ms/step - accuracy: 0.0102 - loss: 1.0333[1m1/1[0m [32m━━━━━━━━━━━━━━━━━━━━[0m[37m[0m [1m0s[0m 252ms/step - accuracy: 0.0102 - loss: 1.0333 - val_accuracy: 0.0000e+00 - val_loss: 1.1449 - val_sens_fpr0.005: 0.0000e+00
Epoch 28/400
[1m1/1[0m [32m━━━━━━━━━━━━━━━━━━━━[0m[37m[0m [1m0s[0m 217ms/step - accuracy: 0.0107 - loss: 1.0316[1m1/1[0m [32m━━━━━━━━━━━━━━━━━━━━[0m[37m[0m [1m0s[0m 247ms/step - accuracy: 0.0107 - loss: 1.0316 - val_accuracy: 0.0000e+00 - val_loss: 1.1421 - val_sens_fpr0.005: 0.0000e+00
Epoch 29/400
[1m1/1[0m [32m━━━━━━━━━━━━━━━━━━━━[0m[37m[0m [1m0s[0m 219ms/step - accuracy: 0.0103 - loss: 1.0300[1m1/1[0m [32m━━━━━━━━━━━━━━━━━━━━[0m[37m[0m [1m0s[0m 250ms/step - accuracy: 0.0103 - loss: 1.0300 - val_accuracy: 0.0000e+00 - val_loss: 1.1396 - val_sens_fpr0.005: 0.0000e+00
Epoch 30/400
[1m1/1[0m [32m━━━━━━━━━━━━━━━━━━━━[0m[37m[0m [1m0s[0m 222ms/step - accuracy: 0.0112 - loss: 1.0285[1m1/1[0m [32m━━━━━━━━━━━━━━━━━━━━[0m[37m[0m [1m0s[0m 251ms/step - accuracy: 0.0112 - loss: 1.0285 - val_accuracy: 0.0000e+00 - val_loss: 1.1374 - val_sens_fpr0.005: 8.5616e-04
Epoch 31/400
[1m1/1[0m [32m━━━━━━━━━━━━━━━━━━━━[0m[37m[0m [1m0s[0m 215ms/step - accuracy: 0.0113 - loss: 1.0273[1m1/1[0m [32m━━━━━━━━━━━━━━━━━━━━[0m[37m[0m [1m0s[0m 243ms/step - accuracy: 0.0113 - loss: 1.0273 - val_accuracy: 0.0000e+00 - val_loss: 1.1357 - val_sens_fpr0.005: 8.5616e-04
Epoch 32/400
[1m1/1[0m [32m━━━━━━━━━━━━━━━━━━━━[0m[37m[0m [1m0s[0m 214ms/step - accuracy: 0.0114 - loss: 1.0261[1m1/1[0m [32m━━━━━━━━━━━━━━━━━━━━[0m[37m[0m [1m0s[0m 244ms/step - accuracy: 0.0114 - loss: 1.0261 - val_accuracy: 0.0000e+00 - val_loss: 1.1344 - val_sens_fpr0.005: 8.5616e-04
Epoch 33/400
[1m1/1[0m [32m━━━━━━━━━━━━━━━━━━━━[0m[37m[0m [1m0s[0m 218ms/step - accuracy: 0.0114 - loss: 1.0251[1m1/1[0m [32m━━━━━━━━━━━━━━━━━━━━[0m[37m[0m [1m0s[0m 247ms/step - accuracy: 0.0114 - loss: 1.0251 - val_accuracy: 0.0000e+00 - val_loss: 1.1333 - val_sens_fpr0.005: 0.0068
Epoch 34/400
[1m1/1[0m [32m━━━━━━━━━━━━━━━━━━━━[0m[37m[0m [1m0s[0m 219ms/step - accuracy: 0.0116 - loss: 1.0240[1m1/1[0m [32m━━━━━━━━━━━━━━━━━━━━[0m[37m[0m [1m0s[0m 249ms/step - accuracy: 0.0116 - loss: 1.0240 - val_accuracy: 0.0000e+00 - val_loss: 1.1323 - val_sens_fpr0.005: 0.0068
Epoch 35/400
[1m1/1[0m [32m━━━━━━━━━━━━━━━━━━━━[0m[37m[0m [1m0s[0m 228ms/step - accuracy: 0.0112 - loss: 1.0232[1m1/1[0m [32m━━━━━━━━━━━━━━━━━━━━[0m[37m[0m [1m0s[0m 257ms/step - accuracy: 0.0112 - loss: 1.0232 - val_accuracy: 0.0000e+00 - val_loss: 1.1315 - val_sens_fpr0.005: 0.0068
Epoch 36/400
[1m1/1[0m [32m━━━━━━━━━━━━━━━━━━━━[0m[37m[0m [1m0s[0m 222ms/step - accuracy: 0.0115 - loss: 1.0224[1m1/1[0m [32m━━━━━━━━━━━━━━━━━━━━[0m[37m[0m [1m0s[0m 251ms/step - accuracy: 0.0115 - loss: 1.0224 - val_accuracy: 0.0000e+00 - val_loss: 1.1306 - val_sens_fpr0.005: 0.0068
Epoch 37/400
[1m1/1[0m [32m━━━━━━━━━━━━━━━━━━━━[0m[37m[0m [1m0s[0m 217ms/step - accuracy: 0.0113 - loss: 1.0217[1m1/1[0m [32m━━━━━━━━━━━━━━━━━━━━[0m[37m[0m [1m0s[0m 246ms/step - accuracy: 0.0113 - loss: 1.0217 - val_accuracy: 0.0000e+00 - val_loss: 1.1297 - val_sens_fpr0.005: 0.0068
Epoch 38/400
[1m1/1[0m [32m━━━━━━━━━━━━━━━━━━━━[0m[37m[0m [1m0s[0m 212ms/step - accuracy: 0.0119 - loss: 1.0211[1m1/1[0m [32m━━━━━━━━━━━━━━━━━━━━[0m[37m[0m [1m0s[0m 241ms/step - accuracy: 0.0119 - loss: 1.0211 - val_accuracy: 0.0000e+00 - val_loss: 1.1287 - val_sens_fpr0.005: 0.0068
Epoch 39/400
[1m1/1[0m [32m━━━━━━━━━━━━━━━━━━━━[0m[37m[0m [1m0s[0m 217ms/step - accuracy: 0.0108 - loss: 1.0203[1m1/1[0m [32m━━━━━━━━━━━━━━━━━━━━[0m[37m[0m [1m0s[0m 245ms/step - accuracy: 0.0108 - loss: 1.0203 - val_accuracy: 0.0000e+00 - val_loss: 1.1277 - val_sens_fpr0.005: 0.0068
Epoch 40/400
[1m1/1[0m [32m━━━━━━━━━━━━━━━━━━━━[0m[37m[0m [1m0s[0m 223ms/step - accuracy: 0.0122 - loss: 1.0198[1m1/1[0m [32m━━━━━━━━━━━━━━━━━━━━[0m[37m[0m [1m0s[0m 252ms/step - accuracy: 0.0122 - loss: 1.0198 - val_accuracy: 0.0000e+00 - val_loss: 1.1268 - val_sens_fpr0.005: 0.0068
Epoch 41/400
[1m1/1[0m [32m━━━━━━━━━━━━━━━━━━━━[0m[37m[0m [1m0s[0m 221ms/step - accuracy: 0.0118 - loss: 1.0192[1m1/1[0m [32m━━━━━━━━━━━━━━━━━━━━[0m[37m[0m [1m0s[0m 249ms/step - accuracy: 0.0118 - loss: 1.0192 - val_accuracy: 0.0000e+00 - val_loss: 1.1260 - val_sens_fpr0.005: 0.0068
Epoch 42/400
[1m1/1[0m [32m━━━━━━━━━━━━━━━━━━━━[0m[37m[0m [1m0s[0m 217ms/step - accuracy: 0.0122 - loss: 1.0186[1m1/1[0m [32m━━━━━━━━━━━━━━━━━━━━[0m[37m[0m [1m0s[0m 247ms/step - accuracy: 0.0122 - loss: 1.0186 - val_accuracy: 0.0000e+00 - val_loss: 1.1254 - val_sens_fpr0.005: 0.0068
Epoch 43/400
[1m1/1[0m [32m━━━━━━━━━━━━━━━━━━━━[0m[37m[0m [1m0s[0m 230ms/step - accuracy: 0.0121 - loss: 1.0181[1m1/1[0m [32m━━━━━━━━━━━━━━━━━━━━[0m[37m[0m [1m0s[0m 259ms/step - accuracy: 0.0121 - loss: 1.0181 - val_accuracy: 0.0000e+00 - val_loss: 1.1250 - val_sens_fpr0.005: 0.0068
Epoch 44/400
[1m1/1[0m [32m━━━━━━━━━━━━━━━━━━━━[0m[37m[0m [1m0s[0m 219ms/step - accuracy: 0.0125 - loss: 1.0175[1m1/1[0m [32m━━━━━━━━━━━━━━━━━━━━[0m[37m[0m [1m0s[0m 248ms/step - accuracy: 0.0125 - loss: 1.0175 - val_accuracy: 0.0000e+00 - val_loss: 1.1248 - val_sens_fpr0.005: 0.0068
Epoch 45/400
[1m1/1[0m [32m━━━━━━━━━━━━━━━━━━━━[0m[37m[0m [1m0s[0m 220ms/step - accuracy: 0.0132 - loss: 1.0171[1m1/1[0m [32m━━━━━━━━━━━━━━━━━━━━[0m[37m[0m [1m0s[0m 249ms/step - accuracy: 0.0132 - loss: 1.0171 - val_accuracy: 0.0000e+00 - val_loss: 1.1246 - val_sens_fpr0.005: 0.0068
Epoch 46/400
[1m1/1[0m [32m━━━━━━━━━━━━━━━━━━━━[0m[37m[0m [1m0s[0m 215ms/step - accuracy: 0.0130 - loss: 1.0167[1m1/1[0m [32m━━━━━━━━━━━━━━━━━━━━[0m[37m[0m [1m0s[0m 245ms/step - accuracy: 0.0130 - loss: 1.0167 - val_accuracy: 0.0000e+00 - val_loss: 1.1245 - val_sens_fpr0.005: 0.0077
Epoch 47/400
[1m1/1[0m [32m━━━━━━━━━━━━━━━━━━━━[0m[37m[0m [1m0s[0m 231ms/step - accuracy: 0.0143 - loss: 1.0161[1m1/1[0m [32m━━━━━━━━━━━━━━━━━━━━[0m[37m[0m [1m0s[0m 260ms/step - accuracy: 0.0143 - loss: 1.0161 - val_accuracy: 0.0000e+00 - val_loss: 1.1243 - val_sens_fpr0.005: 0.0077
Epoch 48/400
[1m1/1[0m [32m━━━━━━━━━━━━━━━━━━━━[0m[37m[0m [1m0s[0m 221ms/step - accuracy: 0.0143 - loss: 1.0155[1m1/1[0m [32m━━━━━━━━━━━━━━━━━━━━[0m[37m[0m [1m0s[0m 250ms/step - accuracy: 0.0143 - loss: 1.0155 - val_accuracy: 0.0000e+00 - val_loss: 1.1240 - val_sens_fpr0.005: 0.0137
Epoch 49/400
[1m1/1[0m [32m━━━━━━━━━━━━━━━━━━━━[0m[37m[0m [1m0s[0m 222ms/step - accuracy: 0.0146 - loss: 1.0151[1m1/1[0m [32m━━━━━━━━━━━━━━━━━━━━[0m[37m[0m [1m0s[0m 251ms/step - accuracy: 0.0146 - loss: 1.0151 - val_accuracy: 0.0000e+00 - val_loss: 1.1235 - val_sens_fpr0.005: 0.0137
Epoch 50/400
[1m1/1[0m [32m━━━━━━━━━━━━━━━━━━━━[0m[37m[0m [1m0s[0m 222ms/step - accuracy: 0.0152 - loss: 1.0147[1m1/1[0m [32m━━━━━━━━━━━━━━━━━━━━[0m[37m[0m [1m0s[0m 251ms/step - accuracy: 0.0152 - loss: 1.0147 - val_accuracy: 0.0000e+00 - val_loss: 1.1228 - val_sens_fpr0.005: 0.0137
Epoch 51/400
[1m1/1[0m [32m━━━━━━━━━━━━━━━━━━━━[0m[37m[0m [1m0s[0m 218ms/step - accuracy: 0.0159 - loss: 1.0143[1m1/1[0m [32m━━━━━━━━━━━━━━━━━━━━[0m[37m[0m [1m0s[0m 247ms/step - accuracy: 0.0159 - loss: 1.0143 - val_accuracy: 0.0000e+00 - val_loss: 1.1220 - val_sens_fpr0.005: 0.0137
Epoch 52/400
[1m1/1[0m [32m━━━━━━━━━━━━━━━━━━━━[0m[37m[0m [1m0s[0m 221ms/step - accuracy: 0.0164 - loss: 1.0138[1m1/1[0m [32m━━━━━━━━━━━━━━━━━━━━[0m[37m[0m [1m0s[0m 250ms/step - accuracy: 0.0164 - loss: 1.0138 - val_accuracy: 0.0000e+00 - val_loss: 1.1212 - val_sens_fpr0.005: 0.0137
Epoch 53/400
[1m1/1[0m [32m━━━━━━━━━━━━━━━━━━━━[0m[37m[0m [1m0s[0m 220ms/step - accuracy: 0.0166 - loss: 1.0134[1m1/1[0m [32m━━━━━━━━━━━━━━━━━━━━[0m[37m[0m [1m0s[0m 248ms/step - accuracy: 0.0166 - loss: 1.0134 - val_accuracy: 0.0000e+00 - val_loss: 1.1204 - val_sens_fpr0.005: 0.0137
Epoch 54/400
[1m1/1[0m [32m━━━━━━━━━━━━━━━━━━━━[0m[37m[0m [1m0s[0m 228ms/step - accuracy: 0.0162 - loss: 1.0130[1m1/1[0m [32m━━━━━━━━━━━━━━━━━━━━[0m[37m[0m [1m0s[0m 257ms/step - accuracy: 0.0162 - loss: 1.0130 - val_accuracy: 0.0000e+00 - val_loss: 1.1197 - val_sens_fpr0.005: 0.0137
Epoch 55/400
[1m1/1[0m [32m━━━━━━━━━━━━━━━━━━━━[0m[37m[0m [1m0s[0m 234ms/step - accuracy: 0.0171 - loss: 1.0125[1m1/1[0m [32m━━━━━━━━━━━━━━━━━━━━[0m[37m[0m [1m0s[0m 269ms/step - accuracy: 0.0171 - loss: 1.0125 - val_accuracy: 0.0000e+00 - val_loss: 1.1191 - val_sens_fpr0.005: 0.0137
Epoch 56/400
[1m1/1[0m [32m━━━━━━━━━━━━━━━━━━━━[0m[37m[0m [1m0s[0m 231ms/step - accuracy: 0.0177 - loss: 1.0121[1m1/1[0m [32m━━━━━━━━━━━━━━━━━━━━[0m[37m[0m [1m0s[0m 260ms/step - accuracy: 0.0177 - loss: 1.0121 - val_accuracy: 0.0000e+00 - val_loss: 1.1186 - val_sens_fpr0.005: 0.0137
Epoch 57/400
[1m1/1[0m [32m━━━━━━━━━━━━━━━━━━━━[0m[37m[0m [1m0s[0m 219ms/step - accuracy: 0.0171 - loss: 1.0117[1m1/1[0m [32m━━━━━━━━━━━━━━━━━━━━[0m[37m[0m [1m0s[0m 248ms/step - accuracy: 0.0171 - loss: 1.0117 - val_accuracy: 0.0000e+00 - val_loss: 1.1182 - val_sens_fpr0.005: 0.0137
Epoch 58/400
[1m1/1[0m [32m━━━━━━━━━━━━━━━━━━━━[0m[37m[0m [1m0s[0m 221ms/step - accuracy: 0.0165 - loss: 1.0114[1m1/1[0m [32m━━━━━━━━━━━━━━━━━━━━[0m[37m[0m [1m0s[0m 250ms/step - accuracy: 0.0165 - loss: 1.0114 - val_accuracy: 0.0000e+00 - val_loss: 1.1179 - val_sens_fpr0.005: 0.0137
Epoch 59/400
[1m1/1[0m [32m━━━━━━━━━━━━━━━━━━━━[0m[37m[0m [1m0s[0m 222ms/step - accuracy: 0.0176 - loss: 1.0111[1m1/1[0m [32m━━━━━━━━━━━━━━━━━━━━[0m[37m[0m [1m0s[0m 251ms/step - accuracy: 0.0176 - loss: 1.0111 - val_accuracy: 0.0000e+00 - val_loss: 1.1175 - val_sens_fpr0.005: 0.0137
Epoch 60/400
[1m1/1[0m [32m━━━━━━━━━━━━━━━━━━━━[0m[37m[0m [1m0s[0m 218ms/step - accuracy: 0.0175 - loss: 1.0107[1m1/1[0m [32m━━━━━━━━━━━━━━━━━━━━[0m[37m[0m [1m0s[0m 247ms/step - accuracy: 0.0175 - loss: 1.0107 - val_accuracy: 0.0000e+00 - val_loss: 1.1172 - val_sens_fpr0.005: 0.0137
Epoch 61/400
[1m1/1[0m [32m━━━━━━━━━━━━━━━━━━━━[0m[37m[0m [1m0s[0m 220ms/step - accuracy: 0.0179 - loss: 1.0104[1m1/1[0m [32m━━━━━━━━━━━━━━━━━━━━[0m[37m[0m [1m0s[0m 251ms/step - accuracy: 0.0179 - loss: 1.0104 - val_accuracy: 0.0000e+00 - val_loss: 1.1168 - val_sens_fpr0.005: 0.0137
Epoch 62/400
[1m1/1[0m [32m━━━━━━━━━━━━━━━━━━━━[0m[37m[0m [1m0s[0m 213ms/step - accuracy: 0.0176 - loss: 1.0101[1m1/1[0m [32m━━━━━━━━━━━━━━━━━━━━[0m[37m[0m [1m0s[0m 242ms/step - accuracy: 0.0176 - loss: 1.0101 - val_accuracy: 0.0000e+00 - val_loss: 1.1165 - val_sens_fpr0.005: 0.0137
Epoch 63/400
[1m1/1[0m [32m━━━━━━━━━━━━━━━━━━━━[0m[37m[0m [1m0s[0m 217ms/step - accuracy: 0.0186 - loss: 1.0097[1m1/1[0m [32m━━━━━━━━━━━━━━━━━━━━[0m[37m[0m [1m0s[0m 246ms/step - accuracy: 0.0186 - loss: 1.0097 - val_accuracy: 0.0000e+00 - val_loss: 1.1162 - val_sens_fpr0.005: 0.0205
Epoch 64/400
[1m1/1[0m [32m━━━━━━━━━━━━━━━━━━━━[0m[37m[0m [1m0s[0m 206ms/step - accuracy: 0.0175 - loss: 1.0094[1m1/1[0m [32m━━━━━━━━━━━━━━━━━━━━[0m[37m[0m [1m0s[0m 234ms/step - accuracy: 0.0175 - loss: 1.0094 - val_accuracy: 0.0000e+00 - val_loss: 1.1159 - val_sens_fpr0.005: 0.0205
Epoch 65/400
[1m1/1[0m [32m━━━━━━━━━━━━━━━━━━━━[0m[37m[0m [1m0s[0m 220ms/step - accuracy: 0.0187 - loss: 1.0092[1m1/1[0m [32m━━━━━━━━━━━━━━━━━━━━[0m[37m[0m [1m0s[0m 249ms/step - accuracy: 0.0187 - loss: 1.0092 - val_accuracy: 0.0000e+00 - val_loss: 1.1158 - val_sens_fpr0.005: 0.0214
Epoch 66/400
[1m1/1[0m [32m━━━━━━━━━━━━━━━━━━━━[0m[37m[0m [1m0s[0m 225ms/step - accuracy: 0.0187 - loss: 1.0090[1m1/1[0m [32m━━━━━━━━━━━━━━━━━━━━[0m[37m[0m [1m0s[0m 253ms/step - accuracy: 0.0187 - loss: 1.0090 - val_accuracy: 0.0000e+00 - val_loss: 1.1157 - val_sens_fpr0.005: 0.0274
Epoch 67/400
[1m1/1[0m [32m━━━━━━━━━━━━━━━━━━━━[0m[37m[0m [1m0s[0m 220ms/step - accuracy: 0.0190 - loss: 1.0086[1m1/1[0m [32m━━━━━━━━━━━━━━━━━━━━[0m[37m[0m [1m0s[0m 249ms/step - accuracy: 0.0190 - loss: 1.0086 - val_accuracy: 0.0000e+00 - val_loss: 1.1157 - val_sens_fpr0.005: 0.0274
Epoch 68/400
[1m1/1[0m [32m━━━━━━━━━━━━━━━━━━━━[0m[37m[0m [1m0s[0m 225ms/step - accuracy: 0.0190 - loss: 1.0083[1m1/1[0m [32m━━━━━━━━━━━━━━━━━━━━[0m[37m[0m [1m0s[0m 254ms/step - accuracy: 0.0190 - loss: 1.0083 - val_accuracy: 0.0000e+00 - val_loss: 1.1157 - val_sens_fpr0.005: 0.0274
Epoch 69/400
[1m1/1[0m [32m━━━━━━━━━━━━━━━━━━━━[0m[37m[0m [1m0s[0m 213ms/step - accuracy: 0.0192 - loss: 1.0080[1m1/1[0m [32m━━━━━━━━━━━━━━━━━━━━[0m[37m[0m [1m0s[0m 242ms/step - accuracy: 0.0192 - loss: 1.0080 - val_accuracy: 0.0000e+00 - val_loss: 1.1157 - val_sens_fpr0.005: 0.0274
Epoch 70/400
[1m1/1[0m [32m━━━━━━━━━━━━━━━━━━━━[0m[37m[0m [1m0s[0m 218ms/step - accuracy: 0.0192 - loss: 1.0078[1m1/1[0m [32m━━━━━━━━━━━━━━━━━━━━[0m[37m[0m [1m0s[0m 246ms/step - accuracy: 0.0192 - loss: 1.0078 - val_accuracy: 0.0000e+00 - val_loss: 1.1157 - val_sens_fpr0.005: 0.0274
Epoch 71/400
[1m1/1[0m [32m━━━━━━━━━━━━━━━━━━━━[0m[37m[0m [1m0s[0m 218ms/step - accuracy: 0.0193 - loss: 1.0075[1m1/1[0m [32m━━━━━━━━━━━━━━━━━━━━[0m[37m[0m [1m0s[0m 247ms/step - accuracy: 0.0193 - loss: 1.0075 - val_accuracy: 0.0000e+00 - val_loss: 1.1156 - val_sens_fpr0.005: 0.0274
Epoch 72/400
[1m1/1[0m [32m━━━━━━━━━━━━━━━━━━━━[0m[37m[0m [1m0s[0m 224ms/step - accuracy: 0.0199 - loss: 1.0074[1m1/1[0m [32m━━━━━━━━━━━━━━━━━━━━[0m[37m[0m [1m0s[0m 254ms/step - accuracy: 0.0199 - loss: 1.0074 - val_accuracy: 0.0000e+00 - val_loss: 1.1155 - val_sens_fpr0.005: 0.0274
Epoch 73/400
[1m1/1[0m [32m━━━━━━━━━━━━━━━━━━━━[0m[37m[0m [1m0s[0m 224ms/step - accuracy: 0.0206 - loss: 1.0071[1m1/1[0m [32m━━━━━━━━━━━━━━━━━━━━[0m[37m[0m [1m0s[0m 253ms/step - accuracy: 0.0206 - loss: 1.0071 - val_accuracy: 0.0000e+00 - val_loss: 1.1153 - val_sens_fpr0.005: 0.0274
Epoch 74/400
[1m1/1[0m [32m━━━━━━━━━━━━━━━━━━━━[0m[37m[0m [1m0s[0m 215ms/step - accuracy: 0.0201 - loss: 1.0069[1m1/1[0m [32m━━━━━━━━━━━━━━━━━━━━[0m[37m[0m [1m0s[0m 244ms/step - accuracy: 0.0201 - loss: 1.0069 - val_accuracy: 0.0000e+00 - val_loss: 1.1151 - val_sens_fpr0.005: 0.0274
Epoch 75/400
[1m1/1[0m [32m━━━━━━━━━━━━━━━━━━━━[0m[37m[0m [1m0s[0m 215ms/step - accuracy: 0.0199 - loss: 1.0067[1m1/1[0m [32m━━━━━━━━━━━━━━━━━━━━[0m[37m[0m [1m0s[0m 244ms/step - accuracy: 0.0199 - loss: 1.0067 - val_accuracy: 0.0000e+00 - val_loss: 1.1149 - val_sens_fpr0.005: 0.0274
Epoch 76/400
[1m1/1[0m [32m━━━━━━━━━━━━━━━━━━━━[0m[37m[0m [1m0s[0m 222ms/step - accuracy: 0.0202 - loss: 1.0064[1m1/1[0m [32m━━━━━━━━━━━━━━━━━━━━[0m[37m[0m [1m0s[0m 251ms/step - accuracy: 0.0202 - loss: 1.0064 - val_accuracy: 0.0000e+00 - val_loss: 1.1147 - val_sens_fpr0.005: 0.0274
Epoch 77/400
[1m1/1[0m [32m━━━━━━━━━━━━━━━━━━━━[0m[37m[0m [1m0s[0m 222ms/step - accuracy: 0.0207 - loss: 1.0062[1m1/1[0m [32m━━━━━━━━━━━━━━━━━━━━[0m[37m[0m [1m0s[0m 251ms/step - accuracy: 0.0207 - loss: 1.0062 - val_accuracy: 0.0000e+00 - val_loss: 1.1145 - val_sens_fpr0.005: 0.0274
Epoch 78/400
[1m1/1[0m [32m━━━━━━━━━━━━━━━━━━━━[0m[37m[0m [1m0s[0m 210ms/step - accuracy: 0.0205 - loss: 1.0060[1m1/1[0m [32m━━━━━━━━━━━━━━━━━━━━[0m[37m[0m [1m0s[0m 238ms/step - accuracy: 0.0205 - loss: 1.0060 - val_accuracy: 0.0000e+00 - val_loss: 1.1144 - val_sens_fpr0.005: 0.0274
Epoch 79/400
[1m1/1[0m [32m━━━━━━━━━━━━━━━━━━━━[0m[37m[0m [1m0s[0m 210ms/step - accuracy: 0.0207 - loss: 1.0059[1m1/1[0m [32m━━━━━━━━━━━━━━━━━━━━[0m[37m[0m [1m0s[0m 239ms/step - accuracy: 0.0207 - loss: 1.0059 - val_accuracy: 0.0000e+00 - val_loss: 1.1142 - val_sens_fpr0.005: 0.0274
Epoch 80/400
[1m1/1[0m [32m━━━━━━━━━━━━━━━━━━━━[0m[37m[0m [1m0s[0m 203ms/step - accuracy: 0.0205 - loss: 1.0056[1m1/1[0m [32m━━━━━━━━━━━━━━━━━━━━[0m[37m[0m [1m0s[0m 231ms/step - accuracy: 0.0205 - loss: 1.0056 - val_accuracy: 0.0000e+00 - val_loss: 1.1141 - val_sens_fpr0.005: 0.0274
Epoch 81/400
[1m1/1[0m [32m━━━━━━━━━━━━━━━━━━━━[0m[37m[0m [1m0s[0m 222ms/step - accuracy: 0.0204 - loss: 1.0054[1m1/1[0m [32m━━━━━━━━━━━━━━━━━━━━[0m[37m[0m [1m0s[0m 251ms/step - accuracy: 0.0204 - loss: 1.0054 - val_accuracy: 0.0000e+00 - val_loss: 1.1139 - val_sens_fpr0.005: 0.0274
Epoch 82/400
[1m1/1[0m [32m━━━━━━━━━━━━━━━━━━━━[0m[37m[0m [1m0s[0m 217ms/step - accuracy: 0.0218 - loss: 1.0053[1m1/1[0m [32m━━━━━━━━━━━━━━━━━━━━[0m[37m[0m [1m0s[0m 246ms/step - accuracy: 0.0218 - loss: 1.0053 - val_accuracy: 0.0000e+00 - val_loss: 1.1137 - val_sens_fpr0.005: 0.0274
Epoch 83/400
[1m1/1[0m [32m━━━━━━━━━━━━━━━━━━━━[0m[37m[0m [1m0s[0m 221ms/step - accuracy: 0.0209 - loss: 1.0052[1m1/1[0m [32m━━━━━━━━━━━━━━━━━━━━[0m[37m[0m [1m0s[0m 250ms/step - accuracy: 0.0209 - loss: 1.0052 - val_accuracy: 0.0000e+00 - val_loss: 1.1134 - val_sens_fpr0.005: 0.0274
Epoch 84/400
[1m1/1[0m [32m━━━━━━━━━━━━━━━━━━━━[0m[37m[0m [1m0s[0m 216ms/step - accuracy: 0.0210 - loss: 1.0050[1m1/1[0m [32m━━━━━━━━━━━━━━━━━━━━[0m[37m[0m [1m0s[0m 245ms/step - accuracy: 0.0210 - loss: 1.0050 - val_accuracy: 0.0000e+00 - val_loss: 1.1132 - val_sens_fpr0.005: 0.0274
Epoch 85/400
[1m1/1[0m [32m━━━━━━━━━━━━━━━━━━━━[0m[37m[0m [1m0s[0m 214ms/step - accuracy: 0.0215 - loss: 1.0048[1m1/1[0m [32m━━━━━━━━━━━━━━━━━━━━[0m[37m[0m [1m0s[0m 242ms/step - accuracy: 0.0215 - loss: 1.0048 - val_accuracy: 0.0000e+00 - val_loss: 1.1130 - val_sens_fpr0.005: 0.0274
Epoch 86/400
[1m1/1[0m [32m━━━━━━━━━━━━━━━━━━━━[0m[37m[0m [1m0s[0m 223ms/step - accuracy: 0.0212 - loss: 1.0046[1m1/1[0m [32m━━━━━━━━━━━━━━━━━━━━[0m[37m[0m [1m0s[0m 252ms/step - accuracy: 0.0212 - loss: 1.0046 - val_accuracy: 0.0000e+00 - val_loss: 1.1129 - val_sens_fpr0.005: 0.0274
Epoch 87/400
[1m1/1[0m [32m━━━━━━━━━━━━━━━━━━━━[0m[37m[0m [1m0s[0m 226ms/step - accuracy: 0.0219 - loss: 1.0044[1m1/1[0m [32m━━━━━━━━━━━━━━━━━━━━[0m[37m[0m [1m0s[0m 254ms/step - accuracy: 0.0219 - loss: 1.0044 - val_accuracy: 0.0000e+00 - val_loss: 1.1129 - val_sens_fpr0.005: 0.0274
Epoch 88/400
[1m1/1[0m [32m━━━━━━━━━━━━━━━━━━━━[0m[37m[0m [1m0s[0m 221ms/step - accuracy: 0.0221 - loss: 1.0043[1m1/1[0m [32m━━━━━━━━━━━━━━━━━━━━[0m[37m[0m [1m0s[0m 250ms/step - accuracy: 0.0221 - loss: 1.0043 - val_accuracy: 0.0000e+00 - val_loss: 1.1128 - val_sens_fpr0.005: 0.0274
Epoch 89/400
[1m1/1[0m [32m━━━━━━━━━━━━━━━━━━━━[0m[37m[0m [1m0s[0m 217ms/step - accuracy: 0.0216 - loss: 1.0041[1m1/1[0m [32m━━━━━━━━━━━━━━━━━━━━[0m[37m[0m [1m0s[0m 246ms/step - accuracy: 0.0216 - loss: 1.0041 - val_accuracy: 0.0000e+00 - val_loss: 1.1128 - val_sens_fpr0.005: 0.0274
Epoch 90/400
[1m1/1[0m [32m━━━━━━━━━━━━━━━━━━━━[0m[37m[0m [1m0s[0m 212ms/step - accuracy: 0.0219 - loss: 1.0040[1m1/1[0m [32m━━━━━━━━━━━━━━━━━━━━[0m[37m[0m [1m0s[0m 241ms/step - accuracy: 0.0219 - loss: 1.0040 - val_accuracy: 0.0000e+00 - val_loss: 1.1128 - val_sens_fpr0.005: 0.0274
Epoch 91/400
[1m1/1[0m [32m━━━━━━━━━━━━━━━━━━━━[0m[37m[0m [1m0s[0m 222ms/step - accuracy: 0.0214 - loss: 1.0038[1m1/1[0m [32m━━━━━━━━━━━━━━━━━━━━[0m[37m[0m [1m0s[0m 251ms/step - accuracy: 0.0214 - loss: 1.0038 - val_accuracy: 0.0000e+00 - val_loss: 1.1128 - val_sens_fpr0.005: 0.0274
Epoch 92/400
[1m1/1[0m [32m━━━━━━━━━━━━━━━━━━━━[0m[37m[0m [1m0s[0m 218ms/step - accuracy: 0.0223 - loss: 1.0037[1m1/1[0m [32m━━━━━━━━━━━━━━━━━━━━[0m[37m[0m [1m0s[0m 247ms/step - accuracy: 0.0223 - loss: 1.0037 - val_accuracy: 0.0000e+00 - val_loss: 1.1127 - val_sens_fpr0.005: 0.0274
Epoch 93/400
[1m1/1[0m [32m━━━━━━━━━━━━━━━━━━━━[0m[37m[0m [1m0s[0m 230ms/step - accuracy: 0.0217 - loss: 1.0036[1m1/1[0m [32m━━━━━━━━━━━━━━━━━━━━[0m[37m[0m [1m0s[0m 258ms/step - accuracy: 0.0217 - loss: 1.0036 - val_accuracy: 0.0000e+00 - val_loss: 1.1125 - val_sens_fpr0.005: 0.0274
Epoch 94/400
[1m1/1[0m [32m━━━━━━━━━━━━━━━━━━━━[0m[37m[0m [1m0s[0m 227ms/step - accuracy: 0.0219 - loss: 1.0034[1m1/1[0m [32m━━━━━━━━━━━━━━━━━━━━[0m[37m[0m [1m0s[0m 256ms/step - accuracy: 0.0219 - loss: 1.0034 - val_accuracy: 0.0000e+00 - val_loss: 1.1124 - val_sens_fpr0.005: 0.0291
Epoch 95/400
[1m1/1[0m [32m━━━━━━━━━━━━━━━━━━━━[0m[37m[0m [1m0s[0m 221ms/step - accuracy: 0.0220 - loss: 1.0032[1m1/1[0m [32m━━━━━━━━━━━━━━━━━━━━[0m[37m[0m [1m0s[0m 250ms/step - accuracy: 0.0220 - loss: 1.0032 - val_accuracy: 0.0000e+00 - val_loss: 1.1123 - val_sens_fpr0.005: 0.0291
Epoch 96/400
[1m1/1[0m [32m━━━━━━━━━━━━━━━━━━━━[0m[37m[0m [1m0s[0m 217ms/step - accuracy: 0.0218 - loss: 1.0032[1m1/1[0m [32m━━━━━━━━━━━━━━━━━━━━[0m[37m[0m [1m0s[0m 245ms/step - accuracy: 0.0218 - loss: 1.0032 - val_accuracy: 0.0000e+00 - val_loss: 1.1122 - val_sens_fpr0.005: 0.0291
Epoch 97/400
[1m1/1[0m [32m━━━━━━━━━━━━━━━━━━━━[0m[37m[0m [1m0s[0m 223ms/step - accuracy: 0.0221 - loss: 1.0030[1m1/1[0m [32m━━━━━━━━━━━━━━━━━━━━[0m[37m[0m [1m0s[0m 253ms/step - accuracy: 0.0221 - loss: 1.0030 - val_accuracy: 0.0000e+00 - val_loss: 1.1122 - val_sens_fpr0.005: 0.0351
Epoch 98/400
[1m1/1[0m [32m━━━━━━━━━━━━━━━━━━━━[0m[37m[0m [1m0s[0m 216ms/step - accuracy: 0.0220 - loss: 1.0029[1m1/1[0m [32m━━━━━━━━━━━━━━━━━━━━[0m[37m[0m [1m0s[0m 249ms/step - accuracy: 0.0220 - loss: 1.0029 - val_accuracy: 0.0000e+00 - val_loss: 1.1121 - val_sens_fpr0.005: 0.0351
Epoch 99/400
[1m1/1[0m [32m━━━━━━━━━━━━━━━━━━━━[0m[37m[0m [1m0s[0m 223ms/step - accuracy: 0.0221 - loss: 1.0028[1m1/1[0m [32m━━━━━━━━━━━━━━━━━━━━[0m[37m[0m [1m0s[0m 252ms/step - accuracy: 0.0221 - loss: 1.0028 - val_accuracy: 0.0000e+00 - val_loss: 1.1120 - val_sens_fpr0.005: 0.0351
Epoch 100/400
[1m1/1[0m [32m━━━━━━━━━━━━━━━━━━━━[0m[37m[0m [1m0s[0m 228ms/step - accuracy: 0.0227 - loss: 1.0026[1m1/1[0m [32m━━━━━━━━━━━━━━━━━━━━[0m[37m[0m [1m0s[0m 257ms/step - accuracy: 0.0227 - loss: 1.0026 - val_accuracy: 0.0000e+00 - val_loss: 1.1119 - val_sens_fpr0.005: 0.0411
Epoch 101/400
[1m1/1[0m [32m━━━━━━━━━━━━━━━━━━━━[0m[37m[0m [1m0s[0m 217ms/step - accuracy: 0.0222 - loss: 1.0025[1m1/1[0m [32m━━━━━━━━━━━━━━━━━━━━[0m[37m[0m [1m0s[0m 246ms/step - accuracy: 0.0222 - loss: 1.0025 - val_accuracy: 0.0000e+00 - val_loss: 1.1119 - val_sens_fpr0.005: 0.0411
Epoch 102/400
[1m1/1[0m [32m━━━━━━━━━━━━━━━━━━━━[0m[37m[0m [1m0s[0m 231ms/step - accuracy: 0.0225 - loss: 1.0024[1m1/1[0m [32m━━━━━━━━━━━━━━━━━━━━[0m[37m[0m [1m0s[0m 261ms/step - accuracy: 0.0225 - loss: 1.0024 - val_accuracy: 0.0000e+00 - val_loss: 1.1118 - val_sens_fpr0.005: 0.0411
Epoch 103/400
[1m1/1[0m [32m━━━━━━━━━━━━━━━━━━━━[0m[37m[0m [1m0s[0m 220ms/step - accuracy: 0.0221 - loss: 1.0023[1m1/1[0m [32m━━━━━━━━━━━━━━━━━━━━[0m[37m[0m [1m0s[0m 249ms/step - accuracy: 0.0221 - loss: 1.0023 - val_accuracy: 0.0000e+00 - val_loss: 1.1116 - val_sens_fpr0.005: 0.0411
Epoch 104/400
[1m1/1[0m [32m━━━━━━━━━━━━━━━━━━━━[0m[37m[0m [1m0s[0m 223ms/step - accuracy: 0.0222 - loss: 1.0021[1m1/1[0m [32m━━━━━━━━━━━━━━━━━━━━[0m[37m[0m [1m0s[0m 251ms/step - accuracy: 0.0222 - loss: 1.0021 - val_accuracy: 0.0000e+00 - val_loss: 1.1115 - val_sens_fpr0.005: 0.0420
Epoch 105/400
[1m1/1[0m [32m━━━━━━━━━━━━━━━━━━━━[0m[37m[0m [1m0s[0m 222ms/step - accuracy: 0.0228 - loss: 1.0021[1m1/1[0m [32m━━━━━━━━━━━━━━━━━━━━[0m[37m[0m [1m0s[0m 251ms/step - accuracy: 0.0228 - loss: 1.0021 - val_accuracy: 0.0000e+00 - val_loss: 1.1114 - val_sens_fpr0.005: 0.0420
Epoch 106/400
[1m1/1[0m [32m━━━━━━━━━━━━━━━━━━━━[0m[37m[0m [1m0s[0m 223ms/step - accuracy: 0.0231 - loss: 1.0019[1m1/1[0m [32m━━━━━━━━━━━━━━━━━━━━[0m[37m[0m [1m0s[0m 252ms/step - accuracy: 0.0231 - loss: 1.0019 - val_accuracy: 0.0000e+00 - val_loss: 1.1114 - val_sens_fpr0.005: 0.0411
Epoch 107/400
[1m1/1[0m [32m━━━━━━━━━━━━━━━━━━━━[0m[37m[0m [1m0s[0m 226ms/step - accuracy: 0.0227 - loss: 1.0018[1m1/1[0m [32m━━━━━━━━━━━━━━━━━━━━[0m[37m[0m [1m0s[0m 255ms/step - accuracy: 0.0227 - loss: 1.0018 - val_accuracy: 0.0000e+00 - val_loss: 1.1113 - val_sens_fpr0.005: 0.0411
Epoch 108/400
[1m1/1[0m [32m━━━━━━━━━━━━━━━━━━━━[0m[37m[0m [1m0s[0m 218ms/step - accuracy: 0.0225 - loss: 1.0017[1m1/1[0m [32m━━━━━━━━━━━━━━━━━━━━[0m[37m[0m [1m0s[0m 247ms/step - accuracy: 0.0225 - loss: 1.0017 - val_accuracy: 0.0000e+00 - val_loss: 1.1113 - val_sens_fpr0.005: 0.0411
Epoch 109/400
[1m1/1[0m [32m━━━━━━━━━━━━━━━━━━━━[0m[37m[0m [1m0s[0m 207ms/step - accuracy: 0.0235 - loss: 1.0016[1m1/1[0m [32m━━━━━━━━━━━━━━━━━━━━[0m[37m[0m [1m0s[0m 235ms/step - accuracy: 0.0235 - loss: 1.0016 - val_accuracy: 0.0000e+00 - val_loss: 1.1113 - val_sens_fpr0.005: 0.0411
Epoch 110/400
[1m1/1[0m [32m━━━━━━━━━━━━━━━━━━━━[0m[37m[0m [1m0s[0m 218ms/step - accuracy: 0.0229 - loss: 1.0015[1m1/1[0m [32m━━━━━━━━━━━━━━━━━━━━[0m[37m[0m [1m0s[0m 248ms/step - accuracy: 0.0229 - loss: 1.0015 - val_accuracy: 0.0000e+00 - val_loss: 1.1112 - val_sens_fpr0.005: 0.0411
Epoch 111/400
[1m1/1[0m [32m━━━━━━━━━━━━━━━━━━━━[0m[37m[0m [1m0s[0m 217ms/step - accuracy: 0.0227 - loss: 1.0014[1m1/1[0m [32m━━━━━━━━━━━━━━━━━━━━[0m[37m[0m [1m0s[0m 245ms/step - accuracy: 0.0227 - loss: 1.0014 - val_accuracy: 0.0000e+00 - val_loss: 1.1112 - val_sens_fpr0.005: 0.0411
Epoch 112/400
[1m1/1[0m [32m━━━━━━━━━━━━━━━━━━━━[0m[37m[0m [1m0s[0m 216ms/step - accuracy: 0.0227 - loss: 1.0012[1m1/1[0m [32m━━━━━━━━━━━━━━━━━━━━[0m[37m[0m [1m0s[0m 244ms/step - accuracy: 0.0227 - loss: 1.0012 - val_accuracy: 0.0000e+00 - val_loss: 1.1111 - val_sens_fpr0.005: 0.0411
Epoch 113/400
[1m1/1[0m [32m━━━━━━━━━━━━━━━━━━━━[0m[37m[0m [1m0s[0m 219ms/step - accuracy: 0.0234 - loss: 1.0012[1m1/1[0m [32m━━━━━━━━━━━━━━━━━━━━[0m[37m[0m [1m0s[0m 248ms/step - accuracy: 0.0234 - loss: 1.0012 - val_accuracy: 0.0000e+00 - val_loss: 1.1110 - val_sens_fpr0.005: 0.0411
Epoch 114/400
[1m1/1[0m [32m━━━━━━━━━━━━━━━━━━━━[0m[37m[0m [1m0s[0m 212ms/step - accuracy: 0.0235 - loss: 1.0011[1m1/1[0m [32m━━━━━━━━━━━━━━━━━━━━[0m[37m[0m [1m0s[0m 242ms/step - accuracy: 0.0235 - loss: 1.0011 - val_accuracy: 0.0000e+00 - val_loss: 1.1109 - val_sens_fpr0.005: 0.0351
Epoch 115/400
[1m1/1[0m [32m━━━━━━━━━━━━━━━━━━━━[0m[37m[0m [1m0s[0m 215ms/step - accuracy: 0.0226 - loss: 1.0009[1m1/1[0m [32m━━━━━━━━━━━━━━━━━━━━[0m[37m[0m [1m0s[0m 243ms/step - accuracy: 0.0226 - loss: 1.0009 - val_accuracy: 0.0000e+00 - val_loss: 1.1108 - val_sens_fpr0.005: 0.0351
Epoch 116/400
[1m1/1[0m [32m━━━━━━━━━━━━━━━━━━━━[0m[37m[0m [1m0s[0m 219ms/step - accuracy: 0.0225 - loss: 1.0008[1m1/1[0m [32m━━━━━━━━━━━━━━━━━━━━[0m[37m[0m [1m0s[0m 248ms/step - accuracy: 0.0225 - loss: 1.0008 - val_accuracy: 0.0000e+00 - val_loss: 1.1107 - val_sens_fpr0.005: 0.0351
Epoch 117/400
[1m1/1[0m [32m━━━━━━━━━━━━━━━━━━━━[0m[37m[0m [1m0s[0m 216ms/step - accuracy: 0.0230 - loss: 1.0009[1m1/1[0m [32m━━━━━━━━━━━━━━━━━━━━[0m[37m[0m [1m0s[0m 244ms/step - accuracy: 0.0230 - loss: 1.0009 - val_accuracy: 0.0000e+00 - val_loss: 1.1106 - val_sens_fpr0.005: 0.0351
Epoch 118/400
[1m1/1[0m [32m━━━━━━━━━━━━━━━━━━━━[0m[37m[0m [1m0s[0m 217ms/step - accuracy: 0.0227 - loss: 1.0007[1m1/1[0m [32m━━━━━━━━━━━━━━━━━━━━[0m[37m[0m [1m0s[0m 246ms/step - accuracy: 0.0227 - loss: 1.0007 - val_accuracy: 0.0000e+00 - val_loss: 1.1106 - val_sens_fpr0.005: 0.0351
Epoch 119/400
[1m1/1[0m [32m━━━━━━━━━━━━━━━━━━━━[0m[37m[0m [1m0s[0m 219ms/step - accuracy: 0.0235 - loss: 1.0006[1m1/1[0m [32m━━━━━━━━━━━━━━━━━━━━[0m[37m[0m [1m0s[0m 247ms/step - accuracy: 0.0235 - loss: 1.0006 - val_accuracy: 0.0000e+00 - val_loss: 1.1105 - val_sens_fpr0.005: 0.0351
Epoch 120/400
[1m1/1[0m [32m━━━━━━━━━━━━━━━━━━━━[0m[37m[0m [1m0s[0m 210ms/step - accuracy: 0.0235 - loss: 1.0005[1m1/1[0m [32m━━━━━━━━━━━━━━━━━━━━[0m[37m[0m [1m0s[0m 239ms/step - accuracy: 0.0235 - loss: 1.0005 - val_accuracy: 0.0000e+00 - val_loss: 1.1105 - val_sens_fpr0.005: 0.0351
Epoch 121/400
[1m1/1[0m [32m━━━━━━━━━━━━━━━━━━━━[0m[37m[0m [1m0s[0m 206ms/step - accuracy: 0.0228 - loss: 1.0004[1m1/1[0m [32m━━━━━━━━━━━━━━━━━━━━[0m[37m[0m [1m0s[0m 234ms/step - accuracy: 0.0228 - loss: 1.0004 - val_accuracy: 0.0000e+00 - val_loss: 1.1104 - val_sens_fpr0.005: 0.0351
Epoch 122/400
[1m1/1[0m [32m━━━━━━━━━━━━━━━━━━━━[0m[37m[0m [1m0s[0m 210ms/step - accuracy: 0.0236 - loss: 1.0003[1m1/1[0m [32m━━━━━━━━━━━━━━━━━━━━[0m[37m[0m [1m0s[0m 239ms/step - accuracy: 0.0236 - loss: 1.0003 - val_accuracy: 0.0000e+00 - val_loss: 1.1104 - val_sens_fpr0.005: 0.0351
Epoch 123/400
[1m1/1[0m [32m━━━━━━━━━━━━━━━━━━━━[0m[37m[0m [1m0s[0m 217ms/step - accuracy: 0.0237 - loss: 1.0003[1m1/1[0m [32m━━━━━━━━━━━━━━━━━━━━[0m[37m[0m [1m0s[0m 246ms/step - accuracy: 0.0237 - loss: 1.0003 - val_accuracy: 0.0000e+00 - val_loss: 1.1103 - val_sens_fpr0.005: 0.0351
Epoch 124/400
[1m1/1[0m [32m━━━━━━━━━━━━━━━━━━━━[0m[37m[0m [1m0s[0m 218ms/step - accuracy: 0.0236 - loss: 1.0002[1m1/1[0m [32m━━━━━━━━━━━━━━━━━━━━[0m[37m[0m [1m0s[0m 247ms/step - accuracy: 0.0236 - loss: 1.0002 - val_accuracy: 0.0000e+00 - val_loss: 1.1102 - val_sens_fpr0.005: 0.0351
Epoch 125/400
[1m1/1[0m [32m━━━━━━━━━━━━━━━━━━━━[0m[37m[0m [1m0s[0m 214ms/step - accuracy: 0.0225 - loss: 1.0001[1m1/1[0m [32m━━━━━━━━━━━━━━━━━━━━[0m[37m[0m [1m0s[0m 243ms/step - accuracy: 0.0225 - loss: 1.0001 - val_accuracy: 0.0000e+00 - val_loss: 1.1101 - val_sens_fpr0.005: 0.0351
Epoch 126/400
[1m1/1[0m [32m━━━━━━━━━━━━━━━━━━━━[0m[37m[0m [1m0s[0m 220ms/step - accuracy: 0.0236 - loss: 1.0000[1m1/1[0m [32m━━━━━━━━━━━━━━━━━━━━[0m[37m[0m [1m0s[0m 249ms/step - accuracy: 0.0236 - loss: 1.0000 - val_accuracy: 0.0000e+00 - val_loss: 1.1101 - val_sens_fpr0.005: 0.0351
Epoch 127/400
[1m1/1[0m [32m━━━━━━━━━━━━━━━━━━━━[0m[37m[0m [1m0s[0m 214ms/step - accuracy: 0.0234 - loss: 0.9999[1m1/1[0m [32m━━━━━━━━━━━━━━━━━━━━[0m[37m[0m [1m0s[0m 243ms/step - accuracy: 0.0234 - loss: 0.9999 - val_accuracy: 0.0000e+00 - val_loss: 1.1101 - val_sens_fpr0.005: 0.0351
Epoch 128/400
[1m1/1[0m [32m━━━━━━━━━━━━━━━━━━━━[0m[37m[0m [1m0s[0m 225ms/step - accuracy: 0.0231 - loss: 0.9999[1m1/1[0m [32m━━━━━━━━━━━━━━━━━━━━[0m[37m[0m [1m0s[0m 254ms/step - accuracy: 0.0231 - loss: 0.9999 - val_accuracy: 0.0000e+00 - val_loss: 1.1100 - val_sens_fpr0.005: 0.0351
Epoch 129/400
[1m1/1[0m [32m━━━━━━━━━━━━━━━━━━━━[0m[37m[0m [1m0s[0m 221ms/step - accuracy: 0.0233 - loss: 0.9997[1m1/1[0m [32m━━━━━━━━━━━━━━━━━━━━[0m[37m[0m [1m0s[0m 250ms/step - accuracy: 0.0233 - loss: 0.9997 - val_accuracy: 0.0000e+00 - val_loss: 1.1100 - val_sens_fpr0.005: 0.0351
Epoch 130/400
[1m1/1[0m [32m━━━━━━━━━━━━━━━━━━━━[0m[37m[0m [1m0s[0m 218ms/step - accuracy: 0.0235 - loss: 0.9997[1m1/1[0m [32m━━━━━━━━━━━━━━━━━━━━[0m[37m[0m [1m0s[0m 247ms/step - accuracy: 0.0235 - loss: 0.9997 - val_accuracy: 0.0000e+00 - val_loss: 1.1100 - val_sens_fpr0.005: 0.0351
Epoch 131/400
[1m1/1[0m [32m━━━━━━━━━━━━━━━━━━━━[0m[37m[0m [1m0s[0m 215ms/step - accuracy: 0.0236 - loss: 0.9996[1m1/1[0m [32m━━━━━━━━━━━━━━━━━━━━[0m[37m[0m [1m0s[0m 244ms/step - accuracy: 0.0236 - loss: 0.9996 - val_accuracy: 0.0000e+00 - val_loss: 1.1099 - val_sens_fpr0.005: 0.0411
Epoch 132/400
[1m1/1[0m [32m━━━━━━━━━━━━━━━━━━━━[0m[37m[0m [1m0s[0m 213ms/step - accuracy: 0.0237 - loss: 0.9995[1m1/1[0m [32m━━━━━━━━━━━━━━━━━━━━[0m[37m[0m [1m0s[0m 245ms/step - accuracy: 0.0237 - loss: 0.9995 - val_accuracy: 0.0000e+00 - val_loss: 1.1099 - val_sens_fpr0.005: 0.0411
Epoch 133/400
[1m1/1[0m [32m━━━━━━━━━━━━━━━━━━━━[0m[37m[0m [1m0s[0m 214ms/step - accuracy: 0.0236 - loss: 0.9995[1m1/1[0m [32m━━━━━━━━━━━━━━━━━━━━[0m[37m[0m [1m0s[0m 243ms/step - accuracy: 0.0236 - loss: 0.9995 - val_accuracy: 0.0000e+00 - val_loss: 1.1098 - val_sens_fpr0.005: 0.0411
Epoch 134/400
[1m1/1[0m [32m━━━━━━━━━━━━━━━━━━━━[0m[37m[0m [1m0s[0m 224ms/step - accuracy: 0.0241 - loss: 0.9994[1m1/1[0m [32m━━━━━━━━━━━━━━━━━━━━[0m[37m[0m [1m0s[0m 253ms/step - accuracy: 0.0241 - loss: 0.9994 - val_accuracy: 0.0000e+00 - val_loss: 1.1097 - val_sens_fpr0.005: 0.0411
Epoch 135/400
[1m1/1[0m [32m━━━━━━━━━━━━━━━━━━━━[0m[37m[0m [1m0s[0m 218ms/step - accuracy: 0.0245 - loss: 0.9993[1m1/1[0m [32m━━━━━━━━━━━━━━━━━━━━[0m[37m[0m [1m0s[0m 247ms/step - accuracy: 0.0245 - loss: 0.9993 - val_accuracy: 0.0000e+00 - val_loss: 1.1096 - val_sens_fpr0.005: 0.0411
Epoch 136/400
[1m1/1[0m [32m━━━━━━━━━━━━━━━━━━━━[0m[37m[0m [1m0s[0m 219ms/step - accuracy: 0.0239 - loss: 0.9992[1m1/1[0m [32m━━━━━━━━━━━━━━━━━━━━[0m[37m[0m [1m0s[0m 248ms/step - accuracy: 0.0239 - loss: 0.9992 - val_accuracy: 0.0000e+00 - val_loss: 1.1096 - val_sens_fpr0.005: 0.0411
Epoch 137/400
[1m1/1[0m [32m━━━━━━━━━━━━━━━━━━━━[0m[37m[0m [1m0s[0m 218ms/step - accuracy: 0.0242 - loss: 0.9991[1m1/1[0m [32m━━━━━━━━━━━━━━━━━━━━[0m[37m[0m [1m0s[0m 246ms/step - accuracy: 0.0242 - loss: 0.9991 - val_accuracy: 0.0000e+00 - val_loss: 1.1095 - val_sens_fpr0.005: 0.0411
Epoch 138/400
[1m1/1[0m [32m━━━━━━━━━━━━━━━━━━━━[0m[37m[0m [1m0s[0m 210ms/step - accuracy: 0.0237 - loss: 0.9991[1m1/1[0m [32m━━━━━━━━━━━━━━━━━━━━[0m[37m[0m [1m0s[0m 239ms/step - accuracy: 0.0237 - loss: 0.9991 - val_accuracy: 0.0000e+00 - val_loss: 1.1095 - val_sens_fpr0.005: 0.0411
Epoch 139/400
[1m1/1[0m [32m━━━━━━━━━━━━━━━━━━━━[0m[37m[0m [1m0s[0m 223ms/step - accuracy: 0.0233 - loss: 0.9990[1m1/1[0m [32m━━━━━━━━━━━━━━━━━━━━[0m[37m[0m [1m0s[0m 252ms/step - accuracy: 0.0233 - loss: 0.9990 - val_accuracy: 0.0000e+00 - val_loss: 1.1094 - val_sens_fpr0.005: 0.0411
Epoch 140/400
[1m1/1[0m [32m━━━━━━━━━━━━━━━━━━━━[0m[37m[0m [1m0s[0m 219ms/step - accuracy: 0.0238 - loss: 0.9989[1m1/1[0m [32m━━━━━━━━━━━━━━━━━━━━[0m[37m[0m [1m0s[0m 247ms/step - accuracy: 0.0238 - loss: 0.9989 - val_accuracy: 0.0000e+00 - val_loss: 1.1094 - val_sens_fpr0.005: 0.0411
Epoch 141/400
[1m1/1[0m [32m━━━━━━━━━━━━━━━━━━━━[0m[37m[0m [1m0s[0m 213ms/step - accuracy: 0.0240 - loss: 0.9989[1m1/1[0m [32m━━━━━━━━━━━━━━━━━━━━[0m[37m[0m [1m0s[0m 243ms/step - accuracy: 0.0240 - loss: 0.9989 - val_accuracy: 0.0000e+00 - val_loss: 1.1094 - val_sens_fpr0.005: 0.0411
Epoch 142/400
[1m1/1[0m [32m━━━━━━━━━━━━━━━━━━━━[0m[37m[0m [1m0s[0m 215ms/step - accuracy: 0.0248 - loss: 0.9988[1m1/1[0m [32m━━━━━━━━━━━━━━━━━━━━[0m[37m[0m [1m0s[0m 245ms/step - accuracy: 0.0248 - loss: 0.9988 - val_accuracy: 0.0000e+00 - val_loss: 1.1093 - val_sens_fpr0.005: 0.0411
Epoch 143/400
[1m1/1[0m [32m━━━━━━━━━━━━━━━━━━━━[0m[37m[0m [1m0s[0m 217ms/step - accuracy: 0.0252 - loss: 0.9987[1m1/1[0m [32m━━━━━━━━━━━━━━━━━━━━[0m[37m[0m [1m0s[0m 246ms/step - accuracy: 0.0252 - loss: 0.9987 - val_accuracy: 0.0000e+00 - val_loss: 1.1093 - val_sens_fpr0.005: 0.0411
Epoch 144/400
[1m1/1[0m [32m━━━━━━━━━━━━━━━━━━━━[0m[37m[0m [1m0s[0m 219ms/step - accuracy: 0.0245 - loss: 0.9986[1m1/1[0m [32m━━━━━━━━━━━━━━━━━━━━[0m[37m[0m [1m0s[0m 248ms/step - accuracy: 0.0245 - loss: 0.9986 - val_accuracy: 0.0000e+00 - val_loss: 1.1092 - val_sens_fpr0.005: 0.0411
Epoch 145/400
[1m1/1[0m [32m━━━━━━━━━━━━━━━━━━━━[0m[37m[0m [1m0s[0m 223ms/step - accuracy: 0.0251 - loss: 0.9986[1m1/1[0m [32m━━━━━━━━━━━━━━━━━━━━[0m[37m[0m [1m0s[0m 252ms/step - accuracy: 0.0251 - loss: 0.9986 - val_accuracy: 0.0000e+00 - val_loss: 1.1091 - val_sens_fpr0.005: 0.0420
Epoch 146/400
[1m1/1[0m [32m━━━━━━━━━━━━━━━━━━━━[0m[37m[0m [1m0s[0m 225ms/step - accuracy: 0.0238 - loss: 0.9985[1m1/1[0m [32m━━━━━━━━━━━━━━━━━━━━[0m[37m[0m [1m0s[0m 253ms/step - accuracy: 0.0238 - loss: 0.9985 - val_accuracy: 0.0000e+00 - val_loss: 1.1091 - val_sens_fpr0.005: 0.0420
Epoch 147/400
[1m1/1[0m [32m━━━━━━━━━━━━━━━━━━━━[0m[37m[0m [1m0s[0m 215ms/step - accuracy: 0.0241 - loss: 0.9984[1m1/1[0m [32m━━━━━━━━━━━━━━━━━━━━[0m[37m[0m [1m0s[0m 244ms/step - accuracy: 0.0241 - loss: 0.9984 - val_accuracy: 0.0000e+00 - val_loss: 1.1090 - val_sens_fpr0.005: 0.0420
Epoch 148/400
[1m1/1[0m [32m━━━━━━━━━━━━━━━━━━━━[0m[37m[0m [1m0s[0m 213ms/step - accuracy: 0.0250 - loss: 0.9984[1m1/1[0m [32m━━━━━━━━━━━━━━━━━━━━[0m[37m[0m [1m0s[0m 242ms/step - accuracy: 0.0250 - loss: 0.9984 - val_accuracy: 0.0000e+00 - val_loss: 1.1090 - val_sens_fpr0.005: 0.0420
Epoch 149/400
[1m1/1[0m [32m━━━━━━━━━━━━━━━━━━━━[0m[37m[0m [1m0s[0m 218ms/step - accuracy: 0.0239 - loss: 0.9984[1m1/1[0m [32m━━━━━━━━━━━━━━━━━━━━[0m[37m[0m [1m0s[0m 247ms/step - accuracy: 0.0239 - loss: 0.9984 - val_accuracy: 0.0000e+00 - val_loss: 1.1090 - val_sens_fpr0.005: 0.0420
Epoch 150/400
[1m1/1[0m [32m━━━━━━━━━━━━━━━━━━━━[0m[37m[0m [1m0s[0m 217ms/step - accuracy: 0.0249 - loss: 0.9983[1m1/1[0m [32m━━━━━━━━━━━━━━━━━━━━[0m[37m[0m [1m0s[0m 246ms/step - accuracy: 0.0249 - loss: 0.9983 - val_accuracy: 0.0000e+00 - val_loss: 1.1089 - val_sens_fpr0.005: 0.0420
Epoch 151/400
[1m1/1[0m [32m━━━━━━━━━━━━━━━━━━━━[0m[37m[0m [1m0s[0m 212ms/step - accuracy: 0.0244 - loss: 0.9983[1m1/1[0m [32m━━━━━━━━━━━━━━━━━━━━[0m[37m[0m [1m0s[0m 241ms/step - accuracy: 0.0244 - loss: 0.9983 - val_accuracy: 0.0000e+00 - val_loss: 1.1089 - val_sens_fpr0.005: 0.0479
Epoch 152/400
[1m1/1[0m [32m━━━━━━━━━━━━━━━━━━━━[0m[37m[0m [1m0s[0m 215ms/step - accuracy: 0.0247 - loss: 0.9981[1m1/1[0m [32m━━━━━━━━━━━━━━━━━━━━[0m[37m[0m [1m0s[0m 244ms/step - accuracy: 0.0247 - loss: 0.9981 - val_accuracy: 0.0000e+00 - val_loss: 1.1089 - val_sens_fpr0.005: 0.0479
Epoch 153/400
[1m1/1[0m [32m━━━━━━━━━━━━━━━━━━━━[0m[37m[0m [1m0s[0m 219ms/step - accuracy: 0.0254 - loss: 0.9980[1m1/1[0m [32m━━━━━━━━━━━━━━━━━━━━[0m[37m[0m [1m0s[0m 248ms/step - accuracy: 0.0254 - loss: 0.9980 - val_accuracy: 0.0000e+00 - val_loss: 1.1089 - val_sens_fpr0.005: 0.0488
Epoch 154/400
[1m1/1[0m [32m━━━━━━━━━━━━━━━━━━━━[0m[37m[0m [1m0s[0m 210ms/step - accuracy: 0.0242 - loss: 0.9981[1m1/1[0m [32m━━━━━━━━━━━━━━━━━━━━[0m[37m[0m [1m0s[0m 239ms/step - accuracy: 0.0242 - loss: 0.9981 - val_accuracy: 0.0000e+00 - val_loss: 1.1088 - val_sens_fpr0.005: 0.0497
Epoch 155/400
[1m1/1[0m [32m━━━━━━━━━━━━━━━━━━━━[0m[37m[0m [1m0s[0m 221ms/step - accuracy: 0.0243 - loss: 0.9980[1m1/1[0m [32m━━━━━━━━━━━━━━━━━━━━[0m[37m[0m [1m0s[0m 250ms/step - accuracy: 0.0243 - loss: 0.9980 - val_accuracy: 0.0000e+00 - val_loss: 1.1087 - val_sens_fpr0.005: 0.0497
Epoch 156/400
[1m1/1[0m [32m━━━━━━━━━━━━━━━━━━━━[0m[37m[0m [1m0s[0m 226ms/step - accuracy: 0.0252 - loss: 0.9980[1m1/1[0m [32m━━━━━━━━━━━━━━━━━━━━[0m[37m[0m [1m0s[0m 255ms/step - accuracy: 0.0252 - loss: 0.9980 - val_accuracy: 0.0000e+00 - val_loss: 1.1087 - val_sens_fpr0.005: 0.0497
Epoch 157/400
[1m1/1[0m [32m━━━━━━━━━━━━━━━━━━━━[0m[37m[0m [1m0s[0m 219ms/step - accuracy: 0.0254 - loss: 0.9979[1m1/1[0m [32m━━━━━━━━━━━━━━━━━━━━[0m[37m[0m [1m0s[0m 248ms/step - accuracy: 0.0254 - loss: 0.9979 - val_accuracy: 0.0000e+00 - val_loss: 1.1087 - val_sens_fpr0.005: 0.0497
Epoch 158/400
[1m1/1[0m [32m━━━━━━━━━━━━━━━━━━━━[0m[37m[0m [1m0s[0m 221ms/step - accuracy: 0.0250 - loss: 0.9977[1m1/1[0m [32m━━━━━━━━━━━━━━━━━━━━[0m[37m[0m [1m0s[0m 250ms/step - accuracy: 0.0250 - loss: 0.9977 - val_accuracy: 0.0000e+00 - val_loss: 1.1087 - val_sens_fpr0.005: 0.0497
Epoch 159/400
[1m1/1[0m [32m━━━━━━━━━━━━━━━━━━━━[0m[37m[0m [1m0s[0m 221ms/step - accuracy: 0.0239 - loss: 0.9977[1m1/1[0m [32m━━━━━━━━━━━━━━━━━━━━[0m[37m[0m [1m0s[0m 250ms/step - accuracy: 0.0239 - loss: 0.9977 - val_accuracy: 0.0000e+00 - val_loss: 1.1087 - val_sens_fpr0.005: 0.0497
Epoch 160/400
[1m1/1[0m [32m━━━━━━━━━━━━━━━━━━━━[0m[37m[0m [1m0s[0m 225ms/step - accuracy: 0.0246 - loss: 0.9977[1m1/1[0m [32m━━━━━━━━━━━━━━━━━━━━[0m[37m[0m [1m0s[0m 254ms/step - accuracy: 0.0246 - loss: 0.9977 - val_accuracy: 0.0000e+00 - val_loss: 1.1087 - val_sens_fpr0.005: 0.0497
Epoch 161/400
[1m1/1[0m [32m━━━━━━━━━━━━━━━━━━━━[0m[37m[0m [1m0s[0m 220ms/step - accuracy: 0.0254 - loss: 0.9976[1m1/1[0m [32m━━━━━━━━━━━━━━━━━━━━[0m[37m[0m [1m0s[0m 249ms/step - accuracy: 0.0254 - loss: 0.9976 - val_accuracy: 0.0000e+00 - val_loss: 1.1087 - val_sens_fpr0.005: 0.0497
Epoch 162/400
[1m1/1[0m [32m━━━━━━━━━━━━━━━━━━━━[0m[37m[0m [1m0s[0m 220ms/step - accuracy: 0.0249 - loss: 0.9976[1m1/1[0m [32m━━━━━━━━━━━━━━━━━━━━[0m[37m[0m [1m0s[0m 248ms/step - accuracy: 0.0249 - loss: 0.9976 - val_accuracy: 0.0000e+00 - val_loss: 1.1087 - val_sens_fpr0.005: 0.0557
Epoch 163/400
[1m1/1[0m [32m━━━━━━━━━━━━━━━━━━━━[0m[37m[0m [1m0s[0m 219ms/step - accuracy: 0.0255 - loss: 0.9975[1m1/1[0m [32m━━━━━━━━━━━━━━━━━━━━[0m[37m[0m [1m0s[0m 248ms/step - accuracy: 0.0255 - loss: 0.9975 - val_accuracy: 0.0000e+00 - val_loss: 1.1086 - val_sens_fpr0.005: 0.0557
Epoch 164/400
[1m1/1[0m [32m━━━━━━━━━━━━━━━━━━━━[0m[37m[0m [1m0s[0m 224ms/step - accuracy: 0.0252 - loss: 0.9975[1m1/1[0m [32m━━━━━━━━━━━━━━━━━━━━[0m[37m[0m [1m0s[0m 252ms/step - accuracy: 0.0252 - loss: 0.9975 - val_accuracy: 0.0000e+00 - val_loss: 1.1085 - val_sens_fpr0.005: 0.0616
Epoch 165/400
[1m1/1[0m [32m━━━━━━━━━━━━━━━━━━━━[0m[37m[0m [1m0s[0m 218ms/step - accuracy: 0.0254 - loss: 0.9975[1m1/1[0m [32m━━━━━━━━━━━━━━━━━━━━[0m[37m[0m [1m0s[0m 247ms/step - accuracy: 0.0254 - loss: 0.9975 - val_accuracy: 0.0000e+00 - val_loss: 1.1085 - val_sens_fpr0.005: 0.0625
Epoch 166/400
[1m1/1[0m [32m━━━━━━━━━━━━━━━━━━━━[0m[37m[0m [1m0s[0m 223ms/step - accuracy: 0.0258 - loss: 0.9973[1m1/1[0m [32m━━━━━━━━━━━━━━━━━━━━[0m[37m[0m [1m0s[0m 252ms/step - accuracy: 0.0258 - loss: 0.9973 - val_accuracy: 0.0000e+00 - val_loss: 1.1084 - val_sens_fpr0.005: 0.0625
Epoch 167/400
[1m1/1[0m [32m━━━━━━━━━━━━━━━━━━━━[0m[37m[0m [1m0s[0m 222ms/step - accuracy: 0.0257 - loss: 0.9974[1m1/1[0m [32m━━━━━━━━━━━━━━━━━━━━[0m[37m[0m [1m0s[0m 251ms/step - accuracy: 0.0257 - loss: 0.9974 - val_accuracy: 0.0000e+00 - val_loss: 1.1084 - val_sens_fpr0.005: 0.0625
Epoch 168/400
[1m1/1[0m [32m━━━━━━━━━━━━━━━━━━━━[0m[37m[0m [1m0s[0m 225ms/step - accuracy: 0.0254 - loss: 0.9973[1m1/1[0m [32m━━━━━━━━━━━━━━━━━━━━[0m[37m[0m [1m0s[0m 254ms/step - accuracy: 0.0254 - loss: 0.9973 - val_accuracy: 0.0000e+00 - val_loss: 1.1084 - val_sens_fpr0.005: 0.0625
Epoch 169/400
[1m1/1[0m [32m━━━━━━━━━━━━━━━━━━━━[0m[37m[0m [1m0s[0m 220ms/step - accuracy: 0.0253 - loss: 0.9972[1m1/1[0m [32m━━━━━━━━━━━━━━━━━━━━[0m[37m[0m [1m0s[0m 249ms/step - accuracy: 0.0253 - loss: 0.9972 - val_accuracy: 0.0000e+00 - val_loss: 1.1084 - val_sens_fpr0.005: 0.0625
Epoch 170/400
[1m1/1[0m [32m━━━━━━━━━━━━━━━━━━━━[0m[37m[0m [1m0s[0m 222ms/step - accuracy: 0.0267 - loss: 0.9972[1m1/1[0m [32m━━━━━━━━━━━━━━━━━━━━[0m[37m[0m [1m0s[0m 251ms/step - accuracy: 0.0267 - loss: 0.9972 - val_accuracy: 0.0000e+00 - val_loss: 1.1083 - val_sens_fpr0.005: 0.0625
Epoch 171/400
[1m1/1[0m [32m━━━━━━━━━━━━━━━━━━━━[0m[37m[0m [1m0s[0m 218ms/step - accuracy: 0.0252 - loss: 0.9971[1m1/1[0m [32m━━━━━━━━━━━━━━━━━━━━[0m[37m[0m [1m0s[0m 246ms/step - accuracy: 0.0252 - loss: 0.9971 - val_accuracy: 0.0000e+00 - val_loss: 1.1083 - val_sens_fpr0.005: 0.0625
Epoch 172/400
[1m1/1[0m [32m━━━━━━━━━━━━━━━━━━━━[0m[37m[0m [1m0s[0m 229ms/step - accuracy: 0.0259 - loss: 0.9970[1m1/1[0m [32m━━━━━━━━━━━━━━━━━━━━[0m[37m[0m [1m0s[0m 258ms/step - accuracy: 0.0259 - loss: 0.9970 - val_accuracy: 0.0000e+00 - val_loss: 1.1083 - val_sens_fpr0.005: 0.0625
Epoch 173/400
[1m1/1[0m [32m━━━━━━━━━━━━━━━━━━━━[0m[37m[0m [1m0s[0m 218ms/step - accuracy: 0.0255 - loss: 0.9970[1m1/1[0m [32m━━━━━━━━━━━━━━━━━━━━[0m[37m[0m [1m0s[0m 247ms/step - accuracy: 0.0255 - loss: 0.9970 - val_accuracy: 0.0000e+00 - val_loss: 1.1082 - val_sens_fpr0.005: 0.0625
Epoch 174/400
[1m1/1[0m [32m━━━━━━━━━━━━━━━━━━━━[0m[37m[0m [1m0s[0m 218ms/step - accuracy: 0.0257 - loss: 0.9970[1m1/1[0m [32m━━━━━━━━━━━━━━━━━━━━[0m[37m[0m [1m0s[0m 247ms/step - accuracy: 0.0257 - loss: 0.9970 - val_accuracy: 0.0000e+00 - val_loss: 1.1081 - val_sens_fpr0.005: 0.0625
Epoch 175/400
[1m1/1[0m [32m━━━━━━━━━━━━━━━━━━━━[0m[37m[0m [1m0s[0m 209ms/step - accuracy: 0.0261 - loss: 0.9969[1m1/1[0m [32m━━━━━━━━━━━━━━━━━━━━[0m[37m[0m [1m0s[0m 238ms/step - accuracy: 0.0261 - loss: 0.9969 - val_accuracy: 0.0000e+00 - val_loss: 1.1081 - val_sens_fpr0.005: 0.0685
Epoch 176/400
[1m1/1[0m [32m━━━━━━━━━━━━━━━━━━━━[0m[37m[0m [1m0s[0m 219ms/step - accuracy: 0.0254 - loss: 0.9968[1m1/1[0m [32m━━━━━━━━━━━━━━━━━━━━[0m[37m[0m [1m0s[0m 248ms/step - accuracy: 0.0254 - loss: 0.9968 - val_accuracy: 0.0000e+00 - val_loss: 1.1081 - val_sens_fpr0.005: 0.0685
Epoch 177/400
[1m1/1[0m [32m━━━━━━━━━━━━━━━━━━━━[0m[37m[0m [1m0s[0m 219ms/step - accuracy: 0.0270 - loss: 0.9967[1m1/1[0m [32m━━━━━━━━━━━━━━━━━━━━[0m[37m[0m [1m0s[0m 248ms/step - accuracy: 0.0270 - loss: 0.9967 - val_accuracy: 0.0000e+00 - val_loss: 1.1081 - val_sens_fpr0.005: 0.0685
Epoch 178/400
[1m1/1[0m [32m━━━━━━━━━━━━━━━━━━━━[0m[37m[0m [1m0s[0m 218ms/step - accuracy: 0.0255 - loss: 0.9968[1m1/1[0m [32m━━━━━━━━━━━━━━━━━━━━[0m[37m[0m [1m0s[0m 246ms/step - accuracy: 0.0255 - loss: 0.9968 - val_accuracy: 0.0000e+00 - val_loss: 1.1081 - val_sens_fpr0.005: 0.0685
Epoch 179/400
[1m1/1[0m [32m━━━━━━━━━━━━━━━━━━━━[0m[37m[0m [1m0s[0m 211ms/step - accuracy: 0.0265 - loss: 0.9967[1m1/1[0m [32m━━━━━━━━━━━━━━━━━━━━[0m[37m[0m [1m0s[0m 240ms/step - accuracy: 0.0265 - loss: 0.9967 - val_accuracy: 0.0000e+00 - val_loss: 1.1080 - val_sens_fpr0.005: 0.0685
Epoch 180/400
[1m1/1[0m [32m━━━━━━━━━━━━━━━━━━━━[0m[37m[0m [1m0s[0m 225ms/step - accuracy: 0.0267 - loss: 0.9967[1m1/1[0m [32m━━━━━━━━━━━━━━━━━━━━[0m[37m[0m [1m0s[0m 254ms/step - accuracy: 0.0267 - loss: 0.9967 - val_accuracy: 0.0000e+00 - val_loss: 1.1079 - val_sens_fpr0.005: 0.0685
Epoch 181/400
[1m1/1[0m [32m━━━━━━━━━━━━━━━━━━━━[0m[37m[0m [1m0s[0m 216ms/step - accuracy: 0.0266 - loss: 0.9967[1m1/1[0m [32m━━━━━━━━━━━━━━━━━━━━[0m[37m[0m [1m0s[0m 244ms/step - accuracy: 0.0266 - loss: 0.9967 - val_accuracy: 0.0000e+00 - val_loss: 1.1078 - val_sens_fpr0.005: 0.0685
Epoch 182/400
[1m1/1[0m [32m━━━━━━━━━━━━━━━━━━━━[0m[37m[0m [1m0s[0m 220ms/step - accuracy: 0.0261 - loss: 0.9966[1m1/1[0m [32m━━━━━━━━━━━━━━━━━━━━[0m[37m[0m [1m0s[0m 249ms/step - accuracy: 0.0261 - loss: 0.9966 - val_accuracy: 0.0000e+00 - val_loss: 1.1078 - val_sens_fpr0.005: 0.0685
Epoch 183/400
[1m1/1[0m [32m━━━━━━━━━━━━━━━━━━━━[0m[37m[0m [1m0s[0m 230ms/step - accuracy: 0.0262 - loss: 0.9965[1m1/1[0m [32m━━━━━━━━━━━━━━━━━━━━[0m[37m[0m [1m0s[0m 259ms/step - accuracy: 0.0262 - loss: 0.9965 - val_accuracy: 0.0000e+00 - val_loss: 1.1078 - val_sens_fpr0.005: 0.0685
Epoch 184/400
[1m1/1[0m [32m━━━━━━━━━━━━━━━━━━━━[0m[37m[0m [1m0s[0m 218ms/step - accuracy: 0.0260 - loss: 0.9966[1m1/1[0m [32m━━━━━━━━━━━━━━━━━━━━[0m[37m[0m [1m0s[0m 247ms/step - accuracy: 0.0260 - loss: 0.9966 - val_accuracy: 0.0000e+00 - val_loss: 1.1078 - val_sens_fpr0.005: 0.0685
Epoch 185/400
[1m1/1[0m [32m━━━━━━━━━━━━━━━━━━━━[0m[37m[0m [1m0s[0m 231ms/step - accuracy: 0.0267 - loss: 0.9964[1m1/1[0m [32m━━━━━━━━━━━━━━━━━━━━[0m[37m[0m [1m0s[0m 260ms/step - accuracy: 0.0267 - loss: 0.9964 - val_accuracy: 0.0000e+00 - val_loss: 1.1078 - val_sens_fpr0.005: 0.0685
Epoch 186/400
[1m1/1[0m [32m━━━━━━━━━━━━━━━━━━━━[0m[37m[0m [1m0s[0m 222ms/step - accuracy: 0.0261 - loss: 0.9964[1m1/1[0m [32m━━━━━━━━━━━━━━━━━━━━[0m[37m[0m [1m0s[0m 251ms/step - accuracy: 0.0261 - loss: 0.9964 - val_accuracy: 0.0000e+00 - val_loss: 1.1078 - val_sens_fpr0.005: 0.0685
Epoch 187/400
[1m1/1[0m [32m━━━━━━━━━━━━━━━━━━━━[0m[37m[0m [1m0s[0m 224ms/step - accuracy: 0.0266 - loss: 0.9963[1m1/1[0m [32m━━━━━━━━━━━━━━━━━━━━[0m[37m[0m [1m0s[0m 253ms/step - accuracy: 0.0266 - loss: 0.9963 - val_accuracy: 0.0000e+00 - val_loss: 1.1077 - val_sens_fpr0.005: 0.0685
Epoch 188/400
[1m1/1[0m [32m━━━━━━━━━━━━━━━━━━━━[0m[37m[0m [1m0s[0m 216ms/step - accuracy: 0.0264 - loss: 0.9963[1m1/1[0m [32m━━━━━━━━━━━━━━━━━━━━[0m[37m[0m [1m0s[0m 244ms/step - accuracy: 0.0264 - loss: 0.9963 - val_accuracy: 0.0000e+00 - val_loss: 1.1077 - val_sens_fpr0.005: 0.0685
Epoch 189/400
[1m1/1[0m [32m━━━━━━━━━━━━━━━━━━━━[0m[37m[0m [1m0s[0m 216ms/step - accuracy: 0.0264 - loss: 0.9963[1m1/1[0m [32m━━━━━━━━━━━━━━━━━━━━[0m[37m[0m [1m0s[0m 244ms/step - accuracy: 0.0264 - loss: 0.9963 - val_accuracy: 0.0000e+00 - val_loss: 1.1077 - val_sens_fpr0.005: 0.0685
Epoch 190/400
[1m1/1[0m [32m━━━━━━━━━━━━━━━━━━━━[0m[37m[0m [1m0s[0m 215ms/step - accuracy: 0.0257 - loss: 0.9963[1m1/1[0m [32m━━━━━━━━━━━━━━━━━━━━[0m[37m[0m [1m0s[0m 244ms/step - accuracy: 0.0257 - loss: 0.9963 - val_accuracy: 0.0000e+00 - val_loss: 1.1077 - val_sens_fpr0.005: 0.0685
Epoch 191/400
[1m1/1[0m [32m━━━━━━━━━━━━━━━━━━━━[0m[37m[0m [1m0s[0m 226ms/step - accuracy: 0.0272 - loss: 0.9963[1m1/1[0m [32m━━━━━━━━━━━━━━━━━━━━[0m[37m[0m [1m0s[0m 254ms/step - accuracy: 0.0272 - loss: 0.9963 - val_accuracy: 0.0000e+00 - val_loss: 1.1077 - val_sens_fpr0.005: 0.0685
[5/5] Luke - Diel Drivers/2026-05-06/1_95: 191 epochs (best 189), val_loss 1.1077, 19628/1571 frames train/val, sens@fpr0.5%=0.068

[perch_probe] sens@fpr0.5% per deployment: 0.244
  mean over 5/5 held-out fold(s), each tuned to 0.5% FPR on its own audio (~6 negative frames set each threshold)
  threshold: mean -1.290 — what each fold's own audio set, not one number to ship
    JamesU - MustardBumbler/1_29: threshold -1.225, sensitivity 0.231 (~5 negative frames)
    Lily - Fit+Fast/2023_R3_Marysville/53: threshold -1.866, sensitivity 0.457 (~6 negative frames)
    Lily Adam - One Hive/recorders/willard/2024-08-07/1_11: threshold -1.273, sensitivity 0.311 (~6 negative frames)
    Luke - Diel Drivers/2026-04-08/1_150: threshold -1.414, sensitivity 0.152 (~5 negative frames)
    Luke - Diel Drivers/2026-05-06/1_95: threshold -0.671, sensitivity 0.068 (~7 negative frames)
  an oracle: each threshold is placed using that fold's labels, so read this as the ceiling on operator tuning
  per-fold spread understates uncertainty about a new deployment (training pools overlap heavily)

[perch_probe] rotations done; shipped model not trained (default). Pass --train-shipped, or run --skip-cv later with this --name.
=== done === 2026-09-09T00:08:09-04:00
