2026-09-09 01:24:57.605510: E external/local_xla/xla/stream_executor/cuda/cuda_fft.cc:479] Unable to register cuFFT factory: Attempting to register factory for plugin cuFFT when one has already been registered
2026-09-09 01:24:57.631265: E external/local_xla/xla/stream_executor/cuda/cuda_dnn.cc:10575] Unable to register cuDNN factory: Attempting to register factory for plugin cuDNN when one has already been registered
2026-09-09 01:24:57.631319: E external/local_xla/xla/stream_executor/cuda/cuda_blas.cc:1442] Unable to register cuBLAS factory: Attempting to register factory for plugin cuBLAS when one has already been registered
2026-09-09 01:24:58.672593: W tensorflow/compiler/tf2tensorrt/utils/py_utils.cc:38] TF-TRT Warning: Could not find TensorRT
2026-09-09 01:25:00.895928: I external/local_xla/xla/stream_executor/cuda/cuda_executor.cc:998] successful NUMA node read from SysFS had negative value (-1), but there must be at least one NUMA node, so returning NUMA node zero. See more at https://github.com/torvalds/linux/blob/v6.0/Documentation/ABI/testing/sysfs-bus-pci#L344-L355
2026-09-09 01:25:00.937140: I external/local_xla/xla/stream_executor/cuda/cuda_executor.cc:998] successful NUMA node read from SysFS had negative value (-1), but there must be at least one NUMA node, so returning NUMA node zero. See more at https://github.com/torvalds/linux/blob/v6.0/Documentation/ABI/testing/sysfs-bus-pci#L344-L355
2026-09-09 01:25:00.939587: I external/local_xla/xla/stream_executor/cuda/cuda_executor.cc:998] successful NUMA node read from SysFS had negative value (-1), but there must be at least one NUMA node, so returning NUMA node zero. See more at https://github.com/torvalds/linux/blob/v6.0/Documentation/ABI/testing/sysfs-bus-pci#L344-L355
=== 02 extract set ===
0.0s - [medium/aves] existing config: overlap_event_prop=0.2, framehop_prop=1
0.0s -   loaded from /home/luke/projects/buzzdetect-training/.local/worktrees/aves-probe/02_set/sets/medium/config_extract.json
0.2s - extract_snips: [1/83] JamesU - MustardBumbler/1_29/240903_1319 — unchanged (0 written, 0 deleted)
0.2s - extract_snips: [2/83] Lily - Fit+Fast/2023_R3_Marysville/53/230808_1208 — unchanged (0 written, 0 deleted)
0.2s - extract_snips: [3/83] Lily Adam - One Hive/recorders/willard/2024-08-07/1_11/240807_1016 — unchanged (0 written, 0 deleted)
0.2s - extract_snips: [4/83] Lily Adam - One Hive/recorders/wooster/2024-07-26/1_143/240726_1446 — unchanged (0 written, 0 deleted)
0.2s - extract_snips: [5/83] Luke - Diel Drivers/2026-04-08/1_150/260408_1942 — unchanged (0 written, 0 deleted)
0.2s - extract_snips: [6/83] Luke - Diel Drivers/2026-05-06/1_95/260506_1924 — unchanged (0 written, 0 deleted)
0.2s - extract_snips: [7/83] Luke - Various Opportunistic Recordings/2025-06-23/1_23/250623_0857 — unchanged (0 written, 0 deleted)
0.2s - extract_snips: [8/83] Luke - Various Opportunistic Recordings/2025-07-03/1_37/250703_1635 — unchanged (0 written, 0 deleted)
0.2s - extract_snips: [9/83] Luke - Various Opportunistic Recordings/2025-08-05/31/250805_1247 — unchanged (0 written, 0 deleted)
0.2s - extract_snips: [10/83] Luke - Various Opportunistic Recordings/2025-08-12/1_114/250812_1225 — unchanged (0 written, 0 deleted)
0.2s - extract_snips: [11/83] Luke - Various Opportunistic Recordings/2025-08-27/48/250827_1828 — unchanged (0 written, 0 deleted)
0.2s - extract_snips: [12/83] Luke - Various Opportunistic Recordings/2026-07-27/1_25/260727_1632 — unchanged (0 written, 0 deleted)
0.2s - extract_snips: [13/83] Luke - Various Opportunistic Recordings/2026-07-27/1_99/260727_1633 — unchanged (0 written, 0 deleted)
0.2s - extract_snips: [14/83] Chia - Bee Audio 2022 Original/7-13-22_SouthCharleston/1/220713_0941_01 — unchanged (0 written, 0 deleted)
0.2s - extract_snips: [15/83] Chia - Bee Audio 2022 Original/7-13-22_SouthCharleston/1/220715_1123 — unchanged (0 written, 0 deleted)
0.2s - extract_snips: [16/83] Chia - Bee Audio 2022 Original/7-13-22_SouthCharleston/2/220713_0943 — unchanged (0 written, 0 deleted)
0.2s - extract_snips: [17/83] Chia - Bee Audio 2022 Original/7-13-22_SouthCharleston/2/220715_1125 — unchanged (0 written, 0 deleted)
0.2s - extract_snips: [18/83] Chia - Bee Audio 2022 Original/7-13-22_SouthCharleston/3/220713_0944 — unchanged (0 written, 0 deleted)
0.2s - extract_snips: [19/83] Chia - Bee Audio 2022 Original/7-13-22_SouthCharleston/3/220715_1127 — unchanged (0 written, 0 deleted)
0.2s - extract_snips: [20/83] Chia - Bee Audio 2022 Original/7-13-22_SouthCharleston/4/220713_0946 — unchanged (0 written, 0 deleted)
0.2s - extract_snips: [21/83] Chia - Bee Audio 2022 Original/7-13-22_SouthCharleston/4/220715_1128 — unchanged (0 written, 0 deleted)
0.2s - extract_snips: [22/83] Chia - Bee Audio 2022 Original/7-13-22_SouthCharleston/5/220713_0947 — unchanged (0 written, 0 deleted)
0.2s - extract_snips: [23/83] Chia - Bee Audio 2022 Original/7-13-22_SouthCharleston/5/220715_1130 — unchanged (0 written, 0 deleted)
0.2s - extract_snips: [24/83] Chia - Bee Audio 2022 Original/7-13-22_SouthCharleston/6/220713_0948 — unchanged (0 written, 0 deleted)
0.2s - extract_snips: [25/83] Chia - Bee Audio 2022 Original/7-13-22_SouthCharleston/6/220715_1131 — unchanged (0 written, 0 deleted)
0.2s - extract_snips: [26/83] Chia - Bee Audio 2022 Original/7-13-22_SouthCharleston/7/220713_0951 — unchanged (0 written, 0 deleted)
0.2s - extract_snips: [27/83] Chia - Bee Audio 2022 Original/7-13-22_SouthCharleston/7/220715_1134 — unchanged (0 written, 0 deleted)
0.2s - extract_snips: [28/83] Chia - Bee Audio 2022 Original/7-13-22_SouthCharleston/8/220713_0953 — unchanged (0 written, 0 deleted)
0.2s - extract_snips: [29/83] Chia - Bee Audio 2022 Original/7-13-22_SouthCharleston/8/220715_1135 — unchanged (0 written, 0 deleted)
0.2s - extract_snips: [30/83] Chia - OSPT/2022/2022-07-26/10/220726_1209 — unchanged (0 written, 0 deleted)
0.2s - extract_snips: [31/83] Chia - OSPT/2022/2022-07-26/14/220726_1202 — unchanged (0 written, 0 deleted)
0.2s - extract_snips: [32/83] Chia - OSPT/2022/2022-07-26/15/220728_1403 — unchanged (0 written, 0 deleted)
0.2s - extract_snips: [33/83] Chia - OSPT/2022/2022-07-26/17/220725_1311 — unchanged (0 written, 0 deleted)
0.2s - extract_snips: [34/83] Chia - OSPT/2022/2022-07-26/18/220725_1319 — unchanged (0 written, 0 deleted)
0.2s - extract_snips: [35/83] Chia - OSPT/2022/2022-07-26/18/220727_1501 — unchanged (0 written, 0 deleted)
0.2s - extract_snips: [36/83] Chia - OSPT/2022/2022-07-26/23/220727_1453 — unchanged (0 written, 0 deleted)
0.2s - extract_snips: [37/83] Chia - OSPT/2022/2022-07-26/25/220725_1324 — unchanged (0 written, 0 deleted)
0.2s - extract_snips: [38/83] Chia - OSPT/2022/2022-07-26/25/220727_1507 — unchanged (0 written, 0 deleted)
0.2s - extract_snips: [39/83] Chia - OSPT/2022/2022-07-26/29/220725_1321 — unchanged (0 written, 0 deleted)
0.2s - extract_snips: [40/83] Chia - OSPT/2022/2022-08-02/11/220802_1058 — unchanged (0 written, 0 deleted)
0.2s - extract_snips: [41/83] Chia - OSPT/2022/2022-08-02/13/220802_1108 — unchanged (0 written, 0 deleted)
0.2s - extract_snips: [42/83] Chia - OSPT/2022/2022-08-02/13/220806_1432 — unchanged (0 written, 0 deleted)
0.2s - extract_snips: [43/83] Chia - OSPT/2022/2022-08-02/20/220802_1056 — unchanged (0 written, 0 deleted)
0.2s - extract_snips: [44/83] Chia - OSPT/2022/2022-08-02/22/220804_1241 — unchanged (0 written, 0 deleted)
0.2s - extract_snips: [45/83] Chia - OSPT/2022/2022-08-02/23/220802_1047 — unchanged (0 written, 0 deleted)
0.2s - extract_snips: [46/83] Chia - OSPT/2022/2022-08-02/29/220802_1102 — unchanged (0 written, 0 deleted)
0.2s - extract_snips: [47/83] Chia - OSPT/2022/2022-08-02/29/220804_1244 — unchanged (0 written, 0 deleted)
0.2s - extract_snips: [48/83] Chia - OSPT/2022/2022-08-02/32/220804_1227 — unchanged (0 written, 0 deleted)
0.2s - extract_snips: [49/83] Chia_Lin - Soybean on-farm spray audios/2023-07-25 Combs Sabine-Bigelow/14/230725_1202 — unchanged (0 written, 0 deleted)
0.2s - extract_snips: [50/83] Chia_Lin - Soybean on-farm spray audios/2023-07-25 Combs Sabine-Bigelow/14/230727_1344 — unchanged (0 written, 0 deleted)
0.2s - extract_snips: [51/83] Chia_Lin - Soybean on-farm spray audios/2023-07-25 Combs Sabine-Bigelow/14/230730_1621 — unchanged (0 written, 0 deleted)
0.2s - extract_snips: [52/83] Chia_Lin - Soybean on-farm spray audios/2023-07-25 Combs Sabine-Bigelow/14/230801_1803 — unchanged (0 written, 0 deleted)
0.2s - extract_snips: [53/83] Chia_Lin - Soybean on-farm spray audios/2023-07-25 Combs Sabine-Bigelow/23/230725_1159 — unchanged (0 written, 0 deleted)
0.2s - extract_snips: [54/83] Chia_Lin - Soybean on-farm spray audios/2023-07-25 Combs Sabine-Bigelow/23/230727_1341 — unchanged (0 written, 0 deleted)
0.2s - extract_snips: [55/83] Chia_Lin - Soybean on-farm spray audios/2023-07-25 Combs Sabine-Bigelow/23/230730_1624 — unchanged (0 written, 0 deleted)
0.2s - extract_snips: [56/83] Chia_Lin - Soybean on-farm spray audios/2023-07-25 Combs Sabine-Bigelow/23/230801_1806 — unchanged (0 written, 0 deleted)
0.2s - extract_snips: [57/83] Chia_Lin - Soybean on-farm spray audios/2023-07-30 FSR/29/230730_1704 — unchanged (0 written, 0 deleted)
0.2s - extract_snips: [58/83] Chia_Lin - Soybean on-farm spray audios/2023-07-30 FSR/29/230801_1846 — unchanged (0 written, 0 deleted)
0.2s - extract_snips: [59/83] Chia_Lin - Soybean on-farm spray audios/2023-07-30 FSR/3/230730_1704 — unchanged (0 written, 0 deleted)
0.2s - extract_snips: [60/83] Chia_Lin - Soybean on-farm spray audios/2023-07-30 FSR/3/230801_1847 — unchanged (0 written, 0 deleted)
0.2s - extract_snips: [61/83] Karlan Forrester - Soybean Attractiveness/A11/4/210721_0949 — unchanged (0 written, 0 deleted)
0.2s - extract_snips: [62/83] Karlan Forrester - Soybean Attractiveness/A11/4/210723_1131 — unchanged (0 written, 0 deleted)
0.2s - extract_snips: [63/83] Karlan Forrester - Soybean Attractiveness/A11/4/210726_1007 — unchanged (0 written, 0 deleted)
0.2s - extract_snips: [64/83] Karlan Forrester - Soybean Attractiveness/A11/4/210728_1150 — unchanged (0 written, 0 deleted)
0.2s - extract_snips: [65/83] Karlan Forrester - Soybean Attractiveness/A11/4/210805_0819 — unchanged (0 written, 0 deleted)
0.2s - extract_snips: [66/83] Karlan Forrester - Soybean Attractiveness/A11/4/210807_1001 — unchanged (0 written, 0 deleted)
0.2s - extract_snips: [67/83] Karlan Forrester - Soybean Attractiveness/C9-16/4/210721_0910 — unchanged (0 written, 0 deleted)
0.2s - extract_snips: [68/83] Karlan Forrester - Soybean Attractiveness/C9-16/4/210723_1052 — unchanged (0 written, 0 deleted)
0.2s - extract_snips: [69/83] Karlan Forrester - Soybean Attractiveness/C9-16/4/210726_0933 — unchanged (0 written, 0 deleted)
0.2s - extract_snips: [70/83] Karlan Forrester - Soybean Attractiveness/C9-16/4/210728_1115 — unchanged (0 written, 0 deleted)
0.2s - extract_snips: [71/83] Karlan Forrester - Soybean Attractiveness/C9-16/4/210805_0743 — unchanged (0 written, 0 deleted)
0.2s - extract_snips: [72/83] Karlan Forrester - Soybean Attractiveness/C9-16/4/210807_0925 — unchanged (0 written, 0 deleted)
0.2s - extract_snips: [73/83] Karlan Forrester - Soybean Attractiveness/EBN/4/210721_0930 — unchanged (0 written, 0 deleted)
0.2s - extract_snips: [74/83] Karlan Forrester - Soybean Attractiveness/EBN/4/210723_1112 — unchanged (0 written, 0 deleted)
0.2s - extract_snips: [75/83] Karlan Forrester - Soybean Attractiveness/EBN/4/210726_0950 — unchanged (0 written, 0 deleted)
0.2s - extract_snips: [76/83] Karlan Forrester - Soybean Attractiveness/EBN/4/210728_1132 — unchanged (0 written, 0 deleted)
0.2s - extract_snips: [77/83] Karlan Forrester - Soybean Attractiveness/EBN/4/210805_0800 — unchanged (0 written, 0 deleted)
0.2s - extract_snips: [78/83] Karlan Forrester - Soybean Attractiveness/L6-8/4/210721_0855 — unchanged (0 written, 0 deleted)
0.2s - extract_snips: [79/83] Karlan Forrester - Soybean Attractiveness/L6-8/4/210723_1038 — unchanged (0 written, 0 deleted)
0.2s - extract_snips: [80/83] Karlan Forrester - Soybean Attractiveness/L6-8/4/210726_0918 — unchanged (0 written, 0 deleted)
0.2s - extract_snips: [81/83] Karlan Forrester - Soybean Attractiveness/L6-8/4/210728_1100 — unchanged (0 written, 0 deleted)
0.2s - extract_snips: [82/83] Karlan Forrester - Soybean Attractiveness/L6-8/4/210805_0726 — unchanged (0 written, 0 deleted)
0.2s - extract_snips: [83/83] Karlan Forrester - Soybean Attractiveness/L6-8/4/210807_0908 — unchanged (0 written, 0 deleted)
0.2s - extract_snips: 83 ident(s): 0 updated (0 snip(s) written, 0 superseded), 83 unchanged
0.5s - [medium/aves] 83 ident(s): 83 to extract (80 new, 3 superseded by new annotations), 0 already current
0.5s -   0 worker(s); folds: 44
/home/luke/projects/buzzdetect-training/.local/worktrees/aves-probe/02_set/extract.py:915: UserWarning: extractor main: JamesU - MustardBumbler/1_29/240903_1319 superseded by new annotations; removed /home/luke/projects/buzzdetect-training/.local/worktrees/aves-probe/02_set/sets/medium/audio/sr16000_fl1/raw/JamesU - MustardBumbler/1_29/JamesU - MustardBumbler/1_29/240903_1319
  warnings.warn(f'extractor {self.name}: {ident} superseded by new annotations; '
3.1s - extractor main: [1] JamesU - MustardBumbler/1_29/240903_1319 — starting (both)
3.1s - extractor main: JamesU - MustardBumbler/1_29/240903_1319 snip [1/24] snip_103230.000_103590.004.flac
5.1s - extractor main: JamesU - MustardBumbler/1_29/240903_1319 snip [2/24] snip_106830.000_107190.030.flac
5.9s - extractor main: JamesU - MustardBumbler/1_29/240903_1319 snip [3/24] snip_110430.000_110790.004.flac
6.8s - extractor main: JamesU - MustardBumbler/1_29/240903_1319 snip [4/24] snip_114030.000_114390.000.flac
7.6s - extractor main: JamesU - MustardBumbler/1_29/240903_1319 snip [5/24] snip_117630.000_117990.000.flac
8.4s - extractor main: rescued 'animal_dog' at 117674.047s (0.180s) as animal_dog+ins_trill
8.4s - extractor main: rescued 'animal_dog' at 117677.060s (0.178s) as animal_dog+ins_trill
8.5s - extractor main: rescued 'animal_dog' at 117707.204s (0.164s) as animal_dog+ins_trill
8.5s - extractor main: rescued 'animal_dog' at 117739.124s (0.114s) as animal_dog+ins_trill
8.5s - extractor main: rescued 'animal_dog' at 117742.156s (0.209s) as animal_dog+ins_trill
8.5s - extractor main: JamesU - MustardBumbler/1_29/240903_1319 snip [6/24] snip_121230.000_121590.000.flac
9.3s - extractor main: JamesU - MustardBumbler/1_29/240903_1319 snip [7/24] snip_38430.000_38790.000.flac
10.2s - extractor main: JamesU - MustardBumbler/1_29/240903_1319 snip [8/24] snip_42030.000_42390.000.flac
11.0s - extractor main: JamesU - MustardBumbler/1_29/240903_1319 snip [9/24] snip_45630.000_45990.000.flac
11.9s - extractor main: rescued 'ins_trill' at 45665.201s (0.129s) as ins_trill+mech_plane_jet
11.9s - extractor main: rescued 'ins_trill' at 45668.042s (0.183s) as ins_trill+mech_plane_jet
11.9s - extractor main: rescued 'ins_trill' at 45673.139s (0.156s) as ins_trill+mech_plane_jet
11.9s - extractor main: rescued 'ins_trill' at 45676.203s (0.183s) as ins_trill+mech_plane_jet
11.9s - extractor main: rescued 'ins_trill' at 45681.190s (0.178s) as ins_trill+mech_plane_jet
11.9s - extractor main: rescued 'ins_trill' at 45684.092s (0.146s) as ins_trill+mech_plane_jet
12.0s - extractor main: rescued 'ins_trill' at 45698.067s (0.161s) as ins_trill+mech_plane_jet
12.0s - extractor main: rescued 'ins_trill' at 45700.125s (0.144s) as ins_trill+mech_plane_jet
12.0s - extractor main: rescued 'ins_trill' at 45701.176s (0.138s) as ins_trill+mech_plane_jet
12.0s - extractor main: rescued 'ins_trill' at 45702.113s (0.155s) as ins_trill+mech_plane_jet
12.0s - extractor main: rescued 'ins_trill' at 45706.156s (0.169s) as ins_trill+mech_plane_jet
12.0s - extractor main: rescued 'ins_trill' at 45714.063s (0.155s) as ins_trill+mech_plane_jet
12.0s - extractor main: rescued 'ins_trill' at 45715.075s (0.144s) as ins_trill+mech_plane_jet
12.0s - extractor main: rescued 'ins_trill' at 45723.154s (0.138s) as ins_trill+mech_plane_jet
12.0s - extractor main: rescued 'ins_trill' at 45734.120s (0.156s) as ambient_background+ins_trill
12.0s - extractor main: rescued 'ins_trill' at 45741.199s (0.175s) as ambient_background+ins_trill
12.0s - extractor main: rescued 'ins_trill' at 45742.206s (0.152s) as ambient_background+ins_trill
12.0s - extractor main: rescued 'ins_trill' at 45745.199s (0.138s) as ambient_background+ins_trill
12.0s - extractor main: rescued 'ins_trill' at 45746.146s (0.152s) as ins_trill
12.0s - extractor main: JamesU - MustardBumbler/1_29/240903_1319 snip [10/24] snip_49230.000_49590.000.flac
12.9s - extractor main: rescued 'ins_trill' at 49264.091s (0.165s) as ambient_background+ins_trill
12.9s - extractor main: rescued 'ins_trill' at 49265.092s (0.151s) as ambient_background+ins_trill
12.9s - extractor main: rescued 'ins_trill' at 49267.143s (0.147s) as ambient_background+ins_trill
12.9s - extractor main: rescued 'ins_trill' at 49273.061s (0.149s) as ins_trill+mech_hum_traffic
12.9s - extractor main: rescued 'ins_trill' at 49274.113s (0.130s) as ins_trill+mech_hum_traffic
12.9s - extractor main: rescued 'ins_trill' at 49303.148s (0.152s) as ins_trill+mech_auto_truck+mech_hum_traffic
12.9s - extractor main: rescued 'ins_trill' at 49311.139s (0.180s) as ins_trill+mech_auto_truck
12.9s - extractor main: rescued 'ins_trill' at 49313.105s (0.197s) as ins_trill+mech_auto_truck
12.9s - extractor main: rescued 'ambient_background' at 49361.058s (0.194s) as ambient_background+ins_trill
12.9s - extractor main: rescued 'ins_trill' at 49363.151s (0.146s) as ambient_background+ins_trill
13.0s - extractor main: rescued 'ins_trill' at 49378.070s (0.142s) as ambient_background+ins_trill
13.0s - extractor main: rescued 'ins_trill' at 49384.097s (0.140s) as ambient_background+ins_trill
13.0s - extractor main: rescued 'ins_trill' at 49385.154s (0.137s) as ambient_background+ins_trill
13.0s - extractor main: rescued 'ins_trill' at 49393.199s (0.133s) as ambient_background+ins_trill
13.0s - extractor main: rescued 'ins_trill' at 49394.166s (0.147s) as ambient_background+ins_trill
13.0s - extractor main: rescued 'ins_trill' at 49396.085s (0.140s) as ambient_background+ins_trill
13.0s - extractor main: rescued 'ins_trill' at 49397.207s (0.143s) as ambient_background+ins_trill
13.0s - extractor main: rescued 'ins_trill' at 49421.128s (0.140s) as ambient_background+ins_trill
13.0s - extractor main: rescued 'ins_trill' at 49424.092s (0.136s) as ambient_background+ins_trill
13.0s - extractor main: rescued 'ins_trill' at 49428.079s (0.178s) as ambient_background+ins_trill
13.0s - extractor main: rescued 'ins_trill' at 49429.120s (0.146s) as ambient_background+ins_trill
13.0s - extractor main: rescued 'ins_trill' at 49453.100s (0.144s) as ambient_background+ins_trill
13.0s - extractor main: rescued 'ins_trill' at 49471.190s (0.133s) as ambient_background+ins_trill
13.0s - extractor main: rescued 'ins_trill' at 49472.134s (0.140s) as ambient_background+ins_trill
13.0s - extractor main: rescued 'ins_trill' at 49473.106s (0.173s) as ambient_background+ins_trill
13.0s - extractor main: rescued 'ins_trill' at 49474.091s (0.166s) as ambient_background+ins_trill
13.0s - extractor main: rescued 'ins_trill' at 49480.161s (0.195s) as ambient_background+ins_trill
13.0s - extractor main: rescued 'ins_trill' at 49485.168s (0.137s) as ambient_background+ins_trill
13.0s - extractor main: rescued 'ins_trill' at 49486.126s (0.143s) as ambient_background+ins_trill
13.1s - extractor main: rescued 'ins_trill' at 49487.122s (0.209s) as ambient_background+ins_trill
13.1s - extractor main: rescued 'ins_trill' at 49496.088s (0.209s) as ambient_background+ins_trill
13.1s - extractor main: rescued 'ins_trill' at 49509.155s (0.141s) as ambient_background+ins_trill
13.1s - extractor main: rescued 'ins_trill' at 49513.100s (0.148s) as ambient_background+ins_trill
13.1s - extractor main: rescued 'ins_trill' at 49516.167s (0.148s) as ambient_background+ins_trill
13.1s - extractor main: rescued 'ins_trill' at 49521.106s (0.129s) as ambient_background+ins_trill
13.1s - extractor main: rescued 'ins_trill' at 49533.063s (0.151s) as ambient_background+ins_trill
13.1s - extractor main: rescued 'ins_trill' at 49536.191s (0.132s) as ambient_background+ins_trill
13.1s - extractor main: rescued 'ins_trill' at 49537.161s (0.132s) as ambient_background+ins_trill
13.1s - extractor main: rescued 'ins_trill' at 49549.123s (0.141s) as ambient_background+ins_trill
13.1s - extractor main: rescued 'ins_trill' at 49554.195s (0.137s) as ambient_background+ins_trill
13.1s - extractor main: rescued 'ins_trill' at 49555.168s (0.139s) as ambient_background+ins_trill
13.1s - extractor main: JamesU - MustardBumbler/1_29/240903_1319 snip [11/24] snip_52830.000_53190.000.flac
13.9s - extractor main: JamesU - MustardBumbler/1_29/240903_1319 snip [12/24] snip_56430.000_56790.000.flac
14.8s - extractor main: rescued 'animal_dog' at 56468.187s (0.185s) as animal_dog+ins_trill+mech_hum_traffic
14.8s - extractor main: rescued 'ins_trill' at 56704.064s (0.196s) as ins_trill+mech_auto_motorcycle
14.8s - extractor main: rescued 'ins_trill' at 56714.789s (0.131s) as ambient_background+ins_trill
14.8s - extractor main: JamesU - MustardBumbler/1_29/240903_1319 snip [13/24] snip_60030.000_60389.960.flac
15.6s - extractor main: JamesU - MustardBumbler/1_29/240903_1319 snip [14/24] snip_63630.000_63990.000.flac
16.5s - extractor main: rescued 'ins_trill' at 63853.138s (0.243s) as ins_trill+mech_auto_background
16.5s - extractor main: rescued 'ins_trill' at 63879.046s (0.281s) as ins_trill+mech_auto_background
16.5s - extractor main: rescued 'ins_trill' at 63958.020s (0.230s) as ins_trill+mech_auto_background
16.5s - extractor main: JamesU - MustardBumbler/1_29/240903_1319 snip [15/24] snip_67230.000_67590.000.flac
17.4s - extractor main: rescued 'animal_bird_goose' at 67429.063s (0.225s) as animal_bird_goose+ins_trill+mech_auto_background
17.4s - extractor main: rescued 'animal_bird_goose' at 67467.018s (0.238s) as animal_bird_goose+ins_trill+mech_auto_background
17.4s - extractor main: JamesU - MustardBumbler/1_29/240903_1319 snip [16/24] snip_70830.000_71190.000.flac
18.2s - extractor main: JamesU - MustardBumbler/1_29/240903_1319 snip [17/24] snip_74430.000_74790.004.flac
19.1s - extractor main: JamesU - MustardBumbler/1_29/240903_1319 snip [18/24] snip_78030.000_78390.030.flac
19.9s - extractor main: JamesU - MustardBumbler/1_29/240903_1319 snip [19/24] snip_81630.000_81990.004.flac
20.7s - extractor main: rescued 'ambient_wind' at 81840.160s (0.187s) as ambient_wind+ins_buzz_medium+ins_trill
20.8s - extractor main: JamesU - MustardBumbler/1_29/240903_1319 snip [20/24] snip_85230.000_85590.030.flac
21.6s - extractor main: JamesU - MustardBumbler/1_29/240903_1319 snip [21/24] snip_88830.000_89190.004.flac
22.4s - extractor main: rescued 'ins_buzz_medium' at 89081.158s (0.212s) as ins_buzz_medium+ins_trill
22.4s - extractor main: JamesU - MustardBumbler/1_29/240903_1319 snip [22/24] snip_92430.000_92790.030.flac
23.3s - extractor main: rescued 'ins_buzz_medium' at 92753.054s (0.238s) as ins_buzz_medium+ins_trill
23.3s - extractor main: rescued 'ins_buzz_medium' at 92754.180s (0.117s) as ins_buzz_medium+ins_trill
23.3s - extractor main: JamesU - MustardBumbler/1_29/240903_1319 snip [23/24] snip_96030.000_96390.004.flac
24.1s - extractor main: rescued 'ins_buzz_medium' at 96145.135s (0.206s) as ins_buzz_medium+ins_trill
24.1s - extractor main: JamesU - MustardBumbler/1_29/240903_1319 snip [24/24] snip_99630.000_99990.030.flac
[W909 01:25:26.577608239 NNPACK.cpp:56] Could not initialize NNPACK! Reason: Unsupported hardware.
[W909 01:25:26.615305266 NNPACK.cpp:56] Could not initialize NNPACK! Reason: Unsupported hardware.
[W909 01:25:26.617369833 NNPACK.cpp:56] Could not initialize NNPACK! Reason: Unsupported hardware.
[W909 01:25:26.619243523 NNPACK.cpp:56] Could not initialize NNPACK! Reason: Unsupported hardware.
[W909 01:25:26.829724791 NNPACK.cpp:56] Could not initialize NNPACK! Reason: Unsupported hardware.
[W909 01:25:26.831877173 NNPACK.cpp:56] Could not initialize NNPACK! Reason: Unsupported hardware.
[W909 01:25:26.833982573 NNPACK.cpp:56] Could not initialize NNPACK! Reason: Unsupported hardware.
[W909 01:25:26.902920001 NNPACK.cpp:56] Could not initialize NNPACK! Reason: Unsupported hardware.
[W909 01:25:27.534160205 NNPACK.cpp:56] Could not initialize NNPACK! Reason: Unsupported hardware.
[W909 01:25:27.536491931 NNPACK.cpp:56] Could not initialize NNPACK! Reason: Unsupported hardware.
[W909 01:25:27.538281230 NNPACK.cpp:56] Could not initialize NNPACK! Reason: Unsupported hardware.
[W909 01:25:27.539965806 NNPACK.cpp:56] Could not initialize NNPACK! Reason: Unsupported hardware.
[W909 01:25:27.541909833 NNPACK.cpp:56] Could not initialize NNPACK! Reason: Unsupported hardware.
[W909 01:25:27.543798650 NNPACK.cpp:56] Could not initialize NNPACK! Reason: Unsupported hardware.
[W909 01:25:27.545774640 NNPACK.cpp:56] Could not initialize NNPACK! Reason: Unsupported hardware.
[W909 01:25:27.587073530 NNPACK.cpp:56] Could not initialize NNPACK! Reason: Unsupported hardware.
[W909 01:25:28.429524845 NNPACK.cpp:56] Could not initialize NNPACK! Reason: Unsupported hardware.
[W909 01:25:28.431554620 NNPACK.cpp:56] Could not initialize NNPACK! Reason: Unsupported hardware.
[W909 01:25:28.433660422 NNPACK.cpp:56] Could not initialize NNPACK! Reason: Unsupported hardware.
[W909 01:25:28.435571789 NNPACK.cpp:56] Could not initialize NNPACK! Reason: Unsupported hardware.
[W909 01:25:28.437599651 NNPACK.cpp:56] Could not initialize NNPACK! Reason: Unsupported hardware.
[W909 01:25:28.439614516 NNPACK.cpp:56] Could not initialize NNPACK! Reason: Unsupported hardware.
[W909 01:25:28.442035769 NNPACK.cpp:56] Could not initialize NNPACK! Reason: Unsupported hardware.
[W909 01:25:28.482326980 NNPACK.cpp:56] Could not initialize NNPACK! Reason: Unsupported hardware.
[W909 01:25:29.320256709 NNPACK.cpp:56] Could not initialize NNPACK! Reason: Unsupported hardware.
[W909 01:25:29.322304179 NNPACK.cpp:56] Could not initialize NNPACK! Reason: Unsupported hardware.
[W909 01:25:29.324183955 NNPACK.cpp:56] Could not initialize NNPACK! Reason: Unsupported hardware.
[W909 01:25:29.326008793 NNPACK.cpp:56] Could not initialize NNPACK! Reason: Unsupported hardware.
[W909 01:25:29.328053260 NNPACK.cpp:56] Could not initialize NNPACK! Reason: Unsupported hardware.
[W909 01:25:29.330022759 NNPACK.cpp:56] Could not initialize NNPACK! Reason: Unsupported hardware.
[W909 01:25:29.331967567 NNPACK.cpp:56] Could not initialize NNPACK! Reason: Unsupported hardware.
[W909 01:25:29.372599194 NNPACK.cpp:56] Could not initialize NNPACK! Reason: Unsupported hardware.
[W909 01:25:30.204190896 NNPACK.cpp:56] Could not initialize NNPACK! Reason: Unsupported hardware.
[W909 01:25:30.205642570 NNPACK.cpp:56] Could not initialize NNPACK! Reason: Unsupported hardware.
[W909 01:25:30.206825062 NNPACK.cpp:56] Could not initialize NNPACK! Reason: Unsupported hardware.
[W909 01:25:30.207999245 NNPACK.cpp:56] Could not initialize NNPACK! Reason: Unsupported hardware.
[W909 01:25:30.209363087 NNPACK.cpp:56] Could not initialize NNPACK! Reason: Unsupported hardware.
[W909 01:25:30.210713964 NNPACK.cpp:56] Could not initialize NNPACK! Reason: Unsupported hardware.
[W909 01:25:30.212073318 NNPACK.cpp:56] Could not initialize NNPACK! Reason: Unsupported hardware.
[W909 01:25:30.213854787 NNPACK.cpp:56] Could not initialize NNPACK! Reason: Unsupported hardware.
[W909 01:25:30.812721385 NNPACK.cpp:56] Could not initialize NNPACK! Reason: Unsupported hardware.
[W909 01:25:30.814650260 NNPACK.cpp:56] Could not initialize NNPACK! Reason: Unsupported hardware.
[W909 01:25:30.816317665 NNPACK.cpp:56] Could not initialize NNPACK! Reason: Unsupported hardware.
[W909 01:25:30.818039930 NNPACK.cpp:56] Could not initialize NNPACK! Reason: Unsupported hardware.
[W909 01:25:30.820048590 NNPACK.cpp:56] Could not initialize NNPACK! Reason: Unsupported hardware.
[W909 01:25:30.821948903 NNPACK.cpp:56] Could not initialize NNPACK! Reason: Unsupported hardware.
[W909 01:25:30.823866804 NNPACK.cpp:56] Could not initialize NNPACK! Reason: Unsupported hardware.
[W909 01:25:30.865062057 NNPACK.cpp:56] Could not initialize NNPACK! Reason: Unsupported hardware.
[W909 01:25:31.697275888 NNPACK.cpp:56] Could not initialize NNPACK! Reason: Unsupported hardware.
[W909 01:25:31.699289610 NNPACK.cpp:56] Could not initialize NNPACK! Reason: Unsupported hardware.
[W909 01:25:31.701026204 NNPACK.cpp:56] Could not initialize NNPACK! Reason: Unsupported hardware.
[W909 01:25:31.702684533 NNPACK.cpp:56] Could not initialize NNPACK! Reason: Unsupported hardware.
[W909 01:25:31.704658785 NNPACK.cpp:56] Could not initialize NNPACK! Reason: Unsupported hardware.
[W909 01:25:31.706572034 NNPACK.cpp:56] Could not initialize NNPACK! Reason: Unsupported hardware.
[W909 01:25:31.708484239 NNPACK.cpp:56] Could not initialize NNPACK! Reason: Unsupported hardware.
[W909 01:25:31.748423769 NNPACK.cpp:56] Could not initialize NNPACK! Reason: Unsupported hardware.
[W909 01:25:32.587854311 NNPACK.cpp:56] Could not initialize NNPACK! Reason: Unsupported hardware.
[W909 01:25:32.589874800 NNPACK.cpp:56] Could not initialize NNPACK! Reason: Unsupported hardware.
[W909 01:25:32.591547245 NNPACK.cpp:56] Could not initialize NNPACK! Reason: Unsupported hardware.
[W909 01:25:32.593206499 NNPACK.cpp:56] Could not initialize NNPACK! Reason: Unsupported hardware.
[W909 01:25:32.595125668 NNPACK.cpp:56] Could not initialize NNPACK! Reason: Unsupported hardware.
[W909 01:25:32.597032904 NNPACK.cpp:56] Could not initialize NNPACK! Reason: Unsupported hardware.
[W909 01:25:32.598937670 NNPACK.cpp:56] Could not initialize NNPACK! Reason: Unsupported hardware.
[W909 01:25:32.639047504 NNPACK.cpp:56] Could not initialize NNPACK! Reason: Unsupported hardware.
[W909 01:25:33.475114979 NNPACK.cpp:56] Could not initialize NNPACK! Reason: Unsupported hardware.
[W909 01:25:33.477012799 NNPACK.cpp:56] Could not initialize NNPACK! Reason: Unsupported hardware.
[W909 01:25:33.478708702 NNPACK.cpp:56] Could not initialize NNPACK! Reason: Unsupported hardware.
[W909 01:25:33.480344222 NNPACK.cpp:56] Could not initialize NNPACK! Reason: Unsupported hardware.
[W909 01:25:33.482277297 NNPACK.cpp:56] Could not initialize NNPACK! Reason: Unsupported hardware.
[W909 01:25:33.484230032 NNPACK.cpp:56] Could not initialize NNPACK! Reason: Unsupported hardware.
[W909 01:25:33.486125213 NNPACK.cpp:56] Could not initialize NNPACK! Reason: Unsupported hardware.
[W909 01:25:33.526271019 NNPACK.cpp:56] Could not initialize NNPACK! Reason: Unsupported hardware.
[W909 01:25:34.359368434 NNPACK.cpp:56] Could not initialize NNPACK! Reason: Unsupported hardware.
[W909 01:25:34.360798960 NNPACK.cpp:56] Could not initialize NNPACK! Reason: Unsupported hardware.
[W909 01:25:34.365666746 NNPACK.cpp:56] Could not initialize NNPACK! Reason: Unsupported hardware.
[W909 01:25:34.366888195 NNPACK.cpp:56] Could not initialize NNPACK! Reason: Unsupported hardware.
[W909 01:25:34.368379407 NNPACK.cpp:56] Could not initialize NNPACK! Reason: Unsupported hardware.
[W909 01:25:34.369801107 NNPACK.cpp:56] Could not initialize NNPACK! Reason: Unsupported hardware.
[W909 01:25:34.371266840 NNPACK.cpp:56] Could not initialize NNPACK! Reason: Unsupported hardware.
[W909 01:25:34.372977880 NNPACK.cpp:56] Could not initialize NNPACK! Reason: Unsupported hardware.
[W909 01:25:35.971305678 NNPACK.cpp:56] Could not initialize NNPACK! Reason: Unsupported hardware.
[W909 01:25:35.973195540 NNPACK.cpp:56] Could not initialize NNPACK! Reason: Unsupported hardware.
[W909 01:25:35.974840266 NNPACK.cpp:56] Could not initialize NNPACK! Reason: Unsupported hardware.
[W909 01:25:35.976486532 NNPACK.cpp:56] Could not initialize NNPACK! Reason: Unsupported hardware.
[W909 01:25:35.978422655 NNPACK.cpp:56] Could not initialize NNPACK! Reason: Unsupported hardware.
[W909 01:25:35.980319201 NNPACK.cpp:56] Could not initialize NNPACK! Reason: Unsupported hardware.
[W909 01:25:35.982209019 NNPACK.cpp:56] Could not initialize NNPACK! Reason: Unsupported hardware.
[W909 01:25:35.022420346 NNPACK.cpp:56] Could not initialize NNPACK! Reason: Unsupported hardware.
[W909 01:25:35.857954389 NNPACK.cpp:56] Could not initialize NNPACK! Reason: Unsupported hardware.
[W909 01:25:35.859891632 NNPACK.cpp:56] Could not initialize NNPACK! Reason: Unsupported hardware.
[W909 01:25:35.861547110 NNPACK.cpp:56] Could not initialize NNPACK! Reason: Unsupported hardware.
[W909 01:25:35.863217031 NNPACK.cpp:56] Could not initialize NNPACK! Reason: Unsupported hardware.
[W909 01:25:35.865149949 NNPACK.cpp:56] Could not initialize NNPACK! Reason: Unsupported hardware.
[W909 01:25:35.867075322 NNPACK.cpp:56] Could not initialize NNPACK! Reason: Unsupported hardware.
[W909 01:25:35.868965085 NNPACK.cpp:56] Could not initialize NNPACK! Reason: Unsupported hardware.
[W909 01:25:35.909113211 NNPACK.cpp:56] Could not initialize NNPACK! Reason: Unsupported hardware.
[W909 01:25:36.751403409 NNPACK.cpp:56] Could not initialize NNPACK! Reason: Unsupported hardware.
[W909 01:25:36.753420588 NNPACK.cpp:56] Could not initialize NNPACK! Reason: Unsupported hardware.
[W909 01:25:36.755218399 NNPACK.cpp:56] Could not initialize NNPACK! Reason: Unsupported hardware.
[W909 01:25:36.756929652 NNPACK.cpp:56] Could not initialize NNPACK! Reason: Unsupported hardware.
[W909 01:25:36.758915360 NNPACK.cpp:56] Could not initialize NNPACK! Reason: Unsupported hardware.
[W909 01:25:36.761061614 NNPACK.cpp:56] Could not initialize NNPACK! Reason: Unsupported hardware.
[W909 01:25:36.763132419 NNPACK.cpp:56] Could not initialize NNPACK! Reason: Unsupported hardware.
[W909 01:25:36.802714207 NNPACK.cpp:56] Could not initialize NNPACK! Reason: Unsupported hardware.
[W909 01:25:37.645030509 NNPACK.cpp:56] Could not initialize NNPACK! Reason: Unsupported hardware.
[W909 01:25:37.646910798 NNPACK.cpp:56] Could not initialize NNPACK! Reason: Unsupported hardware.
[W909 01:25:37.648554577 NNPACK.cpp:56] Could not initialize NNPACK! Reason: Unsupported hardware.
[W909 01:25:37.650281973 NNPACK.cpp:56] Could not initialize NNPACK! Reason: Unsupported hardware.
[W909 01:25:37.652252347 NNPACK.cpp:56] Could not initialize NNPACK! Reason: Unsupported hardware.
[W909 01:25:37.654198471 NNPACK.cpp:56] Could not initialize NNPACK! Reason: Unsupported hardware.
[W909 01:25:37.656170875 NNPACK.cpp:56] Could not initialize NNPACK! Reason: Unsupported hardware.
[W909 01:25:37.696256523 NNPACK.cpp:56] Could not initialize NNPACK! Reason: Unsupported hardware.
[W909 01:25:38.528272902 NNPACK.cpp:56] Could not initialize NNPACK! Reason: Unsupported hardware.
[W909 01:25:38.529766691 NNPACK.cpp:56] Could not initialize NNPACK! Reason: Unsupported hardware.
[W909 01:25:38.530987025 NNPACK.cpp:56] Could not initialize NNPACK! Reason: Unsupported hardware.
[W909 01:25:38.532148540 NNPACK.cpp:56] Could not initialize NNPACK! Reason: Unsupported hardware.
[W909 01:25:38.533511008 NNPACK.cpp:56] Could not initialize NNPACK! Reason: Unsupported hardware.
[W909 01:25:38.534854011 NNPACK.cpp:56] Could not initialize NNPACK! Reason: Unsupported hardware.
[W909 01:25:38.536233458 NNPACK.cpp:56] Could not initialize NNPACK! Reason: Unsupported hardware.
[W909 01:25:38.537875883 NNPACK.cpp:56] Could not initialize NNPACK! Reason: Unsupported hardware.
[W909 01:25:39.148402026 NNPACK.cpp:56] Could not initialize NNPACK! Reason: Unsupported hardware.
[W909 01:25:39.150442279 NNPACK.cpp:56] Could not initialize NNPACK! Reason: Unsupported hardware.
[W909 01:25:39.152444590 NNPACK.cpp:56] Could not initialize NNPACK! Reason: Unsupported hardware.
[W909 01:25:39.154250730 NNPACK.cpp:56] Could not initialize NNPACK! Reason: Unsupported hardware.
[W909 01:25:39.156264788 NNPACK.cpp:56] Could not initialize NNPACK! Reason: Unsupported hardware.
[W909 01:25:39.158259249 NNPACK.cpp:56] Could not initialize NNPACK! Reason: Unsupported hardware.
[W909 01:25:39.160258520 NNPACK.cpp:56] Could not initialize NNPACK! Reason: Unsupported hardware.
[W909 01:25:39.201327401 NNPACK.cpp:56] Could not initialize NNPACK! Reason: Unsupported hardware.
[W909 01:25:40.053526692 NNPACK.cpp:56] Could not initialize NNPACK! Reason: Unsupported hardware.
[W909 01:25:40.055491762 NNPACK.cpp:56] Could not initialize NNPACK! Reason: Unsupported hardware.
[W909 01:25:40.060403588 NNPACK.cpp:56] Could not initialize NNPACK! Reason: Unsupported hardware.
[W909 01:25:40.062131425 NNPACK.cpp:56] Could not initialize NNPACK! Reason: Unsupported hardware.
[W909 01:25:40.064086086 NNPACK.cpp:56] Could not initialize NNPACK! Reason: Unsupported hardware.
[W909 01:25:40.065995888 NNPACK.cpp:56] Could not initialize NNPACK! Reason: Unsupported hardware.
[W909 01:25:40.067936813 NNPACK.cpp:56] Could not initialize NNPACK! Reason: Unsupported hardware.
[W909 01:25:40.106409326 NNPACK.cpp:56] Could not initialize NNPACK! Reason: Unsupported hardware.
[W909 01:25:41.956079526 NNPACK.cpp:56] Could not initialize NNPACK! Reason: Unsupported hardware.
[W909 01:25:41.958063221 NNPACK.cpp:56] Could not initialize NNPACK! Reason: Unsupported hardware.
[W909 01:25:41.959843293 NNPACK.cpp:56] Could not initialize NNPACK! Reason: Unsupported hardware.
[W909 01:25:41.961658198 NNPACK.cpp:56] Could not initialize NNPACK! Reason: Unsupported hardware.
[W909 01:25:41.963721489 NNPACK.cpp:56] Could not initialize NNPACK! Reason: Unsupported hardware.
[W909 01:25:41.965724590 NNPACK.cpp:56] Could not initialize NNPACK! Reason: Unsupported hardware.
[W909 01:25:41.967735676 NNPACK.cpp:56] Could not initialize NNPACK! Reason: Unsupported hardware.
[W909 01:25:41.008837391 NNPACK.cpp:56] Could not initialize NNPACK! Reason: Unsupported hardware.
[W909 01:25:41.856805552 NNPACK.cpp:56] Could not initialize NNPACK! Reason: Unsupported hardware.
[W909 01:25:41.858788174 NNPACK.cpp:56] Could not initialize NNPACK! Reason: Unsupported hardware.
[W909 01:25:41.860497177 NNPACK.cpp:56] Could not initialize NNPACK! Reason: Unsupported hardware.
[W909 01:25:41.862186820 NNPACK.cpp:56] Could not initialize NNPACK! Reason: Unsupported hardware.
[W909 01:25:41.864153840 NNPACK.cpp:56] Could not initialize NNPACK! Reason: Unsupported hardware.
[W909 01:25:41.866047468 NNPACK.cpp:56] Could not initialize NNPACK! Reason: Unsupported hardware.
[W909 01:25:41.867952437 NNPACK.cpp:56] Could not initialize NNPACK! Reason: Unsupported hardware.
[W909 01:25:41.908445891 NNPACK.cpp:56] Could not initialize NNPACK! Reason: Unsupported hardware.
[W909 01:25:42.754542331 NNPACK.cpp:56] Could not initialize NNPACK! Reason: Unsupported hardware.
[W909 01:25:42.755974828 NNPACK.cpp:56] Could not initialize NNPACK! Reason: Unsupported hardware.
[W909 01:25:42.757205565 NNPACK.cpp:56] Could not initialize NNPACK! Reason: Unsupported hardware.
[W909 01:25:42.758621162 NNPACK.cpp:56] Could not initialize NNPACK! Reason: Unsupported hardware.
[W909 01:25:42.760067434 NNPACK.cpp:56] Could not initialize NNPACK! Reason: Unsupported hardware.
[W909 01:25:42.761470461 NNPACK.cpp:56] Could not initialize NNPACK! Reason: Unsupported hardware.
[W909 01:25:42.762875809 NNPACK.cpp:56] Could not initialize NNPACK! Reason: Unsupported hardware.
[W909 01:25:42.764598171 NNPACK.cpp:56] Could not initialize NNPACK! Reason: Unsupported hardware.
[W909 01:25:43.370816035 NNPACK.cpp:56] Could not initialize NNPACK! Reason: Unsupported hardware.
[W909 01:25:43.372744366 NNPACK.cpp:56] Could not initialize NNPACK! Reason: Unsupported hardware.
[W909 01:25:43.374390859 NNPACK.cpp:56] Could not initialize NNPACK! Reason: Unsupported hardware.
[W909 01:25:43.376022268 NNPACK.cpp:56] Could not initialize NNPACK! Reason: Unsupported hardware.
[W909 01:25:43.377910215 NNPACK.cpp:56] Could not initialize NNPACK! Reason: Unsupported hardware.
[W909 01:25:43.379795650 NNPACK.cpp:56] Could not initialize NNPACK! Reason: Unsupported hardware.
[W909 01:25:43.381686484 NNPACK.cpp:56] Could not initialize NNPACK! Reason: Unsupported hardware.
[W909 01:25:43.422040250 NNPACK.cpp:56] Could not initialize NNPACK! Reason: Unsupported hardware.
[W909 01:25:44.254941456 NNPACK.cpp:56] Could not initialize NNPACK! Reason: Unsupported hardware.
[W909 01:25:44.256857187 NNPACK.cpp:56] Could not initialize NNPACK! Reason: Unsupported hardware.
[W909 01:25:44.258544944 NNPACK.cpp:56] Could not initialize NNPACK! Reason: Unsupported hardware.
[W909 01:25:44.260205751 NNPACK.cpp:56] Could not initialize NNPACK! Reason: Unsupported hardware.
[W909 01:25:44.262156641 NNPACK.cpp:56] Could not initialize NNPACK! Reason: Unsupported hardware.
[W909 01:25:44.264047019 NNPACK.cpp:56] Could not initialize NNPACK! Reason: Unsupported hardware.
[W909 01:25:44.265928170 NNPACK.cpp:56] Could not initialize NNPACK! Reason: Unsupported hardware.
[W909 01:25:44.307436065 NNPACK.cpp:56] Could not initialize NNPACK! Reason: Unsupported hardware.
[W909 01:25:45.142212622 NNPACK.cpp:56] Could not initialize NNPACK! Reason: Unsupported hardware.
[W909 01:25:45.144179080 NNPACK.cpp:56] Could not initialize NNPACK! Reason: Unsupported hardware.
[W909 01:25:45.148939734 NNPACK.cpp:56] Could not initialize NNPACK! Reason: Unsupported hardware.
[W909 01:25:45.150688652 NNPACK.cpp:56] Could not initialize NNPACK! Reason: Unsupported hardware.
[W909 01:25:45.152670977 NNPACK.cpp:56] Could not initialize NNPACK! Reason: Unsupported hardware.
[W909 01:25:45.154621305 NNPACK.cpp:56] Could not initialize NNPACK! Reason: Unsupported hardware.
[W909 01:25:45.156559046 NNPACK.cpp:56] Could not initialize NNPACK! Reason: Unsupported hardware.
[W909 01:25:45.193839448 NNPACK.cpp:56] Could not initialize NNPACK! Reason: Unsupported hardware.
[W909 01:25:46.031180137 NNPACK.cpp:56] Could not initialize NNPACK! Reason: Unsupported hardware.
[W909 01:25:46.033112541 NNPACK.cpp:56] Could not initialize NNPACK! Reason: Unsupported hardware.
[W909 01:25:46.034753126 NNPACK.cpp:56] Could not initialize NNPACK! Reason: Unsupported hardware.
[W909 01:25:46.036404468 NNPACK.cpp:56] Could not initialize NNPACK! Reason: Unsupported hardware.
[W909 01:25:46.038314784 NNPACK.cpp:56] Could not initialize NNPACK! Reason: Unsupported hardware.
[W909 01:25:46.040205602 NNPACK.cpp:56] Could not initialize NNPACK! Reason: Unsupported hardware.
[W909 01:25:46.042103573 NNPACK.cpp:56] Could not initialize NNPACK! Reason: Unsupported hardware.
[W909 01:25:46.082561191 NNPACK.cpp:56] Could not initialize NNPACK! Reason: Unsupported hardware.
[W909 01:25:46.920266690 NNPACK.cpp:56] Could not initialize NNPACK! Reason: Unsupported hardware.
[W909 01:25:46.921697828 NNPACK.cpp:56] Could not initialize NNPACK! Reason: Unsupported hardware.
[W909 01:25:46.922871630 NNPACK.cpp:56] Could not initialize NNPACK! Reason: Unsupported hardware.
[W909 01:25:46.924026029 NNPACK.cpp:56] Could not initialize NNPACK! Reason: Unsupported hardware.
[W909 01:25:46.925372231 NNPACK.cpp:56] Could not initialize NNPACK! Reason: Unsupported hardware.
[W909 01:25:46.926692324 NNPACK.cpp:56] Could not initialize NNPACK! Reason: Unsupported hardware.
[W909 01:25:46.928060150 NNPACK.cpp:56] Could not initialize NNPACK! Reason: Unsupported hardware.
[W909 01:25:46.929689906 NNPACK.cpp:56] Could not initialize NNPACK! Reason: Unsupported hardware.
[W909 01:25:47.531705151 NNPACK.cpp:56] Could not initialize NNPACK! Reason: Unsupported hardware.
[W909 01:25:47.533673323 NNPACK.cpp:56] Could not initialize NNPACK! Reason: Unsupported hardware.
[W909 01:25:47.535337423 NNPACK.cpp:56] Could not initialize NNPACK! Reason: Unsupported hardware.
[W909 01:25:47.536983348 NNPACK.cpp:56] Could not initialize NNPACK! Reason: Unsupported hardware.
[W909 01:25:47.538884961 NNPACK.cpp:56] Could not initialize NNPACK! Reason: Unsupported hardware.
[W909 01:25:47.540775093 NNPACK.cpp:56] Could not initialize NNPACK! Reason: Unsupported hardware.
[W909 01:25:47.542666743 NNPACK.cpp:56] Could not initialize NNPACK! Reason: Unsupported hardware.
[W909 01:25:47.585377366 NNPACK.cpp:56] Could not initialize NNPACK! Reason: Unsupported hardware.
[W909 01:25:48.429434929 NNPACK.cpp:56] Could not initialize NNPACK! Reason: Unsupported hardware.
[W909 01:25:48.431334159 NNPACK.cpp:56] Could not initialize NNPACK! Reason: Unsupported hardware.
[W909 01:25:48.433044284 NNPACK.cpp:56] Could not initialize NNPACK! Reason: Unsupported hardware.
[W909 01:25:48.434682144 NNPACK.cpp:56] Could not initialize NNPACK! Reason: Unsupported hardware.
[W909 01:25:48.436608202 NNPACK.cpp:56] Could not initialize NNPACK! Reason: Unsupported hardware.
[W909 01:25:48.438529590 NNPACK.cpp:56] Could not initialize NNPACK! Reason: Unsupported hardware.
[W909 01:25:48.440448722 NNPACK.cpp:56] Could not initialize NNPACK! Reason: Unsupported hardware.
[W909 01:25:48.480709830 NNPACK.cpp:56] Could not initialize NNPACK! Reason: Unsupported hardware.
[W909 01:25:49.318245427 NNPACK.cpp:56] Could not initialize NNPACK! Reason: Unsupported hardware.
[W909 01:25:49.320121458 NNPACK.cpp:56] Could not initialize NNPACK! Reason: Unsupported hardware.
[W909 01:25:49.321807272 NNPACK.cpp:56] Could not initialize NNPACK! Reason: Unsupported hardware.
[W909 01:25:49.323454549 NNPACK.cpp:56] Could not initialize NNPACK! Reason: Unsupported hardware.
[W909 01:25:49.325354793 NNPACK.cpp:56] Could not initialize NNPACK! Reason: Unsupported hardware.
[W909 01:25:49.327244677 NNPACK.cpp:56] Could not initialize NNPACK! Reason: Unsupported hardware.
[W909 01:25:49.329143109 NNPACK.cpp:56] Could not initialize NNPACK! Reason: Unsupported hardware.
[W909 01:25:49.369649973 NNPACK.cpp:56] Could not initialize NNPACK! Reason: Unsupported hardware.
[W909 01:25:50.211155558 NNPACK.cpp:56] Could not initialize NNPACK! Reason: Unsupported hardware.
[W909 01:25:50.213113429 NNPACK.cpp:56] Could not initialize NNPACK! Reason: Unsupported hardware.
[W909 01:25:50.217992400 NNPACK.cpp:56] Could not initialize NNPACK! Reason: Unsupported hardware.
[W909 01:25:50.219642610 NNPACK.cpp:56] Could not initialize NNPACK! Reason: Unsupported hardware.
[W909 01:25:50.221551579 NNPACK.cpp:56] Could not initialize NNPACK! Reason: Unsupported hardware.
[W909 01:25:50.223456052 NNPACK.cpp:56] Could not initialize NNPACK! Reason: Unsupported hardware.
[W909 01:25:50.225378241 NNPACK.cpp:56] Could not initialize NNPACK! Reason: Unsupported hardware.
[W909 01:25:50.262448806 NNPACK.cpp:56] Could not initialize NNPACK! Reason: Unsupported hardware.
[W909 01:25:51.100281518 NNPACK.cpp:56] Could not initialize NNPACK! Reason: Unsupported hardware.
[W909 01:25:51.101682402 NNPACK.cpp:56] Could not initialize NNPACK! Reason: Unsupported hardware.
[W909 01:25:51.102841620 NNPACK.cpp:56] Could not initialize NNPACK! Reason: Unsupported hardware.
[W909 01:25:51.103999945 NNPACK.cpp:56] Could not initialize NNPACK! Reason: Unsupported hardware.
[W909 01:25:51.105385543 NNPACK.cpp:56] Could not initialize NNPACK! Reason: Unsupported hardware.
[W909 01:25:51.107010710 NNPACK.cpp:56] Could not initialize NNPACK! Reason: Unsupported hardware.
[W909 01:25:51.108420462 NNPACK.cpp:56] Could not initialize NNPACK! Reason: Unsupported hardware.
[W909 01:25:51.110498396 NNPACK.cpp:56] Could not initialize NNPACK! Reason: Unsupported hardware.
[W909 01:25:51.711517805 NNPACK.cpp:56] Could not initialize NNPACK! Reason: Unsupported hardware.
[W909 01:25:51.713470445 NNPACK.cpp:56] Could not initialize NNPACK! Reason: Unsupported hardware.
[W909 01:25:51.715129626 NNPACK.cpp:56] Could not initialize NNPACK! Reason: Unsupported hardware.
[W909 01:25:51.716821843 NNPACK.cpp:56] Could not initialize NNPACK! Reason: Unsupported hardware.
[W909 01:25:51.718741231 NNPACK.cpp:56] Could not initialize NNPACK! Reason: Unsupported hardware.
[W909 01:25:51.720624773 NNPACK.cpp:56] Could not initialize NNPACK! Reason: Unsupported hardware.
[W909 01:25:51.722512598 NNPACK.cpp:56] Could not initialize NNPACK! Reason: Unsupported hardware.
[W909 01:25:51.762863487 NNPACK.cpp:56] Could not initialize NNPACK! Reason: Unsupported hardware.
[W909 01:25:52.599878719 NNPACK.cpp:56] Could not initialize NNPACK! Reason: Unsupported hardware.
[W909 01:25:52.601792582 NNPACK.cpp:56] Could not initialize NNPACK! Reason: Unsupported hardware.
[W909 01:25:52.603440991 NNPACK.cpp:56] Could not initialize NNPACK! Reason: Unsupported hardware.
[W909 01:25:52.605087118 NNPACK.cpp:56] Could not initialize NNPACK! Reason: Unsupported hardware.
[W909 01:25:52.606982737 NNPACK.cpp:56] Could not initialize NNPACK! Reason: Unsupported hardware.
[W909 01:25:52.608871556 NNPACK.cpp:56] Could not initialize NNPACK! Reason: Unsupported hardware.
[W909 01:25:52.610762577 NNPACK.cpp:56] Could not initialize NNPACK! Reason: Unsupported hardware.
[W909 01:25:52.652762682 NNPACK.cpp:56] Could not initialize NNPACK! Reason: Unsupported hardware.
[W909 01:25:53.489238041 NNPACK.cpp:56] Could not initialize NNPACK! Reason: Unsupported hardware.
[W909 01:25:53.491153511 NNPACK.cpp:56] Could not initialize NNPACK! Reason: Unsupported hardware.
[W909 01:25:53.492788662 NNPACK.cpp:56] Could not initialize NNPACK! Reason: Unsupported hardware.
[W909 01:25:53.494431438 NNPACK.cpp:56] Could not initialize NNPACK! Reason: Unsupported hardware.
[W909 01:25:53.496330458 NNPACK.cpp:56] Could not initialize NNPACK! Reason: Unsupported hardware.
[W909 01:25:53.498240731 NNPACK.cpp:56] Could not initialize NNPACK! Reason: Unsupported hardware.
[W909 01:25:53.500171043 NNPACK.cpp:56] Could not initialize NNPACK! Reason: Unsupported hardware.
[W909 01:25:53.542127467 NNPACK.cpp:56] Could not initialize NNPACK! Reason: Unsupported hardware.
[W909 01:25:54.390781815 NNPACK.cpp:56] Could not initialize NNPACK! Reason: Unsupported hardware.
[W909 01:25:54.392791527 NNPACK.cpp:56] Could not initialize NNPACK! Reason: Unsupported hardware.
[W909 01:25:54.394478479 NNPACK.cpp:56] Could not initialize NNPACK! Reason: Unsupported hardware.
[W909 01:25:54.396127009 NNPACK.cpp:56] Could not initialize NNPACK! Reason: Unsupported hardware.
[W909 01:25:54.398041046 NNPACK.cpp:56] Could not initialize NNPACK! Reason: Unsupported hardware.
[W909 01:25:54.400012652 NNPACK.cpp:56] Could not initialize NNPACK! Reason: Unsupported hardware.
[W909 01:25:54.401956293 NNPACK.cpp:56] Could not initialize NNPACK! Reason: Unsupported hardware.
[W909 01:25:54.444334970 NNPACK.cpp:56] Could not initialize NNPACK! Reason: Unsupported hardware.
[W909 01:25:55.293448699 NNPACK.cpp:56] Could not initialize NNPACK! Reason: Unsupported hardware.
[W909 01:25:55.294156791 NNPACK.cpp:56] Could not initialize NNPACK! Reason: Unsupported hardware.
[W909 01:25:55.299337428 NNPACK.cpp:56] Could not initialize NNPACK! Reason: Unsupported hardware.
[W909 01:25:55.299814490 NNPACK.cpp:56] Could not initialize NNPACK! Reason: Unsupported hardware.
[W909 01:25:55.300344831 NNPACK.cpp:56] Could not initialize NNPACK! Reason: Unsupported hardware.
[W909 01:25:55.300863943 NNPACK.cpp:56] Could not initialize NNPACK! Reason: Unsupported hardware.
[W909 01:25:55.301372386 NNPACK.cpp:56] Could not initialize NNPACK! Reason: Unsupported hardware.
[W909 01:25:55.302244140 NNPACK.cpp:56] Could not initialize NNPACK! Reason: Unsupported hardware.
[W909 01:25:56.204724557 NNPACK.cpp:56] Could not initialize NNPACK! Reason: Unsupported hardware.
[W909 01:25:56.206706795 NNPACK.cpp:56] Could not initialize NNPACK! Reason: Unsupported hardware.
[W909 01:25:56.208482805 NNPACK.cpp:56] Could not initialize NNPACK! Reason: Unsupported hardware.
[W909 01:25:56.210301862 NNPACK.cpp:56] Could not initialize NNPACK! Reason: Unsupported hardware.
[W909 01:25:56.212412727 NNPACK.cpp:56] Could not initialize NNPACK! Reason: Unsupported hardware.
[W909 01:25:56.214454490 NNPACK.cpp:56] Could not initialize NNPACK! Reason: Unsupported hardware.
[W909 01:25:56.216502033 NNPACK.cpp:56] Could not initialize NNPACK! Reason: Unsupported hardware.
[W909 01:25:56.258413829 NNPACK.cpp:56] Could not initialize NNPACK! Reason: Unsupported hardware.
[W909 01:25:57.102834592 NNPACK.cpp:56] Could not initialize NNPACK! Reason: Unsupported hardware.
[W909 01:25:57.104818902 NNPACK.cpp:56] Could not initialize NNPACK! Reason: Unsupported hardware.
[W909 01:25:57.106948330 NNPACK.cpp:56] Could not initialize NNPACK! Reason: Unsupported hardware.
[W909 01:25:57.108779659 NNPACK.cpp:56] Could not initialize NNPACK! Reason: Unsupported hardware.
[W909 01:25:57.111026868 NNPACK.cpp:56] Could not initialize NNPACK! Reason: Unsupported hardware.
[W909 01:25:57.112964457 NNPACK.cpp:56] Could not initialize NNPACK! Reason: Unsupported hardware.
[W909 01:25:57.114893601 NNPACK.cpp:56] Could not initialize NNPACK! Reason: Unsupported hardware.
[W909 01:25:57.156541158 NNPACK.cpp:56] Could not initialize NNPACK! Reason: Unsupported hardware.
[W909 01:25:58.002237527 NNPACK.cpp:56] Could not initialize NNPACK! Reason: Unsupported hardware.
[W909 01:25:58.004291589 NNPACK.cpp:56] Could not initialize NNPACK! Reason: Unsupported hardware.
[W909 01:25:58.006325528 NNPACK.cpp:56] Could not initialize NNPACK! Reason: Unsupported hardware.
[W909 01:25:58.008126610 NNPACK.cpp:56] Could not initialize NNPACK! Reason: Unsupported hardware.
[W909 01:25:58.010199961 NNPACK.cpp:56] Could not initialize NNPACK! Reason: Unsupported hardware.
[W909 01:25:58.012240835 NNPACK.cpp:56] Could not initialize NNPACK! Reason: Unsupported hardware.
[W909 01:25:58.014260468 NNPACK.cpp:56] Could not initialize NNPACK! Reason: Unsupported hardware.
[W909 01:25:58.054023792 NNPACK.cpp:56] Could not initialize NNPACK! Reason: Unsupported hardware.
[W909 01:25:58.901522929 NNPACK.cpp:56] Could not initialize NNPACK! Reason: Unsupported hardware.
[W909 01:25:58.903407613 NNPACK.cpp:56] Could not initialize NNPACK! Reason: Unsupported hardware.
[W909 01:25:58.905359240 NNPACK.cpp:56] Could not initialize NNPACK! Reason: Unsupported hardware.
[W909 01:25:58.907192305 NNPACK.cpp:56] Could not initialize NNPACK! Reason: Unsupported hardware.
[W909 01:25:58.909193778 NNPACK.cpp:56] Could not initialize NNPACK! Reason: Unsupported hardware.
[W909 01:25:58.911185292 NNPACK.cpp:56] Could not initialize NNPACK! Reason: Unsupported hardware.
[W909 01:25:58.913123530 NNPACK.cpp:56] Could not initialize NNPACK! Reason: Unsupported hardware.
[W909 01:25:59.952994216 NNPACK.cpp:56] Could not initialize NNPACK! Reason: Unsupported hardware.
[W909 01:25:59.796398314 NNPACK.cpp:56] Could not initialize NNPACK! Reason: Unsupported hardware.
[W909 01:25:59.797844993 NNPACK.cpp:56] Could not initialize NNPACK! Reason: Unsupported hardware.
[W909 01:25:59.799050367 NNPACK.cpp:56] Could not initialize NNPACK! Reason: Unsupported hardware.
[W909 01:25:59.800390410 NNPACK.cpp:56] Could not initialize NNPACK! Reason: Unsupported hardware.
[W909 01:25:59.801801008 NNPACK.cpp:56] Could not initialize NNPACK! Reason: Unsupported hardware.
[W909 01:25:59.803179747 NNPACK.cpp:56] Could not initialize NNPACK! Reason: Unsupported hardware.
[W909 01:25:59.804549622 NNPACK.cpp:56] Could not initialize NNPACK! Reason: Unsupported hardware.
[W909 01:25:59.806234763 NNPACK.cpp:56] Could not initialize NNPACK! Reason: Unsupported hardware.
[W909 01:26:00.417144291 NNPACK.cpp:56] Could not initialize NNPACK! Reason: Unsupported hardware.
[W909 01:26:00.419036631 NNPACK.cpp:56] Could not initialize NNPACK! Reason: Unsupported hardware.
[W909 01:26:00.420668066 NNPACK.cpp:56] Could not initialize NNPACK! Reason: Unsupported hardware.
[W909 01:26:00.422411346 NNPACK.cpp:56] Could not initialize NNPACK! Reason: Unsupported hardware.
[W909 01:26:00.424352550 NNPACK.cpp:56] Could not initialize NNPACK! Reason: Unsupported hardware.
[W909 01:26:00.426286567 NNPACK.cpp:56] Could not initialize NNPACK! Reason: Unsupported hardware.
[W909 01:26:00.428204440 NNPACK.cpp:56] Could not initialize NNPACK! Reason: Unsupported hardware.
[W909 01:26:00.468526563 NNPACK.cpp:56] Could not initialize NNPACK! Reason: Unsupported hardware.
[W909 01:26:01.310371957 NNPACK.cpp:56] Could not initialize NNPACK! Reason: Unsupported hardware.
[W909 01:26:01.312290520 NNPACK.cpp:56] Could not initialize NNPACK! Reason: Unsupported hardware.
[W909 01:26:01.313914927 NNPACK.cpp:56] Could not initialize NNPACK! Reason: Unsupported hardware.
[W909 01:26:01.315547070 NNPACK.cpp:56] Could not initialize NNPACK! Reason: Unsupported hardware.
[W909 01:26:01.317512559 NNPACK.cpp:56] Could not initialize NNPACK! Reason: Unsupported hardware.
[W909 01:26:01.319441469 NNPACK.cpp:56] Could not initialize NNPACK! Reason: Unsupported hardware.
[W909 01:26:01.321346227 NNPACK.cpp:56] Could not initialize NNPACK! Reason: Unsupported hardware.
[W909 01:26:01.362775871 NNPACK.cpp:56] Could not initialize NNPACK! Reason: Unsupported hardware.
[W909 01:26:02.200183401 NNPACK.cpp:56] Could not initialize NNPACK! Reason: Unsupported hardware.
[W909 01:26:02.202101547 NNPACK.cpp:56] Could not initialize NNPACK! Reason: Unsupported hardware.
[W909 01:26:02.203836126 NNPACK.cpp:56] Could not initialize NNPACK! Reason: Unsupported hardware.
[W909 01:26:02.205524788 NNPACK.cpp:56] Could not initialize NNPACK! Reason: Unsupported hardware.
[W909 01:26:02.207503664 NNPACK.cpp:56] Could not initialize NNPACK! Reason: Unsupported hardware.
[W909 01:26:02.209390935 NNPACK.cpp:56] Could not initialize NNPACK! Reason: Unsupported hardware.
[W909 01:26:02.211298460 NNPACK.cpp:56] Could not initialize NNPACK! Reason: Unsupported hardware.
[W909 01:26:02.251572140 NNPACK.cpp:56] Could not initialize NNPACK! Reason: Unsupported hardware.
[W909 01:26:03.098156128 NNPACK.cpp:56] Could not initialize NNPACK! Reason: Unsupported hardware.
[W909 01:26:03.100074582 NNPACK.cpp:56] Could not initialize NNPACK! Reason: Unsupported hardware.
[W909 01:26:03.101718713 NNPACK.cpp:56] Could not initialize NNPACK! Reason: Unsupported hardware.
[W909 01:26:03.103409678 NNPACK.cpp:56] Could not initialize NNPACK! Reason: Unsupported hardware.
[W909 01:26:03.105309806 NNPACK.cpp:56] Could not initialize NNPACK! Reason: Unsupported hardware.
[W909 01:26:03.107196226 NNPACK.cpp:56] Could not initialize NNPACK! Reason: Unsupported hardware.
[W909 01:26:03.109118922 NNPACK.cpp:56] Could not initialize NNPACK! Reason: Unsupported hardware.
[W909 01:26:03.151000026 NNPACK.cpp:56] Could not initialize NNPACK! Reason: Unsupported hardware.
[W909 01:26:04.993673634 NNPACK.cpp:56] Could not initialize NNPACK! Reason: Unsupported hardware.
[W909 01:26:04.995075709 NNPACK.cpp:56] Could not initialize NNPACK! Reason: Unsupported hardware.
[W909 01:26:04.996234415 NNPACK.cpp:56] Could not initialize NNPACK! Reason: Unsupported hardware.
[W909 01:26:04.997467648 NNPACK.cpp:56] Could not initialize NNPACK! Reason: Unsupported hardware.
[W909 01:26:04.998831196 NNPACK.cpp:56] Could not initialize NNPACK! Reason: Unsupported hardware.
[W909 01:26:04.000218726 NNPACK.cpp:56] Could not initialize NNPACK! Reason: Unsupported hardware.
[W909 01:26:04.001626244 NNPACK.cpp:56] Could not initialize NNPACK! Reason: Unsupported hardware.
[W909 01:26:04.003327547 NNPACK.cpp:56] Could not initialize NNPACK! Reason: Unsupported hardware.
[W909 01:26:04.616375973 NNPACK.cpp:56] Could not initialize NNPACK! Reason: Unsupported hardware.
[W909 01:26:04.618418060 NNPACK.cpp:56] Could not initialize NNPACK! Reason: Unsupported hardware.
[W909 01:26:04.620179371 NNPACK.cpp:56] Could not initialize NNPACK! Reason: Unsupported hardware.
[W909 01:26:04.621901303 NNPACK.cpp:56] Could not initialize NNPACK! Reason: Unsupported hardware.
[W909 01:26:04.623902474 NNPACK.cpp:56] Could not initialize NNPACK! Reason: Unsupported hardware.
[W909 01:26:04.625892238 NNPACK.cpp:56] Could not initialize NNPACK! Reason: Unsupported hardware.
[W909 01:26:04.627883153 NNPACK.cpp:56] Could not initialize NNPACK! Reason: Unsupported hardware.
[W909 01:26:04.667669694 NNPACK.cpp:56] Could not initialize NNPACK! Reason: Unsupported hardware.
[W909 01:26:05.517660366 NNPACK.cpp:56] Could not initialize NNPACK! Reason: Unsupported hardware.
[W909 01:26:05.519632771 NNPACK.cpp:56] Could not initialize NNPACK! Reason: Unsupported hardware.
[W909 01:26:05.524967565 NNPACK.cpp:56] Could not initialize NNPACK! Reason: Unsupported hardware.
[W909 01:26:05.526645218 NNPACK.cpp:56] Could not initialize NNPACK! Reason: Unsupported hardware.
[W909 01:26:05.528580954 NNPACK.cpp:56] Could not initialize NNPACK! Reason: Unsupported hardware.
[W909 01:26:05.530483089 NNPACK.cpp:56] Could not initialize NNPACK! Reason: Unsupported hardware.
[W909 01:26:05.532419379 NNPACK.cpp:56] Could not initialize NNPACK! Reason: Unsupported hardware.
[W909 01:26:05.568996005 NNPACK.cpp:56] Could not initialize NNPACK! Reason: Unsupported hardware.
[W909 01:26:06.417364311 NNPACK.cpp:56] Could not initialize NNPACK! Reason: Unsupported hardware.
[W909 01:26:06.419254218 NNPACK.cpp:56] Could not initialize NNPACK! Reason: Unsupported hardware.
[W909 01:26:06.420882055 NNPACK.cpp:56] Could not initialize NNPACK! Reason: Unsupported hardware.
[W909 01:26:06.422557277 NNPACK.cpp:56] Could not initialize NNPACK! Reason: Unsupported hardware.
[W909 01:26:06.424478981 NNPACK.cpp:56] Could not initialize NNPACK! Reason: Unsupported hardware.
[W909 01:26:06.426388019 NNPACK.cpp:56] Could not initialize NNPACK! Reason: Unsupported hardware.
[W909 01:26:06.428278921 NNPACK.cpp:56] Could not initialize NNPACK! Reason: Unsupported hardware.
[W909 01:26:06.468826208 NNPACK.cpp:56] Could not initialize NNPACK! Reason: Unsupported hardware.
[W909 01:26:07.310646655 NNPACK.cpp:56] Could not initialize NNPACK! Reason: Unsupported hardware.
[W909 01:26:07.312562470 NNPACK.cpp:56] Could not initialize NNPACK! Reason: Unsupported hardware.
[W909 01:26:07.314221922 NNPACK.cpp:56] Could not initialize NNPACK! Reason: Unsupported hardware.
[W909 01:26:07.315875664 NNPACK.cpp:56] Could not initialize NNPACK! Reason: Unsupported hardware.
[W909 01:26:07.317777792 NNPACK.cpp:56] Could not initialize NNPACK! Reason: Unsupported hardware.
[W909 01:26:07.319671701 NNPACK.cpp:56] Could not initialize NNPACK! Reason: Unsupported hardware.
[W909 01:26:07.321568495 NNPACK.cpp:56] Could not initialize NNPACK! Reason: Unsupported hardware.
[W909 01:26:07.363235683 NNPACK.cpp:56] Could not initialize NNPACK! Reason: Unsupported hardware.
[W909 01:26:08.192973227 NNPACK.cpp:56] Could not initialize NNPACK! Reason: Unsupported hardware.
[W909 01:26:08.194432614 NNPACK.cpp:56] Could not initialize NNPACK! Reason: Unsupported hardware.
[W909 01:26:08.195614122 NNPACK.cpp:56] Could not initialize NNPACK! Reason: Unsupported hardware.
[W909 01:26:08.196780981 NNPACK.cpp:56] Could not initialize NNPACK! Reason: Unsupported hardware.
[W909 01:26:08.198117686 NNPACK.cpp:56] Could not initialize NNPACK! Reason: Unsupported hardware.
[W909 01:26:08.199473280 NNPACK.cpp:56] Could not initialize NNPACK! Reason: Unsupported hardware.
[W909 01:26:08.200891375 NNPACK.cpp:56] Could not initialize NNPACK! Reason: Unsupported hardware.
[W909 01:26:08.202586108 NNPACK.cpp:56] Could not initialize NNPACK! Reason: Unsupported hardware.
[W909 01:26:08.808207213 NNPACK.cpp:56] Could not initialize NNPACK! Reason: Unsupported hardware.
[W909 01:26:08.810099241 NNPACK.cpp:56] Could not initialize NNPACK! Reason: Unsupported hardware.
[W909 01:26:08.811737375 NNPACK.cpp:56] Could not initialize NNPACK! Reason: Unsupported hardware.
[W909 01:26:08.813374843 NNPACK.cpp:56] Could not initialize NNPACK! Reason: Unsupported hardware.
[W909 01:26:08.815293256 NNPACK.cpp:56] Could not initialize NNPACK! Reason: Unsupported hardware.
[W909 01:26:08.817278096 NNPACK.cpp:56] Could not initialize NNPACK! Reason: Unsupported hardware.
[W909 01:26:08.819239123 NNPACK.cpp:56] Could not initialize NNPACK! Reason: Unsupported hardware.
[W909 01:26:08.860795951 NNPACK.cpp:56] Could not initialize NNPACK! Reason: Unsupported hardware.
[W909 01:26:09.712224473 NNPACK.cpp:56] Could not initialize NNPACK! Reason: Unsupported hardware.
[W909 01:26:09.714117762 NNPACK.cpp:56] Could not initialize NNPACK! Reason: Unsupported hardware.
[W909 01:26:09.715838049 NNPACK.cpp:56] Could not initialize NNPACK! Reason: Unsupported hardware.
[W909 01:26:09.717479811 NNPACK.cpp:56] Could not initialize NNPACK! Reason: Unsupported hardware.
[W909 01:26:09.719433160 NNPACK.cpp:56] Could not initialize NNPACK! Reason: Unsupported hardware.
[W909 01:26:09.721372713 NNPACK.cpp:56] Could not initialize NNPACK! Reason: Unsupported hardware.
[W909 01:26:09.723262208 NNPACK.cpp:56] Could not initialize NNPACK! Reason: Unsupported hardware.
[W909 01:26:09.764799245 NNPACK.cpp:56] Could not initialize NNPACK! Reason: Unsupported hardware.
[W909 01:26:10.613893969 NNPACK.cpp:56] Could not initialize NNPACK! Reason: Unsupported hardware.
[W909 01:26:10.614601690 NNPACK.cpp:56] Could not initialize NNPACK! Reason: Unsupported hardware.
[W909 01:26:10.615071884 NNPACK.cpp:56] Could not initialize NNPACK! Reason: Unsupported hardware.
[W909 01:26:10.615538093 NNPACK.cpp:56] Could not initialize NNPACK! Reason: Unsupported hardware.
[W909 01:26:10.616092900 NNPACK.cpp:56] Could not initialize NNPACK! Reason: Unsupported hardware.
[W909 01:26:10.616608101 NNPACK.cpp:56] Could not initialize NNPACK! Reason: Unsupported hardware.
[W909 01:26:10.617130127 NNPACK.cpp:56] Could not initialize NNPACK! Reason: Unsupported hardware.
[W909 01:26:10.617986827 NNPACK.cpp:56] Could not initialize NNPACK! Reason: Unsupported hardware.
[W909 01:26:10.831812053 NNPACK.cpp:56] Could not initialize NNPACK! Reason: Unsupported hardware.
[W909 01:26:10.832574191 NNPACK.cpp:56] Could not initialize NNPACK! Reason: Unsupported hardware.
[W909 01:26:10.833128828 NNPACK.cpp:56] Could not initialize NNPACK! Reason: Unsupported hardware.
[W909 01:26:10.833610919 NNPACK.cpp:56] Could not initialize NNPACK! Reason: Unsupported hardware.
[W909 01:26:10.834195178 NNPACK.cpp:56] Could not initialize NNPACK! Reason: Unsupported hardware.
[W909 01:26:10.834749659 NNPACK.cpp:56] Could not initialize NNPACK! Reason: Unsupported hardware.
[W909 01:26:10.835323403 NNPACK.cpp:56] Could not initialize NNPACK! Reason: Unsupported hardware.
[W909 01:26:10.836236918 NNPACK.cpp:56] Could not initialize NNPACK! Reason: Unsupported hardware.
[W909 01:26:11.058393009 NNPACK.cpp:56] Could not initialize NNPACK! Reason: Unsupported hardware.
[W909 01:26:11.058943197 NNPACK.cpp:56] Could not initialize NNPACK! Reason: Unsupported hardware.
[W909 01:26:11.059275786 NNPACK.cpp:56] Could not initialize NNPACK! Reason: Unsupported hardware.
[W909 01:26:11.059600952 NNPACK.cpp:56] Could not initialize NNPACK! Reason: Unsupported hardware.
[W909 01:26:11.059962694 NNPACK.cpp:56] Could not initialize NNPACK! Reason: Unsupported hardware.
[W909 01:26:11.060325623 NNPACK.cpp:56] Could not initialize NNPACK! Reason: Unsupported hardware.
[W909 01:26:11.060683281 NNPACK.cpp:56] Could not initialize NNPACK! Reason: Unsupported hardware.
[W909 01:26:11.061389914 NNPACK.cpp:56] Could not initialize NNPACK! Reason: Unsupported hardware.
[W909 01:26:11.218183072 NNPACK.cpp:56] Could not initialize NNPACK! Reason: Unsupported hardware.
[W909 01:26:11.220164594 NNPACK.cpp:56] Could not initialize NNPACK! Reason: Unsupported hardware.
[W909 01:26:11.221814720 NNPACK.cpp:56] Could not initialize NNPACK! Reason: Unsupported hardware.
[W909 01:26:11.223479313 NNPACK.cpp:56] Could not initialize NNPACK! Reason: Unsupported hardware.
[W909 01:26:11.225468314 NNPACK.cpp:56] Could not initialize NNPACK! Reason: Unsupported hardware.
[W909 01:26:11.227367840 NNPACK.cpp:56] Could not initialize NNPACK! Reason: Unsupported hardware.
[W909 01:26:11.229261249 NNPACK.cpp:56] Could not initialize NNPACK! Reason: Unsupported hardware.
[W909 01:26:11.269493779 NNPACK.cpp:56] Could not initialize NNPACK! Reason: Unsupported hardware.
[W909 01:26:12.113388496 NNPACK.cpp:56] Could not initialize NNPACK! Reason: Unsupported hardware.
[W909 01:26:12.115653409 NNPACK.cpp:56] Could not initialize NNPACK! Reason: Unsupported hardware.
[W909 01:26:12.117478472 NNPACK.cpp:56] Could not initialize NNPACK! Reason: Unsupported hardware.
[W909 01:26:12.119259975 NNPACK.cpp:56] Could not initialize NNPACK! Reason: Unsupported hardware.
[W909 01:26:12.121326186 NNPACK.cpp:56] Could not initialize NNPACK! Reason: Unsupported hardware.
[W909 01:26:12.123336058 NNPACK.cpp:56] Could not initialize NNPACK! Reason: Unsupported hardware.
[W909 01:26:12.125326329 NNPACK.cpp:56] Could not initialize NNPACK! Reason: Unsupported hardware.
[W909 01:26:12.167086289 NNPACK.cpp:56] Could not initialize NNPACK! Reason: Unsupported hardware.
[W909 01:26:13.011752604 NNPACK.cpp:56] Could not initialize NNPACK! Reason: Unsupported hardware.
[W909 01:26:13.013746338 NNPACK.cpp:56] Could not initialize NNPACK! Reason: Unsupported hardware.
[W909 01:26:13.015473605 NNPACK.cpp:56] Could not initialize NNPACK! Reason: Unsupported hardware.
[W909 01:26:13.017224173 NNPACK.cpp:56] Could not initialize NNPACK! Reason: Unsupported hardware.
[W909 01:26:13.019171085 NNPACK.cpp:56] Could not initialize NNPACK! Reason: Unsupported hardware.
[W909 01:26:13.021099833 NNPACK.cpp:56] Could not initialize NNPACK! Reason: Unsupported hardware.
[W909 01:26:13.022980873 NNPACK.cpp:56] Could not initialize NNPACK! Reason: Unsupported hardware.
[W909 01:26:13.063359650 NNPACK.cpp:56] Could not initialize NNPACK! Reason: Unsupported hardware.
[W909 01:26:13.914233653 NNPACK.cpp:56] Could not initialize NNPACK! Reason: Unsupported hardware.
[W909 01:26:13.916177478 NNPACK.cpp:56] Could not initialize NNPACK! Reason: Unsupported hardware.
[W909 01:26:13.917908513 NNPACK.cpp:56] Could not initialize NNPACK! Reason: Unsupported hardware.
[W909 01:26:13.919603229 NNPACK.cpp:56] Could not initialize NNPACK! Reason: Unsupported hardware.
[W909 01:26:13.921551164 NNPACK.cpp:56] Could not initialize NNPACK! Reason: Unsupported hardware.
[W909 01:26:13.923473724 NNPACK.cpp:56] Could not initialize NNPACK! Reason: Unsupported hardware.
[W909 01:26:13.925383663 NNPACK.cpp:56] Could not initialize NNPACK! Reason: Unsupported hardware.
[W909 01:26:14.965843925 NNPACK.cpp:56] Could not initialize NNPACK! Reason: Unsupported hardware.
[W909 01:26:14.808950055 NNPACK.cpp:56] Could not initialize NNPACK! Reason: Unsupported hardware.
[W909 01:26:14.810352170 NNPACK.cpp:56] Could not initialize NNPACK! Reason: Unsupported hardware.
[W909 01:26:14.811519532 NNPACK.cpp:56] Could not initialize NNPACK! Reason: Unsupported hardware.
[W909 01:26:14.812677698 NNPACK.cpp:56] Could not initialize NNPACK! Reason: Unsupported hardware.
[W909 01:26:14.814021115 NNPACK.cpp:56] Could not initialize NNPACK! Reason: Unsupported hardware.
[W909 01:26:14.815355005 NNPACK.cpp:56] Could not initialize NNPACK! Reason: Unsupported hardware.
[W909 01:26:14.816720681 NNPACK.cpp:56] Could not initialize NNPACK! Reason: Unsupported hardware.
[W909 01:26:14.818383200 NNPACK.cpp:56] Could not initialize NNPACK! Reason: Unsupported hardware.
[W909 01:26:15.426262053 NNPACK.cpp:56] Could not initialize NNPACK! Reason: Unsupported hardware.
[W909 01:26:15.428155297 NNPACK.cpp:56] Could not initialize NNPACK! Reason: Unsupported hardware.
[W909 01:26:15.429787838 NNPACK.cpp:56] Could not initialize NNPACK! Reason: Unsupported hardware.
[W909 01:26:15.431437442 NNPACK.cpp:56] Could not initialize NNPACK! Reason: Unsupported hardware.
[W909 01:26:15.433410294 NNPACK.cpp:56] Could not initialize NNPACK! Reason: Unsupported hardware.
[W909 01:26:15.435366943 NNPACK.cpp:56] Could not initialize NNPACK! Reason: Unsupported hardware.
[W909 01:26:15.437579132 NNPACK.cpp:56] Could not initialize NNPACK! Reason: Unsupported hardware.
[W909 01:26:15.478789669 NNPACK.cpp:56] Could not initialize NNPACK! Reason: Unsupported hardware.
[W909 01:26:16.326588872 NNPACK.cpp:56] Could not initialize NNPACK! Reason: Unsupported hardware.
[W909 01:26:16.327974851 NNPACK.cpp:56] Could not initialize NNPACK! Reason: Unsupported hardware.
[W909 01:26:16.329100181 NNPACK.cpp:56] Could not initialize NNPACK! Reason: Unsupported hardware.
[W909 01:26:16.330211838 NNPACK.cpp:56] Could not initialize NNPACK! Reason: Unsupported hardware.
[W909 01:26:16.331493136 NNPACK.cpp:56] Could not initialize NNPACK! Reason: Unsupported hardware.
[W909 01:26:16.332831447 NNPACK.cpp:56] Could not initialize NNPACK! Reason: Unsupported hardware.
[W909 01:26:16.334151623 NNPACK.cpp:56] Could not initialize NNPACK! Reason: Unsupported hardware.
[W909 01:26:16.335814883 NNPACK.cpp:56] Could not initialize NNPACK! Reason: Unsupported hardware.
[W909 01:26:16.927816849 NNPACK.cpp:56] Could not initialize NNPACK! Reason: Unsupported hardware.
[W909 01:26:16.929853099 NNPACK.cpp:56] Could not initialize NNPACK! Reason: Unsupported hardware.
[W909 01:26:16.931591897 NNPACK.cpp:56] Could not initialize NNPACK! Reason: Unsupported hardware.
[W909 01:26:16.933347128 NNPACK.cpp:56] Could not initialize NNPACK! Reason: Unsupported hardware.
[W909 01:26:16.935298506 NNPACK.cpp:56] Could not initialize NNPACK! Reason: Unsupported hardware.
[W909 01:26:16.937263859 NNPACK.cpp:56] Could not initialize NNPACK! Reason: Unsupported hardware.
[W909 01:26:16.939265176 NNPACK.cpp:56] Could not initialize NNPACK! Reason: Unsupported hardware.
[W909 01:26:17.980912630 NNPACK.cpp:56] Could not initialize NNPACK! Reason: Unsupported hardware.
[W909 01:26:17.826998878 NNPACK.cpp:56] Could not initialize NNPACK! Reason: Unsupported hardware.
[W909 01:26:17.827934919 NNPACK.cpp:56] Could not initialize NNPACK! Reason: Unsupported hardware.
[W909 01:26:17.828627088 NNPACK.cpp:56] Could not initialize NNPACK! Reason: Unsupported hardware.
[W909 01:26:17.832822450 NNPACK.cpp:56] Could not initialize NNPACK! Reason: Unsupported hardware.
[W909 01:26:17.833614851 NNPACK.cpp:56] Could not initialize NNPACK! Reason: Unsupported hardware.
[W909 01:26:17.834441950 NNPACK.cpp:56] Could not initialize NNPACK! Reason: Unsupported hardware.
[W909 01:26:17.835242108 NNPACK.cpp:56] Could not initialize NNPACK! Reason: Unsupported hardware.
[W909 01:26:17.836372871 NNPACK.cpp:56] Could not initialize NNPACK! Reason: Unsupported hardware.
[W909 01:26:18.155458090 NNPACK.cpp:56] Could not initialize NNPACK! Reason: Unsupported hardware.
[W909 01:26:18.157350535 NNPACK.cpp:56] Could not initialize NNPACK! Reason: Unsupported hardware.
[W909 01:26:18.158989408 NNPACK.cpp:56] Could not initialize NNPACK! Reason: Unsupported hardware.
[W909 01:26:18.160640086 NNPACK.cpp:56] Could not initialize NNPACK! Reason: Unsupported hardware.
[W909 01:26:18.162534567 NNPACK.cpp:56] Could not initialize NNPACK! Reason: Unsupported hardware.
[W909 01:26:18.164435089 NNPACK.cpp:56] Could not initialize NNPACK! Reason: Unsupported hardware.
[W909 01:26:18.166412810 NNPACK.cpp:56] Could not initialize NNPACK! Reason: Unsupported hardware.
[W909 01:26:18.208429025 NNPACK.cpp:56] Could not initialize NNPACK! Reason: Unsupported hardware.
[W909 01:26:19.056308204 NNPACK.cpp:56] Could not initialize NNPACK! Reason: Unsupported hardware.
[W909 01:26:19.058239862 NNPACK.cpp:56] Could not initialize NNPACK! Reason: Unsupported hardware.
[W909 01:26:19.059895054 NNPACK.cpp:56] Could not initialize NNPACK! Reason: Unsupported hardware.
[W909 01:26:19.061589464 NNPACK.cpp:56] Could not initialize NNPACK! Reason: Unsupported hardware.
[W909 01:26:19.063488343 NNPACK.cpp:56] Could not initialize NNPACK! Reason: Unsupported hardware.
[W909 01:26:19.065465831 NNPACK.cpp:56] Could not initialize NNPACK! Reason: Unsupported hardware.
[W909 01:26:19.067351323 NNPACK.cpp:56] Could not initialize NNPACK! Reason: Unsupported hardware.
[W909 01:26:19.107669022 NNPACK.cpp:56] Could not initialize NNPACK! Reason: Unsupported hardware.
[W909 01:26:20.953220097 NNPACK.cpp:56] Could not initialize NNPACK! Reason: Unsupported hardware.
[W909 01:26:20.953635044 NNPACK.cpp:56] Could not initialize NNPACK! Reason: Unsupported hardware.
[W909 01:26:20.953842395 NNPACK.cpp:56] Could not initialize NNPACK! Reason: Unsupported hardware.
[W909 01:26:20.954031124 NNPACK.cpp:56] Could not initialize NNPACK! Reason: Unsupported hardware.
[W909 01:26:20.954231031 NNPACK.cpp:56] Could not initialize NNPACK! Reason: Unsupported hardware.
[W909 01:26:20.954413088 NNPACK.cpp:56] Could not initialize NNPACK! Reason: Unsupported hardware.
[W909 01:26:20.954594247 NNPACK.cpp:56] Could not initialize NNPACK! Reason: Unsupported hardware.
[W909 01:26:20.955211738 NNPACK.cpp:56] Could not initialize NNPACK! Reason: Unsupported hardware.
[W909 01:26:20.015235330 NNPACK.cpp:56] Could not initialize NNPACK! Reason: Unsupported hardware.
[W909 01:26:20.017291986 NNPACK.cpp:56] Could not initialize NNPACK! Reason: Unsupported hardware.
[W909 01:26:20.018983426 NNPACK.cpp:56] Could not initialize NNPACK! Reason: Unsupported hardware.
[W909 01:26:20.020666818 NNPACK.cpp:56] Could not initialize NNPACK! Reason: Unsupported hardware.
[W909 01:26:20.022531132 NNPACK.cpp:56] Could not initialize NNPACK! Reason: Unsupported hardware.
[W909 01:26:20.024470240 NNPACK.cpp:56] Could not initialize NNPACK! Reason: Unsupported hardware.
[W909 01:26:20.026318631 NNPACK.cpp:56] Could not initialize NNPACK! Reason: Unsupported hardware.
[W909 01:26:20.028536691 NNPACK.cpp:56] Could not initialize NNPACK! Reason: Unsupported hardware.
[W909 01:26:20.902932996 NNPACK.cpp:56] Could not initialize NNPACK! Reason: Unsupported hardware.
[W909 01:26:20.904818376 NNPACK.cpp:56] Could not initialize NNPACK! Reason: Unsupported hardware.
[W909 01:26:20.906460737 NNPACK.cpp:56] Could not initialize NNPACK! Reason: Unsupported hardware.
[W909 01:26:20.908124675 NNPACK.cpp:56] Could not initialize NNPACK! Reason: Unsupported hardware.
[W909 01:26:20.910020956 NNPACK.cpp:56] Could not initialize NNPACK! Reason: Unsupported hardware.
[W909 01:26:20.912172638 NNPACK.cpp:56] Could not initialize NNPACK! Reason: Unsupported hardware.
[W909 01:26:20.914138337 NNPACK.cpp:56] Could not initialize NNPACK! Reason: Unsupported hardware.
[W909 01:26:21.954319343 NNPACK.cpp:56] Could not initialize NNPACK! Reason: Unsupported hardware.
[W909 01:26:21.794192229 NNPACK.cpp:56] Could not initialize NNPACK! Reason: Unsupported hardware.
[W909 01:26:21.796082540 NNPACK.cpp:56] Could not initialize NNPACK! Reason: Unsupported hardware.
[W909 01:26:21.797736858 NNPACK.cpp:56] Could not initialize NNPACK! Reason: Unsupported hardware.
[W909 01:26:21.799397547 NNPACK.cpp:56] Could not initialize NNPACK! Reason: Unsupported hardware.
[W909 01:26:21.801314537 NNPACK.cpp:56] Could not initialize NNPACK! Reason: Unsupported hardware.
[W909 01:26:21.803209420 NNPACK.cpp:56] Could not initialize NNPACK! Reason: Unsupported hardware.
[W909 01:26:21.805101282 NNPACK.cpp:56] Could not initialize NNPACK! Reason: Unsupported hardware.
[W909 01:26:21.845631950 NNPACK.cpp:56] Could not initialize NNPACK! Reason: Unsupported hardware.
[W909 01:26:22.685813167 NNPACK.cpp:56] Could not initialize NNPACK! Reason: Unsupported hardware.
[W909 01:26:22.687763290 NNPACK.cpp:56] Could not initialize NNPACK! Reason: Unsupported hardware.
[W909 01:26:22.689397578 NNPACK.cpp:56] Could not initialize NNPACK! Reason: Unsupported hardware.
[W909 01:26:22.691039842 NNPACK.cpp:56] Could not initialize NNPACK! Reason: Unsupported hardware.
[W909 01:26:22.692969878 NNPACK.cpp:56] Could not initialize NNPACK! Reason: Unsupported hardware.
[W909 01:26:22.694908329 NNPACK.cpp:56] Could not initialize NNPACK! Reason: Unsupported hardware.
[W909 01:26:22.696800726 NNPACK.cpp:56] Could not initialize NNPACK! Reason: Unsupported hardware.
[W909 01:26:22.738509190 NNPACK.cpp:56] Could not initialize NNPACK! Reason: Unsupported hardware.
[W909 01:26:23.582725931 NNPACK.cpp:56] Could not initialize NNPACK! Reason: Unsupported hardware.
[W909 01:26:23.584675612 NNPACK.cpp:56] Could not initialize NNPACK! Reason: Unsupported hardware.
[W909 01:26:23.586367871 NNPACK.cpp:56] Could not initialize NNPACK! Reason: Unsupported hardware.
[W909 01:26:23.588005214 NNPACK.cpp:56] Could not initialize NNPACK! Reason: Unsupported hardware.
[W909 01:26:23.589898114 NNPACK.cpp:56] Could not initialize NNPACK! Reason: Unsupported hardware.
[W909 01:26:23.591779473 NNPACK.cpp:56] Could not initialize NNPACK! Reason: Unsupported hardware.
[W909 01:26:23.593669353 NNPACK.cpp:56] Could not initialize NNPACK! Reason: Unsupported hardware.
[W909 01:26:23.634194226 NNPACK.cpp:56] Could not initialize NNPACK! Reason: Unsupported hardware.
[W909 01:26:24.484593311 NNPACK.cpp:56] Could not initialize NNPACK! Reason: Unsupported hardware.
[W909 01:26:24.485980466 NNPACK.cpp:56] Could not initialize NNPACK! Reason: Unsupported hardware.
[W909 01:26:24.487142673 NNPACK.cpp:56] Could not initialize NNPACK! Reason: Unsupported hardware.
[W909 01:26:24.488329074 NNPACK.cpp:56] Could not initialize NNPACK! Reason: Unsupported hardware.
[W909 01:26:24.489657314 NNPACK.cpp:56] Could not initialize NNPACK! Reason: Unsupported hardware.
[W909 01:26:24.490983406 NNPACK.cpp:56] Could not initialize NNPACK! Reason: Unsupported hardware.
[W909 01:26:24.492308485 NNPACK.cpp:56] Could not initialize NNPACK! Reason: Unsupported hardware.
[W909 01:26:24.493945549 NNPACK.cpp:56] Could not initialize NNPACK! Reason: Unsupported hardware.
[W909 01:26:25.106993541 NNPACK.cpp:56] Could not initialize NNPACK! Reason: Unsupported hardware.
[W909 01:26:25.108958718 NNPACK.cpp:56] Could not initialize NNPACK! Reason: Unsupported hardware.
[W909 01:26:25.110704931 NNPACK.cpp:56] Could not initialize NNPACK! Reason: Unsupported hardware.
[W909 01:26:25.112394310 NNPACK.cpp:56] Could not initialize NNPACK! Reason: Unsupported hardware.
[W909 01:26:25.114406749 NNPACK.cpp:56] Could not initialize NNPACK! Reason: Unsupported hardware.
[W909 01:26:25.116363051 NNPACK.cpp:56] Could not initialize NNPACK! Reason: Unsupported hardware.
[W909 01:26:25.118474421 NNPACK.cpp:56] Could not initialize NNPACK! Reason: Unsupported hardware.
[W909 01:26:25.158416645 NNPACK.cpp:56] Could not initialize NNPACK! Reason: Unsupported hardware.
[W909 01:26:26.997957068 NNPACK.cpp:56] Could not initialize NNPACK! Reason: Unsupported hardware.
[W909 01:26:26.999880179 NNPACK.cpp:56] Could not initialize NNPACK! Reason: Unsupported hardware.
[W909 01:26:26.001556463 NNPACK.cpp:56] Could not initialize NNPACK! Reason: Unsupported hardware.
[W909 01:26:26.003195127 NNPACK.cpp:56] Could not initialize NNPACK! Reason: Unsupported hardware.
[W909 01:26:26.005089246 NNPACK.cpp:56] Could not initialize NNPACK! Reason: Unsupported hardware.
[W909 01:26:26.006971620 NNPACK.cpp:56] Could not initialize NNPACK! Reason: Unsupported hardware.
[W909 01:26:26.008916131 NNPACK.cpp:56] Could not initialize NNPACK! Reason: Unsupported hardware.
[W909 01:26:26.050025388 NNPACK.cpp:56] Could not initialize NNPACK! Reason: Unsupported hardware.
[W909 01:26:26.886687828 NNPACK.cpp:56] Could not initialize NNPACK! Reason: Unsupported hardware.
[W909 01:26:26.888093366 NNPACK.cpp:56] Could not initialize NNPACK! Reason: Unsupported hardware.
[W909 01:26:26.889249135 NNPACK.cpp:56] Could not initialize NNPACK! Reason: Unsupported hardware.
[W909 01:26:26.890403137 NNPACK.cpp:56] Could not initialize NNPACK! Reason: Unsupported hardware.
[W909 01:26:26.891733486 NNPACK.cpp:56] Could not initialize NNPACK! Reason: Unsupported hardware.
[W909 01:26:26.893100145 NNPACK.cpp:56] Could not initialize NNPACK! Reason: Unsupported hardware.
[W909 01:26:26.894416415 NNPACK.cpp:56] Could not initialize NNPACK! Reason: Unsupported hardware.
[W909 01:26:26.896055874 NNPACK.cpp:56] Could not initialize NNPACK! Reason: Unsupported hardware.
[W909 01:26:27.500426815 NNPACK.cpp:56] Could not initialize NNPACK! Reason: Unsupported hardware.
[W909 01:26:27.501613586 NNPACK.cpp:56] Could not initialize NNPACK! Reason: Unsupported hardware.
[W909 01:26:27.502592613 NNPACK.cpp:56] Could not initialize NNPACK! Reason: Unsupported hardware.
[W909 01:26:27.503435373 NNPACK.cpp:56] Could not initialize NNPACK! Reason: Unsupported hardware.
[W909 01:26:27.504383565 NNPACK.cpp:56] Could not initialize NNPACK! Reason: Unsupported hardware.
[W909 01:26:27.505156200 NNPACK.cpp:56] Could not initialize NNPACK! Reason: Unsupported hardware.
[W909 01:26:27.505911230 NNPACK.cpp:56] Could not initialize NNPACK! Reason: Unsupported hardware.
[W909 01:26:27.506990649 NNPACK.cpp:56] Could not initialize NNPACK! Reason: Unsupported hardware.
[W909 01:26:27.795458612 NNPACK.cpp:56] Could not initialize NNPACK! Reason: Unsupported hardware.
[W909 01:26:27.796302737 NNPACK.cpp:56] Could not initialize NNPACK! Reason: Unsupported hardware.
[W909 01:26:27.796908210 NNPACK.cpp:56] Could not initialize NNPACK! Reason: Unsupported hardware.
[W909 01:26:27.797511229 NNPACK.cpp:56] Could not initialize NNPACK! Reason: Unsupported hardware.
[W909 01:26:27.798205849 NNPACK.cpp:56] Could not initialize NNPACK! Reason: Unsupported hardware.
[W909 01:26:27.798907933 NNPACK.cpp:56] Could not initialize NNPACK! Reason: Unsupported hardware.
[W909 01:26:27.799595837 NNPACK.cpp:56] Could not initialize NNPACK! Reason: Unsupported hardware.
[W909 01:26:27.800624244 NNPACK.cpp:56] Could not initialize NNPACK! Reason: Unsupported hardware.
[W909 01:26:28.087921579 NNPACK.cpp:56] Could not initialize NNPACK! Reason: Unsupported hardware.
[W909 01:26:28.088266677 NNPACK.cpp:56] Could not initialize NNPACK! Reason: Unsupported hardware.
[W909 01:26:28.088399889 NNPACK.cpp:56] Could not initialize NNPACK! Reason: Unsupported hardware.
[W909 01:26:28.088527684 NNPACK.cpp:56] Could not initialize NNPACK! Reason: Unsupported hardware.
[W909 01:26:28.088660772 NNPACK.cpp:56] Could not initialize NNPACK! Reason: Unsupported hardware.
[W909 01:26:28.088791037 NNPACK.cpp:56] Could not initialize NNPACK! Reason: Unsupported hardware.
[W909 01:26:28.088927231 NNPACK.cpp:56] Could not initialize NNPACK! Reason: Unsupported hardware.
[W909 01:26:28.089404761 NNPACK.cpp:56] Could not initialize NNPACK! Reason: Unsupported hardware.
[W909 01:26:28.111769426 NNPACK.cpp:56] Could not initialize NNPACK! Reason: Unsupported hardware.
[W909 01:26:28.112387525 NNPACK.cpp:56] Could not initialize NNPACK! Reason: Unsupported hardware.
[W909 01:26:28.112750312 NNPACK.cpp:56] Could not initialize NNPACK! Reason: Unsupported hardware.
[W909 01:26:28.113134068 NNPACK.cpp:56] Could not initialize NNPACK! Reason: Unsupported hardware.
[W909 01:26:28.113537181 NNPACK.cpp:56] Could not initialize NNPACK! Reason: Unsupported hardware.
[W909 01:26:28.113931657 NNPACK.cpp:56] Could not initialize NNPACK! Reason: Unsupported hardware.
[W909 01:26:28.114352172 NNPACK.cpp:56] Could not initialize NNPACK! Reason: Unsupported hardware.
[W909 01:26:28.115125946 NNPACK.cpp:56] Could not initialize NNPACK! Reason: Unsupported hardware.
[W909 01:26:28.249510763 NNPACK.cpp:56] Could not initialize NNPACK! Reason: Unsupported hardware.
[W909 01:26:28.249873390 NNPACK.cpp:56] Could not initialize NNPACK! Reason: Unsupported hardware.
[W909 01:26:28.250030206 NNPACK.cpp:56] Could not initialize NNPACK! Reason: Unsupported hardware.
[W909 01:26:28.250180025 NNPACK.cpp:56] Could not initialize NNPACK! Reason: Unsupported hardware.
[W909 01:26:28.250335669 NNPACK.cpp:56] Could not initialize NNPACK! Reason: Unsupported hardware.
[W909 01:26:28.250488235 NNPACK.cpp:56] Could not initialize NNPACK! Reason: Unsupported hardware.
[W909 01:26:28.250638364 NNPACK.cpp:56] Could not initialize NNPACK! Reason: Unsupported hardware.
[W909 01:26:28.251150615 NNPACK.cpp:56] Could not initialize NNPACK! Reason: Unsupported hardware.
[W909 01:26:28.315702629 NNPACK.cpp:56] Could not initialize NNPACK! Reason: Unsupported hardware.
[W909 01:26:28.317740895 NNPACK.cpp:56] Could not initialize NNPACK! Reason: Unsupported hardware.
[W909 01:26:28.319538550 NNPACK.cpp:56] Could not initialize NNPACK! Reason: Unsupported hardware.
[W909 01:26:28.321262466 NNPACK.cpp:56] Could not initialize NNPACK! Reason: Unsupported hardware.
[W909 01:26:28.323218050 NNPACK.cpp:56] Could not initialize NNPACK! Reason: Unsupported hardware.
[W909 01:26:28.325235755 NNPACK.cpp:56] Could not initialize NNPACK! Reason: Unsupported hardware.
[W909 01:26:28.327270818 NNPACK.cpp:56] Could not initialize NNPACK! Reason: Unsupported hardware.
[W909 01:26:28.369477222 NNPACK.cpp:56] Could not initialize NNPACK! Reason: Unsupported hardware.
[W909 01:26:29.206993049 NNPACK.cpp:56] Could not initialize NNPACK! Reason: Unsupported hardware.
[W909 01:26:29.208940898 NNPACK.cpp:56] Could not initialize NNPACK! Reason: Unsupported hardware.
[W909 01:26:29.210633724 NNPACK.cpp:56] Could not initialize NNPACK! Reason: Unsupported hardware.
[W909 01:26:29.212296164 NNPACK.cpp:56] Could not initialize NNPACK! Reason: Unsupported hardware.
[W909 01:26:29.214195145 NNPACK.cpp:56] Could not initialize NNPACK! Reason: Unsupported hardware.
[W909 01:26:29.216121226 NNPACK.cpp:56] Could not initialize NNPACK! Reason: Unsupported hardware.
[W909 01:26:29.218007051 NNPACK.cpp:56] Could not initialize NNPACK! Reason: Unsupported hardware.
[W909 01:26:29.258372882 NNPACK.cpp:56] Could not initialize NNPACK! Reason: Unsupported hardware.
[W909 01:26:30.091602745 NNPACK.cpp:56] Could not initialize NNPACK! Reason: Unsupported hardware.
[W909 01:26:30.093558786 NNPACK.cpp:56] Could not initialize NNPACK! Reason: Unsupported hardware.
[W909 01:26:30.095202895 NNPACK.cpp:56] Could not initialize NNPACK! Reason: Unsupported hardware.
[W909 01:26:30.096835999 NNPACK.cpp:56] Could not initialize NNPACK! Reason: Unsupported hardware.
[W909 01:26:30.098776169 NNPACK.cpp:56] Could not initialize NNPACK! Reason: Unsupported hardware.
[W909 01:26:30.100673574 NNPACK.cpp:56] Could not initialize NNPACK! Reason: Unsupported hardware.
[W909 01:26:30.102602339 NNPACK.cpp:56] Could not initialize NNPACK! Reason: Unsupported hardware.
[W909 01:26:30.143037095 NNPACK.cpp:56] Could not initialize NNPACK! Reason: Unsupported hardware.
[W909 01:26:31.977274483 NNPACK.cpp:56] Could not initialize NNPACK! Reason: Unsupported hardware.
[W909 01:26:31.979298775 NNPACK.cpp:56] Could not initialize NNPACK! Reason: Unsupported hardware.
[W909 01:26:31.980997379 NNPACK.cpp:56] Could not initialize NNPACK! Reason: Unsupported hardware.
[W909 01:26:31.982688547 NNPACK.cpp:56] Could not initialize NNPACK! Reason: Unsupported hardware.
[W909 01:26:31.984620144 NNPACK.cpp:56] Could not initialize NNPACK! Reason: Unsupported hardware.
[W909 01:26:31.986522282 NNPACK.cpp:56] Could not initialize NNPACK! Reason: Unsupported hardware.
[W909 01:26:31.988413560 NNPACK.cpp:56] Could not initialize NNPACK! Reason: Unsupported hardware.
[W909 01:26:31.028786851 NNPACK.cpp:56] Could not initialize NNPACK! Reason: Unsupported hardware.
[W909 01:26:31.865046222 NNPACK.cpp:56] Could not initialize NNPACK! Reason: Unsupported hardware.
[W909 01:26:31.866518747 NNPACK.cpp:56] Could not initialize NNPACK! Reason: Unsupported hardware.
[W909 01:26:31.867719140 NNPACK.cpp:56] Could not initialize NNPACK! Reason: Unsupported hardware.
[W909 01:26:31.868981956 NNPACK.cpp:56] Could not initialize NNPACK! Reason: Unsupported hardware.
[W909 01:26:31.870373279 NNPACK.cpp:56] Could not initialize NNPACK! Reason: Unsupported hardware.
[W909 01:26:31.871745348 NNPACK.cpp:56] Could not initialize NNPACK! Reason: Unsupported hardware.
[W909 01:26:31.873108757 NNPACK.cpp:56] Could not initialize NNPACK! Reason: Unsupported hardware.
[W909 01:26:31.874923868 NNPACK.cpp:56] Could not initialize NNPACK! Reason: Unsupported hardware.
[W909 01:26:32.476194560 NNPACK.cpp:56] Could not initialize NNPACK! Reason: Unsupported hardware.
[W909 01:26:32.478105359 NNPACK.cpp:56] Could not initialize NNPACK! Reason: Unsupported hardware.
[W909 01:26:32.479757363 NNPACK.cpp:56] Could not initialize NNPACK! Reason: Unsupported hardware.
[W909 01:26:32.481409206 NNPACK.cpp:56] Could not initialize NNPACK! Reason: Unsupported hardware.
[W909 01:26:32.483444488 NNPACK.cpp:56] Could not initialize NNPACK! Reason: Unsupported hardware.
[W909 01:26:32.485382328 NNPACK.cpp:56] Could not initialize NNPACK! Reason: Unsupported hardware.
[W909 01:26:32.487327066 NNPACK.cpp:56] Could not initialize NNPACK! Reason: Unsupported hardware.
[W909 01:26:32.527608054 NNPACK.cpp:56] Could not initialize NNPACK! Reason: Unsupported hardware.
[W909 01:26:33.360360461 NNPACK.cpp:56] Could not initialize NNPACK! Reason: Unsupported hardware.
[W909 01:26:33.362202982 NNPACK.cpp:56] Could not initialize NNPACK! Reason: Unsupported hardware.
[W909 01:26:33.363795429 NNPACK.cpp:56] Could not initialize NNPACK! Reason: Unsupported hardware.
[W909 01:26:33.365420765 NNPACK.cpp:56] Could not initialize NNPACK! Reason: Unsupported hardware.
[W909 01:26:33.367266067 NNPACK.cpp:56] Could not initialize NNPACK! Reason: Unsupported hardware.
[W909 01:26:33.369123684 NNPACK.cpp:56] Could not initialize NNPACK! Reason: Unsupported hardware.
[W909 01:26:33.370961027 NNPACK.cpp:56] Could not initialize NNPACK! Reason: Unsupported hardware.
[W909 01:26:33.373115758 NNPACK.cpp:56] Could not initialize NNPACK! Reason: Unsupported hardware.
[W909 01:26:34.232185668 NNPACK.cpp:56] Could not initialize NNPACK! Reason: Unsupported hardware.
[W909 01:26:34.234136320 NNPACK.cpp:56] Could not initialize NNPACK! Reason: Unsupported hardware.
[W909 01:26:34.235807534 NNPACK.cpp:56] Could not initialize NNPACK! Reason: Unsupported hardware.
[W909 01:26:34.237452176 NNPACK.cpp:56] Could not initialize NNPACK! Reason: Unsupported hardware.
[W909 01:26:34.239400436 NNPACK.cpp:56] Could not initialize NNPACK! Reason: Unsupported hardware.
[W909 01:26:34.241290103 NNPACK.cpp:56] Could not initialize NNPACK! Reason: Unsupported hardware.
[W909 01:26:34.243174519 NNPACK.cpp:56] Could not initialize NNPACK! Reason: Unsupported hardware.
[W909 01:26:34.283713015 NNPACK.cpp:56] Could not initialize NNPACK! Reason: Unsupported hardware.
[W909 01:26:35.117138400 NNPACK.cpp:56] Could not initialize NNPACK! Reason: Unsupported hardware.
[W909 01:26:35.117742763 NNPACK.cpp:56] Could not initialize NNPACK! Reason: Unsupported hardware.
[W909 01:26:35.118112895 NNPACK.cpp:56] Could not initialize NNPACK! Reason: Unsupported hardware.
[W909 01:26:35.118475955 NNPACK.cpp:56] Could not initialize NNPACK! Reason: Unsupported hardware.
[W909 01:26:35.118889037 NNPACK.cpp:56] Could not initialize NNPACK! Reason: Unsupported hardware.
[W909 01:26:35.119344214 NNPACK.cpp:56] Could not initialize NNPACK! Reason: Unsupported hardware.
[W909 01:26:35.119749197 NNPACK.cpp:56] Could not initialize NNPACK! Reason: Unsupported hardware.
[W909 01:26:35.120535372 NNPACK.cpp:56] Could not initialize NNPACK! Reason: Unsupported hardware.
[W909 01:26:35.288569317 NNPACK.cpp:56] Could not initialize NNPACK! Reason: Unsupported hardware.
[W909 01:26:35.289135414 NNPACK.cpp:56] Could not initialize NNPACK! Reason: Unsupported hardware.
[W909 01:26:35.289473158 NNPACK.cpp:56] Could not initialize NNPACK! Reason: Unsupported hardware.
[W909 01:26:35.289806494 NNPACK.cpp:56] Could not initialize NNPACK! Reason: Unsupported hardware.
[W909 01:26:35.290176349 NNPACK.cpp:56] Could not initialize NNPACK! Reason: Unsupported hardware.
[W909 01:26:35.290539506 NNPACK.cpp:56] Could not initialize NNPACK! Reason: Unsupported hardware.
[W909 01:26:35.290894503 NNPACK.cpp:56] Could not initialize NNPACK! Reason: Unsupported hardware.
[W909 01:26:35.291572623 NNPACK.cpp:56] Could not initialize NNPACK! Reason: Unsupported hardware.
[W909 01:26:35.416204126 NNPACK.cpp:56] Could not initialize NNPACK! Reason: Unsupported hardware.
[W909 01:26:35.416543967 NNPACK.cpp:56] Could not initialize NNPACK! Reason: Unsupported hardware.
[W909 01:26:35.416670086 NNPACK.cpp:56] Could not initialize NNPACK! Reason: Unsupported hardware.
[W909 01:26:35.416792598 NNPACK.cpp:56] Could not initialize NNPACK! Reason: Unsupported hardware.
[W909 01:26:35.416920117 NNPACK.cpp:56] Could not initialize NNPACK! Reason: Unsupported hardware.
[W909 01:26:35.417051445 NNPACK.cpp:56] Could not initialize NNPACK! Reason: Unsupported hardware.
[W909 01:26:35.417177850 NNPACK.cpp:56] Could not initialize NNPACK! Reason: Unsupported hardware.
[W909 01:26:35.417608964 NNPACK.cpp:56] Could not initialize NNPACK! Reason: Unsupported hardware.
[W909 01:26:35.456422796 NNPACK.cpp:56] Could not initialize NNPACK! Reason: Unsupported hardware.
[W909 01:26:35.458305616 NNPACK.cpp:56] Could not initialize NNPACK! Reason: Unsupported hardware.
[W909 01:26:35.460133447 NNPACK.cpp:56] Could not initialize NNPACK! Reason: Unsupported hardware.
[W909 01:26:35.461844549 NNPACK.cpp:56] Could not initialize NNPACK! Reason: Unsupported hardware.
[W909 01:26:35.463847265 NNPACK.cpp:56] Could not initialize NNPACK! Reason: Unsupported hardware.
[W909 01:26:35.465830384 NNPACK.cpp:56] Could not initialize NNPACK! Reason: Unsupported hardware.
[W909 01:26:35.467780991 NNPACK.cpp:56] Could not initialize NNPACK! Reason: Unsupported hardware.
[W909 01:26:35.508779159 NNPACK.cpp:56] Could not initialize NNPACK! Reason: Unsupported hardware.
[W909 01:26:36.346782529 NNPACK.cpp:56] Could not initialize NNPACK! Reason: Unsupported hardware.
[W909 01:26:36.348867896 NNPACK.cpp:56] Could not initialize NNPACK! Reason: Unsupported hardware.
[W909 01:26:36.350667471 NNPACK.cpp:56] Could not initialize NNPACK! Reason: Unsupported hardware.
[W909 01:26:36.352399435 NNPACK.cpp:56] Could not initialize NNPACK! Reason: Unsupported hardware.
[W909 01:26:36.354405330 NNPACK.cpp:56] Could not initialize NNPACK! Reason: Unsupported hardware.
[W909 01:26:36.356350967 NNPACK.cpp:56] Could not initialize NNPACK! Reason: Unsupported hardware.
[W909 01:26:36.358265743 NNPACK.cpp:56] Could not initialize NNPACK! Reason: Unsupported hardware.
[W909 01:26:36.399057247 NNPACK.cpp:56] Could not initialize NNPACK! Reason: Unsupported hardware.
[W909 01:26:37.235345618 NNPACK.cpp:56] Could not initialize NNPACK! Reason: Unsupported hardware.
[W909 01:26:37.237226395 NNPACK.cpp:56] Could not initialize NNPACK! Reason: Unsupported hardware.
[W909 01:26:37.238882434 NNPACK.cpp:56] Could not initialize NNPACK! Reason: Unsupported hardware.
[W909 01:26:37.240603521 NNPACK.cpp:56] Could not initialize NNPACK! Reason: Unsupported hardware.
[W909 01:26:37.242571393 NNPACK.cpp:56] Could not initialize NNPACK! Reason: Unsupported hardware.
[W909 01:26:37.244467206 NNPACK.cpp:56] Could not initialize NNPACK! Reason: Unsupported hardware.
[W909 01:26:37.246372362 NNPACK.cpp:56] Could not initialize NNPACK! Reason: Unsupported hardware.
[W909 01:26:37.286782980 NNPACK.cpp:56] Could not initialize NNPACK! Reason: Unsupported hardware.
[W909 01:26:38.123146988 NNPACK.cpp:56] Could not initialize NNPACK! Reason: Unsupported hardware.
[W909 01:26:38.124741381 NNPACK.cpp:56] Could not initialize NNPACK! Reason: Unsupported hardware.
[W909 01:26:38.126101598 NNPACK.cpp:56] Could not initialize NNPACK! Reason: Unsupported hardware.
[W909 01:26:38.127472107 NNPACK.cpp:56] Could not initialize NNPACK! Reason: Unsupported hardware.
[W909 01:26:38.129184032 NNPACK.cpp:56] Could not initialize NNPACK! Reason: Unsupported hardware.
[W909 01:26:38.130795937 NNPACK.cpp:56] Could not initialize NNPACK! Reason: Unsupported hardware.
[W909 01:26:38.132472444 NNPACK.cpp:56] Could not initialize NNPACK! Reason: Unsupported hardware.
[W909 01:26:38.134475521 NNPACK.cpp:56] Could not initialize NNPACK! Reason: Unsupported hardware.
[W909 01:26:38.845811265 NNPACK.cpp:56] Could not initialize NNPACK! Reason: Unsupported hardware.
[W909 01:26:38.846158600 NNPACK.cpp:56] Could not initialize NNPACK! Reason: Unsupported hardware.
[W909 01:26:38.846288784 NNPACK.cpp:56] Could not initialize NNPACK! Reason: Unsupported hardware.
[W909 01:26:38.846411250 NNPACK.cpp:56] Could not initialize NNPACK! Reason: Unsupported hardware.
[W909 01:26:38.846540221 NNPACK.cpp:56] Could not initialize NNPACK! Reason: Unsupported hardware.
[W909 01:26:38.846663933 NNPACK.cpp:56] Could not initialize NNPACK! Reason: Unsupported hardware.
[W909 01:26:38.846787131 NNPACK.cpp:56] Could not initialize NNPACK! Reason: Unsupported hardware.
[W909 01:26:38.847226727 NNPACK.cpp:56] Could not initialize NNPACK! Reason: Unsupported hardware.
[W909 01:26:38.871021466 NNPACK.cpp:56] Could not initialize NNPACK! Reason: Unsupported hardware.
[W909 01:26:38.872110258 NNPACK.cpp:56] Could not initialize NNPACK! Reason: Unsupported hardware.
[W909 01:26:38.872954716 NNPACK.cpp:56] Could not initialize NNPACK! Reason: Unsupported hardware.
[W909 01:26:38.873801364 NNPACK.cpp:56] Could not initialize NNPACK! Reason: Unsupported hardware.
[W909 01:26:38.874776762 NNPACK.cpp:56] Could not initialize NNPACK! Reason: Unsupported hardware.
[W909 01:26:38.875764999 NNPACK.cpp:56] Could not initialize NNPACK! Reason: Unsupported hardware.
[W909 01:26:38.876738426 NNPACK.cpp:56] Could not initialize NNPACK! Reason: Unsupported hardware.
[W909 01:26:38.878058834 NNPACK.cpp:56] Could not initialize NNPACK! Reason: Unsupported hardware.
[W909 01:26:39.305558344 NNPACK.cpp:56] Could not initialize NNPACK! Reason: Unsupported hardware.
[W909 01:26:39.307454784 NNPACK.cpp:56] Could not initialize NNPACK! Reason: Unsupported hardware.
[W909 01:26:39.309091418 NNPACK.cpp:56] Could not initialize NNPACK! Reason: Unsupported hardware.
[W909 01:26:39.310718647 NNPACK.cpp:56] Could not initialize NNPACK! Reason: Unsupported hardware.
[W909 01:26:39.312665499 NNPACK.cpp:56] Could not initialize NNPACK! Reason: Unsupported hardware.
[W909 01:26:39.314552787 NNPACK.cpp:56] Could not initialize NNPACK! Reason: Unsupported hardware.
[W909 01:26:39.316476290 NNPACK.cpp:56] Could not initialize NNPACK! Reason: Unsupported hardware.
[W909 01:26:39.357584662 NNPACK.cpp:56] Could not initialize NNPACK! Reason: Unsupported hardware.
[W909 01:26:40.192999074 NNPACK.cpp:56] Could not initialize NNPACK! Reason: Unsupported hardware.
[W909 01:26:40.194906428 NNPACK.cpp:56] Could not initialize NNPACK! Reason: Unsupported hardware.
[W909 01:26:40.196565235 NNPACK.cpp:56] Could not initialize NNPACK! Reason: Unsupported hardware.
[W909 01:26:40.198365026 NNPACK.cpp:56] Could not initialize NNPACK! Reason: Unsupported hardware.
[W909 01:26:40.200309066 NNPACK.cpp:56] Could not initialize NNPACK! Reason: Unsupported hardware.
[W909 01:26:40.202232609 NNPACK.cpp:56] Could not initialize NNPACK! Reason: Unsupported hardware.
[W909 01:26:40.204151182 NNPACK.cpp:56] Could not initialize NNPACK! Reason: Unsupported hardware.
[W909 01:26:40.230798042 NNPACK.cpp:56] Could not initialize NNPACK! Reason: Unsupported hardware.
[W909 01:26:41.062107001 NNPACK.cpp:56] Could not initialize NNPACK! Reason: Unsupported hardware.
[W909 01:26:41.062445445 NNPACK.cpp:56] Could not initialize NNPACK! Reason: Unsupported hardware.
[W909 01:26:41.062571417 NNPACK.cpp:56] Could not initialize NNPACK! Reason: Unsupported hardware.
[W909 01:26:41.062693701 NNPACK.cpp:56] Could not initialize NNPACK! Reason: Unsupported hardware.
[W909 01:26:41.062822116 NNPACK.cpp:56] Could not initialize NNPACK! Reason: Unsupported hardware.
[W909 01:26:41.062945844 NNPACK.cpp:56] Could not initialize NNPACK! Reason: Unsupported hardware.
[W909 01:26:41.063076772 NNPACK.cpp:56] Could not initialize NNPACK! Reason: Unsupported hardware.
[W909 01:26:41.063512743 NNPACK.cpp:56] Could not initialize NNPACK! Reason: Unsupported hardware.
[W909 01:26:41.093365113 NNPACK.cpp:56] Could not initialize NNPACK! Reason: Unsupported hardware.
[W909 01:26:41.095278250 NNPACK.cpp:56] Could not initialize NNPACK! Reason: Unsupported hardware.
[W909 01:26:41.096933125 NNPACK.cpp:56] Could not initialize NNPACK! Reason: Unsupported hardware.
[W909 01:26:41.098629745 NNPACK.cpp:56] Could not initialize NNPACK! Reason: Unsupported hardware.
[W909 01:26:41.100564969 NNPACK.cpp:56] Could not initialize NNPACK! Reason: Unsupported hardware.
[W909 01:26:41.102466326 NNPACK.cpp:56] Could not initialize NNPACK! Reason: Unsupported hardware.
[W909 01:26:41.104404634 NNPACK.cpp:56] Could not initialize NNPACK! Reason: Unsupported hardware.
[W909 01:26:41.144767987 NNPACK.cpp:56] Could not initialize NNPACK! Reason: Unsupported hardware.
[W909 01:26:42.980044339 NNPACK.cpp:56] Could not initialize NNPACK! Reason: Unsupported hardware.
[W909 01:26:42.981255606 NNPACK.cpp:56] Could not initialize NNPACK! Reason: Unsupported hardware.
[W909 01:26:42.982310278 NNPACK.cpp:56] Could not initialize NNPACK! Reason: Unsupported hardware.
[W909 01:26:42.983356829 NNPACK.cpp:56] Could not initialize NNPACK! Reason: Unsupported hardware.
[W909 01:26:42.984508515 NNPACK.cpp:56] Could not initialize NNPACK! Reason: Unsupported hardware.
[W909 01:26:42.985646683 NNPACK.cpp:56] Could not initialize NNPACK! Reason: Unsupported hardware.
[W909 01:26:42.986786297 NNPACK.cpp:56] Could not initialize NNPACK! Reason: Unsupported hardware.
[W909 01:26:42.988286752 NNPACK.cpp:56] Could not initialize NNPACK! Reason: Unsupported hardware.
[W909 01:26:42.474048428 NNPACK.cpp:56] Could not initialize NNPACK! Reason: Unsupported hardware.
[W909 01:26:42.474456038 NNPACK.cpp:56] Could not initialize NNPACK! Reason: Unsupported hardware.
[W909 01:26:42.474653745 NNPACK.cpp:56] Could not initialize NNPACK! Reason: Unsupported hardware.
[W909 01:26:42.474844829 NNPACK.cpp:56] Could not initialize NNPACK! Reason: Unsupported hardware.
[W909 01:26:42.475064068 NNPACK.cpp:56] Could not initialize NNPACK! Reason: Unsupported hardware.
[W909 01:26:42.475278266 NNPACK.cpp:56] Could not initialize NNPACK! Reason: Unsupported hardware.
[W909 01:26:42.475485216 NNPACK.cpp:56] Could not initialize NNPACK! Reason: Unsupported hardware.
[W909 01:26:42.476028876 NNPACK.cpp:56] Could not initialize NNPACK! Reason: Unsupported hardware.
[W909 01:26:42.536422444 NNPACK.cpp:56] Could not initialize NNPACK! Reason: Unsupported hardware.
[W909 01:26:42.536666883 NNPACK.cpp:56] Could not initialize NNPACK! Reason: Unsupported hardware.
[W909 01:26:42.536791945 NNPACK.cpp:56] Could not initialize NNPACK! Reason: Unsupported hardware.
[W909 01:26:42.536911573 NNPACK.cpp:56] Could not initialize NNPACK! Reason: Unsupported hardware.
[W909 01:26:42.537049451 NNPACK.cpp:56] Could not initialize NNPACK! Reason: Unsupported hardware.
[W909 01:26:42.537170866 NNPACK.cpp:56] Could not initialize NNPACK! Reason: Unsupported hardware.
[W909 01:26:42.537292100 NNPACK.cpp:56] Could not initialize NNPACK! Reason: Unsupported hardware.
[W909 01:26:42.537664165 NNPACK.cpp:56] Could not initialize NNPACK! Reason: Unsupported hardware.
[W909 01:26:42.560290740 NNPACK.cpp:56] Could not initialize NNPACK! Reason: Unsupported hardware.
[W909 01:26:42.560895123 NNPACK.cpp:56] Could not initialize NNPACK! Reason: Unsupported hardware.
[W909 01:26:42.561315910 NNPACK.cpp:56] Could not initialize NNPACK! Reason: Unsupported hardware.
[W909 01:26:42.561723836 NNPACK.cpp:56] Could not initialize NNPACK! Reason: Unsupported hardware.
[W909 01:26:42.562194198 NNPACK.cpp:56] Could not initialize NNPACK! Reason: Unsupported hardware.
[W909 01:26:42.562654260 NNPACK.cpp:56] Could not initialize NNPACK! Reason: Unsupported hardware.
[W909 01:26:42.563120571 NNPACK.cpp:56] Could not initialize NNPACK! Reason: Unsupported hardware.
[W909 01:26:42.563905615 NNPACK.cpp:56] Could not initialize NNPACK! Reason: Unsupported hardware.
[W909 01:26:42.747209987 NNPACK.cpp:56] Could not initialize NNPACK! Reason: Unsupported hardware.
[W909 01:26:42.749131674 NNPACK.cpp:56] Could not initialize NNPACK! Reason: Unsupported hardware.
[W909 01:26:42.750764177 NNPACK.cpp:56] Could not initialize NNPACK! Reason: Unsupported hardware.
[W909 01:26:42.752404541 NNPACK.cpp:56] Could not initialize NNPACK! Reason: Unsupported hardware.
[W909 01:26:42.754304145 NNPACK.cpp:56] Could not initialize NNPACK! Reason: Unsupported hardware.
[W909 01:26:42.756191777 NNPACK.cpp:56] Could not initialize NNPACK! Reason: Unsupported hardware.
[W909 01:26:42.758082568 NNPACK.cpp:56] Could not initialize NNPACK! Reason: Unsupported hardware.
[W909 01:26:42.798620861 NNPACK.cpp:56] Could not initialize NNPACK! Reason: Unsupported hardware.
[W909 01:26:43.626792145 NNPACK.cpp:56] Could not initialize NNPACK! Reason: Unsupported hardware.
[W909 01:26:43.627149770 NNPACK.cpp:56] Could not initialize NNPACK! Reason: Unsupported hardware.
[W909 01:26:43.627276131 NNPACK.cpp:56] Could not initialize NNPACK! Reason: Unsupported hardware.
[W909 01:26:43.627396238 NNPACK.cpp:56] Could not initialize NNPACK! Reason: Unsupported hardware.
[W909 01:26:43.627520948 NNPACK.cpp:56] Could not initialize NNPACK! Reason: Unsupported hardware.
[W909 01:26:43.627642455 NNPACK.cpp:56] Could not initialize NNPACK! Reason: Unsupported hardware.
[W909 01:26:43.627764119 NNPACK.cpp:56] Could not initialize NNPACK! Reason: Unsupported hardware.
[W909 01:26:43.628208637 NNPACK.cpp:56] Could not initialize NNPACK! Reason: Unsupported hardware.
[W909 01:26:43.655383167 NNPACK.cpp:56] Could not initialize NNPACK! Reason: Unsupported hardware.
[W909 01:26:43.657010044 NNPACK.cpp:56] Could not initialize NNPACK! Reason: Unsupported hardware.
[W909 01:26:43.658388025 NNPACK.cpp:56] Could not initialize NNPACK! Reason: Unsupported hardware.
[W909 01:26:43.659756568 NNPACK.cpp:56] Could not initialize NNPACK! Reason: Unsupported hardware.
[W909 01:26:43.661362110 NNPACK.cpp:56] Could not initialize NNPACK! Reason: Unsupported hardware.
[W909 01:26:43.662949034 NNPACK.cpp:56] Could not initialize NNPACK! Reason: Unsupported hardware.
[W909 01:26:43.664545418 NNPACK.cpp:56] Could not initialize NNPACK! Reason: Unsupported hardware.
[W909 01:26:43.666516658 NNPACK.cpp:56] Could not initialize NNPACK! Reason: Unsupported hardware.
[W909 01:26:44.388440225 NNPACK.cpp:56] Could not initialize NNPACK! Reason: Unsupported hardware.
[W909 01:26:44.388880755 NNPACK.cpp:56] Could not initialize NNPACK! Reason: Unsupported hardware.
[W909 01:26:44.389088074 NNPACK.cpp:56] Could not initialize NNPACK! Reason: Unsupported hardware.
[W909 01:26:44.389285347 NNPACK.cpp:56] Could not initialize NNPACK! Reason: Unsupported hardware.
[W909 01:26:44.389503096 NNPACK.cpp:56] Could not initialize NNPACK! Reason: Unsupported hardware.
[W909 01:26:44.389711935 NNPACK.cpp:56] Could not initialize NNPACK! Reason: Unsupported hardware.
[W909 01:26:44.389927058 NNPACK.cpp:56] Could not initialize NNPACK! Reason: Unsupported hardware.
[W909 01:26:44.390449100 NNPACK.cpp:56] Could not initialize NNPACK! Reason: Unsupported hardware.
[W909 01:26:44.450733584 NNPACK.cpp:56] Could not initialize NNPACK! Reason: Unsupported hardware.
[W909 01:26:44.450961947 NNPACK.cpp:56] Could not initialize NNPACK! Reason: Unsupported hardware.
[W909 01:26:44.451098658 NNPACK.cpp:56] Could not initialize NNPACK! Reason: Unsupported hardware.
[W909 01:26:44.451220621 NNPACK.cpp:56] Could not initialize NNPACK! Reason: Unsupported hardware.
[W909 01:26:44.451346005 NNPACK.cpp:56] Could not initialize NNPACK! Reason: Unsupported hardware.
[W909 01:26:44.451469475 NNPACK.cpp:56] Could not initialize NNPACK! Reason: Unsupported hardware.
[W909 01:26:44.451592223 NNPACK.cpp:56] Could not initialize NNPACK! Reason: Unsupported hardware.
[W909 01:26:44.451961871 NNPACK.cpp:56] Could not initialize NNPACK! Reason: Unsupported hardware.
[W909 01:26:44.473392247 NNPACK.cpp:56] Could not initialize NNPACK! Reason: Unsupported hardware.
[W909 01:26:44.473717860 NNPACK.cpp:56] Could not initialize NNPACK! Reason: Unsupported hardware.
[W909 01:26:44.473935948 NNPACK.cpp:56] Could not initialize NNPACK! Reason: Unsupported hardware.
[W909 01:26:44.474158291 NNPACK.cpp:56] Could not initialize NNPACK! Reason: Unsupported hardware.
[W909 01:26:44.474395910 NNPACK.cpp:56] Could not initialize NNPACK! Reason: Unsupported hardware.
[W909 01:26:44.474627811 NNPACK.cpp:56] Could not initialize NNPACK! Reason: Unsupported hardware.
[W909 01:26:44.474859144 NNPACK.cpp:56] Could not initialize NNPACK! Reason: Unsupported hardware.
[W909 01:26:44.475371981 NNPACK.cpp:56] Could not initialize NNPACK! Reason: Unsupported hardware.
[W909 01:26:44.545538318 NNPACK.cpp:56] Could not initialize NNPACK! Reason: Unsupported hardware.
[W909 01:26:44.546517340 NNPACK.cpp:56] Could not initialize NNPACK! Reason: Unsupported hardware.
[W909 01:26:44.547276326 NNPACK.cpp:56] Could not initialize NNPACK! Reason: Unsupported hardware.
[W909 01:26:44.548026943 NNPACK.cpp:56] Could not initialize NNPACK! Reason: Unsupported hardware.
[W909 01:26:44.548919635 NNPACK.cpp:56] Could not initialize NNPACK! Reason: Unsupported hardware.
[W909 01:26:44.549772935 NNPACK.cpp:56] Could not initialize NNPACK! Reason: Unsupported hardware.
[W909 01:26:44.550631844 NNPACK.cpp:56] Could not initialize NNPACK! Reason: Unsupported hardware.
[W909 01:26:44.551830070 NNPACK.cpp:56] Could not initialize NNPACK! Reason: Unsupported hardware.
[W909 01:26:44.911498067 NNPACK.cpp:56] Could not initialize NNPACK! Reason: Unsupported hardware.
[W909 01:26:44.911872737 NNPACK.cpp:56] Could not initialize NNPACK! Reason: Unsupported hardware.
[W909 01:26:44.912055999 NNPACK.cpp:56] Could not initialize NNPACK! Reason: Unsupported hardware.
[W909 01:26:44.912228998 NNPACK.cpp:56] Could not initialize NNPACK! Reason: Unsupported hardware.
[W909 01:26:44.912411595 NNPACK.cpp:56] Could not initialize NNPACK! Reason: Unsupported hardware.
[W909 01:26:44.912590551 NNPACK.cpp:56] Could not initialize NNPACK! Reason: Unsupported hardware.
[W909 01:26:44.912767733 NNPACK.cpp:56] Could not initialize NNPACK! Reason: Unsupported hardware.
[W909 01:26:44.913249244 NNPACK.cpp:56] Could not initialize NNPACK! Reason: Unsupported hardware.
[W909 01:26:45.973882520 NNPACK.cpp:56] Could not initialize NNPACK! Reason: Unsupported hardware.
[W909 01:26:45.975766754 NNPACK.cpp:56] Could not initialize NNPACK! Reason: Unsupported hardware.
[W909 01:26:45.977412144 NNPACK.cpp:56] Could not initialize NNPACK! Reason: Unsupported hardware.
[W909 01:26:45.979047944 NNPACK.cpp:56] Could not initialize NNPACK! Reason: Unsupported hardware.
[W909 01:26:45.980936661 NNPACK.cpp:56] Could not initialize NNPACK! Reason: Unsupported hardware.
[W909 01:26:45.982861585 NNPACK.cpp:56] Could not initialize NNPACK! Reason: Unsupported hardware.
[W909 01:26:45.984749785 NNPACK.cpp:56] Could not initialize NNPACK! Reason: Unsupported hardware.
[W909 01:26:45.025276618 NNPACK.cpp:56] Could not initialize NNPACK! Reason: Unsupported hardware.
[W909 01:26:45.857330744 NNPACK.cpp:56] Could not initialize NNPACK! Reason: Unsupported hardware.
[W909 01:26:45.859208505 NNPACK.cpp:56] Could not initialize NNPACK! Reason: Unsupported hardware.
[W909 01:26:45.860841546 NNPACK.cpp:56] Could not initialize NNPACK! Reason: Unsupported hardware.
[W909 01:26:45.862479402 NNPACK.cpp:56] Could not initialize NNPACK! Reason: Unsupported hardware.
[W909 01:26:45.864405354 NNPACK.cpp:56] Could not initialize NNPACK! Reason: Unsupported hardware.
[W909 01:26:45.866328196 NNPACK.cpp:56] Could not initialize NNPACK! Reason: Unsupported hardware.
[W909 01:26:45.868220545 NNPACK.cpp:56] Could not initialize NNPACK! Reason: Unsupported hardware.
[W909 01:26:45.908761034 NNPACK.cpp:56] Could not initialize NNPACK! Reason: Unsupported hardware.
[W909 01:26:46.741359932 NNPACK.cpp:56] Could not initialize NNPACK! Reason: Unsupported hardware.
[W909 01:26:46.741761023 NNPACK.cpp:56] Could not initialize NNPACK! Reason: Unsupported hardware.
[W909 01:26:46.741932988 NNPACK.cpp:56] Could not initialize NNPACK! Reason: Unsupported hardware.
[W909 01:26:46.742108172 NNPACK.cpp:56] Could not initialize NNPACK! Reason: Unsupported hardware.
[W909 01:26:46.742293859 NNPACK.cpp:56] Could not initialize NNPACK! Reason: Unsupported hardware.
[W909 01:26:46.742472086 NNPACK.cpp:56] Could not initialize NNPACK! Reason: Unsupported hardware.
[W909 01:26:46.742647951 NNPACK.cpp:56] Could not initialize NNPACK! Reason: Unsupported hardware.
[W909 01:26:46.743148437 NNPACK.cpp:56] Could not initialize NNPACK! Reason: Unsupported hardware.
[W909 01:26:46.829052997 NNPACK.cpp:56] Could not initialize NNPACK! Reason: Unsupported hardware.
[W909 01:26:46.830935823 NNPACK.cpp:56] Could not initialize NNPACK! Reason: Unsupported hardware.
[W909 01:26:46.832664413 NNPACK.cpp:56] Could not initialize NNPACK! Reason: Unsupported hardware.
[W909 01:26:46.834298584 NNPACK.cpp:56] Could not initialize NNPACK! Reason: Unsupported hardware.
[W909 01:26:46.836206639 NNPACK.cpp:56] Could not initialize NNPACK! Reason: Unsupported hardware.
[W909 01:26:46.838114315 NNPACK.cpp:56] Could not initialize NNPACK! Reason: Unsupported hardware.
[W909 01:26:46.839998748 NNPACK.cpp:56] Could not initialize NNPACK! Reason: Unsupported hardware.
[W909 01:26:46.880486319 NNPACK.cpp:56] Could not initialize NNPACK! Reason: Unsupported hardware.
[W909 01:26:47.707357761 NNPACK.cpp:56] Could not initialize NNPACK! Reason: Unsupported hardware.
[W909 01:26:47.709259943 NNPACK.cpp:56] Could not initialize NNPACK! Reason: Unsupported hardware.
[W909 01:26:47.710902142 NNPACK.cpp:56] Could not initialize NNPACK! Reason: Unsupported hardware.
[W909 01:26:47.712538197 NNPACK.cpp:56] Could not initialize NNPACK! Reason: Unsupported hardware.
[W909 01:26:47.714439249 NNPACK.cpp:56] Could not initialize NNPACK! Reason: Unsupported hardware.
[W909 01:26:47.716355969 NNPACK.cpp:56] Could not initialize NNPACK! Reason: Unsupported hardware.
[W909 01:26:47.718250252 NNPACK.cpp:56] Could not initialize NNPACK! Reason: Unsupported hardware.
[W909 01:26:47.758710762 NNPACK.cpp:56] Could not initialize NNPACK! Reason: Unsupported hardware.
[W909 01:26:48.590488375 NNPACK.cpp:56] Could not initialize NNPACK! Reason: Unsupported hardware.
[W909 01:26:48.592438809 NNPACK.cpp:56] Could not initialize NNPACK! Reason: Unsupported hardware.
[W909 01:26:48.594087958 NNPACK.cpp:56] Could not initialize NNPACK! Reason: Unsupported hardware.
[W909 01:26:48.595784203 NNPACK.cpp:56] Could not initialize NNPACK! Reason: Unsupported hardware.
[W909 01:26:48.597682328 NNPACK.cpp:56] Could not initialize NNPACK! Reason: Unsupported hardware.
[W909 01:26:48.599639257 NNPACK.cpp:56] Could not initialize NNPACK! Reason: Unsupported hardware.
[W909 01:26:48.601536398 NNPACK.cpp:56] Could not initialize NNPACK! Reason: Unsupported hardware.
[W909 01:26:48.641836385 NNPACK.cpp:56] Could not initialize NNPACK! Reason: Unsupported hardware.
[W909 01:26:49.471166660 NNPACK.cpp:56] Could not initialize NNPACK! Reason: Unsupported hardware.
[W909 01:26:49.473093299 NNPACK.cpp:56] Could not initialize NNPACK! Reason: Unsupported hardware.
[W909 01:26:49.478054352 NNPACK.cpp:56] Could not initialize NNPACK! Reason: Unsupported hardware.
[W909 01:26:49.479710158 NNPACK.cpp:56] Could not initialize NNPACK! Reason: Unsupported hardware.
[W909 01:26:49.481816020 NNPACK.cpp:56] Could not initialize NNPACK! Reason: Unsupported hardware.
[W909 01:26:49.483755077 NNPACK.cpp:56] Could not initialize NNPACK! Reason: Unsupported hardware.
[W909 01:26:49.485750449 NNPACK.cpp:56] Could not initialize NNPACK! Reason: Unsupported hardware.
[W909 01:26:49.522823662 NNPACK.cpp:56] Could not initialize NNPACK! Reason: Unsupported hardware.
[W909 01:26:50.350160607 NNPACK.cpp:56] Could not initialize NNPACK! Reason: Unsupported hardware.
[W909 01:26:50.351558007 NNPACK.cpp:56] Could not initialize NNPACK! Reason: Unsupported hardware.
[W909 01:26:50.352719626 NNPACK.cpp:56] Could not initialize NNPACK! Reason: Unsupported hardware.
[W909 01:26:50.353875049 NNPACK.cpp:56] Could not initialize NNPACK! Reason: Unsupported hardware.
[W909 01:26:50.355256914 NNPACK.cpp:56] Could not initialize NNPACK! Reason: Unsupported hardware.
[W909 01:26:50.356602732 NNPACK.cpp:56] Could not initialize NNPACK! Reason: Unsupported hardware.
[W909 01:26:50.357928703 NNPACK.cpp:56] Could not initialize NNPACK! Reason: Unsupported hardware.
[W909 01:26:50.359572739 NNPACK.cpp:56] Could not initialize NNPACK! Reason: Unsupported hardware.
[W909 01:26:51.959266324 NNPACK.cpp:56] Could not initialize NNPACK! Reason: Unsupported hardware.
[W909 01:26:51.961150148 NNPACK.cpp:56] Could not initialize NNPACK! Reason: Unsupported hardware.
[W909 01:26:51.962802859 NNPACK.cpp:56] Could not initialize NNPACK! Reason: Unsupported hardware.
[W909 01:26:51.964457781 NNPACK.cpp:56] Could not initialize NNPACK! Reason: Unsupported hardware.
[W909 01:26:51.966392260 NNPACK.cpp:56] Could not initialize NNPACK! Reason: Unsupported hardware.
[W909 01:26:51.968278163 NNPACK.cpp:56] Could not initialize NNPACK! Reason: Unsupported hardware.
[W909 01:26:51.970167984 NNPACK.cpp:56] Could not initialize NNPACK! Reason: Unsupported hardware.
[W909 01:26:51.010658969 NNPACK.cpp:56] Could not initialize NNPACK! Reason: Unsupported hardware.
[W909 01:26:51.838234542 NNPACK.cpp:56] Could not initialize NNPACK! Reason: Unsupported hardware.
[W909 01:26:51.840156342 NNPACK.cpp:56] Could not initialize NNPACK! Reason: Unsupported hardware.
[W909 01:26:51.841836299 NNPACK.cpp:56] Could not initialize NNPACK! Reason: Unsupported hardware.
[W909 01:26:51.843482062 NNPACK.cpp:56] Could not initialize NNPACK! Reason: Unsupported hardware.
[W909 01:26:51.845396732 NNPACK.cpp:56] Could not initialize NNPACK! Reason: Unsupported hardware.
[W909 01:26:51.847308358 NNPACK.cpp:56] Could not initialize NNPACK! Reason: Unsupported hardware.
[W909 01:26:51.849336329 NNPACK.cpp:56] Could not initialize NNPACK! Reason: Unsupported hardware.
[W909 01:26:51.889748846 NNPACK.cpp:56] Could not initialize NNPACK! Reason: Unsupported hardware.
[W909 01:26:52.715816695 NNPACK.cpp:56] Could not initialize NNPACK! Reason: Unsupported hardware.
[W909 01:26:52.717630292 NNPACK.cpp:56] Could not initialize NNPACK! Reason: Unsupported hardware.
[W909 01:26:52.719202546 NNPACK.cpp:56] Could not initialize NNPACK! Reason: Unsupported hardware.
[W909 01:26:52.720768086 NNPACK.cpp:56] Could not initialize NNPACK! Reason: Unsupported hardware.
[W909 01:26:52.722587584 NNPACK.cpp:56] Could not initialize NNPACK! Reason: Unsupported hardware.
[W909 01:26:52.724395536 NNPACK.cpp:56] Could not initialize NNPACK! Reason: Unsupported hardware.
[W909 01:26:52.726206129 NNPACK.cpp:56] Could not initialize NNPACK! Reason: Unsupported hardware.
[W909 01:26:52.728387644 NNPACK.cpp:56] Could not initialize NNPACK! Reason: Unsupported hardware.
[W909 01:26:53.562425942 NNPACK.cpp:56] Could not initialize NNPACK! Reason: Unsupported hardware.
[W909 01:26:53.563070035 NNPACK.cpp:56] Could not initialize NNPACK! Reason: Unsupported hardware.
[W909 01:26:53.563496106 NNPACK.cpp:56] Could not initialize NNPACK! Reason: Unsupported hardware.
[W909 01:26:53.563904065 NNPACK.cpp:56] Could not initialize NNPACK! Reason: Unsupported hardware.
[W909 01:26:53.564375246 NNPACK.cpp:56] Could not initialize NNPACK! Reason: Unsupported hardware.
[W909 01:26:53.564872094 NNPACK.cpp:56] Could not initialize NNPACK! Reason: Unsupported hardware.
[W909 01:26:53.565338487 NNPACK.cpp:56] Could not initialize NNPACK! Reason: Unsupported hardware.
[W909 01:26:53.566108818 NNPACK.cpp:56] Could not initialize NNPACK! Reason: Unsupported hardware.
[W909 01:26:53.745953465 NNPACK.cpp:56] Could not initialize NNPACK! Reason: Unsupported hardware.
[W909 01:26:53.747698953 NNPACK.cpp:56] Could not initialize NNPACK! Reason: Unsupported hardware.
[W909 01:26:53.749243066 NNPACK.cpp:56] Could not initialize NNPACK! Reason: Unsupported hardware.
[W909 01:26:53.750746511 NNPACK.cpp:56] Could not initialize NNPACK! Reason: Unsupported hardware.
[W909 01:26:53.752498547 NNPACK.cpp:56] Could not initialize NNPACK! Reason: Unsupported hardware.
[W909 01:26:53.754202487 NNPACK.cpp:56] Could not initialize NNPACK! Reason: Unsupported hardware.
[W909 01:26:53.755892681 NNPACK.cpp:56] Could not initialize NNPACK! Reason: Unsupported hardware.
[W909 01:26:53.757935964 NNPACK.cpp:56] Could not initialize NNPACK! Reason: Unsupported hardware.
[W909 01:26:54.531223039 NNPACK.cpp:56] Could not initialize NNPACK! Reason: Unsupported hardware.
[W909 01:26:54.531922389 NNPACK.cpp:56] Could not initialize NNPACK! Reason: Unsupported hardware.
[W909 01:26:54.532392528 NNPACK.cpp:56] Could not initialize NNPACK! Reason: Unsupported hardware.
[W909 01:26:54.532852168 NNPACK.cpp:56] Could not initialize NNPACK! Reason: Unsupported hardware.
[W909 01:26:54.533384872 NNPACK.cpp:56] Could not initialize NNPACK! Reason: Unsupported hardware.
[W909 01:26:54.533901899 NNPACK.cpp:56] Could not initialize NNPACK! Reason: Unsupported hardware.
[W909 01:26:54.534420788 NNPACK.cpp:56] Could not initialize NNPACK! Reason: Unsupported hardware.
[W909 01:26:54.535283541 NNPACK.cpp:56] Could not initialize NNPACK! Reason: Unsupported hardware.
[W909 01:26:54.733454953 NNPACK.cpp:56] Could not initialize NNPACK! Reason: Unsupported hardware.
[W909 01:26:54.733816040 NNPACK.cpp:56] Could not initialize NNPACK! Reason: Unsupported hardware.
[W909 01:26:54.733987978 NNPACK.cpp:56] Could not initialize NNPACK! Reason: Unsupported hardware.
[W909 01:26:54.734162628 NNPACK.cpp:56] Could not initialize NNPACK! Reason: Unsupported hardware.
[W909 01:26:54.734349080 NNPACK.cpp:56] Could not initialize NNPACK! Reason: Unsupported hardware.
[W909 01:26:54.734528605 NNPACK.cpp:56] Could not initialize NNPACK! Reason: Unsupported hardware.
[W909 01:26:54.734705170 NNPACK.cpp:56] Could not initialize NNPACK! Reason: Unsupported hardware.
[W909 01:26:54.735236410 NNPACK.cpp:56] Could not initialize NNPACK! Reason: Unsupported hardware.
[W909 01:26:54.790375067 NNPACK.cpp:56] Could not initialize NNPACK! Reason: Unsupported hardware.
[W909 01:26:54.791923597 NNPACK.cpp:56] Could not initialize NNPACK! Reason: Unsupported hardware.
[W909 01:26:54.793297340 NNPACK.cpp:56] Could not initialize NNPACK! Reason: Unsupported hardware.
[W909 01:26:54.794643118 NNPACK.cpp:56] Could not initialize NNPACK! Reason: Unsupported hardware.
[W909 01:26:54.796159347 NNPACK.cpp:56] Could not initialize NNPACK! Reason: Unsupported hardware.
[W909 01:26:54.797661046 NNPACK.cpp:56] Could not initialize NNPACK! Reason: Unsupported hardware.
[W909 01:26:54.799203910 NNPACK.cpp:56] Could not initialize NNPACK! Reason: Unsupported hardware.
[W909 01:26:54.801088944 NNPACK.cpp:56] Could not initialize NNPACK! Reason: Unsupported hardware.
[W909 01:26:55.494037161 NNPACK.cpp:56] Could not initialize NNPACK! Reason: Unsupported hardware.
[W909 01:26:55.495307046 NNPACK.cpp:56] Could not initialize NNPACK! Reason: Unsupported hardware.
[W909 01:26:55.496309178 NNPACK.cpp:56] Could not initialize NNPACK! Reason: Unsupported hardware.
[W909 01:26:55.497315568 NNPACK.cpp:56] Could not initialize NNPACK! Reason: Unsupported hardware.
[W909 01:26:55.498476760 NNPACK.cpp:56] Could not initialize NNPACK! Reason: Unsupported hardware.
[W909 01:26:55.499610511 NNPACK.cpp:56] Could not initialize NNPACK! Reason: Unsupported hardware.
[W909 01:26:55.500747797 NNPACK.cpp:56] Could not initialize NNPACK! Reason: Unsupported hardware.
[W909 01:26:55.502233587 NNPACK.cpp:56] Could not initialize NNPACK! Reason: Unsupported hardware.
[W909 01:26:56.006795952 NNPACK.cpp:56] Could not initialize NNPACK! Reason: Unsupported hardware.
[W909 01:26:56.007151742 NNPACK.cpp:56] Could not initialize NNPACK! Reason: Unsupported hardware.
[W909 01:26:56.007304490 NNPACK.cpp:56] Could not initialize NNPACK! Reason: Unsupported hardware.
[W909 01:26:56.007450254 NNPACK.cpp:56] Could not initialize NNPACK! Reason: Unsupported hardware.
[W909 01:26:56.007606495 NNPACK.cpp:56] Could not initialize NNPACK! Reason: Unsupported hardware.
[W909 01:26:56.007758518 NNPACK.cpp:56] Could not initialize NNPACK! Reason: Unsupported hardware.
[W909 01:26:56.007909787 NNPACK.cpp:56] Could not initialize NNPACK! Reason: Unsupported hardware.
[W909 01:26:56.008371250 NNPACK.cpp:56] Could not initialize NNPACK! Reason: Unsupported hardware.
[W909 01:26:56.061265202 NNPACK.cpp:56] Could not initialize NNPACK! Reason: Unsupported hardware.
[W909 01:26:56.063192480 NNPACK.cpp:56] Could not initialize NNPACK! Reason: Unsupported hardware.
[W909 01:26:56.064867144 NNPACK.cpp:56] Could not initialize NNPACK! Reason: Unsupported hardware.
[W909 01:26:56.066537769 NNPACK.cpp:56] Could not initialize NNPACK! Reason: Unsupported hardware.
[W909 01:26:56.068439044 NNPACK.cpp:56] Could not initialize NNPACK! Reason: Unsupported hardware.
[W909 01:26:56.070330267 NNPACK.cpp:56] Could not initialize NNPACK! Reason: Unsupported hardware.
[W909 01:26:56.072303296 NNPACK.cpp:56] Could not initialize NNPACK! Reason: Unsupported hardware.
[W909 01:26:56.112694154 NNPACK.cpp:56] Could not initialize NNPACK! Reason: Unsupported hardware.
[W909 01:26:57.949236937 NNPACK.cpp:56] Could not initialize NNPACK! Reason: Unsupported hardware.
[W909 01:26:57.951206751 NNPACK.cpp:56] Could not initialize NNPACK! Reason: Unsupported hardware.
[W909 01:26:57.952945216 NNPACK.cpp:56] Could not initialize NNPACK! Reason: Unsupported hardware.
[W909 01:26:57.954652389 NNPACK.cpp:56] Could not initialize NNPACK! Reason: Unsupported hardware.
[W909 01:26:57.956543432 NNPACK.cpp:56] Could not initialize NNPACK! Reason: Unsupported hardware.
[W909 01:26:57.958464690 NNPACK.cpp:56] Could not initialize NNPACK! Reason: Unsupported hardware.
[W909 01:26:57.960364444 NNPACK.cpp:56] Could not initialize NNPACK! Reason: Unsupported hardware.
[W909 01:26:57.001222764 NNPACK.cpp:56] Could not initialize NNPACK! Reason: Unsupported hardware.
[W909 01:26:57.836257028 NNPACK.cpp:56] Could not initialize NNPACK! Reason: Unsupported hardware.
[W909 01:26:57.838139527 NNPACK.cpp:56] Could not initialize NNPACK! Reason: Unsupported hardware.
[W909 01:26:57.839774846 NNPACK.cpp:56] Could not initialize NNPACK! Reason: Unsupported hardware.
[W909 01:26:57.841414302 NNPACK.cpp:56] Could not initialize NNPACK! Reason: Unsupported hardware.
[W909 01:26:57.843383767 NNPACK.cpp:56] Could not initialize NNPACK! Reason: Unsupported hardware.
[W909 01:26:57.845393029 NNPACK.cpp:56] Could not initialize NNPACK! Reason: Unsupported hardware.
[W909 01:26:57.847342048 NNPACK.cpp:56] Could not initialize NNPACK! Reason: Unsupported hardware.
[W909 01:26:57.887895113 NNPACK.cpp:56] Could not initialize NNPACK! Reason: Unsupported hardware.
[W909 01:26:58.718705362 NNPACK.cpp:56] Could not initialize NNPACK! Reason: Unsupported hardware.
[W909 01:26:58.720652553 NNPACK.cpp:56] Could not initialize NNPACK! Reason: Unsupported hardware.
[W909 01:26:58.722302514 NNPACK.cpp:56] Could not initialize NNPACK! Reason: Unsupported hardware.
[W909 01:26:58.723936143 NNPACK.cpp:56] Could not initialize NNPACK! Reason: Unsupported hardware.
[W909 01:26:58.725839537 NNPACK.cpp:56] Could not initialize NNPACK! Reason: Unsupported hardware.
[W909 01:26:58.727775803 NNPACK.cpp:56] Could not initialize NNPACK! Reason: Unsupported hardware.
[W909 01:26:58.729683958 NNPACK.cpp:56] Could not initialize NNPACK! Reason: Unsupported hardware.
[W909 01:26:58.770260687 NNPACK.cpp:56] Could not initialize NNPACK! Reason: Unsupported hardware.
[W909 01:26:59.602349629 NNPACK.cpp:56] Could not initialize NNPACK! Reason: Unsupported hardware.
[W909 01:26:59.603533694 NNPACK.cpp:56] Could not initialize NNPACK! Reason: Unsupported hardware.
[W909 01:26:59.608550689 NNPACK.cpp:56] Could not initialize NNPACK! Reason: Unsupported hardware.
[W909 01:26:59.609501051 NNPACK.cpp:56] Could not initialize NNPACK! Reason: Unsupported hardware.
[W909 01:26:59.610566559 NNPACK.cpp:56] Could not initialize NNPACK! Reason: Unsupported hardware.
[W909 01:26:59.611625978 NNPACK.cpp:56] Could not initialize NNPACK! Reason: Unsupported hardware.
[W909 01:26:59.612679826 NNPACK.cpp:56] Could not initialize NNPACK! Reason: Unsupported hardware.
[W909 01:26:59.614091055 NNPACK.cpp:56] Could not initialize NNPACK! Reason: Unsupported hardware.
[W909 01:27:00.080216411 NNPACK.cpp:56] Could not initialize NNPACK! Reason: Unsupported hardware.
[W909 01:27:00.080729369 NNPACK.cpp:56] Could not initialize NNPACK! Reason: Unsupported hardware.
[W909 01:27:00.081039928 NNPACK.cpp:56] Could not initialize NNPACK! Reason: Unsupported hardware.
[W909 01:27:00.081376751 NNPACK.cpp:56] Could not initialize NNPACK! Reason: Unsupported hardware.
[W909 01:27:00.081715413 NNPACK.cpp:56] Could not initialize NNPACK! Reason: Unsupported hardware.
[W909 01:27:00.082050182 NNPACK.cpp:56] Could not initialize NNPACK! Reason: Unsupported hardware.
[W909 01:27:00.082379475 NNPACK.cpp:56] Could not initialize NNPACK! Reason: Unsupported hardware.
[W909 01:27:00.083058049 NNPACK.cpp:56] Could not initialize NNPACK! Reason: Unsupported hardware.
[W909 01:27:00.202221409 NNPACK.cpp:56] Could not initialize NNPACK! Reason: Unsupported hardware.
[W909 01:27:00.202610109 NNPACK.cpp:56] Could not initialize NNPACK! Reason: Unsupported hardware.
[W909 01:27:00.202782866 NNPACK.cpp:56] Could not initialize NNPACK! Reason: Unsupported hardware.
[W909 01:27:00.202950702 NNPACK.cpp:56] Could not initialize NNPACK! Reason: Unsupported hardware.
[W909 01:27:00.203163364 NNPACK.cpp:56] Could not initialize NNPACK! Reason: Unsupported hardware.
[W909 01:27:00.203379808 NNPACK.cpp:56] Could not initialize NNPACK! Reason: Unsupported hardware.
[W909 01:27:00.203600419 NNPACK.cpp:56] Could not initialize NNPACK! Reason: Unsupported hardware.
[W909 01:27:00.204124601 NNPACK.cpp:56] Could not initialize NNPACK! Reason: Unsupported hardware.
[W909 01:27:00.261718509 NNPACK.cpp:56] Could not initialize NNPACK! Reason: Unsupported hardware.
[W909 01:27:00.263616068 NNPACK.cpp:56] Could not initialize NNPACK! Reason: Unsupported hardware.
[W909 01:27:00.265292204 NNPACK.cpp:56] Could not initialize NNPACK! Reason: Unsupported hardware.
[W909 01:27:00.266923456 NNPACK.cpp:56] Could not initialize NNPACK! Reason: Unsupported hardware.
[W909 01:27:00.268828184 NNPACK.cpp:56] Could not initialize NNPACK! Reason: Unsupported hardware.
[W909 01:27:00.270735215 NNPACK.cpp:56] Could not initialize NNPACK! Reason: Unsupported hardware.
[W909 01:27:00.272634205 NNPACK.cpp:56] Could not initialize NNPACK! Reason: Unsupported hardware.
[W909 01:27:00.313247285 NNPACK.cpp:56] Could not initialize NNPACK! Reason: Unsupported hardware.
[W909 01:27:01.141907572 NNPACK.cpp:56] Could not initialize NNPACK! Reason: Unsupported hardware.
[W909 01:27:01.142858994 NNPACK.cpp:56] Could not initialize NNPACK! Reason: Unsupported hardware.
[W909 01:27:01.143589075 NNPACK.cpp:56] Could not initialize NNPACK! Reason: Unsupported hardware.
[W909 01:27:01.144319631 NNPACK.cpp:56] Could not initialize NNPACK! Reason: Unsupported hardware.
[W909 01:27:01.145151131 NNPACK.cpp:56] Could not initialize NNPACK! Reason: Unsupported hardware.
[W909 01:27:01.145970323 NNPACK.cpp:56] Could not initialize NNPACK! Reason: Unsupported hardware.
[W909 01:27:01.146824268 NNPACK.cpp:56] Could not initialize NNPACK! Reason: Unsupported hardware.
[W909 01:27:01.148034794 NNPACK.cpp:56] Could not initialize NNPACK! Reason: Unsupported hardware.
[W909 01:27:01.493384952 NNPACK.cpp:56] Could not initialize NNPACK! Reason: Unsupported hardware.
[W909 01:27:01.494143049 NNPACK.cpp:56] Could not initialize NNPACK! Reason: Unsupported hardware.
[W909 01:27:01.494676288 NNPACK.cpp:56] Could not initialize NNPACK! Reason: Unsupported hardware.
[W909 01:27:01.495217323 NNPACK.cpp:56] Could not initialize NNPACK! Reason: Unsupported hardware.
[W909 01:27:01.495820868 NNPACK.cpp:56] Could not initialize NNPACK! Reason: Unsupported hardware.
[W909 01:27:01.496452271 NNPACK.cpp:56] Could not initialize NNPACK! Reason: Unsupported hardware.
[W909 01:27:01.497057090 NNPACK.cpp:56] Could not initialize NNPACK! Reason: Unsupported hardware.
[W909 01:27:01.498037313 NNPACK.cpp:56] Could not initialize NNPACK! Reason: Unsupported hardware.
[W909 01:27:01.733479822 NNPACK.cpp:56] Could not initialize NNPACK! Reason: Unsupported hardware.
[W909 01:27:01.733836152 NNPACK.cpp:56] Could not initialize NNPACK! Reason: Unsupported hardware.
[W909 01:27:01.734026124 NNPACK.cpp:56] Could not initialize NNPACK! Reason: Unsupported hardware.
[W909 01:27:01.734211551 NNPACK.cpp:56] Could not initialize NNPACK! Reason: Unsupported hardware.
[W909 01:27:01.734411291 NNPACK.cpp:56] Could not initialize NNPACK! Reason: Unsupported hardware.
[W909 01:27:01.734600774 NNPACK.cpp:56] Could not initialize NNPACK! Reason: Unsupported hardware.
[W909 01:27:01.734787327 NNPACK.cpp:56] Could not initialize NNPACK! Reason: Unsupported hardware.
[W909 01:27:01.735277889 NNPACK.cpp:56] Could not initialize NNPACK! Reason: Unsupported hardware.
[W909 01:27:01.813418615 NNPACK.cpp:56] Could not initialize NNPACK! Reason: Unsupported hardware.
[W909 01:27:01.815352754 NNPACK.cpp:56] Could not initialize NNPACK! Reason: Unsupported hardware.
[W909 01:27:01.816997470 NNPACK.cpp:56] Could not initialize NNPACK! Reason: Unsupported hardware.
[W909 01:27:01.818659323 NNPACK.cpp:56] Could not initialize NNPACK! Reason: Unsupported hardware.
[W909 01:27:01.820626860 NNPACK.cpp:56] Could not initialize NNPACK! Reason: Unsupported hardware.
[W909 01:27:01.822521806 NNPACK.cpp:56] Could not initialize NNPACK! Reason: Unsupported hardware.
[W909 01:27:01.824413429 NNPACK.cpp:56] Could not initialize NNPACK! Reason: Unsupported hardware.
[W909 01:27:01.865030302 NNPACK.cpp:56] Could not initialize NNPACK! Reason: Unsupported hardware.
[W909 01:27:02.694631713 NNPACK.cpp:56] Could not initialize NNPACK! Reason: Unsupported hardware.
[W909 01:27:02.696520558 NNPACK.cpp:56] Could not initialize NNPACK! Reason: Unsupported hardware.
[W909 01:27:02.698200688 NNPACK.cpp:56] Could not initialize NNPACK! Reason: Unsupported hardware.
[W909 01:27:02.699841772 NNPACK.cpp:56] Could not initialize NNPACK! Reason: Unsupported hardware.
[W909 01:27:02.701749669 NNPACK.cpp:56] Could not initialize NNPACK! Reason: Unsupported hardware.
[W909 01:27:02.703645330 NNPACK.cpp:56] Could not initialize NNPACK! Reason: Unsupported hardware.
[W909 01:27:02.705591734 NNPACK.cpp:56] Could not initialize NNPACK! Reason: Unsupported hardware.
[W909 01:27:02.746255732 NNPACK.cpp:56] Could not initialize NNPACK! Reason: Unsupported hardware.
[W909 01:27:03.579992426 NNPACK.cpp:56] Could not initialize NNPACK! Reason: Unsupported hardware.
[W909 01:27:03.581927038 NNPACK.cpp:56] Could not initialize NNPACK! Reason: Unsupported hardware.
[W909 01:27:03.583569072 NNPACK.cpp:56] Could not initialize NNPACK! Reason: Unsupported hardware.
[W909 01:27:03.585208398 NNPACK.cpp:56] Could not initialize NNPACK! Reason: Unsupported hardware.
[W909 01:27:03.587133013 NNPACK.cpp:56] Could not initialize NNPACK! Reason: Unsupported hardware.
[W909 01:27:03.589017526 NNPACK.cpp:56] Could not initialize NNPACK! Reason: Unsupported hardware.
[W909 01:27:03.590919382 NNPACK.cpp:56] Could not initialize NNPACK! Reason: Unsupported hardware.
[W909 01:27:03.631648951 NNPACK.cpp:56] Could not initialize NNPACK! Reason: Unsupported hardware.
[W909 01:27:04.465592063 NNPACK.cpp:56] Could not initialize NNPACK! Reason: Unsupported hardware.
[W909 01:27:04.467468695 NNPACK.cpp:56] Could not initialize NNPACK! Reason: Unsupported hardware.
[W909 01:27:04.469114146 NNPACK.cpp:56] Could not initialize NNPACK! Reason: Unsupported hardware.
[W909 01:27:04.470747121 NNPACK.cpp:56] Could not initialize NNPACK! Reason: Unsupported hardware.
[W909 01:27:04.472650059 NNPACK.cpp:56] Could not initialize NNPACK! Reason: Unsupported hardware.
[W909 01:27:04.474534182 NNPACK.cpp:56] Could not initialize NNPACK! Reason: Unsupported hardware.
[W909 01:27:04.476442013 NNPACK.cpp:56] Could not initialize NNPACK! Reason: Unsupported hardware.
[W909 01:27:04.517131283 NNPACK.cpp:56] Could not initialize NNPACK! Reason: Unsupported hardware.
[W909 01:27:05.342736512 NNPACK.cpp:56] Could not initialize NNPACK! Reason: Unsupported hardware.
[W909 01:27:05.344145719 NNPACK.cpp:56] Could not initialize NNPACK! Reason: Unsupported hardware.
[W909 01:27:05.345346147 NNPACK.cpp:56] Could not initialize NNPACK! Reason: Unsupported hardware.
[W909 01:27:05.346505190 NNPACK.cpp:56] Could not initialize NNPACK! Reason: Unsupported hardware.
[W909 01:27:05.347878702 NNPACK.cpp:56] Could not initialize NNPACK! Reason: Unsupported hardware.
[W909 01:27:05.349217138 NNPACK.cpp:56] Could not initialize NNPACK! Reason: Unsupported hardware.
[W909 01:27:05.350554341 NNPACK.cpp:56] Could not initialize NNPACK! Reason: Unsupported hardware.
[W909 01:27:05.352195898 NNPACK.cpp:56] Could not initialize NNPACK! Reason: Unsupported hardware.
[W909 01:27:06.949241253 NNPACK.cpp:56] Could not initialize NNPACK! Reason: Unsupported hardware.
[W909 01:27:06.951147046 NNPACK.cpp:56] Could not initialize NNPACK! Reason: Unsupported hardware.
[W909 01:27:06.952787463 NNPACK.cpp:56] Could not initialize NNPACK! Reason: Unsupported hardware.
[W909 01:27:06.954433732 NNPACK.cpp:56] Could not initialize NNPACK! Reason: Unsupported hardware.
[W909 01:27:06.956337271 NNPACK.cpp:56] Could not initialize NNPACK! Reason: Unsupported hardware.
[W909 01:27:06.958230222 NNPACK.cpp:56] Could not initialize NNPACK! Reason: Unsupported hardware.
[W909 01:27:06.960129325 NNPACK.cpp:56] Could not initialize NNPACK! Reason: Unsupported hardware.
[W909 01:27:06.000821331 NNPACK.cpp:56] Could not initialize NNPACK! Reason: Unsupported hardware.
[W909 01:27:06.830137533 NNPACK.cpp:56] Could not initialize NNPACK! Reason: Unsupported hardware.
[W909 01:27:06.831480063 NNPACK.cpp:56] Could not initialize NNPACK! Reason: Unsupported hardware.
[W909 01:27:06.832553272 NNPACK.cpp:56] Could not initialize NNPACK! Reason: Unsupported hardware.
[W909 01:27:06.833649962 NNPACK.cpp:56] Could not initialize NNPACK! Reason: Unsupported hardware.
[W909 01:27:06.834876537 NNPACK.cpp:56] Could not initialize NNPACK! Reason: Unsupported hardware.
[W909 01:27:06.836094873 NNPACK.cpp:56] Could not initialize NNPACK! Reason: Unsupported hardware.
[W909 01:27:06.837316698 NNPACK.cpp:56] Could not initialize NNPACK! Reason: Unsupported hardware.
[W909 01:27:06.838873408 NNPACK.cpp:56] Could not initialize NNPACK! Reason: Unsupported hardware.
[W909 01:27:07.383086302 NNPACK.cpp:56] Could not initialize NNPACK! Reason: Unsupported hardware.
[W909 01:27:07.383685383 NNPACK.cpp:56] Could not initialize NNPACK! Reason: Unsupported hardware.
[W909 01:27:07.384113246 NNPACK.cpp:56] Could not initialize NNPACK! Reason: Unsupported hardware.
[W909 01:27:07.384477843 NNPACK.cpp:56] Could not initialize NNPACK! Reason: Unsupported hardware.
[W909 01:27:07.384884939 NNPACK.cpp:56] Could not initialize NNPACK! Reason: Unsupported hardware.
[W909 01:27:07.385302204 NNPACK.cpp:56] Could not initialize NNPACK! Reason: Unsupported hardware.
[W909 01:27:07.385707905 NNPACK.cpp:56] Could not initialize NNPACK! Reason: Unsupported hardware.
[W909 01:27:07.386423287 NNPACK.cpp:56] Could not initialize NNPACK! Reason: Unsupported hardware.
[W909 01:27:07.553521547 NNPACK.cpp:56] Could not initialize NNPACK! Reason: Unsupported hardware.
[W909 01:27:07.554107864 NNPACK.cpp:56] Could not initialize NNPACK! Reason: Unsupported hardware.
[W909 01:27:07.554498864 NNPACK.cpp:56] Could not initialize NNPACK! Reason: Unsupported hardware.
[W909 01:27:07.554881238 NNPACK.cpp:56] Could not initialize NNPACK! Reason: Unsupported hardware.
[W909 01:27:07.555330888 NNPACK.cpp:56] Could not initialize NNPACK! Reason: Unsupported hardware.
[W909 01:27:07.555764597 NNPACK.cpp:56] Could not initialize NNPACK! Reason: Unsupported hardware.
[W909 01:27:07.556201342 NNPACK.cpp:56] Could not initialize NNPACK! Reason: Unsupported hardware.
[W909 01:27:07.556949018 NNPACK.cpp:56] Could not initialize NNPACK! Reason: Unsupported hardware.
[W909 01:27:07.733251207 NNPACK.cpp:56] Could not initialize NNPACK! Reason: Unsupported hardware.
[W909 01:27:07.735146985 NNPACK.cpp:56] Could not initialize NNPACK! Reason: Unsupported hardware.
[W909 01:27:07.736791676 NNPACK.cpp:56] Could not initialize NNPACK! Reason: Unsupported hardware.
[W909 01:27:07.738437251 NNPACK.cpp:56] Could not initialize NNPACK! Reason: Unsupported hardware.
[W909 01:27:07.740339294 NNPACK.cpp:56] Could not initialize NNPACK! Reason: Unsupported hardware.
[W909 01:27:07.742232191 NNPACK.cpp:56] Could not initialize NNPACK! Reason: Unsupported hardware.
[W909 01:27:07.744135013 NNPACK.cpp:56] Could not initialize NNPACK! Reason: Unsupported hardware.
[W909 01:27:07.784733038 NNPACK.cpp:56] Could not initialize NNPACK! Reason: Unsupported hardware.
[W909 01:27:08.619397163 NNPACK.cpp:56] Could not initialize NNPACK! Reason: Unsupported hardware.
[W909 01:27:08.620429778 NNPACK.cpp:56] Could not initialize NNPACK! Reason: Unsupported hardware.
[W909 01:27:08.621189563 NNPACK.cpp:56] Could not initialize NNPACK! Reason: Unsupported hardware.
[W909 01:27:08.621931261 NNPACK.cpp:56] Could not initialize NNPACK! Reason: Unsupported hardware.
[W909 01:27:08.622782514 NNPACK.cpp:56] Could not initialize NNPACK! Reason: Unsupported hardware.
[W909 01:27:08.623632272 NNPACK.cpp:56] Could not initialize NNPACK! Reason: Unsupported hardware.
[W909 01:27:08.624486916 NNPACK.cpp:56] Could not initialize NNPACK! Reason: Unsupported hardware.
[W909 01:27:08.625688143 NNPACK.cpp:56] Could not initialize NNPACK! Reason: Unsupported hardware.
[W909 01:27:09.970034297 NNPACK.cpp:56] Could not initialize NNPACK! Reason: Unsupported hardware.
[W909 01:27:09.970354688 NNPACK.cpp:56] Could not initialize NNPACK! Reason: Unsupported hardware.
[W909 01:27:09.970503761 NNPACK.cpp:56] Could not initialize NNPACK! Reason: Unsupported hardware.
[W909 01:27:09.970650239 NNPACK.cpp:56] Could not initialize NNPACK! Reason: Unsupported hardware.
[W909 01:27:09.970805479 NNPACK.cpp:56] Could not initialize NNPACK! Reason: Unsupported hardware.
[W909 01:27:09.970961749 NNPACK.cpp:56] Could not initialize NNPACK! Reason: Unsupported hardware.
[W909 01:27:09.971119557 NNPACK.cpp:56] Could not initialize NNPACK! Reason: Unsupported hardware.
[W909 01:27:09.971562876 NNPACK.cpp:56] Could not initialize NNPACK! Reason: Unsupported hardware.
[W909 01:27:09.003577045 NNPACK.cpp:56] Could not initialize NNPACK! Reason: Unsupported hardware.
[W909 01:27:09.004010428 NNPACK.cpp:56] Could not initialize NNPACK! Reason: Unsupported hardware.
[W909 01:27:09.004306175 NNPACK.cpp:56] Could not initialize NNPACK! Reason: Unsupported hardware.
[W909 01:27:09.004612755 NNPACK.cpp:56] Could not initialize NNPACK! Reason: Unsupported hardware.
[W909 01:27:09.004933104 NNPACK.cpp:56] Could not initialize NNPACK! Reason: Unsupported hardware.
[W909 01:27:09.005257568 NNPACK.cpp:56] Could not initialize NNPACK! Reason: Unsupported hardware.
[W909 01:27:09.005574832 NNPACK.cpp:56] Could not initialize NNPACK! Reason: Unsupported hardware.
[W909 01:27:09.006149643 NNPACK.cpp:56] Could not initialize NNPACK! Reason: Unsupported hardware.
[W909 01:27:09.127224709 NNPACK.cpp:56] Could not initialize NNPACK! Reason: Unsupported hardware.
[W909 01:27:09.127957156 NNPACK.cpp:56] Could not initialize NNPACK! Reason: Unsupported hardware.
[W909 01:27:09.128504977 NNPACK.cpp:56] Could not initialize NNPACK! Reason: Unsupported hardware.
[W909 01:27:09.129049319 NNPACK.cpp:56] Could not initialize NNPACK! Reason: Unsupported hardware.
[W909 01:27:09.129682744 NNPACK.cpp:56] Could not initialize NNPACK! Reason: Unsupported hardware.
[W909 01:27:09.130293672 NNPACK.cpp:56] Could not initialize NNPACK! Reason: Unsupported hardware.
[W909 01:27:09.130893679 NNPACK.cpp:56] Could not initialize NNPACK! Reason: Unsupported hardware.
[W909 01:27:09.131872099 NNPACK.cpp:56] Could not initialize NNPACK! Reason: Unsupported hardware.
[W909 01:27:09.367986224 NNPACK.cpp:56] Could not initialize NNPACK! Reason: Unsupported hardware.
[W909 01:27:09.368500291 NNPACK.cpp:56] Could not initialize NNPACK! Reason: Unsupported hardware.
[W909 01:27:09.368772065 NNPACK.cpp:56] Could not initialize NNPACK! Reason: Unsupported hardware.
[W909 01:27:09.369043957 NNPACK.cpp:56] Could not initialize NNPACK! Reason: Unsupported hardware.
[W909 01:27:09.369344233 NNPACK.cpp:56] Could not initialize NNPACK! Reason: Unsupported hardware.
[W909 01:27:09.369634717 NNPACK.cpp:56] Could not initialize NNPACK! Reason: Unsupported hardware.
[W909 01:27:09.369926526 NNPACK.cpp:56] Could not initialize NNPACK! Reason: Unsupported hardware.
[W909 01:27:09.370563686 NNPACK.cpp:56] Could not initialize NNPACK! Reason: Unsupported hardware.
[W909 01:27:09.465729757 NNPACK.cpp:56] Could not initialize NNPACK! Reason: Unsupported hardware.
[W909 01:27:09.466059172 NNPACK.cpp:56] Could not initialize NNPACK! Reason: Unsupported hardware.
[W909 01:27:09.466207847 NNPACK.cpp:56] Could not initialize NNPACK! Reason: Unsupported hardware.
[W909 01:27:09.466353232 NNPACK.cpp:56] Could not initialize NNPACK! Reason: Unsupported hardware.
[W909 01:27:09.466507600 NNPACK.cpp:56] Could not initialize NNPACK! Reason: Unsupported hardware.
[W909 01:27:09.466659796 NNPACK.cpp:56] Could not initialize NNPACK! Reason: Unsupported hardware.
[W909 01:27:09.466809314 NNPACK.cpp:56] Could not initialize NNPACK! Reason: Unsupported hardware.
[W909 01:27:09.467253331 NNPACK.cpp:56] Could not initialize NNPACK! Reason: Unsupported hardware.
128.2s - extractor main: [1] JamesU - MustardBumbler/1_29/240903_1319 — 24 snip(s) → 7303 frames, 58 label(s) (ident took 125.1s)
/home/luke/projects/buzzdetect-training/.local/worktrees/aves-probe/02_set/extract.py:915: UserWarning: extractor main: Lily - Fit+Fast/2023_R3_Marysville/53/230808_1208 superseded by new annotations; removed /home/luke/projects/buzzdetect-training/.local/worktrees/aves-probe/02_set/sets/medium/audio/sr16000_fl1/raw/Lily - Fit+Fast/2023_R3_Marysville/53/Lily - Fit+Fast/2023_R3_Marysville/53/230808_1208
  warnings.warn(f'extractor {self.name}: {ident} superseded by new annotations; '
128.2s - extractor main: [2] Lily - Fit+Fast/2023_R3_Marysville/53/230808_1208 — starting (both)
128.2s - extractor main: Lily - Fit+Fast/2023_R3_Marysville/53/230808_1208 snip [1/24] snip_100290.000_100650.000.flac
128.7s - extractor main: Lily - Fit+Fast/2023_R3_Marysville/53/230808_1208 snip [2/24] snip_103890.000_104250.000.flac
129.2s - extractor main: Lily - Fit+Fast/2023_R3_Marysville/53/230808_1208 snip [3/24] snip_107490.000_107850.000.flac
129.7s - extractor main: Lily - Fit+Fast/2023_R3_Marysville/53/230808_1208 snip [4/24] snip_111090.000_111450.000.flac
130.2s - extractor main: Lily - Fit+Fast/2023_R3_Marysville/53/230808_1208 snip [5/24] snip_114690.000_115050.000.flac
130.7s - extractor main: Lily - Fit+Fast/2023_R3_Marysville/53/230808_1208 snip [6/24] snip_118290.000_118650.000.flac
131.2s - extractor main: Lily - Fit+Fast/2023_R3_Marysville/53/230808_1208 snip [7/24] snip_121890.000_122250.000.flac
131.7s - extractor main: Lily - Fit+Fast/2023_R3_Marysville/53/230808_1208 snip [8/24] snip_125490.000_125850.000.flac
132.2s - extractor main: Lily - Fit+Fast/2023_R3_Marysville/53/230808_1208 snip [9/24] snip_42690.000_43050.000.flac
132.7s - extractor main: Lily - Fit+Fast/2023_R3_Marysville/53/230808_1208 snip [10/24] snip_46290.000_46650.000.flac
133.2s - extractor main: Lily - Fit+Fast/2023_R3_Marysville/53/230808_1208 snip [11/24] snip_49890.000_50250.000.flac
133.7s - extractor main: Lily - Fit+Fast/2023_R3_Marysville/53/230808_1208 snip [12/24] snip_53490.000_53850.000.flac
134.1s - extractor main: Lily - Fit+Fast/2023_R3_Marysville/53/230808_1208 snip [13/24] snip_57090.000_57450.000.flac
134.6s - extractor main: Lily - Fit+Fast/2023_R3_Marysville/53/230808_1208 snip [14/24] snip_60690.000_61050.000.flac
135.1s - extractor main: Lily - Fit+Fast/2023_R3_Marysville/53/230808_1208 snip [15/24] snip_64290.000_64650.000.flac
135.6s - extractor main: Lily - Fit+Fast/2023_R3_Marysville/53/230808_1208 snip [16/24] snip_67890.000_68250.000.flac
136.1s - extractor main: Lily - Fit+Fast/2023_R3_Marysville/53/230808_1208 snip [17/24] snip_71490.000_71850.000.flac
136.6s - extractor main: Lily - Fit+Fast/2023_R3_Marysville/53/230808_1208 snip [18/24] snip_75090.000_75450.000.flac
137.1s - extractor main: Lily - Fit+Fast/2023_R3_Marysville/53/230808_1208 snip [19/24] snip_78690.000_79050.000.flac
137.6s - extractor main: Lily - Fit+Fast/2023_R3_Marysville/53/230808_1208 snip [20/24] snip_82290.000_82650.000.flac
138.1s - extractor main: rescued 'ins_buzz_medium' at 82349.022s (0.202s) as ambient_background+ins_buzz_medium
138.1s - extractor main: rescued 'ins_buzz_high' at 82428.144s (0.126s) as ambient_background+ins_buzz_high
138.1s - extractor main: rescued 'ins_buzz_medium' at 82581.165s (0.226s) as ambient_background+ins_buzz_medium
138.1s - extractor main: Lily - Fit+Fast/2023_R3_Marysville/53/230808_1208 snip [21/24] snip_85890.000_86250.000.flac
138.6s - extractor main: Lily - Fit+Fast/2023_R3_Marysville/53/230808_1208 snip [22/24] snip_89490.000_89850.000.flac
139.1s - extractor main: Lily - Fit+Fast/2023_R3_Marysville/53/230808_1208 snip [23/24] snip_93090.000_93450.000.flac
139.6s - extractor main: Lily - Fit+Fast/2023_R3_Marysville/53/230808_1208 snip [24/24] snip_96690.000_97050.000.flac
[W909 01:27:21.749837351 NNPACK.cpp:56] Could not initialize NNPACK! Reason: Unsupported hardware.
[W909 01:27:21.751949852 NNPACK.cpp:56] Could not initialize NNPACK! Reason: Unsupported hardware.
[W909 01:27:21.753835070 NNPACK.cpp:56] Could not initialize NNPACK! Reason: Unsupported hardware.
[W909 01:27:21.755697065 NNPACK.cpp:56] Could not initialize NNPACK! Reason: Unsupported hardware.
[W909 01:27:21.757795793 NNPACK.cpp:56] Could not initialize NNPACK! Reason: Unsupported hardware.
[W909 01:27:21.760036967 NNPACK.cpp:56] Could not initialize NNPACK! Reason: Unsupported hardware.
[W909 01:27:21.762249595 NNPACK.cpp:56] Could not initialize NNPACK! Reason: Unsupported hardware.
[W909 01:27:21.806573954 NNPACK.cpp:56] Could not initialize NNPACK! Reason: Unsupported hardware.
[W909 01:27:22.656644087 NNPACK.cpp:56] Could not initialize NNPACK! Reason: Unsupported hardware.
[W909 01:27:22.658551278 NNPACK.cpp:56] Could not initialize NNPACK! Reason: Unsupported hardware.
[W909 01:27:22.660293303 NNPACK.cpp:56] Could not initialize NNPACK! Reason: Unsupported hardware.
[W909 01:27:22.661945535 NNPACK.cpp:56] Could not initialize NNPACK! Reason: Unsupported hardware.
[W909 01:27:22.663866586 NNPACK.cpp:56] Could not initialize NNPACK! Reason: Unsupported hardware.
[W909 01:27:22.665901675 NNPACK.cpp:56] Could not initialize NNPACK! Reason: Unsupported hardware.
[W909 01:27:22.668022742 NNPACK.cpp:56] Could not initialize NNPACK! Reason: Unsupported hardware.
[W909 01:27:22.709607770 NNPACK.cpp:56] Could not initialize NNPACK! Reason: Unsupported hardware.
[W909 01:27:23.546184988 NNPACK.cpp:56] Could not initialize NNPACK! Reason: Unsupported hardware.
[W909 01:27:23.548190511 NNPACK.cpp:56] Could not initialize NNPACK! Reason: Unsupported hardware.
[W909 01:27:23.549845895 NNPACK.cpp:56] Could not initialize NNPACK! Reason: Unsupported hardware.
[W909 01:27:23.551508428 NNPACK.cpp:56] Could not initialize NNPACK! Reason: Unsupported hardware.
[W909 01:27:23.553429839 NNPACK.cpp:56] Could not initialize NNPACK! Reason: Unsupported hardware.
[W909 01:27:23.555352161 NNPACK.cpp:56] Could not initialize NNPACK! Reason: Unsupported hardware.
[W909 01:27:23.557285560 NNPACK.cpp:56] Could not initialize NNPACK! Reason: Unsupported hardware.
[W909 01:27:23.600834140 NNPACK.cpp:56] Could not initialize NNPACK! Reason: Unsupported hardware.
[W909 01:27:24.450082334 NNPACK.cpp:56] Could not initialize NNPACK! Reason: Unsupported hardware.
[W909 01:27:24.452064512 NNPACK.cpp:56] Could not initialize NNPACK! Reason: Unsupported hardware.
[W909 01:27:24.454054891 NNPACK.cpp:56] Could not initialize NNPACK! Reason: Unsupported hardware.
[W909 01:27:24.455894082 NNPACK.cpp:56] Could not initialize NNPACK! Reason: Unsupported hardware.
[W909 01:27:24.457923651 NNPACK.cpp:56] Could not initialize NNPACK! Reason: Unsupported hardware.
[W909 01:27:24.459936376 NNPACK.cpp:56] Could not initialize NNPACK! Reason: Unsupported hardware.
[W909 01:27:24.461973679 NNPACK.cpp:56] Could not initialize NNPACK! Reason: Unsupported hardware.
[W909 01:27:24.504050997 NNPACK.cpp:56] Could not initialize NNPACK! Reason: Unsupported hardware.
[W909 01:27:25.349350280 NNPACK.cpp:56] Could not initialize NNPACK! Reason: Unsupported hardware.
[W909 01:27:25.350839608 NNPACK.cpp:56] Could not initialize NNPACK! Reason: Unsupported hardware.
[W909 01:27:25.352128551 NNPACK.cpp:56] Could not initialize NNPACK! Reason: Unsupported hardware.
[W909 01:27:25.353384177 NNPACK.cpp:56] Could not initialize NNPACK! Reason: Unsupported hardware.
[W909 01:27:25.354812995 NNPACK.cpp:56] Could not initialize NNPACK! Reason: Unsupported hardware.
[W909 01:27:25.356398545 NNPACK.cpp:56] Could not initialize NNPACK! Reason: Unsupported hardware.
[W909 01:27:25.357886981 NNPACK.cpp:56] Could not initialize NNPACK! Reason: Unsupported hardware.
[W909 01:27:25.359763844 NNPACK.cpp:56] Could not initialize NNPACK! Reason: Unsupported hardware.
[W909 01:27:26.976993111 NNPACK.cpp:56] Could not initialize NNPACK! Reason: Unsupported hardware.
[W909 01:27:26.978947707 NNPACK.cpp:56] Could not initialize NNPACK! Reason: Unsupported hardware.
[W909 01:27:26.980655867 NNPACK.cpp:56] Could not initialize NNPACK! Reason: Unsupported hardware.
[W909 01:27:26.982319313 NNPACK.cpp:56] Could not initialize NNPACK! Reason: Unsupported hardware.
[W909 01:27:26.984237291 NNPACK.cpp:56] Could not initialize NNPACK! Reason: Unsupported hardware.
[W909 01:27:26.986181442 NNPACK.cpp:56] Could not initialize NNPACK! Reason: Unsupported hardware.
[W909 01:27:26.988096824 NNPACK.cpp:56] Could not initialize NNPACK! Reason: Unsupported hardware.
[W909 01:27:26.030173155 NNPACK.cpp:56] Could not initialize NNPACK! Reason: Unsupported hardware.
[W909 01:27:26.886134515 NNPACK.cpp:56] Could not initialize NNPACK! Reason: Unsupported hardware.
[W909 01:27:26.888115337 NNPACK.cpp:56] Could not initialize NNPACK! Reason: Unsupported hardware.
[W909 01:27:26.893069916 NNPACK.cpp:56] Could not initialize NNPACK! Reason: Unsupported hardware.
[W909 01:27:26.894782839 NNPACK.cpp:56] Could not initialize NNPACK! Reason: Unsupported hardware.
[W909 01:27:26.896765406 NNPACK.cpp:56] Could not initialize NNPACK! Reason: Unsupported hardware.
[W909 01:27:26.898761004 NNPACK.cpp:56] Could not initialize NNPACK! Reason: Unsupported hardware.
[W909 01:27:26.900674598 NNPACK.cpp:56] Could not initialize NNPACK! Reason: Unsupported hardware.
[W909 01:27:26.939662440 NNPACK.cpp:56] Could not initialize NNPACK! Reason: Unsupported hardware.
[W909 01:27:27.790197398 NNPACK.cpp:56] Could not initialize NNPACK! Reason: Unsupported hardware.
[W909 01:27:27.792104424 NNPACK.cpp:56] Could not initialize NNPACK! Reason: Unsupported hardware.
[W909 01:27:27.793766597 NNPACK.cpp:56] Could not initialize NNPACK! Reason: Unsupported hardware.
[W909 01:27:27.795448283 NNPACK.cpp:56] Could not initialize NNPACK! Reason: Unsupported hardware.
[W909 01:27:27.797545113 NNPACK.cpp:56] Could not initialize NNPACK! Reason: Unsupported hardware.
[W909 01:27:27.799509727 NNPACK.cpp:56] Could not initialize NNPACK! Reason: Unsupported hardware.
[W909 01:27:27.801469701 NNPACK.cpp:56] Could not initialize NNPACK! Reason: Unsupported hardware.
[W909 01:27:27.843971483 NNPACK.cpp:56] Could not initialize NNPACK! Reason: Unsupported hardware.
[W909 01:27:28.690135210 NNPACK.cpp:56] Could not initialize NNPACK! Reason: Unsupported hardware.
[W909 01:27:28.692047861 NNPACK.cpp:56] Could not initialize NNPACK! Reason: Unsupported hardware.
[W909 01:27:28.693720476 NNPACK.cpp:56] Could not initialize NNPACK! Reason: Unsupported hardware.
[W909 01:27:28.695391837 NNPACK.cpp:56] Could not initialize NNPACK! Reason: Unsupported hardware.
[W909 01:27:28.697407007 NNPACK.cpp:56] Could not initialize NNPACK! Reason: Unsupported hardware.
[W909 01:27:28.699341820 NNPACK.cpp:56] Could not initialize NNPACK! Reason: Unsupported hardware.
[W909 01:27:28.701288929 NNPACK.cpp:56] Could not initialize NNPACK! Reason: Unsupported hardware.
[W909 01:27:28.743869067 NNPACK.cpp:56] Could not initialize NNPACK! Reason: Unsupported hardware.
[W909 01:27:29.584728598 NNPACK.cpp:56] Could not initialize NNPACK! Reason: Unsupported hardware.
[W909 01:27:29.586151031 NNPACK.cpp:56] Could not initialize NNPACK! Reason: Unsupported hardware.
[W909 01:27:29.587330694 NNPACK.cpp:56] Could not initialize NNPACK! Reason: Unsupported hardware.
[W909 01:27:29.588503694 NNPACK.cpp:56] Could not initialize NNPACK! Reason: Unsupported hardware.
[W909 01:27:29.589859395 NNPACK.cpp:56] Could not initialize NNPACK! Reason: Unsupported hardware.
[W909 01:27:29.591213798 NNPACK.cpp:56] Could not initialize NNPACK! Reason: Unsupported hardware.
[W909 01:27:29.592563677 NNPACK.cpp:56] Could not initialize NNPACK! Reason: Unsupported hardware.
[W909 01:27:29.594250177 NNPACK.cpp:56] Could not initialize NNPACK! Reason: Unsupported hardware.
[W909 01:27:30.205225468 NNPACK.cpp:56] Could not initialize NNPACK! Reason: Unsupported hardware.
[W909 01:27:30.207145560 NNPACK.cpp:56] Could not initialize NNPACK! Reason: Unsupported hardware.
[W909 01:27:30.208811518 NNPACK.cpp:56] Could not initialize NNPACK! Reason: Unsupported hardware.
[W909 01:27:30.210474921 NNPACK.cpp:56] Could not initialize NNPACK! Reason: Unsupported hardware.
[W909 01:27:30.212441148 NNPACK.cpp:56] Could not initialize NNPACK! Reason: Unsupported hardware.
[W909 01:27:30.214400535 NNPACK.cpp:56] Could not initialize NNPACK! Reason: Unsupported hardware.
[W909 01:27:30.216326755 NNPACK.cpp:56] Could not initialize NNPACK! Reason: Unsupported hardware.
[W909 01:27:30.256689603 NNPACK.cpp:56] Could not initialize NNPACK! Reason: Unsupported hardware.
[W909 01:27:31.109301395 NNPACK.cpp:56] Could not initialize NNPACK! Reason: Unsupported hardware.
[W909 01:27:31.111205614 NNPACK.cpp:56] Could not initialize NNPACK! Reason: Unsupported hardware.
[W909 01:27:31.112859884 NNPACK.cpp:56] Could not initialize NNPACK! Reason: Unsupported hardware.
[W909 01:27:31.114568208 NNPACK.cpp:56] Could not initialize NNPACK! Reason: Unsupported hardware.
[W909 01:27:31.116481235 NNPACK.cpp:56] Could not initialize NNPACK! Reason: Unsupported hardware.
[W909 01:27:31.118385372 NNPACK.cpp:56] Could not initialize NNPACK! Reason: Unsupported hardware.
[W909 01:27:31.120295615 NNPACK.cpp:56] Could not initialize NNPACK! Reason: Unsupported hardware.
[W909 01:27:31.160763763 NNPACK.cpp:56] Could not initialize NNPACK! Reason: Unsupported hardware.
[W909 01:27:32.009576485 NNPACK.cpp:56] Could not initialize NNPACK! Reason: Unsupported hardware.
[W909 01:27:32.011519691 NNPACK.cpp:56] Could not initialize NNPACK! Reason: Unsupported hardware.
[W909 01:27:32.016715331 NNPACK.cpp:56] Could not initialize NNPACK! Reason: Unsupported hardware.
[W909 01:27:32.018382194 NNPACK.cpp:56] Could not initialize NNPACK! Reason: Unsupported hardware.
[W909 01:27:32.020585375 NNPACK.cpp:56] Could not initialize NNPACK! Reason: Unsupported hardware.
[W909 01:27:32.022660407 NNPACK.cpp:56] Could not initialize NNPACK! Reason: Unsupported hardware.
[W909 01:27:32.024706190 NNPACK.cpp:56] Could not initialize NNPACK! Reason: Unsupported hardware.
[W909 01:27:32.061004638 NNPACK.cpp:56] Could not initialize NNPACK! Reason: Unsupported hardware.
[W909 01:27:32.902374035 NNPACK.cpp:56] Could not initialize NNPACK! Reason: Unsupported hardware.
[W909 01:27:32.904344057 NNPACK.cpp:56] Could not initialize NNPACK! Reason: Unsupported hardware.
[W909 01:27:32.906037498 NNPACK.cpp:56] Could not initialize NNPACK! Reason: Unsupported hardware.
[W909 01:27:32.907692029 NNPACK.cpp:56] Could not initialize NNPACK! Reason: Unsupported hardware.
[W909 01:27:32.909633758 NNPACK.cpp:56] Could not initialize NNPACK! Reason: Unsupported hardware.
[W909 01:27:32.911578487 NNPACK.cpp:56] Could not initialize NNPACK! Reason: Unsupported hardware.
[W909 01:27:32.913512696 NNPACK.cpp:56] Could not initialize NNPACK! Reason: Unsupported hardware.
[W909 01:27:33.953881142 NNPACK.cpp:56] Could not initialize NNPACK! Reason: Unsupported hardware.
[W909 01:27:33.796101989 NNPACK.cpp:56] Could not initialize NNPACK! Reason: Unsupported hardware.
[W909 01:27:33.797551413 NNPACK.cpp:56] Could not initialize NNPACK! Reason: Unsupported hardware.
[W909 01:27:33.798726874 NNPACK.cpp:56] Could not initialize NNPACK! Reason: Unsupported hardware.
[W909 01:27:33.799940321 NNPACK.cpp:56] Could not initialize NNPACK! Reason: Unsupported hardware.
[W909 01:27:33.801289323 NNPACK.cpp:56] Could not initialize NNPACK! Reason: Unsupported hardware.
[W909 01:27:33.802642776 NNPACK.cpp:56] Could not initialize NNPACK! Reason: Unsupported hardware.
[W909 01:27:33.803977774 NNPACK.cpp:56] Could not initialize NNPACK! Reason: Unsupported hardware.
[W909 01:27:33.805634961 NNPACK.cpp:56] Could not initialize NNPACK! Reason: Unsupported hardware.
[W909 01:27:34.417480826 NNPACK.cpp:56] Could not initialize NNPACK! Reason: Unsupported hardware.
[W909 01:27:34.419418871 NNPACK.cpp:56] Could not initialize NNPACK! Reason: Unsupported hardware.
[W909 01:27:34.421084731 NNPACK.cpp:56] Could not initialize NNPACK! Reason: Unsupported hardware.
[W909 01:27:34.422736953 NNPACK.cpp:56] Could not initialize NNPACK! Reason: Unsupported hardware.
[W909 01:27:34.424664449 NNPACK.cpp:56] Could not initialize NNPACK! Reason: Unsupported hardware.
[W909 01:27:34.426586681 NNPACK.cpp:56] Could not initialize NNPACK! Reason: Unsupported hardware.
[W909 01:27:34.428633307 NNPACK.cpp:56] Could not initialize NNPACK! Reason: Unsupported hardware.
[W909 01:27:34.470682690 NNPACK.cpp:56] Could not initialize NNPACK! Reason: Unsupported hardware.
[W909 01:27:35.321574278 NNPACK.cpp:56] Could not initialize NNPACK! Reason: Unsupported hardware.
[W909 01:27:35.323656628 NNPACK.cpp:56] Could not initialize NNPACK! Reason: Unsupported hardware.
[W909 01:27:35.325411096 NNPACK.cpp:56] Could not initialize NNPACK! Reason: Unsupported hardware.
[W909 01:27:35.327124425 NNPACK.cpp:56] Could not initialize NNPACK! Reason: Unsupported hardware.
[W909 01:27:35.329052587 NNPACK.cpp:56] Could not initialize NNPACK! Reason: Unsupported hardware.
[W909 01:27:35.331126282 NNPACK.cpp:56] Could not initialize NNPACK! Reason: Unsupported hardware.
[W909 01:27:35.333132082 NNPACK.cpp:56] Could not initialize NNPACK! Reason: Unsupported hardware.
[W909 01:27:35.373613485 NNPACK.cpp:56] Could not initialize NNPACK! Reason: Unsupported hardware.
[W909 01:27:36.212934080 NNPACK.cpp:56] Could not initialize NNPACK! Reason: Unsupported hardware.
[W909 01:27:36.214926855 NNPACK.cpp:56] Could not initialize NNPACK! Reason: Unsupported hardware.
[W909 01:27:36.216612309 NNPACK.cpp:56] Could not initialize NNPACK! Reason: Unsupported hardware.
[W909 01:27:36.218312073 NNPACK.cpp:56] Could not initialize NNPACK! Reason: Unsupported hardware.
[W909 01:27:36.220293408 NNPACK.cpp:56] Could not initialize NNPACK! Reason: Unsupported hardware.
[W909 01:27:36.223047696 NNPACK.cpp:56] Could not initialize NNPACK! Reason: Unsupported hardware.
[W909 01:27:36.225591107 NNPACK.cpp:56] Could not initialize NNPACK! Reason: Unsupported hardware.
[W909 01:27:36.266054100 NNPACK.cpp:56] Could not initialize NNPACK! Reason: Unsupported hardware.
[W909 01:27:37.111644837 NNPACK.cpp:56] Could not initialize NNPACK! Reason: Unsupported hardware.
[W909 01:27:37.113573947 NNPACK.cpp:56] Could not initialize NNPACK! Reason: Unsupported hardware.
[W909 01:27:37.118779311 NNPACK.cpp:56] Could not initialize NNPACK! Reason: Unsupported hardware.
[W909 01:27:37.120527006 NNPACK.cpp:56] Could not initialize NNPACK! Reason: Unsupported hardware.
[W909 01:27:37.123562063 NNPACK.cpp:56] Could not initialize NNPACK! Reason: Unsupported hardware.
[W909 01:27:37.125994139 NNPACK.cpp:56] Could not initialize NNPACK! Reason: Unsupported hardware.
[W909 01:27:37.128029941 NNPACK.cpp:56] Could not initialize NNPACK! Reason: Unsupported hardware.
[W909 01:27:37.165041603 NNPACK.cpp:56] Could not initialize NNPACK! Reason: Unsupported hardware.
[W909 01:27:38.011304398 NNPACK.cpp:56] Could not initialize NNPACK! Reason: Unsupported hardware.
[W909 01:27:38.013427456 NNPACK.cpp:56] Could not initialize NNPACK! Reason: Unsupported hardware.
[W909 01:27:38.015084227 NNPACK.cpp:56] Could not initialize NNPACK! Reason: Unsupported hardware.
[W909 01:27:38.016463476 NNPACK.cpp:56] Could not initialize NNPACK! Reason: Unsupported hardware.
[W909 01:27:38.017959206 NNPACK.cpp:56] Could not initialize NNPACK! Reason: Unsupported hardware.
[W909 01:27:38.019386998 NNPACK.cpp:56] Could not initialize NNPACK! Reason: Unsupported hardware.
[W909 01:27:38.020792109 NNPACK.cpp:56] Could not initialize NNPACK! Reason: Unsupported hardware.
[W909 01:27:38.022513593 NNPACK.cpp:56] Could not initialize NNPACK! Reason: Unsupported hardware.
[W909 01:27:38.635117423 NNPACK.cpp:56] Could not initialize NNPACK! Reason: Unsupported hardware.
[W909 01:27:38.637074961 NNPACK.cpp:56] Could not initialize NNPACK! Reason: Unsupported hardware.
[W909 01:27:38.638758840 NNPACK.cpp:56] Could not initialize NNPACK! Reason: Unsupported hardware.
[W909 01:27:38.640480747 NNPACK.cpp:56] Could not initialize NNPACK! Reason: Unsupported hardware.
[W909 01:27:38.642421010 NNPACK.cpp:56] Could not initialize NNPACK! Reason: Unsupported hardware.
[W909 01:27:38.644464082 NNPACK.cpp:56] Could not initialize NNPACK! Reason: Unsupported hardware.
[W909 01:27:38.646431854 NNPACK.cpp:56] Could not initialize NNPACK! Reason: Unsupported hardware.
[W909 01:27:38.686550367 NNPACK.cpp:56] Could not initialize NNPACK! Reason: Unsupported hardware.
[W909 01:27:39.536821109 NNPACK.cpp:56] Could not initialize NNPACK! Reason: Unsupported hardware.
[W909 01:27:39.538751509 NNPACK.cpp:56] Could not initialize NNPACK! Reason: Unsupported hardware.
[W909 01:27:39.540413654 NNPACK.cpp:56] Could not initialize NNPACK! Reason: Unsupported hardware.
[W909 01:27:39.542071224 NNPACK.cpp:56] Could not initialize NNPACK! Reason: Unsupported hardware.
[W909 01:27:39.543993171 NNPACK.cpp:56] Could not initialize NNPACK! Reason: Unsupported hardware.
[W909 01:27:39.545969768 NNPACK.cpp:56] Could not initialize NNPACK! Reason: Unsupported hardware.
[W909 01:27:39.548039419 NNPACK.cpp:56] Could not initialize NNPACK! Reason: Unsupported hardware.
[W909 01:27:39.590109873 NNPACK.cpp:56] Could not initialize NNPACK! Reason: Unsupported hardware.
[W909 01:27:40.434999779 NNPACK.cpp:56] Could not initialize NNPACK! Reason: Unsupported hardware.
[W909 01:27:40.436919608 NNPACK.cpp:56] Could not initialize NNPACK! Reason: Unsupported hardware.
[W909 01:27:40.438611185 NNPACK.cpp:56] Could not initialize NNPACK! Reason: Unsupported hardware.
[W909 01:27:40.440277281 NNPACK.cpp:56] Could not initialize NNPACK! Reason: Unsupported hardware.
[W909 01:27:40.442218148 NNPACK.cpp:56] Could not initialize NNPACK! Reason: Unsupported hardware.
[W909 01:27:40.444129717 NNPACK.cpp:56] Could not initialize NNPACK! Reason: Unsupported hardware.
[W909 01:27:40.446102061 NNPACK.cpp:56] Could not initialize NNPACK! Reason: Unsupported hardware.
[W909 01:27:40.488144663 NNPACK.cpp:56] Could not initialize NNPACK! Reason: Unsupported hardware.
[W909 01:27:41.337193629 NNPACK.cpp:56] Could not initialize NNPACK! Reason: Unsupported hardware.
[W909 01:27:41.339127177 NNPACK.cpp:56] Could not initialize NNPACK! Reason: Unsupported hardware.
[W909 01:27:41.340803431 NNPACK.cpp:56] Could not initialize NNPACK! Reason: Unsupported hardware.
[W909 01:27:41.342502416 NNPACK.cpp:56] Could not initialize NNPACK! Reason: Unsupported hardware.
[W909 01:27:41.344430689 NNPACK.cpp:56] Could not initialize NNPACK! Reason: Unsupported hardware.
[W909 01:27:41.346386711 NNPACK.cpp:56] Could not initialize NNPACK! Reason: Unsupported hardware.
[W909 01:27:41.348397763 NNPACK.cpp:56] Could not initialize NNPACK! Reason: Unsupported hardware.
[W909 01:27:41.390519927 NNPACK.cpp:56] Could not initialize NNPACK! Reason: Unsupported hardware.
[W909 01:27:42.243849499 NNPACK.cpp:56] Could not initialize NNPACK! Reason: Unsupported hardware.
[W909 01:27:42.245332671 NNPACK.cpp:56] Could not initialize NNPACK! Reason: Unsupported hardware.
[W909 01:27:42.250468438 NNPACK.cpp:56] Could not initialize NNPACK! Reason: Unsupported hardware.
[W909 01:27:42.251685847 NNPACK.cpp:56] Could not initialize NNPACK! Reason: Unsupported hardware.
[W909 01:27:42.253075150 NNPACK.cpp:56] Could not initialize NNPACK! Reason: Unsupported hardware.
[W909 01:27:42.254456892 NNPACK.cpp:56] Could not initialize NNPACK! Reason: Unsupported hardware.
[W909 01:27:42.255800328 NNPACK.cpp:56] Could not initialize NNPACK! Reason: Unsupported hardware.
[W909 01:27:42.257489490 NNPACK.cpp:56] Could not initialize NNPACK! Reason: Unsupported hardware.
[W909 01:27:42.865562515 NNPACK.cpp:56] Could not initialize NNPACK! Reason: Unsupported hardware.
[W909 01:27:42.867478867 NNPACK.cpp:56] Could not initialize NNPACK! Reason: Unsupported hardware.
[W909 01:27:42.869140438 NNPACK.cpp:56] Could not initialize NNPACK! Reason: Unsupported hardware.
[W909 01:27:42.870790636 NNPACK.cpp:56] Could not initialize NNPACK! Reason: Unsupported hardware.
[W909 01:27:42.872703794 NNPACK.cpp:56] Could not initialize NNPACK! Reason: Unsupported hardware.
[W909 01:27:42.874622321 NNPACK.cpp:56] Could not initialize NNPACK! Reason: Unsupported hardware.
[W909 01:27:42.876539435 NNPACK.cpp:56] Could not initialize NNPACK! Reason: Unsupported hardware.
[W909 01:27:42.917071469 NNPACK.cpp:56] Could not initialize NNPACK! Reason: Unsupported hardware.
[W909 01:27:43.773345079 NNPACK.cpp:56] Could not initialize NNPACK! Reason: Unsupported hardware.
[W909 01:27:43.775245643 NNPACK.cpp:56] Could not initialize NNPACK! Reason: Unsupported hardware.
[W909 01:27:43.776903673 NNPACK.cpp:56] Could not initialize NNPACK! Reason: Unsupported hardware.
[W909 01:27:43.778556470 NNPACK.cpp:56] Could not initialize NNPACK! Reason: Unsupported hardware.
[W909 01:27:43.780699589 NNPACK.cpp:56] Could not initialize NNPACK! Reason: Unsupported hardware.
[W909 01:27:43.782705811 NNPACK.cpp:56] Could not initialize NNPACK! Reason: Unsupported hardware.
[W909 01:27:43.784707417 NNPACK.cpp:56] Could not initialize NNPACK! Reason: Unsupported hardware.
[W909 01:27:43.824725587 NNPACK.cpp:56] Could not initialize NNPACK! Reason: Unsupported hardware.
[W909 01:27:44.668815946 NNPACK.cpp:56] Could not initialize NNPACK! Reason: Unsupported hardware.
[W909 01:27:44.670771787 NNPACK.cpp:56] Could not initialize NNPACK! Reason: Unsupported hardware.
[W909 01:27:44.672433674 NNPACK.cpp:56] Could not initialize NNPACK! Reason: Unsupported hardware.
[W909 01:27:44.674097831 NNPACK.cpp:56] Could not initialize NNPACK! Reason: Unsupported hardware.
[W909 01:27:44.676159189 NNPACK.cpp:56] Could not initialize NNPACK! Reason: Unsupported hardware.
[W909 01:27:44.678125563 NNPACK.cpp:56] Could not initialize NNPACK! Reason: Unsupported hardware.
[W909 01:27:44.680114724 NNPACK.cpp:56] Could not initialize NNPACK! Reason: Unsupported hardware.
[W909 01:27:44.721523863 NNPACK.cpp:56] Could not initialize NNPACK! Reason: Unsupported hardware.
[W909 01:27:45.567825126 NNPACK.cpp:56] Could not initialize NNPACK! Reason: Unsupported hardware.
[W909 01:27:45.569745623 NNPACK.cpp:56] Could not initialize NNPACK! Reason: Unsupported hardware.
[W909 01:27:45.571410713 NNPACK.cpp:56] Could not initialize NNPACK! Reason: Unsupported hardware.
[W909 01:27:45.573089478 NNPACK.cpp:56] Could not initialize NNPACK! Reason: Unsupported hardware.
[W909 01:27:45.575131603 NNPACK.cpp:56] Could not initialize NNPACK! Reason: Unsupported hardware.
[W909 01:27:45.577124701 NNPACK.cpp:56] Could not initialize NNPACK! Reason: Unsupported hardware.
[W909 01:27:45.579065140 NNPACK.cpp:56] Could not initialize NNPACK! Reason: Unsupported hardware.
[W909 01:27:45.619524589 NNPACK.cpp:56] Could not initialize NNPACK! Reason: Unsupported hardware.
[W909 01:27:46.472080279 NNPACK.cpp:56] Could not initialize NNPACK! Reason: Unsupported hardware.
[W909 01:27:46.473490331 NNPACK.cpp:56] Could not initialize NNPACK! Reason: Unsupported hardware.
[W909 01:27:46.474724010 NNPACK.cpp:56] Could not initialize NNPACK! Reason: Unsupported hardware.
[W909 01:27:46.475896148 NNPACK.cpp:56] Could not initialize NNPACK! Reason: Unsupported hardware.
[W909 01:27:46.477254118 NNPACK.cpp:56] Could not initialize NNPACK! Reason: Unsupported hardware.
[W909 01:27:46.478597131 NNPACK.cpp:56] Could not initialize NNPACK! Reason: Unsupported hardware.
[W909 01:27:46.479966179 NNPACK.cpp:56] Could not initialize NNPACK! Reason: Unsupported hardware.
[W909 01:27:46.481674859 NNPACK.cpp:56] Could not initialize NNPACK! Reason: Unsupported hardware.
[W909 01:27:47.091434240 NNPACK.cpp:56] Could not initialize NNPACK! Reason: Unsupported hardware.
[W909 01:27:47.093498208 NNPACK.cpp:56] Could not initialize NNPACK! Reason: Unsupported hardware.
[W909 01:27:47.095209615 NNPACK.cpp:56] Could not initialize NNPACK! Reason: Unsupported hardware.
[W909 01:27:47.097068688 NNPACK.cpp:56] Could not initialize NNPACK! Reason: Unsupported hardware.
[W909 01:27:47.099039594 NNPACK.cpp:56] Could not initialize NNPACK! Reason: Unsupported hardware.
[W909 01:27:47.101012602 NNPACK.cpp:56] Could not initialize NNPACK! Reason: Unsupported hardware.
[W909 01:27:47.103007212 NNPACK.cpp:56] Could not initialize NNPACK! Reason: Unsupported hardware.
[W909 01:27:47.142948929 NNPACK.cpp:56] Could not initialize NNPACK! Reason: Unsupported hardware.
[W909 01:27:48.990146899 NNPACK.cpp:56] Could not initialize NNPACK! Reason: Unsupported hardware.
[W909 01:27:48.992339424 NNPACK.cpp:56] Could not initialize NNPACK! Reason: Unsupported hardware.
[W909 01:27:48.997040883 NNPACK.cpp:56] Could not initialize NNPACK! Reason: Unsupported hardware.
[W909 01:27:48.999024927 NNPACK.cpp:56] Could not initialize NNPACK! Reason: Unsupported hardware.
[W909 01:27:48.001130292 NNPACK.cpp:56] Could not initialize NNPACK! Reason: Unsupported hardware.
[W909 01:27:48.004146043 NNPACK.cpp:56] Could not initialize NNPACK! Reason: Unsupported hardware.
[W909 01:27:48.006665090 NNPACK.cpp:56] Could not initialize NNPACK! Reason: Unsupported hardware.
[W909 01:27:48.043982686 NNPACK.cpp:56] Could not initialize NNPACK! Reason: Unsupported hardware.
[W909 01:27:48.891118935 NNPACK.cpp:56] Could not initialize NNPACK! Reason: Unsupported hardware.
[W909 01:27:48.893093423 NNPACK.cpp:56] Could not initialize NNPACK! Reason: Unsupported hardware.
[W909 01:27:48.894775830 NNPACK.cpp:56] Could not initialize NNPACK! Reason: Unsupported hardware.
[W909 01:27:48.896456588 NNPACK.cpp:56] Could not initialize NNPACK! Reason: Unsupported hardware.
[W909 01:27:48.898421577 NNPACK.cpp:56] Could not initialize NNPACK! Reason: Unsupported hardware.
[W909 01:27:48.900536915 NNPACK.cpp:56] Could not initialize NNPACK! Reason: Unsupported hardware.
[W909 01:27:48.902450795 NNPACK.cpp:56] Could not initialize NNPACK! Reason: Unsupported hardware.
[W909 01:27:48.942653524 NNPACK.cpp:56] Could not initialize NNPACK! Reason: Unsupported hardware.
[W909 01:27:49.789137385 NNPACK.cpp:56] Could not initialize NNPACK! Reason: Unsupported hardware.
[W909 01:27:49.791094776 NNPACK.cpp:56] Could not initialize NNPACK! Reason: Unsupported hardware.
[W909 01:27:49.792782178 NNPACK.cpp:56] Could not initialize NNPACK! Reason: Unsupported hardware.
[W909 01:27:49.794486244 NNPACK.cpp:56] Could not initialize NNPACK! Reason: Unsupported hardware.
[W909 01:27:49.796552454 NNPACK.cpp:56] Could not initialize NNPACK! Reason: Unsupported hardware.
[W909 01:27:49.798605315 NNPACK.cpp:56] Could not initialize NNPACK! Reason: Unsupported hardware.
[W909 01:27:49.800765782 NNPACK.cpp:56] Could not initialize NNPACK! Reason: Unsupported hardware.
[W909 01:27:49.840908382 NNPACK.cpp:56] Could not initialize NNPACK! Reason: Unsupported hardware.
[W909 01:27:50.683291091 NNPACK.cpp:56] Could not initialize NNPACK! Reason: Unsupported hardware.
[W909 01:27:50.684745481 NNPACK.cpp:56] Could not initialize NNPACK! Reason: Unsupported hardware.
[W909 01:27:50.685957834 NNPACK.cpp:56] Could not initialize NNPACK! Reason: Unsupported hardware.
[W909 01:27:50.687140821 NNPACK.cpp:56] Could not initialize NNPACK! Reason: Unsupported hardware.
[W909 01:27:50.688695767 NNPACK.cpp:56] Could not initialize NNPACK! Reason: Unsupported hardware.
[W909 01:27:50.690126114 NNPACK.cpp:56] Could not initialize NNPACK! Reason: Unsupported hardware.
[W909 01:27:50.691544439 NNPACK.cpp:56] Could not initialize NNPACK! Reason: Unsupported hardware.
[W909 01:27:50.693266793 NNPACK.cpp:56] Could not initialize NNPACK! Reason: Unsupported hardware.
[W909 01:27:51.300231416 NNPACK.cpp:56] Could not initialize NNPACK! Reason: Unsupported hardware.
[W909 01:27:51.302205101 NNPACK.cpp:56] Could not initialize NNPACK! Reason: Unsupported hardware.
[W909 01:27:51.303870331 NNPACK.cpp:56] Could not initialize NNPACK! Reason: Unsupported hardware.
[W909 01:27:51.305552807 NNPACK.cpp:56] Could not initialize NNPACK! Reason: Unsupported hardware.
[W909 01:27:51.307478000 NNPACK.cpp:56] Could not initialize NNPACK! Reason: Unsupported hardware.
[W909 01:27:51.309388003 NNPACK.cpp:56] Could not initialize NNPACK! Reason: Unsupported hardware.
[W909 01:27:51.311344005 NNPACK.cpp:56] Could not initialize NNPACK! Reason: Unsupported hardware.
[W909 01:27:51.353351001 NNPACK.cpp:56] Could not initialize NNPACK! Reason: Unsupported hardware.
[W909 01:27:52.198852974 NNPACK.cpp:56] Could not initialize NNPACK! Reason: Unsupported hardware.
[W909 01:27:52.200808370 NNPACK.cpp:56] Could not initialize NNPACK! Reason: Unsupported hardware.
[W909 01:27:52.202461150 NNPACK.cpp:56] Could not initialize NNPACK! Reason: Unsupported hardware.
[W909 01:27:52.204136938 NNPACK.cpp:56] Could not initialize NNPACK! Reason: Unsupported hardware.
[W909 01:27:52.206080799 NNPACK.cpp:56] Could not initialize NNPACK! Reason: Unsupported hardware.
[W909 01:27:52.208734515 NNPACK.cpp:56] Could not initialize NNPACK! Reason: Unsupported hardware.
[W909 01:27:52.210901359 NNPACK.cpp:56] Could not initialize NNPACK! Reason: Unsupported hardware.
[W909 01:27:52.253792695 NNPACK.cpp:56] Could not initialize NNPACK! Reason: Unsupported hardware.
