"ident","start","end","label"
"Luke - Various Opportunistic Recordings/2025-07-07/1_111/250709_1217",16680,16980.48,"auto_honeybeehive"
"Luke - Various Opportunistic Recordings/2025-07-07/1_60/250709_1214",16560,16860.48,"auto_honeybeehive"
"Luke - Various Opportunistic Recordings/2025-07-07/1_60/250709_1214",18960,19260.48,"auto_honeybeehive"
"Luke - Various Opportunistic Recordings/2025-07-07/1_60/250709_1214",20760,21060.48,"auto_honeybeehive"
"Luke - Various Opportunistic Recordings/2025-07-07/1_60/250709_1214",26760,27060.48,"auto_honeybeehive"
"Luke - Various Opportunistic Recordings/2025-04-22/1_76/250425_1927",111211.2,111212.16,"auto_ambient_night"
"Luke - Various Opportunistic Recordings/2025-07-15/1_1/250715_1641",23368.32,23369.28,"auto_ambient_night"
"Luke - Various Opportunistic Recordings/2025-07-07/1_73/250707_1152",40104,40104.96,"auto_ambient_night"
"Luke - Various Opportunistic Recordings/2025-07-07/1_73/250707_1152",40097.28,40098.24,"auto_ambient_night"
"Luke - Various Opportunistic Recordings/2025-04-22/1_44/250424_1827",23106.24,23107.2,"auto_ambient_night"
"Luke - Various Opportunistic Recordings/2025-07-07/1_73/250707_1152",40111.68,40112.64,"auto_ambient_night"
"Luke - Various Opportunistic Recordings/2025-04-22/1_80/250424_1833",20874.24,20875.2,"auto_ambient_night"
"Luke - Various Opportunistic Recordings/2025-04-22/1_51/250424_1831",28465.92,28466.88,"auto_ambient_night"
"Luke - Various Opportunistic Recordings/2025-04-22/50/250424_1835",20099.52,20100.48,"auto_ambient_night"
"Luke - Various Opportunistic Recordings/2025-04-22/1_51/250424_1831",21580.8,21581.76,"auto_ambient_night"
"Luke - Various Opportunistic Recordings/2025-04-22/1_51/250424_1831",28445.76,28446.72,"auto_ambient_night"
"Luke - Various Opportunistic Recordings/2025-07-23/1_72/250724_1741_01",22535.04,22536,"auto_ambient_night"
"Luke - Various Opportunistic Recordings/2025-04-22/1_51/250424_1831",21154.56,21155.52,"auto_ambient_night"
"Luke - Various Opportunistic Recordings/2025-04-22/22/250424_1828",23730.24,23731.2,"auto_ambient_night"
"Luke - Various Opportunistic Recordings/2025-04-22/22/250424_1828",21528.96,21529.92,"auto_ambient_night"
"Luke - Various Opportunistic Recordings/2025-04-22/1_51/250424_1831",23317.44,23318.4,"auto_ambient_night"
"Luke - Various Opportunistic Recordings/2025-04-22/1_80/250424_1833",28488,28488.96,"auto_ambient_night"
"Luke - Various Opportunistic Recordings/2025-07-23/1_32/250723_0815",142930.56,142931.52,"auto_ambient_night"
"Luke - Various Opportunistic Recordings/2025-07-23/5/250724_1743",37922.88,37923.84,"auto_ambient_night"
"Luke - Various Opportunistic Recordings/2025-04-22/1_90/250422_1610",36047.04,36048,"auto_ambient_night"
"Luke - Various Opportunistic Recordings/2025-07-07/1_73/250707_1152",40095.36,40096.32,"auto_ambient_night"
"Luke - Various Opportunistic Recordings/2025-04-22/54/250424_1831_01",21778.56,21779.52,"auto_ambient_night"
"Luke - Various Opportunistic Recordings/2025-07-07/1_73/250707_1152",40106.88,40107.84,"auto_ambient_night"
"Luke - Various Opportunistic Recordings/2025-07-07/1_73/250707_1152",40113.6,40114.56,"auto_ambient_night"
"Luke - Various Opportunistic Recordings/2025-07-23/1_72/250724_1741_01",29847.36,29848.32,"auto_ambient_night"
"Luke - Various Opportunistic Recordings/2025-07-23/1_72/250724_1741_01",23924.16,23925.12,"auto_ambient_night"
"Luke - Various Opportunistic Recordings/2025-09-19/18/250919_1428",120334.08,120335.04,"auto_ambient_night"
"Luke - Various Opportunistic Recordings/2025-04-22/1_51/250424_1831",23058.24,23059.2,"auto_ambient_night"
"Luke - Various Opportunistic Recordings/2025-07-07/1_73/250707_1152",40103.04,40104,"auto_ambient_night"
"Luke - Various Opportunistic Recordings/2025-04-22/1_51/250424_1831",23761.92,23762.88,"auto_ambient_night"
"Luke - Various Opportunistic Recordings/2025-04-22/50/250424_1835",19454.4,19455.36,"auto_ambient_night"
"Luke - Various Opportunistic Recordings/2025-04-22/1_90/250422_1610",35905.92,35906.88,"auto_ambient_night"
"Luke - Various Opportunistic Recordings/2025-04-22/1_51/250424_1831",22649.28,22650.24,"auto_ambient_night"
"Luke - Various Opportunistic Recordings/2025-04-22/1_76/250422_1610",35950.08,35951.04,"auto_ambient_night"
"Luke - Various Opportunistic Recordings/2025-04-22/1_90/250422_1610",35746.56,35747.52,"auto_ambient_night"
"Luke - Various Opportunistic Recordings/2025-04-22/1_90/250422_1610",24792.96,24793.92,"auto_ambient_night"
"Luke - Various Opportunistic Recordings/2025-04-22/1_80/250424_1833",28556.16,28557.12,"auto_ambient_night"
"Luke - Various Opportunistic Recordings/2025-04-22/22/250424_1828",20543.04,20544,"auto_ambient_night"
"Luke - Various Opportunistic Recordings/2025-04-22/1_44/250424_1827",28904.64,28905.6,"auto_ambient_night"
"Luke - Various Opportunistic Recordings/2025-04-22/1_51/250424_1831",20454.72,20455.68,"auto_ambient_night"
"Luke - Various Opportunistic Recordings/2025-04-22/54/250424_1831_01",22286.4,22287.36,"auto_ambient_night"
"Luke - Various Opportunistic Recordings/2025-04-22/1_51/250424_1831",21401.28,21402.24,"auto_ambient_night"
"Luke - Various Opportunistic Recordings/2025-04-22/1_90/250422_1610",36234.24,36235.2,"auto_ambient_night"
"Luke - Various Opportunistic Recordings/2025-07-09/1_20/250711_1147",146561.28,146562.24,"auto_ambient_night"
"Luke - Various Opportunistic Recordings/2025-04-22/1_51/250424_1831",22670.4,22671.36,"auto_ambient_night"
"Luke - Various Opportunistic Recordings/2025-04-22/1_90/250422_1610",36034.56,36035.52,"auto_ambient_night"
"Luke - Various Opportunistic Recordings/2025-07-23/1_32/250723_0815",142462.08,142463.04,"auto_ambient_night"
"Luke - Various Opportunistic Recordings/2025-04-22/1_51/250424_1831",23747.52,23748.48,"auto_ambient_night"
"Luke - Various Opportunistic Recordings/2025-04-22/1_90/250422_1610",35033.28,35034.24,"auto_ambient_night"
"Luke - Various Opportunistic Recordings/2025-07-07/1_73/250707_1152",40112.64,40113.6,"auto_ambient_night"
"Luke - Various Opportunistic Recordings/2025-04-22/1_18/250422_1610",35933.76,35934.72,"auto_ambient_night"
"Luke - Various Opportunistic Recordings/2025-04-22/1_90/250422_1610",34872.96,34873.92,"auto_ambient_night"
"Luke - Various Opportunistic Recordings/2025-04-22/1_80/250424_1833",28546.56,28547.52,"auto_ambient_night"
"Luke - Various Opportunistic Recordings/2025-04-22/22/250424_1828",23394.24,23395.2,"auto_ambient_night"
"Luke - Various Opportunistic Recordings/2025-08-12/6/250812_1147",47373.12,47374.08,"auto_ambient_night"
"Luke - Various Opportunistic Recordings/2025-04-22/1_107/250425_1931",110942.4,110943.36,"auto_ambient_night"
"Luke - Various Opportunistic Recordings/2025-04-23/1_40/250424_1842",17756.16,17757.12,"auto_ambient_night"
"Luke - Various Opportunistic Recordings/2025-04-22/1_51/250424_1831",28492.8,28493.76,"auto_ambient_night"
"Luke - Various Opportunistic Recordings/2025-04-22/1_51/250424_1831",28730.88,28731.84,"auto_ambient_night"
"Luke - Various Opportunistic Recordings/2025-04-22/1_80/250424_1833",20067.84,20068.8,"auto_ambient_night"
"Luke - Various Opportunistic Recordings/2025-04-22/1_90/250422_1610",35584.32,35585.28,"auto_ambient_night"
"Luke - Various Opportunistic Recordings/2025-04-22/1_18/250422_1610",35996.16,35997.12,"auto_ambient_night"
"Luke - Various Opportunistic Recordings/2025-04-22/1_44/250424_1827",28902.72,28903.68,"auto_ambient_night"
"Luke - Various Opportunistic Recordings/2025-04-22/1_51/250424_1831",28727.04,28728,"auto_ambient_night"
"Luke - Various Opportunistic Recordings/2025-04-22/1_90/250422_1610",24650.88,24651.84,"auto_ambient_night"
"Luke - Various Opportunistic Recordings/2025-04-22/1_90/250422_1610",35741.76,35742.72,"auto_ambient_night"
"Luke - Various Opportunistic Recordings/2025-04-22/1_90/250422_1610",36240,36240.96,"auto_ambient_night"
"Luke - Various Opportunistic Recordings/2025-04-22/1_76/250422_1610",35955.84,35956.8,"auto_ambient_night"
"Luke - Various Opportunistic Recordings/2025-04-22/22/250424_1828",22623.36,22624.32,"auto_ambient_night"
"Luke - Various Opportunistic Recordings/2025-04-22/1_90/250422_1610",35652.48,35653.44,"auto_ambient_night"
"Luke - Various Opportunistic Recordings/2025-04-22/1_90/250422_1610",35710.08,35711.04,"auto_ambient_night"
"Luke - Various Opportunistic Recordings/2025-07-15/1_107/250715_1642",110061.12,110062.08,"auto_ambient_night"
"Luke - Various Opportunistic Recordings/2025-04-22/1_107/250422_1610",35938.56,35939.52,"auto_ambient_night"
"Luke - Various Opportunistic Recordings/2025-04-22/1_51/250424_1831",21452.16,21453.12,"auto_ambient_night"
"Luke - Various Opportunistic Recordings/2025-04-22/1_51/250424_1831",22619.52,22620.48,"auto_ambient_night"
"Luke - Various Opportunistic Recordings/2025-04-22/1_51/250424_1831",22839.36,22840.32,"auto_ambient_night"
"Luke - Various Opportunistic Recordings/2025-04-22/1_76/250422_1610",33115.2,33116.16,"auto_ambient_night"
"Luke - Various Opportunistic Recordings/2025-04-22/1_80/250424_1833",28489.92,28490.88,"auto_ambient_night"
"Luke - Various Opportunistic Recordings/2025-04-22/1_90/250422_1610",35988.48,35989.44,"auto_ambient_night"
"Luke - Various Opportunistic Recordings/2025-04-22/22/250424_1828",23135.04,23136,"auto_ambient_night"
"Luke - Various Opportunistic Recordings/2025-04-22/1_90/250422_1610",34592.64,34593.6,"auto_ambient_night"
"Luke - Various Opportunistic Recordings/2025-07-03/1_137/250703_1613",116600.64,116601.6,"auto_ambient_night"
"Luke - Various Opportunistic Recordings/2025-04-22/1_90/250422_1610",34560,34560.96,"auto_ambient_night"
"Luke - Various Opportunistic Recordings/2025-04-22/1_90/250422_1610",36969.6,36970.56,"auto_ambient_night"
"Luke - Various Opportunistic Recordings/2025-04-22/22/250424_1828",22599.36,22600.32,"auto_ambient_night"
"Luke - Various Opportunistic Recordings/2025-04-22/54/250424_1831_01",21883.2,21884.16,"auto_ambient_night"
"Luke - Various Opportunistic Recordings/2025-07-03/1_137/250703_1613",27874.56,27875.52,"auto_ambient_night"
"Luke - Various Opportunistic Recordings/2025-07-07/1_73/250707_1152",40114.56,40115.52,"auto_ambient_night"
"Luke - Various Opportunistic Recordings/2025-04-22/1_18/250422_1610",34588.8,34589.76,"auto_ambient_night"
"Luke - Various Opportunistic Recordings/2025-04-22/54/250424_1831_01",21909.12,21910.08,"auto_ambient_night"
"Luke - Various Opportunistic Recordings/2025-04-23/1_40/250424_1842",16556.16,16557.12,"auto_ambient_night"
"Luke - Various Opportunistic Recordings/2025-04-23/1_40/250424_1842",20751.36,20752.32,"auto_ambient_night"
"Luke - Various Opportunistic Recordings/2025-07-23/1_48/250724_1740",23814.72,23815.68,"auto_ambient_night"
"Luke - Various Opportunistic Recordings/2025-04-22/1_76/250422_1610",35619.84,35620.8,"auto_ambient_night"
"Luke - Various Opportunistic Recordings/2025-04-22/1_90/250422_1610",34565.76,34566.72,"auto_ambient_night"
"Luke - Various Opportunistic Recordings/2025-04-22/1_90/250422_1610",34866.24,34867.2,"auto_ambient_night"
"Luke - Various Opportunistic Recordings/2025-04-22/22/250424_1828",21759.36,21760.32,"auto_ambient_night"
"Luke - Various Opportunistic Recordings/2025-04-23/1_40/250424_1842",21258.24,21259.2,"auto_ambient_night"
"Luke - Various Opportunistic Recordings/2025-04-22/1_18/250422_1610",34581.12,34582.08,"auto_ambient_night"
"Luke - Various Opportunistic Recordings/2025-04-22/1_51/250424_1831",22517.76,22518.72,"auto_ambient_night"
"Luke - Various Opportunistic Recordings/2025-04-22/1_90/250422_1610",36127.68,36128.64,"auto_ambient_night"
"Luke - Various Opportunistic Recordings/2025-04-22/1_90/250422_1610",37074.24,37075.2,"auto_ambient_night"
"Luke - Various Opportunistic Recordings/2025-04-22/50/250424_1835",20945.28,20946.24,"auto_ambient_night"
"Luke - Various Opportunistic Recordings/2025-04-22/50/250424_1835",23458.56,23459.52,"auto_ambient_night"
"Luke - Various Opportunistic Recordings/2025-04-23/1_40/250424_1842",20697.6,20698.56,"auto_ambient_night"
"Luke - Various Opportunistic Recordings/2025-07-23/1_48/250724_1740",23064,23064.96,"auto_ambient_night"
"Luke - Various Opportunistic Recordings/2025-08-12/1_114/250812_1225",53282.88,53283.84,"auto_ambient_night"
"Luke - Various Opportunistic Recordings/2025-04-22/1_107/250422_1610",35950.08,35951.04,"auto_ambient_night"
"Luke - Various Opportunistic Recordings/2025-04-22/1_76/250422_1610",35740.8,35741.76,"auto_ambient_night"
"Luke - Various Opportunistic Recordings/2025-04-22/50/250424_1835",20023.68,20024.64,"auto_ambient_night"
"Luke - Various Opportunistic Recordings/2025-04-22/50/250424_1835",21543.36,21544.32,"auto_ambient_night"
"Luke - Various Opportunistic Recordings/2025-04-22/50/250424_1835",28146.24,28147.2,"auto_ambient_night"
"Luke - Various Opportunistic Recordings/2025-07-07/1_73/250707_1152",128414.4,128415.36,"auto_ambient_night"
"Luke - Various Opportunistic Recordings/2025-04-22/1_76/250422_1610",35922.24,35923.2,"auto_ambient_night"
"Luke - Various Opportunistic Recordings/2025-04-22/22/250424_1828",21257.28,21258.24,"auto_ambient_night"
"Luke - Various Opportunistic Recordings/2025-04-22/50/250424_1835",20062.08,20063.04,"auto_ambient_night"
"Luke - Various Opportunistic Recordings/2025-04-22/54/250424_1831_01",22489.92,22490.88,"auto_ambient_night"
"Luke - Various Opportunistic Recordings/2025-04-22/1_51/250424_1831",22338.24,22339.2,"auto_ambient_night"
"Luke - Various Opportunistic Recordings/2025-04-22/54/250424_1831_01",21107.52,21108.48,"auto_ambient_night"
"Luke - Various Opportunistic Recordings/2025-07-23/1_48/250724_1740",19590.72,19591.68,"auto_ambient_night"
"Luke - Various Opportunistic Recordings/2025-04-22/1_51/250424_1831",21973.44,21974.4,"auto_ambient_night"
"Luke - Various Opportunistic Recordings/2025-04-22/1_90/250422_1610",35957.76,35958.72,"auto_ambient_night"
"Luke - Various Opportunistic Recordings/2025-04-22/22/250424_1828",21358.08,21359.04,"auto_ambient_night"
"Luke - Various Opportunistic Recordings/2025-04-22/50/250424_1835",20486.4,20487.36,"auto_ambient_night"
"Luke - Various Opportunistic Recordings/2025-04-22/1_51/250424_1831",20469.12,20470.08,"auto_ambient_night"
"Luke - Various Opportunistic Recordings/2025-04-22/1_51/250424_1831",22512.96,22513.92,"auto_ambient_night"
"Luke - Various Opportunistic Recordings/2025-04-22/1_51/250424_1831",23055.36,23056.32,"auto_ambient_night"
"Luke - Various Opportunistic Recordings/2025-04-22/1_76/250422_1610",35912.64,35913.6,"auto_ambient_night"
"Luke - Various Opportunistic Recordings/2025-04-22/1_90/250422_1610",32086.08,32087.04,"auto_ambient_night"
"Luke - Various Opportunistic Recordings/2025-04-22/1_90/250422_1610",34902.72,34903.68,"auto_ambient_night"
"Luke - Various Opportunistic Recordings/2025-04-22/1_90/250422_1610",35906.88,35907.84,"auto_ambient_night"
"Luke - Various Opportunistic Recordings/2025-04-22/1_90/250422_1610",35930.88,35931.84,"auto_ambient_night"
"Luke - Various Opportunistic Recordings/2025-04-22/50/250424_1835",21558.72,21559.68,"auto_ambient_night"
"Luke - Various Opportunistic Recordings/2025-04-22/1_18/250422_1610",34579.2,34580.16,"auto_ambient_night"
"Luke - Various Opportunistic Recordings/2025-04-22/1_90/250422_1610",36018.24,36019.2,"auto_ambient_night"
"Luke - Various Opportunistic Recordings/2025-04-22/50/250424_1835",19511.04,19512,"auto_ambient_night"
"Luke - Various Opportunistic Recordings/2025-04-22/1_51/250424_1831",24360.96,24361.92,"auto_ambient_night"
"Luke - Various Opportunistic Recordings/2025-04-22/22/250424_1828",22058.88,22059.84,"auto_ambient_night"
"Luke - Various Opportunistic Recordings/2025-04-22/54/250424_1831_01",20507.52,20508.48,"auto_ambient_night"
"Luke - Various Opportunistic Recordings/2025-04-22/1_51/250424_1831",20658.24,20659.2,"auto_ambient_night"
"Luke - Various Opportunistic Recordings/2025-04-22/1_76/250422_1610",41318.4,41319.36,"auto_ambient_night"
"Luke - Various Opportunistic Recordings/2025-04-22/1_90/250422_1610",35020.8,35021.76,"auto_ambient_night"
"Luke - Various Opportunistic Recordings/2025-04-22/54/250424_1831_01",23697.6,23698.56,"auto_ambient_night"
"Luke - Various Opportunistic Recordings/2025-04-23/1_108/250424_1841",19248.96,19249.92,"auto_ambient_night"
"Luke - Various Opportunistic Recordings/2025-04-23/1_40/250424_1842",27594.24,27595.2,"auto_ambient_night"
"Luke - Various Opportunistic Recordings/2025-04-22/1_107/250422_1610",34545.6,34546.56,"auto_ambient_night"
"Luke - Various Opportunistic Recordings/2025-04-22/1_51/250424_1831",23224.32,23225.28,"auto_ambient_night"
"Luke - Various Opportunistic Recordings/2025-04-22/1_51/250424_1831",28568.64,28569.6,"auto_ambient_night"
"Luke - Various Opportunistic Recordings/2025-04-22/22/250424_1828",28804.8,28805.76,"auto_ambient_night"
"Luke - Various Opportunistic Recordings/2025-04-22/50/250424_1835",20039.04,20040,"auto_ambient_night"
"Luke - Various Opportunistic Recordings/2025-04-22/54/250424_1831_01",23690.88,23691.84,"auto_ambient_night"
"Luke - Various Opportunistic Recordings/2025-07-08/1_137/250708_1325",133413.12,133414.08,"auto_ambient_night"
"Luke - Various Opportunistic Recordings/2025-07-09/1_29/250711_1150",131826.24,131827.2,"auto_ambient_night"
"Luke - Various Opportunistic Recordings/2025-07-09/1_32/250711_1121",133492.8,133493.76,"auto_ambient_night"
"Luke - Various Opportunistic Recordings/2025-07-23/1_32/250723_0815",139848,139848.96,"auto_ambient_night"
"Luke - Various Opportunistic Recordings/2025-08-12/1_10/250812_1219",53519.04,53520,"auto_ambient_night"
"Luke - Various Opportunistic Recordings/2025-08-12/3/250812_1146",55532.16,55533.12,"auto_ambient_night"
"Luke - Various Opportunistic Recordings/2025-04-22/1_51/250424_1831",21801.6,21802.56,"auto_ambient_night"
"Luke - Various Opportunistic Recordings/2025-04-22/1_90/250422_1610",35790.72,35791.68,"auto_ambient_night"
"Luke - Various Opportunistic Recordings/2025-04-22/1_90/250422_1610",35978.88,35979.84,"auto_ambient_night"
"Luke - Various Opportunistic Recordings/2025-04-22/22/250424_1828",21758.4,21759.36,"auto_ambient_night"
"Luke - Various Opportunistic Recordings/2025-04-22/1_107/250422_1610",35623.68,35624.64,"auto_ambient_night"
"Luke - Various Opportunistic Recordings/2025-04-22/1_80/250424_1833",19392.96,19393.92,"auto_ambient_night"
"Luke - Various Opportunistic Recordings/2025-04-22/1_90/250422_1610",36084.48,36085.44,"auto_ambient_night"
"Luke - Various Opportunistic Recordings/2025-04-22/50/250424_1835",20059.2,20060.16,"auto_ambient_night"
"Luke - Various Opportunistic Recordings/2025-04-22/54/250424_1831_01",28823.04,28824,"auto_ambient_night"
"Luke - Various Opportunistic Recordings/2025-04-23/1_108/250424_1841",22118.4,22119.36,"auto_ambient_night"
"Luke - Various Opportunistic Recordings/2025-07-07/24/250707_1037",49770.24,49771.2,"auto_ambient_night"
"Luke - Various Opportunistic Recordings/2025-07-23/1_48/250724_1740",32794.56,32795.52,"auto_ambient_night"
"Luke - Various Opportunistic Recordings/2025-07-23/1_67/250731_1505",38409.6,38410.56,"auto_ambient_night"
"Luke - Various Opportunistic Recordings/2025-07-23/5/250724_1743",21112.32,21113.28,"auto_ambient_night"
"Luke - Various Opportunistic Recordings/2025-04-22/1_51/250424_1831",22788.48,22789.44,"auto_ambient_night"
"Luke - Various Opportunistic Recordings/2025-04-22/1_90/250422_1610",24804.48,24805.44,"auto_ambient_night"
"Luke - Various Opportunistic Recordings/2025-04-22/1_90/250422_1610",32814.72,32815.68,"auto_ambient_night"
"Luke - Various Opportunistic Recordings/2025-04-22/1_90/250422_1610",34975.68,34976.64,"auto_ambient_night"
"Luke - Various Opportunistic Recordings/2025-04-22/1_90/250422_1610",35785.92,35786.88,"auto_ambient_night"
"Luke - Various Opportunistic Recordings/2025-04-22/1_90/250422_1610",36029.76,36030.72,"auto_ambient_night"
"Luke - Various Opportunistic Recordings/2025-04-22/22/250424_1828",21921.6,21922.56,"auto_ambient_night"
"Luke - Various Opportunistic Recordings/2025-04-22/1_18/250424_1822",22627.2,22628.16,"auto_ambient_night"
"Luke - Various Opportunistic Recordings/2025-04-22/1_51/250424_1831",21294.72,21295.68,"auto_ambient_night"
"Luke - Various Opportunistic Recordings/2025-04-22/1_51/250424_1831",22933.44,22934.4,"auto_ambient_night"
"Luke - Various Opportunistic Recordings/2025-04-22/1_90/250422_1610",36121.92,36122.88,"auto_ambient_night"
"Luke - Various Opportunistic Recordings/2025-04-22/1_90/250422_1610",37075.2,37076.16,"auto_ambient_night"
"Luke - Various Opportunistic Recordings/2025-04-22/54/250424_1831_01",23693.76,23694.72,"auto_ambient_night"
"Luke - Various Opportunistic Recordings/2025-07-23/1_32/250723_0815",149059.2,149060.16,"auto_ambient_night"
"Luke - Various Opportunistic Recordings/2025-07-23/1_72/250724_1741_01",27072.96,27073.92,"auto_ambient_night"
"Luke - Various Opportunistic Recordings/2025-07-23/5/250724_1743",25489.92,25490.88,"auto_ambient_night"
"Luke - Various Opportunistic Recordings/2025-08-08/52/250808_1237",57568.32,57569.28,"auto_ambient_night"
"Luke - Various Opportunistic Recordings/2025-08-08/52/250808_1237",57569.28,57570.24,"auto_ambient_night"
"Luke - Various Opportunistic Recordings/2025-04-22/1_51/250424_1831",22151.04,22152,"auto_ambient_night"
"Luke - Various Opportunistic Recordings/2025-04-22/1_76/250422_1610",35913.6,35914.56,"auto_ambient_night"
"Luke - Various Opportunistic Recordings/2025-04-22/1_80/250424_1833",23524.8,23525.76,"auto_ambient_night"
"Luke - Various Opportunistic Recordings/2025-04-22/1_90/250422_1610",35887.68,35888.64,"auto_ambient_night"
"Luke - Various Opportunistic Recordings/2025-04-22/22/250424_1828",22237.44,22238.4,"auto_ambient_night"
"Luke - Various Opportunistic Recordings/2025-04-22/54/250424_1831_01",24291.84,24292.8,"auto_ambient_night"
"Luke - Various Opportunistic Recordings/2025-07-07/1_73/250707_1152",131203.2,131204.16,"auto_ambient_night"
"Luke - Various Opportunistic Recordings/2025-08-12/3/250812_1146",47367.36,47368.32,"auto_ambient_night"
"Luke - Various Opportunistic Recordings/2025-04-22/1_44/250424_1827",22052.16,22053.12,"auto_ambient_night"
"Luke - Various Opportunistic Recordings/2025-04-22/1_44/250424_1827",28905.6,28906.56,"auto_ambient_night"
"Luke - Various Opportunistic Recordings/2025-04-22/1_51/250424_1831",21402.24,21403.2,"auto_ambient_night"
"Luke - Various Opportunistic Recordings/2025-04-22/1_51/250424_1831",21851.52,21852.48,"auto_ambient_night"
"Luke - Various Opportunistic Recordings/2025-04-22/1_51/250424_1831",22733.76,22734.72,"auto_ambient_night"
"Luke - Various Opportunistic Recordings/2025-04-22/22/250424_1828",21846.72,21847.68,"auto_ambient_night"
"Luke - Various Opportunistic Recordings/2025-06-23/1_37/250627_0828",61155.84,61156.8,"auto_ambient_night"
"Luke - Various Opportunistic Recordings/2025-04-22/1_107/250422_1610",37016.64,37017.6,"auto_ambient_night"
"Luke - Various Opportunistic Recordings/2025-04-22/1_44/250424_1827",28913.28,28914.24,"auto_ambient_night"
"Luke - Various Opportunistic Recordings/2025-04-22/1_51/250424_1831",20176.32,20177.28,"auto_ambient_night"
"Luke - Various Opportunistic Recordings/2025-04-22/1_51/250424_1831",22460.16,22461.12,"auto_ambient_night"
"Luke - Various Opportunistic Recordings/2025-04-22/1_51/250424_1831",28725.12,28726.08,"auto_ambient_night"
"Luke - Various Opportunistic Recordings/2025-04-22/1_76/250422_1610",34767.36,34768.32,"auto_ambient_night"
"Luke - Various Opportunistic Recordings/2025-04-22/1_80/250424_1833",27883.2,27884.16,"auto_ambient_night"
"Luke - Various Opportunistic Recordings/2025-04-22/1_90/250422_1610",36060.48,36061.44,"auto_ambient_night"
"Luke - Various Opportunistic Recordings/2025-04-22/22/250424_1828",21879.36,21880.32,"auto_ambient_night"
"Luke - Various Opportunistic Recordings/2025-04-22/22/250424_1828",22236.48,22237.44,"auto_ambient_night"
"Luke - Various Opportunistic Recordings/2025-04-23/1_40/250424_1842",17957.76,17958.72,"auto_ambient_night"
"Luke - Various Opportunistic Recordings/2025-04-23/1_40/250424_1842",20955.84,20956.8,"auto_ambient_night"
"Luke - Various Opportunistic Recordings/2025-04-22/1_107/250422_1610",34543.68,34544.64,"auto_ambient_night"
"Luke - Various Opportunistic Recordings/2025-04-22/1_107/250424_1825",19917.12,19918.08,"auto_ambient_night"
"Luke - Various Opportunistic Recordings/2025-04-22/1_44/250424_1827",23151.36,23152.32,"auto_ambient_night"
"Luke - Various Opportunistic Recordings/2025-04-22/1_51/250424_1831",20384.64,20385.6,"auto_ambient_night"
"Luke - Various Opportunistic Recordings/2025-04-22/1_51/250424_1831",20385.6,20386.56,"auto_ambient_night"
"Luke - Various Opportunistic Recordings/2025-04-22/1_51/250424_1831",22478.4,22479.36,"auto_ambient_night"
"Luke - Various Opportunistic Recordings/2025-04-22/1_51/250424_1831",22702.08,22703.04,"auto_ambient_night"
"Luke - Various Opportunistic Recordings/2025-04-22/1_51/250424_1831",23399.04,23400,"auto_ambient_night"
"Luke - Various Opportunistic Recordings/2025-04-22/1_51/250424_1831",24329.28,24330.24,"auto_ambient_night"
"Luke - Various Opportunistic Recordings/2025-04-22/1_76/250422_1610",34769.28,34770.24,"auto_ambient_night"
"Luke - Various Opportunistic Recordings/2025-04-22/1_80/250424_1833",19499.52,19500.48,"auto_ambient_night"
"Luke - Various Opportunistic Recordings/2025-04-22/22/250424_1828",24442.56,24443.52,"auto_ambient_night"
"Luke - Various Opportunistic Recordings/2025-04-22/54/250424_1831_01",20382.72,20383.68,"auto_ambient_night"
"Luke - Various Opportunistic Recordings/2025-08-21/1_62/250821_1338",121106.88,121107.84,"auto_ambient_night"
"Luke - Various Opportunistic Recordings/2025-04-22/1_51/250424_1831",20343.36,20344.32,"auto_ambient_night"
"Luke - Various Opportunistic Recordings/2025-04-22/1_51/250424_1831",22714.56,22715.52,"auto_ambient_night"
"Luke - Various Opportunistic Recordings/2025-04-22/1_76/250422_1610",34589.76,34590.72,"auto_ambient_night"
"Luke - Various Opportunistic Recordings/2025-04-22/1_80/250424_1833",19723.2,19724.16,"auto_ambient_night"
"Luke - Various Opportunistic Recordings/2025-04-22/1_80/250424_1833",28188.48,28189.44,"auto_ambient_night"
"Luke - Various Opportunistic Recordings/2025-04-22/1_90/250422_1610",24654.72,24655.68,"auto_ambient_night"
"Luke - Various Opportunistic Recordings/2025-04-22/1_90/250422_1610",28978.56,28979.52,"auto_ambient_night"
"Luke - Various Opportunistic Recordings/2025-04-22/1_90/250422_1610",35784.96,35785.92,"auto_ambient_night"
"Luke - Various Opportunistic Recordings/2025-04-22/1_90/250422_1610",35909.76,35910.72,"auto_ambient_night"
"Luke - Various Opportunistic Recordings/2025-04-22/1_90/250422_1610",36122.88,36123.84,"auto_ambient_night"
"Luke - Various Opportunistic Recordings/2025-04-22/22/250424_1828",22223.04,22224,"auto_ambient_night"
"Luke - Various Opportunistic Recordings/2025-04-22/54/250424_1831_01",21779.52,21780.48,"auto_ambient_night"
"Luke - Various Opportunistic Recordings/2025-07-15/1_95/250717_1356",35112,35112.96,"auto_ambient_night"
"Luke - Various Opportunistic Recordings/2025-07-23/1_72/250724_1741_01",27074.88,27075.84,"auto_ambient_night"
"Luke - Various Opportunistic Recordings/2025-07-23/5/250724_1743",23648.64,23649.6,"auto_ambient_night"
"Luke - Various Opportunistic Recordings/2025-08-12/1_114/250812_1225",52992,52992.96,"auto_ambient_night"
"Luke - Various Opportunistic Recordings/2025-08-12/1_16/250812_1238",52194.24,52195.2,"auto_ambient_night"
"Luke - Various Opportunistic Recordings/2025-04-22/1_18/250422_1610",34584,34584.96,"auto_ambient_night"
"Luke - Various Opportunistic Recordings/2025-04-22/1_18/250422_1610",35740.8,35741.76,"auto_ambient_night"
"Luke - Various Opportunistic Recordings/2025-04-22/1_18/250422_1610",36065.28,36066.24,"auto_ambient_night"
"Luke - Various Opportunistic Recordings/2025-04-22/1_44/250424_1827",20642.88,20643.84,"auto_ambient_night"
"Luke - Various Opportunistic Recordings/2025-04-22/1_51/250424_1831",21287.04,21288,"auto_ambient_night"
"Luke - Various Opportunistic Recordings/2025-04-22/1_51/250424_1831",21664.32,21665.28,"auto_ambient_night"
"Luke - Various Opportunistic Recordings/2025-04-22/1_51/250424_1831",24334.08,24335.04,"auto_ambient_night"
"Luke - Various Opportunistic Recordings/2025-04-22/1_76/250422_1610",35948.16,35949.12,"auto_ambient_night"
"Luke - Various Opportunistic Recordings/2025-04-22/1_76/250422_1610",37057.92,37058.88,"auto_ambient_night"
"Luke - Various Opportunistic Recordings/2025-04-22/1_80/250424_1833",22477.44,22478.4,"auto_ambient_night"
"Luke - Various Opportunistic Recordings/2025-04-22/1_90/250422_1610",34917.12,34918.08,"auto_ambient_night"
"Luke - Various Opportunistic Recordings/2025-04-22/22/250424_1828",20107.2,20108.16,"auto_ambient_night"
"Luke - Various Opportunistic Recordings/2025-04-22/54/250424_1831_01",25561.92,25562.88,"auto_ambient_night"
"Luke - Various Opportunistic Recordings/2025-07-23/1_32/250723_0815",154862.4,154863.36,"auto_ambient_night"
"Luke - Various Opportunistic Recordings/2025-04-22/1_107/250422_1610",35693.76,35694.72,"auto_ambient_night"
"Luke - Various Opportunistic Recordings/2025-04-22/1_18/250422_1610",34633.92,34634.88,"auto_ambient_night"
"Luke - Various Opportunistic Recordings/2025-04-22/1_51/250424_1831",21866.88,21867.84,"auto_ambient_night"
"Luke - Various Opportunistic Recordings/2025-04-22/1_51/250424_1831",22659.84,22660.8,"auto_ambient_night"
"Luke - Various Opportunistic Recordings/2025-04-22/1_76/250422_1610",36160.32,36161.28,"auto_ambient_night"
"Luke - Various Opportunistic Recordings/2025-04-22/1_76/250422_1610",41276.16,41277.12,"auto_ambient_night"
"Luke - Various Opportunistic Recordings/2025-04-22/1_90/250422_1610",34992,34992.96,"auto_ambient_night"
"Luke - Various Opportunistic Recordings/2025-04-22/1_90/250422_1610",35897.28,35898.24,"auto_ambient_night"
"Luke - Various Opportunistic Recordings/2025-04-22/1_90/250425_1926",114321.6,114322.56,"auto_ambient_night"
"Luke - Various Opportunistic Recordings/2025-04-22/22/250424_1828",22691.52,22692.48,"auto_ambient_night"
"Luke - Various Opportunistic Recordings/2025-04-22/50/250424_1835",20065.92,20066.88,"auto_ambient_night"
"Luke - Various Opportunistic Recordings/2025-04-22/54/250424_1831_01",21730.56,21731.52,"auto_ambient_night"
"Luke - Various Opportunistic Recordings/2025-04-23/1_40/250424_1842",25684.8,25685.76,"auto_ambient_night"
"Luke - Various Opportunistic Recordings/2025-07-03/1_37/250705_1817",22524.48,22525.44,"auto_ambient_night"
"Luke - Various Opportunistic Recordings/2025-07-23/1_48/250724_1740",25661.76,25662.72,"auto_ambient_night"
"Luke - Various Opportunistic Recordings/2025-07-29/1_73/250729_1306",140931.84,140932.8,"auto_ambient_night"
"Luke - Various Opportunistic Recordings/2025-08-21/1_62/250821_1338",121104,121104.96,"auto_ambient_night"
"Luke - Various Opportunistic Recordings/2025-04-22/1_51/250424_1831",21921.6,21922.56,"auto_ambient_night"
"Luke - Various Opportunistic Recordings/2025-04-22/1_51/250424_1831",23281.92,23282.88,"auto_ambient_night"
"Luke - Various Opportunistic Recordings/2025-04-22/1_51/250424_1831",28431.36,28432.32,"auto_ambient_night"
"Luke - Various Opportunistic Recordings/2025-04-22/1_76/250422_1610",34577.28,34578.24,"auto_ambient_night"
"Luke - Various Opportunistic Recordings/2025-04-22/1_80/250424_1833",21616.32,21617.28,"auto_ambient_night"
"Luke - Various Opportunistic Recordings/2025-04-22/1_90/250422_1610",35739.84,35740.8,"auto_ambient_night"
"Luke - Various Opportunistic Recordings/2025-04-22/22/250424_1828",20084.16,20085.12,"auto_ambient_night"
"Luke - Various Opportunistic Recordings/2025-04-22/22/250424_1828",21928.32,21929.28,"auto_ambient_night"
"Luke - Various Opportunistic Recordings/2025-04-22/50/250424_1835",23586.24,23587.2,"auto_ambient_night"
"Luke - Various Opportunistic Recordings/2025-04-22/54/250424_1831_01",20360.64,20361.6,"auto_ambient_night"
"Luke - Various Opportunistic Recordings/2025-07-23/1_48/250726_1055",54212.16,54213.12,"auto_ambient_night"
"Luke - Various Opportunistic Recordings/2025-07-23/5/250724_1743",21064.32,21065.28,"auto_ambient_night"
"Luke - Various Opportunistic Recordings/2025-07-29/1_73/250729_1306",140757.12,140758.08,"auto_ambient_night"
"Luke - Various Opportunistic Recordings/2025-04-22/1_107/250422_1610",35615.04,35616,"auto_ambient_night"
"Luke - Various Opportunistic Recordings/2025-04-22/1_44/250424_1827",25148.16,25149.12,"auto_ambient_night"
"Luke - Various Opportunistic Recordings/2025-04-22/1_76/250422_1610",33124.8,33125.76,"auto_ambient_night"
"Luke - Various Opportunistic Recordings/2025-04-22/1_76/250422_1610",35754.24,35755.2,"auto_ambient_night"
"Luke - Various Opportunistic Recordings/2025-04-22/1_80/250424_1833",19356.48,19357.44,"auto_ambient_night"
"Luke - Various Opportunistic Recordings/2025-04-22/1_80/250424_1833",22094.4,22095.36,"auto_ambient_night"
"Luke - Various Opportunistic Recordings/2025-04-22/1_90/250422_1610",34824.96,34825.92,"auto_ambient_night"
"Luke - Various Opportunistic Recordings/2025-04-22/1_90/250422_1610",35981.76,35982.72,"auto_ambient_night"
"Luke - Various Opportunistic Recordings/2025-04-22/1_90/250425_1926",115510.08,115511.04,"auto_ambient_night"
"Luke - Various Opportunistic Recordings/2025-04-22/50/250424_1835",21530.88,21531.84,"auto_ambient_night"
"Luke - Various Opportunistic Recordings/2025-04-22/50/250424_1835",22599.36,22600.32,"auto_ambient_night"
"Luke - Various Opportunistic Recordings/2025-04-23/1_108/250424_1841",19245.12,19246.08,"auto_ambient_night"
"Luke - Various Opportunistic Recordings/2025-04-23/1_40/250424_1842",19351.68,19352.64,"auto_ambient_night"
"Luke - Various Opportunistic Recordings/2025-04-23/1_40/250424_1842",22843.2,22844.16,"auto_ambient_night"
"Luke - Various Opportunistic Recordings/2025-04-23/1_40/250424_1842",27692.16,27693.12,"auto_ambient_night"
"Luke - Various Opportunistic Recordings/2025-07-15/1_1/250715_1641",126704.64,126705.6,"auto_ambient_night"
"Luke - Various Opportunistic Recordings/2025-07-23/20/250731_1524",28026.24,28027.2,"auto_ambient_night"
"Luke - Various Opportunistic Recordings/2025-07-23/5/250724_1743",23716.8,23717.76,"auto_ambient_night"
"Luke - Various Opportunistic Recordings/2025-08-21/1_62/250821_1338",121110.72,121111.68,"auto_ambient_night"
"Luke - Various Opportunistic Recordings/2025-04-22/1_18/250422_1610",34583.04,34584,"auto_ambient_night"
"Luke - Various Opportunistic Recordings/2025-04-22/1_51/250424_1831",21290.88,21291.84,"auto_ambient_night"
"Luke - Various Opportunistic Recordings/2025-04-22/1_51/250424_1831",21581.76,21582.72,"auto_ambient_night"
"Luke - Various Opportunistic Recordings/2025-04-22/1_76/250422_1610",35712,35712.96,"auto_ambient_night"
"Luke - Various Opportunistic Recordings/2025-04-22/1_80/250424_1833",21318.72,21319.68,"auto_ambient_night"
"Luke - Various Opportunistic Recordings/2025-04-22/1_90/250422_1610",35080.32,35081.28,"auto_ambient_night"
"Luke - Various Opportunistic Recordings/2025-04-22/1_90/250422_1610",35678.4,35679.36,"auto_ambient_night"
"Luke - Various Opportunistic Recordings/2025-04-22/1_90/250422_1610",36123.84,36124.8,"auto_ambient_night"
"Luke - Various Opportunistic Recordings/2025-04-22/50/250424_1835",20092.8,20093.76,"auto_ambient_night"
"Luke - Various Opportunistic Recordings/2025-07-07/1_73/250707_1152",128490.24,128491.2,"auto_ambient_night"
"Luke - Various Opportunistic Recordings/2025-04-22/1_51/250424_1831",21148.8,21149.76,"auto_ambient_night"
"Luke - Various Opportunistic Recordings/2025-04-22/1_51/250424_1831",21209.28,21210.24,"auto_ambient_night"
"Luke - Various Opportunistic Recordings/2025-04-22/1_76/250422_1610",35715.84,35716.8,"auto_ambient_night"
"Luke - Various Opportunistic Recordings/2025-04-22/1_90/250422_1610",35997.12,35998.08,"auto_ambient_night"
"Luke - Various Opportunistic Recordings/2025-04-22/1_90/250422_1610",36012.48,36013.44,"auto_ambient_night"
"Luke - Various Opportunistic Recordings/2025-04-22/22/250424_1828",21930.24,21931.2,"auto_ambient_night"
"Luke - Various Opportunistic Recordings/2025-04-22/22/250424_1828",22738.56,22739.52,"auto_ambient_night"
"Luke - Various Opportunistic Recordings/2025-04-22/22/250424_1828",24760.32,24761.28,"auto_ambient_night"
"Luke - Various Opportunistic Recordings/2025-04-22/22/250424_1828",28570.56,28571.52,"auto_ambient_night"
"Luke - Various Opportunistic Recordings/2025-04-22/50/250424_1835",19880.64,19881.6,"auto_ambient_night"
"Luke - Various Opportunistic Recordings/2025-04-22/54/250424_1831_01",22578.24,22579.2,"auto_ambient_night"
"Luke - Various Opportunistic Recordings/2025-04-22/54/250424_1831_01",22842.24,22843.2,"auto_ambient_night"
"Luke - Various Opportunistic Recordings/2025-04-22/54/250424_1831_01",23699.52,23700.48,"auto_ambient_night"
"Luke - Various Opportunistic Recordings/2025-04-23/1_108/250424_1841",19728.96,19729.92,"auto_ambient_night"
"Luke - Various Opportunistic Recordings/2025-04-23/1_71/250423_1446",35652.48,35653.44,"auto_ambient_night"
"Luke - Various Opportunistic Recordings/2025-07-03/1_52/250703_1528",29118.72,29119.68,"auto_ambient_night"
"Luke - Various Opportunistic Recordings/2025-07-15/1_1/250717_1824",17126.4,17127.36,"auto_ambient_night"
"Luke - Various Opportunistic Recordings/2025-07-23/1_32/250723_0815",148894.08,148895.04,"auto_ambient_night"
"Luke - Various Opportunistic Recordings/2025-07-23/1_32/250723_0815",153122.88,153123.84,"auto_ambient_night"
"Luke - Various Opportunistic Recordings/2025-08-08/52/250808_1237",57556.8,57557.76,"auto_ambient_night"
"Luke - Various Opportunistic Recordings/2025-04-22/1_44/250424_1827",28789.44,28790.4,"auto_ambient_night"
"Luke - Various Opportunistic Recordings/2025-04-22/1_51/250424_1831",28166.4,28167.36,"auto_ambient_night"
"Luke - Various Opportunistic Recordings/2025-04-22/1_76/250422_1610",35792.64,35793.6,"auto_ambient_night"
"Luke - Various Opportunistic Recordings/2025-04-22/1_80/250424_1833",20226.24,20227.2,"auto_ambient_night"
"Luke - Various Opportunistic Recordings/2025-04-22/1_80/250424_1833",23039.04,23040,"auto_ambient_night"
"Luke - Various Opportunistic Recordings/2025-04-22/1_90/250422_1610",29962.56,29963.52,"auto_ambient_night"
"Luke - Various Opportunistic Recordings/2025-04-22/1_90/250422_1610",35003.52,35004.48,"auto_ambient_night"
"Luke - Various Opportunistic Recordings/2025-04-22/1_90/250422_1610",35590.08,35591.04,"auto_ambient_night"
"Luke - Various Opportunistic Recordings/2025-04-22/22/250424_1828",24431.04,24432,"auto_ambient_night"
"Luke - Various Opportunistic Recordings/2025-04-22/50/250424_1835",21652.8,21653.76,"auto_ambient_night"
"Luke - Various Opportunistic Recordings/2025-04-23/1_108/250424_1841",19648.32,19649.28,"auto_ambient_night"
"Luke - Various Opportunistic Recordings/2025-07-09/1_19/250711_1145",146624.64,146625.6,"auto_ambient_night"
"Luke - Various Opportunistic Recordings/2025-04-22/1_18/250422_1610",30597.12,30598.08,"auto_ambient_night"
"Luke - Various Opportunistic Recordings/2025-04-22/1_44/250424_1827",28970.88,28971.84,"auto_ambient_night"
"Luke - Various Opportunistic Recordings/2025-04-22/1_51/250424_1831",22150.08,22151.04,"auto_ambient_night"
"Luke - Various Opportunistic Recordings/2025-04-22/1_51/250424_1831",28261.44,28262.4,"auto_ambient_night"
"Luke - Various Opportunistic Recordings/2025-04-22/1_80/250424_1833",19887.36,19888.32,"auto_ambient_night"
"Luke - Various Opportunistic Recordings/2025-04-22/1_90/250422_1610",33766.08,33767.04,"auto_ambient_night"
"Luke - Various Opportunistic Recordings/2025-04-22/1_90/250422_1610",34595.52,34596.48,"auto_ambient_night"
"Luke - Various Opportunistic Recordings/2025-04-22/1_90/250422_1610",35952,35952.96,"auto_ambient_night"
"Luke - Various Opportunistic Recordings/2025-04-22/22/250424_1828",21939.84,21940.8,"auto_ambient_night"
"Luke - Various Opportunistic Recordings/2025-04-22/50/250424_1835",20897.28,20898.24,"auto_ambient_night"
"Luke - Various Opportunistic Recordings/2025-04-22/54/250424_1831_01",23761.92,23762.88,"auto_ambient_night"
"Luke - Various Opportunistic Recordings/2025-07-09/1_19/250711_1145",44786.88,44787.84,"auto_ambient_night"
"Luke - Various Opportunistic Recordings/2025-07-23/1_48/250724_1740",19824.96,19825.92,"auto_ambient_night"
"Luke - Various Opportunistic Recordings/2025-07-23/1_48/250724_1740",36675.84,36676.8,"auto_ambient_night"
"Luke - Various Opportunistic Recordings/2025-08-21/1_62/250821_1338",121118.4,121119.36,"auto_ambient_night"
"Luke - Various Opportunistic Recordings/2025-04-22/1_18/250422_1610",28968.96,28969.92,"auto_ambient_night"
"Luke - Various Opportunistic Recordings/2025-04-22/1_76/250422_1610",28952.64,28953.6,"auto_ambient_night"
"Luke - Various Opportunistic Recordings/2025-04-22/1_80/250424_1833",28487.04,28488,"auto_ambient_night"
"Luke - Various Opportunistic Recordings/2025-04-22/1_90/250422_1610",35701.44,35702.4,"auto_ambient_night"
"Luke - Various Opportunistic Recordings/2025-04-22/1_90/250422_1610",36016.32,36017.28,"auto_ambient_night"
"Luke - Various Opportunistic Recordings/2025-04-22/22/250424_1828",21299.52,21300.48,"auto_ambient_night"
"Luke - Various Opportunistic Recordings/2025-04-22/22/250424_1828",22772.16,22773.12,"auto_ambient_night"
"Luke - Various Opportunistic Recordings/2025-04-22/22/250424_1828",23731.2,23732.16,"auto_ambient_night"
"Luke - Various Opportunistic Recordings/2025-04-23/1_108/250424_1841",19247.04,19248,"auto_ambient_night"
"Luke - Various Opportunistic Recordings/2025-07-03/1_137/250705_1755",38424.96,38425.92,"auto_ambient_night"
"Luke - Various Opportunistic Recordings/2025-07-07/1_73/250707_1152",40094.4,40095.36,"auto_ambient_night"
"Luke - Various Opportunistic Recordings/2025-07-23/5/250724_1743",22756.8,22757.76,"auto_ambient_night"
"Luke - Various Opportunistic Recordings/2025-04-22/1_107/250422_1610",34559.04,34560,"auto_ambient_night"
"Luke - Various Opportunistic Recordings/2025-04-22/1_107/250422_1610",35788.8,35789.76,"auto_ambient_night"
"Luke - Various Opportunistic Recordings/2025-04-22/1_107/250422_1610",35890.56,35891.52,"auto_ambient_night"
"Luke - Various Opportunistic Recordings/2025-04-22/1_51/250424_1831",21318.72,21319.68,"auto_ambient_night"
"Luke - Various Opportunistic Recordings/2025-04-22/1_51/250424_1831",21885.12,21886.08,"auto_ambient_night"
"Luke - Various Opportunistic Recordings/2025-04-22/1_51/250424_1831",28622.4,28623.36,"auto_ambient_night"
"Luke - Various Opportunistic Recordings/2025-04-22/1_76/250422_1610",35787.84,35788.8,"auto_ambient_night"
"Luke - Various Opportunistic Recordings/2025-04-22/1_76/250424_1824",20629.44,20630.4,"auto_ambient_night"
"Luke - Various Opportunistic Recordings/2025-04-22/1_80/250422_1636",24340.8,24341.76,"auto_ambient_night"
"Luke - Various Opportunistic Recordings/2025-04-22/1_90/250422_1610",34555.2,34556.16,"auto_ambient_night"
"Luke - Various Opportunistic Recordings/2025-04-22/1_90/250422_1610",35928.96,35929.92,"auto_ambient_night"
"Luke - Various Opportunistic Recordings/2025-04-22/54/250424_1831_01",24080.64,24081.6,"auto_ambient_night"
"Luke - Various Opportunistic Recordings/2025-04-22/54/250424_1831_01",24253.44,24254.4,"auto_ambient_night"
"Luke - Various Opportunistic Recordings/2025-04-23/1_108/250424_1841",23193.6,23194.56,"auto_ambient_night"
"Luke - Various Opportunistic Recordings/2025-04-23/1_40/250424_1842",21099.84,21100.8,"auto_ambient_night"
"Luke - Various Opportunistic Recordings/2025-06-20/moth_1/20250629_020000",66.24,67.2,"auto_ambient_night"
"Luke - Various Opportunistic Recordings/2025-07-07/1_73/250707_1152",52248.96,52249.92,"auto_ambient_night"
"Luke - Various Opportunistic Recordings/2025-07-15/1_21/250715_1632",34879.68,34880.64,"auto_ambient_night"
"Luke - Various Opportunistic Recordings/2025-07-23/1_86/250731_1523",28135.68,28136.64,"auto_ambient_night"
"Luke - Various Opportunistic Recordings/2025-07-23/5/250724_1743",34451.52,34452.48,"auto_ambient_night"
"Luke - Various Opportunistic Recordings/2025-04-22/1_18/250422_1610",35656.32,35657.28,"auto_ambient_night"
"Luke - Various Opportunistic Recordings/2025-04-22/1_51/250424_1831",21455.04,21456,"auto_ambient_night"
"Luke - Various Opportunistic Recordings/2025-04-22/1_51/250424_1831",22289.28,22290.24,"auto_ambient_night"
"Luke - Various Opportunistic Recordings/2025-04-22/1_51/250424_1831",23767.68,23768.64,"auto_ambient_night"
"Luke - Various Opportunistic Recordings/2025-04-22/1_51/250424_1831",26337.6,26338.56,"auto_ambient_night"
"Luke - Various Opportunistic Recordings/2025-04-22/1_51/250424_1831",28146.24,28147.2,"auto_ambient_night"
"Luke - Various Opportunistic Recordings/2025-04-22/1_76/250422_1610",35716.8,35717.76,"auto_ambient_night"
"Luke - Various Opportunistic Recordings/2025-04-22/1_90/250422_1610",34608,34608.96,"auto_ambient_night"
"Luke - Various Opportunistic Recordings/2025-04-22/1_90/250422_1610",35610.24,35611.2,"auto_ambient_night"
"Luke - Various Opportunistic Recordings/2025-04-22/1_90/250422_1610",36148.8,36149.76,"auto_ambient_night"
"Luke - Various Opportunistic Recordings/2025-04-22/22/250424_1828",24433.92,24434.88,"auto_ambient_night"
"Luke - Various Opportunistic Recordings/2025-04-22/50/250424_1835",28109.76,28110.72,"auto_ambient_night"
"Luke - Various Opportunistic Recordings/2025-04-22/54/250424_1831_01",28011.84,28012.8,"auto_ambient_night"
"Luke - Various Opportunistic Recordings/2025-07-23/5/250724_1743",39029.76,39030.72,"auto_ambient_night"
"Luke - Various Opportunistic Recordings/2025-08-21/1_62/250821_1338",121105.92,121106.88,"auto_ambient_night"
"Luke - Various Opportunistic Recordings/2025-04-22/1_107/250422_1610",34555.2,34556.16,"auto_ambient_night"
"Luke - Various Opportunistic Recordings/2025-04-22/1_51/250424_1831",19693.44,19694.4,"auto_ambient_night"
"Luke - Various Opportunistic Recordings/2025-04-22/1_51/250424_1831",21678.72,21679.68,"auto_ambient_night"
"Luke - Various Opportunistic Recordings/2025-04-22/1_51/250424_1831",21849.6,21850.56,"auto_ambient_night"
"Luke - Various Opportunistic Recordings/2025-04-22/1_51/250424_1831",22919.04,22920,"auto_ambient_night"
"Luke - Various Opportunistic Recordings/2025-04-22/1_51/250424_1831",23333.76,23334.72,"auto_ambient_night"
"Luke - Various Opportunistic Recordings/2025-04-22/1_51/250424_1831",23805.12,23806.08,"auto_ambient_night"
"Luke - Various Opportunistic Recordings/2025-04-22/1_51/250424_1831",24324.48,24325.44,"auto_ambient_night"
"Luke - Various Opportunistic Recordings/2025-04-22/1_51/250424_1831",28313.28,28314.24,"auto_ambient_night"
"Luke - Various Opportunistic Recordings/2025-04-22/1_76/250422_1610",34546.56,34547.52,"auto_ambient_night"
"Luke - Various Opportunistic Recordings/2025-04-22/1_76/250422_1610",34569.6,34570.56,"auto_ambient_night"
"Luke - Various Opportunistic Recordings/2025-04-22/1_76/250422_1610",35967.36,35968.32,"auto_ambient_night"
"Luke - Various Opportunistic Recordings/2025-04-22/1_76/250422_1610",36022.08,36023.04,"auto_ambient_night"
"Luke - Various Opportunistic Recordings/2025-04-22/1_90/250422_1610",34984.32,34985.28,"auto_ambient_night"
"Luke - Various Opportunistic Recordings/2025-04-22/1_90/250422_1610",34991.04,34992,"auto_ambient_night"
"Luke - Various Opportunistic Recordings/2025-04-22/1_90/250422_1610",36244.8,36245.76,"auto_ambient_night"
"Luke - Various Opportunistic Recordings/2025-04-22/1_90/250422_1610",36532.8,36533.76,"auto_ambient_night"
"Luke - Various Opportunistic Recordings/2025-04-22/1_90/250422_1610",36553.92,36554.88,"auto_ambient_night"
"Luke - Various Opportunistic Recordings/2025-04-22/22/250424_1828",21453.12,21454.08,"auto_ambient_night"
"Luke - Various Opportunistic Recordings/2025-04-22/22/250424_1828",22998.72,22999.68,"auto_ambient_night"
"Luke - Various Opportunistic Recordings/2025-04-22/50/250424_1835",19317.12,19318.08,"auto_ambient_night"
"Luke - Various Opportunistic Recordings/2025-04-22/54/250424_1831_01",20397.12,20398.08,"auto_ambient_night"
"Luke - Various Opportunistic Recordings/2025-04-22/54/250424_1831_01",22651.2,22652.16,"auto_ambient_night"
"Luke - Various Opportunistic Recordings/2025-04-22/54/250424_1831_01",24535.68,24536.64,"auto_ambient_night"
"Luke - Various Opportunistic Recordings/2025-04-23/1_40/250424_1842",27569.28,27570.24,"auto_ambient_night"
"Luke - Various Opportunistic Recordings/2025-04-23/1_71/250424_1841",23124.48,23125.44,"auto_ambient_night"
"Luke - Various Opportunistic Recordings/2025-07-15/1_1/250715_1641",110135.04,110136,"auto_ambient_night"
"Luke - Various Opportunistic Recordings/2025-07-23/1_2/250731_1506",38348.16,38349.12,"auto_ambient_night"
"Luke - Various Opportunistic Recordings/2025-04-22/1_107/250424_1825",20469.12,20470.08,"auto_ambient_night"
"Luke - Various Opportunistic Recordings/2025-04-22/1_44/250424_1827",22147.2,22148.16,"auto_ambient_night"
"Luke - Various Opportunistic Recordings/2025-04-22/1_51/250424_1831",22507.2,22508.16,"auto_ambient_night"
"Luke - Various Opportunistic Recordings/2025-04-22/1_51/250424_1831",24958.08,24959.04,"auto_ambient_night"
"Luke - Various Opportunistic Recordings/2025-04-22/1_80/250424_1833",22281.6,22282.56,"auto_ambient_night"
"Luke - Various Opportunistic Recordings/2025-04-22/1_90/250422_1610",34568.64,34569.6,"auto_ambient_night"
"Luke - Various Opportunistic Recordings/2025-04-22/1_90/250422_1610",34594.56,34595.52,"auto_ambient_night"
"Luke - Various Opportunistic Recordings/2025-04-22/1_90/250422_1610",34618.56,34619.52,"auto_ambient_night"
"Luke - Various Opportunistic Recordings/2025-04-22/1_90/250422_1610",35725.44,35726.4,"auto_ambient_night"
"Luke - Various Opportunistic Recordings/2025-04-22/1_90/250422_1610",35784,35784.96,"auto_ambient_night"
"Luke - Various Opportunistic Recordings/2025-04-22/1_90/250422_1610",35971.2,35972.16,"auto_ambient_night"
"Luke - Various Opportunistic Recordings/2025-04-22/1_90/250424_1823",23131.2,23132.16,"auto_ambient_night"
"Luke - Various Opportunistic Recordings/2025-04-22/1_90/250424_1823",23348.16,23349.12,"auto_ambient_night"
"Luke - Various Opportunistic Recordings/2025-04-22/1_90/250425_1926",114273.6,114274.56,"auto_ambient_night"
"Luke - Various Opportunistic Recordings/2025-04-22/22/250424_1828",22241.28,22242.24,"auto_ambient_night"
"Luke - Various Opportunistic Recordings/2025-04-22/22/250424_1828",24062.4,24063.36,"auto_ambient_night"
"Luke - Various Opportunistic Recordings/2025-04-22/50/250424_1835",19315.2,19316.16,"auto_ambient_night"
"Luke - Various Opportunistic Recordings/2025-04-22/50/250424_1835",28413.12,28414.08,"auto_ambient_night"
"Luke - Various Opportunistic Recordings/2025-04-22/54/250424_1831_01",22080,22080.96,"auto_ambient_night"
"Luke - Various Opportunistic Recordings/2025-04-23/1_40/250424_1842",25947.84,25948.8,"auto_ambient_night"
"Luke - Various Opportunistic Recordings/2025-04-23/1_71/250423_1446",35670.72,35671.68,"auto_ambient_night"
"Luke - Various Opportunistic Recordings/2025-07-07/1_62/250707_1036",58647.36,58648.32,"auto_ambient_night"
"Luke - Various Opportunistic Recordings/2025-07-23/1_32/250723_0815",143647.68,143648.64,"auto_ambient_night"
"Luke - Various Opportunistic Recordings/2025-07-23/1_48/250724_1740",32712,32712.96,"auto_ambient_night"
"Luke - Various Opportunistic Recordings/2025-08-12/48/250812_1219",53514.24,53515.2,"auto_ambient_night"
"Luke - Various Opportunistic Recordings/2025-04-22/1_107/250422_1610",35979.84,35980.8,"auto_ambient_night"
"Luke - Various Opportunistic Recordings/2025-04-22/1_51/250424_1831",22793.28,22794.24,"auto_ambient_night"
"Luke - Various Opportunistic Recordings/2025-04-22/1_76/250422_1610",35755.2,35756.16,"auto_ambient_night"
"Luke - Various Opportunistic Recordings/2025-04-22/1_76/250425_1927",113522.88,113523.84,"auto_ambient_night"
"Luke - Various Opportunistic Recordings/2025-04-22/1_90/250422_1610",24759.36,24760.32,"auto_ambient_night"
"Luke - Various Opportunistic Recordings/2025-04-22/1_90/250422_1610",35740.8,35741.76,"auto_ambient_night"
"Luke - Various Opportunistic Recordings/2025-04-22/1_90/250422_1610",35977.92,35978.88,"auto_ambient_night"
"Luke - Various Opportunistic Recordings/2025-04-22/1_90/250422_1610",36007.68,36008.64,"auto_ambient_night"
"Luke - Various Opportunistic Recordings/2025-04-22/1_90/250422_1610",36057.6,36058.56,"auto_ambient_night"
"Luke - Various Opportunistic Recordings/2025-04-22/22/250424_1828",21918.72,21919.68,"auto_ambient_night"
"Luke - Various Opportunistic Recordings/2025-04-22/54/250424_1831_01",20384.64,20385.6,"auto_ambient_night"
"Luke - Various Opportunistic Recordings/2025-04-22/54/250424_1831_01",28656.96,28657.92,"auto_ambient_night"
"Luke - Various Opportunistic Recordings/2025-04-23/1_40/250424_1842",22019.52,22020.48,"auto_ambient_night"
"Luke - Various Opportunistic Recordings/2025-07-23/1_48/250724_1740",22917.12,22918.08,"auto_ambient_night"
"Luke - Various Opportunistic Recordings/2025-07-23/5/250724_1743",25660.8,25661.76,"auto_ambient_night"
"Luke - Various Opportunistic Recordings/2025-04-22/1_107/250425_1931",13608,13608.96,"auto_ambient_night"
"Luke - Various Opportunistic Recordings/2025-04-22/1_18/250422_1610",35934.72,35935.68,"auto_ambient_night"
"Luke - Various Opportunistic Recordings/2025-04-22/1_51/250424_1831",21685.44,21686.4,"auto_ambient_night"
"Luke - Various Opportunistic Recordings/2025-04-22/1_51/250424_1831",23437.44,23438.4,"auto_ambient_night"
"Luke - Various Opportunistic Recordings/2025-04-22/1_80/250424_1833",23629.44,23630.4,"auto_ambient_night"
"Luke - Various Opportunistic Recordings/2025-04-22/1_80/250424_1833",24113.28,24114.24,"auto_ambient_night"
"Luke - Various Opportunistic Recordings/2025-04-22/1_90/250422_1610",33106.56,33107.52,"auto_ambient_night"
"Luke - Various Opportunistic Recordings/2025-04-22/1_90/250422_1610",34774.08,34775.04,"auto_ambient_night"
"Luke - Various Opportunistic Recordings/2025-04-22/1_90/250422_1610",35024.64,35025.6,"auto_ambient_night"
"Luke - Various Opportunistic Recordings/2025-04-22/22/250424_1828",22368,22368.96,"auto_ambient_night"
"Luke - Various Opportunistic Recordings/2025-04-22/22/250424_1828",28347.84,28348.8,"auto_ambient_night"
"Luke - Various Opportunistic Recordings/2025-04-22/54/250422_1636",24122.88,24123.84,"auto_ambient_night"
"Luke - Various Opportunistic Recordings/2025-04-22/54/250424_1831_01",22087.68,22088.64,"auto_ambient_night"
"Luke - Various Opportunistic Recordings/2025-04-22/54/250424_1831_01",22788.48,22789.44,"auto_ambient_night"
"Luke - Various Opportunistic Recordings/2025-07-03/1_37/250703_1635",25059.84,25060.8,"auto_ambient_night"
"Luke - Various Opportunistic Recordings/2025-07-23/1_32/250723_0815",139652.16,139653.12,"auto_ambient_night"
"Luke - Various Opportunistic Recordings/2025-07-23/1_48/250724_1740",19521.6,19522.56,"auto_ambient_night"
"Luke - Various Opportunistic Recordings/2025-07-23/1_48/250724_1740",25560,25560.96,"auto_ambient_night"
"Luke - Various Opportunistic Recordings/2025-07-23/5/250724_1743",21566.4,21567.36,"auto_ambient_night"
"Luke - Various Opportunistic Recordings/2025-08-08/49/250810_1419",40932.48,40933.44,"auto_ambient_night"
"Luke - Various Opportunistic Recordings/2025-08-21/1_62/250821_1338",121100.16,121101.12,"auto_ambient_night"
"Luke - Various Opportunistic Recordings/2025-04-22/1_107/250422_1610",35609.28,35610.24,"auto_ambient_night"
"Luke - Various Opportunistic Recordings/2025-04-22/1_107/250422_1610",35791.68,35792.64,"auto_ambient_night"
"Luke - Various Opportunistic Recordings/2025-04-22/1_107/250422_1610",37041.6,37042.56,"auto_ambient_night"
"Luke - Various Opportunistic Recordings/2025-04-22/1_107/250425_1931",110986.56,110987.52,"auto_ambient_night"
"Luke - Various Opportunistic Recordings/2025-04-22/1_44/250424_1827",28401.6,28402.56,"auto_ambient_night"
"Luke - Various Opportunistic Recordings/2025-04-22/1_44/250424_1827",28906.56,28907.52,"auto_ambient_night"
"Luke - Various Opportunistic Recordings/2025-04-22/1_51/250424_1831",22615.68,22616.64,"auto_ambient_night"
"Luke - Various Opportunistic Recordings/2025-04-22/1_51/250424_1831",23066.88,23067.84,"auto_ambient_night"
"Luke - Various Opportunistic Recordings/2025-04-22/1_51/250424_1831",23769.6,23770.56,"auto_ambient_night"
"Luke - Various Opportunistic Recordings/2025-04-22/1_51/250424_1831",28555.2,28556.16,"auto_ambient_night"
"Luke - Various Opportunistic Recordings/2025-04-22/1_76/250422_1610",30595.2,30596.16,"auto_ambient_night"
"Luke - Various Opportunistic Recordings/2025-04-22/1_76/250422_1610",33127.68,33128.64,"auto_ambient_night"
"Luke - Various Opportunistic Recordings/2025-04-22/1_76/250422_1610",35887.68,35888.64,"auto_ambient_night"
"Luke - Various Opportunistic Recordings/2025-04-22/1_76/250422_1610",35947.2,35948.16,"auto_ambient_night"
"Luke - Various Opportunistic Recordings/2025-04-22/1_76/250422_1610",36061.44,36062.4,"auto_ambient_night"
"Luke - Various Opportunistic Recordings/2025-04-22/1_90/250422_1610",25882.56,25883.52,"auto_ambient_night"
"Luke - Various Opportunistic Recordings/2025-04-22/1_90/250422_1610",28974.72,28975.68,"auto_ambient_night"
"Luke - Various Opportunistic Recordings/2025-04-22/1_90/250422_1610",33120,33120.96,"auto_ambient_night"
"Luke - Various Opportunistic Recordings/2025-04-22/1_90/250422_1610",34855.68,34856.64,"auto_ambient_night"
"Luke - Various Opportunistic Recordings/2025-04-22/1_90/250422_1610",34886.4,34887.36,"auto_ambient_night"
"Luke - Various Opportunistic Recordings/2025-04-22/1_90/250422_1610",35027.52,35028.48,"auto_ambient_night"
"Luke - Various Opportunistic Recordings/2025-04-22/1_90/250422_1610",36027.84,36028.8,"auto_ambient_night"
"Luke - Various Opportunistic Recordings/2025-04-22/1_90/250422_1610",37010.88,37011.84,"auto_ambient_night"
"Luke - Various Opportunistic Recordings/2025-04-22/22/250424_1828",21815.04,21816,"auto_ambient_night"
"Luke - Various Opportunistic Recordings/2025-04-22/22/250424_1828",23038.08,23039.04,"auto_ambient_night"
"Luke - Various Opportunistic Recordings/2025-04-22/54/250422_1636",34181.76,34182.72,"auto_ambient_night"
"Luke - Various Opportunistic Recordings/2025-04-22/54/250424_1831_01",21106.56,21107.52,"auto_ambient_night"
"Luke - Various Opportunistic Recordings/2025-04-22/54/250424_1831_01",21886.08,21887.04,"auto_ambient_night"
"Luke - Various Opportunistic Recordings/2025-07-15/1_16/250717_1756",18794.88,18795.84,"auto_ambient_night"
"Luke - Various Opportunistic Recordings/2025-07-23/1_151/250731_1528",27844.8,27845.76,"auto_ambient_night"
"Luke - Various Opportunistic Recordings/2025-07-23/1_48/250724_1740",22135.68,22136.64,"auto_ambient_night"
"Luke - Various Opportunistic Recordings/2025-07-23/1_48/250724_1740",23818.56,23819.52,"auto_ambient_night"
"Luke - Various Opportunistic Recordings/2025-07-23/1_48/250724_1740",27575.04,27576,"auto_ambient_night"
"Luke - Various Opportunistic Recordings/2025-07-23/5/250724_1743",25486.08,25487.04,"auto_ambient_night"
"Luke - Various Opportunistic Recordings/2025-08-12/1_90/250812_1157",46664.64,46665.6,"auto_ambient_night"
"Luke - Various Opportunistic Recordings/2025-04-22/1_107/250422_1610",35946.24,35947.2,"auto_ambient_night"
"Luke - Various Opportunistic Recordings/2025-04-22/1_107/250422_1610",35957.76,35958.72,"auto_ambient_night"
"Luke - Various Opportunistic Recordings/2025-04-22/1_107/250425_1931",13964.16,13965.12,"auto_ambient_night"
"Luke - Various Opportunistic Recordings/2025-04-22/1_18/250422_1610",30572.16,30573.12,"auto_ambient_night"
"Luke - Various Opportunistic Recordings/2025-04-22/1_18/250422_1610",35942.4,35943.36,"auto_ambient_night"
"Luke - Various Opportunistic Recordings/2025-04-22/1_18/250424_1822",20336.64,20337.6,"auto_ambient_night"
"Luke - Various Opportunistic Recordings/2025-04-22/1_44/250424_1827",21785.28,21786.24,"auto_ambient_night"
"Luke - Various Opportunistic Recordings/2025-04-22/1_44/250424_1827",21940.8,21941.76,"auto_ambient_night"
"Luke - Various Opportunistic Recordings/2025-04-22/1_51/250422_1636",24475.2,24476.16,"auto_ambient_night"
"Luke - Various Opportunistic Recordings/2025-04-22/1_51/250424_1831",21177.6,21178.56,"auto_ambient_night"
"Luke - Various Opportunistic Recordings/2025-04-22/1_51/250424_1831",21619.2,21620.16,"auto_ambient_night"
"Luke - Various Opportunistic Recordings/2025-04-22/1_51/250424_1831",21940.8,21941.76,"auto_ambient_night"
"Luke - Various Opportunistic Recordings/2025-04-22/1_51/250424_1831",28443.84,28444.8,"auto_ambient_night"
"Luke - Various Opportunistic Recordings/2025-04-22/1_51/250424_1831",28597.44,28598.4,"auto_ambient_night"
"Luke - Various Opportunistic Recordings/2025-04-22/1_80/250424_1833",20187.84,20188.8,"auto_ambient_night"
"Luke - Various Opportunistic Recordings/2025-04-22/1_80/250424_1833",21210.24,21211.2,"auto_ambient_night"
"Luke - Various Opportunistic Recordings/2025-04-22/1_90/250422_1610",35690.88,35691.84,"auto_ambient_night"
"Luke - Various Opportunistic Recordings/2025-04-22/1_90/250422_1610",36120.96,36121.92,"auto_ambient_night"
"Luke - Various Opportunistic Recordings/2025-04-22/22/250424_1828",20255.04,20256,"auto_ambient_night"
"Luke - Various Opportunistic Recordings/2025-04-22/22/250424_1828",21365.76,21366.72,"auto_ambient_night"
"Luke - Various Opportunistic Recordings/2025-04-22/22/250424_1828",21452.16,21453.12,"auto_ambient_night"
"Luke - Various Opportunistic Recordings/2025-04-22/54/250424_1831_01",28506.24,28507.2,"auto_ambient_night"
"Luke - Various Opportunistic Recordings/2025-04-23/1_40/250424_1842",17959.68,17960.64,"auto_ambient_night"
"Luke - Various Opportunistic Recordings/2025-04-23/1_40/250424_1842",20812.8,20813.76,"auto_ambient_night"
"Luke - Various Opportunistic Recordings/2025-04-23/1_40/250424_1842",21453.12,21454.08,"auto_ambient_night"
"Luke - Various Opportunistic Recordings/2025-04-23/1_40/250424_1842",22562.88,22563.84,"auto_ambient_night"
"Luke - Various Opportunistic Recordings/2025-04-23/1_40/250424_1842",24846.72,24847.68,"auto_ambient_night"
"Luke - Various Opportunistic Recordings/2025-07-23/1_48/250724_1740",28567.68,28568.64,"auto_ambient_night"
"Luke - Various Opportunistic Recordings/2025-08-05/1_108/250805_1224",40368,40368.96,"auto_ambient_night"
"Luke - Various Opportunistic Recordings/2025-08-12/1_10/250812_1219",53683.2,53684.16,"auto_ambient_night"
"Luke - Various Opportunistic Recordings/2025-08-12/50/250812_2015",23288.64,23289.6,"auto_ambient_night"
"Luke - Various Opportunistic Recordings/2025-08-21/1_62/250821_1338",121116.48,121117.44,"auto_ambient_night"
"Luke - Various Opportunistic Recordings/2025-04-22/1_107/250422_1610",34561.92,34562.88,"auto_ambient_night"
"Luke - Various Opportunistic Recordings/2025-04-22/1_107/250422_1610",35970.24,35971.2,"auto_ambient_night"
"Luke - Various Opportunistic Recordings/2025-04-22/1_51/250424_1831",21349.44,21350.4,"auto_ambient_night"
"Luke - Various Opportunistic Recordings/2025-04-22/1_51/250424_1831",21840.96,21841.92,"auto_ambient_night"
"Luke - Various Opportunistic Recordings/2025-04-22/1_51/250424_1831",22633.92,22634.88,"auto_ambient_night"
"Luke - Various Opportunistic Recordings/2025-04-22/1_51/250424_1831",22864.32,22865.28,"auto_ambient_night"
"Luke - Various Opportunistic Recordings/2025-04-22/1_51/250424_1831",23268.48,23269.44,"auto_ambient_night"
"Luke - Various Opportunistic Recordings/2025-04-22/1_51/250424_1831",28588.8,28589.76,"auto_ambient_night"
"Luke - Various Opportunistic Recordings/2025-04-22/1_76/250422_1610",34592.64,34593.6,"auto_ambient_night"
"Luke - Various Opportunistic Recordings/2025-04-22/1_76/250422_1610",34627.2,34628.16,"auto_ambient_night"
"Luke - Various Opportunistic Recordings/2025-04-22/1_76/250422_1610",34834.56,34835.52,"auto_ambient_night"
"Luke - Various Opportunistic Recordings/2025-04-22/1_76/250422_1610",35618.88,35619.84,"auto_ambient_night"
"Luke - Various Opportunistic Recordings/2025-04-22/1_76/250422_1610",35924.16,35925.12,"auto_ambient_night"
"Luke - Various Opportunistic Recordings/2025-04-22/1_80/250424_1833",19479.36,19480.32,"auto_ambient_night"
"Luke - Various Opportunistic Recordings/2025-04-22/1_90/250422_1610",29020.8,29021.76,"auto_ambient_night"
"Luke - Various Opportunistic Recordings/2025-04-22/1_90/250422_1610",34560.96,34561.92,"auto_ambient_night"
"Luke - Various Opportunistic Recordings/2025-04-22/1_90/250422_1610",34873.92,34874.88,"auto_ambient_night"
"Luke - Various Opportunistic Recordings/2025-04-22/1_90/250422_1610",34997.76,34998.72,"auto_ambient_night"
"Luke - Various Opportunistic Recordings/2025-04-22/1_90/250422_1610",35786.88,35787.84,"auto_ambient_night"
"Luke - Various Opportunistic Recordings/2025-04-22/1_90/250422_1610",35980.8,35981.76,"auto_ambient_night"
"Luke - Various Opportunistic Recordings/2025-04-22/1_90/250422_1610",36036.48,36037.44,"auto_ambient_night"
"Luke - Various Opportunistic Recordings/2025-04-22/1_90/250422_1610",37025.28,37026.24,"auto_ambient_night"
"Luke - Various Opportunistic Recordings/2025-04-22/1_90/250425_1926",114090.24,114091.2,"auto_ambient_night"
"Luke - Various Opportunistic Recordings/2025-04-22/22/250424_1828",21999.36,22000.32,"auto_ambient_night"
"Luke - Various Opportunistic Recordings/2025-04-22/50/250424_1835",19846.08,19847.04,"auto_ambient_night"
"Luke - Various Opportunistic Recordings/2025-04-23/1_40/250424_1842",21168.96,21169.92,"auto_ambient_night"
"Luke - Various Opportunistic Recordings/2025-04-23/1_40/250424_1842",21273.6,21274.56,"auto_ambient_night"
"Luke - Various Opportunistic Recordings/2025-07-23/1_48/250724_1740",25662.72,25663.68,"auto_ambient_night"
"Luke - Various Opportunistic Recordings/2025-07-23/1_48/250724_1740",28226.88,28227.84,"auto_ambient_night"
"Luke - Various Opportunistic Recordings/2025-07-23/1_72/250724_1741_01",114388.8,114389.76,"auto_ambient_night"
"Luke - Various Opportunistic Recordings/2025-07-29/1_73/250729_1306",140853.12,140854.08,"auto_ambient_night"
"Luke - Various Opportunistic Recordings/2025-08-21/1_62/250821_1338",121117.44,121118.4,"auto_ambient_night"
"Luke - Various Opportunistic Recordings/2025-04-22/1_107/250422_1610",41829.12,41830.08,"auto_ambient_night"
"Luke - Various Opportunistic Recordings/2025-04-22/1_107/250425_1931",110981.76,110982.72,"auto_ambient_night"
"Luke - Various Opportunistic Recordings/2025-04-22/1_18/250422_1610",34575.36,34576.32,"auto_ambient_night"
"Luke - Various Opportunistic Recordings/2025-04-22/1_18/250422_1610",34585.92,34586.88,"auto_ambient_night"
"Luke - Various Opportunistic Recordings/2025-04-22/1_18/250422_1610",34981.44,34982.4,"auto_ambient_night"
"Luke - Various Opportunistic Recordings/2025-04-22/1_18/250422_1610",35903.04,35904,"auto_ambient_night"
"Luke - Various Opportunistic Recordings/2025-04-22/1_51/250422_1636",39758.4,39759.36,"auto_ambient_night"
"Luke - Various Opportunistic Recordings/2025-04-22/1_51/250424_1831",21862.08,21863.04,"auto_ambient_night"
"Luke - Various Opportunistic Recordings/2025-04-22/1_51/250424_1831",23768.64,23769.6,"auto_ambient_night"
"Luke - Various Opportunistic Recordings/2025-04-22/1_51/250424_1831",28591.68,28592.64,"auto_ambient_night"
"Luke - Various Opportunistic Recordings/2025-04-22/1_76/250422_1610",24802.56,24803.52,"auto_ambient_night"
"Luke - Various Opportunistic Recordings/2025-04-22/1_76/250422_1610",35705.28,35706.24,"auto_ambient_night"
"Luke - Various Opportunistic Recordings/2025-04-22/1_76/250422_1610",36637.44,36638.4,"auto_ambient_night"
"Luke - Various Opportunistic Recordings/2025-04-22/1_80/250424_1833",22488,22488.96,"auto_ambient_night"
"Luke - Various Opportunistic Recordings/2025-04-22/1_90/250422_1610",35703.36,35704.32,"auto_ambient_night"
"Luke - Various Opportunistic Recordings/2025-04-22/22/250424_1828",21492.48,21493.44,"auto_ambient_night"
"Luke - Various Opportunistic Recordings/2025-04-22/22/250424_1828",21933.12,21934.08,"auto_ambient_night"
"Luke - Various Opportunistic Recordings/2025-04-22/22/250424_1828",22035.84,22036.8,"auto_ambient_night"
"Luke - Various Opportunistic Recordings/2025-04-22/22/250424_1828",22230.72,22231.68,"auto_ambient_night"
"Luke - Various Opportunistic Recordings/2025-04-22/22/250424_1828",22996.8,22997.76,"auto_ambient_night"
"Luke - Various Opportunistic Recordings/2025-04-22/22/250424_1828",23040,23040.96,"auto_ambient_night"
"Luke - Various Opportunistic Recordings/2025-04-22/22/250424_1828",23884.8,23885.76,"auto_ambient_night"
"Luke - Various Opportunistic Recordings/2025-04-22/50/250424_1835",16249.92,16250.88,"auto_ambient_night"
"Luke - Various Opportunistic Recordings/2025-04-22/50/250424_1835",19316.16,19317.12,"auto_ambient_night"
"Luke - Various Opportunistic Recordings/2025-04-22/50/250424_1835",20322.24,20323.2,"auto_ambient_night"
"Luke - Various Opportunistic Recordings/2025-04-22/50/250424_1835",21524.16,21525.12,"auto_ambient_night"
"Luke - Various Opportunistic Recordings/2025-04-22/54/250424_1831_01",28660.8,28661.76,"auto_ambient_night"
"Luke - Various Opportunistic Recordings/2025-04-23/1_40/250424_1842",16557.12,16558.08,"auto_ambient_night"
"Luke - Various Opportunistic Recordings/2025-07-23/1_48/250724_1740",25659.84,25660.8,"auto_ambient_night"
"Luke - Various Opportunistic Recordings/2025-07-23/5/250724_1743",23649.6,23650.56,"auto_ambient_night"
"Luke - Various Opportunistic Recordings/2025-08-12/6/250812_1147",55535.04,55536,"auto_ambient_night"
"Luke - Various Opportunistic Recordings/2025-04-22/1_18/250422_1610",34617.6,34618.56,"auto_ambient_night"
"Luke - Various Opportunistic Recordings/2025-04-22/1_18/250422_1610",35785.92,35786.88,"auto_ambient_night"
"Luke - Various Opportunistic Recordings/2025-04-22/1_51/250424_1831",21687.36,21688.32,"auto_ambient_night"
"Luke - Various Opportunistic Recordings/2025-04-22/1_51/250424_1831",22834.56,22835.52,"auto_ambient_night"
"Luke - Various Opportunistic Recordings/2025-04-22/1_51/250424_1831",23653.44,23654.4,"auto_ambient_night"
"Luke - Various Opportunistic Recordings/2025-04-22/1_76/250422_1610",36103.68,36104.64,"auto_ambient_night"
"Luke - Various Opportunistic Recordings/2025-04-22/1_80/250424_1833",21444.48,21445.44,"auto_ambient_night"
"Luke - Various Opportunistic Recordings/2025-04-22/1_80/250424_1833",23395.2,23396.16,"auto_ambient_night"
"Luke - Various Opportunistic Recordings/2025-04-22/1_90/250422_1610",25510.08,25511.04,"auto_ambient_night"
"Luke - Various Opportunistic Recordings/2025-04-22/1_90/250422_1610",28967.04,28968,"auto_ambient_night"
"Luke - Various Opportunistic Recordings/2025-04-22/1_90/250422_1610",34848.96,34849.92,"auto_ambient_night"
"Luke - Various Opportunistic Recordings/2025-04-22/1_90/250422_1610",34852.8,34853.76,"auto_ambient_night"
"Luke - Various Opportunistic Recordings/2025-04-22/1_90/250422_1610",34883.52,34884.48,"auto_ambient_night"
"Luke - Various Opportunistic Recordings/2025-04-22/1_90/250422_1610",35687.04,35688,"auto_ambient_night"
"Luke - Various Opportunistic Recordings/2025-04-22/1_90/250422_1610",35743.68,35744.64,"auto_ambient_night"
"Luke - Various Opportunistic Recordings/2025-04-22/1_90/250422_1610",35925.12,35926.08,"auto_ambient_night"
"Luke - Various Opportunistic Recordings/2025-04-22/1_90/250422_1610",36095.04,36096,"auto_ambient_night"
"Luke - Various Opportunistic Recordings/2025-04-22/1_90/250422_1610",36475.2,36476.16,"auto_ambient_night"
"Luke - Various Opportunistic Recordings/2025-04-22/22/250424_1828",21943.68,21944.64,"auto_ambient_night"
"Luke - Various Opportunistic Recordings/2025-04-22/22/250424_1828",22540.8,22541.76,"auto_ambient_night"
"Luke - Various Opportunistic Recordings/2025-04-22/22/250424_1828",24258.24,24259.2,"auto_ambient_night"
"Luke - Various Opportunistic Recordings/2025-04-22/50/250424_1835",19537.92,19538.88,"auto_ambient_night"
"Luke - Various Opportunistic Recordings/2025-04-22/50/250424_1835",28282.56,28283.52,"auto_ambient_night"
"Luke - Various Opportunistic Recordings/2025-04-22/54/250424_1831_01",21793.92,21794.88,"auto_ambient_night"
"Luke - Various Opportunistic Recordings/2025-04-22/54/250424_1831_01",24262.08,24263.04,"auto_ambient_night"
"Luke - Various Opportunistic Recordings/2025-04-23/1_40/250424_1842",23171.52,23172.48,"auto_ambient_night"
"Luke - Various Opportunistic Recordings/2025-07-15/1_21/250715_1632",129575.04,129576,"auto_ambient_night"
"Luke - Various Opportunistic Recordings/2025-07-23/1_48/250724_1740",20376.96,20377.92,"auto_ambient_night"
"Luke - Various Opportunistic Recordings/2025-07-23/1_48/250724_1740",20424,20424.96,"auto_ambient_night"
"Luke - Various Opportunistic Recordings/2025-07-23/5/250724_1743",19516.8,19517.76,"auto_ambient_night"
"Luke - Various Opportunistic Recordings/2025-08-08/1_95/250808_1237",46966.08,46967.04,"auto_ambient_night"
"Luke - Various Opportunistic Recordings/2025-08-21/1_62/250821_1338",121150.08,121151.04,"auto_ambient_night"
"Luke - Various Opportunistic Recordings/2025-04-22/1_107/250422_1610",34615.68,34616.64,"auto_ambient_night"
"Luke - Various Opportunistic Recordings/2025-04-22/1_107/250422_1610",35618.88,35619.84,"auto_ambient_night"
"Luke - Various Opportunistic Recordings/2025-04-22/1_18/250422_1610",34626.24,34627.2,"auto_ambient_night"
"Luke - Various Opportunistic Recordings/2025-04-22/1_18/250422_1610",35972.16,35973.12,"auto_ambient_night"
"Luke - Various Opportunistic Recordings/2025-04-22/1_18/250422_1610",36053.76,36054.72,"auto_ambient_night"
"Luke - Various Opportunistic Recordings/2025-04-22/1_18/250422_1610",37024.32,37025.28,"auto_ambient_night"
"Luke - Various Opportunistic Recordings/2025-04-22/1_44/250424_1827",26671.68,26672.64,"auto_ambient_night"
"Luke - Various Opportunistic Recordings/2025-04-22/1_44/250424_1827",27941.76,27942.72,"auto_ambient_night"
"Luke - Various Opportunistic Recordings/2025-04-22/1_44/250424_1827",28900.8,28901.76,"auto_ambient_night"
"Luke - Various Opportunistic Recordings/2025-04-22/1_51/250424_1831",21317.76,21318.72,"auto_ambient_night"
"Luke - Various Opportunistic Recordings/2025-04-22/1_51/250424_1831",21621.12,21622.08,"auto_ambient_night"
"Luke - Various Opportunistic Recordings/2025-04-22/1_51/250424_1831",21741.12,21742.08,"auto_ambient_night"
"Luke - Various Opportunistic Recordings/2025-04-22/1_51/250424_1831",23416.32,23417.28,"auto_ambient_night"
"Luke - Various Opportunistic Recordings/2025-04-22/1_51/250424_1831",23641.92,23642.88,"auto_ambient_night"
"Luke - Various Opportunistic Recordings/2025-04-22/1_51/250424_1831",24363.84,24364.8,"auto_ambient_night"
"Luke - Various Opportunistic Recordings/2025-04-22/1_76/250422_1610",29013.12,29014.08,"auto_ambient_night"
"Luke - Various Opportunistic Recordings/2025-04-22/1_76/250422_1610",30593.28,30594.24,"auto_ambient_night"
"Luke - Various Opportunistic Recordings/2025-04-22/1_90/250422_1610",30331.2,30332.16,"auto_ambient_night"
"Luke - Various Opportunistic Recordings/2025-04-22/1_90/250422_1610",30596.16,30597.12,"auto_ambient_night"
"Luke - Various Opportunistic Recordings/2025-04-22/1_90/250422_1610",34996.8,34997.76,"auto_ambient_night"
"Luke - Various Opportunistic Recordings/2025-04-22/1_90/250422_1610",35749.44,35750.4,"auto_ambient_night"
"Luke - Various Opportunistic Recordings/2025-04-22/1_90/250422_1610",35809.92,35810.88,"auto_ambient_night"
"Luke - Various Opportunistic Recordings/2025-04-22/1_90/250422_1610",35996.16,35997.12,"auto_ambient_night"
"Luke - Various Opportunistic Recordings/2025-04-22/1_90/250422_1610",36143.04,36144,"auto_ambient_night"
"Luke - Various Opportunistic Recordings/2025-04-22/1_90/250422_1610",36239.04,36240,"auto_ambient_night"
"Luke - Various Opportunistic Recordings/2025-04-22/1_90/250422_1610",36551.04,36552,"auto_ambient_night"
"Luke - Various Opportunistic Recordings/2025-04-22/22/250424_1828",19679.04,19680,"auto_ambient_night"
"Luke - Various Opportunistic Recordings/2025-04-22/22/250424_1828",21397.44,21398.4,"auto_ambient_night"
"Luke - Various Opportunistic Recordings/2025-04-22/22/250424_1828",22763.52,22764.48,"auto_ambient_night"
"Luke - Various Opportunistic Recordings/2025-04-22/50/250424_1835",22288.32,22289.28,"auto_ambient_night"
"Luke - Various Opportunistic Recordings/2025-04-23/1_108/250423_1446",47443.2,47444.16,"auto_ambient_night"
"Luke - Various Opportunistic Recordings/2025-04-23/1_40/250424_1842",21023.04,21024,"auto_ambient_night"
"Luke - Various Opportunistic Recordings/2025-04-23/1_40/250424_1842",21747.84,21748.8,"auto_ambient_night"
"Luke - Various Opportunistic Recordings/2025-07-09/1_29/250711_1150",129472.32,129473.28,"auto_ambient_night"
"Luke - Various Opportunistic Recordings/2025-07-23/1_48/250724_1740",21623.04,21624,"auto_ambient_night"
"Luke - Various Opportunistic Recordings/2025-07-23/1_48/250724_1740",21834.24,21835.2,"auto_ambient_night"
"Luke - Various Opportunistic Recordings/2025-07-23/1_48/250724_1740",22932.48,22933.44,"auto_ambient_night"
"Luke - Various Opportunistic Recordings/2025-07-23/1_48/250724_1740",22950.72,22951.68,"auto_ambient_night"
"Luke - Various Opportunistic Recordings/2025-07-23/1_48/250724_1740",25505.28,25506.24,"auto_ambient_night"
"Luke - Various Opportunistic Recordings/2025-07-23/5/250724_1743",24444.48,24445.44,"auto_ambient_night"
"Luke - Various Opportunistic Recordings/2025-04-22/1_107/250422_1610",34546.56,34547.52,"auto_ambient_night"
"Luke - Various Opportunistic Recordings/2025-04-22/1_107/250422_1610",37056.96,37057.92,"auto_ambient_night"
"Luke - Various Opportunistic Recordings/2025-04-22/1_107/250424_1825",32011.2,32012.16,"auto_ambient_night"
"Luke - Various Opportunistic Recordings/2025-04-22/1_44/250424_1827",23013.12,23014.08,"auto_ambient_night"
"Luke - Various Opportunistic Recordings/2025-04-22/1_51/250424_1831",21837.12,21838.08,"auto_ambient_night"
"Luke - Various Opportunistic Recordings/2025-04-22/1_51/250424_1831",21842.88,21843.84,"auto_ambient_night"
"Luke - Various Opportunistic Recordings/2025-04-22/1_51/250424_1831",22159.68,22160.64,"auto_ambient_night"
"Luke - Various Opportunistic Recordings/2025-04-22/1_51/250424_1831",22991.04,22992,"auto_ambient_night"
"Luke - Various Opportunistic Recordings/2025-04-22/1_76/250422_1610",35785.92,35786.88,"auto_ambient_night"
"Luke - Various Opportunistic Recordings/2025-04-22/1_76/250422_1610",35880.96,35881.92,"auto_ambient_night"
"Luke - Various Opportunistic Recordings/2025-04-22/1_80/250422_1636",25954.56,25955.52,"auto_ambient_night"
"Luke - Various Opportunistic Recordings/2025-04-22/1_80/250424_1833",19475.52,19476.48,"auto_ambient_night"
"Luke - Various Opportunistic Recordings/2025-04-22/1_80/250424_1833",23037.12,23038.08,"auto_ambient_night"
"Luke - Various Opportunistic Recordings/2025-04-22/1_90/250422_1610",27496.32,27497.28,"auto_ambient_night"
"Luke - Various Opportunistic Recordings/2025-04-22/1_90/250422_1610",33781.44,33782.4,"auto_ambient_night"
"Luke - Various Opportunistic Recordings/2025-04-22/1_90/250422_1610",34628.16,34629.12,"auto_ambient_night"
"Luke - Various Opportunistic Recordings/2025-04-22/1_90/250422_1610",34792.32,34793.28,"auto_ambient_night"
"Luke - Various Opportunistic Recordings/2025-04-22/1_90/250422_1610",35011.2,35012.16,"auto_ambient_night"
"Luke - Various Opportunistic Recordings/2025-04-22/1_90/250422_1610",35769.6,35770.56,"auto_ambient_night"
"Luke - Various Opportunistic Recordings/2025-04-22/1_90/250422_1610",35904,35904.96,"auto_ambient_night"
"Luke - Various Opportunistic Recordings/2025-04-22/1_90/250422_1610",35958.72,35959.68,"auto_ambient_night"
"Luke - Various Opportunistic Recordings/2025-04-22/1_90/250422_1610",36241.92,36242.88,"auto_ambient_night"
"Luke - Various Opportunistic Recordings/2025-04-22/22/250424_1828",21915.84,21916.8,"auto_ambient_night"
"Luke - Various Opportunistic Recordings/2025-04-22/22/250424_1828",22595.52,22596.48,"auto_ambient_night"
"Luke - Various Opportunistic Recordings/2025-04-22/22/250424_1828",22807.68,22808.64,"auto_ambient_night"
"Luke - Various Opportunistic Recordings/2025-04-22/22/250424_1828",28806.72,28807.68,"auto_ambient_night"
"Luke - Various Opportunistic Recordings/2025-04-22/54/250424_1831_01",21082.56,21083.52,"auto_ambient_night"
"Luke - Various Opportunistic Recordings/2025-04-22/54/250424_1831_01",21780.48,21781.44,"auto_ambient_night"
"Luke - Various Opportunistic Recordings/2025-04-23/1_40/250424_1842",21093.12,21094.08,"auto_ambient_night"
"Luke - Various Opportunistic Recordings/2025-04-23/1_40/250424_1842",23822.4,23823.36,"auto_ambient_night"
"Luke - Various Opportunistic Recordings/2025-07-09/51/250709_0958_01",139872.96,139873.92,"auto_ambient_night"
"Luke - Various Opportunistic Recordings/2025-07-15/1_95/250717_1356",36231.36,36232.32,"auto_ambient_night"
"Luke - Various Opportunistic Recordings/2025-07-23/1_32/250723_0815",142936.32,142937.28,"auto_ambient_night"
"Luke - Various Opportunistic Recordings/2025-07-23/1_32/250723_0815",148895.04,148896,"auto_ambient_night"
"Luke - Various Opportunistic Recordings/2025-08-21/1_62/250821_1338",121113.6,121114.56,"auto_ambient_night"
"Luke - Various Opportunistic Recordings/2025-04-22/1_107/250422_1610",34609.92,34610.88,"auto_ambient_night"
"Luke - Various Opportunistic Recordings/2025-04-22/1_107/250425_1931",114807.36,114808.32,"auto_ambient_night"
"Luke - Various Opportunistic Recordings/2025-04-22/1_18/250422_1610",28968,28968.96,"auto_ambient_night"
"Luke - Various Opportunistic Recordings/2025-04-22/1_18/250422_1610",34606.08,34607.04,"auto_ambient_night"
"Luke - Various Opportunistic Recordings/2025-04-22/1_51/250422_1636",24430.08,24431.04,"auto_ambient_night"
"Luke - Various Opportunistic Recordings/2025-04-22/1_51/250424_1831",21238.08,21239.04,"auto_ambient_night"
"Luke - Various Opportunistic Recordings/2025-04-22/1_51/250424_1831",22651.2,22652.16,"auto_ambient_night"
"Luke - Various Opportunistic Recordings/2025-04-22/1_51/250424_1831",22694.4,22695.36,"auto_ambient_night"
"Luke - Various Opportunistic Recordings/2025-04-22/1_51/250424_1831",22776.96,22777.92,"auto_ambient_night"
"Luke - Various Opportunistic Recordings/2025-04-22/1_51/250424_1831",23779.2,23780.16,"auto_ambient_night"
"Luke - Various Opportunistic Recordings/2025-04-22/1_51/250424_1831",26497.92,26498.88,"auto_ambient_night"
"Luke - Various Opportunistic Recordings/2025-04-22/1_76/250422_1610",31825.92,31826.88,"auto_ambient_night"
"Luke - Various Opportunistic Recordings/2025-04-22/1_76/250422_1610",35756.16,35757.12,"auto_ambient_night"
"Luke - Various Opportunistic Recordings/2025-04-22/1_80/250424_1833",28565.76,28566.72,"auto_ambient_night"
"Luke - Various Opportunistic Recordings/2025-04-22/1_90/250422_1610",33109.44,33110.4,"auto_ambient_night"
"Luke - Various Opportunistic Recordings/2025-04-22/1_90/250422_1610",35010.24,35011.2,"auto_ambient_night"
"Luke - Various Opportunistic Recordings/2025-04-22/1_90/250422_1610",37067.52,37068.48,"auto_ambient_night"
"Luke - Various Opportunistic Recordings/2025-04-22/1_90/250425_1926",13950.72,13951.68,"auto_ambient_night"
"Luke - Various Opportunistic Recordings/2025-04-22/22/250424_1828",20532.48,20533.44,"auto_ambient_night"
"Luke - Various Opportunistic Recordings/2025-04-22/22/250424_1828",23736.96,23737.92,"auto_ambient_night"
"Luke - Various Opportunistic Recordings/2025-04-22/50/250424_1835",19565.76,19566.72,"auto_ambient_night"
"Luke - Various Opportunistic Recordings/2025-04-22/50/250424_1835",20996.16,20997.12,"auto_ambient_night"
"Luke - Various Opportunistic Recordings/2025-04-22/50/250424_1835",27744.96,27745.92,"auto_ambient_night"
"Luke - Various Opportunistic Recordings/2025-04-22/50/250424_1835",28411.2,28412.16,"auto_ambient_night"
"Luke - Various Opportunistic Recordings/2025-04-23/1_40/250424_1842",19519.68,19520.64,"auto_ambient_night"
"Luke - Various Opportunistic Recordings/2025-07-23/1_48/250723_0815",61501.44,61502.4,"auto_ambient_night"
"Luke - Various Opportunistic Recordings/2025-07-23/1_48/250724_1740",21836.16,21837.12,"auto_ambient_night"
"Luke - Various Opportunistic Recordings/2025-07-23/1_48/250724_1740",25660.8,25661.76,"auto_ambient_night"
"Luke - Various Opportunistic Recordings/2025-07-23/5/250724_1743",24150.72,24151.68,"auto_ambient_night"
"Luke - Various Opportunistic Recordings/2025-07-23/5/250724_1743",24582.72,24583.68,"auto_ambient_night"
"Luke - Various Opportunistic Recordings/2025-08-12/1_10/250812_1219",53513.28,53514.24,"auto_ambient_night"
"Luke - Various Opportunistic Recordings/2025-04-22/1_107/250422_1610",35976,35976.96,"auto_ambient_night"
"Luke - Various Opportunistic Recordings/2025-04-22/1_44/250424_1827",22153.92,22154.88,"auto_ambient_night"
"Luke - Various Opportunistic Recordings/2025-04-22/1_51/250424_1831",21373.44,21374.4,"auto_ambient_night"
"Luke - Various Opportunistic Recordings/2025-04-22/1_51/250424_1831",21767.04,21768,"auto_ambient_night"
"Luke - Various Opportunistic Recordings/2025-04-22/1_51/250424_1831",21860.16,21861.12,"auto_ambient_night"
"Luke - Various Opportunistic Recordings/2025-04-22/1_51/250424_1831",21979.2,21980.16,"auto_ambient_night"
"Luke - Various Opportunistic Recordings/2025-04-22/1_51/250424_1831",22706.88,22707.84,"auto_ambient_night"
"Luke - Various Opportunistic Recordings/2025-04-22/1_51/250424_1831",22763.52,22764.48,"auto_ambient_night"
"Luke - Various Opportunistic Recordings/2025-04-22/1_51/250424_1831",22920.96,22921.92,"auto_ambient_night"
"Luke - Various Opportunistic Recordings/2025-04-22/1_51/250424_1831",22938.24,22939.2,"auto_ambient_night"
"Luke - Various Opportunistic Recordings/2025-04-22/1_51/250424_1831",27227.52,27228.48,"auto_ambient_night"
"Luke - Various Opportunistic Recordings/2025-04-22/1_51/250424_1831",28046.4,28047.36,"auto_ambient_night"
"Luke - Various Opportunistic Recordings/2025-04-22/1_51/250424_1831",28520.64,28521.6,"auto_ambient_night"
"Luke - Various Opportunistic Recordings/2025-04-22/1_76/250422_1610",34567.68,34568.64,"auto_ambient_night"
"Luke - Various Opportunistic Recordings/2025-04-22/1_76/250422_1610",35928.96,35929.92,"auto_ambient_night"
"Luke - Various Opportunistic Recordings/2025-04-22/1_80/250422_1636",25941.12,25942.08,"auto_ambient_night"
"Luke - Various Opportunistic Recordings/2025-04-22/1_80/250422_1636",26002.56,26003.52,"auto_ambient_night"
"Luke - Various Opportunistic Recordings/2025-04-22/1_80/250424_1833",22718.4,22719.36,"auto_ambient_night"
"Luke - Various Opportunistic Recordings/2025-04-22/1_90/250422_1610",25632.96,25633.92,"auto_ambient_night"
"Luke - Various Opportunistic Recordings/2025-04-22/1_90/250422_1610",29005.44,29006.4,"auto_ambient_night"
"Luke - Various Opportunistic Recordings/2025-04-22/1_90/250422_1610",35039.04,35040,"auto_ambient_night"
"Luke - Various Opportunistic Recordings/2025-04-22/1_90/250422_1610",35611.2,35612.16,"auto_ambient_night"
"Luke - Various Opportunistic Recordings/2025-04-22/1_90/250422_1610",35613.12,35614.08,"auto_ambient_night"
"Luke - Various Opportunistic Recordings/2025-04-22/1_90/250422_1610",35714.88,35715.84,"auto_ambient_night"
"Luke - Various Opportunistic Recordings/2025-04-22/1_90/250422_1610",35908.8,35909.76,"auto_ambient_night"
"Luke - Various Opportunistic Recordings/2025-04-22/1_90/250422_1610",37087.68,37088.64,"auto_ambient_night"
"Luke - Various Opportunistic Recordings/2025-04-22/1_90/250424_1823",20070.72,20071.68,"auto_ambient_night"
"Luke - Various Opportunistic Recordings/2025-04-22/1_90/250425_1926",111380.16,111381.12,"auto_ambient_night"
"Luke - Various Opportunistic Recordings/2025-04-22/1_90/250425_1926",114286.08,114287.04,"auto_ambient_night"
"Luke - Various Opportunistic Recordings/2025-04-22/1_90/250425_1926",114316.8,114317.76,"auto_ambient_night"
"Luke - Various Opportunistic Recordings/2025-04-22/22/250424_1828",20497.92,20498.88,"auto_ambient_night"
"Luke - Various Opportunistic Recordings/2025-04-22/22/250424_1828",22705.92,22706.88,"auto_ambient_night"
"Luke - Various Opportunistic Recordings/2025-04-22/22/250424_1828",28603.2,28604.16,"auto_ambient_night"
"Luke - Various Opportunistic Recordings/2025-04-22/50/250424_1835",21521.28,21522.24,"auto_ambient_night"
"Luke - Various Opportunistic Recordings/2025-04-22/54/250424_1831_01",24002.88,24003.84,"auto_ambient_night"
"Luke - Various Opportunistic Recordings/2025-04-23/1_40/250424_1842",22734.72,22735.68,"auto_ambient_night"
"Luke - Various Opportunistic Recordings/2025-04-23/1_40/250424_1842",27500.16,27501.12,"auto_ambient_night"
"Luke - Various Opportunistic Recordings/2025-04-23/1_98/250424_1826",19959.36,19960.32,"auto_ambient_night"
"Luke - Various Opportunistic Recordings/2025-07-03/1_82/250703_1610",44192.64,44193.6,"auto_ambient_night"
"Luke - Various Opportunistic Recordings/2025-07-07/24/250707_1037",53256,53256.96,"auto_ambient_night"
"Luke - Various Opportunistic Recordings/2025-07-15/1_107/250715_1642",110058.24,110059.2,"auto_ambient_night"
"Luke - Various Opportunistic Recordings/2025-07-15/1_21/250731_1511",38063.04,38064,"auto_ambient_night"
"Luke - Various Opportunistic Recordings/2025-07-23/1_48/250724_1740",22913.28,22914.24,"auto_ambient_night"
"Luke - Various Opportunistic Recordings/2025-07-23/1_48/250724_1740",25026.24,25027.2,"auto_ambient_night"
"Luke - Various Opportunistic Recordings/2025-07-23/1_48/250724_1740",32791.68,32792.64,"auto_ambient_night"
"Luke - Various Opportunistic Recordings/2025-07-29/1_73/250729_1306",140325.12,140326.08,"auto_ambient_night"
"Luke - Various Opportunistic Recordings/2025-08-08/52/250808_1237",57555.84,57556.8,"auto_ambient_night"
"Luke - Various Opportunistic Recordings/2025-04-22/1_107/250422_1610",34537.92,34538.88,"auto_ambient_night"
"Luke - Various Opportunistic Recordings/2025-04-22/1_107/250422_1610",35940.48,35941.44,"auto_ambient_night"
"Luke - Various Opportunistic Recordings/2025-04-22/1_44/250424_1827",20592.96,20593.92,"auto_ambient_night"
"Luke - Various Opportunistic Recordings/2025-04-22/1_51/250422_1636",29080.32,29081.28,"auto_ambient_night"
"Luke - Various Opportunistic Recordings/2025-04-22/1_51/250424_1831",20028.48,20029.44,"auto_ambient_night"
"Luke - Various Opportunistic Recordings/2025-04-22/1_51/250424_1831",20425.92,20426.88,"auto_ambient_night"
"Luke - Various Opportunistic Recordings/2025-04-22/1_51/250424_1831",21374.4,21375.36,"auto_ambient_night"
"Luke - Various Opportunistic Recordings/2025-04-22/1_51/250424_1831",22152,22152.96,"auto_ambient_night"
"Luke - Various Opportunistic Recordings/2025-04-22/1_51/250424_1831",22158.72,22159.68,"auto_ambient_night"
"Luke - Various Opportunistic Recordings/2025-04-22/1_51/250424_1831",23664,23664.96,"auto_ambient_night"
"Luke - Various Opportunistic Recordings/2025-04-22/1_80/250422_1636",31584.96,31585.92,"auto_ambient_night"
"Luke - Various Opportunistic Recordings/2025-04-22/1_80/250424_1833",19490.88,19491.84,"auto_ambient_night"
"Luke - Various Opportunistic Recordings/2025-04-22/1_80/250424_1833",21169.92,21170.88,"auto_ambient_night"
"Luke - Various Opportunistic Recordings/2025-04-22/1_90/250422_1610",34409.28,34410.24,"auto_ambient_night"
"Luke - Various Opportunistic Recordings/2025-04-22/1_90/250422_1610",35707.2,35708.16,"auto_ambient_night"
"Luke - Various Opportunistic Recordings/2025-04-22/1_90/250422_1610",35766.72,35767.68,"auto_ambient_night"
"Luke - Various Opportunistic Recordings/2025-04-22/1_90/250422_1610",36179.52,36180.48,"auto_ambient_night"
"Luke - Various Opportunistic Recordings/2025-04-22/1_90/250422_1610",36987.84,36988.8,"auto_ambient_night"
"Luke - Various Opportunistic Recordings/2025-04-22/22/250424_1828",22919.04,22920,"auto_ambient_night"
"Luke - Various Opportunistic Recordings/2025-04-22/50/250424_1835",20136,20136.96,"auto_ambient_night"
"Luke - Various Opportunistic Recordings/2025-04-22/50/250424_1835",20947.2,20948.16,"auto_ambient_night"
"Luke - Various Opportunistic Recordings/2025-04-22/50/250424_1835",28257.6,28258.56,"auto_ambient_night"
"Luke - Various Opportunistic Recordings/2025-04-22/54/250424_1831_01",21608.64,21609.6,"auto_ambient_night"
"Luke - Various Opportunistic Recordings/2025-04-23/1_40/250424_1842",20876.16,20877.12,"auto_ambient_night"
"Luke - Various Opportunistic Recordings/2025-07-23/1_32/250723_0815",144968.64,144969.6,"auto_ambient_night"
"Luke - Various Opportunistic Recordings/2025-07-23/5/250724_1743",37426.56,37427.52,"auto_ambient_night"
"Luke - Various Opportunistic Recordings/2025-08-08/1_66/250808_1255",45954.24,45955.2,"auto_ambient_night"
"Luke - Various Opportunistic Recordings/2025-08-21/1_62/250821_1338",121114.56,121115.52,"auto_ambient_night"
"Luke - Various Opportunistic Recordings/2025-08-21/1_62/250821_1338",121155.84,121156.8,"auto_ambient_night"
"Luke - Various Opportunistic Recordings/2025-04-22/1_107/250422_1610",34567.68,34568.64,"auto_ambient_night"
"Luke - Various Opportunistic Recordings/2025-04-22/1_18/250422_1610",35733.12,35734.08,"auto_ambient_night"
"Luke - Various Opportunistic Recordings/2025-04-22/1_18/250422_1610",35928.96,35929.92,"auto_ambient_night"
"Luke - Various Opportunistic Recordings/2025-04-22/1_18/250422_1610",36057.6,36058.56,"auto_ambient_night"
"Luke - Various Opportunistic Recordings/2025-04-22/1_44/250424_1827",22075.2,22076.16,"auto_ambient_night"
"Luke - Various Opportunistic Recordings/2025-04-22/1_44/250424_1827",22322.88,22323.84,"auto_ambient_night"
"Luke - Various Opportunistic Recordings/2025-04-22/1_51/250424_1831",19836.48,19837.44,"auto_ambient_night"
"Luke - Various Opportunistic Recordings/2025-04-22/1_51/250424_1831",20387.52,20388.48,"auto_ambient_night"
"Luke - Various Opportunistic Recordings/2025-04-22/1_51/250424_1831",22515.84,22516.8,"auto_ambient_night"
"Luke - Various Opportunistic Recordings/2025-04-22/1_51/250424_1831",22658.88,22659.84,"auto_ambient_night"
"Luke - Various Opportunistic Recordings/2025-04-22/1_51/250424_1831",22764.48,22765.44,"auto_ambient_night"
"Luke - Various Opportunistic Recordings/2025-04-22/1_51/250424_1831",22977.6,22978.56,"auto_ambient_night"
"Luke - Various Opportunistic Recordings/2025-04-22/1_51/250424_1831",23398.08,23399.04,"auto_ambient_night"
"Luke - Various Opportunistic Recordings/2025-04-22/1_51/250424_1831",28403.52,28404.48,"auto_ambient_night"
"Luke - Various Opportunistic Recordings/2025-04-22/1_51/250424_1831",28825.92,28826.88,"auto_ambient_night"
"Luke - Various Opportunistic Recordings/2025-04-22/1_76/250422_1610",26011.2,26012.16,"auto_ambient_night"
"Luke - Various Opportunistic Recordings/2025-04-22/1_80/250422_1636",25959.36,25960.32,"auto_ambient_night"
"Luke - Various Opportunistic Recordings/2025-04-22/1_80/250424_1833",20398.08,20399.04,"auto_ambient_night"
"Luke - Various Opportunistic Recordings/2025-04-22/1_80/250424_1833",20538.24,20539.2,"auto_ambient_night"
"Luke - Various Opportunistic Recordings/2025-04-22/1_80/250424_1833",21375.36,21376.32,"auto_ambient_night"
"Luke - Various Opportunistic Recordings/2025-04-22/1_80/250424_1833",21658.56,21659.52,"auto_ambient_night"
"Luke - Various Opportunistic Recordings/2025-04-22/1_80/250424_1833",28144.32,28145.28,"auto_ambient_night"
"Luke - Various Opportunistic Recordings/2025-04-22/1_90/250422_1610",28994.88,28995.84,"auto_ambient_night"
"Luke - Various Opportunistic Recordings/2025-04-22/1_90/250422_1610",33770.88,33771.84,"auto_ambient_night"
"Luke - Various Opportunistic Recordings/2025-04-22/1_90/250422_1610",34558.08,34559.04,"auto_ambient_night"
"Luke - Various Opportunistic Recordings/2025-04-22/1_90/250422_1610",34858.56,34859.52,"auto_ambient_night"
"Luke - Various Opportunistic Recordings/2025-04-22/1_90/250422_1610",37030.08,37031.04,"auto_ambient_night"
"Luke - Various Opportunistic Recordings/2025-04-22/1_90/250425_1926",111284.16,111285.12,"auto_ambient_night"
"Luke - Various Opportunistic Recordings/2025-04-22/1_90/250425_1926",115093.44,115094.4,"auto_ambient_night"
"Luke - Various Opportunistic Recordings/2025-04-22/22/250424_1828",20832,20832.96,"auto_ambient_night"
"Luke - Various Opportunistic Recordings/2025-04-22/22/250424_1828",21993.6,21994.56,"auto_ambient_night"
"Luke - Various Opportunistic Recordings/2025-04-22/22/250424_1828",22698.24,22699.2,"auto_ambient_night"
"Luke - Various Opportunistic Recordings/2025-04-22/22/250424_1828",23977.92,23978.88,"auto_ambient_night"
"Luke - Various Opportunistic Recordings/2025-04-22/22/250424_1828",26791.68,26792.64,"auto_ambient_night"
"Luke - Various Opportunistic Recordings/2025-04-22/50/250424_1835",19508.16,19509.12,"auto_ambient_night"
"Luke - Various Opportunistic Recordings/2025-04-22/50/250424_1835",20339.52,20340.48,"auto_ambient_night"
"Luke - Various Opportunistic Recordings/2025-04-22/50/250424_1835",23366.4,23367.36,"auto_ambient_night"
"Luke - Various Opportunistic Recordings/2025-04-22/50/250424_1835",25776.96,25777.92,"auto_ambient_night"
"Luke - Various Opportunistic Recordings/2025-04-22/54/250424_1831_01",21762.24,21763.2,"auto_ambient_night"
"Luke - Various Opportunistic Recordings/2025-04-22/54/250424_1831_01",27422.4,27423.36,"auto_ambient_night"
"Luke - Various Opportunistic Recordings/2025-04-22/54/250424_1831_01",28657.92,28658.88,"auto_ambient_night"
"Luke - Various Opportunistic Recordings/2025-04-23/1_40/250424_1842",22016.64,22017.6,"auto_ambient_night"
"Luke - Various Opportunistic Recordings/2025-04-23/1_40/250424_1842",23232,23232.96,"auto_ambient_night"
"Luke - Various Opportunistic Recordings/2025-04-23/1_71/250424_1841",18039.36,18040.32,"auto_ambient_night"
"Luke - Various Opportunistic Recordings/2025-07-03/1_105/250705_1714",34898.88,34899.84,"auto_ambient_night"
"Luke - Various Opportunistic Recordings/2025-07-15/1_1/250715_1641",110129.28,110130.24,"auto_ambient_night"
"Luke - Various Opportunistic Recordings/2025-07-23/1_48/250724_1740",19206.72,19207.68,"auto_ambient_night"
"Luke - Various Opportunistic Recordings/2025-07-23/1_48/250724_1740",19614.72,19615.68,"auto_ambient_night"
"Luke - Various Opportunistic Recordings/2025-07-23/1_72/250724_1741_01",23745.6,23746.56,"auto_ambient_night"
"Luke - Various Opportunistic Recordings/2025-07-23/5/250724_1743",19628.16,19629.12,"auto_ambient_night"
"Luke - Various Opportunistic Recordings/2025-07-23/5/250724_1743",23149.44,23150.4,"auto_ambient_night"
"Luke - Various Opportunistic Recordings/2025-08-08/1_95/250810_1419",47277.12,47278.08,"auto_ambient_night"
"Luke - Various Opportunistic Recordings/2025-08-21/1_148/250821_1338",121096.32,121097.28,"auto_ambient_night"
"Luke - Various Opportunistic Recordings/2025-08-21/1_148/250821_1338",121208.64,121209.6,"auto_ambient_night"
"Luke - Various Opportunistic Recordings/2025-08-21/1_62/250823_1520",29517.12,29518.08,"auto_ambient_night"
"Luke - Various Opportunistic Recordings/2025-08-21/1_72/250821_1315",133231.68,133232.64,"auto_ambient_night"
"Luke - Various Opportunistic Recordings/2025-04-22/1_18/250422_1610",33127.68,33128.64,"auto_ambient_night"
"Luke - Various Opportunistic Recordings/2025-04-22/1_18/250424_1822",22637.76,22638.72,"auto_ambient_night"
"Luke - Various Opportunistic Recordings/2025-04-22/1_44/250422_1641",32720.64,32721.6,"auto_ambient_night"
"Luke - Various Opportunistic Recordings/2025-04-22/1_44/250424_1827",28633.92,28634.88,"auto_ambient_night"
"Luke - Various Opportunistic Recordings/2025-04-22/1_51/250422_1636",27431.04,27432,"auto_ambient_night"
"Luke - Various Opportunistic Recordings/2025-04-22/1_51/250424_1831",19975.68,19976.64,"auto_ambient_night"
"Luke - Various Opportunistic Recordings/2025-04-22/1_51/250424_1831",20386.56,20387.52,"auto_ambient_night"
"Luke - Various Opportunistic Recordings/2025-04-22/1_51/250424_1831",22784.64,22785.6,"auto_ambient_night"
"Luke - Various Opportunistic Recordings/2025-04-22/1_76/250422_1610",35852.16,35853.12,"auto_ambient_night"
"Luke - Various Opportunistic Recordings/2025-04-22/1_80/250424_1833",19487.04,19488,"auto_ambient_night"
"Luke - Various Opportunistic Recordings/2025-04-22/1_80/250424_1833",19508.16,19509.12,"auto_ambient_night"
"Luke - Various Opportunistic Recordings/2025-04-22/1_80/250424_1833",22627.2,22628.16,"auto_ambient_night"
"Luke - Various Opportunistic Recordings/2025-04-22/1_80/250424_1833",27473.28,27474.24,"auto_ambient_night"
"Luke - Various Opportunistic Recordings/2025-04-22/1_90/250422_1610",34605.12,34606.08,"auto_ambient_night"
"Luke - Various Opportunistic Recordings/2025-04-22/1_90/250422_1610",34607.04,34608,"auto_ambient_night"
"Luke - Various Opportunistic Recordings/2025-04-22/1_90/250422_1610",34846.08,34847.04,"auto_ambient_night"
"Luke - Various Opportunistic Recordings/2025-04-22/1_90/250422_1610",38558.4,38559.36,"auto_ambient_night"
"Luke - Various Opportunistic Recordings/2025-04-22/1_90/250425_1926",112186.56,112187.52,"auto_ambient_night"
"Luke - Various Opportunistic Recordings/2025-04-22/22/250424_1828",22997.76,22998.72,"auto_ambient_night"
"Luke - Various Opportunistic Recordings/2025-04-22/50/250424_1835",27936.96,27937.92,"auto_ambient_night"
"Luke - Various Opportunistic Recordings/2025-04-22/54/250424_1831_01",22571.52,22572.48,"auto_ambient_night"
"Luke - Various Opportunistic Recordings/2025-04-22/54/250424_1831_01",24289.92,24290.88,"auto_ambient_night"
"Luke - Various Opportunistic Recordings/2025-04-23/1_40/250424_1842",23729.28,23730.24,"auto_ambient_night"
"Luke - Various Opportunistic Recordings/2025-04-23/1_71/250423_1446",35349.12,35350.08,"auto_ambient_night"
"Luke - Various Opportunistic Recordings/2025-07-09/53/250709_0945",138528.96,138529.92,"auto_ambient_night"
"Luke - Various Opportunistic Recordings/2025-07-15/1_1/250717_1824",17125.44,17126.4,"auto_ambient_night"
"Luke - Various Opportunistic Recordings/2025-07-23/1_32/250723_0815",142334.4,142335.36,"auto_ambient_night"
"Luke - Various Opportunistic Recordings/2025-08-08/1_95/250808_1237",38287.68,38288.64,"auto_ambient_night"
"Luke - Various Opportunistic Recordings/2025-08-21/1_62/250823_1520",34449.6,34450.56,"auto_ambient_night"
"Luke - Various Opportunistic Recordings/2025-04-22/1_107/250422_1610",35769.6,35770.56,"auto_ambient_night"
"Luke - Various Opportunistic Recordings/2025-04-22/1_18/250422_1610",35705.28,35706.24,"auto_ambient_night"
"Luke - Various Opportunistic Recordings/2025-04-22/1_51/250424_1831",21216.96,21217.92,"auto_ambient_night"
"Luke - Various Opportunistic Recordings/2025-04-22/1_51/250424_1831",21419.52,21420.48,"auto_ambient_night"
"Luke - Various Opportunistic Recordings/2025-04-22/1_51/250424_1831",21948.48,21949.44,"auto_ambient_night"
"Luke - Various Opportunistic Recordings/2025-04-22/1_51/250424_1831",22653.12,22654.08,"auto_ambient_night"
"Luke - Various Opportunistic Recordings/2025-04-22/1_51/250424_1831",22728.96,22729.92,"auto_ambient_night"
"Luke - Various Opportunistic Recordings/2025-04-22/1_51/250424_1831",23649.6,23650.56,"auto_ambient_night"
"Luke - Various Opportunistic Recordings/2025-04-22/1_51/250424_1831",23766.72,23767.68,"auto_ambient_night"
"Luke - Various Opportunistic Recordings/2025-04-22/1_51/250424_1831",28541.76,28542.72,"auto_ambient_night"
"Luke - Various Opportunistic Recordings/2025-04-22/1_51/250424_1831",28855.68,28856.64,"auto_ambient_night"
"Luke - Various Opportunistic Recordings/2025-04-22/1_76/250422_1610",34759.68,34760.64,"auto_ambient_night"
"Luke - Various Opportunistic Recordings/2025-04-22/1_76/250422_1610",35698.56,35699.52,"auto_ambient_night"
"Luke - Various Opportunistic Recordings/2025-04-22/1_80/250424_1833",19489.92,19490.88,"auto_ambient_night"
"Luke - Various Opportunistic Recordings/2025-04-22/1_80/250424_1833",21316.8,21317.76,"auto_ambient_night"
"Luke - Various Opportunistic Recordings/2025-04-22/1_80/250424_1833",21908.16,21909.12,"auto_ambient_night"
"Luke - Various Opportunistic Recordings/2025-04-22/1_80/250424_1833",22462.08,22463.04,"auto_ambient_night"
"Luke - Various Opportunistic Recordings/2025-04-22/1_80/250424_1833",23628.48,23629.44,"auto_ambient_night"
"Luke - Various Opportunistic Recordings/2025-04-22/1_80/250424_1833",28485.12,28486.08,"auto_ambient_night"
"Luke - Various Opportunistic Recordings/2025-04-22/1_90/250422_1610",28960.32,28961.28,"auto_ambient_night"
"Luke - Various Opportunistic Recordings/2025-04-22/1_90/250422_1610",34961.28,34962.24,"auto_ambient_night"
"Luke - Various Opportunistic Recordings/2025-04-22/1_90/250422_1610",34978.56,34979.52,"auto_ambient_night"
"Luke - Various Opportunistic Recordings/2025-04-22/1_90/250422_1610",34990.08,34991.04,"auto_ambient_night"
"Luke - Various Opportunistic Recordings/2025-04-22/1_90/250422_1610",35568.96,35569.92,"auto_ambient_night"
"Luke - Various Opportunistic Recordings/2025-04-22/1_90/250422_1610",35754.24,35755.2,"auto_ambient_night"
"Luke - Various Opportunistic Recordings/2025-04-22/1_90/250422_1610",35778.24,35779.2,"auto_ambient_night"
"Luke - Various Opportunistic Recordings/2025-04-22/1_90/250422_1610",35937.6,35938.56,"auto_ambient_night"
"Luke - Various Opportunistic Recordings/2025-04-22/1_90/250422_1610",36010.56,36011.52,"auto_ambient_night"
"Luke - Various Opportunistic Recordings/2025-04-22/1_90/250422_1610",37043.52,37044.48,"auto_ambient_night"
"Luke - Various Opportunistic Recordings/2025-04-22/22/250424_1828",19681.92,19682.88,"auto_ambient_night"
"Luke - Various Opportunistic Recordings/2025-04-22/22/250424_1828",20441.28,20442.24,"auto_ambient_night"
"Luke - Various Opportunistic Recordings/2025-04-22/22/250424_1828",21477.12,21478.08,"auto_ambient_night"
"Luke - Various Opportunistic Recordings/2025-04-22/22/250424_1828",21906.24,21907.2,"auto_ambient_night"
"Luke - Various Opportunistic Recordings/2025-04-22/54/250424_1831_01",21852.48,21853.44,"auto_ambient_night"
"Luke - Various Opportunistic Recordings/2025-04-22/54/250424_1831_01",27889.92,27890.88,"auto_ambient_night"
"Luke - Various Opportunistic Recordings/2025-04-23/1_40/250424_1842",27760.32,27761.28,"auto_ambient_night"
"Luke - Various Opportunistic Recordings/2025-07-03/19/250703_1552",31203.84,31204.8,"auto_ambient_night"
"Luke - Various Opportunistic Recordings/2025-07-09/1_19/250711_1145",55125.12,55126.08,"auto_ambient_night"
"Luke - Various Opportunistic Recordings/2025-07-15/1_1/250715_1641",110139.84,110140.8,"auto_ambient_night"
"Luke - Various Opportunistic Recordings/2025-07-15/1_101/250715_1640",23449.92,23450.88,"auto_ambient_night"
"Luke - Various Opportunistic Recordings/2025-07-15/1_107/250715_1642",110064,110064.96,"auto_ambient_night"
"Luke - Various Opportunistic Recordings/2025-07-15/1_95/250717_1356",35952.96,35953.92,"auto_ambient_night"
"Luke - Various Opportunistic Recordings/2025-07-23/1_48/250724_1740",19613.76,19614.72,"auto_ambient_night"
"Luke - Various Opportunistic Recordings/2025-07-29/1_73/250729_1306",140919.36,140920.32,"auto_ambient_night"
"Luke - Various Opportunistic Recordings/2025-08-12/1_16/250812_1238",41527.68,41528.64,"auto_ambient_night"
"Luke - Various Opportunistic Recordings/2025-08-21/1_62/250821_1338",121147.2,121148.16,"auto_ambient_night"
"Luke - Various Opportunistic Recordings/2025-04-22/1_44/250424_1827",29040.96,29041.92,"auto_ambient_night"
"Luke - Various Opportunistic Recordings/2025-04-22/1_51/250424_1831",21825.6,21826.56,"auto_ambient_night"
"Luke - Various Opportunistic Recordings/2025-04-22/1_51/250424_1831",21972.48,21973.44,"auto_ambient_night"
"Luke - Various Opportunistic Recordings/2025-04-22/1_51/250424_1831",22508.16,22509.12,"auto_ambient_night"
"Luke - Various Opportunistic Recordings/2025-04-22/1_51/250424_1831",23275.2,23276.16,"auto_ambient_night"
"Luke - Various Opportunistic Recordings/2025-04-22/1_51/250424_1831",23407.68,23408.64,"auto_ambient_night"
"Luke - Various Opportunistic Recordings/2025-04-22/1_51/250424_1831",24149.76,24150.72,"auto_ambient_night"
"Luke - Various Opportunistic Recordings/2025-04-22/1_51/250424_1831",26481.6,26482.56,"auto_ambient_night"
"Luke - Various Opportunistic Recordings/2025-04-22/1_76/250422_1610",36024,36024.96,"auto_ambient_night"
"Luke - Various Opportunistic Recordings/2025-04-22/1_76/250422_1610",37023.36,37024.32,"auto_ambient_night"
"Luke - Various Opportunistic Recordings/2025-04-22/1_80/250422_1636",24112.32,24113.28,"auto_ambient_night"
"Luke - Various Opportunistic Recordings/2025-04-22/1_90/250422_1610",30889.92,30890.88,"auto_ambient_night"
"Luke - Various Opportunistic Recordings/2025-04-22/1_90/250422_1610",34554.24,34555.2,"auto_ambient_night"
"Luke - Various Opportunistic Recordings/2025-04-22/1_90/250422_1610",34589.76,34590.72,"auto_ambient_night"
"Luke - Various Opportunistic Recordings/2025-04-22/1_90/250422_1610",34778.88,34779.84,"auto_ambient_night"
"Luke - Various Opportunistic Recordings/2025-04-22/1_90/250422_1610",34903.68,34904.64,"auto_ambient_night"
"Luke - Various Opportunistic Recordings/2025-04-22/1_90/250422_1610",35764.8,35765.76,"auto_ambient_night"
"Luke - Various Opportunistic Recordings/2025-04-22/1_90/250422_1610",35991.36,35992.32,"auto_ambient_night"
"Luke - Various Opportunistic Recordings/2025-04-22/1_90/250422_1610",36028.8,36029.76,"auto_ambient_night"
"Luke - Various Opportunistic Recordings/2025-04-22/1_90/250422_1610",37066.56,37067.52,"auto_ambient_night"
"Luke - Various Opportunistic Recordings/2025-04-22/22/250424_1828",21351.36,21352.32,"auto_ambient_night"
"Luke - Various Opportunistic Recordings/2025-04-22/22/250424_1828",22608.96,22609.92,"auto_ambient_night"
"Luke - Various Opportunistic Recordings/2025-04-22/22/250424_1828",24413.76,24414.72,"auto_ambient_night"
"Luke - Various Opportunistic Recordings/2025-04-22/50/250424_1835",20066.88,20067.84,"auto_ambient_night"
"Luke - Various Opportunistic Recordings/2025-04-22/50/250424_1835",26175.36,26176.32,"auto_ambient_night"
"Luke - Various Opportunistic Recordings/2025-04-22/54/250424_1831_01",23873.28,23874.24,"auto_ambient_night"
"Luke - Various Opportunistic Recordings/2025-04-22/54/250424_1831_01",24611.52,24612.48,"auto_ambient_night"
"Luke - Various Opportunistic Recordings/2025-04-22/54/250424_1831_01",29243.52,29244.48,"auto_ambient_night"
"Luke - Various Opportunistic Recordings/2025-04-23/1_108/250424_1841",21272.64,21273.6,"auto_ambient_night"
"Luke - Various Opportunistic Recordings/2025-04-23/1_40/250424_1842",21931.2,21932.16,"auto_ambient_night"
"Luke - Various Opportunistic Recordings/2025-04-23/1_40/250424_1842",27811.2,27812.16,"auto_ambient_night"
"Luke - Various Opportunistic Recordings/2025-07-07/1_73/250707_1152",129400.32,129401.28,"auto_ambient_night"
"Luke - Various Opportunistic Recordings/2025-07-23/1_19/250731_1524",28075.2,28076.16,"auto_ambient_night"
"Luke - Various Opportunistic Recordings/2025-07-23/1_48/250724_1740",106272,106272.96,"auto_ambient_night"
"Luke - Various Opportunistic Recordings/2025-07-23/5/250724_1743",19250.88,19251.84,"auto_ambient_night"
"Luke - Various Opportunistic Recordings/2025-07-23/5/250724_1743",21708.48,21709.44,"auto_ambient_night"
"Luke - Various Opportunistic Recordings/2025-08-05/1_7/250805_1221",128311.68,128312.64,"auto_ambient_night"
"Luke - Various Opportunistic Recordings/2025-08-08/1_91/250808_1246",45698.88,45699.84,"auto_ambient_night"
"Luke - Various Opportunistic Recordings/2025-08-08/52/250808_1237",57562.56,57563.52,"auto_ambient_night"
"Luke - Various Opportunistic Recordings/2025-04-22/1_107/250422_1610",34566.72,34567.68,"auto_ambient_night"
"Luke - Various Opportunistic Recordings/2025-04-22/1_107/250424_1825",19916.16,19917.12,"auto_ambient_night"
"Luke - Various Opportunistic Recordings/2025-04-22/1_18/250422_1610",34604.16,34605.12,"auto_ambient_night"
"Luke - Various Opportunistic Recordings/2025-04-22/1_18/250422_1610",35808.96,35809.92,"auto_ambient_night"
"Luke - Various Opportunistic Recordings/2025-04-22/1_18/250422_1610",35950.08,35951.04,"auto_ambient_night"
"Luke - Various Opportunistic Recordings/2025-04-22/1_44/250424_1827",21453.12,21454.08,"auto_ambient_night"
"Luke - Various Opportunistic Recordings/2025-04-22/1_44/250424_1827",22320,22320.96,"auto_ambient_night"
"Luke - Various Opportunistic Recordings/2025-04-22/1_51/250424_1831",20449.92,20450.88,"auto_ambient_night"
"Luke - Various Opportunistic Recordings/2025-04-22/1_51/250424_1831",21157.44,21158.4,"auto_ambient_night"
"Luke - Various Opportunistic Recordings/2025-04-22/1_51/250424_1831",21398.4,21399.36,"auto_ambient_night"
"Luke - Various Opportunistic Recordings/2025-04-22/1_51/250424_1831",22683.84,22684.8,"auto_ambient_night"
"Luke - Various Opportunistic Recordings/2025-04-22/1_51/250424_1831",27515.52,27516.48,"auto_ambient_night"
"Luke - Various Opportunistic Recordings/2025-04-22/1_51/250424_1831",28113.6,28114.56,"auto_ambient_night"
"Luke - Various Opportunistic Recordings/2025-04-22/1_76/250422_1610",25633.92,25634.88,"auto_ambient_night"
"Luke - Various Opportunistic Recordings/2025-04-22/1_76/250422_1610",35615.04,35616,"auto_ambient_night"
"Luke - Various Opportunistic Recordings/2025-04-22/1_76/250422_1610",35652.48,35653.44,"auto_ambient_night"
"Luke - Various Opportunistic Recordings/2025-04-22/1_76/250422_1610",35909.76,35910.72,"auto_ambient_night"
"Luke - Various Opportunistic Recordings/2025-04-22/1_80/250422_1636",27456,27456.96,"auto_ambient_night"
"Luke - Various Opportunistic Recordings/2025-04-22/1_80/250424_1833",19585.92,19586.88,"auto_ambient_night"
"Luke - Various Opportunistic Recordings/2025-04-22/1_80/250424_1833",20414.4,20415.36,"auto_ambient_night"
"Luke - Various Opportunistic Recordings/2025-04-22/1_80/250424_1833",22491.84,22492.8,"auto_ambient_night"
"Luke - Various Opportunistic Recordings/2025-04-22/1_80/250424_1833",22677.12,22678.08,"auto_ambient_night"
"Luke - Various Opportunistic Recordings/2025-04-22/1_80/250424_1833",27144,27144.96,"auto_ambient_night"
"Luke - Various Opportunistic Recordings/2025-04-22/1_90/250422_1610",25465.92,25466.88,"auto_ambient_night"
"Luke - Various Opportunistic Recordings/2025-04-22/1_90/250422_1610",34869.12,34870.08,"auto_ambient_night"
"Luke - Various Opportunistic Recordings/2025-04-22/1_90/250422_1610",34981.44,34982.4,"auto_ambient_night"
"Luke - Various Opportunistic Recordings/2025-04-22/1_90/250422_1610",35100.48,35101.44,"auto_ambient_night"
"Luke - Various Opportunistic Recordings/2025-04-22/1_90/250422_1610",35715.84,35716.8,"auto_ambient_night"
"Luke - Various Opportunistic Recordings/2025-04-22/1_90/250422_1610",36169.92,36170.88,"auto_ambient_night"
"Luke - Various Opportunistic Recordings/2025-04-22/1_90/250422_1610",38904,38904.96,"auto_ambient_night"
"Luke - Various Opportunistic Recordings/2025-04-22/22/250424_1828",21749.76,21750.72,"auto_ambient_night"
"Luke - Various Opportunistic Recordings/2025-04-22/22/250424_1828",22233.6,22234.56,"auto_ambient_night"
"Luke - Various Opportunistic Recordings/2025-04-22/22/250424_1828",22639.68,22640.64,"auto_ambient_night"
"Luke - Various Opportunistic Recordings/2025-04-22/22/250424_1828",23346.24,23347.2,"auto_ambient_night"
"Luke - Various Opportunistic Recordings/2025-04-22/22/250424_1828",23359.68,23360.64,"auto_ambient_night"
"Luke - Various Opportunistic Recordings/2025-04-22/22/250424_1828",27593.28,27594.24,"auto_ambient_night"
"Luke - Various Opportunistic Recordings/2025-04-22/50/250424_1835",18094.08,18095.04,"auto_ambient_night"
"Luke - Various Opportunistic Recordings/2025-04-22/50/250424_1835",25778.88,25779.84,"auto_ambient_night"
"Luke - Various Opportunistic Recordings/2025-04-22/50/250424_1835",28111.68,28112.64,"auto_ambient_night"
"Luke - Various Opportunistic Recordings/2025-04-23/1_108/250424_1841",19138.56,19139.52,"auto_ambient_night"
"Luke - Various Opportunistic Recordings/2025-04-23/1_108/250424_1841",20799.36,20800.32,"auto_ambient_night"
"Luke - Various Opportunistic Recordings/2025-04-23/1_40/250423_1440",37912.32,37913.28,"auto_ambient_night"
"Luke - Various Opportunistic Recordings/2025-04-23/1_40/250424_1842",22937.28,22938.24,"auto_ambient_night"
"Luke - Various Opportunistic Recordings/2025-04-23/1_40/250424_1842",24325.44,24326.4,"auto_ambient_night"
"Luke - Various Opportunistic Recordings/2025-07-07/1_73/250707_1152",40104.96,40105.92,"auto_ambient_night"
"Luke - Various Opportunistic Recordings/2025-07-07/1_90/250709_1212",40941.12,40942.08,"auto_ambient_night"
"Luke - Various Opportunistic Recordings/2025-07-07/9/250707_1155",42560.64,42561.6,"auto_ambient_night"
"Luke - Various Opportunistic Recordings/2025-07-15/1_21/250731_1511",38062.08,38063.04,"auto_ambient_night"
"Luke - Various Opportunistic Recordings/2025-07-23/1_48/250724_1740",21847.68,21848.64,"auto_ambient_night"
"Luke - Various Opportunistic Recordings/2025-07-23/1_48/250724_1740",22918.08,22919.04,"auto_ambient_night"
"Luke - Various Opportunistic Recordings/2025-07-23/1_48/250724_1740",28732.8,28733.76,"auto_ambient_night"
"Luke - Various Opportunistic Recordings/2025-07-23/1_72/250724_1741_01",27073.92,27074.88,"auto_ambient_night"
"Luke - Various Opportunistic Recordings/2025-07-23/5/250724_1743",19035.84,19036.8,"auto_ambient_night"
"Luke - Various Opportunistic Recordings/2025-07-23/5/250724_1743",21960,21960.96,"auto_ambient_night"
"Luke - Various Opportunistic Recordings/2025-07-23/5/250724_1743",21997.44,21998.4,"auto_ambient_night"
"Luke - Various Opportunistic Recordings/2025-07-23/5/250724_1743",32635.2,32636.16,"auto_ambient_night"
"Luke - Various Opportunistic Recordings/2025-07-29/1_73/250729_1306",140930.88,140931.84,"auto_ambient_night"
"Luke - Various Opportunistic Recordings/2025-08-12/1_34/250812_2019",12381.12,12382.08,"auto_ambient_night"
"Luke - Various Opportunistic Recordings/2025-08-21/1_148/250821_1338",121769.28,121770.24,"auto_ambient_night"
"Luke - Various Opportunistic Recordings/2025-08-21/1_62/250821_1338",121098.24,121099.2,"auto_ambient_night"
"Luke - Various Opportunistic Recordings/2025-08-21/1_62/250821_1338",121104.96,121105.92,"auto_ambient_night"
"Luke - Various Opportunistic Recordings/2025-08-21/1_73/250821_1322",39965.76,39966.72,"auto_ambient_night"
"Luke - Various Opportunistic Recordings/2025-04-22/1_107/250422_1610",34610.88,34611.84,"auto_ambient_night"
"Luke - Various Opportunistic Recordings/2025-04-22/1_107/250422_1610",35894.4,35895.36,"auto_ambient_night"
"Luke - Various Opportunistic Recordings/2025-04-22/1_107/250422_1610",41316.48,41317.44,"auto_ambient_night"
"Luke - Various Opportunistic Recordings/2025-04-22/1_44/250424_1827",22751.04,22752,"auto_ambient_night"
"Luke - Various Opportunistic Recordings/2025-04-22/1_44/250424_1827",23362.56,23363.52,"auto_ambient_night"
"Luke - Various Opportunistic Recordings/2025-04-22/1_51/250424_1831",17376.96,17377.92,"auto_ambient_night"
"Luke - Various Opportunistic Recordings/2025-04-22/1_51/250424_1831",21880.32,21881.28,"auto_ambient_night"
"Luke - Various Opportunistic Recordings/2025-04-22/1_51/250424_1831",21980.16,21981.12,"auto_ambient_night"
"Luke - Various Opportunistic Recordings/2025-04-22/1_51/250424_1831",23266.56,23267.52,"auto_ambient_night"
"Luke - Various Opportunistic Recordings/2025-04-22/1_51/250424_1831",27709.44,27710.4,"auto_ambient_night"
"Luke - Various Opportunistic Recordings/2025-04-22/1_76/250422_1610",29004.48,29005.44,"auto_ambient_night"
"Luke - Various Opportunistic Recordings/2025-04-22/1_76/250422_1610",35766.72,35767.68,"auto_ambient_night"
"Luke - Various Opportunistic Recordings/2025-04-22/1_76/250422_1610",35900.16,35901.12,"auto_ambient_night"
"Luke - Various Opportunistic Recordings/2025-04-22/1_76/250422_1610",36019.2,36020.16,"auto_ambient_night"
"Luke - Various Opportunistic Recordings/2025-04-22/1_76/250425_1927",111255.36,111256.32,"auto_ambient_night"
"Luke - Various Opportunistic Recordings/2025-04-22/1_80/250422_1636",24460.8,24461.76,"auto_ambient_night"
"Luke - Various Opportunistic Recordings/2025-04-22/1_80/250424_1833",21333.12,21334.08,"auto_ambient_night"
"Luke - Various Opportunistic Recordings/2025-04-22/1_80/250424_1833",22488.96,22489.92,"auto_ambient_night"
"Luke - Various Opportunistic Recordings/2025-04-22/1_90/250422_1610",34962.24,34963.2,"auto_ambient_night"
"Luke - Various Opportunistic Recordings/2025-04-22/1_90/250422_1610",35004.48,35005.44,"auto_ambient_night"
"Luke - Various Opportunistic Recordings/2025-04-22/1_90/250422_1610",35028.48,35029.44,"auto_ambient_night"
"Luke - Various Opportunistic Recordings/2025-04-22/1_90/250422_1610",35585.28,35586.24,"auto_ambient_night"
"Luke - Various Opportunistic Recordings/2025-04-22/1_90/250422_1610",35615.04,35616,"auto_ambient_night"
"Luke - Various Opportunistic Recordings/2025-04-22/1_90/250422_1610",35706.24,35707.2,"auto_ambient_night"
"Luke - Various Opportunistic Recordings/2025-04-22/1_90/250422_1610",35713.92,35714.88,"auto_ambient_night"
"Luke - Various Opportunistic Recordings/2025-04-22/1_90/250422_1610",35893.44,35894.4,"auto_ambient_night"
"Luke - Various Opportunistic Recordings/2025-04-22/1_90/250422_1610",37037.76,37038.72,"auto_ambient_night"
"Luke - Various Opportunistic Recordings/2025-04-22/1_90/250425_1926",114972.48,114973.44,"auto_ambient_night"
"Luke - Various Opportunistic Recordings/2025-04-22/22/250424_1828",21395.52,21396.48,"auto_ambient_night"
"Luke - Various Opportunistic Recordings/2025-04-22/22/250424_1828",21981.12,21982.08,"auto_ambient_night"
"Luke - Various Opportunistic Recordings/2025-04-22/22/250424_1828",23005.44,23006.4,"auto_ambient_night"
"Luke - Various Opportunistic Recordings/2025-04-22/50/250424_1835",21971.52,21972.48,"auto_ambient_night"
"Luke - Various Opportunistic Recordings/2025-04-22/50/250424_1835",23318.4,23319.36,"auto_ambient_night"
"Luke - Various Opportunistic Recordings/2025-04-22/54/250422_1636",32850.24,32851.2,"auto_ambient_night"
"Luke - Various Opportunistic Recordings/2025-04-22/54/250424_1831_01",22994.88,22995.84,"auto_ambient_night"
"Luke - Various Opportunistic Recordings/2025-04-22/54/250424_1831_01",23691.84,23692.8,"auto_ambient_night"
"Luke - Various Opportunistic Recordings/2025-04-22/54/250424_1831_01",24259.2,24260.16,"auto_ambient_night"
"Luke - Various Opportunistic Recordings/2025-04-22/54/250424_1831_01",28748.16,28749.12,"auto_ambient_night"
"Luke - Various Opportunistic Recordings/2025-04-23/1_108/250423_1446",44326.08,44327.04,"auto_ambient_night"
"Luke - Various Opportunistic Recordings/2025-04-23/1_108/250424_1841",18024.96,18025.92,"auto_ambient_night"
"Luke - Various Opportunistic Recordings/2025-04-23/1_108/250424_1841",21270.72,21271.68,"auto_ambient_night"
"Luke - Various Opportunistic Recordings/2025-04-23/1_40/250424_1842",19470.72,19471.68,"auto_ambient_night"
"Luke - Various Opportunistic Recordings/2025-04-23/1_40/250424_1842",20426.88,20427.84,"auto_ambient_night"
"Luke - Various Opportunistic Recordings/2025-04-23/1_40/250424_1842",24240,24240.96,"auto_ambient_night"
"Luke - Various Opportunistic Recordings/2025-07-07/1_73/250707_1152",132000.96,132001.92,"auto_ambient_night"
"Luke - Various Opportunistic Recordings/2025-07-09/1_20/250709_1005",138940.8,138941.76,"auto_ambient_night"
"Luke - Various Opportunistic Recordings/2025-07-09/1_48/250713_1253",41543.04,41544,"auto_ambient_night"
"Luke - Various Opportunistic Recordings/2025-07-09/29/250709_1011",138520.32,138521.28,"auto_ambient_night"
"Luke - Various Opportunistic Recordings/2025-07-15/1_21/250731_1511",28854.72,28855.68,"auto_ambient_night"
"Luke - Various Opportunistic Recordings/2025-07-23/1_32/250723_0815",142460.16,142461.12,"auto_ambient_night"
"Luke - Various Opportunistic Recordings/2025-07-23/1_32/250723_0815",143240.64,143241.6,"auto_ambient_night"
"Luke - Various Opportunistic Recordings/2025-07-23/1_32/250723_0815",143396.16,143397.12,"auto_ambient_night"
"Luke - Various Opportunistic Recordings/2025-07-23/1_32/250723_0815",144144.96,144145.92,"auto_ambient_night"
"Luke - Various Opportunistic Recordings/2025-07-23/1_48/250724_1740",19802.88,19803.84,"auto_ambient_night"
"Luke - Various Opportunistic Recordings/2025-07-23/1_48/250724_1740",22131.84,22132.8,"auto_ambient_night"
"Luke - Various Opportunistic Recordings/2025-07-23/1_67/250723_1045",130801.92,130802.88,"auto_ambient_night"
"Luke - Various Opportunistic Recordings/2025-07-23/5/250724_1743",23147.52,23148.48,"auto_ambient_night"
"Luke - Various Opportunistic Recordings/2025-07-29/1_73/250729_1306",140747.52,140748.48,"auto_ambient_night"
"Luke - Various Opportunistic Recordings/2025-08-12/1_16/250814_1421",40851.84,40852.8,"auto_ambient_night"
"Luke - Various Opportunistic Recordings/2025-04-22/1_107/250422_1610",34592.64,34593.6,"auto_ambient_night"
"Luke - Various Opportunistic Recordings/2025-04-22/1_107/250422_1610",34616.64,34617.6,"auto_ambient_night"
"Luke - Various Opportunistic Recordings/2025-04-22/1_107/250422_1610",35770.56,35771.52,"auto_ambient_night"
"Luke - Various Opportunistic Recordings/2025-04-22/1_107/250422_1610",35944.32,35945.28,"auto_ambient_night"
"Luke - Various Opportunistic Recordings/2025-04-22/1_18/250422_1610",35498.88,35499.84,"auto_ambient_night"
"Luke - Various Opportunistic Recordings/2025-04-22/1_18/250422_1610",36105.6,36106.56,"auto_ambient_night"
"Luke - Various Opportunistic Recordings/2025-04-22/1_51/250422_1636",26150.4,26151.36,"auto_ambient_night"
"Luke - Various Opportunistic Recordings/2025-04-22/1_51/250424_1831",19211.52,19212.48,"auto_ambient_night"
"Luke - Various Opportunistic Recordings/2025-04-22/1_51/250424_1831",20468.16,20469.12,"auto_ambient_night"
"Luke - Various Opportunistic Recordings/2025-04-22/1_51/250424_1831",21256.32,21257.28,"auto_ambient_night"
"Luke - Various Opportunistic Recordings/2025-04-22/1_51/250424_1831",21447.36,21448.32,"auto_ambient_night"
"Luke - Various Opportunistic Recordings/2025-04-22/1_51/250424_1831",21686.4,21687.36,"auto_ambient_night"
"Luke - Various Opportunistic Recordings/2025-04-22/1_51/250424_1831",21955.2,21956.16,"auto_ambient_night"
"Luke - Various Opportunistic Recordings/2025-04-22/1_51/250424_1831",22699.2,22700.16,"auto_ambient_night"
"Luke - Various Opportunistic Recordings/2025-04-22/1_51/250424_1831",22727.04,22728,"auto_ambient_night"
"Luke - Various Opportunistic Recordings/2025-04-22/1_51/250424_1831",24359.04,24360,"auto_ambient_night"
"Luke - Various Opportunistic Recordings/2025-04-22/1_51/250424_1831",27786.24,27787.2,"auto_ambient_night"
"Luke - Various Opportunistic Recordings/2025-04-22/1_51/250424_1831",28293.12,28294.08,"auto_ambient_night"
"Luke - Various Opportunistic Recordings/2025-04-22/1_76/250422_1610",34631.04,34632,"auto_ambient_night"
"Luke - Various Opportunistic Recordings/2025-04-22/1_76/250422_1610",35725.44,35726.4,"auto_ambient_night"
"Luke - Various Opportunistic Recordings/2025-04-22/1_76/250422_1610",35920.32,35921.28,"auto_ambient_night"
"Luke - Various Opportunistic Recordings/2025-04-22/1_80/250422_1636",40768.32,40769.28,"auto_ambient_night"
"Luke - Various Opportunistic Recordings/2025-04-22/1_80/250424_1833",20207.04,20208,"auto_ambient_night"
"Luke - Various Opportunistic Recordings/2025-04-22/1_80/250424_1833",21634.56,21635.52,"auto_ambient_night"
"Luke - Various Opportunistic Recordings/2025-04-22/1_80/250424_1833",22168.32,22169.28,"auto_ambient_night"
"Luke - Various Opportunistic Recordings/2025-04-22/1_90/250422_1610",33371.52,33372.48,"auto_ambient_night"
"Luke - Various Opportunistic Recordings/2025-04-22/1_90/250422_1610",34548.48,34549.44,"auto_ambient_night"
"Luke - Various Opportunistic Recordings/2025-04-22/1_90/250422_1610",34845.12,34846.08,"auto_ambient_night"
"Luke - Various Opportunistic Recordings/2025-04-22/1_90/250422_1610",35005.44,35006.4,"auto_ambient_night"
"Luke - Various Opportunistic Recordings/2025-04-22/1_90/250422_1610",35037.12,35038.08,"auto_ambient_night"
"Luke - Various Opportunistic Recordings/2025-04-22/1_90/250422_1610",35051.52,35052.48,"auto_ambient_night"
"Luke - Various Opportunistic Recordings/2025-04-22/1_90/250422_1610",35892.48,35893.44,"auto_ambient_night"
"Luke - Various Opportunistic Recordings/2025-04-22/1_90/250422_1610",35915.52,35916.48,"auto_ambient_night"
"Luke - Various Opportunistic Recordings/2025-04-22/1_90/250422_1610",36517.44,36518.4,"auto_ambient_night"
"Luke - Various Opportunistic Recordings/2025-04-22/1_90/250422_1610",37028.16,37029.12,"auto_ambient_night"
"Luke - Various Opportunistic Recordings/2025-04-22/1_90/250422_1610",37061.76,37062.72,"auto_ambient_night"
"Luke - Various Opportunistic Recordings/2025-04-22/1_90/250422_1610",41277.12,41278.08,"auto_ambient_night"
"Luke - Various Opportunistic Recordings/2025-04-22/22/250424_1828",22574.4,22575.36,"auto_ambient_night"
"Luke - Various Opportunistic Recordings/2025-04-22/22/250424_1828",22600.32,22601.28,"auto_ambient_night"
"Luke - Various Opportunistic Recordings/2025-04-22/22/250424_1828",28253.76,28254.72,"auto_ambient_night"
"Luke - Various Opportunistic Recordings/2025-04-22/50/250424_1835",20096.64,20097.6,"auto_ambient_night"
"Luke - Various Opportunistic Recordings/2025-04-22/50/250424_1835",21480,21480.96,"auto_ambient_night"
"Luke - Various Opportunistic Recordings/2025-04-22/50/250424_1835",22469.76,22470.72,"auto_ambient_night"
"Luke - Various Opportunistic Recordings/2025-04-22/50/250424_1835",23096.64,23097.6,"auto_ambient_night"
"Luke - Various Opportunistic Recordings/2025-04-22/50/250424_1835",28112.64,28113.6,"auto_ambient_night"
"Luke - Various Opportunistic Recordings/2025-04-22/54/250424_1831_01",21188.16,21189.12,"auto_ambient_night"
"Luke - Various Opportunistic Recordings/2025-04-22/54/250424_1831_01",21792,21792.96,"auto_ambient_night"
"Luke - Various Opportunistic Recordings/2025-04-22/54/250424_1831_01",22890.24,22891.2,"auto_ambient_night"
"Luke - Various Opportunistic Recordings/2025-04-22/54/250424_1831_01",24264,24264.96,"auto_ambient_night"
"Luke - Various Opportunistic Recordings/2025-04-22/54/250424_1831_01",27464.64,27465.6,"auto_ambient_night"
"Luke - Various Opportunistic Recordings/2025-04-22/54/250424_1831_01",27906.24,27907.2,"auto_ambient_night"
"Luke - Various Opportunistic Recordings/2025-04-23/1_40/250424_1842",19121.28,19122.24,"auto_ambient_night"
"Luke - Various Opportunistic Recordings/2025-04-23/1_40/250424_1842",21168,21168.96,"auto_ambient_night"
"Luke - Various Opportunistic Recordings/2025-04-23/1_40/250424_1842",26025.6,26026.56,"auto_ambient_night"
"Luke - Various Opportunistic Recordings/2025-04-23/1_40/250424_1842",27634.56,27635.52,"auto_ambient_night"
"Luke - Various Opportunistic Recordings/2025-06-23/1_82/250623_0912",61704.96,61705.92,"auto_ambient_night"
"Luke - Various Opportunistic Recordings/2025-07-07/50/250707_1151",42822.72,42823.68,"auto_ambient_night"
"Luke - Various Opportunistic Recordings/2025-07-08/1_137/250708_1325",135781.44,135782.4,"auto_ambient_night"
"Luke - Various Opportunistic Recordings/2025-07-09/29/250709_1011",62614.08,62615.04,"auto_ambient_night"
"Luke - Various Opportunistic Recordings/2025-07-23/1_32/250723_0815",144966.72,144967.68,"auto_ambient_night"
"Luke - Various Opportunistic Recordings/2025-07-23/1_32/250723_0815",160828.8,160829.76,"auto_ambient_night"
"Luke - Various Opportunistic Recordings/2025-07-23/5/250724_1743",28394.88,28395.84,"auto_ambient_night"
"Luke - Various Opportunistic Recordings/2025-08-01/49/250801_1303",128835.84,128836.8,"auto_ambient_night"
"Luke - Various Opportunistic Recordings/2025-08-05/1_7/250805_1221",43727.04,43728,"auto_ambient_night"
"Luke - Various Opportunistic Recordings/2025-08-12/1_75/250812_2017",14597.76,14598.72,"auto_ambient_night"
"Luke - Various Opportunistic Recordings/2025-04-22/1_107/250422_1610",35659.2,35660.16,"auto_ambient_night"
"Luke - Various Opportunistic Recordings/2025-04-22/1_107/250422_1610",37055.04,37056,"auto_ambient_night"
"Luke - Various Opportunistic Recordings/2025-04-22/1_18/250422_1610",35753.28,35754.24,"auto_ambient_night"
"Luke - Various Opportunistic Recordings/2025-04-22/1_18/250424_1822",20621.76,20622.72,"auto_ambient_night"
"Luke - Various Opportunistic Recordings/2025-04-22/1_44/250424_1827",22878.72,22879.68,"auto_ambient_night"
"Luke - Various Opportunistic Recordings/2025-04-22/1_51/250424_1831",21450.24,21451.2,"auto_ambient_night"
"Luke - Various Opportunistic Recordings/2025-04-22/1_51/250424_1831",21620.16,21621.12,"auto_ambient_night"
"Luke - Various Opportunistic Recordings/2025-04-22/1_51/250424_1831",22146.24,22147.2,"auto_ambient_night"
"Luke - Various Opportunistic Recordings/2025-04-22/1_51/250424_1831",22710.72,22711.68,"auto_ambient_night"
"Luke - Various Opportunistic Recordings/2025-04-22/1_51/250424_1831",22728,22728.96,"auto_ambient_night"
"Luke - Various Opportunistic Recordings/2025-04-22/1_51/250424_1831",23804.16,23805.12,"auto_ambient_night"
"Luke - Various Opportunistic Recordings/2025-04-22/1_51/250424_1831",27257.28,27258.24,"auto_ambient_night"
"Luke - Various Opportunistic Recordings/2025-04-22/1_76/250422_1610",34541.76,34542.72,"auto_ambient_night"
"Luke - Various Opportunistic Recordings/2025-04-22/1_76/250422_1610",34554.24,34555.2,"auto_ambient_night"
"Luke - Various Opportunistic Recordings/2025-04-22/1_76/250422_1610",35591.04,35592,"auto_ambient_night"
"Luke - Various Opportunistic Recordings/2025-04-22/1_76/250422_1610",35640.96,35641.92,"auto_ambient_night"
"Luke - Various Opportunistic Recordings/2025-04-22/1_76/250422_1610",35659.2,35660.16,"auto_ambient_night"
"Luke - Various Opportunistic Recordings/2025-04-22/1_76/250422_1610",35775.36,35776.32,"auto_ambient_night"
"Luke - Various Opportunistic Recordings/2025-04-22/1_76/250422_1610",36062.4,36063.36,"auto_ambient_night"
"Luke - Various Opportunistic Recordings/2025-04-22/1_76/250422_1610",37024.32,37025.28,"auto_ambient_night"
"Luke - Various Opportunistic Recordings/2025-04-22/1_76/250422_1610",37038.72,37039.68,"auto_ambient_night"
"Luke - Various Opportunistic Recordings/2025-04-22/1_76/250424_1824",23291.52,23292.48,"auto_ambient_night"
"Luke - Various Opportunistic Recordings/2025-04-22/1_80/250422_1636",27450.24,27451.2,"auto_ambient_night"
"Luke - Various Opportunistic Recordings/2025-04-22/1_90/250422_1610",33115.2,33116.16,"auto_ambient_night"
"Luke - Various Opportunistic Recordings/2025-04-22/1_90/250422_1610",34542.72,34543.68,"auto_ambient_night"
"Luke - Various Opportunistic Recordings/2025-04-22/1_90/250422_1610",34553.28,34554.24,"auto_ambient_night"
"Luke - Various Opportunistic Recordings/2025-04-22/1_90/250422_1610",34960.32,34961.28,"auto_ambient_night"
"Luke - Various Opportunistic Recordings/2025-04-22/1_90/250422_1610",35001.6,35002.56,"auto_ambient_night"
"Luke - Various Opportunistic Recordings/2025-04-22/1_90/250422_1610",35015.04,35016,"auto_ambient_night"
"Luke - Various Opportunistic Recordings/2025-04-22/1_90/250422_1610",35094.72,35095.68,"auto_ambient_night"
"Luke - Various Opportunistic Recordings/2025-04-22/1_90/250422_1610",35659.2,35660.16,"auto_ambient_night"
"Luke - Various Opportunistic Recordings/2025-04-22/1_90/250422_1610",35664.96,35665.92,"auto_ambient_night"
"Luke - Various Opportunistic Recordings/2025-04-22/1_90/250422_1610",36065.28,36066.24,"auto_ambient_night"
"Luke - Various Opportunistic Recordings/2025-04-22/1_90/250422_1610",36115.2,36116.16,"auto_ambient_night"
"Luke - Various Opportunistic Recordings/2025-04-22/1_90/250422_1610",37038.72,37039.68,"auto_ambient_night"
"Luke - Various Opportunistic Recordings/2025-04-22/1_90/250422_1610",37056,37056.96,"auto_ambient_night"
"Luke - Various Opportunistic Recordings/2025-04-22/1_90/250423_1342",47469.12,47470.08,"auto_ambient_night"
"Luke - Various Opportunistic Recordings/2025-04-22/22/250424_1828",21590.4,21591.36,"auto_ambient_night"
"Luke - Various Opportunistic Recordings/2025-04-22/22/250424_1828",22774.08,22775.04,"auto_ambient_night"
"Luke - Various Opportunistic Recordings/2025-04-22/50/250424_1835",19810.56,19811.52,"auto_ambient_night"
"Luke - Various Opportunistic Recordings/2025-04-22/50/250424_1835",20148.48,20149.44,"auto_ambient_night"
"Luke - Various Opportunistic Recordings/2025-04-22/50/250424_1835",28419.84,28420.8,"auto_ambient_night"
"Luke - Various Opportunistic Recordings/2025-04-22/54/250422_1636",23223.36,23224.32,"auto_ambient_night"
"Luke - Various Opportunistic Recordings/2025-06-23/1_37/250625_1027",132903.36,132904.32,"auto_ambient_night"
"Luke - Various Opportunistic Recordings/2025-07-07/1_90/250709_1212",41631.36,41632.32,"auto_ambient_night"
"Luke - Various Opportunistic Recordings/2025-07-08/1_137/250708_1325",39417.6,39418.56,"auto_ambient_night"
"Luke - Various Opportunistic Recordings/2025-07-08/1_137/250708_1325",133426.56,133427.52,"auto_ambient_night"
"Luke - Various Opportunistic Recordings/2025-07-15/1_21/250731_1511",40464,40464.96,"auto_ambient_night"
"Luke - Various Opportunistic Recordings/2025-07-15/1_95/250717_1356",44813.76,44814.72,"auto_ambient_night"
"Luke - Various Opportunistic Recordings/2025-07-23/1_138/250723_1048",151401.6,151402.56,"auto_ambient_night"
"Luke - Various Opportunistic Recordings/2025-07-23/1_48/250724_1740",22725.12,22726.08,"auto_ambient_night"
"Luke - Various Opportunistic Recordings/2025-07-23/1_48/250724_1740",33442.56,33443.52,"auto_ambient_night"
"Luke - Various Opportunistic Recordings/2025-07-23/1_72/250724_1741_01",22448.64,22449.6,"auto_ambient_night"
"Luke - Various Opportunistic Recordings/2025-07-23/5/250724_1743",19649.28,19650.24,"auto_ambient_night"
"Luke - Various Opportunistic Recordings/2025-07-23/5/250724_1743",23715.84,23716.8,"auto_ambient_night"
"Luke - Various Opportunistic Recordings/2025-07-23/5/250724_1743",28405.44,28406.4,"auto_ambient_night"
"Luke - Various Opportunistic Recordings/2025-08-05/1_108/250805_1224",40418.88,40419.84,"auto_ambient_night"
"Luke - Various Opportunistic Recordings/2025-08-05/9/250805_1222",44712.96,44713.92,"auto_ambient_night"
"Luke - Various Opportunistic Recordings/2025-08-12/1_16/250812_1238",38849.28,38850.24,"auto_ambient_night"
"Luke - Various Opportunistic Recordings/2025-08-12/1_90/250812_1157",46667.52,46668.48,"auto_ambient_night"
"Luke - Various Opportunistic Recordings/2025-08-21/1_148/250823_1520",46265.28,46266.24,"auto_ambient_night"
"Luke - Various Opportunistic Recordings/2025-04-22/1_107/250422_1610",34793.28,34794.24,"auto_ambient_night"
"Luke - Various Opportunistic Recordings/2025-04-22/1_107/250422_1610",35731.2,35732.16,"auto_ambient_night"
"Luke - Various Opportunistic Recordings/2025-04-22/1_107/250422_1610",35958.72,35959.68,"auto_ambient_night"
"Luke - Various Opportunistic Recordings/2025-04-22/1_44/250424_1827",26666.88,26667.84,"auto_ambient_night"
"Luke - Various Opportunistic Recordings/2025-04-22/1_51/250422_1636",24086.4,24087.36,"auto_ambient_night"
"Luke - Various Opportunistic Recordings/2025-04-22/1_51/250422_1636",26147.52,26148.48,"auto_ambient_night"
"Luke - Various Opportunistic Recordings/2025-04-22/1_51/250424_1831",18264.96,18265.92,"auto_ambient_night"
"Luke - Various Opportunistic Recordings/2025-04-22/1_51/250424_1831",21228.48,21229.44,"auto_ambient_night"
"Luke - Various Opportunistic Recordings/2025-04-22/1_51/250424_1831",22616.64,22617.6,"auto_ambient_night"
"Luke - Various Opportunistic Recordings/2025-04-22/1_51/250424_1831",22676.16,22677.12,"auto_ambient_night"
"Luke - Various Opportunistic Recordings/2025-04-22/1_51/250424_1831",22693.44,22694.4,"auto_ambient_night"
"Luke - Various Opportunistic Recordings/2025-04-22/1_51/250424_1831",23057.28,23058.24,"auto_ambient_night"
"Luke - Various Opportunistic Recordings/2025-04-22/1_51/250424_1831",28151.04,28152,"auto_ambient_night"
"Luke - Various Opportunistic Recordings/2025-04-22/1_51/250424_1831",28448.64,28449.6,"auto_ambient_night"
"Luke - Various Opportunistic Recordings/2025-04-22/1_76/250422_1610",32456.64,32457.6,"auto_ambient_night"
"Luke - Various Opportunistic Recordings/2025-04-22/1_76/250422_1610",34539.84,34540.8,"auto_ambient_night"
"Luke - Various Opportunistic Recordings/2025-04-22/1_76/250422_1610",34578.24,34579.2,"auto_ambient_night"
"Luke - Various Opportunistic Recordings/2025-04-22/1_76/250422_1610",35621.76,35622.72,"auto_ambient_night"
"Luke - Various Opportunistic Recordings/2025-04-22/1_76/250422_1610",37059.84,37060.8,"auto_ambient_night"
"Luke - Various Opportunistic Recordings/2025-04-22/1_80/250424_1833",19482.24,19483.2,"auto_ambient_night"
"Luke - Various Opportunistic Recordings/2025-04-22/1_80/250424_1833",22273.92,22274.88,"auto_ambient_night"
"Luke - Various Opportunistic Recordings/2025-04-22/1_80/250424_1833",22464.96,22465.92,"auto_ambient_night"
"Luke - Various Opportunistic Recordings/2025-04-22/1_80/250424_1833",22478.4,22479.36,"auto_ambient_night"
"Luke - Various Opportunistic Recordings/2025-04-22/1_80/250424_1833",28358.4,28359.36,"auto_ambient_night"
"Luke - Various Opportunistic Recordings/2025-04-22/1_90/250422_1610",30591.36,30592.32,"auto_ambient_night"
"Luke - Various Opportunistic Recordings/2025-04-22/1_90/250422_1610",32066.88,32067.84,"auto_ambient_night"
"Luke - Various Opportunistic Recordings/2025-04-22/1_90/250422_1610",34824,34824.96,"auto_ambient_night"
"Luke - Various Opportunistic Recordings/2025-04-22/1_90/250422_1610",34979.52,34980.48,"auto_ambient_night"
"Luke - Various Opportunistic Recordings/2025-04-22/1_90/250422_1610",35013.12,35014.08,"auto_ambient_night"
"Luke - Various Opportunistic Recordings/2025-04-22/1_90/250422_1610",35768.64,35769.6,"auto_ambient_night"
"Luke - Various Opportunistic Recordings/2025-04-22/1_90/250422_1610",35943.36,35944.32,"auto_ambient_night"
"Luke - Various Opportunistic Recordings/2025-04-22/1_90/250422_1610",36023.04,36024,"auto_ambient_night"
"Luke - Various Opportunistic Recordings/2025-04-22/1_90/250422_1610",36071.04,36072,"auto_ambient_night"
"Luke - Various Opportunistic Recordings/2025-04-22/1_90/250422_1610",36431.04,36432,"auto_ambient_night"
"Luke - Various Opportunistic Recordings/2025-04-22/1_90/250422_1610",37062.72,37063.68,"auto_ambient_night"
"Luke - Various Opportunistic Recordings/2025-04-22/1_90/250425_1926",111459.84,111460.8,"auto_ambient_night"
"Luke - Various Opportunistic Recordings/2025-04-22/22/250424_1828",21912,21912.96,"auto_ambient_night"
"Luke - Various Opportunistic Recordings/2025-04-22/22/250424_1828",21958.08,21959.04,"auto_ambient_night"
"Luke - Various Opportunistic Recordings/2025-04-22/22/250424_1828",23294.4,23295.36,"auto_ambient_night"
"Luke - Various Opportunistic Recordings/2025-04-22/22/250424_1828",27562.56,27563.52,"auto_ambient_night"
"Luke - Various Opportunistic Recordings/2025-04-22/50/250424_1835",19789.44,19790.4,"auto_ambient_night"
"Luke - Various Opportunistic Recordings/2025-04-22/50/250424_1835",20026.56,20027.52,"auto_ambient_night"
"Luke - Various Opportunistic Recordings/2025-04-22/50/250424_1835",20144.64,20145.6,"auto_ambient_night"
"Luke - Various Opportunistic Recordings/2025-04-22/50/250424_1835",20372.16,20373.12,"auto_ambient_night"
"Luke - Various Opportunistic Recordings/2025-04-22/50/250424_1835",21081.6,21082.56,"auto_ambient_night"
"Luke - Various Opportunistic Recordings/2025-04-22/50/250424_1835",24027.84,24028.8,"auto_ambient_night"
"Luke - Various Opportunistic Recordings/2025-04-22/50/250424_1835",27957.12,27958.08,"auto_ambient_night"
"Luke - Various Opportunistic Recordings/2025-04-22/54/250424_1831_01",22641.6,22642.56,"auto_ambient_night"
"Luke - Various Opportunistic Recordings/2025-04-22/54/250424_1831_01",22848.96,22849.92,"auto_ambient_night"
"Luke - Various Opportunistic Recordings/2025-04-22/54/250424_1831_01",24250.56,24251.52,"auto_ambient_night"
"Luke - Various Opportunistic Recordings/2025-04-22/54/250424_1831_01",27905.28,27906.24,"auto_ambient_night"
"Luke - Various Opportunistic Recordings/2025-04-22/54/250424_1831_01",28182.72,28183.68,"auto_ambient_night"
"Luke - Various Opportunistic Recordings/2025-04-23/1_40/250424_1842",27585.6,27586.56,"auto_ambient_night"
"Luke - Various Opportunistic Recordings/2025-04-23/1_71/250423_1446",35897.28,35898.24,"auto_ambient_night"
"Luke - Various Opportunistic Recordings/2025-04-23/1_71/250423_1446",35898.24,35899.2,"auto_ambient_night"
"Luke - Various Opportunistic Recordings/2025-04-23/1_71/250424_1841",17945.28,17946.24,"auto_ambient_night"
"Luke - Various Opportunistic Recordings/2025-07-03/1_18/250703_1552",31208.64,31209.6,"auto_ambient_night"
"Luke - Various Opportunistic Recordings/2025-07-07/9/250707_1155",42356.16,42357.12,"auto_ambient_night"
"Luke - Various Opportunistic Recordings/2025-07-07/9/250707_1155",42364.8,42365.76,"auto_ambient_night"
"Luke - Various Opportunistic Recordings/2025-07-09/1_19/250711_1145",146602.56,146603.52,"auto_ambient_night"
"Luke - Various Opportunistic Recordings/2025-07-15/1_21/250731_1511",40459.2,40460.16,"auto_ambient_night"
"Luke - Various Opportunistic Recordings/2025-07-23/1_138/250723_1048",151609.92,151610.88,"auto_ambient_night"
"Luke - Various Opportunistic Recordings/2025-07-23/1_48/250724_1740",22148.16,22149.12,"auto_ambient_night"
"Luke - Various Opportunistic Recordings/2025-07-23/1_48/250724_1740",25269.12,25270.08,"auto_ambient_night"
"Luke - Various Opportunistic Recordings/2025-07-23/29/250731_1522",37424.64,37425.6,"auto_ambient_night"
"Luke - Various Opportunistic Recordings/2025-07-23/5/250724_1743",21888,21888.96,"auto_ambient_night"
"Luke - Various Opportunistic Recordings/2025-07-23/5/250724_1743",22739.52,22740.48,"auto_ambient_night"
"Luke - Various Opportunistic Recordings/2025-07-23/5/250724_1743",23804.16,23805.12,"auto_ambient_night"
"Luke - Various Opportunistic Recordings/2025-07-23/5/250724_1743",32787.84,32788.8,"auto_ambient_night"
"Luke - Various Opportunistic Recordings/2025-08-12/1_101/250812_1146",55839.36,55840.32,"auto_ambient_night"
"Luke - Various Opportunistic Recordings/2025-08-12/1_32/250812_2019",27412.8,27413.76,"auto_ambient_night"
"Luke - Various Opportunistic Recordings/2025-08-21/1_2/250821_1315",46097.28,46098.24,"auto_ambient_night"
"Luke - Various Opportunistic Recordings/2025-08-21/1_62/250821_1338",121152.96,121153.92,"auto_ambient_night"
"Luke - Various Opportunistic Recordings/2025-08-21/40/250823_1457",44895.36,44896.32,"auto_ambient_night"
"Luke - Various Opportunistic Recordings/2025-04-22/1_107/250422_1610",35856.96,35857.92,"auto_ambient_night"
"Luke - Various Opportunistic Recordings/2025-04-22/1_107/250422_1610",37012.8,37013.76,"auto_ambient_night"
"Luke - Various Opportunistic Recordings/2025-04-22/1_107/250424_1825",20104.32,20105.28,"auto_ambient_night"
"Luke - Various Opportunistic Recordings/2025-04-22/1_18/250422_1610",34555.2,34556.16,"auto_ambient_night"
"Luke - Various Opportunistic Recordings/2025-04-22/1_44/250424_1827",20600.64,20601.6,"auto_ambient_night"
"Luke - Various Opportunistic Recordings/2025-04-22/1_44/250424_1827",22734.72,22735.68,"auto_ambient_night"
"Luke - Various Opportunistic Recordings/2025-04-22/1_51/250422_1636",23917.44,23918.4,"auto_ambient_night"
"Luke - Various Opportunistic Recordings/2025-04-22/1_51/250422_1636",25975.68,25976.64,"auto_ambient_night"
"Luke - Various Opportunistic Recordings/2025-04-22/1_51/250424_1831",21388.8,21389.76,"auto_ambient_night"
"Luke - Various Opportunistic Recordings/2025-04-22/1_51/250424_1831",21562.56,21563.52,"auto_ambient_night"
"Luke - Various Opportunistic Recordings/2025-04-22/1_51/250424_1831",21911.04,21912,"auto_ambient_night"
"Luke - Various Opportunistic Recordings/2025-04-22/1_51/250424_1831",22399.68,22400.64,"auto_ambient_night"
"Luke - Various Opportunistic Recordings/2025-04-22/1_51/250424_1831",22461.12,22462.08,"auto_ambient_night"
"Luke - Various Opportunistic Recordings/2025-04-22/1_51/250424_1831",22794.24,22795.2,"auto_ambient_night"
"Luke - Various Opportunistic Recordings/2025-04-22/1_51/250424_1831",24321.6,24322.56,"auto_ambient_night"
"Luke - Various Opportunistic Recordings/2025-04-22/1_51/250424_1831",27468.48,27469.44,"auto_ambient_night"
"Luke - Various Opportunistic Recordings/2025-04-22/1_76/250422_1610",34536.96,34537.92,"auto_ambient_night"
"Luke - Various Opportunistic Recordings/2025-04-22/1_76/250422_1610",34605.12,34606.08,"auto_ambient_night"
"Luke - Various Opportunistic Recordings/2025-04-22/1_76/250422_1610",34625.28,34626.24,"auto_ambient_night"
"Luke - Various Opportunistic Recordings/2025-04-22/1_76/250422_1610",35897.28,35898.24,"auto_ambient_night"
"Luke - Various Opportunistic Recordings/2025-04-22/1_76/250422_1610",36044.16,36045.12,"auto_ambient_night"
"Luke - Various Opportunistic Recordings/2025-04-22/1_80/250424_1833",19889.28,19890.24,"auto_ambient_night"
"Luke - Various Opportunistic Recordings/2025-04-22/1_80/250424_1833",22470.72,22471.68,"auto_ambient_night"
"Luke - Various Opportunistic Recordings/2025-04-22/1_80/250424_1833",23399.04,23400,"auto_ambient_night"
"Luke - Various Opportunistic Recordings/2025-04-22/1_80/250424_1833",28017.6,28018.56,"auto_ambient_night"
"Luke - Various Opportunistic Recordings/2025-04-22/1_90/250422_1610",28933.44,28934.4,"auto_ambient_night"
"Luke - Various Opportunistic Recordings/2025-04-22/1_90/250422_1610",30571.2,30572.16,"auto_ambient_night"
"Luke - Various Opportunistic Recordings/2025-04-22/1_90/250422_1610",33131.52,33132.48,"auto_ambient_night"
"Luke - Various Opportunistic Recordings/2025-04-22/1_90/250422_1610",34803.84,34804.8,"auto_ambient_night"
"Luke - Various Opportunistic Recordings/2025-04-22/1_90/250422_1610",35017.92,35018.88,"auto_ambient_night"
"Luke - Various Opportunistic Recordings/2025-04-22/1_90/250422_1610",35077.44,35078.4,"auto_ambient_night"
"Luke - Various Opportunistic Recordings/2025-04-22/1_90/250422_1610",35641.92,35642.88,"auto_ambient_night"
"Luke - Various Opportunistic Recordings/2025-04-22/1_90/250422_1610",35796.48,35797.44,"auto_ambient_night"
"Luke - Various Opportunistic Recordings/2025-04-22/1_90/250422_1610",35923.2,35924.16,"auto_ambient_night"
"Luke - Various Opportunistic Recordings/2025-04-22/1_90/250422_1610",36537.6,36538.56,"auto_ambient_night"
"Luke - Various Opportunistic Recordings/2025-04-22/1_90/250422_1610",38531.52,38532.48,"auto_ambient_night"
"Luke - Various Opportunistic Recordings/2025-04-22/1_90/250422_1610",38718.72,38719.68,"auto_ambient_night"
"Luke - Various Opportunistic Recordings/2025-04-22/22/250424_1828",22417.92,22418.88,"auto_ambient_night"
"Luke - Various Opportunistic Recordings/2025-04-22/22/250424_1828",23839.68,23840.64,"auto_ambient_night"
"Luke - Various Opportunistic Recordings/2025-04-22/22/250424_1828",29407.68,29408.64,"auto_ambient_night"
"Luke - Various Opportunistic Recordings/2025-04-22/50/250424_1835",23095.68,23096.64,"auto_ambient_night"
"Luke - Various Opportunistic Recordings/2025-04-22/50/250424_1835",28172.16,28173.12,"auto_ambient_night"
"Luke - Various Opportunistic Recordings/2025-04-22/54/250424_1831_01",22081.92,22082.88,"auto_ambient_night"
"Luke - Various Opportunistic Recordings/2025-04-22/54/250424_1831_01",28125.12,28126.08,"auto_ambient_night"
"Luke - Various Opportunistic Recordings/2025-04-23/1_40/250424_1842",20081.28,20082.24,"auto_ambient_night"
"Luke - Various Opportunistic Recordings/2025-04-23/1_40/250424_1842",20971.2,20972.16,"auto_ambient_night"
"Luke - Various Opportunistic Recordings/2025-04-23/1_71/250424_1841",17932.8,17933.76,"auto_ambient_night"
"Luke - Various Opportunistic Recordings/2025-06-20/moth_1/20250622_020500",120,120.96,"auto_ambient_night"
"Luke - Various Opportunistic Recordings/2025-06-20/moth_2/20250629_023000",94.08,95.04,"auto_ambient_night"
"Luke - Various Opportunistic Recordings/2025-07-23/1_48/250724_1740",20847.36,20848.32,"auto_ambient_night"
"Luke - Various Opportunistic Recordings/2025-07-23/1_48/250724_1740",23321.28,23322.24,"auto_ambient_night"
"Luke - Various Opportunistic Recordings/2025-08-05/1_108/250805_1224",40340.16,40341.12,"auto_ambient_night"
"Luke - Various Opportunistic Recordings/2025-08-12/1_16/250812_1238",52196.16,52197.12,"auto_ambient_night"
"Luke - Various Opportunistic Recordings/2025-08-21/1_148/250821_1338",124411.2,124412.16,"auto_ambient_night"
"Luke - Various Opportunistic Recordings/2025-04-22/1_107/250422_1610",35734.08,35735.04,"auto_ambient_night"
"Luke - Various Opportunistic Recordings/2025-04-22/1_107/250422_1610",35934.72,35935.68,"auto_ambient_night"
"Luke - Various Opportunistic Recordings/2025-04-22/1_18/250422_1610",34605.12,34606.08,"auto_ambient_night"
"Luke - Various Opportunistic Recordings/2025-04-22/1_18/250422_1610",35915.52,35916.48,"auto_ambient_night"
"Luke - Various Opportunistic Recordings/2025-04-22/1_18/250422_1610",36004.8,36005.76,"auto_ambient_night"
"Luke - Various Opportunistic Recordings/2025-04-22/1_44/250424_1827",24202.56,24203.52,"auto_ambient_night"
"Luke - Various Opportunistic Recordings/2025-04-22/1_44/250424_1827",28302.72,28303.68,"auto_ambient_night"
"Luke - Various Opportunistic Recordings/2025-04-22/1_51/250424_1831",21171.84,21172.8,"auto_ambient_night"
"Luke - Various Opportunistic Recordings/2025-04-22/1_51/250424_1831",21263.04,21264,"auto_ambient_night"
"Luke - Various Opportunistic Recordings/2025-04-22/1_51/250424_1831",21511.68,21512.64,"auto_ambient_night"
"Luke - Various Opportunistic Recordings/2025-04-22/1_51/250424_1831",22934.4,22935.36,"auto_ambient_night"
"Luke - Various Opportunistic Recordings/2025-04-22/1_51/250424_1831",23056.32,23057.28,"auto_ambient_night"
"Luke - Various Opportunistic Recordings/2025-04-22/1_51/250424_1831",23693.76,23694.72,"auto_ambient_night"
"Luke - Various Opportunistic Recordings/2025-04-22/1_51/250424_1831",24895.68,24896.64,"auto_ambient_night"
"Luke - Various Opportunistic Recordings/2025-04-22/1_51/250424_1831",28061.76,28062.72,"auto_ambient_night"
"Luke - Various Opportunistic Recordings/2025-04-22/1_51/250424_1831",28473.6,28474.56,"auto_ambient_night"
"Luke - Various Opportunistic Recordings/2025-04-22/1_76/250425_1927",111237.12,111238.08,"auto_ambient_night"
"Luke - Various Opportunistic Recordings/2025-04-22/1_80/250422_1636",25948.8,25949.76,"auto_ambient_night"
"Luke - Various Opportunistic Recordings/2025-04-22/1_80/250422_1636",33177.6,33178.56,"auto_ambient_night"
"Luke - Various Opportunistic Recordings/2025-04-22/1_80/250424_1833",20509.44,20510.4,"auto_ambient_night"
"Luke - Various Opportunistic Recordings/2025-04-22/1_80/250424_1833",20973.12,20974.08,"auto_ambient_night"
"Luke - Various Opportunistic Recordings/2025-04-22/1_80/250424_1833",21443.52,21444.48,"auto_ambient_night"
"Luke - Various Opportunistic Recordings/2025-04-22/1_80/250424_1833",28559.04,28560,"auto_ambient_night"
"Luke - Various Opportunistic Recordings/2025-04-22/1_80/250424_1833",28563.84,28564.8,"auto_ambient_night"
"Luke - Various Opportunistic Recordings/2025-04-22/1_90/250422_1610",33752.64,33753.6,"auto_ambient_night"
"Luke - Various Opportunistic Recordings/2025-04-22/1_90/250422_1610",34547.52,34548.48,"auto_ambient_night"
"Luke - Various Opportunistic Recordings/2025-04-22/1_90/250422_1610",34776.96,34777.92,"auto_ambient_night"
"Luke - Various Opportunistic Recordings/2025-04-22/1_90/250422_1610",35008.32,35009.28,"auto_ambient_night"
"Luke - Various Opportunistic Recordings/2025-04-22/1_90/250422_1610",35052.48,35053.44,"auto_ambient_night"
"Luke - Various Opportunistic Recordings/2025-04-22/1_90/250422_1610",35686.08,35687.04,"auto_ambient_night"
"Luke - Various Opportunistic Recordings/2025-04-22/1_90/250422_1610",35702.4,35703.36,"auto_ambient_night"
"Luke - Various Opportunistic Recordings/2025-04-22/1_90/250422_1610",35717.76,35718.72,"auto_ambient_night"
"Luke - Various Opportunistic Recordings/2025-04-22/1_90/250422_1610",36019.2,36020.16,"auto_ambient_night"
"Luke - Various Opportunistic Recordings/2025-04-22/1_90/250422_1610",36062.4,36063.36,"auto_ambient_night"
"Luke - Various Opportunistic Recordings/2025-04-22/1_90/250422_1610",36175.68,36176.64,"auto_ambient_night"
"Luke - Various Opportunistic Recordings/2025-04-22/1_90/250422_1610",36442.56,36443.52,"auto_ambient_night"
"Luke - Various Opportunistic Recordings/2025-04-22/1_90/250422_1610",36976.32,36977.28,"auto_ambient_night"
"Luke - Various Opportunistic Recordings/2025-04-22/1_90/250425_1926",14168.64,14169.6,"auto_ambient_night"
"Luke - Various Opportunistic Recordings/2025-04-22/1_90/250425_1926",15873.6,15874.56,"auto_ambient_night"
"Luke - Various Opportunistic Recordings/2025-04-22/1_90/250425_1926",114111.36,114112.32,"auto_ambient_night"
"Luke - Various Opportunistic Recordings/2025-04-22/22/250424_1828",20423.04,20424,"auto_ambient_night"
"Luke - Various Opportunistic Recordings/2025-04-22/22/250424_1828",21730.56,21731.52,"auto_ambient_night"
"Luke - Various Opportunistic Recordings/2025-04-22/22/250424_1828",22000.32,22001.28,"auto_ambient_night"
"Luke - Various Opportunistic Recordings/2025-04-22/22/250424_1828",23345.28,23346.24,"auto_ambient_night"
"Luke - Various Opportunistic Recordings/2025-04-22/50/250424_1835",20112,20112.96,"auto_ambient_night"
"Luke - Various Opportunistic Recordings/2025-04-22/50/250424_1835",21827.52,21828.48,"auto_ambient_night"
"Luke - Various Opportunistic Recordings/2025-04-22/54/250424_1831_01",21696,21696.96,"auto_ambient_night"
"Luke - Various Opportunistic Recordings/2025-04-22/54/250424_1831_01",21794.88,21795.84,"auto_ambient_night"
"Luke - Various Opportunistic Recordings/2025-04-22/54/250424_1831_01",22995.84,22996.8,"auto_ambient_night"
"Luke - Various Opportunistic Recordings/2025-04-22/54/250424_1831_01",24387.84,24388.8,"auto_ambient_night"
"Luke - Various Opportunistic Recordings/2025-04-23/1_40/250424_1842",18168,18168.96,"auto_ambient_night"
"Luke - Various Opportunistic Recordings/2025-04-23/1_40/250424_1842",20424,20424.96,"auto_ambient_night"
"Luke - Various Opportunistic Recordings/2025-04-23/1_40/250424_1842",22693.44,22694.4,"auto_ambient_night"
"Luke - Various Opportunistic Recordings/2025-06-20/moth_2/20250629_015000",96,96.96,"auto_ambient_night"
"Luke - Various Opportunistic Recordings/2025-07-09/1_19/250711_1145",144955.2,144956.16,"auto_ambient_night"
"Luke - Various Opportunistic Recordings/2025-07-23/1_48/250724_1740",20849.28,20850.24,"auto_ambient_night"
"Luke - Various Opportunistic Recordings/2025-07-23/1_48/250724_1740",33376.32,33377.28,"auto_ambient_night"
"Luke - Various Opportunistic Recordings/2025-07-23/5/250724_1743",19822.08,19823.04,"auto_ambient_night"
"Luke - Various Opportunistic Recordings/2025-07-23/5/250724_1743",21662.4,21663.36,"auto_ambient_night"
"Luke - Various Opportunistic Recordings/2025-08-05/8/250807_1408",32136.96,32137.92,"auto_ambient_night"
"Luke - Various Opportunistic Recordings/2025-08-05/8/250807_1408",33265.92,33266.88,"auto_ambient_night"
"Luke - Various Opportunistic Recordings/2025-08-08/1_80/250808_1237",46214.4,46215.36,"auto_ambient_night"
"Luke - Various Opportunistic Recordings/2025-08-12/1_16/250814_1421",35594.88,35595.84,"auto_ambient_night"
"Luke - Various Opportunistic Recordings/2025-08-21/1_148/250821_1338",121776.96,121777.92,"auto_ambient_night"
"Luke - Various Opportunistic Recordings/2025-08-21/1_62/250821_1338",121115.52,121116.48,"auto_ambient_night"
"Luke - Various Opportunistic Recordings/2025-08-21/40/250821_1315",124611.84,124612.8,"auto_ambient_night"
"Luke - Various Opportunistic Recordings/2025-09-26/1_153/250926_1952",14687.04,14688,"auto_ambient_night"
"Luke - Various Opportunistic Recordings/2025-04-22/1_107/250422_1610",34611.84,34612.8,"auto_ambient_night"
"Luke - Various Opportunistic Recordings/2025-04-22/1_107/250422_1610",35793.6,35794.56,"auto_ambient_night"
"Luke - Various Opportunistic Recordings/2025-04-22/1_107/250422_1610",35898.24,35899.2,"auto_ambient_night"
"Luke - Various Opportunistic Recordings/2025-04-22/1_107/250422_1610",35948.16,35949.12,"auto_ambient_night"
"Luke - Various Opportunistic Recordings/2025-04-22/1_107/250422_1610",35964.48,35965.44,"auto_ambient_night"
"Luke - Various Opportunistic Recordings/2025-04-22/1_18/250424_1822",36022.08,36023.04,"auto_ambient_night"
"Luke - Various Opportunistic Recordings/2025-04-22/1_44/250424_1827",28818.24,28819.2,"auto_ambient_night"
"Luke - Various Opportunistic Recordings/2025-04-22/1_51/250424_1831",20130.24,20131.2,"auto_ambient_night"
"Luke - Various Opportunistic Recordings/2025-04-22/1_51/250424_1831",21153.6,21154.56,"auto_ambient_night"
"Luke - Various Opportunistic Recordings/2025-04-22/1_51/250424_1831",21330.24,21331.2,"auto_ambient_night"
"Luke - Various Opportunistic Recordings/2025-04-22/1_51/250424_1831",21378.24,21379.2,"auto_ambient_night"
"Luke - Various Opportunistic Recordings/2025-04-22/1_51/250424_1831",21605.76,21606.72,"auto_ambient_night"
"Luke - Various Opportunistic Recordings/2025-04-22/1_51/250424_1831",22513.92,22514.88,"auto_ambient_night"
"Luke - Various Opportunistic Recordings/2025-04-22/1_51/250424_1831",22578.24,22579.2,"auto_ambient_night"
"Luke - Various Opportunistic Recordings/2025-04-22/1_51/250424_1831",22701.12,22702.08,"auto_ambient_night"
"Luke - Various Opportunistic Recordings/2025-04-22/1_51/250424_1831",23872.32,23873.28,"auto_ambient_night"
"Luke - Various Opportunistic Recordings/2025-04-22/1_51/250424_1831",24336,24336.96,"auto_ambient_night"
"Luke - Various Opportunistic Recordings/2025-04-22/1_51/250424_1831",25911.36,25912.32,"auto_ambient_night"
"Luke - Various Opportunistic Recordings/2025-04-22/1_76/250422_1610",27682.56,27683.52,"auto_ambient_night"
"Luke - Various Opportunistic Recordings/2025-04-22/1_76/250422_1610",28968,28968.96,"auto_ambient_night"
"Luke - Various Opportunistic Recordings/2025-04-22/1_76/250422_1610",32451.84,32452.8,"auto_ambient_night"
"Luke - Various Opportunistic Recordings/2025-04-22/1_76/250422_1610",35786.88,35787.84,"auto_ambient_night"
"Luke - Various Opportunistic Recordings/2025-04-22/1_80/250424_1833",28266.24,28267.2,"auto_ambient_night"
"Luke - Various Opportunistic Recordings/2025-04-22/1_90/250422_1610",30356.16,30357.12,"auto_ambient_night"
"Luke - Various Opportunistic Recordings/2025-04-22/1_90/250422_1610",34420.8,34421.76,"auto_ambient_night"
"Luke - Various Opportunistic Recordings/2025-04-22/1_90/250422_1610",34506.24,34507.2,"auto_ambient_night"
"Luke - Various Opportunistic Recordings/2025-04-22/1_90/250422_1610",35031.36,35032.32,"auto_ambient_night"
"Luke - Various Opportunistic Recordings/2025-04-22/1_90/250422_1610",35078.4,35079.36,"auto_ambient_night"
"Luke - Various Opportunistic Recordings/2025-04-22/1_90/250422_1610",35727.36,35728.32,"auto_ambient_night"
"Luke - Various Opportunistic Recordings/2025-04-22/1_90/250422_1610",35733.12,35734.08,"auto_ambient_night"
"Luke - Various Opportunistic Recordings/2025-04-22/1_90/250422_1610",36092.16,36093.12,"auto_ambient_night"
"Luke - Various Opportunistic Recordings/2025-04-22/1_90/250422_1610",37033.92,37034.88,"auto_ambient_night"
"Luke - Various Opportunistic Recordings/2025-04-22/22/250424_1828",21394.56,21395.52,"auto_ambient_night"
"Luke - Various Opportunistic Recordings/2025-04-22/22/250424_1828",26938.56,26939.52,"auto_ambient_night"
"Luke - Various Opportunistic Recordings/2025-04-22/50/250424_1835",21654.72,21655.68,"auto_ambient_night"
"Luke - Various Opportunistic Recordings/2025-04-22/54/250424_1831_01",23420.16,23421.12,"auto_ambient_night"
"Luke - Various Opportunistic Recordings/2025-04-23/1_108/250424_1841",18974.4,18975.36,"auto_ambient_night"
"Luke - Various Opportunistic Recordings/2025-04-23/1_40/250424_1842",20805.12,20806.08,"auto_ambient_night"
"Luke - Various Opportunistic Recordings/2025-04-23/1_40/250424_1842",23417.28,23418.24,"auto_ambient_night"
"Luke - Various Opportunistic Recordings/2025-04-23/1_40/250424_1842",24531.84,24532.8,"auto_ambient_night"
"Luke - Various Opportunistic Recordings/2025-04-23/1_40/250424_1842",25641.6,25642.56,"auto_ambient_night"
"Luke - Various Opportunistic Recordings/2025-04-23/1_40/250424_1842",27607.68,27608.64,"auto_ambient_night"
"Luke - Various Opportunistic Recordings/2025-04-23/1_71/250423_1446",34473.6,34474.56,"auto_ambient_night"
"Luke - Various Opportunistic Recordings/2025-07-03/1_82/250703_1610",28233.6,28234.56,"auto_ambient_night"
"Luke - Various Opportunistic Recordings/2025-07-09/1_29/250711_1150",129467.52,129468.48,"auto_ambient_night"
"Luke - Various Opportunistic Recordings/2025-07-15/1_101/250715_1640",130047.36,130048.32,"auto_ambient_night"
"Luke - Various Opportunistic Recordings/2025-07-23/1_32/250723_0815",139917.12,139918.08,"auto_ambient_night"
"Luke - Various Opportunistic Recordings/2025-07-23/1_32/250723_0815",142656,142656.96,"auto_ambient_night"
"Luke - Various Opportunistic Recordings/2025-07-23/1_48/250724_1740",23063.04,23064,"auto_ambient_night"
"Luke - Various Opportunistic Recordings/2025-07-23/1_48/250724_1740",23820.48,23821.44,"auto_ambient_night"
"Luke - Various Opportunistic Recordings/2025-07-23/1_48/250724_1740",36218.88,36219.84,"auto_ambient_night"
"Luke - Various Opportunistic Recordings/2025-07-23/1_48/250724_1740",36500.16,36501.12,"auto_ambient_night"
"Luke - Various Opportunistic Recordings/2025-07-23/5/250724_1743",19348.8,19349.76,"auto_ambient_night"
"Luke - Various Opportunistic Recordings/2025-07-23/5/250724_1743",27425.28,27426.24,"auto_ambient_night"
"Luke - Various Opportunistic Recordings/2025-07-23/5/250724_1743",36503.04,36504,"auto_ambient_night"
"Luke - Various Opportunistic Recordings/2025-07-29/1_73/250729_1306",140455.68,140456.64,"auto_ambient_night"
"Luke - Various Opportunistic Recordings/2025-08-05/1_108/250805_1224",40454.4,40455.36,"auto_ambient_night"
"Luke - Various Opportunistic Recordings/2025-08-05/1_108/250805_1224",45281.28,45282.24,"auto_ambient_night"
"Luke - Various Opportunistic Recordings/2025-08-05/1_7/250805_1221",46864.32,46865.28,"auto_ambient_night"
"Luke - Various Opportunistic Recordings/2025-08-08/1_80/250808_1237",39658.56,39659.52,"auto_ambient_night"
"Luke - Various Opportunistic Recordings/2025-08-12/1_16/250814_1421",35495.04,35496,"auto_ambient_night"
"Luke - Various Opportunistic Recordings/2025-08-12/51/250812_1158",46114.56,46115.52,"auto_ambient_night"
"Luke - Various Opportunistic Recordings/2025-08-21/1_148/250821_1338",121085.76,121086.72,"auto_ambient_night"
"Luke - Various Opportunistic Recordings/2025-08-21/1_32/250821_1338",122733.12,122734.08,"auto_ambient_night"
"Luke - Various Opportunistic Recordings/2025-08-21/1_62/250821_1338",121120.32,121121.28,"auto_ambient_night"
"Luke - Various Opportunistic Recordings/2025-08-21/40/250823_1457",44926.08,44927.04,"auto_ambient_night"
