"ident","start","end","label"
"JamesU - MustardBumbler/1_29/240903_1319",106860,107160.03,"ins_trill"
"JamesU - MustardBumbler/1_29/240903_1319",106889.0106,106990.059,"mech_plane_prop"
"JamesU - MustardBumbler/1_29/240903_1319",107049.396,107050.254,"ins_buzz_medium"
"JamesU - MustardBumbler/1_29/240903_1319",107075.648,107078.081,"ins_buzz_high"
"JamesU - MustardBumbler/1_29/240903_1319",107079.451,107082.295,"ins_buzz_high"
"JamesU - MustardBumbler/1_29/240903_1319",107135.197,107136.386,"ins_buzz_medium"
"JamesU - MustardBumbler/1_29/240903_1319",107139.003,107140.517,"ins_buzz_medium"
"JamesU - MustardBumbler/1_29/240903_1319",107143.059,107143.931,"ins_buzz_medium"
"JamesU - MustardBumbler/1_29/240903_1319",107144.174,107144.561,"ins_buzz_medium"
"JamesU - MustardBumbler/1_29/240903_1319",107156.408,107157.111,"ins_buzz_high"
"JamesU - MustardBumbler/1_29/240903_1319",110460,110760.004,"ins_trill"
"JamesU - MustardBumbler/1_29/240903_1319",110743.537,110755.016,"mech_auto_car"
"JamesU - MustardBumbler/1_29/240903_1319",114060,114360,"ins_trill"
"JamesU - MustardBumbler/1_29/240903_1319",114060.555,114069.3158,"ambient_music"
"JamesU - MustardBumbler/1_29/240903_1319",114070.3729,114070.6391,"ambient_music"
"JamesU - MustardBumbler/1_29/240903_1319",114072.3575,114072.6232,"ambient_music"
"JamesU - MustardBumbler/1_29/240903_1319",114076.6536,114077.8238,"ambient_music"
"JamesU - MustardBumbler/1_29/240903_1319",114080.8714,114088.9928,"ambient_music"
"JamesU - MustardBumbler/1_29/240903_1319",114092.5382,114094.0924,"ambient_music"
"JamesU - MustardBumbler/1_29/240903_1319",114106.8921,114119.3679,"mech_auto_car"
"JamesU - MustardBumbler/1_29/240903_1319",114124.5391,114128.5148,"mech_auto_car"
"JamesU - MustardBumbler/1_29/240903_1319",114191.009,114243.1717,"ambient_music"
"JamesU - MustardBumbler/1_29/240903_1319",114259.9284,114314.2528,"ambient_music"
"JamesU - MustardBumbler/1_29/240903_1319",114327.9526,114335.2894,"mech_auto_car"
"JamesU - MustardBumbler/1_29/240903_1319",117660,117960,"ins_trill"
"JamesU - MustardBumbler/1_29/240903_1319",117660,117660.6086,"animal_dog"
"JamesU - MustardBumbler/1_29/240903_1319",117661.7384,117662.9072,"animal_dog"
"JamesU - MustardBumbler/1_29/240903_1319",117663.915,117664.5772,"animal_dog"
"JamesU - MustardBumbler/1_29/240903_1319",117674.0466,117674.2267,"animal_dog"
"JamesU - MustardBumbler/1_29/240903_1319",117674.6503,117674.8256,"animal_dog"
"JamesU - MustardBumbler/1_29/240903_1319",117676.0434,117676.1805,"animal_dog"
"JamesU - MustardBumbler/1_29/240903_1319",117676.4236,117676.542,"animal_dog"
"JamesU - MustardBumbler/1_29/240903_1319",117677.0598,117677.2374,"animal_dog"
"JamesU - MustardBumbler/1_29/240903_1319",117680.9622,117681.3922,"animal_dog"
"JamesU - MustardBumbler/1_29/240903_1319",117683.4911,117683.9118,"animal_dog"
"JamesU - MustardBumbler/1_29/240903_1319",117685.4946,117686.473,"animal_dog"
"JamesU - MustardBumbler/1_29/240903_1319",117687.6337,117687.8238,"animal_dog"
"JamesU - MustardBumbler/1_29/240903_1319",117689.9192,117691.2591,"animal_dog"
"JamesU - MustardBumbler/1_29/240903_1319",117692.2963,117692.8416,"animal_dog"
"JamesU - MustardBumbler/1_29/240903_1319",117693.6331,117693.7951,"animal_dog"
"JamesU - MustardBumbler/1_29/240903_1319",117694.7654,117695.0178,"animal_dog"
"JamesU - MustardBumbler/1_29/240903_1319",117696.8151,117697.8231,"animal_dog"
"JamesU - MustardBumbler/1_29/240903_1319",117698.7169,117698.8881,"animal_dog"
"JamesU - MustardBumbler/1_29/240903_1319",117700.0577,117701.4081,"animal_dog"
"JamesU - MustardBumbler/1_29/240903_1319",117704.1667,117705.7977,"animal_dog"
"JamesU - MustardBumbler/1_29/240903_1319",117707.2036,117707.3679,"animal_dog"
"JamesU - MustardBumbler/1_29/240903_1319",117707.7148,117707.8609,"animal_dog"
"JamesU - MustardBumbler/1_29/240903_1319",117713.9247,117715.9507,"animal_dog"
"JamesU - MustardBumbler/1_29/240903_1319",117717.9194,117719.5167,"animal_dog"
"JamesU - MustardBumbler/1_29/240903_1319",117723.0826,117723.677,"animal_dog"
"JamesU - MustardBumbler/1_29/240903_1319",117725.2018,117728.2477,"animal_dog"
"JamesU - MustardBumbler/1_29/240903_1319",117730.5693,117730.7365,"animal_dog"
"JamesU - MustardBumbler/1_29/240903_1319",117731.2194,117731.4237,"animal_dog"
"JamesU - MustardBumbler/1_29/240903_1319",117737.5355,117738.0015,"animal_dog"
"JamesU - MustardBumbler/1_29/240903_1319",117738.4579,117738.5721,"animal_dog"
"JamesU - MustardBumbler/1_29/240903_1319",117739.1236,117739.2377,"animal_dog"
"JamesU - MustardBumbler/1_29/240903_1319",117742.1558,117742.365,"animal_dog"
"JamesU - MustardBumbler/1_29/240903_1319",117743.1163,117744.2003,"animal_dog"
"JamesU - MustardBumbler/1_29/240903_1319",117745.0859,117745.4758,"animal_dog"
"JamesU - MustardBumbler/1_29/240903_1319",117754.4326,117755.6973,"animal_dog"
"JamesU - MustardBumbler/1_29/240903_1319",117756.969,117757.4825,"animal_dog"
"JamesU - MustardBumbler/1_29/240903_1319",117757.9865,117758.1766,"animal_dog"
"JamesU - MustardBumbler/1_29/240903_1319",117770.5231,117771.3211,"animal_dog"
"JamesU - MustardBumbler/1_29/240903_1319",117771.7498,117771.9495,"animal_dog"
"JamesU - MustardBumbler/1_29/240903_1319",117773.305,117773.4516,"animal_dog"
"JamesU - MustardBumbler/1_29/240903_1319",117774.7515,117774.9079,"animal_dog"
"JamesU - MustardBumbler/1_29/240903_1319",117794.121,117796.5253,"mech_auto_car"
"JamesU - MustardBumbler/1_29/240903_1319",117818.8228,117823.3466,"mech_hum_traffic"
"JamesU - MustardBumbler/1_29/240903_1319",117828.2595,117828.3749,"animal_dog"
"JamesU - MustardBumbler/1_29/240903_1319",117828.5047,117828.6777,"animal_dog"
"JamesU - MustardBumbler/1_29/240903_1319",117831.4513,117833.0707,"mech_hum_traffic"
"JamesU - MustardBumbler/1_29/240903_1319",117849.8447,117856.6568,"mech_hum_traffic"
"JamesU - MustardBumbler/1_29/240903_1319",117853.0939,117854.5935,"mech_auto_car"
"JamesU - MustardBumbler/1_29/240903_1319",117858.8571,117862.0079,"mech_hum_traffic"
"JamesU - MustardBumbler/1_29/240903_1319",117859.3009,117860.5626,"mech_auto_car"
"JamesU - MustardBumbler/1_29/240903_1319",117880.6579,117880.8309,"animal_dog"
"JamesU - MustardBumbler/1_29/240903_1319",117881.2707,117881.4221,"animal_dog"
"JamesU - MustardBumbler/1_29/240903_1319",117889.646,117889.8263,"animal_dog"
"JamesU - MustardBumbler/1_29/240903_1319",117901.9028,117902.0759,"animal_dog"
"JamesU - MustardBumbler/1_29/240903_1319",117911.3666,117917.1929,"mech_hum_traffic"
"JamesU - MustardBumbler/1_29/240903_1319",117917.5978,117919.5341,"mech_hum_traffic"
"JamesU - MustardBumbler/1_29/240903_1319",117920.9422,117922.0864,"mech_hum_traffic"
"JamesU - MustardBumbler/1_29/240903_1319",117923.9445,117924.1247,"animal_dog"
"JamesU - MustardBumbler/1_29/240903_1319",117924.8511,117926.5585,"mech_hum_traffic"
"JamesU - MustardBumbler/1_29/240903_1319",117927.7061,117930.0648,"mech_hum_traffic"
"JamesU - MustardBumbler/1_29/240903_1319",117931.825,117933.3036,"mech_hum_traffic"
"JamesU - MustardBumbler/1_29/240903_1319",117933.9131,117935.0396,"mech_hum_traffic"
"JamesU - MustardBumbler/1_29/240903_1319",117935.8845,117936.9231,"mech_hum_traffic"
"JamesU - MustardBumbler/1_29/240903_1319",117937.5391,117938.5953,"mech_hum_traffic"
"JamesU - MustardBumbler/1_29/240903_1319",117939.7894,117941.4793,"mech_hum_traffic"
"JamesU - MustardBumbler/1_29/240903_1319",117943.6075,117950.7717,"mech_hum_traffic"
"JamesU - MustardBumbler/1_29/240903_1319",117952.0627,117953.3301,"mech_hum_traffic"
"JamesU - MustardBumbler/1_29/240903_1319",117956.6041,117960,"mech_hum_traffic"
"JamesU - MustardBumbler/1_29/240903_1319",121260,121560,"ins_trill"
"JamesU - MustardBumbler/1_29/240903_1319",121310.7666,121327.6341,"mech_auto_car"
"JamesU - MustardBumbler/1_29/240903_1319",121418.1562,121424.0177,"mech_hum_traffic"
"JamesU - MustardBumbler/1_29/240903_1319",121430.4294,121437.84,"mech_hum_traffic"
"JamesU - MustardBumbler/1_29/240903_1319",121458.7006,121462.3971,"mech_auto_car"
"JamesU - MustardBumbler/1_29/240903_1319",38460,38760,"ins_trill"
"JamesU - MustardBumbler/1_29/240903_1319",38464.414,38466.8557,"ambient_wind"
"JamesU - MustardBumbler/1_29/240903_1319",38467.3304,38470.4774,"ambient_wind"
"JamesU - MustardBumbler/1_29/240903_1319",38472.3587,38474.4884,"ambient_wind"
"JamesU - MustardBumbler/1_29/240903_1319",38478.6971,38479.0572,"ambient_bang"
"JamesU - MustardBumbler/1_29/240903_1319",38488.9928,38489.2706,"mech_auto_beep"
"JamesU - MustardBumbler/1_29/240903_1319",38494.5691,38499.3167,"mech_auto_beep"
"JamesU - MustardBumbler/1_29/240903_1319",38504.2398,38505.013,"ambient_wind"
"JamesU - MustardBumbler/1_29/240903_1319",38507.1698,38508.1464,"ambient_wind"
"JamesU - MustardBumbler/1_29/240903_1319",38512.0482,38513.4725,"ambient_wind"
"JamesU - MustardBumbler/1_29/240903_1319",38515.1817,38516.8366,"ambient_wind"
"JamesU - MustardBumbler/1_29/240903_1319",38522.7098,38523.3202,"ambient_wind"
"JamesU - MustardBumbler/1_29/240903_1319",38539.7416,38540.2028,"mech_auto_beep"
"JamesU - MustardBumbler/1_29/240903_1319",38558.6664,38559.1442,"mech_auto_beep"
"JamesU - MustardBumbler/1_29/240903_1319",38559.6054,38560.0777,"mech_auto_beep"
"JamesU - MustardBumbler/1_29/240903_1319",38560.5721,38560.9166,"mech_auto_beep"
"JamesU - MustardBumbler/1_29/240903_1319",38610.1519,38691.7725,"mech_plane_prop"
"JamesU - MustardBumbler/1_29/240903_1319",38658.6921,38660.0757,"animal_cow"
"JamesU - MustardBumbler/1_29/240903_1319",38720.1144,38723.0163,"mech_auto_car"
"JamesU - MustardBumbler/1_29/240903_1319",38727.9847,38760,"mech_hum_traffic"
"JamesU - MustardBumbler/1_29/240903_1319",42060,42360,"ins_trill"
"JamesU - MustardBumbler/1_29/240903_1319",42109.5325,42140.6953,"mech_hum_traffic"
"JamesU - MustardBumbler/1_29/240903_1319",42113.012,42118.4743,"mech_auto_car"
"JamesU - MustardBumbler/1_29/240903_1319",42126.2981,42135.5229,"mech_auto_car"
"JamesU - MustardBumbler/1_29/240903_1319",42160.1878,42164.147,"ambient_wind"
"JamesU - MustardBumbler/1_29/240903_1319",42197.1233,42227.6022,"mech_plane_jet"
"JamesU - MustardBumbler/1_29/240903_1319",42235.8167,42360,"mech_plane_jet"
"JamesU - MustardBumbler/1_29/240903_1319",45660,45660.3084,"ambient_background"
"JamesU - MustardBumbler/1_29/240903_1319",45660.3084,45724.5532,"mech_plane_jet"
"JamesU - MustardBumbler/1_29/240903_1319",45660.7415,45660.9356,"ins_trill"
"JamesU - MustardBumbler/1_29/240903_1319",45661.7175,45661.8739,"ins_trill"
"JamesU - MustardBumbler/1_29/240903_1319",45662.7474,45662.9307,"ins_trill"
"JamesU - MustardBumbler/1_29/240903_1319",45663.9121,45664.0955,"ins_trill"
"JamesU - MustardBumbler/1_29/240903_1319",45665.2014,45665.3308,"ins_trill"
"JamesU - MustardBumbler/1_29/240903_1319",45665.9887,45666.1828,"ins_trill"
"JamesU - MustardBumbler/1_29/240903_1319",45667.0132,45667.1588,"ins_trill"
"JamesU - MustardBumbler/1_29/240903_1319",45668.0417,45668.2251,"ins_trill"
"JamesU - MustardBumbler/1_29/240903_1319",45668.98,45669.1471,"ins_trill"
"JamesU - MustardBumbler/1_29/240903_1319",45669.8158,45669.9613,"ins_trill"
"JamesU - MustardBumbler/1_29/240903_1319",45670.6044,45670.7662,"ins_trill"
"JamesU - MustardBumbler/1_29/240903_1319",45671.4402,45671.6343,"ins_trill"
"JamesU - MustardBumbler/1_29/240903_1319",45672.2541,45672.4159,"ins_trill"
"JamesU - MustardBumbler/1_29/240903_1319",45673.1385,45673.2948,"ins_trill"
"JamesU - MustardBumbler/1_29/240903_1319",45673.8394,45674.0174,"ins_trill"
"JamesU - MustardBumbler/1_29/240903_1319",45674.6445,45674.817,"ins_trill"
"JamesU - MustardBumbler/1_29/240903_1319",45675.4641,45675.6421,"ins_trill"
"JamesU - MustardBumbler/1_29/240903_1319",45676.2028,45676.3862,"ins_trill"
"JamesU - MustardBumbler/1_29/240903_1319",45677.0021,45677.1693,"ins_trill"
"JamesU - MustardBumbler/1_29/240903_1319",45677.8002,45677.9889,"ins_trill"
"JamesU - MustardBumbler/1_29/240903_1319",45678.6413,45678.8031,"ins_trill"
"JamesU - MustardBumbler/1_29/240903_1319",45679.3962,45679.5904,"ins_trill"
"JamesU - MustardBumbler/1_29/240903_1319",45680.2951,45680.4785,"ins_trill"
"JamesU - MustardBumbler/1_29/240903_1319",45681.1902,45681.3682,"ins_trill"
"JamesU - MustardBumbler/1_29/240903_1319",45681.9991,45682.2202,"ins_trill"
"JamesU - MustardBumbler/1_29/240903_1319",45683.0182,45683.2015,"ins_trill"
"JamesU - MustardBumbler/1_29/240903_1319",45684.0923,45684.2379,"ins_trill"
"JamesU - MustardBumbler/1_29/240903_1319",45684.9982,45685.1653,"ins_trill"
"JamesU - MustardBumbler/1_29/240903_1319",45686.0281,45686.1683,"ins_trill"
"JamesU - MustardBumbler/1_29/240903_1319",45686.8423,45687.0364,"ins_trill"
"JamesU - MustardBumbler/1_29/240903_1319",45687.8382,45687.9946,"ins_trill"
"JamesU - MustardBumbler/1_29/240903_1319",45688.7764,45688.9382,"ins_trill"
"JamesU - MustardBumbler/1_29/240903_1319",45689.5907,45689.7524,"ins_trill"
"JamesU - MustardBumbler/1_29/240903_1319",45690.7219,45690.916,"ins_trill"
"JamesU - MustardBumbler/1_29/240903_1319",45691.7464,45691.9244,"ins_trill"
"JamesU - MustardBumbler/1_29/240903_1319",45692.5175,45692.6793,"ins_trill"
"JamesU - MustardBumbler/1_29/240903_1319",45693.3651,45693.5323,"ins_trill"
"JamesU - MustardBumbler/1_29/240903_1319",45694.2988,45694.4552,"ins_trill"
"JamesU - MustardBumbler/1_29/240903_1319",45695.47,45695.6309,"ins_trill"
"JamesU - MustardBumbler/1_29/240903_1319",45696.3263,45696.4527,"ins_trill"
"JamesU - MustardBumbler/1_29/240903_1319",45697.2112,45697.3606,"ins_trill"
"JamesU - MustardBumbler/1_29/240903_1319",45698.0675,45698.2284,"ins_trill"
"JamesU - MustardBumbler/1_29/240903_1319",45699.0099,45699.1651,"ins_trill"
"JamesU - MustardBumbler/1_29/240903_1319",45700.1248,45700.2685,"ins_trill"
"JamesU - MustardBumbler/1_29/240903_1319",45701.1764,45701.3143,"ins_trill"
"JamesU - MustardBumbler/1_29/240903_1319",45702.1131,45702.2683,"ins_trill"
"JamesU - MustardBumbler/1_29/240903_1319",45703.4578,45703.6177,"ins_trill"
"JamesU - MustardBumbler/1_29/240903_1319",45704.3141,45704.4658,"ins_trill"
"JamesU - MustardBumbler/1_29/240903_1319",45705.3397,45705.4776,"ins_trill"
"JamesU - MustardBumbler/1_29/240903_1319",45706.1557,45706.3247,"ins_trill"
"JamesU - MustardBumbler/1_29/240903_1319",45706.9947,45707.1557,"ins_trill"
"JamesU - MustardBumbler/1_29/240903_1319",45707.9027,45708.0406,"ins_trill"
"JamesU - MustardBumbler/1_29/240903_1319",45708.8049,45708.9601,"ins_trill"
"JamesU - MustardBumbler/1_29/240903_1319",45709.575,45709.7187,"ins_trill"
"JamesU - MustardBumbler/1_29/240903_1319",45710.4312,45710.5921,"ins_trill"
"JamesU - MustardBumbler/1_29/240903_1319",45711.3622,45711.5001,"ins_trill"
"JamesU - MustardBumbler/1_29/240903_1319",45712.9713,45713.1494,"ins_trill"
"JamesU - MustardBumbler/1_29/240903_1319",45714.0631,45714.2183,"ins_trill"
"JamesU - MustardBumbler/1_29/240903_1319",45715.0745,45715.2182,"ins_trill"
"JamesU - MustardBumbler/1_29/240903_1319",45716.0055,45716.1434,"ins_trill"
"JamesU - MustardBumbler/1_29/240903_1319",45716.833,45716.9709,"ins_trill"
"JamesU - MustardBumbler/1_29/240903_1319",45717.7467,45717.8789,"ins_trill"
"JamesU - MustardBumbler/1_29/240903_1319",45718.6662,45718.8156,"ins_trill"
"JamesU - MustardBumbler/1_29/240903_1319",45719.4535,45719.6086,"ins_trill"
"JamesU - MustardBumbler/1_29/240903_1319",45720.4821,45720.6545,"ins_trill"
"JamesU - MustardBumbler/1_29/240903_1319",45721.4016,45721.5453,"ins_trill"
"JamesU - MustardBumbler/1_29/240903_1319",45722.3555,45722.505,"ins_trill"
"JamesU - MustardBumbler/1_29/240903_1319",45723.1543,45723.2922,"ins_trill"
"JamesU - MustardBumbler/1_29/240903_1319",45724.0221,45724.1772,"ins_trill"
"JamesU - MustardBumbler/1_29/240903_1319",45724.5532,45724.8611,"ambient_background"
"JamesU - MustardBumbler/1_29/240903_1319",45724.8611,45725.0105,"ins_trill"
"JamesU - MustardBumbler/1_29/240903_1319",45725.0105,45725.6369,"ambient_background"
"JamesU - MustardBumbler/1_29/240903_1319",45725.6369,45725.8093,"ins_trill"
"JamesU - MustardBumbler/1_29/240903_1319",45725.8093,45726.677,"ambient_background"
"JamesU - MustardBumbler/1_29/240903_1319",45726.677,45726.8322,"ins_trill"
"JamesU - MustardBumbler/1_29/240903_1319",45726.8322,45727.5505,"ambient_background"
"JamesU - MustardBumbler/1_29/240903_1319",45727.5505,45727.7172,"ins_trill"
"JamesU - MustardBumbler/1_29/240903_1319",45727.7172,45728.6136,"ambient_background"
"JamesU - MustardBumbler/1_29/240903_1319",45728.6136,45728.786,"ins_trill"
"JamesU - MustardBumbler/1_29/240903_1319",45728.786,45729.4986,"ambient_background"
"JamesU - MustardBumbler/1_29/240903_1319",45729.4986,45729.6721,"ins_trill"
"JamesU - MustardBumbler/1_29/240903_1319",45729.6721,45730.3319,"ambient_background"
"JamesU - MustardBumbler/1_29/240903_1319",45730.3319,45730.5158,"ins_trill"
"JamesU - MustardBumbler/1_29/240903_1319",45730.5158,45731.3548,"ambient_background"
"JamesU - MustardBumbler/1_29/240903_1319",45731.3548,45731.51,"ins_trill"
"JamesU - MustardBumbler/1_29/240903_1319",45731.51,45732.4869,"ambient_background"
"JamesU - MustardBumbler/1_29/240903_1319",45732.4869,45732.6631,"ins_trill"
"JamesU - MustardBumbler/1_29/240903_1319",45732.6631,45733.2598,"ambient_background"
"JamesU - MustardBumbler/1_29/240903_1319",45733.2598,45733.4116,"ins_trill"
"JamesU - MustardBumbler/1_29/240903_1319",45733.4116,45734.1195,"ambient_background"
"JamesU - MustardBumbler/1_29/240903_1319",45734.1195,45734.2755,"ins_trill"
"JamesU - MustardBumbler/1_29/240903_1319",45734.2755,45735.0436,"ambient_background"
"JamesU - MustardBumbler/1_29/240903_1319",45735.0436,45735.1906,"ins_trill"
"JamesU - MustardBumbler/1_29/240903_1319",45735.1906,45735.9401,"ambient_background"
"JamesU - MustardBumbler/1_29/240903_1319",45735.9401,45736.0868,"ins_trill"
"JamesU - MustardBumbler/1_29/240903_1319",45736.0868,45736.8312,"ambient_background"
"JamesU - MustardBumbler/1_29/240903_1319",45736.8312,45736.9929,"ins_trill"
"JamesU - MustardBumbler/1_29/240903_1319",45736.9929,45737.8756,"ambient_background"
"JamesU - MustardBumbler/1_29/240903_1319",45737.8756,45738.0242,"ins_trill"
"JamesU - MustardBumbler/1_29/240903_1319",45738.0242,45738.6479,"ambient_background"
"JamesU - MustardBumbler/1_29/240903_1319",45738.6479,45738.7812,"ins_trill"
"JamesU - MustardBumbler/1_29/240903_1319",45738.7812,45739.4249,"ambient_background"
"JamesU - MustardBumbler/1_29/240903_1319",45739.4249,45739.572,"ins_trill"
"JamesU - MustardBumbler/1_29/240903_1319",45739.572,45740.3397,"ambient_background"
"JamesU - MustardBumbler/1_29/240903_1319",45740.3397,45740.4776,"ins_trill"
"JamesU - MustardBumbler/1_29/240903_1319",45740.4776,45741.1994,"ambient_background"
"JamesU - MustardBumbler/1_29/240903_1319",45741.1994,45741.3741,"ins_trill"
"JamesU - MustardBumbler/1_29/240903_1319",45741.3741,45742.2062,"ambient_background"
"JamesU - MustardBumbler/1_29/240903_1319",45742.2062,45742.3579,"ins_trill"
"JamesU - MustardBumbler/1_29/240903_1319",45742.3579,45743.3969,"ambient_background"
"JamesU - MustardBumbler/1_29/240903_1319",45743.3969,45743.5486,"ins_trill"
"JamesU - MustardBumbler/1_29/240903_1319",45743.5486,45744.3624,"ambient_background"
"JamesU - MustardBumbler/1_29/240903_1319",45744.3624,45744.5066,"ins_trill"
"JamesU - MustardBumbler/1_29/240903_1319",45744.5066,45745.1991,"ambient_background"
"JamesU - MustardBumbler/1_29/240903_1319",45745.1991,45745.337,"ins_trill"
"JamesU - MustardBumbler/1_29/240903_1319",45745.3002,45960,"ins_trill"
"JamesU - MustardBumbler/1_29/240903_1319",45746.1461,45746.2978,"ins_trill"
"JamesU - MustardBumbler/1_29/240903_1319",45759.7194,45960,"mech_plane_jet"
"JamesU - MustardBumbler/1_29/240903_1319",60060,60065.8569,"ins_trill"
"JamesU - MustardBumbler/1_29/240903_1319",60065.8569,60068.7388,"ambient_background"
"JamesU - MustardBumbler/1_29/240903_1319",60068.7388,60359.739,"ins_trill"
"JamesU - MustardBumbler/1_29/240903_1319",60183.513,60359.96,"mech_auto_background"
"JamesU - MustardBumbler/1_29/240903_1319",60184.965,60202.219,"mech_hum_auto"
"JamesU - MustardBumbler/1_29/240903_1319",60211.771,60213.275,"mech_hum_auto"
"JamesU - MustardBumbler/1_29/240903_1319",60215.618,60234.722,"mech_hum_auto"
"JamesU - MustardBumbler/1_29/240903_1319",60236.314,60267.403,"mech_hum_auto"
"JamesU - MustardBumbler/1_29/240903_1319",60262.981,60268.906,"mech_auto_bike"
"JamesU - MustardBumbler/1_29/240903_1319",60270.1,60276.822,"mech_auto_bike"
"JamesU - MustardBumbler/1_29/240903_1319",60277.662,60281.465,"mech_auto_bike"
"JamesU - MustardBumbler/1_29/240903_1319",60293.399,60305.656,"mech_auto_bike"
"JamesU - MustardBumbler/1_29/240903_1319",60308.264,60310.962,"mech_auto_car"
"JamesU - MustardBumbler/1_29/240903_1319",60319.099,60337.427,"mech_auto_truck"
"JamesU - MustardBumbler/1_29/240903_1319",63660,63660.2881,"ambient_background"
"JamesU - MustardBumbler/1_29/240903_1319",63660.2881,63660.5307,"ins_trill"
"JamesU - MustardBumbler/1_29/240903_1319",63660.5307,63661.2892,"ambient_background"
"JamesU - MustardBumbler/1_29/240903_1319",63661.2892,63661.5358,"ins_trill"
"JamesU - MustardBumbler/1_29/240903_1319",63661.5358,63662.5776,"ambient_background"
"JamesU - MustardBumbler/1_29/240903_1319",63662.5776,63708.0651,"ins_trill"
"JamesU - MustardBumbler/1_29/240903_1319",63704.881,63718.4185,"mech_auto_truck"
"JamesU - MustardBumbler/1_29/240903_1319",63710.4911,63719.6492,"ins_trill"
"JamesU - MustardBumbler/1_29/240903_1319",63719.6492,63720.8926,"ambient_background"
"JamesU - MustardBumbler/1_29/240903_1319",63720.8926,63756.858,"ins_trill"
"JamesU - MustardBumbler/1_29/240903_1319",63756.858,63758.4652,"ambient_background"
"JamesU - MustardBumbler/1_29/240903_1319",63758.4652,63776.387,"ins_trill"
"JamesU - MustardBumbler/1_29/240903_1319",63776.387,63777.449,"ambient_background"
"JamesU - MustardBumbler/1_29/240903_1319",63777.449,63778.844,"ins_trill"
"JamesU - MustardBumbler/1_29/240903_1319",63778.844,63781.876,"ambient_background"
"JamesU - MustardBumbler/1_29/240903_1319",63781.876,63791.641,"ins_trill"
"JamesU - MustardBumbler/1_29/240903_1319",63791.641,63792.914,"ambient_background"
"JamesU - MustardBumbler/1_29/240903_1319",63792.914,63805.53,"ins_trill"
"JamesU - MustardBumbler/1_29/240903_1319",63805.53,63807.167,"ambient_background"
"JamesU - MustardBumbler/1_29/240903_1319",63807.167,63807.501,"ins_trill"
"JamesU - MustardBumbler/1_29/240903_1319",63807.501,63808.683,"ambient_background"
"JamesU - MustardBumbler/1_29/240903_1319",63808.683,63811.958,"ins_trill"
"JamesU - MustardBumbler/1_29/240903_1319",63811.958,63812.777,"ambient_background"
"JamesU - MustardBumbler/1_29/240903_1319",63812.777,63815.416,"ins_trill"
"JamesU - MustardBumbler/1_29/240903_1319",63815.416,63816.447,"ambient_background"
"JamesU - MustardBumbler/1_29/240903_1319",63816.447,63825.483,"ins_trill"
"JamesU - MustardBumbler/1_29/240903_1319",63825.483,63826.636,"ambient_background"
"JamesU - MustardBumbler/1_29/240903_1319",63826.636,63829.941,"ins_trill"
"JamesU - MustardBumbler/1_29/240903_1319",63829.941,63832.367,"ambient_background"
"JamesU - MustardBumbler/1_29/240903_1319",63832.367,63832.731,"ins_trill"
"JamesU - MustardBumbler/1_29/240903_1319",63832.731,63833.58,"ambient_background"
"JamesU - MustardBumbler/1_29/240903_1319",63833.58,63833.974,"ins_trill"
"JamesU - MustardBumbler/1_29/240903_1319",63833.974,63835.302,"ambient_background"
"JamesU - MustardBumbler/1_29/240903_1319",63835.302,63835.481,"ins_trill"
"JamesU - MustardBumbler/1_29/240903_1319",63835.481,63836.514,"ambient_background"
"JamesU - MustardBumbler/1_29/240903_1319",63836.514,63836.756,"ins_trill"
"JamesU - MustardBumbler/1_29/240903_1319",63836.756,63837.814,"ambient_background"
"JamesU - MustardBumbler/1_29/240903_1319",63837.814,63838.031,"ins_trill"
"JamesU - MustardBumbler/1_29/240903_1319",63838.031,63838.935,"ambient_background"
"JamesU - MustardBumbler/1_29/240903_1319",63838.935,63844.749,"ins_trill"
"JamesU - MustardBumbler/1_29/240903_1319",63844.749,63846.393,"ambient_background"
"JamesU - MustardBumbler/1_29/240903_1319",63846.393,63846.699,"ins_trill"
"JamesU - MustardBumbler/1_29/240903_1319",63846.699,63847.707,"ambient_background"
"JamesU - MustardBumbler/1_29/240903_1319",63847.707,63850.219,"ins_trill"
"JamesU - MustardBumbler/1_29/240903_1319",63850.219,63851.596,"ambient_background"
"JamesU - MustardBumbler/1_29/240903_1319",63851.596,63851.876,"ins_trill"
"JamesU - MustardBumbler/1_29/240903_1319",63851.876,63853.138,"ambient_background"
"JamesU - MustardBumbler/1_29/240903_1319",63853.138,63853.381,"ins_trill"
"JamesU - MustardBumbler/1_29/240903_1319",63853.381,63854.847,"ambient_background"
"JamesU - MustardBumbler/1_29/240903_1319",63854.847,63855.102,"ins_trill"
"JamesU - MustardBumbler/1_29/240903_1319",63855.102,63855.918,"ambient_background"
"JamesU - MustardBumbler/1_29/240903_1319",63855.918,63856.135,"ins_trill"
"JamesU - MustardBumbler/1_29/240903_1319",63856.135,63858.672,"ambient_background"
"JamesU - MustardBumbler/1_29/240903_1319",63858.672,63858.927,"ins_trill"
"JamesU - MustardBumbler/1_29/240903_1319",63858.927,63859.666,"ambient_background"
"JamesU - MustardBumbler/1_29/240903_1319",63859.666,63859.972,"ins_trill"
"JamesU - MustardBumbler/1_29/240903_1319",63859.972,63860.916,"ambient_background"
"JamesU - MustardBumbler/1_29/240903_1319",63860.916,63878.23,"ins_trill"
"JamesU - MustardBumbler/1_29/240903_1319",63878.23,63879.046,"ambient_background"
"JamesU - MustardBumbler/1_29/240903_1319",63879.046,63879.327,"ins_trill"
"JamesU - MustardBumbler/1_29/240903_1319",63879.327,63880.423,"ambient_background"
"JamesU - MustardBumbler/1_29/240903_1319",63880.423,63880.78,"ins_trill"
"JamesU - MustardBumbler/1_29/240903_1319",63880.78,63882.871,"ambient_background"
"JamesU - MustardBumbler/1_29/240903_1319",63882.871,63883.126,"ins_trill"
"JamesU - MustardBumbler/1_29/240903_1319",63883.126,63884.108,"ambient_background"
"JamesU - MustardBumbler/1_29/240903_1319",63884.108,63885.434,"ins_trill"
"JamesU - MustardBumbler/1_29/240903_1319",63885.434,63887.066,"ambient_background"
"JamesU - MustardBumbler/1_29/240903_1319",63887.066,63888.392,"ins_trill"
"JamesU - MustardBumbler/1_29/240903_1319",63888.392,63889.757,"ambient_background"
"JamesU - MustardBumbler/1_29/240903_1319",63889.757,63891.197,"ins_trill"
"JamesU - MustardBumbler/1_29/240903_1319",63891.197,63892.498,"ambient_background"
"JamesU - MustardBumbler/1_29/240903_1319",63892.498,63892.74,"ins_trill"
"JamesU - MustardBumbler/1_29/240903_1319",63892.74,63893.658,"ambient_background"
"JamesU - MustardBumbler/1_29/240903_1319",63893.658,63895.022,"ins_trill"
"JamesU - MustardBumbler/1_29/240903_1319",63895.022,63896.157,"ambient_background"
"JamesU - MustardBumbler/1_29/240903_1319",63896.157,63909.545,"ins_trill"
"JamesU - MustardBumbler/1_29/240903_1319",63909.545,63910.692,"ambient_background"
"JamesU - MustardBumbler/1_29/240903_1319",63910.692,63921.058,"ins_trill"
"JamesU - MustardBumbler/1_29/240903_1319",63921.058,63922.741,"ambient_background"
"JamesU - MustardBumbler/1_29/240903_1319",63922.741,63926.171,"ins_trill"
"JamesU - MustardBumbler/1_29/240903_1319",63926.171,63927.216,"ambient_background"
"JamesU - MustardBumbler/1_29/240903_1319",63927.216,63930.748,"ins_trill"
"JamesU - MustardBumbler/1_29/240903_1319",63930.748,63932.724,"ambient_background"
"JamesU - MustardBumbler/1_29/240903_1319",63932.724,63932.916,"ins_trill"
"JamesU - MustardBumbler/1_29/240903_1319",63932.916,63933.961,"ambient_background"
"JamesU - MustardBumbler/1_29/240903_1319",63933.961,63934.152,"ins_trill"
"JamesU - MustardBumbler/1_29/240903_1319",63934.152,63935.147,"ambient_background"
"JamesU - MustardBumbler/1_29/240903_1319",63935.147,63954.272,"ins_trill"
"JamesU - MustardBumbler/1_29/240903_1319",63954.272,63955.572,"ambient_background"
"JamesU - MustardBumbler/1_29/240903_1319",63955.572,63956.656,"ins_trill"
"JamesU - MustardBumbler/1_29/240903_1319",63956.656,63958.02,"ambient_background"
"JamesU - MustardBumbler/1_29/240903_1319",63958.02,63958.25,"ins_trill"
"JamesU - MustardBumbler/1_29/240903_1319",63958.25,63959.257,"ambient_background"
"JamesU - MustardBumbler/1_29/240903_1319",63959.257,63959.487,"ins_trill"
"JamesU - MustardBumbler/1_29/240903_1319",63959.487,63960,"ambient_background"
"JamesU - MustardBumbler/1_29/240903_1319",70860,70861.5489,"ambient_background"
"JamesU - MustardBumbler/1_29/240903_1319",70861.5489,70905.5853,"mech_auto_truck"
"JamesU - MustardBumbler/1_29/240903_1319",70905.5853,70919.7696,"ambient_background"
"JamesU - MustardBumbler/1_29/240903_1319",70919.7696,70926.1102,"ins_buzz_medium"
"JamesU - MustardBumbler/1_29/240903_1319",70926.1102,70926.6511,"ambient_background"
"JamesU - MustardBumbler/1_29/240903_1319",70926.6511,70927.5826,"ins_buzz_medium"
"JamesU - MustardBumbler/1_29/240903_1319",70927.5826,70934.2838,"ambient_background"
"JamesU - MustardBumbler/1_29/240903_1319",70934.2838,70941.5108,"mech_auto_car"
"JamesU - MustardBumbler/1_29/240903_1319",70941.5108,70942.217,"ambient_background"
"JamesU - MustardBumbler/1_29/240903_1319",70942.217,70953.1853,"ins_buzz_medium"
"JamesU - MustardBumbler/1_29/240903_1319",70950.8414,70952.1486,"ins_buzz_medium"
"JamesU - MustardBumbler/1_29/240903_1319",70953.1853,70955.4841,"ambient_background"
"JamesU - MustardBumbler/1_29/240903_1319",70955.4841,70957.2921,"ins_buzz_medium"
"JamesU - MustardBumbler/1_29/240903_1319",70957.2921,70958.1587,"ambient_background"
"JamesU - MustardBumbler/1_29/240903_1319",70958.1587,70961.527,"ins_buzz_medium"
"JamesU - MustardBumbler/1_29/240903_1319",70961.527,70961.847,"ambient_background"
"JamesU - MustardBumbler/1_29/240903_1319",70961.847,70962.785,"ins_buzz_medium"
"JamesU - MustardBumbler/1_29/240903_1319",70962.785,70964.268,"ambient_background"
"JamesU - MustardBumbler/1_29/240903_1319",70964.268,70965.215,"ins_buzz_medium"
"JamesU - MustardBumbler/1_29/240903_1319",70965.215,70968.565,"ambient_background"
"JamesU - MustardBumbler/1_29/240903_1319",70968.565,70971.576,"ins_buzz_medium"
"JamesU - MustardBumbler/1_29/240903_1319",70971.576,70978.321,"ambient_background"
"JamesU - MustardBumbler/1_29/240903_1319",70978.321,70979.483,"ins_buzz_medium"
"JamesU - MustardBumbler/1_29/240903_1319",70979.483,70981.484,"ambient_background"
"JamesU - MustardBumbler/1_29/240903_1319",70981.484,70982.967,"ins_buzz_medium"
"JamesU - MustardBumbler/1_29/240903_1319",70982.967,70983.369,"ambient_background"
"JamesU - MustardBumbler/1_29/240903_1319",70983.369,70984.959,"ins_buzz_medium"
"JamesU - MustardBumbler/1_29/240903_1319",70984.959,70985.489,"ambient_background"
"JamesU - MustardBumbler/1_29/240903_1319",70985.489,70997.915,"mech_auto_truck"
"JamesU - MustardBumbler/1_29/240903_1319",70995.917,70996.457,"ins_buzz_medium"
"JamesU - MustardBumbler/1_29/240903_1319",70996.728,70997.149,"ins_buzz_medium"
"JamesU - MustardBumbler/1_29/240903_1319",70997.359,70997.975,"ins_buzz_medium"
"JamesU - MustardBumbler/1_29/240903_1319",70997.975,70998.471,"ambient_background"
"JamesU - MustardBumbler/1_29/240903_1319",70998.471,71000.95,"ins_buzz_medium"
"JamesU - MustardBumbler/1_29/240903_1319",71000.95,71003.805,"ambient_background"
"JamesU - MustardBumbler/1_29/240903_1319",71003.805,71015.524,"ins_buzz_medium"
"JamesU - MustardBumbler/1_29/240903_1319",71012.307,71013.881,"ins_buzz_medium"
"JamesU - MustardBumbler/1_29/240903_1319",71015.524,71016.316,"ambient_background"
"JamesU - MustardBumbler/1_29/240903_1319",71016.316,71016.88,"ins_buzz_medium"
"JamesU - MustardBumbler/1_29/240903_1319",71016.88,71019.145,"ambient_background"
"JamesU - MustardBumbler/1_29/240903_1319",71019.145,71021.745,"ins_buzz_medium"
"JamesU - MustardBumbler/1_29/240903_1319",71021.745,71022.165,"ambient_background"
"JamesU - MustardBumbler/1_29/240903_1319",71022.165,71023.247,"ins_buzz_medium"
"JamesU - MustardBumbler/1_29/240903_1319",71023.247,71025.786,"ambient_background"
"JamesU - MustardBumbler/1_29/240903_1319",71025.786,71027.469,"ins_buzz_medium"
"JamesU - MustardBumbler/1_29/240903_1319",71027.394,71028.731,"ins_buzz_medium"
"JamesU - MustardBumbler/1_29/240903_1319",71028.731,71031.721,"ambient_background"
"JamesU - MustardBumbler/1_29/240903_1319",71031.721,71038.558,"ins_buzz_medium"
"JamesU - MustardBumbler/1_29/240903_1319",71038.558,71041.968,"ins_buzz_medium"
"JamesU - MustardBumbler/1_29/240903_1319",71041.968,71044.568,"ins_buzz_medium"
"JamesU - MustardBumbler/1_29/240903_1319",71044.568,71045.995,"ins_buzz_medium"
"JamesU - MustardBumbler/1_29/240903_1319",71045.995,71048.594,"ins_buzz_medium"
"JamesU - MustardBumbler/1_29/240903_1319",71048.594,71052.531,"ambient_background"
"JamesU - MustardBumbler/1_29/240903_1319",71052.531,71054.274,"ins_buzz_medium"
"JamesU - MustardBumbler/1_29/240903_1319",71054.274,71054.649,"ambient_background"
"JamesU - MustardBumbler/1_29/240903_1319",71054.649,71056.753,"ins_buzz_medium"
"JamesU - MustardBumbler/1_29/240903_1319",71056.753,71059.337,"ambient_background"
"JamesU - MustardBumbler/1_29/240903_1319",71059.337,71060.765,"ins_buzz_medium"
"JamesU - MustardBumbler/1_29/240903_1319",71060.765,71062.357,"ambient_background"
"JamesU - MustardBumbler/1_29/240903_1319",71062.357,71066.775,"ins_buzz_medium"
"JamesU - MustardBumbler/1_29/240903_1319",71066.775,71067.917,"ambient_background"
"JamesU - MustardBumbler/1_29/240903_1319",71067.917,71069.84,"ins_buzz_medium"
"JamesU - MustardBumbler/1_29/240903_1319",71069.84,71073.641,"ins_buzz_medium"
"JamesU - MustardBumbler/1_29/240903_1319",71073.641,71079.034,"ambient_background"
"JamesU - MustardBumbler/1_29/240903_1319",71079.034,71081.302,"ins_buzz_medium"
"JamesU - MustardBumbler/1_29/240903_1319",71081.302,71084.609,"ambient_background"
"JamesU - MustardBumbler/1_29/240903_1319",71084.609,71086.352,"ins_buzz_medium"
"JamesU - MustardBumbler/1_29/240903_1319",71086.352,71090.018,"ambient_background"
"JamesU - MustardBumbler/1_29/240903_1319",71090.018,71096.344,"ins_buzz_medium"
"JamesU - MustardBumbler/1_29/240903_1319",71096.344,71097.982,"ambient_background"
"JamesU - MustardBumbler/1_29/240903_1319",71097.982,71099.078,"ins_buzz_medium"
"JamesU - MustardBumbler/1_29/240903_1319",71099.078,71101.528,"ambient_background"
"JamesU - MustardBumbler/1_29/240903_1319",71101.528,71102.294,"ins_buzz_medium"
"JamesU - MustardBumbler/1_29/240903_1319",71102.294,71104.713,"ambient_background"
"JamesU - MustardBumbler/1_29/240903_1319",71104.713,71106.2,"ins_buzz_medium"
"JamesU - MustardBumbler/1_29/240903_1319",71106.2,71109.22,"ambient_background"
"JamesU - MustardBumbler/1_29/240903_1319",71109.22,71112.03,"ins_buzz_medium"
"JamesU - MustardBumbler/1_29/240903_1319",71112.03,71114.735,"ambient_background"
"JamesU - MustardBumbler/1_29/240903_1319",71114.735,71114.96,"ins_buzz_medium"
"JamesU - MustardBumbler/1_29/240903_1319",71114.96,71116.403,"ambient_background"
"JamesU - MustardBumbler/1_29/240903_1319",71116.403,71116.94,"ins_buzz_medium"
"JamesU - MustardBumbler/1_29/240903_1319",71116.94,71125.507,"ambient_background"
"JamesU - MustardBumbler/1_29/240903_1319",71125.507,71126.289,"ins_buzz_medium"
"JamesU - MustardBumbler/1_29/240903_1319",71126.289,71127.416,"ambient_background"
"JamesU - MustardBumbler/1_29/240903_1319",71127.416,71128.543,"ins_buzz_medium"
"JamesU - MustardBumbler/1_29/240903_1319",71128.543,71130.766,"ins_buzz_medium"
"JamesU - MustardBumbler/1_29/240903_1319",71130.766,71131.187,"ambient_background"
"JamesU - MustardBumbler/1_29/240903_1319",71131.187,71133.005,"ins_buzz_medium"
"JamesU - MustardBumbler/1_29/240903_1319",71133.005,71135.394,"ambient_background"
"JamesU - MustardBumbler/1_29/240903_1319",71135.394,71137.362,"ins_buzz_medium"
"JamesU - MustardBumbler/1_29/240903_1319",71137.362,71140.608,"ins_buzz_medium"
"JamesU - MustardBumbler/1_29/240903_1319",71140.608,71144.108,"ambient_background"
"JamesU - MustardBumbler/1_29/240903_1319",71144.108,71146.978,"ins_buzz_medium"
"JamesU - MustardBumbler/1_29/240903_1319",71146.978,71160,"ambient_background"
"JamesU - MustardBumbler/1_29/240903_1319",74460,74760.004,"ins_buzz_medium"
"JamesU - MustardBumbler/1_29/240903_1319",74471.0725,74472.4697,"ins_buzz_medium"
"JamesU - MustardBumbler/1_29/240903_1319",74472.8453,74474.0322,"ins_trill"
"JamesU - MustardBumbler/1_29/240903_1319",74488.3348,74490.7987,"ins_buzz_medium"
"JamesU - MustardBumbler/1_29/240903_1319",74489.0709,74490.6033,"ins_trill"
"JamesU - MustardBumbler/1_29/240903_1319",74495.2907,74499.8429,"ins_buzz_medium"
"JamesU - MustardBumbler/1_29/240903_1319",74495.6946,74606.348,"mech_plane_prop"
"JamesU - MustardBumbler/1_29/240903_1319",74497.319,74499.3622,"ins_trill"
"JamesU - MustardBumbler/1_29/240903_1319",74506.592,74507.489,"ins_buzz_rasp"
"JamesU - MustardBumbler/1_29/240903_1319",74513.0037,74514.2056,"ins_trill"
"JamesU - MustardBumbler/1_29/240903_1319",74516.0544,74517.0651,"ins_buzz_medium"
"JamesU - MustardBumbler/1_29/240903_1319",74531.3928,74532.2341,"ins_trill"
"JamesU - MustardBumbler/1_29/240903_1319",74533.9938,74535.2698,"ins_buzz_medium"
"JamesU - MustardBumbler/1_29/240903_1319",74534.097,74535.5994,"ins_trill"
"JamesU - MustardBumbler/1_29/240903_1319",74541.9781,74543.3805,"ins_buzz_medium"
"JamesU - MustardBumbler/1_29/240903_1319",74544.4334,74546.2362,"ins_trill"
"JamesU - MustardBumbler/1_29/240903_1319",74557.5942,74559.397,"ins_trill"
"JamesU - MustardBumbler/1_29/240903_1319",74568.606,74568.761,"ins_buzz_rasp"
"JamesU - MustardBumbler/1_29/240903_1319",74573.039,74574.18,"ins_trill"
"JamesU - MustardBumbler/1_29/240903_1319",74576.344,74582.053,"ins_trill"
"JamesU - MustardBumbler/1_29/240903_1319",74577.999,74579.232,"ins_buzz_medium"
"JamesU - MustardBumbler/1_29/240903_1319",74586.2,74586.817,"ins_buzz_medium"
"JamesU - MustardBumbler/1_29/240903_1319",74592.494,74593.321,"ins_buzz_medium"
"JamesU - MustardBumbler/1_29/240903_1319",74594.583,74595.063,"ins_buzz_medium"
"JamesU - MustardBumbler/1_29/240903_1319",74596.441,74597.286,"ins_buzz_medium"
"JamesU - MustardBumbler/1_29/240903_1319",74598.71,74600.723,"ins_buzz_medium"
"JamesU - MustardBumbler/1_29/240903_1319",74611.633,74612.95,"ins_buzz_medium"
"JamesU - MustardBumbler/1_29/240903_1319",74634.621,74638.031,"ins_buzz_medium"
"JamesU - MustardBumbler/1_29/240903_1319",74638.362,74642.779,"ins_trill"
"JamesU - MustardBumbler/1_29/240903_1319",74640.074,74642.779,"ins_buzz_medium"
"JamesU - MustardBumbler/1_29/240903_1319",74643.83,74645.137,"ins_buzz_medium"
"JamesU - MustardBumbler/1_29/240903_1319",74645.766,74646.472,"ins_buzz_medium"
"JamesU - MustardBumbler/1_29/240903_1319",74649.78,74652.244,"ins_trill"
"JamesU - MustardBumbler/1_29/240903_1319",74650.351,74651.312,"ins_buzz_medium"
"JamesU - MustardBumbler/1_29/240903_1319",74653.446,74655.158,"ins_buzz_medium"
"JamesU - MustardBumbler/1_29/240903_1319",74656.315,74658.268,"ins_buzz_medium"
"JamesU - MustardBumbler/1_29/240903_1319",74677.799,74679.467,"ins_buzz_medium"
"JamesU - MustardBumbler/1_29/240903_1319",74682.366,74683.463,"ins_buzz_medium"
"JamesU - MustardBumbler/1_29/240903_1319",74683.463,74686.678,"ins_trill"
"JamesU - MustardBumbler/1_29/240903_1319",74684.214,74685.356,"ins_buzz_medium"
"JamesU - MustardBumbler/1_29/240903_1319",74685.972,74688.526,"ins_buzz_medium"
"JamesU - MustardBumbler/1_29/240903_1319",74691.38,74693.003,"ins_buzz_medium"
"JamesU - MustardBumbler/1_29/240903_1319",74693.529,74694.746,"ins_buzz_medium"
"JamesU - MustardBumbler/1_29/240903_1319",74695.182,74696.263,"ins_buzz_medium"
"JamesU - MustardBumbler/1_29/240903_1319",74695.993,74699.959,"ins_trill"
"JamesU - MustardBumbler/1_29/240903_1319",74699.358,74700.395,"ins_buzz_medium"
"JamesU - MustardBumbler/1_29/240903_1319",74701.476,74703.219,"ins_buzz_medium"
"JamesU - MustardBumbler/1_29/240903_1319",74705.653,74707.636,"ins_buzz_medium"
"JamesU - MustardBumbler/1_29/240903_1319",74708.387,74711.077,"ins_buzz_medium"
"JamesU - MustardBumbler/1_29/240903_1319",74709.394,74711.497,"ins_trill"
"JamesU - MustardBumbler/1_29/240903_1319",74716.26,74718.168,"ins_buzz_medium"
"JamesU - MustardBumbler/1_29/240903_1319",74718.168,74720.091,"ins_trill"
"JamesU - MustardBumbler/1_29/240903_1319",74725.815,74728.204,"ins_buzz_medium"
"JamesU - MustardBumbler/1_29/240903_1319",74728.985,74731.148,"ins_trill"
"JamesU - MustardBumbler/1_29/240903_1319",74736.151,74737.308,"ins_buzz_medium"
"JamesU - MustardBumbler/1_29/240903_1319",74738.795,74741.124,"ins_buzz_medium"
"JamesU - MustardBumbler/1_29/240903_1319",74739.502,74741.485,"ins_trill"
"JamesU - MustardBumbler/1_29/240903_1319",74745.932,74748.576,"ins_trill"
"JamesU - MustardBumbler/1_29/240903_1319",74754.15,74755.667,"ins_buzz_medium"
"JamesU - MustardBumbler/1_29/240903_1319",74757.77,74758.972,"ins_buzz_medium"
"JamesU - MustardBumbler/1_29/240903_1319",78060,78360.03,"ins_buzz_medium"
"JamesU - MustardBumbler/1_29/240903_1319",78066.3746,78067.9895,"ins_trill"
"JamesU - MustardBumbler/1_29/240903_1319",78074.619,78075.7983,"ins_buzz_medium"
"JamesU - MustardBumbler/1_29/240903_1319",78076.4464,78078.4013,"ins_trill"
"JamesU - MustardBumbler/1_29/240903_1319",78076.5102,78078.4013,"ins_buzz_medium"
"JamesU - MustardBumbler/1_29/240903_1319",78083.1397,78084.3934,"ins_buzz_medium"
"JamesU - MustardBumbler/1_29/240903_1319",78086.6883,78087.7082,"ins_trill"
"JamesU - MustardBumbler/1_29/240903_1319",78094.8052,78096.5051,"ins_trill"
"JamesU - MustardBumbler/1_29/240903_1319",78099.618,78100.2024,"ins_buzz_medium"
"JamesU - MustardBumbler/1_29/240903_1319",78100.8938,78102.1258,"ins_buzz_medium"
"JamesU - MustardBumbler/1_29/240903_1319",78102.9328,78104.6433,"ins_buzz_medium"
"JamesU - MustardBumbler/1_29/240903_1319",78104.8798,78106.0968,"ins_trill"
"JamesU - MustardBumbler/1_29/240903_1319",78106.5238,78109.1799,"ins_buzz_medium"
"JamesU - MustardBumbler/1_29/240903_1319",78114.3906,78116.3139,"ins_trill"
"JamesU - MustardBumbler/1_29/240903_1319",78115.5545,78118.2106,"ins_buzz_medium"
"JamesU - MustardBumbler/1_29/240903_1319",78120.1123,78120.9835,"ins_buzz_medium"
"JamesU - MustardBumbler/1_29/240903_1319",78121.3979,78121.7379,"ins_buzz_medium"
"JamesU - MustardBumbler/1_29/240903_1319",78123.1721,78130.7379,"ins_buzz_medium"
"JamesU - MustardBumbler/1_29/240903_1319",78125.2988,78127.3272,"ins_trill"
"JamesU - MustardBumbler/1_29/240903_1319",78131.5042,78133.4724,"ins_trill"
"JamesU - MustardBumbler/1_29/240903_1319",78134.4416,78135.7088,"ins_buzz_medium"
"JamesU - MustardBumbler/1_29/240903_1319",78135.9816,78138.5659,"ins_trill"
"JamesU - MustardBumbler/1_29/240903_1319",78137.7912,78139.1192,"ins_buzz_medium"
"JamesU - MustardBumbler/1_29/240903_1319",78141.1378,78142.5509,"ins_buzz_medium"
"JamesU - MustardBumbler/1_29/240903_1319",78143.389,78144.8765,"ins_trill"
"JamesU - MustardBumbler/1_29/240903_1319",78145.2919,78145.8657,"ins_buzz_medium"
"JamesU - MustardBumbler/1_29/240903_1319",78147.2043,78148.8936,"ins_buzz_medium"
"JamesU - MustardBumbler/1_29/240903_1319",78150.8378,78152.5483,"ins_buzz_medium"
"JamesU - MustardBumbler/1_29/240903_1319",78151.1118,78153.9816,"ins_trill"
"JamesU - MustardBumbler/1_29/240903_1319",78153.3431,78155.4488,"ins_buzz_medium"
"JamesU - MustardBumbler/1_29/240903_1319",78157.2549,78161.951,"ins_buzz_medium"
"JamesU - MustardBumbler/1_29/240903_1319",78159.3756,78162.065,"ins_trill"
"JamesU - MustardBumbler/1_29/240903_1319",78165.356,78166.723,"ins_buzz_medium"
"JamesU - MustardBumbler/1_29/240903_1319",78170.397,78172.533,"ins_buzz_medium"
"JamesU - MustardBumbler/1_29/240903_1319",78170.795,78172.042,"ins_trill"
"JamesU - MustardBumbler/1_29/240903_1319",78175.528,78177.721,"ins_buzz_medium"
"JamesU - MustardBumbler/1_29/240903_1319",78176.835,78179.539,"ins_trill"
"JamesU - MustardBumbler/1_29/240903_1319",78179.539,78183.741,"ins_buzz_medium"
"JamesU - MustardBumbler/1_29/240903_1319",78186.982,78188.427,"ins_buzz_medium"
"JamesU - MustardBumbler/1_29/240903_1319",78188.644,78191.725,"ins_trill"
"JamesU - MustardBumbler/1_29/240903_1319",78189.088,78189.929,"ins_buzz_medium"
"JamesU - MustardBumbler/1_29/240903_1319",78201.145,78202.302,"ins_trill"
"JamesU - MustardBumbler/1_29/240903_1319",78204.255,78206.689,"ins_trill"
"JamesU - MustardBumbler/1_29/240903_1319",78205.142,78206.494,"ins_buzz_medium"
"JamesU - MustardBumbler/1_29/240903_1319",78207.659,78208.447,"ins_buzz_medium"
"JamesU - MustardBumbler/1_29/240903_1319",78210.619,78211.543,"ins_buzz_medium"
"JamesU - MustardBumbler/1_29/240903_1319",78211.693,78213.06,"ins_trill"
"JamesU - MustardBumbler/1_29/240903_1319",78213.526,78214.24,"ins_buzz_medium"
"JamesU - MustardBumbler/1_29/240903_1319",78219.13,78220.714,"ins_buzz_medium"
"JamesU - MustardBumbler/1_29/240903_1319",78219.13,78220.888,"ins_trill"
"JamesU - MustardBumbler/1_29/240903_1319",78223.555,78224.337,"ins_buzz_medium"
"JamesU - MustardBumbler/1_29/240903_1319",78226.047,78227.503,"ins_buzz_medium"
"JamesU - MustardBumbler/1_29/240903_1319",78227.319,78229.407,"ins_trill"
"JamesU - MustardBumbler/1_29/240903_1319",78239.324,78241.187,"ins_trill"
"JamesU - MustardBumbler/1_29/240903_1319",78247.948,78250.397,"ins_trill"
"JamesU - MustardBumbler/1_29/240903_1319",78249.075,78249.992,"ins_buzz_medium"
"JamesU - MustardBumbler/1_29/240903_1319",78253.027,78253.936,"ins_buzz_medium"
"JamesU - MustardBumbler/1_29/240903_1319",78254.124,78255.566,"ins_trill"
"JamesU - MustardBumbler/1_29/240903_1319",78257.106,78259.164,"ins_buzz_medium"
"JamesU - MustardBumbler/1_29/240903_1319",78259.939,78261.182,"ins_buzz_medium"
"JamesU - MustardBumbler/1_29/240903_1319",78262.027,78265.302,"ins_trill"
"JamesU - MustardBumbler/1_29/240903_1319",78263.304,78264.108,"ins_buzz_medium"
"JamesU - MustardBumbler/1_29/240903_1319",78269.299,78271.976,"ins_buzz_medium"
"JamesU - MustardBumbler/1_29/240903_1319",78273.701,78274.834,"ins_buzz_medium"
"JamesU - MustardBumbler/1_29/240903_1319",78275.947,78277.157,"ins_buzz_medium"
"JamesU - MustardBumbler/1_29/240903_1319",78277.127,78278.689,"ins_trill"
"JamesU - MustardBumbler/1_29/240903_1319",78277.352,78277.671,"ins_buzz_medium"
"JamesU - MustardBumbler/1_29/240903_1319",78278.51,78280.168,"ins_buzz_medium"
"JamesU - MustardBumbler/1_29/240903_1319",78281.442,78283.844,"ins_buzz_medium"
"JamesU - MustardBumbler/1_29/240903_1319",78284.872,78287.735,"ins_buzz_medium"
"JamesU - MustardBumbler/1_29/240903_1319",78286.713,78288.185,"ins_trill"
"JamesU - MustardBumbler/1_29/240903_1319",78290.431,78297.326,"ins_buzz_medium"
"JamesU - MustardBumbler/1_29/240903_1319",78295.397,78297.876,"ins_trill"
"JamesU - MustardBumbler/1_29/240903_1319",78298.622,78300.077,"ins_buzz_medium"
"JamesU - MustardBumbler/1_29/240903_1319",78300.906,78301.724,"ins_buzz_medium"
"JamesU - MustardBumbler/1_29/240903_1319",78305.637,78305.877,"ins_buzz_medium"
"JamesU - MustardBumbler/1_29/240903_1319",78306.622,78307.546,"ins_buzz_medium"
"JamesU - MustardBumbler/1_29/240903_1319",78306.801,78309.07,"ins_trill"
"JamesU - MustardBumbler/1_29/240903_1319",78310.362,78311.35,"ins_buzz_medium"
"JamesU - MustardBumbler/1_29/240903_1319",78313.092,78314.867,"ins_buzz_medium"
"JamesU - MustardBumbler/1_29/240903_1319",78313.593,78314.735,"ins_trill"
"JamesU - MustardBumbler/1_29/240903_1319",78315.844,78318.67,"ins_buzz_medium"
"JamesU - MustardBumbler/1_29/240903_1319",78320.147,78323.175,"ins_buzz_medium"
"JamesU - MustardBumbler/1_29/240903_1319",78321.376,78322.848,"ins_trill"
"JamesU - MustardBumbler/1_29/240903_1319",78324.641,78324.896,"ins_buzz_medium"
"JamesU - MustardBumbler/1_29/240903_1319",78328.041,78328.859,"ins_buzz_medium"
"JamesU - MustardBumbler/1_29/240903_1319",78329.624,78330.932,"ins_trill"
"JamesU - MustardBumbler/1_29/240903_1319",78330.796,78332.111,"ins_buzz_medium"
"JamesU - MustardBumbler/1_29/240903_1319",78334.033,78342.777,"mech_auto_car"
"JamesU - MustardBumbler/1_29/240903_1319",78348.014,78349.874,"ins_buzz_medium"
"JamesU - MustardBumbler/1_29/240903_1319",78353.879,78354.357,"ins_buzz_medium"
"JamesU - MustardBumbler/1_29/240903_1319",78356.174,78356.907,"ins_buzz_medium"
"JamesU - MustardBumbler/1_29/240903_1319",81660,81960.004,"ins_buzz_medium"
"JamesU - MustardBumbler/1_29/240903_1319",81667.5336,81668.2085,"ins_buzz_medium"
"JamesU - MustardBumbler/1_29/240903_1319",81670.4295,81672.1614,"ins_buzz_medium"
"JamesU - MustardBumbler/1_29/240903_1319",81681.5976,81688.6524,"ins_buzz_medium"
"JamesU - MustardBumbler/1_29/240903_1319",81689.6839,81690.1806,"ins_buzz_medium"
"JamesU - MustardBumbler/1_29/240903_1319",81692.5874,81693.326,"ins_buzz_medium"
"JamesU - MustardBumbler/1_29/240903_1319",81696.2167,81699.2093,"ins_buzz_medium"
"JamesU - MustardBumbler/1_29/240903_1319",81704.1757,81705.4491,"ins_buzz_medium"
"JamesU - MustardBumbler/1_29/240903_1319",81706.99,81707.4102,"ins_buzz_medium"
"JamesU - MustardBumbler/1_29/240903_1319",81717.9925,81718.9476,"ins_buzz_medium"
"JamesU - MustardBumbler/1_29/240903_1319",81723.0099,81724.729,"ins_buzz_medium"
"JamesU - MustardBumbler/1_29/240903_1319",81726.7283,81729.9883,"ins_buzz_medium"
"JamesU - MustardBumbler/1_29/240903_1319",81734.0379,81735.5405,"ins_buzz_medium"
"JamesU - MustardBumbler/1_29/240903_1319",81737.3106,81738.4694,"ins_buzz_medium"
"JamesU - MustardBumbler/1_29/240903_1319",81742.71,81745.4224,"ins_buzz_medium"
"JamesU - MustardBumbler/1_29/240903_1319",81746.5176,81748.415,"ins_buzz_medium"
"JamesU - MustardBumbler/1_29/240903_1319",81763.505,81766.549,"ins_buzz_medium"
"JamesU - MustardBumbler/1_29/240903_1319",81769.592,81771.935,"ins_buzz_medium"
"JamesU - MustardBumbler/1_29/240903_1319",81782.492,81783.893,"ins_buzz_medium"
"JamesU - MustardBumbler/1_29/240903_1319",81785.408,81787.153,"ins_buzz_medium"
"JamesU - MustardBumbler/1_29/240903_1319",81787.471,81789.904,"ins_buzz_medium"
"JamesU - MustardBumbler/1_29/240903_1319",81797.748,81801.148,"ins_buzz_medium"
"JamesU - MustardBumbler/1_29/240903_1319",81803.235,81852.236,"ins_trill"
"JamesU - MustardBumbler/1_29/240903_1319",81807.375,81807.948,"ins_buzz_medium"
"JamesU - MustardBumbler/1_29/240903_1319",81810.839,81816.213,"ins_buzz_medium"
"JamesU - MustardBumbler/1_29/240903_1319",81817.245,81818.289,"ins_buzz_medium"
"JamesU - MustardBumbler/1_29/240903_1319",81821.027,81821.498,"ins_buzz_medium"
"JamesU - MustardBumbler/1_29/240903_1319",81836.817,81837.785,"ins_buzz_medium"
"JamesU - MustardBumbler/1_29/240903_1319",81839.542,81840.676,"ins_buzz_medium"
"JamesU - MustardBumbler/1_29/240903_1319",81841.682,81842.204,"ins_buzz_medium"
"JamesU - MustardBumbler/1_29/240903_1319",81852.022,81853.143,"ins_buzz_medium"
"JamesU - MustardBumbler/1_29/240903_1319",81855.257,81857.574,"ins_buzz_medium"
"JamesU - MustardBumbler/1_29/240903_1319",81856.005,81960.004,"ins_trill"
"JamesU - MustardBumbler/1_29/240903_1319",81860.542,81861.433,"ins_buzz_medium"
"JamesU - MustardBumbler/1_29/240903_1319",81862.987,81863.802,"ins_buzz_medium"
"JamesU - MustardBumbler/1_29/240903_1319",81867.214,81868.933,"ins_buzz_medium"
"JamesU - MustardBumbler/1_29/240903_1319",81870.207,81871.277,"ins_buzz_medium"
"JamesU - MustardBumbler/1_29/240903_1319",81888.29,81888.786,"ins_buzz_medium"
"JamesU - MustardBumbler/1_29/240903_1319",81890.098,81891.881,"ins_buzz_medium"
"JamesU - MustardBumbler/1_29/240903_1319",81894.39,81895.243,"ins_buzz_medium"
"JamesU - MustardBumbler/1_29/240903_1319",81899.98,81901.572,"ins_buzz_medium"
"JamesU - MustardBumbler/1_29/240903_1319",81906.143,81907.442,"ins_buzz_medium"
"JamesU - MustardBumbler/1_29/240903_1319",81909.658,81910.983,"ins_buzz_medium"
"JamesU - MustardBumbler/1_29/240903_1319",81913.937,81914.701,"ins_buzz_medium"
"JamesU - MustardBumbler/1_29/240903_1319",81917.49,81918.738,"ins_buzz_medium"
"JamesU - MustardBumbler/1_29/240903_1319",81920.521,81923.042,"ins_buzz_medium"
"JamesU - MustardBumbler/1_29/240903_1319",81923.526,81924.468,"ins_buzz_medium"
"JamesU - MustardBumbler/1_29/240903_1319",81941.316,81942.22,"ins_buzz_medium"
"JamesU - MustardBumbler/1_29/240903_1319",81943.85,81945.009,"ins_buzz_medium"
"JamesU - MustardBumbler/1_29/240903_1319",81948.383,81949.351,"ins_buzz_medium"
"JamesU - MustardBumbler/1_29/240903_1319",81951.936,81954.203,"ins_buzz_medium"
"JamesU - MustardBumbler/1_29/240903_1319",81957.158,81959.653,"ins_buzz_medium"
"JamesU - MustardBumbler/1_29/240903_1319",85260,85560.03,"ins_buzz_medium"
"JamesU - MustardBumbler/1_29/240903_1319",85260,85263.377,"ins_trill"
"JamesU - MustardBumbler/1_29/240903_1319",85266.3252,85285.5511,"ins_trill"
"JamesU - MustardBumbler/1_29/240903_1319",85291.7667,85299.0762,"ins_trill"
"JamesU - MustardBumbler/1_29/240903_1319",85294.5576,85296.4207,"ins_buzz_medium"
"JamesU - MustardBumbler/1_29/240903_1319",85297.9833,85300.7179,"ins_buzz_medium"
"JamesU - MustardBumbler/1_29/240903_1319",85300.9883,85301.9199,"ins_buzz_medium"
"JamesU - MustardBumbler/1_29/240903_1319",85302.3706,85303.6027,"ins_buzz_medium"
"JamesU - MustardBumbler/1_29/240903_1319",85303.9421,85437.944,"ins_trill"
"JamesU - MustardBumbler/1_29/240903_1319",85305.7062,85306.2771,"ins_buzz_medium"
"JamesU - MustardBumbler/1_29/240903_1319",85318.2671,85319.7245,"ins_buzz_medium"
"JamesU - MustardBumbler/1_29/240903_1319",85320.8815,85321.6628,"ins_buzz_medium"
"JamesU - MustardBumbler/1_29/240903_1319",85323.1653,85324.187,"ins_buzz_medium"
"JamesU - MustardBumbler/1_29/240903_1319",85325.5242,85326.5159,"ins_buzz_medium"
"JamesU - MustardBumbler/1_29/240903_1319",85337.8147,85338.596,"ins_buzz_medium"
"JamesU - MustardBumbler/1_29/240903_1319",85344.2154,85344.9666,"ins_buzz_medium"
"JamesU - MustardBumbler/1_29/240903_1319",85350.6041,85352.8239,"ins_buzz_medium"
"JamesU - MustardBumbler/1_29/240903_1319",85354.1912,85356.0092,"ins_buzz_medium"
"JamesU - MustardBumbler/1_29/240903_1319",85356.6853,85359.9758,"ins_buzz_medium"
"JamesU - MustardBumbler/1_29/240903_1319",85361.945,85363.583,"ins_buzz_medium"
"JamesU - MustardBumbler/1_29/240903_1319",85365.265,85367.129,"ins_buzz_medium"
"JamesU - MustardBumbler/1_29/240903_1319",85371.486,85372.733,"ins_buzz_medium"
"JamesU - MustardBumbler/1_29/240903_1319",85374.942,85375.933,"ins_buzz_medium"
"JamesU - MustardBumbler/1_29/240903_1319",85379.419,85379.885,"ins_buzz_medium"
"JamesU - MustardBumbler/1_29/240903_1319",85383.701,85384.843,"ins_buzz_medium"
"JamesU - MustardBumbler/1_29/240903_1319",85409.439,85410.716,"ins_buzz_medium"
"JamesU - MustardBumbler/1_29/240903_1319",85413,85414.067,"ins_buzz_medium"
"JamesU - MustardBumbler/1_29/240903_1319",85416.381,85417.372,"ins_buzz_medium"
"JamesU - MustardBumbler/1_29/240903_1319",85419.611,85420.813,"ins_buzz_high"
"JamesU - MustardBumbler/1_29/240903_1319",85421.159,85427.169,"ins_buzz_medium"
"JamesU - MustardBumbler/1_29/240903_1319",85436.559,85438.182,"ins_buzz_medium"
"JamesU - MustardBumbler/1_29/240903_1319",85439.688,85462.607,"ins_trill"
"JamesU - MustardBumbler/1_29/240903_1319",85442.72,85444.177,"ins_buzz_medium"
"JamesU - MustardBumbler/1_29/240903_1319",85444.958,85446.596,"ins_buzz_medium"
"JamesU - MustardBumbler/1_29/240903_1319",85448.609,85449.796,"ins_buzz_medium"
"JamesU - MustardBumbler/1_29/240903_1319",85451.96,85453.132,"ins_buzz_medium"
"JamesU - MustardBumbler/1_29/240903_1319",85468.916,85483.705,"ins_trill"
"JamesU - MustardBumbler/1_29/240903_1319",85474.918,85476.285,"ins_buzz_medium"
"JamesU - MustardBumbler/1_29/240903_1319",85490.304,85494.21,"ins_buzz_medium"
"JamesU - MustardBumbler/1_29/240903_1319",85496.013,85500.145,"ins_buzz_medium"
"JamesU - MustardBumbler/1_29/240903_1319",85502.745,85503.856,"ins_buzz_medium"
"JamesU - MustardBumbler/1_29/240903_1319",85506.2,85507.147,"ins_buzz_medium"
"JamesU - MustardBumbler/1_29/240903_1319",85508.424,85509.551,"ins_buzz_medium"
"JamesU - MustardBumbler/1_29/240903_1319",85510.272,85511.023,"ins_buzz_medium"
"JamesU - MustardBumbler/1_29/240903_1319",85517.066,85533.555,"ins_trill"
"JamesU - MustardBumbler/1_29/240903_1319",85536.572,85552.891,"ins_trill"
"JamesU - MustardBumbler/1_29/240903_1319",85538.699,85540.668,"ins_buzz_medium"
"JamesU - MustardBumbler/1_29/240903_1319",85546.317,85549.998,"ins_buzz_medium"
"JamesU - MustardBumbler/1_29/240903_1319",85549.773,85559.073,"mech_auto"
"JamesU - MustardBumbler/1_29/240903_1319",85555.568,85560.03,"ins_trill"
"JamesU - MustardBumbler/1_29/240903_1319",88860,89160.004,"ins_trill"
"JamesU - MustardBumbler/1_29/240903_1319",88860,89160.004,"ins_buzz_medium"
"JamesU - MustardBumbler/1_29/240903_1319",88860.060095,88862.53901,"ins_buzz_medium"
"JamesU - MustardBumbler/1_29/240903_1319",88863.10991,88865.66395,"ins_buzz_medium"
"JamesU - MustardBumbler/1_29/240903_1319",88866.61044,88871.0124,"ins_buzz_medium"
"JamesU - MustardBumbler/1_29/240903_1319",88879.0351,88880.7177,"ins_buzz_medium"
"JamesU - MustardBumbler/1_29/240903_1319",88884.9394,88885.3751,"ins_buzz_medium"
"JamesU - MustardBumbler/1_29/240903_1319",88885.7357,88886.1413,"ins_buzz_medium"
"JamesU - MustardBumbler/1_29/240903_1319",88887.4422,88892.5414,"ins_buzz_medium"
"JamesU - MustardBumbler/1_29/240903_1319",88893.453,88894.3348,"ins_buzz_medium"
"JamesU - MustardBumbler/1_29/240903_1319",88895.6627,88896.5019,"ins_buzz_medium"
"JamesU - MustardBumbler/1_29/240903_1319",88898.1379,88899.519,"ins_buzz_medium"
"JamesU - MustardBumbler/1_29/240903_1319",88902.5021,88909.2027,"ins_buzz_medium"
"JamesU - MustardBumbler/1_29/240903_1319",88903.3328,88903.5665,"ins_buzz_medium"
"JamesU - MustardBumbler/1_29/240903_1319",88904.1826,88906.1586,"ins_buzz_medium"
"JamesU - MustardBumbler/1_29/240903_1319",88911.8527,88913.2231,"ins_buzz_medium"
"JamesU - MustardBumbler/1_29/240903_1319",88914.8591,88915.624,"ins_buzz_medium"
"JamesU - MustardBumbler/1_29/240903_1319",88918.6376,88920.0799,"ins_buzz_medium"
"JamesU - MustardBumbler/1_29/240903_1319",88947.3029,88949.6316,"ins_buzz_medium"
"JamesU - MustardBumbler/1_29/240903_1319",88952.396,88954.0486,"ins_buzz_medium"
"JamesU - MustardBumbler/1_29/240903_1319",88955.0155,88956.0141,"ins_buzz_medium"
"JamesU - MustardBumbler/1_29/240903_1319",88961.475,88962.42,"ins_buzz_medium"
"JamesU - MustardBumbler/1_29/240903_1319",88975.472,88977.335,"ins_buzz_medium"
"JamesU - MustardBumbler/1_29/240903_1319",88993.355,88994.428,"ins_buzz_medium"
"JamesU - MustardBumbler/1_29/240903_1319",88996.627,88997.658,"ins_buzz_medium"
"JamesU - MustardBumbler/1_29/240903_1319",88998.773,88999.644,"ins_buzz_medium"
"JamesU - MustardBumbler/1_29/240903_1319",89000.579,89000.813,"ins_buzz_medium"
"JamesU - MustardBumbler/1_29/240903_1319",89004.701,89005.381,"ins_buzz_medium"
"JamesU - MustardBumbler/1_29/240903_1319",89011.659,89012.297,"ins_buzz_medium"
"JamesU - MustardBumbler/1_29/240903_1319",89013.816,89014.039,"ins_buzz_medium"
"JamesU - MustardBumbler/1_29/240903_1319",89037.283,89039.44,"ins_buzz_medium"
"JamesU - MustardBumbler/1_29/240903_1319",89044.348,89045.495,"ins_buzz_medium"
"JamesU - MustardBumbler/1_29/240903_1319",89047.556,89049.765,"ins_buzz_medium"
"JamesU - MustardBumbler/1_29/240903_1319",89048.908,89049.209,"ins_buzz_medium"
"JamesU - MustardBumbler/1_29/240903_1319",89051.763,89052.591,"ins_buzz_medium"
"JamesU - MustardBumbler/1_29/240903_1319",89056.751,89057.487,"ins_buzz_medium"
"JamesU - MustardBumbler/1_29/240903_1319",89061.494,89062.971,"ins_buzz_medium"
"JamesU - MustardBumbler/1_29/240903_1319",89063.587,89065.855,"ins_buzz_medium"
"JamesU - MustardBumbler/1_29/240903_1319",89067.846,89068.781,"ins_buzz_medium"
"JamesU - MustardBumbler/1_29/240903_1319",89069.04,89073.427,"ins_buzz_medium"
"JamesU - MustardBumbler/1_29/240903_1319",89075.02,89076.207,"ins_buzz_medium"
"JamesU - MustardBumbler/1_29/240903_1319",89076.621,89077.673,"ins_buzz_medium"
"JamesU - MustardBumbler/1_29/240903_1319",89081.158,89081.37,"ins_buzz_medium"
"JamesU - MustardBumbler/1_29/240903_1319",89081.752,89082.836,"ins_buzz_medium"
"JamesU - MustardBumbler/1_29/240903_1319",89084.169,89085.927,"ins_buzz_medium"
"JamesU - MustardBumbler/1_29/240903_1319",89090.464,89091.547,"ins_buzz_medium"
"JamesU - MustardBumbler/1_29/240903_1319",89108.927,89109.193,"ins_buzz_medium"
"JamesU - MustardBumbler/1_29/240903_1319",89112.534,89113.435,"ins_buzz_medium"
"JamesU - MustardBumbler/1_29/240903_1319",89115.301,89116.183,"ins_buzz_medium"
"JamesU - MustardBumbler/1_29/240903_1319",89119.922,89121.888,"ins_buzz_medium"
"JamesU - MustardBumbler/1_29/240903_1319",89125.192,89125.988,"ins_buzz_medium"
"JamesU - MustardBumbler/1_29/240903_1319",89130.728,89134.198,"ins_buzz_medium"
"JamesU - MustardBumbler/1_29/240903_1319",89131.151,89134.402,"ins_buzz_medium"
"JamesU - MustardBumbler/1_29/240903_1319",89139.922,89140.884,"ins_buzz_medium"
"JamesU - MustardBumbler/1_29/240903_1319",89144.294,89145.286,"ins_buzz_medium"
"JamesU - MustardBumbler/1_29/240903_1319",96060,96136.3348,"mech_plane_prop"
"JamesU - MustardBumbler/1_29/240903_1319",96060,96360.004,"ins_trill"
"JamesU - MustardBumbler/1_29/240903_1319",96137.6482,96139.0969,"ins_buzz_medium"
"JamesU - MustardBumbler/1_29/240903_1319",96139.695,96140.7605,"ins_buzz_medium"
"JamesU - MustardBumbler/1_29/240903_1319",96142.2559,96142.9241,"ins_buzz_medium"
"JamesU - MustardBumbler/1_29/240903_1319",96143.4016,96143.8737,"ins_buzz_medium"
"JamesU - MustardBumbler/1_29/240903_1319",96145.1345,96145.3401,"ins_buzz_medium"
"JamesU - MustardBumbler/1_29/240903_1319",96154.1256,96155.434,"ins_buzz_medium"
"JamesU - MustardBumbler/1_29/240903_1319",96161.285,96161.705,"ins_buzz_medium"
"JamesU - MustardBumbler/1_29/240903_1319",96168.565,96171.425,"ins_buzz_medium"
"JamesU - MustardBumbler/1_29/240903_1319",96173.042,96174.182,"ins_buzz_medium"
"JamesU - MustardBumbler/1_29/240903_1319",96177.93,96178.809,"ins_buzz_medium"
"JamesU - MustardBumbler/1_29/240903_1319",96183.417,96185.706,"ins_buzz_medium"
"JamesU - MustardBumbler/1_29/240903_1319",96197.258,96197.875,"ins_buzz_medium"
"JamesU - MustardBumbler/1_29/240903_1319",96200.417,96201.221,"ins_buzz_medium"
"JamesU - MustardBumbler/1_29/240903_1319",96202.455,96203.576,"ins_buzz_medium"
"JamesU - MustardBumbler/1_29/240903_1319",96205.016,96205.903,"ins_buzz_medium"
"JamesU - MustardBumbler/1_29/240903_1319",96209.661,96210.941,"ins_buzz_medium"
"JamesU - MustardBumbler/1_29/240903_1319",96214.268,96215.306,"ins_buzz_medium"
"JamesU - MustardBumbler/1_29/240903_1319",96218.007,96218.607,"ins_buzz_medium"
"JamesU - MustardBumbler/1_29/240903_1319",96224.643,96226.874,"ins_buzz_medium"
"JamesU - MustardBumbler/1_29/240903_1319",96227.372,96228.017,"ins_buzz_medium"
"JamesU - MustardBumbler/1_29/240903_1319",96231.381,96232.456,"ins_buzz_medium"
"JamesU - MustardBumbler/1_29/240903_1319",96240.681,96241.26,"ins_buzz_medium"
"JamesU - MustardBumbler/1_29/240903_1319",96256.149,96257.579,"ins_buzz_medium"
"JamesU - MustardBumbler/1_29/240903_1319",96262.878,96265.355,"mech_plane_prop"
"JamesU - MustardBumbler/1_29/240903_1319",96265.934,96267.13,"ins_buzz_medium"
"JamesU - MustardBumbler/1_29/240903_1319",96268.916,96269.86,"ins_buzz_medium"
"JamesU - MustardBumbler/1_29/240903_1319",96271.794,96273.252,"ins_buzz_medium"
"JamesU - MustardBumbler/1_29/240903_1319",96276.318,96277.589,"ins_buzz_medium"
"JamesU - MustardBumbler/1_29/240903_1319",96285.627,96287.15,"ins_buzz_medium"
"JamesU - MustardBumbler/1_29/240903_1319",96288.701,96289.571,"ins_buzz_medium"
"JamesU - MustardBumbler/1_29/240903_1319",96310.104,96311.058,"ins_buzz_medium"
"JamesU - MustardBumbler/1_29/240903_1319",96314.114,96314.833,"ins_buzz_medium"
"JamesU - MustardBumbler/1_29/240903_1319",96321.768,96322.553,"ins_buzz_medium"
"JamesU - MustardBumbler/1_29/240903_1319",96323.796,96325.497,"ins_buzz_medium"
"JamesU - MustardBumbler/1_29/240903_1319",96327.226,96328.647,"ins_buzz_medium"
"JamesU - MustardBumbler/1_29/240903_1319",96329.311,96330.572,"ins_buzz_medium"
"JamesU - MustardBumbler/1_29/240903_1319",96330.918,96331.965,"ins_buzz_medium"
"JamesU - MustardBumbler/1_29/240903_1319",96333.273,96333.769,"ins_buzz_medium"
"JamesU - MustardBumbler/1_29/240903_1319",96339.311,96340.124,"ins_buzz_medium"
"JamesU - MustardBumbler/1_29/240903_1319",96344.872,96354.816,"mech_auto"
"JamesU - MustardBumbler/1_29/240903_1319",99660,99960.03,"ins_trill"
"JamesU - MustardBumbler/1_29/240903_1319",99671.4798,99672.9663,"ins_buzz_medium"
"JamesU - MustardBumbler/1_29/240903_1319",99676.655,99677.5469,"ins_buzz_medium"
"JamesU - MustardBumbler/1_29/240903_1319",99717.1848,99727.4069,"mech_auto_car"
"JamesU - MustardBumbler/1_29/240903_1319",99758.5429,99759.3024,"ins_buzz_medium"
"JamesU - MustardBumbler/1_29/240903_1319",99760.882,99905.035,"mech_plane_prop"
"JamesU - MustardBumbler/1_29/240903_1319",99763.911,99764.206,"ins_buzz_medium"
"JamesU - MustardBumbler/1_29/240903_1319",99766.74,99767.146,"ins_buzz_medium"
"JamesU - MustardBumbler/1_29/240903_1319",99788.725,99789.203,"ins_buzz_medium"
"JamesU - MustardBumbler/1_29/240903_1319",99790.244,99790.676,"ins_buzz_medium"
"JamesU - MustardBumbler/1_29/240903_1319",99790.919,99791.822,"ins_buzz_medium"
"JamesU - MustardBumbler/1_29/240903_1319",99796.189,99797.25,"ins_buzz_medium"
"JamesU - MustardBumbler/1_29/240903_1319",99807.287,99807.876,"ins_buzz_medium"
"JamesU - MustardBumbler/1_29/240903_1319",99809.676,99810.004,"ins_buzz_medium"
"JamesU - MustardBumbler/1_29/240903_1319",99838.065,99838.988,"ins_buzz_medium"
"JamesU - MustardBumbler/1_29/240903_1319",99870.413,99870.869,"ambient_scraping"
"JamesU - MustardBumbler/1_29/240903_1319",99871.004,99871.829,"ins_buzz_medium"
"JamesU - MustardBumbler/1_29/240903_1319",99871.811,99871.993,"ambient_scraping"
"JamesU - MustardBumbler/1_29/240903_1319",99904.566,99906.451,"ins_buzz_medium"
"JamesU - MustardBumbler/1_29/240903_1319",99909.561,99910.569,"ins_buzz_medium"
"JamesU - MustardBumbler/1_29/240903_1319",99911.303,99912.049,"ins_buzz_medium"
"JamesU - MustardBumbler/1_29/240903_1319",99920.744,99922.767,"ins_buzz_medium"
"JamesU - MustardBumbler/1_29/240903_1319",99954.266,99954.711,"ins_buzz_medium"
"JamesU - MustardBumbler/1_29/240903_1319",99955.333,99957.395,"ins_buzz_medium"
"Lily - Fit+Fast/2023_R3_Marysville/53/230808_1208",100320,100620,"ins_trill"
"Lily - Fit+Fast/2023_R3_Marysville/53/230808_1208",100357.4573,100358.4966,"ins_buzz_medium"
"Lily - Fit+Fast/2023_R3_Marysville/53/230808_1208",100364.921,100365.7473,"ins_buzz_medium"
"Lily - Fit+Fast/2023_R3_Marysville/53/230808_1208",100366.9485,100370.0584,"ins_buzz_medium"
"Lily - Fit+Fast/2023_R3_Marysville/53/230808_1208",100371.5201,100372.7821,"ins_buzz_medium"
"Lily - Fit+Fast/2023_R3_Marysville/53/230808_1208",100375.9325,100377.158,"ins_buzz_medium"
"Lily - Fit+Fast/2023_R3_Marysville/53/230808_1208",100378.3011,100379.5222,"ins_buzz_medium"
"Lily - Fit+Fast/2023_R3_Marysville/53/230808_1208",100384.556,100387.0199,"ins_buzz_medium"
"Lily - Fit+Fast/2023_R3_Marysville/53/230808_1208",100391.527,100395.2784,"ins_buzz_medium"
"Lily - Fit+Fast/2023_R3_Marysville/53/230808_1208",100401.5476,100401.9082,"ins_buzz_medium"
"Lily - Fit+Fast/2023_R3_Marysville/53/230808_1208",100402.6594,100405.9646,"ins_buzz_medium"
"Lily - Fit+Fast/2023_R3_Marysville/53/230808_1208",100408.2632,100410.2162,"ins_buzz_medium"
"Lily - Fit+Fast/2023_R3_Marysville/53/230808_1208",100413.7918,100416.4021,"ins_buzz_medium"
"Lily - Fit+Fast/2023_R3_Marysville/53/230808_1208",100416.4021,100419.9096,"ins_buzz_medium"
"Lily - Fit+Fast/2023_R3_Marysville/53/230808_1208",100419.9096,100421.481,"ins_buzz_medium"
"Lily - Fit+Fast/2023_R3_Marysville/53/230808_1208",100424.248,100425.833,"ins_buzz_medium"
"Lily - Fit+Fast/2023_R3_Marysville/53/230808_1208",100425.937,100427.691,"ins_buzz_medium"
"Lily - Fit+Fast/2023_R3_Marysville/53/230808_1208",100431.399,100456.038,"mech_auto"
"Lily - Fit+Fast/2023_R3_Marysville/53/230808_1208",100446.525,100448.508,"ins_buzz_medium"
"Lily - Fit+Fast/2023_R3_Marysville/53/230808_1208",100450.021,100450.653,"ins_buzz_medium"
"Lily - Fit+Fast/2023_R3_Marysville/53/230808_1208",100453.798,100455.15,"ins_buzz_medium"
"Lily - Fit+Fast/2023_R3_Marysville/53/230808_1208",100460.999,100461.568,"ins_buzz_medium"
"Lily - Fit+Fast/2023_R3_Marysville/53/230808_1208",100463.488,100464.044,"ins_buzz_medium"
"Lily - Fit+Fast/2023_R3_Marysville/53/230808_1208",100464.941,100465.787,"ins_buzz_medium"
"Lily - Fit+Fast/2023_R3_Marysville/53/230808_1208",100471.131,100473.228,"ins_buzz_medium"
"Lily - Fit+Fast/2023_R3_Marysville/53/230808_1208",100604.469,100608.56,"ins_buzz_medium"
"Lily - Fit+Fast/2023_R3_Marysville/53/230808_1208",103920,103957.0307,"ambient_background"
"Lily - Fit+Fast/2023_R3_Marysville/53/230808_1208",103957.0307,103990.9898,"mech_plane_jet"
"Lily - Fit+Fast/2023_R3_Marysville/53/230808_1208",103990.9898,104026.664,"ambient_background"
"Lily - Fit+Fast/2023_R3_Marysville/53/230808_1208",104026.664,104026.908,"ins_buzz_medium"
"Lily - Fit+Fast/2023_R3_Marysville/53/230808_1208",104026.908,104060.102,"ambient_background"
"Lily - Fit+Fast/2023_R3_Marysville/53/230808_1208",104060.102,104142.867,"mech_plane_jet"
"Lily - Fit+Fast/2023_R3_Marysville/53/230808_1208",104142.867,104195.085,"ambient_background"
"Lily - Fit+Fast/2023_R3_Marysville/53/230808_1208",104195.085,104220,"mech_plane_jet"
"Lily - Fit+Fast/2023_R3_Marysville/53/230808_1208",107520,107538.1611,"ambient_background"
"Lily - Fit+Fast/2023_R3_Marysville/53/230808_1208",107538.1611,107553.5808,"ambient_rain"
"Lily - Fit+Fast/2023_R3_Marysville/53/230808_1208",107553.5808,107561.1194,"ambient_background"
"Lily - Fit+Fast/2023_R3_Marysville/53/230808_1208",107561.1194,107577.0531,"ambient_rain"
"Lily - Fit+Fast/2023_R3_Marysville/53/230808_1208",107577.0531,107600.3969,"ambient_background"
"Lily - Fit+Fast/2023_R3_Marysville/53/230808_1208",107600.3969,107619.2005,"ambient_rain"
"Lily - Fit+Fast/2023_R3_Marysville/53/230808_1208",107619.2005,107628.914,"ambient_background"
"Lily - Fit+Fast/2023_R3_Marysville/53/230808_1208",107628.914,107629.409,"ins_buzz_medium"
"Lily - Fit+Fast/2023_R3_Marysville/53/230808_1208",107629.409,107631.062,"ambient_background"
"Lily - Fit+Fast/2023_R3_Marysville/53/230808_1208",107631.062,107631.58,"ins_buzz_medium"
"Lily - Fit+Fast/2023_R3_Marysville/53/230808_1208",107631.58,107635.477,"ambient_background"
"Lily - Fit+Fast/2023_R3_Marysville/53/230808_1208",107635.477,107654.323,"ambient_rain"
"Lily - Fit+Fast/2023_R3_Marysville/53/230808_1208",107654.323,107669.229,"ambient_background"
"Lily - Fit+Fast/2023_R3_Marysville/53/230808_1208",107669.229,107699.726,"ambient_rain"
"Lily - Fit+Fast/2023_R3_Marysville/53/230808_1208",107699.726,107735.02,"ambient_background"
"Lily - Fit+Fast/2023_R3_Marysville/53/230808_1208",107735.02,107754.894,"ambient_rain"
"Lily - Fit+Fast/2023_R3_Marysville/53/230808_1208",107754.894,107786.162,"ambient_background"
"Lily - Fit+Fast/2023_R3_Marysville/53/230808_1208",107786.162,107791.045,"ambient_rain"
"Lily - Fit+Fast/2023_R3_Marysville/53/230808_1208",107791.045,107797.095,"ambient_background"
"Lily - Fit+Fast/2023_R3_Marysville/53/230808_1208",107797.095,107815.61,"ambient_rain"
"Lily - Fit+Fast/2023_R3_Marysville/53/230808_1208",107815.61,107820,"ambient_background"
"Lily - Fit+Fast/2023_R3_Marysville/53/230808_1208",111120,111420,"ins_trill"
"Lily - Fit+Fast/2023_R3_Marysville/53/230808_1208",114720,114729.19401,"ambient_background"
"Lily - Fit+Fast/2023_R3_Marysville/53/230808_1208",114729.19401,114732.1166,"mech_auto"
"Lily - Fit+Fast/2023_R3_Marysville/53/230808_1208",114732.1166,114734.0955,"ambient_background"
"Lily - Fit+Fast/2023_R3_Marysville/53/230808_1208",114734.0955,114741.1888,"mech_auto"
"Lily - Fit+Fast/2023_R3_Marysville/53/230808_1208",114741.1888,114750.3829,"ambient_background"
"Lily - Fit+Fast/2023_R3_Marysville/53/230808_1208",114750.3829,114752.4226,"mech_auto"
"Lily - Fit+Fast/2023_R3_Marysville/53/230808_1208",114752.4226,114759.4247,"ambient_background"
"Lily - Fit+Fast/2023_R3_Marysville/53/230808_1208",114759.4247,114772.6981,"mech_auto"
"Lily - Fit+Fast/2023_R3_Marysville/53/230808_1208",114772.6981,114874.133,"ambient_background"
"Lily - Fit+Fast/2023_R3_Marysville/53/230808_1208",114874.133,114878.266,"ambient_rain"
"Lily - Fit+Fast/2023_R3_Marysville/53/230808_1208",114878.266,115003.918,"ambient_background"
"Lily - Fit+Fast/2023_R3_Marysville/53/230808_1208",115003.918,115005.715,"ambient_rain"
"Lily - Fit+Fast/2023_R3_Marysville/53/230808_1208",115005.715,115010.098,"ambient_background"
"Lily - Fit+Fast/2023_R3_Marysville/53/230808_1208",115010.098,115011.499,"ambient_rain"
"Lily - Fit+Fast/2023_R3_Marysville/53/230808_1208",115011.499,115020,"ambient_background"
"Lily - Fit+Fast/2023_R3_Marysville/53/230808_1208",64320,64620,"ins_trill"
"Lily - Fit+Fast/2023_R3_Marysville/53/230808_1208",64449.863,64538.771,"mech_plane_jet"
"Lily - Fit+Fast/2023_R3_Marysville/53/230808_1208",64602.253,64620,"mech_auto_car"
"Lily - Fit+Fast/2023_R3_Marysville/53/230808_1208",67920,68220,"ins_trill"
"Lily - Fit+Fast/2023_R3_Marysville/53/230808_1208",67973.7543,68003.4471,"mech_auto_car"
"Lily - Fit+Fast/2023_R3_Marysville/53/230808_1208",68014.7099,68091.16,"mech_plane_jet"
"Lily - Fit+Fast/2023_R3_Marysville/53/230808_1208",68118.976,68220,"mech_plane_jet"
"Lily - Fit+Fast/2023_R3_Marysville/53/230808_1208",71520,71646.101,"ambient_background"
"Lily - Fit+Fast/2023_R3_Marysville/53/230808_1208",71646.101,71646.936,"ins_buzz_medium"
"Lily - Fit+Fast/2023_R3_Marysville/53/230808_1208",71646.936,71686.705,"ambient_background"
"Lily - Fit+Fast/2023_R3_Marysville/53/230808_1208",71686.705,71705.328,"mech_auto_bike"
"Lily - Fit+Fast/2023_R3_Marysville/53/230808_1208",71705.328,71737.761,"ambient_background"
"Lily - Fit+Fast/2023_R3_Marysville/53/230808_1208",71737.761,71746.499,"mech_auto_car"
"Lily - Fit+Fast/2023_R3_Marysville/53/230808_1208",71746.499,71765.917,"ambient_background"
"Lily - Fit+Fast/2023_R3_Marysville/53/230808_1208",71765.917,71783.514,"mech_auto_car"
"Lily - Fit+Fast/2023_R3_Marysville/53/230808_1208",71783.514,71789.542,"ambient_background"
"Lily - Fit+Fast/2023_R3_Marysville/53/230808_1208",71789.542,71792.298,"ins_buzz_medium"
"Lily - Fit+Fast/2023_R3_Marysville/53/230808_1208",71792.298,71820,"ambient_background"
"Lily - Fit+Fast/2023_R3_Marysville/53/230808_1208",75120,75120.4288,"ambient_background"
"Lily - Fit+Fast/2023_R3_Marysville/53/230808_1208",75120.4288,75122.0367,"ins_trill"
"Lily - Fit+Fast/2023_R3_Marysville/53/230808_1208",75122.0367,75122.9836,"ambient_background"
"Lily - Fit+Fast/2023_R3_Marysville/53/230808_1208",75122.9836,75124.7881,"ins_trill"
"Lily - Fit+Fast/2023_R3_Marysville/53/230808_1208",75124.7881,75127.5752,"ambient_background"
"Lily - Fit+Fast/2023_R3_Marysville/53/230808_1208",75127.5752,75146.7276,"mech_plane_prop"
"Lily - Fit+Fast/2023_R3_Marysville/53/230808_1208",75139.6884,75148.818,"ins_trill"
"Lily - Fit+Fast/2023_R3_Marysville/53/230808_1208",75148.818,75150.6403,"ambient_background"
"Lily - Fit+Fast/2023_R3_Marysville/53/230808_1208",75150.6403,75153.4632,"ins_trill"
"Lily - Fit+Fast/2023_R3_Marysville/53/230808_1208",75153.4632,75154.1599,"ambient_background"
"Lily - Fit+Fast/2023_R3_Marysville/53/230808_1208",75154.1599,75177.4504,"mech_plane_prop"
"Lily - Fit+Fast/2023_R3_Marysville/53/230808_1208",75155.2676,75167.363,"ins_trill"
"Lily - Fit+Fast/2023_R3_Marysville/53/230808_1208",75168.3456,75239.184,"ins_trill"
"Lily - Fit+Fast/2023_R3_Marysville/53/230808_1208",75239.184,75240.425,"ambient_background"
"Lily - Fit+Fast/2023_R3_Marysville/53/230808_1208",75240.425,75250.751,"ins_trill"
"Lily - Fit+Fast/2023_R3_Marysville/53/230808_1208",75250.751,75251.877,"ambient_background"
"Lily - Fit+Fast/2023_R3_Marysville/53/230808_1208",75251.877,75275.63,"ins_trill"
"Lily - Fit+Fast/2023_R3_Marysville/53/230808_1208",75275.63,75277.67,"ambient_background"
"Lily - Fit+Fast/2023_R3_Marysville/53/230808_1208",75277.67,75298.874,"ins_trill"
"Lily - Fit+Fast/2023_R3_Marysville/53/230808_1208",75298.874,75299.894,"ambient_background"
"Lily - Fit+Fast/2023_R3_Marysville/53/230808_1208",75299.894,75314.618,"ins_trill"
"Lily - Fit+Fast/2023_R3_Marysville/53/230808_1208",75314.618,75315.425,"ambient_background"
"Lily - Fit+Fast/2023_R3_Marysville/53/230808_1208",75315.425,75346.296,"ins_trill"
"Lily - Fit+Fast/2023_R3_Marysville/53/230808_1208",75346.296,75347.252,"ambient_background"
"Lily - Fit+Fast/2023_R3_Marysville/53/230808_1208",75347.252,75360.382,"ins_trill"
"Lily - Fit+Fast/2023_R3_Marysville/53/230808_1208",75360.382,75361.041,"ambient_background"
"Lily - Fit+Fast/2023_R3_Marysville/53/230808_1208",75361.041,75364.674,"ins_trill"
"Lily - Fit+Fast/2023_R3_Marysville/53/230808_1208",75364.674,75365.588,"ambient_background"
"Lily - Fit+Fast/2023_R3_Marysville/53/230808_1208",75365.588,75381.395,"ins_trill"
"Lily - Fit+Fast/2023_R3_Marysville/53/230808_1208",75381.395,75382.606,"ambient_background"
"Lily - Fit+Fast/2023_R3_Marysville/53/230808_1208",75382.606,75382.882,"ins_trill"
"Lily - Fit+Fast/2023_R3_Marysville/53/230808_1208",75382.882,75383.499,"ambient_background"
"Lily - Fit+Fast/2023_R3_Marysville/53/230808_1208",75383.499,75385.793,"ins_trill"
"Lily - Fit+Fast/2023_R3_Marysville/53/230808_1208",75385.793,75386.282,"ambient_background"
"Lily - Fit+Fast/2023_R3_Marysville/53/230808_1208",75386.282,75397.33,"ins_trill"
"Lily - Fit+Fast/2023_R3_Marysville/53/230808_1208",75397.33,75398.329,"ambient_background"
"Lily - Fit+Fast/2023_R3_Marysville/53/230808_1208",75398.329,75403.746,"ins_trill"
"Lily - Fit+Fast/2023_R3_Marysville/53/230808_1208",75403.746,75404.32,"ambient_background"
"Lily - Fit+Fast/2023_R3_Marysville/53/230808_1208",75404.32,75414.922,"ins_trill"
"Lily - Fit+Fast/2023_R3_Marysville/53/230808_1208",75414.922,75415.857,"ambient_background"
"Lily - Fit+Fast/2023_R3_Marysville/53/230808_1208",75415.857,75420,"ins_trill"
"Lily - Fit+Fast/2023_R3_Marysville/53/230808_1208",78720,78774.6075,"mech_plane_jet"
"Lily - Fit+Fast/2023_R3_Marysville/53/230808_1208",78729.08703,78732.7986,"ins_trill"
"Lily - Fit+Fast/2023_R3_Marysville/53/230808_1208",78746.5785,78748.4983,"ins_trill"
"Lily - Fit+Fast/2023_R3_Marysville/53/230808_1208",78755.5375,78759.7184,"ins_trill"
"Lily - Fit+Fast/2023_R3_Marysville/53/230808_1208",78774.6075,78776.2287,"ambient_background"
"Lily - Fit+Fast/2023_R3_Marysville/53/230808_1208",78776.2287,78779.2577,"ins_trill"
"Lily - Fit+Fast/2023_R3_Marysville/53/230808_1208",78779.2577,78782.5853,"ambient_background"
"Lily - Fit+Fast/2023_R3_Marysville/53/230808_1208",78782.5853,78786.3396,"ins_trill"
"Lily - Fit+Fast/2023_R3_Marysville/53/230808_1208",78786.3396,78789.1838,"ambient_background"
"Lily - Fit+Fast/2023_R3_Marysville/53/230808_1208",78789.1838,78790.1524,"ins_buzz_medium"
"Lily - Fit+Fast/2023_R3_Marysville/53/230808_1208",78790.1524,78795.2986,"ambient_background"
"Lily - Fit+Fast/2023_R3_Marysville/53/230808_1208",78795.2986,78799.9488,"ins_trill"
"Lily - Fit+Fast/2023_R3_Marysville/53/230808_1208",78799.9488,78806.9881,"ambient_background"
"Lily - Fit+Fast/2023_R3_Marysville/53/230808_1208",78806.9881,78809.3771,"ins_trill"
"Lily - Fit+Fast/2023_R3_Marysville/53/230808_1208",78809.3771,78812.4125,"ambient_background"
"Lily - Fit+Fast/2023_R3_Marysville/53/230808_1208",78812.4125,78812.8968,"ins_buzz_medium"
"Lily - Fit+Fast/2023_R3_Marysville/53/230808_1208",78812.8968,78815.8565,"ambient_background"
"Lily - Fit+Fast/2023_R3_Marysville/53/230808_1208",78815.8565,78817.2376,"ins_buzz_medium"
"Lily - Fit+Fast/2023_R3_Marysville/53/230808_1208",78816.8857,78821.408,"ins_trill"
"Lily - Fit+Fast/2023_R3_Marysville/53/230808_1208",78821.408,78825.148,"ambient_background"
"Lily - Fit+Fast/2023_R3_Marysville/53/230808_1208",78825.148,78840.592,"mech_plane_prop"
"Lily - Fit+Fast/2023_R3_Marysville/53/230808_1208",78833.567,78837.15,"ins_trill"
"Lily - Fit+Fast/2023_R3_Marysville/53/230808_1208",78834.296,78902.423,"mech_plane_jet"
"Lily - Fit+Fast/2023_R3_Marysville/53/230808_1208",78838.463,78839.26,"ins_buzz_medium"
"Lily - Fit+Fast/2023_R3_Marysville/53/230808_1208",78847.346,78851.229,"ins_trill"
"Lily - Fit+Fast/2023_R3_Marysville/53/230808_1208",78851.7,78852.02,"ins_buzz_medium"
"Lily - Fit+Fast/2023_R3_Marysville/53/230808_1208",78895.981,78899.949,"ins_trill"
"Lily - Fit+Fast/2023_R3_Marysville/53/230808_1208",78902.423,78910.913,"ambient_background"
"Lily - Fit+Fast/2023_R3_Marysville/53/230808_1208",78910.913,78914.625,"ins_trill"
"Lily - Fit+Fast/2023_R3_Marysville/53/230808_1208",78914.625,78930.619,"ambient_background"
"Lily - Fit+Fast/2023_R3_Marysville/53/230808_1208",78930.619,78931.48,"ins_buzz_medium"
"Lily - Fit+Fast/2023_R3_Marysville/53/230808_1208",78931.476,78936.596,"ins_trill"
"Lily - Fit+Fast/2023_R3_Marysville/53/230808_1208",78936.596,78939.582,"ambient_background"
"Lily - Fit+Fast/2023_R3_Marysville/53/230808_1208",78939.582,78943.933,"ins_trill"
"Lily - Fit+Fast/2023_R3_Marysville/53/230808_1208",78943.933,78944.789,"ambient_background"
"Lily - Fit+Fast/2023_R3_Marysville/53/230808_1208",78944.789,78948.287,"ins_buzz_medium"
"Lily - Fit+Fast/2023_R3_Marysville/53/230808_1208",78948.287,78950.493,"ambient_background"
"Lily - Fit+Fast/2023_R3_Marysville/53/230808_1208",78950.493,78953.824,"ins_buzz_medium"
"Lily - Fit+Fast/2023_R3_Marysville/53/230808_1208",78953.824,78954.103,"ambient_background"
"Lily - Fit+Fast/2023_R3_Marysville/53/230808_1208",78954.103,78960.58,"ins_buzz_medium"
"Lily - Fit+Fast/2023_R3_Marysville/53/230808_1208",78959.761,78963.814,"ins_trill"
"Lily - Fit+Fast/2023_R3_Marysville/53/230808_1208",78963.814,78974.096,"ambient_background"
"Lily - Fit+Fast/2023_R3_Marysville/53/230808_1208",78974.096,78979.258,"ins_trill"
"Lily - Fit+Fast/2023_R3_Marysville/53/230808_1208",78979.258,78992.654,"ambient_background"
"Lily - Fit+Fast/2023_R3_Marysville/53/230808_1208",78992.654,78997.304,"ins_trill"
"Lily - Fit+Fast/2023_R3_Marysville/53/230808_1208",78997.304,79007.969,"ambient_background"
"Lily - Fit+Fast/2023_R3_Marysville/53/230808_1208",79007.969,79010.572,"ins_trill"
"Lily - Fit+Fast/2023_R3_Marysville/53/230808_1208",79010.572,79016.331,"ambient_background"
"Lily - Fit+Fast/2023_R3_Marysville/53/230808_1208",79016.331,79020,"ins_trill"
"Lily - Fit+Fast/2023_R3_Marysville/53/230808_1208",82320,82349.0224,"ambient_background"
"Lily - Fit+Fast/2023_R3_Marysville/53/230808_1208",82349.0224,82349.2243,"ins_buzz_medium"
"Lily - Fit+Fast/2023_R3_Marysville/53/230808_1208",82349.2243,82363.3714,"ambient_background"
"Lily - Fit+Fast/2023_R3_Marysville/53/230808_1208",82363.3714,82365.7399,"ins_buzz_medium"
"Lily - Fit+Fast/2023_R3_Marysville/53/230808_1208",82365.7399,82428.144,"ambient_background"
"Lily - Fit+Fast/2023_R3_Marysville/53/230808_1208",82428.144,82428.27,"ins_buzz_high"
"Lily - Fit+Fast/2023_R3_Marysville/53/230808_1208",82428.27,82536.242,"ambient_background"
"Lily - Fit+Fast/2023_R3_Marysville/53/230808_1208",82536.242,82536.792,"ins_buzz_medium"
"Lily - Fit+Fast/2023_R3_Marysville/53/230808_1208",82536.792,82575.187,"ambient_background"
"Lily - Fit+Fast/2023_R3_Marysville/53/230808_1208",82575.187,82579.473,"ins_buzz_medium"
"Lily - Fit+Fast/2023_R3_Marysville/53/230808_1208",82579.473,82581.165,"ambient_background"
"Lily - Fit+Fast/2023_R3_Marysville/53/230808_1208",82581.165,82581.391,"ins_buzz_medium"
"Lily - Fit+Fast/2023_R3_Marysville/53/230808_1208",82581.391,82583.578,"ambient_background"
"Lily - Fit+Fast/2023_R3_Marysville/53/230808_1208",82583.578,82586.421,"ins_buzz_medium"
"Lily - Fit+Fast/2023_R3_Marysville/53/230808_1208",82586.421,82589.381,"ambient_background"
"Lily - Fit+Fast/2023_R3_Marysville/53/230808_1208",82589.381,82594.608,"ins_buzz_medium"
"Lily - Fit+Fast/2023_R3_Marysville/53/230808_1208",82594.608,82596.717,"ambient_background"
"Lily - Fit+Fast/2023_R3_Marysville/53/230808_1208",82596.717,82603.372,"ins_trill"
"Lily - Fit+Fast/2023_R3_Marysville/53/230808_1208",82598.185,82601.336,"ins_buzz_medium"
"Lily - Fit+Fast/2023_R3_Marysville/53/230808_1208",82603.372,82605.668,"ambient_background"
"Lily - Fit+Fast/2023_R3_Marysville/53/230808_1208",82605.668,82608.915,"ins_buzz_medium"
"Lily - Fit+Fast/2023_R3_Marysville/53/230808_1208",82608.915,82615.031,"ambient_background"
"Lily - Fit+Fast/2023_R3_Marysville/53/230808_1208",82615.031,82619.856,"ins_buzz_medium"
"Lily - Fit+Fast/2023_R3_Marysville/53/230808_1208",82619.856,82620,"ambient_background"
"Lily - Fit+Fast/2023_R3_Marysville/53/230808_1208",85920,85920.142331,"ambient_background"
"Lily - Fit+Fast/2023_R3_Marysville/53/230808_1208",85920.142331,85923.98526,"ins_buzz_medium"
"Lily - Fit+Fast/2023_R3_Marysville/53/230808_1208",85923.98526,85928.1698,"ins_buzz_medium"
"Lily - Fit+Fast/2023_R3_Marysville/53/230808_1208",85928.1698,85929.90432,"ins_buzz_medium"
"Lily - Fit+Fast/2023_R3_Marysville/53/230808_1208",85929.9616,85931.3908,"ins_buzz_medium"
"Lily - Fit+Fast/2023_R3_Marysville/53/230808_1208",85931.3908,85932.756,"ambient_background"
"Lily - Fit+Fast/2023_R3_Marysville/53/230808_1208",85932.756,85936.1049,"ins_buzz_medium"
"Lily - Fit+Fast/2023_R3_Marysville/53/230808_1208",85936.1049,85939.9103,"ambient_background"
"Lily - Fit+Fast/2023_R3_Marysville/53/230808_1208",85939.9103,85943.9103,"ins_buzz_medium"
"Lily - Fit+Fast/2023_R3_Marysville/53/230808_1208",85943.9103,85950.3396,"ambient_background"
"Lily - Fit+Fast/2023_R3_Marysville/53/230808_1208",85950.3396,85952.7143,"ins_buzz_medium"
"Lily - Fit+Fast/2023_R3_Marysville/53/230808_1208",85952.7143,85953.3536,"ambient_background"
"Lily - Fit+Fast/2023_R3_Marysville/53/230808_1208",85953.3536,85954.1908,"ins_buzz_medium"
"Lily - Fit+Fast/2023_R3_Marysville/53/230808_1208",85954.1908,85956.2763,"ambient_background"
"Lily - Fit+Fast/2023_R3_Marysville/53/230808_1208",85956.2763,85957.2352,"ins_buzz_medium"
"Lily - Fit+Fast/2023_R3_Marysville/53/230808_1208",85957.2352,85960.7802,"ambient_background"
"Lily - Fit+Fast/2023_R3_Marysville/53/230808_1208",85960.7802,85961.3282,"ins_buzz_medium"
"Lily - Fit+Fast/2023_R3_Marysville/53/230808_1208",85961.3282,85962.0786,"ambient_background"
"Lily - Fit+Fast/2023_R3_Marysville/53/230808_1208",85962.0786,85965.1676,"ins_buzz_medium"
"Lily - Fit+Fast/2023_R3_Marysville/53/230808_1208",85965.1676,85967.8149,"ambient_background"
"Lily - Fit+Fast/2023_R3_Marysville/53/230808_1208",85967.8149,85970.1188,"ins_buzz_medium"
"Lily - Fit+Fast/2023_R3_Marysville/53/230808_1208",85970.1188,85976.269,"ambient_background"
"Lily - Fit+Fast/2023_R3_Marysville/53/230808_1208",85976.269,85982.2242,"ins_buzz_medium"
"Lily - Fit+Fast/2023_R3_Marysville/53/230808_1208",85982.2242,85983.3881,"ambient_background"
"Lily - Fit+Fast/2023_R3_Marysville/53/230808_1208",85983.3881,85986.021,"ins_buzz_medium"
"Lily - Fit+Fast/2023_R3_Marysville/53/230808_1208",85986.021,85988.0605,"ambient_background"
"Lily - Fit+Fast/2023_R3_Marysville/53/230808_1208",85988.0605,85989.2699,"ins_buzz_medium"
"Lily - Fit+Fast/2023_R3_Marysville/53/230808_1208",85989.2699,85992.5143,"ambient_background"
"Lily - Fit+Fast/2023_R3_Marysville/53/230808_1208",85992.5143,85996.8551,"ins_buzz_medium"
"Lily - Fit+Fast/2023_R3_Marysville/53/230808_1208",85996.8551,85998.1107,"ambient_background"
"Lily - Fit+Fast/2023_R3_Marysville/53/230808_1208",85998.1107,86006.2542,"ins_buzz_medium"
"Lily - Fit+Fast/2023_R3_Marysville/53/230808_1208",86006.2542,86008.012,"ambient_background"
"Lily - Fit+Fast/2023_R3_Marysville/53/230808_1208",86008.012,86009.5188,"ins_buzz_medium"
"Lily - Fit+Fast/2023_R3_Marysville/53/230808_1208",86009.5188,86013.8204,"ambient_background"
"Lily - Fit+Fast/2023_R3_Marysville/53/230808_1208",86013.8204,86015.5457,"ins_buzz_medium"
"Lily - Fit+Fast/2023_R3_Marysville/53/230808_1208",86015.5457,86018.9962,"ambient_background"
"Lily - Fit+Fast/2023_R3_Marysville/53/230808_1208",86018.9962,86020.234,"mech_auto_car"
"Lily - Fit+Fast/2023_R3_Marysville/53/230808_1208",86020.234,86022.278,"ambient_background"
"Lily - Fit+Fast/2023_R3_Marysville/53/230808_1208",86022.278,86023.318,"ins_buzz_medium"
"Lily - Fit+Fast/2023_R3_Marysville/53/230808_1208",86023.318,86026.619,"ambient_background"
"Lily - Fit+Fast/2023_R3_Marysville/53/230808_1208",86026.619,86030.601,"ins_buzz_medium"
"Lily - Fit+Fast/2023_R3_Marysville/53/230808_1208",86026.978,86219.253,"ins_buzz_medium"
"Lily - Fit+Fast/2023_R3_Marysville/53/230808_1208",86029.829,86031.289,"mech_auto_car"
"Lily - Fit+Fast/2023_R3_Marysville/53/230808_1208",86034.568,86035.182,"ins_buzz_medium"
"Lily - Fit+Fast/2023_R3_Marysville/53/230808_1208",86036.102,86037.435,"ins_buzz_medium"
"Lily - Fit+Fast/2023_R3_Marysville/53/230808_1208",86063.623,86065.273,"ins_buzz_medium"
"Lily - Fit+Fast/2023_R3_Marysville/53/230808_1208",86072.504,86073.011,"ins_buzz_medium"
"Lily - Fit+Fast/2023_R3_Marysville/53/230808_1208",86075.587,86076.466,"ins_buzz_medium"
"Lily - Fit+Fast/2023_R3_Marysville/53/230808_1208",86078.601,86082.834,"ins_buzz_medium"
"Lily - Fit+Fast/2023_R3_Marysville/53/230808_1208",86084.532,86085.103,"ins_buzz_medium"
"Lily - Fit+Fast/2023_R3_Marysville/53/230808_1208",86091.767,86095.928,"ins_buzz_medium"
"Lily - Fit+Fast/2023_R3_Marysville/53/230808_1208",86097.51,86098.443,"ins_buzz_medium"
"Lily - Fit+Fast/2023_R3_Marysville/53/230808_1208",86101.202,86106.906,"ins_buzz_medium"
"Lily - Fit+Fast/2023_R3_Marysville/53/230808_1208",86109.166,86118.5,"ins_buzz_medium"
"Lily - Fit+Fast/2023_R3_Marysville/53/230808_1208",86123.336,86125.991,"ins_buzz_medium"
"Lily - Fit+Fast/2023_R3_Marysville/53/230808_1208",86129.812,86130.852,"ins_buzz_medium"
"Lily - Fit+Fast/2023_R3_Marysville/53/230808_1208",86134.314,86136.108,"ins_buzz_medium"
"Lily - Fit+Fast/2023_R3_Marysville/53/230808_1208",86138.027,86139.188,"ins_buzz_medium"
"Lily - Fit+Fast/2023_R3_Marysville/53/230808_1208",86139.806,86141.644,"ins_buzz_medium"
"Lily - Fit+Fast/2023_R3_Marysville/53/230808_1208",86144.036,86147.336,"ins_buzz_medium"
"Lily - Fit+Fast/2023_R3_Marysville/53/230808_1208",86150.368,86150.87,"ins_buzz_medium"
"Lily - Fit+Fast/2023_R3_Marysville/53/230808_1208",86153.758,86158.96,"ins_buzz_medium"
"Lily - Fit+Fast/2023_R3_Marysville/53/230808_1208",86162.403,86165.812,"ins_buzz_medium"
"Lily - Fit+Fast/2023_R3_Marysville/53/230808_1208",86166.045,86166.726,"ambient_rustle"
"Lily - Fit+Fast/2023_R3_Marysville/53/230808_1208",86167.264,86168.968,"ambient_scraping"
"Lily - Fit+Fast/2023_R3_Marysville/53/230808_1208",86169.471,86170.995,"ambient_rustle"
"Lily - Fit+Fast/2023_R3_Marysville/53/230808_1208",86171.247,86171.623,"ambient_scraping"
"Lily - Fit+Fast/2023_R3_Marysville/53/230808_1208",86172.215,86173.453,"ins_buzz_medium"
"Lily - Fit+Fast/2023_R3_Marysville/53/230808_1208",86180.935,86181.47,"ins_buzz_medium"
"Lily - Fit+Fast/2023_R3_Marysville/53/230808_1208",86186.673,86190.099,"ins_buzz_medium"
"Lily - Fit+Fast/2023_R3_Marysville/53/230808_1208",86190.099,86194.368,"ins_buzz_medium"
"Lily - Fit+Fast/2023_R3_Marysville/53/230808_1208",86196.287,86220,"mech_plane_jet"
"Lily - Fit+Fast/2023_R3_Marysville/53/230808_1208",86196.287,86197.578,"ins_buzz_medium"
"Lily - Fit+Fast/2023_R3_Marysville/53/230808_1208",86199.928,86208.538,"ins_buzz_medium"
"Lily - Fit+Fast/2023_R3_Marysville/53/230808_1208",86212.412,86218.139,"ins_buzz_medium"
"Lily - Fit+Fast/2023_R3_Marysville/53/230808_1208",89520,89522.52664,"ins_buzz_medium"
"Lily - Fit+Fast/2023_R3_Marysville/53/230808_1208",89520,89820,"ins_buzz_medium"
"Lily - Fit+Fast/2023_R3_Marysville/53/230808_1208",89523.19803,89526.98563,"ins_buzz_medium"
"Lily - Fit+Fast/2023_R3_Marysville/53/230808_1208",89528.33793,89530.3845,"ins_buzz_medium"
"Lily - Fit+Fast/2023_R3_Marysville/53/230808_1208",89531.2735,89535.6999,"ins_buzz_medium"
"Lily - Fit+Fast/2023_R3_Marysville/53/230808_1208",89534.7055,89541.8144,"ins_buzz_medium"
"Lily - Fit+Fast/2023_R3_Marysville/53/230808_1208",89542.5648,89543.5233,"ins_buzz_medium"
"Lily - Fit+Fast/2023_R3_Marysville/53/230808_1208",89544.5301,89547.1207,"ins_buzz_medium"
"Lily - Fit+Fast/2023_R3_Marysville/53/230808_1208",89547.7103,89549.5683,"ins_buzz_medium"
"Lily - Fit+Fast/2023_R3_Marysville/53/230808_1208",89552.4358,89553.6151,"ins_buzz_medium"
"Lily - Fit+Fast/2023_R3_Marysville/53/230808_1208",89554.0209,89557.9138,"ins_buzz_medium"
"Lily - Fit+Fast/2023_R3_Marysville/53/230808_1208",89573.796,89578.0453,"ins_buzz_medium"
"Lily - Fit+Fast/2023_R3_Marysville/53/230808_1208",89578.6067,89579.448,"ins_buzz_medium"
"Lily - Fit+Fast/2023_R3_Marysville/53/230808_1208",89580.2623,89580.9769,"ins_buzz_medium"
"Lily - Fit+Fast/2023_R3_Marysville/53/230808_1208",89584.1392,89585.5685,"ins_buzz_medium"
"Lily - Fit+Fast/2023_R3_Marysville/53/230808_1208",89587.9037,89592.84,"ins_buzz_medium"
"Lily - Fit+Fast/2023_R3_Marysville/53/230808_1208",89594.7025,89597.5921,"ins_buzz_medium"
"Lily - Fit+Fast/2023_R3_Marysville/53/230808_1208",89598.7536,89600.3259,"ins_buzz_medium"
"Lily - Fit+Fast/2023_R3_Marysville/53/230808_1208",89604.703,89606.6862,"ins_buzz_medium"
"Lily - Fit+Fast/2023_R3_Marysville/53/230808_1208",89608.7586,89610.2237,"ins_buzz_medium"
"Lily - Fit+Fast/2023_R3_Marysville/53/230808_1208",89615.2976,89617.388,"ins_buzz_medium"
"Lily - Fit+Fast/2023_R3_Marysville/53/230808_1208",89619.0085,89621.473,"ins_buzz_medium"
"Lily - Fit+Fast/2023_R3_Marysville/53/230808_1208",89625.195,89625.803,"ins_buzz_medium"
"Lily - Fit+Fast/2023_R3_Marysville/53/230808_1208",89626.875,89628.483,"ins_buzz_medium"
"Lily - Fit+Fast/2023_R3_Marysville/53/230808_1208",89631.591,89633.45,"ins_buzz_medium"
"Lily - Fit+Fast/2023_R3_Marysville/53/230808_1208",89638.881,89640.489,"ins_buzz_medium"
"Lily - Fit+Fast/2023_R3_Marysville/53/230808_1208",89641.793,89642.811,"ins_buzz_medium"
"Lily - Fit+Fast/2023_R3_Marysville/53/230808_1208",89645.313,89646.849,"ins_buzz_medium"
"Lily - Fit+Fast/2023_R3_Marysville/53/230808_1208",89648.743,89650.172,"ins_buzz_medium"
"Lily - Fit+Fast/2023_R3_Marysville/53/230808_1208",89652.048,89652.977,"ins_buzz_medium"
"Lily - Fit+Fast/2023_R3_Marysville/53/230808_1208",89657.422,89660.992,"ins_buzz_medium"
"Lily - Fit+Fast/2023_R3_Marysville/53/230808_1208",89676.185,89678.401,"ins_buzz_medium"
"Lily - Fit+Fast/2023_R3_Marysville/53/230808_1208",89682.492,89683.921,"ins_buzz_medium"
"Lily - Fit+Fast/2023_R3_Marysville/53/230808_1208",89684.332,89688.612,"ins_buzz_medium"
"Lily - Fit+Fast/2023_R3_Marysville/53/230808_1208",89694.221,89696.346,"ins_buzz_medium"
"Lily - Fit+Fast/2023_R3_Marysville/53/230808_1208",89699.83,89702.216,"ins_buzz_medium"
"Lily - Fit+Fast/2023_R3_Marysville/53/230808_1208",89705.269,89709.943,"ins_buzz_medium"
"Lily - Fit+Fast/2023_R3_Marysville/53/230808_1208",89711.81,89713.722,"ins_buzz_medium"
"Lily - Fit+Fast/2023_R3_Marysville/53/230808_1208",89715.491,89717.134,"ins_buzz_medium"
"Lily - Fit+Fast/2023_R3_Marysville/53/230808_1208",89720.482,89730.17,"ins_buzz_medium"
"Lily - Fit+Fast/2023_R3_Marysville/53/230808_1208",89733.785,89734.643,"ins_buzz_medium"
"Lily - Fit+Fast/2023_R3_Marysville/53/230808_1208",89737.394,89745.297,"ins_buzz_medium"
"Lily - Fit+Fast/2023_R3_Marysville/53/230808_1208",89791.743,89792.315,"ins_buzz_medium"
"Lily - Fit+Fast/2023_R3_Marysville/53/230808_1208",93120,93419.485,"ins_buzz_medium"
"Lily - Fit+Fast/2023_R3_Marysville/53/230808_1208",93142.8859,93203.0278,"mech_plane_jet"
"Lily - Fit+Fast/2023_R3_Marysville/53/230808_1208",93278.918,93279.881,"ins_buzz_medium"
"Lily - Fit+Fast/2023_R3_Marysville/53/230808_1208",93281.028,93282.518,"ins_buzz_medium"
"Lily - Fit+Fast/2023_R3_Marysville/53/230808_1208",93283.876,93286.962,"ins_buzz_medium"
"Lily - Fit+Fast/2023_R3_Marysville/53/230808_1208",93301.889,93303.128,"ins_buzz_medium"
"Lily - Fit+Fast/2023_R3_Marysville/53/230808_1208",93303.128,93330.79,"mech_plane_jet"
"Lily - Fit+Fast/2023_R3_Marysville/53/230808_1208",93306.411,93308.613,"ins_buzz_medium"
"Lily - Fit+Fast/2023_R3_Marysville/53/230808_1208",93308.838,93309.945,"ins_buzz_medium"
"Lily - Fit+Fast/2023_R3_Marysville/53/230808_1208",93393.598,93395.76,"ins_buzz_medium"
"Lily - Fit+Fast/2023_R3_Marysville/53/230808_1208",93410.08,93410.66,"ins_buzz_medium"
"Lily - Fit+Fast/2023_R3_Marysville/53/230808_1208",93415.935,93416.541,"ins_buzz_medium"
"Lily - Fit+Fast/2023_R3_Marysville/53/230808_1208",93419.485,93420,"ambient_background"
"Lily - Fit+Fast/2023_R3_Marysville/53/230808_1208",96720,96728.7861,"ambient_background"
"Lily - Fit+Fast/2023_R3_Marysville/53/230808_1208",96728.7861,96886.369,"mech_plane_prop"
"Lily - Fit+Fast/2023_R3_Marysville/53/230808_1208",96730.1945,96730.5955,"ins_buzz_medium"
"Lily - Fit+Fast/2023_R3_Marysville/53/230808_1208",96778.6687,96779.1487,"ins_buzz_medium"
"Lily - Fit+Fast/2023_R3_Marysville/53/230808_1208",96817.9327,96821.457,"mech_auto_truck"
"Lily - Fit+Fast/2023_R3_Marysville/53/230808_1208",96830.2,96833.838,"mech_auto_truck"
"Lily - Fit+Fast/2023_R3_Marysville/53/230808_1208",96852.927,96861.884,"mech_auto_truck"
"Lily - Fit+Fast/2023_R3_Marysville/53/230808_1208",96886.369,96907.982,"ambient_background"
"Lily - Fit+Fast/2023_R3_Marysville/53/230808_1208",96907.982,96909.549,"ins_buzz_medium"
"Lily - Fit+Fast/2023_R3_Marysville/53/230808_1208",96909.549,96937.049,"ambient_background"
"Lily - Fit+Fast/2023_R3_Marysville/53/230808_1208",96937.049,96938.656,"ins_buzz_low"
"Lily - Fit+Fast/2023_R3_Marysville/53/230808_1208",96938.656,96979.436,"ambient_background"
"Lily - Fit+Fast/2023_R3_Marysville/53/230808_1208",96979.436,96979.954,"ins_buzz_medium"
"Lily - Fit+Fast/2023_R3_Marysville/53/230808_1208",96979.954,96992.334,"ambient_background"
"Lily - Fit+Fast/2023_R3_Marysville/53/230808_1208",96992.334,96992.638,"ins_buzz_medium"
"Lily - Fit+Fast/2023_R3_Marysville/53/230808_1208",96992.638,97020,"ambient_background"
"Lily Adam - One Hive/recorders/willard/2024-08-07/1_11/240807_1016",103440,103452.2286,"ambient_background"
"Lily Adam - One Hive/recorders/willard/2024-08-07/1_11/240807_1016",103452.2286,103453.1104,"ins_buzz_high"
"Lily Adam - One Hive/recorders/willard/2024-08-07/1_11/240807_1016",103453.1104,103456.0634,"ambient_background"
"Lily Adam - One Hive/recorders/willard/2024-08-07/1_11/240807_1016",103456.0634,103456.939,"ins_buzz_high"
"Lily Adam - One Hive/recorders/willard/2024-08-07/1_11/240807_1016",103456.939,103460.2181,"ambient_background"
"Lily Adam - One Hive/recorders/willard/2024-08-07/1_11/240807_1016",103460.2181,103460.8024,"ins_buzz_high"
"Lily Adam - One Hive/recorders/willard/2024-08-07/1_11/240807_1016",103460.8024,103461.1317,"ambient_background"
"Lily Adam - One Hive/recorders/willard/2024-08-07/1_11/240807_1016",103461.1317,103461.4611,"ambient_bang"
"Lily Adam - One Hive/recorders/willard/2024-08-07/1_11/240807_1016",103461.4611,103464.8184,"ambient_background"
"Lily Adam - One Hive/recorders/willard/2024-08-07/1_11/240807_1016",103464.8184,103465.7108,"ins_buzz_high"
"Lily Adam - One Hive/recorders/willard/2024-08-07/1_11/240807_1016",103465.7108,103480.99,"ambient_background"
"Lily Adam - One Hive/recorders/willard/2024-08-07/1_11/240807_1016",103480.99,103481.6196,"ins_buzz_high"
"Lily Adam - One Hive/recorders/willard/2024-08-07/1_11/240807_1016",103481.6196,103483.8475,"ambient_background"
"Lily Adam - One Hive/recorders/willard/2024-08-07/1_11/240807_1016",103483.8475,103484.5094,"ins_buzz_high"
"Lily Adam - One Hive/recorders/willard/2024-08-07/1_11/240807_1016",103484.5094,103505.807,"ambient_background"
"Lily Adam - One Hive/recorders/willard/2024-08-07/1_11/240807_1016",103505.807,103506.8163,"ins_buzz_high"
"Lily Adam - One Hive/recorders/willard/2024-08-07/1_11/240807_1016",103506.8163,103507.135,"ambient_background"
"Lily Adam - One Hive/recorders/willard/2024-08-07/1_11/240807_1016",103507.135,103508.0168,"ins_buzz_high"
"Lily Adam - One Hive/recorders/willard/2024-08-07/1_11/240807_1016",103508.0168,103508.9411,"ambient_background"
"Lily Adam - One Hive/recorders/willard/2024-08-07/1_11/240807_1016",103508.9411,103509.5467,"ins_buzz_high"
"Lily Adam - One Hive/recorders/willard/2024-08-07/1_11/240807_1016",103509.5467,103512.2984,"ambient_background"
"Lily Adam - One Hive/recorders/willard/2024-08-07/1_11/240807_1016",103512.2984,103512.5215,"ambient_bang"
"Lily Adam - One Hive/recorders/willard/2024-08-07/1_11/240807_1016",103512.5215,103515.2413,"ambient_background"
"Lily Adam - One Hive/recorders/willard/2024-08-07/1_11/240807_1016",103515.2413,103516.5906,"ambient_scraping"
"Lily Adam - One Hive/recorders/willard/2024-08-07/1_11/240807_1016",103516.5906,103517.1325,"ambient_background"
"Lily Adam - One Hive/recorders/willard/2024-08-07/1_11/240807_1016",103517.1325,103519.1511,"ambient_scraping"
"Lily Adam - One Hive/recorders/willard/2024-08-07/1_11/240807_1016",103519.1511,103522.0303,"ambient_background"
"Lily Adam - One Hive/recorders/willard/2024-08-07/1_11/240807_1016",103522.0303,103524.9945,"ambient_scraping"
"Lily Adam - One Hive/recorders/willard/2024-08-07/1_11/240807_1016",103522.944,103523.8895,"ambient_rustle"
"Lily Adam - One Hive/recorders/willard/2024-08-07/1_11/240807_1016",103524.9945,103526.6731,"ambient_background"
"Lily Adam - One Hive/recorders/willard/2024-08-07/1_11/240807_1016",103526.6731,103527.5124,"ambient_scraping"
"Lily Adam - One Hive/recorders/willard/2024-08-07/1_11/240807_1016",103527.5124,103528.1818,"ambient_background"
"Lily Adam - One Hive/recorders/willard/2024-08-07/1_11/240807_1016",103528.1818,103530.2854,"ambient_scraping"
"Lily Adam - One Hive/recorders/willard/2024-08-07/1_11/240807_1016",103530.2854,103531.9109,"ambient_background"
"Lily Adam - One Hive/recorders/willard/2024-08-07/1_11/240807_1016",103531.9109,103533.8764,"ins_buzz_medium"
"Lily Adam - One Hive/recorders/willard/2024-08-07/1_11/240807_1016",103533.8764,103536.5415,"ambient_background"
"Lily Adam - One Hive/recorders/willard/2024-08-07/1_11/240807_1016",103536.5415,103537.1327,"ins_buzz_high"
"Lily Adam - One Hive/recorders/willard/2024-08-07/1_11/240807_1016",103537.1327,103537.9242,"ambient_background"
"Lily Adam - One Hive/recorders/willard/2024-08-07/1_11/240807_1016",103537.9242,103538.2217,"ambient_bang"
"Lily Adam - One Hive/recorders/willard/2024-08-07/1_11/240807_1016",103538.2217,103559.566,"ambient_background"
"Lily Adam - One Hive/recorders/willard/2024-08-07/1_11/240807_1016",103559.566,103560.008,"ins_buzz_high"
"Lily Adam - One Hive/recorders/willard/2024-08-07/1_11/240807_1016",103560.008,103561.65,"ins_buzz_high"
"Lily Adam - One Hive/recorders/willard/2024-08-07/1_11/240807_1016",103561.65,103563.083,"ambient_background"
"Lily Adam - One Hive/recorders/willard/2024-08-07/1_11/240807_1016",103563.083,103563.316,"ambient_bang"
"Lily Adam - One Hive/recorders/willard/2024-08-07/1_11/240807_1016",103563.316,103563.688,"ins_buzz_high"
"Lily Adam - One Hive/recorders/willard/2024-08-07/1_11/240807_1016",103563.688,103571.508,"ambient_background"
"Lily Adam - One Hive/recorders/willard/2024-08-07/1_11/240807_1016",103571.508,103572.581,"ins_buzz_high"
"Lily Adam - One Hive/recorders/willard/2024-08-07/1_11/240807_1016",103572.581,103585.627,"ambient_background"
"Lily Adam - One Hive/recorders/willard/2024-08-07/1_11/240807_1016",103585.627,103586.431,"ins_buzz_high"
"Lily Adam - One Hive/recorders/willard/2024-08-07/1_11/240807_1016",103586.431,103589.091,"ambient_background"
"Lily Adam - One Hive/recorders/willard/2024-08-07/1_11/240807_1016",103589.091,103589.367,"ambient_bang"
"Lily Adam - One Hive/recorders/willard/2024-08-07/1_11/240807_1016",103589.367,103590.493,"ambient_background"
"Lily Adam - One Hive/recorders/willard/2024-08-07/1_11/240807_1016",103590.493,103591.367,"ins_buzz_high"
"Lily Adam - One Hive/recorders/willard/2024-08-07/1_11/240807_1016",103591.367,103613.697,"ambient_background"
"Lily Adam - One Hive/recorders/willard/2024-08-07/1_11/240807_1016",103613.697,103614.504,"ins_buzz_high"
"Lily Adam - One Hive/recorders/willard/2024-08-07/1_11/240807_1016",103614.504,103614.897,"ambient_background"
"Lily Adam - One Hive/recorders/willard/2024-08-07/1_11/240807_1016",103614.897,103615.163,"ambient_bang"
"Lily Adam - One Hive/recorders/willard/2024-08-07/1_11/240807_1016",103615.163,103622.483,"ambient_background"
"Lily Adam - One Hive/recorders/willard/2024-08-07/1_11/240807_1016",103622.483,103623.036,"ins_buzz_high"
"Lily Adam - One Hive/recorders/willard/2024-08-07/1_11/240807_1016",103623.036,103623.333,"ambient_background"
"Lily Adam - One Hive/recorders/willard/2024-08-07/1_11/240807_1016",103623.333,103624.279,"ins_buzz_high"
"Lily Adam - One Hive/recorders/willard/2024-08-07/1_11/240807_1016",103624.279,103633.129,"ambient_background"
"Lily Adam - One Hive/recorders/willard/2024-08-07/1_11/240807_1016",103633.129,103633.557,"ins_buzz_high"
"Lily Adam - One Hive/recorders/willard/2024-08-07/1_11/240807_1016",103633.557,103635.785,"ambient_background"
"Lily Adam - One Hive/recorders/willard/2024-08-07/1_11/240807_1016",103635.785,103636.592,"ins_buzz_high"
"Lily Adam - One Hive/recorders/willard/2024-08-07/1_11/240807_1016",103636.592,103637.262,"ambient_background"
"Lily Adam - One Hive/recorders/willard/2024-08-07/1_11/240807_1016",103637.262,103637.963,"ins_buzz_high"
"Lily Adam - One Hive/recorders/willard/2024-08-07/1_11/240807_1016",103637.963,103641.171,"ambient_background"
"Lily Adam - One Hive/recorders/willard/2024-08-07/1_11/240807_1016",103641.171,103642.829,"ambient_scraping"
"Lily Adam - One Hive/recorders/willard/2024-08-07/1_11/240807_1016",103642.829,103644.178,"ambient_background"
"Lily Adam - One Hive/recorders/willard/2024-08-07/1_11/240807_1016",103644.178,103646.345,"mech_auto"
"Lily Adam - One Hive/recorders/willard/2024-08-07/1_11/240807_1016",103645.134,103649.766,"ambient_scraping"
"Lily Adam - One Hive/recorders/willard/2024-08-07/1_11/240807_1016",103649.766,103653.984,"ambient_background"
"Lily Adam - One Hive/recorders/willard/2024-08-07/1_11/240807_1016",103653.984,103654.314,"ins_buzz_high"
"Lily Adam - One Hive/recorders/willard/2024-08-07/1_11/240807_1016",103654.314,103656.136,"ambient_background"
"Lily Adam - One Hive/recorders/willard/2024-08-07/1_11/240807_1016",103656.136,103656.275,"ins_buzz_high"
"Lily Adam - One Hive/recorders/willard/2024-08-07/1_11/240807_1016",103656.275,103691.998,"ambient_background"
"Lily Adam - One Hive/recorders/willard/2024-08-07/1_11/240807_1016",103691.998,103692.402,"ambient_bang"
"Lily Adam - One Hive/recorders/willard/2024-08-07/1_11/240807_1016",103692.402,103692.625,"ambient_background"
"Lily Adam - One Hive/recorders/willard/2024-08-07/1_11/240807_1016",103692.625,103693.674,"ins_buzz_high"
"Lily Adam - One Hive/recorders/willard/2024-08-07/1_11/240807_1016",103693.674,103705.767,"ambient_background"
"Lily Adam - One Hive/recorders/willard/2024-08-07/1_11/240807_1016",103705.767,103710.697,"ambient_scraping"
"Lily Adam - One Hive/recorders/willard/2024-08-07/1_11/240807_1016",103710.697,103717.634,"ambient_background"
"Lily Adam - One Hive/recorders/willard/2024-08-07/1_11/240807_1016",103717.634,103717.943,"ambient_bang"
"Lily Adam - One Hive/recorders/willard/2024-08-07/1_11/240807_1016",103717.943,103740,"ambient_background"
"Lily Adam - One Hive/recorders/willard/2024-08-07/1_11/240807_1016",107040,107060.0103,"ambient_background"
"Lily Adam - One Hive/recorders/willard/2024-08-07/1_11/240807_1016",107060.0103,107060.2604,"ambient_bang"
"Lily Adam - One Hive/recorders/willard/2024-08-07/1_11/240807_1016",107060.2604,107063.0737,"ambient_background"
"Lily Adam - One Hive/recorders/willard/2024-08-07/1_11/240807_1016",107063.0737,107063.2177,"ins_buzz_high"
"Lily Adam - One Hive/recorders/willard/2024-08-07/1_11/240807_1016",107063.2177,107077.0458,"ambient_background"
"Lily Adam - One Hive/recorders/willard/2024-08-07/1_11/240807_1016",107077.0458,107077.6371,"ins_buzz_high"
"Lily Adam - One Hive/recorders/willard/2024-08-07/1_11/240807_1016",107077.6371,107080.9586,"ambient_background"
"Lily Adam - One Hive/recorders/willard/2024-08-07/1_11/240807_1016",107080.9586,107081.7011,"ins_buzz_high"
"Lily Adam - One Hive/recorders/willard/2024-08-07/1_11/240807_1016",107081.7011,107091.1781,"ambient_background"
"Lily Adam - One Hive/recorders/willard/2024-08-07/1_11/240807_1016",107091.1781,107092.1429,"ins_buzz_high"
"Lily Adam - One Hive/recorders/willard/2024-08-07/1_11/240807_1016",107092.1429,107096.8596,"ambient_background"
"Lily Adam - One Hive/recorders/willard/2024-08-07/1_11/240807_1016",107096.8596,107097.3509,"ins_buzz_high"
"Lily Adam - One Hive/recorders/willard/2024-08-07/1_11/240807_1016",107097.3509,107099.9594,"ambient_background"
"Lily Adam - One Hive/recorders/willard/2024-08-07/1_11/240807_1016",107099.9594,107101.5316,"ins_buzz_high"
"Lily Adam - One Hive/recorders/willard/2024-08-07/1_11/240807_1016",107101.5316,107112.3586,"ambient_background"
"Lily Adam - One Hive/recorders/willard/2024-08-07/1_11/240807_1016",107112.3586,107112.6534,"ambient_bang"
"Lily Adam - One Hive/recorders/willard/2024-08-07/1_11/240807_1016",107112.6534,107132.3332,"ambient_background"
"Lily Adam - One Hive/recorders/willard/2024-08-07/1_11/240807_1016",107132.3332,107132.6369,"ins_buzz_high"
"Lily Adam - One Hive/recorders/willard/2024-08-07/1_11/240807_1016",107132.6369,107145.567,"ambient_background"
"Lily Adam - One Hive/recorders/willard/2024-08-07/1_11/240807_1016",107145.567,107155.595,"mech_plane_prop"
"Lily Adam - One Hive/recorders/willard/2024-08-07/1_11/240807_1016",107150.689,107151.162,"ins_buzz_high"
"Lily Adam - One Hive/recorders/willard/2024-08-07/1_11/240807_1016",107155.595,107164.162,"ambient_background"
"Lily Adam - One Hive/recorders/willard/2024-08-07/1_11/240807_1016",107164.162,107164.555,"ambient_bang"
"Lily Adam - One Hive/recorders/willard/2024-08-07/1_11/240807_1016",107164.555,107187.104,"ambient_background"
"Lily Adam - One Hive/recorders/willard/2024-08-07/1_11/240807_1016",107187.104,107189.14,"ambient_scraping"
"Lily Adam - One Hive/recorders/willard/2024-08-07/1_11/240807_1016",107189.14,107190.436,"ambient_background"
"Lily Adam - One Hive/recorders/willard/2024-08-07/1_11/240807_1016",107190.436,107190.702,"ambient_bang"
"Lily Adam - One Hive/recorders/willard/2024-08-07/1_11/240807_1016",107190.702,107215.944,"ambient_background"
"Lily Adam - One Hive/recorders/willard/2024-08-07/1_11/240807_1016",107215.944,107216.178,"ambient_bang"
"Lily Adam - One Hive/recorders/willard/2024-08-07/1_11/240807_1016",107216.178,107241.951,"ambient_background"
"Lily Adam - One Hive/recorders/willard/2024-08-07/1_11/240807_1016",107241.951,107242.269,"ambient_bang"
"Lily Adam - One Hive/recorders/willard/2024-08-07/1_11/240807_1016",107242.269,107249.174,"ambient_background"
"Lily Adam - One Hive/recorders/willard/2024-08-07/1_11/240807_1016",107249.174,107251.299,"mech_auto_truck"
"Lily Adam - One Hive/recorders/willard/2024-08-07/1_11/240807_1016",107251.299,107267.351,"ambient_background"
"Lily Adam - One Hive/recorders/willard/2024-08-07/1_11/240807_1016",107267.351,107267.641,"ambient_bang"
"Lily Adam - One Hive/recorders/willard/2024-08-07/1_11/240807_1016",107267.641,107292.845,"ambient_background"
"Lily Adam - One Hive/recorders/willard/2024-08-07/1_11/240807_1016",107292.845,107293.135,"ambient_bang"
"Lily Adam - One Hive/recorders/willard/2024-08-07/1_11/240807_1016",107293.135,107319.274,"ambient_background"
"Lily Adam - One Hive/recorders/willard/2024-08-07/1_11/240807_1016",107319.274,107319.527,"ambient_bang"
"Lily Adam - One Hive/recorders/willard/2024-08-07/1_11/240807_1016",107319.527,107340,"ambient_background"
"Lily Adam - One Hive/recorders/willard/2024-08-07/1_11/240807_1016",110640,110654.8646,"ins_trill"
"Lily Adam - One Hive/recorders/willard/2024-08-07/1_11/240807_1016",110653.4918,110654.153,"ins_buzz_high"
"Lily Adam - One Hive/recorders/willard/2024-08-07/1_11/240807_1016",110654.3345,110654.4945,"ambient_bang"
"Lily Adam - One Hive/recorders/willard/2024-08-07/1_11/240807_1016",110654.8646,110675.5971,"ambient_background"
"Lily Adam - One Hive/recorders/willard/2024-08-07/1_11/240807_1016",110675.5971,110678.1258,"ins_buzz_high"
"Lily Adam - One Hive/recorders/willard/2024-08-07/1_11/240807_1016",110678.1258,110679.9453,"ambient_background"
"Lily Adam - One Hive/recorders/willard/2024-08-07/1_11/240807_1016",110679.9453,110680.1303,"ambient_bang"
"Lily Adam - One Hive/recorders/willard/2024-08-07/1_11/240807_1016",110680.1303,110687.7781,"ambient_background"
"Lily Adam - One Hive/recorders/willard/2024-08-07/1_11/240807_1016",110687.7781,110688.2509,"ins_buzz_high"
"Lily Adam - One Hive/recorders/willard/2024-08-07/1_11/240807_1016",110688.2509,110706.1574,"ambient_background"
"Lily Adam - One Hive/recorders/willard/2024-08-07/1_11/240807_1016",110706.1574,110706.291,"ambient_bang"
"Lily Adam - One Hive/recorders/willard/2024-08-07/1_11/240807_1016",110706.291,110732.1126,"ambient_background"
"Lily Adam - One Hive/recorders/willard/2024-08-07/1_11/240807_1016",110732.1126,110732.2873,"ambient_bang"
"Lily Adam - One Hive/recorders/willard/2024-08-07/1_11/240807_1016",110732.2873,110744.653,"ambient_background"
"Lily Adam - One Hive/recorders/willard/2024-08-07/1_11/240807_1016",110744.653,110745.321,"ins_buzz_high"
"Lily Adam - One Hive/recorders/willard/2024-08-07/1_11/240807_1016",110745.321,110757.807,"ambient_background"
"Lily Adam - One Hive/recorders/willard/2024-08-07/1_11/240807_1016",110757.807,110757.996,"ambient_bang"
"Lily Adam - One Hive/recorders/willard/2024-08-07/1_11/240807_1016",110757.851,110758.548,"ins_buzz_medium"
"Lily Adam - One Hive/recorders/willard/2024-08-07/1_11/240807_1016",110758.548,110758.665,"ambient_background"
"Lily Adam - One Hive/recorders/willard/2024-08-07/1_11/240807_1016",110758.665,110759.057,"ins_buzz_high"
"Lily Adam - One Hive/recorders/willard/2024-08-07/1_11/240807_1016",110759.057,110759.268,"ambient_background"
"Lily Adam - One Hive/recorders/willard/2024-08-07/1_11/240807_1016",110759.268,110759.696,"ins_buzz_medium"
"Lily Adam - One Hive/recorders/willard/2024-08-07/1_11/240807_1016",110759.696,110777.172,"ambient_background"
"Lily Adam - One Hive/recorders/willard/2024-08-07/1_11/240807_1016",110777.172,110777.925,"ins_buzz_medium"
"Lily Adam - One Hive/recorders/willard/2024-08-07/1_11/240807_1016",110777.925,110783.274,"ambient_background"
"Lily Adam - One Hive/recorders/willard/2024-08-07/1_11/240807_1016",110783.274,110783.543,"ambient_bang"
"Lily Adam - One Hive/recorders/willard/2024-08-07/1_11/240807_1016",110783.543,110800.601,"ambient_background"
"Lily Adam - One Hive/recorders/willard/2024-08-07/1_11/240807_1016",110800.601,110801.096,"ins_buzz_medium"
"Lily Adam - One Hive/recorders/willard/2024-08-07/1_11/240807_1016",110801.096,110804.073,"ambient_background"
"Lily Adam - One Hive/recorders/willard/2024-08-07/1_11/240807_1016",110804.073,110805.088,"ambient_scraping"
"Lily Adam - One Hive/recorders/willard/2024-08-07/1_11/240807_1016",110805.088,110808.828,"ambient_background"
"Lily Adam - One Hive/recorders/willard/2024-08-07/1_11/240807_1016",110808.828,110808.969,"ambient_bang"
"Lily Adam - One Hive/recorders/willard/2024-08-07/1_11/240807_1016",110808.969,110832.641,"ambient_background"
"Lily Adam - One Hive/recorders/willard/2024-08-07/1_11/240807_1016",110832.641,110832.861,"ins_buzz_medium"
"Lily Adam - One Hive/recorders/willard/2024-08-07/1_11/240807_1016",110832.861,110834.291,"ambient_background"
"Lily Adam - One Hive/recorders/willard/2024-08-07/1_11/240807_1016",110834.291,110834.576,"ambient_bang"
"Lily Adam - One Hive/recorders/willard/2024-08-07/1_11/240807_1016",110834.576,110859.743,"ambient_background"
"Lily Adam - One Hive/recorders/willard/2024-08-07/1_11/240807_1016",110859.743,110859.933,"ambient_bang"
"Lily Adam - One Hive/recorders/willard/2024-08-07/1_11/240807_1016",110859.933,110885.242,"ambient_background"
"Lily Adam - One Hive/recorders/willard/2024-08-07/1_11/240807_1016",110885.242,110885.354,"ambient_bang"
"Lily Adam - One Hive/recorders/willard/2024-08-07/1_11/240807_1016",110885.354,110936.022,"ambient_background"
"Lily Adam - One Hive/recorders/willard/2024-08-07/1_11/240807_1016",110936.022,110936.177,"ambient_bang"
"Lily Adam - One Hive/recorders/willard/2024-08-07/1_11/240807_1016",110936.177,110940,"ambient_background"
"Lily Adam - One Hive/recorders/willard/2024-08-07/1_11/240807_1016",114240,114245.81556,"ambient_background"
"Lily Adam - One Hive/recorders/willard/2024-08-07/1_11/240807_1016",114245.81556,114246.3894,"ambient_scraping"
"Lily Adam - One Hive/recorders/willard/2024-08-07/1_11/240807_1016",114246.3894,114249.01026,"ambient_background"
"Lily Adam - One Hive/recorders/willard/2024-08-07/1_11/240807_1016",114249.01026,114249.47276,"ambient_scraping"
"Lily Adam - One Hive/recorders/willard/2024-08-07/1_11/240807_1016",114249.47276,114272.5637,"ambient_background"
"Lily Adam - One Hive/recorders/willard/2024-08-07/1_11/240807_1016",114272.5637,114272.8549,"ambient_scraping"
"Lily Adam - One Hive/recorders/willard/2024-08-07/1_11/240807_1016",114272.8549,114284.4004,"ambient_background"
"Lily Adam - One Hive/recorders/willard/2024-08-07/1_11/240807_1016",114284.4004,114284.6316,"ambient_scraping"
"Lily Adam - One Hive/recorders/willard/2024-08-07/1_11/240807_1016",114284.6316,114286.2761,"ambient_background"
"Lily Adam - One Hive/recorders/willard/2024-08-07/1_11/240807_1016",114286.2761,114286.79,"ambient_scraping"
"Lily Adam - One Hive/recorders/willard/2024-08-07/1_11/240807_1016",114286.79,114288.1518,"ambient_background"
"Lily Adam - One Hive/recorders/willard/2024-08-07/1_11/240807_1016",114288.1518,114289.7706,"ambient_scraping"
"Lily Adam - One Hive/recorders/willard/2024-08-07/1_11/240807_1016",114289.7706,114295.0123,"ambient_background"
"Lily Adam - One Hive/recorders/willard/2024-08-07/1_11/240807_1016",114295.0123,114295.4833,"ambient_scraping"
"Lily Adam - One Hive/recorders/willard/2024-08-07/1_11/240807_1016",114295.4833,114295.8259,"ambient_background"
"Lily Adam - One Hive/recorders/willard/2024-08-07/1_11/240807_1016",114295.8259,114296.3227,"ambient_scraping"
"Lily Adam - One Hive/recorders/willard/2024-08-07/1_11/240807_1016",114296.3227,114297.1192,"ambient_background"
"Lily Adam - One Hive/recorders/willard/2024-08-07/1_11/240807_1016",114297.1192,114297.95,"ambient_scraping"
"Lily Adam - One Hive/recorders/willard/2024-08-07/1_11/240807_1016",114297.95,114298.9179,"ambient_background"
"Lily Adam - One Hive/recorders/willard/2024-08-07/1_11/240807_1016",114298.9179,114299.7572,"ambient_scraping"
"Lily Adam - One Hive/recorders/willard/2024-08-07/1_11/240807_1016",114299.7572,114302.9519,"ambient_background"
"Lily Adam - One Hive/recorders/willard/2024-08-07/1_11/240807_1016",114302.9519,114305.1188,"ambient_scraping"
"Lily Adam - One Hive/recorders/willard/2024-08-07/1_11/240807_1016",114305.1188,114306.1038,"ambient_background"
"Lily Adam - One Hive/recorders/willard/2024-08-07/1_11/240807_1016",114306.1038,114306.4635,"ambient_scraping"
"Lily Adam - One Hive/recorders/willard/2024-08-07/1_11/240807_1016",114306.4635,114329.0406,"ambient_background"
"Lily Adam - One Hive/recorders/willard/2024-08-07/1_11/240807_1016",114329.0406,114329.6829,"ambient_scraping"
"Lily Adam - One Hive/recorders/willard/2024-08-07/1_11/240807_1016",114329.6829,114334.1195,"ambient_background"
"Lily Adam - One Hive/recorders/willard/2024-08-07/1_11/240807_1016",114334.1195,114334.385,"ambient_scraping"
"Lily Adam - One Hive/recorders/willard/2024-08-07/1_11/240807_1016",114334.385,114338.0423,"ambient_background"
"Lily Adam - One Hive/recorders/willard/2024-08-07/1_11/240807_1016",114338.0423,114338.3848,"ambient_scraping"
"Lily Adam - One Hive/recorders/willard/2024-08-07/1_11/240807_1016",114338.3848,114343.584,"ambient_background"
"Lily Adam - One Hive/recorders/willard/2024-08-07/1_11/240807_1016",114343.584,114345.288,"ambient_rustle"
"Lily Adam - One Hive/recorders/willard/2024-08-07/1_11/240807_1016",114345.288,114358.983,"ambient_background"
"Lily Adam - One Hive/recorders/willard/2024-08-07/1_11/240807_1016",114358.983,114359.129,"ambient_scraping"
"Lily Adam - One Hive/recorders/willard/2024-08-07/1_11/240807_1016",114359.129,114359.651,"ambient_background"
"Lily Adam - One Hive/recorders/willard/2024-08-07/1_11/240807_1016",114359.651,114359.866,"ambient_scraping"
"Lily Adam - One Hive/recorders/willard/2024-08-07/1_11/240807_1016",114359.866,114371.959,"ambient_background"
"Lily Adam - One Hive/recorders/willard/2024-08-07/1_11/240807_1016",114371.959,114372.593,"ambient_rustle"
"Lily Adam - One Hive/recorders/willard/2024-08-07/1_11/240807_1016",114371.959,114372.593,"ambient_scraping"
"Lily Adam - One Hive/recorders/willard/2024-08-07/1_11/240807_1016",114372.593,114379.642,"ambient_background"
"Lily Adam - One Hive/recorders/willard/2024-08-07/1_11/240807_1016",114379.642,114380.464,"ambient_rustle"
"Lily Adam - One Hive/recorders/willard/2024-08-07/1_11/240807_1016",114380.464,114380.618,"ambient_background"
"Lily Adam - One Hive/recorders/willard/2024-08-07/1_11/240807_1016",114380.618,114381.732,"ambient_scraping"
"Lily Adam - One Hive/recorders/willard/2024-08-07/1_11/240807_1016",114381.732,114383.205,"ambient_background"
"Lily Adam - One Hive/recorders/willard/2024-08-07/1_11/240807_1016",114383.205,114383.436,"ambient_scraping"
"Lily Adam - One Hive/recorders/willard/2024-08-07/1_11/240807_1016",114383.436,114384.19,"ambient_background"
"Lily Adam - One Hive/recorders/willard/2024-08-07/1_11/240807_1016",114384.19,114387.367,"ambient_scraping"
"Lily Adam - One Hive/recorders/willard/2024-08-07/1_11/240807_1016",114387.367,114388.532,"ambient_background"
"Lily Adam - One Hive/recorders/willard/2024-08-07/1_11/240807_1016",114388.532,114389.492,"ambient_scraping"
"Lily Adam - One Hive/recorders/willard/2024-08-07/1_11/240807_1016",114389.492,114390.614,"ambient_background"
"Lily Adam - One Hive/recorders/willard/2024-08-07/1_11/240807_1016",114390.614,114393.714,"ambient_scraping"
"Lily Adam - One Hive/recorders/willard/2024-08-07/1_11/240807_1016",114393.714,114395.11,"ambient_background"
"Lily Adam - One Hive/recorders/willard/2024-08-07/1_11/240807_1016",114395.11,114397.954,"ambient_rustle"
"Lily Adam - One Hive/recorders/willard/2024-08-07/1_11/240807_1016",114395.598,114396.044,"ambient_scraping"
"Lily Adam - One Hive/recorders/willard/2024-08-07/1_11/240807_1016",114397.954,114407.581,"ambient_background"
"Lily Adam - One Hive/recorders/willard/2024-08-07/1_11/240807_1016",114407.581,114409.499,"ambient_rustle"
"Lily Adam - One Hive/recorders/willard/2024-08-07/1_11/240807_1016",114407.718,114408.882,"ambient_scraping"
"Lily Adam - One Hive/recorders/willard/2024-08-07/1_11/240807_1016",114409.499,114410.03,"ambient_background"
"Lily Adam - One Hive/recorders/willard/2024-08-07/1_11/240807_1016",114410.03,114414.089,"ambient_scraping"
"Lily Adam - One Hive/recorders/willard/2024-08-07/1_11/240807_1016",114414.089,114417.308,"ambient_background"
"Lily Adam - One Hive/recorders/willard/2024-08-07/1_11/240807_1016",114417.308,114419.793,"ambient_rustle"
"Lily Adam - One Hive/recorders/willard/2024-08-07/1_11/240807_1016",114418.041,114420.038,"ambient_scraping"
"Lily Adam - One Hive/recorders/willard/2024-08-07/1_11/240807_1016",114420.038,114426.862,"ambient_background"
"Lily Adam - One Hive/recorders/willard/2024-08-07/1_11/240807_1016",114426.862,114427.106,"ambient_scraping"
"Lily Adam - One Hive/recorders/willard/2024-08-07/1_11/240807_1016",114427.106,114434.949,"ambient_background"
"Lily Adam - One Hive/recorders/willard/2024-08-07/1_11/240807_1016",114434.949,114437.353,"ambient_scraping"
"Lily Adam - One Hive/recorders/willard/2024-08-07/1_11/240807_1016",114437.353,114443.912,"ambient_background"
"Lily Adam - One Hive/recorders/willard/2024-08-07/1_11/240807_1016",114443.912,114445.277,"ambient_scraping"
"Lily Adam - One Hive/recorders/willard/2024-08-07/1_11/240807_1016",114445.277,114470.557,"ambient_background"
"Lily Adam - One Hive/recorders/willard/2024-08-07/1_11/240807_1016",114470.557,114470.781,"ambient_bang"
"Lily Adam - One Hive/recorders/willard/2024-08-07/1_11/240807_1016",114470.781,114481.598,"ambient_background"
"Lily Adam - One Hive/recorders/willard/2024-08-07/1_11/240807_1016",114481.598,114483.411,"ambient_scraping"
"Lily Adam - One Hive/recorders/willard/2024-08-07/1_11/240807_1016",114483.411,114495.924,"ambient_background"
"Lily Adam - One Hive/recorders/willard/2024-08-07/1_11/240807_1016",114495.924,114496.072,"ambient_bang"
"Lily Adam - One Hive/recorders/willard/2024-08-07/1_11/240807_1016",114496.072,114522.097,"ambient_background"
"Lily Adam - One Hive/recorders/willard/2024-08-07/1_11/240807_1016",114522.097,114522.2,"ambient_bang"
"Lily Adam - One Hive/recorders/willard/2024-08-07/1_11/240807_1016",114522.2,114535.883,"ambient_background"
"Lily Adam - One Hive/recorders/willard/2024-08-07/1_11/240807_1016",114535.883,114536.259,"ambient_scraping"
"Lily Adam - One Hive/recorders/willard/2024-08-07/1_11/240807_1016",114536.259,114540,"ambient_background"
"Lily Adam - One Hive/recorders/willard/2024-08-07/1_11/240807_1016",117840,117846.19328,"ambient_background"
"Lily Adam - One Hive/recorders/willard/2024-08-07/1_11/240807_1016",117846.19328,117846.397,"ambient_scraping"
"Lily Adam - One Hive/recorders/willard/2024-08-07/1_11/240807_1016",117846.397,117906.0837,"ambient_background"
"Lily Adam - One Hive/recorders/willard/2024-08-07/1_11/240807_1016",117906.0837,117906.2992,"ins_buzz_high"
"Lily Adam - One Hive/recorders/willard/2024-08-07/1_11/240807_1016",117906.2992,117916.2898,"ambient_background"
"Lily Adam - One Hive/recorders/willard/2024-08-07/1_11/240807_1016",117916.2898,117916.8894,"ambient_scraping"
"Lily Adam - One Hive/recorders/willard/2024-08-07/1_11/240807_1016",117916.8894,117936.9587,"ambient_background"
"Lily Adam - One Hive/recorders/willard/2024-08-07/1_11/240807_1016",117936.9587,117937.357,"ambient_scraping"
"Lily Adam - One Hive/recorders/willard/2024-08-07/1_11/240807_1016",117937.357,117938.2692,"ambient_background"
"Lily Adam - One Hive/recorders/willard/2024-08-07/1_11/240807_1016",117938.2692,117938.8088,"ambient_scraping"
"Lily Adam - One Hive/recorders/willard/2024-08-07/1_11/240807_1016",117938.8088,117953.67,"ambient_background"
"Lily Adam - One Hive/recorders/willard/2024-08-07/1_11/240807_1016",117953.67,117953.803,"ins_buzz_high"
"Lily Adam - One Hive/recorders/willard/2024-08-07/1_11/240807_1016",117953.803,117968.977,"ambient_background"
"Lily Adam - One Hive/recorders/willard/2024-08-07/1_11/240807_1016",117968.977,117970.15,"ambient_scraping"
"Lily Adam - One Hive/recorders/willard/2024-08-07/1_11/240807_1016",117970.15,118031.026,"ambient_background"
"Lily Adam - One Hive/recorders/willard/2024-08-07/1_11/240807_1016",118031.026,118032.397,"ambient_scraping"
"Lily Adam - One Hive/recorders/willard/2024-08-07/1_11/240807_1016",118032.397,118080.866,"ambient_background"
"Lily Adam - One Hive/recorders/willard/2024-08-07/1_11/240807_1016",118080.866,118081.581,"ambient_scraping"
"Lily Adam - One Hive/recorders/willard/2024-08-07/1_11/240807_1016",118081.581,118081.906,"ambient_background"
"Lily Adam - One Hive/recorders/willard/2024-08-07/1_11/240807_1016",118081.906,118085.371,"ambient_scraping"
"Lily Adam - One Hive/recorders/willard/2024-08-07/1_11/240807_1016",118085.371,118121.439,"ambient_background"
"Lily Adam - One Hive/recorders/willard/2024-08-07/1_11/240807_1016",118121.439,118121.619,"ambient_bang"
"Lily Adam - One Hive/recorders/willard/2024-08-07/1_11/240807_1016",118121.619,118140,"ambient_background"
"Lily Adam - One Hive/recorders/willard/2024-08-07/1_11/240807_1016",121440,121740.004,"ins_trill"
"Lily Adam - One Hive/recorders/willard/2024-08-07/1_11/240807_1016",121440.314326,121440.910472,"ins_buzz_high"
"Lily Adam - One Hive/recorders/willard/2024-08-07/1_11/240807_1016",121443.10467,121443.42247,"ins_buzz_high"
"Lily Adam - One Hive/recorders/willard/2024-08-07/1_11/240807_1016",121451.6486,121452.6509,"ins_buzz_high"
"Lily Adam - One Hive/recorders/willard/2024-08-07/1_11/240807_1016",121459.4225,121459.9848,"ins_buzz_high"
"Lily Adam - One Hive/recorders/willard/2024-08-07/1_11/240807_1016",121473.8947,121474.6037,"ins_buzz_high"
"Lily Adam - One Hive/recorders/willard/2024-08-07/1_11/240807_1016",121482.2187,121482.7783,"ins_buzz_high"
"Lily Adam - One Hive/recorders/willard/2024-08-07/1_11/240807_1016",121487.2269,121489.0439,"ins_buzz_high"
"Lily Adam - One Hive/recorders/willard/2024-08-07/1_11/240807_1016",121522.3963,121523.4574,"ins_buzz_high"
"Lily Adam - One Hive/recorders/willard/2024-08-07/1_11/240807_1016",121536.8159,121537.8043,"ins_buzz_high"
"Lily Adam - One Hive/recorders/willard/2024-08-07/1_11/240807_1016",121615.282,121616.602,"mech_auto_truck"
"Lily Adam - One Hive/recorders/willard/2024-08-07/1_11/240807_1016",121622.73,121625.615,"mech_auto_truck"
"Lily Adam - One Hive/recorders/willard/2024-08-07/1_11/240807_1016",121635.399,121639.579,"mech_auto_truck"
"Lily Adam - One Hive/recorders/willard/2024-08-07/1_11/240807_1016",121646.253,121646.876,"ins_buzz_high"
"Lily Adam - One Hive/recorders/willard/2024-08-07/1_11/240807_1016",121647.373,121647.646,"ins_buzz_high"
"Lily Adam - One Hive/recorders/willard/2024-08-07/1_11/240807_1016",121647.842,121651.289,"mech_auto_truck"
"Lily Adam - One Hive/recorders/willard/2024-08-07/1_11/240807_1016",121656.716,121657.657,"mech_auto_truck"
"Lily Adam - One Hive/recorders/willard/2024-08-07/1_11/240807_1016",121725.099,121725.52,"ins_buzz_high"
"Lily Adam - One Hive/recorders/willard/2024-08-07/1_11/240807_1016",121726.632,121727.032,"ins_buzz_high"
"Lily Adam - One Hive/recorders/willard/2024-08-07/1_11/240807_1016",71040,71107.4151,"ins_trill"
"Lily Adam - One Hive/recorders/willard/2024-08-07/1_11/240807_1016",71067.0676,71072.2846,"mech_auto_truck"
"Lily Adam - One Hive/recorders/willard/2024-08-07/1_11/240807_1016",71073.7139,71079.4311,"mech_auto_truck"
"Lily Adam - One Hive/recorders/willard/2024-08-07/1_11/240807_1016",71107.4151,71281.703,"ambient_background"
"Lily Adam - One Hive/recorders/willard/2024-08-07/1_11/240807_1016",71281.703,71300.4,"mech_auto_truck"
"Lily Adam - One Hive/recorders/willard/2024-08-07/1_11/240807_1016",71300.4,71330.146,"ambient_background"
"Lily Adam - One Hive/recorders/willard/2024-08-07/1_11/240807_1016",71330.146,71336.435,"mech_auto_truck"
"Lily Adam - One Hive/recorders/willard/2024-08-07/1_11/240807_1016",71336.435,71340,"ambient_background"
"Lily Adam - One Hive/recorders/willard/2024-08-07/1_11/240807_1016",74640,74660.2405,"ambient_background"
"Lily Adam - One Hive/recorders/willard/2024-08-07/1_11/240807_1016",74660.2405,74666.6232,"ins_buzz_high"
"Lily Adam - One Hive/recorders/willard/2024-08-07/1_11/240807_1016",74666.6232,74686.0498,"ambient_background"
"Lily Adam - One Hive/recorders/willard/2024-08-07/1_11/240807_1016",74686.0498,74688.9841,"ins_buzz_medium"
"Lily Adam - One Hive/recorders/willard/2024-08-07/1_11/240807_1016",74688.9841,74692.5157,"ambient_background"
"Lily Adam - One Hive/recorders/willard/2024-08-07/1_11/240807_1016",74692.5157,74693.0888,"ins_buzz_medium"
"Lily Adam - One Hive/recorders/willard/2024-08-07/1_11/240807_1016",74693.127,74693.751,"ins_buzz_high"
"Lily Adam - One Hive/recorders/willard/2024-08-07/1_11/240807_1016",74693.751,74695.0946,"ins_buzz_medium"
"Lily Adam - One Hive/recorders/willard/2024-08-07/1_11/240807_1016",74695.0946,74732.4662,"ambient_background"
"Lily Adam - One Hive/recorders/willard/2024-08-07/1_11/240807_1016",74732.4662,74733.3514,"ins_buzz_medium"
"Lily Adam - One Hive/recorders/willard/2024-08-07/1_11/240807_1016",74733.3514,74763.827,"ambient_background"
"Lily Adam - One Hive/recorders/willard/2024-08-07/1_11/240807_1016",74763.827,74764.789,"ins_buzz_medium"
"Lily Adam - One Hive/recorders/willard/2024-08-07/1_11/240807_1016",74764.789,74769.616,"ambient_background"
"Lily Adam - One Hive/recorders/willard/2024-08-07/1_11/240807_1016",74769.616,74798.783,"mech_auto_truck"
"Lily Adam - One Hive/recorders/willard/2024-08-07/1_11/240807_1016",74798.783,74814.412,"ambient_background"
"Lily Adam - One Hive/recorders/willard/2024-08-07/1_11/240807_1016",74814.412,74823.317,"mech_plane_jet"
"Lily Adam - One Hive/recorders/willard/2024-08-07/1_11/240807_1016",74823.317,74831.558,"ambient_background"
"Lily Adam - One Hive/recorders/willard/2024-08-07/1_11/240807_1016",74831.558,74835.596,"ins_buzz_medium"
"Lily Adam - One Hive/recorders/willard/2024-08-07/1_11/240807_1016",74835.596,74861.473,"ambient_background"
"Lily Adam - One Hive/recorders/willard/2024-08-07/1_11/240807_1016",74861.473,74864.129,"ins_buzz_low"
"Lily Adam - One Hive/recorders/willard/2024-08-07/1_11/240807_1016",74864.129,74876.278,"ambient_background"
"Lily Adam - One Hive/recorders/willard/2024-08-07/1_11/240807_1016",74876.278,74876.728,"ins_buzz_medium"
"Lily Adam - One Hive/recorders/willard/2024-08-07/1_11/240807_1016",74876.728,74884.812,"ambient_background"
"Lily Adam - One Hive/recorders/willard/2024-08-07/1_11/240807_1016",74884.812,74885.99,"ins_buzz_medium"
"Lily Adam - One Hive/recorders/willard/2024-08-07/1_11/240807_1016",74885.99,74918.316,"ambient_background"
"Lily Adam - One Hive/recorders/willard/2024-08-07/1_11/240807_1016",74918.316,74919.373,"ins_buzz_medium"
"Lily Adam - One Hive/recorders/willard/2024-08-07/1_11/240807_1016",74919.131,74920.105,"ins_buzz_low"
"Lily Adam - One Hive/recorders/willard/2024-08-07/1_11/240807_1016",74920.105,74935.389,"ambient_background"
"Lily Adam - One Hive/recorders/willard/2024-08-07/1_11/240807_1016",74935.389,74939.69,"mech_auto_truck"
"Lily Adam - One Hive/recorders/willard/2024-08-07/1_11/240807_1016",74939.69,74940,"ambient_background"
"Lily Adam - One Hive/recorders/willard/2024-08-07/1_11/240807_1016",78240,78266.8867,"ambient_background"
"Lily Adam - One Hive/recorders/willard/2024-08-07/1_11/240807_1016",78266.8867,78268.0499,"ins_buzz_low"
"Lily Adam - One Hive/recorders/willard/2024-08-07/1_11/240807_1016",78268.0499,78283.4927,"ambient_background"
"Lily Adam - One Hive/recorders/willard/2024-08-07/1_11/240807_1016",78283.4927,78285.0095,"ins_buzz_low"
"Lily Adam - One Hive/recorders/willard/2024-08-07/1_11/240807_1016",78285.0095,78322.8605,"ambient_background"
"Lily Adam - One Hive/recorders/willard/2024-08-07/1_11/240807_1016",78322.8605,78323.4608,"ins_buzz_low"
"Lily Adam - One Hive/recorders/willard/2024-08-07/1_11/240807_1016",78323.4608,78324.3537,"ins_buzz_low"
"Lily Adam - One Hive/recorders/willard/2024-08-07/1_11/240807_1016",78324.3537,78325.4117,"ins_buzz_low"
"Lily Adam - One Hive/recorders/willard/2024-08-07/1_11/240807_1016",78325.4117,78341.319,"ambient_background"
"Lily Adam - One Hive/recorders/willard/2024-08-07/1_11/240807_1016",78341.319,78342.347,"ins_buzz_low"
"Lily Adam - One Hive/recorders/willard/2024-08-07/1_11/240807_1016",78342.347,78370.5,"ambient_background"
"Lily Adam - One Hive/recorders/willard/2024-08-07/1_11/240807_1016",78370.5,78371.516,"ins_buzz_low"
"Lily Adam - One Hive/recorders/willard/2024-08-07/1_11/240807_1016",78371.516,78379.964,"ambient_background"
"Lily Adam - One Hive/recorders/willard/2024-08-07/1_11/240807_1016",78379.964,78381.222,"ins_buzz_low"
"Lily Adam - One Hive/recorders/willard/2024-08-07/1_11/240807_1016",78381.222,78382.291,"ins_buzz_medium"
"Lily Adam - One Hive/recorders/willard/2024-08-07/1_11/240807_1016",78382.291,78389.953,"ambient_background"
"Lily Adam - One Hive/recorders/willard/2024-08-07/1_11/240807_1016",78389.953,78392.429,"ins_buzz_low"
"Lily Adam - One Hive/recorders/willard/2024-08-07/1_11/240807_1016",78392.429,78401.377,"ambient_background"
"Lily Adam - One Hive/recorders/willard/2024-08-07/1_11/240807_1016",78401.377,78401.579,"ins_buzz_medium"
"Lily Adam - One Hive/recorders/willard/2024-08-07/1_11/240807_1016",78401.579,78404.807,"ambient_background"
"Lily Adam - One Hive/recorders/willard/2024-08-07/1_11/240807_1016",78404.807,78405.679,"ins_buzz_medium"
"Lily Adam - One Hive/recorders/willard/2024-08-07/1_11/240807_1016",78405.679,78406.143,"ambient_background"
"Lily Adam - One Hive/recorders/willard/2024-08-07/1_11/240807_1016",78406.143,78407.652,"ins_buzz_low"
"Lily Adam - One Hive/recorders/willard/2024-08-07/1_11/240807_1016",78407.652,78419.677,"ambient_background"
"Lily Adam - One Hive/recorders/willard/2024-08-07/1_11/240807_1016",78419.677,78420.926,"ins_buzz_low"
"Lily Adam - One Hive/recorders/willard/2024-08-07/1_11/240807_1016",78420.926,78436.88,"ambient_background"
"Lily Adam - One Hive/recorders/willard/2024-08-07/1_11/240807_1016",78436.88,78438.334,"ins_buzz_medium"
"Lily Adam - One Hive/recorders/willard/2024-08-07/1_11/240807_1016",78438.35,78439.403,"ins_buzz_medium"
"Lily Adam - One Hive/recorders/willard/2024-08-07/1_11/240807_1016",78439.403,78445.204,"ambient_background"
"Lily Adam - One Hive/recorders/willard/2024-08-07/1_11/240807_1016",78445.204,78447.103,"ins_buzz_medium"
"Lily Adam - One Hive/recorders/willard/2024-08-07/1_11/240807_1016",78447.103,78451.467,"ambient_background"
"Lily Adam - One Hive/recorders/willard/2024-08-07/1_11/240807_1016",78451.467,78451.905,"ins_buzz_medium"
"Lily Adam - One Hive/recorders/willard/2024-08-07/1_11/240807_1016",78451.905,78452.756,"ambient_background"
"Lily Adam - One Hive/recorders/willard/2024-08-07/1_11/240807_1016",78452.756,78454.696,"ins_buzz_low"
"Lily Adam - One Hive/recorders/willard/2024-08-07/1_11/240807_1016",78454.696,78477.324,"ambient_background"
"Lily Adam - One Hive/recorders/willard/2024-08-07/1_11/240807_1016",78477.324,78477.497,"ambient_bang"
"Lily Adam - One Hive/recorders/willard/2024-08-07/1_11/240807_1016",78477.497,78515.292,"ambient_background"
"Lily Adam - One Hive/recorders/willard/2024-08-07/1_11/240807_1016",78515.292,78515.488,"ambient_bang"
"Lily Adam - One Hive/recorders/willard/2024-08-07/1_11/240807_1016",78515.488,78527.418,"ambient_background"
"Lily Adam - One Hive/recorders/willard/2024-08-07/1_11/240807_1016",78527.418,78528.207,"ins_buzz_medium"
"Lily Adam - One Hive/recorders/willard/2024-08-07/1_11/240807_1016",78528.207,78528.778,"ins_buzz_medium"
"Lily Adam - One Hive/recorders/willard/2024-08-07/1_11/240807_1016",78528.778,78529.58,"ins_buzz_medium"
"Lily Adam - One Hive/recorders/willard/2024-08-07/1_11/240807_1016",78529.58,78532.417,"ambient_background"
"Lily Adam - One Hive/recorders/willard/2024-08-07/1_11/240807_1016",78532.417,78533.281,"ins_buzz_medium"
"Lily Adam - One Hive/recorders/willard/2024-08-07/1_11/240807_1016",78533.281,78538.248,"ambient_background"
"Lily Adam - One Hive/recorders/willard/2024-08-07/1_11/240807_1016",78538.248,78540.04,"ins_buzz_low"
"Lily Adam - One Hive/recorders/willard/2024-08-07/1_11/240807_1016",81840,81860.4306,"ambient_background"
"Lily Adam - One Hive/recorders/willard/2024-08-07/1_11/240807_1016",81860.4306,81860.6288,"ambient_bang"
"Lily Adam - One Hive/recorders/willard/2024-08-07/1_11/240807_1016",81860.6288,81884.3583,"ambient_background"
"Lily Adam - One Hive/recorders/willard/2024-08-07/1_11/240807_1016",81884.3583,81885.117,"ins_buzz_low"
"Lily Adam - One Hive/recorders/willard/2024-08-07/1_11/240807_1016",81885.117,81885.4569,"ambient_background"
"Lily Adam - One Hive/recorders/willard/2024-08-07/1_11/240807_1016",81885.4569,81886.4369,"ins_buzz_low"
"Lily Adam - One Hive/recorders/willard/2024-08-07/1_11/240807_1016",81886.4369,81886.8259,"ambient_background"
"Lily Adam - One Hive/recorders/willard/2024-08-07/1_11/240807_1016",81886.8259,81887.0223,"ambient_bang"
"Lily Adam - One Hive/recorders/willard/2024-08-07/1_11/240807_1016",81887.0223,81892.4827,"ambient_background"
"Lily Adam - One Hive/recorders/willard/2024-08-07/1_11/240807_1016",81892.4827,81892.7053,"human"
"Lily Adam - One Hive/recorders/willard/2024-08-07/1_11/240807_1016",81892.7053,81899.9072,"ambient_background"
"Lily Adam - One Hive/recorders/willard/2024-08-07/1_11/240807_1016",81899.9072,81901.8321,"human"
"Lily Adam - One Hive/recorders/willard/2024-08-07/1_11/240807_1016",81901.8321,81905.0859,"ambient_background"
"Lily Adam - One Hive/recorders/willard/2024-08-07/1_11/240807_1016",81905.0859,81905.9158,"ins_buzz_low"
"Lily Adam - One Hive/recorders/willard/2024-08-07/1_11/240807_1016",81905.9158,81906.1766,"ambient_background"
"Lily Adam - One Hive/recorders/willard/2024-08-07/1_11/240807_1016",81906.1766,81907.1962,"ins_buzz_low"
"Lily Adam - One Hive/recorders/willard/2024-08-07/1_11/240807_1016",81907.1962,81913.9946,"ambient_background"
"Lily Adam - One Hive/recorders/willard/2024-08-07/1_11/240807_1016",81913.9946,81964.148,"mech_auto"
"Lily Adam - One Hive/recorders/willard/2024-08-07/1_11/240807_1016",81913.9946,81992.648,"ins_trill"
"Lily Adam - One Hive/recorders/willard/2024-08-07/1_11/240807_1016",81933.5993,81934.7124,"ins_buzz_low"
"Lily Adam - One Hive/recorders/willard/2024-08-07/1_11/240807_1016",81965.915,81966.354,"ambient_bang"
"Lily Adam - One Hive/recorders/willard/2024-08-07/1_11/240807_1016",81992.648,81994.16,"ambient_background"
"Lily Adam - One Hive/recorders/willard/2024-08-07/1_11/240807_1016",81994.16,82070.44,"ins_trill"
"Lily Adam - One Hive/recorders/willard/2024-08-07/1_11/240807_1016",82005.45,82006.589,"ins_buzz_low"
"Lily Adam - One Hive/recorders/willard/2024-08-07/1_11/240807_1016",82019.04,82045.413,"mech_auto"
"Lily Adam - One Hive/recorders/willard/2024-08-07/1_11/240807_1016",82029.49,82031.127,"ins_buzz_low"
"Lily Adam - One Hive/recorders/willard/2024-08-07/1_11/240807_1016",82044.284,82044.372,"ambient_bang"
"Lily Adam - One Hive/recorders/willard/2024-08-07/1_11/240807_1016",82044.6,82045.232,"ins_buzz_low"
"Lily Adam - One Hive/recorders/willard/2024-08-07/1_11/240807_1016",82062.449,82063.863,"ins_buzz_low"
"Lily Adam - One Hive/recorders/willard/2024-08-07/1_11/240807_1016",82070.44,82074.128,"ambient_background"
"Lily Adam - One Hive/recorders/willard/2024-08-07/1_11/240807_1016",82074.128,82075.098,"ins_buzz_low"
"Lily Adam - One Hive/recorders/willard/2024-08-07/1_11/240807_1016",82075.098,82076.554,"ambient_background"
"Lily Adam - One Hive/recorders/willard/2024-08-07/1_11/240807_1016",82076.554,82077.521,"ins_buzz_low"
"Lily Adam - One Hive/recorders/willard/2024-08-07/1_11/240807_1016",82077.521,82088.828,"ambient_background"
"Lily Adam - One Hive/recorders/willard/2024-08-07/1_11/240807_1016",82088.828,82089.751,"ins_buzz_low"
"Lily Adam - One Hive/recorders/willard/2024-08-07/1_11/240807_1016",82089.751,82102.328,"ambient_background"
"Lily Adam - One Hive/recorders/willard/2024-08-07/1_11/240807_1016",82102.328,82140.03,"ins_trill"
"Lily Adam - One Hive/recorders/willard/2024-08-07/1_11/240807_1016",82103.3,82104.295,"ins_buzz_low"
"Lily Adam - One Hive/recorders/willard/2024-08-07/1_11/240807_1016",82106.001,82107.527,"human"
"Lily Adam - One Hive/recorders/willard/2024-08-07/1_11/240807_1016",82123.561,82124.491,"ins_buzz_low"
"Lily Adam - One Hive/recorders/willard/2024-08-07/1_11/240807_1016",82136.21,82138.048,"human"
"Lily Adam - One Hive/recorders/willard/2024-08-07/1_11/240807_1016",85440,85480.3491,"ambient_background"
"Lily Adam - One Hive/recorders/willard/2024-08-07/1_11/240807_1016",85480.3491,85481.3236,"ins_buzz_low"
"Lily Adam - One Hive/recorders/willard/2024-08-07/1_11/240807_1016",85481.3236,85508.9588,"ambient_background"
"Lily Adam - One Hive/recorders/willard/2024-08-07/1_11/240807_1016",85508.9588,85509.5383,"ins_buzz_medium"
"Lily Adam - One Hive/recorders/willard/2024-08-07/1_11/240807_1016",85509.5383,85509.7974,"ambient_background"
"Lily Adam - One Hive/recorders/willard/2024-08-07/1_11/240807_1016",85509.7974,85510.937,"ambient_scraping"
"Lily Adam - One Hive/recorders/willard/2024-08-07/1_11/240807_1016",85510.937,85512.0687,"ambient_background"
"Lily Adam - One Hive/recorders/willard/2024-08-07/1_11/240807_1016",85512.0687,85512.4145,"ambient_scraping"
"Lily Adam - One Hive/recorders/willard/2024-08-07/1_11/240807_1016",85512.4145,85512.6817,"ambient_background"
"Lily Adam - One Hive/recorders/willard/2024-08-07/1_11/240807_1016",85512.6817,85513.2083,"ambient_scraping"
"Lily Adam - One Hive/recorders/willard/2024-08-07/1_11/240807_1016",85513.2083,85514.0571,"ambient_background"
"Lily Adam - One Hive/recorders/willard/2024-08-07/1_11/240807_1016",85514.0571,85514.285,"ambient_scraping"
"Lily Adam - One Hive/recorders/willard/2024-08-07/1_11/240807_1016",85514.285,85525.6231,"ambient_background"
"Lily Adam - One Hive/recorders/willard/2024-08-07/1_11/240807_1016",85525.6231,85526.436,"ins_buzz_low"
"Lily Adam - One Hive/recorders/willard/2024-08-07/1_11/240807_1016",85526.436,85557.755,"ambient_background"
"Lily Adam - One Hive/recorders/willard/2024-08-07/1_11/240807_1016",85557.755,85558.878,"ins_buzz_low"
"Lily Adam - One Hive/recorders/willard/2024-08-07/1_11/240807_1016",85558.878,85587.905,"ambient_background"
"Lily Adam - One Hive/recorders/willard/2024-08-07/1_11/240807_1016",85587.905,85590.839,"mech_auto"
"Lily Adam - One Hive/recorders/willard/2024-08-07/1_11/240807_1016",85590.839,85594.334,"ambient_background"
"Lily Adam - One Hive/recorders/willard/2024-08-07/1_11/240807_1016",85594.334,85595.034,"ins_buzz_low"
"Lily Adam - One Hive/recorders/willard/2024-08-07/1_11/240807_1016",85595.034,85599.02,"ambient_background"
"Lily Adam - One Hive/recorders/willard/2024-08-07/1_11/240807_1016",85599.02,85601.598,"mech_auto"
"Lily Adam - One Hive/recorders/willard/2024-08-07/1_11/240807_1016",85601.598,85609.69,"ambient_background"
"Lily Adam - One Hive/recorders/willard/2024-08-07/1_11/240807_1016",85609.69,85667.485,"mech_auto"
"Lily Adam - One Hive/recorders/willard/2024-08-07/1_11/240807_1016",85648.08,85649.487,"ins_buzz_low"
"Lily Adam - One Hive/recorders/willard/2024-08-07/1_11/240807_1016",85667.485,85669.135,"ambient_background"
"Lily Adam - One Hive/recorders/willard/2024-08-07/1_11/240807_1016",85669.135,85670.455,"mech_auto_truck"
"Lily Adam - One Hive/recorders/willard/2024-08-07/1_11/240807_1016",85670.455,85673.485,"ambient_background"
"Lily Adam - One Hive/recorders/willard/2024-08-07/1_11/240807_1016",85673.485,85694.765,"mech_auto"
"Lily Adam - One Hive/recorders/willard/2024-08-07/1_11/240807_1016",85675.165,85676.532,"ins_buzz_medium"
"Lily Adam - One Hive/recorders/willard/2024-08-07/1_11/240807_1016",85693.096,85693.926,"ins_buzz_medium"
"Lily Adam - One Hive/recorders/willard/2024-08-07/1_11/240807_1016",85694.765,85721.104,"ambient_background"
"Lily Adam - One Hive/recorders/willard/2024-08-07/1_11/240807_1016",85721.104,85722.168,"ins_buzz_medium"
"Lily Adam - One Hive/recorders/willard/2024-08-07/1_11/240807_1016",85722.168,85740,"ambient_background"
"Lily Adam - One Hive/recorders/willard/2024-08-07/1_11/240807_1016",89040,89054.8991,"ambient_background"
"Lily Adam - One Hive/recorders/willard/2024-08-07/1_11/240807_1016",89054.8991,89055.5593,"ins_buzz_high"
"Lily Adam - One Hive/recorders/willard/2024-08-07/1_11/240807_1016",89055.5593,89072.6265,"ambient_background"
"Lily Adam - One Hive/recorders/willard/2024-08-07/1_11/240807_1016",89072.6265,89073.0267,"ins_buzz_high"
"Lily Adam - One Hive/recorders/willard/2024-08-07/1_11/240807_1016",89073.0267,89078.2555,"ambient_background"
"Lily Adam - One Hive/recorders/willard/2024-08-07/1_11/240807_1016",89078.2555,89079.3063,"ins_buzz_medium"
"Lily Adam - One Hive/recorders/willard/2024-08-07/1_11/240807_1016",89079.3064,89080.8732,"ins_buzz_medium"
"Lily Adam - One Hive/recorders/willard/2024-08-07/1_11/240807_1016",89080.8732,89107.9154,"ambient_background"
"Lily Adam - One Hive/recorders/willard/2024-08-07/1_11/240807_1016",89107.9154,89108.5136,"ins_buzz_high"
"Lily Adam - One Hive/recorders/willard/2024-08-07/1_11/240807_1016",89108.5136,89119.4761,"ambient_background"
"Lily Adam - One Hive/recorders/willard/2024-08-07/1_11/240807_1016",89119.4761,89119.8651,"ins_buzz_medium"
"Lily Adam - One Hive/recorders/willard/2024-08-07/1_11/240807_1016",89119.8651,89127.1791,"ambient_background"
"Lily Adam - One Hive/recorders/willard/2024-08-07/1_11/240807_1016",89127.1791,89127.6682,"ambient_bang"
"Lily Adam - One Hive/recorders/willard/2024-08-07/1_11/240807_1016",89127.6682,89138.3797,"ambient_background"
"Lily Adam - One Hive/recorders/willard/2024-08-07/1_11/240807_1016",89138.3797,89140.536,"ins_buzz_medium"
"Lily Adam - One Hive/recorders/willard/2024-08-07/1_11/240807_1016",89140.536,89141.274,"ambient_background"
"Lily Adam - One Hive/recorders/willard/2024-08-07/1_11/240807_1016",89141.274,89142.096,"ins_buzz_medium"
"Lily Adam - One Hive/recorders/willard/2024-08-07/1_11/240807_1016",89142.096,89143.21,"ambient_background"
"Lily Adam - One Hive/recorders/willard/2024-08-07/1_11/240807_1016",89143.21,89143.89,"ins_buzz_medium"
"Lily Adam - One Hive/recorders/willard/2024-08-07/1_11/240807_1016",89143.89,89144.609,"ins_buzz_medium"
"Lily Adam - One Hive/recorders/willard/2024-08-07/1_11/240807_1016",89144.609,89145.328,"ins_buzz_medium"
"Lily Adam - One Hive/recorders/willard/2024-08-07/1_11/240807_1016",89145.328,89153.234,"ambient_background"
"Lily Adam - One Hive/recorders/willard/2024-08-07/1_11/240807_1016",89153.234,89153.645,"ambient_bang"
"Lily Adam - One Hive/recorders/willard/2024-08-07/1_11/240807_1016",89153.645,89157.669,"ambient_background"
"Lily Adam - One Hive/recorders/willard/2024-08-07/1_11/240807_1016",89157.669,89158.136,"ins_buzz_medium"
"Lily Adam - One Hive/recorders/willard/2024-08-07/1_11/240807_1016",89158.136,89165.026,"ambient_background"
"Lily Adam - One Hive/recorders/willard/2024-08-07/1_11/240807_1016",89165.026,89165.848,"ins_buzz_low"
"Lily Adam - One Hive/recorders/willard/2024-08-07/1_11/240807_1016",89165.848,89198.976,"ambient_background"
"Lily Adam - One Hive/recorders/willard/2024-08-07/1_11/240807_1016",89198.976,89200.099,"ins_buzz_low"
"Lily Adam - One Hive/recorders/willard/2024-08-07/1_11/240807_1016",89200.099,89217.453,"ambient_background"
"Lily Adam - One Hive/recorders/willard/2024-08-07/1_11/240807_1016",89217.453,89218.271,"ins_buzz_medium"
"Lily Adam - One Hive/recorders/willard/2024-08-07/1_11/240807_1016",89218.271,89220.746,"ambient_background"
"Lily Adam - One Hive/recorders/willard/2024-08-07/1_11/240807_1016",89220.746,89222.181,"ins_buzz_medium"
"Lily Adam - One Hive/recorders/willard/2024-08-07/1_11/240807_1016",89222.181,89232.966,"ambient_background"
"Lily Adam - One Hive/recorders/willard/2024-08-07/1_11/240807_1016",89232.966,89234.255,"ins_buzz_medium"
"Lily Adam - One Hive/recorders/willard/2024-08-07/1_11/240807_1016",89234.255,89256.495,"ambient_background"
"Lily Adam - One Hive/recorders/willard/2024-08-07/1_11/240807_1016",89256.495,89257.954,"ins_buzz_low"
"Lily Adam - One Hive/recorders/willard/2024-08-07/1_11/240807_1016",89257.954,89266.89,"ambient_background"
"Lily Adam - One Hive/recorders/willard/2024-08-07/1_11/240807_1016",89266.89,89267.535,"ins_buzz_high"
"Lily Adam - One Hive/recorders/willard/2024-08-07/1_11/240807_1016",89267.535,89275.395,"ambient_background"
"Lily Adam - One Hive/recorders/willard/2024-08-07/1_11/240807_1016",89275.395,89314.428,"mech_plane_prop"
"Lily Adam - One Hive/recorders/willard/2024-08-07/1_11/240807_1016",89283.23,89291.022,"ambient_rustle"
"Lily Adam - One Hive/recorders/willard/2024-08-07/1_11/240807_1016",89312.142,89312.775,"human"
"Lily Adam - One Hive/recorders/willard/2024-08-07/1_11/240807_1016",89314.428,89324.724,"ambient_background"
"Lily Adam - One Hive/recorders/willard/2024-08-07/1_11/240807_1016",89324.724,89325.669,"ins_buzz_medium"
"Lily Adam - One Hive/recorders/willard/2024-08-07/1_11/240807_1016",89325.669,89327.537,"ambient_background"
"Lily Adam - One Hive/recorders/willard/2024-08-07/1_11/240807_1016",89327.537,89328.804,"ins_buzz_medium"
"Lily Adam - One Hive/recorders/willard/2024-08-07/1_11/240807_1016",89328.804,89334.673,"ambient_background"
"Lily Adam - One Hive/recorders/willard/2024-08-07/1_11/240807_1016",89334.673,89335.106,"ambient_bang"
"Lily Adam - One Hive/recorders/willard/2024-08-07/1_11/240807_1016",89335.106,89337.663,"ambient_background"
"Lily Adam - One Hive/recorders/willard/2024-08-07/1_11/240807_1016",89337.663,89338.296,"ins_buzz_medium"
"Lily Adam - One Hive/recorders/willard/2024-08-07/1_11/240807_1016",89338.296,89340,"ambient_background"
"Lily Adam - One Hive/recorders/willard/2024-08-07/1_11/240807_1016",92640,92654.0099,"ambient_background"
"Lily Adam - One Hive/recorders/willard/2024-08-07/1_11/240807_1016",92654.0099,92654.5239,"ins_buzz_high"
"Lily Adam - One Hive/recorders/willard/2024-08-07/1_11/240807_1016",92654.5239,92664.5285,"ambient_background"
"Lily Adam - One Hive/recorders/willard/2024-08-07/1_11/240807_1016",92664.5285,92665.3569,"ambient_bang"
"Lily Adam - One Hive/recorders/willard/2024-08-07/1_11/240807_1016",92665.3569,92671.3788,"ambient_background"
"Lily Adam - One Hive/recorders/willard/2024-08-07/1_11/240807_1016",92671.3788,92671.9142,"ins_buzz_high"
"Lily Adam - One Hive/recorders/willard/2024-08-07/1_11/240807_1016",92671.9142,92682.0694,"ambient_background"
"Lily Adam - One Hive/recorders/willard/2024-08-07/1_11/240807_1016",92682.0694,92684.0144,"mech_auto_train"
"Lily Adam - One Hive/recorders/willard/2024-08-07/1_11/240807_1016",92684.0144,92685.8063,"ambient_background"
"Lily Adam - One Hive/recorders/willard/2024-08-07/1_11/240807_1016",92685.8063,92714.0258,"ins_trill"
"Lily Adam - One Hive/recorders/willard/2024-08-07/1_11/240807_1016",92688.9489,92690.7859,"mech_auto_train"
"Lily Adam - One Hive/recorders/willard/2024-08-07/1_11/240807_1016",92689.965,92690.4148,"ambient_bang"
"Lily Adam - One Hive/recorders/willard/2024-08-07/1_11/240807_1016",92703.8245,92711.4244,"mech_auto_train"
"Lily Adam - One Hive/recorders/willard/2024-08-07/1_11/240807_1016",92714.0258,92716.0505,"ambient_background"
"Lily Adam - One Hive/recorders/willard/2024-08-07/1_11/240807_1016",92716.0505,92716.3932,"ambient_bang"
"Lily Adam - One Hive/recorders/willard/2024-08-07/1_11/240807_1016",92716.3932,92719.3233,"ambient_background"
"Lily Adam - One Hive/recorders/willard/2024-08-07/1_11/240807_1016",92719.3233,92741.356,"ins_trill"
"Lily Adam - One Hive/recorders/willard/2024-08-07/1_11/240807_1016",92741.356,92773.419,"ins_trill"
"Lily Adam - One Hive/recorders/willard/2024-08-07/1_11/240807_1016",92741.932,92742.22,"ambient_bang"
"Lily Adam - One Hive/recorders/willard/2024-08-07/1_11/240807_1016",92767.325,92767.577,"ambient_bang"
"Lily Adam - One Hive/recorders/willard/2024-08-07/1_11/240807_1016",92773.419,92791.96,"ins_trill"
"Lily Adam - One Hive/recorders/willard/2024-08-07/1_11/240807_1016",92791.96,92792.718,"ambient_background"
"Lily Adam - One Hive/recorders/willard/2024-08-07/1_11/240807_1016",92792.718,92792.916,"ambient_bang"
"Lily Adam - One Hive/recorders/willard/2024-08-07/1_11/240807_1016",92792.916,92804.118,"ambient_background"
"Lily Adam - One Hive/recorders/willard/2024-08-07/1_11/240807_1016",92804.118,92805.342,"ins_buzz_low"
"Lily Adam - One Hive/recorders/willard/2024-08-07/1_11/240807_1016",92805.342,92817.931,"ambient_background"
"Lily Adam - One Hive/recorders/willard/2024-08-07/1_11/240807_1016",92817.931,92825.152,"ins_trill"
"Lily Adam - One Hive/recorders/willard/2024-08-07/1_11/240807_1016",92818.669,92818.903,"ambient_bang"
"Lily Adam - One Hive/recorders/willard/2024-08-07/1_11/240807_1016",92825.152,92833.293,"ambient_background"
"Lily Adam - One Hive/recorders/willard/2024-08-07/1_11/240807_1016",92833.293,92849.483,"ambient_rustle"
"Lily Adam - One Hive/recorders/willard/2024-08-07/1_11/240807_1016",92844.332,92844.584,"ambient_bang"
"Lily Adam - One Hive/recorders/willard/2024-08-07/1_11/240807_1016",92849.483,92854.021,"ambient_background"
"Lily Adam - One Hive/recorders/willard/2024-08-07/1_11/240807_1016",92854.021,92854.873,"ins_buzz_low"
"Lily Adam - One Hive/recorders/willard/2024-08-07/1_11/240807_1016",92854.873,92856.24,"ins_buzz_low"
"Lily Adam - One Hive/recorders/willard/2024-08-07/1_11/240807_1016",92856.24,92869.671,"ambient_background"
"Lily Adam - One Hive/recorders/willard/2024-08-07/1_11/240807_1016",92869.671,92869.905,"ambient_bang"
"Lily Adam - One Hive/recorders/willard/2024-08-07/1_11/240807_1016",92869.905,92871.022,"ambient_background"
"Lily Adam - One Hive/recorders/willard/2024-08-07/1_11/240807_1016",92871.022,92872.498,"ambient_rustle"
"Lily Adam - One Hive/recorders/willard/2024-08-07/1_11/240807_1016",92872.498,92875.794,"ambient_background"
"Lily Adam - One Hive/recorders/willard/2024-08-07/1_11/240807_1016",92875.794,92877.289,"ambient_rustle"
"Lily Adam - One Hive/recorders/willard/2024-08-07/1_11/240807_1016",92877.289,92894.956,"ambient_background"
"Lily Adam - One Hive/recorders/willard/2024-08-07/1_11/240807_1016",92894.956,92895.172,"ambient_bang"
"Lily Adam - One Hive/recorders/willard/2024-08-07/1_11/240807_1016",92895.172,92920.295,"ambient_background"
"Lily Adam - One Hive/recorders/willard/2024-08-07/1_11/240807_1016",92920.295,92920.565,"ambient_bang"
"Lily Adam - One Hive/recorders/willard/2024-08-07/1_11/240807_1016",92920.565,92940,"ambient_background"
"Lily Adam - One Hive/recorders/willard/2024-08-07/1_11/240807_1016",96240,96459.286,"ins_trill"
"Lily Adam - One Hive/recorders/willard/2024-08-07/1_11/240807_1016",96247.77127,96248.20903,"ins_buzz_high"
"Lily Adam - One Hive/recorders/willard/2024-08-07/1_11/240807_1016",96250.2192,96250.8088,"ins_buzz_high"
"Lily Adam - One Hive/recorders/willard/2024-08-07/1_11/240807_1016",96255.5004,96256.5993,"ins_buzz_high"
"Lily Adam - One Hive/recorders/willard/2024-08-07/1_11/240807_1016",96257.2782,96258.5201,"ins_buzz_high"
"Lily Adam - One Hive/recorders/willard/2024-08-07/1_11/240807_1016",96259.8244,96260.6463,"ins_buzz_high"
"Lily Adam - One Hive/recorders/willard/2024-08-07/1_11/240807_1016",96261.9418,96269.348,"ins_buzz_medium"
"Lily Adam - One Hive/recorders/willard/2024-08-07/1_11/240807_1016",96270.4022,96270.6702,"ambient_bang"
"Lily Adam - One Hive/recorders/willard/2024-08-07/1_11/240807_1016",96275.9859,96276.7006,"ins_buzz_high"
"Lily Adam - One Hive/recorders/willard/2024-08-07/1_11/240807_1016",96283.3654,96284.0265,"ins_buzz_high"
"Lily Adam - One Hive/recorders/willard/2024-08-07/1_11/240807_1016",96290.6823,96292.1832,"ins_buzz_high"
"Lily Adam - One Hive/recorders/willard/2024-08-07/1_11/240807_1016",96293.0408,96293.8181,"ins_buzz_high"
"Lily Adam - One Hive/recorders/willard/2024-08-07/1_11/240807_1016",96294.5239,96295.0956,"ins_buzz_high"
"Lily Adam - One Hive/recorders/willard/2024-08-07/1_11/240807_1016",96295.444,96296.2838,"ins_buzz_high"
"Lily Adam - One Hive/recorders/willard/2024-08-07/1_11/240807_1016",96296.2838,96296.5429,"ambient_bang"
"Lily Adam - One Hive/recorders/willard/2024-08-07/1_11/240807_1016",96301.0278,96301.6799,"ins_buzz_high"
"Lily Adam - One Hive/recorders/willard/2024-08-07/1_11/240807_1016",96317.3947,96319.1011,"ins_buzz_high"
"Lily Adam - One Hive/recorders/willard/2024-08-07/1_11/240807_1016",96321.8706,96322.1119,"ambient_bang"
"Lily Adam - One Hive/recorders/willard/2024-08-07/1_11/240807_1016",96333.6367,96334.3514,"ins_buzz_high"
"Lily Adam - One Hive/recorders/willard/2024-08-07/1_11/240807_1016",96336.8439,96338.2198,"ins_buzz_high"
"Lily Adam - One Hive/recorders/willard/2024-08-07/1_11/240807_1016",96339.5509,96340.373,"ins_buzz_high"
"Lily Adam - One Hive/recorders/willard/2024-08-07/1_11/240807_1016",96347.377,96347.654,"ambient_bang"
"Lily Adam - One Hive/recorders/willard/2024-08-07/1_11/240807_1016",96354.354,96355.016,"ins_buzz_high"
"Lily Adam - One Hive/recorders/willard/2024-08-07/1_11/240807_1016",96361.43,96362.252,"ins_buzz_high"
"Lily Adam - One Hive/recorders/willard/2024-08-07/1_11/240807_1016",96373.464,96373.688,"ambient_bang"
"Lily Adam - One Hive/recorders/willard/2024-08-07/1_11/240807_1016",96399.382,96399.578,"ambient_bang"
"Lily Adam - One Hive/recorders/willard/2024-08-07/1_11/240807_1016",96406.18,96406.341,"ambient_scraping"
"Lily Adam - One Hive/recorders/willard/2024-08-07/1_11/240807_1016",96406.529,96412.559,"ambient_rustle"
"Lily Adam - One Hive/recorders/willard/2024-08-07/1_11/240807_1016",96425.585,96425.772,"ambient_bang"
"Lily Adam - One Hive/recorders/willard/2024-08-07/1_11/240807_1016",96451.547,96451.734,"ambient_bang"
"Lily Adam - One Hive/recorders/willard/2024-08-07/1_11/240807_1016",96459.286,96460.981,"ambient_background"
"Lily Adam - One Hive/recorders/willard/2024-08-07/1_11/240807_1016",96460.981,96461.74,"ins_buzz_high"
"Lily Adam - One Hive/recorders/willard/2024-08-07/1_11/240807_1016",96461.836,96463.581,"ins_trill"
"Lily Adam - One Hive/recorders/willard/2024-08-07/1_11/240807_1016",96463.581,96463.956,"ambient_background"
"Lily Adam - One Hive/recorders/willard/2024-08-07/1_11/240807_1016",96463.956,96464.144,"ins_trill"
"Lily Adam - One Hive/recorders/willard/2024-08-07/1_11/240807_1016",96464.144,96464.885,"ambient_background"
"Lily Adam - One Hive/recorders/willard/2024-08-07/1_11/240807_1016",96464.885,96470.674,"ins_trill"
"Lily Adam - One Hive/recorders/willard/2024-08-07/1_11/240807_1016",96470.674,96471.13,"ambient_background"
"Lily Adam - One Hive/recorders/willard/2024-08-07/1_11/240807_1016",96471.13,96472.032,"ins_trill"
"Lily Adam - One Hive/recorders/willard/2024-08-07/1_11/240807_1016",96472.032,96476.795,"ambient_background"
"Lily Adam - One Hive/recorders/willard/2024-08-07/1_11/240807_1016",96476.795,96487.334,"ins_trill"
"Lily Adam - One Hive/recorders/willard/2024-08-07/1_11/240807_1016",96480.52,96481.413,"ins_buzz_medium"
"Lily Adam - One Hive/recorders/willard/2024-08-07/1_11/240807_1016",96487.334,96493.831,"ambient_background"
"Lily Adam - One Hive/recorders/willard/2024-08-07/1_11/240807_1016",96493.831,96494.948,"ins_buzz_high"
"Lily Adam - One Hive/recorders/willard/2024-08-07/1_11/240807_1016",96494.948,96496.127,"ambient_background"
"Lily Adam - One Hive/recorders/willard/2024-08-07/1_11/240807_1016",96496.127,96497.11,"ins_buzz_high"
"Lily Adam - One Hive/recorders/willard/2024-08-07/1_11/240807_1016",96497.11,96503.265,"ambient_background"
"Lily Adam - One Hive/recorders/willard/2024-08-07/1_11/240807_1016",96503.265,96503.507,"ambient_bang"
"Lily Adam - One Hive/recorders/willard/2024-08-07/1_11/240807_1016",96503.507,96504.043,"ins_buzz_high"
"Lily Adam - One Hive/recorders/willard/2024-08-07/1_11/240807_1016",96504.043,96508.76,"ambient_background"
"Lily Adam - One Hive/recorders/willard/2024-08-07/1_11/240807_1016",96508.76,96510.234,"ins_buzz_medium"
"Lily Adam - One Hive/recorders/willard/2024-08-07/1_11/240807_1016",96509.457,96509.859,"ins_buzz_high"
"Lily Adam - One Hive/recorders/willard/2024-08-07/1_11/240807_1016",96510.189,96510.609,"ins_buzz_high"
"Lily Adam - One Hive/recorders/willard/2024-08-07/1_11/240807_1016",96510.609,96527.173,"ambient_background"
"Lily Adam - One Hive/recorders/willard/2024-08-07/1_11/240807_1016",96527.173,96528.146,"ins_buzz_high"
"Lily Adam - One Hive/recorders/willard/2024-08-07/1_11/240807_1016",96528.146,96529.236,"ambient_background"
"Lily Adam - One Hive/recorders/willard/2024-08-07/1_11/240807_1016",96529.236,96529.495,"ambient_bang"
"Lily Adam - One Hive/recorders/willard/2024-08-07/1_11/240807_1016",96529.495,96540,"ambient_background"
"Lily Adam - One Hive/recorders/willard/2024-08-07/1_11/240807_1016",99840,99863.129,"ambient_background"
"Lily Adam - One Hive/recorders/willard/2024-08-07/1_11/240807_1016",99863.129,99864.9319,"ins_buzz_high"
"Lily Adam - One Hive/recorders/willard/2024-08-07/1_11/240807_1016",99864.9319,99881.0373,"ambient_background"
"Lily Adam - One Hive/recorders/willard/2024-08-07/1_11/240807_1016",99881.0373,99881.3228,"ambient_bang"
"Lily Adam - One Hive/recorders/willard/2024-08-07/1_11/240807_1016",99881.3228,99882.6449,"ambient_background"
"Lily Adam - One Hive/recorders/willard/2024-08-07/1_11/240807_1016",99882.6449,99883.3435,"ins_buzz_high"
"Lily Adam - One Hive/recorders/willard/2024-08-07/1_11/240807_1016",99883.3435,99898.4348,"ambient_background"
"Lily Adam - One Hive/recorders/willard/2024-08-07/1_11/240807_1016",99898.4348,99899.1034,"ins_buzz_high"
"Lily Adam - One Hive/recorders/willard/2024-08-07/1_11/240807_1016",99899.1034,99906.1795,"ambient_background"
"Lily Adam - One Hive/recorders/willard/2024-08-07/1_11/240807_1016",99906.1795,99906.9382,"ins_buzz_high"
"Lily Adam - One Hive/recorders/willard/2024-08-07/1_11/240807_1016",99906.7504,99907.0134,"ambient_bang"
"Lily Adam - One Hive/recorders/willard/2024-08-07/1_11/240807_1016",99907.0134,99914.1797,"ambient_background"
"Lily Adam - One Hive/recorders/willard/2024-08-07/1_11/240807_1016",99914.1797,99914.5252,"ins_buzz_high"
"Lily Adam - One Hive/recorders/willard/2024-08-07/1_11/240807_1016",99914.5252,99944.114,"ambient_background"
"Lily Adam - One Hive/recorders/willard/2024-08-07/1_11/240807_1016",99944.114,99944.776,"human"
"Lily Adam - One Hive/recorders/willard/2024-08-07/1_11/240807_1016",99944.776,99953.031,"ambient_background"
"Lily Adam - One Hive/recorders/willard/2024-08-07/1_11/240807_1016",99953.031,99956.697,"mech_train"
"Lily Adam - One Hive/recorders/willard/2024-08-07/1_11/240807_1016",99956.697,99958.379,"ambient_background"
"Lily Adam - One Hive/recorders/willard/2024-08-07/1_11/240807_1016",99958.379,99958.635,"ambient_bang"
"Lily Adam - One Hive/recorders/willard/2024-08-07/1_11/240807_1016",99958.635,99958.778,"ambient_background"
"Lily Adam - One Hive/recorders/willard/2024-08-07/1_11/240807_1016",99958.778,99961.046,"mech_train"
"Lily Adam - One Hive/recorders/willard/2024-08-07/1_11/240807_1016",99961.046,99984.288,"ambient_background"
"Lily Adam - One Hive/recorders/willard/2024-08-07/1_11/240807_1016",99984.288,99984.611,"ambient_bang"
"Lily Adam - One Hive/recorders/willard/2024-08-07/1_11/240807_1016",99984.611,99986.023,"ambient_background"
"Lily Adam - One Hive/recorders/willard/2024-08-07/1_11/240807_1016",99986.023,99986.864,"ins_buzz_high"
"Lily Adam - One Hive/recorders/willard/2024-08-07/1_11/240807_1016",99986.864,99987.405,"ambient_background"
"Lily Adam - One Hive/recorders/willard/2024-08-07/1_11/240807_1016",99987.405,99987.856,"ins_buzz_medium"
"Lily Adam - One Hive/recorders/willard/2024-08-07/1_11/240807_1016",99987.856,100009.843,"ambient_background"
"Lily Adam - One Hive/recorders/willard/2024-08-07/1_11/240807_1016",100009.843,100010.115,"ins_buzz_high"
"Lily Adam - One Hive/recorders/willard/2024-08-07/1_11/240807_1016",100010.115,100018.527,"ambient_background"
"Lily Adam - One Hive/recorders/willard/2024-08-07/1_11/240807_1016",100018.527,100019.233,"ins_buzz_high"
"Lily Adam - One Hive/recorders/willard/2024-08-07/1_11/240807_1016",100019.233,100020.255,"ambient_background"
"Lily Adam - One Hive/recorders/willard/2024-08-07/1_11/240807_1016",100020.255,100020.833,"ins_buzz_high"
"Lily Adam - One Hive/recorders/willard/2024-08-07/1_11/240807_1016",100020.833,100022.02,"ambient_background"
"Lily Adam - One Hive/recorders/willard/2024-08-07/1_11/240807_1016",100022.02,100022.644,"ins_buzz_high"
"Lily Adam - One Hive/recorders/willard/2024-08-07/1_11/240807_1016",100022.644,100023.297,"ambient_background"
"Lily Adam - One Hive/recorders/willard/2024-08-07/1_11/240807_1016",100023.297,100023.567,"ins_buzz_high"
"Lily Adam - One Hive/recorders/willard/2024-08-07/1_11/240807_1016",100023.567,100030.208,"ambient_background"
"Lily Adam - One Hive/recorders/willard/2024-08-07/1_11/240807_1016",100030.208,100030.538,"ins_buzz_high"
"Lily Adam - One Hive/recorders/willard/2024-08-07/1_11/240807_1016",100030.538,100035.714,"ambient_background"
"Lily Adam - One Hive/recorders/willard/2024-08-07/1_11/240807_1016",100035.714,100036.007,"ambient_bang"
"Lily Adam - One Hive/recorders/willard/2024-08-07/1_11/240807_1016",100036.007,100042.461,"ambient_background"
"Lily Adam - One Hive/recorders/willard/2024-08-07/1_11/240807_1016",100042.461,100042.745,"ins_buzz_medium"
"Lily Adam - One Hive/recorders/willard/2024-08-07/1_11/240807_1016",100042.745,100061.698,"ambient_background"
"Lily Adam - One Hive/recorders/willard/2024-08-07/1_11/240807_1016",100061.698,100061.961,"ambient_bang"
"Lily Adam - One Hive/recorders/willard/2024-08-07/1_11/240807_1016",100061.961,100088.215,"ambient_background"
"Lily Adam - One Hive/recorders/willard/2024-08-07/1_11/240807_1016",100088.215,100088.485,"ambient_bang"
"Lily Adam - One Hive/recorders/willard/2024-08-07/1_11/240807_1016",100088.485,100099.92,"ambient_background"
"Lily Adam - One Hive/recorders/willard/2024-08-07/1_11/240807_1016",100099.92,100100.105,"ins_buzz_high"
"Lily Adam - One Hive/recorders/willard/2024-08-07/1_11/240807_1016",100100.105,100113.635,"ambient_background"
"Lily Adam - One Hive/recorders/willard/2024-08-07/1_11/240807_1016",100113.635,100113.875,"ambient_bang"
"Lily Adam - One Hive/recorders/willard/2024-08-07/1_11/240807_1016",100113.875,100115.28,"ambient_background"
"Lily Adam - One Hive/recorders/willard/2024-08-07/1_11/240807_1016",100115.28,100116.414,"ins_buzz_medium"
"Lily Adam - One Hive/recorders/willard/2024-08-07/1_11/240807_1016",100116.414,100129.725,"ambient_background"
"Lily Adam - One Hive/recorders/willard/2024-08-07/1_11/240807_1016",100129.725,100130.424,"ins_buzz_high"
"Lily Adam - One Hive/recorders/willard/2024-08-07/1_11/240807_1016",100130.424,100139.521,"ambient_background"
"Lily Adam - One Hive/recorders/willard/2024-08-07/1_11/240807_1016",100139.521,100139.926,"ambient_bang"
"Lily Adam - One Hive/recorders/wooster/2024-07-26/1_143/240726_1446",101640,101679.7774,"ins_trill"
"Lily Adam - One Hive/recorders/wooster/2024-07-26/1_143/240726_1446",101679.7774,101682.7613,"ambient_background"
"Lily Adam - One Hive/recorders/wooster/2024-07-26/1_143/240726_1446",101682.7613,101714.7346,"ins_trill"
"Lily Adam - One Hive/recorders/wooster/2024-07-26/1_143/240726_1446",101714.7346,101721.1803,"ambient_background"
"Lily Adam - One Hive/recorders/wooster/2024-07-26/1_143/240726_1446",101721.1803,101726.0033,"ins_trill"
"Lily Adam - One Hive/recorders/wooster/2024-07-26/1_143/240726_1446",101726.0033,101727.01,"ambient_background"
"Lily Adam - One Hive/recorders/wooster/2024-07-26/1_143/240726_1446",101727.01,101727.8063,"ins_buzz_medium"
"Lily Adam - One Hive/recorders/wooster/2024-07-26/1_143/240726_1446",101727.8063,101732.1335,"ambient_background"
"Lily Adam - One Hive/recorders/wooster/2024-07-26/1_143/240726_1446",101732.1335,101734.3573,"ins_trill"
"Lily Adam - One Hive/recorders/wooster/2024-07-26/1_143/240726_1446",101734.3573,101738.8648,"ambient_background"
"Lily Adam - One Hive/recorders/wooster/2024-07-26/1_143/240726_1446",101738.8648,101741.945,"ins_trill"
"Lily Adam - One Hive/recorders/wooster/2024-07-26/1_143/240726_1446",101741.945,101747.204,"ambient_background"
"Lily Adam - One Hive/recorders/wooster/2024-07-26/1_143/240726_1446",101747.204,101768.84,"ins_trill"
"Lily Adam - One Hive/recorders/wooster/2024-07-26/1_143/240726_1446",101768.84,101775.543,"ambient_background"
"Lily Adam - One Hive/recorders/wooster/2024-07-26/1_143/240726_1446",101775.543,101791.083,"ins_trill"
"Lily Adam - One Hive/recorders/wooster/2024-07-26/1_143/240726_1446",101783.069,101783.595,"ins_buzz_medium"
"Lily Adam - One Hive/recorders/wooster/2024-07-26/1_143/240726_1446",101791.083,101815,"ambient_background"
"Lily Adam - One Hive/recorders/wooster/2024-07-26/1_143/240726_1446",101815,101885.487,"mech_auto_truck"
"Lily Adam - One Hive/recorders/wooster/2024-07-26/1_143/240726_1446",101828.127,101840.155,"ins_trill"
"Lily Adam - One Hive/recorders/wooster/2024-07-26/1_143/240726_1446",101885.487,101900.221,"ambient_background"
"Lily Adam - One Hive/recorders/wooster/2024-07-26/1_143/240726_1446",101900.221,101900.731,"ins_buzz_medium"
"Lily Adam - One Hive/recorders/wooster/2024-07-26/1_143/240726_1446",101900.731,101940,"ambient_background"
"Lily Adam - One Hive/recorders/wooster/2024-07-26/1_143/240726_1446",105240,105540.004,"ins_trill"
"Lily Adam - One Hive/recorders/wooster/2024-07-26/1_143/240726_1446",105256.9814,105272.5905,"mech_auto"
"Lily Adam - One Hive/recorders/wooster/2024-07-26/1_143/240726_1446",105342.574,105416.503,"mech_auto"
"Lily Adam - One Hive/recorders/wooster/2024-07-26/1_143/240726_1446",54840,55010.002,"ambient_background"
"Lily Adam - One Hive/recorders/wooster/2024-07-26/1_143/240726_1446",55010.002,55078.746,"mech_auto_truck"
"Lily Adam - One Hive/recorders/wooster/2024-07-26/1_143/240726_1446",55078.746,55098.822,"ambient_background"
"Lily Adam - One Hive/recorders/wooster/2024-07-26/1_143/240726_1446",55098.822,55110.353,"mech_auto_truck"
"Lily Adam - One Hive/recorders/wooster/2024-07-26/1_143/240726_1446",55110.353,55116.07,"ambient_background"
"Lily Adam - One Hive/recorders/wooster/2024-07-26/1_143/240726_1446",55116.07,55132.543,"mech_auto_truck"
"Lily Adam - One Hive/recorders/wooster/2024-07-26/1_143/240726_1446",55132.543,55140,"ambient_background"
"Lily Adam - One Hive/recorders/wooster/2024-07-26/1_143/240726_1446",58440,58446.11179,"ambient_background"
"Lily Adam - One Hive/recorders/wooster/2024-07-26/1_143/240726_1446",58446.11179,58448.63799,"mech_auto_truck"
"Lily Adam - One Hive/recorders/wooster/2024-07-26/1_143/240726_1446",58448.63799,58450.553,"ambient_background"
"Lily Adam - One Hive/recorders/wooster/2024-07-26/1_143/240726_1446",58450.553,58455.2387,"mech_auto_truck"
"Lily Adam - One Hive/recorders/wooster/2024-07-26/1_143/240726_1446",58455.2387,58488.5276,"ambient_background"
"Lily Adam - One Hive/recorders/wooster/2024-07-26/1_143/240726_1446",58488.5276,58518.6511,"mech_auto_truck"
"Lily Adam - One Hive/recorders/wooster/2024-07-26/1_143/240726_1446",58518.6511,58521.5856,"ambient_background"
"Lily Adam - One Hive/recorders/wooster/2024-07-26/1_143/240726_1446",58521.5856,58547.071,"mech_auto_truck"
"Lily Adam - One Hive/recorders/wooster/2024-07-26/1_143/240726_1446",58547.071,58558.589,"ambient_background"
"Lily Adam - One Hive/recorders/wooster/2024-07-26/1_143/240726_1446",58558.589,58596.35,"mech_auto_truck"
"Lily Adam - One Hive/recorders/wooster/2024-07-26/1_143/240726_1446",58596.35,58615.835,"ambient_background"
"Lily Adam - One Hive/recorders/wooster/2024-07-26/1_143/240726_1446",58615.835,58634.843,"mech_auto_truck"
"Lily Adam - One Hive/recorders/wooster/2024-07-26/1_143/240726_1446",58634.843,58649.172,"ambient_background"
"Lily Adam - One Hive/recorders/wooster/2024-07-26/1_143/240726_1446",58649.172,58719.813,"mech_auto_truck"
"Lily Adam - One Hive/recorders/wooster/2024-07-26/1_143/240726_1446",58719.813,58740,"ambient_background"
"Lily Adam - One Hive/recorders/wooster/2024-07-26/1_143/240726_1446",62040,62040.865748,"ambient_background"
"Lily Adam - One Hive/recorders/wooster/2024-07-26/1_143/240726_1446",62040.865748,62041.42088,"ins_buzz_medium"
"Lily Adam - One Hive/recorders/wooster/2024-07-26/1_143/240726_1446",62041.42088,62303.531,"ambient_background"
"Lily Adam - One Hive/recorders/wooster/2024-07-26/1_143/240726_1446",62303.531,62304.489,"mech_auto_car"
"Lily Adam - One Hive/recorders/wooster/2024-07-26/1_143/240726_1446",62304.489,62312.896,"ambient_background"
"Lily Adam - One Hive/recorders/wooster/2024-07-26/1_143/240726_1446",62312.896,62314.343,"mech_auto_truck"
"Lily Adam - One Hive/recorders/wooster/2024-07-26/1_143/240726_1446",62314.343,62340,"ambient_background"
"Lily Adam - One Hive/recorders/wooster/2024-07-26/1_143/240726_1446",65640,65655.2787,"ambient_background"
"Lily Adam - One Hive/recorders/wooster/2024-07-26/1_143/240726_1446",65655.2787,65662.8061,"ins_trill"
"Lily Adam - One Hive/recorders/wooster/2024-07-26/1_143/240726_1446",65662.8061,65668.0224,"ambient_background"
"Lily Adam - One Hive/recorders/wooster/2024-07-26/1_143/240726_1446",65668.0224,65698.2313,"ins_trill"
"Lily Adam - One Hive/recorders/wooster/2024-07-26/1_143/240726_1446",65698.2313,65699.9417,"ambient_background"
"Lily Adam - One Hive/recorders/wooster/2024-07-26/1_143/240726_1446",65699.9417,65719.1821,"ins_trill"
"Lily Adam - One Hive/recorders/wooster/2024-07-26/1_143/240726_1446",65719.1821,65720.6089,"ambient_background"
"Lily Adam - One Hive/recorders/wooster/2024-07-26/1_143/240726_1446",65720.6089,65814.616,"ins_trill"
"Lily Adam - One Hive/recorders/wooster/2024-07-26/1_143/240726_1446",65808.721,65809.051,"ins_buzz_medium"
"Lily Adam - One Hive/recorders/wooster/2024-07-26/1_143/240726_1446",65814.616,65825.603,"ambient_background"
"Lily Adam - One Hive/recorders/wooster/2024-07-26/1_143/240726_1446",65825.603,65909.432,"ins_trill"
"Lily Adam - One Hive/recorders/wooster/2024-07-26/1_143/240726_1446",65909.432,65914.184,"ambient_background"
"Lily Adam - One Hive/recorders/wooster/2024-07-26/1_143/240726_1446",65914.184,65940.03,"ins_trill"
"Lily Adam - One Hive/recorders/wooster/2024-07-26/1_143/240726_1446",69240,69284.9214,"mech_plane_prop"
"Lily Adam - One Hive/recorders/wooster/2024-07-26/1_143/240726_1446",69284.9214,69289.0967,"ambient_background"
"Lily Adam - One Hive/recorders/wooster/2024-07-26/1_143/240726_1446",69289.0967,69290.6292,"ins_buzz_medium"
"Lily Adam - One Hive/recorders/wooster/2024-07-26/1_143/240726_1446",69290.6292,69290.9122,"ambient_background"
"Lily Adam - One Hive/recorders/wooster/2024-07-26/1_143/240726_1446",69290.9122,69291.3872,"ins_buzz_medium"
"Lily Adam - One Hive/recorders/wooster/2024-07-26/1_143/240726_1446",69291.3872,69294.4196,"ambient_background"
"Lily Adam - One Hive/recorders/wooster/2024-07-26/1_143/240726_1446",69294.4196,69294.84,"ins_buzz_medium"
"Lily Adam - One Hive/recorders/wooster/2024-07-26/1_143/240726_1446",69294.84,69297.1911,"ambient_background"
"Lily Adam - One Hive/recorders/wooster/2024-07-26/1_143/240726_1446",69297.1911,69299.7058,"ins_buzz_medium"
"Lily Adam - One Hive/recorders/wooster/2024-07-26/1_143/240726_1446",69299.7058,69303.5518,"ambient_background"
"Lily Adam - One Hive/recorders/wooster/2024-07-26/1_143/240726_1446",69303.5518,69304.4159,"ins_buzz_medium"
"Lily Adam - One Hive/recorders/wooster/2024-07-26/1_143/240726_1446",69304.4159,69305.685,"ambient_background"
"Lily Adam - One Hive/recorders/wooster/2024-07-26/1_143/240726_1446",69305.685,69308.3787,"ins_buzz_medium"
"Lily Adam - One Hive/recorders/wooster/2024-07-26/1_143/240726_1446",69308.3787,69316.9036,"ambient_background"
"Lily Adam - One Hive/recorders/wooster/2024-07-26/1_143/240726_1446",69316.9036,69319.1069,"ins_buzz_medium"
"Lily Adam - One Hive/recorders/wooster/2024-07-26/1_143/240726_1446",69319.1069,69322.112,"ambient_background"
"Lily Adam - One Hive/recorders/wooster/2024-07-26/1_143/240726_1446",69322.112,69323.9964,"ins_buzz_medium"
"Lily Adam - One Hive/recorders/wooster/2024-07-26/1_143/240726_1446",69323.9964,69325.1386,"ins_buzz_medium"
"Lily Adam - One Hive/recorders/wooster/2024-07-26/1_143/240726_1446",69325.1386,69383.357,"ambient_background"
"Lily Adam - One Hive/recorders/wooster/2024-07-26/1_143/240726_1446",69383.357,69384.395,"ins_buzz_medium"
"Lily Adam - One Hive/recorders/wooster/2024-07-26/1_143/240726_1446",69384.395,69385.345,"ins_buzz_medium"
"Lily Adam - One Hive/recorders/wooster/2024-07-26/1_143/240726_1446",69385.345,69386.653,"ambient_background"
"Lily Adam - One Hive/recorders/wooster/2024-07-26/1_143/240726_1446",69386.653,69387.774,"ins_buzz_medium"
"Lily Adam - One Hive/recorders/wooster/2024-07-26/1_143/240726_1446",69387.774,69390.549,"ambient_background"
"Lily Adam - One Hive/recorders/wooster/2024-07-26/1_143/240726_1446",69390.549,69390.967,"ins_buzz_medium"
"Lily Adam - One Hive/recorders/wooster/2024-07-26/1_143/240726_1446",69390.967,69399.075,"ambient_background"
"Lily Adam - One Hive/recorders/wooster/2024-07-26/1_143/240726_1446",69399.075,69482.399,"mech_plane_prop"
"Lily Adam - One Hive/recorders/wooster/2024-07-26/1_143/240726_1446",69419.001,69419.203,"ins_buzz_low"
"Lily Adam - One Hive/recorders/wooster/2024-07-26/1_143/240726_1446",69421.975,69422.831,"ins_buzz_low"
"Lily Adam - One Hive/recorders/wooster/2024-07-26/1_143/240726_1446",69463.478,69466.203,"ins_buzz_medium"
"Lily Adam - One Hive/recorders/wooster/2024-07-26/1_143/240726_1446",69472.688,69477.757,"ins_buzz_medium"
"Lily Adam - One Hive/recorders/wooster/2024-07-26/1_143/240726_1446",69482.399,69521.845,"ambient_background"
"Lily Adam - One Hive/recorders/wooster/2024-07-26/1_143/240726_1446",69521.845,69540.004,"mech_plane_prop"
"Lily Adam - One Hive/recorders/wooster/2024-07-26/1_143/240726_1446",72840,72872.2671,"ambient_background"
"Lily Adam - One Hive/recorders/wooster/2024-07-26/1_143/240726_1446",72872.2671,72873.1687,"ins_buzz_medium"
"Lily Adam - One Hive/recorders/wooster/2024-07-26/1_143/240726_1446",72873.1687,72875.1341,"ambient_background"
"Lily Adam - One Hive/recorders/wooster/2024-07-26/1_143/240726_1446",72875.1341,72876.5405,"ins_buzz_medium"
"Lily Adam - One Hive/recorders/wooster/2024-07-26/1_143/240726_1446",72876.5405,72878.9864,"ambient_background"
"Lily Adam - One Hive/recorders/wooster/2024-07-26/1_143/240726_1446",72878.9864,72880.4211,"ins_buzz_medium"
"Lily Adam - One Hive/recorders/wooster/2024-07-26/1_143/240726_1446",72880.4211,72893.7885,"ambient_background"
"Lily Adam - One Hive/recorders/wooster/2024-07-26/1_143/240726_1446",72893.7885,72894.5476,"ins_buzz_medium"
"Lily Adam - One Hive/recorders/wooster/2024-07-26/1_143/240726_1446",72894.5476,72899.4588,"ambient_background"
"Lily Adam - One Hive/recorders/wooster/2024-07-26/1_143/240726_1446",72899.4588,72901.645,"ins_buzz_medium"
"Lily Adam - One Hive/recorders/wooster/2024-07-26/1_143/240726_1446",72901.645,72906.8834,"ambient_background"
"Lily Adam - One Hive/recorders/wooster/2024-07-26/1_143/240726_1446",72906.8834,72907.2495,"ins_buzz_medium"
"Lily Adam - One Hive/recorders/wooster/2024-07-26/1_143/240726_1446",72907.2495,72938.8723,"ambient_background"
"Lily Adam - One Hive/recorders/wooster/2024-07-26/1_143/240726_1446",72938.8723,72939.0757,"ins_buzz_medium"
"Lily Adam - One Hive/recorders/wooster/2024-07-26/1_143/240726_1446",72939.0757,72954.005,"ambient_background"
"Lily Adam - One Hive/recorders/wooster/2024-07-26/1_143/240726_1446",72954.005,72954.346,"ins_buzz_medium"
"Lily Adam - One Hive/recorders/wooster/2024-07-26/1_143/240726_1446",72954.346,72957.503,"ambient_background"
"Lily Adam - One Hive/recorders/wooster/2024-07-26/1_143/240726_1446",72957.503,72958.081,"ins_buzz_medium"
"Lily Adam - One Hive/recorders/wooster/2024-07-26/1_143/240726_1446",72958.081,72965.183,"ambient_background"
"Lily Adam - One Hive/recorders/wooster/2024-07-26/1_143/240726_1446",72965.183,72965.403,"ins_buzz_medium"
"Lily Adam - One Hive/recorders/wooster/2024-07-26/1_143/240726_1446",72965.403,72995.59,"ambient_background"
"Lily Adam - One Hive/recorders/wooster/2024-07-26/1_143/240726_1446",72995.59,73009.829,"mech_auto"
"Lily Adam - One Hive/recorders/wooster/2024-07-26/1_143/240726_1446",73006.024,73008.323,"ins_buzz_medium"
"Lily Adam - One Hive/recorders/wooster/2024-07-26/1_143/240726_1446",73009.829,73013.236,"ambient_background"
"Lily Adam - One Hive/recorders/wooster/2024-07-26/1_143/240726_1446",73013.236,73013.507,"ins_buzz_medium"
"Lily Adam - One Hive/recorders/wooster/2024-07-26/1_143/240726_1446",73013.507,73017.446,"ambient_background"
"Lily Adam - One Hive/recorders/wooster/2024-07-26/1_143/240726_1446",73017.446,73018.162,"ins_buzz_medium"
"Lily Adam - One Hive/recorders/wooster/2024-07-26/1_143/240726_1446",73018.162,73021.206,"ambient_background"
"Lily Adam - One Hive/recorders/wooster/2024-07-26/1_143/240726_1446",73021.206,73021.783,"ins_buzz_low"
"Lily Adam - One Hive/recorders/wooster/2024-07-26/1_143/240726_1446",73021.783,73026.516,"ambient_background"
"Lily Adam - One Hive/recorders/wooster/2024-07-26/1_143/240726_1446",73026.516,73027.003,"ins_buzz_medium"
"Lily Adam - One Hive/recorders/wooster/2024-07-26/1_143/240726_1446",73027.003,73031.114,"ambient_background"
"Lily Adam - One Hive/recorders/wooster/2024-07-26/1_143/240726_1446",73031.114,73031.808,"ins_buzz_medium"
"Lily Adam - One Hive/recorders/wooster/2024-07-26/1_143/240726_1446",73031.808,73040.572,"ambient_background"
"Lily Adam - One Hive/recorders/wooster/2024-07-26/1_143/240726_1446",73040.572,73041.96,"ins_buzz_medium"
"Lily Adam - One Hive/recorders/wooster/2024-07-26/1_143/240726_1446",73041.96,73043.033,"ambient_background"
"Lily Adam - One Hive/recorders/wooster/2024-07-26/1_143/240726_1446",73043.033,73043.521,"ins_buzz_medium"
"Lily Adam - One Hive/recorders/wooster/2024-07-26/1_143/240726_1446",73043.521,73044.908,"ambient_background"
"Lily Adam - One Hive/recorders/wooster/2024-07-26/1_143/240726_1446",73044.908,73046.486,"ins_buzz_medium"
"Lily Adam - One Hive/recorders/wooster/2024-07-26/1_143/240726_1446",73046.486,73048.713,"ambient_background"
"Lily Adam - One Hive/recorders/wooster/2024-07-26/1_143/240726_1446",73048.713,73049.903,"ins_buzz_medium"
"Lily Adam - One Hive/recorders/wooster/2024-07-26/1_143/240726_1446",73049.903,73065.951,"ambient_background"
"Lily Adam - One Hive/recorders/wooster/2024-07-26/1_143/240726_1446",73065.951,73066.753,"ins_buzz_medium"
"Lily Adam - One Hive/recorders/wooster/2024-07-26/1_143/240726_1446",73066.753,73072.288,"ambient_background"
"Lily Adam - One Hive/recorders/wooster/2024-07-26/1_143/240726_1446",73072.288,73073.387,"ins_buzz_medium"
"Lily Adam - One Hive/recorders/wooster/2024-07-26/1_143/240726_1446",73073.387,73083.117,"ambient_background"
"Lily Adam - One Hive/recorders/wooster/2024-07-26/1_143/240726_1446",73083.117,73083.567,"ins_buzz_high"
"Lily Adam - One Hive/recorders/wooster/2024-07-26/1_143/240726_1446",73083.549,73083.82,"ins_buzz_medium"
"Lily Adam - One Hive/recorders/wooster/2024-07-26/1_143/240726_1446",73083.82,73090.089,"ambient_background"
"Lily Adam - One Hive/recorders/wooster/2024-07-26/1_143/240726_1446",73090.089,73090.992,"ins_buzz_high"
"Lily Adam - One Hive/recorders/wooster/2024-07-26/1_143/240726_1446",73090.992,73101.365,"ambient_background"
"Lily Adam - One Hive/recorders/wooster/2024-07-26/1_143/240726_1446",73101.365,73101.658,"ins_buzz_medium"
"Lily Adam - One Hive/recorders/wooster/2024-07-26/1_143/240726_1446",73101.658,73105.893,"ambient_background"
"Lily Adam - One Hive/recorders/wooster/2024-07-26/1_143/240726_1446",73105.893,73114.127,"mech_auto"
"Lily Adam - One Hive/recorders/wooster/2024-07-26/1_143/240726_1446",73114.127,73125.621,"ambient_background"
"Lily Adam - One Hive/recorders/wooster/2024-07-26/1_143/240726_1446",73125.621,73139.001,"mech_auto"
"Lily Adam - One Hive/recorders/wooster/2024-07-26/1_143/240726_1446",73139.001,73140,"ambient_background"
"Lily Adam - One Hive/recorders/wooster/2024-07-26/1_143/240726_1446",76440,76441.6892,"ambient_background"
"Lily Adam - One Hive/recorders/wooster/2024-07-26/1_143/240726_1446",76443.5187,76461.2015,"ambient_background"
"Lily Adam - One Hive/recorders/wooster/2024-07-26/1_143/240726_1446",76464.1202,76487.6875,"ambient_background"
"Lily Adam - One Hive/recorders/wooster/2024-07-26/1_143/240726_1446",76487.6875,76488.6373,"ins_buzz_low"
"Lily Adam - One Hive/recorders/wooster/2024-07-26/1_143/240726_1446",76488.6373,76490.0716,"ambient_background"
"Lily Adam - One Hive/recorders/wooster/2024-07-26/1_143/240726_1446",76490.0716,76491.066,"ins_buzz_low"
"Lily Adam - One Hive/recorders/wooster/2024-07-26/1_143/240726_1446",76491.066,76497.9768,"ambient_background"
"Lily Adam - One Hive/recorders/wooster/2024-07-26/1_143/240726_1446",76497.9768,76513.586,"mech_auto"
"Lily Adam - One Hive/recorders/wooster/2024-07-26/1_143/240726_1446",76508.4684,76508.7361,"ins_buzz_medium"
"Lily Adam - One Hive/recorders/wooster/2024-07-26/1_143/240726_1446",76511.356,76511.7958,"ins_buzz_medium"
"Lily Adam - One Hive/recorders/wooster/2024-07-26/1_143/240726_1446",76513.586,76515.6524,"ambient_background"
"Lily Adam - One Hive/recorders/wooster/2024-07-26/1_143/240726_1446",76515.6524,76519.4197,"ins_buzz_medium"
"Lily Adam - One Hive/recorders/wooster/2024-07-26/1_143/240726_1446",76519.4197,76548.539,"ambient_background"
"Lily Adam - One Hive/recorders/wooster/2024-07-26/1_143/240726_1446",76548.539,76561.809,"mech_auto"
"Lily Adam - One Hive/recorders/wooster/2024-07-26/1_143/240726_1446",76561.809,76562.938,"ambient_background"
"Lily Adam - One Hive/recorders/wooster/2024-07-26/1_143/240726_1446",76562.938,76563.123,"ins_buzz_low"
"Lily Adam - One Hive/recorders/wooster/2024-07-26/1_143/240726_1446",76563.123,76584.318,"ambient_background"
"Lily Adam - One Hive/recorders/wooster/2024-07-26/1_143/240726_1446",76584.318,76584.669,"ins_buzz_low"
"Lily Adam - One Hive/recorders/wooster/2024-07-26/1_143/240726_1446",76584.669,76612.902,"ambient_background"
"Lily Adam - One Hive/recorders/wooster/2024-07-26/1_143/240726_1446",76612.902,76614.865,"ins_buzz_medium"
"Lily Adam - One Hive/recorders/wooster/2024-07-26/1_143/240726_1446",76614.865,76616.752,"ins_buzz_medium"
"Lily Adam - One Hive/recorders/wooster/2024-07-26/1_143/240726_1446",76616.752,76620.506,"ambient_background"
"Lily Adam - One Hive/recorders/wooster/2024-07-26/1_143/240726_1446",76620.506,76621.214,"ins_buzz_medium"
"Lily Adam - One Hive/recorders/wooster/2024-07-26/1_143/240726_1446",76621.214,76621.603,"ambient_background"
"Lily Adam - One Hive/recorders/wooster/2024-07-26/1_143/240726_1446",76621.603,76622.795,"ins_buzz_high"
"Lily Adam - One Hive/recorders/wooster/2024-07-26/1_143/240726_1446",76622.795,76644.876,"ambient_background"
"Lily Adam - One Hive/recorders/wooster/2024-07-26/1_143/240726_1446",76644.876,76646.189,"ins_buzz_medium"
"Lily Adam - One Hive/recorders/wooster/2024-07-26/1_143/240726_1446",76646.189,76648.68,"ambient_background"
"Lily Adam - One Hive/recorders/wooster/2024-07-26/1_143/240726_1446",76648.68,76649.401,"ins_buzz_medium"
"Lily Adam - One Hive/recorders/wooster/2024-07-26/1_143/240726_1446",76649.401,76651.682,"ambient_background"
"Lily Adam - One Hive/recorders/wooster/2024-07-26/1_143/240726_1446",76651.682,76654.31,"ins_buzz_medium"
"Lily Adam - One Hive/recorders/wooster/2024-07-26/1_143/240726_1446",76654.31,76703.562,"ambient_background"
"Lily Adam - One Hive/recorders/wooster/2024-07-26/1_143/240726_1446",76703.562,76705.563,"ins_buzz_low"
"Lily Adam - One Hive/recorders/wooster/2024-07-26/1_143/240726_1446",76705.563,76709.596,"ambient_background"
"Lily Adam - One Hive/recorders/wooster/2024-07-26/1_143/240726_1446",76709.596,76711.249,"ins_buzz_medium"
"Lily Adam - One Hive/recorders/wooster/2024-07-26/1_143/240726_1446",76711.249,76734.824,"ambient_background"
"Lily Adam - One Hive/recorders/wooster/2024-07-26/1_143/240726_1446",76734.824,76735.779,"ins_buzz_medium"
"Lily Adam - One Hive/recorders/wooster/2024-07-26/1_143/240726_1446",76735.779,76740,"ambient_background"
"Lily Adam - One Hive/recorders/wooster/2024-07-26/1_143/240726_1446",80040,80042.0573,"ambient_background"
"Lily Adam - One Hive/recorders/wooster/2024-07-26/1_143/240726_1446",80042.0573,80042.6368,"ins_buzz_medium"
"Lily Adam - One Hive/recorders/wooster/2024-07-26/1_143/240726_1446",80042.6368,80043.2162,"ambient_background"
"Lily Adam - One Hive/recorders/wooster/2024-07-26/1_143/240726_1446",80043.2162,80043.4439,"ins_buzz_low"
"Lily Adam - One Hive/recorders/wooster/2024-07-26/1_143/240726_1446",80043.4439,80045.2381,"ambient_background"
"Lily Adam - One Hive/recorders/wooster/2024-07-26/1_143/240726_1446",80045.2381,80046.4733,"ins_buzz_medium"
"Lily Adam - One Hive/recorders/wooster/2024-07-26/1_143/240726_1446",80046.4733,80081.3639,"ambient_background"
"Lily Adam - One Hive/recorders/wooster/2024-07-26/1_143/240726_1446",80081.3639,80081.986,"ins_buzz_medium"
"Lily Adam - One Hive/recorders/wooster/2024-07-26/1_143/240726_1446",80081.986,80082.545,"ambient_background"
"Lily Adam - One Hive/recorders/wooster/2024-07-26/1_143/240726_1446",80082.545,80084.1588,"ins_buzz_medium"
"Lily Adam - One Hive/recorders/wooster/2024-07-26/1_143/240726_1446",80084.1588,80088.3781,"ambient_background"
"Lily Adam - One Hive/recorders/wooster/2024-07-26/1_143/240726_1446",80088.3781,80089.9558,"ins_buzz_medium"
"Lily Adam - One Hive/recorders/wooster/2024-07-26/1_143/240726_1446",80089.9558,80093.7514,"ambient_background"
"Lily Adam - One Hive/recorders/wooster/2024-07-26/1_143/240726_1446",80093.7514,80094.1842,"ins_buzz_low"
"Lily Adam - One Hive/recorders/wooster/2024-07-26/1_143/240726_1446",80094.1842,80094.7071,"ambient_background"
"Lily Adam - One Hive/recorders/wooster/2024-07-26/1_143/240726_1446",80094.7071,80096.5643,"ins_buzz_medium"
"Lily Adam - One Hive/recorders/wooster/2024-07-26/1_143/240726_1446",80096.5643,80104.4891,"ambient_background"
"Lily Adam - One Hive/recorders/wooster/2024-07-26/1_143/240726_1446",80104.4891,80105.5079,"ins_buzz_medium"
"Lily Adam - One Hive/recorders/wooster/2024-07-26/1_143/240726_1446",80105.5079,80111.2508,"ambient_background"
"Lily Adam - One Hive/recorders/wooster/2024-07-26/1_143/240726_1446",80111.2508,80112.2876,"ins_buzz_medium"
"Lily Adam - One Hive/recorders/wooster/2024-07-26/1_143/240726_1446",80112.2876,80122.6106,"ambient_background"
"Lily Adam - One Hive/recorders/wooster/2024-07-26/1_143/240726_1446",80122.6106,80123.0794,"ins_buzz_low"
"Lily Adam - One Hive/recorders/wooster/2024-07-26/1_143/240726_1446",80123.0794,80151.38,"ambient_background"
"Lily Adam - One Hive/recorders/wooster/2024-07-26/1_143/240726_1446",80151.38,80153.066,"ins_buzz_medium"
"Lily Adam - One Hive/recorders/wooster/2024-07-26/1_143/240726_1446",80152.119,80155.545,"mech_auto_car"
"Lily Adam - One Hive/recorders/wooster/2024-07-26/1_143/240726_1446",80154.31,80155.198,"ins_buzz_medium"
"Lily Adam - One Hive/recorders/wooster/2024-07-26/1_143/240726_1446",80155.198,80156.005,"ins_buzz_medium"
"Lily Adam - One Hive/recorders/wooster/2024-07-26/1_143/240726_1446",80156.005,80157.096,"ambient_background"
"Lily Adam - One Hive/recorders/wooster/2024-07-26/1_143/240726_1446",80157.096,80161.495,"mech_auto_car"
"Lily Adam - One Hive/recorders/wooster/2024-07-26/1_143/240726_1446",80158.736,80160.125,"ins_buzz_medium"
"Lily Adam - One Hive/recorders/wooster/2024-07-26/1_143/240726_1446",80160.918,80161.495,"ins_buzz_medium"
"Lily Adam - One Hive/recorders/wooster/2024-07-26/1_143/240726_1446",80161.495,80163.154,"ambient_background"
"Lily Adam - One Hive/recorders/wooster/2024-07-26/1_143/240726_1446",80163.154,80166.219,"mech_auto_car"
"Lily Adam - One Hive/recorders/wooster/2024-07-26/1_143/240726_1446",80166.219,80185.237,"ambient_background"
"Lily Adam - One Hive/recorders/wooster/2024-07-26/1_143/240726_1446",80185.237,80195.641,"mech_auto_car"
"Lily Adam - One Hive/recorders/wooster/2024-07-26/1_143/240726_1446",80195.641,80199.144,"ambient_background"
"Lily Adam - One Hive/recorders/wooster/2024-07-26/1_143/240726_1446",80199.144,80200.887,"ins_buzz_low"
"Lily Adam - One Hive/recorders/wooster/2024-07-26/1_143/240726_1446",80200.887,80201.547,"ins_buzz_low"
"Lily Adam - One Hive/recorders/wooster/2024-07-26/1_143/240726_1446",80201.547,80201.728,"ambient_background"
"Lily Adam - One Hive/recorders/wooster/2024-07-26/1_143/240726_1446",80201.728,80202.466,"ins_buzz_medium"
"Lily Adam - One Hive/recorders/wooster/2024-07-26/1_143/240726_1446",80202.466,80202.654,"ambient_background"
"Lily Adam - One Hive/recorders/wooster/2024-07-26/1_143/240726_1446",80202.654,80205.271,"ins_buzz_low"
"Lily Adam - One Hive/recorders/wooster/2024-07-26/1_143/240726_1446",80205.271,80212.996,"ambient_background"
"Lily Adam - One Hive/recorders/wooster/2024-07-26/1_143/240726_1446",80212.996,80214.164,"ins_buzz_high"
"Lily Adam - One Hive/recorders/wooster/2024-07-26/1_143/240726_1446",80214.164,80230.952,"ambient_background"
"Lily Adam - One Hive/recorders/wooster/2024-07-26/1_143/240726_1446",80230.952,80243.177,"mech_auto_car"
"Lily Adam - One Hive/recorders/wooster/2024-07-26/1_143/240726_1446",80243.177,80262.419,"ambient_background"
"Lily Adam - One Hive/recorders/wooster/2024-07-26/1_143/240726_1446",80262.419,80270.523,"ambient_rustle"
"Lily Adam - One Hive/recorders/wooster/2024-07-26/1_143/240726_1446",80270.523,80274.609,"ambient_background"
"Lily Adam - One Hive/recorders/wooster/2024-07-26/1_143/240726_1446",80274.609,80277.103,"ambient_rustle"
"Lily Adam - One Hive/recorders/wooster/2024-07-26/1_143/240726_1446",80277.103,80278.498,"ambient_background"
"Lily Adam - One Hive/recorders/wooster/2024-07-26/1_143/240726_1446",80278.498,80296.688,"mech_auto_truck"
"Lily Adam - One Hive/recorders/wooster/2024-07-26/1_143/240726_1446",80296.688,80297.263,"ambient_background"
"Lily Adam - One Hive/recorders/wooster/2024-07-26/1_143/240726_1446",80297.263,80308.544,"ambient_rustle"
"Lily Adam - One Hive/recorders/wooster/2024-07-26/1_143/240726_1446",80308.544,80316.24,"ambient_background"
"Lily Adam - One Hive/recorders/wooster/2024-07-26/1_143/240726_1446",80316.24,80319.666,"mech_auto_car"
"Lily Adam - One Hive/recorders/wooster/2024-07-26/1_143/240726_1446",80319.666,80340,"ambient_background"
"Lily Adam - One Hive/recorders/wooster/2024-07-26/1_143/240726_1446",83640,83686.3367,"ambient_background"
"Lily Adam - One Hive/recorders/wooster/2024-07-26/1_143/240726_1446",83686.3367,83686.4153,"ins_buzz_medium"
"Lily Adam - One Hive/recorders/wooster/2024-07-26/1_143/240726_1446",83686.4153,83698.1404,"ambient_background"
"Lily Adam - One Hive/recorders/wooster/2024-07-26/1_143/240726_1446",83698.1404,83735.7378,"mech_auto_truck"
"Lily Adam - One Hive/recorders/wooster/2024-07-26/1_143/240726_1446",83727.9206,83728.5826,"ins_buzz_high"
"Lily Adam - One Hive/recorders/wooster/2024-07-26/1_143/240726_1446",83735.7378,83763.05,"ambient_background"
"Lily Adam - One Hive/recorders/wooster/2024-07-26/1_143/240726_1446",83763.05,83763.769,"ins_buzz_medium"
"Lily Adam - One Hive/recorders/wooster/2024-07-26/1_143/240726_1446",83763.769,83840.714,"ambient_background"
"Lily Adam - One Hive/recorders/wooster/2024-07-26/1_143/240726_1446",83840.714,83841.865,"ins_buzz_low"
"Lily Adam - One Hive/recorders/wooster/2024-07-26/1_143/240726_1446",83840.714,83841.111,"ins_buzz_medium"
"Lily Adam - One Hive/recorders/wooster/2024-07-26/1_143/240726_1446",83841.865,83940,"ambient_background"
"Lily Adam - One Hive/recorders/wooster/2024-07-26/1_143/240726_1446",87240,87283.294,"ambient_background"
"Lily Adam - One Hive/recorders/wooster/2024-07-26/1_143/240726_1446",87283.294,87283.4332,"ins_buzz_low"
"Lily Adam - One Hive/recorders/wooster/2024-07-26/1_143/240726_1446",87283.4332,87293.8296,"ambient_background"
"Lily Adam - One Hive/recorders/wooster/2024-07-26/1_143/240726_1446",87293.8296,87294.8125,"ins_buzz_high"
"Lily Adam - One Hive/recorders/wooster/2024-07-26/1_143/240726_1446",87294.8125,87295.3728,"ambient_background"
"Lily Adam - One Hive/recorders/wooster/2024-07-26/1_143/240726_1446",87295.3728,87296.6155,"ins_buzz_high"
"Lily Adam - One Hive/recorders/wooster/2024-07-26/1_143/240726_1446",87296.6155,87302.0139,"ambient_background"
"Lily Adam - One Hive/recorders/wooster/2024-07-26/1_143/240726_1446",87302.0139,87302.7782,"ins_buzz_high"
"Lily Adam - One Hive/recorders/wooster/2024-07-26/1_143/240726_1446",87302.7782,87308.7983,"ambient_background"
"Lily Adam - One Hive/recorders/wooster/2024-07-26/1_143/240726_1446",87308.7983,87309.2044,"ins_buzz_high"
"Lily Adam - One Hive/recorders/wooster/2024-07-26/1_143/240726_1446",87309.2044,87413.273,"ambient_background"
"Lily Adam - One Hive/recorders/wooster/2024-07-26/1_143/240726_1446",87413.273,87446.998,"mech_auto truck"
"Lily Adam - One Hive/recorders/wooster/2024-07-26/1_143/240726_1446",87421.163,87421.485,"ins_buzz_medium"
"Lily Adam - One Hive/recorders/wooster/2024-07-26/1_143/240726_1446",87446.998,87455.687,"ambient_background"
"Lily Adam - One Hive/recorders/wooster/2024-07-26/1_143/240726_1446",87455.687,87456.617,"ins_buzz_medium"
"Lily Adam - One Hive/recorders/wooster/2024-07-26/1_143/240726_1446",87456.617,87485.388,"ambient_background"
"Lily Adam - One Hive/recorders/wooster/2024-07-26/1_143/240726_1446",87485.388,87485.522,"ins_buzz_medium"
"Lily Adam - One Hive/recorders/wooster/2024-07-26/1_143/240726_1446",87485.522,87540,"ambient_background"
"Lily Adam - One Hive/recorders/wooster/2024-07-26/1_143/240726_1446",90840,90852.6515,"ambient_background"
"Lily Adam - One Hive/recorders/wooster/2024-07-26/1_143/240726_1446",90852.6515,90853.8336,"ins_buzz_medium"
"Lily Adam - One Hive/recorders/wooster/2024-07-26/1_143/240726_1446",90853.8336,90859.453,"ambient_background"
"Lily Adam - One Hive/recorders/wooster/2024-07-26/1_143/240726_1446",90859.453,90859.6333,"ins_buzz_medium"
"Lily Adam - One Hive/recorders/wooster/2024-07-26/1_143/240726_1446",90859.6333,90877.8643,"ambient_background"
"Lily Adam - One Hive/recorders/wooster/2024-07-26/1_143/240726_1446",90877.8643,90878.1347,"ins_buzz_medium"
"Lily Adam - One Hive/recorders/wooster/2024-07-26/1_143/240726_1446",90878.1347,90879.452,"ambient_background"
"Lily Adam - One Hive/recorders/wooster/2024-07-26/1_143/240726_1446",90879.452,90879.7625,"ins_buzz_medium"
"Lily Adam - One Hive/recorders/wooster/2024-07-26/1_143/240726_1446",90879.7625,90885.2131,"ambient_background"
"Lily Adam - One Hive/recorders/wooster/2024-07-26/1_143/240726_1446",90885.2131,90899.151,"mech_auto_car"
"Lily Adam - One Hive/recorders/wooster/2024-07-26/1_143/240726_1446",90891.9233,90892.5802,"ins_buzz_medium"
"Lily Adam - One Hive/recorders/wooster/2024-07-26/1_143/240726_1446",90899.151,90920.5468,"ambient_background"
"Lily Adam - One Hive/recorders/wooster/2024-07-26/1_143/240726_1446",90920.5468,90920.7922,"ins_buzz_medium"
"Lily Adam - One Hive/recorders/wooster/2024-07-26/1_143/240726_1446",90920.7922,90922.7705,"ambient_background"
"Lily Adam - One Hive/recorders/wooster/2024-07-26/1_143/240726_1446",90922.7705,90923.026,"ins_buzz_medium"
"Lily Adam - One Hive/recorders/wooster/2024-07-26/1_143/240726_1446",90923.026,90931.1061,"ambient_background"
"Lily Adam - One Hive/recorders/wooster/2024-07-26/1_143/240726_1446",90931.1061,90959.322,"mech_auto_truck"
"Lily Adam - One Hive/recorders/wooster/2024-07-26/1_143/240726_1446",90959.322,90971.375,"ambient_background"
"Lily Adam - One Hive/recorders/wooster/2024-07-26/1_143/240726_1446",90971.375,90975.152,"ins_buzz_high"
"Lily Adam - One Hive/recorders/wooster/2024-07-26/1_143/240726_1446",90975.152,91027.142,"ambient_background"
"Lily Adam - One Hive/recorders/wooster/2024-07-26/1_143/240726_1446",91027.142,91051.958,"mech_auto_truck"
"Lily Adam - One Hive/recorders/wooster/2024-07-26/1_143/240726_1446",91051.958,91092.377,"ambient_background"
"Lily Adam - One Hive/recorders/wooster/2024-07-26/1_143/240726_1446",91092.377,91093.274,"ins_buzz_medium"
"Lily Adam - One Hive/recorders/wooster/2024-07-26/1_143/240726_1446",91093.274,91140,"ambient_background"
"Lily Adam - One Hive/recorders/wooster/2024-07-26/1_143/240726_1446",94440,94511.8398,"ambient_background"
"Lily Adam - One Hive/recorders/wooster/2024-07-26/1_143/240726_1446",94511.8398,94512.5347,"ins_buzz_medium"
"Lily Adam - One Hive/recorders/wooster/2024-07-26/1_143/240726_1446",94512.5347,94546.781,"ambient_background"
"Lily Adam - One Hive/recorders/wooster/2024-07-26/1_143/240726_1446",94546.781,94549.877,"mech_auto_truck"
"Lily Adam - One Hive/recorders/wooster/2024-07-26/1_143/240726_1446",94549.877,94555.451,"ambient_background"
"Lily Adam - One Hive/recorders/wooster/2024-07-26/1_143/240726_1446",94555.451,94586.726,"mech_auto_truck"
"Lily Adam - One Hive/recorders/wooster/2024-07-26/1_143/240726_1446",94586.726,94593.522,"ambient_background"
"Lily Adam - One Hive/recorders/wooster/2024-07-26/1_143/240726_1446",94593.522,94593.976,"ins_buzz_medium"
"Lily Adam - One Hive/recorders/wooster/2024-07-26/1_143/240726_1446",94593.976,94640.916,"ambient_background"
"Lily Adam - One Hive/recorders/wooster/2024-07-26/1_143/240726_1446",94640.916,94641.612,"ins_buzz_medium"
"Lily Adam - One Hive/recorders/wooster/2024-07-26/1_143/240726_1446",94641.612,94717.466,"ambient_background"
"Lily Adam - One Hive/recorders/wooster/2024-07-26/1_143/240726_1446",94717.466,94740.03,"mech_auto_truck"
"Lily Adam - One Hive/recorders/wooster/2024-07-26/1_143/240726_1446",94730.429,94731.2,"ins_buzz_medium"
"Lily Adam - One Hive/recorders/wooster/2024-07-26/1_143/240726_1446",98040,98109.9385,"mech_auto_truck"
"Lily Adam - One Hive/recorders/wooster/2024-07-26/1_143/240726_1446",98048.59249,98050.279,"ins_buzz_medium"
"Lily Adam - One Hive/recorders/wooster/2024-07-26/1_143/240726_1446",98060.41,98061.0654,"ins_buzz_low"
"Lily Adam - One Hive/recorders/wooster/2024-07-26/1_143/240726_1446",98081.0901,98081.4249,"ins_buzz_medium"
"Lily Adam - One Hive/recorders/wooster/2024-07-26/1_143/240726_1446",98109.9385,98131.9827,"ambient_background"
"Lily Adam - One Hive/recorders/wooster/2024-07-26/1_143/240726_1446",98131.9827,98132.1127,"ins_buzz_medium"
"Lily Adam - One Hive/recorders/wooster/2024-07-26/1_143/240726_1446",98132.1127,98206.673,"ambient_background"
"Lily Adam - One Hive/recorders/wooster/2024-07-26/1_143/240726_1446",98206.673,98223.905,"mech_auto_truck"
"Lily Adam - One Hive/recorders/wooster/2024-07-26/1_143/240726_1446",98222.844,98235.478,"mech_plane_prop"
"Lily Adam - One Hive/recorders/wooster/2024-07-26/1_143/240726_1446",98235.478,98238.156,"ambient_background"
"Lily Adam - One Hive/recorders/wooster/2024-07-26/1_143/240726_1446",98238.156,98263.625,"mech_plane_prop"
"Lily Adam - One Hive/recorders/wooster/2024-07-26/1_143/240726_1446",98257.795,98258.438,"ins_buzz_high"
"Lily Adam - One Hive/recorders/wooster/2024-07-26/1_143/240726_1446",98263.625,98272.859,"ambient_background"
"Lily Adam - One Hive/recorders/wooster/2024-07-26/1_143/240726_1446",98272.859,98280.54,"mech_auto_car"
"Lily Adam - One Hive/recorders/wooster/2024-07-26/1_143/240726_1446",98280.54,98301.771,"ambient_background"
"Lily Adam - One Hive/recorders/wooster/2024-07-26/1_143/240726_1446",98301.771,98302.35,"ins_buzz_medium"
"Lily Adam - One Hive/recorders/wooster/2024-07-26/1_143/240726_1446",98302.35,98334.369,"ambient_background"
"Lily Adam - One Hive/recorders/wooster/2024-07-26/1_143/240726_1446",98334.369,98340.031,"mech_auto_truck"
"Luke - Diel Drivers/2026-04-08/1_150/260408_1942",15480,15534.1548,"ambient_background"
"Luke - Diel Drivers/2026-04-08/1_150/260408_1942",15534.1548,15534.5431,"ambient_bang"
"Luke - Diel Drivers/2026-04-08/1_150/260408_1942",15534.5431,15549.6778,"ambient_background"
"Luke - Diel Drivers/2026-04-08/1_150/260408_1942",15549.6778,15551.1199,"mech_auto_car"
"Luke - Diel Drivers/2026-04-08/1_150/260408_1942",15551.1199,15560.6735,"ambient_background"
"Luke - Diel Drivers/2026-04-08/1_150/260408_1942",15560.6735,15562.5198,"mech_auto_car"
"Luke - Diel Drivers/2026-04-08/1_150/260408_1942",15562.5198,15563.6899,"ambient_background"
"Luke - Diel Drivers/2026-04-08/1_150/260408_1942",15563.6899,15566.0829,"mech_auto_car"
"Luke - Diel Drivers/2026-04-08/1_150/260408_1942",15566.0829,15635.9826,"ambient_background"
"Luke - Diel Drivers/2026-04-08/1_150/260408_1942",15635.9826,15636.3471,"mech_auto_car"
"Luke - Diel Drivers/2026-04-08/1_150/260408_1942",15636.3471,15646.5399,"ambient_background"
"Luke - Diel Drivers/2026-04-08/1_150/260408_1942",15646.5399,15647.1025,"ambient_bang"
"Luke - Diel Drivers/2026-04-08/1_150/260408_1942",15647.1025,15687.9952,"ambient_background"
"Luke - Diel Drivers/2026-04-08/1_150/260408_1942",15687.9952,15688.4311,"ambient_bang"
"Luke - Diel Drivers/2026-04-08/1_150/260408_1942",15688.4311,15701.2071,"ambient_background"
"Luke - Diel Drivers/2026-04-08/1_150/260408_1942",15701.2071,15701.2942,"ambient_bang"
"Luke - Diel Drivers/2026-04-08/1_150/260408_1942",15701.2942,15721.1886,"ambient_background"
"Luke - Diel Drivers/2026-04-08/1_150/260408_1942",15721.1886,15721.9493,"ambient_bang"
"Luke - Diel Drivers/2026-04-08/1_150/260408_1942",15721.9493,15747.2715,"ambient_background"
"Luke - Diel Drivers/2026-04-08/1_150/260408_1942",15747.2715,15747.6043,"ambient_bang"
"Luke - Diel Drivers/2026-04-08/1_150/260408_1942",15747.6043,15752.43,"ambient_background"
"Luke - Diel Drivers/2026-04-08/1_150/260408_1942",15752.43,15752.8183,"ambient_bang"
"Luke - Diel Drivers/2026-04-08/1_150/260408_1942",15752.8183,15755.4094,"ambient_background"
"Luke - Diel Drivers/2026-04-08/1_150/260408_1942",15755.4094,15755.6867,"ambient_bang"
"Luke - Diel Drivers/2026-04-08/1_150/260408_1942",15755.6867,15756.9493,"ambient_background"
"Luke - Diel Drivers/2026-04-08/1_150/260408_1942",15756.9493,15757.2583,"ambient_bang"
"Luke - Diel Drivers/2026-04-08/1_150/260408_1942",15757.2583,15780,"ambient_background"
"Luke - Diel Drivers/2026-04-08/1_150/260408_1942",19080,19088.8774,"ambient_background"
"Luke - Diel Drivers/2026-04-08/1_150/260408_1942",19088.8774,19088.925,"ambient_bang"
"Luke - Diel Drivers/2026-04-08/1_150/260408_1942",19088.925,19093.4628,"ambient_background"
"Luke - Diel Drivers/2026-04-08/1_150/260408_1942",19093.4628,19094.5959,"mech_auto_car"
"Luke - Diel Drivers/2026-04-08/1_150/260408_1942",19094.5959,19144.4532,"ambient_background"
"Luke - Diel Drivers/2026-04-08/1_150/260408_1942",19144.4532,19152.8288,"ambient_background"
"Luke - Diel Drivers/2026-04-08/1_150/260408_1942",19152.8288,19153.1696,"ambient_background"
"Luke - Diel Drivers/2026-04-08/1_150/260408_1942",19153.1696,19153.5499,"ambient_background"
"Luke - Diel Drivers/2026-04-08/1_150/260408_1942",19153.5499,19154.1838,"ambient_background"
"Luke - Diel Drivers/2026-04-08/1_150/260408_1942",19154.1838,19154.5721,"ambient_background"
"Luke - Diel Drivers/2026-04-08/1_150/260408_1942",19154.5721,19156.8067,"ambient_background"
"Luke - Diel Drivers/2026-04-08/1_150/260408_1942",19156.8067,19167.1712,"ambient_background"
"Luke - Diel Drivers/2026-04-08/1_150/260408_1942",19162.2398,19163.5314,"ambient_bang"
"Luke - Diel Drivers/2026-04-08/1_150/260408_1942",19164.5827,19165.3196,"mech_auto_car"
"Luke - Diel Drivers/2026-04-08/1_150/260408_1942",19166.4606,19167.0232,"mech_auto_car"
"Luke - Diel Drivers/2026-04-08/1_150/260408_1942",19167.1712,19167.7179,"ambient_background"
"Luke - Diel Drivers/2026-04-08/1_150/260408_1942",19167.7179,19168.1537,"ambient_background"
"Luke - Diel Drivers/2026-04-08/1_150/260408_1942",19168.1537,19168.6925,"ambient_background"
"Luke - Diel Drivers/2026-04-08/1_150/260408_1942",19168.6925,19169.1125,"ambient_background"
"Luke - Diel Drivers/2026-04-08/1_150/260408_1942",19168.8695,19169.4876,"mech_auto_car"
"Luke - Diel Drivers/2026-04-08/1_150/260408_1942",19169.514,19184.654,"ambient_background"
"Luke - Diel Drivers/2026-04-08/1_150/260408_1942",19170.1294,19170.5969,"mech_auto_car"
"Luke - Diel Drivers/2026-04-08/1_150/260408_1942",19176.1014,19177.1315,"mech_auto_car"
"Luke - Diel Drivers/2026-04-08/1_150/260408_1942",19184.654,19185.1902,"ambient_background"
"Luke - Diel Drivers/2026-04-08/1_150/260408_1942",19185.1902,19186.1331,"ambient_background"
"Luke - Diel Drivers/2026-04-08/1_150/260408_1942",19186.1331,19186.5531,"ambient_background"
"Luke - Diel Drivers/2026-04-08/1_150/260408_1942",19186.5531,19187.1553,"ambient_background"
"Luke - Diel Drivers/2026-04-08/1_150/260408_1942",19187.1553,19187.4564,"ambient_background"
"Luke - Diel Drivers/2026-04-08/1_150/260408_1942",19187.4564,19188.542,"ambient_background"
"Luke - Diel Drivers/2026-04-08/1_150/260408_1942",19188.542,19188.8827,"ambient_background"
"Luke - Diel Drivers/2026-04-08/1_150/260408_1942",19188.8827,19194.7411,"ambient_background"
"Luke - Diel Drivers/2026-04-08/1_150/260408_1942",19194.7411,19194.9445,"ambient_background"
"Luke - Diel Drivers/2026-04-08/1_150/260408_1942",19194.9445,19199.3133,"ambient_background"
"Luke - Diel Drivers/2026-04-08/1_150/260408_1942",19199.3133,19199.6619,"ambient_background"
"Luke - Diel Drivers/2026-04-08/1_150/260408_1942",19199.6619,19200.0581,"ambient_background"
"Luke - Diel Drivers/2026-04-08/1_150/260408_1942",19200.0581,19200.5415,"ambient_background"
"Luke - Diel Drivers/2026-04-08/1_150/260408_1942",19200.5415,19201.1278,"ambient_background"
"Luke - Diel Drivers/2026-04-08/1_150/260408_1942",19201.1278,19202.1025,"ambient_background"
"Luke - Diel Drivers/2026-04-08/1_150/260408_1942",19202.1025,19212.3164,"ambient_background"
"Luke - Diel Drivers/2026-04-08/1_150/260408_1942",19212.3164,19212.8103,"ambient_background"
"Luke - Diel Drivers/2026-04-08/1_150/260408_1942",19212.8103,19213.3016,"ambient_background"
"Luke - Diel Drivers/2026-04-08/1_150/260408_1942",19213.3016,19214.2921,"ambient_background"
"Luke - Diel Drivers/2026-04-08/1_150/260408_1942",19214.2921,19233.7216,"ambient_background"
"Luke - Diel Drivers/2026-04-08/1_150/260408_1942",19233.7216,19235.449,"ambient_background"
"Luke - Diel Drivers/2026-04-08/1_150/260408_1942",19235.449,19236.7565,"ambient_background"
"Luke - Diel Drivers/2026-04-08/1_150/260408_1942",19236.7565,19237.4194,"ambient_background"
"Luke - Diel Drivers/2026-04-08/1_150/260408_1942",19237.4194,19237.879,"ambient_background"
"Luke - Diel Drivers/2026-04-08/1_150/260408_1942",19237.879,19238.3782,"ambient_background"
"Luke - Diel Drivers/2026-04-08/1_150/260408_1942",19238.3782,19238.7031,"ambient_background"
"Luke - Diel Drivers/2026-04-08/1_150/260408_1942",19238.7031,19239.057,"ambient_background"
"Luke - Diel Drivers/2026-04-08/1_150/260408_1942",19239.057,19262.6466,"ambient_background"
"Luke - Diel Drivers/2026-04-08/1_150/260408_1942",19242.121,19244.1733,"mech_auto_car"
"Luke - Diel Drivers/2026-04-08/1_150/260408_1942",19249.5193,19250.6682,"mech_auto_car"
"Luke - Diel Drivers/2026-04-08/1_150/260408_1942",19262.6466,19267.4538,"ambient_background"
"Luke - Diel Drivers/2026-04-08/1_150/260408_1942",19267.4538,19267.8658,"ambient_background"
"Luke - Diel Drivers/2026-04-08/1_150/260408_1942",19267.8658,19268.2118,"ambient_background"
"Luke - Diel Drivers/2026-04-08/1_150/260408_1942",19268.2118,19269.5589,"ambient_background"
"Luke - Diel Drivers/2026-04-08/1_150/260408_1942",19269.5589,19269.8996,"ambient_background"
"Luke - Diel Drivers/2026-04-08/1_150/260408_1942",19269.8996,19270.3354,"ambient_background"
"Luke - Diel Drivers/2026-04-08/1_150/260408_1942",19270.3354,19271.7538,"ambient_background"
"Luke - Diel Drivers/2026-04-08/1_150/260408_1942",19271.7538,19272.1659,"ambient_background"
"Luke - Diel Drivers/2026-04-08/1_150/260408_1942",19272.1659,19273.5182,"ambient_background"
"Luke - Diel Drivers/2026-04-08/1_150/260408_1942",19273.5182,19284.926,"ambient_background"
"Luke - Diel Drivers/2026-04-08/1_150/260408_1942",19284.926,19285.8875,"ambient_background"
"Luke - Diel Drivers/2026-04-08/1_150/260408_1942",19285.8875,19286.3471,"ambient_background"
"Luke - Diel Drivers/2026-04-08/1_150/260408_1942",19286.3471,19286.87,"ambient_background"
"Luke - Diel Drivers/2026-04-08/1_150/260408_1942",19286.87,19289.7306,"ambient_background"
"Luke - Diel Drivers/2026-04-08/1_150/260408_1942",19289.7306,19290.7369,"ambient_background"
"Luke - Diel Drivers/2026-04-08/1_150/260408_1942",19290.7369,19292.1368,"ambient_background"
"Luke - Diel Drivers/2026-04-08/1_150/260408_1942",19292.1368,19292.8183,"ambient_background"
"Luke - Diel Drivers/2026-04-08/1_150/260408_1942",19292.8183,19307.0787,"ambient_background"
"Luke - Diel Drivers/2026-04-08/1_150/260408_1942",19298.8563,19316.3603,"mech_auto_truck"
"Luke - Diel Drivers/2026-04-08/1_150/260408_1942",19307.8315,19338.1062,"ambient_background"
"Luke - Diel Drivers/2026-04-08/1_150/260408_1942",19326.1146,19326.3444,"ambient_bang"
"Luke - Diel Drivers/2026-04-08/1_150/260408_1942",19326.4606,19332.1817,"mech_auto_truck"
"Luke - Diel Drivers/2026-04-08/1_150/260408_1942",19334.065,19341.1305,"mech_auto_truck"
"Luke - Diel Drivers/2026-04-08/1_150/260408_1942",19339.168,19356.4791,"ambient_background"
"Luke - Diel Drivers/2026-04-08/1_150/260408_1942",19355.8716,19359.2155,"mech_auto_truck"
"Luke - Diel Drivers/2026-04-08/1_150/260408_1942",19357.2715,19370.8901,"ambient_background"
"Luke - Diel Drivers/2026-04-08/1_150/260408_1942",19367.4141,19369.7042,"mech_auto_car"
"Luke - Diel Drivers/2026-04-08/1_150/260408_1942",19370.8901,19371.8568,"ambient_background"
"Luke - Diel Drivers/2026-04-08/1_150/260408_1942",19371.8568,19380,"ambient_background"
"Luke - Diel Drivers/2026-04-08/1_150/260408_1942",22680,22681.2203,"ambient_background"
"Luke - Diel Drivers/2026-04-08/1_150/260408_1942",22681.2203,22683.4152,"mech_train"
"Luke - Diel Drivers/2026-04-08/1_150/260408_1942",22683.4152,22687.3032,"ambient_background"
"Luke - Diel Drivers/2026-04-08/1_150/260408_1942",22687.3032,22687.7153,"mech_auto_truck"
"Luke - Diel Drivers/2026-04-08/1_150/260408_1942",22687.7153,22688.3492,"ambient_background"
"Luke - Diel Drivers/2026-04-08/1_150/260408_1942",22688.3492,22688.8563,"mech_auto_truck"
"Luke - Diel Drivers/2026-04-08/1_150/260408_1942",22688.8563,22689.3872,"ambient_background"
"Luke - Diel Drivers/2026-04-08/1_150/260408_1942",22689.3872,22689.9181,"mech_auto_truck"
"Luke - Diel Drivers/2026-04-08/1_150/260408_1942",22689.9181,22690.4226,"ambient_background"
"Luke - Diel Drivers/2026-04-08/1_150/260408_1942",22690.4226,22690.9614,"mech_auto_truck"
"Luke - Diel Drivers/2026-04-08/1_150/260408_1942",22690.9614,22691.4686,"ambient_background"
"Luke - Diel Drivers/2026-04-08/1_150/260408_1942",22691.4686,22692.0391,"mech_auto_truck"
"Luke - Diel Drivers/2026-04-08/1_150/260408_1942",22692.0391,22692.4987,"ambient_background"
"Luke - Diel Drivers/2026-04-08/1_150/260408_1942",22692.4987,22693.0375,"mech_auto_truck"
"Luke - Diel Drivers/2026-04-08/1_150/260408_1942",22693.0375,22694.2684,"ambient_background"
"Luke - Diel Drivers/2026-04-08/1_150/260408_1942",22694.2684,22706.1833,"ambient_background"
"Luke - Diel Drivers/2026-04-08/1_150/260408_1942",22700.8294,22701.3682,"mech_auto_truck"
"Luke - Diel Drivers/2026-04-08/1_150/260408_1942",22701.8991,22702.4221,"mech_auto_truck"
"Luke - Diel Drivers/2026-04-08/1_150/260408_1942",22702.9292,22703.4522,"mech_auto_truck"
"Luke - Diel Drivers/2026-04-08/1_150/260408_1942",22703.9752,22704.514,"mech_auto_truck"
"Luke - Diel Drivers/2026-04-08/1_150/260408_1942",22706.1833,22707.0417,"ambient_background"
"Luke - Diel Drivers/2026-04-08/1_150/260408_1942",22707.0417,22707.636,"mech_auto_truck"
"Luke - Diel Drivers/2026-04-08/1_150/260408_1942",22707.636,22708.1273,"ambient_background"
"Luke - Diel Drivers/2026-04-08/1_150/260408_1942",22708.1273,22708.6503,"mech_auto_truck"
"Luke - Diel Drivers/2026-04-08/1_150/260408_1942",22708.6503,22713.3914,"ambient_background"
"Luke - Diel Drivers/2026-04-08/1_150/260408_1942",22713.3914,22713.9065,"mech_auto_truck"
"Luke - Diel Drivers/2026-04-08/1_150/260408_1942",22713.9065,22714.3819,"ambient_background"
"Luke - Diel Drivers/2026-04-08/1_150/260408_1942",22714.3819,22714.9525,"mech_auto_truck"
"Luke - Diel Drivers/2026-04-08/1_150/260408_1942",22714.9525,22719.6302,"ambient_background"
"Luke - Diel Drivers/2026-04-08/1_150/260408_1942",22719.6302,22720.177,"mech_auto_truck"
"Luke - Diel Drivers/2026-04-08/1_150/260408_1942",22720.177,22720.6366,"ambient_background"
"Luke - Diel Drivers/2026-04-08/1_150/260408_1942",22720.6366,22721.1833,"mech_auto_truck"
"Luke - Diel Drivers/2026-04-08/1_150/260408_1942",22721.1833,22722.8262,"ambient_background"
"Luke - Diel Drivers/2026-04-08/1_150/260408_1942",22722.8262,22723.2699,"mech_auto_truck"
"Luke - Diel Drivers/2026-04-08/1_150/260408_1942",22723.2699,22723.8008,"ambient_background"
"Luke - Diel Drivers/2026-04-08/1_150/260408_1942",22723.8008,22724.308,"mech_auto_truck"
"Luke - Diel Drivers/2026-04-08/1_150/260408_1942",22724.308,22729.0386,"ambient_background"
"Luke - Diel Drivers/2026-04-08/1_150/260408_1942",22729.0386,22729.5615,"mech_auto_truck"
"Luke - Diel Drivers/2026-04-08/1_150/260408_1942",22729.5615,22733.0296,"ambient_background"
"Luke - Diel Drivers/2026-04-08/1_150/260408_1942",22733.0296,22733.9171,"mech_auto_car"
"Luke - Diel Drivers/2026-04-08/1_150/260408_1942",22733.9171,22736.318,"ambient_background"
"Luke - Diel Drivers/2026-04-08/1_150/260408_1942",22736.318,22736.9202,"mech_auto_truck"
"Luke - Diel Drivers/2026-04-08/1_150/260408_1942",22736.9202,22737.2927,"ambient_background"
"Luke - Diel Drivers/2026-04-08/1_150/260408_1942",22737.2927,22737.8236,"mech_auto_truck"
"Luke - Diel Drivers/2026-04-08/1_150/260408_1942",22737.8236,22738.4733,"ambient_background"
"Luke - Diel Drivers/2026-04-08/1_150/260408_1942",22738.4733,22738.9091,"mech_auto_truck"
"Luke - Diel Drivers/2026-04-08/1_150/260408_1942",22738.9091,22741.5267,"ambient_background"
"Luke - Diel Drivers/2026-04-08/1_150/260408_1942",22741.5267,22742.0417,"mech_auto_truck"
"Luke - Diel Drivers/2026-04-08/1_150/260408_1942",22742.0417,22743.6054,"ambient_background"
"Luke - Diel Drivers/2026-04-08/1_150/260408_1942",22743.6054,22744.1442,"mech_auto_truck"
"Luke - Diel Drivers/2026-04-08/1_150/260408_1942",22744.1442,22744.6355,"ambient_background"
"Luke - Diel Drivers/2026-04-08/1_150/260408_1942",22744.6355,22745.1822,"mech_auto_truck"
"Luke - Diel Drivers/2026-04-08/1_150/260408_1942",22745.1822,22745.7052,"ambient_background"
"Luke - Diel Drivers/2026-04-08/1_150/260408_1942",22745.7052,22746.252,"mech_auto_truck"
"Luke - Diel Drivers/2026-04-08/1_150/260408_1942",22746.252,22748.0745,"ambient_background"
"Luke - Diel Drivers/2026-04-08/1_150/260408_1942",22748.0745,22795.5626,"mech_plane_jet"
"Luke - Diel Drivers/2026-04-08/1_150/260408_1942",22786.5953,22791.3523,"ambient_background"
"Luke - Diel Drivers/2026-04-08/1_150/260408_1942",22790.9044,22791.1738,"ambient_bang"
"Luke - Diel Drivers/2026-04-08/1_150/260408_1942",22791.3957,22791.6809,"ambient_bang"
"Luke - Diel Drivers/2026-04-08/1_150/260408_1942",22792.504,22792.6836,"ambient_background"
"Luke - Diel Drivers/2026-04-08/1_150/260408_1942",22793.0613,22793.2039,"ambient_background"
"Luke - Diel Drivers/2026-04-08/1_150/260408_1942",22793.6318,22793.7982,"ambient_background"
"Luke - Diel Drivers/2026-04-08/1_150/260408_1942",22794.1601,22794.3344,"ambient_background"
"Luke - Diel Drivers/2026-04-08/1_150/260408_1942",22794.7147,22794.8732,"ambient_background"
"Luke - Diel Drivers/2026-04-08/1_150/260408_1942",22795.3328,22795.523,"ambient_background"
"Luke - Diel Drivers/2026-04-08/1_150/260408_1942",22795.6365,22797.5383,"mech_train"
"Luke - Diel Drivers/2026-04-08/1_150/260408_1942",22795.9667,22796.141,"ambient_background"
"Luke - Diel Drivers/2026-04-08/1_150/260408_1942",22796.598,22796.804,"ambient_background"
"Luke - Diel Drivers/2026-04-08/1_150/260408_1942",22797.2715,22797.4379,"ambient_background"
"Luke - Diel Drivers/2026-04-08/1_150/260408_1942",22797.5383,22797.9688,"ambient_background"
"Luke - Diel Drivers/2026-04-08/1_150/260408_1942",22797.9688,22798.1432,"ambient_background"
"Luke - Diel Drivers/2026-04-08/1_150/260408_1942",22798.1432,22798.5393,"ambient_background"
"Luke - Diel Drivers/2026-04-08/1_150/260408_1942",22798.5393,22798.7295,"ambient_background"
"Luke - Diel Drivers/2026-04-08/1_150/260408_1942",22798.7295,22799.1653,"ambient_background"
"Luke - Diel Drivers/2026-04-08/1_150/260408_1942",22799.1653,22799.3238,"ambient_background"
"Luke - Diel Drivers/2026-04-08/1_150/260408_1942",22799.3238,22799.72,"ambient_background"
"Luke - Diel Drivers/2026-04-08/1_150/260408_1942",22799.72,22799.8864,"ambient_background"
"Luke - Diel Drivers/2026-04-08/1_150/260408_1942",22799.8864,22800.3909,"ambient_background"
"Luke - Diel Drivers/2026-04-08/1_150/260408_1942",22800.3909,22800.5652,"ambient_background"
"Luke - Diel Drivers/2026-04-08/1_150/260408_1942",22800.5652,22801.0407,"ambient_background"
"Luke - Diel Drivers/2026-04-08/1_150/260408_1942",22801.0407,22801.1912,"ambient_background"
"Luke - Diel Drivers/2026-04-08/1_150/260408_1942",22801.1912,22801.7591,"ambient_background"
"Luke - Diel Drivers/2026-04-08/1_150/260408_1942",22801.7591,22801.9414,"ambient_background"
"Luke - Diel Drivers/2026-04-08/1_150/260408_1942",22801.9414,22802.5198,"ambient_background"
"Luke - Diel Drivers/2026-04-08/1_150/260408_1942",22802.5198,22802.7021,"ambient_background"
"Luke - Diel Drivers/2026-04-08/1_150/260408_1942",22802.7021,22803.1484,"ambient_background"
"Luke - Diel Drivers/2026-04-08/1_150/260408_1942",22803.1484,22803.3545,"ambient_background"
"Luke - Diel Drivers/2026-04-08/1_150/260408_1942",22803.3545,22803.7823,"ambient_background"
"Luke - Diel Drivers/2026-04-08/1_150/260408_1942",22803.7823,22803.9725,"ambient_background"
"Luke - Diel Drivers/2026-04-08/1_150/260408_1942",22803.9725,22804.4902,"ambient_background"
"Luke - Diel Drivers/2026-04-08/1_150/260408_1942",22804.4902,22804.6725,"ambient_background"
"Luke - Diel Drivers/2026-04-08/1_150/260408_1942",22804.6725,22805.1004,"ambient_background"
"Luke - Diel Drivers/2026-04-08/1_150/260408_1942",22805.1004,22805.2985,"ambient_background"
"Luke - Diel Drivers/2026-04-08/1_150/260408_1942",22805.2985,22805.6973,"ambient_background"
"Luke - Diel Drivers/2026-04-08/1_150/260408_1942",22805.6973,22805.8637,"ambient_background"
"Luke - Diel Drivers/2026-04-08/1_150/260408_1942",22805.8637,22806.4342,"ambient_background"
"Luke - Diel Drivers/2026-04-08/1_150/260408_1942",22806.4342,22806.6006,"ambient_background"
"Luke - Diel Drivers/2026-04-08/1_150/260408_1942",22806.6006,22807.084,"ambient_background"
"Luke - Diel Drivers/2026-04-08/1_150/260408_1942",22807.084,22807.29,"ambient_background"
"Luke - Diel Drivers/2026-04-08/1_150/260408_1942",22807.29,22807.7496,"ambient_background"
"Luke - Diel Drivers/2026-04-08/1_150/260408_1942",22807.7496,22807.9239,"ambient_background"
"Luke - Diel Drivers/2026-04-08/1_150/260408_1942",22807.9239,22808.3756,"ambient_background"
"Luke - Diel Drivers/2026-04-08/1_150/260408_1942",22808.3756,22808.5261,"ambient_background"
"Luke - Diel Drivers/2026-04-08/1_150/260408_1942",22808.5261,22809.1363,"ambient_background"
"Luke - Diel Drivers/2026-04-08/1_150/260408_1942",22809.1363,22809.3344,"ambient_background"
"Luke - Diel Drivers/2026-04-08/1_150/260408_1942",22809.2948,22809.7147,"ambient_bang"
"Luke - Diel Drivers/2026-04-08/1_150/260408_1942",22809.794,22809.9921,"ambient_background"
"Luke - Diel Drivers/2026-04-08/1_150/260408_1942",22809.9921,22810.4358,"ambient_background"
"Luke - Diel Drivers/2026-04-08/1_150/260408_1942",22810.4358,22810.6181,"ambient_background"
"Luke - Diel Drivers/2026-04-08/1_150/260408_1942",22810.4358,22810.6894,"ambient_bang"
"Luke - Diel Drivers/2026-04-08/1_150/260408_1942",22810.6894,22811.1331,"ambient_background"
"Luke - Diel Drivers/2026-04-08/1_150/260408_1942",22811.1331,22811.3154,"ambient_background"
"Luke - Diel Drivers/2026-04-08/1_150/260408_1942",22811.3154,22811.7036,"ambient_background"
"Luke - Diel Drivers/2026-04-08/1_150/260408_1942",22811.7036,22812.8764,"mech_train"
"Luke - Diel Drivers/2026-04-08/1_150/260408_1942",22811.8938,22812.0681,"ambient_background"
"Luke - Diel Drivers/2026-04-08/1_150/260408_1942",22812.6439,22812.8262,"ambient_background"
"Luke - Diel Drivers/2026-04-08/1_150/260408_1942",22812.8764,22813.3096,"ambient_background"
"Luke - Diel Drivers/2026-04-08/1_150/260408_1942",22813.3096,22813.4997,"ambient_background"
"Luke - Diel Drivers/2026-04-08/1_150/260408_1942",22813.4997,22814.0386,"ambient_background"
"Luke - Diel Drivers/2026-04-08/1_150/260408_1942",22814.0386,22814.197,"ambient_background"
"Luke - Diel Drivers/2026-04-08/1_150/260408_1942",22814.197,22814.7253,"ambient_background"
"Luke - Diel Drivers/2026-04-08/1_150/260408_1942",22814.7253,22814.9075,"ambient_background"
"Luke - Diel Drivers/2026-04-08/1_150/260408_1942",22814.9075,22815.486,"ambient_background"
"Luke - Diel Drivers/2026-04-08/1_150/260408_1942",22815.486,22815.6603,"ambient_background"
"Luke - Diel Drivers/2026-04-08/1_150/260408_1942",22815.6603,22816.1701,"ambient_background"
"Luke - Diel Drivers/2026-04-08/1_150/260408_1942",22816.1701,22816.3206,"ambient_background"
"Luke - Diel Drivers/2026-04-08/1_150/260408_1942",22816.3206,22816.804,"ambient_background"
"Luke - Diel Drivers/2026-04-08/1_150/260408_1942",22816.804,22816.9942,"ambient_background"
"Luke - Diel Drivers/2026-04-08/1_150/260408_1942",22816.9942,22817.533,"ambient_background"
"Luke - Diel Drivers/2026-04-08/1_150/260408_1942",22817.533,22817.747,"ambient_background"
"Luke - Diel Drivers/2026-04-08/1_150/260408_1942",22817.747,22818.3175,"ambient_background"
"Luke - Diel Drivers/2026-04-08/1_150/260408_1942",22818.3175,22818.476,"ambient_background"
"Luke - Diel Drivers/2026-04-08/1_150/260408_1942",22818.476,22819.0465,"ambient_background"
"Luke - Diel Drivers/2026-04-08/1_150/260408_1942",22819.0465,22819.205,"ambient_background"
"Luke - Diel Drivers/2026-04-08/1_150/260408_1942",22819.205,22819.934,"ambient_background"
"Luke - Diel Drivers/2026-04-08/1_150/260408_1942",22819.934,22820.1796,"ambient_background"
"Luke - Diel Drivers/2026-04-08/1_150/260408_1942",22820.1796,22820.8029,"ambient_background"
"Luke - Diel Drivers/2026-04-08/1_150/260408_1942",22820.8029,22820.9931,"ambient_background"
"Luke - Diel Drivers/2026-04-08/1_150/260408_1942",22820.9931,22821.6561,"ambient_background"
"Luke - Diel Drivers/2026-04-08/1_150/260408_1942",22821.6561,22822.0364,"ambient_bang"
"Luke - Diel Drivers/2026-04-08/1_150/260408_1942",22822.0998,22822.2583,"ambient_background"
"Luke - Diel Drivers/2026-04-08/1_150/260408_1942",22822.2583,22822.7813,"ambient_background"
"Luke - Diel Drivers/2026-04-08/1_150/260408_1942",22822.7813,22822.9794,"ambient_background"
"Luke - Diel Drivers/2026-04-08/1_150/260408_1942",22822.9794,22823.4707,"ambient_background"
"Luke - Diel Drivers/2026-04-08/1_150/260408_1942",22823.4707,22823.6529,"ambient_background"
"Luke - Diel Drivers/2026-04-08/1_150/260408_1942",22823.6529,22824.4929,"ambient_background"
"Luke - Diel Drivers/2026-04-08/1_150/260408_1942",22824.4929,22824.691,"mech_train"
"Luke - Diel Drivers/2026-04-08/1_150/260408_1942",22824.7702,22825.523,"mech_train"
"Luke - Diel Drivers/2026-04-08/1_150/260408_1942",22825.2694,22825.4596,"ambient_background"
"Luke - Diel Drivers/2026-04-08/1_150/260408_1942",22825.523,22826.0301,"ambient_background"
"Luke - Diel Drivers/2026-04-08/1_150/260408_1942",22826.0301,22826.1965,"ambient_background"
"Luke - Diel Drivers/2026-04-08/1_150/260408_1942",22826.1965,22826.7195,"ambient_background"
"Luke - Diel Drivers/2026-04-08/1_150/260408_1942",22826.7195,22826.878,"ambient_background"
"Luke - Diel Drivers/2026-04-08/1_150/260408_1942",22826.878,22827.9239,"ambient_background"
"Luke - Diel Drivers/2026-04-08/1_150/260408_1942",22827.9239,22828.122,"ambient_background"
"Luke - Diel Drivers/2026-04-08/1_150/260408_1942",22828.122,22828.6292,"ambient_background"
"Luke - Diel Drivers/2026-04-08/1_150/260408_1942",22828.6292,22828.8352,"ambient_background"
"Luke - Diel Drivers/2026-04-08/1_150/260408_1942",22828.8352,22828.962,"ambient_background"
"Luke - Diel Drivers/2026-04-08/1_150/260408_1942",22828.962,22829.3978,"mech_auto_car"
"Luke - Diel Drivers/2026-04-08/1_150/260408_1942",22829.4374,22829.5959,"ambient_background"
"Luke - Diel Drivers/2026-04-08/1_150/260408_1942",22829.5959,22830.2773,"ambient_background"
"Luke - Diel Drivers/2026-04-08/1_150/260408_1942",22830.2773,22830.4675,"ambient_background"
"Luke - Diel Drivers/2026-04-08/1_150/260408_1942",22830.4675,22830.9192,"ambient_background"
"Luke - Diel Drivers/2026-04-08/1_150/260408_1942",22830.9192,22831.1014,"ambient_background"
"Luke - Diel Drivers/2026-04-08/1_150/260408_1942",22831.1014,22831.6402,"ambient_background"
"Luke - Diel Drivers/2026-04-08/1_150/260408_1942",22831.6402,22831.7987,"ambient_background"
"Luke - Diel Drivers/2026-04-08/1_150/260408_1942",22831.7987,22832.3059,"ambient_background"
"Luke - Diel Drivers/2026-04-08/1_150/260408_1942",22832.3059,22832.5119,"ambient_background"
"Luke - Diel Drivers/2026-04-08/1_150/260408_1942",22832.5119,22832.8024,"ambient_background"
"Luke - Diel Drivers/2026-04-08/1_150/260408_1942",22832.8024,22833.3729,"mech_train"
"Luke - Diel Drivers/2026-04-08/1_150/260408_1942",22832.9952,22833.1933,"ambient_background"
"Luke - Diel Drivers/2026-04-08/1_150/260408_1942",22833.3729,22833.7586,"ambient_background"
"Luke - Diel Drivers/2026-04-08/1_150/260408_1942",22833.7586,22833.9646,"ambient_background"
"Luke - Diel Drivers/2026-04-08/1_150/260408_1942",22833.9646,22834.4876,"ambient_background"
"Luke - Diel Drivers/2026-04-08/1_150/260408_1942",22834.4876,22834.6619,"ambient_background"
"Luke - Diel Drivers/2026-04-08/1_150/260408_1942",22834.6619,22835.2641,"ambient_background"
"Luke - Diel Drivers/2026-04-08/1_150/260408_1942",22835.2641,22835.4226,"ambient_background"
"Luke - Diel Drivers/2026-04-08/1_150/260408_1942",22835.4226,22836.1833,"ambient_background"
"Luke - Diel Drivers/2026-04-08/1_150/260408_1942",22836.1833,22836.3655,"ambient_background"
"Luke - Diel Drivers/2026-04-08/1_150/260408_1942",22836.3655,22836.8172,"ambient_background"
"Luke - Diel Drivers/2026-04-08/1_150/260408_1942",22836.8172,22836.9836,"ambient_background"
"Luke - Diel Drivers/2026-04-08/1_150/260408_1942",22836.9836,22837.6096,"ambient_background"
"Luke - Diel Drivers/2026-04-08/1_150/260408_1942",22837.6096,22837.8156,"ambient_background"
"Luke - Diel Drivers/2026-04-08/1_150/260408_1942",22837.8156,22838.6688,"ambient_background"
"Luke - Diel Drivers/2026-04-08/1_150/260408_1942",22838.6688,22839.9921,"mech_train"
"Luke - Diel Drivers/2026-04-08/1_150/260408_1942",22839.2895,22839.5113,"mech_train"
"Luke - Diel Drivers/2026-04-08/1_150/260408_1942",22839.9921,22840.346,"ambient_background"
"Luke - Diel Drivers/2026-04-08/1_150/260408_1942",22840.346,22840.5599,"ambient_background"
"Luke - Diel Drivers/2026-04-08/1_150/260408_1942",22840.5599,22841.0195,"ambient_background"
"Luke - Diel Drivers/2026-04-08/1_150/260408_1942",22841.0195,22841.2256,"ambient_background"
"Luke - Diel Drivers/2026-04-08/1_150/260408_1942",22841.2256,22841.6772,"ambient_background"
"Luke - Diel Drivers/2026-04-08/1_150/260408_1942",22841.6772,22841.8674,"ambient_background"
"Luke - Diel Drivers/2026-04-08/1_150/260408_1942",22841.8674,22842.4141,"ambient_background"
"Luke - Diel Drivers/2026-04-08/1_150/260408_1942",22842.4141,22842.6202,"ambient_background"
"Luke - Diel Drivers/2026-04-08/1_150/260408_1942",22842.6202,22843.299,"ambient_background"
"Luke - Diel Drivers/2026-04-08/1_150/260408_1942",22843.299,22843.5129,"ambient_background"
"Luke - Diel Drivers/2026-04-08/1_150/260408_1942",22843.5129,22844.0121,"ambient_background"
"Luke - Diel Drivers/2026-04-08/1_150/260408_1942",22844.0121,22844.1548,"ambient_background"
"Luke - Diel Drivers/2026-04-08/1_150/260408_1942",22844.1548,22844.8177,"ambient_background"
"Luke - Diel Drivers/2026-04-08/1_150/260408_1942",22844.8177,22844.9287,"ambient_background"
"Luke - Diel Drivers/2026-04-08/1_150/260408_1942",22844.9287,22845.5547,"ambient_background"
"Luke - Diel Drivers/2026-04-08/1_150/260408_1942",22845.5547,22845.7448,"ambient_background"
"Luke - Diel Drivers/2026-04-08/1_150/260408_1942",22845.7448,22846.4342,"ambient_background"
"Luke - Diel Drivers/2026-04-08/1_150/260408_1942",22846.4342,22846.5848,"ambient_background"
"Luke - Diel Drivers/2026-04-08/1_150/260408_1942",22846.5848,22847.2108,"ambient_background"
"Luke - Diel Drivers/2026-04-08/1_150/260408_1942",22847.2108,22847.4009,"ambient_background"
"Luke - Diel Drivers/2026-04-08/1_150/260408_1942",22847.4009,22849.823,"ambient_background"
"Luke - Diel Drivers/2026-04-08/1_150/260408_1942",22849.823,22849.9498,"ambient_background"
"Luke - Diel Drivers/2026-04-08/1_150/260408_1942",22849.9498,22850.4886,"ambient_background"
"Luke - Diel Drivers/2026-04-08/1_150/260408_1942",22850.4886,22850.6313,"ambient_background"
"Luke - Diel Drivers/2026-04-08/1_150/260408_1942",22850.6313,22851.1701,"ambient_background"
"Luke - Diel Drivers/2026-04-08/1_150/260408_1942",22851.1701,22851.3286,"ambient_background"
"Luke - Diel Drivers/2026-04-08/1_150/260408_1942",22851.3286,22851.8991,"ambient_background"
"Luke - Diel Drivers/2026-04-08/1_150/260408_1942",22851.8991,22852.0813,"ambient_background"
"Luke - Diel Drivers/2026-04-08/1_150/260408_1942",22852.0813,22852.5938,"ambient_background"
"Luke - Diel Drivers/2026-04-08/1_150/260408_1942",22852.5938,22852.7602,"ambient_background"
"Luke - Diel Drivers/2026-04-08/1_150/260408_1942",22852.7602,22853.9646,"ambient_background"
"Luke - Diel Drivers/2026-04-08/1_150/260408_1942",22853.9646,22854.1231,"ambient_background"
"Luke - Diel Drivers/2026-04-08/1_150/260408_1942",22854.1231,22854.4638,"ambient_background"
"Luke - Diel Drivers/2026-04-08/1_150/260408_1942",22854.4638,22854.7887,"ambient_background"
"Luke - Diel Drivers/2026-04-08/1_150/260408_1942",22854.7887,22855.2958,"ambient_background"
"Luke - Diel Drivers/2026-04-08/1_150/260408_1942",22855.2958,22855.486,"ambient_background"
"Luke - Diel Drivers/2026-04-08/1_150/260408_1942",22855.486,22855.9535,"ambient_background"
"Luke - Diel Drivers/2026-04-08/1_150/260408_1942",22855.9535,22856.1833,"ambient_background"
"Luke - Diel Drivers/2026-04-08/1_150/260408_1942",22856.1833,22856.6984,"ambient_background"
"Luke - Diel Drivers/2026-04-08/1_150/260408_1942",22856.6984,22856.944,"ambient_background"
"Luke - Diel Drivers/2026-04-08/1_150/260408_1942",22856.944,22857.4538,"ambient_background"
"Luke - Diel Drivers/2026-04-08/1_150/260408_1942",22857.4538,22857.6519,"ambient_background"
"Luke - Diel Drivers/2026-04-08/1_150/260408_1942",22857.6519,22858.1352,"ambient_background"
"Luke - Diel Drivers/2026-04-08/1_150/260408_1942",22858.1352,22858.3175,"ambient_background"
"Luke - Diel Drivers/2026-04-08/1_150/260408_1942",22858.3175,22858.8722,"ambient_background"
"Luke - Diel Drivers/2026-04-08/1_150/260408_1942",22858.8722,22859.0465,"ambient_background"
"Luke - Diel Drivers/2026-04-08/1_150/260408_1942",22859.0465,22859.4823,"ambient_background"
"Luke - Diel Drivers/2026-04-08/1_150/260408_1942",22859.4823,22859.8389,"ambient_bang"
"Luke - Diel Drivers/2026-04-08/1_150/260408_1942",22859.8389,22860.449,"ambient_background"
"Luke - Diel Drivers/2026-04-08/1_150/260408_1942",22860.449,22860.8848,"ambient_bang"
"Luke - Diel Drivers/2026-04-08/1_150/260408_1942",22860.8848,22861.2493,"ambient_background"
"Luke - Diel Drivers/2026-04-08/1_150/260408_1942",22861.2493,22861.3127,"ambient_background"
"Luke - Diel Drivers/2026-04-08/1_150/260408_1942",22861.3127,22861.944,"ambient_background"
"Luke - Diel Drivers/2026-04-08/1_150/260408_1942",22861.944,22862.0787,"ambient_background"
"Luke - Diel Drivers/2026-04-08/1_150/260408_1942",22862.0787,22862.6571,"ambient_background"
"Luke - Diel Drivers/2026-04-08/1_150/260408_1942",22862.6571,22862.8394,"ambient_background"
"Luke - Diel Drivers/2026-04-08/1_150/260408_1942",22862.8394,22863.3861,"ambient_background"
"Luke - Diel Drivers/2026-04-08/1_150/260408_1942",22863.3861,22863.6159,"ambient_background"
"Luke - Diel Drivers/2026-04-08/1_150/260408_1942",22863.6159,22864.3687,"ambient_background"
"Luke - Diel Drivers/2026-04-08/1_150/260408_1942",22864.3687,22864.543,"ambient_background"
"Luke - Diel Drivers/2026-04-08/1_150/260408_1942",22864.543,22865.486,"ambient_background"
"Luke - Diel Drivers/2026-04-08/1_150/260408_1942",22865.486,22865.6286,"ambient_background"
"Luke - Diel Drivers/2026-04-08/1_150/260408_1942",22865.6286,22867.7734,"ambient_background"
"Luke - Diel Drivers/2026-04-08/1_150/260408_1942",22867.7734,22867.9318,"ambient_background"
"Luke - Diel Drivers/2026-04-08/1_150/260408_1942",22867.9318,22868.5658,"ambient_background"
"Luke - Diel Drivers/2026-04-08/1_150/260408_1942",22868.5658,22868.7242,"ambient_background"
"Luke - Diel Drivers/2026-04-08/1_150/260408_1942",22868.7242,22869.3793,"ambient_background"
"Luke - Diel Drivers/2026-04-08/1_150/260408_1942",22869.3793,22869.5536,"ambient_background"
"Luke - Diel Drivers/2026-04-08/1_150/260408_1942",22869.5536,22870.2271,"ambient_background"
"Luke - Diel Drivers/2026-04-08/1_150/260408_1942",22870.2271,22870.3618,"ambient_bang"
"Luke - Diel Drivers/2026-04-08/1_150/260408_1942",22870.3618,22870.6788,"ambient_background"
"Luke - Diel Drivers/2026-04-08/1_150/260408_1942",22870.6788,22870.9482,"ambient_background"
"Luke - Diel Drivers/2026-04-08/1_150/260408_1942",22870.9324,22871.1305,"ambient_background"
"Luke - Diel Drivers/2026-04-08/1_150/260408_1942",22871.1305,22871.7776,"ambient_background"
"Luke - Diel Drivers/2026-04-08/1_150/260408_1942",22871.7776,22871.944,"ambient_background"
"Luke - Diel Drivers/2026-04-08/1_150/260408_1942",22871.944,22872.5938,"ambient_background"
"Luke - Diel Drivers/2026-04-08/1_150/260408_1942",22872.5938,22872.8077,"ambient_background"
"Luke - Diel Drivers/2026-04-08/1_150/260408_1942",22872.8077,22873.299,"ambient_background"
"Luke - Diel Drivers/2026-04-08/1_150/260408_1942",22873.299,22873.4654,"ambient_background"
"Luke - Diel Drivers/2026-04-08/1_150/260408_1942",22873.4654,22873.8774,"ambient_background"
"Luke - Diel Drivers/2026-04-08/1_150/260408_1942",22873.8774,22874.0597,"ambient_background"
"Luke - Diel Drivers/2026-04-08/1_150/260408_1942",22874.0597,22874.5113,"ambient_background"
"Luke - Diel Drivers/2026-04-08/1_150/260408_1942",22874.5113,22874.6777,"ambient_background"
"Luke - Diel Drivers/2026-04-08/1_150/260408_1942",22874.6777,22875.243,"ambient_background"
"Luke - Diel Drivers/2026-04-08/1_150/260408_1942",22875.243,22875.4411,"ambient_background"
"Luke - Diel Drivers/2026-04-08/1_150/260408_1942",22875.4411,22875.9324,"ambient_background"
"Luke - Diel Drivers/2026-04-08/1_150/260408_1942",22875.9324,22876.1622,"ambient_background"
"Luke - Diel Drivers/2026-04-08/1_150/260408_1942",22876.1622,22876.6508,"ambient_background"
"Luke - Diel Drivers/2026-04-08/1_150/260408_1942",22876.6508,22876.8648,"ambient_background"
"Luke - Diel Drivers/2026-04-08/1_150/260408_1942",22876.8648,22877.3798,"ambient_background"
"Luke - Diel Drivers/2026-04-08/1_150/260408_1942",22877.3798,22877.5462,"ambient_background"
"Luke - Diel Drivers/2026-04-08/1_150/260408_1942",22877.5462,22878.1484,"ambient_background"
"Luke - Diel Drivers/2026-04-08/1_150/260408_1942",22878.1484,22878.3307,"ambient_background"
"Luke - Diel Drivers/2026-04-08/1_150/260408_1942",22878.3307,22878.9672,"ambient_background"
"Luke - Diel Drivers/2026-04-08/1_150/260408_1942",22878.9672,22879.1416,"ambient_background"
"Luke - Diel Drivers/2026-04-08/1_150/260408_1942",22879.1416,22879.9128,"ambient_background"
"Luke - Diel Drivers/2026-04-08/1_150/260408_1942",22879.9128,22880.0713,"ambient_background"
"Luke - Diel Drivers/2026-04-08/1_150/260408_1942",22880.0713,22880.6577,"ambient_background"
"Luke - Diel Drivers/2026-04-08/1_150/260408_1942",22880.6577,22880.9192,"ambient_background"
"Luke - Diel Drivers/2026-04-08/1_150/260408_1942",22880.9192,22881.598,"ambient_background"
"Luke - Diel Drivers/2026-04-08/1_150/260408_1942",22881.598,22881.7961,"ambient_background"
"Luke - Diel Drivers/2026-04-08/1_150/260408_1942",22881.7961,22884.6276,"ambient_background"
"Luke - Diel Drivers/2026-04-08/1_150/260408_1942",22884.6276,22884.7147,"ambient_background"
"Luke - Diel Drivers/2026-04-08/1_150/260408_1942",22884.7147,22885.7131,"ambient_background"
"Luke - Diel Drivers/2026-04-08/1_150/260408_1942",22885.7131,22885.8637,"ambient_background"
"Luke - Diel Drivers/2026-04-08/1_150/260408_1942",22885.8637,22886.5055,"ambient_background"
"Luke - Diel Drivers/2026-04-08/1_150/260408_1942",22886.5055,22886.5689,"ambient_background"
"Luke - Diel Drivers/2026-04-08/1_150/260408_1942",22886.5689,22888.0481,"ambient_background"
"Luke - Diel Drivers/2026-04-08/1_150/260408_1942",22888.0481,22888.1748,"ambient_background"
"Luke - Diel Drivers/2026-04-08/1_150/260408_1942",22888.1748,22888.8167,"ambient_background"
"Luke - Diel Drivers/2026-04-08/1_150/260408_1942",22888.8167,22888.9672,"ambient_background"
"Luke - Diel Drivers/2026-04-08/1_150/260408_1942",22888.9672,22889.6276,"ambient_background"
"Luke - Diel Drivers/2026-04-08/1_150/260408_1942",22889.6276,22889.794,"ambient_background"
"Luke - Diel Drivers/2026-04-08/1_150/260408_1942",22889.794,22898.1564,"ambient_background"
"Luke - Diel Drivers/2026-04-08/1_150/260408_1942",22898.1564,22898.5684,"ambient_bang"
"Luke - Diel Drivers/2026-04-08/1_150/260408_1942",22898.5684,22898.8616,"ambient_background"
"Luke - Diel Drivers/2026-04-08/1_150/260408_1942",22898.8616,22899.2974,"ambient_bang"
"Luke - Diel Drivers/2026-04-08/1_150/260408_1942",22899.2974,22910.8531,"ambient_background"
"Luke - Diel Drivers/2026-04-08/1_150/260408_1942",22910.8531,22911.2097,"ambient_bang"
"Luke - Diel Drivers/2026-04-08/1_150/260408_1942",22911.2097,22930.8399,"ambient_background"
"Luke - Diel Drivers/2026-04-08/1_150/260408_1942",22930.8399,22931.0618,"ambient_background"
"Luke - Diel Drivers/2026-04-08/1_150/260408_1942",22931.0618,22934.683,"ambient_background"
"Luke - Diel Drivers/2026-04-08/1_150/260408_1942",22934.683,22944.9075,"ambient_background"
"Luke - Diel Drivers/2026-04-08/1_150/260408_1942",22937.7073,22938.056,"ambient_bang"
"Luke - Diel Drivers/2026-04-08/1_150/260408_1942",22944.6381,22944.9868,"ambient_bang"
"Luke - Diel Drivers/2026-04-08/1_150/260408_1942",22944.9868,22980,"ambient_background"
"Luke - Diel Drivers/2026-04-08/1_150/260408_1942",29880,29880.6022,"ambient_background"
"Luke - Diel Drivers/2026-04-08/1_150/260408_1942",29880.6022,29893.0745,"ambient_background"
"Luke - Diel Drivers/2026-04-08/1_150/260408_1942",29882.1858,29883.4213,"mech_auto_car"
"Luke - Diel Drivers/2026-04-08/1_150/260408_1942",29887.7227,29892.2369,"mech_auto_car"
"Luke - Diel Drivers/2026-04-08/1_150/260408_1942",29893.0745,29894.1838,"ambient_background"
"Luke - Diel Drivers/2026-04-08/1_150/260408_1942",29894.1838,29896.6086,"ambient_background"
"Luke - Diel Drivers/2026-04-08/1_150/260408_1942",29896.6086,29898.5526,"ambient_background"
"Luke - Diel Drivers/2026-04-08/1_150/260408_1942",29898.5526,29901.0724,"ambient_background"
"Luke - Diel Drivers/2026-04-08/1_150/260408_1942",29901.0724,29902.1157,"ambient_background"
"Luke - Diel Drivers/2026-04-08/1_150/260408_1942",29902.1157,29906.7116,"ambient_background"
"Luke - Diel Drivers/2026-04-08/1_150/260408_1942",29904.7517,29907.3032,"mech_train"
"Luke - Diel Drivers/2026-04-08/1_150/260408_1942",29907.3032,29907.8764,"ambient_background"
"Luke - Diel Drivers/2026-04-08/1_150/260408_1942",29907.8764,29910.9113,"ambient_background"
"Luke - Diel Drivers/2026-04-08/1_150/260408_1942",29910.9113,29911.7274,"ambient_background"
"Luke - Diel Drivers/2026-04-08/1_150/260408_1942",29911.7274,29913.2171,"ambient_background"
"Luke - Diel Drivers/2026-04-08/1_150/260408_1942",29913.2171,29914.6857,"ambient_background"
"Luke - Diel Drivers/2026-04-08/1_150/260408_1942",29914.6857,29916.5795,"mech_train"
"Luke - Diel Drivers/2026-04-08/1_150/260408_1942",29915.2853,29917.9952,"ambient_background"
"Luke - Diel Drivers/2026-04-08/1_150/260408_1942",29917.9952,29918.859,"ambient_background"
"Luke - Diel Drivers/2026-04-08/1_150/260408_1942",29918.859,29935.1056,"ambient_background"
"Luke - Diel Drivers/2026-04-08/1_150/260408_1942",29919.4981,29920.0845,"mech_train"
"Luke - Diel Drivers/2026-04-08/1_150/260408_1942",29921.635,29921.9836,"mech_train"
"Luke - Diel Drivers/2026-04-08/1_150/260408_1942",29935.1056,29936.4131,"ambient_background"
"Luke - Diel Drivers/2026-04-08/1_150/260408_1942",29936.4131,29939.3608,"ambient_background"
"Luke - Diel Drivers/2026-04-08/1_150/260408_1942",29939.3608,29942.1368,"ambient_background"
"Luke - Diel Drivers/2026-04-08/1_150/260408_1942",29942.1368,29943.6503,"ambient_background"
"Luke - Diel Drivers/2026-04-08/1_150/260408_1942",29943.6503,29945.9324,"ambient_background"
"Luke - Diel Drivers/2026-04-08/1_150/260408_1942",29945.9324,29947.9292,"ambient_background"
"Luke - Diel Drivers/2026-04-08/1_150/260408_1942",29947.9292,29949.2684,"ambient_background"
"Luke - Diel Drivers/2026-04-08/1_150/260408_1942",29949.2684,29951.9546,"ambient_background"
"Luke - Diel Drivers/2026-04-08/1_150/260408_1942",29951.9546,29953.1009,"ambient_background"
"Luke - Diel Drivers/2026-04-08/1_150/260408_1942",29953.1009,29955.7237,"ambient_background"
"Luke - Diel Drivers/2026-04-08/1_150/260408_1942",29955.7237,29957.4115,"ambient_background"
"Luke - Diel Drivers/2026-04-08/1_150/260408_1942",29957.4115,29957.4987,"ambient_background"
"Luke - Diel Drivers/2026-04-08/1_150/260408_1942",29957.4987,29958.1748,"ambient_background"
"Luke - Diel Drivers/2026-04-08/1_150/260408_1942",29958.1748,29959.0227,"ambient_background"
"Luke - Diel Drivers/2026-04-08/1_150/260408_1942",29958.7942,29965.662,"mech_auto_car"
"Luke - Diel Drivers/2026-04-08/1_150/260408_1942",29960.8769,29963.6027,"ambient_background"
"Luke - Diel Drivers/2026-04-08/1_150/260408_1942",29964.1733,29964.8626,"ambient_background"
"Luke - Diel Drivers/2026-04-08/1_150/260408_1942",29965.6207,29966.3339,"ambient_background"
"Luke - Diel Drivers/2026-04-08/1_150/260408_1942",29966.3339,29967.1817,"ambient_background"
"Luke - Diel Drivers/2026-04-08/1_150/260408_1942",29967.1817,29968.7903,"ambient_background"
"Luke - Diel Drivers/2026-04-08/1_150/260408_1942",29968.7903,29969.5166,"ambient_background"
"Luke - Diel Drivers/2026-04-08/1_150/260408_1942",29969.5166,29972.2187,"ambient_background"
"Luke - Diel Drivers/2026-04-08/1_150/260408_1942",29972.1181,29982.8839,"mech_auto_car"
"Luke - Diel Drivers/2026-04-08/1_150/260408_1942",29975.1505,29975.4279,"ambient_background"
"Luke - Diel Drivers/2026-04-08/1_150/260408_1942",29980.309,29980.4358,"ambient_background"
"Luke - Diel Drivers/2026-04-08/1_150/260408_1942",29982.8839,29985.0649,"ambient_background"
"Luke - Diel Drivers/2026-04-08/1_150/260408_1942",29985.0649,29992.0498,"mech_auto_car"
"Luke - Diel Drivers/2026-04-08/1_150/260408_1942",29987.8685,29988.1062,"ambient_background"
"Luke - Diel Drivers/2026-04-08/1_150/260408_1942",29991.1014,29992.4723,"ambient_background"
"Luke - Diel Drivers/2026-04-08/1_150/260408_1942",29992.4723,29993.5975,"ambient_background"
"Luke - Diel Drivers/2026-04-08/1_150/260408_1942",29993.5975,29994.7227,"ambient_background"
"Luke - Diel Drivers/2026-04-08/1_150/260408_1942",29994.7227,29995.9694,"ambient_background"
"Luke - Diel Drivers/2026-04-08/1_150/260408_1942",29995.9694,29999.6144,"ambient_background"
"Luke - Diel Drivers/2026-04-08/1_150/260408_1942",29999.6144,30000.2694,"ambient_background"
"Luke - Diel Drivers/2026-04-08/1_150/260408_1942",30000.2694,30004.9208,"ambient_background"
"Luke - Diel Drivers/2026-04-08/1_150/260408_1942",30003.4494,30019.6445,"mech_auto_car"
"Luke - Diel Drivers/2026-04-08/1_150/260408_1942",30007.1474,30009.4929,"ambient_background"
"Luke - Diel Drivers/2026-04-08/1_150/260408_1942",30011.1886,30012.599,"ambient_background"
"Luke - Diel Drivers/2026-04-08/1_150/260408_1942",30013.1352,30014.205,"ambient_background"
"Luke - Diel Drivers/2026-04-08/1_150/260408_1942",30014.5932,30015.7184,"ambient_background"
"Luke - Diel Drivers/2026-04-08/1_150/260408_1942",30015.8214,30017.4141,"ambient_background"
"Luke - Diel Drivers/2026-04-08/1_150/260408_1942",30019.6857,30021.1754,"ambient_background"
"Luke - Diel Drivers/2026-04-08/1_150/260408_1942",30021.1754,30022.7496,"ambient_background"
"Luke - Diel Drivers/2026-04-08/1_150/260408_1942",30022.7496,30026.7116,"ambient_background"
"Luke - Diel Drivers/2026-04-08/1_150/260408_1942",30026.7116,30028.0428,"ambient_background"
"Luke - Diel Drivers/2026-04-08/1_150/260408_1942",30028.0428,30028.8352,"ambient_background"
"Luke - Diel Drivers/2026-04-08/1_150/260408_1942",30028.8352,30030.2509,"ambient_background"
"Luke - Diel Drivers/2026-04-08/1_150/260408_1942",30030.2509,30032.0813,"ambient_background"
"Luke - Diel Drivers/2026-04-08/1_150/260408_1942",30032.0813,30034.3872,"ambient_background"
"Luke - Diel Drivers/2026-04-08/1_150/260408_1942",30034.3872,30035.6471,"ambient_background"
"Luke - Diel Drivers/2026-04-08/1_150/260408_1942",30035.6471,30037.5013,"ambient_background"
"Luke - Diel Drivers/2026-04-08/1_150/260408_1942",30037.5013,30039.9815,"ambient_background"
"Luke - Diel Drivers/2026-04-08/1_150/260408_1942",30037.8147,30051.5967,"mech_auto_car"
"Luke - Diel Drivers/2026-04-08/1_150/260408_1942",30042.2319,30044.5615,"ambient_background"
"Luke - Diel Drivers/2026-04-08/1_150/260408_1942",30045.0185,30045.3988,"ambient_background"
"Luke - Diel Drivers/2026-04-08/1_150/260408_1942",30045.8716,30047.4168,"ambient_background"
"Luke - Diel Drivers/2026-04-08/1_150/260408_1942",30048.0745,30050.7369,"ambient_background"
"Luke - Diel Drivers/2026-04-08/1_150/260408_1942",30051.5967,30052.7364,"ambient_background"
"Luke - Diel Drivers/2026-04-08/1_150/260408_1942",30052.7364,30055.4384,"ambient_background"
"Luke - Diel Drivers/2026-04-08/1_150/260408_1942",30055.4384,30057.1923,"ambient_background"
"Luke - Diel Drivers/2026-04-08/1_150/260408_1942",30057.1923,30059.6566,"ambient_background"
"Luke - Diel Drivers/2026-04-08/1_150/260408_1942",30059.6566,30060.1954,"ambient_background"
"Luke - Diel Drivers/2026-04-08/1_150/260408_1942",30060.1954,30060.2905,"ambient_background"
"Luke - Diel Drivers/2026-04-08/1_150/260408_1942",30060.2905,30061.3893,"ambient_background"
"Luke - Diel Drivers/2026-04-08/1_150/260408_1942",30061.3893,30063.0375,"ambient_background"
"Luke - Diel Drivers/2026-04-08/1_150/260408_1942",30063.0375,30064.4797,"ambient_background"
"Luke - Diel Drivers/2026-04-08/1_150/260408_1942",30064.4797,30064.5985,"ambient_background"
"Luke - Diel Drivers/2026-04-08/1_150/260408_1942",30064.5985,30065.2087,"ambient_background"
"Luke - Diel Drivers/2026-04-08/1_150/260408_1942",30065.2087,30065.3117,"ambient_background"
"Luke - Diel Drivers/2026-04-08/1_150/260408_1942",30065.3117,30065.6048,"ambient_background"
"Luke - Diel Drivers/2026-04-08/1_150/260408_1942",30065.6048,30065.9614,"ambient_background"
"Luke - Diel Drivers/2026-04-08/1_150/260408_1942",30065.9614,30066.3101,"ambient_background"
"Luke - Diel Drivers/2026-04-08/1_150/260408_1942",30066.3101,30067.99,"ambient_background"
"Luke - Diel Drivers/2026-04-08/1_150/260408_1942",30067.99,30070.7818,"ambient_background"
"Luke - Diel Drivers/2026-04-08/1_150/260408_1942",30070.7818,30072.5489,"ambient_background"
"Luke - Diel Drivers/2026-04-08/1_150/260408_1942",30072.5489,30074.8758,"ambient_background"
"Luke - Diel Drivers/2026-04-08/1_150/260408_1942",30074.8758,30077.982,"ambient_background"
"Luke - Diel Drivers/2026-04-08/1_150/260408_1942",30077.982,30080.2113,"ambient_background"
"Luke - Diel Drivers/2026-04-08/1_150/260408_1942",30080.2113,30081.6614,"ambient_background"
"Luke - Diel Drivers/2026-04-08/1_150/260408_1942",30081.6614,30084.1733,"ambient_background"
"Luke - Diel Drivers/2026-04-08/1_150/260408_1942",30084.1733,30085.8135,"ambient_background"
"Luke - Diel Drivers/2026-04-08/1_150/260408_1942",30085.8135,30086.7644,"ambient_background"
"Luke - Diel Drivers/2026-04-08/1_150/260408_1942",30086.7644,30088.476,"ambient_background"
"Luke - Diel Drivers/2026-04-08/1_150/260408_1942",30088.476,30089.0042,"ambient_background"
"Luke - Diel Drivers/2026-04-08/1_150/260408_1942",30089.0042,30089.8204,"ambient_background"
"Luke - Diel Drivers/2026-04-08/1_150/260408_1942",30089.8204,30090.692,"ambient_background"
"Luke - Diel Drivers/2026-04-08/1_150/260408_1942",30090.692,30093.6318,"ambient_background"
"Luke - Diel Drivers/2026-04-08/1_150/260408_1942",30093.6318,30094.8441,"ambient_background"
"Luke - Diel Drivers/2026-04-08/1_150/260408_1942",30094.8441,30096.0169,"ambient_background"
"Luke - Diel Drivers/2026-04-08/1_150/260408_1942",30095.4009,30106.1202,"mech_auto_car"
"Luke - Diel Drivers/2026-04-08/1_150/260408_1942",30096.7485,30098.2858,"ambient_background"
"Luke - Diel Drivers/2026-04-08/1_150/260408_1942",30100.8611,30103.785,"ambient_background"
"Luke - Diel Drivers/2026-04-08/1_150/260408_1942",30104.9551,30108.5288,"ambient_background"
"Luke - Diel Drivers/2026-04-08/1_150/260408_1942",30108.5288,30110.1056,"ambient_background"
"Luke - Diel Drivers/2026-04-08/1_150/260408_1942",30110.1056,30110.5018,"ambient_background"
"Luke - Diel Drivers/2026-04-08/1_150/260408_1942",30110.5018,30111.231,"ambient_background"
"Luke - Diel Drivers/2026-04-08/1_150/260408_1942",30111.231,30115.593,"mech_auto_car"
"Luke - Diel Drivers/2026-04-08/1_150/260408_1942",30112.1104,30113.719,"ambient_background"
"Luke - Diel Drivers/2026-04-08/1_150/260408_1942",30114.6645,30115.5282,"ambient_background"
"Luke - Diel Drivers/2026-04-08/1_150/260408_1942",30115.593,30117.0127,"ambient_background"
"Luke - Diel Drivers/2026-04-08/1_150/260408_1942",30117.0127,30120.2298,"ambient_background"
"Luke - Diel Drivers/2026-04-08/1_150/260408_1942",30120.2298,30120.8478,"ambient_background"
"Luke - Diel Drivers/2026-04-08/1_150/260408_1942",30120.8478,30124.3106,"ambient_background"
"Luke - Diel Drivers/2026-04-08/1_150/260408_1942",30123.7559,30126.9334,"mech_train"
"Luke - Diel Drivers/2026-04-08/1_150/260408_1942",30125.3777,30127.4696,"ambient_background"
"Luke - Diel Drivers/2026-04-08/1_150/260408_1942",30127.4696,30128.5314,"ambient_background"
"Luke - Diel Drivers/2026-04-08/1_150/260408_1942",30128.5314,30131.075,"ambient_background"
"Luke - Diel Drivers/2026-04-08/1_150/260408_1942",30131.075,30131.9625,"ambient_background"
"Luke - Diel Drivers/2026-04-08/1_150/260408_1942",30131.9625,30133.8642,"ambient_background"
"Luke - Diel Drivers/2026-04-08/1_150/260408_1942",30133.8642,30134.6962,"ambient_background"
"Luke - Diel Drivers/2026-04-08/1_150/260408_1942",30134.6962,30135.0687,"ambient_background"
"Luke - Diel Drivers/2026-04-08/1_150/260408_1942",30135.0687,30136.3444,"ambient_background"
"Luke - Diel Drivers/2026-04-08/1_150/260408_1942",30136.3444,30136.487,"ambient_background"
"Luke - Diel Drivers/2026-04-08/1_150/260408_1942",30136.487,30137.1923,"ambient_background"
"Luke - Diel Drivers/2026-04-08/1_150/260408_1942",30137.1923,30139.2604,"ambient_background"
"Luke - Diel Drivers/2026-04-08/1_150/260408_1942",30139.2604,30139.5166,"ambient_background"
"Luke - Diel Drivers/2026-04-08/1_150/260408_1942",30139.5166,30140.2932,"ambient_background"
"Luke - Diel Drivers/2026-04-08/1_150/260408_1942",30140.2932,30142.8288,"ambient_background"
"Luke - Diel Drivers/2026-04-08/1_150/260408_1942",30142.8288,30144.3344,"ambient_background"
"Luke - Diel Drivers/2026-04-08/1_150/260408_1942",30144.3344,30148.8563,"ambient_background"
"Luke - Diel Drivers/2026-04-08/1_150/260408_1942",30148.8563,30149.0623,"ambient_background"
"Luke - Diel Drivers/2026-04-08/1_150/260408_1942",30149.0623,30149.5378,"ambient_background"
"Luke - Diel Drivers/2026-04-08/1_150/260408_1942",30149.5378,30149.7359,"ambient_background"
"Luke - Diel Drivers/2026-04-08/1_150/260408_1942",30149.7359,30150.0924,"ambient_background"
"Luke - Diel Drivers/2026-04-08/1_150/260408_1942",30150.0924,30150.346,"ambient_background"
"Luke - Diel Drivers/2026-04-08/1_150/260408_1942",30150.346,30151.9572,"ambient_background"
"Luke - Diel Drivers/2026-04-08/1_150/260408_1942",30151.9572,30152.0127,"ambient_background"
"Luke - Diel Drivers/2026-04-08/1_150/260408_1942",30152.0127,30155.2535,"ambient_background"
"Luke - Diel Drivers/2026-04-08/1_150/260408_1942",30155.2535,30155.4992,"ambient_background"
"Luke - Diel Drivers/2026-04-08/1_150/260408_1942",30155.4992,30156.7485,"ambient_background"
"Luke - Diel Drivers/2026-04-08/1_150/260408_1942",30156.7485,30157.85,"ambient_background"
"Luke - Diel Drivers/2026-04-08/1_150/260408_1942",30157.85,30159.7808,"ambient_background"
"Luke - Diel Drivers/2026-04-08/1_150/260408_1942",30159.7808,30161.5319,"ambient_background"
"Luke - Diel Drivers/2026-04-08/1_150/260408_1942",30161.5319,30164.9023,"ambient_background"
"Luke - Diel Drivers/2026-04-08/1_150/260408_1942",30164.9023,30165.6709,"ambient_background"
"Luke - Diel Drivers/2026-04-08/1_150/260408_1942",30165.6709,30169.0876,"ambient_background"
"Luke - Diel Drivers/2026-04-08/1_150/260408_1942",30169.0876,30177.8116,"mech_auto_car"
"Luke - Diel Drivers/2026-04-08/1_150/260408_1942",30170.0502,30172.047,"ambient_background"
"Luke - Diel Drivers/2026-04-08/1_150/260408_1942",30175.6339,30177.7496,"ambient_background"
"Luke - Diel Drivers/2026-04-08/1_150/260408_1942",30177.8116,30180,"ambient_background"
"Luke - Diel Drivers/2026-04-08/1_150/260408_1942",33480,33481.1014,"ambient_background"
"Luke - Diel Drivers/2026-04-08/1_150/260408_1942",33481.1014,33484.9128,"ambient_background"
"Luke - Diel Drivers/2026-04-08/1_150/260408_1942",33484.9128,33485.3196,"ambient_background"
"Luke - Diel Drivers/2026-04-08/1_150/260408_1942",33485.3196,33492.1421,"ambient_background"
"Luke - Diel Drivers/2026-04-08/1_150/260408_1942",33492.1421,33492.8315,"ambient_background"
"Luke - Diel Drivers/2026-04-08/1_150/260408_1942",33492.8315,33510.0317,"ambient_background"
"Luke - Diel Drivers/2026-04-08/1_150/260408_1942",33510.0317,33511.8225,"ambient_background"
"Luke - Diel Drivers/2026-04-08/1_150/260408_1942",33511.8225,33512.607,"ambient_background"
"Luke - Diel Drivers/2026-04-08/1_150/260408_1942",33512.607,33513.3201,"ambient_background"
"Luke - Diel Drivers/2026-04-08/1_150/260408_1942",33513.3201,33515.3883,"ambient_background"
"Luke - Diel Drivers/2026-04-08/1_150/260408_1942",33515.3883,33516.0882,"ambient_background"
"Luke - Diel Drivers/2026-04-08/1_150/260408_1942",33516.0882,33517.5383,"ambient_background"
"Luke - Diel Drivers/2026-04-08/1_150/260408_1942",33517.5383,33518.1484,"ambient_background"
"Luke - Diel Drivers/2026-04-08/1_150/260408_1942",33518.1484,33520.2324,"ambient_background"
"Luke - Diel Drivers/2026-04-08/1_150/260408_1942",33520.2324,33520.9852,"ambient_background"
"Luke - Diel Drivers/2026-04-08/1_150/260408_1942",33520.9852,33522.3164,"ambient_background"
"Luke - Diel Drivers/2026-04-08/1_150/260408_1942",33522.3164,33523.9778,"ambient_background"
"Luke - Diel Drivers/2026-04-08/1_150/260408_1942",33523.9778,33526.6957,"ambient_background"
"Luke - Diel Drivers/2026-04-08/1_150/260408_1942",33526.6957,33527.1078,"ambient_background"
"Luke - Diel Drivers/2026-04-08/1_150/260408_1942",33527.1078,33527.6307,"ambient_background"
"Luke - Diel Drivers/2026-04-08/1_150/260408_1942",33527.6307,33527.7417,"ambient_background"
"Luke - Diel Drivers/2026-04-08/1_150/260408_1942",33527.7417,33534.057,"ambient_background"
"Luke - Diel Drivers/2026-04-08/1_150/260408_1942",33534.057,33535.6867,"ambient_background"
"Luke - Diel Drivers/2026-04-08/1_150/260408_1942",33535.6867,33538.2224,"ambient_background"
"Luke - Diel Drivers/2026-04-08/1_150/260408_1942",33538.2224,33538.7322,"ambient_background"
"Luke - Diel Drivers/2026-04-08/1_150/260408_1942",33538.7322,33545.7528,"mech_auto_truck"
"Luke - Diel Drivers/2026-04-08/1_150/260408_1942",33539.5642,33545.1743,"ambient_background"
"Luke - Diel Drivers/2026-04-08/1_150/260408_1942",33545.7528,33547.4802,"ambient_background"
"Luke - Diel Drivers/2026-04-08/1_150/260408_1942",33547.4802,33547.6466,"ambient_background"
"Luke - Diel Drivers/2026-04-08/1_150/260408_1942",33547.6466,33548.1801,"ambient_background"
"Luke - Diel Drivers/2026-04-08/1_150/260408_1942",33548.1801,33550.589,"ambient_background"
"Luke - Diel Drivers/2026-04-08/1_150/260408_1942",33550.589,33553.0032,"ambient_background"
"Luke - Diel Drivers/2026-04-08/1_150/260408_1942",33553.0032,33556.664,"ambient_background"
"Luke - Diel Drivers/2026-04-08/1_150/260408_1942",33556.664,33557.0206,"ambient_background"
"Luke - Diel Drivers/2026-04-08/1_150/260408_1942",33557.0206,33558.2092,"mech_plane_prop"
"Luke - Diel Drivers/2026-04-08/1_150/260408_1942",33558.2092,33559.7253,"ambient_background"
"Luke - Diel Drivers/2026-04-08/1_150/260408_1942",33559.7253,33562.7047,"ambient_background"
"Luke - Diel Drivers/2026-04-08/1_150/260408_1942",33559.8891,33560.7765,"mech_plane_prop"
"Luke - Diel Drivers/2026-04-08/1_150/260408_1942",33562.6888,33563.4258,"mech_plane_prop"
"Luke - Diel Drivers/2026-04-08/1_150/260408_1942",33563.4258,33564.2763,"ambient_background"
"Luke - Diel Drivers/2026-04-08/1_150/260408_1942",33564.2763,33565.1717,"ambient_background"
"Luke - Diel Drivers/2026-04-08/1_150/260408_1942",33564.654,33567.0312,"mech_plane_prop"
"Luke - Diel Drivers/2026-04-08/1_150/260408_1942",33566.8357,33570.9588,"ambient_background"
"Luke - Diel Drivers/2026-04-08/1_150/260408_1942",33570.9588,33571.6561,"ambient_background"
"Luke - Diel Drivers/2026-04-08/1_150/260408_1942",33571.6561,33575.7052,"ambient_background"
"Luke - Diel Drivers/2026-04-08/1_150/260408_1942",33575.7052,33576.0327,"ambient_background"
"Luke - Diel Drivers/2026-04-08/1_150/260408_1942",33576.0327,33577.7602,"mech_auto_car"
"Luke - Diel Drivers/2026-04-08/1_150/260408_1942",33576.2969,33576.4316,"ambient_background"
"Luke - Diel Drivers/2026-04-08/1_150/260408_1942",33576.9308,33577.0497,"ambient_background"
"Luke - Diel Drivers/2026-04-08/1_150/260408_1942",33577.7602,33577.9424,"ambient_background"
"Luke - Diel Drivers/2026-04-08/1_150/260408_1942",33577.9424,33582.15,"ambient_background"
"Luke - Diel Drivers/2026-04-08/1_150/260408_1942",33582.15,33585.8426,"ambient_background"
"Luke - Diel Drivers/2026-04-08/1_150/260408_1942",33585.8426,33591.1067,"ambient_background"
"Luke - Diel Drivers/2026-04-08/1_150/260408_1942",33588.9488,33589.8679,"mech_auto_car"
"Luke - Diel Drivers/2026-04-08/1_150/260408_1942",33591.1067,33592.5938,"ambient_background"
"Luke - Diel Drivers/2026-04-08/1_150/260408_1942",33592.5938,33594.9868,"ambient_background"
"Luke - Diel Drivers/2026-04-08/1_150/260408_1942",33594.9868,33596.7882,"ambient_background"
"Luke - Diel Drivers/2026-04-08/1_150/260408_1942",33596.7882,33601.8278,"ambient_background"
"Luke - Diel Drivers/2026-04-08/1_150/260408_1942",33601.8991,33603.5631,"mech_auto_car"
"Luke - Diel Drivers/2026-04-08/1_150/260408_1942",33602.7654,33607.496,"ambient_background"
"Luke - Diel Drivers/2026-04-08/1_150/260408_1942",33607.3402,33609.9551,"mech_auto_car"
"Luke - Diel Drivers/2026-04-08/1_150/260408_1942",33608.0639,33611.6851,"ambient_background"
"Luke - Diel Drivers/2026-04-08/1_150/260408_1942",33611.6851,33612.5119,"ambient_background"
"Luke - Diel Drivers/2026-04-08/1_150/260408_1942",33612.5119,33612.6941,"ambient_background"
"Luke - Diel Drivers/2026-04-08/1_150/260408_1942",33612.6941,33613.2224,"ambient_background"
"Luke - Diel Drivers/2026-04-08/1_150/260408_1942",33613.2224,33617.953,"ambient_background"
"Luke - Diel Drivers/2026-04-08/1_150/260408_1942",33617.6281,33618.7057,"mech_auto_car"
"Luke - Diel Drivers/2026-04-08/1_150/260408_1942",33618.7559,33620.206,"ambient_background"
"Luke - Diel Drivers/2026-04-08/1_150/260408_1942",33620.206,33620.3962,"ambient_background"
"Luke - Diel Drivers/2026-04-08/1_150/260408_1942",33620.3962,33628.0692,"ambient_background"
"Luke - Diel Drivers/2026-04-08/1_150/260408_1942",33628.0692,33628.5737,"ambient_background"
"Luke - Diel Drivers/2026-04-08/1_150/260408_1942",33628.5737,33629.0016,"ambient_background"
"Luke - Diel Drivers/2026-04-08/1_150/260408_1942",33629.0016,33630.3962,"ambient_background"
"Luke - Diel Drivers/2026-04-08/1_150/260408_1942",33630.3962,33635.4834,"ambient_background"
"Luke - Diel Drivers/2026-04-08/1_150/260408_1942",33635.4834,33635.8003,"ambient_background"
"Luke - Diel Drivers/2026-04-08/1_150/260408_1942",33635.8003,33638.0428,"ambient_background"
"Luke - Diel Drivers/2026-04-08/1_150/260408_1942",33638.0428,33638.3756,"ambient_background"
"Luke - Diel Drivers/2026-04-08/1_150/260408_1942",33638.3756,33644.7464,"ambient_background"
"Luke - Diel Drivers/2026-04-08/1_150/260408_1942",33644.7464,33645.515,"ambient_background"
"Luke - Diel Drivers/2026-04-08/1_150/260408_1942",33645.515,33645.9033,"ambient_background"
"Luke - Diel Drivers/2026-04-08/1_150/260408_1942",33645.9033,33646.1569,"ambient_background"
"Luke - Diel Drivers/2026-04-08/1_150/260408_1942",33646.1569,33651.0222,"ambient_background"
"Luke - Diel Drivers/2026-04-08/1_150/260408_1942",33651.0222,33651.9229,"ambient_background"
"Luke - Diel Drivers/2026-04-08/1_150/260408_1942",33651.9229,33658.2858,"ambient_background"
"Luke - Diel Drivers/2026-04-08/1_150/260408_1942",33658.2858,33659.4374,"ambient_background"
"Luke - Diel Drivers/2026-04-08/1_150/260408_1942",33659.4374,33661.0618,"ambient_background"
"Luke - Diel Drivers/2026-04-08/1_150/260408_1942",33661.0618,33661.4078,"ambient_background"
"Luke - Diel Drivers/2026-04-08/1_150/260408_1942",33661.4078,33670.6075,"mech_auto_truck"
"Luke - Diel Drivers/2026-04-08/1_150/260408_1942",33662.327,33662.6915,"ambient_background"
"Luke - Diel Drivers/2026-04-08/1_150/260408_1942",33663.4284,33663.7771,"ambient_background"
"Luke - Diel Drivers/2026-04-08/1_150/260408_1942",33666.3286,33667.9371,"ambient_background"
"Luke - Diel Drivers/2026-04-08/1_150/260408_1942",33669.4268,33671.9229,"ambient_background"
"Luke - Diel Drivers/2026-04-08/1_150/260408_1942",33671.9229,33672.4141,"ambient_background"
"Luke - Diel Drivers/2026-04-08/1_150/260408_1942",33672.4141,33674.8838,"ambient_background"
"Luke - Diel Drivers/2026-04-08/1_150/260408_1942",33674.8838,33676.6455,"ambient_background"
"Luke - Diel Drivers/2026-04-08/1_150/260408_1942",33676.6455,33681.8727,"ambient_background"
"Luke - Diel Drivers/2026-04-08/1_150/260408_1942",33681.8727,33690.3169,"ambient_background"
"Luke - Diel Drivers/2026-04-08/1_150/260408_1942",33690.3169,33691.4976,"ambient_background"
"Luke - Diel Drivers/2026-04-08/1_150/260408_1942",33691.4976,33692.7496,"ambient_background"
"Luke - Diel Drivers/2026-04-08/1_150/260408_1942",33692.7496,33693.6133,"ambient_background"
"Luke - Diel Drivers/2026-04-08/1_150/260408_1942",33693.6133,33696.4818,"ambient_background"
"Luke - Diel Drivers/2026-04-08/1_150/260408_1942",33696.4818,33697.6387,"ambient_background"
"Luke - Diel Drivers/2026-04-08/1_150/260408_1942",33697.6387,33698.336,"ambient_background"
"Luke - Diel Drivers/2026-04-08/1_150/260408_1942",33698.336,33700.0079,"ambient_background"
"Luke - Diel Drivers/2026-04-08/1_150/260408_1942",33700.0079,33700.8769,"ambient_background"
"Luke - Diel Drivers/2026-04-08/1_150/260408_1942",33700.8769,33701.1701,"ambient_background"
"Luke - Diel Drivers/2026-04-08/1_150/260408_1942",33701.1701,33701.5187,"ambient_background"
"Luke - Diel Drivers/2026-04-08/1_150/260408_1942",33701.5187,33701.6534,"ambient_background"
"Luke - Diel Drivers/2026-04-08/1_150/260408_1942",33701.6534,33702.0972,"ambient_background"
"Luke - Diel Drivers/2026-04-08/1_150/260408_1942",33702.0972,33702.2319,"ambient_background"
"Luke - Diel Drivers/2026-04-08/1_150/260408_1942",33702.2319,33702.8262,"ambient_background"
"Luke - Diel Drivers/2026-04-08/1_150/260408_1942",33702.8262,33704.411,"ambient_background"
"Luke - Diel Drivers/2026-04-08/1_150/260408_1942",33704.411,33706.2176,"ambient_background"
"Luke - Diel Drivers/2026-04-08/1_150/260408_1942",33706.2176,33707.1843,"mech_auto_car"
"Luke - Diel Drivers/2026-04-08/1_150/260408_1942",33706.4078,33706.8515,"ambient_background"
"Luke - Diel Drivers/2026-04-08/1_150/260408_1942",33707.1843,33708.6635,"ambient_background"
"Luke - Diel Drivers/2026-04-08/1_150/260408_1942",33708.6635,33713.2329,"ambient_background"
"Luke - Diel Drivers/2026-04-08/1_150/260408_1942",33713.2329,33715.309,"ambient_background"
"Luke - Diel Drivers/2026-04-08/1_150/260408_1942",33715.309,33716.8198,"ambient_background"
"Luke - Diel Drivers/2026-04-08/1_150/260408_1942",33716.8198,33717.4855,"ambient_background"
"Luke - Diel Drivers/2026-04-08/1_150/260408_1942",33717.4855,33719.2974,"ambient_background"
"Luke - Diel Drivers/2026-04-08/1_150/260408_1942",33719.2974,33720.2403,"ambient_background"
"Luke - Diel Drivers/2026-04-08/1_150/260408_1942",33720.2403,33722.0787,"ambient_background"
"Luke - Diel Drivers/2026-04-08/1_150/260408_1942",33722.0787,33722.4062,"ambient_background"
"Luke - Diel Drivers/2026-04-08/1_150/260408_1942",33722.4062,33723.1907,"ambient_background"
"Luke - Diel Drivers/2026-04-08/1_150/260408_1942",33723.1907,33723.9936,"ambient_background"
"Luke - Diel Drivers/2026-04-08/1_150/260408_1942",33723.9936,33724.3265,"ambient_background"
"Luke - Diel Drivers/2026-04-08/1_150/260408_1942",33724.3265,33724.934,"ambient_background"
"Luke - Diel Drivers/2026-04-08/1_150/260408_1942",33724.934,33725.1321,"ambient_background"
"Luke - Diel Drivers/2026-04-08/1_150/260408_1942",33725.1321,33725.6524,"ambient_background"
"Luke - Diel Drivers/2026-04-08/1_150/260408_1942",33725.6524,33725.795,"ambient_background"
"Luke - Diel Drivers/2026-04-08/1_150/260408_1942",33725.795,33726.7036,"ambient_background"
"Luke - Diel Drivers/2026-04-08/1_150/260408_1942",33726.7036,33727.2583,"ambient_background"
"Luke - Diel Drivers/2026-04-08/1_150/260408_1942",33726.9863,33728.888,"ambient_background"
"Luke - Diel Drivers/2026-04-08/1_150/260408_1942",33728.888,33729.5166,"ambient_background"
"Luke - Diel Drivers/2026-04-08/1_150/260408_1942",33729.5166,33732.9767,"ambient_background"
"Luke - Diel Drivers/2026-04-08/1_150/260408_1942",33732.9767,33733.8695,"ambient_background"
"Luke - Diel Drivers/2026-04-08/1_150/260408_1942",33733.8695,33736.1991,"ambient_background"
"Luke - Diel Drivers/2026-04-08/1_150/260408_1942",33736.1991,33738.8352,"ambient_background"
"Luke - Diel Drivers/2026-04-08/1_150/260408_1942",33738.8352,33739.057,"ambient_background"
"Luke - Diel Drivers/2026-04-08/1_150/260408_1942",33739.057,33739.3344,"ambient_background"
"Luke - Diel Drivers/2026-04-08/1_150/260408_1942",33739.3344,33743.6582,"ambient_background"
"Luke - Diel Drivers/2026-04-08/1_150/260408_1942",33743.6582,33744.197,"ambient_background"
"Luke - Diel Drivers/2026-04-08/1_150/260408_1942",33744.197,33744.6011,"ambient_background"
"Luke - Diel Drivers/2026-04-08/1_150/260408_1942",33744.6011,33744.9656,"ambient_background"
"Luke - Diel Drivers/2026-04-08/1_150/260408_1942",33744.9656,33745.2509,"ambient_background"
"Luke - Diel Drivers/2026-04-08/1_150/260408_1942",33745.2509,33746.0961,"ambient_background"
"Luke - Diel Drivers/2026-04-08/1_150/260408_1942",33746.0961,33748.5024,"ambient_background"
"Luke - Diel Drivers/2026-04-08/1_150/260408_1942",33748.5024,33750.243,"ambient_background"
"Luke - Diel Drivers/2026-04-08/1_150/260408_1942",33750.243,33752.0417,"ambient_background"
"Luke - Diel Drivers/2026-04-08/1_150/260408_1942",33752.0417,33753.0137,"ambient_background"
"Luke - Diel Drivers/2026-04-08/1_150/260408_1942",33753.0137,33754.6302,"ambient_background"
"Luke - Diel Drivers/2026-04-08/1_150/260408_1942",33754.6302,33755.6207,"ambient_background"
"Luke - Diel Drivers/2026-04-08/1_150/260408_1942",33755.6207,33761.4316,"ambient_background"
"Luke - Diel Drivers/2026-04-08/1_150/260408_1942",33761.4316,33761.8119,"ambient_background"
"Luke - Diel Drivers/2026-04-08/1_150/260408_1942",33761.8119,33762.0021,"ambient_background"
"Luke - Diel Drivers/2026-04-08/1_150/260408_1942",33762.0021,33762.4379,"ambient_background"
"Luke - Diel Drivers/2026-04-08/1_150/260408_1942",33762.4379,33764.5061,"ambient_background"
"Luke - Diel Drivers/2026-04-08/1_150/260408_1942",33764.5061,33766.3365,"ambient_background"
"Luke - Diel Drivers/2026-04-08/1_150/260408_1942",33766.3365,33769.9075,"ambient_background"
"Luke - Diel Drivers/2026-04-08/1_150/260408_1942",33769.9075,33770.3275,"ambient_background"
"Luke - Diel Drivers/2026-04-08/1_150/260408_1942",33770.3275,33771.458,"ambient_background"
"Luke - Diel Drivers/2026-04-08/1_150/260408_1942",33771.458,33774.0148,"ambient_background"
"Luke - Diel Drivers/2026-04-08/1_150/260408_1942",33774.0148,33775.8848,"ambient_background"
"Luke - Diel Drivers/2026-04-08/1_150/260408_1942",33775.8848,33776.6746,"ambient_background"
"Luke - Diel Drivers/2026-04-08/1_150/260408_1942",33776.6746,33780,"ambient_background"
"Luke - Diel Drivers/2026-04-08/1_150/260408_1942",55080,55119.4048,"mech_plane_jet"
"Luke - Diel Drivers/2026-04-08/1_150/260408_1942",55098.8029,55099.9403,"ins_buzz_medium"
"Luke - Diel Drivers/2026-04-08/1_150/260408_1942",55101.1414,55102.3779,"ins_buzz_medium"
"Luke - Diel Drivers/2026-04-08/1_150/260408_1942",55102.9437,55103.0654,"ins_buzz_medium"
"Luke - Diel Drivers/2026-04-08/1_150/260408_1942",55119.4048,55136.8549,"ambient_background"
"Luke - Diel Drivers/2026-04-08/1_150/260408_1942",55136.8549,55137.8701,"ins_buzz_medium"
"Luke - Diel Drivers/2026-04-08/1_150/260408_1942",55137.8701,55141.3217,"ambient_background"
"Luke - Diel Drivers/2026-04-08/1_150/260408_1942",55141.3217,55142.3629,"ins_buzz_medium"
"Luke - Diel Drivers/2026-04-08/1_150/260408_1942",55142.3629,55145.4408,"ambient_background"
"Luke - Diel Drivers/2026-04-08/1_150/260408_1942",55145.4408,55146.2916,"ins_buzz_medium"
"Luke - Diel Drivers/2026-04-08/1_150/260408_1942",55146.2916,55146.5573,"ambient_background"
"Luke - Diel Drivers/2026-04-08/1_150/260408_1942",55146.5573,55147.5269,"ins_buzz_medium"
"Luke - Diel Drivers/2026-04-08/1_150/260408_1942",55147.5269,55153.4057,"ambient_background"
"Luke - Diel Drivers/2026-04-08/1_150/260408_1942",55153.4057,55161.1068,"mech_auto_car"
"Luke - Diel Drivers/2026-04-08/1_150/260408_1942",55161.1068,55161.398,"ambient_background"
"Luke - Diel Drivers/2026-04-08/1_150/260408_1942",55161.398,55163.6034,"ins_buzz_medium"
"Luke - Diel Drivers/2026-04-08/1_150/260408_1942",55163.6034,55163.784,"ambient_background"
"Luke - Diel Drivers/2026-04-08/1_150/260408_1942",55163.784,55164.4494,"ins_buzz_medium"
"Luke - Diel Drivers/2026-04-08/1_150/260408_1942",55164.4494,55168.2676,"ambient_background"
"Luke - Diel Drivers/2026-04-08/1_150/260408_1942",55168.2676,55169.2229,"ins_buzz_medium"
"Luke - Diel Drivers/2026-04-08/1_150/260408_1942",55169.2229,55171.0674,"ambient_background"
"Luke - Diel Drivers/2026-04-08/1_150/260408_1942",55171.0674,55171.9691,"ins_buzz_medium"
"Luke - Diel Drivers/2026-04-08/1_150/260408_1942",55171.9691,55186.6641,"ambient_background"
"Luke - Diel Drivers/2026-04-08/1_150/260408_1942",55186.6641,55188.2053,"ins_buzz_medium"
"Luke - Diel Drivers/2026-04-08/1_150/260408_1942",55188.2053,55191.5734,"ambient_background"
"Luke - Diel Drivers/2026-04-08/1_150/260408_1942",55191.5734,55192.9613,"ins_buzz_medium"
"Luke - Diel Drivers/2026-04-08/1_150/260408_1942",55192.9613,55195.4342,"ambient_background"
"Luke - Diel Drivers/2026-04-08/1_150/260408_1942",55195.4342,55197.0023,"ins_buzz_medium"
"Luke - Diel Drivers/2026-04-08/1_150/260408_1942",55197.0023,55215.8147,"ambient_background"
"Luke - Diel Drivers/2026-04-08/1_150/260408_1942",55215.8147,55216.8422,"ins_buzz_medium"
"Luke - Diel Drivers/2026-04-08/1_150/260408_1942",55216.8422,55228.1758,"ambient_background"
"Luke - Diel Drivers/2026-04-08/1_150/260408_1942",55228.1758,55231.5482,"ins_buzz_medium"
"Luke - Diel Drivers/2026-04-08/1_150/260408_1942",55231.5482,55233.9927,"ambient_background"
"Luke - Diel Drivers/2026-04-08/1_150/260408_1942",55233.9927,55271.7081,"mech_auto_truck"
"Luke - Diel Drivers/2026-04-08/1_150/260408_1942",55271.7081,55288.5221,"ambient_background"
"Luke - Diel Drivers/2026-04-08/1_150/260408_1942",55288.5221,55290.8689,"ins_buzz_medium"
"Luke - Diel Drivers/2026-04-08/1_150/260408_1942",55290.8689,55380,"ambient_background"
"Luke - Diel Drivers/2026-04-08/1_150/260408_1942",58680,58980,"mech_auto_car"
"Luke - Diel Drivers/2026-04-08/1_150/260408_1942",58687.0549,58688.8616,"ambient_rustle"
"Luke - Diel Drivers/2026-04-08/1_150/260408_1942",58690.3354,58691.2229,"ambient_rustle"
"Luke - Diel Drivers/2026-04-08/1_150/260408_1942",58692.6836,58693.1352,"ambient_rustle"
"Luke - Diel Drivers/2026-04-08/1_150/260408_1942",58695.0343,58695.2958,"ambient_rustle"
"Luke - Diel Drivers/2026-04-08/1_150/260408_1942",58695.8822,58696.2071,"ambient_rustle"
"Luke - Diel Drivers/2026-04-08/1_150/260408_1942",58696.9625,58697.2081,"ambient_background"
"Luke - Diel Drivers/2026-04-08/1_150/260408_1942",58703.2118,58703.4337,"ambient_background"
"Luke - Diel Drivers/2026-04-08/1_150/260408_1942",58711.5953,58712.0153,"ambient_background"
"Luke - Diel Drivers/2026-04-08/1_150/260408_1942",58716.2863,58717.4591,"ambient_background"
"Luke - Diel Drivers/2026-04-08/1_150/260408_1942",58718.056,58718.4522,"ambient_background"
"Luke - Diel Drivers/2026-04-08/1_150/260408_1942",58720.7343,58721.0195,"ambient_background"
"Luke - Diel Drivers/2026-04-08/1_150/260408_1942",58721.5663,58721.907,"ambient_background"
"Luke - Diel Drivers/2026-04-08/1_150/260408_1942",58736.7116,58738.5499,"mech_auto_truck"
"Luke - Diel Drivers/2026-04-08/1_150/260408_1942",58760.5124,58761.6852,"mech_auto_truck"
"Luke - Diel Drivers/2026-04-08/1_150/260408_1942",58771.9282,58772.3006,"ambient_background"
"Luke - Diel Drivers/2026-04-08/1_150/260408_1942",58784.6117,58785.7211,"ins_buzz_medium"
"Luke - Diel Drivers/2026-04-08/1_150/260408_1942",58787.9847,58788.3967,"ins_buzz_medium"
"Luke - Diel Drivers/2026-04-08/1_150/260408_1942",58790.8373,58790.9561,"ambient_bang"
"Luke - Diel Drivers/2026-04-08/1_150/260408_1942",58792.3719,58793.1088,"ins_buzz_medium"
"Luke - Diel Drivers/2026-04-08/1_150/260408_1942",58795.6841,58795.9614,"ins_buzz_medium"
"Luke - Diel Drivers/2026-04-08/1_150/260408_1942",58799.7544,58800.5705,"ins_buzz_medium"
"Luke - Diel Drivers/2026-04-08/1_150/260408_1942",58801.1384,58802.4696,"ins_buzz_medium"
"Luke - Diel Drivers/2026-04-08/1_150/260408_1942",58803.2699,58804.7755,"ins_buzz_medium"
"Luke - Diel Drivers/2026-04-08/1_150/260408_1942",58819.7491,58819.963,"ambient_background"
"Luke - Diel Drivers/2026-04-08/1_150/260408_1942",58820.8331,58822.4971,"mech_train"
"Luke - Diel Drivers/2026-04-08/1_150/260408_1942",58835.149,58836.9239,"mech_train"
"Luke - Diel Drivers/2026-04-08/1_150/260408_1942",58841.121,58842.3413,"mech_train"
"Luke - Diel Drivers/2026-04-08/1_150/260408_1942",58841.6297,58841.6931,"ambient_bang"
"Luke - Diel Drivers/2026-04-08/1_150/260408_1942",58845.1056,58845.2324,"ambient_background"
"Luke - Diel Drivers/2026-04-08/1_150/260408_1942",58846.2504,58847.5024,"mech_train"
"Luke - Diel Drivers/2026-04-08/1_150/260408_1942",58852.0285,58852.4089,"ambient_bang"
"Luke - Diel Drivers/2026-04-08/1_150/260408_1942",58852.6968,58854.6302,"mech_siren"
"Luke - Diel Drivers/2026-04-08/1_150/260408_1942",58855.0222,58857.1379,"mech_train"
"Luke - Diel Drivers/2026-04-08/1_150/260408_1942",58859.0201,58859.1706,"ambient_background"
"Luke - Diel Drivers/2026-04-08/1_150/260408_1942",58861.2308,58863.1801,"ins_buzz_medium"
"Luke - Diel Drivers/2026-04-08/1_150/260408_1942",58864.0518,58864.1152,"ins_buzz_medium"
"Luke - Diel Drivers/2026-04-08/1_150/260408_1942",58864.8294,58867.3413,"mech_train"
"Luke - Diel Drivers/2026-04-08/1_150/260408_1942",58881.841,58883.1484,"ambient_rustle"
"Luke - Diel Drivers/2026-04-08/1_150/260408_1942",58884.1468,58884.3687,"ambient_rustle"
"Luke - Diel Drivers/2026-04-08/1_150/260408_1942",58891.1516,58891.8964,"ambient_rustle"
"Luke - Diel Drivers/2026-04-08/1_150/260408_1942",58893.0824,58893.8431,"ambient_rustle"
"Luke - Diel Drivers/2026-04-08/1_150/260408_1942",58916.8832,58917.5013,"ins_buzz_medium"
"Luke - Diel Drivers/2026-04-08/1_150/260408_1942",58918.1035,58918.3729,"ins_buzz_medium"
"Luke - Diel Drivers/2026-04-08/1_150/260408_1942",58918.6276,58919.523,"mech_plane_jet"
"Luke - Diel Drivers/2026-04-08/1_150/260408_1942",58919.7411,58920.898,"ins_buzz_medium"
"Luke - Diel Drivers/2026-04-08/1_150/260408_1942",58920.8938,58922.6371,"mech_plane_jet"
"Luke - Diel Drivers/2026-04-08/1_150/260408_1942",58922.8632,58923.711,"ins_buzz_medium"
"Luke - Diel Drivers/2026-04-08/1_150/260408_1942",58923.5906,58951.4326,"mech_plane_jet"
"Luke - Diel Drivers/2026-04-08/1_150/260408_1942",58923.8114,58926.355,"ambient_background"
"Luke - Diel Drivers/2026-04-08/1_150/260408_1942",58924.4532,58926.6878,"ins_buzz_medium"
"Luke - Diel Drivers/2026-04-08/1_150/260408_1942",58952.9133,58953.0956,"ambient_background"
"Luke - Diel Drivers/2026-04-08/1_150/260408_1942",58953.6159,58955.0185,"ambient_background"
"Luke - Diel Drivers/2026-04-08/1_150/260408_1942",58954.6656,58956.9715,"mech_plane_jet"
"Luke - Diel Drivers/2026-04-08/1_150/260408_1942",58955.6709,58955.8373,"ambient_bang"
"Luke - Diel Drivers/2026-04-08/1_150/260408_1942",58960.1954,58961.0908,"ins_buzz_medium"
"Luke - Diel Drivers/2026-04-08/1_150/260408_1942",58961.6297,58961.8991,"ambient_background"
"Luke - Diel Drivers/2026-04-08/1_150/260408_1942",58963.0359,58964.4305,"mech_plane_jet"
"Luke - Diel Drivers/2026-04-08/1_150/260408_1942",58964.9086,58966.0259,"mech_plane_jet"
"Luke - Diel Drivers/2026-04-08/1_150/260408_1942",58967.0179,58980,"ambient_background"
"Luke - Diel Drivers/2026-04-08/1_150/260408_1942",58968.1944,58971.4353,"mech_plane_jet"
"Luke - Diel Drivers/2026-04-08/1_150/260408_1942",65880,65884.1997,"ambient_background"
"Luke - Diel Drivers/2026-04-08/1_150/260408_1942",65884.1997,65884.3265,"ambient_background"
"Luke - Diel Drivers/2026-04-08/1_150/260408_1942",65884.3265,65899.0676,"ambient_background"
"Luke - Diel Drivers/2026-04-08/1_150/260408_1942",65899.0676,65899.1469,"ambient_bang"
"Luke - Diel Drivers/2026-04-08/1_150/260408_1942",65899.1469,65899.3291,"ambient_background"
"Luke - Diel Drivers/2026-04-08/1_150/260408_1942",65899.3291,65899.4242,"ambient_bang"
"Luke - Diel Drivers/2026-04-08/1_150/260408_1942",65899.4242,65901.4422,"ambient_background"
"Luke - Diel Drivers/2026-04-08/1_150/260408_1942",65901.4422,65902.2504,"ambient_wind"
"Luke - Diel Drivers/2026-04-08/1_150/260408_1942",65902.2504,65902.9002,"ambient_background"
"Luke - Diel Drivers/2026-04-08/1_150/260408_1942",65902.9002,65903.0111,"ambient_background"
"Luke - Diel Drivers/2026-04-08/1_150/260408_1942",65903.0111,65903.4073,"ambient_background"
"Luke - Diel Drivers/2026-04-08/1_150/260408_1942",65903.4073,65903.5024,"ambient_background"
"Luke - Diel Drivers/2026-04-08/1_150/260408_1942",65903.5024,65904.0835,"ambient_background"
"Luke - Diel Drivers/2026-04-08/1_150/260408_1942",65904.0835,65904.44,"ambient_wind"
"Luke - Diel Drivers/2026-04-08/1_150/260408_1942",65904.44,65905.0026,"ambient_background"
"Luke - Diel Drivers/2026-04-08/1_150/260408_1942",65905.0026,65905.9218,"ambient_wind"
"Luke - Diel Drivers/2026-04-08/1_150/260408_1942",65905.9218,65906.6006,"ambient_background"
"Luke - Diel Drivers/2026-04-08/1_150/260408_1942",65906.6006,65907.2504,"ambient_background"
"Luke - Diel Drivers/2026-04-08/1_150/260408_1942",65907.2504,65908.4416,"ambient_background"
"Luke - Diel Drivers/2026-04-08/1_150/260408_1942",65913.7084,65916.252,"mech_auto_car"
"Luke - Diel Drivers/2026-04-08/1_150/260408_1942",65913.859,65914.2155,"ambient_background"
"Luke - Diel Drivers/2026-04-08/1_150/260408_1942",65917.4247,65918.0824,"ambient_background"
"Luke - Diel Drivers/2026-04-08/1_150/260408_1942",65918.571,65926.8146,"mech_auto_car"
"Luke - Diel Drivers/2026-04-08/1_150/260408_1942",65928.2567,65928.6846,"ambient_wind"
"Luke - Diel Drivers/2026-04-08/1_150/260408_1942",65929.0174,65929.3344,"ambient_wind"
"Luke - Diel Drivers/2026-04-08/1_150/260408_1942",65933.0956,65933.2224,"ambient_background"
"Luke - Diel Drivers/2026-04-08/1_150/260408_1942",65936.4131,65936.5637,"ambient_background"
"Luke - Diel Drivers/2026-04-08/1_150/260408_1942",65938.1167,65938.3386,"ambient_background"
"Luke - Diel Drivers/2026-04-08/1_150/260408_1942",65940.037,65940.4966,"ambient_background"
"Luke - Diel Drivers/2026-04-08/1_150/260408_1942",65940.7897,65941.2097,"ambient_background"
"Luke - Diel Drivers/2026-04-08/1_150/260408_1942",65941.3576,65941.7776,"ambient_bang"
"Luke - Diel Drivers/2026-04-08/1_150/260408_1942",65946.3867,65948.3677,"ambient_wind"
"Luke - Diel Drivers/2026-04-08/1_150/260408_1942",65948.3307,65951.4765,"ambient_rustle"
"Luke - Diel Drivers/2026-04-08/1_150/260408_1942",65951.149,65952.4406,"ambient_wind"
"Luke - Diel Drivers/2026-04-08/1_150/260408_1942",65952.4406,65953.2356,"ambient_background"
"Luke - Diel Drivers/2026-04-08/1_150/260408_1942",65953.5499,65953.6767,"ambient_background"
"Luke - Diel Drivers/2026-04-08/1_150/260408_1942",65954.0174,65954.5959,"ambient_background"
"Luke - Diel Drivers/2026-04-08/1_150/260408_1942",65959.4136,65959.5193,"ambient_wind"
"Luke - Diel Drivers/2026-04-08/1_150/260408_1942",65962.4643,65965.4385,"mech_auto_car"
"Luke - Diel Drivers/2026-04-08/1_150/260408_1942",65965.4385,65966.3101,"ambient_background"
"Luke - Diel Drivers/2026-04-08/1_150/260408_1942",65966.3101,65966.738,"mech_auto_car"
"Luke - Diel Drivers/2026-04-08/1_150/260408_1942",65966.738,65968.4046,"ambient_background"
"Luke - Diel Drivers/2026-04-08/1_150/260408_1942",65968.4046,65969.0544,"ambient_wind"
"Luke - Diel Drivers/2026-04-08/1_150/260408_1942",65969.0544,65969.8442,"ambient_background"
"Luke - Diel Drivers/2026-04-08/1_150/260408_1942",65969.8442,65970.486,"ambient_wind"
"Luke - Diel Drivers/2026-04-08/1_150/260408_1942",65970.486,65972.4907,"ambient_background"
"Luke - Diel Drivers/2026-04-08/1_150/260408_1942",65972.4907,65972.982,"ambient_rustle"
"Luke - Diel Drivers/2026-04-08/1_150/260408_1942",65972.982,65973.4495,"ambient_background"
"Luke - Diel Drivers/2026-04-08/1_150/260408_1942",65973.4495,65975.4226,"ambient_wind"
"Luke - Diel Drivers/2026-04-08/1_150/260408_1942",65975.4226,65976.2625,"ambient_background"
"Luke - Diel Drivers/2026-04-08/1_150/260408_1942",65976.2625,65977.5938,"ambient_wind"
"Luke - Diel Drivers/2026-04-08/1_150/260408_1942",65977.5938,65979.4876,"ambient_background"
"Luke - Diel Drivers/2026-04-08/1_150/260408_1942",65979.4876,65982.2372,"ambient_wind"
"Luke - Diel Drivers/2026-04-08/1_150/260408_1942",65982.2372,65982.5304,"ambient_background"
"Luke - Diel Drivers/2026-04-08/1_150/260408_1942",65982.5304,65983.2118,"mech_auto_car"
"Luke - Diel Drivers/2026-04-08/1_150/260408_1942",65983.0269,65983.6054,"ambient_rustle"
"Luke - Diel Drivers/2026-04-08/1_150/260408_1942",65983.6054,65983.9355,"ambient_background"
"Luke - Diel Drivers/2026-04-08/1_150/260408_1942",65983.9355,65986.495,"mech_auto_car"
"Luke - Diel Drivers/2026-04-08/1_150/260408_1942",65986.1965,65986.458,"ambient_background"
"Luke - Diel Drivers/2026-04-08/1_150/260408_1942",65986.495,65987.9134,"ambient_background"
"Luke - Diel Drivers/2026-04-08/1_150/260408_1942",65987.9134,65988.262,"ambient_background"
"Luke - Diel Drivers/2026-04-08/1_150/260408_1942",65988.262,65989.0755,"ambient_background"
"Luke - Diel Drivers/2026-04-08/1_150/260408_1942",65989.0755,65992.4036,"ins_buzz_medium"
"Luke - Diel Drivers/2026-04-08/1_150/260408_1942",65990.1056,65990.5018,"ambient_background"
"Luke - Diel Drivers/2026-04-08/1_150/260408_1942",65990.8901,65991.1675,"ambient_background"
"Luke - Diel Drivers/2026-04-08/1_150/260408_1942",65991.878,65992.0127,"ambient_background"
"Luke - Diel Drivers/2026-04-08/1_150/260408_1942",65992.4036,65992.8368,"ambient_background"
"Luke - Diel Drivers/2026-04-08/1_150/260408_1942",65992.8368,65993.1696,"ambient_background"
"Luke - Diel Drivers/2026-04-08/1_150/260408_1942",65993.1696,65993.8114,"ambient_background"
"Luke - Diel Drivers/2026-04-08/1_150/260408_1942",65993.8114,65994.0095,"ambient_background"
"Luke - Diel Drivers/2026-04-08/1_150/260408_1942",65994.0095,65994.6725,"ambient_background"
"Luke - Diel Drivers/2026-04-08/1_150/260408_1942",65994.6725,65994.7834,"ambient_background"
"Luke - Diel Drivers/2026-04-08/1_150/260408_1942",65994.7834,65995.2905,"ambient_background"
"Luke - Diel Drivers/2026-04-08/1_150/260408_1942",65995.2905,65995.3777,"ambient_background"
"Luke - Diel Drivers/2026-04-08/1_150/260408_1942",65995.3777,65995.8769,"ambient_background"
"Luke - Diel Drivers/2026-04-08/1_150/260408_1942",65995.8769,65996.1384,"ambient_wind"
"Luke - Diel Drivers/2026-04-08/1_150/260408_1942",65996.1384,65996.7301,"ambient_background"
"Luke - Diel Drivers/2026-04-08/1_150/260408_1942",65996.7301,65997.4511,"ambient_wind"
"Luke - Diel Drivers/2026-04-08/1_150/260408_1942",65997.4511,65997.8737,"ambient_background"
"Luke - Diel Drivers/2026-04-08/1_150/260408_1942",65997.8737,65998.0798,"ambient_background"
"Luke - Diel Drivers/2026-04-08/1_150/260408_1942",65998.0798,65999.4664,"ambient_background"
"Luke - Diel Drivers/2026-04-08/1_150/260408_1942",65999.4664,66001.0354,"ambient_wind"
"Luke - Diel Drivers/2026-04-08/1_150/260408_1942",65999.6012,65999.7676,"ambient_background"
"Luke - Diel Drivers/2026-04-08/1_150/260408_1942",66001.0354,66002.1606,"ambient_background"
"Luke - Diel Drivers/2026-04-08/1_150/260408_1942",66002.1606,66002.3428,"ins_buzz_medium"
"Luke - Diel Drivers/2026-04-08/1_150/260408_1942",66002.3428,66002.5832,"ambient_background"
"Luke - Diel Drivers/2026-04-08/1_150/260408_1942",66002.5832,66002.7417,"ambient_background"
"Luke - Diel Drivers/2026-04-08/1_150/260408_1942",66002.7417,66004.786,"ambient_background"
"Luke - Diel Drivers/2026-04-08/1_150/260408_1942",66004.786,66005.0792,"ambient_wind"
"Luke - Diel Drivers/2026-04-08/1_150/260408_1942",66005.0792,66006.2784,"ambient_background"
"Luke - Diel Drivers/2026-04-08/1_150/260408_1942",66006.2784,66007.4987,"ambient_wind"
"Luke - Diel Drivers/2026-04-08/1_150/260408_1942",66007.4987,66012.4406,"ambient_background"
"Luke - Diel Drivers/2026-04-08/1_150/260408_1942",66012.4406,66013.4865,"ins_buzz_medium"
"Luke - Diel Drivers/2026-04-08/1_150/260408_1942",66013.4865,66014.3106,"ambient_background"
"Luke - Diel Drivers/2026-04-08/1_150/260408_1942",66014.3106,66015.2298,"ins_buzz_medium"
"Luke - Diel Drivers/2026-04-08/1_150/260408_1942",66015.2298,66016.6719,"ambient_background"
"Luke - Diel Drivers/2026-04-08/1_150/260408_1942",66016.6719,66017.6941,"ins_buzz_medium"
"Luke - Diel Drivers/2026-04-08/1_150/260408_1942",66016.8304,66018.2409,"ambient_wind"
"Luke - Diel Drivers/2026-04-08/1_150/260408_1942",66018.2409,66019.8864,"ambient_background"
"Luke - Diel Drivers/2026-04-08/1_150/260408_1942",66019.8864,66020.346,"ambient_wind"
"Luke - Diel Drivers/2026-04-08/1_150/260408_1942",66020.346,66020.9377,"ambient_background"
"Luke - Diel Drivers/2026-04-08/1_150/260408_1942",66020.9377,66021.4025,"ambient_wind"
"Luke - Diel Drivers/2026-04-08/1_150/260408_1942",66021.4025,66024.6223,"ambient_background"
"Luke - Diel Drivers/2026-04-08/1_150/260408_1942",66024.6223,66026.3655,"ambient_wind"
"Luke - Diel Drivers/2026-04-08/1_150/260408_1942",66025.0106,66026.4844,"mech_auto_car"
"Luke - Diel Drivers/2026-04-08/1_150/260408_1942",66026.4844,66027.3745,"ambient_background"
"Luke - Diel Drivers/2026-04-08/1_150/260408_1942",66027.3745,66029.8626,"ambient_wind"
"Luke - Diel Drivers/2026-04-08/1_150/260408_1942",66029.8626,66030.7184,"ambient_background"
"Luke - Diel Drivers/2026-04-08/1_150/260408_1942",66030.7184,66031.7961,"ambient_wind"
"Luke - Diel Drivers/2026-04-08/1_150/260408_1942",66031.7961,66034.9841,"ambient_background"
"Luke - Diel Drivers/2026-04-08/1_150/260408_1942",66034.9841,66036.2837,"mech_auto_car"
"Luke - Diel Drivers/2026-04-08/1_150/260408_1942",66036.2837,66040.9905,"ambient_background"
"Luke - Diel Drivers/2026-04-08/1_150/260408_1942",66040.9905,66041.6085,"ambient_wind"
"Luke - Diel Drivers/2026-04-08/1_150/260408_1942",66041.6085,66042.4987,"ambient_background"
"Luke - Diel Drivers/2026-04-08/1_150/260408_1942",66042.4987,66042.7839,"ambient_rustle"
"Luke - Diel Drivers/2026-04-08/1_150/260408_1942",66042.7839,66044.7649,"ambient_background"
"Luke - Diel Drivers/2026-04-08/1_150/260408_1942",66044.7649,66053.2435,"mech_auto_car"
"Luke - Diel Drivers/2026-04-08/1_150/260408_1942",66053.2435,66054.6328,"ambient_background"
"Luke - Diel Drivers/2026-04-08/1_150/260408_1942",66054.6328,66055.5916,"mech_auto_car"
"Luke - Diel Drivers/2026-04-08/1_150/260408_1942",66054.8098,66057.3613,"ambient_wind"
"Luke - Diel Drivers/2026-04-08/1_150/260408_1942",66057.3613,66059.028,"ambient_background"
"Luke - Diel Drivers/2026-04-08/1_150/260408_1942",66059.028,66061.0248,"ambient_wind"
"Luke - Diel Drivers/2026-04-08/1_150/260408_1942",66059.1706,66059.2657,"ambient_bang"
"Luke - Diel Drivers/2026-04-08/1_150/260408_1942",66061.0248,66062.7919,"ambient_background"
"Luke - Diel Drivers/2026-04-08/1_150/260408_1942",66062.7919,66063.9197,"ambient_wind"
"Luke - Diel Drivers/2026-04-08/1_150/260408_1942",66063.9197,66073.9936,"ambient_background"
"Luke - Diel Drivers/2026-04-08/1_150/260408_1942",66073.9936,66074.3344,"ambient_wind"
"Luke - Diel Drivers/2026-04-08/1_150/260408_1942",66074.3344,66075.8769,"ambient_background"
"Luke - Diel Drivers/2026-04-08/1_150/260408_1942",66075.8769,66076.4395,"ambient_wind"
"Luke - Diel Drivers/2026-04-08/1_150/260408_1942",66076.4395,66078.8616,"ambient_background"
"Luke - Diel Drivers/2026-04-08/1_150/260408_1942",66078.8616,66079.86,"ambient_wind"
"Luke - Diel Drivers/2026-04-08/1_150/260408_1942",66079.86,66085.4754,"ambient_background"
"Luke - Diel Drivers/2026-04-08/1_150/260408_1942",66085.4754,66086.1331,"mech_auto_car"
"Luke - Diel Drivers/2026-04-08/1_150/260408_1942",66086.1331,66093.6767,"ambient_background"
"Luke - Diel Drivers/2026-04-08/1_150/260408_1942",66093.6767,66093.9936,"ambient_background"
"Luke - Diel Drivers/2026-04-08/1_150/260408_1942",66093.9936,66094.5246,"ambient_background"
"Luke - Diel Drivers/2026-04-08/1_150/260408_1942",66094.5246,66095.412,"ambient_background"
"Luke - Diel Drivers/2026-04-08/1_150/260408_1942",66095.412,66096.6746,"ambient_background"
"Luke - Diel Drivers/2026-04-08/1_150/260408_1942",66096.6746,66097.8632,"ambient_background"
"Luke - Diel Drivers/2026-04-08/1_150/260408_1942",66097.8632,66099.1284,"ambient_background"
"Luke - Diel Drivers/2026-04-08/1_150/260408_1942",66099.1284,66099.2472,"ambient_background"
"Luke - Diel Drivers/2026-04-08/1_150/260408_1942",66099.2472,66100.4279,"ambient_background"
"Luke - Diel Drivers/2026-04-08/1_150/260408_1942",66100.4279,66100.5705,"ambient_background"
"Luke - Diel Drivers/2026-04-08/1_150/260408_1942",66100.5705,66101.1146,"ambient_background"
"Luke - Diel Drivers/2026-04-08/1_150/260408_1942",66101.6323,66101.7591,"ambient_background"
"Luke - Diel Drivers/2026-04-08/1_150/260408_1942",66103.7718,66103.8906,"ambient_background"
"Luke - Diel Drivers/2026-04-08/1_150/260408_1942",66105.2271,66105.3539,"ambient_background"
"Luke - Diel Drivers/2026-04-08/1_150/260408_1942",66106.6059,66106.7644,"ambient_background"
"Luke - Diel Drivers/2026-04-08/1_150/260408_1942",66109.5113,66112.5462,"ambient_background"
"Luke - Diel Drivers/2026-04-08/1_150/260408_1942",66109.7702,66110.729,"ambient_wind"
"Luke - Diel Drivers/2026-04-08/1_150/260408_1942",66110.663,66112.5251,"mech_auto_car"
"Luke - Diel Drivers/2026-04-08/1_150/260408_1942",66114.3423,66115.2456,"ambient_wind"
"Luke - Diel Drivers/2026-04-08/1_150/260408_1942",66116.4897,66116.9334,"ambient_wind"
"Luke - Diel Drivers/2026-04-08/1_150/260408_1942",66117.5753,66117.9398,"ambient_wind"
"Luke - Diel Drivers/2026-04-08/1_150/260408_1942",66121.3312,66123.225,"mech_auto_car"
"Luke - Diel Drivers/2026-04-08/1_150/260408_1942",66123.0032,66123.7401,"mech_auto_car"
"Luke - Diel Drivers/2026-04-08/1_150/260408_1942",66125.6735,66126.3867,"mech_auto_car"
"Luke - Diel Drivers/2026-04-08/1_150/260408_1942",66133.9355,66134.9815,"ins_buzz_medium"
"Luke - Diel Drivers/2026-04-08/1_150/260408_1942",66134.1548,66134.7649,"ambient_bang"
"Luke - Diel Drivers/2026-04-08/1_150/260408_1942",66135.7792,66136.001,"ambient_bang"
"Luke - Diel Drivers/2026-04-08/1_150/260408_1942",66142.5621,66142.9503,"ambient_bang"
"Luke - Diel Drivers/2026-04-08/1_150/260408_1942",66147.1685,66148.6107,"mech_auto_car"
"Luke - Diel Drivers/2026-04-08/1_150/260408_1942",66148.4812,66149.4163,"ins_buzz_medium"
"Luke - Diel Drivers/2026-04-08/1_150/260408_1942",66155.6365,66157.9133,"ambient_background"
"Luke - Diel Drivers/2026-04-08/1_150/260408_1942",66157.9133,66160.2588,"mech_auto_car"
"Luke - Diel Drivers/2026-04-08/1_150/260408_1942",66158.8484,66159.3317,"ins_buzz_medium"
"Luke - Diel Drivers/2026-04-08/1_150/260408_1942",66160.2588,66166.5584,"ambient_background"
"Luke - Diel Drivers/2026-04-08/1_150/260408_1942",66166.5584,66167.0576,"ins_buzz_medium"
"Luke - Diel Drivers/2026-04-08/1_150/260408_1942",66167.0576,66170.9931,"ambient_background"
"Luke - Diel Drivers/2026-04-08/1_150/260408_1942",66170.9931,66172.4194,"mech_auto_car"
"Luke - Diel Drivers/2026-04-08/1_150/260408_1942",66172.364,66173.9567,"ins_buzz_medium"
"Luke - Diel Drivers/2026-04-08/1_150/260408_1942",66173.9567,66176.4157,"ambient_background"
"Luke - Diel Drivers/2026-04-08/1_150/260408_1942",66176.4157,66176.7089,"ambient_wind"
"Luke - Diel Drivers/2026-04-08/1_150/260408_1942",66176.7089,66180,"ambient_background"
"Luke - Diel Drivers/2026-04-08/1_150/260408_1942",69480,69531.652,"ambient_background"
"Luke - Diel Drivers/2026-04-08/1_150/260408_1942",69531.652,69532.6587,"ins_buzz_medium"
"Luke - Diel Drivers/2026-04-08/1_150/260408_1942",69532.6587,69536.8246,"ambient_background"
"Luke - Diel Drivers/2026-04-08/1_150/260408_1942",69536.8246,69560.8182,"mech_auto_car"
"Luke - Diel Drivers/2026-04-08/1_150/260408_1942",69547.0174,69548.0711,"ins_buzz_medium"
"Luke - Diel Drivers/2026-04-08/1_150/260408_1942",69552.7057,69555.3015,"ins_buzz_medium"
"Luke - Diel Drivers/2026-04-08/1_150/260408_1942",69560.8182,69561.8724,"ambient_background"
"Luke - Diel Drivers/2026-04-08/1_150/260408_1942",69561.8724,69563.3658,"ins_buzz_medium"
"Luke - Diel Drivers/2026-04-08/1_150/260408_1942",69563.3658,69568.523,"ambient_background"
"Luke - Diel Drivers/2026-04-08/1_150/260408_1942",69568.523,69570.1963,"ins_buzz_medium"
"Luke - Diel Drivers/2026-04-08/1_150/260408_1942",69570.1963,69571.8353,"ambient_background"
"Luke - Diel Drivers/2026-04-08/1_150/260408_1942",69571.8353,69572.8205,"ins_buzz_medium"
"Luke - Diel Drivers/2026-04-08/1_150/260408_1942",69572.8205,69596.4193,"ambient_background"
"Luke - Diel Drivers/2026-04-08/1_150/260408_1942",69596.4193,69596.9745,"ambient_bang"
"Luke - Diel Drivers/2026-04-08/1_150/260408_1942",69596.9745,69610.1295,"ambient_background"
"Luke - Diel Drivers/2026-04-08/1_150/260408_1942",69610.1295,69612.3891,"ambient_wind"
"Luke - Diel Drivers/2026-04-08/1_150/260408_1942",69612.3891,69614.2422,"ambient_background"
"Luke - Diel Drivers/2026-04-08/1_150/260408_1942",69614.2422,69616.3767,"ambient_wind"
"Luke - Diel Drivers/2026-04-08/1_150/260408_1942",69616.3767,69620.0296,"ambient_background"
"Luke - Diel Drivers/2026-04-08/1_150/260408_1942",69620.0296,69620.3423,"ins_buzz_medium"
"Luke - Diel Drivers/2026-04-08/1_150/260408_1942",69620.3423,69620.4987,"ambient_background"
"Luke - Diel Drivers/2026-04-08/1_150/260408_1942",69620.4987,69621.1242,"human"
"Luke - Diel Drivers/2026-04-08/1_150/260408_1942",69621.1242,69622.1951,"ambient_background"
"Luke - Diel Drivers/2026-04-08/1_150/260408_1942",69622.1951,69622.5704,"human"
"Luke - Diel Drivers/2026-04-08/1_150/260408_1942",69622.5704,69623.6357,"ambient_background"
"Luke - Diel Drivers/2026-04-08/1_150/260408_1942",69623.6357,69624.5271,"human"
"Luke - Diel Drivers/2026-04-08/1_150/260408_1942",69624.5271,69625.6233,"ambient_background"
"Luke - Diel Drivers/2026-04-08/1_150/260408_1942",69625.6233,69625.9986,"human"
"Luke - Diel Drivers/2026-04-08/1_150/260408_1942",69625.9986,69627.5185,"ambient_background"
"Luke - Diel Drivers/2026-04-08/1_150/260408_1942",69627.5185,69639.2737,"mech_auto_truck"
"Luke - Diel Drivers/2026-04-08/1_150/260408_1942",69639.2737,69639.9957,"ambient_background"
"Luke - Diel Drivers/2026-04-08/1_150/260408_1942",69639.9957,69644.1237,"mech_auto_car"
"Luke - Diel Drivers/2026-04-08/1_150/260408_1942",69643.1692,69648.8004,"mech_auto_truck"
"Luke - Diel Drivers/2026-04-08/1_150/260408_1942",69648.8004,69654.4874,"ambient_background"
"Luke - Diel Drivers/2026-04-08/1_150/260408_1942",69654.4874,69655.4892,"human"
"Luke - Diel Drivers/2026-04-08/1_150/260408_1942",69655.4892,69657.7833,"ambient_background"
"Luke - Diel Drivers/2026-04-08/1_150/260408_1942",69657.7833,69659.9335,"mech_auto_truck"
"Luke - Diel Drivers/2026-04-08/1_150/260408_1942",69659.9335,69661.3873,"ambient_background"
"Luke - Diel Drivers/2026-04-08/1_150/260408_1942",69661.3873,69662.7189,"mech_auto_truck"
"Luke - Diel Drivers/2026-04-08/1_150/260408_1942",69662.7189,69664.3826,"ambient_background"
"Luke - Diel Drivers/2026-04-08/1_150/260408_1942",69664.3826,69680.4514,"ambient_wind"
"Luke - Diel Drivers/2026-04-08/1_150/260408_1942",69680.4514,69690.8358,"ambient_background"
"Luke - Diel Drivers/2026-04-08/1_150/260408_1942",69690.8358,69691.4771,"mech_auto_car"
"Luke - Diel Drivers/2026-04-08/1_150/260408_1942",69691.4771,69703.1154,"ambient_background"
"Luke - Diel Drivers/2026-04-08/1_150/260408_1942",69703.1154,69704.166,"ambient_wind"
"Luke - Diel Drivers/2026-04-08/1_150/260408_1942",69704.166,69705.7279,"ambient_background"
"Luke - Diel Drivers/2026-04-08/1_150/260408_1942",69705.7279,69711.34,"mech_auto_car"
"Luke - Diel Drivers/2026-04-08/1_150/260408_1942",69711.34,69711.4657,"ambient_background"
"Luke - Diel Drivers/2026-04-08/1_150/260408_1942",69711.4657,69713.3554,"ambient_wind"
"Luke - Diel Drivers/2026-04-08/1_150/260408_1942",69713.3554,69718.204,"ambient_background"
"Luke - Diel Drivers/2026-04-08/1_150/260408_1942",69718.204,69723.0716,"ambient_wind"
"Luke - Diel Drivers/2026-04-08/1_150/260408_1942",69723.0716,69727.4165,"ambient_background"
"Luke - Diel Drivers/2026-04-08/1_150/260408_1942",69727.4165,69773.3646,"mech_plane_jet"
"Luke - Diel Drivers/2026-04-08/1_150/260408_1942",69772.8274,69778.1215,"mech_auto_car"
"Luke - Diel Drivers/2026-04-08/1_150/260408_1942",69778.1215,69780,"ambient_background"
"Luke - Diel Drivers/2026-04-08/1_150/260408_1942",73080.0951,73080.317,"ambient_background"
"Luke - Diel Drivers/2026-04-08/1_150/260408_1942",73080.317,73083.2171,"ambient_background"
"Luke - Diel Drivers/2026-04-08/1_150/260408_1942",73083.2171,73083.5658,"ins_buzz_medium"
"Luke - Diel Drivers/2026-04-08/1_150/260408_1942",73083.5658,73084.7491,"ambient_background"
"Luke - Diel Drivers/2026-04-08/1_150/260408_1942",73084.7491,73084.8838,"ins_buzz_medium"
"Luke - Diel Drivers/2026-04-08/1_150/260408_1942",73084.8838,73087.9503,"ambient_background"
"Luke - Diel Drivers/2026-04-08/1_150/260408_1942",73087.9503,73088.2198,"ins_buzz_medium"
"Luke - Diel Drivers/2026-04-08/1_150/260408_1942",73088.2198,73089.3951,"ambient_background"
"Luke - Diel Drivers/2026-04-08/1_150/260408_1942",73089.3951,73089.6962,"ins_buzz_medium"
"Luke - Diel Drivers/2026-04-08/1_150/260408_1942",73089.6962,73104.6012,"ambient_background"
"Luke - Diel Drivers/2026-04-08/1_150/260408_1942",73104.6012,73105.2985,"ins_buzz_medium"
"Luke - Diel Drivers/2026-04-08/1_150/260408_1942",73105.2985,73109.6487,"ambient_background"
"Luke - Diel Drivers/2026-04-08/1_150/260408_1942",73109.6487,73112.2478,"ins_buzz_medium"
"Luke - Diel Drivers/2026-04-08/1_150/260408_1942",73110.6418,73111.981,"ambient_background"
"Luke - Diel Drivers/2026-04-08/1_150/260408_1942",73112.2478,73114.3846,"ambient_background"
"Luke - Diel Drivers/2026-04-08/1_150/260408_1942",73114.3846,73114.9947,"ambient_background"
"Luke - Diel Drivers/2026-04-08/1_150/260408_1942",73115.0819,73115.6603,"ins_buzz_medium"
"Luke - Diel Drivers/2026-04-08/1_150/260408_1942",73115.6603,73119.2868,"ambient_background"
"Luke - Diel Drivers/2026-04-08/1_150/260408_1942",73119.2868,73120,"ambient_background"
"Luke - Diel Drivers/2026-04-08/1_150/260408_1942",73120,73120.1822,"ambient_background"
"Luke - Diel Drivers/2026-04-08/1_150/260408_1942",73120.1822,73120.3407,"ambient_bang"
"Luke - Diel Drivers/2026-04-08/1_150/260408_1942",73120.3407,73120.8082,"ambient_background"
"Luke - Diel Drivers/2026-04-08/1_150/260408_1942",73120.8082,73121.7908,"ambient_bang"
"Luke - Diel Drivers/2026-04-08/1_150/260408_1942",73121.7908,73122.2821,"ambient_background"
"Luke - Diel Drivers/2026-04-08/1_150/260408_1942",73122.2821,73123.439,"ambient_bang"
"Luke - Diel Drivers/2026-04-08/1_150/260408_1942",73123.4337,73169.4506,"mech_plane_prop"
"Luke - Diel Drivers/2026-04-08/1_150/260408_1942",73127.5119,73129.5246,"ins_buzz_medium"
"Luke - Diel Drivers/2026-04-08/1_150/260408_1942",73133.9144,73137.3217,"ins_buzz_medium"
"Luke - Diel Drivers/2026-04-08/1_150/260408_1942",73167.4036,73167.7602,"ins_buzz_medium"
"Luke - Diel Drivers/2026-04-08/1_150/260408_1942",73169.4506,73170.2853,"ambient_background"
"Luke - Diel Drivers/2026-04-08/1_150/260408_1942",73170.2853,73170.7924,"mech_plane_prop"
"Luke - Diel Drivers/2026-04-08/1_150/260408_1942",73170.7924,73171.6878,"ambient_background"
"Luke - Diel Drivers/2026-04-08/1_150/260408_1942",73171.6878,73172.9318,"mech_plane_prop"
"Luke - Diel Drivers/2026-04-08/1_150/260408_1942",73172.9318,73174.2604,"ambient_background"
"Luke - Diel Drivers/2026-04-08/1_150/260408_1942",73174.2604,73175.3698,"mech_plane_prop"
"Luke - Diel Drivers/2026-04-08/1_150/260408_1942",73175.3698,73176.7908,"ambient_background"
"Luke - Diel Drivers/2026-04-08/1_150/260408_1942",73176.7908,73177.4802,"mech_plane_prop"
"Luke - Diel Drivers/2026-04-08/1_150/260408_1942",73177.4802,73177.9477,"ambient_background"
"Luke - Diel Drivers/2026-04-08/1_150/260408_1942",73177.9477,73178.8035,"mech_plane_prop"
"Luke - Diel Drivers/2026-04-08/1_150/260408_1942",73178.8035,73178.9937,"ambient_background"
"Luke - Diel Drivers/2026-04-08/1_150/260408_1942",73178.9937,73180.8162,"mech_plane_prop"
"Luke - Diel Drivers/2026-04-08/1_150/260408_1942",73180.8162,73191.9017,"ambient_background"
"Luke - Diel Drivers/2026-04-08/1_150/260408_1942",73191.9017,73192.2425,"ins_buzz_medium"
"Luke - Diel Drivers/2026-04-08/1_150/260408_1942",73192.2425,73197.364,"ambient_background"
"Luke - Diel Drivers/2026-04-08/1_150/260408_1942",73197.364,73198.8378,"mech_auto_car"
"Luke - Diel Drivers/2026-04-08/1_150/260408_1942",73198.8378,73200.2483,"ambient_background"
"Luke - Diel Drivers/2026-04-08/1_150/260408_1942",73200.2483,73201.6033,"mech_auto_car"
"Luke - Diel Drivers/2026-04-08/1_150/260408_1942",73201.6033,73205.5943,"ambient_background"
"Luke - Diel Drivers/2026-04-08/1_150/260408_1942",73223.7427,73229.7993,"ambient_background"
"Luke - Diel Drivers/2026-04-08/1_150/260408_1942",73234.514,73234.9973,"ins_buzz_medium"
"Luke - Diel Drivers/2026-04-08/1_150/260408_1942",73235.9192,73237.121,"ins_buzz_medium"
"Luke - Diel Drivers/2026-04-08/1_150/260408_1942",73237.121,73238.9382,"ambient_background"
"Luke - Diel Drivers/2026-04-08/1_150/260408_1942",73238.962,73239.271,"ins_buzz_medium"
"Luke - Diel Drivers/2026-04-08/1_150/260408_1942",73239.4453,73243.7427,"ambient_background"
"Luke - Diel Drivers/2026-04-08/1_150/260408_1942",73243.7427,73243.9567,"ins_buzz_medium"
"Luke - Diel Drivers/2026-04-08/1_150/260408_1942",73243.9567,73254.9208,"ambient_background"
"Luke - Diel Drivers/2026-04-08/1_150/260408_1942",73254.9208,73255.8399,"ambient_wind"
"Luke - Diel Drivers/2026-04-08/1_150/260408_1942",73255.8399,73260.0106,"ambient_background"
"Luke - Diel Drivers/2026-04-08/1_150/260408_1942",73262.1817,73263.7559,"ambient_background"
"Luke - Diel Drivers/2026-04-08/1_150/260408_1942",73263.7559,73268.4786,"mech_auto_car"
"Luke - Diel Drivers/2026-04-08/1_150/260408_1942",73266.6561,73267.4406,"ambient_wind"
"Luke - Diel Drivers/2026-04-08/1_150/260408_1942",73268.4786,73281.7882,"ambient_background"
"Luke - Diel Drivers/2026-04-08/1_150/260408_1942",73281.7882,73281.9783,"ambient_bang"
"Luke - Diel Drivers/2026-04-08/1_150/260408_1942",73281.9783,73283.1511,"ambient_background"
"Luke - Diel Drivers/2026-04-08/1_150/260408_1942",73283.1511,73283.4601,"ambient_bang"
"Luke - Diel Drivers/2026-04-08/1_150/260408_1942",73283.4601,73284.8072,"ambient_background"
"Luke - Diel Drivers/2026-04-08/1_150/260408_1942",73288.0243,73292.0998,"ambient_background"
"Luke - Diel Drivers/2026-04-08/1_150/260408_1942",73306.3735,73306.6587,"ambient_background"
"Luke - Diel Drivers/2026-04-08/1_150/260408_1942",73309.0148,73309.3634,"ambient_background"
"Luke - Diel Drivers/2026-04-08/1_150/260408_1942",73310.1056,73311.4289,"mech_auto_car"
"Luke - Diel Drivers/2026-04-08/1_150/260408_1942",73311.5848,73311.87,"ambient_background"
"Luke - Diel Drivers/2026-04-08/1_150/260408_1942",73311.9757,73312.879,"mech_auto_car"
"Luke - Diel Drivers/2026-04-08/1_150/260408_1942",73316.8225,73317.3534,"ambient_rustle"
"Luke - Diel Drivers/2026-04-08/1_150/260408_1942",73316.8225,73317.4406,"ambient_wind"
"Luke - Diel Drivers/2026-04-08/1_150/260408_1942",73318.2567,73319.0016,"ambient_wind"
"Luke - Diel Drivers/2026-04-08/1_150/260408_1942",73327.6017,73328.4099,"ambient_wind"
"Luke - Diel Drivers/2026-04-08/1_150/260408_1942",73327.9266,73328.0216,"ambient_rustle"
"Luke - Diel Drivers/2026-04-08/1_150/260408_1942",73328.814,73330.7396,"ambient_wind"
"Luke - Diel Drivers/2026-04-08/1_150/260408_1942",73328.8616,73329.7332,"ambient_background"
"Luke - Diel Drivers/2026-04-08/1_150/260408_1942",73336.3682,73338.4205,"mech_auto_truck"
"Luke - Diel Drivers/2026-04-08/1_150/260408_1942",73339.0042,73339.7491,"ambient_wind"
"Luke - Diel Drivers/2026-04-08/1_150/260408_1942",73343.5103,73343.5974,"ambient_rustle"
"Luke - Diel Drivers/2026-04-08/1_150/260408_1942",73343.5182,73344.5325,"ambient_wind"
"Luke - Diel Drivers/2026-04-08/1_150/260408_1942",73343.7559,73343.8272,"ambient_rustle"
"Luke - Diel Drivers/2026-04-08/1_150/260408_1942",73343.954,73344.0412,"ambient_rustle"
"Luke - Diel Drivers/2026-04-08/1_150/260408_1942",73351.2863,73352.2768,"ambient_wind"
"Luke - Diel Drivers/2026-04-08/1_150/260408_1942",73351.4686,73352.1342,"mech_auto_car"
"Luke - Diel Drivers/2026-04-08/1_150/260408_1942",73353.6714,73354.2657,"mech_auto_car"
"Luke - Diel Drivers/2026-04-08/1_150/260408_1942",73354.8441,73356.2863,"mech_auto_car"
"Luke - Diel Drivers/2026-04-08/1_150/260408_1942",73357.4987,73358.1405,"mech_auto_car"
"Luke - Diel Drivers/2026-04-08/1_150/260408_1942",73358.4258,73358.9804,"mech_auto_car"
"Luke - Diel Drivers/2026-04-08/1_150/260408_1942",73364.6566,73364.7675,"ambient_background"
"Luke - Diel Drivers/2026-04-08/1_150/260408_1942",73365.4649,73365.552,"ambient_background"
"Luke - Diel Drivers/2026-04-08/1_150/260408_1942",73368.8272,73368.9382,"ambient_background"
"Luke - Diel Drivers/2026-04-08/1_150/260408_1942",73370.3486,73370.4437,"ambient_background"
"Luke - Diel Drivers/2026-04-08/1_150/260408_1942",73372.916,73373.4073,"ambient_background"
"Luke - Diel Drivers/2026-05-06/1_95/260506_1924",16560,16582.2407,"ambient_background"
"Luke - Diel Drivers/2026-05-06/1_95/260506_1924",16582.2407,16582.3413,"ambient_rustle"
"Luke - Diel Drivers/2026-05-06/1_95/260506_1924",16582.3413,16641.9624,"ambient_background"
"Luke - Diel Drivers/2026-05-06/1_95/260506_1924",16641.9624,16643.0788,"honk"
"Luke - Diel Drivers/2026-05-06/1_95/260506_1924",16643.0788,16658.5503,"ambient_background"
"Luke - Diel Drivers/2026-05-06/1_95/260506_1924",16658.5503,16660.6166,"honk"
"Luke - Diel Drivers/2026-05-06/1_95/260506_1924",16660.6166,16688.9365,"ambient_background"
"Luke - Diel Drivers/2026-05-06/1_95/260506_1924",16688.9365,16690.2753,"honk"
"Luke - Diel Drivers/2026-05-06/1_95/260506_1924",16690.2753,16721.586,"ambient_background"
"Luke - Diel Drivers/2026-05-06/1_95/260506_1924",16721.586,16722.146,"animal_dog"
"Luke - Diel Drivers/2026-05-06/1_95/260506_1924",16722.146,16816.8057,"ambient_background"
"Luke - Diel Drivers/2026-05-06/1_95/260506_1924",16816.8057,16860,"mech_plane_jet"
"Luke - Diel Drivers/2026-05-06/1_95/260506_1924",20160,20407.0108,"ambient_background"
"Luke - Diel Drivers/2026-05-06/1_95/260506_1924",20407.0108,20460,"mech_auto_car"
"Luke - Diel Drivers/2026-05-06/1_95/260506_1924",23760,23859.3964,"ambient_background"
"Luke - Diel Drivers/2026-05-06/1_95/260506_1924",23859.3964,23877.4157,"mech_auto_car"
"Luke - Diel Drivers/2026-05-06/1_95/260506_1924",23877.4157,23882.2498,"ambient_background"
"Luke - Diel Drivers/2026-05-06/1_95/260506_1924",23882.2498,23886.3198,"mech_auto_car"
"Luke - Diel Drivers/2026-05-06/1_95/260506_1924",23886.3198,23902.3847,"ambient_background"
"Luke - Diel Drivers/2026-05-06/1_95/260506_1924",23902.3847,23919.4518,"mech_auto_car"
"Luke - Diel Drivers/2026-05-06/1_95/260506_1924",23919.4518,24060,"ambient_background"
"Luke - Diel Drivers/2026-05-06/1_95/260506_1924",59760,59774.5954,"ambient_background"
"Luke - Diel Drivers/2026-05-06/1_95/260506_1924",59774.5954,59775.223,"ins_buzz_low"
"Luke - Diel Drivers/2026-05-06/1_95/260506_1924",59775.223,59783.7499,"ambient_background"
"Luke - Diel Drivers/2026-05-06/1_95/260506_1924",59783.7499,59784.8369,"ambient_rustle"
"Luke - Diel Drivers/2026-05-06/1_95/260506_1924",59784.8369,59786.6177,"ambient_background"
"Luke - Diel Drivers/2026-05-06/1_95/260506_1924",59786.6177,59787.8205,"human"
"Luke - Diel Drivers/2026-05-06/1_95/260506_1924",59787.8205,59793.8093,"ambient_background"
"Luke - Diel Drivers/2026-05-06/1_95/260506_1924",59793.8093,59794.4294,"human"
"Luke - Diel Drivers/2026-05-06/1_95/260506_1924",59794.4294,59794.931,"ambient_background"
"Luke - Diel Drivers/2026-05-06/1_95/260506_1924",59794.931,59795.4539,"human"
"Luke - Diel Drivers/2026-05-06/1_95/260506_1924",59795.4539,59796.1408,"ambient_background"
"Luke - Diel Drivers/2026-05-06/1_95/260506_1924",59796.1408,59796.6152,"human"
"Luke - Diel Drivers/2026-05-06/1_95/260506_1924",59796.6152,59798.2734,"ambient_background"
"Luke - Diel Drivers/2026-05-06/1_95/260506_1924",59798.2734,59798.3556,"ambient_rustle"
"Luke - Diel Drivers/2026-05-06/1_95/260506_1924",59798.3556,59802.3367,"ambient_background"
"Luke - Diel Drivers/2026-05-06/1_95/260506_1924",59802.3367,59802.714,"wind_chime"
"Luke - Diel Drivers/2026-05-06/1_95/260506_1924",59802.3833,59804.0087,"human"
"Luke - Diel Drivers/2026-05-06/1_95/260506_1924",59804.0087,59804.4765,"ambient_background"
"Luke - Diel Drivers/2026-05-06/1_95/260506_1924",59804.4765,59805.4028,"wind_chime"
"Luke - Diel Drivers/2026-05-06/1_95/260506_1924",59804.5455,59805.3896,"human"
"Luke - Diel Drivers/2026-05-06/1_95/260506_1924",59805.4028,59806.3027,"ambient_background"
"Luke - Diel Drivers/2026-05-06/1_95/260506_1924",59806.3027,59806.4372,"wind_chime"
"Luke - Diel Drivers/2026-05-06/1_95/260506_1924",59806.4372,59807.0509,"ambient_background"
"Luke - Diel Drivers/2026-05-06/1_95/260506_1924",59807.0509,59808.3993,"human"
"Luke - Diel Drivers/2026-05-06/1_95/260506_1924",59808.3993,59818.3335,"ambient_background"
"Luke - Diel Drivers/2026-05-06/1_95/260506_1924",59818.3335,59818.6183,"wind_chime"
"Luke - Diel Drivers/2026-05-06/1_95/260506_1924",59818.4896,59820.3478,"human"
"Luke - Diel Drivers/2026-05-06/1_95/260506_1924",59818.8014,59830.8961,"mech_auto_car"
"Luke - Diel Drivers/2026-05-06/1_95/260506_1924",59820.6693,59821.4116,"human"
"Luke - Diel Drivers/2026-05-06/1_95/260506_1924",59821.9242,59822.956,"wind_chime"
"Luke - Diel Drivers/2026-05-06/1_95/260506_1924",59823.3165,59823.704,"wind_chime"
"Luke - Diel Drivers/2026-05-06/1_95/260506_1924",59828.0725,59828.1285,"ambient_rustle"
"Luke - Diel Drivers/2026-05-06/1_95/260506_1924",59829.6629,59829.9944,"wind_chime"
"Luke - Diel Drivers/2026-05-06/1_95/260506_1924",59830.4294,59831.0177,"wind_chime"
"Luke - Diel Drivers/2026-05-06/1_95/260506_1924",59831.0177,59831.394,"ambient_background"
"Luke - Diel Drivers/2026-05-06/1_95/260506_1924",59831.394,59831.8796,"wind_chime"
"Luke - Diel Drivers/2026-05-06/1_95/260506_1924",59831.8796,59839.012,"ambient_background"
"Luke - Diel Drivers/2026-05-06/1_95/260506_1924",59839.012,59839.4695,"wind_chime"
"Luke - Diel Drivers/2026-05-06/1_95/260506_1924",59839.4695,59841.7728,"ambient_background"
"Luke - Diel Drivers/2026-05-06/1_95/260506_1924",59841.7728,59843.1688,"wind_chime"
"Luke - Diel Drivers/2026-05-06/1_95/260506_1924",59843.1688,59844.2584,"ambient_background"
"Luke - Diel Drivers/2026-05-06/1_95/260506_1924",59844.2584,59845.2389,"wind_chime"
"Luke - Diel Drivers/2026-05-06/1_95/260506_1924",59845.2389,59845.544,"ambient_background"
"Luke - Diel Drivers/2026-05-06/1_95/260506_1924",59845.544,59846.1743,"wind_chime"
"Luke - Diel Drivers/2026-05-06/1_95/260506_1924",59846.1743,59847.336,"ambient_background"
"Luke - Diel Drivers/2026-05-06/1_95/260506_1924",59847.336,59848.1157,"wind_chime"
"Luke - Diel Drivers/2026-05-06/1_95/260506_1924",59848.1157,59849.4129,"ambient_background"
"Luke - Diel Drivers/2026-05-06/1_95/260506_1924",59849.4129,59852.3876,"mech_auto_car"
"Luke - Diel Drivers/2026-05-06/1_95/260506_1924",59849.7703,59850.3352,"wind_chime"
"Luke - Diel Drivers/2026-05-06/1_95/260506_1924",59851.5268,59852.1618,"wind_chime"
"Luke - Diel Drivers/2026-05-06/1_95/260506_1924",59852.3876,59854.7751,"ambient_background"
"Luke - Diel Drivers/2026-05-06/1_95/260506_1924",59854.7751,59855.1253,"wind_chime"
"Luke - Diel Drivers/2026-05-06/1_95/260506_1924",59855.1253,59856.6858,"ambient_background"
"Luke - Diel Drivers/2026-05-06/1_95/260506_1924",59856.6858,59857.3628,"wind_chime"
"Luke - Diel Drivers/2026-05-06/1_95/260506_1924",59857.3628,59871.3989,"ambient_background"
"Luke - Diel Drivers/2026-05-06/1_95/260506_1924",59871.3989,59871.5903,"wind_chime"
"Luke - Diel Drivers/2026-05-06/1_95/260506_1924",59871.5903,59873.6061,"ambient_background"
"Luke - Diel Drivers/2026-05-06/1_95/260506_1924",59873.6061,59875.0768,"ambient_wind"
"Luke - Diel Drivers/2026-05-06/1_95/260506_1924",59875.0768,59875.3709,"ambient_background"
"Luke - Diel Drivers/2026-05-06/1_95/260506_1924",59875.3709,59875.9359,"ambient_wind"
"Luke - Diel Drivers/2026-05-06/1_95/260506_1924",59875.9359,59881.4272,"ambient_background"
"Luke - Diel Drivers/2026-05-06/1_95/260506_1924",59881.4272,59881.7727,"wind_chime"
"Luke - Diel Drivers/2026-05-06/1_95/260506_1924",59881.7727,59882.5128,"ambient_background"
"Luke - Diel Drivers/2026-05-06/1_95/260506_1924",59882.5128,59884.5531,"wind_chime"
"Luke - Diel Drivers/2026-05-06/1_95/260506_1924",59884.5531,59884.9786,"ambient_background"
"Luke - Diel Drivers/2026-05-06/1_95/260506_1924",59884.9786,59885.4875,"wind_chime"
"Luke - Diel Drivers/2026-05-06/1_95/260506_1924",59885.4875,59885.8098,"ambient_background"
"Luke - Diel Drivers/2026-05-06/1_95/260506_1924",59885.8098,59887.5373,"wind_chime"
"Luke - Diel Drivers/2026-05-06/1_95/260506_1924",59887.5373,59888.677,"ambient_background"
"Luke - Diel Drivers/2026-05-06/1_95/260506_1924",59888.677,59889.2232,"human"
"Luke - Diel Drivers/2026-05-06/1_95/260506_1924",59889.2232,59889.7985,"ambient_background"
"Luke - Diel Drivers/2026-05-06/1_95/260506_1924",59889.7985,59890.7603,"human"
"Luke - Diel Drivers/2026-05-06/1_95/260506_1924",59890.7603,59891.9408,"ambient_background"
"Luke - Diel Drivers/2026-05-06/1_95/260506_1924",59891.9408,59892.9399,"human"
"Luke - Diel Drivers/2026-05-06/1_95/260506_1924",59892.8895,59893.8793,"wind_chime"
"Luke - Diel Drivers/2026-05-06/1_95/260506_1924",59893.8793,59909.3566,"ambient_background"
"Luke - Diel Drivers/2026-05-06/1_95/260506_1924",59909.3566,59909.8095,"ambient_rustle"
"Luke - Diel Drivers/2026-05-06/1_95/260506_1924",59909.8095,59911.965,"ambient_background"
"Luke - Diel Drivers/2026-05-06/1_95/260506_1924",59911.965,59912.2125,"ambient_rustle"
"Luke - Diel Drivers/2026-05-06/1_95/260506_1924",59912.2125,59914.017,"ambient_background"
"Luke - Diel Drivers/2026-05-06/1_95/260506_1924",59914.017,59915.273,"human"
"Luke - Diel Drivers/2026-05-06/1_95/260506_1924",59915.273,59916.1494,"ambient_background"
"Luke - Diel Drivers/2026-05-06/1_95/260506_1924",59916.1494,59916.3595,"human"
"Luke - Diel Drivers/2026-05-06/1_95/260506_1924",59916.3595,59916.9469,"ambient_background"
"Luke - Diel Drivers/2026-05-06/1_95/260506_1924",59916.9469,59917.2737,"human"
"Luke - Diel Drivers/2026-05-06/1_95/260506_1924",59917.2737,59917.6286,"ambient_background"
"Luke - Diel Drivers/2026-05-06/1_95/260506_1924",59917.6286,59917.9414,"human"
"Luke - Diel Drivers/2026-05-06/1_95/260506_1924",59917.9414,59920.5469,"ambient_background"
"Luke - Diel Drivers/2026-05-06/1_95/260506_1924",59920.5469,59921.1492,"human"
"Luke - Diel Drivers/2026-05-06/1_95/260506_1924",59921.1492,59921.4294,"ambient_background"
"Luke - Diel Drivers/2026-05-06/1_95/260506_1924",59921.4294,59921.9896,"wind_chime"
"Luke - Diel Drivers/2026-05-06/1_95/260506_1924",59921.9896,59922.1787,"ambient_background"
"Luke - Diel Drivers/2026-05-06/1_95/260506_1924",59922.1787,59923.3646,"human"
"Luke - Diel Drivers/2026-05-06/1_95/260506_1924",59922.7866,59923.7846,"wind_chime"
"Luke - Diel Drivers/2026-05-06/1_95/260506_1924",59923.7846,59925.0368,"ambient_background"
"Luke - Diel Drivers/2026-05-06/1_95/260506_1924",59925.0368,59926.6662,"human"
"Luke - Diel Drivers/2026-05-06/1_95/260506_1924",59926.6662,59927.4319,"ambient_background"
"Luke - Diel Drivers/2026-05-06/1_95/260506_1924",59927.4319,59927.7821,"human"
"Luke - Diel Drivers/2026-05-06/1_95/260506_1924",59927.7821,59928.1182,"ambient_background"
"Luke - Diel Drivers/2026-05-06/1_95/260506_1924",59928.1182,59928.6692,"human"
"Luke - Diel Drivers/2026-05-06/1_95/260506_1924",59928.6692,59929.5039,"ambient_background"
"Luke - Diel Drivers/2026-05-06/1_95/260506_1924",59929.5039,59930.5778,"human"
"Luke - Diel Drivers/2026-05-06/1_95/260506_1924",59930.5683,59930.9068,"wind_chime"
"Luke - Diel Drivers/2026-05-06/1_95/260506_1924",59930.9715,59932.8858,"human"
"Luke - Diel Drivers/2026-05-06/1_95/260506_1924",59931.8385,59932.3871,"wind_chime"
"Luke - Diel Drivers/2026-05-06/1_95/260506_1924",59932.8473,59935.0475,"wind_chime"
"Luke - Diel Drivers/2026-05-06/1_95/260506_1924",59933.5939,59935.9424,"human"
"Luke - Diel Drivers/2026-05-06/1_95/260506_1924",59935.9424,59936.2404,"ambient_background"
"Luke - Diel Drivers/2026-05-06/1_95/260506_1924",59936.2404,59938.5224,"wind_chime"
"Luke - Diel Drivers/2026-05-06/1_95/260506_1924",59936.3425,59938.1214,"human"
"Luke - Diel Drivers/2026-05-06/1_95/260506_1924",59938.5224,59939.0845,"ambient_background"
"Luke - Diel Drivers/2026-05-06/1_95/260506_1924",59939.0845,59939.3693,"human"
"Luke - Diel Drivers/2026-05-06/1_95/260506_1924",59939.3693,59939.6229,"ambient_background"
"Luke - Diel Drivers/2026-05-06/1_95/260506_1924",59939.6229,59942.7698,"human"
"Luke - Diel Drivers/2026-05-06/1_95/260506_1924",59942.7698,59943.485,"ambient_background"
"Luke - Diel Drivers/2026-05-06/1_95/260506_1924",59943.485,59944.302,"human"
"Luke - Diel Drivers/2026-05-06/1_95/260506_1924",59944.1007,59945.3438,"wind_chime"
"Luke - Diel Drivers/2026-05-06/1_95/260506_1924",59945.1051,59945.9192,"human"
"Luke - Diel Drivers/2026-05-06/1_95/260506_1924",59945.729,59946.301,"wind_chime"
"Luke - Diel Drivers/2026-05-06/1_95/260506_1924",59946.301,59946.4576,"ambient_background"
"Luke - Diel Drivers/2026-05-06/1_95/260506_1924",59946.4576,59947.3587,"human"
"Luke - Diel Drivers/2026-05-06/1_95/260506_1924",59947.3587,59947.616,"ambient_background"
"Luke - Diel Drivers/2026-05-06/1_95/260506_1924",59947.616,59948.6619,"ambient_rustle"
"Luke - Diel Drivers/2026-05-06/1_95/260506_1924",59948.6619,59949.393,"ambient_background"
"Luke - Diel Drivers/2026-05-06/1_95/260506_1924",59949.393,59950.9011,"human"
"Luke - Diel Drivers/2026-05-06/1_95/260506_1924",59950.9011,59951.3777,"ambient_background"
"Luke - Diel Drivers/2026-05-06/1_95/260506_1924",59951.3777,59955.1347,"ambient_wind"
"Luke - Diel Drivers/2026-05-06/1_95/260506_1924",59951.3884,59951.9814,"human"
"Luke - Diel Drivers/2026-05-06/1_95/260506_1924",59952.331,59955.4085,"wind_chime"
"Luke - Diel Drivers/2026-05-06/1_95/260506_1924",59955.4085,59955.8334,"ambient_background"
"Luke - Diel Drivers/2026-05-06/1_95/260506_1924",59955.8334,59956.431,"wind_chime"
"Luke - Diel Drivers/2026-05-06/1_95/260506_1924",59956.49,59957.0083,"human"
"Luke - Diel Drivers/2026-05-06/1_95/260506_1924",59957.0218,59957.498,"ambient_rustle"
"Luke - Diel Drivers/2026-05-06/1_95/260506_1924",59957.498,59959.8479,"ambient_background"
"Luke - Diel Drivers/2026-05-06/1_95/260506_1924",59959.8479,59960.1608,"wind_chime"
"Luke - Diel Drivers/2026-05-06/1_95/260506_1924",59960.1608,59961.5051,"ambient_background"
"Luke - Diel Drivers/2026-05-06/1_95/260506_1924",59961.5051,59961.86,"ambient_rustle"
"Luke - Diel Drivers/2026-05-06/1_95/260506_1924",59961.86,59963.6056,"ambient_background"
"Luke - Diel Drivers/2026-05-06/1_95/260506_1924",59963.6056,59963.9932,"wind_chime"
"Luke - Diel Drivers/2026-05-06/1_95/260506_1924",59963.9932,59966.5664,"ambient_background"
"Luke - Diel Drivers/2026-05-06/1_95/260506_1924",59966.5664,59967.7964,"wind_chime"
"Luke - Diel Drivers/2026-05-06/1_95/260506_1924",59967.7964,59968.2228,"ambient_background"
"Luke - Diel Drivers/2026-05-06/1_95/260506_1924",59968.2228,59970.7453,"ambient_rustle"
"Luke - Diel Drivers/2026-05-06/1_95/260506_1924",59970.7453,59971.2372,"ambient_background"
"Luke - Diel Drivers/2026-05-06/1_95/260506_1924",59971.2372,59971.7088,"wind_chime"
"Luke - Diel Drivers/2026-05-06/1_95/260506_1924",59971.7088,59972.6797,"ambient_background"
"Luke - Diel Drivers/2026-05-06/1_95/260506_1924",59972.6797,59972.9505,"wind_chime"
"Luke - Diel Drivers/2026-05-06/1_95/260506_1924",59972.9505,59975.05,"ambient_background"
"Luke - Diel Drivers/2026-05-06/1_95/260506_1924",59975.05,59976.0024,"ambient_wind"
"Luke - Diel Drivers/2026-05-06/1_95/260506_1924",59976.0024,59976.148,"ambient_background"
"Luke - Diel Drivers/2026-05-06/1_95/260506_1924",59976.148,59978.8934,"ins_buzz_low"
"Luke - Diel Drivers/2026-05-06/1_95/260506_1924",59978.8649,59979.2571,"ambient_rustle"
"Luke - Diel Drivers/2026-05-06/1_95/260506_1924",59979.2571,59983.4286,"ambient_background"
"Luke - Diel Drivers/2026-05-06/1_95/260506_1924",59983.4286,59988.1021,"ins_buzz_low"
"Luke - Diel Drivers/2026-05-06/1_95/260506_1924",59983.9471,59984.3533,"wind_chime"
"Luke - Diel Drivers/2026-05-06/1_95/260506_1924",59988.1021,59992.4003,"ambient_background"
"Luke - Diel Drivers/2026-05-06/1_95/260506_1924",59992.4003,59993.697,"ins_buzz_low"
"Luke - Diel Drivers/2026-05-06/1_95/260506_1924",59993.697,59994.0598,"ambient_background"
"Luke - Diel Drivers/2026-05-06/1_95/260506_1924",59994.0598,59994.6715,"wind_chime"
"Luke - Diel Drivers/2026-05-06/1_95/260506_1924",59994.6715,59996.0133,"ambient_background"
"Luke - Diel Drivers/2026-05-06/1_95/260506_1924",59996.0133,59996.074,"ambient_rustle"
"Luke - Diel Drivers/2026-05-06/1_95/260506_1924",59996.074,60001.5114,"ambient_background"
"Luke - Diel Drivers/2026-05-06/1_95/260506_1924",60001.5114,60003.9299,"ins_buzz_low"
"Luke - Diel Drivers/2026-05-06/1_95/260506_1924",60003.2034,60003.871,"wind_chime"
"Luke - Diel Drivers/2026-05-06/1_95/260506_1924",60003.9299,60004.456,"ambient_background"
"Luke - Diel Drivers/2026-05-06/1_95/260506_1924",60004.456,60005.5718,"wind_chime"
"Luke - Diel Drivers/2026-05-06/1_95/260506_1924",60005.5718,60006.2557,"ambient_background"
"Luke - Diel Drivers/2026-05-06/1_95/260506_1924",60006.2557,60008.0206,"wind_chime"
"Luke - Diel Drivers/2026-05-06/1_95/260506_1924",60008.0206,60008.7515,"ambient_background"
"Luke - Diel Drivers/2026-05-06/1_95/260506_1924",60008.7515,60011.072,"wind_chime"
"Luke - Diel Drivers/2026-05-06/1_95/260506_1924",60011.072,60011.4245,"ambient_background"
"Luke - Diel Drivers/2026-05-06/1_95/260506_1924",60011.4245,60012.5684,"wind_chime"
"Luke - Diel Drivers/2026-05-06/1_95/260506_1924",60012.5684,60013.0256,"ambient_background"
"Luke - Diel Drivers/2026-05-06/1_95/260506_1924",60013.0256,60013.852,"wind_chime"
"Luke - Diel Drivers/2026-05-06/1_95/260506_1924",60013.852,60014.7749,"ambient_background"
"Luke - Diel Drivers/2026-05-06/1_95/260506_1924",60014.7749,60015.4006,"wind_chime"
"Luke - Diel Drivers/2026-05-06/1_95/260506_1924",60015.4212,60015.7667,"ambient_rustle"
"Luke - Diel Drivers/2026-05-06/1_95/260506_1924",60015.7667,60021.0884,"ambient_background"
"Luke - Diel Drivers/2026-05-06/1_95/260506_1924",60021.0884,60021.4012,"wind_chime"
"Luke - Diel Drivers/2026-05-06/1_95/260506_1924",60021.4012,60021.8857,"ambient_background"
"Luke - Diel Drivers/2026-05-06/1_95/260506_1924",60021.8857,60024.3089,"wind_chime"
"Luke - Diel Drivers/2026-05-06/1_95/260506_1924",60024.3089,60024.7502,"ambient_background"
"Luke - Diel Drivers/2026-05-06/1_95/260506_1924",60024.7502,60025.642,"wind_chime"
"Luke - Diel Drivers/2026-05-06/1_95/260506_1924",60025.642,60026.4412,"ambient_background"
"Luke - Diel Drivers/2026-05-06/1_95/260506_1924",60026.4412,60027.5711,"wind_chime"
"Luke - Diel Drivers/2026-05-06/1_95/260506_1924",60027.5711,60027.9908,"ambient_background"
"Luke - Diel Drivers/2026-05-06/1_95/260506_1924",60027.9908,60032.272,"ins_buzz_low"
"Luke - Diel Drivers/2026-05-06/1_95/260506_1924",60032.272,60040.4206,"ambient_background"
"Luke - Diel Drivers/2026-05-06/1_95/260506_1924",60040.4206,60044.2071,"ambient_wind"
"Luke - Diel Drivers/2026-05-06/1_95/260506_1924",60044.2071,60044.5836,"ambient_background"
"Luke - Diel Drivers/2026-05-06/1_95/260506_1924",60044.5836,60046.6846,"ambient_wind"
"Luke - Diel Drivers/2026-05-06/1_95/260506_1924",60046.6846,60047.4347,"ambient_background"
"Luke - Diel Drivers/2026-05-06/1_95/260506_1924",60047.4347,60049.384,"ambient_wind"
"Luke - Diel Drivers/2026-05-06/1_95/260506_1924",60049.384,60052.22,"ambient_background"
"Luke - Diel Drivers/2026-05-06/1_95/260506_1924",60052.22,60056.5831,"ambient_wind"
"Luke - Diel Drivers/2026-05-06/1_95/260506_1924",60056.5831,60057.5336,"ambient_background"
"Luke - Diel Drivers/2026-05-06/1_95/260506_1924",60057.5336,60057.6736,"ambient_rustle"
"Luke - Diel Drivers/2026-05-06/1_95/260506_1924",60057.6736,60058.3218,"ambient_background"
"Luke - Diel Drivers/2026-05-06/1_95/260506_1924",60058.3218,60060,"ins_buzz_low"
"Luke - Diel Drivers/2026-05-06/1_95/260506_1924",63360,63456.3126,"mowing"
"Luke - Diel Drivers/2026-05-06/1_95/260506_1924",63363.5668,63363.6518,"ambient_rustle"
"Luke - Diel Drivers/2026-05-06/1_95/260506_1924",63364.0244,63364.0963,"ambient_rustle"
"Luke - Diel Drivers/2026-05-06/1_95/260506_1924",63364.3764,63365.3681,"human"
"Luke - Diel Drivers/2026-05-06/1_95/260506_1924",63368.5518,63369.1066,"human"
"Luke - Diel Drivers/2026-05-06/1_95/260506_1924",63369.1112,63369.2975,"ambient_rustle"
"Luke - Diel Drivers/2026-05-06/1_95/260506_1924",63370.9888,63371.0381,"ambient_rustle"
"Luke - Diel Drivers/2026-05-06/1_95/260506_1924",63375.9812,63376.4301,"ins_buzz_low"
"Luke - Diel Drivers/2026-05-06/1_95/260506_1924",63377.3754,63377.4161,"ambient_rustle"
"Luke - Diel Drivers/2026-05-06/1_95/260506_1924",63377.6239,63377.6731,"ambient_rustle"
"Luke - Diel Drivers/2026-05-06/1_95/260506_1924",63377.7526,63379.1394,"human"
"Luke - Diel Drivers/2026-05-06/1_95/260506_1924",63391.8742,63393.6848,"ambient_wind"
"Luke - Diel Drivers/2026-05-06/1_95/260506_1924",63404.5722,63405.787,"ins_buzz_low"
"Luke - Diel Drivers/2026-05-06/1_95/260506_1924",63412.9697,63413.5287,"human"
"Luke - Diel Drivers/2026-05-06/1_95/260506_1924",63414.4714,63414.7425,"wind_chime"
"Luke - Diel Drivers/2026-05-06/1_95/260506_1924",63416.1047,63416.3725,"wind_chime"
"Luke - Diel Drivers/2026-05-06/1_95/260506_1924",63417.1302,63417.8531,"wind_chime"
"Luke - Diel Drivers/2026-05-06/1_95/260506_1924",63418.3482,63418.6058,"wind_chime"
"Luke - Diel Drivers/2026-05-06/1_95/260506_1924",63419.6751,63420.4014,"wind_chime"
"Luke - Diel Drivers/2026-05-06/1_95/260506_1924",63419.9868,63420.4788,"human"
"Luke - Diel Drivers/2026-05-06/1_95/260506_1924",63420.7346,63421.6267,"human"
"Luke - Diel Drivers/2026-05-06/1_95/260506_1924",63420.8099,63421.4458,"wind_chime"
"Luke - Diel Drivers/2026-05-06/1_95/260506_1924",63424.5399,63424.878,"wind_chime"
"Luke - Diel Drivers/2026-05-06/1_95/260506_1924",63433.5479,63433.6122,"ambient_rustle"
"Luke - Diel Drivers/2026-05-06/1_95/260506_1924",63434.4041,63435.3111,"ambient_wind"
"Luke - Diel Drivers/2026-05-06/1_95/260506_1924",63452.5968,63453.1274,"ins_buzz_low"
"Luke - Diel Drivers/2026-05-06/1_95/260506_1924",63456.3126,63456.5442,"ambient_background"
"Luke - Diel Drivers/2026-05-06/1_95/260506_1924",63456.5442,63457.9531,"ambient_wind"
"Luke - Diel Drivers/2026-05-06/1_95/260506_1924",63457.9531,63458.1249,"ambient_background"
"Luke - Diel Drivers/2026-05-06/1_95/260506_1924",63458.1249,63465.1825,"ambient_wind"
"Luke - Diel Drivers/2026-05-06/1_95/260506_1924",63465.1825,63465.5516,"ambient_background"
"Luke - Diel Drivers/2026-05-06/1_95/260506_1924",63465.5516,63466.3119,"ins_buzz_low"
"Luke - Diel Drivers/2026-05-06/1_95/260506_1924",63466.3119,63469.3607,"ambient_background"
"Luke - Diel Drivers/2026-05-06/1_95/260506_1924",63469.3607,63478.553,"ambient_wind"
"Luke - Diel Drivers/2026-05-06/1_95/260506_1924",63478.553,63480.3058,"ambient_background"
"Luke - Diel Drivers/2026-05-06/1_95/260506_1924",63480.3058,63481.8329,"ins_buzz_low"
"Luke - Diel Drivers/2026-05-06/1_95/260506_1924",63481.8329,63486.4479,"ambient_background"
"Luke - Diel Drivers/2026-05-06/1_95/260506_1924",63486.4479,63487.4868,"ins_buzz_low"
"Luke - Diel Drivers/2026-05-06/1_95/260506_1924",63487.4868,63488.933,"ambient_background"
"Luke - Diel Drivers/2026-05-06/1_95/260506_1924",63488.933,63490.1223,"human"
"Luke - Diel Drivers/2026-05-06/1_95/260506_1924",63489.064,63522.9721,"mowing"
"Luke - Diel Drivers/2026-05-06/1_95/260506_1924",63489.5927,63496.8665,"ins_buzz_low"
"Luke - Diel Drivers/2026-05-06/1_95/260506_1924",63493.9273,63496.8243,"human"
"Luke - Diel Drivers/2026-05-06/1_95/260506_1924",63497.1361,63498.182,"ins_buzz_pollination"
"Luke - Diel Drivers/2026-05-06/1_95/260506_1924",63497.9517,63498.6942,"human"
"Luke - Diel Drivers/2026-05-06/1_95/260506_1924",63499.0356,63499.8723,"ins_buzz_pollination"
"Luke - Diel Drivers/2026-05-06/1_95/260506_1924",63499.4411,63500.1314,"human"
"Luke - Diel Drivers/2026-05-06/1_95/260506_1924",63500.0193,63501.0652,"ins_buzz_low"
"Luke - Diel Drivers/2026-05-06/1_95/260506_1924",63501.2895,63502.1053,"ins_buzz_pollination"
"Luke - Diel Drivers/2026-05-06/1_95/260506_1924",63501.5304,63502.4351,"human"
"Luke - Diel Drivers/2026-05-06/1_95/260506_1924",63502.5968,63502.9367,"ins_buzz_pollination"
"Luke - Diel Drivers/2026-05-06/1_95/260506_1924",63504.4869,63505.0569,"human"
"Luke - Diel Drivers/2026-05-06/1_95/260506_1924",63506.6926,63507.7489,"human"
"Luke - Diel Drivers/2026-05-06/1_95/260506_1924",63509.2925,63510.3854,"human"
"Luke - Diel Drivers/2026-05-06/1_95/260506_1924",63512.8061,63514.3697,"ins_buzz_low"
"Luke - Diel Drivers/2026-05-06/1_95/260506_1924",63514.7081,63515.163,"mech_beep"
"Luke - Diel Drivers/2026-05-06/1_95/260506_1924",63514.922,63516.6613,"ins_buzz_pollination"
"Luke - Diel Drivers/2026-05-06/1_95/260506_1924",63515.367,63515.7173,"mech_beep"
"Luke - Diel Drivers/2026-05-06/1_95/260506_1924",63515.8122,63516.7169,"human"
"Luke - Diel Drivers/2026-05-06/1_95/260506_1924",63515.8585,63516.1984,"mech_beep"
"Luke - Diel Drivers/2026-05-06/1_95/260506_1924",63520.0044,63520.6737,"human"
"Luke - Diel Drivers/2026-05-06/1_95/260506_1924",63521.0428,63523.7881,"human"
"Luke - Diel Drivers/2026-05-06/1_95/260506_1924",63523.1063,63524.241,"ins_buzz_low"
"Luke - Diel Drivers/2026-05-06/1_95/260506_1924",63524.241,63525.1185,"ambient_background"
"Luke - Diel Drivers/2026-05-06/1_95/260506_1924",63525.1185,63525.6937,"ins_buzz_pollination"
"Luke - Diel Drivers/2026-05-06/1_95/260506_1924",63525.6937,63530.1891,"ambient_background"
"Luke - Diel Drivers/2026-05-06/1_95/260506_1924",63530.1891,63532.8158,"ins_buzz_low"
"Luke - Diel Drivers/2026-05-06/1_95/260506_1924",63531.5549,63532.9877,"human"
"Luke - Diel Drivers/2026-05-06/1_95/260506_1924",63532.9877,63533.5959,"ambient_background"
"Luke - Diel Drivers/2026-05-06/1_95/260506_1924",63533.5959,63534.6103,"ins_buzz_pollination"
"Luke - Diel Drivers/2026-05-06/1_95/260506_1924",63534.6103,63535.0225,"ambient_background"
"Luke - Diel Drivers/2026-05-06/1_95/260506_1924",63535.0225,63538.0839,"ins_buzz_low"
"Luke - Diel Drivers/2026-05-06/1_95/260506_1924",63535.6509,63539.0434,"human"
"Luke - Diel Drivers/2026-05-06/1_95/260506_1924",63538.5505,63540.3389,"ins_buzz_pollination"
"Luke - Diel Drivers/2026-05-06/1_95/260506_1924",63540.3389,63541.1958,"ambient_background"
"Luke - Diel Drivers/2026-05-06/1_95/260506_1924",63541.1958,63542.2731,"ins_buzz_low"
"Luke - Diel Drivers/2026-05-06/1_95/260506_1924",63542.2731,63542.5795,"ambient_background"
"Luke - Diel Drivers/2026-05-06/1_95/260506_1924",63542.5795,63543.3795,"ins_buzz_pollination"
"Luke - Diel Drivers/2026-05-06/1_95/260506_1924",63543.2728,63660,"mech_plane_jet"
"Luke - Diel Drivers/2026-05-06/1_95/260506_1924",63543.659,63545.4737,"ins_buzz_low"
"Luke - Diel Drivers/2026-05-06/1_95/260506_1924",63545.8322,63547.1186,"ins_buzz_pollination"
"Luke - Diel Drivers/2026-05-06/1_95/260506_1924",63550.5487,63551.3383,"human"
"Luke - Diel Drivers/2026-05-06/1_95/260506_1924",63550.8227,63551.1522,"wind_chime"
"Luke - Diel Drivers/2026-05-06/1_95/260506_1924",63551.513,63551.8999,"wind_chime"
"Luke - Diel Drivers/2026-05-06/1_95/260506_1924",63552.7941,63553.202,"wind_chime"
"Luke - Diel Drivers/2026-05-06/1_95/260506_1924",63555.0304,63555.8618,"wind_chime"
"Luke - Diel Drivers/2026-05-06/1_95/260506_1924",63555.6774,63556.2997,"human"
"Luke - Diel Drivers/2026-05-06/1_95/260506_1924",63557.4661,63557.8008,"wind_chime"
"Luke - Diel Drivers/2026-05-06/1_95/260506_1924",63558.125,63558.4544,"wind_chime"
"Luke - Diel Drivers/2026-05-06/1_95/260506_1924",63558.8019,63561.4612,"ins_buzz_low"
"Luke - Diel Drivers/2026-05-06/1_95/260506_1924",63559.8569,63560.7877,"human"
"Luke - Diel Drivers/2026-05-06/1_95/260506_1924",63561.3433,63562.8441,"human"
"Luke - Diel Drivers/2026-05-06/1_95/260506_1924",63561.8231,63563.139,"ins_buzz_low"
"Luke - Diel Drivers/2026-05-06/1_95/260506_1924",63563.2114,63565.1358,"human"
"Luke - Diel Drivers/2026-05-06/1_95/260506_1924",63563.7151,63565.0189,"ins_buzz_pollination"
"Luke - Diel Drivers/2026-05-06/1_95/260506_1924",63565.4035,63568.6922,"human"
"Luke - Diel Drivers/2026-05-06/1_95/260506_1924",63566.2764,63570.6899,"ins_buzz_low"
"Luke - Diel Drivers/2026-05-06/1_95/260506_1924",63569.5281,63569.8026,"human"
"Luke - Diel Drivers/2026-05-06/1_95/260506_1924",63570.9988,63571.4302,"human"
"Luke - Diel Drivers/2026-05-06/1_95/260506_1924",63571.2821,63572.2495,"ins_buzz_pollination"
"Luke - Diel Drivers/2026-05-06/1_95/260506_1924",63572.2534,63574.5177,"human"
"Luke - Diel Drivers/2026-05-06/1_95/260506_1924",63572.9084,63574.519,"ins_buzz_low"
"Luke - Diel Drivers/2026-05-06/1_95/260506_1924",63574.6758,63575.5544,"ins_buzz_pollination"
"Luke - Diel Drivers/2026-05-06/1_95/260506_1924",63575.638,63580.4715,"ins_buzz_low"
"Luke - Diel Drivers/2026-05-06/1_95/260506_1924",63577.9111,63578.3242,"human"
"Luke - Diel Drivers/2026-05-06/1_95/260506_1924",63583.834,63584.4197,"human"
"Luke - Diel Drivers/2026-05-06/1_95/260506_1924",63584.7813,63585.8062,"human"
"Luke - Diel Drivers/2026-05-06/1_95/260506_1924",63607.0232,63608.022,"wind_chime"
"Luke - Diel Drivers/2026-05-06/1_95/260506_1924",63609.6929,63610.1531,"wind_chime"
"Luke - Diel Drivers/2026-05-06/1_95/260506_1924",63631.3777,63631.7752,"wind_chime"
"Luke - Diel Drivers/2026-05-06/1_95/260506_1924",63632.5961,63633.1557,"wind_chime"
"Luke - Diel Drivers/2026-05-06/1_95/260506_1924",63634.5857,63635.0721,"wind_chime"
"Luke - Diel Drivers/2026-05-06/1_95/260506_1924",63640.7202,63648.6714,"ambient_wind"
"Luke - Diel Drivers/2026-05-06/1_95/260506_1924",63650.2804,63653.911,"ambient_wind"
"Luke - Diel Drivers/2026-05-06/1_95/260506_1924",66960,66960.5823,"ambient_background"
"Luke - Diel Drivers/2026-05-06/1_95/260506_1924",66960.5823,66961.6098,"ambient_rustle"
"Luke - Diel Drivers/2026-05-06/1_95/260506_1924",66961.6098,66962.3361,"ambient_background"
"Luke - Diel Drivers/2026-05-06/1_95/260506_1924",66962.3361,66964.5985,"ins_buzz_low"
"Luke - Diel Drivers/2026-05-06/1_95/260506_1924",66964.5985,66965.0283,"ambient_background"
"Luke - Diel Drivers/2026-05-06/1_95/260506_1924",66965.0283,66966.8958,"ins_buzz_pollination"
"Luke - Diel Drivers/2026-05-06/1_95/260506_1924",66966.6744,66967.6114,"ins_buzz_low"
"Luke - Diel Drivers/2026-05-06/1_95/260506_1924",66966.8724,66967.0564,"ambient_rustle"
"Luke - Diel Drivers/2026-05-06/1_95/260506_1924",66967.6114,66968.7815,"ambient_background"
"Luke - Diel Drivers/2026-05-06/1_95/260506_1924",66968.7815,66971.5005,"wind_chime"
"Luke - Diel Drivers/2026-05-06/1_95/260506_1924",66968.8344,66970.6151,"ins_buzz_low"
"Luke - Diel Drivers/2026-05-06/1_95/260506_1924",66971.1607,66972.9164,"ins_buzz_pollination"
"Luke - Diel Drivers/2026-05-06/1_95/260506_1924",66972.9164,66973.3127,"ambient_background"
"Luke - Diel Drivers/2026-05-06/1_95/260506_1924",66973.3127,66975.0886,"ambient_rustle"
"Luke - Diel Drivers/2026-05-06/1_95/260506_1924",66975.0886,66975.4313,"ambient_background"
"Luke - Diel Drivers/2026-05-06/1_95/260506_1924",66975.4313,66976.6805,"ins_buzz_low"
"Luke - Diel Drivers/2026-05-06/1_95/260506_1924",66976.6805,66978.1321,"ambient_background"
"Luke - Diel Drivers/2026-05-06/1_95/260506_1924",66978.1321,66982.2973,"ins_buzz_low"
"Luke - Diel Drivers/2026-05-06/1_95/260506_1924",66982.2973,66985.106,"ambient_background"
"Luke - Diel Drivers/2026-05-06/1_95/260506_1924",66985.106,66986.5995,"ambient_rustle"
"Luke - Diel Drivers/2026-05-06/1_95/260506_1924",66986.5995,66988.8054,"ambient_background"
"Luke - Diel Drivers/2026-05-06/1_95/260506_1924",66988.8054,66990.6885,"ins_buzz_low"
"Luke - Diel Drivers/2026-05-06/1_95/260506_1924",66990.6885,66991.1722,"ambient_background"
"Luke - Diel Drivers/2026-05-06/1_95/260506_1924",66991.1722,66991.5906,"ambient_wind"
"Luke - Diel Drivers/2026-05-06/1_95/260506_1924",66991.5906,66992.0173,"ambient_background"
"Luke - Diel Drivers/2026-05-06/1_95/260506_1924",66992.0173,66993.1719,"ambient_wind"
"Luke - Diel Drivers/2026-05-06/1_95/260506_1924",66993.1719,66994.663,"ambient_background"
"Luke - Diel Drivers/2026-05-06/1_95/260506_1924",66994.663,66997.0121,"ambient_rustle"
"Luke - Diel Drivers/2026-05-06/1_95/260506_1924",66995.6529,67176.2743,"mowing"
"Luke - Diel Drivers/2026-05-06/1_95/260506_1924",67002.143,67002.51,"ambient_rustle"
"Luke - Diel Drivers/2026-05-06/1_95/260506_1924",67004.6195,67005.9642,"ambient_rustle"
"Luke - Diel Drivers/2026-05-06/1_95/260506_1924",67006.5043,67006.6926,"ambient_rustle"
"Luke - Diel Drivers/2026-05-06/1_95/260506_1924",67009.0451,67010.776,"wind_chime"
"Luke - Diel Drivers/2026-05-06/1_95/260506_1924",67012.5024,67013.6012,"wind_chime"
"Luke - Diel Drivers/2026-05-06/1_95/260506_1924",67014.0253,67014.3637,"wind_chime"
"Luke - Diel Drivers/2026-05-06/1_95/260506_1924",67014.5063,67015.9036,"human"
"Luke - Diel Drivers/2026-05-06/1_95/260506_1924",67014.7895,67015.1322,"wind_chime"
"Luke - Diel Drivers/2026-05-06/1_95/260506_1924",67015.8523,67016.1387,"wind_chime"
"Luke - Diel Drivers/2026-05-06/1_95/260506_1924",67017.6775,67019.3053,"human"
"Luke - Diel Drivers/2026-05-06/1_95/260506_1924",67020.7425,67021.9879,"human"
"Luke - Diel Drivers/2026-05-06/1_95/260506_1924",67022.275,67022.7034,"human"
"Luke - Diel Drivers/2026-05-06/1_95/260506_1924",67024.4346,67027.8173,"human"
"Luke - Diel Drivers/2026-05-06/1_95/260506_1924",67030.5341,67031.3908,"human"
"Luke - Diel Drivers/2026-05-06/1_95/260506_1924",67033.8971,67034.6836,"ambient_rustle"
"Luke - Diel Drivers/2026-05-06/1_95/260506_1924",67038.6153,67039.2444,"ambient_rustle"
"Luke - Diel Drivers/2026-05-06/1_95/260506_1924",67039.5301,67041.568,"human"
"Luke - Diel Drivers/2026-05-06/1_95/260506_1924",67045.2962,67045.4269,"ambient_rustle"
"Luke - Diel Drivers/2026-05-06/1_95/260506_1924",67045.521,67086.0952,"mech_auto_car"
"Luke - Diel Drivers/2026-05-06/1_95/260506_1924",67046.8775,67047.2697,"ambient_rustle"
"Luke - Diel Drivers/2026-05-06/1_95/260506_1924",67047.6801,67047.9824,"ambient_rustle"
"Luke - Diel Drivers/2026-05-06/1_95/260506_1924",67049.0064,67049.3567,"ambient_rustle"
"Luke - Diel Drivers/2026-05-06/1_95/260506_1924",67049.7041,67049.9812,"ambient_rustle"
"Luke - Diel Drivers/2026-05-06/1_95/260506_1924",67050.3918,67050.5643,"ambient_rustle"
"Luke - Diel Drivers/2026-05-06/1_95/260506_1924",67050.8969,67051.5244,"ins_buzz_low"
"Luke - Diel Drivers/2026-05-06/1_95/260506_1924",67053.2214,67053.8646,"ambient_rustle"
"Luke - Diel Drivers/2026-05-06/1_95/260506_1924",67054.2533,67054.4782,"ambient_rustle"
"Luke - Diel Drivers/2026-05-06/1_95/260506_1924",67078.1988,67081.9005,"ins_buzz_low"
"Luke - Diel Drivers/2026-05-06/1_95/260506_1924",67084.1104,67085.1838,"ins_buzz_low"
"Luke - Diel Drivers/2026-05-06/1_95/260506_1924",67085.4775,67088.8075,"ins_buzz_low"
"Luke - Diel Drivers/2026-05-06/1_95/260506_1924",67089.1807,67090.4681,"ins_buzz_pollination"
"Luke - Diel Drivers/2026-05-06/1_95/260506_1924",67090.4401,67090.7614,"human"
"Luke - Diel Drivers/2026-05-06/1_95/260506_1924",67091.394,67093.2024,"ins_buzz_low"
"Luke - Diel Drivers/2026-05-06/1_95/260506_1924",67093.4462,67093.9389,"ins_buzz_pollination"
"Luke - Diel Drivers/2026-05-06/1_95/260506_1924",67094.4894,67097.8718,"ins_buzz_low"
"Luke - Diel Drivers/2026-05-06/1_95/260506_1924",67095.6441,67095.9056,"ambient_rustle"
"Luke - Diel Drivers/2026-05-06/1_95/260506_1924",67096.1719,67096.381,"ambient_rustle"
"Luke - Diel Drivers/2026-05-06/1_95/260506_1924",67097.2372,67097.5182,"ambient_rustle"
"Luke - Diel Drivers/2026-05-06/1_95/260506_1924",67098.6869,67098.8959,"ambient_rustle"
"Luke - Diel Drivers/2026-05-06/1_95/260506_1924",67104.208,67106.0761,"ambient_rustle"
"Luke - Diel Drivers/2026-05-06/1_95/260506_1924",67106.8428,67106.893,"ambient_rustle"
"Luke - Diel Drivers/2026-05-06/1_95/260506_1924",67115.1348,67119.0874,"ambient_wind"
"Luke - Diel Drivers/2026-05-06/1_95/260506_1924",67120.7555,67125.1166,"ambient_wind"
"Luke - Diel Drivers/2026-05-06/1_95/260506_1924",67145.745,67161.2501,"ambient_wind"
"Luke - Diel Drivers/2026-05-06/1_95/260506_1924",67162.135,67164.0045,"ins_buzz_medium"
"Luke - Diel Drivers/2026-05-06/1_95/260506_1924",67176.2743,67187.5143,"ambient_background"
"Luke - Diel Drivers/2026-05-06/1_95/260506_1924",67187.5143,67188.3058,"ambient_rustle"
"Luke - Diel Drivers/2026-05-06/1_95/260506_1924",67188.3058,67189.1531,"ambient_background"
"Luke - Diel Drivers/2026-05-06/1_95/260506_1924",67189.1531,67191.9362,"ambient_wind"
"Luke - Diel Drivers/2026-05-06/1_95/260506_1924",67191.9423,67193.9032,"human"
"Luke - Diel Drivers/2026-05-06/1_95/260506_1924",67193.9032,67195.057,"ambient_background"
"Luke - Diel Drivers/2026-05-06/1_95/260506_1924",67195.057,67202.2632,"ambient_wind"
"Luke - Diel Drivers/2026-05-06/1_95/260506_1924",67201.5096,67201.9999,"wind_chime"
"Luke - Diel Drivers/2026-05-06/1_95/260506_1924",67202.2632,67204.8648,"ambient_background"
"Luke - Diel Drivers/2026-05-06/1_95/260506_1924",67204.8648,67205.2652,"wind_chime"
"Luke - Diel Drivers/2026-05-06/1_95/260506_1924",67205.2652,67205.7335,"ambient_background"
"Luke - Diel Drivers/2026-05-06/1_95/260506_1924",67205.7335,67207.1552,"wind_chime"
"Luke - Diel Drivers/2026-05-06/1_95/260506_1924",67207.1735,67260,"mowing"
"Luke - Diel Drivers/2026-05-06/1_95/260506_1924",67213.145,67213.6972,"human"
"Luke - Diel Drivers/2026-05-06/1_95/260506_1924",67216.2876,67218.2956,"human"
"Luke - Diel Drivers/2026-05-06/1_95/260506_1924",67218.8201,67219.2384,"human"
"Luke - Diel Drivers/2026-05-06/1_95/260506_1924",67225.9359,67227.616,"human"
"Luke - Diel Drivers/2026-05-06/1_95/260506_1924",67227.8911,67228.1823,"human"
"Luke - Diel Drivers/2026-05-06/1_95/260506_1924",67228.4781,67229.4988,"human"
"Luke - Diel Drivers/2026-05-06/1_95/260506_1924",67238.0945,67238.64,"wind_chime"
"Luke - Diel Drivers/2026-05-06/1_95/260506_1924",67249.8013,67250.1561,"human"
"Luke - Diel Drivers/2026-05-06/1_95/260506_1924",67252.1864,67252.598,"human"
"Luke - Diel Drivers/2026-05-06/1_95/260506_1924",67253.7521,67254.5386,"human"
"Luke - Diel Drivers/2026-05-06/1_95/260506_1924",67258.2745,67258.7564,"ambient_rustle"
"Luke - Diel Drivers/2026-05-06/1_95/260506_1924",70560.0249,70566.1839,"mech_auto_car"
"Luke - Diel Drivers/2026-05-06/1_95/260506_1924",70564.2106,70564.6959,"ambient_rustle"
"Luke - Diel Drivers/2026-05-06/1_95/260506_1924",70566.1839,70566.4943,"ambient_background"
"Luke - Diel Drivers/2026-05-06/1_95/260506_1924",70566.4943,70566.8206,"ambient_rustle"
"Luke - Diel Drivers/2026-05-06/1_95/260506_1924",70566.8206,70571.5949,"ambient_background"
"Luke - Diel Drivers/2026-05-06/1_95/260506_1924",70571.5949,70571.8961,"wind_chime"
"Luke - Diel Drivers/2026-05-06/1_95/260506_1924",70571.8961,70572.209,"ambient_background"
"Luke - Diel Drivers/2026-05-06/1_95/260506_1924",70572.209,70572.4285,"wind_chime"
"Luke - Diel Drivers/2026-05-06/1_95/260506_1924",70572.4285,70572.7873,"ambient_background"
"Luke - Diel Drivers/2026-05-06/1_95/260506_1924",70572.7873,70574.059,"wind_chime"
"Luke - Diel Drivers/2026-05-06/1_95/260506_1924",70574.059,70575.5488,"ambient_background"
"Luke - Diel Drivers/2026-05-06/1_95/260506_1924",70575.5488,70576.0142,"wind_chime"
"Luke - Diel Drivers/2026-05-06/1_95/260506_1924",70576.0142,70577.3663,"ambient_background"
"Luke - Diel Drivers/2026-05-06/1_95/260506_1924",70577.3663,70577.5389,"wind_chime"
"Luke - Diel Drivers/2026-05-06/1_95/260506_1924",70577.5389,70578.111,"ambient_background"
"Luke - Diel Drivers/2026-05-06/1_95/260506_1924",70578.111,70578.3399,"wind_chime"
"Luke - Diel Drivers/2026-05-06/1_95/260506_1924",70578.3399,70578.5859,"ambient_background"
"Luke - Diel Drivers/2026-05-06/1_95/260506_1924",70578.5859,70579.0095,"wind_chime"
"Luke - Diel Drivers/2026-05-06/1_95/260506_1924",70579.0095,70579.8167,"ambient_background"
"Luke - Diel Drivers/2026-05-06/1_95/260506_1924",70579.8167,70581.0168,"ins_buzz_low"
"Luke - Diel Drivers/2026-05-06/1_95/260506_1924",70581.0168,70587.6641,"ambient_background"
"Luke - Diel Drivers/2026-05-06/1_95/260506_1924",70587.6641,70588.9152,"ins_buzz_low"
"Luke - Diel Drivers/2026-05-06/1_95/260506_1924",70588.9152,70590.3307,"ambient_background"
"Luke - Diel Drivers/2026-05-06/1_95/260506_1924",70590.3307,70592.0375,"ins_buzz_low"
"Luke - Diel Drivers/2026-05-06/1_95/260506_1924",70592.0375,70592.6333,"ambient_background"
"Luke - Diel Drivers/2026-05-06/1_95/260506_1924",70592.6333,70593.1394,"ins_buzz_pollination"
"Luke - Diel Drivers/2026-05-06/1_95/260506_1924",70593.1394,70595.0284,"ambient_background"
"Luke - Diel Drivers/2026-05-06/1_95/260506_1924",70595.0284,70597.3136,"ambient_wind"
"Luke - Diel Drivers/2026-05-06/1_95/260506_1924",70596.2322,70597.8417,"ins_buzz_low"
"Luke - Diel Drivers/2026-05-06/1_95/260506_1924",70597.8417,70599.2607,"ambient_background"
"Luke - Diel Drivers/2026-05-06/1_95/260506_1924",70599.2607,70606.5464,"ambient_wind"
"Luke - Diel Drivers/2026-05-06/1_95/260506_1924",70601.4175,70602.0814,"wind_chime"
"Luke - Diel Drivers/2026-05-06/1_95/260506_1924",70604.978,70609.768,"ins_buzz_low"
"Luke - Diel Drivers/2026-05-06/1_95/260506_1924",70609.768,70610.4134,"ambient_background"
"Luke - Diel Drivers/2026-05-06/1_95/260506_1924",70610.4134,70612.129,"ins_buzz_pollination"
"Luke - Diel Drivers/2026-05-06/1_95/260506_1924",70611.6893,70626.9084,"mech_auto_car"
"Luke - Diel Drivers/2026-05-06/1_95/260506_1924",70612.0897,70615.93,"ins_buzz_low"
"Luke - Diel Drivers/2026-05-06/1_95/260506_1924",70616.4301,70616.5817,"wind_chime"
"Luke - Diel Drivers/2026-05-06/1_95/260506_1924",70616.4898,70617.503,"ins_buzz_pollination"
"Luke - Diel Drivers/2026-05-06/1_95/260506_1924",70617.5193,70619.8807,"ins_buzz_low"
"Luke - Diel Drivers/2026-05-06/1_95/260506_1924",70620.7323,70621.7798,"ins_buzz_pollination"
"Luke - Diel Drivers/2026-05-06/1_95/260506_1924",70622.7092,70624.2781,"ins_buzz_pollination"
"Luke - Diel Drivers/2026-05-06/1_95/260506_1924",70624.4945,70627.0519,"ins_buzz_low"
"Luke - Diel Drivers/2026-05-06/1_95/260506_1924",70627.0519,70627.7779,"ambient_background"
"Luke - Diel Drivers/2026-05-06/1_95/260506_1924",70627.7779,70628.8682,"ins_buzz_pollination"
"Luke - Diel Drivers/2026-05-06/1_95/260506_1924",70628.8682,70629.1411,"ambient_background"
"Luke - Diel Drivers/2026-05-06/1_95/260506_1924",70629.1411,70630.1826,"ins_buzz_low"
"Luke - Diel Drivers/2026-05-06/1_95/260506_1924",70630.1826,70630.6235,"ambient_background"
"Luke - Diel Drivers/2026-05-06/1_95/260506_1924",70630.6235,70632.3496,"ins_buzz_pollination"
"Luke - Diel Drivers/2026-05-06/1_95/260506_1924",70632.3496,70633.714,"ambient_background"
"Luke - Diel Drivers/2026-05-06/1_95/260506_1924",70633.714,70635.3358,"ins_buzz_pollination"
"Luke - Diel Drivers/2026-05-06/1_95/260506_1924",70634.2309,70634.7497,"ins_buzz_medium"
"Luke - Diel Drivers/2026-05-06/1_95/260506_1924",70635.3358,70636.4648,"ambient_background"
"Luke - Diel Drivers/2026-05-06/1_95/260506_1924",70636.4648,70637.7566,"ins_buzz_pollination"
"Luke - Diel Drivers/2026-05-06/1_95/260506_1924",70637.7757,70638.3446,"ins_buzz_medium"
"Luke - Diel Drivers/2026-05-06/1_95/260506_1924",70638.0799,70638.4916,"wind_chime"
"Luke - Diel Drivers/2026-05-06/1_95/260506_1924",70638.1355,70641.1336,"ins_buzz_low"
"Luke - Diel Drivers/2026-05-06/1_95/260506_1924",70641.1336,70643.7138,"ambient_background"
"Luke - Diel Drivers/2026-05-06/1_95/260506_1924",70643.7138,70648.6387,"ins_buzz_low"
"Luke - Diel Drivers/2026-05-06/1_95/260506_1924",70648.6387,70649.2259,"ambient_background"
"Luke - Diel Drivers/2026-05-06/1_95/260506_1924",70649.2259,70649.6508,"ins_buzz_pollination"
"Luke - Diel Drivers/2026-05-06/1_95/260506_1924",70649.6508,70650.3345,"ambient_background"
"Luke - Diel Drivers/2026-05-06/1_95/260506_1924",70650.3345,70653.7691,"ins_buzz_low"
"Luke - Diel Drivers/2026-05-06/1_95/260506_1924",70653.812,70657.2387,"ins_buzz_pollination"
"Luke - Diel Drivers/2026-05-06/1_95/260506_1924",70657.2387,70658.2833,"ambient_background"
"Luke - Diel Drivers/2026-05-06/1_95/260506_1924",70658.2833,70658.5109,"ins_buzz_pollination"
"Luke - Diel Drivers/2026-05-06/1_95/260506_1924",70658.5109,70658.7041,"ambient_background"
"Luke - Diel Drivers/2026-05-06/1_95/260506_1924",70658.7041,70659.2542,"ins_buzz_low"
"Luke - Diel Drivers/2026-05-06/1_95/260506_1924",70659.2866,70666.5104,"mech_auto_car"
"Luke - Diel Drivers/2026-05-06/1_95/260506_1924",70659.502,70661.0631,"ins_buzz_pollination"
"Luke - Diel Drivers/2026-05-06/1_95/260506_1924",70661.9839,70662.6089,"ins_buzz_pollination"
"Luke - Diel Drivers/2026-05-06/1_95/260506_1924",70662.8392,70665.646,"ins_buzz_low"
"Luke - Diel Drivers/2026-05-06/1_95/260506_1924",70664.3989,70665.4774,"ins_buzz_pollination"
"Luke - Diel Drivers/2026-05-06/1_95/260506_1924",70666.3076,70672.0212,"ins_buzz_low"
"Luke - Diel Drivers/2026-05-06/1_95/260506_1924",70672.0212,70672.73,"ambient_background"
"Luke - Diel Drivers/2026-05-06/1_95/260506_1924",70672.73,70673.6532,"ins_buzz_pollination"
"Luke - Diel Drivers/2026-05-06/1_95/260506_1924",70673.6532,70674.0225,"ambient_background"
"Luke - Diel Drivers/2026-05-06/1_95/260506_1924",70674.0225,70674.7251,"ins_buzz_low"
"Luke - Diel Drivers/2026-05-06/1_95/260506_1924",70674.7251,70675.021,"ambient_background"
"Luke - Diel Drivers/2026-05-06/1_95/260506_1924",70675.021,70676.3513,"ins_buzz_pollination"
"Luke - Diel Drivers/2026-05-06/1_95/260506_1924",70676.3513,70677.0745,"ambient_background"
"Luke - Diel Drivers/2026-05-06/1_95/260506_1924",70677.0745,70678.7177,"ins_buzz_low"
"Luke - Diel Drivers/2026-05-06/1_95/260506_1924",70678.7177,70678.9874,"ambient_background"
"Luke - Diel Drivers/2026-05-06/1_95/260506_1924",70678.9874,70680.2884,"ins_buzz_pollination"
"Luke - Diel Drivers/2026-05-06/1_95/260506_1924",70680.2884,70680.5074,"ambient_background"
"Luke - Diel Drivers/2026-05-06/1_95/260506_1924",70680.5074,70684.139,"ins_buzz_low"
"Luke - Diel Drivers/2026-05-06/1_95/260506_1924",70684.139,70685.3434,"ambient_background"
"Luke - Diel Drivers/2026-05-06/1_95/260506_1924",70685.3434,70691.9872,"ins_buzz_low"
"Luke - Diel Drivers/2026-05-06/1_95/260506_1924",70691.9872,70695.8425,"ambient_background"
"Luke - Diel Drivers/2026-05-06/1_95/260506_1924",70695.8425,70723.5026,"mech_auto_truck"
"Luke - Diel Drivers/2026-05-06/1_95/260506_1924",70696.875,70700.6245,"ins_buzz_low"
"Luke - Diel Drivers/2026-05-06/1_95/260506_1924",70701.1727,70702.644,"ins_buzz_pollination"
"Luke - Diel Drivers/2026-05-06/1_95/260506_1924",70703.644,70704.9787,"ins_buzz_pollination"
"Luke - Diel Drivers/2026-05-06/1_95/260506_1924",70704.9892,70706.6158,"ins_buzz_low"
"Luke - Diel Drivers/2026-05-06/1_95/260506_1924",70706.173,70707.4912,"human"
"Luke - Diel Drivers/2026-05-06/1_95/260506_1924",70706.7033,70707.8609,"ins_buzz_pollination"
"Luke - Diel Drivers/2026-05-06/1_95/260506_1924",70714.2368,70715.3399,"human"
"Luke - Diel Drivers/2026-05-06/1_95/260506_1924",70719.3784,70719.976,"ins_buzz_pollination"
"Luke - Diel Drivers/2026-05-06/1_95/260506_1924",70721.3575,70721.5717,"human"
"Luke - Diel Drivers/2026-05-06/1_95/260506_1924",70722.0797,70722.2981,"human"
"Luke - Diel Drivers/2026-05-06/1_95/260506_1924",70723.5026,70725.7265,"ambient_background"
"Luke - Diel Drivers/2026-05-06/1_95/260506_1924",70725.7265,70728.0997,"ins_buzz_low"
"Luke - Diel Drivers/2026-05-06/1_95/260506_1924",70725.776,70725.9816,"human"
"Luke - Diel Drivers/2026-05-06/1_95/260506_1924",70728.0997,70728.419,"ambient_background"
"Luke - Diel Drivers/2026-05-06/1_95/260506_1924",70728.419,70729.2737,"ins_buzz_pollination"
"Luke - Diel Drivers/2026-05-06/1_95/260506_1924",70729.2737,70729.9025,"ambient_background"
"Luke - Diel Drivers/2026-05-06/1_95/260506_1924",70729.9025,70730.8658,"ins_buzz_low"
"Luke - Diel Drivers/2026-05-06/1_95/260506_1924",70730.8658,70732.6715,"ambient_background"
"Luke - Diel Drivers/2026-05-06/1_95/260506_1924",70732.6715,70734.2586,"human"
"Luke - Diel Drivers/2026-05-06/1_95/260506_1924",70734.2586,70753.3482,"ambient_background"
"Luke - Diel Drivers/2026-05-06/1_95/260506_1924",70753.3482,70753.8365,"human"
"Luke - Diel Drivers/2026-05-06/1_95/260506_1924",70753.8365,70754.1258,"ambient_background"
"Luke - Diel Drivers/2026-05-06/1_95/260506_1924",70754.1258,70754.6784,"human"
"Luke - Diel Drivers/2026-05-06/1_95/260506_1924",70754.6784,70756.1457,"ambient_background"
"Luke - Diel Drivers/2026-05-06/1_95/260506_1924",70756.1457,70756.9339,"human"
"Luke - Diel Drivers/2026-05-06/1_95/260506_1924",70756.9339,70757.5188,"ambient_background"
"Luke - Diel Drivers/2026-05-06/1_95/260506_1924",70757.5188,70757.7566,"human"
"Luke - Diel Drivers/2026-05-06/1_95/260506_1924",70757.7566,70757.9783,"ambient_background"
"Luke - Diel Drivers/2026-05-06/1_95/260506_1924",70757.9783,70758.3018,"human"
"Luke - Diel Drivers/2026-05-06/1_95/260506_1924",70758.3018,70758.7553,"ambient_background"
"Luke - Diel Drivers/2026-05-06/1_95/260506_1924",70758.7553,70759.3421,"human"
"Luke - Diel Drivers/2026-05-06/1_95/260506_1924",70759.3421,70759.6463,"ambient_background"
"Luke - Diel Drivers/2026-05-06/1_95/260506_1924",70759.6463,70760.0854,"human"
"Luke - Diel Drivers/2026-05-06/1_95/260506_1924",70760.0854,70761.0218,"ambient_background"
"Luke - Diel Drivers/2026-05-06/1_95/260506_1924",70761.0218,70763.0377,"human"
"Luke - Diel Drivers/2026-05-06/1_95/260506_1924",70763.0377,70763.2519,"ambient_background"
"Luke - Diel Drivers/2026-05-06/1_95/260506_1924",70763.2519,70763.3783,"ambient_rustle"
"Luke - Diel Drivers/2026-05-06/1_95/260506_1924",70763.3783,70767.6344,"ambient_background"
"Luke - Diel Drivers/2026-05-06/1_95/260506_1924",70767.6344,70770.4356,"ambient_wind"
"Luke - Diel Drivers/2026-05-06/1_95/260506_1924",70770.4356,70770.7865,"ambient_background"
"Luke - Diel Drivers/2026-05-06/1_95/260506_1924",70770.7865,70771.2101,"ambient_rustle"
"Luke - Diel Drivers/2026-05-06/1_95/260506_1924",70771.2101,70772.9857,"ambient_background"
"Luke - Diel Drivers/2026-05-06/1_95/260506_1924",70772.9857,70773.0642,"ambient_rustle"
"Luke - Diel Drivers/2026-05-06/1_95/260506_1924",70773.0642,70774.2969,"ambient_background"
"Luke - Diel Drivers/2026-05-06/1_95/260506_1924",70774.2969,70775.1754,"wind_chime"
"Luke - Diel Drivers/2026-05-06/1_95/260506_1924",70775.1754,70783.9049,"ambient_background"
"Luke - Diel Drivers/2026-05-06/1_95/260506_1924",70783.9049,70785.4946,"ambient_wind"
"Luke - Diel Drivers/2026-05-06/1_95/260506_1924",70784.2513,70788.5741,"ins_buzz_low"
"Luke - Diel Drivers/2026-05-06/1_95/260506_1924",70786.0062,70786.8931,"wind_chime"
"Luke - Diel Drivers/2026-05-06/1_95/260506_1924",70788.5741,70791.9483,"ambient_background"
"Luke - Diel Drivers/2026-05-06/1_95/260506_1924",70791.9483,70792.1993,"human"
"Luke - Diel Drivers/2026-05-06/1_95/260506_1924",70792.1993,70792.8691,"ambient_background"
"Luke - Diel Drivers/2026-05-06/1_95/260506_1924",70792.8691,70793.9202,"human"
"Luke - Diel Drivers/2026-05-06/1_95/260506_1924",70793.9202,70795.262,"ambient_background"
"Luke - Diel Drivers/2026-05-06/1_95/260506_1924",70795.262,70795.5548,"wind_chime"
"Luke - Diel Drivers/2026-05-06/1_95/260506_1924",70795.5548,70796.3601,"ambient_background"
"Luke - Diel Drivers/2026-05-06/1_95/260506_1924",70796.3601,70797.5837,"wind_chime"
"Luke - Diel Drivers/2026-05-06/1_95/260506_1924",70796.4333,70797.0033,"human"
"Luke - Diel Drivers/2026-05-06/1_95/260506_1924",70797.5837,70798.0887,"ambient_background"
"Luke - Diel Drivers/2026-05-06/1_95/260506_1924",70798.0887,70798.4914,"wind_chime"
"Luke - Diel Drivers/2026-05-06/1_95/260506_1924",70798.4914,70799.4076,"ambient_background"
"Luke - Diel Drivers/2026-05-06/1_95/260506_1924",70799.4076,70799.737,"wind_chime"
"Luke - Diel Drivers/2026-05-06/1_95/260506_1924",70799.737,70805.2802,"ambient_background"
"Luke - Diel Drivers/2026-05-06/1_95/260506_1924",70805.2802,70805.5365,"wind_chime"
"Luke - Diel Drivers/2026-05-06/1_95/260506_1924",70805.5365,70806.9617,"ambient_background"
"Luke - Diel Drivers/2026-05-06/1_95/260506_1924",70806.9617,70807.3435,"wind_chime"
"Luke - Diel Drivers/2026-05-06/1_95/260506_1924",70807.2564,70807.3139,"ambient_rustle"
"Luke - Diel Drivers/2026-05-06/1_95/260506_1924",70807.3435,70812.1096,"ambient_background"
"Luke - Diel Drivers/2026-05-06/1_95/260506_1924",70812.1096,70812.5802,"ambient_wind"
"Luke - Diel Drivers/2026-05-06/1_95/260506_1924",70812.5802,70813.5329,"ambient_background"
"Luke - Diel Drivers/2026-05-06/1_95/260506_1924",70813.5329,70813.8884,"ambient_rustle"
"Luke - Diel Drivers/2026-05-06/1_95/260506_1924",70813.8884,70814.7707,"ambient_background"
"Luke - Diel Drivers/2026-05-06/1_95/260506_1924",70814.7707,70818.1435,"ins_buzz_low"
"Luke - Diel Drivers/2026-05-06/1_95/260506_1924",70818.1435,70818.57,"ambient_background"
"Luke - Diel Drivers/2026-05-06/1_95/260506_1924",70818.57,70819.4982,"ins_buzz_pollination"
"Luke - Diel Drivers/2026-05-06/1_95/260506_1924",70819.4982,70821.0391,"ambient_background"
"Luke - Diel Drivers/2026-05-06/1_95/260506_1924",70821.0391,70821.6091,"ins_buzz_low"
"Luke - Diel Drivers/2026-05-06/1_95/260506_1924",70821.6091,70824.6776,"ambient_background"
"Luke - Diel Drivers/2026-05-06/1_95/260506_1924",70824.6776,70825.9732,"ins_buzz_low"
"Luke - Diel Drivers/2026-05-06/1_95/260506_1924",70825.4508,70826.1097,"wind_chime"
"Luke - Diel Drivers/2026-05-06/1_95/260506_1924",70826.1097,70829.4716,"ambient_background"
"Luke - Diel Drivers/2026-05-06/1_95/260506_1924",70829.4716,70860,"mech_plane_jet"
"Luke - Diel Drivers/2026-05-06/1_95/260506_1924",70830.2675,70830.7248,"wind_chime"
"Luke - Diel Drivers/2026-05-06/1_95/260506_1924",70832.926,70833.6007,"wind_chime"
"Luke - Diel Drivers/2026-05-06/1_95/260506_1924",70835.8623,70837.0939,"wind_chime"
"Luke - Diel Drivers/2026-05-06/1_95/260506_1924",70837.6151,70840.4968,"human"
"Luke - Diel Drivers/2026-05-06/1_95/260506_1924",70837.8378,70838.4723,"wind_chime"
"Luke - Diel Drivers/2026-05-06/1_95/260506_1924",70841.6704,70841.7882,"ambient_rustle"
"Luke - Diel Drivers/2026-05-06/1_95/260506_1924",70844.1434,70844.2264,"ambient_rustle"
"Luke - Diel Drivers/2026-05-06/1_95/260506_1924",70845.0083,70845.5947,"ambient_wind"
"Luke - Diel Drivers/2026-05-06/1_95/260506_1924",70845.4407,70845.7647,"human"
"Luke - Diel Drivers/2026-05-06/1_95/260506_1924",70849.9421,70854.2675,"ambient_wind"
"Luke - Diel Drivers/2026-05-06/1_95/260506_1924",70855.9143,70856.313,"ins_buzz_pollination"
"Luke - Diel Drivers/2026-05-06/1_95/260506_1924",70859.6274,70860,"human"
"Luke - Diel Drivers/2026-05-06/1_95/260506_1924",74160.0631,74161.8973,"human"
"Luke - Diel Drivers/2026-05-06/1_95/260506_1924",74160.4312,74178.5068,"mech_plane_jet"
"Luke - Diel Drivers/2026-05-06/1_95/260506_1924",74162.861,74163.9179,"human"
"Luke - Diel Drivers/2026-05-06/1_95/260506_1924",74164.7107,74166.6847,"human"
"Luke - Diel Drivers/2026-05-06/1_95/260506_1924",74165.3612,74185.0571,"mech_auto_car"
"Luke - Diel Drivers/2026-05-06/1_95/260506_1924",74167.7883,74169.5447,"human"
"Luke - Diel Drivers/2026-05-06/1_95/260506_1924",74170.1754,74172.9888,"human"
"Luke - Diel Drivers/2026-05-06/1_95/260506_1924",74174.4359,74178.3063,"human"
"Luke - Diel Drivers/2026-05-06/1_95/260506_1924",74179.7566,74180.8903,"human"
"Luke - Diel Drivers/2026-05-06/1_95/260506_1924",74181.8129,74185.0328,"human"
"Luke - Diel Drivers/2026-05-06/1_95/260506_1924",74185.0571,74186.5594,"ambient_background"
"Luke - Diel Drivers/2026-05-06/1_95/260506_1924",74186.5594,74199.8357,"human"
"Luke - Diel Drivers/2026-05-06/1_95/260506_1924",74191.2993,74194.3974,"ambient_rustle"
"Luke - Diel Drivers/2026-05-06/1_95/260506_1924",74199.8357,74200.9279,"ambient_background"
"Luke - Diel Drivers/2026-05-06/1_95/260506_1924",74200.9279,74201.6434,"human"
"Luke - Diel Drivers/2026-05-06/1_95/260506_1924",74201.6434,74202.2917,"ambient_background"
"Luke - Diel Drivers/2026-05-06/1_95/260506_1924",74202.2917,74212.1304,"human"
"Luke - Diel Drivers/2026-05-06/1_95/260506_1924",74204.3197,74306.6955,"mech_plane_jet"
"Luke - Diel Drivers/2026-05-06/1_95/260506_1924",74213.1617,74213.9714,"human"
"Luke - Diel Drivers/2026-05-06/1_95/260506_1924",74218.4796,74221.5171,"human"
"Luke - Diel Drivers/2026-05-06/1_95/260506_1924",74223.3349,74224.8225,"human"
"Luke - Diel Drivers/2026-05-06/1_95/260506_1924",74228.741,74230.5847,"human"
"Luke - Diel Drivers/2026-05-06/1_95/260506_1924",74232.918,74233.9348,"human"
"Luke - Diel Drivers/2026-05-06/1_95/260506_1924",74236.7681,74238.2987,"wind_chime"
"Luke - Diel Drivers/2026-05-06/1_95/260506_1924",74243.159,74243.3727,"wind_chime"
"Luke - Diel Drivers/2026-05-06/1_95/260506_1924",74247.9423,74248.4838,"wind_chime"
"Luke - Diel Drivers/2026-05-06/1_95/260506_1924",74259.0254,74259.8233,"wind_chime"
"Luke - Diel Drivers/2026-05-06/1_95/260506_1924",74265.8502,74266.6481,"wind_chime"
"Luke - Diel Drivers/2026-05-06/1_95/260506_1924",74267.5598,74268.7408,"human"
"Luke - Diel Drivers/2026-05-06/1_95/260506_1924",74270.2222,74285.2375,"mech_auto_car"
"Luke - Diel Drivers/2026-05-06/1_95/260506_1924",74270.5364,74275.6069,"human"
"Luke - Diel Drivers/2026-05-06/1_95/260506_1924",74270.7185,74272.7703,"wind_chime"
"Luke - Diel Drivers/2026-05-06/1_95/260506_1924",74278.784,74280.3246,"human"
"Luke - Diel Drivers/2026-05-06/1_95/260506_1924",74281.2494,74285.1185,"human"
"Luke - Diel Drivers/2026-05-06/1_95/260506_1924",74285.859,74292.8833,"wind_chime"
"Luke - Diel Drivers/2026-05-06/1_95/260506_1924",74286.02,74286.3213,"human"
"Luke - Diel Drivers/2026-05-06/1_95/260506_1924",74287.5714,74289.0175,"human"
"Luke - Diel Drivers/2026-05-06/1_95/260506_1924",74291.9994,74293.3597,"human"
"Luke - Diel Drivers/2026-05-06/1_95/260506_1924",74294.5346,74295.9887,"human"
"Luke - Diel Drivers/2026-05-06/1_95/260506_1924",74305.4932,74307.4103,"human"
"Luke - Diel Drivers/2026-05-06/1_95/260506_1924",74307.4103,74308.0264,"ambient_background"
"Luke - Diel Drivers/2026-05-06/1_95/260506_1924",74308.0264,74312.0906,"human"
"Luke - Diel Drivers/2026-05-06/1_95/260506_1924",74312.0906,74312.5876,"ambient_background"
"Luke - Diel Drivers/2026-05-06/1_95/260506_1924",74312.5876,74314.9025,"human"
"Luke - Diel Drivers/2026-05-06/1_95/260506_1924",74314.3788,74315.33,"ambient_rustle"
"Luke - Diel Drivers/2026-05-06/1_95/260506_1924",74315.33,74316.8247,"ambient_background"
"Luke - Diel Drivers/2026-05-06/1_95/260506_1924",74316.8247,74318.2515,"ambient_rustle"
"Luke - Diel Drivers/2026-05-06/1_95/260506_1924",74318.2515,74320.5024,"ambient_background"
"Luke - Diel Drivers/2026-05-06/1_95/260506_1924",74320.5024,74323.1522,"ambient_rustle"
"Luke - Diel Drivers/2026-05-06/1_95/260506_1924",74322.8748,74328.1896,"ins_buzz_low"
"Luke - Diel Drivers/2026-05-06/1_95/260506_1924",74327.7327,74342.8159,"mech_auto_car"
"Luke - Diel Drivers/2026-05-06/1_95/260506_1924",74337.8354,74341.9758,"human"
"Luke - Diel Drivers/2026-05-06/1_95/260506_1924",74342.8159,74343.2471,"ambient_background"
"Luke - Diel Drivers/2026-05-06/1_95/260506_1924",74343.2471,74348.1473,"human"
"Luke - Diel Drivers/2026-05-06/1_95/260506_1924",74348.1473,74349.3271,"ambient_background"
"Luke - Diel Drivers/2026-05-06/1_95/260506_1924",74349.3271,74352.7711,"human"
"Luke - Diel Drivers/2026-05-06/1_95/260506_1924",74352.7711,74354.6396,"ambient_background"
"Luke - Diel Drivers/2026-05-06/1_95/260506_1924",74354.6396,74355.2524,"wind_chime"
"Luke - Diel Drivers/2026-05-06/1_95/260506_1924",74355.2524,74355.7225,"ambient_background"
"Luke - Diel Drivers/2026-05-06/1_95/260506_1924",74355.7225,74359.7018,"human"
"Luke - Diel Drivers/2026-05-06/1_95/260506_1924",74359.7018,74362.0159,"ambient_background"
"Luke - Diel Drivers/2026-05-06/1_95/260506_1924",74362.0159,74370.8325,"human"
"Luke - Diel Drivers/2026-05-06/1_95/260506_1924",74366.3082,74367.0159,"wind_chime"
"Luke - Diel Drivers/2026-05-06/1_95/260506_1924",74370.036,74371.0719,"wind_chime"
"Luke - Diel Drivers/2026-05-06/1_95/260506_1924",74371.0719,74373.8989,"ambient_background"
"Luke - Diel Drivers/2026-05-06/1_95/260506_1924",74373.8989,74377.2479,"human"
"Luke - Diel Drivers/2026-05-06/1_95/260506_1924",74377.2479,74378.1503,"ambient_background"
"Luke - Diel Drivers/2026-05-06/1_95/260506_1924",74378.1503,74378.2451,"ambient_rustle"
"Luke - Diel Drivers/2026-05-06/1_95/260506_1924",74378.2451,74378.943,"ambient_background"
"Luke - Diel Drivers/2026-05-06/1_95/260506_1924",74378.943,74380.1905,"wind_chime"
"Luke - Diel Drivers/2026-05-06/1_95/260506_1924",74380.1905,74380.3805,"ambient_background"
"Luke - Diel Drivers/2026-05-06/1_95/260506_1924",74380.3805,74383.2332,"ambient_wind"
"Luke - Diel Drivers/2026-05-06/1_95/260506_1924",74381.6955,74395.284,"human"
"Luke - Diel Drivers/2026-05-06/1_95/260506_1924",74385.7503,74389.5819,"ambient_wind"
"Luke - Diel Drivers/2026-05-06/1_95/260506_1924",74386.4921,74391.6349,"mech_auto_car"
"Luke - Diel Drivers/2026-05-06/1_95/260506_1924",74395.284,74395.4859,"ambient_background"
"Luke - Diel Drivers/2026-05-06/1_95/260506_1924",74395.4859,74399.4294,"ambient_wind"
"Luke - Diel Drivers/2026-05-06/1_95/260506_1924",74399.4294,74401.7788,"ambient_background"
"Luke - Diel Drivers/2026-05-06/1_95/260506_1924",74401.7788,74407.4859,"ambient_rustle"
"Luke - Diel Drivers/2026-05-06/1_95/260506_1924",74407.4859,74412.4431,"ambient_background"
"Luke - Diel Drivers/2026-05-06/1_95/260506_1924",74412.4431,74413.4206,"human"
"Luke - Diel Drivers/2026-05-06/1_95/260506_1924",74413.4206,74414.2038,"ambient_background"
"Luke - Diel Drivers/2026-05-06/1_95/260506_1924",74414.2038,74414.5102,"wind_chime"
"Luke - Diel Drivers/2026-05-06/1_95/260506_1924",74414.5102,74423.7935,"ambient_background"
"Luke - Diel Drivers/2026-05-06/1_95/260506_1924",74423.7935,74424.6398,"wind_chime"
"Luke - Diel Drivers/2026-05-06/1_95/260506_1924",74424.6398,74426.0371,"ambient_background"
"Luke - Diel Drivers/2026-05-06/1_95/260506_1924",74426.0371,74426.4602,"wind_chime"
"Luke - Diel Drivers/2026-05-06/1_95/260506_1924",74426.4602,74433.3835,"ambient_background"
"Luke - Diel Drivers/2026-05-06/1_95/260506_1924",74433.3835,74434.3275,"ambient_wind"
"Luke - Diel Drivers/2026-05-06/1_95/260506_1924",74434.1945,74434.4644,"wind_chime"
"Luke - Diel Drivers/2026-05-06/1_95/260506_1924",74434.4644,74435.2085,"ambient_background"
"Luke - Diel Drivers/2026-05-06/1_95/260506_1924",74435.2085,74435.5076,"wind_chime"
"Luke - Diel Drivers/2026-05-06/1_95/260506_1924",74435.5076,74435.6449,"ambient_background"
"Luke - Diel Drivers/2026-05-06/1_95/260506_1924",74435.6449,74438.9933,"ambient_wind"
"Luke - Diel Drivers/2026-05-06/1_95/260506_1924",74438.9933,74446.1218,"ambient_background"
"Luke - Diel Drivers/2026-05-06/1_95/260506_1924",74446.1218,74446.793,"wind_chime"
"Luke - Diel Drivers/2026-05-06/1_95/260506_1924",74446.793,74447.5444,"ambient_background"
"Luke - Diel Drivers/2026-05-06/1_95/260506_1924",74447.5444,74449.4995,"wind_chime"
"Luke - Diel Drivers/2026-05-06/1_95/260506_1924",74447.6342,74449.1464,"ambient_wind"
"Luke - Diel Drivers/2026-05-06/1_95/260506_1924",74449.4995,74460,"ambient_background"
"Luke - Diel Drivers/2026-05-06/1_95/260506_1924",77760,77760.3185,"ambient_background"
"Luke - Diel Drivers/2026-05-06/1_95/260506_1924",77760.3185,77769.0236,"human"
"Luke - Diel Drivers/2026-05-06/1_95/260506_1924",77767.7835,77774.0015,"ambient_rustle"
"Luke - Diel Drivers/2026-05-06/1_95/260506_1924",77772.8453,77780.1704,"mech_auto_car"
"Luke - Diel Drivers/2026-05-06/1_95/260506_1924",77780.1704,77786.7329,"ambient_background"
"Luke - Diel Drivers/2026-05-06/1_95/260506_1924",77786.7329,77787.8243,"ambient_rustle"
"Luke - Diel Drivers/2026-05-06/1_95/260506_1924",77787.8243,77789.7542,"ambient_background"
"Luke - Diel Drivers/2026-05-06/1_95/260506_1924",77789.7542,77793.5443,"ambient_rustle"
"Luke - Diel Drivers/2026-05-06/1_95/260506_1924",77793.5443,77809.5363,"ambient_background"
"Luke - Diel Drivers/2026-05-06/1_95/260506_1924",77809.5363,77813.2267,"ambient_rustle"
"Luke - Diel Drivers/2026-05-06/1_95/260506_1924",77813.2267,77815.7588,"ambient_background"
"Luke - Diel Drivers/2026-05-06/1_95/260506_1924",77815.7588,77816.2148,"wind_chime"
"Luke - Diel Drivers/2026-05-06/1_95/260506_1924",77816.2148,77817.8893,"ambient_background"
"Luke - Diel Drivers/2026-05-06/1_95/260506_1924",77817.8893,77818.388,"wind_chime"
"Luke - Diel Drivers/2026-05-06/1_95/260506_1924",77818.388,77822.9174,"ambient_background"
"Luke - Diel Drivers/2026-05-06/1_95/260506_1924",77822.9174,77824.2995,"wind_chime"
"Luke - Diel Drivers/2026-05-06/1_95/260506_1924",77824.2995,77826.1101,"ambient_background"
"Luke - Diel Drivers/2026-05-06/1_95/260506_1924",77826.1101,77826.9365,"wind_chime"
"Luke - Diel Drivers/2026-05-06/1_95/260506_1924",77826.9365,77827.9877,"ambient_background"
"Luke - Diel Drivers/2026-05-06/1_95/260506_1924",77827.9877,77828.4151,"wind_chime"
"Luke - Diel Drivers/2026-05-06/1_95/260506_1924",77828.4151,77829.2602,"ambient_background"
"Luke - Diel Drivers/2026-05-06/1_95/260506_1924",77829.2602,77831.5542,"wind_chime"
"Luke - Diel Drivers/2026-05-06/1_95/260506_1924",77831.6188,77835.5229,"ins_buzz_low"
"Luke - Diel Drivers/2026-05-06/1_95/260506_1924",77835.0864,77840.3714,"wind_chime"
"Luke - Diel Drivers/2026-05-06/1_95/260506_1924",77840.3714,77846.8499,"ambient_background"
"Luke - Diel Drivers/2026-05-06/1_95/260506_1924",77846.8499,77848.9806,"wind_chime"
"Luke - Diel Drivers/2026-05-06/1_95/260506_1924",77848.9806,77851.2458,"ambient_background"
"Luke - Diel Drivers/2026-05-06/1_95/260506_1924",77851.2458,77854.2237,"ambient_rustle"
"Luke - Diel Drivers/2026-05-06/1_95/260506_1924",77851.5513,77853.9863,"wind_chime"
"Luke - Diel Drivers/2026-05-06/1_95/260506_1924",77854.2237,77855.0354,"ambient_background"
"Luke - Diel Drivers/2026-05-06/1_95/260506_1924",77855.0354,77861.7322,"ambient_rustle"
"Luke - Diel Drivers/2026-05-06/1_95/260506_1924",77860.2028,77863.4942,"wind_chime"
"Luke - Diel Drivers/2026-05-06/1_95/260506_1924",77863.4942,77870.4867,"ambient_background"
"Luke - Diel Drivers/2026-05-06/1_95/260506_1924",77870.4867,77871.9543,"wind_chime"
"Luke - Diel Drivers/2026-05-06/1_95/260506_1924",77871.9543,77874.6397,"ambient_background"
"Luke - Diel Drivers/2026-05-06/1_95/260506_1924",77874.6397,77883.5282,"wind_chime"
"Luke - Diel Drivers/2026-05-06/1_95/260506_1924",77876.1998,77877.5819,"ins_buzz_low"
"Luke - Diel Drivers/2026-05-06/1_95/260506_1924",77883.5282,77888.2546,"ambient_background"
"Luke - Diel Drivers/2026-05-06/1_95/260506_1924",77888.2546,77889.9939,"ins_buzz_low"
"Luke - Diel Drivers/2026-05-06/1_95/260506_1924",77889.9939,77900.1604,"ambient_background"
"Luke - Diel Drivers/2026-05-06/1_95/260506_1924",77900.1604,77904.7262,"wind_chime"
"Luke - Diel Drivers/2026-05-06/1_95/260506_1924",77904.7262,77906.9034,"ambient_background"
"Luke - Diel Drivers/2026-05-06/1_95/260506_1924",77906.9034,77907.5122,"wind_chime"
"Luke - Diel Drivers/2026-05-06/1_95/260506_1924",77907.5122,77910.3178,"ambient_background"
"Luke - Diel Drivers/2026-05-06/1_95/260506_1924",77910.3178,77910.5001,"human"
"Luke - Diel Drivers/2026-05-06/1_95/260506_1924",77910.5001,77911.6444,"ambient_background"
"Luke - Diel Drivers/2026-05-06/1_95/260506_1924",77911.6444,77912.0478,"human"
"Luke - Diel Drivers/2026-05-06/1_95/260506_1924",77912.0478,77913.5697,"ambient_background"
"Luke - Diel Drivers/2026-05-06/1_95/260506_1924",77913.5697,77917.035,"wind_chime"
"Luke - Diel Drivers/2026-05-06/1_95/260506_1924",77917.035,77917.8257,"ambient_background"
"Luke - Diel Drivers/2026-05-06/1_95/260506_1924",77917.8257,77918.2133,"wind_chime"
"Luke - Diel Drivers/2026-05-06/1_95/260506_1924",77918.2133,77919.2848,"ambient_background"
"Luke - Diel Drivers/2026-05-06/1_95/260506_1924",77919.2848,77920.1511,"wind_chime"
"Luke - Diel Drivers/2026-05-06/1_95/260506_1924",77920.1511,77920.5599,"ambient_background"
"Luke - Diel Drivers/2026-05-06/1_95/260506_1924",77920.5599,77922.1215,"wind_chime"
"Luke - Diel Drivers/2026-05-06/1_95/260506_1924",77922.1215,77923.307,"ambient_background"
"Luke - Diel Drivers/2026-05-06/1_95/260506_1924",77923.307,77923.82,"wind_chime"
"Luke - Diel Drivers/2026-05-06/1_95/260506_1924",77923.82,77924.7091,"ambient_background"
"Luke - Diel Drivers/2026-05-06/1_95/260506_1924",77924.7091,77927.08,"wind_chime"
"Luke - Diel Drivers/2026-05-06/1_95/260506_1924",77926.4081,77947.06,"mech_auto_car"
"Luke - Diel Drivers/2026-05-06/1_95/260506_1924",77947.0458,77952.4377,"wind_chime"
"Luke - Diel Drivers/2026-05-06/1_95/260506_1924",77948.0378,77955.7706,"ins_buzz_low"
"Luke - Diel Drivers/2026-05-06/1_95/260506_1924",77955.0444,77976.1336,"ambient_rustle"
"Luke - Diel Drivers/2026-05-06/1_95/260506_1924",77969.5144,77979.7329,"ins_buzz_low"
"Luke - Diel Drivers/2026-05-06/1_95/260506_1924",77979.7329,77985.1614,"ambient_background"
"Luke - Diel Drivers/2026-05-06/1_95/260506_1924",77985.1614,77995.7374,"mech_auto_car"
"Luke - Diel Drivers/2026-05-06/1_95/260506_1924",77992.8942,77997.8078,"ins_buzz_low"
"Luke - Diel Drivers/2026-05-06/1_95/260506_1924",77994.2443,78013.4218,"ambient_rustle"
"Luke - Diel Drivers/2026-05-06/1_95/260506_1924",78013.4218,78016.2916,"ambient_background"
"Luke - Diel Drivers/2026-05-06/1_95/260506_1924",78016.2916,78019.3789,"ambient_rustle"
"Luke - Diel Drivers/2026-05-06/1_95/260506_1924",78019.3789,78025.1073,"ambient_background"
"Luke - Diel Drivers/2026-05-06/1_95/260506_1924",78025.1073,78032.1327,"ins_buzz_low"
"Luke - Diel Drivers/2026-05-06/1_95/260506_1924",78032.1327,78035.2579,"ambient_background"
"Luke - Diel Drivers/2026-05-06/1_95/260506_1924",78035.2579,78041.389,"ins_buzz_low"
"Luke - Diel Drivers/2026-05-06/1_95/260506_1924",78041.389,78043.0439,"ambient_background"
"Luke - Diel Drivers/2026-05-06/1_95/260506_1924",78043.0439,78046.0105,"ins_buzz_low"
"Luke - Diel Drivers/2026-05-06/1_95/260506_1924",78046.0105,78046.3486,"ambient_background"
"Luke - Diel Drivers/2026-05-06/1_95/260506_1924",78046.3486,78048.2579,"ins_buzz_high"
"Luke - Diel Drivers/2026-05-06/1_95/260506_1924",78048.2579,78048.6687,"ambient_background"
"Luke - Diel Drivers/2026-05-06/1_95/260506_1924",78048.6687,78050.1934,"ins_buzz_low"
"Luke - Diel Drivers/2026-05-06/1_95/260506_1924",78050.2042,78051.8942,"ins_buzz_high"
"Luke - Diel Drivers/2026-05-06/1_95/260506_1924",78051.8958,78055.8497,"ins_buzz_low"
"Luke - Diel Drivers/2026-05-06/1_95/260506_1924",78055.8497,78058.5039,"ambient_background"
"Luke - Diel Drivers/2026-05-06/1_95/260506_1924",78058.5039,78060,"ambient_rustle"
"Luke - Diel Drivers/2026-05-06/1_95/260506_1924",81360,81364.4786,"ambient_background"
"Luke - Diel Drivers/2026-05-06/1_95/260506_1924",81364.4786,81374.6203,"ambient_rustle"
"Luke - Diel Drivers/2026-05-06/1_95/260506_1924",81374.6203,81378.129,"ambient_background"
"Luke - Diel Drivers/2026-05-06/1_95/260506_1924",81378.129,81379.8567,"ambient_rustle"
"Luke - Diel Drivers/2026-05-06/1_95/260506_1924",81379.8567,81380.9762,"ambient_background"
"Luke - Diel Drivers/2026-05-06/1_95/260506_1924",81380.9762,81382.5068,"ins_buzz_low"
"Luke - Diel Drivers/2026-05-06/1_95/260506_1924",81382.5068,81404.8637,"ambient_background"
"Luke - Diel Drivers/2026-05-06/1_95/260506_1924",81404.8637,81407.3335,"ins_buzz_low"
"Luke - Diel Drivers/2026-05-06/1_95/260506_1924",81407.3335,81411.0958,"ambient_background"
"Luke - Diel Drivers/2026-05-06/1_95/260506_1924",81411.0958,81443.6113,"mech_auto_truck"
"Luke - Diel Drivers/2026-05-06/1_95/260506_1924",81420.5284,81421.3632,"human"
"Luke - Diel Drivers/2026-05-06/1_95/260506_1924",81423.1551,81426.6338,"human"
"Luke - Diel Drivers/2026-05-06/1_95/260506_1924",81443.6113,81449.7877,"ambient_background"
"Luke - Diel Drivers/2026-05-06/1_95/260506_1924",81449.7877,81451.8421,"ins_buzz_low"
"Luke - Diel Drivers/2026-05-06/1_95/260506_1924",81451.8421,81460.6411,"ambient_background"
"Luke - Diel Drivers/2026-05-06/1_95/260506_1924",81460.6411,81467.8767,"ambient_rustle"
"Luke - Diel Drivers/2026-05-06/1_95/260506_1924",81467.8767,81473.4379,"ambient_background"
"Luke - Diel Drivers/2026-05-06/1_95/260506_1924",81473.4379,81473.585,"human"
"Luke - Diel Drivers/2026-05-06/1_95/260506_1924",81473.585,81480.9312,"ambient_background"
"Luke - Diel Drivers/2026-05-06/1_95/260506_1924",81480.9312,81491.6016,"ambient_rustle"
"Luke - Diel Drivers/2026-05-06/1_95/260506_1924",81483.6183,81483.964,"human"
"Luke - Diel Drivers/2026-05-06/1_95/260506_1924",81486.1428,81487.0916,"human"
"Luke - Diel Drivers/2026-05-06/1_95/260506_1924",81491.6016,81492.6903,"ambient_background"
"Luke - Diel Drivers/2026-05-06/1_95/260506_1924",81492.6903,81496.1947,"human"
"Luke - Diel Drivers/2026-05-06/1_95/260506_1924",81493.3836,81516.6003,"ambient_rustle"
"Luke - Diel Drivers/2026-05-06/1_95/260506_1924",81498.913,81499.0588,"human"
"Luke - Diel Drivers/2026-05-06/1_95/260506_1924",81501.3114,81501.7829,"human"
"Luke - Diel Drivers/2026-05-06/1_95/260506_1924",81503.1596,81510.3408,"human"
"Luke - Diel Drivers/2026-05-06/1_95/260506_1924",81516.6003,81518.2938,"ambient_background"
"Luke - Diel Drivers/2026-05-06/1_95/260506_1924",81518.2938,81519.7278,"human"
"Luke - Diel Drivers/2026-05-06/1_95/260506_1924",81519.7278,81523.4438,"ambient_background"
"Luke - Diel Drivers/2026-05-06/1_95/260506_1924",81523.4438,81524.65,"human"
"Luke - Diel Drivers/2026-05-06/1_95/260506_1924",81524.65,81525.7666,"ambient_background"
"Luke - Diel Drivers/2026-05-06/1_95/260506_1924",81525.7666,81532.96,"ambient_rustle"
"Luke - Diel Drivers/2026-05-06/1_95/260506_1924",81526.1425,81526.6736,"human"
"Luke - Diel Drivers/2026-05-06/1_95/260506_1924",81529.7317,81530.9063,"human"
"Luke - Diel Drivers/2026-05-06/1_95/260506_1924",81532.96,81535.3542,"ambient_background"
"Luke - Diel Drivers/2026-05-06/1_95/260506_1924",81535.3542,81537.7288,"human"
"Luke - Diel Drivers/2026-05-06/1_95/260506_1924",81537.7288,81539.0401,"ambient_background"
"Luke - Diel Drivers/2026-05-06/1_95/260506_1924",81539.0401,81540.4062,"ambient_rustle"
"Luke - Diel Drivers/2026-05-06/1_95/260506_1924",81540.4062,81541.3337,"ambient_background"
"Luke - Diel Drivers/2026-05-06/1_95/260506_1924",81541.3337,81549.5677,"ambient_rustle"
"Luke - Diel Drivers/2026-05-06/1_95/260506_1924",81544.3479,81544.5522,"human"
"Luke - Diel Drivers/2026-05-06/1_95/260506_1924",81545.583,81546.4256,"human"
"Luke - Diel Drivers/2026-05-06/1_95/260506_1924",81547.9755,81548.5372,"human"
"Luke - Diel Drivers/2026-05-06/1_95/260506_1924",81549.5677,81550.6773,"ambient_background"
"Luke - Diel Drivers/2026-05-06/1_95/260506_1924",81550.6773,81552.0561,"human"
"Luke - Diel Drivers/2026-05-06/1_95/260506_1924",81552.0145,81555.1296,"ins_buzz_low"
"Luke - Diel Drivers/2026-05-06/1_95/260506_1924",81553.2451,81553.7175,"human"
"Luke - Diel Drivers/2026-05-06/1_95/260506_1924",81555.1296,81555.9338,"ambient_background"
"Luke - Diel Drivers/2026-05-06/1_95/260506_1924",81555.9338,81562.0746,"ambient_rustle"
"Luke - Diel Drivers/2026-05-06/1_95/260506_1924",81562.0746,81568.9601,"ambient_background"
"Luke - Diel Drivers/2026-05-06/1_95/260506_1924",81568.9601,81570.0963,"human"
"Luke - Diel Drivers/2026-05-06/1_95/260506_1924",81570.0963,81572.1513,"ambient_background"
"Luke - Diel Drivers/2026-05-06/1_95/260506_1924",81572.1513,81577.041,"human"
"Luke - Diel Drivers/2026-05-06/1_95/260506_1924",81577.041,81579.627,"ambient_background"
"Luke - Diel Drivers/2026-05-06/1_95/260506_1924",81579.627,81580.2909,"human"
"Luke - Diel Drivers/2026-05-06/1_95/260506_1924",81580.2909,81588.0829,"ambient_background"
"Luke - Diel Drivers/2026-05-06/1_95/260506_1924",81588.0829,81600.99,"ambient_rustle"
"Luke - Diel Drivers/2026-05-06/1_95/260506_1924",81597.768,81608.5803,"mech_auto_car"
"Luke - Diel Drivers/2026-05-06/1_95/260506_1924",81608.5803,81610.4592,"ambient_background"
"Luke - Diel Drivers/2026-05-06/1_95/260506_1924",81610.4592,81612.2465,"animal_dog"
"Luke - Diel Drivers/2026-05-06/1_95/260506_1924",81612.2465,81614.2132,"ambient_background"
"Luke - Diel Drivers/2026-05-06/1_95/260506_1924",81614.2132,81616.0272,"animal_dog"
"Luke - Diel Drivers/2026-05-06/1_95/260506_1924",81616.0272,81617.8636,"ambient_background"
"Luke - Diel Drivers/2026-05-06/1_95/260506_1924",81617.8636,81625.1317,"ambient_rustle"
"Luke - Diel Drivers/2026-05-06/1_95/260506_1924",81617.9959,81619.1776,"animal_dog"
"Luke - Diel Drivers/2026-05-06/1_95/260506_1924",81620.6329,81621.3998,"animal_dog"
"Luke - Diel Drivers/2026-05-06/1_95/260506_1924",81622.5473,81623.0502,"animal_dog"
"Luke - Diel Drivers/2026-05-06/1_95/260506_1924",81624.7364,81625.3525,"animal_dog"
"Luke - Diel Drivers/2026-05-06/1_95/260506_1924",81625.3525,81629.0913,"ambient_background"
"Luke - Diel Drivers/2026-05-06/1_95/260506_1924",81629.0913,81630.6502,"animal_dog"
"Luke - Diel Drivers/2026-05-06/1_95/260506_1924",81630.6502,81632.4314,"ambient_background"
"Luke - Diel Drivers/2026-05-06/1_95/260506_1924",81632.4314,81637.5104,"wind_chimes"
"Luke - Diel Drivers/2026-05-06/1_95/260506_1924",81637.4291,81640.5092,"animal_dog"
"Luke - Diel Drivers/2026-05-06/1_95/260506_1924",81640.5092,81644.6738,"ambient_background"
"Luke - Diel Drivers/2026-05-06/1_95/260506_1924",81644.6738,81649.4762,"wind_chime"
"Luke - Diel Drivers/2026-05-06/1_95/260506_1924",81649.4762,81651.7935,"ambient_background"
"Luke - Diel Drivers/2026-05-06/1_95/260506_1924",81651.7935,81652.1455,"wind_chime"
"Luke - Diel Drivers/2026-05-06/1_95/260506_1924",81652.1455,81654.3002,"ambient_background"
"Luke - Diel Drivers/2026-05-06/1_95/260506_1924",81654.3002,81655.1677,"wind_chime"
"Luke - Diel Drivers/2026-05-06/1_95/260506_1924",81655.1677,81656.2414,"ambient_background"
"Luke - Diel Drivers/2026-05-06/1_95/260506_1924",81656.2414,81660,"ins_buzz_low"
"Luke - Diel Drivers/2026-05-06/1_95/260506_1924",84960,84972.6225,"mech_auto_car"
"Luke - Diel Drivers/2026-05-06/1_95/260506_1924",84972.6225,84989.0852,"ambient_background"
"Luke - Diel Drivers/2026-05-06/1_95/260506_1924",84989.0852,84995.4636,"mech_weedwhack"
"Luke - Diel Drivers/2026-05-06/1_95/260506_1924",84994.5765,85017.2616,"mech_auto_car"
"Luke - Diel Drivers/2026-05-06/1_95/260506_1924",85017.2616,85025.7457,"ambient_background"
"Luke - Diel Drivers/2026-05-06/1_95/260506_1924",85025.7457,85051.7552,"mech_auto_car"
"Luke - Diel Drivers/2026-05-06/1_95/260506_1924",85051.7552,85076.6271,"ambient_background"
"Luke - Diel Drivers/2026-05-06/1_95/260506_1924",85076.6271,85090.8969,"mech_hum_traffic"
"Luke - Diel Drivers/2026-05-06/1_95/260506_1924",85090.8969,85099.889,"ambient_background"
"Luke - Diel Drivers/2026-05-06/1_95/260506_1924",85099.889,85105.3592,"mech_hum_traffic"
"Luke - Diel Drivers/2026-05-06/1_95/260506_1924",85105.3592,85184.718,"ambient_background"
"Luke - Diel Drivers/2026-05-06/1_95/260506_1924",85184.718,85185.7866,"animal_frog"
"Luke - Diel Drivers/2026-05-06/1_95/260506_1924",85185.7866,85191.5952,"ambient_background"
"Luke - Diel Drivers/2026-05-06/1_95/260506_1924",85191.5952,85193.0159,"animal_frog"
"Luke - Diel Drivers/2026-05-06/1_95/260506_1924",85193.0159,85207.769,"ambient_background"
"Luke - Diel Drivers/2026-05-06/1_95/260506_1924",85207.769,85209.1016,"animal_frog"
"Luke - Diel Drivers/2026-05-06/1_95/260506_1924",85209.1016,85217.8354,"ambient_background"
"Luke - Diel Drivers/2026-05-06/1_95/260506_1924",85217.8354,85218.904,"animal_frog"
"Luke - Diel Drivers/2026-05-06/1_95/260506_1924",85218.904,85229.4639,"ambient_background"
"Luke - Diel Drivers/2026-05-06/1_95/260506_1924",85229.4639,85230.5325,"animal_frog"
"Luke - Diel Drivers/2026-05-06/1_95/260506_1924",85230.5325,85242.3236,"ambient_background"
"Luke - Diel Drivers/2026-05-06/1_95/260506_1924",85242.3236,85242.9019,"ambient_rustle"
"Luke - Diel Drivers/2026-05-06/1_95/260506_1924",85242.9019,85244.9501,"ambient_background"
"Luke - Diel Drivers/2026-05-06/1_95/260506_1924",85244.9501,85246.0942,"animal_frog"
"Luke - Diel Drivers/2026-05-06/1_95/260506_1924",85245.7775,85246.8326,"ambient_rustle"
"Luke - Diel Drivers/2026-05-06/1_95/260506_1924",85246.8326,85249.2807,"ambient_background"
"Luke - Diel Drivers/2026-05-06/1_95/260506_1924",85249.2807,85250.096,"ambient_rustle"
"Luke - Diel Drivers/2026-05-06/1_95/260506_1924",85250.096,85258.2324,"ambient_background"
"Luke - Diel Drivers/2026-05-06/1_95/260506_1924",85258.2324,85259.4644,"animal_frog"
"Luke - Diel Drivers/2026-05-06/1_95/260506_1924",85259.4644,85260,"ambient_background"
"Luke - Diel Drivers/2026-05-06/1_95/260506_1924",88560,88576.2584,"ambient_background"
"Luke - Diel Drivers/2026-05-06/1_95/260506_1924",88576.2584,88580.2231,"ins_buzz_medium"
"Luke - Diel Drivers/2026-05-06/1_95/260506_1924",88580.2231,88581.4993,"ambient_background"
"Luke - Diel Drivers/2026-05-06/1_95/260506_1924",88581.4993,88584.1169,"ins_buzz_medium"
"Luke - Diel Drivers/2026-05-06/1_95/260506_1924",88584.1169,88593.0618,"ambient_background"
"Luke - Diel Drivers/2026-05-06/1_95/260506_1924",88593.0618,88593.2038,"ambient_scraping"
"Luke - Diel Drivers/2026-05-06/1_95/260506_1924",88593.2038,88594.3777,"ambient_background"
"Luke - Diel Drivers/2026-05-06/1_95/260506_1924",88594.3777,88595.6289,"ins_buzz_medium"
"Luke - Diel Drivers/2026-05-06/1_95/260506_1924",88595.6289,88606.4121,"ambient_background"
"Luke - Diel Drivers/2026-05-06/1_95/260506_1924",88606.4121,88631.1237,"mech_auto_car"
"Luke - Diel Drivers/2026-05-06/1_95/260506_1924",88631.1237,88639.548,"ambient_background"
"Luke - Diel Drivers/2026-05-06/1_95/260506_1924",88639.548,88642.1353,"ins_buzz_medium"
"Luke - Diel Drivers/2026-05-06/1_95/260506_1924",88642.1353,88645.4891,"ambient_background"
"Luke - Diel Drivers/2026-05-06/1_95/260506_1924",88645.4891,88646.7976,"ins_buzz_medium"
"Luke - Diel Drivers/2026-05-06/1_95/260506_1924",88646.7976,88653.0592,"ambient_background"
"Luke - Diel Drivers/2026-05-06/1_95/260506_1924",88653.0592,88655.3891,"ins_buzz_medium"
"Luke - Diel Drivers/2026-05-06/1_95/260506_1924",88655.3891,88662.2552,"ambient_background"
"Luke - Diel Drivers/2026-05-06/1_95/260506_1924",88662.2552,88666.2129,"ins_buzz_medium"
"Luke - Diel Drivers/2026-05-06/1_95/260506_1924",88666.2129,88685.4484,"ambient_background"
"Luke - Diel Drivers/2026-05-06/1_95/260506_1924",88685.4484,88686.8847,"ins_buzz_medium"
"Luke - Diel Drivers/2026-05-06/1_95/260506_1924",88686.8847,88689.1098,"ambient_background"
"Luke - Diel Drivers/2026-05-06/1_95/260506_1924",88689.1098,88690.9769,"ins_buzz_medium"
"Luke - Diel Drivers/2026-05-06/1_95/260506_1924",88690.9769,88693.625,"ambient_background"
"Luke - Diel Drivers/2026-05-06/1_95/260506_1924",88693.625,88695.4603,"ins_buzz_medium"
"Luke - Diel Drivers/2026-05-06/1_95/260506_1924",88695.4603,88726.0303,"ambient_background"
"Luke - Diel Drivers/2026-05-06/1_95/260506_1924",88726.0303,88805.8368,"mech_plane_jet"
"Luke - Diel Drivers/2026-05-06/1_95/260506_1924",88805.8368,88860,"ambient_background"
"Luke - Diel Drivers/2026-05-06/1_95/260506_1924",92160,92419.5418,"mech_hum_lawnmower"
"Luke - Diel Drivers/2026-05-06/1_95/260506_1924",92329.0822,92340.2791,"mech_auto_car"
"Luke - Diel Drivers/2026-05-06/1_95/260506_1924",92349.3454,92394.0996,"mech_auto_car"
"Luke - Diel Drivers/2026-05-06/1_95/260506_1924",92419.5418,92442.5768,"ambient_background"
"Luke - Diel Drivers/2026-05-06/1_95/260506_1924",92442.5768,92460,"mech_hum_lawnmower"
"Luke - Diel Drivers/2026-05-06/1_95/260506_1924",95760,96060,"mech_plane_jet"
"Luke - Diel Drivers/2026-05-06/1_95/260506_1924",95765.0728,95766.4039,"animal_dog"
"Luke - Diel Drivers/2026-05-06/1_95/260506_1924",96019.7506,96041.0438,"ambient_rustle"
"Luke - Diel Drivers/2026-05-06/1_95/260506_1924",96045.0043,96053.6022,"ambient_rustle"
"Luke - Diel Drivers/2026-05-06/1_95/260506_1924",96055.3652,96058.389,"ambient_rustle"
"Luke - Diel Drivers/2026-05-06/1_95/260506_1924",96059.7605,96060,"ambient_rustle"
"Luke - Diel Drivers/2026-05-06/1_95/260506_1924",99360,99540.8011,"mech_plane_prop"
"Luke - Diel Drivers/2026-05-06/1_95/260506_1924",99540.8011,99565.5289,"ambient_background"
"Luke - Diel Drivers/2026-05-06/1_95/260506_1924",99565.5289,99660,"mech_plane_jet"
"Luke - Various Opportunistic Recordings/2025-06-23/1_23/250623_0857",100980.0153,101002.2377,"mech_plane_jet"
"Luke - Various Opportunistic Recordings/2025-06-23/1_23/250623_0857",101002.2377,101004.1154,"ambient_background"
"Luke - Various Opportunistic Recordings/2025-06-23/1_23/250623_0857",101004.1154,101005.2272,"mech_auto_heavy"
"Luke - Various Opportunistic Recordings/2025-06-23/1_23/250623_0857",101005.2272,101008.1846,"ambient_background"
"Luke - Various Opportunistic Recordings/2025-06-23/1_23/250623_0857",101008.1846,101009.0313,"mech_beep"
"Luke - Various Opportunistic Recordings/2025-06-23/1_23/250623_0857",101009.0313,101012.8695,"ambient_background"
"Luke - Various Opportunistic Recordings/2025-06-23/1_23/250623_0857",101012.8695,101013.3801,"ins_buzz_medium"
"Luke - Various Opportunistic Recordings/2025-06-23/1_23/250623_0857",101013.3801,101015.3755,"ambient_background"
"Luke - Various Opportunistic Recordings/2025-06-23/1_23/250623_0857",101015.3755,101029.1614,"mech_beep"
"Luke - Various Opportunistic Recordings/2025-06-23/1_23/250623_0857",101029.1614,101054.3203,"ambient_background"
"Luke - Various Opportunistic Recordings/2025-06-23/1_23/250623_0857",101054.3203,101058.7121,"mech_plane_jet"
"Luke - Various Opportunistic Recordings/2025-06-23/1_23/250623_0857",101058.7121,101062.8594,"ambient_background"
"Luke - Various Opportunistic Recordings/2025-06-23/1_23/250623_0857",101062.8594,101064.1202,"mech_beep"
"Luke - Various Opportunistic Recordings/2025-06-23/1_23/250623_0857",101064.1202,101074.5245,"ambient_background"
"Luke - Various Opportunistic Recordings/2025-06-23/1_23/250623_0857",101074.5245,101077.7511,"mech_beep"
"Luke - Various Opportunistic Recordings/2025-06-23/1_23/250623_0857",101076.5169,101077.2687,"human"
"Luke - Various Opportunistic Recordings/2025-06-23/1_23/250623_0857",101077.7511,101080.3651,"ambient_background"
"Luke - Various Opportunistic Recordings/2025-06-23/1_23/250623_0857",101080.3651,101083.7581,"ins_buzz_medium"
"Luke - Various Opportunistic Recordings/2025-06-23/1_23/250623_0857",101083.7581,101085.3228,"ambient_background"
"Luke - Various Opportunistic Recordings/2025-06-23/1_23/250623_0857",101085.3228,101085.844,"ambient_scraping"
"Luke - Various Opportunistic Recordings/2025-06-23/1_23/250623_0857",101085.844,101108.5454,"ambient_background"
"Luke - Various Opportunistic Recordings/2025-06-23/1_23/250623_0857",101108.5454,101109.3031,"human"
"Luke - Various Opportunistic Recordings/2025-06-23/1_23/250623_0857",101109.3031,101112.1888,"ambient_background"
"Luke - Various Opportunistic Recordings/2025-06-23/1_23/250623_0857",101112.1888,101112.8806,"human"
"Luke - Various Opportunistic Recordings/2025-06-23/1_23/250623_0857",101112.8806,101123.9702,"ambient_background"
"Luke - Various Opportunistic Recordings/2025-06-23/1_23/250623_0857",101123.9702,101124.6867,"human"
"Luke - Various Opportunistic Recordings/2025-06-23/1_23/250623_0857",101124.6867,101129.142,"ambient_background"
"Luke - Various Opportunistic Recordings/2025-06-23/1_23/250623_0857",101129.142,101130.0726,"human"
"Luke - Various Opportunistic Recordings/2025-06-23/1_23/250623_0857",101130.0726,101130.9726,"ambient_background"
"Luke - Various Opportunistic Recordings/2025-06-23/1_23/250623_0857",101130.9726,101131.4502,"human"
"Luke - Various Opportunistic Recordings/2025-06-23/1_23/250623_0857",101131.4502,101143.2044,"ambient_background"
"Luke - Various Opportunistic Recordings/2025-06-23/1_23/250623_0857",101143.2044,101143.3503,"ambient_bang"
"Luke - Various Opportunistic Recordings/2025-06-23/1_23/250623_0857",101143.3503,101145.7724,"ambient_background"
"Luke - Various Opportunistic Recordings/2025-06-23/1_23/250623_0857",101145.7724,101150.9689,"beep_high"
"Luke - Various Opportunistic Recordings/2025-06-23/1_23/250623_0857",101150.9689,101153.656,"ambient_background"
"Luke - Various Opportunistic Recordings/2025-06-23/1_23/250623_0857",101153.656,101154.8395," beep_high"
"Luke - Various Opportunistic Recordings/2025-06-23/1_23/250623_0857",101154.8395,101156.1101,"ambient_background"
"Luke - Various Opportunistic Recordings/2025-06-23/1_23/250623_0857",101156.1101,101164.8638,"beep_high"
"Luke - Various Opportunistic Recordings/2025-06-23/1_23/250623_0857",101162.1151,101166.3069,"ambient_scraping"
"Luke - Various Opportunistic Recordings/2025-06-23/1_23/250623_0857",101166.3069,101168.3986,"ambient_background"
"Luke - Various Opportunistic Recordings/2025-06-23/1_23/250623_0857",101168.3986,101174.2347,"ins_buzz_medium"
"Luke - Various Opportunistic Recordings/2025-06-23/1_23/250623_0857",101171.905,101178.265,"human"
"Luke - Various Opportunistic Recordings/2025-06-23/1_23/250623_0857",101177.8775,101183.9469,"ins_buzz_medium"
"Luke - Various Opportunistic Recordings/2025-06-23/1_23/250623_0857",101183.9469,101186.0964,"ambient_background"
"Luke - Various Opportunistic Recordings/2025-06-23/1_23/250623_0857",101186.0964,101187.2575,"ins_buzz_medium"
"Luke - Various Opportunistic Recordings/2025-06-23/1_23/250623_0857",101187.2575,101187.6698,"ambient_background"
"Luke - Various Opportunistic Recordings/2025-06-23/1_23/250623_0857",101187.6698,101209.2958,"mech_beep"
"Luke - Various Opportunistic Recordings/2025-06-23/1_23/250623_0857",101189.3439,101189.5827,"ambient_bang"
"Luke - Various Opportunistic Recordings/2025-06-23/1_23/250623_0857",101190.2545,101190.9957,"human"
"Luke - Various Opportunistic Recordings/2025-06-23/1_23/250623_0857",101195.1734,101197.2181,"ins_buzz_medium"
"Luke - Various Opportunistic Recordings/2025-06-23/1_23/250623_0857",101198.1816,101200.2652,"ambient_bang"
"Luke - Various Opportunistic Recordings/2025-06-23/1_23/250623_0857",101199.2734,101201.544,"ins_buzz_medium"
"Luke - Various Opportunistic Recordings/2025-06-23/1_23/250623_0857",101209.2958,101217.3165,"ambient_background"
"Luke - Various Opportunistic Recordings/2025-06-23/1_23/250623_0857",101217.3165,101218.6588,"ins_buzz_medium"
"Luke - Various Opportunistic Recordings/2025-06-23/1_23/250623_0857",101218.6588,101224.5994,"ambient_background"
"Luke - Various Opportunistic Recordings/2025-06-23/1_23/250623_0857",101224.5994,101226.7812,"ins_buzz_medium"
"Luke - Various Opportunistic Recordings/2025-06-23/1_23/250623_0857",101226.7812,101228.533,"ambient_background"
"Luke - Various Opportunistic Recordings/2025-06-23/1_23/250623_0857",101228.533,101229.5318,"ins_buzz_medium"
"Luke - Various Opportunistic Recordings/2025-06-23/1_23/250623_0857",101229.5318,101238.4424,"ambient_background"
"Luke - Various Opportunistic Recordings/2025-06-23/1_23/250623_0857",101238.4424,101239.653,"ins_buzz_medium"
"Luke - Various Opportunistic Recordings/2025-06-23/1_23/250623_0857",101239.653,101276.2673,"ambient_background"
"Luke - Various Opportunistic Recordings/2025-06-23/1_23/250623_0857",101276.2673,101276.7885,"ins_buzz_medium"
"Luke - Various Opportunistic Recordings/2025-06-23/1_23/250623_0857",101276.7885,101280,"ambient_background"
"Luke - Various Opportunistic Recordings/2025-07-03/1_37/250703_1635",48300,48492.315,"ambient_background"
"Luke - Various Opportunistic Recordings/2025-07-03/1_37/250703_1635",48492.315,48493.601,"ins_buzz_medium"
"Luke - Various Opportunistic Recordings/2025-07-03/1_37/250703_1635",48493.601,48564.731,"ambient_background"
"Luke - Various Opportunistic Recordings/2025-07-03/1_37/250703_1635",48564.731,48599.978,"mech_plane_jet"
"Luke - Various Opportunistic Recordings/2025-07-03/1_37/250703_1635",51900,51995.1228,"ambient_background"
"Luke - Various Opportunistic Recordings/2025-07-03/1_37/250703_1635",51995.1228,52001.111,"ins_buzz_medium"
"Luke - Various Opportunistic Recordings/2025-07-03/1_37/250703_1635",51996.27,52064.679,"mech_plane_jet"
"Luke - Various Opportunistic Recordings/2025-07-03/1_37/250703_1635",52064.679,52124.9,"ambient_background"
"Luke - Various Opportunistic Recordings/2025-07-03/1_37/250703_1635",52124.9,52125.773,"ins_buzz_medium"
"Luke - Various Opportunistic Recordings/2025-07-03/1_37/250703_1635",52125.773,52200,"ambient_background"
"Luke - Various Opportunistic Recordings/2025-07-03/1_37/250703_1635",55500,55503.7679,"ins_buzz_medium"
"Luke - Various Opportunistic Recordings/2025-07-03/1_37/250703_1635",55503.7679,55504.2308,"ambient_background"
"Luke - Various Opportunistic Recordings/2025-07-03/1_37/250703_1635",55504.2308,55508.5284,"ins_buzz_medium"
"Luke - Various Opportunistic Recordings/2025-07-03/1_37/250703_1635",55508.5284,55510.3132,"ins_buzz_medium"
"Luke - Various Opportunistic Recordings/2025-07-03/1_37/250703_1635",55510.3132,55512.4655,"ins_buzz_medium"
"Luke - Various Opportunistic Recordings/2025-07-03/1_37/250703_1635",55510.5875,55512.1015,"ins_buzz_medium"
"Luke - Various Opportunistic Recordings/2025-07-03/1_37/250703_1635",55512.4655,55512.7867,"ambient_background"
"Luke - Various Opportunistic Recordings/2025-07-03/1_37/250703_1635",55512.7867,55517.1816,"ins_buzz_medium"
"Luke - Various Opportunistic Recordings/2025-07-03/1_37/250703_1635",55517.1816,55519.214,"ambient_background"
"Luke - Various Opportunistic Recordings/2025-07-03/1_37/250703_1635",55519.214,55530.5256,"ins_buzz_medium"
"Luke - Various Opportunistic Recordings/2025-07-03/1_37/250703_1635",55530.5256,55533.3077,"ambient_background"
"Luke - Various Opportunistic Recordings/2025-07-03/1_37/250703_1635",55533.3077,55533.9347,"ins_buzz_medium"
"Luke - Various Opportunistic Recordings/2025-07-03/1_37/250703_1635",55533.9347,55534.7779,"ambient_background"
"Luke - Various Opportunistic Recordings/2025-07-03/1_37/250703_1635",55534.7779,55542.8037,"ins_buzz_medium"
"Luke - Various Opportunistic Recordings/2025-07-03/1_37/250703_1635",55542.8037,55546.9051,"ambient_background"
"Luke - Various Opportunistic Recordings/2025-07-03/1_37/250703_1635",55546.9051,55549.9747,"ins_buzz_medium"
"Luke - Various Opportunistic Recordings/2025-07-03/1_37/250703_1635",55549.9747,55550.1025,"ambient_background"
"Luke - Various Opportunistic Recordings/2025-07-03/1_37/250703_1635",55550.1025,55551.6841,"ins_buzz_medium"
"Luke - Various Opportunistic Recordings/2025-07-03/1_37/250703_1635",55551.6841,55553.4238,"ambient_background"
"Luke - Various Opportunistic Recordings/2025-07-03/1_37/250703_1635",55553.4238,55553.9066,"ins_buzz_medium"
"Luke - Various Opportunistic Recordings/2025-07-03/1_37/250703_1635",55553.9066,55565.3639,"ambient_background"
"Luke - Various Opportunistic Recordings/2025-07-03/1_37/250703_1635",55565.3639,55620.787,"mech_plane_jet"
"Luke - Various Opportunistic Recordings/2025-07-03/1_37/250703_1635",55620.787,55705.08,"ambient_background"
"Luke - Various Opportunistic Recordings/2025-07-03/1_37/250703_1635",55705.08,55705.205,"ambient_bang"
"Luke - Various Opportunistic Recordings/2025-07-03/1_37/250703_1635",55705.205,55708.052,"ambient_background"
"Luke - Various Opportunistic Recordings/2025-07-03/1_37/250703_1635",55708.052,55708.718,"ins_buzz_medium"
"Luke - Various Opportunistic Recordings/2025-07-03/1_37/250703_1635",55708.718,55710.674,"ambient_background"
"Luke - Various Opportunistic Recordings/2025-07-03/1_37/250703_1635",55710.674,55712.846,"ins_buzz_medium"
"Luke - Various Opportunistic Recordings/2025-07-03/1_37/250703_1635",55712.846,55713.87,"ambient_background"
"Luke - Various Opportunistic Recordings/2025-07-03/1_37/250703_1635",55713.87,55715.155,"ins_buzz_medium"
"Luke - Various Opportunistic Recordings/2025-07-03/1_37/250703_1635",55715.155,55715.664,"ambient_background"
"Luke - Various Opportunistic Recordings/2025-07-03/1_37/250703_1635",55715.664,55716.317,"ins_buzz_medium"
"Luke - Various Opportunistic Recordings/2025-07-03/1_37/250703_1635",55716.317,55722.918,"ambient_background"
"Luke - Various Opportunistic Recordings/2025-07-03/1_37/250703_1635",55722.918,55724.821,"ins_buzz_medium"
"Luke - Various Opportunistic Recordings/2025-07-03/1_37/250703_1635",55724.821,55725.266,"ambient_background"
"Luke - Various Opportunistic Recordings/2025-07-03/1_37/250703_1635",55725.266,55725.715,"ins_buzz_medium"
"Luke - Various Opportunistic Recordings/2025-07-03/1_37/250703_1635",55725.715,55750.043,"ambient_background"
"Luke - Various Opportunistic Recordings/2025-07-03/1_37/250703_1635",55750.043,55751.924,"ins_buzz_medium"
"Luke - Various Opportunistic Recordings/2025-07-03/1_37/250703_1635",55751.924,55757.597,"ambient_background"
"Luke - Various Opportunistic Recordings/2025-07-03/1_37/250703_1635",55757.597,55757.805,"ambient_bang"
"Luke - Various Opportunistic Recordings/2025-07-03/1_37/250703_1635",55757.805,55780.038,"ambient_background"
"Luke - Various Opportunistic Recordings/2025-07-03/1_37/250703_1635",55780.038,55799.978,"mech_plane_jet"
"Luke - Various Opportunistic Recordings/2025-07-03/1_37/250703_1635",59100,59100.412802,"ambient_background"
"Luke - Various Opportunistic Recordings/2025-07-03/1_37/250703_1635",59100.412802,59102.27041,"ins_buzz_medium"
"Luke - Various Opportunistic Recordings/2025-07-03/1_37/250703_1635",59102.27041,59102.90337,"ambient_background"
"Luke - Various Opportunistic Recordings/2025-07-03/1_37/250703_1635",59102.90337,59104.12802,"ins_buzz_medium"
"Luke - Various Opportunistic Recordings/2025-07-03/1_37/250703_1635",59104.12802,59107.31362,"ambient_background"
"Luke - Various Opportunistic Recordings/2025-07-03/1_37/250703_1635",59107.31362,59109.46354,"ins_buzz_medium"
"Luke - Various Opportunistic Recordings/2025-07-03/1_37/250703_1635",59109.55448,59112.971,"ins_buzz_medium"
"Luke - Various Opportunistic Recordings/2025-07-03/1_37/250703_1635",59110.8403,59112.3004,"ins_buzz_medium"
"Luke - Various Opportunistic Recordings/2025-07-03/1_37/250703_1635",59112.971,59115.081,"ambient_background"
"Luke - Various Opportunistic Recordings/2025-07-03/1_37/250703_1635",59115.081,59117.1251,"ins_buzz_medium"
"Luke - Various Opportunistic Recordings/2025-07-03/1_37/250703_1635",59116.8244,59118.1222,"ins_buzz_medium"
"Luke - Various Opportunistic Recordings/2025-07-03/1_37/250703_1635",59118.1222,59118.9201,"ambient_background"
"Luke - Various Opportunistic Recordings/2025-07-03/1_37/250703_1635",59118.9201,59120.3649,"ins_buzz_medium"
"Luke - Various Opportunistic Recordings/2025-07-03/1_37/250703_1635",59119.4992,59120.3117,"ins_buzz_medium"
"Luke - Various Opportunistic Recordings/2025-07-03/1_37/250703_1635",59120.3649,59123.3921,"ambient_background"
"Luke - Various Opportunistic Recordings/2025-07-03/1_37/250703_1635",59123.3921,59125.8934,"ins_buzz_medium"
"Luke - Various Opportunistic Recordings/2025-07-03/1_37/250703_1635",59125.8934,59129.1163,"ambient_background"
"Luke - Various Opportunistic Recordings/2025-07-03/1_37/250703_1635",59129.1163,59131.827,"ins_buzz_medium"
"Luke - Various Opportunistic Recordings/2025-07-03/1_37/250703_1635",59129.1433,59130.1035,"ins_buzz_medium"
"Luke - Various Opportunistic Recordings/2025-07-03/1_37/250703_1635",59131.1006,59131.8498,"ins_buzz_medium"
"Luke - Various Opportunistic Recordings/2025-07-03/1_37/250703_1635",59131.8498,59134.1387,"ambient_background"
"Luke - Various Opportunistic Recordings/2025-07-03/1_37/250703_1635",59134.1387,59135.4459,"ins_buzz_medium"
"Luke - Various Opportunistic Recordings/2025-07-03/1_37/250703_1635",59135.4459,59136.0789,"ambient_background"
"Luke - Various Opportunistic Recordings/2025-07-03/1_37/250703_1635",59136.0789,59137.5099,"ins_buzz_medium"
"Luke - Various Opportunistic Recordings/2025-07-03/1_37/250703_1635",59137.5099,59138.4075,"ambient_background"
"Luke - Various Opportunistic Recordings/2025-07-03/1_37/250703_1635",59138.4075,59139.0301,"ins_buzz_medium"
"Luke - Various Opportunistic Recordings/2025-07-03/1_37/250703_1635",59139.0301,59139.1336,"ambient_background"
"Luke - Various Opportunistic Recordings/2025-07-03/1_37/250703_1635",59139.1336,59140.3995,"ins_buzz_medium"
"Luke - Various Opportunistic Recordings/2025-07-03/1_37/250703_1635",59140.3995,59140.6075,"ambient_background"
"Luke - Various Opportunistic Recordings/2025-07-03/1_37/250703_1635",59140.6075,59141.2195,"ins_buzz_medium"
"Luke - Various Opportunistic Recordings/2025-07-03/1_37/250703_1635",59141.2195,59142.4541,"ambient_background"
"Luke - Various Opportunistic Recordings/2025-07-03/1_37/250703_1635",59142.4541,59143.6306,"ins_buzz_medium"
"Luke - Various Opportunistic Recordings/2025-07-03/1_37/250703_1635",59143.6306,59144.6514,"ambient_background"
"Luke - Various Opportunistic Recordings/2025-07-03/1_37/250703_1635",59144.6514,59145.821,"ins_buzz_medium"
"Luke - Various Opportunistic Recordings/2025-07-03/1_37/250703_1635",59145.821,59146.7979,"ambient_background"
"Luke - Various Opportunistic Recordings/2025-07-03/1_37/250703_1635",59146.7979,59151.2358,"ins_buzz_medium"
"Luke - Various Opportunistic Recordings/2025-07-03/1_37/250703_1635",59146.9543,59149.36,"ins_buzz_medium"
"Luke - Various Opportunistic Recordings/2025-07-03/1_37/250703_1635",59151.2358,59154.5173,"ambient_background"
"Luke - Various Opportunistic Recordings/2025-07-03/1_37/250703_1635",59154.5173,59155.5631,"ins_buzz_medium"
"Luke - Various Opportunistic Recordings/2025-07-03/1_37/250703_1635",59154.736,59155.9706,"ins_buzz_medium"
"Luke - Various Opportunistic Recordings/2025-07-03/1_37/250703_1635",59155.9706,59156.3749,"ambient_background"
"Luke - Various Opportunistic Recordings/2025-07-03/1_37/250703_1635",59156.3749,59157.7922,"ins_buzz_medium"
"Luke - Various Opportunistic Recordings/2025-07-03/1_37/250703_1635",59157.7922,59158.7967,"ambient_background"
"Luke - Various Opportunistic Recordings/2025-07-03/1_37/250703_1635",59158.7967,59160.7971,"ins_buzz_medium"
"Luke - Various Opportunistic Recordings/2025-07-03/1_37/250703_1635",59160.7971,59163.1421,"ins_buzz_medium"
"Luke - Various Opportunistic Recordings/2025-07-03/1_37/250703_1635",59163.1421,59164.4796,"ambient_background"
"Luke - Various Opportunistic Recordings/2025-07-03/1_37/250703_1635",59164.4796,59166.9977,"ins_buzz_medium"
"Luke - Various Opportunistic Recordings/2025-07-03/1_37/250703_1635",59166.9977,59167.2041,"ambient_background"
"Luke - Various Opportunistic Recordings/2025-07-03/1_37/250703_1635",59167.2041,59169.8873,"ins_buzz_medium"
"Luke - Various Opportunistic Recordings/2025-07-03/1_37/250703_1635",59168.3871,59169.7465,"ins_buzz_medium"
"Luke - Various Opportunistic Recordings/2025-07-03/1_37/250703_1635",59169.8873,59171.7591,"ambient_background"
"Luke - Various Opportunistic Recordings/2025-07-03/1_37/250703_1635",59171.7591,59172.772,"ins_buzz_medium"
"Luke - Various Opportunistic Recordings/2025-07-03/1_37/250703_1635",59172.772,59175.8867,"ambient_background"
"Luke - Various Opportunistic Recordings/2025-07-03/1_37/250703_1635",59175.8867,59177.4148,"ins_buzz_medium"
"Luke - Various Opportunistic Recordings/2025-07-03/1_37/250703_1635",59177.4148,59177.9915,"ambient_background"
"Luke - Various Opportunistic Recordings/2025-07-03/1_37/250703_1635",59177.9915,59180.4,"ins_buzz_medium"
"Luke - Various Opportunistic Recordings/2025-07-03/1_37/250703_1635",59180.4,59181.1705,"ambient_background"
"Luke - Various Opportunistic Recordings/2025-07-03/1_37/250703_1635",59181.1705,59183.0832,"ins_buzz_medium"
"Luke - Various Opportunistic Recordings/2025-07-03/1_37/250703_1635",59183.0832,59183.5373,"ambient_background"
"Luke - Various Opportunistic Recordings/2025-07-03/1_37/250703_1635",59183.5373,59185.1815,"ins_buzz_medium"
"Luke - Various Opportunistic Recordings/2025-07-03/1_37/250703_1635",59184.2867,59185.1299,"ins_buzz_medium"
"Luke - Various Opportunistic Recordings/2025-07-03/1_37/250703_1635",59184.975,59186.6111,"ins_buzz_medium"
"Luke - Various Opportunistic Recordings/2025-07-03/1_37/250703_1635",59186.1692,59187.5165,"ins_buzz_medium"
"Luke - Various Opportunistic Recordings/2025-07-03/1_37/250703_1635",59187.5165,59188.1606,"ambient_background"
"Luke - Various Opportunistic Recordings/2025-07-03/1_37/250703_1635",59188.1606,59190.1696,"ins_buzz_medium"
"Luke - Various Opportunistic Recordings/2025-07-03/1_37/250703_1635",59190.1696,59191.0365,"ambient_background"
"Luke - Various Opportunistic Recordings/2025-07-03/1_37/250703_1635",59191.0365,59192.3575,"ins_buzz_medium"
"Luke - Various Opportunistic Recordings/2025-07-03/1_37/250703_1635",59191.3806,59194.7022,"ins_buzz_medium"
"Luke - Various Opportunistic Recordings/2025-07-03/1_37/250703_1635",59194.7022,59194.944,"ambient_background"
"Luke - Various Opportunistic Recordings/2025-07-03/1_37/250703_1635",59194.944,59197.6826,"ins_buzz_medium"
"Luke - Various Opportunistic Recordings/2025-07-03/1_37/250703_1635",59197.6826,59200.297,"ambient_background"
"Luke - Various Opportunistic Recordings/2025-07-03/1_37/250703_1635",59200.297,59202.058,"ins_buzz_medium"
"Luke - Various Opportunistic Recordings/2025-07-03/1_37/250703_1635",59202.058,59203.173,"ambient_background"
"Luke - Various Opportunistic Recordings/2025-07-03/1_37/250703_1635",59203.173,59204.246,"ins_buzz_medium"
"Luke - Various Opportunistic Recordings/2025-07-03/1_37/250703_1635",59204.246,59206.241,"ambient_background"
"Luke - Various Opportunistic Recordings/2025-07-03/1_37/250703_1635",59206.241,59207.136,"ins_buzz_medium"
"Luke - Various Opportunistic Recordings/2025-07-03/1_37/250703_1635",59207.136,59207.851,"ambient_background"
"Luke - Various Opportunistic Recordings/2025-07-03/1_37/250703_1635",59207.851,59208.842,"ins_buzz_medium"
"Luke - Various Opportunistic Recordings/2025-07-03/1_37/250703_1635",59208.842,59209.241,"ambient_background"
"Luke - Various Opportunistic Recordings/2025-07-03/1_37/250703_1635",59209.241,59210.638,"ins_buzz_medium"
"Luke - Various Opportunistic Recordings/2025-07-03/1_37/250703_1635",59210.638,59211.363,"ins_buzz_medium"
"Luke - Various Opportunistic Recordings/2025-07-03/1_37/250703_1635",59211.363,59212.368,"ambient_background"
"Luke - Various Opportunistic Recordings/2025-07-03/1_37/250703_1635",59212.368,59212.913,"ins_buzz_medium"
"Luke - Various Opportunistic Recordings/2025-07-03/1_37/250703_1635",59212.913,59226.785,"ambient_background"
"Luke - Various Opportunistic Recordings/2025-07-03/1_37/250703_1635",59226.785,59227.913,"ins_buzz_medium"
"Luke - Various Opportunistic Recordings/2025-07-03/1_37/250703_1635",59227.913,59239.513,"ambient_background"
"Luke - Various Opportunistic Recordings/2025-07-03/1_37/250703_1635",59239.513,59240.27,"ins_buzz_medium"
"Luke - Various Opportunistic Recordings/2025-07-03/1_37/250703_1635",59240.27,59247.109,"ambient_background"
"Luke - Various Opportunistic Recordings/2025-07-03/1_37/250703_1635",59247.109,59247.947,"ins_buzz_medium"
"Luke - Various Opportunistic Recordings/2025-07-03/1_37/250703_1635",59247.947,59249.261,"ambient_background"
"Luke - Various Opportunistic Recordings/2025-07-03/1_37/250703_1635",59249.261,59251.171,"ins_buzz_medium"
"Luke - Various Opportunistic Recordings/2025-07-03/1_37/250703_1635",59251.171,59251.76,"ambient_background"
"Luke - Various Opportunistic Recordings/2025-07-03/1_37/250703_1635",59251.76,59253.411,"ins_buzz_medium"
"Luke - Various Opportunistic Recordings/2025-07-03/1_37/250703_1635",59252.567,59253.564,"ins_buzz_medium"
"Luke - Various Opportunistic Recordings/2025-07-03/1_37/250703_1635",59253.564,59255.42,"ambient_background"
"Luke - Various Opportunistic Recordings/2025-07-03/1_37/250703_1635",59255.42,59261.834,"ins_buzz_medium"
"Luke - Various Opportunistic Recordings/2025-07-03/1_37/250703_1635",59256.149,59257.038,"ins_buzz_medium"
"Luke - Various Opportunistic Recordings/2025-07-03/1_37/250703_1635",59257.213,59258.659,"ins_buzz_medium"
"Luke - Various Opportunistic Recordings/2025-07-03/1_37/250703_1635",59260.827,59262.08,"ins_buzz_medium"
"Luke - Various Opportunistic Recordings/2025-07-03/1_37/250703_1635",59262.08,59263.552,"ambient_background"
"Luke - Various Opportunistic Recordings/2025-07-03/1_37/250703_1635",59263.552,59265.873,"ins_buzz_medium"
"Luke - Various Opportunistic Recordings/2025-07-03/1_37/250703_1635",59265.873,59266.778,"ambient_background"
"Luke - Various Opportunistic Recordings/2025-07-03/1_37/250703_1635",59266.778,59268.459,"ins_buzz_medium"
"Luke - Various Opportunistic Recordings/2025-07-03/1_37/250703_1635",59267.17,59268.001,"ins_buzz_medium"
"Luke - Various Opportunistic Recordings/2025-07-03/1_37/250703_1635",59268.459,59269.81,"ambient_background"
"Luke - Various Opportunistic Recordings/2025-07-03/1_37/250703_1635",59269.81,59271.505,"ins_buzz_medium"
"Luke - Various Opportunistic Recordings/2025-07-03/1_37/250703_1635",59271.505,59272.661,"ambient_background"
"Luke - Various Opportunistic Recordings/2025-07-03/1_37/250703_1635",59272.661,59273.996,"ins_buzz_medium"
"Luke - Various Opportunistic Recordings/2025-07-03/1_37/250703_1635",59273.996,59274.498,"ambient_background"
"Luke - Various Opportunistic Recordings/2025-07-03/1_37/250703_1635",59274.498,59276.631,"ins_buzz_medium"
"Luke - Various Opportunistic Recordings/2025-07-03/1_37/250703_1635",59276.637,59278.839,"ins_buzz_medium"
"Luke - Various Opportunistic Recordings/2025-07-03/1_37/250703_1635",59277.818,59278.866,"ins_buzz_medium"
"Luke - Various Opportunistic Recordings/2025-07-03/1_37/250703_1635",59278.866,59279.539,"ambient_background"
"Luke - Various Opportunistic Recordings/2025-07-03/1_37/250703_1635",59279.539,59289.001,"ins_buzz_medium"
"Luke - Various Opportunistic Recordings/2025-07-03/1_37/250703_1635",59289.001,59291.086,"ambient_background"
"Luke - Various Opportunistic Recordings/2025-07-03/1_37/250703_1635",59291.086,59292.943,"ins_buzz_medium"
"Luke - Various Opportunistic Recordings/2025-07-03/1_37/250703_1635",59292.943,59293.715,"ambient_background"
"Luke - Various Opportunistic Recordings/2025-07-03/1_37/250703_1635",59293.715,59296.473,"ins_buzz_medium"
"Luke - Various Opportunistic Recordings/2025-07-03/1_37/250703_1635",59294.866,59400.004,"mech_plane_jet"
"Luke - Various Opportunistic Recordings/2025-07-03/1_37/250703_1635",59296.473,59302.799,"ins_buzz_medium"
"Luke - Various Opportunistic Recordings/2025-07-03/1_37/250703_1635",59298.905,59299.332,"ins_buzz_medium"
"Luke - Various Opportunistic Recordings/2025-07-03/1_37/250703_1635",59301.61,59303.746,"ins_buzz_medium"
"Luke - Various Opportunistic Recordings/2025-07-03/1_37/250703_1635",59303.746,59304.872,"ins_buzz_medium"
"Luke - Various Opportunistic Recordings/2025-07-03/1_37/250703_1635",59307.056,59308.112,"ins_buzz_medium"
"Luke - Various Opportunistic Recordings/2025-07-03/1_37/250703_1635",59308.989,59309.209,"ins_buzz_medium"
"Luke - Various Opportunistic Recordings/2025-07-03/1_37/250703_1635",59310.314,59310.431,"ins_buzz_medium"
"Luke - Various Opportunistic Recordings/2025-07-03/1_37/250703_1635",59314.783,59315.971,"ins_buzz_medium"
"Luke - Various Opportunistic Recordings/2025-07-03/1_37/250703_1635",59318.441,59319.074,"ins_buzz_medium"
"Luke - Various Opportunistic Recordings/2025-07-03/1_37/250703_1635",59319.719,59320.895,"ins_buzz_medium"
"Luke - Various Opportunistic Recordings/2025-07-03/1_37/250703_1635",59375.33,59375.901,"ins_buzz_medium"
"Luke - Various Opportunistic Recordings/2025-07-03/1_37/250703_1635",59378.161,59380.41,"ins_buzz_medium"
"Luke - Various Opportunistic Recordings/2025-07-03/1_37/250703_1635",59383.677,59391.597,"ins_buzz_medium"
"Luke - Various Opportunistic Recordings/2025-07-03/1_37/250703_1635",59385.237,59387.558,"ins_buzz_medium"
"Luke - Various Opportunistic Recordings/2025-07-03/1_37/250703_1635",59393.685,59393.879,"ins_buzz_medium"
"Luke - Various Opportunistic Recordings/2025-07-03/1_37/250703_1635",59398.076,59398.601,"ins_buzz_medium"
"Luke - Various Opportunistic Recordings/2025-07-03/1_37/250703_1635",62700,62727.8044,"ambient_background"
"Luke - Various Opportunistic Recordings/2025-07-03/1_37/250703_1635",62727.8044,62728.105,"ins_buzz_medium"
"Luke - Various Opportunistic Recordings/2025-07-03/1_37/250703_1635",62728.105,62739.6744,"ambient_background"
"Luke - Various Opportunistic Recordings/2025-07-03/1_37/250703_1635",62739.6744,62740.0107,"ins_buzz_high"
"Luke - Various Opportunistic Recordings/2025-07-03/1_37/250703_1635",62740.0107,62741.4069,"ambient_background"
"Luke - Various Opportunistic Recordings/2025-07-03/1_37/250703_1635",62741.4069,62741.6362,"ins_buzz_high"
"Luke - Various Opportunistic Recordings/2025-07-03/1_37/250703_1635",62741.6362,62744.6171,"ambient_background"
"Luke - Various Opportunistic Recordings/2025-07-03/1_37/250703_1635",62744.6171,62745.7229,"ins_buzz_medium"
"Luke - Various Opportunistic Recordings/2025-07-03/1_37/250703_1635",62745.7229,62779.2825,"ambient_background"
"Luke - Various Opportunistic Recordings/2025-07-03/1_37/250703_1635",62779.2825,62779.5271,"ins_buzz_medium"
"Luke - Various Opportunistic Recordings/2025-07-03/1_37/250703_1635",62779.5271,62780.0826,"ambient_background"
"Luke - Various Opportunistic Recordings/2025-07-03/1_37/250703_1635",62780.0826,62781.4278,"ins_buzz_medium"
"Luke - Various Opportunistic Recordings/2025-07-03/1_37/250703_1635",62781.4278,62940.88,"ambient_background"
"Luke - Various Opportunistic Recordings/2025-07-03/1_37/250703_1635",62940.88,62941.201,"ins_buzz_high"
"Luke - Various Opportunistic Recordings/2025-07-03/1_37/250703_1635",62941.201,63000,"ambient_background"
"Luke - Various Opportunistic Recordings/2025-07-03/1_37/250703_1635",66300,66310.3956,"ambient_background"
"Luke - Various Opportunistic Recordings/2025-07-03/1_37/250703_1635",66310.3956,66311.8714,"ins_buzz_medium"
"Luke - Various Opportunistic Recordings/2025-07-03/1_37/250703_1635",66311.8714,66317.9396,"ambient_background"
"Luke - Various Opportunistic Recordings/2025-07-03/1_37/250703_1635",66317.9396,66318.4895,"ins_buzz_medium"
"Luke - Various Opportunistic Recordings/2025-07-03/1_37/250703_1635",66318.4895,66324.6852,"ambient_background"
"Luke - Various Opportunistic Recordings/2025-07-03/1_37/250703_1635",66324.6852,66325.7015,"ins_buzz_medium"
"Luke - Various Opportunistic Recordings/2025-07-03/1_37/250703_1635",66325.7015,66328.2216,"ambient_background"
"Luke - Various Opportunistic Recordings/2025-07-03/1_37/250703_1635",66328.2216,66329.4955,"ins_buzz_medium"
"Luke - Various Opportunistic Recordings/2025-07-03/1_37/250703_1635",66329.4955,66331.1314,"ambient_background"
"Luke - Various Opportunistic Recordings/2025-07-03/1_37/250703_1635",66331.1314,66332.4332,"ins_buzz_medium"
"Luke - Various Opportunistic Recordings/2025-07-03/1_37/250703_1635",66332.4332,66336.8578,"ambient_background"
"Luke - Various Opportunistic Recordings/2025-07-03/1_37/250703_1635",66336.8578,66337.583,"ins_buzz_high"
"Luke - Various Opportunistic Recordings/2025-07-03/1_37/250703_1635",66337.583,66345.8248,"ambient_background"
"Luke - Various Opportunistic Recordings/2025-07-03/1_37/250703_1635",66345.8248,66346.671,"ins_buzz_medium"
"Luke - Various Opportunistic Recordings/2025-07-03/1_37/250703_1635",66346.671,66355.7324,"ambient_background"
"Luke - Various Opportunistic Recordings/2025-07-03/1_37/250703_1635",66355.7324,66475.448,"mech_plane_jet"
"Luke - Various Opportunistic Recordings/2025-07-03/1_37/250703_1635",66356.0997,66356.8221,"ins_buzz_medium"
"Luke - Various Opportunistic Recordings/2025-07-03/1_37/250703_1635",66357.7165,66358.6247,"ins_buzz_medium"
"Luke - Various Opportunistic Recordings/2025-07-03/1_37/250703_1635",66362.8146,66363.2962,"ins_buzz_medium"
"Luke - Various Opportunistic Recordings/2025-07-03/1_37/250703_1635",66363.5577,66364.1769,"ins_buzz_medium"
"Luke - Various Opportunistic Recordings/2025-07-03/1_37/250703_1635",66432.123,66432.831,"ins_buzz_medium"
"Luke - Various Opportunistic Recordings/2025-07-03/1_37/250703_1635",66449.262,66449.716,"ins_buzz_medium"
"Luke - Various Opportunistic Recordings/2025-07-03/1_37/250703_1635",66450.707,66452.076,"ins_buzz_medium"
"Luke - Various Opportunistic Recordings/2025-07-03/1_37/250703_1635",66454.36,66454.897,"ins_buzz_medium"
"Luke - Various Opportunistic Recordings/2025-07-03/1_37/250703_1635",66459.576,66460.269,"ins_buzz_medium"
"Luke - Various Opportunistic Recordings/2025-07-03/1_37/250703_1635",66466.99,66468.241,"ins_buzz_medium"
"Luke - Various Opportunistic Recordings/2025-07-03/1_37/250703_1635",66472.785,66473.664,"ins_buzz_medium"
"Luke - Various Opportunistic Recordings/2025-07-03/1_37/250703_1635",66475.448,66496.249,"ambient_background"
"Luke - Various Opportunistic Recordings/2025-07-03/1_37/250703_1635",66496.249,66498.663,"ins_buzz_medium"
"Luke - Various Opportunistic Recordings/2025-07-03/1_37/250703_1635",66497.412,66563.733,"mech_plane_jet"
"Luke - Various Opportunistic Recordings/2025-07-03/1_37/250703_1635",66563.733,66585.205,"ambient_background"
"Luke - Various Opportunistic Recordings/2025-07-03/1_37/250703_1635",66585.205,66585.287,"ambient_bang"
"Luke - Various Opportunistic Recordings/2025-07-03/1_37/250703_1635",66585.287,66586.405,"ambient_background"
"Luke - Various Opportunistic Recordings/2025-07-03/1_37/250703_1635",66586.405,66586.515,"ambient_bang"
"Luke - Various Opportunistic Recordings/2025-07-03/1_37/250703_1635",66586.515,66587.558,"ambient_background"
"Luke - Various Opportunistic Recordings/2025-07-03/1_37/250703_1635",66587.558,66587.661,"ambient_bang"
"Luke - Various Opportunistic Recordings/2025-07-03/1_37/250703_1635",66587.661,66588.672,"ambient_background"
"Luke - Various Opportunistic Recordings/2025-07-03/1_37/250703_1635",66588.672,66588.796,"ambient_bang"
"Luke - Various Opportunistic Recordings/2025-07-03/1_37/250703_1635",66588.796,66590.127,"ambient_background"
"Luke - Various Opportunistic Recordings/2025-07-03/1_37/250703_1635",66590.127,66590.241,"ambient_bang"
"Luke - Various Opportunistic Recordings/2025-07-03/1_37/250703_1635",66590.241,66591.149,"ambient_background"
"Luke - Various Opportunistic Recordings/2025-07-03/1_37/250703_1635",66591.149,66591.262,"ambient_bang"
"Luke - Various Opportunistic Recordings/2025-07-03/1_37/250703_1635",66591.262,66592.68,"ambient_background"
"Luke - Various Opportunistic Recordings/2025-07-03/1_37/250703_1635",66592.68,66592.783,"ambient_bang"
"Luke - Various Opportunistic Recordings/2025-07-03/1_37/250703_1635",66592.783,66593.381,"ambient_background"
"Luke - Various Opportunistic Recordings/2025-07-03/1_37/250703_1635",66593.381,66593.481,"ambient_bang"
"Luke - Various Opportunistic Recordings/2025-07-03/1_37/250703_1635",66593.481,66594.72,"ambient_background"
"Luke - Various Opportunistic Recordings/2025-07-03/1_37/250703_1635",66594.72,66594.833,"ambient_bang"
"Luke - Various Opportunistic Recordings/2025-07-03/1_37/250703_1635",66594.833,66600,"ambient_background"
"Luke - Various Opportunistic Recordings/2025-07-03/1_37/250703_1635",69900,69900.103946,"ambient_background"
"Luke - Various Opportunistic Recordings/2025-07-03/1_37/250703_1635",69900.103946,69903.10639,"ins_buzz_low"
"Luke - Various Opportunistic Recordings/2025-07-03/1_37/250703_1635",69903.10639,69909.04381,"ambient_background"
"Luke - Various Opportunistic Recordings/2025-07-03/1_37/250703_1635",69909.04381,69910.0308,"ins_buzz_low"
"Luke - Various Opportunistic Recordings/2025-07-03/1_37/250703_1635",69910.0308,69914.6756,"ambient_background"
"Luke - Various Opportunistic Recordings/2025-07-03/1_37/250703_1635",69914.6756,69915.3742,"ins_buzz_low"
"Luke - Various Opportunistic Recordings/2025-07-03/1_37/250703_1635",69915.3742,69932.0247,"ambient_background"
"Luke - Various Opportunistic Recordings/2025-07-03/1_37/250703_1635",69932.0247,69932.3057,"ins_buzz_medium"
"Luke - Various Opportunistic Recordings/2025-07-03/1_37/250703_1635",69932.3057,69933.9452,"ambient_background"
"Luke - Various Opportunistic Recordings/2025-07-03/1_37/250703_1635",69933.9452,69934.4964,"ins_buzz_medium"
"Luke - Various Opportunistic Recordings/2025-07-03/1_37/250703_1635",69934.4964,69950.1052,"ambient_background"
"Luke - Various Opportunistic Recordings/2025-07-03/1_37/250703_1635",69950.1052,69950.7682,"ins_buzz_medium"
"Luke - Various Opportunistic Recordings/2025-07-03/1_37/250703_1635",69950.7682,70149.848,"ambient_background"
"Luke - Various Opportunistic Recordings/2025-07-03/1_37/250703_1635",70149.848,70199.647,"mech_plane_prop"
"Luke - Various Opportunistic Recordings/2025-07-03/1_37/250703_1635",70199.647,70200,"ambient_background"
"Luke - Various Opportunistic Recordings/2025-07-03/1_37/250703_1635",73500,73523.2127,"ambient_background"
"Luke - Various Opportunistic Recordings/2025-07-03/1_37/250703_1635",73523.2127,73523.5568,"ins_buzz_medium"
"Luke - Various Opportunistic Recordings/2025-07-03/1_37/250703_1635",73523.5568,73579.382,"ambient_background"
"Luke - Various Opportunistic Recordings/2025-07-03/1_37/250703_1635",73579.382,73580.7857,"ins_buzz_medium"
"Luke - Various Opportunistic Recordings/2025-07-03/1_37/250703_1635",73580.7857,73641.161,"ambient_background"
"Luke - Various Opportunistic Recordings/2025-07-03/1_37/250703_1635",73641.161,73641.914,"ins_buzz_medium"
"Luke - Various Opportunistic Recordings/2025-07-03/1_37/250703_1635",73641.914,73744.94,"ambient_background"
"Luke - Various Opportunistic Recordings/2025-07-03/1_37/250703_1635",73744.94,73747.202,"ins_buzz_high"
"Luke - Various Opportunistic Recordings/2025-07-03/1_37/250703_1635",73747.202,73800,"ambient_background"
"Luke - Various Opportunistic Recordings/2025-07-03/1_37/250703_1635",77100,77231.141,"ambient_background"
"Luke - Various Opportunistic Recordings/2025-07-03/1_37/250703_1635",77231.141,77232.037,"ins_buzz_medium"
"Luke - Various Opportunistic Recordings/2025-07-03/1_37/250703_1635",77232.037,77400,"ambient_background"
"Luke - Various Opportunistic Recordings/2025-07-03/1_37/250703_1635",80700,80803.677,"ambient_background"
"Luke - Various Opportunistic Recordings/2025-07-03/1_37/250703_1635",80803.677,80875.699,"mech_plane_jet"
"Luke - Various Opportunistic Recordings/2025-07-03/1_37/250703_1635",80875.699,80881.269,"ambient_background"
"Luke - Various Opportunistic Recordings/2025-07-03/1_37/250703_1635",80881.269,80881.733,"ins_buzz_medium"
"Luke - Various Opportunistic Recordings/2025-07-03/1_37/250703_1635",80881.733,81000,"ambient_background"
"Luke - Various Opportunistic Recordings/2025-07-03/1_37/250703_1635",84300,84506.847,"ambient_background"
"Luke - Various Opportunistic Recordings/2025-07-03/1_37/250703_1635",84506.847,84507.102,"ins_buzz_medium"
"Luke - Various Opportunistic Recordings/2025-07-03/1_37/250703_1635",84507.102,84600,"ambient_background"
"Luke - Various Opportunistic Recordings/2025-07-03/1_37/250703_1635",87900,87955.4875,"ambient_background"
"Luke - Various Opportunistic Recordings/2025-07-03/1_37/250703_1635",87955.4875,87961.3483,"mech_auto_car"
"Luke - Various Opportunistic Recordings/2025-07-03/1_37/250703_1635",87957.7333,88015.541,"mech_plane_jet"
"Luke - Various Opportunistic Recordings/2025-07-03/1_37/250703_1635",88015.541,88098.824,"ambient_background"
"Luke - Various Opportunistic Recordings/2025-07-03/1_37/250703_1635",88098.824,88166.588,"mech_plane_jet"
"Luke - Various Opportunistic Recordings/2025-07-03/1_37/250703_1635",88166.588,88200,"ambient_background"
"Luke - Various Opportunistic Recordings/2025-07-03/1_37/250703_1635",91500,91678.188,"ambient_background"
"Luke - Various Opportunistic Recordings/2025-07-03/1_37/250703_1635",91678.188,91679.666,"ins_buzz_medium"
"Luke - Various Opportunistic Recordings/2025-07-03/1_37/250703_1635",91679.666,91689.394,"ambient_background"
"Luke - Various Opportunistic Recordings/2025-07-03/1_37/250703_1635",91689.394,91736.857,"mech_plane_prop"
"Luke - Various Opportunistic Recordings/2025-07-03/1_37/250703_1635",91703,91703.336,"ins_buzz_medium"
"Luke - Various Opportunistic Recordings/2025-07-03/1_37/250703_1635",91736.857,91800,"ambient_background"
"Luke - Various Opportunistic Recordings/2025-07-03/1_37/250703_1635",95100,95119.2952,"ambient_background"
"Luke - Various Opportunistic Recordings/2025-07-03/1_37/250703_1635",95119.2952,95120.584,"ambient_bang"
"Luke - Various Opportunistic Recordings/2025-07-03/1_37/250703_1635",95120.584,95160.7317,"ambient_background"
"Luke - Various Opportunistic Recordings/2025-07-03/1_37/250703_1635",95160.7317,95162.2311,"ambient_bang"
"Luke - Various Opportunistic Recordings/2025-07-03/1_37/250703_1635",95162.2311,95281.568,"ambient_background"
"Luke - Various Opportunistic Recordings/2025-07-03/1_37/250703_1635",95281.568,95346.477,"mech_plane_helicopter"
"Luke - Various Opportunistic Recordings/2025-07-03/1_37/250703_1635",95346.477,95400,"ambient_background"
"Luke - Various Opportunistic Recordings/2025-07-03/1_37/250703_1635",98700,98703.33852,"ambient_background"
"Luke - Various Opportunistic Recordings/2025-07-03/1_37/250703_1635",98703.33852,98705.47298,"mech_auto_car"
"Luke - Various Opportunistic Recordings/2025-07-03/1_37/250703_1635",98705.47298,98709.7419,"ambient_background"
"Luke - Various Opportunistic Recordings/2025-07-03/1_37/250703_1635",98709.7419,98712.8615,"mech_auto_car"
"Luke - Various Opportunistic Recordings/2025-07-03/1_37/250703_1635",98712.8615,98721.5635,"mech_auto_truck"
"Luke - Various Opportunistic Recordings/2025-07-03/1_37/250703_1635",98721.5635,98740.9379,"ambient_background"
"Luke - Various Opportunistic Recordings/2025-07-03/1_37/250703_1635",98740.9379,98742.4156,"mech_auto_car"
"Luke - Various Opportunistic Recordings/2025-07-03/1_37/250703_1635",98742.4156,98746.9581,"ambient_background"
"Luke - Various Opportunistic Recordings/2025-07-03/1_37/250703_1635",98746.9581,98748.6548,"mech_auto_car"
"Luke - Various Opportunistic Recordings/2025-07-03/1_37/250703_1635",98748.6548,98797.0846,"ambient_background"
"Luke - Various Opportunistic Recordings/2025-07-03/1_37/250703_1635",98797.0846,98797.2432,"ambient_bang"
"Luke - Various Opportunistic Recordings/2025-07-03/1_37/250703_1635",98797.2432,98798.1287,"ambient_background"
"Luke - Various Opportunistic Recordings/2025-07-03/1_37/250703_1635",98798.1287,98798.3071,"ambient_bang"
"Luke - Various Opportunistic Recordings/2025-07-03/1_37/250703_1635",98798.3071,98798.4723,"ambient_background"
"Luke - Various Opportunistic Recordings/2025-07-03/1_37/250703_1635",98798.4723,98798.6441,"ambient_bang"
"Luke - Various Opportunistic Recordings/2025-07-03/1_37/250703_1635",98798.6441,98973.995,"ambient_background"
"Luke - Various Opportunistic Recordings/2025-07-03/1_37/250703_1635",98973.995,98974.332,"ambient_bang"
"Luke - Various Opportunistic Recordings/2025-07-03/1_37/250703_1635",98974.332,99000,"ambient_background"
"Luke - Various Opportunistic Recordings/2025-08-05/31/250805_1247",101580,101619.1817,"ins_trill"
"Luke - Various Opportunistic Recordings/2025-08-05/31/250805_1247",101582.9346,101583.6726,"ins_buzz_medium"
"Luke - Various Opportunistic Recordings/2025-08-05/31/250805_1247",101604.9927,101606.0798,"ins_buzz_high"
"Luke - Various Opportunistic Recordings/2025-08-05/31/250805_1247",101617.1915,101617.5996,"ins_buzz_high"
"Luke - Various Opportunistic Recordings/2025-08-05/31/250805_1247",101617.99,101618.9569,"ins_buzz_pollination"
"Luke - Various Opportunistic Recordings/2025-08-05/31/250805_1247",101619.0072,101620.542,"ins_buzz_high"
"Luke - Various Opportunistic Recordings/2025-08-05/31/250805_1247",101620.542,101880,"ambient_background"
"Luke - Various Opportunistic Recordings/2025-08-05/31/250805_1247",69180,69480,"ins_buzz_medium"
"Luke - Various Opportunistic Recordings/2025-08-05/31/250805_1247",69180,69480,"ins_trill"
"Luke - Various Opportunistic Recordings/2025-08-05/31/250805_1247",69183.0704,69184.1958,"ins_buzz_pollination"
"Luke - Various Opportunistic Recordings/2025-08-05/31/250805_1247",69187.6065,69189.3888,"ins_buzz_pollination"
"Luke - Various Opportunistic Recordings/2025-08-05/31/250805_1247",69189.9334,69190.5765,"ins_buzz_pollination"
"Luke - Various Opportunistic Recordings/2025-08-05/31/250805_1247",69190.8779,69191.6639,"ins_buzz_pollination"
"Luke - Various Opportunistic Recordings/2025-08-05/31/250805_1247",69195.5607,69197.9366,"ins_buzz_pollination"
"Luke - Various Opportunistic Recordings/2025-08-05/31/250805_1247",69199.3353,69200.0141,"ins_buzz_pollination"
"Luke - Various Opportunistic Recordings/2025-08-05/31/250805_1247",69200.3523,69202.1288,"ins_buzz_pollination"
"Luke - Various Opportunistic Recordings/2025-08-05/31/250805_1247",69206.8164,69215.348,"ins_buzz_pollination"
"Luke - Various Opportunistic Recordings/2025-08-05/31/250805_1247",69217.508,69218.3616,"ins_buzz_pollination"
"Luke - Various Opportunistic Recordings/2025-08-05/31/250805_1247",69221.1063,69223.8518,"ins_buzz_pollination"
"Luke - Various Opportunistic Recordings/2025-08-05/31/250805_1247",69224.0364,69227.8586,"ins_buzz_pollination"
"Luke - Various Opportunistic Recordings/2025-08-05/31/250805_1247",69230.0296,69232.3425,"ins_buzz_pollination"
"Luke - Various Opportunistic Recordings/2025-08-05/31/250805_1247",69232.5737,69235.0885,"ins_buzz_pollination"
"Luke - Various Opportunistic Recordings/2025-08-05/31/250805_1247",69236.7534,69238.7202,"ins_buzz_pollination"
"Luke - Various Opportunistic Recordings/2025-08-05/31/250805_1247",69239.2173,69243.4798,"ins_buzz_pollination"
"Luke - Various Opportunistic Recordings/2025-08-05/31/250805_1247",69243.6125,69245.0314,"ins_buzz_pollination"
"Luke - Various Opportunistic Recordings/2025-08-05/31/250805_1247",69245.3974,69246.1299,"ins_buzz_pollination"
"Luke - Various Opportunistic Recordings/2025-08-05/31/250805_1247",69247.1912,69249.7176,"ins_buzz_pollination"
"Luke - Various Opportunistic Recordings/2025-08-05/31/250805_1247",69249.9944,69251.2865,"ins_buzz_pollination"
"Luke - Various Opportunistic Recordings/2025-08-05/31/250805_1247",69251.8511,69257.381,"ins_buzz_pollination"
"Luke - Various Opportunistic Recordings/2025-08-05/31/250805_1247",69257.4589,69257.9434,"ins_buzz_pollination"
"Luke - Various Opportunistic Recordings/2025-08-05/31/250805_1247",69258.2434,69264.1324,"ins_buzz_pollination"
"Luke - Various Opportunistic Recordings/2025-08-05/31/250805_1247",69265.9948,69268.0713,"ins_buzz_pollination"
"Luke - Various Opportunistic Recordings/2025-08-05/31/250805_1247",69270.81,69274.6745,"ins_buzz_pollination"
"Luke - Various Opportunistic Recordings/2025-08-05/31/250805_1247",69275.3334,69277.0281,"ins_buzz_pollination"
"Luke - Various Opportunistic Recordings/2025-08-05/31/250805_1247",69277.9567,69279.6294,"ins_buzz_pollination"
"Luke - Various Opportunistic Recordings/2025-08-05/31/250805_1247",69284.5695,69285.4866,"ins_buzz_pollination"
"Luke - Various Opportunistic Recordings/2025-08-05/31/250805_1247",69285.8557,69286.9401,"ins_buzz_pollination"
"Luke - Various Opportunistic Recordings/2025-08-05/31/250805_1247",69287.4247,69288.2437,"ins_buzz_pollination"
"Luke - Various Opportunistic Recordings/2025-08-05/31/250805_1247",69288.5091,69289.9857,"ins_buzz_pollination"
"Luke - Various Opportunistic Recordings/2025-08-05/31/250805_1247",69292.4742,69293.2702,"ins_buzz_pollination"
"Luke - Various Opportunistic Recordings/2025-08-05/31/250805_1247",69294.3247,69295.1899,"ins_buzz_pollination"
"Luke - Various Opportunistic Recordings/2025-08-05/31/250805_1247",69301.5839,69306.7231,"ins_buzz_pollination"
"Luke - Various Opportunistic Recordings/2025-08-05/31/250805_1247",69307.7516,69309.2513,"ins_buzz_pollination"
"Luke - Various Opportunistic Recordings/2025-08-05/31/250805_1247",69309.6032,69310.3357,"ins_buzz_pollination"
"Luke - Various Opportunistic Recordings/2025-08-05/31/250805_1247",69310.9067,69312.5448,"ins_buzz_pollination"
"Luke - Various Opportunistic Recordings/2025-08-05/31/250805_1247",69317.4483,69318.4,"ins_buzz_pollination"
"Luke - Various Opportunistic Recordings/2025-08-05/31/250805_1247",69321.2047,69322.3064,"ins_buzz_pollination"
"Luke - Various Opportunistic Recordings/2025-08-05/31/250805_1247",69323.7252,69324.1982,"ins_buzz_pollination"
"Luke - Various Opportunistic Recordings/2025-08-05/31/250805_1247",69324.4102,69324.9718,"ins_buzz_pollination"
"Luke - Various Opportunistic Recordings/2025-08-05/31/250805_1247",69326.7034,69327.6782,"ins_buzz_pollination"
"Luke - Various Opportunistic Recordings/2025-08-05/31/250805_1247",69328.2459,69330.4896,"ins_buzz_pollination"
"Luke - Various Opportunistic Recordings/2025-08-05/31/250805_1247",69330.7903,69333.3302,"ins_buzz_pollination"
"Luke - Various Opportunistic Recordings/2025-08-05/31/250805_1247",69333.5725,69335.325,"ins_buzz_pollination"
"Luke - Various Opportunistic Recordings/2025-08-05/31/250805_1247",69338.4858,69341.0398,"ins_buzz_pollination"
"Luke - Various Opportunistic Recordings/2025-08-05/31/250805_1247",69341.908,69342.8366,"ins_buzz_pollination"
"Luke - Various Opportunistic Recordings/2025-08-05/31/250805_1247",69345.6455,69346.453,"ins_buzz_pollination"
"Luke - Various Opportunistic Recordings/2025-08-05/31/250805_1247",69349.543,69351.1119,"ins_buzz_pollination"
"Luke - Various Opportunistic Recordings/2025-08-05/31/250805_1247",69351.6252,69352.0405,"ins_buzz_pollination"
"Luke - Various Opportunistic Recordings/2025-08-05/31/250805_1247",69356.116,69358.2097,"ins_buzz_pollination"
"Luke - Various Opportunistic Recordings/2025-08-05/31/250805_1247",69371.7301,69376.6156,"ins_buzz_pollination"
"Luke - Various Opportunistic Recordings/2025-08-05/31/250805_1247",69377.3068,69385.0878,"ins_buzz_pollination"
"Luke - Various Opportunistic Recordings/2025-08-05/31/250805_1247",69387.2515,69389.103,"ins_buzz_pollination"
"Luke - Various Opportunistic Recordings/2025-08-05/31/250805_1247",69389.4203,69390.522,"ins_buzz_pollination"
"Luke - Various Opportunistic Recordings/2025-08-05/31/250805_1247",69390.6315,69393.3944,"ins_buzz_pollination"
"Luke - Various Opportunistic Recordings/2025-08-05/31/250805_1247",69393.6302,69396.4391,"ins_buzz_pollination"
"Luke - Various Opportunistic Recordings/2025-08-05/31/250805_1247",69396.9237,69399.8999,"ins_buzz_pollination"
"Luke - Various Opportunistic Recordings/2025-08-05/31/250805_1247",69400.8059,69402.421,"ins_buzz_pollination"
"Luke - Various Opportunistic Recordings/2025-08-05/31/250805_1247",69403.133,69405.8693,"ins_buzz_pollination"
"Luke - Various Opportunistic Recordings/2025-08-05/31/250805_1247",69411.3183,69418.7197,"ins_buzz_pollination"
"Luke - Various Opportunistic Recordings/2025-08-05/31/250805_1247",69418.9677,69420.5481,"ins_buzz_pollination"
"Luke - Various Opportunistic Recordings/2025-08-05/31/250805_1247",69421.5863,69422.1516,"ins_buzz_pollination"
"Luke - Various Opportunistic Recordings/2025-08-05/31/250805_1247",69423.0365,69426.9068,"ins_buzz_pollination"
"Luke - Various Opportunistic Recordings/2025-08-05/31/250805_1247",69427.2081,69428.4079,"ins_buzz_pollination"
"Luke - Various Opportunistic Recordings/2025-08-05/31/250805_1247",69428.604,69435.8507,"ins_buzz_pollination"
"Luke - Various Opportunistic Recordings/2025-08-05/31/250805_1247",69430.3941,69479.2466,"mech_plane_prop"
"Luke - Various Opportunistic Recordings/2025-08-05/31/250805_1247",69435.933,69437.0174,"ins_buzz_pollination"
"Luke - Various Opportunistic Recordings/2025-08-05/31/250805_1247",69437.8659,69438.4312,"ins_buzz_pollination"
"Luke - Various Opportunistic Recordings/2025-08-05/31/250805_1247",69445.635,69448.2917,"ins_buzz_pollination"
"Luke - Various Opportunistic Recordings/2025-08-05/31/250805_1247",69449.9908,69454.4402,"ins_buzz_pollination"
"Luke - Various Opportunistic Recordings/2025-08-05/31/250805_1247",69462.6243,69467.0898,"ins_buzz_pollination"
"Luke - Various Opportunistic Recordings/2025-08-05/31/250805_1247",69467.4924,69469.713,"ins_buzz_pollination"
"Luke - Various Opportunistic Recordings/2025-08-05/31/250805_1247",69470.359,69471.1342,"ins_buzz_pollination"
"Luke - Various Opportunistic Recordings/2025-08-12/1_114/250812_1225",102900,103200,"ins_trill"
"Luke - Various Opportunistic Recordings/2025-08-12/1_114/250812_1225",102900,103200,"mech_hum_traffic"
"Luke - Various Opportunistic Recordings/2025-08-12/1_114/250812_1225",102906.4349,102910.2107,"mech_auto_car"
"Luke - Various Opportunistic Recordings/2025-08-12/1_114/250812_1225",102919.6642,102925.341,"mech_plane_jet"
"Luke - Various Opportunistic Recordings/2025-08-12/1_114/250812_1225",102930.9628,102932.1909,"ambient_scraping"
"Luke - Various Opportunistic Recordings/2025-08-12/1_114/250812_1225",102984.4054,102985.0173,"ins_buzz_medium"
"Luke - Various Opportunistic Recordings/2025-08-12/1_114/250812_1225",102992.4099,102993.2174,"ins_buzz_medium"
"Luke - Various Opportunistic Recordings/2025-08-12/1_114/250812_1225",103000.2017,103001.465,"mech_auto_car"
"Luke - Various Opportunistic Recordings/2025-08-12/1_114/250812_1225",103005.0265,103022.0972,"mech_auto_car"
"Luke - Various Opportunistic Recordings/2025-08-12/1_114/250812_1225",103015.752,103016.4823,"ins_buzz_medium"
"Luke - Various Opportunistic Recordings/2025-08-12/1_114/250812_1225",103023.431,103028.3436,"mech_auto_car"
"Luke - Various Opportunistic Recordings/2025-08-12/1_114/250812_1225",103030.6201,103035.0907,"mech_auto_car"
"Luke - Various Opportunistic Recordings/2025-08-12/1_114/250812_1225",103035.7554,103043.535,"mech_auto_car"
"Luke - Various Opportunistic Recordings/2025-08-12/1_114/250812_1225",103049.154,103050.1705,"animal_unknown"
"Luke - Various Opportunistic Recordings/2025-08-12/1_114/250812_1225",103049.9884,103054.2944,"mech_auto_car"
"Luke - Various Opportunistic Recordings/2025-08-12/1_114/250812_1225",103056.0807,103060.5809,"mech_auto_car"
"Luke - Various Opportunistic Recordings/2025-08-12/1_114/250812_1225",103076.444,103081.2185,"animal_squirrel"
"Luke - Various Opportunistic Recordings/2025-08-12/1_114/250812_1225",103083.7339,103085.1315,"animal_squirrel"
"Luke - Various Opportunistic Recordings/2025-08-12/1_114/250812_1225",103088.2756,103090.0619,"mech_auto_car"
"Luke - Various Opportunistic Recordings/2025-08-12/1_114/250812_1225",103093.6418,103095.3491,"mech_auto_car"
"Luke - Various Opportunistic Recordings/2025-08-12/1_114/250812_1225",103102.3636,103104.6235,"mech_auto_car"
"Luke - Various Opportunistic Recordings/2025-08-12/1_114/250812_1225",103107.5538,103108.2644,"mech_auto_car"
"Luke - Various Opportunistic Recordings/2025-08-12/1_114/250812_1225",103131.4367,103132.7493,"mech_auto_car"
"Luke - Various Opportunistic Recordings/2025-08-12/1_114/250812_1225",103140.5367,103148.3409,"mech_plane_jet"
"Luke - Various Opportunistic Recordings/2025-08-12/1_114/250812_1225",103157.82,103158.5405,"ambient_bang"
"Luke - Various Opportunistic Recordings/2025-08-12/1_114/250812_1225",103162.1117,103164.0658,"mech_auto_car"
"Luke - Various Opportunistic Recordings/2025-08-12/1_114/250812_1225",103166.2295,103167.0973,"ins_buzz_medium"
"Luke - Various Opportunistic Recordings/2025-08-12/1_114/250812_1225",103171.2111,103177.8232,"mech_plane_jet"
"Luke - Various Opportunistic Recordings/2025-08-12/1_114/250812_1225",103175.8979,103176.6381,"ambient_bang"
"Luke - Various Opportunistic Recordings/2025-08-12/1_114/250812_1225",103182.848,103183.5861,"ins_buzz_high"
"Luke - Various Opportunistic Recordings/2025-08-12/1_114/250812_1225",103188.3017,103189.8145,"ins_buzz_high"
"Luke - Various Opportunistic Recordings/2025-08-12/1_114/250812_1225",103192.3394,103193.1191,"ambient_bang"
"Luke - Various Opportunistic Recordings/2025-08-12/1_114/250812_1225",106500,106800,"ins_trill"
"Luke - Various Opportunistic Recordings/2025-08-12/1_114/250812_1225",106501.8256,106505.5468,"ins_buzz_medium"
"Luke - Various Opportunistic Recordings/2025-08-12/1_114/250812_1225",106506.2751,106511.8621,"ins_buzz_medium"
"Luke - Various Opportunistic Recordings/2025-08-12/1_114/250812_1225",106512.0206,106512.9952,"ins_buzz_pollination"
"Luke - Various Opportunistic Recordings/2025-08-12/1_114/250812_1225",106512.9963,106513.6065,"ins_buzz_medium"
"Luke - Various Opportunistic Recordings/2025-08-12/1_114/250812_1225",106513.7361,106514.0135,"ins_buzz_pollination"
"Luke - Various Opportunistic Recordings/2025-08-12/1_114/250812_1225",106514.0293,106518.7995,"ins_buzz_medium"
"Luke - Various Opportunistic Recordings/2025-08-12/1_114/250812_1225",106518.7916,106521.8899,"ins_buzz_pollination"
"Luke - Various Opportunistic Recordings/2025-08-12/1_114/250812_1225",106521.9057,106523.3701,"ins_buzz_low"
"Luke - Various Opportunistic Recordings/2025-08-12/1_114/250812_1225",106523.4018,106524.5666,"ins_buzz_pollination"
"Luke - Various Opportunistic Recordings/2025-08-12/1_114/250812_1225",106524.4953,106525.6759,"ins_buzz_low"
"Luke - Various Opportunistic Recordings/2025-08-12/1_114/250812_1225",106525.5333,106526.4762,"ins_buzz_pollination"
"Luke - Various Opportunistic Recordings/2025-08-12/1_114/250812_1225",106526.3019,106527.2924,"ins_buzz_low"
"Luke - Various Opportunistic Recordings/2025-08-12/1_114/250812_1225",106527.329,106535.2014,"ins_buzz_pollination"
"Luke - Various Opportunistic Recordings/2025-08-12/1_114/250812_1225",106535.2331,106537.4518,"ins_buzz_low"
"Luke - Various Opportunistic Recordings/2025-08-12/1_114/250812_1225",106537.3875,106538.996,"ins_buzz_high"
"Luke - Various Opportunistic Recordings/2025-08-12/1_114/250812_1225",106538.9327,106539.5032,"ins_buzz_low"
"Luke - Various Opportunistic Recordings/2025-08-12/1_114/250812_1225",106539.416,106540.9533,"ins_buzz_pollination"
"Luke - Various Opportunistic Recordings/2025-08-12/1_114/250812_1225",106540.9216,106543.1006,"ins_buzz_low"
"Luke - Various Opportunistic Recordings/2025-08-12/1_114/250812_1225",106543.164,106547.9105,"ins_buzz_pollination"
"Luke - Various Opportunistic Recordings/2025-08-12/1_114/250812_1225",106548.2591,106549.5666,"ins_buzz_low"
"Luke - Various Opportunistic Recordings/2025-08-12/1_114/250812_1225",106549.5428,106550.8106,"ins_buzz_pollination"
"Luke - Various Opportunistic Recordings/2025-08-12/1_114/250812_1225",106550.7552,106551.3732,"ins_buzz_medium"
"Luke - Various Opportunistic Recordings/2025-08-12/1_114/250812_1225",106551.4128,106552.1656,"ins_buzz_pollination"
"Luke - Various Opportunistic Recordings/2025-08-12/1_114/250812_1225",106552.1339,106553.2195,"ins_buzz_low"
"Luke - Various Opportunistic Recordings/2025-08-12/1_114/250812_1225",106553.1521,106553.9604,"ins_buzz_pollination"
"Luke - Various Opportunistic Recordings/2025-08-12/1_114/250812_1225",106553.1869,106800,"mech_hum_traffic"
"Luke - Various Opportunistic Recordings/2025-08-12/1_114/250812_1225",106554.0079,106554.9588,"ins_buzz_pollination"
"Luke - Various Opportunistic Recordings/2025-08-12/1_114/250812_1225",106554.9113,106556.0048,"ins_buzz_low"
"Luke - Various Opportunistic Recordings/2025-08-12/1_114/250812_1225",106555.8701,106559.3804,"ins_buzz_pollination"
"Luke - Various Opportunistic Recordings/2025-08-12/1_114/250812_1225",106559.4754,106561.0761,"ins_buzz_pollination"
"Luke - Various Opportunistic Recordings/2025-08-12/1_114/250812_1225",106561.1712,106563.0095,"ins_buzz_pollination"
"Luke - Various Opportunistic Recordings/2025-08-12/1_114/250812_1225",106562.8748,106563.691,"ins_buzz_low"
"Luke - Various Opportunistic Recordings/2025-08-12/1_114/250812_1225",106563.8178,106565.4818,"ins_buzz_high"
"Luke - Various Opportunistic Recordings/2025-08-12/1_114/250812_1225",106565.5848,106567.8352,"ins_buzz_pollination"
"Luke - Various Opportunistic Recordings/2025-08-12/1_114/250812_1225",106568.0491,106570.8938,"ins_buzz_low"
"Luke - Various Opportunistic Recordings/2025-08-12/1_114/250812_1225",106570.8225,106574.309,"ins_buzz_pollination"
"Luke - Various Opportunistic Recordings/2025-08-12/1_114/250812_1225",106574.2615,106575.6561,"ins_buzz_low"
"Luke - Various Opportunistic Recordings/2025-08-12/1_114/250812_1225",106575.5373,106576.5832,"ins_buzz_pollination"
"Luke - Various Opportunistic Recordings/2025-08-12/1_114/250812_1225",106576.5198,106577.5024,"ins_buzz_low"
"Luke - Various Opportunistic Recordings/2025-08-12/1_114/250812_1225",106577.4152,106578.6276,"ins_buzz_pollination"
"Luke - Various Opportunistic Recordings/2025-08-12/1_114/250812_1225",106578.7147,106579.3724,"ins_buzz_low"
"Luke - Various Opportunistic Recordings/2025-08-12/1_114/250812_1225",106579.8082,106581.1236,"ins_buzz_low"
"Luke - Various Opportunistic Recordings/2025-08-12/1_114/250812_1225",106581.0444,106582.019,"ins_buzz_pollination"
"Luke - Various Opportunistic Recordings/2025-08-12/1_114/250812_1225",106581.9556,106582.6133,"ins_buzz_low"
"Luke - Various Opportunistic Recordings/2025-08-12/1_114/250812_1225",106582.542,106583.3502,"ins_buzz_pollination"
"Luke - Various Opportunistic Recordings/2025-08-12/1_114/250812_1225",106583.2076,106583.897,"ins_buzz_low"
"Luke - Various Opportunistic Recordings/2025-08-12/1_114/250812_1225",106583.8415,106584.7052,"ins_buzz_pollination"
"Luke - Various Opportunistic Recordings/2025-08-12/1_114/250812_1225",106584.7052,106587.3994,"ins_buzz_low"
"Luke - Various Opportunistic Recordings/2025-08-12/1_114/250812_1225",106587.4628,106589.2615,"ins_buzz_pollination"
"Luke - Various Opportunistic Recordings/2025-08-12/1_114/250812_1225",106589.7686,106591.8685,"ins_buzz_low"
"Luke - Various Opportunistic Recordings/2025-08-12/1_114/250812_1225",106591.8051,106592.7797,"ins_buzz_pollination"
"Luke - Various Opportunistic Recordings/2025-08-12/1_114/250812_1225",106592.7797,106593.8732,"ins_buzz_low"
"Luke - Various Opportunistic Recordings/2025-08-12/1_114/250812_1225",106593.8336,106595.3471,"ins_buzz_pollination"
"Luke - Various Opportunistic Recordings/2025-08-12/1_114/250812_1225",106595.8463,106596.6387,"ins_buzz_low"
"Luke - Various Opportunistic Recordings/2025-08-12/1_114/250812_1225",106596.5991,106597.233,"ins_buzz_pollination"
"Luke - Various Opportunistic Recordings/2025-08-12/1_114/250812_1225",106597.225,106600.0777,"ins_buzz_low"
"Luke - Various Opportunistic Recordings/2025-08-12/1_114/250812_1225",106599.9905,106600.5135,"ins_buzz_pollination"
"Luke - Various Opportunistic Recordings/2025-08-12/1_114/250812_1225",106600.4659,106602.9382,"ins_buzz_low"
"Luke - Various Opportunistic Recordings/2025-08-12/1_114/250812_1225",106602.9461,106603.765,"ins_buzz_pollination"
"Luke - Various Opportunistic Recordings/2025-08-12/1_114/250812_1225",106603.757,106604.2959,"ins_buzz_medium"
"Luke - Various Opportunistic Recordings/2025-08-12/1_114/250812_1225",106604.3276,106607.7111,"ins_buzz_pollination"
"Luke - Various Opportunistic Recordings/2025-08-12/1_114/250812_1225",106607.7111,106608.662,"ins_buzz_low"
"Luke - Various Opportunistic Recordings/2025-08-12/1_114/250812_1225",106608.6937,106609.4544,"ins_buzz_high"
"Luke - Various Opportunistic Recordings/2025-08-12/1_114/250812_1225",106609.4781,106610.4448,"ins_buzz_medium"
"Luke - Various Opportunistic Recordings/2025-08-12/1_114/250812_1225",106610.4528,106610.9757,"ins_buzz_pollination"
"Luke - Various Opportunistic Recordings/2025-08-12/1_114/250812_1225",106610.9916,106612.4654,"ins_buzz_low"
"Luke - Various Opportunistic Recordings/2025-08-12/1_114/250812_1225",106612.5198,106616.4501,"ins_buzz_pollination"
"Luke - Various Opportunistic Recordings/2025-08-12/1_114/250812_1225",106616.6244,106617.7338,"ins_buzz_low"
"Luke - Various Opportunistic Recordings/2025-08-12/1_114/250812_1225",106617.9239,106621.664,"ins_buzz_pollination"
"Luke - Various Opportunistic Recordings/2025-08-12/1_114/250812_1225",106619.6829,106625.3122,"mech_auto_car"
"Luke - Various Opportunistic Recordings/2025-08-12/1_114/250812_1225",106621.8384,106622.813,"ins_buzz_low"
"Luke - Various Opportunistic Recordings/2025-08-12/1_114/250812_1225",106622.8288,106623.8431,"ins_buzz_pollination"
"Luke - Various Opportunistic Recordings/2025-08-12/1_114/250812_1225",106623.8986,106625.2932,"ins_buzz_low"
"Luke - Various Opportunistic Recordings/2025-08-12/1_114/250812_1225",106625.317,106626.0935,"ins_buzz_pollination"
"Luke - Various Opportunistic Recordings/2025-08-12/1_114/250812_1225",106626.0697,106627.0206,"ins_buzz_low"
"Luke - Various Opportunistic Recordings/2025-08-12/1_114/250812_1225",106626.9889,106627.5515,"ins_buzz_high"
"Luke - Various Opportunistic Recordings/2025-08-12/1_114/250812_1225",106627.5594,106629.5404,"ins_buzz_medium"
"Luke - Various Opportunistic Recordings/2025-08-12/1_114/250812_1225",106629.5721,106630.5071,"ins_buzz_pollination"
"Luke - Various Opportunistic Recordings/2025-08-12/1_114/250812_1225",106631.0697,106632.5753,"ins_buzz_pollination"
"Luke - Various Opportunistic Recordings/2025-08-12/1_114/250812_1225",106632.5911,106633.9857,"ins_buzz_medium"
"Luke - Various Opportunistic Recordings/2025-08-12/1_114/250812_1225",106633.9937,106635.1189,"ins_buzz_pollination"
"Luke - Various Opportunistic Recordings/2025-08-12/1_114/250812_1225",106635.0872,106636.3708,"ins_buzz_medium"
"Luke - Various Opportunistic Recordings/2025-08-12/1_114/250812_1225",106636.2678,106637.8407,"ins_buzz_pollination"
"Luke - Various Opportunistic Recordings/2025-08-12/1_114/250812_1225",106637.8209,106638.7005,"ins_buzz_medium"
"Luke - Various Opportunistic Recordings/2025-08-12/1_114/250812_1225",106638.7044,106639.5048,"ins_buzz_high"
"Luke - Various Opportunistic Recordings/2025-08-12/1_114/250812_1225",106639.5404,106640.5071,"ins_buzz_medium"
"Luke - Various Opportunistic Recordings/2025-08-12/1_114/250812_1225",106640.4635,106643.2607,"ins_buzz_pollination"
"Luke - Various Opportunistic Recordings/2025-08-12/1_114/250812_1225",106643.2845,106644.9406,"ins_buzz_low"
"Luke - Various Opportunistic Recordings/2025-08-12/1_114/250812_1225",106644.9406,106647.08,"ins_buzz_pollination"
"Luke - Various Opportunistic Recordings/2025-08-12/1_114/250812_1225",106647.1038,106647.8962,"ins_buzz_medium"
"Luke - Various Opportunistic Recordings/2025-08-12/1_114/250812_1225",106647.8883,106651.3986,"ins_buzz_pollination"
"Luke - Various Opportunistic Recordings/2025-08-12/1_114/250812_1225",106651.3503,106661.3745,"mech_plane_jet"
"Luke - Various Opportunistic Recordings/2025-08-12/1_114/250812_1225",106651.3748,106653.8708,"ins_buzz_medium"
"Luke - Various Opportunistic Recordings/2025-08-12/1_114/250812_1225",106653.8708,106656.0182,"ins_buzz_pollination"
"Luke - Various Opportunistic Recordings/2025-08-12/1_114/250812_1225",106655.9152,106656.9216,"ins_buzz_low"
"Luke - Various Opportunistic Recordings/2025-08-12/1_114/250812_1225",106656.9374,106658.2052,"ins_buzz_pollination"
"Luke - Various Opportunistic Recordings/2025-08-12/1_114/250812_1225",106658.2369,106659.2829,"ins_buzz_low"
"Luke - Various Opportunistic Recordings/2025-08-12/1_114/250812_1225",106659.2685,106660.2748,"ins_buzz_pollination"
"Luke - Various Opportunistic Recordings/2025-08-12/1_114/250812_1225",106660.2065,106661.5694,"ins_buzz_low"
"Luke - Various Opportunistic Recordings/2025-08-12/1_114/250812_1225",106661.506,106662.7263,"ins_buzz_pollination"
"Luke - Various Opportunistic Recordings/2025-08-12/1_114/250812_1225",106662.4163,106663.0526,"animal_dog"
"Luke - Various Opportunistic Recordings/2025-08-12/1_114/250812_1225",106662.7635,106663.3737,"ins_buzz_low"
"Luke - Various Opportunistic Recordings/2025-08-12/1_114/250812_1225",106663.5718,106664.2453,"ins_buzz_pollination"
"Luke - Various Opportunistic Recordings/2025-08-12/1_114/250812_1225",106664.2461,106665.3634,"ins_buzz_low"
"Luke - Various Opportunistic Recordings/2025-08-12/1_114/250812_1225",106665.3548,106666.1155,"ins_buzz_pollination"
"Luke - Various Opportunistic Recordings/2025-08-12/1_114/250812_1225",106666.034,106667.3018,"ins_buzz_low"
"Luke - Various Opportunistic Recordings/2025-08-12/1_114/250812_1225",106667.1388,106667.8757,"ins_buzz_pollination"
"Luke - Various Opportunistic Recordings/2025-08-12/1_114/250812_1225",106667.8915,106669.4129,"ins_buzz_low"
"Luke - Various Opportunistic Recordings/2025-08-12/1_114/250812_1225",106669.4129,106670.3955,"ins_buzz_pollination"
"Luke - Various Opportunistic Recordings/2025-08-12/1_114/250812_1225",106670.3834,106671.8018,"ins_buzz_low"
"Luke - Various Opportunistic Recordings/2025-08-12/1_114/250812_1225",106671.808,106673.3373,"ins_buzz_pollination"
"Luke - Various Opportunistic Recordings/2025-08-12/1_114/250812_1225",106673.3215,106673.9633,"ins_buzz_low"
"Luke - Various Opportunistic Recordings/2025-08-12/1_114/250812_1225",106674.0556,106674.7442,"ins_buzz_pollination"
"Luke - Various Opportunistic Recordings/2025-08-12/1_114/250812_1225",106674.7723,106684.3071,"ins_buzz_medium"
"Luke - Various Opportunistic Recordings/2025-08-12/1_114/250812_1225",106679.0656,106679.7471,"ins_buzz_pollination"
"Luke - Various Opportunistic Recordings/2025-08-12/1_114/250812_1225",106680.1305,106680.8094,"animal_dog"
"Luke - Various Opportunistic Recordings/2025-08-12/1_114/250812_1225",106681.6741,106682.1733,"ins_buzz_pollination"
"Luke - Various Opportunistic Recordings/2025-08-12/1_114/250812_1225",106683.2605,106684.1639,"ins_buzz_pollination"
"Luke - Various Opportunistic Recordings/2025-08-12/1_114/250812_1225",106684.5789,106685.1257,"ins_buzz_pollination"
"Luke - Various Opportunistic Recordings/2025-08-12/1_114/250812_1225",106684.9806,106691.4861,"ins_buzz_medium"
"Luke - Various Opportunistic Recordings/2025-08-12/1_114/250812_1225",106685.9022,106686.6708,"ins_buzz_pollination"
"Luke - Various Opportunistic Recordings/2025-08-12/1_114/250812_1225",106687.8356,106688.9846,"ins_buzz_pollination"
"Luke - Various Opportunistic Recordings/2025-08-12/1_114/250812_1225",106690.0611,106690.7187,"ins_buzz_pollination"
"Luke - Various Opportunistic Recordings/2025-08-12/1_114/250812_1225",106691.3051,106692.2718,"ins_buzz_pollination"
"Luke - Various Opportunistic Recordings/2025-08-12/1_114/250812_1225",106692.3247,106694.3929,"ins_buzz_medium"
"Luke - Various Opportunistic Recordings/2025-08-12/1_114/250812_1225",106694.3605,106696.2147,"ins_buzz_pollination"
"Luke - Various Opportunistic Recordings/2025-08-12/1_114/250812_1225",106696.1245,106696.9882,"ins_buzz_medium"
"Luke - Various Opportunistic Recordings/2025-08-12/1_114/250812_1225",106697.004,106698.5175,"ins_buzz_pollination"
"Luke - Various Opportunistic Recordings/2025-08-12/1_114/250812_1225",106698.406,106699.6263,"ins_buzz_medium"
"Luke - Various Opportunistic Recordings/2025-08-12/1_114/250812_1225",106699.4837,106700.2682,"ins_buzz_pollination"
"Luke - Various Opportunistic Recordings/2025-08-12/1_114/250812_1225",106700.2269,106701.3192,"ins_buzz_medium"
"Luke - Various Opportunistic Recordings/2025-08-12/1_114/250812_1225",106701.3113,106702.1987,"ins_buzz_pollination"
"Luke - Various Opportunistic Recordings/2025-08-12/1_114/250812_1225",106702.3131,106703.0738,"ins_buzz_pollination"
"Luke - Various Opportunistic Recordings/2025-08-12/1_114/250812_1225",106704.0573,106705.4439,"ins_buzz_pollination"
"Luke - Various Opportunistic Recordings/2025-08-12/1_114/250812_1225",106706.5412,106707.8645,"ins_buzz_pollination"
"Luke - Various Opportunistic Recordings/2025-08-12/1_114/250812_1225",106707.6799,106709.1696,"ins_buzz_medium"
"Luke - Various Opportunistic Recordings/2025-08-12/1_114/250812_1225",106709.1586,106710.6562,"ins_buzz_pollination"
"Luke - Various Opportunistic Recordings/2025-08-12/1_114/250812_1225",106710.6828,106711.3642,"ins_buzz_medium"
"Luke - Various Opportunistic Recordings/2025-08-12/1_114/250812_1225",106711.8248,106714.5353,"ins_buzz_pollination"
"Luke - Various Opportunistic Recordings/2025-08-12/1_114/250812_1225",106714.4462,106717.302,"ins_buzz_medium"
"Luke - Various Opportunistic Recordings/2025-08-12/1_114/250812_1225",106716.4144,106720.4092,"ins_buzz_pollination"
"Luke - Various Opportunistic Recordings/2025-08-12/1_114/250812_1225",106720.2132,106721.2799,"ins_buzz_medium"
"Luke - Various Opportunistic Recordings/2025-08-12/1_114/250812_1225",106721.1267,106722.3882,"ins_buzz_high"
"Luke - Various Opportunistic Recordings/2025-08-12/1_114/250812_1225",106722.4721,106725.6619,"ins_buzz_high"
"Luke - Various Opportunistic Recordings/2025-08-12/1_114/250812_1225",106724.0357,106725.4926,"ins_buzz_medium"
"Luke - Various Opportunistic Recordings/2025-08-12/1_114/250812_1225",106725.5772,106727.8849,"ins_buzz_medium"
"Luke - Various Opportunistic Recordings/2025-08-12/1_114/250812_1225",106727.2921,106728.4203,"ins_buzz_pollination"
"Luke - Various Opportunistic Recordings/2025-08-12/1_114/250812_1225",106728.5639,106730.5382,"ins_buzz_medium"
"Luke - Various Opportunistic Recordings/2025-08-12/1_114/250812_1225",106730.2613,106731.3177,"ins_buzz_pollination"
"Luke - Various Opportunistic Recordings/2025-08-12/1_114/250812_1225",106731.3228,106732.5382,"ins_buzz_medium"
"Luke - Various Opportunistic Recordings/2025-08-12/1_114/250812_1225",106732.3228,106738.7101,"ins_buzz_pollination"
"Luke - Various Opportunistic Recordings/2025-08-12/1_114/250812_1225",106733.7972,106734.5828,"animal_dog"
"Luke - Various Opportunistic Recordings/2025-08-12/1_114/250812_1225",106737.9234,106739.5027,"ins_buzz_medium"
"Luke - Various Opportunistic Recordings/2025-08-12/1_114/250812_1225",106739.2752,106740.1675,"ins_buzz_high"
"Luke - Various Opportunistic Recordings/2025-08-12/1_114/250812_1225",106739.8207,106740.8258,"ins_buzz_medium"
"Luke - Various Opportunistic Recordings/2025-08-12/1_114/250812_1225",106740.8988,106743.586,"ins_buzz_pollination"
"Luke - Various Opportunistic Recordings/2025-08-12/1_114/250812_1225",106747.2024,106750.2383,"ins_buzz_pollination"
"Luke - Various Opportunistic Recordings/2025-08-12/1_114/250812_1225",106750.0178,106753.3306,"ins_buzz_medium"
"Luke - Various Opportunistic Recordings/2025-08-12/1_114/250812_1225",106751.5306,106754.1101,"ins_buzz_pollination"
"Luke - Various Opportunistic Recordings/2025-08-12/1_114/250812_1225",106753.9921,106754.8523,"ins_buzz_medium"
"Luke - Various Opportunistic Recordings/2025-08-12/1_114/250812_1225",106754.8588,106756.0999,"ins_buzz_pollination"
"Luke - Various Opportunistic Recordings/2025-08-12/1_114/250812_1225",106755.9033,106757.5562,"ins_buzz_medium"
"Luke - Various Opportunistic Recordings/2025-08-12/1_114/250812_1225",106757.4871,106759.9794,"ins_buzz_pollination"
"Luke - Various Opportunistic Recordings/2025-08-12/1_114/250812_1225",106759.9282,106761.0564,"ins_buzz_medium"
"Luke - Various Opportunistic Recordings/2025-08-12/1_114/250812_1225",106760.964,106763.4768,"ins_buzz_high"
"Luke - Various Opportunistic Recordings/2025-08-12/1_114/250812_1225",106763.459,106764.6487,"ins_buzz_high"
"Luke - Various Opportunistic Recordings/2025-08-12/1_114/250812_1225",106764.982,106768.3872,"ins_buzz_medium"
"Luke - Various Opportunistic Recordings/2025-08-12/1_114/250812_1225",106767.8743,106770.1629,"ins_buzz_high"
"Luke - Various Opportunistic Recordings/2025-08-12/1_114/250812_1225",106770.0295,106773.3526,"ins_buzz_medium"
"Luke - Various Opportunistic Recordings/2025-08-12/1_114/250812_1225",106772.7369,106773.5798,"animal_dog"
"Luke - Various Opportunistic Recordings/2025-08-12/1_114/250812_1225",106773.2911,106777.8743,"ins_buzz_high"
"Luke - Various Opportunistic Recordings/2025-08-12/1_114/250812_1225",106775.8925,106776.4873,"ins_buzz_medium"
"Luke - Various Opportunistic Recordings/2025-08-12/1_114/250812_1225",106778.154,106779.0873,"ins_buzz_high"
"Luke - Various Opportunistic Recordings/2025-08-12/1_114/250812_1225",106778.6659,106780.4249,"ins_buzz_medium"
"Luke - Various Opportunistic Recordings/2025-08-12/1_114/250812_1225",106780.3122,106785.902,"ins_buzz_high"
"Luke - Various Opportunistic Recordings/2025-08-12/1_114/250812_1225",106780.8202,106781.3389,"animal_dog"
"Luke - Various Opportunistic Recordings/2025-08-12/1_114/250812_1225",106785.6199,106787.0353,"ins_buzz_medium"
"Luke - Various Opportunistic Recordings/2025-08-12/1_114/250812_1225",106786.8393,106788.0393,"ins_buzz_high"
"Luke - Various Opportunistic Recordings/2025-08-12/1_114/250812_1225",106788.0706,106788.8449,"ins_buzz_high"
"Luke - Various Opportunistic Recordings/2025-08-12/1_114/250812_1225",106788.5381,106789.2207,"animal_dog"
"Luke - Various Opportunistic Recordings/2025-08-12/1_114/250812_1225",106788.5787,106790.2966,"ins_buzz_medium"
"Luke - Various Opportunistic Recordings/2025-08-12/1_114/250812_1225",106789.7372,106790.8757,"ins_buzz_high"
"Luke - Various Opportunistic Recordings/2025-08-12/1_114/250812_1225",106790.6197,106792.4966,"ins_buzz_medium"
"Luke - Various Opportunistic Recordings/2025-08-12/1_114/250812_1225",106792.6046,106793.4405,"ins_buzz_high"
"Luke - Various Opportunistic Recordings/2025-08-12/1_114/250812_1225",106793.2197,106795.2402,"ins_buzz_medium"
"Luke - Various Opportunistic Recordings/2025-08-12/1_114/250812_1225",106794.863,106797.1582,"ins_buzz_high"
"Luke - Various Opportunistic Recordings/2025-08-12/1_114/250812_1225",106797.0402,106798.2505,"ins_buzz_medium"
"Luke - Various Opportunistic Recordings/2025-08-12/1_114/250812_1225",106798.0513,106799.2923,"ins_buzz_high"
"Luke - Various Opportunistic Recordings/2025-08-12/1_114/250812_1225",106799.1793,106799.7857,"animal_dog"
"Luke - Various Opportunistic Recordings/2025-08-12/1_114/250812_1225",110100,110400,"ins_trill"
"Luke - Various Opportunistic Recordings/2025-08-12/1_114/250812_1225",110100,110400,"mech_hum_traffic"
"Luke - Various Opportunistic Recordings/2025-08-12/1_114/250812_1225",110100.5432,110103.6337,"mech_auto_car"
"Luke - Various Opportunistic Recordings/2025-08-12/1_114/250812_1225",110110.4526,110111.4,"ins_buzz_medium"
"Luke - Various Opportunistic Recordings/2025-08-12/1_114/250812_1225",110112.7795,110114.4572,"ins_buzz_medium"
"Luke - Various Opportunistic Recordings/2025-08-12/1_114/250812_1225",110132.945,110143.7968,"mech_auto_car"
"Luke - Various Opportunistic Recordings/2025-08-12/1_114/250812_1225",110139.122,110139.537,"ambient_wind"
"Luke - Various Opportunistic Recordings/2025-08-12/1_114/250812_1225",110140.0384,110141.3799,"ambient_wind"
"Luke - Various Opportunistic Recordings/2025-08-12/1_114/250812_1225",110142.648,110146.702,"ambient_wind"
"Luke - Various Opportunistic Recordings/2025-08-12/1_114/250812_1225",110145.3096,110152.8692,"mech_auto_car"
"Luke - Various Opportunistic Recordings/2025-08-12/1_114/250812_1225",110149.5115,110206.0768,"mech_plane_jet"
"Luke - Various Opportunistic Recordings/2025-08-12/1_114/250812_1225",110170.4814,110171.2966,"animal_frog"
"Luke - Various Opportunistic Recordings/2025-08-12/1_114/250812_1225",110185.2998,110194.7575,"mech_auto_car"
"Luke - Various Opportunistic Recordings/2025-08-12/1_114/250812_1225",110195.8029,110199.8792,"mech_auto_car"
"Luke - Various Opportunistic Recordings/2025-08-12/1_114/250812_1225",110209.5451,110218.0051,"ambient_rustle"
"Luke - Various Opportunistic Recordings/2025-08-12/1_114/250812_1225",110219.9769,110221.5333,"ambient_rustle"
"Luke - Various Opportunistic Recordings/2025-08-12/1_114/250812_1225",110228.5506,110330.0967,"mech_plane_jet"
"Luke - Various Opportunistic Recordings/2025-08-12/1_114/250812_1225",110232.2991,110235.3674,"mech_auto_car"
"Luke - Various Opportunistic Recordings/2025-08-12/1_114/250812_1225",110237.7465,110240.4442,"mech_auto_car"
"Luke - Various Opportunistic Recordings/2025-08-12/1_114/250812_1225",110260.9385,110261.5404,"ins_buzz_medium"
"Luke - Various Opportunistic Recordings/2025-08-12/1_114/250812_1225",110263.7464,110266.7373,"mech_auto_car"
"Luke - Various Opportunistic Recordings/2025-08-12/1_114/250812_1225",110277.5427,110280.5362,"mech_auto_car"
"Luke - Various Opportunistic Recordings/2025-08-12/1_114/250812_1225",110281.3611,110285.2224,"mech_auto_car"
"Luke - Various Opportunistic Recordings/2025-08-12/1_114/250812_1225",110295.265,110296.851,"mech_auto_car"
"Luke - Various Opportunistic Recordings/2025-08-12/1_114/250812_1225",110300.7191,110308.1156,"mech_auto_car"
"Luke - Various Opportunistic Recordings/2025-08-12/1_114/250812_1225",110311.8865,110312.7759,"ins_buzz_medium"
"Luke - Various Opportunistic Recordings/2025-08-12/1_114/250812_1225",110323.9963,110324.8412,"ins_buzz_medium"
"Luke - Various Opportunistic Recordings/2025-08-12/1_114/250812_1225",110333.6532,110371.877,"mech_auto_truck"
"Luke - Various Opportunistic Recordings/2025-08-12/1_114/250812_1225",110387.5664,110391.4926,"mech_auto_car"
"Luke - Various Opportunistic Recordings/2025-08-12/1_114/250812_1225",110391.8096,110396.0045,"mech_auto_car"
"Luke - Various Opportunistic Recordings/2025-08-12/1_114/250812_1225",110396.7643,110400,"mech_auto_car"
"Luke - Various Opportunistic Recordings/2025-08-12/1_114/250812_1225",113700,114000,"ins_trill"
"Luke - Various Opportunistic Recordings/2025-08-12/1_114/250812_1225",113711.0759,113751.1275,"mech_plane_jet"
"Luke - Various Opportunistic Recordings/2025-08-12/1_114/250812_1225",113757.508,113761.7064,"ins_buzz_medium"
"Luke - Various Opportunistic Recordings/2025-08-12/1_114/250812_1225",113762.0622,113763.878,"ins_buzz_medium"
"Luke - Various Opportunistic Recordings/2025-08-12/1_114/250812_1225",113765.5749,113766.5161,"ins_buzz_medium"
"Luke - Various Opportunistic Recordings/2025-08-12/1_114/250812_1225",113767.0349,113768.8952,"ins_buzz_medium"
"Luke - Various Opportunistic Recordings/2025-08-12/1_114/250812_1225",113769.7792,113780.004,"ins_buzz_medium"
"Luke - Various Opportunistic Recordings/2025-08-12/1_114/250812_1225",113784.9835,113788.6077,"mech_auto_car"
"Luke - Various Opportunistic Recordings/2025-08-12/1_114/250812_1225",113789.8439,113792.9641,"ins_buzz_medium"
"Luke - Various Opportunistic Recordings/2025-08-12/1_114/250812_1225",113793.266,113800.012,"ins_buzz_medium"
"Luke - Various Opportunistic Recordings/2025-08-12/1_114/250812_1225",113803.6134,113807.8749,"mech_auto_car"
"Luke - Various Opportunistic Recordings/2025-08-12/1_114/250812_1225",113816.5639,113818.8836,"mech_auto_car"
"Luke - Various Opportunistic Recordings/2025-08-27/48/250827_1828",19920,20220,"ins_trill"
"Luke - Various Opportunistic Recordings/2025-08-27/48/250827_1828",19920.7109,20000.329,"mech_plane_prop"
"Luke - Various Opportunistic Recordings/2025-08-27/48/250827_1828",20108.8439,20124.6465,"mech_hum_traffic"
"Luke - Various Opportunistic Recordings/2025-08-27/48/250827_1828",20173.1806,20175.4431,"mech_hum_traffic"
"Luke - Various Opportunistic Recordings/2025-08-27/48/250827_1828",20176.3166,20176.9463,"mech_hum_traffic"
"Luke - Various Opportunistic Recordings/2025-08-27/48/250827_1828",20178.4581,20181.4541,"mech_hum_traffic"
"Luke - Various Opportunistic Recordings/2025-08-27/48/250827_1828",20183.8203,20186.3392,"mech_hum_traffic"
"Luke - Various Opportunistic Recordings/2025-08-27/48/250827_1828",23520,23820,"ins_trill"
"Luke - Various Opportunistic Recordings/2025-08-27/48/250827_1828",23702.5785,23740.4132,"mech_auto_car"
"Luke - Various Opportunistic Recordings/2025-08-27/48/250827_1828",27120,27420,"ins_trill"
"Luke - Various Opportunistic Recordings/2025-08-27/48/250827_1828",27185.2562,27265.0694,"mech_auto_car"
"Luke - Various Opportunistic Recordings/2025-08-27/48/250827_1828",27324.9322,27332.7074,"mech_auto_car"
"Luke - Various Opportunistic Recordings/2025-08-27/48/250827_1828",27348.0581,27354.5878,"mech_auto_beep"
"Luke - Various Opportunistic Recordings/2025-08-27/48/250827_1828",27409.5905,27414.4677,"mech_plane_prop"
"Luke - Various Opportunistic Recordings/2025-08-27/48/250827_1828",41520,41532.3749,"ambient_background"
"Luke - Various Opportunistic Recordings/2025-08-27/48/250827_1828",41532.3749,41537.9255,"ins_buzz_medium"
"Luke - Various Opportunistic Recordings/2025-08-27/48/250827_1828",41537.9255,41550.0274,"ambient_background"
"Luke - Various Opportunistic Recordings/2025-08-27/48/250827_1828",41550.0274,41553.6671,"ins_buzz_medium"
"Luke - Various Opportunistic Recordings/2025-08-27/48/250827_1828",41553.6671,41573.1962,"ambient_background"
"Luke - Various Opportunistic Recordings/2025-08-27/48/250827_1828",41573.1962,41647.645,"mech_plane_jet"
"Luke - Various Opportunistic Recordings/2025-08-27/48/250827_1828",41647.645,41659.7299,"ambient_background"
"Luke - Various Opportunistic Recordings/2025-08-27/48/250827_1828",41659.7299,41697.6729,"mech_plane_jet"
"Luke - Various Opportunistic Recordings/2025-08-27/48/250827_1828",41693.5854,41701.7604,"mech_auto_truck"
"Luke - Various Opportunistic Recordings/2025-08-27/48/250827_1828",41701.7604,41746.4675,"ambient_background"
"Luke - Various Opportunistic Recordings/2025-08-27/48/250827_1828",41746.4675,41747.1475,"human"
"Luke - Various Opportunistic Recordings/2025-08-27/48/250827_1828",41747.1475,41747.8978,"ambient_background"
"Luke - Various Opportunistic Recordings/2025-08-27/48/250827_1828",41747.8978,41748.445,"ambient_bang"
"Luke - Various Opportunistic Recordings/2025-08-27/48/250827_1828",41748.445,41782.3292,"ambient_background"
"Luke - Various Opportunistic Recordings/2025-08-27/48/250827_1828",41782.3292,41793.1026,"ins_trill"
"Luke - Various Opportunistic Recordings/2025-08-27/48/250827_1828",41793.1026,41804.5813,"ambient_background"
"Luke - Various Opportunistic Recordings/2025-08-27/48/250827_1828",41804.5813,41820,"ins_trill"
"Luke - Various Opportunistic Recordings/2025-08-27/48/250827_1828",48720,48724.8335,"ins_buzz_medium"
"Luke - Various Opportunistic Recordings/2025-08-27/48/250827_1828",48721.2693,48721.7071,"mech_auto_beep"
"Luke - Various Opportunistic Recordings/2025-08-27/48/250827_1828",48724.8335,48725.8027,"ambient_background"
"Luke - Various Opportunistic Recordings/2025-08-27/48/250827_1828",48725.8027,48726.0403,"ambient_bang"
"Luke - Various Opportunistic Recordings/2025-08-27/48/250827_1828",48726.0403,48726.5689,"ambient_background"
"Luke - Various Opportunistic Recordings/2025-08-27/48/250827_1828",48726.5689,48739.9862,"ins_buzz_medium"
"Luke - Various Opportunistic Recordings/2025-08-27/48/250827_1828",48727.3034,48727.6348,"ambient_bang"
"Luke - Various Opportunistic Recordings/2025-08-27/48/250827_1828",48728.7416,48729.3356,"ambient_bang"
"Luke - Various Opportunistic Recordings/2025-08-27/48/250827_1828",48730.0422,48730.63,"ambient_bang"
"Luke - Various Opportunistic Recordings/2025-08-27/48/250827_1828",48731.3741,48731.7618,"ambient_bang"
"Luke - Various Opportunistic Recordings/2025-08-27/48/250827_1828",48732.4525,48733.9344,"mech_auto_beep"
"Luke - Various Opportunistic Recordings/2025-08-27/48/250827_1828",48732.6497,48733.0936,"ambient_bang"
"Luke - Various Opportunistic Recordings/2025-08-27/48/250827_1828",48735.2071,48738.2398,"mech_auto_beep"
"Luke - Various Opportunistic Recordings/2025-08-27/48/250827_1828",48739.9862,48741.1509,"ambient_background"
"Luke - Various Opportunistic Recordings/2025-08-27/48/250827_1828",48741.1509,48748.9311,"ins_buzz_medium"
"Luke - Various Opportunistic Recordings/2025-08-27/48/250827_1828",48748.9311,48749.6389,"ambient_background"
"Luke - Various Opportunistic Recordings/2025-08-27/48/250827_1828",48749.6389,48750.308,"mech_auto_beep"
"Luke - Various Opportunistic Recordings/2025-08-27/48/250827_1828",48750.308,48750.7946,"ambient_background"
"Luke - Various Opportunistic Recordings/2025-08-27/48/250827_1828",48750.7946,48755.8727,"ins_buzz_medium"
"Luke - Various Opportunistic Recordings/2025-08-27/48/250827_1828",48751.4426,48751.8553,"mech_auto_beep"
"Luke - Various Opportunistic Recordings/2025-08-27/48/250827_1828",48755.8727,48756.4784,"ambient_background"
"Luke - Various Opportunistic Recordings/2025-08-27/48/250827_1828",48756.4784,48777.9554,"ins_buzz_medium"
"Luke - Various Opportunistic Recordings/2025-08-27/48/250827_1828",48757.9428,48758.8682,"ambient_bang"
"Luke - Various Opportunistic Recordings/2025-08-27/48/250827_1828",48760.0625,48760.5628,"ambient_bang"
"Luke - Various Opportunistic Recordings/2025-08-27/48/250827_1828",48765.2515,48766.1019,"mech_auto_beep"
"Luke - Various Opportunistic Recordings/2025-08-27/48/250827_1828",48765.8284,48767.1412,"mech_auto_truck"
"Luke - Various Opportunistic Recordings/2025-08-27/48/250827_1828",48766.5521,48767.1274,"mech_auto_beep"
"Luke - Various Opportunistic Recordings/2025-08-27/48/250827_1828",48767.5151,48768.1216,"mech_auto_beep"
"Luke - Various Opportunistic Recordings/2025-08-27/48/250827_1828",48768.6093,48769.1533,"mech_auto_beep"
"Luke - Various Opportunistic Recordings/2025-08-27/48/250827_1828",48771.7342,48773.225,"mech_auto_beep"
"Luke - Various Opportunistic Recordings/2025-08-27/48/250827_1828",48777.9554,48778.8156,"ambient_background"
"Luke - Various Opportunistic Recordings/2025-08-27/48/250827_1828",48778.8156,48781.5643,"mech_auto_beep"
"Luke - Various Opportunistic Recordings/2025-08-27/48/250827_1828",48780.1917,48809.8682,"ins_buzz_medium"
"Luke - Various Opportunistic Recordings/2025-08-27/48/250827_1828",48792.1992,48793.8938,"mech_auto_beep"
"Luke - Various Opportunistic Recordings/2025-08-27/48/250827_1828",48794.4315,48795.6384,"mech_auto_beep"
"Luke - Various Opportunistic Recordings/2025-08-27/48/250827_1828",48796.9577,48797.7769,"mech_auto_beep"
"Luke - Various Opportunistic Recordings/2025-08-27/48/250827_1828",48798.5085,48800.1342,"mech_auto_beep"
"Luke - Various Opportunistic Recordings/2025-08-27/48/250827_1828",48800.2073,48801.0011,"ambient_bang"
"Luke - Various Opportunistic Recordings/2025-08-27/48/250827_1828",48800.7585,48802.5288,"mech_auto_beep"
"Luke - Various Opportunistic Recordings/2025-08-27/48/250827_1828",48808.166,48810.7749,"mech_auto_beep"
"Luke - Various Opportunistic Recordings/2025-08-27/48/250827_1828",48810.7749,48813.1294,"ambient_background"
"Luke - Various Opportunistic Recordings/2025-08-27/48/250827_1828",48813.1294,48826.5933,"ins_buzz_medium"
"Luke - Various Opportunistic Recordings/2025-08-27/48/250827_1828",48818.6949,48821.5367,"mech_auto_beep"
"Luke - Various Opportunistic Recordings/2025-08-27/48/250827_1828",48819.7872,48820.8064,"mech_auto_beep"
"Luke - Various Opportunistic Recordings/2025-08-27/48/250827_1828",48821.513,48854.6803,"mech_auto_beep"
"Luke - Various Opportunistic Recordings/2025-08-27/48/250827_1828",48828.7363,48844.8558,"ins_buzz_medium"
"Luke - Various Opportunistic Recordings/2025-08-27/48/250827_1828",48847.7908,48849.2051,"ins_buzz_medium"
"Luke - Various Opportunistic Recordings/2025-08-27/48/250827_1828",48849.8054,48943.2256,"ins_buzz_medium"
"Luke - Various Opportunistic Recordings/2025-08-27/48/250827_1828",48865.6371,48866.2783,"ambient_bang"
"Luke - Various Opportunistic Recordings/2025-08-27/48/250827_1828",48877.6362,48878.2468,"ambient_bang"
"Luke - Various Opportunistic Recordings/2025-08-27/48/250827_1828",48880.2508,48922.9773,"mech_auto_beep"
"Luke - Various Opportunistic Recordings/2025-08-27/48/250827_1828",48880.7035,48884.5703,"mech_auto_beep"
"Luke - Various Opportunistic Recordings/2025-08-27/48/250827_1828",48889.9279,48905.2087,"mech_auto_beep"
"Luke - Various Opportunistic Recordings/2025-08-27/48/250827_1828",48924.4416,48925.0369,"ambient_bang"
"Luke - Various Opportunistic Recordings/2025-08-27/48/250827_1828",48927.4139,48936.979,"mech_auto_beep"
"Luke - Various Opportunistic Recordings/2025-08-27/48/250827_1828",48934.3136,48986.3611,"mech_plane_jet"
"Luke - Various Opportunistic Recordings/2025-08-27/48/250827_1828",48938.0435,48938.761,"ambient_bang"
"Luke - Various Opportunistic Recordings/2025-08-27/48/250827_1828",48945.3418,48951.0489,"ins_buzz_medium"
"Luke - Various Opportunistic Recordings/2025-08-27/48/250827_1828",48955.2231,48957.6877,"ins_buzz_medium"
"Luke - Various Opportunistic Recordings/2025-08-27/48/250827_1828",48959.832,48962.7437,"ins_buzz_medium"
"Luke - Various Opportunistic Recordings/2025-08-27/48/250827_1828",48962.6687,48966.032,"mech_auto_beep"
"Luke - Various Opportunistic Recordings/2025-08-27/48/250827_1828",48963.8976,48969.4554,"mech_auto_beep"
"Luke - Various Opportunistic Recordings/2025-08-27/48/250827_1828",48967.5823,48968.747,"ins_buzz_medium"
"Luke - Various Opportunistic Recordings/2025-08-27/48/250827_1828",48970.3256,48974.2852,"mech_auto_beep"
"Luke - Various Opportunistic Recordings/2025-08-27/48/250827_1828",48970.3309,48987.0267,"ins_buzz_medium"
"Luke - Various Opportunistic Recordings/2025-08-27/48/250827_1828",48981.4172,48984.8998,"mech_auto_beep"
"Luke - Various Opportunistic Recordings/2025-08-27/48/250827_1828",48987.0704,49020,"mech_auto_beep"
"Luke - Various Opportunistic Recordings/2025-08-27/48/250827_1828",48987.842,49008.8117,"ins_buzz_medium"
"Luke - Various Opportunistic Recordings/2025-08-27/48/250827_1828",49002.9696,49003.4581,"ambient_bang"
"Luke - Various Opportunistic Recordings/2025-08-27/48/250827_1828",49010.8878,49020,"ins_buzz_medium"
"Luke - Various Opportunistic Recordings/2025-08-27/48/250827_1828",49019.411,49019.9148,"ambient_bang"
