source,ident,start,end,label,duration,item
Even Sample,JamesU - MustardBumbler/1_29/240903_1319,103260.0,103560.004,ins_trill,300.004000000001,1
Even Sample,JamesU - MustardBumbler/1_29/240903_1319,103274.3931,103275.1315,ins_buzz_medium,0.738400000002002,2
Even Sample,JamesU - MustardBumbler/1_29/240903_1319,103285.0665,103285.5805,ins_buzz_medium,0.513999999995576,3
Even Sample,JamesU - MustardBumbler/1_29/240903_1319,103288.2909,103289.2816,ins_buzz_medium,0.990699999994831,4
Even Sample,JamesU - MustardBumbler/1_29/240903_1319,103298.2259,103299.1325,ins_buzz_medium,0.906600000002072,5
Even Sample,JamesU - MustardBumbler/1_29/240903_1319,103334.2649,103334.7509,ins_buzz_medium,0.486000000004424,6
Even Sample,JamesU - MustardBumbler/1_29/240903_1319,103349.9104,103350.7796,ins_buzz_medium,0.869200000001001,7
Even Sample,JamesU - MustardBumbler/1_29/240903_1319,103352.5087,103354.2284,ins_buzz_medium,1.71970000000147,8
Even Sample,JamesU - MustardBumbler/1_29/240903_1319,103355.3966,103357.1911,ins_buzz_medium,1.79450000000361,9
Even Sample,JamesU - MustardBumbler/1_29/240903_1319,103358.2659,103359.4716,ins_buzz_medium,1.20570000000589,10
Even Sample,JamesU - MustardBumbler/1_29/240903_1319,103360.088,103360.593,ins_buzz_medium,0.504999999990105,11
Even Sample,JamesU - MustardBumbler/1_29/240903_1319,103361.191,103361.621,ins_buzz_medium,0.429999999993015,12
Even Sample,JamesU - MustardBumbler/1_29/240903_1319,103391.566,103395.847,ins_buzz_medium,4.28099999998813,13
Even Sample,JamesU - MustardBumbler/1_29/240903_1319,103395.847,103399.249,ins_buzz_medium,3.40200000000186,14
Even Sample,JamesU - MustardBumbler/1_29/240903_1319,103399.249,103400.38,ins_buzz_medium,1.1310000000085,15
Even Sample,JamesU - MustardBumbler/1_29/240903_1319,103412.212,103416.867,ins_buzz_medium,4.65499999999884,16
Even Sample,JamesU - MustardBumbler/1_29/240903_1319,103449.803,103450.513,ins_buzz_medium,0.710000000006403,17
Even Sample,JamesU - MustardBumbler/1_29/240903_1319,103465.093,103481.315,mech_auto,16.2220000000088,18
Even Sample,JamesU - MustardBumbler/1_29/240903_1319,103485.433,103486.8,ins_buzz_high,1.36699999999837,19
Even Sample,JamesU - MustardBumbler/1_29/240903_1319,103509.613,103510.307,ins_buzz_medium,0.694000000003143,20
Even Sample,JamesU - MustardBumbler/1_29/240903_1319,103518.991,103520.061,ins_buzz_medium,1.07000000000698,21
Even Sample,JamesU - MustardBumbler/1_29/240903_1319,103535.38,103536.616,ins_buzz_medium,1.23599999998987,22
Even Sample,JamesU - MustardBumbler/1_29/240903_1319,106860.0,107160.03,ins_trill,300.029999999999,23
Even Sample,JamesU - MustardBumbler/1_29/240903_1319,106889.0106,106990.059,mech_plane,101.0484,24
Even Sample,JamesU - MustardBumbler/1_29/240903_1319,107049.396,107050.254,ins_buzz_medium,0.858000000007451,25
Even Sample,JamesU - MustardBumbler/1_29/240903_1319,107075.648,107078.081,ins_buzz_high,2.43300000000454,26
Even Sample,JamesU - MustardBumbler/1_29/240903_1319,107079.451,107082.295,ins_buzz_high,2.84399999999732,27
Even Sample,JamesU - MustardBumbler/1_29/240903_1319,107135.197,107136.386,ins_buzz_medium,1.18899999999849,28
Even Sample,JamesU - MustardBumbler/1_29/240903_1319,107139.003,107140.517,ins_buzz_medium,1.51400000001013,29
Even Sample,JamesU - MustardBumbler/1_29/240903_1319,107143.059,107143.931,ins_buzz_medium,0.872000000003027,30
Even Sample,JamesU - MustardBumbler/1_29/240903_1319,107144.174,107144.561,ins_buzz_medium,0.387000000002445,31
Even Sample,JamesU - MustardBumbler/1_29/240903_1319,107156.408,107157.111,ins_buzz_high,0.703000000008615,32
Even Sample,JamesU - MustardBumbler/1_29/240903_1319,110460.0,110760.004,ins_trill,300.004000000001,33
Even Sample,JamesU - MustardBumbler/1_29/240903_1319,110743.537,110755.016,mech_auto,11.4790000000066,34
Even Sample,JamesU - MustardBumbler/1_29/240903_1319,60060.0,60065.85686,ins_trill,5.85685999999987,35
Even Sample,JamesU - MustardBumbler/1_29/240903_1319,60065.85686,60068.73881,ambient_background,2.88195000000269,36
Even Sample,JamesU - MustardBumbler/1_29/240903_1319,60068.73881,60359.739,ins_trill,291.000189999999,37
Even Sample,JamesU - MustardBumbler/1_29/240903_1319,60183.513,60359.96,mech_auto,176.447,38
Even Sample,JamesU - MustardBumbler/1_29/240903_1319,60184.965,60202.219,mech_hum,17.2540000000008,39
Even Sample,JamesU - MustardBumbler/1_29/240903_1319,60211.771,60213.275,mech_hum,1.50400000000081,40
Even Sample,JamesU - MustardBumbler/1_29/240903_1319,60215.618,60234.722,mech_hum,19.1039999999994,41
Even Sample,JamesU - MustardBumbler/1_29/240903_1319,60236.314,60267.403,mech_hum,31.0889999999999,42
Even Sample,JamesU - MustardBumbler/1_29/240903_1319,60262.981,60268.906,mech_auto,5.92500000000291,43
Even Sample,JamesU - MustardBumbler/1_29/240903_1319,60270.1,60276.822,mech_auto,6.72200000000157,44
Even Sample,JamesU - MustardBumbler/1_29/240903_1319,60277.662,60281.465,mech_auto,3.80299999999988,45
Even Sample,JamesU - MustardBumbler/1_29/240903_1319,60293.399,60305.656,mech_auto,12.2570000000051,46
Even Sample,JamesU - MustardBumbler/1_29/240903_1319,60308.264,60310.962,mech_auto,2.69799999999668,47
Even Sample,JamesU - MustardBumbler/1_29/240903_1319,60319.099,60337.427,mech_auto,18.3280000000013,48
Even Sample,JamesU - MustardBumbler/1_29/240903_1319,63660.0,63660.288087,ambient_background,0.288087000000814,49
Even Sample,JamesU - MustardBumbler/1_29/240903_1319,63660.288087,63660.530687,ins_trill,0.242599999997765,50
Even Sample,JamesU - MustardBumbler/1_29/240903_1319,63660.530687,63661.28915,ambient_background,0.758462999998301,51
Even Sample,JamesU - MustardBumbler/1_29/240903_1319,63661.28915,63661.53575,ins_trill,0.246600000005856,52
Even Sample,JamesU - MustardBumbler/1_29/240903_1319,63661.53575,63662.57762,ambient_background,1.04186999999365,53
Even Sample,JamesU - MustardBumbler/1_29/240903_1319,63662.57762,63708.0651,ins_trill,45.4874800000034,54
Even Sample,JamesU - MustardBumbler/1_29/240903_1319,63704.881,63718.4185,mech_auto,13.5374999999985,55
Even Sample,JamesU - MustardBumbler/1_29/240903_1319,63710.4911,63719.6492,ins_trill,9.15810000000056,56
Even Sample,JamesU - MustardBumbler/1_29/240903_1319,63719.6492,63720.8926,ambient_background,1.24339999999938,57
Even Sample,JamesU - MustardBumbler/1_29/240903_1319,63720.8926,63756.858,ins_trill,35.965400000001,58
Even Sample,JamesU - MustardBumbler/1_29/240903_1319,63756.858,63758.4652,ambient_background,1.60719999999856,59
Even Sample,JamesU - MustardBumbler/1_29/240903_1319,63758.4652,63776.387,ins_trill,17.9218000000037,60
Even Sample,JamesU - MustardBumbler/1_29/240903_1319,63776.387,63777.449,ambient_background,1.06199999999808,61
Even Sample,JamesU - MustardBumbler/1_29/240903_1319,63777.449,63778.844,ins_trill,1.3949999999968,62
Even Sample,JamesU - MustardBumbler/1_29/240903_1319,63778.844,63781.876,ambient_background,3.03199999999924,63
Even Sample,JamesU - MustardBumbler/1_29/240903_1319,63781.876,63791.641,ins_trill,9.76500000000669,64
Even Sample,JamesU - MustardBumbler/1_29/240903_1319,63791.641,63792.914,ambient_background,1.27299999999377,65
Even Sample,JamesU - MustardBumbler/1_29/240903_1319,63792.914,63805.53,ins_trill,12.6160000000018,66
Even Sample,JamesU - MustardBumbler/1_29/240903_1319,63805.53,63807.167,ambient_background,1.63700000000244,67
Even Sample,JamesU - MustardBumbler/1_29/240903_1319,63807.167,63807.501,ins_trill,0.333999999995285,68
Even Sample,JamesU - MustardBumbler/1_29/240903_1319,63807.501,63808.683,ambient_background,1.1820000000007,69
Even Sample,JamesU - MustardBumbler/1_29/240903_1319,63808.683,63811.958,ins_trill,3.27500000000146,70
Even Sample,JamesU - MustardBumbler/1_29/240903_1319,63811.958,63812.777,ambient_background,0.819000000003143,71
Even Sample,JamesU - MustardBumbler/1_29/240903_1319,63812.777,63815.416,ins_trill,2.63899999999558,72
Even Sample,JamesU - MustardBumbler/1_29/240903_1319,63815.416,63816.447,ambient_background,1.03100000000268,73
Even Sample,JamesU - MustardBumbler/1_29/240903_1319,63816.447,63825.483,ins_trill,9.03600000000006,74
Even Sample,JamesU - MustardBumbler/1_29/240903_1319,63825.483,63826.636,ambient_background,1.15299999999843,75
Even Sample,JamesU - MustardBumbler/1_29/240903_1319,63826.636,63829.941,ins_trill,3.30500000000029,76
Even Sample,JamesU - MustardBumbler/1_29/240903_1319,63829.941,63832.367,ambient_background,2.42599999999948,77
Even Sample,JamesU - MustardBumbler/1_29/240903_1319,63832.367,63832.731,ins_trill,0.364000000001397,78
Even Sample,JamesU - MustardBumbler/1_29/240903_1319,63832.731,63833.58,ambient_background,0.849000000001979,79
Even Sample,JamesU - MustardBumbler/1_29/240903_1319,63833.58,63833.974,ins_trill,0.394000000000233,80
Even Sample,JamesU - MustardBumbler/1_29/240903_1319,63833.974,63835.302,ambient_background,1.32800000000134,81
Even Sample,JamesU - MustardBumbler/1_29/240903_1319,63835.302,63835.481,ins_trill,0.178999999996449,82
Even Sample,JamesU - MustardBumbler/1_29/240903_1319,63835.481,63836.514,ambient_background,1.03300000000309,83
Even Sample,JamesU - MustardBumbler/1_29/240903_1319,63836.514,63836.756,ins_trill,0.24199999999837,84
Even Sample,JamesU - MustardBumbler/1_29/240903_1319,63836.756,63837.814,ambient_background,1.05799999999726,85
Even Sample,JamesU - MustardBumbler/1_29/240903_1319,63837.814,63838.031,ins_trill,0.217000000004191,86
Even Sample,JamesU - MustardBumbler/1_29/240903_1319,63838.031,63838.935,ambient_background,0.903999999994994,87
Even Sample,JamesU - MustardBumbler/1_29/240903_1319,63838.935,63844.749,ins_trill,5.81400000000576,88
Even Sample,JamesU - MustardBumbler/1_29/240903_1319,63844.749,63846.393,ambient_background,1.64399999999296,89
Even Sample,JamesU - MustardBumbler/1_29/240903_1319,63846.393,63846.699,ins_trill,0.306000000004133,90
Even Sample,JamesU - MustardBumbler/1_29/240903_1319,63846.699,63847.707,ambient_background,1.00800000000163,91
Even Sample,JamesU - MustardBumbler/1_29/240903_1319,63847.707,63850.219,ins_trill,2.51199999999517,92
Even Sample,JamesU - MustardBumbler/1_29/240903_1319,63850.219,63851.596,ambient_background,1.37700000000041,93
Even Sample,JamesU - MustardBumbler/1_29/240903_1319,63851.596,63851.876,ins_trill,0.279999999998836,94
Even Sample,JamesU - MustardBumbler/1_29/240903_1319,63851.876,63853.138,ambient_background,1.26200000000244,95
Even Sample,JamesU - MustardBumbler/1_29/240903_1319,63853.138,63853.381,ins_trill,0.243000000002212,96
Even Sample,JamesU - MustardBumbler/1_29/240903_1319,63853.381,63854.847,ambient_background,1.46600000000035,97
Even Sample,JamesU - MustardBumbler/1_29/240903_1319,63854.847,63855.102,ins_trill,0.254999999997381,98
Even Sample,JamesU - MustardBumbler/1_29/240903_1319,63855.102,63855.918,ambient_background,0.815999999998894,99
Even Sample,JamesU - MustardBumbler/1_29/240903_1319,63855.918,63856.135,ins_trill,0.217000000004191,100
Even Sample,JamesU - MustardBumbler/1_29/240903_1319,63856.135,63858.672,ambient_background,2.53699999999662,101
Even Sample,JamesU - MustardBumbler/1_29/240903_1319,63858.672,63858.927,ins_trill,0.255000000004657,102
Even Sample,JamesU - MustardBumbler/1_29/240903_1319,63858.927,63859.666,ambient_background,0.738999999994121,103
Even Sample,JamesU - MustardBumbler/1_29/240903_1319,63859.666,63859.972,ins_trill,0.306000000004133,104
Even Sample,JamesU - MustardBumbler/1_29/240903_1319,63859.972,63860.916,ambient_background,0.943999999995867,105
Even Sample,JamesU - MustardBumbler/1_29/240903_1319,63860.916,63878.23,ins_trill,17.3140000000058,106
Even Sample,JamesU - MustardBumbler/1_29/240903_1319,63878.23,63879.046,ambient_background,0.815999999998894,107
Even Sample,JamesU - MustardBumbler/1_29/240903_1319,63879.046,63879.327,ins_trill,0.280999999995402,108
Even Sample,JamesU - MustardBumbler/1_29/240903_1319,63879.327,63880.423,ambient_background,1.09600000000501,109
Even Sample,JamesU - MustardBumbler/1_29/240903_1319,63880.423,63880.78,ins_trill,0.356999999996333,110
Even Sample,JamesU - MustardBumbler/1_29/240903_1319,63880.78,63882.871,ambient_background,2.09100000000035,111
Even Sample,JamesU - MustardBumbler/1_29/240903_1319,63882.871,63883.126,ins_trill,0.254999999997381,112
Even Sample,JamesU - MustardBumbler/1_29/240903_1319,63883.126,63884.108,ambient_background,0.982000000003609,113
Even Sample,JamesU - MustardBumbler/1_29/240903_1319,63884.108,63885.434,ins_trill,1.32600000000093,114
Even Sample,JamesU - MustardBumbler/1_29/240903_1319,63885.434,63887.066,ambient_background,1.63199999999779,115
Even Sample,JamesU - MustardBumbler/1_29/240903_1319,63887.066,63888.392,ins_trill,1.32600000000093,116
Even Sample,JamesU - MustardBumbler/1_29/240903_1319,63888.392,63889.757,ambient_background,1.36499999999796,117
Even Sample,JamesU - MustardBumbler/1_29/240903_1319,63889.757,63891.197,ins_trill,1.44000000000233,118
Even Sample,JamesU - MustardBumbler/1_29/240903_1319,63891.197,63892.498,ambient_background,1.30099999999948,119
Even Sample,JamesU - MustardBumbler/1_29/240903_1319,63892.498,63892.74,ins_trill,0.24199999999837,120
Even Sample,JamesU - MustardBumbler/1_29/240903_1319,63892.74,63893.658,ambient_background,0.918000000005122,121
Even Sample,JamesU - MustardBumbler/1_29/240903_1319,63893.658,63895.022,ins_trill,1.36399999999412,122
Even Sample,JamesU - MustardBumbler/1_29/240903_1319,63895.022,63896.157,ambient_background,1.13500000000204,123
Even Sample,JamesU - MustardBumbler/1_29/240903_1319,63896.157,63909.545,ins_trill,13.387999999999,124
Even Sample,JamesU - MustardBumbler/1_29/240903_1319,63909.545,63910.692,ambient_background,1.14700000000448,125
Even Sample,JamesU - MustardBumbler/1_29/240903_1319,63910.692,63921.058,ins_trill,10.3659999999945,126
Even Sample,JamesU - MustardBumbler/1_29/240903_1319,63921.058,63922.741,ambient_background,1.68300000000454,127
Even Sample,JamesU - MustardBumbler/1_29/240903_1319,63922.741,63926.171,ins_trill,3.43000000000029,128
Even Sample,JamesU - MustardBumbler/1_29/240903_1319,63926.171,63927.216,ambient_background,1.04499999999825,129
Even Sample,JamesU - MustardBumbler/1_29/240903_1319,63927.216,63930.748,ins_trill,3.53199999999924,130
Even Sample,JamesU - MustardBumbler/1_29/240903_1319,63930.748,63932.724,ambient_background,1.97600000000239,131
Even Sample,JamesU - MustardBumbler/1_29/240903_1319,63932.724,63932.916,ins_trill,0.19199999999546,132
Even Sample,JamesU - MustardBumbler/1_29/240903_1319,63932.916,63933.961,ambient_background,1.04500000000553,133
Even Sample,JamesU - MustardBumbler/1_29/240903_1319,63933.961,63934.152,ins_trill,0.190999999998894,134
Even Sample,JamesU - MustardBumbler/1_29/240903_1319,63934.152,63935.147,ambient_background,0.994999999995343,135
Even Sample,JamesU - MustardBumbler/1_29/240903_1319,63935.147,63954.272,ins_trill,19.125,136
Even Sample,JamesU - MustardBumbler/1_29/240903_1319,63954.272,63955.572,ambient_background,1.30000000000291,137
Even Sample,JamesU - MustardBumbler/1_29/240903_1319,63955.572,63956.656,ins_trill,1.08400000000256,138
Even Sample,JamesU - MustardBumbler/1_29/240903_1319,63956.656,63958.02,ambient_background,1.36399999999412,139
Even Sample,JamesU - MustardBumbler/1_29/240903_1319,63958.02,63958.25,ins_trill,0.230000000003201,140
Even Sample,JamesU - MustardBumbler/1_29/240903_1319,63958.25,63959.257,ambient_background,1.00699999999779,141
Even Sample,JamesU - MustardBumbler/1_29/240903_1319,63959.257,63959.487,ins_trill,0.230000000003201,142
Even Sample,JamesU - MustardBumbler/1_29/240903_1319,63959.487,63960.0,ambient_background,0.51299999999901,143
Even Sample,JamesU - MustardBumbler/1_29/240903_1319,70860.0,70861.54887,ambient_background,1.54886999999871,144
Even Sample,JamesU - MustardBumbler/1_29/240903_1319,70861.54887,70905.5853,mech_auto,44.0364300000074,145
Even Sample,JamesU - MustardBumbler/1_29/240903_1319,70905.5853,70919.7696,ambient_background,14.1842999999935,146
Even Sample,JamesU - MustardBumbler/1_29/240903_1319,70919.7696,70926.1102,ins_buzz_medium,6.3405999999959,147
Even Sample,JamesU - MustardBumbler/1_29/240903_1319,70926.1102,70926.6511,ambient_background,0.540900000007241,148
Even Sample,JamesU - MustardBumbler/1_29/240903_1319,70926.6511,70927.5826,ins_buzz_medium,0.931499999991502,149
Even Sample,JamesU - MustardBumbler/1_29/240903_1319,70927.5826,70934.2838,ambient_background,6.70120000001043,150
Even Sample,JamesU - MustardBumbler/1_29/240903_1319,70934.2838,70941.5108,mech_auto,7.22699999999895,151
Even Sample,JamesU - MustardBumbler/1_29/240903_1319,70941.5108,70942.217,ambient_background,0.706200000000536,152
Even Sample,JamesU - MustardBumbler/1_29/240903_1319,70942.217,70953.1853,ins_buzz_medium,10.9682999999932,153
Even Sample,JamesU - MustardBumbler/1_29/240903_1319,70950.8414,70952.1486,ins_buzz_medium,1.30719999999565,154
Even Sample,JamesU - MustardBumbler/1_29/240903_1319,70953.1853,70955.4841,ambient_background,2.29880000000412,155
Even Sample,JamesU - MustardBumbler/1_29/240903_1319,70955.4841,70957.2921,ins_buzz_medium,1.80800000000454,156
Even Sample,JamesU - MustardBumbler/1_29/240903_1319,70957.2921,70958.1587,ambient_background,0.866599999993923,157
Even Sample,JamesU - MustardBumbler/1_29/240903_1319,70958.1587,70961.527,ins_buzz_medium,3.36830000000191,158
Even Sample,JamesU - MustardBumbler/1_29/240903_1319,70961.527,70961.847,ambient_background,0.319999999992433,159
Even Sample,JamesU - MustardBumbler/1_29/240903_1319,70961.847,70962.785,ins_buzz_medium,0.938000000009197,160
Even Sample,JamesU - MustardBumbler/1_29/240903_1319,70962.785,70964.268,ambient_background,1.4829999999929,161
Even Sample,JamesU - MustardBumbler/1_29/240903_1319,70964.268,70965.215,ins_buzz_medium,0.947000000000116,162
Even Sample,JamesU - MustardBumbler/1_29/240903_1319,70965.215,70968.565,ambient_background,3.35000000000582,163
Even Sample,JamesU - MustardBumbler/1_29/240903_1319,70968.565,70971.576,ins_buzz_medium,3.0109999999986,164
Even Sample,JamesU - MustardBumbler/1_29/240903_1319,70971.576,70978.321,ambient_background,6.74499999999534,165
Even Sample,JamesU - MustardBumbler/1_29/240903_1319,70978.321,70979.483,ins_buzz_medium,1.16199999999662,166
Even Sample,JamesU - MustardBumbler/1_29/240903_1319,70979.483,70981.484,ambient_background,2.00100000000384,167
Even Sample,JamesU - MustardBumbler/1_29/240903_1319,70981.484,70982.967,ins_buzz_medium,1.48300000000745,168
Even Sample,JamesU - MustardBumbler/1_29/240903_1319,70982.967,70983.369,ambient_background,0.402000000001863,169
Even Sample,JamesU - MustardBumbler/1_29/240903_1319,70983.369,70984.959,ins_buzz_medium,1.58999999999651,170
Even Sample,JamesU - MustardBumbler/1_29/240903_1319,70984.959,70985.489,ambient_background,0.529999999998836,171
Even Sample,JamesU - MustardBumbler/1_29/240903_1319,70985.489,70997.915,mech_auto,12.4259999999922,172
Even Sample,JamesU - MustardBumbler/1_29/240903_1319,70995.917,70996.457,ins_buzz_medium,0.539999999993597,173
Even Sample,JamesU - MustardBumbler/1_29/240903_1319,70996.728,70997.149,ins_buzz_medium,0.421000000002095,174
Even Sample,JamesU - MustardBumbler/1_29/240903_1319,70997.359,70997.975,ins_buzz_medium,0.61600000000908,175
Even Sample,JamesU - MustardBumbler/1_29/240903_1319,70997.975,70998.471,ambient_background,0.495999999999185,176
Even Sample,JamesU - MustardBumbler/1_29/240903_1319,70998.471,71000.95,ins_buzz_medium,2.47899999999208,177
Even Sample,JamesU - MustardBumbler/1_29/240903_1319,71000.95,71003.805,ambient_background,2.85499999999593,178
Even Sample,JamesU - MustardBumbler/1_29/240903_1319,71003.805,71015.524,ins_buzz_medium,11.7190000000119,179
Even Sample,JamesU - MustardBumbler/1_29/240903_1319,71012.307,71013.881,ins_buzz_medium,1.57399999999325,180
Even Sample,JamesU - MustardBumbler/1_29/240903_1319,71015.524,71016.316,ambient_background,0.792000000001281,181
Even Sample,JamesU - MustardBumbler/1_29/240903_1319,71016.316,71016.88,ins_buzz_medium,0.563999999998487,182
Even Sample,JamesU - MustardBumbler/1_29/240903_1319,71016.88,71019.145,ambient_background,2.26499999999942,183
Even Sample,JamesU - MustardBumbler/1_29/240903_1319,71019.145,71021.745,ins_buzz_medium,2.59999999999127,184
Even Sample,JamesU - MustardBumbler/1_29/240903_1319,71021.745,71022.165,ambient_background,0.419999999998254,185
Even Sample,JamesU - MustardBumbler/1_29/240903_1319,71022.165,71023.247,ins_buzz_medium,1.08200000000943,186
Even Sample,JamesU - MustardBumbler/1_29/240903_1319,71023.247,71025.786,ambient_background,2.53899999998976,187
Even Sample,JamesU - MustardBumbler/1_29/240903_1319,71025.786,71027.469,ins_buzz_medium,1.68300000000454,188
Even Sample,JamesU - MustardBumbler/1_29/240903_1319,71027.394,71028.731,ins_buzz_medium,1.33699999999953,189
Even Sample,JamesU - MustardBumbler/1_29/240903_1319,71028.731,71031.721,ambient_background,2.99000000000524,190
Even Sample,JamesU - MustardBumbler/1_29/240903_1319,71031.721,71038.558,ins_buzz_medium,6.83699999999953,191
Even Sample,JamesU - MustardBumbler/1_29/240903_1319,71038.558,71041.968,ins_buzz_medium,3.40999999998894,192
Even Sample,JamesU - MustardBumbler/1_29/240903_1319,71041.968,71044.568,ins_buzz_medium,2.60000000000582,193
Even Sample,JamesU - MustardBumbler/1_29/240903_1319,71044.568,71045.995,ins_buzz_medium,1.42699999999604,194
Even Sample,JamesU - MustardBumbler/1_29/240903_1319,71045.995,71048.594,ins_buzz_medium,2.59900000000198,195
Even Sample,JamesU - MustardBumbler/1_29/240903_1319,71048.594,71052.531,ambient_background,3.93700000000536,196
Even Sample,JamesU - MustardBumbler/1_29/240903_1319,71052.531,71054.274,ins_buzz_medium,1.74300000000221,197
Even Sample,JamesU - MustardBumbler/1_29/240903_1319,71054.274,71054.649,ambient_background,0.375,198
Even Sample,JamesU - MustardBumbler/1_29/240903_1319,71054.649,71056.753,ins_buzz_medium,2.10399999999208,199
Even Sample,JamesU - MustardBumbler/1_29/240903_1319,71056.753,71059.337,ambient_background,2.58400000000256,200
Even Sample,JamesU - MustardBumbler/1_29/240903_1319,71059.337,71060.765,ins_buzz_medium,1.42799999999988,201
Even Sample,JamesU - MustardBumbler/1_29/240903_1319,71060.765,71062.357,ambient_background,1.59200000000419,202
Even Sample,JamesU - MustardBumbler/1_29/240903_1319,71062.357,71066.775,ins_buzz_medium,4.41799999999057,203
Even Sample,JamesU - MustardBumbler/1_29/240903_1319,71066.775,71067.917,ambient_background,1.1420000000071,204
Even Sample,JamesU - MustardBumbler/1_29/240903_1319,71067.917,71069.84,ins_buzz_medium,1.92299999999523,205
Even Sample,JamesU - MustardBumbler/1_29/240903_1319,71069.84,71073.641,ins_buzz_medium,3.80100000000675,206
Even Sample,JamesU - MustardBumbler/1_29/240903_1319,71073.641,71079.034,ambient_background,5.39299999999639,207
Even Sample,JamesU - MustardBumbler/1_29/240903_1319,71079.034,71081.302,ins_buzz_medium,2.26799999999639,208
Even Sample,JamesU - MustardBumbler/1_29/240903_1319,71081.302,71084.609,ambient_background,3.3070000000007,209
Even Sample,JamesU - MustardBumbler/1_29/240903_1319,71084.609,71086.352,ins_buzz_medium,1.74300000000221,210
Even Sample,JamesU - MustardBumbler/1_29/240903_1319,71086.352,71090.018,ambient_background,3.66599999999744,211
Even Sample,JamesU - MustardBumbler/1_29/240903_1319,71090.018,71096.344,ins_buzz_medium,6.32600000000093,212
Even Sample,JamesU - MustardBumbler/1_29/240903_1319,71096.344,71097.982,ambient_background,1.63800000000629,213
Even Sample,JamesU - MustardBumbler/1_29/240903_1319,71097.982,71099.078,ins_buzz_medium,1.09599999999045,214
Even Sample,JamesU - MustardBumbler/1_29/240903_1319,71099.078,71101.528,ambient_background,2.45000000001164,215
Even Sample,JamesU - MustardBumbler/1_29/240903_1319,71101.528,71102.294,ins_buzz_medium,0.765999999988708,216
Even Sample,JamesU - MustardBumbler/1_29/240903_1319,71102.294,71104.713,ambient_background,2.41900000000896,217
Even Sample,JamesU - MustardBumbler/1_29/240903_1319,71104.713,71106.2,ins_buzz_medium,1.48699999999371,218
Even Sample,JamesU - MustardBumbler/1_29/240903_1319,71106.2,71109.22,ambient_background,3.02000000000407,219
Even Sample,JamesU - MustardBumbler/1_29/240903_1319,71109.22,71112.03,ins_buzz_medium,2.80999999999767,220
Even Sample,JamesU - MustardBumbler/1_29/240903_1319,71112.03,71114.735,ambient_background,2.70500000000175,221
Even Sample,JamesU - MustardBumbler/1_29/240903_1319,71114.735,71114.96,ins_buzz_medium,0.225000000005821,222
Even Sample,JamesU - MustardBumbler/1_29/240903_1319,71114.96,71116.403,ambient_background,1.4429999999993,223
Even Sample,JamesU - MustardBumbler/1_29/240903_1319,71116.403,71116.94,ins_buzz_medium,0.536999999996624,224
Even Sample,JamesU - MustardBumbler/1_29/240903_1319,71116.94,71125.507,ambient_background,8.56699999999546,225
Even Sample,JamesU - MustardBumbler/1_29/240903_1319,71125.507,71126.289,ins_buzz_medium,0.782000000006519,226
Even Sample,JamesU - MustardBumbler/1_29/240903_1319,71126.289,71127.416,ambient_background,1.12699999999313,227
Even Sample,JamesU - MustardBumbler/1_29/240903_1319,71127.416,71128.543,ins_buzz_medium,1.12700000000768,228
Even Sample,JamesU - MustardBumbler/1_29/240903_1319,71128.543,71130.766,ins_buzz_medium,2.22299999999814,229
Even Sample,JamesU - MustardBumbler/1_29/240903_1319,71130.766,71131.187,ambient_background,0.421000000002095,230
Even Sample,JamesU - MustardBumbler/1_29/240903_1319,71131.187,71133.005,ins_buzz_medium,1.8179999999993,231
Even Sample,JamesU - MustardBumbler/1_29/240903_1319,71133.005,71135.394,ambient_background,2.38899999999558,232
Even Sample,JamesU - MustardBumbler/1_29/240903_1319,71135.394,71137.362,ins_buzz_medium,1.96799999999348,233
Even Sample,JamesU - MustardBumbler/1_29/240903_1319,71137.362,71140.608,ins_buzz_medium,3.24599999999919,234
Even Sample,JamesU - MustardBumbler/1_29/240903_1319,71140.608,71144.108,ambient_background,3.5,235
Even Sample,JamesU - MustardBumbler/1_29/240903_1319,71144.108,71146.978,ins_buzz_medium,2.8700000000099,236
Even Sample,JamesU - MustardBumbler/1_29/240903_1319,71146.978,71160.0,ambient_background,13.0219999999972,237
Even Sample,JamesU - MustardBumbler/1_29/240903_1319,74460.0,74760.004,ins_buzz_medium,300.004000000001,238
Even Sample,JamesU - MustardBumbler/1_29/240903_1319,74471.0725,74472.4697,ins_buzz_medium,1.39720000000671,239
Even Sample,JamesU - MustardBumbler/1_29/240903_1319,74472.8453,74474.0322,ins_trill,1.18690000000061,240
Even Sample,JamesU - MustardBumbler/1_29/240903_1319,74488.3348,74490.7987,ins_buzz_medium,2.46390000000247,241
Even Sample,JamesU - MustardBumbler/1_29/240903_1319,74489.0709,74490.6033,ins_trill,1.53239999999641,242
Even Sample,JamesU - MustardBumbler/1_29/240903_1319,74495.2907,74499.8429,ins_buzz_medium,4.55220000000554,243
Even Sample,JamesU - MustardBumbler/1_29/240903_1319,74495.6946,74606.348,mech_plane,110.653399999996,244
Even Sample,JamesU - MustardBumbler/1_29/240903_1319,74497.319,74499.3622,ins_trill,2.04320000000007,245
Even Sample,JamesU - MustardBumbler/1_29/240903_1319,74513.0037,74514.2056,ins_trill,1.20190000000002,247
Even Sample,JamesU - MustardBumbler/1_29/240903_1319,74516.0544,74517.0651,ins_buzz_medium,1.01070000001346,248
Even Sample,JamesU - MustardBumbler/1_29/240903_1319,74531.3928,74532.2341,ins_trill,0.841300000000047,249
Even Sample,JamesU - MustardBumbler/1_29/240903_1319,74533.9938,74535.2698,ins_buzz_medium,1.27599999999802,250
Even Sample,JamesU - MustardBumbler/1_29/240903_1319,74534.097,74535.5994,ins_trill,1.50240000001213,251
Even Sample,JamesU - MustardBumbler/1_29/240903_1319,74541.9781,74543.3805,ins_buzz_medium,1.40240000000631,252
Even Sample,JamesU - MustardBumbler/1_29/240903_1319,74544.4334,74546.2362,ins_trill,1.80280000000494,253
Even Sample,JamesU - MustardBumbler/1_29/240903_1319,74557.5942,74559.397,ins_trill,1.80279999999038,254
Even Sample,JamesU - MustardBumbler/1_29/240903_1319,74573.039,74574.18,ins_trill,1.14099999998871,256
Even Sample,JamesU - MustardBumbler/1_29/240903_1319,74576.344,74582.053,ins_trill,5.70900000000256,257
Even Sample,JamesU - MustardBumbler/1_29/240903_1319,74577.999,74579.232,ins_buzz_medium,1.23300000000745,258
Even Sample,JamesU - MustardBumbler/1_29/240903_1319,74586.2,74586.817,ins_buzz_medium,0.61699999999837,259
Even Sample,JamesU - MustardBumbler/1_29/240903_1319,74592.494,74593.321,ins_buzz_medium,0.826999999990221,260
Even Sample,JamesU - MustardBumbler/1_29/240903_1319,74594.583,74595.063,ins_buzz_medium,0.479999999995925,261
Even Sample,JamesU - MustardBumbler/1_29/240903_1319,74596.441,74597.286,ins_buzz_medium,0.844999999986612,262
Even Sample,JamesU - MustardBumbler/1_29/240903_1319,74598.71,74600.723,ins_buzz_medium,2.01299999999173,263
Even Sample,JamesU - MustardBumbler/1_29/240903_1319,74611.633,74612.95,ins_buzz_medium,1.31699999999546,264
Even Sample,JamesU - MustardBumbler/1_29/240903_1319,74634.621,74638.031,ins_buzz_medium,3.41000000000349,265
Even Sample,JamesU - MustardBumbler/1_29/240903_1319,74638.362,74642.779,ins_trill,4.41700000000128,266
Even Sample,JamesU - MustardBumbler/1_29/240903_1319,74640.074,74642.779,ins_buzz_medium,2.70500000000175,267
Even Sample,JamesU - MustardBumbler/1_29/240903_1319,74643.83,74645.137,ins_buzz_medium,1.3070000000007,268
Even Sample,JamesU - MustardBumbler/1_29/240903_1319,74645.766,74646.472,ins_buzz_medium,0.705999999991036,269
Even Sample,JamesU - MustardBumbler/1_29/240903_1319,74649.78,74652.244,ins_trill,2.46400000000722,270
Even Sample,JamesU - MustardBumbler/1_29/240903_1319,74650.351,74651.312,ins_buzz_medium,0.961000000010245,271
Even Sample,JamesU - MustardBumbler/1_29/240903_1319,74653.446,74655.158,ins_buzz_medium,1.71199999999953,272
Even Sample,JamesU - MustardBumbler/1_29/240903_1319,74656.315,74658.268,ins_buzz_medium,1.95299999999406,273
Even Sample,JamesU - MustardBumbler/1_29/240903_1319,74677.799,74679.467,ins_buzz_medium,1.66800000000512,274
Even Sample,JamesU - MustardBumbler/1_29/240903_1319,74682.366,74683.463,ins_buzz_medium,1.09700000000885,275
Even Sample,JamesU - MustardBumbler/1_29/240903_1319,74683.463,74686.678,ins_trill,3.21499999999651,276
Even Sample,JamesU - MustardBumbler/1_29/240903_1319,74684.214,74685.356,ins_buzz_medium,1.14199999999255,277
Even Sample,JamesU - MustardBumbler/1_29/240903_1319,74685.972,74688.526,ins_buzz_medium,2.55400000000373,278
Even Sample,JamesU - MustardBumbler/1_29/240903_1319,74691.38,74693.003,ins_buzz_medium,1.62299999999232,279
Even Sample,JamesU - MustardBumbler/1_29/240903_1319,74693.529,74694.746,ins_buzz_medium,1.21700000000419,280
Even Sample,JamesU - MustardBumbler/1_29/240903_1319,74695.182,74696.263,ins_buzz_medium,1.08100000000559,281
Even Sample,JamesU - MustardBumbler/1_29/240903_1319,74695.993,74699.959,ins_trill,3.96600000000035,282
Even Sample,JamesU - MustardBumbler/1_29/240903_1319,74699.358,74700.395,ins_buzz_medium,1.03700000001118,283
Even Sample,JamesU - MustardBumbler/1_29/240903_1319,74701.476,74703.219,ins_buzz_medium,1.74300000000221,284
Even Sample,JamesU - MustardBumbler/1_29/240903_1319,74705.653,74707.636,ins_buzz_medium,1.9829999999929,285
Even Sample,JamesU - MustardBumbler/1_29/240903_1319,74708.387,74711.077,ins_buzz_medium,2.69000000000233,286
Even Sample,JamesU - MustardBumbler/1_29/240903_1319,74709.394,74711.497,ins_trill,2.10300000000279,287
Even Sample,JamesU - MustardBumbler/1_29/240903_1319,74716.26,74718.168,ins_buzz_medium,1.90800000001036,288
Even Sample,JamesU - MustardBumbler/1_29/240903_1319,74718.168,74720.091,ins_trill,1.92299999999523,289
Even Sample,JamesU - MustardBumbler/1_29/240903_1319,74725.815,74728.204,ins_buzz_medium,2.38899999999558,290
Even Sample,JamesU - MustardBumbler/1_29/240903_1319,74728.985,74731.148,ins_trill,2.16300000000047,291
Even Sample,JamesU - MustardBumbler/1_29/240903_1319,74736.151,74737.308,ins_buzz_medium,1.15700000000652,292
Even Sample,JamesU - MustardBumbler/1_29/240903_1319,74738.795,74741.124,ins_buzz_medium,2.3289999999979,293
Even Sample,JamesU - MustardBumbler/1_29/240903_1319,74739.502,74741.485,ins_trill,1.98300000000745,294
Even Sample,JamesU - MustardBumbler/1_29/240903_1319,74745.932,74748.576,ins_trill,2.64400000000023,295
Even Sample,JamesU - MustardBumbler/1_29/240903_1319,74754.15,74755.667,ins_buzz_medium,1.5170000000071,296
Even Sample,JamesU - MustardBumbler/1_29/240903_1319,74757.77,74758.972,ins_buzz_medium,1.20199999999022,297
Even Sample,JamesU - MustardBumbler/1_29/240903_1319,78060.0,78360.03,ins_buzz_medium,300.029999999999,298
Even Sample,JamesU - MustardBumbler/1_29/240903_1319,78066.37458,78067.98948,ins_trill,1.61490000000049,299
Even Sample,JamesU - MustardBumbler/1_29/240903_1319,78074.619,78075.7983,ins_buzz_medium,1.17929999998887,300
Even Sample,JamesU - MustardBumbler/1_29/240903_1319,78076.4464,78078.4013,ins_trill,1.954899999997,301
Even Sample,JamesU - MustardBumbler/1_29/240903_1319,78076.5102,78078.4013,ins_buzz_medium,1.89109999999346,302
Even Sample,JamesU - MustardBumbler/1_29/240903_1319,78083.1397,78084.3934,ins_buzz_medium,1.25370000000112,303
Even Sample,JamesU - MustardBumbler/1_29/240903_1319,78086.6883,78087.7082,ins_trill,1.01989999999932,304
Even Sample,JamesU - MustardBumbler/1_29/240903_1319,78094.8052,78096.5051,ins_trill,1.69989999999234,305
Even Sample,JamesU - MustardBumbler/1_29/240903_1319,78099.618,78100.2024,ins_buzz_medium,0.584399999992456,306
Even Sample,JamesU - MustardBumbler/1_29/240903_1319,78100.8938,78102.1258,ins_buzz_medium,1.23199999998906,307
Even Sample,JamesU - MustardBumbler/1_29/240903_1319,78102.9328,78104.6433,ins_buzz_medium,1.71050000000105,308
Even Sample,JamesU - MustardBumbler/1_29/240903_1319,78104.8798,78106.0968,ins_trill,1.21700000000419,309
Even Sample,JamesU - MustardBumbler/1_29/240903_1319,78106.5238,78109.1799,ins_buzz_medium,2.65610000000743,310
Even Sample,JamesU - MustardBumbler/1_29/240903_1319,78114.3906,78116.3139,ins_trill,1.92329999999492,311
Even Sample,JamesU - MustardBumbler/1_29/240903_1319,78115.5545,78118.2106,ins_buzz_medium,2.65610000000743,312
Even Sample,JamesU - MustardBumbler/1_29/240903_1319,78120.1123,78120.9835,ins_buzz_medium,0.871200000008685,313
Even Sample,JamesU - MustardBumbler/1_29/240903_1319,78121.3979,78121.7379,ins_buzz_medium,0.339999999996508,314
Even Sample,JamesU - MustardBumbler/1_29/240903_1319,78123.1721,78130.7379,ins_buzz_medium,7.56579999999667,315
Even Sample,JamesU - MustardBumbler/1_29/240903_1319,78125.2988,78127.3272,ins_trill,2.0283999999956,316
Even Sample,JamesU - MustardBumbler/1_29/240903_1319,78131.5042,78133.4724,ins_trill,1.96820000000298,317
Even Sample,JamesU - MustardBumbler/1_29/240903_1319,78134.4416,78135.7088,ins_buzz_medium,1.2671999999875,318
Even Sample,JamesU - MustardBumbler/1_29/240903_1319,78135.9816,78138.5659,ins_trill,2.58430000000226,319
Even Sample,JamesU - MustardBumbler/1_29/240903_1319,78137.7912,78139.1192,ins_buzz_medium,1.32799999999406,320
Even Sample,JamesU - MustardBumbler/1_29/240903_1319,78141.1378,78142.5509,ins_buzz_medium,1.41310000000522,321
Even Sample,JamesU - MustardBumbler/1_29/240903_1319,78143.389,78144.8765,ins_trill,1.48750000000291,322
Even Sample,JamesU - MustardBumbler/1_29/240903_1319,78145.2919,78145.8657,ins_buzz_medium,0.5737999999983,323
Even Sample,JamesU - MustardBumbler/1_29/240903_1319,78147.2043,78148.8936,ins_buzz_medium,1.68929999999818,324
Even Sample,JamesU - MustardBumbler/1_29/240903_1319,78150.8378,78152.5483,ins_buzz_medium,1.71050000000105,325
Even Sample,JamesU - MustardBumbler/1_29/240903_1319,78151.1118,78153.9816,ins_trill,2.8698000000004,326
Even Sample,JamesU - MustardBumbler/1_29/240903_1319,78153.3431,78155.4488,ins_buzz_medium,2.10570000000007,327
Even Sample,JamesU - MustardBumbler/1_29/240903_1319,78157.2549,78161.951,ins_buzz_medium,4.69610000000102,328
Even Sample,JamesU - MustardBumbler/1_29/240903_1319,78159.3756,78162.065,ins_trill,2.68940000000293,329
Even Sample,JamesU - MustardBumbler/1_29/240903_1319,78165.356,78166.723,ins_buzz_medium,1.36699999999837,330
Even Sample,JamesU - MustardBumbler/1_29/240903_1319,78170.397,78172.533,ins_buzz_medium,2.1359999999986,331
Even Sample,JamesU - MustardBumbler/1_29/240903_1319,78170.795,78172.042,ins_trill,1.24700000000303,332
Even Sample,JamesU - MustardBumbler/1_29/240903_1319,78175.528,78177.721,ins_buzz_medium,2.1929999999993,333
Even Sample,JamesU - MustardBumbler/1_29/240903_1319,78176.835,78179.539,ins_trill,2.7039999999979,334
Even Sample,JamesU - MustardBumbler/1_29/240903_1319,78179.539,78183.741,ins_buzz_medium,4.20199999999022,335
Even Sample,JamesU - MustardBumbler/1_29/240903_1319,78186.982,78188.427,ins_buzz_medium,1.44499999999243,336
Even Sample,JamesU - MustardBumbler/1_29/240903_1319,78188.644,78191.725,ins_trill,3.08100000000559,337
Even Sample,JamesU - MustardBumbler/1_29/240903_1319,78189.088,78189.929,ins_buzz_medium,0.841000000000349,338
Even Sample,JamesU - MustardBumbler/1_29/240903_1319,78201.145,78202.302,ins_trill,1.15699999999197,339
Even Sample,JamesU - MustardBumbler/1_29/240903_1319,78204.255,78206.689,ins_trill,2.43399999999383,340
Even Sample,JamesU - MustardBumbler/1_29/240903_1319,78205.142,78206.494,ins_buzz_medium,1.35199999999895,341
Even Sample,JamesU - MustardBumbler/1_29/240903_1319,78207.659,78208.447,ins_buzz_medium,0.788000000000466,342
Even Sample,JamesU - MustardBumbler/1_29/240903_1319,78210.619,78211.543,ins_buzz_medium,0.923999999999069,343
Even Sample,JamesU - MustardBumbler/1_29/240903_1319,78211.693,78213.06,ins_trill,1.36699999999837,344
Even Sample,JamesU - MustardBumbler/1_29/240903_1319,78213.526,78214.24,ins_buzz_medium,0.714000000007218,345
Even Sample,JamesU - MustardBumbler/1_29/240903_1319,78219.13,78220.714,ins_buzz_medium,1.58400000000256,346
Even Sample,JamesU - MustardBumbler/1_29/240903_1319,78219.13,78220.888,ins_trill,1.75800000000163,347
Even Sample,JamesU - MustardBumbler/1_29/240903_1319,78223.555,78224.337,ins_buzz_medium,0.782000000006519,348
Even Sample,JamesU - MustardBumbler/1_29/240903_1319,78226.047,78227.503,ins_buzz_medium,1.45599999999104,349
Even Sample,JamesU - MustardBumbler/1_29/240903_1319,78227.319,78229.407,ins_trill,2.08800000000338,350
Even Sample,JamesU - MustardBumbler/1_29/240903_1319,78239.324,78241.187,ins_trill,1.86300000001211,351
Even Sample,JamesU - MustardBumbler/1_29/240903_1319,78247.948,78250.397,ins_trill,2.44899999999325,352
Even Sample,JamesU - MustardBumbler/1_29/240903_1319,78249.075,78249.992,ins_buzz_medium,0.917000000001281,353
Even Sample,JamesU - MustardBumbler/1_29/240903_1319,78253.027,78253.936,ins_buzz_medium,0.908999999999651,354
Even Sample,JamesU - MustardBumbler/1_29/240903_1319,78254.124,78255.566,ins_trill,1.44200000001001,355
Even Sample,JamesU - MustardBumbler/1_29/240903_1319,78257.106,78259.164,ins_buzz_medium,2.05800000000454,356
Even Sample,JamesU - MustardBumbler/1_29/240903_1319,78259.939,78261.182,ins_buzz_medium,1.24300000000221,357
Even Sample,JamesU - MustardBumbler/1_29/240903_1319,78262.027,78265.302,ins_trill,3.27499999999418,358
Even Sample,JamesU - MustardBumbler/1_29/240903_1319,78263.304,78264.108,ins_buzz_medium,0.803999999989173,359
Even Sample,JamesU - MustardBumbler/1_29/240903_1319,78269.299,78271.976,ins_buzz_medium,2.67699999999604,360
Even Sample,JamesU - MustardBumbler/1_29/240903_1319,78273.701,78274.834,ins_buzz_medium,1.13300000000163,361
Even Sample,JamesU - MustardBumbler/1_29/240903_1319,78275.947,78277.157,ins_buzz_medium,1.2100000000064,362
Even Sample,JamesU - MustardBumbler/1_29/240903_1319,78277.127,78278.689,ins_trill,1.56200000000536,363
Even Sample,JamesU - MustardBumbler/1_29/240903_1319,78277.352,78277.671,ins_buzz_medium,0.319000000003143,364
Even Sample,JamesU - MustardBumbler/1_29/240903_1319,78278.51,78280.168,ins_buzz_medium,1.65800000001036,365
Even Sample,JamesU - MustardBumbler/1_29/240903_1319,78281.442,78283.844,ins_buzz_medium,2.40200000000186,366
Even Sample,JamesU - MustardBumbler/1_29/240903_1319,78284.872,78287.735,ins_buzz_medium,2.86299999999756,367
Even Sample,JamesU - MustardBumbler/1_29/240903_1319,78286.713,78288.185,ins_trill,1.4719999999943,368
Even Sample,JamesU - MustardBumbler/1_29/240903_1319,78290.431,78297.326,ins_buzz_medium,6.89500000000407,369
Even Sample,JamesU - MustardBumbler/1_29/240903_1319,78295.397,78297.876,ins_trill,2.47900000000664,370
Even Sample,JamesU - MustardBumbler/1_29/240903_1319,78298.622,78300.077,ins_buzz_medium,1.45500000000175,371
Even Sample,JamesU - MustardBumbler/1_29/240903_1319,78300.906,78301.724,ins_buzz_medium,0.817999999999302,372
Even Sample,JamesU - MustardBumbler/1_29/240903_1319,78305.637,78305.877,ins_buzz_medium,0.239999999990687,373
Even Sample,JamesU - MustardBumbler/1_29/240903_1319,78306.622,78307.546,ins_buzz_medium,0.923999999999069,374
Even Sample,JamesU - MustardBumbler/1_29/240903_1319,78306.801,78309.07,ins_trill,2.26900000000023,375
Even Sample,JamesU - MustardBumbler/1_29/240903_1319,78310.362,78311.35,ins_buzz_medium,0.988000000012107,376
Even Sample,JamesU - MustardBumbler/1_29/240903_1319,78313.092,78314.867,ins_buzz_medium,1.77499999999418,377
Even Sample,JamesU - MustardBumbler/1_29/240903_1319,78313.593,78314.735,ins_trill,1.1420000000071,378
Even Sample,JamesU - MustardBumbler/1_29/240903_1319,78315.844,78318.67,ins_buzz_medium,2.82600000000093,379
Even Sample,JamesU - MustardBumbler/1_29/240903_1319,78320.147,78323.175,ins_buzz_medium,3.0280000000057,380
Even Sample,JamesU - MustardBumbler/1_29/240903_1319,78321.376,78322.848,ins_trill,1.4719999999943,381
Even Sample,JamesU - MustardBumbler/1_29/240903_1319,78324.641,78324.896,ins_buzz_medium,0.254999999990105,382
Even Sample,JamesU - MustardBumbler/1_29/240903_1319,78328.041,78328.859,ins_buzz_medium,0.817999999999302,383
Even Sample,JamesU - MustardBumbler/1_29/240903_1319,78329.624,78330.932,ins_trill,1.30800000000454,384
Even Sample,JamesU - MustardBumbler/1_29/240903_1319,78330.796,78332.111,ins_buzz_medium,1.31500000000233,385
Even Sample,JamesU - MustardBumbler/1_29/240903_1319,78334.033,78342.777,mech_auto,8.74400000000605,386
Even Sample,JamesU - MustardBumbler/1_29/240903_1319,78348.014,78349.874,ins_buzz_medium,1.86000000000058,387
Even Sample,JamesU - MustardBumbler/1_29/240903_1319,78353.879,78354.357,ins_buzz_medium,0.478000000002794,388
Even Sample,JamesU - MustardBumbler/1_29/240903_1319,78356.174,78356.907,ins_buzz_medium,0.733000000007451,389
Even Sample,JamesU - MustardBumbler/1_29/240903_1319,81660.0,81960.004,ins_buzz_medium,300.004000000001,390
Even Sample,JamesU - MustardBumbler/1_29/240903_1319,81667.53358,81668.20851,ins_buzz_medium,0.674929999993765,391
Even Sample,JamesU - MustardBumbler/1_29/240903_1319,81670.4295,81672.1614,ins_buzz_medium,1.73189999999886,392
Even Sample,JamesU - MustardBumbler/1_29/240903_1319,81681.5976,81688.6524,ins_buzz_medium,7.05480000001262,393
Even Sample,JamesU - MustardBumbler/1_29/240903_1319,81689.6839,81690.1806,ins_buzz_medium,0.49670000000333,394
Even Sample,JamesU - MustardBumbler/1_29/240903_1319,81692.5874,81693.326,ins_buzz_medium,0.73859999999695,395
Even Sample,JamesU - MustardBumbler/1_29/240903_1319,81696.2167,81699.2093,ins_buzz_medium,2.99259999999776,396
Even Sample,JamesU - MustardBumbler/1_29/240903_1319,81704.1757,81705.4491,ins_buzz_medium,1.27339999999094,397
Even Sample,JamesU - MustardBumbler/1_29/240903_1319,81706.99,81707.4102,ins_buzz_medium,0.420199999993201,398
Even Sample,JamesU - MustardBumbler/1_29/240903_1319,81717.9925,81718.9476,ins_buzz_medium,0.955100000006496,399
Even Sample,JamesU - MustardBumbler/1_29/240903_1319,81723.0099,81724.729,ins_buzz_medium,1.71910000000207,400
Even Sample,JamesU - MustardBumbler/1_29/240903_1319,81726.7283,81729.9883,ins_buzz_medium,3.25999999999476,401
Even Sample,JamesU - MustardBumbler/1_29/240903_1319,81734.0379,81735.5405,ins_buzz_medium,1.50260000000708,402
Even Sample,JamesU - MustardBumbler/1_29/240903_1319,81737.3106,81738.4694,ins_buzz_medium,1.1588000000047,403
Even Sample,JamesU - MustardBumbler/1_29/240903_1319,81742.71,81745.4224,ins_buzz_medium,2.71239999998943,404
Even Sample,JamesU - MustardBumbler/1_29/240903_1319,81746.5176,81748.415,ins_buzz_medium,1.8973999999871,405
Even Sample,JamesU - MustardBumbler/1_29/240903_1319,81763.505,81766.549,ins_buzz_medium,3.04399999999441,406
Even Sample,JamesU - MustardBumbler/1_29/240903_1319,81769.592,81771.935,ins_buzz_medium,2.34299999999348,407
Even Sample,JamesU - MustardBumbler/1_29/240903_1319,81782.492,81783.893,ins_buzz_medium,1.40099999999802,408
Even Sample,JamesU - MustardBumbler/1_29/240903_1319,81785.408,81787.153,ins_buzz_medium,1.7450000000099,409
Even Sample,JamesU - MustardBumbler/1_29/240903_1319,81787.471,81789.904,ins_buzz_medium,2.43299999998999,410
Even Sample,JamesU - MustardBumbler/1_29/240903_1319,81797.748,81801.148,ins_buzz_medium,3.39999999999418,411
Even Sample,JamesU - MustardBumbler/1_29/240903_1319,81803.235,81852.236,ins_trill,49.0010000000038,412
Even Sample,JamesU - MustardBumbler/1_29/240903_1319,81807.375,81807.948,ins_buzz_medium,0.573000000003958,413
Even Sample,JamesU - MustardBumbler/1_29/240903_1319,81810.839,81816.213,ins_buzz_medium,5.37399999999616,414
Even Sample,JamesU - MustardBumbler/1_29/240903_1319,81817.245,81818.289,ins_buzz_medium,1.04400000000896,415
Even Sample,JamesU - MustardBumbler/1_29/240903_1319,81821.027,81821.498,ins_buzz_medium,0.471000000005006,416
Even Sample,JamesU - MustardBumbler/1_29/240903_1319,81836.817,81837.785,ins_buzz_medium,0.968000000008033,417
Even Sample,JamesU - MustardBumbler/1_29/240903_1319,81839.542,81840.676,ins_buzz_medium,1.13400000000547,418
Even Sample,JamesU - MustardBumbler/1_29/240903_1319,81841.682,81842.204,ins_buzz_medium,0.521999999997206,419
Even Sample,JamesU - MustardBumbler/1_29/240903_1319,81852.022,81853.143,ins_buzz_medium,1.12099999999919,420
Even Sample,JamesU - MustardBumbler/1_29/240903_1319,81855.257,81857.574,ins_buzz_medium,2.31699999999546,421
Even Sample,JamesU - MustardBumbler/1_29/240903_1319,81856.005,81960.004,ins_trill,103.998999999996,422
Even Sample,JamesU - MustardBumbler/1_29/240903_1319,81860.542,81861.433,ins_buzz_medium,0.89100000000326,423
Even Sample,JamesU - MustardBumbler/1_29/240903_1319,81862.987,81863.802,ins_buzz_medium,0.815000000002328,424
Even Sample,JamesU - MustardBumbler/1_29/240903_1319,81867.214,81868.933,ins_buzz_medium,1.71899999999732,425
Even Sample,JamesU - MustardBumbler/1_29/240903_1319,81870.207,81871.277,ins_buzz_medium,1.07000000000698,426
Even Sample,JamesU - MustardBumbler/1_29/240903_1319,81888.29,81888.786,ins_buzz_medium,0.495999999999185,427
Even Sample,JamesU - MustardBumbler/1_29/240903_1319,81890.098,81891.881,ins_buzz_medium,1.78299999999581,428
Even Sample,JamesU - MustardBumbler/1_29/240903_1319,81894.39,81895.243,ins_buzz_medium,0.853000000002794,429
Even Sample,JamesU - MustardBumbler/1_29/240903_1319,81899.98,81901.572,ins_buzz_medium,1.59200000000419,430
Even Sample,JamesU - MustardBumbler/1_29/240903_1319,81906.143,81907.442,ins_buzz_medium,1.29899999999907,431
Even Sample,JamesU - MustardBumbler/1_29/240903_1319,81909.658,81910.983,ins_buzz_medium,1.32499999999709,432
Even Sample,JamesU - MustardBumbler/1_29/240903_1319,81913.937,81914.701,ins_buzz_medium,0.763999999995576,433
Even Sample,JamesU - MustardBumbler/1_29/240903_1319,81917.49,81918.738,ins_buzz_medium,1.24799999999232,434
Even Sample,JamesU - MustardBumbler/1_29/240903_1319,81920.521,81923.042,ins_buzz_medium,2.52100000000792,435
Even Sample,JamesU - MustardBumbler/1_29/240903_1319,81923.526,81924.468,ins_buzz_medium,0.94199999999546,436
Even Sample,JamesU - MustardBumbler/1_29/240903_1319,81941.316,81942.22,ins_buzz_medium,0.903999999994994,437
Even Sample,JamesU - MustardBumbler/1_29/240903_1319,81943.85,81945.009,ins_buzz_medium,1.15899999999965,438
Even Sample,JamesU - MustardBumbler/1_29/240903_1319,81948.383,81949.351,ins_buzz_medium,0.967999999993481,439
Even Sample,JamesU - MustardBumbler/1_29/240903_1319,81951.936,81954.203,ins_buzz_medium,2.26699999999255,440
Even Sample,JamesU - MustardBumbler/1_29/240903_1319,81957.158,81959.653,ins_buzz_medium,2.4950000000099,441
Even Sample,JamesU - MustardBumbler/1_29/240903_1319,85260.0,85560.03,ins_buzz_medium,300.029999999999,442
Even Sample,JamesU - MustardBumbler/1_29/240903_1319,85260.0,85263.37703,ins_trill,3.37703000000329,443
Even Sample,JamesU - MustardBumbler/1_29/240903_1319,85266.32523,85285.5511,ins_trill,19.2258699999948,444
Even Sample,JamesU - MustardBumbler/1_29/240903_1319,85291.7667,85299.0762,ins_trill,7.30950000000303,445
Even Sample,JamesU - MustardBumbler/1_29/240903_1319,85294.5576,85296.4207,ins_buzz_medium,1.8631000000023,446
Even Sample,JamesU - MustardBumbler/1_29/240903_1319,85297.9833,85300.7179,ins_buzz_medium,2.73459999999614,447
Even Sample,JamesU - MustardBumbler/1_29/240903_1319,85300.9883,85301.9199,ins_buzz_medium,0.931599999996251,448
Even Sample,JamesU - MustardBumbler/1_29/240903_1319,85302.3706,85303.6027,ins_buzz_medium,1.23210000000836,449
Even Sample,JamesU - MustardBumbler/1_29/240903_1319,85303.9421,85437.944,ins_trill,134.001900000003,450
Even Sample,JamesU - MustardBumbler/1_29/240903_1319,85305.7062,85306.2771,ins_buzz_medium,0.570900000006077,451
Even Sample,JamesU - MustardBumbler/1_29/240903_1319,85318.2671,85319.7245,ins_buzz_medium,1.45739999999932,452
Even Sample,JamesU - MustardBumbler/1_29/240903_1319,85320.8815,85321.6628,ins_buzz_medium,0.781300000002375,453
Even Sample,JamesU - MustardBumbler/1_29/240903_1319,85323.1653,85324.187,ins_buzz_medium,1.02170000001206,454
Even Sample,JamesU - MustardBumbler/1_29/240903_1319,85325.5242,85326.5159,ins_buzz_medium,0.991699999998673,455
Even Sample,JamesU - MustardBumbler/1_29/240903_1319,85337.8147,85338.596,ins_buzz_medium,0.781300000002375,456
Even Sample,JamesU - MustardBumbler/1_29/240903_1319,85344.2154,85344.9666,ins_buzz_medium,0.751199999998789,457
Even Sample,JamesU - MustardBumbler/1_29/240903_1319,85350.6041,85352.8239,ins_buzz_medium,2.21980000000622,458
Even Sample,JamesU - MustardBumbler/1_29/240903_1319,85354.1912,85356.0092,ins_buzz_medium,1.8179999999993,459
Even Sample,JamesU - MustardBumbler/1_29/240903_1319,85356.6853,85359.9758,ins_buzz_medium,3.29050000000279,460
Even Sample,JamesU - MustardBumbler/1_29/240903_1319,85361.945,85363.583,ins_buzz_medium,1.63799999999173,461
Even Sample,JamesU - MustardBumbler/1_29/240903_1319,85365.265,85367.129,ins_buzz_medium,1.8640000000014,462
Even Sample,JamesU - MustardBumbler/1_29/240903_1319,85371.486,85372.733,ins_buzz_medium,1.24699999998847,463
Even Sample,JamesU - MustardBumbler/1_29/240903_1319,85374.942,85375.933,ins_buzz_medium,0.99100000000908,464
Even Sample,JamesU - MustardBumbler/1_29/240903_1319,85379.419,85379.885,ins_buzz_medium,0.466000000000349,465
Even Sample,JamesU - MustardBumbler/1_29/240903_1319,85383.701,85384.843,ins_buzz_medium,1.14199999999255,466
Even Sample,JamesU - MustardBumbler/1_29/240903_1319,85409.439,85410.716,ins_buzz_medium,1.27700000000186,467
Even Sample,JamesU - MustardBumbler/1_29/240903_1319,85413.0,85414.067,ins_buzz_medium,1.06699999999546,468
Even Sample,JamesU - MustardBumbler/1_29/240903_1319,85416.381,85417.372,ins_buzz_medium,0.99100000000908,469
Even Sample,JamesU - MustardBumbler/1_29/240903_1319,85419.611,85420.813,ins_buzz_high,1.20199999999022,470
Even Sample,JamesU - MustardBumbler/1_29/240903_1319,85421.159,85427.169,ins_buzz_medium,6.00999999999476,471
Even Sample,JamesU - MustardBumbler/1_29/240903_1319,85436.559,85438.182,ins_buzz_medium,1.62300000000687,472
Even Sample,JamesU - MustardBumbler/1_29/240903_1319,85439.688,85462.607,ins_trill,22.919000000009,473
Even Sample,JamesU - MustardBumbler/1_29/240903_1319,85442.72,85444.177,ins_buzz_medium,1.45699999999488,474
Even Sample,JamesU - MustardBumbler/1_29/240903_1319,85444.958,85446.596,ins_buzz_medium,1.63800000000629,475
Even Sample,JamesU - MustardBumbler/1_29/240903_1319,85448.609,85449.796,ins_buzz_medium,1.18700000000536,476
Even Sample,JamesU - MustardBumbler/1_29/240903_1319,85451.96,85453.132,ins_buzz_medium,1.17199999999139,477
Even Sample,JamesU - MustardBumbler/1_29/240903_1319,85468.916,85483.705,ins_trill,14.7890000000043,478
Even Sample,JamesU - MustardBumbler/1_29/240903_1319,85474.918,85476.285,ins_buzz_medium,1.36699999999837,479
Even Sample,JamesU - MustardBumbler/1_29/240903_1319,85490.304,85494.21,ins_buzz_medium,3.90600000000268,480
Even Sample,JamesU - MustardBumbler/1_29/240903_1319,85496.013,85500.145,ins_buzz_medium,4.13199999999779,481
Even Sample,JamesU - MustardBumbler/1_29/240903_1319,85502.745,85503.856,ins_buzz_medium,1.11100000000442,482
Even Sample,JamesU - MustardBumbler/1_29/240903_1319,85506.2,85507.147,ins_buzz_medium,0.947000000000116,483
Even Sample,JamesU - MustardBumbler/1_29/240903_1319,85508.424,85509.551,ins_buzz_medium,1.12700000000768,484
Even Sample,JamesU - MustardBumbler/1_29/240903_1319,85510.272,85511.023,ins_buzz_medium,0.751000000003842,485
Even Sample,JamesU - MustardBumbler/1_29/240903_1319,85517.066,85533.555,ins_trill,16.4889999999868,486
Even Sample,JamesU - MustardBumbler/1_29/240903_1319,85536.572,85552.891,ins_trill,16.3190000000031,487
Even Sample,JamesU - MustardBumbler/1_29/240903_1319,85538.699,85540.668,ins_buzz_medium,1.96900000001187,488
Even Sample,JamesU - MustardBumbler/1_29/240903_1319,85546.317,85549.998,ins_buzz_medium,3.68100000001141,489
Even Sample,JamesU - MustardBumbler/1_29/240903_1319,85549.773,85559.073,mech_auto,9.30000000000291,490
Even Sample,JamesU - MustardBumbler/1_29/240903_1319,85555.568,85560.03,ins_trill,4.46199999999953,491
Even Sample,JamesU - MustardBumbler/1_29/240903_1319,88860.0,89160.004,ins_trill,300.004000000001,492
Even Sample,JamesU - MustardBumbler/1_29/240903_1319,88860.0,89160.004,ins_buzz_medium,300.004000000001,493
Even Sample,JamesU - MustardBumbler/1_29/240903_1319,88860.060095,88862.53901,ins_buzz_medium,2.47891499999969,494
Even Sample,JamesU - MustardBumbler/1_29/240903_1319,88863.10991,88865.66395,ins_buzz_medium,2.55404000000271,495
Even Sample,JamesU - MustardBumbler/1_29/240903_1319,88866.61044,88871.0124,ins_buzz_medium,4.40196000000287,496
Even Sample,JamesU - MustardBumbler/1_29/240903_1319,88879.0351,88880.7177,ins_buzz_medium,1.68260000000009,497
Even Sample,JamesU - MustardBumbler/1_29/240903_1319,88884.9394,88885.3751,ins_buzz_medium,0.435700000001816,498
Even Sample,JamesU - MustardBumbler/1_29/240903_1319,88885.7357,88886.1413,ins_buzz_medium,0.40559999999823,499
Even Sample,JamesU - MustardBumbler/1_29/240903_1319,88887.4422,88892.5414,ins_buzz_medium,5.09919999999693,500
Even Sample,JamesU - MustardBumbler/1_29/240903_1319,88893.453,88894.3348,ins_buzz_medium,0.88180000000284,501
Even Sample,JamesU - MustardBumbler/1_29/240903_1319,88895.6627,88896.5019,ins_buzz_medium,0.839200000002165,502
Even Sample,JamesU - MustardBumbler/1_29/240903_1319,88898.1379,88899.519,ins_buzz_medium,1.3810999999987,503
Even Sample,JamesU - MustardBumbler/1_29/240903_1319,88902.5021,88909.2027,ins_buzz_medium,6.70059999999648,504
Even Sample,JamesU - MustardBumbler/1_29/240903_1319,88903.3328,88903.5665,ins_buzz_medium,0.233699999997043,505
Even Sample,JamesU - MustardBumbler/1_29/240903_1319,88904.1826,88906.1586,ins_buzz_medium,1.97599999999511,506
Even Sample,JamesU - MustardBumbler/1_29/240903_1319,88911.8527,88913.2231,ins_buzz_medium,1.37039999999979,507
Even Sample,JamesU - MustardBumbler/1_29/240903_1319,88914.8591,88915.624,ins_buzz_medium,0.764899999994668,508
Even Sample,JamesU - MustardBumbler/1_29/240903_1319,88918.6376,88920.0799,ins_buzz_medium,1.44229999999516,509
Even Sample,JamesU - MustardBumbler/1_29/240903_1319,88947.3029,88949.6316,ins_buzz_medium,2.32869999999821,510
Even Sample,JamesU - MustardBumbler/1_29/240903_1319,88952.396,88954.0486,ins_buzz_medium,1.65260000000126,511
Even Sample,JamesU - MustardBumbler/1_29/240903_1319,88955.0155,88956.0141,ins_buzz_medium,0.998600000006263,512
Even Sample,JamesU - MustardBumbler/1_29/240903_1319,88961.475,88962.42,ins_buzz_medium,0.944999999992433,513
Even Sample,JamesU - MustardBumbler/1_29/240903_1319,88975.472,88977.335,ins_buzz_medium,1.86300000001211,514
Even Sample,JamesU - MustardBumbler/1_29/240903_1319,88993.355,88994.428,ins_buzz_medium,1.07300000000396,515
Even Sample,JamesU - MustardBumbler/1_29/240903_1319,88996.627,88997.658,ins_buzz_medium,1.03100000000268,516
Even Sample,JamesU - MustardBumbler/1_29/240903_1319,88998.773,88999.644,ins_buzz_medium,0.870999999999185,517
Even Sample,JamesU - MustardBumbler/1_29/240903_1319,89000.579,89000.813,ins_buzz_medium,0.23399999999674,518
Even Sample,JamesU - MustardBumbler/1_29/240903_1319,89004.701,89005.381,ins_buzz_medium,0.679999999993015,519
Even Sample,JamesU - MustardBumbler/1_29/240903_1319,89011.659,89012.297,ins_buzz_medium,0.638000000006286,520
Even Sample,JamesU - MustardBumbler/1_29/240903_1319,89013.816,89014.039,ins_buzz_medium,0.222999999998137,521
Even Sample,JamesU - MustardBumbler/1_29/240903_1319,89037.283,89039.44,ins_buzz_medium,2.15700000000652,522
Even Sample,JamesU - MustardBumbler/1_29/240903_1319,89044.348,89045.495,ins_buzz_medium,1.14699999999721,523
Even Sample,JamesU - MustardBumbler/1_29/240903_1319,89047.556,89049.765,ins_buzz_medium,2.20900000000256,524
Even Sample,JamesU - MustardBumbler/1_29/240903_1319,89048.908,89049.209,ins_buzz_medium,0.301000000006752,525
Even Sample,JamesU - MustardBumbler/1_29/240903_1319,89051.763,89052.591,ins_buzz_medium,0.827999999994063,526
Even Sample,JamesU - MustardBumbler/1_29/240903_1319,89056.751,89057.487,ins_buzz_medium,0.735999999989872,527
Even Sample,JamesU - MustardBumbler/1_29/240903_1319,89061.494,89062.971,ins_buzz_medium,1.47699999999895,528
Even Sample,JamesU - MustardBumbler/1_29/240903_1319,89063.587,89065.855,ins_buzz_medium,2.26799999999639,529
Even Sample,JamesU - MustardBumbler/1_29/240903_1319,89067.846,89068.781,ins_buzz_medium,0.934999999997672,530
Even Sample,JamesU - MustardBumbler/1_29/240903_1319,89069.04,89073.427,ins_buzz_medium,4.38700000000244,531
Even Sample,JamesU - MustardBumbler/1_29/240903_1319,89075.02,89076.207,ins_buzz_medium,1.1869999999908,532
Even Sample,JamesU - MustardBumbler/1_29/240903_1319,89076.621,89077.673,ins_buzz_medium,1.05199999999604,533
Even Sample,JamesU - MustardBumbler/1_29/240903_1319,89081.158,89081.37,ins_buzz_medium,0.211999999999534,534
Even Sample,JamesU - MustardBumbler/1_29/240903_1319,89081.752,89082.836,ins_buzz_medium,1.08400000000256,535
Even Sample,JamesU - MustardBumbler/1_29/240903_1319,89084.169,89085.927,ins_buzz_medium,1.75800000000163,536
Even Sample,JamesU - MustardBumbler/1_29/240903_1319,89090.464,89091.547,ins_buzz_medium,1.08299999999872,537
Even Sample,JamesU - MustardBumbler/1_29/240903_1319,89108.927,89109.193,ins_buzz_medium,0.26600000000326,538
Even Sample,JamesU - MustardBumbler/1_29/240903_1319,89112.534,89113.435,ins_buzz_medium,0.900999999998021,539
Even Sample,JamesU - MustardBumbler/1_29/240903_1319,89115.301,89116.183,ins_buzz_medium,0.881999999997788,540
Even Sample,JamesU - MustardBumbler/1_29/240903_1319,89119.922,89121.888,ins_buzz_medium,1.96600000000035,541
Even Sample,JamesU - MustardBumbler/1_29/240903_1319,89125.192,89125.988,ins_buzz_medium,0.796000000002095,542
Even Sample,JamesU - MustardBumbler/1_29/240903_1319,89130.728,89134.198,ins_buzz_medium,3.47000000000116,543
Even Sample,JamesU - MustardBumbler/1_29/240903_1319,89131.151,89134.402,ins_buzz_medium,3.25100000000384,544
Even Sample,JamesU - MustardBumbler/1_29/240903_1319,89139.922,89140.884,ins_buzz_medium,0.961999999999534,545
Even Sample,JamesU - MustardBumbler/1_29/240903_1319,89144.294,89145.286,ins_buzz_medium,0.99199999999837,546
Even Sample,JamesU - MustardBumbler/1_29/240903_1319,92460.0,92478.5931,mech_plane,18.5930999999982,547
Even Sample,JamesU - MustardBumbler/1_29/240903_1319,92460.0,92760.03,ins_trill,300.029999999999,548
Even Sample,JamesU - MustardBumbler/1_29/240903_1319,92461.03284,92461.70078,ins_buzz_medium,0.667939999999362,549
Even Sample,JamesU - MustardBumbler/1_29/240903_1319,92464.49107,92465.42611,ins_buzz_medium,0.935039999996661,550
Even Sample,JamesU - MustardBumbler/1_29/240903_1319,92468.9963,92470.1429,ins_buzz_medium,1.14660000000731,551
Even Sample,JamesU - MustardBumbler/1_29/240903_1319,92475.4559,92476.0121,ins_buzz_medium,0.556200000006356,552
Even Sample,JamesU - MustardBumbler/1_29/240903_1319,92476.6611,92478.3561,ins_buzz_medium,1.69500000000698,553
Even Sample,JamesU - MustardBumbler/1_29/240903_1319,92482.0978,92482.5369,ins_buzz_medium,0.439100000003236,554
Even Sample,JamesU - MustardBumbler/1_29/240903_1319,92483.8604,92487.0641,ins_buzz_medium,3.20369999999821,555
Even Sample,JamesU - MustardBumbler/1_29/240903_1319,92487.8372,92489.2102,ins_buzz_medium,1.37300000000687,556
Even Sample,JamesU - MustardBumbler/1_29/240903_1319,92494.127,92495.1413,ins_buzz_medium,1.01430000000983,557
Even Sample,JamesU - MustardBumbler/1_29/240903_1319,92498.7741,92501.9643,ins_buzz_medium,3.19020000001183,558
Even Sample,JamesU - MustardBumbler/1_29/240903_1319,92499.8045,92500.1199,ins_buzz_medium,0.315400000006775,559
Even Sample,JamesU - MustardBumbler/1_29/240903_1319,92509.5676,92510.086,ins_buzz_medium,0.518400000000838,560
Even Sample,JamesU - MustardBumbler/1_29/240903_1319,92513.3118,92513.955,ins_buzz_medium,0.643200000005891,561
Even Sample,JamesU - MustardBumbler/1_29/240903_1319,92515.3366,92516.8918,ins_buzz_medium,1.55520000000251,562
Even Sample,JamesU - MustardBumbler/1_29/240903_1319,92526.994,92544.2286,ins_buzz_medium,17.2345999999961,563
Even Sample,JamesU - MustardBumbler/1_29/240903_1319,92529.4971,92530.5114,ins_buzz_medium,1.01430000000983,564
Even Sample,JamesU - MustardBumbler/1_29/240903_1319,92550.9233,92759.414,ins_buzz_medium,208.490700000009,565
Even Sample,JamesU - MustardBumbler/1_29/240903_1319,92556.1159,92556.7467,ins_buzz_medium,0.630799999998999,566
Even Sample,JamesU - MustardBumbler/1_29/240903_1319,92557.9775,92558.1692,ins_buzz_medium,0.191700000010314,567
Even Sample,JamesU - MustardBumbler/1_29/240903_1319,92562.208,92562.907,ins_buzz_medium,0.6990000000078,568
Even Sample,JamesU - MustardBumbler/1_29/240903_1319,92563.735,92564.422,ins_buzz_medium,0.687000000005355,569
Even Sample,JamesU - MustardBumbler/1_29/240903_1319,92583.557,92584.405,ins_buzz_medium,0.847999999998137,570
Even Sample,JamesU - MustardBumbler/1_29/240903_1319,92586.866,92587.72,ins_buzz_medium,0.854000000006636,571
Even Sample,JamesU - MustardBumbler/1_29/240903_1319,92588.021,92590.315,ins_buzz_medium,2.29400000000896,572
Even Sample,JamesU - MustardBumbler/1_29/240903_1319,92596.613,92597.411,ins_buzz_medium,0.797999999995227,573
Even Sample,JamesU - MustardBumbler/1_29/240903_1319,92604.647,92605.362,ins_buzz_medium,0.714999999996508,574
Even Sample,JamesU - MustardBumbler/1_29/240903_1319,92609.161,92610.641,ins_buzz_medium,1.48000000001048,575
Even Sample,JamesU - MustardBumbler/1_29/240903_1319,92616.435,92617.239,ins_buzz_medium,0.804000000003725,576
Even Sample,JamesU - MustardBumbler/1_29/240903_1319,92621.865,92622.446,ins_buzz_medium,0.580999999991036,577
Even Sample,JamesU - MustardBumbler/1_29/240903_1319,92625.848,92626.871,ins_buzz_medium,1.02300000000105,578
Even Sample,JamesU - MustardBumbler/1_29/240903_1319,92632.865,92633.282,ins_buzz_medium,0.417000000001281,579
Even Sample,JamesU - MustardBumbler/1_29/240903_1319,92634.395,92635.224,ins_buzz_medium,0.828999999997905,580
Even Sample,JamesU - MustardBumbler/1_29/240903_1319,92644.785,92645.633,ins_buzz_medium,0.847999999998137,581
Even Sample,JamesU - MustardBumbler/1_29/240903_1319,92648.935,92650.729,ins_buzz_medium,1.79400000000896,582
Even Sample,JamesU - MustardBumbler/1_29/240903_1319,92659.647,92661.923,ins_buzz_medium,2.27599999999802,583
Even Sample,JamesU - MustardBumbler/1_29/240903_1319,92662.214,92662.956,ins_buzz_medium,0.74199999999837,584
Even Sample,JamesU - MustardBumbler/1_29/240903_1319,92664.453,92665.529,ins_buzz_medium,1.07600000000093,585
Even Sample,JamesU - MustardBumbler/1_29/240903_1319,92665.844,92666.809,ins_buzz_medium,0.964999999996508,586
Even Sample,JamesU - MustardBumbler/1_29/240903_1319,92667.199,92668.368,ins_buzz_medium,1.16900000000896,587
Even Sample,JamesU - MustardBumbler/1_29/240903_1319,92668.664,92671.448,ins_buzz_medium,2.78399999999965,588
Even Sample,JamesU - MustardBumbler/1_29/240903_1319,92672.245,92674.156,ins_buzz_medium,1.91100000000733,589
Even Sample,JamesU - MustardBumbler/1_29/240903_1319,92676.247,92677.008,ins_buzz_medium,0.760999999998603,590
Even Sample,JamesU - MustardBumbler/1_29/240903_1319,92685.245,92686.037,ins_buzz_medium,0.792000000001281,591
Even Sample,JamesU - MustardBumbler/1_29/240903_1319,92693.434,92693.972,ins_buzz_medium,0.538000000000466,592
Even Sample,JamesU - MustardBumbler/1_29/240903_1319,92696.001,92696.798,ins_buzz_medium,0.796999999991385,593
Even Sample,JamesU - MustardBumbler/1_29/240903_1319,92711.066,92711.499,ins_buzz_medium,0.432999999989988,594
Even Sample,JamesU - MustardBumbler/1_29/240903_1319,92718.247,92718.933,ins_buzz_medium,0.686000000001513,595
Even Sample,JamesU - MustardBumbler/1_29/240903_1319,92721.457,92721.896,ins_buzz_medium,0.438999999998487,596
Even Sample,JamesU - MustardBumbler/1_29/240903_1319,92724.697,92725.631,ins_buzz_medium,0.93399999999383,597
Even Sample,JamesU - MustardBumbler/1_29/240903_1319,92725.934,92726.553,ins_buzz_medium,0.619000000006054,598
Even Sample,JamesU - MustardBumbler/1_29/240903_1319,92728.087,92728.625,ins_buzz_medium,0.538000000000466,599
Even Sample,JamesU - MustardBumbler/1_29/240903_1319,92729.676,92730.61,ins_buzz_medium,0.93399999999383,600
Even Sample,JamesU - MustardBumbler/1_29/240903_1319,92731.074,92731.575,ins_buzz_medium,0.501000000003842,601
Even Sample,JamesU - MustardBumbler/1_29/240903_1319,92737.933,92738.304,ins_buzz_medium,0.370999999999185,602
Even Sample,JamesU - MustardBumbler/1_29/240903_1319,92742.287,92746.01,mech_auto,3.72299999999814,603
Even Sample,JamesU - MustardBumbler/1_29/240903_1319,92744.742,92745.224,ins_buzz_medium,0.482000000003609,604
Even Sample,JamesU - MustardBumbler/1_29/240903_1319,92747.185,92749.764,mech_auto,2.5789999999979,605
Even Sample,JamesU - MustardBumbler/1_29/240903_1319,92749.43,92750.073,ins_buzz_medium,0.643000000010943,606
Even Sample,JamesU - MustardBumbler/1_29/240903_1319,92751.91,92752.368,ins_buzz_medium,0.457999999998719,607
Even Sample,JamesU - MustardBumbler/1_29/240903_1319,92753.054,92753.292,ins_buzz_medium,0.237999999997555,608
Even Sample,JamesU - MustardBumbler/1_29/240903_1319,92754.18,92754.297,ins_buzz_medium,0.117000000012922,609
Even Sample,JamesU - MustardBumbler/1_29/240903_1319,92756.759,92757.241,ins_buzz_medium,0.481999999989057,610
Even Sample,JamesU - MustardBumbler/1_29/240903_1319,92759.239,92759.944,ins_buzz_medium,0.705000000001746,611
Even Sample,JamesU - MustardBumbler/1_29/240903_1319,96060.0,96136.3348,mech_plane,76.3347999999969,612
Even Sample,JamesU - MustardBumbler/1_29/240903_1319,96060.0,96360.004,ins_trill,300.004000000001,613
Even Sample,JamesU - MustardBumbler/1_29/240903_1319,96137.6482,96139.0969,ins_buzz_medium,1.4487000000081,614
Even Sample,JamesU - MustardBumbler/1_29/240903_1319,96139.695,96140.7605,ins_buzz_medium,1.06549999999697,615
Even Sample,JamesU - MustardBumbler/1_29/240903_1319,96142.2559,96142.9241,ins_buzz_medium,0.66820000000007,616
Even Sample,JamesU - MustardBumbler/1_29/240903_1319,96143.4016,96143.8737,ins_buzz_medium,0.472099999999045,617
Even Sample,JamesU - MustardBumbler/1_29/240903_1319,96145.1345,96145.3401,ins_buzz_medium,0.205600000001141,618
Even Sample,JamesU - MustardBumbler/1_29/240903_1319,96154.1256,96155.434,ins_buzz_medium,1.30839999999444,619
Even Sample,JamesU - MustardBumbler/1_29/240903_1319,96161.285,96161.705,ins_buzz_medium,0.419999999998254,620
Even Sample,JamesU - MustardBumbler/1_29/240903_1319,96168.565,96171.425,ins_buzz_medium,2.86000000000058,621
Even Sample,JamesU - MustardBumbler/1_29/240903_1319,96173.042,96174.182,ins_buzz_medium,1.13999999999942,622
Even Sample,JamesU - MustardBumbler/1_29/240903_1319,96177.93,96178.809,ins_buzz_medium,0.879000000000815,623
Even Sample,JamesU - MustardBumbler/1_29/240903_1319,96183.417,96185.706,ins_buzz_medium,2.28900000000431,624
Even Sample,JamesU - MustardBumbler/1_29/240903_1319,96197.258,96197.875,ins_buzz_medium,0.61699999999837,625
Even Sample,JamesU - MustardBumbler/1_29/240903_1319,96200.417,96201.221,ins_buzz_medium,0.804000000003725,626
Even Sample,JamesU - MustardBumbler/1_29/240903_1319,96202.455,96203.576,ins_buzz_medium,1.12099999999919,627
Even Sample,JamesU - MustardBumbler/1_29/240903_1319,96205.016,96205.903,ins_buzz_medium,0.887000000002445,628
Even Sample,JamesU - MustardBumbler/1_29/240903_1319,96209.661,96210.941,ins_buzz_medium,1.28000000001339,629
Even Sample,JamesU - MustardBumbler/1_29/240903_1319,96214.268,96215.306,ins_buzz_medium,1.03800000000047,630
Even Sample,JamesU - MustardBumbler/1_29/240903_1319,96218.007,96218.607,ins_buzz_medium,0.600000000005821,631
Even Sample,JamesU - MustardBumbler/1_29/240903_1319,96224.643,96226.874,ins_buzz_medium,2.23099999999977,632
Even Sample,JamesU - MustardBumbler/1_29/240903_1319,96227.372,96228.017,ins_buzz_medium,0.645000000004075,633
Even Sample,JamesU - MustardBumbler/1_29/240903_1319,96231.381,96232.456,ins_buzz_medium,1.07500000001164,634
Even Sample,JamesU - MustardBumbler/1_29/240903_1319,96240.681,96241.26,ins_buzz_medium,0.578999999997905,635
Even Sample,JamesU - MustardBumbler/1_29/240903_1319,96256.149,96257.579,ins_buzz_medium,1.42999999999302,636
Even Sample,JamesU - MustardBumbler/1_29/240903_1319,96262.878,96265.355,mech_plane,2.47699999999895,637
Even Sample,JamesU - MustardBumbler/1_29/240903_1319,96265.934,96267.13,ins_buzz_medium,1.19600000001083,638
Even Sample,JamesU - MustardBumbler/1_29/240903_1319,96268.916,96269.86,ins_buzz_medium,0.944000000003143,639
Even Sample,JamesU - MustardBumbler/1_29/240903_1319,96271.794,96273.252,ins_buzz_medium,1.45799999999872,640
Even Sample,JamesU - MustardBumbler/1_29/240903_1319,96276.318,96277.589,ins_buzz_medium,1.27100000000792,641
Even Sample,JamesU - MustardBumbler/1_29/240903_1319,96285.627,96287.15,ins_buzz_medium,1.52300000000105,642
Even Sample,JamesU - MustardBumbler/1_29/240903_1319,96288.701,96289.571,ins_buzz_medium,0.869999999995343,643
Even Sample,JamesU - MustardBumbler/1_29/240903_1319,96310.104,96311.058,ins_buzz_medium,0.953999999997905,644
Even Sample,JamesU - MustardBumbler/1_29/240903_1319,96314.114,96314.833,ins_buzz_medium,0.718999999997322,645
Even Sample,JamesU - MustardBumbler/1_29/240903_1319,96321.768,96322.553,ins_buzz_medium,0.785000000003492,646
Even Sample,JamesU - MustardBumbler/1_29/240903_1319,96323.796,96325.497,ins_buzz_medium,1.70100000000093,647
Even Sample,JamesU - MustardBumbler/1_29/240903_1319,96327.226,96328.647,ins_buzz_medium,1.4210000000021,648
Even Sample,JamesU - MustardBumbler/1_29/240903_1319,96329.311,96330.572,ins_buzz_medium,1.2609999999986,649
Even Sample,JamesU - MustardBumbler/1_29/240903_1319,96330.918,96331.965,ins_buzz_medium,1.04699999999139,650
Even Sample,JamesU - MustardBumbler/1_29/240903_1319,96333.273,96333.769,ins_buzz_medium,0.495999999999185,651
Even Sample,JamesU - MustardBumbler/1_29/240903_1319,96339.311,96340.124,ins_buzz_medium,0.812999999994645,652
Even Sample,JamesU - MustardBumbler/1_29/240903_1319,96344.872,96354.816,mech_auto,9.94400000000314,653
Even Sample,JamesU - MustardBumbler/1_29/240903_1319,99660.0,99960.03,ins_trill,300.029999999999,654
Even Sample,JamesU - MustardBumbler/1_29/240903_1319,99671.4798,99672.9663,ins_buzz_medium,1.48649999999907,655
Even Sample,JamesU - MustardBumbler/1_29/240903_1319,99676.655,99677.5469,ins_buzz_medium,0.891900000002352,656
Even Sample,JamesU - MustardBumbler/1_29/240903_1319,99717.1848,99727.4069,mech_auto,10.222099999999,657
Even Sample,JamesU - MustardBumbler/1_29/240903_1319,99758.5429,99759.3024,ins_buzz_medium,0.759500000000116,658
Even Sample,JamesU - MustardBumbler/1_29/240903_1319,99760.882,99905.035,mech_plane,144.153000000006,659
Even Sample,JamesU - MustardBumbler/1_29/240903_1319,99763.911,99764.206,ins_buzz_medium,0.295000000012806,660
Even Sample,JamesU - MustardBumbler/1_29/240903_1319,99766.74,99767.146,ins_buzz_medium,0.405999999988126,661
Even Sample,JamesU - MustardBumbler/1_29/240903_1319,99788.725,99789.203,ins_buzz_medium,0.477999999988242,662
Even Sample,JamesU - MustardBumbler/1_29/240903_1319,99790.244,99790.676,ins_buzz_medium,0.432000000000698,663
Even Sample,JamesU - MustardBumbler/1_29/240903_1319,99790.919,99791.822,ins_buzz_medium,0.903000000005704,664
Even Sample,JamesU - MustardBumbler/1_29/240903_1319,99796.189,99797.25,ins_buzz_medium,1.06100000000151,665
Even Sample,JamesU - MustardBumbler/1_29/240903_1319,99807.287,99807.876,ins_buzz_medium,0.589000000007218,666
Even Sample,JamesU - MustardBumbler/1_29/240903_1319,99809.676,99810.004,ins_buzz_medium,0.327999999994063,667
Even Sample,JamesU - MustardBumbler/1_29/240903_1319,99838.065,99838.988,ins_buzz_medium,0.922999999995227,668
Even Sample,JamesU - MustardBumbler/1_29/240903_1319,99870.413,99870.869,ambient_noise,0.456000000005588,669
Even Sample,JamesU - MustardBumbler/1_29/240903_1319,99871.004,99871.829,ins_buzz_medium,0.82499999999709,670
Even Sample,JamesU - MustardBumbler/1_29/240903_1319,99871.811,99871.993,ambient_noise,0.182000000000698,671
Even Sample,JamesU - MustardBumbler/1_29/240903_1319,99904.566,99906.451,ins_buzz_medium,1.88499999999476,672
Even Sample,JamesU - MustardBumbler/1_29/240903_1319,99909.561,99910.569,ins_buzz_medium,1.00800000000163,673
Even Sample,JamesU - MustardBumbler/1_29/240903_1319,99911.303,99912.049,ins_buzz_medium,0.745999999999185,674
Even Sample,JamesU - MustardBumbler/1_29/240903_1319,99920.744,99922.767,ins_buzz_medium,2.02300000000105,675
Even Sample,JamesU - MustardBumbler/1_29/240903_1319,99954.266,99954.711,ins_buzz_medium,0.444999999992433,676
Even Sample,JamesU - MustardBumbler/1_29/240903_1319,99955.333,99957.395,ins_buzz_medium,2.06200000000536,677
Even Sample,Lily - Fit+Fast/2023_R3_Marysville/53/230808_1208,100320.0,100620.0,ins_trill,300.0,1
Even Sample,Lily - Fit+Fast/2023_R3_Marysville/53/230808_1208,100357.4573,100358.4966,ins_buzz_medium,1.039300000004,2
Even Sample,Lily - Fit+Fast/2023_R3_Marysville/53/230808_1208,100364.921,100365.7473,ins_buzz_medium,0.826300000000629,3
Even Sample,Lily - Fit+Fast/2023_R3_Marysville/53/230808_1208,100366.9485,100370.0584,ins_buzz_medium,3.10989999999583,4
Even Sample,Lily - Fit+Fast/2023_R3_Marysville/53/230808_1208,100371.5201,100372.7821,ins_buzz_medium,1.26200000000244,5
Even Sample,Lily - Fit+Fast/2023_R3_Marysville/53/230808_1208,100375.9325,100377.158,ins_buzz_medium,1.22550000000047,6
Even Sample,Lily - Fit+Fast/2023_R3_Marysville/53/230808_1208,100378.3011,100379.5222,ins_buzz_medium,1.22110000000976,7
Even Sample,Lily - Fit+Fast/2023_R3_Marysville/53/230808_1208,100384.556,100387.0199,ins_buzz_medium,2.46390000000247,8
Even Sample,Lily - Fit+Fast/2023_R3_Marysville/53/230808_1208,100391.527,100395.2784,ins_buzz_medium,3.75139999999374,9
Even Sample,Lily - Fit+Fast/2023_R3_Marysville/53/230808_1208,100401.5476,100401.9082,ins_buzz_medium,0.360599999999977,10
Even Sample,Lily - Fit+Fast/2023_R3_Marysville/53/230808_1208,100402.6594,100405.9646,ins_buzz_medium,3.30520000000251,11
Even Sample,Lily - Fit+Fast/2023_R3_Marysville/53/230808_1208,100408.2632,100410.2162,ins_buzz_medium,1.95299999999406,12
Even Sample,Lily - Fit+Fast/2023_R3_Marysville/53/230808_1208,100413.7918,100416.4021,ins_buzz_medium,2.61030000000028,13
Even Sample,Lily - Fit+Fast/2023_R3_Marysville/53/230808_1208,100416.4021,100419.9096,ins_buzz_medium,3.50749999999243,14
Even Sample,Lily - Fit+Fast/2023_R3_Marysville/53/230808_1208,100419.9096,100421.481,ins_buzz_medium,1.57140000000072,15
Even Sample,Lily - Fit+Fast/2023_R3_Marysville/53/230808_1208,100424.248,100425.833,ins_buzz_medium,1.58499999999185,16
Even Sample,Lily - Fit+Fast/2023_R3_Marysville/53/230808_1208,100425.937,100427.691,ins_buzz_medium,1.75400000000081,17
Even Sample,Lily - Fit+Fast/2023_R3_Marysville/53/230808_1208,100431.399,100456.038,mech_auto,24.6389999999956,18
Even Sample,Lily - Fit+Fast/2023_R3_Marysville/53/230808_1208,100446.525,100448.508,ins_buzz_medium,1.98300000000745,19
Even Sample,Lily - Fit+Fast/2023_R3_Marysville/53/230808_1208,100450.021,100450.653,ins_buzz_medium,0.63200000001234,20
Even Sample,Lily - Fit+Fast/2023_R3_Marysville/53/230808_1208,100453.798,100455.15,ins_buzz_medium,1.35199999999895,21
Even Sample,Lily - Fit+Fast/2023_R3_Marysville/53/230808_1208,100460.999,100461.568,ins_buzz_medium,0.569000000003143,22
Even Sample,Lily - Fit+Fast/2023_R3_Marysville/53/230808_1208,100463.488,100464.044,ins_buzz_medium,0.555999999996857,23
Even Sample,Lily - Fit+Fast/2023_R3_Marysville/53/230808_1208,100464.941,100465.787,ins_buzz_medium,0.845999999990454,24
Even Sample,Lily - Fit+Fast/2023_R3_Marysville/53/230808_1208,100471.131,100473.228,ins_buzz_medium,2.09700000000885,25
Even Sample,Lily - Fit+Fast/2023_R3_Marysville/53/230808_1208,100604.469,100608.56,ins_buzz_medium,4.09100000000035,26
Even Sample,Lily - Fit+Fast/2023_R3_Marysville/53/230808_1208,103920.0,103957.0307,ambient_background,37.030700000003,27
Even Sample,Lily - Fit+Fast/2023_R3_Marysville/53/230808_1208,103957.0307,103990.9898,mech_plane,33.9590999999928,28
Even Sample,Lily - Fit+Fast/2023_R3_Marysville/53/230808_1208,103990.9898,104026.664,ambient_background,35.6742000000086,29
Even Sample,Lily - Fit+Fast/2023_R3_Marysville/53/230808_1208,104026.664,104026.908,ins_buzz_medium,0.243999999991502,30
Even Sample,Lily - Fit+Fast/2023_R3_Marysville/53/230808_1208,104026.908,104060.102,ambient_background,33.1940000000031,31
Even Sample,Lily - Fit+Fast/2023_R3_Marysville/53/230808_1208,104060.102,104142.867,mech_plane,82.7649999999994,32
Even Sample,Lily - Fit+Fast/2023_R3_Marysville/53/230808_1208,104142.867,104195.085,ambient_background,52.218000000008,33
Even Sample,Lily - Fit+Fast/2023_R3_Marysville/53/230808_1208,104195.085,104220.0,mech_plane,24.9149999999936,34
Even Sample,Lily - Fit+Fast/2023_R3_Marysville/53/230808_1208,107520.0,107538.1611,ambient_background,18.1610999999975,35
Even Sample,Lily - Fit+Fast/2023_R3_Marysville/53/230808_1208,107538.1611,107553.5808,ambient_rain,15.4196999999986,36
Even Sample,Lily - Fit+Fast/2023_R3_Marysville/53/230808_1208,107553.5808,107561.1194,ambient_background,7.53859999999986,37
Even Sample,Lily - Fit+Fast/2023_R3_Marysville/53/230808_1208,107561.1194,107577.0531,ambient_rain,15.9337000000087,38
Even Sample,Lily - Fit+Fast/2023_R3_Marysville/53/230808_1208,107577.0531,107600.3969,ambient_background,23.3438000000024,39
Even Sample,Lily - Fit+Fast/2023_R3_Marysville/53/230808_1208,107600.3969,107619.2005,ambient_rain,18.8035999999993,40
Even Sample,Lily - Fit+Fast/2023_R3_Marysville/53/230808_1208,107619.2005,107628.914,ambient_background,9.71349999999802,41
Even Sample,Lily - Fit+Fast/2023_R3_Marysville/53/230808_1208,107628.914,107629.409,ins_buzz_medium,0.494999999995343,42
Even Sample,Lily - Fit+Fast/2023_R3_Marysville/53/230808_1208,107629.409,107631.062,ambient_background,1.6530000000057,43
Even Sample,Lily - Fit+Fast/2023_R3_Marysville/53/230808_1208,107631.062,107631.58,ins_buzz_medium,0.517999999996391,44
Even Sample,Lily - Fit+Fast/2023_R3_Marysville/53/230808_1208,107631.58,107635.477,ambient_background,3.89699999999721,45
Even Sample,Lily - Fit+Fast/2023_R3_Marysville/53/230808_1208,107635.477,107654.323,ambient_rain,18.846000000005,46
Even Sample,Lily - Fit+Fast/2023_R3_Marysville/53/230808_1208,107654.323,107669.229,ambient_background,14.9060000000027,47
Even Sample,Lily - Fit+Fast/2023_R3_Marysville/53/230808_1208,107669.229,107699.726,ambient_rain,30.4969999999885,48
Even Sample,Lily - Fit+Fast/2023_R3_Marysville/53/230808_1208,107699.726,107735.02,ambient_background,35.294000000009,49
Even Sample,Lily - Fit+Fast/2023_R3_Marysville/53/230808_1208,107735.02,107754.894,ambient_rain,19.8739999999962,50
Even Sample,Lily - Fit+Fast/2023_R3_Marysville/53/230808_1208,107754.894,107786.162,ambient_background,31.2679999999964,51
Even Sample,Lily - Fit+Fast/2023_R3_Marysville/53/230808_1208,107786.162,107791.045,ambient_rain,4.88300000000163,52
Even Sample,Lily - Fit+Fast/2023_R3_Marysville/53/230808_1208,107791.045,107797.095,ambient_background,6.05000000000291,53
Even Sample,Lily - Fit+Fast/2023_R3_Marysville/53/230808_1208,107797.095,107815.61,ambient_rain,18.5149999999994,54
Even Sample,Lily - Fit+Fast/2023_R3_Marysville/53/230808_1208,107815.61,107820.0,ambient_background,4.38999999999942,55
Even Sample,Lily - Fit+Fast/2023_R3_Marysville/53/230808_1208,111120.0,111420.0,ins_trill,300.0,56
Even Sample,Lily - Fit+Fast/2023_R3_Marysville/53/230808_1208,114720.0,114729.19401,ambient_background,9.19401000000653,57
Even Sample,Lily - Fit+Fast/2023_R3_Marysville/53/230808_1208,114729.19401,114732.1166,mech_auto,2.92258999998739,58
Even Sample,Lily - Fit+Fast/2023_R3_Marysville/53/230808_1208,114732.1166,114734.0955,ambient_background,1.97890000000189,59
Even Sample,Lily - Fit+Fast/2023_R3_Marysville/53/230808_1208,114734.0955,114741.1888,mech_auto,7.09330000000773,60
Even Sample,Lily - Fit+Fast/2023_R3_Marysville/53/230808_1208,114741.1888,114750.3829,ambient_background,9.19409999999334,61
Even Sample,Lily - Fit+Fast/2023_R3_Marysville/53/230808_1208,114750.3829,114752.4226,mech_auto,2.03970000000845,62
Even Sample,Lily - Fit+Fast/2023_R3_Marysville/53/230808_1208,114752.4226,114759.4247,ambient_background,7.00209999999788,63
Even Sample,Lily - Fit+Fast/2023_R3_Marysville/53/230808_1208,114759.4247,114772.6981,mech_auto,13.2733999999909,64
Even Sample,Lily - Fit+Fast/2023_R3_Marysville/53/230808_1208,114772.6981,114874.133,ambient_background,101.434900000007,65
Even Sample,Lily - Fit+Fast/2023_R3_Marysville/53/230808_1208,114874.133,114878.266,ambient_rain,4.13300000000163,66
Even Sample,Lily - Fit+Fast/2023_R3_Marysville/53/230808_1208,114878.266,115003.918,ambient_background,125.652000000002,67
Even Sample,Lily - Fit+Fast/2023_R3_Marysville/53/230808_1208,115003.918,115005.715,ambient_rain,1.79699999999139,68
Even Sample,Lily - Fit+Fast/2023_R3_Marysville/53/230808_1208,115005.715,115010.098,ambient_background,4.38300000000163,69
Even Sample,Lily - Fit+Fast/2023_R3_Marysville/53/230808_1208,115010.098,115011.499,ambient_rain,1.40099999999802,70
Even Sample,Lily - Fit+Fast/2023_R3_Marysville/53/230808_1208,115011.499,115020.0,ambient_background,8.50100000000384,71
Even Sample,Lily - Fit+Fast/2023_R3_Marysville/53/230808_1208,64320.0,64620.0,ins_trill,300.0,72
Even Sample,Lily - Fit+Fast/2023_R3_Marysville/53/230808_1208,64449.863,64538.771,mech_plane,88.9080000000031,73
Even Sample,Lily - Fit+Fast/2023_R3_Marysville/53/230808_1208,64602.253,64620.0,mech_auto,17.747000000003,74
Even Sample,Lily - Fit+Fast/2023_R3_Marysville/53/230808_1208,67920.0,68220.0,ins_trill,300.0,75
Even Sample,Lily - Fit+Fast/2023_R3_Marysville/53/230808_1208,67973.7543,68003.4471,mech_auto,29.6928000000044,76
Even Sample,Lily - Fit+Fast/2023_R3_Marysville/53/230808_1208,68014.7099,68091.16,mech_plane,76.4501000000018,77
Even Sample,Lily - Fit+Fast/2023_R3_Marysville/53/230808_1208,68118.976,68220.0,mech_plane,101.024000000005,78
Even Sample,Lily - Fit+Fast/2023_R3_Marysville/53/230808_1208,71520.0,71646.101,ambient_background,126.100999999995,79
Even Sample,Lily - Fit+Fast/2023_R3_Marysville/53/230808_1208,71646.101,71646.936,ins_buzz_medium,0.835000000006403,80
Even Sample,Lily - Fit+Fast/2023_R3_Marysville/53/230808_1208,71646.936,71686.705,ambient_background,39.7690000000002,81
Even Sample,Lily - Fit+Fast/2023_R3_Marysville/53/230808_1208,71686.705,71705.328,mech_auto,18.6229999999923,82
Even Sample,Lily - Fit+Fast/2023_R3_Marysville/53/230808_1208,71705.328,71737.761,ambient_background,32.4330000000045,83
Even Sample,Lily - Fit+Fast/2023_R3_Marysville/53/230808_1208,71737.761,71746.499,mech_auto,8.73799999999756,84
Even Sample,Lily - Fit+Fast/2023_R3_Marysville/53/230808_1208,71746.499,71765.917,ambient_background,19.4180000000051,85
Even Sample,Lily - Fit+Fast/2023_R3_Marysville/53/230808_1208,71765.917,71783.514,mech_auto,17.5969999999943,86
Even Sample,Lily - Fit+Fast/2023_R3_Marysville/53/230808_1208,71783.514,71789.542,ambient_background,6.0280000000057,87
Even Sample,Lily - Fit+Fast/2023_R3_Marysville/53/230808_1208,71789.542,71792.298,ins_buzz_medium,2.75599999999395,88
Even Sample,Lily - Fit+Fast/2023_R3_Marysville/53/230808_1208,71792.298,71820.0,ambient_background,27.7020000000048,89
Even Sample,Lily - Fit+Fast/2023_R3_Marysville/53/230808_1208,75120.0,75120.4288,ambient_background,0.428799999994226,90
Even Sample,Lily - Fit+Fast/2023_R3_Marysville/53/230808_1208,75120.4288,75122.0367,ins_trill,1.6079000000027,91
Even Sample,Lily - Fit+Fast/2023_R3_Marysville/53/230808_1208,75122.0367,75122.9836,ambient_background,0.946900000009919,92
Even Sample,Lily - Fit+Fast/2023_R3_Marysville/53/230808_1208,75122.9836,75124.7881,ins_trill,1.80449999999837,93
Even Sample,Lily - Fit+Fast/2023_R3_Marysville/53/230808_1208,75124.7881,75127.5752,ambient_background,2.78710000000137,94
Even Sample,Lily - Fit+Fast/2023_R3_Marysville/53/230808_1208,75127.5752,75146.7276,mech_plane,19.1523999999918,95
Even Sample,Lily - Fit+Fast/2023_R3_Marysville/53/230808_1208,75139.6884,75148.818,ins_trill,9.12960000000021,96
Even Sample,Lily - Fit+Fast/2023_R3_Marysville/53/230808_1208,75148.818,75150.6403,ambient_background,1.82229999999981,97
Even Sample,Lily - Fit+Fast/2023_R3_Marysville/53/230808_1208,75150.6403,75153.4632,ins_trill,2.82289999999921,98
Even Sample,Lily - Fit+Fast/2023_R3_Marysville/53/230808_1208,75153.4632,75154.1599,ambient_background,0.696700000000419,99
Even Sample,Lily - Fit+Fast/2023_R3_Marysville/53/230808_1208,75154.1599,75177.4504,mech_plane,23.2905000000028,100
Even Sample,Lily - Fit+Fast/2023_R3_Marysville/53/230808_1208,75155.2676,75167.363,ins_trill,12.0953999999911,101
Even Sample,Lily - Fit+Fast/2023_R3_Marysville/53/230808_1208,75168.3456,75239.184,ins_trill,70.8383999999933,102
Even Sample,Lily - Fit+Fast/2023_R3_Marysville/53/230808_1208,75239.184,75240.425,ambient_background,1.24100000000908,103
Even Sample,Lily - Fit+Fast/2023_R3_Marysville/53/230808_1208,75240.425,75250.751,ins_trill,10.3260000000009,104
Even Sample,Lily - Fit+Fast/2023_R3_Marysville/53/230808_1208,75250.751,75251.877,ambient_background,1.12599999998929,105
Even Sample,Lily - Fit+Fast/2023_R3_Marysville/53/230808_1208,75251.877,75275.63,ins_trill,23.7530000000115,106
Even Sample,Lily - Fit+Fast/2023_R3_Marysville/53/230808_1208,75275.63,75277.67,ambient_background,2.0399999999936,107
Even Sample,Lily - Fit+Fast/2023_R3_Marysville/53/230808_1208,75277.67,75298.874,ins_trill,21.2039999999979,108
Even Sample,Lily - Fit+Fast/2023_R3_Marysville/53/230808_1208,75298.874,75299.894,ambient_background,1.02000000000407,109
Even Sample,Lily - Fit+Fast/2023_R3_Marysville/53/230808_1208,75299.894,75314.618,ins_trill,14.724000000002,110
Even Sample,Lily - Fit+Fast/2023_R3_Marysville/53/230808_1208,75314.618,75315.425,ambient_background,0.807000000000698,111
Even Sample,Lily - Fit+Fast/2023_R3_Marysville/53/230808_1208,75315.425,75346.296,ins_trill,30.8709999999992,112
Even Sample,Lily - Fit+Fast/2023_R3_Marysville/53/230808_1208,75346.296,75347.252,ambient_background,0.955999999991036,113
Even Sample,Lily - Fit+Fast/2023_R3_Marysville/53/230808_1208,75347.252,75360.382,ins_trill,13.1300000000047,114
Even Sample,Lily - Fit+Fast/2023_R3_Marysville/53/230808_1208,75360.382,75361.041,ambient_background,0.658999999999651,115
Even Sample,Lily - Fit+Fast/2023_R3_Marysville/53/230808_1208,75361.041,75364.674,ins_trill,3.63300000000163,116
Even Sample,Lily - Fit+Fast/2023_R3_Marysville/53/230808_1208,75364.674,75365.588,ambient_background,0.914000000004307,117
Even Sample,Lily - Fit+Fast/2023_R3_Marysville/53/230808_1208,75365.588,75381.395,ins_trill,15.8070000000007,118
Even Sample,Lily - Fit+Fast/2023_R3_Marysville/53/230808_1208,75381.395,75382.606,ambient_background,1.21099999999569,119
Even Sample,Lily - Fit+Fast/2023_R3_Marysville/53/230808_1208,75382.606,75382.882,ins_trill,0.275999999998021,120
Even Sample,Lily - Fit+Fast/2023_R3_Marysville/53/230808_1208,75382.882,75383.499,ambient_background,0.61699999999837,121
Even Sample,Lily - Fit+Fast/2023_R3_Marysville/53/230808_1208,75383.499,75385.793,ins_trill,2.29400000000896,122
Even Sample,Lily - Fit+Fast/2023_R3_Marysville/53/230808_1208,75385.793,75386.282,ambient_background,0.489000000001397,123
Even Sample,Lily - Fit+Fast/2023_R3_Marysville/53/230808_1208,75386.282,75397.33,ins_trill,11.0479999999952,124
Even Sample,Lily - Fit+Fast/2023_R3_Marysville/53/230808_1208,75397.33,75398.329,ambient_background,0.998999999996158,125
Even Sample,Lily - Fit+Fast/2023_R3_Marysville/53/230808_1208,75398.329,75403.746,ins_trill,5.41700000000128,126
Even Sample,Lily - Fit+Fast/2023_R3_Marysville/53/230808_1208,75403.746,75404.32,ambient_background,0.5740000000078,127
Even Sample,Lily - Fit+Fast/2023_R3_Marysville/53/230808_1208,75404.32,75414.922,ins_trill,10.601999999999,128
Even Sample,Lily - Fit+Fast/2023_R3_Marysville/53/230808_1208,75414.922,75415.857,ambient_background,0.934999999997672,129
Even Sample,Lily - Fit+Fast/2023_R3_Marysville/53/230808_1208,75415.857,75420.0,ins_trill,4.14299999999639,130
Even Sample,Lily - Fit+Fast/2023_R3_Marysville/53/230808_1208,78720.0,78774.6075,mech_plane,54.6074999999983,131
Even Sample,Lily - Fit+Fast/2023_R3_Marysville/53/230808_1208,78729.08703,78732.7986,ins_trill,3.71156999999948,132
Even Sample,Lily - Fit+Fast/2023_R3_Marysville/53/230808_1208,78746.5785,78748.4983,ins_trill,1.91980000000331,133
Even Sample,Lily - Fit+Fast/2023_R3_Marysville/53/230808_1208,78755.5375,78759.7184,ins_trill,4.18089999999211,134
Even Sample,Lily - Fit+Fast/2023_R3_Marysville/53/230808_1208,78774.6075,78776.2287,ambient_background,1.62120000000868,135
Even Sample,Lily - Fit+Fast/2023_R3_Marysville/53/230808_1208,78776.2287,78779.2577,ins_trill,3.02899999999499,136
Even Sample,Lily - Fit+Fast/2023_R3_Marysville/53/230808_1208,78779.2577,78782.5853,ambient_background,3.32760000000417,137
Even Sample,Lily - Fit+Fast/2023_R3_Marysville/53/230808_1208,78782.5853,78786.3396,ins_trill,3.75430000000051,138
Even Sample,Lily - Fit+Fast/2023_R3_Marysville/53/230808_1208,78786.3396,78789.1838,ambient_background,2.84419999999227,139
Even Sample,Lily - Fit+Fast/2023_R3_Marysville/53/230808_1208,78789.1838,78790.1524,ins_buzz_medium,0.968600000007427,140
Even Sample,Lily - Fit+Fast/2023_R3_Marysville/53/230808_1208,78790.1524,78795.2986,ambient_background,5.14619999998831,141
Even Sample,Lily - Fit+Fast/2023_R3_Marysville/53/230808_1208,78795.2986,78799.9488,ins_trill,4.65020000000368,142
Even Sample,Lily - Fit+Fast/2023_R3_Marysville/53/230808_1208,78799.9488,78806.9881,ambient_background,7.039300000004,143
Even Sample,Lily - Fit+Fast/2023_R3_Marysville/53/230808_1208,78806.9881,78809.3771,ins_trill,2.38899999999558,144
Even Sample,Lily - Fit+Fast/2023_R3_Marysville/53/230808_1208,78809.3771,78812.4125,ambient_background,3.03540000000794,145
Even Sample,Lily - Fit+Fast/2023_R3_Marysville/53/230808_1208,78812.4125,78812.8968,ins_buzz_medium,0.484299999996438,146
Even Sample,Lily - Fit+Fast/2023_R3_Marysville/53/230808_1208,78812.8968,78815.8565,ambient_background,2.95969999999215,147
Even Sample,Lily - Fit+Fast/2023_R3_Marysville/53/230808_1208,78815.8565,78817.2376,ins_buzz_medium,1.3810999999987,148
Even Sample,Lily - Fit+Fast/2023_R3_Marysville/53/230808_1208,78816.8857,78821.408,ins_trill,4.5222999999969,149
Even Sample,Lily - Fit+Fast/2023_R3_Marysville/53/230808_1208,78821.408,78825.148,ambient_background,3.74000000000524,150
Even Sample,Lily - Fit+Fast/2023_R3_Marysville/53/230808_1208,78825.148,78840.592,mech_plane,15.4440000000031,151
Even Sample,Lily - Fit+Fast/2023_R3_Marysville/53/230808_1208,78833.567,78837.15,ins_trill,3.58299999999872,152
Even Sample,Lily - Fit+Fast/2023_R3_Marysville/53/230808_1208,78834.296,78902.423,mech_plane,68.1269999999931,153
Even Sample,Lily - Fit+Fast/2023_R3_Marysville/53/230808_1208,78838.463,78839.26,ins_buzz_medium,0.796999999991385,154
Even Sample,Lily - Fit+Fast/2023_R3_Marysville/53/230808_1208,78847.346,78851.229,ins_trill,3.88300000000163,155
Even Sample,Lily - Fit+Fast/2023_R3_Marysville/53/230808_1208,78851.7,78852.02,ins_buzz_medium,0.320000000006985,156
Even Sample,Lily - Fit+Fast/2023_R3_Marysville/53/230808_1208,78895.981,78899.949,ins_trill,3.96799999999348,157
Even Sample,Lily - Fit+Fast/2023_R3_Marysville/53/230808_1208,78902.423,78910.913,ambient_background,8.49000000000524,158
Even Sample,Lily - Fit+Fast/2023_R3_Marysville/53/230808_1208,78910.913,78914.625,ins_trill,3.71199999999953,159
Even Sample,Lily - Fit+Fast/2023_R3_Marysville/53/230808_1208,78914.625,78930.619,ambient_background,15.9940000000061,160
Even Sample,Lily - Fit+Fast/2023_R3_Marysville/53/230808_1208,78930.619,78931.48,ins_buzz_medium,0.860999999989872,161
Even Sample,Lily - Fit+Fast/2023_R3_Marysville/53/230808_1208,78931.476,78936.596,ins_trill,5.1200000000099,162
Even Sample,Lily - Fit+Fast/2023_R3_Marysville/53/230808_1208,78936.596,78939.582,ambient_background,2.98599999998987,163
Even Sample,Lily - Fit+Fast/2023_R3_Marysville/53/230808_1208,78939.582,78943.933,ins_trill,4.35100000000966,164
Even Sample,Lily - Fit+Fast/2023_R3_Marysville/53/230808_1208,78943.933,78944.789,ambient_background,0.855999999999767,165
Even Sample,Lily - Fit+Fast/2023_R3_Marysville/53/230808_1208,78944.789,78948.287,ins_buzz_medium,3.49799999999232,166
Even Sample,Lily - Fit+Fast/2023_R3_Marysville/53/230808_1208,78948.287,78950.493,ambient_background,2.20600000000559,167
Even Sample,Lily - Fit+Fast/2023_R3_Marysville/53/230808_1208,78950.493,78953.824,ins_buzz_medium,3.33099999999104,168
Even Sample,Lily - Fit+Fast/2023_R3_Marysville/53/230808_1208,78953.824,78954.103,ambient_background,0.279000000009546,169
Even Sample,Lily - Fit+Fast/2023_R3_Marysville/53/230808_1208,78954.103,78960.58,ins_buzz_medium,6.47699999999895,170
Even Sample,Lily - Fit+Fast/2023_R3_Marysville/53/230808_1208,78959.761,78963.814,ins_trill,4.05299999999988,171
Even Sample,Lily - Fit+Fast/2023_R3_Marysville/53/230808_1208,78963.814,78974.096,ambient_background,10.2820000000065,172
Even Sample,Lily - Fit+Fast/2023_R3_Marysville/53/230808_1208,78974.096,78979.258,ins_trill,5.16199999999662,173
Even Sample,Lily - Fit+Fast/2023_R3_Marysville/53/230808_1208,78979.258,78992.654,ambient_background,13.3959999999934,174
Even Sample,Lily - Fit+Fast/2023_R3_Marysville/53/230808_1208,78992.654,78997.304,ins_trill,4.65000000000873,175
Even Sample,Lily - Fit+Fast/2023_R3_Marysville/53/230808_1208,78997.304,79007.969,ambient_background,10.6649999999936,176
Even Sample,Lily - Fit+Fast/2023_R3_Marysville/53/230808_1208,79007.969,79010.572,ins_trill,2.60300000000279,177
Even Sample,Lily - Fit+Fast/2023_R3_Marysville/53/230808_1208,79010.572,79016.331,ambient_background,5.75900000000547,178
Even Sample,Lily - Fit+Fast/2023_R3_Marysville/53/230808_1208,79016.331,79020.0,ins_trill,3.66899999999441,179
Even Sample,Lily - Fit+Fast/2023_R3_Marysville/53/230808_1208,82320.0,82349.0224,ambient_background,29.0224000000017,180
Even Sample,Lily - Fit+Fast/2023_R3_Marysville/53/230808_1208,82349.0224,82349.2243,ins_buzz_medium,0.201900000000023,181
Even Sample,Lily - Fit+Fast/2023_R3_Marysville/53/230808_1208,82349.2243,82363.3714,ambient_background,14.147100000002,182
Even Sample,Lily - Fit+Fast/2023_R3_Marysville/53/230808_1208,82363.3714,82365.7399,ins_buzz_medium,2.36849999999686,183
Even Sample,Lily - Fit+Fast/2023_R3_Marysville/53/230808_1208,82365.7399,82428.144,ambient_background,62.4040999999997,184
Even Sample,Lily - Fit+Fast/2023_R3_Marysville/53/230808_1208,82428.144,82428.27,ins_buzz_high,0.126000000003842,185
Even Sample,Lily - Fit+Fast/2023_R3_Marysville/53/230808_1208,82428.27,82536.242,ambient_background,107.971999999994,186
Even Sample,Lily - Fit+Fast/2023_R3_Marysville/53/230808_1208,82536.242,82536.792,ins_buzz_medium,0.55000000000291,187
Even Sample,Lily - Fit+Fast/2023_R3_Marysville/53/230808_1208,82536.792,82575.187,ambient_background,38.3950000000041,188
Even Sample,Lily - Fit+Fast/2023_R3_Marysville/53/230808_1208,82575.187,82579.473,ins_buzz_medium,4.28599999999278,189
Even Sample,Lily - Fit+Fast/2023_R3_Marysville/53/230808_1208,82579.473,82581.165,ambient_background,1.69199999999546,190
Even Sample,Lily - Fit+Fast/2023_R3_Marysville/53/230808_1208,82581.165,82581.391,ins_buzz_medium,0.226000000009662,191
Even Sample,Lily - Fit+Fast/2023_R3_Marysville/53/230808_1208,82581.391,82583.578,ambient_background,2.1869999999908,192
Even Sample,Lily - Fit+Fast/2023_R3_Marysville/53/230808_1208,82583.578,82586.421,ins_buzz_medium,2.84300000000803,193
Even Sample,Lily - Fit+Fast/2023_R3_Marysville/53/230808_1208,82586.421,82589.381,ambient_background,2.95999999999185,194
Even Sample,Lily - Fit+Fast/2023_R3_Marysville/53/230808_1208,82589.381,82594.608,ins_buzz_medium,5.22699999999895,195
Even Sample,Lily - Fit+Fast/2023_R3_Marysville/53/230808_1208,82594.608,82596.717,ambient_background,2.10900000001129,196
Even Sample,Lily - Fit+Fast/2023_R3_Marysville/53/230808_1208,82596.717,82603.372,ins_trill,6.65499999999884,197
Even Sample,Lily - Fit+Fast/2023_R3_Marysville/53/230808_1208,82598.185,82601.336,ins_buzz_medium,3.15099999999802,198
Even Sample,Lily - Fit+Fast/2023_R3_Marysville/53/230808_1208,82603.372,82605.668,ambient_background,2.2960000000021,199
Even Sample,Lily - Fit+Fast/2023_R3_Marysville/53/230808_1208,82605.668,82608.915,ins_buzz_medium,3.24699999998847,200
Even Sample,Lily - Fit+Fast/2023_R3_Marysville/53/230808_1208,82608.915,82615.031,ambient_background,6.11600000000908,201
Even Sample,Lily - Fit+Fast/2023_R3_Marysville/53/230808_1208,82615.031,82619.856,ins_buzz_medium,4.82499999999709,202
Even Sample,Lily - Fit+Fast/2023_R3_Marysville/53/230808_1208,82619.856,82620.0,ambient_background,0.144000000000233,203
Even Sample,Lily - Fit+Fast/2023_R3_Marysville/53/230808_1208,85920.0,85920.142331,ambient_background,0.142330999995465,204
Even Sample,Lily - Fit+Fast/2023_R3_Marysville/53/230808_1208,85920.142331,85923.98526,ins_buzz_medium,3.84292900000582,205
Even Sample,Lily - Fit+Fast/2023_R3_Marysville/53/230808_1208,85923.98526,85928.1698,ins_buzz_medium,4.18454000000202,206
Even Sample,Lily - Fit+Fast/2023_R3_Marysville/53/230808_1208,85928.1698,85929.90432,ins_buzz_medium,1.73451999999816,207
Even Sample,Lily - Fit+Fast/2023_R3_Marysville/53/230808_1208,85929.9616,85931.3908,ins_buzz_medium,1.42919999999867,208
Even Sample,Lily - Fit+Fast/2023_R3_Marysville/53/230808_1208,85931.3908,85932.756,ambient_background,1.36520000000019,209
Even Sample,Lily - Fit+Fast/2023_R3_Marysville/53/230808_1208,85932.756,85936.1049,ins_buzz_medium,3.34890000001178,210
Even Sample,Lily - Fit+Fast/2023_R3_Marysville/53/230808_1208,85936.1049,85939.9103,ambient_background,3.80539999999746,211
Even Sample,Lily - Fit+Fast/2023_R3_Marysville/53/230808_1208,85939.9103,85943.9103,ins_buzz_medium,4.0,212
Even Sample,Lily - Fit+Fast/2023_R3_Marysville/53/230808_1208,85943.9103,85950.3396,ambient_background,6.42930000000342,213
Even Sample,Lily - Fit+Fast/2023_R3_Marysville/53/230808_1208,85950.3396,85952.7143,ins_buzz_medium,2.3747000000003,214
Even Sample,Lily - Fit+Fast/2023_R3_Marysville/53/230808_1208,85952.7143,85953.3536,ambient_background,0.639299999995274,215
Even Sample,Lily - Fit+Fast/2023_R3_Marysville/53/230808_1208,85953.3536,85954.1908,ins_buzz_medium,0.837199999994482,216
Even Sample,Lily - Fit+Fast/2023_R3_Marysville/53/230808_1208,85954.1908,85956.2763,ambient_background,2.08550000000105,217
Even Sample,Lily - Fit+Fast/2023_R3_Marysville/53/230808_1208,85956.2763,85957.2352,ins_buzz_medium,0.958899999997811,218
Even Sample,Lily - Fit+Fast/2023_R3_Marysville/53/230808_1208,85957.2352,85960.7802,ambient_background,3.54499999999825,219
Even Sample,Lily - Fit+Fast/2023_R3_Marysville/53/230808_1208,85960.7802,85961.3282,ins_buzz_medium,0.548000000009779,220
Even Sample,Lily - Fit+Fast/2023_R3_Marysville/53/230808_1208,85961.3282,85962.0786,ambient_background,0.750399999989895,221
Even Sample,Lily - Fit+Fast/2023_R3_Marysville/53/230808_1208,85962.0786,85965.1676,ins_buzz_medium,3.08900000000722,222
Even Sample,Lily - Fit+Fast/2023_R3_Marysville/53/230808_1208,85965.1676,85967.8149,ambient_background,2.6472999999969,223
Even Sample,Lily - Fit+Fast/2023_R3_Marysville/53/230808_1208,85967.8149,85970.1188,ins_buzz_medium,2.30389999999898,224
Even Sample,Lily - Fit+Fast/2023_R3_Marysville/53/230808_1208,85970.1188,85976.269,ambient_background,6.15020000000368,225
Even Sample,Lily - Fit+Fast/2023_R3_Marysville/53/230808_1208,85976.269,85982.2242,ins_buzz_medium,5.95519999999669,226
Even Sample,Lily - Fit+Fast/2023_R3_Marysville/53/230808_1208,85982.2242,85983.3881,ambient_background,1.16389999999956,227
Even Sample,Lily - Fit+Fast/2023_R3_Marysville/53/230808_1208,85983.3881,85986.021,ins_buzz_medium,2.63289999999688,228
Even Sample,Lily - Fit+Fast/2023_R3_Marysville/53/230808_1208,85986.021,85988.0605,ambient_background,2.0395000000135,229
Even Sample,Lily - Fit+Fast/2023_R3_Marysville/53/230808_1208,85988.0605,85989.2699,ins_buzz_medium,1.20939999999246,230
Even Sample,Lily - Fit+Fast/2023_R3_Marysville/53/230808_1208,85989.2699,85992.5143,ambient_background,3.24439999999595,231
Even Sample,Lily - Fit+Fast/2023_R3_Marysville/53/230808_1208,85992.5143,85996.8551,ins_buzz_medium,4.3408000000054,232
Even Sample,Lily - Fit+Fast/2023_R3_Marysville/53/230808_1208,85996.8551,85998.1107,ambient_background,1.25560000000405,233
Even Sample,Lily - Fit+Fast/2023_R3_Marysville/53/230808_1208,85998.1107,86006.2542,ins_buzz_medium,8.14349999999104,234
Even Sample,Lily - Fit+Fast/2023_R3_Marysville/53/230808_1208,86006.2542,86008.012,ambient_background,1.75780000000668,235
Even Sample,Lily - Fit+Fast/2023_R3_Marysville/53/230808_1208,86008.012,86009.5188,ins_buzz_medium,1.50680000000284,236
Even Sample,Lily - Fit+Fast/2023_R3_Marysville/53/230808_1208,86009.5188,86013.8204,ambient_background,4.3015999999916,237
Even Sample,Lily - Fit+Fast/2023_R3_Marysville/53/230808_1208,86013.8204,86015.5457,ins_buzz_medium,1.72530000000552,238
Even Sample,Lily - Fit+Fast/2023_R3_Marysville/53/230808_1208,86015.5457,86018.9962,ambient_background,3.45049999999173,239
Even Sample,Lily - Fit+Fast/2023_R3_Marysville/53/230808_1208,86018.9962,86020.234,mech_auto,1.23780000000261,240
Even Sample,Lily - Fit+Fast/2023_R3_Marysville/53/230808_1208,86020.234,86022.278,ambient_background,2.04400000000896,241
Even Sample,Lily - Fit+Fast/2023_R3_Marysville/53/230808_1208,86022.278,86023.318,ins_buzz_medium,1.0399999999936,242
Even Sample,Lily - Fit+Fast/2023_R3_Marysville/53/230808_1208,86023.318,86026.619,ambient_background,3.30100000000675,243
Even Sample,Lily - Fit+Fast/2023_R3_Marysville/53/230808_1208,86026.619,86030.601,ins_buzz_medium,3.98199999998906,244
Even Sample,Lily - Fit+Fast/2023_R3_Marysville/53/230808_1208,86026.978,86219.253,ins_buzz_medium,192.274999999994,245
Even Sample,Lily - Fit+Fast/2023_R3_Marysville/53/230808_1208,86029.829,86031.289,mech_auto,1.4600000000064,246
Even Sample,Lily - Fit+Fast/2023_R3_Marysville/53/230808_1208,86034.568,86035.182,ins_buzz_medium,0.614000000001397,247
Even Sample,Lily - Fit+Fast/2023_R3_Marysville/53/230808_1208,86036.102,86037.435,ins_buzz_medium,1.33299999999872,248
Even Sample,Lily - Fit+Fast/2023_R3_Marysville/53/230808_1208,86063.623,86065.273,ins_buzz_medium,1.64999999999418,249
Even Sample,Lily - Fit+Fast/2023_R3_Marysville/53/230808_1208,86072.504,86073.011,ins_buzz_medium,0.506999999997788,250
Even Sample,Lily - Fit+Fast/2023_R3_Marysville/53/230808_1208,86075.587,86076.466,ins_buzz_medium,0.879000000000815,251
Even Sample,Lily - Fit+Fast/2023_R3_Marysville/53/230808_1208,86078.601,86082.834,ins_buzz_medium,4.23300000000745,252
Even Sample,Lily - Fit+Fast/2023_R3_Marysville/53/230808_1208,86084.532,86085.103,ins_buzz_medium,0.570999999996275,253
Even Sample,Lily - Fit+Fast/2023_R3_Marysville/53/230808_1208,86091.767,86095.928,ins_buzz_medium,4.16099999999278,254
Even Sample,Lily - Fit+Fast/2023_R3_Marysville/53/230808_1208,86097.51,86098.443,ins_buzz_medium,0.93300000000454,255
Even Sample,Lily - Fit+Fast/2023_R3_Marysville/53/230808_1208,86101.202,86106.906,ins_buzz_medium,5.7039999999979,256
Even Sample,Lily - Fit+Fast/2023_R3_Marysville/53/230808_1208,86109.166,86118.5,ins_buzz_medium,9.33400000000256,257
Even Sample,Lily - Fit+Fast/2023_R3_Marysville/53/230808_1208,86123.336,86125.991,ins_buzz_medium,2.65499999999884,258
Even Sample,Lily - Fit+Fast/2023_R3_Marysville/53/230808_1208,86129.812,86130.852,ins_buzz_medium,1.0399999999936,259
Even Sample,Lily - Fit+Fast/2023_R3_Marysville/53/230808_1208,86134.314,86136.108,ins_buzz_medium,1.79399999999441,260
Even Sample,Lily - Fit+Fast/2023_R3_Marysville/53/230808_1208,86138.027,86139.188,ins_buzz_medium,1.16099999999278,261
Even Sample,Lily - Fit+Fast/2023_R3_Marysville/53/230808_1208,86139.806,86141.644,ins_buzz_medium,1.83800000000338,262
Even Sample,Lily - Fit+Fast/2023_R3_Marysville/53/230808_1208,86144.036,86147.336,ins_buzz_medium,3.30000000000291,263
Even Sample,Lily - Fit+Fast/2023_R3_Marysville/53/230808_1208,86150.368,86150.87,ins_buzz_medium,0.501999999993131,264
Even Sample,Lily - Fit+Fast/2023_R3_Marysville/53/230808_1208,86153.758,86158.96,ins_buzz_medium,5.20200000000477,265
Even Sample,Lily - Fit+Fast/2023_R3_Marysville/53/230808_1208,86162.403,86165.812,ins_buzz_medium,3.40899999999965,266
Even Sample,Lily - Fit+Fast/2023_R3_Marysville/53/230808_1208,86166.045,86166.726,ambient_noise,0.680999999996857,267
Even Sample,Lily - Fit+Fast/2023_R3_Marysville/53/230808_1208,86167.264,86168.968,ambient_noise,1.7039999999979,268
Even Sample,Lily - Fit+Fast/2023_R3_Marysville/53/230808_1208,86169.471,86170.995,ambient_noise,1.52399999999034,269
Even Sample,Lily - Fit+Fast/2023_R3_Marysville/53/230808_1208,86171.247,86171.623,ambient_noise,0.376000000003842,270
Even Sample,Lily - Fit+Fast/2023_R3_Marysville/53/230808_1208,86172.215,86173.453,ins_buzz_medium,1.23799999999756,271
Even Sample,Lily - Fit+Fast/2023_R3_Marysville/53/230808_1208,86180.935,86181.47,ins_buzz_medium,0.535000000003492,272
Even Sample,Lily - Fit+Fast/2023_R3_Marysville/53/230808_1208,86186.673,86190.099,ins_buzz_medium,3.42600000000675,273
Even Sample,Lily - Fit+Fast/2023_R3_Marysville/53/230808_1208,86190.099,86194.368,ins_buzz_medium,4.26900000000023,274
Even Sample,Lily - Fit+Fast/2023_R3_Marysville/53/230808_1208,86196.287,86220.0,mech_plane,23.7130000000034,275
Even Sample,Lily - Fit+Fast/2023_R3_Marysville/53/230808_1208,86196.287,86197.578,ins_buzz_medium,1.29099999999744,276
Even Sample,Lily - Fit+Fast/2023_R3_Marysville/53/230808_1208,86199.928,86208.538,ins_buzz_medium,8.61000000000058,277
Even Sample,Lily - Fit+Fast/2023_R3_Marysville/53/230808_1208,86212.412,86218.139,ins_buzz_medium,5.72699999999895,278
Even Sample,Lily - Fit+Fast/2023_R3_Marysville/53/230808_1208,89520.0,89522.52664,ins_buzz_medium,2.5266399999964,279
Even Sample,Lily - Fit+Fast/2023_R3_Marysville/53/230808_1208,89520.0,89820.0,ins_buzz_medium,300.0,280
Even Sample,Lily - Fit+Fast/2023_R3_Marysville/53/230808_1208,89523.19803,89526.98563,ins_buzz_medium,3.78759999999602,281
Even Sample,Lily - Fit+Fast/2023_R3_Marysville/53/230808_1208,89528.33793,89530.3845,ins_buzz_medium,2.04657000000589,282
Even Sample,Lily - Fit+Fast/2023_R3_Marysville/53/230808_1208,89531.2735,89535.6999,ins_buzz_medium,4.4264000000112,283
Even Sample,Lily - Fit+Fast/2023_R3_Marysville/53/230808_1208,89534.7055,89541.8144,ins_buzz_medium,7.10890000000654,284
Even Sample,Lily - Fit+Fast/2023_R3_Marysville/53/230808_1208,89542.5648,89543.5233,ins_buzz_medium,0.958500000007916,285
Even Sample,Lily - Fit+Fast/2023_R3_Marysville/53/230808_1208,89544.5301,89547.1207,ins_buzz_medium,2.5905999999959,286
Even Sample,Lily - Fit+Fast/2023_R3_Marysville/53/230808_1208,89547.7103,89549.5683,ins_buzz_medium,1.8579999999929,287
Even Sample,Lily - Fit+Fast/2023_R3_Marysville/53/230808_1208,89552.4358,89553.6151,ins_buzz_medium,1.17929999998887,288
Even Sample,Lily - Fit+Fast/2023_R3_Marysville/53/230808_1208,89554.0209,89557.9138,ins_buzz_medium,3.89289999999164,289
Even Sample,Lily - Fit+Fast/2023_R3_Marysville/53/230808_1208,89573.796,89578.0453,ins_buzz_medium,4.24929999999586,290
Even Sample,Lily - Fit+Fast/2023_R3_Marysville/53/230808_1208,89578.6067,89579.448,ins_buzz_medium,0.841300000000047,291
Even Sample,Lily - Fit+Fast/2023_R3_Marysville/53/230808_1208,89580.2623,89580.9769,ins_buzz_medium,0.71459999999206,292
Even Sample,Lily - Fit+Fast/2023_R3_Marysville/53/230808_1208,89584.1392,89585.5685,ins_buzz_medium,1.42929999998887,293
Even Sample,Lily - Fit+Fast/2023_R3_Marysville/53/230808_1208,89587.9037,89592.84,ins_buzz_medium,4.93630000000121,294
Even Sample,Lily - Fit+Fast/2023_R3_Marysville/53/230808_1208,89594.7025,89597.5921,ins_buzz_medium,2.88959999999497,295
Even Sample,Lily - Fit+Fast/2023_R3_Marysville/53/230808_1208,89598.7536,89600.3259,ins_buzz_medium,1.57229999999981,296
Even Sample,Lily - Fit+Fast/2023_R3_Marysville/53/230808_1208,89604.703,89606.6862,ins_buzz_medium,1.9832000000024,297
Even Sample,Lily - Fit+Fast/2023_R3_Marysville/53/230808_1208,89608.7586,89610.2237,ins_buzz_medium,1.46510000000126,298
Even Sample,Lily - Fit+Fast/2023_R3_Marysville/53/230808_1208,89615.2976,89617.388,ins_buzz_medium,2.09040000000095,299
Even Sample,Lily - Fit+Fast/2023_R3_Marysville/53/230808_1208,89619.0085,89621.473,ins_buzz_medium,2.46450000000186,300
Even Sample,Lily - Fit+Fast/2023_R3_Marysville/53/230808_1208,89625.195,89625.803,ins_buzz_medium,0.607999999992899,301
Even Sample,Lily - Fit+Fast/2023_R3_Marysville/53/230808_1208,89626.875,89628.483,ins_buzz_medium,1.6079999999929,302
Even Sample,Lily - Fit+Fast/2023_R3_Marysville/53/230808_1208,89631.591,89633.45,ins_buzz_medium,1.85899999999674,303
Even Sample,Lily - Fit+Fast/2023_R3_Marysville/53/230808_1208,89638.881,89640.489,ins_buzz_medium,1.60800000000745,304
Even Sample,Lily - Fit+Fast/2023_R3_Marysville/53/230808_1208,89641.793,89642.811,ins_buzz_medium,1.01799999999639,305
Even Sample,Lily - Fit+Fast/2023_R3_Marysville/53/230808_1208,89645.313,89646.849,ins_buzz_medium,1.53600000000733,306
Even Sample,Lily - Fit+Fast/2023_R3_Marysville/53/230808_1208,89648.743,89650.172,ins_buzz_medium,1.42900000000373,307
Even Sample,Lily - Fit+Fast/2023_R3_Marysville/53/230808_1208,89652.048,89652.977,ins_buzz_medium,0.929000000003725,308
Even Sample,Lily - Fit+Fast/2023_R3_Marysville/53/230808_1208,89657.422,89660.992,ins_buzz_medium,3.56999999999243,309
Even Sample,Lily - Fit+Fast/2023_R3_Marysville/53/230808_1208,89676.185,89678.401,ins_buzz_medium,2.21600000000035,310
Even Sample,Lily - Fit+Fast/2023_R3_Marysville/53/230808_1208,89682.492,89683.921,ins_buzz_medium,1.42900000000373,311
Even Sample,Lily - Fit+Fast/2023_R3_Marysville/53/230808_1208,89684.332,89688.612,ins_buzz_medium,4.27999999999884,312
Even Sample,Lily - Fit+Fast/2023_R3_Marysville/53/230808_1208,89694.221,89696.346,ins_buzz_medium,2.125,313
Even Sample,Lily - Fit+Fast/2023_R3_Marysville/53/230808_1208,89699.83,89702.216,ins_buzz_medium,2.3859999999986,314
Even Sample,Lily - Fit+Fast/2023_R3_Marysville/53/230808_1208,89705.269,89709.943,ins_buzz_medium,4.67399999999907,315
Even Sample,Lily - Fit+Fast/2023_R3_Marysville/53/230808_1208,89711.81,89713.722,ins_buzz_medium,1.91199999999662,316
Even Sample,Lily - Fit+Fast/2023_R3_Marysville/53/230808_1208,89715.491,89717.134,ins_buzz_medium,1.64300000001094,317
Even Sample,Lily - Fit+Fast/2023_R3_Marysville/53/230808_1208,89720.482,89730.17,ins_buzz_medium,9.68799999999464,318
Even Sample,Lily - Fit+Fast/2023_R3_Marysville/53/230808_1208,89733.785,89734.643,ins_buzz_medium,0.857999999992899,319
Even Sample,Lily - Fit+Fast/2023_R3_Marysville/53/230808_1208,89737.394,89745.297,ins_buzz_medium,7.9030000000057,320
Even Sample,Lily - Fit+Fast/2023_R3_Marysville/53/230808_1208,89791.743,89792.315,ins_buzz_medium,0.572000000000116,321
Even Sample,Lily - Fit+Fast/2023_R3_Marysville/53/230808_1208,93120.0,93419.485,ins_buzz_medium,299.485000000001,322
Even Sample,Lily - Fit+Fast/2023_R3_Marysville/53/230808_1208,93142.8859,93203.0278,mech_plane,60.1419000000024,323
Even Sample,Lily - Fit+Fast/2023_R3_Marysville/53/230808_1208,93278.918,93279.881,ins_buzz_medium,0.962999999988824,324
Even Sample,Lily - Fit+Fast/2023_R3_Marysville/53/230808_1208,93281.028,93282.518,ins_buzz_medium,1.48999999999069,325
Even Sample,Lily - Fit+Fast/2023_R3_Marysville/53/230808_1208,93283.876,93286.962,ins_buzz_medium,3.08599999999569,326
Even Sample,Lily - Fit+Fast/2023_R3_Marysville/53/230808_1208,93301.889,93303.128,ins_buzz_medium,1.2390000000014,327
Even Sample,Lily - Fit+Fast/2023_R3_Marysville/53/230808_1208,93303.128,93330.79,mech_plane,27.6619999999966,328
Even Sample,Lily - Fit+Fast/2023_R3_Marysville/53/230808_1208,93306.411,93308.613,ins_buzz_medium,2.20200000000477,329
Even Sample,Lily - Fit+Fast/2023_R3_Marysville/53/230808_1208,93308.838,93309.945,ins_buzz_medium,1.10700000000361,330
Even Sample,Lily - Fit+Fast/2023_R3_Marysville/53/230808_1208,93393.598,93395.76,ins_buzz_medium,2.16199999999662,331
Even Sample,Lily - Fit+Fast/2023_R3_Marysville/53/230808_1208,93410.08,93410.66,ins_buzz_medium,0.580000000001746,332
Even Sample,Lily - Fit+Fast/2023_R3_Marysville/53/230808_1208,93415.935,93416.541,ins_buzz_medium,0.605999999999767,333
Even Sample,Lily - Fit+Fast/2023_R3_Marysville/53/230808_1208,93419.485,93420.0,ambient_background,0.514999999999418,334
Even Sample,Lily - Fit+Fast/2023_R3_Marysville/53/230808_1208,96720.0,96728.7861,ambient_background,8.78609999999753,335
Even Sample,Lily - Fit+Fast/2023_R3_Marysville/53/230808_1208,96728.7861,96886.369,mech_plane,157.582900000009,336
Even Sample,Lily - Fit+Fast/2023_R3_Marysville/53/230808_1208,96730.1945,96730.5955,ins_buzz_medium,0.400999999998021,337
Even Sample,Lily - Fit+Fast/2023_R3_Marysville/53/230808_1208,96778.6687,96779.1487,ins_buzz_medium,0.480000000010477,338
Even Sample,Lily - Fit+Fast/2023_R3_Marysville/53/230808_1208,96817.9327,96821.457,mech_auto,3.52429999999003,339
Even Sample,Lily - Fit+Fast/2023_R3_Marysville/53/230808_1208,96830.2,96833.838,mech_auto,3.63800000000629,340
Even Sample,Lily - Fit+Fast/2023_R3_Marysville/53/230808_1208,96852.927,96861.884,mech_auto,8.95700000000943,341
Even Sample,Lily - Fit+Fast/2023_R3_Marysville/53/230808_1208,96886.369,96907.982,ambient_background,21.6129999999976,342
Even Sample,Lily - Fit+Fast/2023_R3_Marysville/53/230808_1208,96907.982,96909.549,ins_buzz_medium,1.56699999999546,343
Even Sample,Lily - Fit+Fast/2023_R3_Marysville/53/230808_1208,96909.549,96937.049,ambient_background,27.5,344
Even Sample,Lily - Fit+Fast/2023_R3_Marysville/53/230808_1208,96937.049,96938.656,ins_buzz_low,1.60700000000361,345
Even Sample,Lily - Fit+Fast/2023_R3_Marysville/53/230808_1208,96938.656,96979.436,ambient_background,40.7799999999988,346
Even Sample,Lily - Fit+Fast/2023_R3_Marysville/53/230808_1208,96979.436,96979.954,ins_buzz_medium,0.517999999996391,347
Even Sample,Lily - Fit+Fast/2023_R3_Marysville/53/230808_1208,96979.954,96992.334,ambient_background,12.3800000000047,348
Even Sample,Lily - Fit+Fast/2023_R3_Marysville/53/230808_1208,96992.334,96992.638,ins_buzz_medium,0.304000000003725,349
Even Sample,Lily - Fit+Fast/2023_R3_Marysville/53/230808_1208,96992.638,97020.0,ambient_background,27.3619999999937,350
Even Sample,Lily Adam - One Hive/recorders/willard/2024-08-07/1_11/240807_1016,103440.0,103452.2286,ambient_background,12.2286000000022,1
Even Sample,Lily Adam - One Hive/recorders/willard/2024-08-07/1_11/240807_1016,103452.2286,103453.1104,ins_buzz_high,0.88180000000284,2
Even Sample,Lily Adam - One Hive/recorders/willard/2024-08-07/1_11/240807_1016,103453.1104,103456.0634,ambient_background,2.95299999999406,3
Even Sample,Lily Adam - One Hive/recorders/willard/2024-08-07/1_11/240807_1016,103456.0634,103456.939,ins_buzz_high,0.875599999999395,4
Even Sample,Lily Adam - One Hive/recorders/willard/2024-08-07/1_11/240807_1016,103456.939,103460.2181,ambient_background,3.27909999999974,5
Even Sample,Lily Adam - One Hive/recorders/willard/2024-08-07/1_11/240807_1016,103460.2181,103460.8024,ins_buzz_high,0.584300000002258,6
Even Sample,Lily Adam - One Hive/recorders/willard/2024-08-07/1_11/240807_1016,103460.8024,103461.1317,ambient_background,0.329299999997602,7
Even Sample,Lily Adam - One Hive/recorders/willard/2024-08-07/1_11/240807_1016,103461.1317,103461.4611,ambient_noise,0.329400000002352,8
Even Sample,Lily Adam - One Hive/recorders/willard/2024-08-07/1_11/240807_1016,103461.4611,103464.8184,ambient_background,3.35730000000331,9
Even Sample,Lily Adam - One Hive/recorders/willard/2024-08-07/1_11/240807_1016,103464.8184,103465.7108,ins_buzz_high,0.892399999996996,10
Even Sample,Lily Adam - One Hive/recorders/willard/2024-08-07/1_11/240807_1016,103465.7108,103480.99,ambient_background,15.2792000000045,11
Even Sample,Lily Adam - One Hive/recorders/willard/2024-08-07/1_11/240807_1016,103480.99,103481.6196,ins_buzz_high,0.62960000000021,12
Even Sample,Lily Adam - One Hive/recorders/willard/2024-08-07/1_11/240807_1016,103481.6196,103483.8475,ambient_background,2.22789999999804,13
Even Sample,Lily Adam - One Hive/recorders/willard/2024-08-07/1_11/240807_1016,103483.8475,103484.5094,ins_buzz_high,0.661899999991874,14
Even Sample,Lily Adam - One Hive/recorders/willard/2024-08-07/1_11/240807_1016,103484.5094,103505.807,ambient_background,21.2976000000053,15
Even Sample,Lily Adam - One Hive/recorders/willard/2024-08-07/1_11/240807_1016,103505.807,103506.8163,ins_buzz_high,1.00930000000517,16
Even Sample,Lily Adam - One Hive/recorders/willard/2024-08-07/1_11/240807_1016,103506.8163,103507.135,ambient_background,0.318699999988894,17
Even Sample,Lily Adam - One Hive/recorders/willard/2024-08-07/1_11/240807_1016,103507.135,103508.0168,ins_buzz_high,0.88180000000284,18
Even Sample,Lily Adam - One Hive/recorders/willard/2024-08-07/1_11/240807_1016,103508.0168,103508.9411,ambient_background,0.924299999998766,19
Even Sample,Lily Adam - One Hive/recorders/willard/2024-08-07/1_11/240807_1016,103508.9411,103509.5467,ins_buzz_high,0.605600000009872,20
Even Sample,Lily Adam - One Hive/recorders/willard/2024-08-07/1_11/240807_1016,103509.5467,103512.2984,ambient_background,2.75169999999343,21
Even Sample,Lily Adam - One Hive/recorders/willard/2024-08-07/1_11/240807_1016,103512.2984,103512.5215,ambient_noise,0.223100000002887,22
Even Sample,Lily Adam - One Hive/recorders/willard/2024-08-07/1_11/240807_1016,103512.5215,103515.2413,ambient_background,2.71979999999166,23
Even Sample,Lily Adam - One Hive/recorders/willard/2024-08-07/1_11/240807_1016,103515.2413,103516.5906,ambient_noise,1.34930000000168,24
Even Sample,Lily Adam - One Hive/recorders/willard/2024-08-07/1_11/240807_1016,103516.5906,103517.1325,ambient_background,0.541900000011083,25
Even Sample,Lily Adam - One Hive/recorders/willard/2024-08-07/1_11/240807_1016,103517.1325,103519.1511,ambient_noise,2.01859999999579,26
Even Sample,Lily Adam - One Hive/recorders/willard/2024-08-07/1_11/240807_1016,103519.1511,103522.0303,ambient_background,2.87919999999576,27
Even Sample,Lily Adam - One Hive/recorders/willard/2024-08-07/1_11/240807_1016,103522.0303,103524.9945,ambient_noise,2.96420000000217,28
Even Sample,Lily Adam - One Hive/recorders/willard/2024-08-07/1_11/240807_1016,103522.944,103523.8895,ambient_noise,0.94550000000163,29
Even Sample,Lily Adam - One Hive/recorders/willard/2024-08-07/1_11/240807_1016,103524.9945,103526.6731,ambient_background,1.67859999999928,30
Even Sample,Lily Adam - One Hive/recorders/willard/2024-08-07/1_11/240807_1016,103526.6731,103527.5124,ambient_noise,0.839300000006915,31
Even Sample,Lily Adam - One Hive/recorders/willard/2024-08-07/1_11/240807_1016,103527.5124,103528.1818,ambient_background,0.669399999998859,32
Even Sample,Lily Adam - One Hive/recorders/willard/2024-08-07/1_11/240807_1016,103528.1818,103530.2854,ambient_noise,2.10359999998764,33
Even Sample,Lily Adam - One Hive/recorders/willard/2024-08-07/1_11/240807_1016,103530.2854,103531.9109,ambient_background,1.6255000000092,34
Even Sample,Lily Adam - One Hive/recorders/willard/2024-08-07/1_11/240807_1016,103531.9109,103533.8764,ins_buzz_medium,1.96549999999115,35
Even Sample,Lily Adam - One Hive/recorders/willard/2024-08-07/1_11/240807_1016,103533.8764,103536.5415,ambient_background,2.6651000000129,36
Even Sample,Lily Adam - One Hive/recorders/willard/2024-08-07/1_11/240807_1016,103536.5415,103537.1327,ins_buzz_high,0.591199999995297,37
Even Sample,Lily Adam - One Hive/recorders/willard/2024-08-07/1_11/240807_1016,103537.1327,103537.9242,ambient_background,0.791499999992084,38
Even Sample,Lily Adam - One Hive/recorders/willard/2024-08-07/1_11/240807_1016,103537.9242,103538.2217,ambient_noise,0.297500000000582,39
Even Sample,Lily Adam - One Hive/recorders/willard/2024-08-07/1_11/240807_1016,103538.2217,103559.566,ambient_background,21.3443000000116,40
Even Sample,Lily Adam - One Hive/recorders/willard/2024-08-07/1_11/240807_1016,103559.566,103560.008,ins_buzz_high,0.44199999999546,41
Even Sample,Lily Adam - One Hive/recorders/willard/2024-08-07/1_11/240807_1016,103560.008,103561.65,ins_buzz_high,1.64199999999255,42
Even Sample,Lily Adam - One Hive/recorders/willard/2024-08-07/1_11/240807_1016,103561.65,103563.083,ambient_background,1.43300000000454,43
Even Sample,Lily Adam - One Hive/recorders/willard/2024-08-07/1_11/240807_1016,103563.083,103563.316,ambient_noise,0.233000000007451,44
Even Sample,Lily Adam - One Hive/recorders/willard/2024-08-07/1_11/240807_1016,103563.316,103563.688,ins_buzz_high,0.371999999988475,45
Even Sample,Lily Adam - One Hive/recorders/willard/2024-08-07/1_11/240807_1016,103563.688,103571.508,ambient_background,7.82000000000698,46
Even Sample,Lily Adam - One Hive/recorders/willard/2024-08-07/1_11/240807_1016,103571.508,103572.581,ins_buzz_high,1.07300000000396,47
Even Sample,Lily Adam - One Hive/recorders/willard/2024-08-07/1_11/240807_1016,103572.581,103585.627,ambient_background,13.0459999999875,48
Even Sample,Lily Adam - One Hive/recorders/willard/2024-08-07/1_11/240807_1016,103585.627,103586.431,ins_buzz_high,0.804000000003725,49
Even Sample,Lily Adam - One Hive/recorders/willard/2024-08-07/1_11/240807_1016,103586.431,103589.091,ambient_background,2.66000000000349,50
Even Sample,Lily Adam - One Hive/recorders/willard/2024-08-07/1_11/240807_1016,103589.091,103589.367,ambient_noise,0.275999999998021,51
Even Sample,Lily Adam - One Hive/recorders/willard/2024-08-07/1_11/240807_1016,103589.367,103590.493,ambient_background,1.12600000000384,52
Even Sample,Lily Adam - One Hive/recorders/willard/2024-08-07/1_11/240807_1016,103590.493,103591.367,ins_buzz_high,0.873999999996158,53
Even Sample,Lily Adam - One Hive/recorders/willard/2024-08-07/1_11/240807_1016,103591.367,103613.697,ambient_background,22.3300000000017,54
Even Sample,Lily Adam - One Hive/recorders/willard/2024-08-07/1_11/240807_1016,103613.697,103614.504,ins_buzz_high,0.807000000000698,55
Even Sample,Lily Adam - One Hive/recorders/willard/2024-08-07/1_11/240807_1016,103614.504,103614.897,ambient_background,0.392999999996391,56
Even Sample,Lily Adam - One Hive/recorders/willard/2024-08-07/1_11/240807_1016,103614.897,103615.163,ambient_noise,0.26600000000326,57
Even Sample,Lily Adam - One Hive/recorders/willard/2024-08-07/1_11/240807_1016,103615.163,103622.483,ambient_background,7.31999999999243,58
Even Sample,Lily Adam - One Hive/recorders/willard/2024-08-07/1_11/240807_1016,103622.483,103623.036,ins_buzz_high,0.552999999999884,59
Even Sample,Lily Adam - One Hive/recorders/willard/2024-08-07/1_11/240807_1016,103623.036,103623.333,ambient_background,0.297000000005937,60
Even Sample,Lily Adam - One Hive/recorders/willard/2024-08-07/1_11/240807_1016,103623.333,103624.279,ins_buzz_high,0.945999999996275,61
Even Sample,Lily Adam - One Hive/recorders/willard/2024-08-07/1_11/240807_1016,103624.279,103633.129,ambient_background,8.85000000000582,62
Even Sample,Lily Adam - One Hive/recorders/willard/2024-08-07/1_11/240807_1016,103633.129,103633.557,ins_buzz_high,0.427999999999884,63
Even Sample,Lily Adam - One Hive/recorders/willard/2024-08-07/1_11/240807_1016,103633.557,103635.785,ambient_background,2.22800000000279,64
Even Sample,Lily Adam - One Hive/recorders/willard/2024-08-07/1_11/240807_1016,103635.785,103636.592,ins_buzz_high,0.807000000000698,65
Even Sample,Lily Adam - One Hive/recorders/willard/2024-08-07/1_11/240807_1016,103636.592,103637.262,ambient_background,0.669999999998254,66
Even Sample,Lily Adam - One Hive/recorders/willard/2024-08-07/1_11/240807_1016,103637.262,103637.963,ins_buzz_high,0.701000000000931,67
Even Sample,Lily Adam - One Hive/recorders/willard/2024-08-07/1_11/240807_1016,103637.963,103641.171,ambient_background,3.20799999999872,68
Even Sample,Lily Adam - One Hive/recorders/willard/2024-08-07/1_11/240807_1016,103641.171,103642.829,ambient_noise,1.65799999999581,69
Even Sample,Lily Adam - One Hive/recorders/willard/2024-08-07/1_11/240807_1016,103642.829,103644.178,ambient_background,1.34900000000198,70
Even Sample,Lily Adam - One Hive/recorders/willard/2024-08-07/1_11/240807_1016,103644.178,103646.345,mech_auto,2.16700000000128,71
Even Sample,Lily Adam - One Hive/recorders/willard/2024-08-07/1_11/240807_1016,103645.134,103649.766,ambient_noise,4.63199999999779,72
Even Sample,Lily Adam - One Hive/recorders/willard/2024-08-07/1_11/240807_1016,103649.766,103653.984,ambient_background,4.21799999999348,73
Even Sample,Lily Adam - One Hive/recorders/willard/2024-08-07/1_11/240807_1016,103653.984,103654.314,ins_buzz_high,0.330000000001746,74
Even Sample,Lily Adam - One Hive/recorders/willard/2024-08-07/1_11/240807_1016,103654.314,103656.136,ambient_background,1.82200000000012,75
Even Sample,Lily Adam - One Hive/recorders/willard/2024-08-07/1_11/240807_1016,103656.136,103656.275,ins_buzz_high,0.138999999995576,76
Even Sample,Lily Adam - One Hive/recorders/willard/2024-08-07/1_11/240807_1016,103656.275,103691.998,ambient_background,35.7230000000127,77
Even Sample,Lily Adam - One Hive/recorders/willard/2024-08-07/1_11/240807_1016,103691.998,103692.402,ambient_noise,0.403999999994994,78
Even Sample,Lily Adam - One Hive/recorders/willard/2024-08-07/1_11/240807_1016,103692.402,103692.625,ambient_background,0.222999999998137,79
Even Sample,Lily Adam - One Hive/recorders/willard/2024-08-07/1_11/240807_1016,103692.625,103693.674,ins_buzz_high,1.04899999999907,80
Even Sample,Lily Adam - One Hive/recorders/willard/2024-08-07/1_11/240807_1016,103693.674,103705.767,ambient_background,12.093000000008,81
Even Sample,Lily Adam - One Hive/recorders/willard/2024-08-07/1_11/240807_1016,103705.767,103710.697,ambient_noise,4.92999999999302,82
Even Sample,Lily Adam - One Hive/recorders/willard/2024-08-07/1_11/240807_1016,103710.697,103717.634,ambient_background,6.93700000000536,83
Even Sample,Lily Adam - One Hive/recorders/willard/2024-08-07/1_11/240807_1016,103717.634,103717.943,ambient_noise,0.30899999999383,84
Even Sample,Lily Adam - One Hive/recorders/willard/2024-08-07/1_11/240807_1016,103717.943,103740.0,ambient_background,22.0570000000007,85
Even Sample,Lily Adam - One Hive/recorders/willard/2024-08-07/1_11/240807_1016,107040.0,107060.0103,ambient_background,20.0102999999945,86
Even Sample,Lily Adam - One Hive/recorders/willard/2024-08-07/1_11/240807_1016,107060.0103,107060.2604,ambient_noise,0.25010000000475,87
Even Sample,Lily Adam - One Hive/recorders/willard/2024-08-07/1_11/240807_1016,107060.2604,107063.0737,ambient_background,2.81329999999434,88
Even Sample,Lily Adam - One Hive/recorders/willard/2024-08-07/1_11/240807_1016,107063.0737,107063.2177,ins_buzz_high,0.144000000000233,89
Even Sample,Lily Adam - One Hive/recorders/willard/2024-08-07/1_11/240807_1016,107063.2177,107077.0458,ambient_background,13.8281000000134,90
Even Sample,Lily Adam - One Hive/recorders/willard/2024-08-07/1_11/240807_1016,107077.0458,107077.6371,ins_buzz_high,0.591300000000047,91
Even Sample,Lily Adam - One Hive/recorders/willard/2024-08-07/1_11/240807_1016,107077.6371,107080.9586,ambient_background,3.32149999999092,92
Even Sample,Lily Adam - One Hive/recorders/willard/2024-08-07/1_11/240807_1016,107080.9586,107081.7011,ins_buzz_high,0.742500000007567,93
Even Sample,Lily Adam - One Hive/recorders/willard/2024-08-07/1_11/240807_1016,107081.7011,107091.1781,ambient_background,9.47699999999895,94
Even Sample,Lily Adam - One Hive/recorders/willard/2024-08-07/1_11/240807_1016,107091.1781,107092.1429,ins_buzz_high,0.96480000000156,95
Even Sample,Lily Adam - One Hive/recorders/willard/2024-08-07/1_11/240807_1016,107092.1429,107096.8596,ambient_background,4.71669999998994,96
Even Sample,Lily Adam - One Hive/recorders/willard/2024-08-07/1_11/240807_1016,107096.8596,107097.3509,ins_buzz_high,0.491300000008778,97
Even Sample,Lily Adam - One Hive/recorders/willard/2024-08-07/1_11/240807_1016,107097.3509,107099.9594,ambient_background,2.6085000000021,98
Even Sample,Lily Adam - One Hive/recorders/willard/2024-08-07/1_11/240807_1016,107099.9594,107101.5316,ins_buzz_high,1.57219999999506,99
Even Sample,Lily Adam - One Hive/recorders/willard/2024-08-07/1_11/240807_1016,107101.5316,107112.3586,ambient_background,10.8270000000048,100
Even Sample,Lily Adam - One Hive/recorders/willard/2024-08-07/1_11/240807_1016,107112.3586,107112.6534,ambient_noise,0.294799999988754,101
Even Sample,Lily Adam - One Hive/recorders/willard/2024-08-07/1_11/240807_1016,107112.6534,107132.3332,ambient_background,19.6797999999981,102
Even Sample,Lily Adam - One Hive/recorders/willard/2024-08-07/1_11/240807_1016,107132.3332,107132.6369,ins_buzz_high,0.303700000004028,103
Even Sample,Lily Adam - One Hive/recorders/willard/2024-08-07/1_11/240807_1016,107132.6369,107145.567,ambient_background,12.9300999999978,104
Even Sample,Lily Adam - One Hive/recorders/willard/2024-08-07/1_11/240807_1016,107145.567,107155.595,mech_plane,10.0280000000057,105
Even Sample,Lily Adam - One Hive/recorders/willard/2024-08-07/1_11/240807_1016,107150.689,107151.162,ins_buzz_high,0.472999999998137,106
Even Sample,Lily Adam - One Hive/recorders/willard/2024-08-07/1_11/240807_1016,107155.595,107164.162,ambient_background,8.56699999999546,107
Even Sample,Lily Adam - One Hive/recorders/willard/2024-08-07/1_11/240807_1016,107164.162,107164.555,ambient_noise,0.392999999996391,108
Even Sample,Lily Adam - One Hive/recorders/willard/2024-08-07/1_11/240807_1016,107164.555,107187.104,ambient_background,22.5490000000136,109
Even Sample,Lily Adam - One Hive/recorders/willard/2024-08-07/1_11/240807_1016,107187.104,107189.14,ambient_noise,2.03599999999278,110
Even Sample,Lily Adam - One Hive/recorders/willard/2024-08-07/1_11/240807_1016,107189.14,107190.436,ambient_background,1.2960000000021,111
Even Sample,Lily Adam - One Hive/recorders/willard/2024-08-07/1_11/240807_1016,107190.436,107190.702,ambient_noise,0.26600000000326,112
Even Sample,Lily Adam - One Hive/recorders/willard/2024-08-07/1_11/240807_1016,107190.702,107215.944,ambient_background,25.2419999999984,113
Even Sample,Lily Adam - One Hive/recorders/willard/2024-08-07/1_11/240807_1016,107215.944,107216.178,ambient_noise,0.23399999999674,114
Even Sample,Lily Adam - One Hive/recorders/willard/2024-08-07/1_11/240807_1016,107216.178,107241.951,ambient_background,25.773000000001,115
Even Sample,Lily Adam - One Hive/recorders/willard/2024-08-07/1_11/240807_1016,107241.951,107242.269,ambient_noise,0.317999999999302,116
Even Sample,Lily Adam - One Hive/recorders/willard/2024-08-07/1_11/240807_1016,107242.269,107249.174,ambient_background,6.90499999999884,117
Even Sample,Lily Adam - One Hive/recorders/willard/2024-08-07/1_11/240807_1016,107249.174,107251.299,mech_auto,2.125,118
Even Sample,Lily Adam - One Hive/recorders/willard/2024-08-07/1_11/240807_1016,107251.299,107267.351,ambient_background,16.051999999996,119
Even Sample,Lily Adam - One Hive/recorders/willard/2024-08-07/1_11/240807_1016,107267.351,107267.641,ambient_noise,0.290000000008149,120
Even Sample,Lily Adam - One Hive/recorders/willard/2024-08-07/1_11/240807_1016,107267.641,107292.845,ambient_background,25.2039999999979,121
Even Sample,Lily Adam - One Hive/recorders/willard/2024-08-07/1_11/240807_1016,107292.845,107293.135,ambient_noise,0.289999999993597,122
Even Sample,Lily Adam - One Hive/recorders/willard/2024-08-07/1_11/240807_1016,107293.135,107319.274,ambient_background,26.1390000000101,123
Even Sample,Lily Adam - One Hive/recorders/willard/2024-08-07/1_11/240807_1016,107319.274,107319.527,ambient_noise,0.252999999996973,124
Even Sample,Lily Adam - One Hive/recorders/willard/2024-08-07/1_11/240807_1016,107319.527,107340.0,ambient_background,20.4729999999981,125
Even Sample,Lily Adam - One Hive/recorders/willard/2024-08-07/1_11/240807_1016,110640.0,110654.8646,ins_trill,14.8646000000008,126
Even Sample,Lily Adam - One Hive/recorders/willard/2024-08-07/1_11/240807_1016,110653.4918,110654.153,ins_buzz_high,0.661200000002282,127
Even Sample,Lily Adam - One Hive/recorders/willard/2024-08-07/1_11/240807_1016,110654.3345,110654.4945,ambient_noise,0.160000000003492,128
Even Sample,Lily Adam - One Hive/recorders/willard/2024-08-07/1_11/240807_1016,110654.8646,110675.5971,ambient_background,20.7324999999983,129
Even Sample,Lily Adam - One Hive/recorders/willard/2024-08-07/1_11/240807_1016,110675.5971,110678.1258,ins_buzz_high,2.5286999999953,130
Even Sample,Lily Adam - One Hive/recorders/willard/2024-08-07/1_11/240807_1016,110678.1258,110679.9453,ambient_background,1.81950000001234,131
Even Sample,Lily Adam - One Hive/recorders/willard/2024-08-07/1_11/240807_1016,110679.9453,110680.1303,ambient_noise,0.184999999997672,132
Even Sample,Lily Adam - One Hive/recorders/willard/2024-08-07/1_11/240807_1016,110680.1303,110687.7781,ambient_background,7.64779999999155,133
Even Sample,Lily Adam - One Hive/recorders/willard/2024-08-07/1_11/240807_1016,110687.7781,110688.2509,ins_buzz_high,0.47280000000319,134
Even Sample,Lily Adam - One Hive/recorders/willard/2024-08-07/1_11/240807_1016,110688.2509,110706.1574,ambient_background,17.9064999999973,135
Even Sample,Lily Adam - One Hive/recorders/willard/2024-08-07/1_11/240807_1016,110706.1574,110706.291,ambient_noise,0.133600000001024,136
Even Sample,Lily Adam - One Hive/recorders/willard/2024-08-07/1_11/240807_1016,110706.291,110732.1126,ambient_background,25.8215999999957,137
Even Sample,Lily Adam - One Hive/recorders/willard/2024-08-07/1_11/240807_1016,110732.1126,110732.2873,ambient_noise,0.174700000003213,138
Even Sample,Lily Adam - One Hive/recorders/willard/2024-08-07/1_11/240807_1016,110732.2873,110744.653,ambient_background,12.3657000000094,139
Even Sample,Lily Adam - One Hive/recorders/willard/2024-08-07/1_11/240807_1016,110744.653,110745.321,ins_buzz_high,0.66799999999057,140
Even Sample,Lily Adam - One Hive/recorders/willard/2024-08-07/1_11/240807_1016,110745.321,110757.807,ambient_background,12.4860000000044,141
Even Sample,Lily Adam - One Hive/recorders/willard/2024-08-07/1_11/240807_1016,110757.807,110757.996,ambient_noise,0.188999999998487,142
Even Sample,Lily Adam - One Hive/recorders/willard/2024-08-07/1_11/240807_1016,110757.851,110758.548,ins_buzz_medium,0.697000000000116,143
Even Sample,Lily Adam - One Hive/recorders/willard/2024-08-07/1_11/240807_1016,110758.548,110758.665,ambient_background,0.11699999999837,144
Even Sample,Lily Adam - One Hive/recorders/willard/2024-08-07/1_11/240807_1016,110758.665,110759.057,ins_buzz_high,0.392000000007101,145
Even Sample,Lily Adam - One Hive/recorders/willard/2024-08-07/1_11/240807_1016,110759.057,110759.268,ambient_background,0.210999999995693,146
Even Sample,Lily Adam - One Hive/recorders/willard/2024-08-07/1_11/240807_1016,110759.268,110759.696,ins_buzz_medium,0.427999999999884,147
Even Sample,Lily Adam - One Hive/recorders/willard/2024-08-07/1_11/240807_1016,110759.696,110777.172,ambient_background,17.4760000000097,148
Even Sample,Lily Adam - One Hive/recorders/willard/2024-08-07/1_11/240807_1016,110777.172,110777.925,ins_buzz_medium,0.752999999996973,149
Even Sample,Lily Adam - One Hive/recorders/willard/2024-08-07/1_11/240807_1016,110777.925,110783.274,ambient_background,5.34900000000198,150
Even Sample,Lily Adam - One Hive/recorders/willard/2024-08-07/1_11/240807_1016,110783.274,110783.543,ambient_noise,0.269000000000233,151
Even Sample,Lily Adam - One Hive/recorders/willard/2024-08-07/1_11/240807_1016,110783.543,110800.601,ambient_background,17.05799999999,152
Even Sample,Lily Adam - One Hive/recorders/willard/2024-08-07/1_11/240807_1016,110800.601,110801.096,ins_buzz_medium,0.495000000009895,153
Even Sample,Lily Adam - One Hive/recorders/willard/2024-08-07/1_11/240807_1016,110801.096,110804.073,ambient_background,2.97699999999895,154
Even Sample,Lily Adam - One Hive/recorders/willard/2024-08-07/1_11/240807_1016,110804.073,110805.088,ambient_noise,1.01499999999942,155
Even Sample,Lily Adam - One Hive/recorders/willard/2024-08-07/1_11/240807_1016,110805.088,110808.828,ambient_background,3.73999999999069,156
Even Sample,Lily Adam - One Hive/recorders/willard/2024-08-07/1_11/240807_1016,110808.828,110808.969,ambient_noise,0.14100000000326,157
Even Sample,Lily Adam - One Hive/recorders/willard/2024-08-07/1_11/240807_1016,110808.969,110832.641,ambient_background,23.6720000000059,158
Even Sample,Lily Adam - One Hive/recorders/willard/2024-08-07/1_11/240807_1016,110832.641,110832.861,ins_buzz_medium,0.220000000001164,159
Even Sample,Lily Adam - One Hive/recorders/willard/2024-08-07/1_11/240807_1016,110832.861,110834.291,ambient_background,1.42999999999302,160
Even Sample,Lily Adam - One Hive/recorders/willard/2024-08-07/1_11/240807_1016,110834.291,110834.576,ambient_noise,0.285000000003492,161
Even Sample,Lily Adam - One Hive/recorders/willard/2024-08-07/1_11/240807_1016,110834.576,110859.743,ambient_background,25.1670000000013,162
Even Sample,Lily Adam - One Hive/recorders/willard/2024-08-07/1_11/240807_1016,110859.743,110859.933,ambient_noise,0.190000000002328,163
Even Sample,Lily Adam - One Hive/recorders/willard/2024-08-07/1_11/240807_1016,110859.933,110885.242,ambient_background,25.3089999999938,164
Even Sample,Lily Adam - One Hive/recorders/willard/2024-08-07/1_11/240807_1016,110885.242,110885.354,ambient_noise,0.112000000008265,165
Even Sample,Lily Adam - One Hive/recorders/willard/2024-08-07/1_11/240807_1016,110885.354,110936.022,ambient_background,50.6679999999906,166
Even Sample,Lily Adam - One Hive/recorders/willard/2024-08-07/1_11/240807_1016,110936.022,110936.177,ambient_noise,0.154999999998836,167
Even Sample,Lily Adam - One Hive/recorders/willard/2024-08-07/1_11/240807_1016,110936.177,110940.0,ambient_background,3.82300000000396,168
Even Sample,Lily Adam - One Hive/recorders/willard/2024-08-07/1_11/240807_1016,114240.0,114245.81556,ambient_background,5.81556000000273,169
Even Sample,Lily Adam - One Hive/recorders/willard/2024-08-07/1_11/240807_1016,114245.81556,114246.3894,ambient_noise,0.57383999999729,170
Even Sample,Lily Adam - One Hive/recorders/willard/2024-08-07/1_11/240807_1016,114246.3894,114249.01026,ambient_background,2.62085999999545,171
Even Sample,Lily Adam - One Hive/recorders/willard/2024-08-07/1_11/240807_1016,114249.01026,114249.47276,ambient_noise,0.462500000008731,172
Even Sample,Lily Adam - One Hive/recorders/willard/2024-08-07/1_11/240807_1016,114249.47276,114272.5637,ambient_background,23.0909399999946,173
Even Sample,Lily Adam - One Hive/recorders/willard/2024-08-07/1_11/240807_1016,114272.5637,114272.8549,ambient_noise,0.291200000006938,174
Even Sample,Lily Adam - One Hive/recorders/willard/2024-08-07/1_11/240807_1016,114272.8549,114284.4004,ambient_background,11.5454999999929,175
Even Sample,Lily Adam - One Hive/recorders/willard/2024-08-07/1_11/240807_1016,114284.4004,114284.6316,ambient_noise,0.231199999994715,176
Even Sample,Lily Adam - One Hive/recorders/willard/2024-08-07/1_11/240807_1016,114284.6316,114286.2761,ambient_background,1.64450000000943,177
Even Sample,Lily Adam - One Hive/recorders/willard/2024-08-07/1_11/240807_1016,114286.2761,114286.79,ambient_noise,0.513899999990826,178
Even Sample,Lily Adam - One Hive/recorders/willard/2024-08-07/1_11/240807_1016,114286.79,114288.1518,ambient_background,1.36180000001332,179
Even Sample,Lily Adam - One Hive/recorders/willard/2024-08-07/1_11/240807_1016,114288.1518,114289.7706,ambient_noise,1.61879999999655,180
Even Sample,Lily Adam - One Hive/recorders/willard/2024-08-07/1_11/240807_1016,114289.7706,114295.0123,ambient_background,5.24169999999867,181
Even Sample,Lily Adam - One Hive/recorders/willard/2024-08-07/1_11/240807_1016,114295.0123,114295.4833,ambient_noise,0.471000000005006,182
Even Sample,Lily Adam - One Hive/recorders/willard/2024-08-07/1_11/240807_1016,114295.4833,114295.8259,ambient_background,0.342599999989034,183
Even Sample,Lily Adam - One Hive/recorders/willard/2024-08-07/1_11/240807_1016,114295.8259,114296.3227,ambient_noise,0.496800000008079,184
Even Sample,Lily Adam - One Hive/recorders/willard/2024-08-07/1_11/240807_1016,114296.3227,114297.1192,ambient_background,0.79649999999674,185
Even Sample,Lily Adam - One Hive/recorders/willard/2024-08-07/1_11/240807_1016,114297.1192,114297.95,ambient_noise,0.830799999996088,186
Even Sample,Lily Adam - One Hive/recorders/willard/2024-08-07/1_11/240807_1016,114297.95,114298.9179,ambient_background,0.967900000003283,187
Even Sample,Lily Adam - One Hive/recorders/willard/2024-08-07/1_11/240807_1016,114298.9179,114299.7572,ambient_noise,0.839299999992363,188
Even Sample,Lily Adam - One Hive/recorders/willard/2024-08-07/1_11/240807_1016,114299.7572,114302.9519,ambient_background,3.19470000000729,189
Even Sample,Lily Adam - One Hive/recorders/willard/2024-08-07/1_11/240807_1016,114302.9519,114305.1188,ambient_noise,2.16689999999653,190
Even Sample,Lily Adam - One Hive/recorders/willard/2024-08-07/1_11/240807_1016,114305.1188,114306.1038,ambient_background,0.985000000000582,191
Even Sample,Lily Adam - One Hive/recorders/willard/2024-08-07/1_11/240807_1016,114306.1038,114306.4635,ambient_noise,0.359700000000885,192
Even Sample,Lily Adam - One Hive/recorders/willard/2024-08-07/1_11/240807_1016,114306.4635,114329.0406,ambient_background,22.577099999995,193
Even Sample,Lily Adam - One Hive/recorders/willard/2024-08-07/1_11/240807_1016,114329.0406,114329.6829,ambient_noise,0.642300000006799,194
Even Sample,Lily Adam - One Hive/recorders/willard/2024-08-07/1_11/240807_1016,114329.6829,114334.1195,ambient_background,4.43660000000091,195
Even Sample,Lily Adam - One Hive/recorders/willard/2024-08-07/1_11/240807_1016,114334.1195,114334.385,ambient_noise,0.265499999994063,196
Even Sample,Lily Adam - One Hive/recorders/willard/2024-08-07/1_11/240807_1016,114334.385,114338.0423,ambient_background,3.65730000000622,197
Even Sample,Lily Adam - One Hive/recorders/willard/2024-08-07/1_11/240807_1016,114338.0423,114338.3848,ambient_noise,0.342499999998836,198
Even Sample,Lily Adam - One Hive/recorders/willard/2024-08-07/1_11/240807_1016,114338.3848,114343.584,ambient_background,5.19920000000275,199
Even Sample,Lily Adam - One Hive/recorders/willard/2024-08-07/1_11/240807_1016,114343.584,114345.288,ambient_noise,1.7039999999979,200
Even Sample,Lily Adam - One Hive/recorders/willard/2024-08-07/1_11/240807_1016,114345.288,114358.983,ambient_background,13.6949999999924,201
Even Sample,Lily Adam - One Hive/recorders/willard/2024-08-07/1_11/240807_1016,114358.983,114359.129,ambient_noise,0.146000000007916,202
Even Sample,Lily Adam - One Hive/recorders/willard/2024-08-07/1_11/240807_1016,114359.129,114359.651,ambient_background,0.521999999997206,203
Even Sample,Lily Adam - One Hive/recorders/willard/2024-08-07/1_11/240807_1016,114359.651,114359.866,ambient_noise,0.214999999996508,204
Even Sample,Lily Adam - One Hive/recorders/willard/2024-08-07/1_11/240807_1016,114359.866,114371.959,ambient_background,12.093000000008,205
Even Sample,Lily Adam - One Hive/recorders/willard/2024-08-07/1_11/240807_1016,114371.959,114372.593,ambient_noise,0.63399999999092,206
Even Sample,Lily Adam - One Hive/recorders/willard/2024-08-07/1_11/240807_1016,114371.959,114372.593,ambient_noise,0.63399999999092,207
Even Sample,Lily Adam - One Hive/recorders/willard/2024-08-07/1_11/240807_1016,114372.593,114379.642,ambient_background,7.04900000001362,208
Even Sample,Lily Adam - One Hive/recorders/willard/2024-08-07/1_11/240807_1016,114379.642,114380.464,ambient_noise,0.822000000000116,209
Even Sample,Lily Adam - One Hive/recorders/willard/2024-08-07/1_11/240807_1016,114380.464,114380.618,ambient_background,0.153999999994994,210
Even Sample,Lily Adam - One Hive/recorders/willard/2024-08-07/1_11/240807_1016,114380.618,114381.732,ambient_noise,1.1140000000014,211
Even Sample,Lily Adam - One Hive/recorders/willard/2024-08-07/1_11/240807_1016,114381.732,114383.205,ambient_background,1.47299999999814,212
Even Sample,Lily Adam - One Hive/recorders/willard/2024-08-07/1_11/240807_1016,114383.205,114383.436,ambient_noise,0.230999999999767,213
Even Sample,Lily Adam - One Hive/recorders/willard/2024-08-07/1_11/240807_1016,114383.436,114384.19,ambient_background,0.754000000000815,214
Even Sample,Lily Adam - One Hive/recorders/willard/2024-08-07/1_11/240807_1016,114384.19,114387.367,ambient_noise,3.17699999999604,215
Even Sample,Lily Adam - One Hive/recorders/willard/2024-08-07/1_11/240807_1016,114387.367,114388.532,ambient_background,1.16500000000815,216
Even Sample,Lily Adam - One Hive/recorders/willard/2024-08-07/1_11/240807_1016,114388.532,114389.492,ambient_noise,0.959999999991851,217
Even Sample,Lily Adam - One Hive/recorders/willard/2024-08-07/1_11/240807_1016,114389.492,114390.614,ambient_background,1.12200000000303,218
Even Sample,Lily Adam - One Hive/recorders/willard/2024-08-07/1_11/240807_1016,114390.614,114393.714,ambient_noise,3.10000000000582,219
Even Sample,Lily Adam - One Hive/recorders/willard/2024-08-07/1_11/240807_1016,114393.714,114395.11,ambient_background,1.39599999999336,220
Even Sample,Lily Adam - One Hive/recorders/willard/2024-08-07/1_11/240807_1016,114395.11,114397.954,ambient_noise,2.84399999999732,221
Even Sample,Lily Adam - One Hive/recorders/willard/2024-08-07/1_11/240807_1016,114395.598,114396.044,ambient_noise,0.445999999996275,222
Even Sample,Lily Adam - One Hive/recorders/willard/2024-08-07/1_11/240807_1016,114397.954,114407.581,ambient_background,9.62700000000768,223
Even Sample,Lily Adam - One Hive/recorders/willard/2024-08-07/1_11/240807_1016,114407.581,114409.499,ambient_noise,1.91799999999057,224
Even Sample,Lily Adam - One Hive/recorders/willard/2024-08-07/1_11/240807_1016,114407.718,114408.882,ambient_noise,1.16400000000431,225
Even Sample,Lily Adam - One Hive/recorders/willard/2024-08-07/1_11/240807_1016,114409.499,114410.03,ambient_background,0.531000000002678,226
Even Sample,Lily Adam - One Hive/recorders/willard/2024-08-07/1_11/240807_1016,114410.03,114414.089,ambient_noise,4.05900000000838,227
Even Sample,Lily Adam - One Hive/recorders/willard/2024-08-07/1_11/240807_1016,114414.089,114417.308,ambient_background,3.21899999999732,228
Even Sample,Lily Adam - One Hive/recorders/willard/2024-08-07/1_11/240807_1016,114417.308,114419.793,ambient_noise,2.48500000000058,229
Even Sample,Lily Adam - One Hive/recorders/willard/2024-08-07/1_11/240807_1016,114418.041,114420.038,ambient_noise,1.99700000000303,230
Even Sample,Lily Adam - One Hive/recorders/willard/2024-08-07/1_11/240807_1016,114420.038,114426.862,ambient_background,6.82399999999325,231
Even Sample,Lily Adam - One Hive/recorders/willard/2024-08-07/1_11/240807_1016,114426.862,114427.106,ambient_noise,0.244000000006054,232
Even Sample,Lily Adam - One Hive/recorders/willard/2024-08-07/1_11/240807_1016,114427.106,114434.949,ambient_background,7.84299999999348,233
Even Sample,Lily Adam - One Hive/recorders/willard/2024-08-07/1_11/240807_1016,114434.949,114437.353,ambient_noise,2.40400000000955,234
Even Sample,Lily Adam - One Hive/recorders/willard/2024-08-07/1_11/240807_1016,114437.353,114443.912,ambient_background,6.55899999999383,235
Even Sample,Lily Adam - One Hive/recorders/willard/2024-08-07/1_11/240807_1016,114443.912,114445.277,ambient_noise,1.36500000000524,236
Even Sample,Lily Adam - One Hive/recorders/willard/2024-08-07/1_11/240807_1016,114445.277,114470.557,ambient_background,25.2799999999988,237
Even Sample,Lily Adam - One Hive/recorders/willard/2024-08-07/1_11/240807_1016,114470.557,114470.781,ambient_noise,0.224000000001979,238
Even Sample,Lily Adam - One Hive/recorders/willard/2024-08-07/1_11/240807_1016,114470.781,114481.598,ambient_background,10.8169999999955,239
Even Sample,Lily Adam - One Hive/recorders/willard/2024-08-07/1_11/240807_1016,114481.598,114483.411,ambient_noise,1.81299999999464,240
Even Sample,Lily Adam - One Hive/recorders/willard/2024-08-07/1_11/240807_1016,114483.411,114495.924,ambient_background,12.5130000000063,241
Even Sample,Lily Adam - One Hive/recorders/willard/2024-08-07/1_11/240807_1016,114495.924,114496.072,ambient_noise,0.148000000001048,242
Even Sample,Lily Adam - One Hive/recorders/willard/2024-08-07/1_11/240807_1016,114496.072,114522.097,ambient_background,26.0249999999942,243
Even Sample,Lily Adam - One Hive/recorders/willard/2024-08-07/1_11/240807_1016,114522.097,114522.2,ambient_noise,0.103000000002794,244
Even Sample,Lily Adam - One Hive/recorders/willard/2024-08-07/1_11/240807_1016,114522.2,114535.883,ambient_background,13.6830000000045,245
Even Sample,Lily Adam - One Hive/recorders/willard/2024-08-07/1_11/240807_1016,114535.883,114536.259,ambient_noise,0.376000000003842,246
Even Sample,Lily Adam - One Hive/recorders/willard/2024-08-07/1_11/240807_1016,114536.259,114540.0,ambient_background,3.74099999999453,247
Even Sample,Lily Adam - One Hive/recorders/willard/2024-08-07/1_11/240807_1016,117840.0,117846.19328,ambient_background,6.19328000000678,248
Even Sample,Lily Adam - One Hive/recorders/willard/2024-08-07/1_11/240807_1016,117846.19328,117846.397,ambient_noise,0.203719999990426,249
Even Sample,Lily Adam - One Hive/recorders/willard/2024-08-07/1_11/240807_1016,117846.397,117906.0837,ambient_background,59.6867000000057,250
Even Sample,Lily Adam - One Hive/recorders/willard/2024-08-07/1_11/240807_1016,117906.0837,117906.2992,ins_buzz_high,0.215499999991152,251
Even Sample,Lily Adam - One Hive/recorders/willard/2024-08-07/1_11/240807_1016,117906.2992,117916.2898,ambient_background,9.99060000000463,252
Even Sample,Lily Adam - One Hive/recorders/willard/2024-08-07/1_11/240807_1016,117916.2898,117916.8894,ambient_noise,0.599600000001374,253
Even Sample,Lily Adam - One Hive/recorders/willard/2024-08-07/1_11/240807_1016,117916.8894,117936.9587,ambient_background,20.0693000000028,254
Even Sample,Lily Adam - One Hive/recorders/willard/2024-08-07/1_11/240807_1016,117936.9587,117937.357,ambient_noise,0.398300000000745,255
Even Sample,Lily Adam - One Hive/recorders/willard/2024-08-07/1_11/240807_1016,117937.357,117938.2692,ambient_background,0.912199999991572,256
Even Sample,Lily Adam - One Hive/recorders/willard/2024-08-07/1_11/240807_1016,117938.2692,117938.8088,ambient_noise,0.539600000003702,257
Even Sample,Lily Adam - One Hive/recorders/willard/2024-08-07/1_11/240807_1016,117938.8088,117953.67,ambient_background,14.8611999999994,258
Even Sample,Lily Adam - One Hive/recorders/willard/2024-08-07/1_11/240807_1016,117953.67,117953.803,ins_buzz_high,0.13300000000163,259
Even Sample,Lily Adam - One Hive/recorders/willard/2024-08-07/1_11/240807_1016,117953.803,117968.977,ambient_background,15.1739999999991,260
Even Sample,Lily Adam - One Hive/recorders/willard/2024-08-07/1_11/240807_1016,117968.977,117970.15,ambient_noise,1.17299999999523,261
Even Sample,Lily Adam - One Hive/recorders/willard/2024-08-07/1_11/240807_1016,117970.15,118031.026,ambient_background,60.8760000000038,262
Even Sample,Lily Adam - One Hive/recorders/willard/2024-08-07/1_11/240807_1016,118031.026,118032.397,ambient_noise,1.37099999999919,263
Even Sample,Lily Adam - One Hive/recorders/willard/2024-08-07/1_11/240807_1016,118032.397,118080.866,ambient_background,48.4689999999973,264
Even Sample,Lily Adam - One Hive/recorders/willard/2024-08-07/1_11/240807_1016,118080.866,118081.581,ambient_noise,0.71500000001106,265
Even Sample,Lily Adam - One Hive/recorders/willard/2024-08-07/1_11/240807_1016,118081.581,118081.906,ambient_background,0.32499999999709,266
Even Sample,Lily Adam - One Hive/recorders/willard/2024-08-07/1_11/240807_1016,118081.906,118085.371,ambient_noise,3.46499999999651,267
Even Sample,Lily Adam - One Hive/recorders/willard/2024-08-07/1_11/240807_1016,118085.371,118121.439,ambient_background,36.0679999999993,268
Even Sample,Lily Adam - One Hive/recorders/willard/2024-08-07/1_11/240807_1016,118121.439,118121.619,ambient_noise,0.180000000007567,269
Even Sample,Lily Adam - One Hive/recorders/willard/2024-08-07/1_11/240807_1016,118121.619,118140.0,ambient_background,18.3809999999939,270
Even Sample,Lily Adam - One Hive/recorders/willard/2024-08-07/1_11/240807_1016,121440.0,121740.004,ins_trill,300.004000000001,271
Even Sample,Lily Adam - One Hive/recorders/willard/2024-08-07/1_11/240807_1016,121440.314326,121440.910472,ins_buzz_high,0.596145999996224,272
Even Sample,Lily Adam - One Hive/recorders/willard/2024-08-07/1_11/240807_1016,121443.10467,121443.42247,ins_buzz_high,0.317800000004354,273
Even Sample,Lily Adam - One Hive/recorders/willard/2024-08-07/1_11/240807_1016,121451.6486,121452.6509,ins_buzz_high,1.00229999999283,274
Even Sample,Lily Adam - One Hive/recorders/willard/2024-08-07/1_11/240807_1016,121459.4225,121459.9848,ins_buzz_high,0.562300000005052,275
Even Sample,Lily Adam - One Hive/recorders/willard/2024-08-07/1_11/240807_1016,121473.8947,121474.6037,ins_buzz_high,0.709000000002561,276
Even Sample,Lily Adam - One Hive/recorders/willard/2024-08-07/1_11/240807_1016,121482.2187,121482.7783,ins_buzz_high,0.559600000007777,277
Even Sample,Lily Adam - One Hive/recorders/willard/2024-08-07/1_11/240807_1016,121487.2269,121489.0439,ins_buzz_high,1.81700000001001,278
Even Sample,Lily Adam - One Hive/recorders/willard/2024-08-07/1_11/240807_1016,121522.3963,121523.4574,ins_buzz_high,1.06110000000626,279
Even Sample,Lily Adam - One Hive/recorders/willard/2024-08-07/1_11/240807_1016,121536.8159,121537.8043,ins_buzz_high,0.988400000002002,280
Even Sample,Lily Adam - One Hive/recorders/willard/2024-08-07/1_11/240807_1016,121615.282,121616.602,mech_auto,1.31999999999243,281
Even Sample,Lily Adam - One Hive/recorders/willard/2024-08-07/1_11/240807_1016,121622.73,121625.615,mech_auto,2.88500000000931,282
Even Sample,Lily Adam - One Hive/recorders/willard/2024-08-07/1_11/240807_1016,121635.399,121639.579,mech_auto,4.17999999999302,283
Even Sample,Lily Adam - One Hive/recorders/willard/2024-08-07/1_11/240807_1016,121646.253,121646.876,ins_buzz_high,0.623000000006869,284
Even Sample,Lily Adam - One Hive/recorders/willard/2024-08-07/1_11/240807_1016,121647.373,121647.646,ins_buzz_high,0.272999999986496,285
Even Sample,Lily Adam - One Hive/recorders/willard/2024-08-07/1_11/240807_1016,121647.842,121651.289,mech_auto,3.44700000000012,286
Even Sample,Lily Adam - One Hive/recorders/willard/2024-08-07/1_11/240807_1016,121656.716,121657.657,mech_auto,0.94100000000617,287
Even Sample,Lily Adam - One Hive/recorders/willard/2024-08-07/1_11/240807_1016,121725.099,121725.52,ins_buzz_high,0.421000000002095,288
Even Sample,Lily Adam - One Hive/recorders/willard/2024-08-07/1_11/240807_1016,121726.632,121727.032,ins_buzz_high,0.400000000008731,289
Even Sample,Lily Adam - One Hive/recorders/willard/2024-08-07/1_11/240807_1016,71040.0,71107.4151,ins_trill,67.4150999999983,290
Even Sample,Lily Adam - One Hive/recorders/willard/2024-08-07/1_11/240807_1016,71067.0676,71072.2846,mech_auto,5.21700000000419,291
Even Sample,Lily Adam - One Hive/recorders/willard/2024-08-07/1_11/240807_1016,71073.7139,71079.4311,mech_auto,5.71719999999914,292
Even Sample,Lily Adam - One Hive/recorders/willard/2024-08-07/1_11/240807_1016,71107.4151,71281.703,ambient_background,174.287899999996,293
Even Sample,Lily Adam - One Hive/recorders/willard/2024-08-07/1_11/240807_1016,71281.703,71300.4,mech_auto,18.6970000000001,294
Even Sample,Lily Adam - One Hive/recorders/willard/2024-08-07/1_11/240807_1016,71300.4,71330.146,ambient_background,29.7459999999992,295
Even Sample,Lily Adam - One Hive/recorders/willard/2024-08-07/1_11/240807_1016,71330.146,71336.435,mech_auto,6.28900000000431,296
Even Sample,Lily Adam - One Hive/recorders/willard/2024-08-07/1_11/240807_1016,71336.435,71340.0,ambient_background,3.56500000000233,297
Even Sample,Lily Adam - One Hive/recorders/willard/2024-08-07/1_11/240807_1016,74640.0,74660.2405,ambient_background,20.2404999999999,298
Even Sample,Lily Adam - One Hive/recorders/willard/2024-08-07/1_11/240807_1016,74660.2405,74666.6232,ins_buzz_high,6.38270000000193,299
Even Sample,Lily Adam - One Hive/recorders/willard/2024-08-07/1_11/240807_1016,74666.6232,74686.0498,ambient_background,19.4265999999916,300
Even Sample,Lily Adam - One Hive/recorders/willard/2024-08-07/1_11/240807_1016,74686.0498,74688.9841,ins_buzz_medium,2.93430000000808,301
Even Sample,Lily Adam - One Hive/recorders/willard/2024-08-07/1_11/240807_1016,74688.9841,74692.5157,ambient_background,3.53160000000207,302
Even Sample,Lily Adam - One Hive/recorders/willard/2024-08-07/1_11/240807_1016,74692.5157,74693.0888,ins_buzz_medium,0.573099999994156,303
Even Sample,Lily Adam - One Hive/recorders/willard/2024-08-07/1_11/240807_1016,74693.127,74693.751,ins_buzz_high,0.62400000001071,304
Even Sample,Lily Adam - One Hive/recorders/willard/2024-08-07/1_11/240807_1016,74693.751,74695.0946,ins_buzz_medium,1.34359999999288,305
Even Sample,Lily Adam - One Hive/recorders/willard/2024-08-07/1_11/240807_1016,74695.0946,74732.4662,ambient_background,37.3715999999986,306
Even Sample,Lily Adam - One Hive/recorders/willard/2024-08-07/1_11/240807_1016,74732.4662,74733.3514,ins_buzz_medium,0.885200000004261,307
Even Sample,Lily Adam - One Hive/recorders/willard/2024-08-07/1_11/240807_1016,74733.3514,74763.827,ambient_background,30.4756000000052,308
Even Sample,Lily Adam - One Hive/recorders/willard/2024-08-07/1_11/240807_1016,74763.827,74764.789,ins_buzz_medium,0.961999999999534,309
Even Sample,Lily Adam - One Hive/recorders/willard/2024-08-07/1_11/240807_1016,74764.789,74769.616,ambient_background,4.82699999999022,310
Even Sample,Lily Adam - One Hive/recorders/willard/2024-08-07/1_11/240807_1016,74769.616,74798.783,mech_auto,29.1670000000013,311
Even Sample,Lily Adam - One Hive/recorders/willard/2024-08-07/1_11/240807_1016,74798.783,74814.412,ambient_background,15.6290000000008,312
Even Sample,Lily Adam - One Hive/recorders/willard/2024-08-07/1_11/240807_1016,74814.412,74823.317,mech_plane,8.90499999999884,313
Even Sample,Lily Adam - One Hive/recorders/willard/2024-08-07/1_11/240807_1016,74823.317,74831.558,ambient_background,8.24100000000908,314
Even Sample,Lily Adam - One Hive/recorders/willard/2024-08-07/1_11/240807_1016,74831.558,74835.596,ins_buzz_medium,4.03800000000047,315
Even Sample,Lily Adam - One Hive/recorders/willard/2024-08-07/1_11/240807_1016,74835.596,74861.473,ambient_background,25.8769999999931,316
Even Sample,Lily Adam - One Hive/recorders/willard/2024-08-07/1_11/240807_1016,74861.473,74864.129,ins_buzz_low,2.65600000000268,317
Even Sample,Lily Adam - One Hive/recorders/willard/2024-08-07/1_11/240807_1016,74864.129,74876.278,ambient_background,12.1490000000049,318
Even Sample,Lily Adam - One Hive/recorders/willard/2024-08-07/1_11/240807_1016,74876.278,74876.728,ins_buzz_medium,0.44999999999709,319
Even Sample,Lily Adam - One Hive/recorders/willard/2024-08-07/1_11/240807_1016,74876.728,74884.812,ambient_background,8.08400000000256,320
Even Sample,Lily Adam - One Hive/recorders/willard/2024-08-07/1_11/240807_1016,74884.812,74885.99,ins_buzz_medium,1.17799999999988,321
Even Sample,Lily Adam - One Hive/recorders/willard/2024-08-07/1_11/240807_1016,74885.99,74918.316,ambient_background,32.3260000000009,322
Even Sample,Lily Adam - One Hive/recorders/willard/2024-08-07/1_11/240807_1016,74918.316,74919.373,ins_buzz_medium,1.0570000000007,323
Even Sample,Lily Adam - One Hive/recorders/willard/2024-08-07/1_11/240807_1016,74919.131,74920.105,ins_buzz_low,0.974000000001979,324
Even Sample,Lily Adam - One Hive/recorders/willard/2024-08-07/1_11/240807_1016,74920.105,74935.389,ambient_background,15.2839999999997,325
Even Sample,Lily Adam - One Hive/recorders/willard/2024-08-07/1_11/240807_1016,74935.389,74939.69,mech_auto,4.30100000000675,326
Even Sample,Lily Adam - One Hive/recorders/willard/2024-08-07/1_11/240807_1016,74939.69,74940.0,ambient_background,0.309999999997672,327
Even Sample,Lily Adam - One Hive/recorders/willard/2024-08-07/1_11/240807_1016,78240.0,78266.8867,ambient_background,26.8867000000027,328
Even Sample,Lily Adam - One Hive/recorders/willard/2024-08-07/1_11/240807_1016,78266.8867,78268.0499,ins_buzz_low,1.16319999999541,329
Even Sample,Lily Adam - One Hive/recorders/willard/2024-08-07/1_11/240807_1016,78268.0499,78283.4927,ambient_background,15.4428000000044,330
Even Sample,Lily Adam - One Hive/recorders/willard/2024-08-07/1_11/240807_1016,78283.4927,78285.0095,ins_buzz_low,1.5167999999976,331
Even Sample,Lily Adam - One Hive/recorders/willard/2024-08-07/1_11/240807_1016,78285.0095,78322.8605,ambient_background,37.8509999999951,332
Even Sample,Lily Adam - One Hive/recorders/willard/2024-08-07/1_11/240807_1016,78322.8605,78323.4608,ins_buzz_low,0.600300000005518,333
Even Sample,Lily Adam - One Hive/recorders/willard/2024-08-07/1_11/240807_1016,78323.4608,78324.3537,ins_buzz_low,0.892900000006193,334
Even Sample,Lily Adam - One Hive/recorders/willard/2024-08-07/1_11/240807_1016,78324.3537,78325.4117,ins_buzz_low,1.05799999998999,335
Even Sample,Lily Adam - One Hive/recorders/willard/2024-08-07/1_11/240807_1016,78325.4117,78341.319,ambient_background,15.9073000000062,336
Even Sample,Lily Adam - One Hive/recorders/willard/2024-08-07/1_11/240807_1016,78341.319,78342.347,ins_buzz_low,1.02799999999115,337
Even Sample,Lily Adam - One Hive/recorders/willard/2024-08-07/1_11/240807_1016,78342.347,78370.5,ambient_background,28.1530000000057,338
Even Sample,Lily Adam - One Hive/recorders/willard/2024-08-07/1_11/240807_1016,78370.5,78371.516,ins_buzz_low,1.01600000000326,339
Even Sample,Lily Adam - One Hive/recorders/willard/2024-08-07/1_11/240807_1016,78371.516,78379.964,ambient_background,8.44800000000396,340
Even Sample,Lily Adam - One Hive/recorders/willard/2024-08-07/1_11/240807_1016,78379.964,78381.222,ins_buzz_low,1.25799999998708,341
Even Sample,Lily Adam - One Hive/recorders/willard/2024-08-07/1_11/240807_1016,78381.222,78382.291,ins_buzz_medium,1.06900000000314,342
Even Sample,Lily Adam - One Hive/recorders/willard/2024-08-07/1_11/240807_1016,78382.291,78389.953,ambient_background,7.66199999999662,343
Even Sample,Lily Adam - One Hive/recorders/willard/2024-08-07/1_11/240807_1016,78389.953,78392.429,ins_buzz_low,2.47600000000966,344
Even Sample,Lily Adam - One Hive/recorders/willard/2024-08-07/1_11/240807_1016,78392.429,78401.377,ambient_background,8.94799999998941,345
Even Sample,Lily Adam - One Hive/recorders/willard/2024-08-07/1_11/240807_1016,78401.377,78401.579,ins_buzz_medium,0.202000000004773,346
Even Sample,Lily Adam - One Hive/recorders/willard/2024-08-07/1_11/240807_1016,78401.579,78404.807,ambient_background,3.22800000000279,347
Even Sample,Lily Adam - One Hive/recorders/willard/2024-08-07/1_11/240807_1016,78404.807,78405.679,ins_buzz_medium,0.872000000003027,348
Even Sample,Lily Adam - One Hive/recorders/willard/2024-08-07/1_11/240807_1016,78405.679,78406.143,ambient_background,0.463999999992666,349
Even Sample,Lily Adam - One Hive/recorders/willard/2024-08-07/1_11/240807_1016,78406.143,78407.652,ins_buzz_low,1.50900000000547,350
Even Sample,Lily Adam - One Hive/recorders/willard/2024-08-07/1_11/240807_1016,78407.652,78419.677,ambient_background,12.0249999999942,351
Even Sample,Lily Adam - One Hive/recorders/willard/2024-08-07/1_11/240807_1016,78419.677,78420.926,ins_buzz_low,1.24900000001071,352
Even Sample,Lily Adam - One Hive/recorders/willard/2024-08-07/1_11/240807_1016,78420.926,78436.88,ambient_background,15.9539999999979,353
Even Sample,Lily Adam - One Hive/recorders/willard/2024-08-07/1_11/240807_1016,78436.88,78438.334,ins_buzz_medium,1.4539999999979,354
Even Sample,Lily Adam - One Hive/recorders/willard/2024-08-07/1_11/240807_1016,78438.35,78439.403,ins_buzz_medium,1.05299999999988,355
Even Sample,Lily Adam - One Hive/recorders/willard/2024-08-07/1_11/240807_1016,78439.403,78445.204,ambient_background,5.8009999999922,356
Even Sample,Lily Adam - One Hive/recorders/willard/2024-08-07/1_11/240807_1016,78445.204,78447.103,ins_buzz_medium,1.89900000000489,357
Even Sample,Lily Adam - One Hive/recorders/willard/2024-08-07/1_11/240807_1016,78447.103,78451.467,ambient_background,4.3640000000014,358
Even Sample,Lily Adam - One Hive/recorders/willard/2024-08-07/1_11/240807_1016,78451.467,78451.905,ins_buzz_medium,0.437999999994645,359
Even Sample,Lily Adam - One Hive/recorders/willard/2024-08-07/1_11/240807_1016,78451.905,78452.756,ambient_background,0.85099999999511,360
Even Sample,Lily Adam - One Hive/recorders/willard/2024-08-07/1_11/240807_1016,78452.756,78454.696,ins_buzz_low,1.94000000000233,361
Even Sample,Lily Adam - One Hive/recorders/willard/2024-08-07/1_11/240807_1016,78454.696,78477.324,ambient_background,22.627999999997,362
Even Sample,Lily Adam - One Hive/recorders/willard/2024-08-07/1_11/240807_1016,78477.324,78477.497,ambient_noise,0.173000000009779,363
Even Sample,Lily Adam - One Hive/recorders/willard/2024-08-07/1_11/240807_1016,78477.497,78515.292,ambient_background,37.7949999999983,364
Even Sample,Lily Adam - One Hive/recorders/willard/2024-08-07/1_11/240807_1016,78515.292,78515.488,ambient_noise,0.195999999996275,365
Even Sample,Lily Adam - One Hive/recorders/willard/2024-08-07/1_11/240807_1016,78515.488,78527.418,ambient_background,11.9300000000076,366
Even Sample,Lily Adam - One Hive/recorders/willard/2024-08-07/1_11/240807_1016,78527.418,78528.207,ins_buzz_medium,0.788999999989755,367
Even Sample,Lily Adam - One Hive/recorders/willard/2024-08-07/1_11/240807_1016,78528.207,78528.778,ins_buzz_medium,0.571000000010827,368
Even Sample,Lily Adam - One Hive/recorders/willard/2024-08-07/1_11/240807_1016,78528.778,78529.58,ins_buzz_medium,0.801999999996042,369
Even Sample,Lily Adam - One Hive/recorders/willard/2024-08-07/1_11/240807_1016,78529.58,78532.417,ambient_background,2.83699999999953,370
Even Sample,Lily Adam - One Hive/recorders/willard/2024-08-07/1_11/240807_1016,78532.417,78533.281,ins_buzz_medium,0.864000000001397,371
Even Sample,Lily Adam - One Hive/recorders/willard/2024-08-07/1_11/240807_1016,78533.281,78538.248,ambient_background,4.96700000000419,372
Even Sample,Lily Adam - One Hive/recorders/willard/2024-08-07/1_11/240807_1016,78538.248,78540.04,ins_buzz_low,1.79199999998673,373
Even Sample,Lily Adam - One Hive/recorders/willard/2024-08-07/1_11/240807_1016,81840.0,81860.4306,ambient_background,20.430600000007,374
Even Sample,Lily Adam - One Hive/recorders/willard/2024-08-07/1_11/240807_1016,81860.4306,81860.6288,ambient_noise,0.198199999998906,375
Even Sample,Lily Adam - One Hive/recorders/willard/2024-08-07/1_11/240807_1016,81860.6288,81884.3583,ambient_background,23.7295000000013,376
Even Sample,Lily Adam - One Hive/recorders/willard/2024-08-07/1_11/240807_1016,81884.3583,81885.117,ins_buzz_low,0.758699999991222,377
Even Sample,Lily Adam - One Hive/recorders/willard/2024-08-07/1_11/240807_1016,81885.117,81885.4569,ambient_background,0.33990000000631,378
Even Sample,Lily Adam - One Hive/recorders/willard/2024-08-07/1_11/240807_1016,81885.4569,81886.4369,ins_buzz_low,0.979999999995925,379
Even Sample,Lily Adam - One Hive/recorders/willard/2024-08-07/1_11/240807_1016,81886.4369,81886.8259,ambient_background,0.388999999995576,380
Even Sample,Lily Adam - One Hive/recorders/willard/2024-08-07/1_11/240807_1016,81886.8259,81887.0223,ambient_noise,0.196400000000722,381
Even Sample,Lily Adam - One Hive/recorders/willard/2024-08-07/1_11/240807_1016,81887.0223,81892.4827,ambient_background,5.4603999999963,382
Even Sample,Lily Adam - One Hive/recorders/willard/2024-08-07/1_11/240807_1016,81892.4827,81892.7053,human,0.222600000008242,383
Even Sample,Lily Adam - One Hive/recorders/willard/2024-08-07/1_11/240807_1016,81892.7053,81899.9072,ambient_background,7.20190000000002,384
Even Sample,Lily Adam - One Hive/recorders/willard/2024-08-07/1_11/240807_1016,81899.9072,81901.8321,human,1.92489999999816,385
Even Sample,Lily Adam - One Hive/recorders/willard/2024-08-07/1_11/240807_1016,81901.8321,81905.0859,ambient_background,3.25380000000587,386
Even Sample,Lily Adam - One Hive/recorders/willard/2024-08-07/1_11/240807_1016,81905.0859,81905.9158,ins_buzz_low,0.829899999996996,387
Even Sample,Lily Adam - One Hive/recorders/willard/2024-08-07/1_11/240807_1016,81905.9158,81906.1766,ambient_background,0.260800000003655,388
Even Sample,Lily Adam - One Hive/recorders/willard/2024-08-07/1_11/240807_1016,81906.1766,81907.1962,ins_buzz_low,1.01959999999963,389
Even Sample,Lily Adam - One Hive/recorders/willard/2024-08-07/1_11/240807_1016,81907.1962,81913.9946,ambient_background,6.79839999999967,390
Even Sample,Lily Adam - One Hive/recorders/willard/2024-08-07/1_11/240807_1016,81913.9946,81964.148,mech_auto,50.1533999999956,391
Even Sample,Lily Adam - One Hive/recorders/willard/2024-08-07/1_11/240807_1016,81913.9946,81992.648,ins_trill,78.6533999999956,392
Even Sample,Lily Adam - One Hive/recorders/willard/2024-08-07/1_11/240807_1016,81933.5993,81934.7124,ins_buzz_low,1.1131000000023,393
Even Sample,Lily Adam - One Hive/recorders/willard/2024-08-07/1_11/240807_1016,81965.915,81966.354,ambient_noise,0.439000000013039,394
Even Sample,Lily Adam - One Hive/recorders/willard/2024-08-07/1_11/240807_1016,81992.648,81994.16,ambient_background,1.51200000000244,395
Even Sample,Lily Adam - One Hive/recorders/willard/2024-08-07/1_11/240807_1016,81994.16,82070.44,ins_trill,76.2799999999988,396
Even Sample,Lily Adam - One Hive/recorders/willard/2024-08-07/1_11/240807_1016,82005.45,82006.589,ins_buzz_low,1.13900000001013,397
Even Sample,Lily Adam - One Hive/recorders/willard/2024-08-07/1_11/240807_1016,82019.04,82045.413,mech_auto,26.3730000000069,398
Even Sample,Lily Adam - One Hive/recorders/willard/2024-08-07/1_11/240807_1016,82029.49,82031.127,ins_buzz_low,1.63699999998789,399
Even Sample,Lily Adam - One Hive/recorders/willard/2024-08-07/1_11/240807_1016,82044.284,82044.372,ambient_noise,0.088000000003376,400
Even Sample,Lily Adam - One Hive/recorders/willard/2024-08-07/1_11/240807_1016,82044.6,82045.232,ins_buzz_low,0.631999999997788,401
Even Sample,Lily Adam - One Hive/recorders/willard/2024-08-07/1_11/240807_1016,82062.449,82063.863,ins_buzz_low,1.41400000000431,402
Even Sample,Lily Adam - One Hive/recorders/willard/2024-08-07/1_11/240807_1016,82070.44,82074.128,ambient_background,3.68799999999464,403
Even Sample,Lily Adam - One Hive/recorders/willard/2024-08-07/1_11/240807_1016,82074.128,82075.098,ins_buzz_low,0.970000000001164,404
Even Sample,Lily Adam - One Hive/recorders/willard/2024-08-07/1_11/240807_1016,82075.098,82076.554,ambient_background,1.45600000000559,405
Even Sample,Lily Adam - One Hive/recorders/willard/2024-08-07/1_11/240807_1016,82076.554,82077.521,ins_buzz_low,0.966999999989639,406
Even Sample,Lily Adam - One Hive/recorders/willard/2024-08-07/1_11/240807_1016,82077.521,82088.828,ambient_background,11.3070000000007,407
Even Sample,Lily Adam - One Hive/recorders/willard/2024-08-07/1_11/240807_1016,82088.828,82089.751,ins_buzz_low,0.923000000009779,408
Even Sample,Lily Adam - One Hive/recorders/willard/2024-08-07/1_11/240807_1016,82089.751,82102.328,ambient_background,12.5769999999902,409
Even Sample,Lily Adam - One Hive/recorders/willard/2024-08-07/1_11/240807_1016,82102.328,82140.03,ins_trill,37.7020000000048,410
Even Sample,Lily Adam - One Hive/recorders/willard/2024-08-07/1_11/240807_1016,82103.3,82104.295,ins_buzz_low,0.994999999995343,411
Even Sample,Lily Adam - One Hive/recorders/willard/2024-08-07/1_11/240807_1016,82106.001,82107.527,human,1.52599999999802,412
Even Sample,Lily Adam - One Hive/recorders/willard/2024-08-07/1_11/240807_1016,82123.561,82124.491,ins_buzz_low,0.929999999993015,413
Even Sample,Lily Adam - One Hive/recorders/willard/2024-08-07/1_11/240807_1016,82136.21,82138.048,human,1.83799999998882,414
Even Sample,Lily Adam - One Hive/recorders/willard/2024-08-07/1_11/240807_1016,85440.0,85480.3491,ambient_background,40.3491000000067,415
Even Sample,Lily Adam - One Hive/recorders/willard/2024-08-07/1_11/240807_1016,85480.3491,85481.3236,ins_buzz_low,0.974499999996624,416
Even Sample,Lily Adam - One Hive/recorders/willard/2024-08-07/1_11/240807_1016,85481.3236,85508.9588,ambient_background,27.6351999999897,417
Even Sample,Lily Adam - One Hive/recorders/willard/2024-08-07/1_11/240807_1016,85508.9588,85509.5383,ins_buzz_medium,0.579500000007101,418
Even Sample,Lily Adam - One Hive/recorders/willard/2024-08-07/1_11/240807_1016,85509.5383,85509.7974,ambient_background,0.259099999995669,419
Even Sample,Lily Adam - One Hive/recorders/willard/2024-08-07/1_11/240807_1016,85509.7974,85510.937,ambient_noise,1.13960000000952,420
Even Sample,Lily Adam - One Hive/recorders/willard/2024-08-07/1_11/240807_1016,85510.937,85512.0687,ambient_background,1.13169999999809,421
Even Sample,Lily Adam - One Hive/recorders/willard/2024-08-07/1_11/240807_1016,85512.0687,85512.4145,ambient_noise,0.345799999995506,422
Even Sample,Lily Adam - One Hive/recorders/willard/2024-08-07/1_11/240807_1016,85512.4145,85512.6817,ambient_background,0.267200000002049,423
Even Sample,Lily Adam - One Hive/recorders/willard/2024-08-07/1_11/240807_1016,85512.6817,85513.2083,ambient_noise,0.526599999997416,424
Even Sample,Lily Adam - One Hive/recorders/willard/2024-08-07/1_11/240807_1016,85513.2083,85514.0571,ambient_background,0.848800000007031,425
Even Sample,Lily Adam - One Hive/recorders/willard/2024-08-07/1_11/240807_1016,85514.0571,85514.285,ambient_noise,0.227899999998044,426
Even Sample,Lily Adam - One Hive/recorders/willard/2024-08-07/1_11/240807_1016,85514.285,85525.6231,ambient_background,11.3380999999936,427
Even Sample,Lily Adam - One Hive/recorders/willard/2024-08-07/1_11/240807_1016,85525.6231,85526.436,ins_buzz_low,0.812900000004447,428
Even Sample,Lily Adam - One Hive/recorders/willard/2024-08-07/1_11/240807_1016,85526.436,85557.755,ambient_background,31.3190000000031,429
Even Sample,Lily Adam - One Hive/recorders/willard/2024-08-07/1_11/240807_1016,85557.755,85558.878,ins_buzz_low,1.12299999999232,430
Even Sample,Lily Adam - One Hive/recorders/willard/2024-08-07/1_11/240807_1016,85558.878,85587.905,ambient_background,29.0270000000019,431
Even Sample,Lily Adam - One Hive/recorders/willard/2024-08-07/1_11/240807_1016,85587.905,85590.839,mech_auto,2.93400000000838,432
Even Sample,Lily Adam - One Hive/recorders/willard/2024-08-07/1_11/240807_1016,85590.839,85594.334,ambient_background,3.49499999999534,433
Even Sample,Lily Adam - One Hive/recorders/willard/2024-08-07/1_11/240807_1016,85594.334,85595.034,ins_buzz_low,0.69999999999709,434
Even Sample,Lily Adam - One Hive/recorders/willard/2024-08-07/1_11/240807_1016,85595.034,85599.02,ambient_background,3.98600000000442,435
Even Sample,Lily Adam - One Hive/recorders/willard/2024-08-07/1_11/240807_1016,85599.02,85601.598,mech_auto,2.57799999999406,436
Even Sample,Lily Adam - One Hive/recorders/willard/2024-08-07/1_11/240807_1016,85601.598,85609.69,ambient_background,8.09200000000419,437
Even Sample,Lily Adam - One Hive/recorders/willard/2024-08-07/1_11/240807_1016,85609.69,85667.485,mech_auto,57.7949999999983,438
Even Sample,Lily Adam - One Hive/recorders/willard/2024-08-07/1_11/240807_1016,85648.08,85649.487,ins_buzz_low,1.40699999999197,439
Even Sample,Lily Adam - One Hive/recorders/willard/2024-08-07/1_11/240807_1016,85667.485,85669.135,ambient_background,1.64999999999418,440
Even Sample,Lily Adam - One Hive/recorders/willard/2024-08-07/1_11/240807_1016,85669.135,85670.455,mech_auto,1.32000000000698,441
Even Sample,Lily Adam - One Hive/recorders/willard/2024-08-07/1_11/240807_1016,85670.455,85673.485,ambient_background,3.02999999999884,442
Even Sample,Lily Adam - One Hive/recorders/willard/2024-08-07/1_11/240807_1016,85673.485,85694.765,mech_auto,21.2799999999988,443
Even Sample,Lily Adam - One Hive/recorders/willard/2024-08-07/1_11/240807_1016,85675.165,85676.532,ins_buzz_medium,1.36700000001292,444
Even Sample,Lily Adam - One Hive/recorders/willard/2024-08-07/1_11/240807_1016,85693.096,85693.926,ins_buzz_medium,0.830000000001746,445
Even Sample,Lily Adam - One Hive/recorders/willard/2024-08-07/1_11/240807_1016,85694.765,85721.104,ambient_background,26.3390000000072,446
Even Sample,Lily Adam - One Hive/recorders/willard/2024-08-07/1_11/240807_1016,85721.104,85722.168,ins_buzz_medium,1.06399999999849,447
Even Sample,Lily Adam - One Hive/recorders/willard/2024-08-07/1_11/240807_1016,85722.168,85740.0,ambient_background,17.8319999999949,448
Even Sample,Lily Adam - One Hive/recorders/willard/2024-08-07/1_11/240807_1016,89040.0,89054.8991,ambient_background,14.8990999999951,449
Even Sample,Lily Adam - One Hive/recorders/willard/2024-08-07/1_11/240807_1016,89054.8991,89055.5593,ins_buzz_high,0.66019999999844,450
Even Sample,Lily Adam - One Hive/recorders/willard/2024-08-07/1_11/240807_1016,89055.5593,89072.6265,ambient_background,17.067200000005,451
Even Sample,Lily Adam - One Hive/recorders/willard/2024-08-07/1_11/240807_1016,89072.6265,89073.0267,ins_buzz_high,0.400200000003679,452
Even Sample,Lily Adam - One Hive/recorders/willard/2024-08-07/1_11/240807_1016,89073.0267,89078.2555,ambient_background,5.22879999999714,453
Even Sample,Lily Adam - One Hive/recorders/willard/2024-08-07/1_11/240807_1016,89078.2555,89079.3063,ins_buzz_medium,1.05079999999725,454
Even Sample,Lily Adam - One Hive/recorders/willard/2024-08-07/1_11/240807_1016,89079.3064,89080.8732,ins_buzz_medium,1.56680000000051,455
Even Sample,Lily Adam - One Hive/recorders/willard/2024-08-07/1_11/240807_1016,89080.8732,89107.9154,ambient_background,27.0421999999962,456
Even Sample,Lily Adam - One Hive/recorders/willard/2024-08-07/1_11/240807_1016,89107.9154,89108.5136,ins_buzz_high,0.598200000007637,457
Even Sample,Lily Adam - One Hive/recorders/willard/2024-08-07/1_11/240807_1016,89108.5136,89119.4761,ambient_background,10.9624999999942,458
Even Sample,Lily Adam - One Hive/recorders/willard/2024-08-07/1_11/240807_1016,89119.4761,89119.8651,ins_buzz_medium,0.388999999995576,459
Even Sample,Lily Adam - One Hive/recorders/willard/2024-08-07/1_11/240807_1016,89119.8651,89127.1791,ambient_background,7.31399999999849,460
Even Sample,Lily Adam - One Hive/recorders/willard/2024-08-07/1_11/240807_1016,89127.1791,89127.6682,ambient_noise,0.489100000006147,461
Even Sample,Lily Adam - One Hive/recorders/willard/2024-08-07/1_11/240807_1016,89127.6682,89138.3797,ambient_background,10.7115000000049,462
Even Sample,Lily Adam - One Hive/recorders/willard/2024-08-07/1_11/240807_1016,89138.3797,89140.536,ins_buzz_medium,2.15629999998782,463
Even Sample,Lily Adam - One Hive/recorders/willard/2024-08-07/1_11/240807_1016,89140.536,89141.274,ambient_background,0.738000000012107,464
Even Sample,Lily Adam - One Hive/recorders/willard/2024-08-07/1_11/240807_1016,89141.274,89142.096,ins_buzz_medium,0.822000000000116,465
Even Sample,Lily Adam - One Hive/recorders/willard/2024-08-07/1_11/240807_1016,89142.096,89143.21,ambient_background,1.1140000000014,466
Even Sample,Lily Adam - One Hive/recorders/willard/2024-08-07/1_11/240807_1016,89143.21,89143.89,ins_buzz_medium,0.679999999993015,467
Even Sample,Lily Adam - One Hive/recorders/willard/2024-08-07/1_11/240807_1016,89143.89,89144.609,ins_buzz_medium,0.718999999997322,468
Even Sample,Lily Adam - One Hive/recorders/willard/2024-08-07/1_11/240807_1016,89144.609,89145.328,ins_buzz_medium,0.718999999997322,469
Even Sample,Lily Adam - One Hive/recorders/willard/2024-08-07/1_11/240807_1016,89145.328,89153.234,ambient_background,7.90600000000268,470
Even Sample,Lily Adam - One Hive/recorders/willard/2024-08-07/1_11/240807_1016,89153.234,89153.645,ambient_noise,0.411000000007334,471
Even Sample,Lily Adam - One Hive/recorders/willard/2024-08-07/1_11/240807_1016,89153.645,89157.669,ambient_background,4.02399999999034,472
Even Sample,Lily Adam - One Hive/recorders/willard/2024-08-07/1_11/240807_1016,89157.669,89158.136,ins_buzz_medium,0.467000000004191,473
Even Sample,Lily Adam - One Hive/recorders/willard/2024-08-07/1_11/240807_1016,89158.136,89165.026,ambient_background,6.88999999999942,474
Even Sample,Lily Adam - One Hive/recorders/willard/2024-08-07/1_11/240807_1016,89165.026,89165.848,ins_buzz_low,0.822000000000116,475
Even Sample,Lily Adam - One Hive/recorders/willard/2024-08-07/1_11/240807_1016,89165.848,89198.976,ambient_background,33.127999999997,476
Even Sample,Lily Adam - One Hive/recorders/willard/2024-08-07/1_11/240807_1016,89198.976,89200.099,ins_buzz_low,1.12300000000687,477
Even Sample,Lily Adam - One Hive/recorders/willard/2024-08-07/1_11/240807_1016,89200.099,89217.453,ambient_background,17.3539999999921,478
Even Sample,Lily Adam - One Hive/recorders/willard/2024-08-07/1_11/240807_1016,89217.453,89218.271,ins_buzz_medium,0.817999999999302,479
Even Sample,Lily Adam - One Hive/recorders/willard/2024-08-07/1_11/240807_1016,89218.271,89220.746,ambient_background,2.47500000000582,480
Even Sample,Lily Adam - One Hive/recorders/willard/2024-08-07/1_11/240807_1016,89220.746,89222.181,ins_buzz_medium,1.43499999999767,481
Even Sample,Lily Adam - One Hive/recorders/willard/2024-08-07/1_11/240807_1016,89222.181,89232.966,ambient_background,10.7850000000035,482
Even Sample,Lily Adam - One Hive/recorders/willard/2024-08-07/1_11/240807_1016,89232.966,89234.255,ins_buzz_medium,1.28900000000431,483
Even Sample,Lily Adam - One Hive/recorders/willard/2024-08-07/1_11/240807_1016,89234.255,89256.495,ambient_background,22.2399999999907,484
Even Sample,Lily Adam - One Hive/recorders/willard/2024-08-07/1_11/240807_1016,89256.495,89257.954,ins_buzz_low,1.45900000000256,485
Even Sample,Lily Adam - One Hive/recorders/willard/2024-08-07/1_11/240807_1016,89257.954,89266.89,ambient_background,8.93600000000151,486
Even Sample,Lily Adam - One Hive/recorders/willard/2024-08-07/1_11/240807_1016,89266.89,89267.535,ins_buzz_high,0.645000000004075,487
Even Sample,Lily Adam - One Hive/recorders/willard/2024-08-07/1_11/240807_1016,89267.535,89275.395,ambient_background,7.86000000000058,488
Even Sample,Lily Adam - One Hive/recorders/willard/2024-08-07/1_11/240807_1016,89275.395,89314.428,mech_plane,39.0329999999958,489
Even Sample,Lily Adam - One Hive/recorders/willard/2024-08-07/1_11/240807_1016,89283.23,89291.022,ambient_noise,7.79200000000128,490
Even Sample,Lily Adam - One Hive/recorders/willard/2024-08-07/1_11/240807_1016,89312.142,89312.775,human,0.632999999987078,491
Even Sample,Lily Adam - One Hive/recorders/willard/2024-08-07/1_11/240807_1016,89314.428,89324.724,ambient_background,10.2960000000021,492
Even Sample,Lily Adam - One Hive/recorders/willard/2024-08-07/1_11/240807_1016,89324.724,89325.669,ins_buzz_medium,0.944999999992433,493
Even Sample,Lily Adam - One Hive/recorders/willard/2024-08-07/1_11/240807_1016,89325.669,89327.537,ambient_background,1.86800000000221,494
Even Sample,Lily Adam - One Hive/recorders/willard/2024-08-07/1_11/240807_1016,89327.537,89328.804,ins_buzz_medium,1.2670000000071,495
Even Sample,Lily Adam - One Hive/recorders/willard/2024-08-07/1_11/240807_1016,89328.804,89334.673,ambient_background,5.8689999999915,496
Even Sample,Lily Adam - One Hive/recorders/willard/2024-08-07/1_11/240807_1016,89334.673,89335.106,ambient_noise,0.43300000000454,497
Even Sample,Lily Adam - One Hive/recorders/willard/2024-08-07/1_11/240807_1016,89335.106,89337.663,ambient_background,2.5570000000007,498
Even Sample,Lily Adam - One Hive/recorders/willard/2024-08-07/1_11/240807_1016,89337.663,89338.296,ins_buzz_medium,0.63300000000163,499
Even Sample,Lily Adam - One Hive/recorders/willard/2024-08-07/1_11/240807_1016,89338.296,89340.0,ambient_background,1.7039999999979,500
Even Sample,Lily Adam - One Hive/recorders/willard/2024-08-07/1_11/240807_1016,92640.0,92654.0099,ambient_background,14.0099000000046,501
Even Sample,Lily Adam - One Hive/recorders/willard/2024-08-07/1_11/240807_1016,92654.0099,92654.5239,ins_buzz_high,0.513999999995576,502
Even Sample,Lily Adam - One Hive/recorders/willard/2024-08-07/1_11/240807_1016,92654.5239,92664.5285,ambient_background,10.0046000000002,503
Even Sample,Lily Adam - One Hive/recorders/willard/2024-08-07/1_11/240807_1016,92664.5285,92665.3569,ambient_noise,0.82839999999851,504
Even Sample,Lily Adam - One Hive/recorders/willard/2024-08-07/1_11/240807_1016,92665.3569,92671.3788,ambient_background,6.02190000000701,505
Even Sample,Lily Adam - One Hive/recorders/willard/2024-08-07/1_11/240807_1016,92671.3788,92671.9142,ins_buzz_high,0.535399999993388,506
Even Sample,Lily Adam - One Hive/recorders/willard/2024-08-07/1_11/240807_1016,92671.9142,92682.0694,ambient_background,10.1551999999938,507
Even Sample,Lily Adam - One Hive/recorders/willard/2024-08-07/1_11/240807_1016,92682.0694,92684.0144,mech_auto,1.94500000000698,508
Even Sample,Lily Adam - One Hive/recorders/willard/2024-08-07/1_11/240807_1016,92684.0144,92685.8063,ambient_background,1.79189999999653,509
Even Sample,Lily Adam - One Hive/recorders/willard/2024-08-07/1_11/240807_1016,92685.8063,92714.0258,ins_trill,28.2195000000065,510
Even Sample,Lily Adam - One Hive/recorders/willard/2024-08-07/1_11/240807_1016,92688.9489,92690.7859,mech_auto,1.83699999999953,511
Even Sample,Lily Adam - One Hive/recorders/willard/2024-08-07/1_11/240807_1016,92689.965,92690.4148,ambient_noise,0.449800000002142,512
Even Sample,Lily Adam - One Hive/recorders/willard/2024-08-07/1_11/240807_1016,92703.8245,92711.4244,mech_auto,7.59990000000107,513
Even Sample,Lily Adam - One Hive/recorders/willard/2024-08-07/1_11/240807_1016,92714.0258,92716.0505,ambient_background,2.02469999999448,514
Even Sample,Lily Adam - One Hive/recorders/willard/2024-08-07/1_11/240807_1016,92716.0505,92716.3932,ambient_noise,0.342700000008335,515
Even Sample,Lily Adam - One Hive/recorders/willard/2024-08-07/1_11/240807_1016,92716.3932,92719.3233,ambient_background,2.93009999999776,516
Even Sample,Lily Adam - One Hive/recorders/willard/2024-08-07/1_11/240807_1016,92719.3233,92741.356,ins_trill,22.0326999999961,517
Even Sample,Lily Adam - One Hive/recorders/willard/2024-08-07/1_11/240807_1016,92741.356,92773.419,ins_trill,32.0629999999946,518
Even Sample,Lily Adam - One Hive/recorders/willard/2024-08-07/1_11/240807_1016,92741.932,92742.22,ambient_noise,0.288000000000466,519
Even Sample,Lily Adam - One Hive/recorders/willard/2024-08-07/1_11/240807_1016,92767.325,92767.577,ambient_noise,0.252000000007683,520
Even Sample,Lily Adam - One Hive/recorders/willard/2024-08-07/1_11/240807_1016,92773.419,92791.96,ins_trill,18.541000000012,521
Even Sample,Lily Adam - One Hive/recorders/willard/2024-08-07/1_11/240807_1016,92791.96,92792.718,ambient_background,0.757999999987078,522
Even Sample,Lily Adam - One Hive/recorders/willard/2024-08-07/1_11/240807_1016,92792.718,92792.916,ambient_noise,0.198000000003958,523
Even Sample,Lily Adam - One Hive/recorders/willard/2024-08-07/1_11/240807_1016,92792.916,92804.118,ambient_background,11.2020000000048,524
Even Sample,Lily Adam - One Hive/recorders/willard/2024-08-07/1_11/240807_1016,92804.118,92805.342,ins_buzz_low,1.22400000000198,525
Even Sample,Lily Adam - One Hive/recorders/willard/2024-08-07/1_11/240807_1016,92805.342,92817.931,ambient_background,12.5889999999927,526
Even Sample,Lily Adam - One Hive/recorders/willard/2024-08-07/1_11/240807_1016,92817.931,92825.152,ins_trill,7.22100000000501,527
Even Sample,Lily Adam - One Hive/recorders/willard/2024-08-07/1_11/240807_1016,92818.669,92818.903,ambient_noise,0.234000000011292,528
Even Sample,Lily Adam - One Hive/recorders/willard/2024-08-07/1_11/240807_1016,92825.152,92833.293,ambient_background,8.14100000000326,529
Even Sample,Lily Adam - One Hive/recorders/willard/2024-08-07/1_11/240807_1016,92833.293,92849.483,ambient_noise,16.1899999999878,530
Even Sample,Lily Adam - One Hive/recorders/willard/2024-08-07/1_11/240807_1016,92844.332,92844.584,ambient_noise,0.252000000007683,531
Even Sample,Lily Adam - One Hive/recorders/willard/2024-08-07/1_11/240807_1016,92849.483,92854.021,ambient_background,4.53800000000047,532
Even Sample,Lily Adam - One Hive/recorders/willard/2024-08-07/1_11/240807_1016,92854.021,92854.873,ins_buzz_low,0.852000000013504,533
Even Sample,Lily Adam - One Hive/recorders/willard/2024-08-07/1_11/240807_1016,92854.873,92856.24,ins_buzz_low,1.36699999999837,534
Even Sample,Lily Adam - One Hive/recorders/willard/2024-08-07/1_11/240807_1016,92856.24,92869.671,ambient_background,13.4309999999969,535
Even Sample,Lily Adam - One Hive/recorders/willard/2024-08-07/1_11/240807_1016,92869.671,92869.905,ambient_noise,0.23399999999674,536
Even Sample,Lily Adam - One Hive/recorders/willard/2024-08-07/1_11/240807_1016,92869.905,92871.022,ambient_background,1.11699999999837,537
Even Sample,Lily Adam - One Hive/recorders/willard/2024-08-07/1_11/240807_1016,92871.022,92872.498,ambient_noise,1.47600000000966,538
Even Sample,Lily Adam - One Hive/recorders/willard/2024-08-07/1_11/240807_1016,92872.498,92875.794,ambient_background,3.29599999998754,539
Even Sample,Lily Adam - One Hive/recorders/willard/2024-08-07/1_11/240807_1016,92875.794,92877.289,ambient_noise,1.4950000000099,540
Even Sample,Lily Adam - One Hive/recorders/willard/2024-08-07/1_11/240807_1016,92877.289,92894.956,ambient_background,17.6670000000013,541
Even Sample,Lily Adam - One Hive/recorders/willard/2024-08-07/1_11/240807_1016,92894.956,92895.172,ambient_noise,0.216000000000349,542
Even Sample,Lily Adam - One Hive/recorders/willard/2024-08-07/1_11/240807_1016,92895.172,92920.295,ambient_background,25.1229999999923,543
Even Sample,Lily Adam - One Hive/recorders/willard/2024-08-07/1_11/240807_1016,92920.295,92920.565,ambient_noise,0.270000000004075,544
Even Sample,Lily Adam - One Hive/recorders/willard/2024-08-07/1_11/240807_1016,92920.565,92940.0,ambient_background,19.4349999999977,545
Even Sample,Lily Adam - One Hive/recorders/willard/2024-08-07/1_11/240807_1016,96240.0,96459.286,ins_trill,219.285999999993,546
Even Sample,Lily Adam - One Hive/recorders/willard/2024-08-07/1_11/240807_1016,96247.77127,96248.20903,ins_buzz_high,0.437760000000708,547
Even Sample,Lily Adam - One Hive/recorders/willard/2024-08-07/1_11/240807_1016,96250.2192,96250.8088,ins_buzz_high,0.58959999999206,548
Even Sample,Lily Adam - One Hive/recorders/willard/2024-08-07/1_11/240807_1016,96255.5004,96256.5993,ins_buzz_high,1.09889999999723,549
Even Sample,Lily Adam - One Hive/recorders/willard/2024-08-07/1_11/240807_1016,96257.2782,96258.5201,ins_buzz_high,1.24189999999362,550
Even Sample,Lily Adam - One Hive/recorders/willard/2024-08-07/1_11/240807_1016,96259.8244,96260.6463,ins_buzz_high,0.821899999995367,551
Even Sample,Lily Adam - One Hive/recorders/willard/2024-08-07/1_11/240807_1016,96261.9418,96269.348,ins_buzz_medium,7.40619999999763,552
Even Sample,Lily Adam - One Hive/recorders/willard/2024-08-07/1_11/240807_1016,96270.4022,96270.6702,ambient_noise,0.267999999996391,553
Even Sample,Lily Adam - One Hive/recorders/willard/2024-08-07/1_11/240807_1016,96275.9859,96276.7006,ins_buzz_high,0.71469999999681,554
Even Sample,Lily Adam - One Hive/recorders/willard/2024-08-07/1_11/240807_1016,96283.3654,96284.0265,ins_buzz_high,0.661100000012084,555
Even Sample,Lily Adam - One Hive/recorders/willard/2024-08-07/1_11/240807_1016,96290.6823,96292.1832,ins_buzz_high,1.50089999999909,556
Even Sample,Lily Adam - One Hive/recorders/willard/2024-08-07/1_11/240807_1016,96293.0408,96293.8181,ins_buzz_high,0.77730000000156,557
Even Sample,Lily Adam - One Hive/recorders/willard/2024-08-07/1_11/240807_1016,96294.5239,96295.0956,ins_buzz_high,0.571700000000419,558
Even Sample,Lily Adam - One Hive/recorders/willard/2024-08-07/1_11/240807_1016,96295.444,96296.2838,ins_buzz_high,0.83980000000156,559
Even Sample,Lily Adam - One Hive/recorders/willard/2024-08-07/1_11/240807_1016,96296.2838,96296.5429,ambient_noise,0.259099999995669,560
Even Sample,Lily Adam - One Hive/recorders/willard/2024-08-07/1_11/240807_1016,96301.0278,96301.6799,ins_buzz_high,0.652100000006612,561
Even Sample,Lily Adam - One Hive/recorders/willard/2024-08-07/1_11/240807_1016,96317.3947,96319.1011,ins_buzz_high,1.70639999999548,562
Even Sample,Lily Adam - One Hive/recorders/willard/2024-08-07/1_11/240807_1016,96321.8706,96322.1119,ambient_noise,0.241300000008778,563
Even Sample,Lily Adam - One Hive/recorders/willard/2024-08-07/1_11/240807_1016,96333.6367,96334.3514,ins_buzz_high,0.71469999999681,564
Even Sample,Lily Adam - One Hive/recorders/willard/2024-08-07/1_11/240807_1016,96336.8439,96338.2198,ins_buzz_high,1.37589999999909,565
Even Sample,Lily Adam - One Hive/recorders/willard/2024-08-07/1_11/240807_1016,96339.5509,96340.373,ins_buzz_high,0.822100000004866,566
Even Sample,Lily Adam - One Hive/recorders/willard/2024-08-07/1_11/240807_1016,96347.377,96347.654,ambient_noise,0.277000000001863,567
Even Sample,Lily Adam - One Hive/recorders/willard/2024-08-07/1_11/240807_1016,96354.354,96355.016,ins_buzz_high,0.661999999996624,568
Even Sample,Lily Adam - One Hive/recorders/willard/2024-08-07/1_11/240807_1016,96361.43,96362.252,ins_buzz_high,0.822000000000116,569
Even Sample,Lily Adam - One Hive/recorders/willard/2024-08-07/1_11/240807_1016,96373.464,96373.688,ambient_noise,0.223999999987427,570
Even Sample,Lily Adam - One Hive/recorders/willard/2024-08-07/1_11/240807_1016,96399.382,96399.578,ambient_noise,0.195999999996275,571
Even Sample,Lily Adam - One Hive/recorders/willard/2024-08-07/1_11/240807_1016,96406.18,96406.341,ambient_noise,0.161000000007334,572
Even Sample,Lily Adam - One Hive/recorders/willard/2024-08-07/1_11/240807_1016,96406.529,96412.559,ambient_noise,6.02999999999884,573
Even Sample,Lily Adam - One Hive/recorders/willard/2024-08-07/1_11/240807_1016,96425.585,96425.772,ambient_noise,0.186999999990803,574
Even Sample,Lily Adam - One Hive/recorders/willard/2024-08-07/1_11/240807_1016,96451.547,96451.734,ambient_noise,0.186999999990803,575
Even Sample,Lily Adam - One Hive/recorders/willard/2024-08-07/1_11/240807_1016,96459.286,96460.981,ambient_background,1.69500000000698,576
Even Sample,Lily Adam - One Hive/recorders/willard/2024-08-07/1_11/240807_1016,96460.981,96461.74,ins_buzz_high,0.759000000005472,577
Even Sample,Lily Adam - One Hive/recorders/willard/2024-08-07/1_11/240807_1016,96461.836,96463.581,ins_trill,1.7450000000099,578
Even Sample,Lily Adam - One Hive/recorders/willard/2024-08-07/1_11/240807_1016,96463.581,96463.956,ambient_background,0.375,579
Even Sample,Lily Adam - One Hive/recorders/willard/2024-08-07/1_11/240807_1016,96463.956,96464.144,ins_trill,0.187999999994645,580
Even Sample,Lily Adam - One Hive/recorders/willard/2024-08-07/1_11/240807_1016,96464.144,96464.885,ambient_background,0.740999999994528,581
Even Sample,Lily Adam - One Hive/recorders/willard/2024-08-07/1_11/240807_1016,96464.885,96470.674,ins_trill,5.78900000000431,582
Even Sample,Lily Adam - One Hive/recorders/willard/2024-08-07/1_11/240807_1016,96470.674,96471.13,ambient_background,0.456000000005588,583
Even Sample,Lily Adam - One Hive/recorders/willard/2024-08-07/1_11/240807_1016,96471.13,96472.032,ins_trill,0.902000000001863,584
Even Sample,Lily Adam - One Hive/recorders/willard/2024-08-07/1_11/240807_1016,96472.032,96476.795,ambient_background,4.76299999999173,585
Even Sample,Lily Adam - One Hive/recorders/willard/2024-08-07/1_11/240807_1016,96476.795,96487.334,ins_trill,10.5390000000043,586
Even Sample,Lily Adam - One Hive/recorders/willard/2024-08-07/1_11/240807_1016,96480.52,96481.413,ins_buzz_medium,0.892999999996391,587
Even Sample,Lily Adam - One Hive/recorders/willard/2024-08-07/1_11/240807_1016,96487.334,96493.831,ambient_background,6.49700000000303,588
Even Sample,Lily Adam - One Hive/recorders/willard/2024-08-07/1_11/240807_1016,96493.831,96494.948,ins_buzz_high,1.11699999999837,589
Even Sample,Lily Adam - One Hive/recorders/willard/2024-08-07/1_11/240807_1016,96494.948,96496.127,ambient_background,1.17899999998917,590
Even Sample,Lily Adam - One Hive/recorders/willard/2024-08-07/1_11/240807_1016,96496.127,96497.11,ins_buzz_high,0.983000000007451,591
Even Sample,Lily Adam - One Hive/recorders/willard/2024-08-07/1_11/240807_1016,96497.11,96503.265,ambient_background,6.15499999999884,592
Even Sample,Lily Adam - One Hive/recorders/willard/2024-08-07/1_11/240807_1016,96503.265,96503.507,ambient_noise,0.24199999999837,593
Even Sample,Lily Adam - One Hive/recorders/willard/2024-08-07/1_11/240807_1016,96503.507,96504.043,ins_buzz_high,0.536000000007334,594
Even Sample,Lily Adam - One Hive/recorders/willard/2024-08-07/1_11/240807_1016,96504.043,96508.76,ambient_background,4.71699999998964,595
Even Sample,Lily Adam - One Hive/recorders/willard/2024-08-07/1_11/240807_1016,96508.76,96510.234,ins_buzz_medium,1.47400000000198,596
Even Sample,Lily Adam - One Hive/recorders/willard/2024-08-07/1_11/240807_1016,96509.457,96509.859,ins_buzz_high,0.402000000001863,597
Even Sample,Lily Adam - One Hive/recorders/willard/2024-08-07/1_11/240807_1016,96510.189,96510.609,ins_buzz_high,0.419999999998254,598
Even Sample,Lily Adam - One Hive/recorders/willard/2024-08-07/1_11/240807_1016,96510.609,96527.173,ambient_background,16.5639999999985,599
Even Sample,Lily Adam - One Hive/recorders/willard/2024-08-07/1_11/240807_1016,96527.173,96528.146,ins_buzz_high,0.972999999998137,600
Even Sample,Lily Adam - One Hive/recorders/willard/2024-08-07/1_11/240807_1016,96528.146,96529.236,ambient_background,1.09000000001106,601
Even Sample,Lily Adam - One Hive/recorders/willard/2024-08-07/1_11/240807_1016,96529.236,96529.495,ambient_noise,0.25899999999092,602
Even Sample,Lily Adam - One Hive/recorders/willard/2024-08-07/1_11/240807_1016,96529.495,96540.0,ambient_background,10.5050000000047,603
Even Sample,Lily Adam - One Hive/recorders/willard/2024-08-07/1_11/240807_1016,99840.0,99863.129,ambient_background,23.1290000000008,604
Even Sample,Lily Adam - One Hive/recorders/willard/2024-08-07/1_11/240807_1016,99863.129,99864.9319,ins_buzz_high,1.80289999999513,605
Even Sample,Lily Adam - One Hive/recorders/willard/2024-08-07/1_11/240807_1016,99864.9319,99881.0373,ambient_background,16.1054000000004,606
Even Sample,Lily Adam - One Hive/recorders/willard/2024-08-07/1_11/240807_1016,99881.0373,99881.3228,ambient_noise,0.285499999998137,607
Even Sample,Lily Adam - One Hive/recorders/willard/2024-08-07/1_11/240807_1016,99881.3228,99882.6449,ambient_background,1.32210000000487,608
Even Sample,Lily Adam - One Hive/recorders/willard/2024-08-07/1_11/240807_1016,99882.6449,99883.3435,ins_buzz_high,0.698600000003353,609
Even Sample,Lily Adam - One Hive/recorders/willard/2024-08-07/1_11/240807_1016,99883.3435,99898.4348,ambient_background,15.0913,610
Even Sample,Lily Adam - One Hive/recorders/willard/2024-08-07/1_11/240807_1016,99898.4348,99899.1034,ins_buzz_high,0.668600000004517,611
Even Sample,Lily Adam - One Hive/recorders/willard/2024-08-07/1_11/240807_1016,99899.1034,99906.1795,ambient_background,7.07609999999113,612
Even Sample,Lily Adam - One Hive/recorders/willard/2024-08-07/1_11/240807_1016,99906.1795,99906.9382,ins_buzz_high,0.758700000005774,613
Even Sample,Lily Adam - One Hive/recorders/willard/2024-08-07/1_11/240807_1016,99906.7504,99907.0134,ambient_noise,0.262999999991735,614
Even Sample,Lily Adam - One Hive/recorders/willard/2024-08-07/1_11/240807_1016,99907.0134,99914.1797,ambient_background,7.16629999999714,615
Even Sample,Lily Adam - One Hive/recorders/willard/2024-08-07/1_11/240807_1016,99914.1797,99914.5252,ins_buzz_high,0.345500000010361,616
Even Sample,Lily Adam - One Hive/recorders/willard/2024-08-07/1_11/240807_1016,99914.5252,99944.114,ambient_background,29.5887999999977,617
Even Sample,Lily Adam - One Hive/recorders/willard/2024-08-07/1_11/240807_1016,99944.114,99944.776,human,0.661999999996624,618
Even Sample,Lily Adam - One Hive/recorders/willard/2024-08-07/1_11/240807_1016,99944.776,99953.031,ambient_background,8.25500000000466,619
Even Sample,Lily Adam - One Hive/recorders/willard/2024-08-07/1_11/240807_1016,99953.031,99956.697,mech_train,3.66599999999744,620
Even Sample,Lily Adam - One Hive/recorders/willard/2024-08-07/1_11/240807_1016,99956.697,99958.379,ambient_background,1.6820000000007,621
Even Sample,Lily Adam - One Hive/recorders/willard/2024-08-07/1_11/240807_1016,99958.379,99958.635,ambient_noise,0.255999999993946,622
Even Sample,Lily Adam - One Hive/recorders/willard/2024-08-07/1_11/240807_1016,99958.635,99958.778,ambient_background,0.143000000010943,623
Even Sample,Lily Adam - One Hive/recorders/willard/2024-08-07/1_11/240807_1016,99958.778,99961.046,mech_train,2.26799999999639,624
Even Sample,Lily Adam - One Hive/recorders/willard/2024-08-07/1_11/240807_1016,99961.046,99984.288,ambient_background,23.2419999999984,625
Even Sample,Lily Adam - One Hive/recorders/willard/2024-08-07/1_11/240807_1016,99984.288,99984.611,ambient_noise,0.323000000003958,626
Even Sample,Lily Adam - One Hive/recorders/willard/2024-08-07/1_11/240807_1016,99984.611,99986.023,ambient_background,1.41199999999662,627
Even Sample,Lily Adam - One Hive/recorders/willard/2024-08-07/1_11/240807_1016,99986.023,99986.864,ins_buzz_high,0.841000000000349,628
Even Sample,Lily Adam - One Hive/recorders/willard/2024-08-07/1_11/240807_1016,99986.864,99987.405,ambient_background,0.540999999997439,629
Even Sample,Lily Adam - One Hive/recorders/willard/2024-08-07/1_11/240807_1016,99987.405,99987.856,ins_buzz_medium,0.451000000000931,630
Even Sample,Lily Adam - One Hive/recorders/willard/2024-08-07/1_11/240807_1016,99987.856,100009.843,ambient_background,21.9869999999937,631
Even Sample,Lily Adam - One Hive/recorders/willard/2024-08-07/1_11/240807_1016,100009.843,100010.115,ins_buzz_high,0.272000000011758,632
Even Sample,Lily Adam - One Hive/recorders/willard/2024-08-07/1_11/240807_1016,100010.115,100018.527,ambient_background,8.41199999999662,633
Even Sample,Lily Adam - One Hive/recorders/willard/2024-08-07/1_11/240807_1016,100018.527,100019.233,ins_buzz_high,0.705999999991036,634
Even Sample,Lily Adam - One Hive/recorders/willard/2024-08-07/1_11/240807_1016,100019.233,100020.255,ambient_background,1.02200000001176,635
Even Sample,Lily Adam - One Hive/recorders/willard/2024-08-07/1_11/240807_1016,100020.255,100020.833,ins_buzz_high,0.577999999994063,636
Even Sample,Lily Adam - One Hive/recorders/willard/2024-08-07/1_11/240807_1016,100020.833,100022.02,ambient_background,1.18700000000536,637
Even Sample,Lily Adam - One Hive/recorders/willard/2024-08-07/1_11/240807_1016,100022.02,100022.644,ins_buzz_high,0.623999999996158,638
Even Sample,Lily Adam - One Hive/recorders/willard/2024-08-07/1_11/240807_1016,100022.644,100023.297,ambient_background,0.653000000005704,639
Even Sample,Lily Adam - One Hive/recorders/willard/2024-08-07/1_11/240807_1016,100023.297,100023.567,ins_buzz_high,0.269999999989523,640
Even Sample,Lily Adam - One Hive/recorders/willard/2024-08-07/1_11/240807_1016,100023.567,100030.208,ambient_background,6.64100000000326,641
Even Sample,Lily Adam - One Hive/recorders/willard/2024-08-07/1_11/240807_1016,100030.208,100030.538,ins_buzz_high,0.330000000001746,642
Even Sample,Lily Adam - One Hive/recorders/willard/2024-08-07/1_11/240807_1016,100030.538,100035.714,ambient_background,5.17600000000675,643
Even Sample,Lily Adam - One Hive/recorders/willard/2024-08-07/1_11/240807_1016,100035.714,100036.007,ambient_noise,0.29299999999057,644
Even Sample,Lily Adam - One Hive/recorders/willard/2024-08-07/1_11/240807_1016,100036.007,100042.461,ambient_background,6.4539999999979,645
Even Sample,Lily Adam - One Hive/recorders/willard/2024-08-07/1_11/240807_1016,100042.461,100042.745,ins_buzz_medium,0.283999999999651,646
Even Sample,Lily Adam - One Hive/recorders/willard/2024-08-07/1_11/240807_1016,100042.745,100061.698,ambient_background,18.9530000000086,647
Even Sample,Lily Adam - One Hive/recorders/willard/2024-08-07/1_11/240807_1016,100061.698,100061.961,ambient_noise,0.262999999991735,648
Even Sample,Lily Adam - One Hive/recorders/willard/2024-08-07/1_11/240807_1016,100061.961,100088.215,ambient_background,26.2540000000008,649
Even Sample,Lily Adam - One Hive/recorders/willard/2024-08-07/1_11/240807_1016,100088.215,100088.485,ambient_noise,0.270000000004075,650
Even Sample,Lily Adam - One Hive/recorders/willard/2024-08-07/1_11/240807_1016,100088.485,100099.92,ambient_background,11.4349999999977,651
Even Sample,Lily Adam - One Hive/recorders/willard/2024-08-07/1_11/240807_1016,100099.92,100100.105,ins_buzz_high,0.184999999997672,652
Even Sample,Lily Adam - One Hive/recorders/willard/2024-08-07/1_11/240807_1016,100100.105,100113.635,ambient_background,13.5299999999988,653
Even Sample,Lily Adam - One Hive/recorders/willard/2024-08-07/1_11/240807_1016,100113.635,100113.875,ambient_noise,0.240000000005239,654
Even Sample,Lily Adam - One Hive/recorders/willard/2024-08-07/1_11/240807_1016,100113.875,100115.28,ambient_background,1.40499999999884,655
Even Sample,Lily Adam - One Hive/recorders/willard/2024-08-07/1_11/240807_1016,100115.28,100116.414,ins_buzz_medium,1.13400000000547,656
Even Sample,Lily Adam - One Hive/recorders/willard/2024-08-07/1_11/240807_1016,100116.414,100129.725,ambient_background,13.3110000000015,657
Even Sample,Lily Adam - One Hive/recorders/willard/2024-08-07/1_11/240807_1016,100129.725,100130.424,ins_buzz_high,0.698999999993248,658
Even Sample,Lily Adam - One Hive/recorders/willard/2024-08-07/1_11/240807_1016,100130.424,100139.521,ambient_background,9.0969999999943,659
Even Sample,Lily Adam - One Hive/recorders/willard/2024-08-07/1_11/240807_1016,100139.521,100139.926,ambient_noise,0.405000000013388,660
Even Sample,Lily Adam - One Hive/recorders/wooster/2024-07-26/1_143/240726_1446,101640.0,101679.7774,ins_trill,39.7774000000063,1
Even Sample,Lily Adam - One Hive/recorders/wooster/2024-07-26/1_143/240726_1446,101679.7774,101682.7613,ambient_background,2.98389999999199,2
Even Sample,Lily Adam - One Hive/recorders/wooster/2024-07-26/1_143/240726_1446,101682.7613,101714.7346,ins_trill,31.9732999999978,3
Even Sample,Lily Adam - One Hive/recorders/wooster/2024-07-26/1_143/240726_1446,101714.7346,101721.1803,ambient_background,6.44570000001113,4
Even Sample,Lily Adam - One Hive/recorders/wooster/2024-07-26/1_143/240726_1446,101721.1803,101726.0033,ins_trill,4.82299999998941,5
Even Sample,Lily Adam - One Hive/recorders/wooster/2024-07-26/1_143/240726_1446,101726.0033,101727.01,ambient_background,1.00669999999809,6
Even Sample,Lily Adam - One Hive/recorders/wooster/2024-07-26/1_143/240726_1446,101727.01,101727.8063,ins_buzz_medium,0.796300000001793,7
Even Sample,Lily Adam - One Hive/recorders/wooster/2024-07-26/1_143/240726_1446,101727.8063,101732.1335,ambient_background,4.32719999999972,8
Even Sample,Lily Adam - One Hive/recorders/wooster/2024-07-26/1_143/240726_1446,101732.1335,101734.3573,ins_trill,2.22380000000703,9
Even Sample,Lily Adam - One Hive/recorders/wooster/2024-07-26/1_143/240726_1446,101734.3573,101738.8648,ambient_background,4.50749999999243,10
Even Sample,Lily Adam - One Hive/recorders/wooster/2024-07-26/1_143/240726_1446,101738.8648,101741.945,ins_trill,3.08020000001125,11
Even Sample,Lily Adam - One Hive/recorders/wooster/2024-07-26/1_143/240726_1446,101741.945,101747.204,ambient_background,5.25899999999092,12
Even Sample,Lily Adam - One Hive/recorders/wooster/2024-07-26/1_143/240726_1446,101747.204,101768.84,ins_trill,21.6359999999986,13
Even Sample,Lily Adam - One Hive/recorders/wooster/2024-07-26/1_143/240726_1446,101768.84,101775.543,ambient_background,6.70300000000861,14
Even Sample,Lily Adam - One Hive/recorders/wooster/2024-07-26/1_143/240726_1446,101775.543,101791.083,ins_trill,15.5399999999936,15
Even Sample,Lily Adam - One Hive/recorders/wooster/2024-07-26/1_143/240726_1446,101783.069,101783.595,ins_buzz_medium,0.525999999998021,16
Even Sample,Lily Adam - One Hive/recorders/wooster/2024-07-26/1_143/240726_1446,101791.083,101815.0,ambient_background,23.9170000000013,17
Even Sample,Lily Adam - One Hive/recorders/wooster/2024-07-26/1_143/240726_1446,101815.0,101885.487,mech_auto,70.4869999999937,18
Even Sample,Lily Adam - One Hive/recorders/wooster/2024-07-26/1_143/240726_1446,101828.127,101840.155,ins_trill,12.0280000000057,19
Even Sample,Lily Adam - One Hive/recorders/wooster/2024-07-26/1_143/240726_1446,101885.487,101900.221,ambient_background,14.7340000000113,20
Even Sample,Lily Adam - One Hive/recorders/wooster/2024-07-26/1_143/240726_1446,101900.221,101900.731,ins_buzz_medium,0.509999999994761,21
Even Sample,Lily Adam - One Hive/recorders/wooster/2024-07-26/1_143/240726_1446,101900.731,101940.0,ambient_background,39.2690000000002,22
Even Sample,Lily Adam - One Hive/recorders/wooster/2024-07-26/1_143/240726_1446,105240.0,105540.004,ins_trill,300.004000000001,23
Even Sample,Lily Adam - One Hive/recorders/wooster/2024-07-26/1_143/240726_1446,105256.9814,105272.5905,mech_auto,15.6091000000015,24
Even Sample,Lily Adam - One Hive/recorders/wooster/2024-07-26/1_143/240726_1446,105342.574,105416.503,mech_auto,73.9290000000037,25
Even Sample,Lily Adam - One Hive/recorders/wooster/2024-07-26/1_143/240726_1446,54840.0,55010.002,ambient_background,170.002,26
Even Sample,Lily Adam - One Hive/recorders/wooster/2024-07-26/1_143/240726_1446,55010.002,55078.746,mech_auto,68.7439999999988,27
Even Sample,Lily Adam - One Hive/recorders/wooster/2024-07-26/1_143/240726_1446,55078.746,55098.822,ambient_background,20.0760000000009,28
Even Sample,Lily Adam - One Hive/recorders/wooster/2024-07-26/1_143/240726_1446,55098.822,55110.353,mech_auto,11.5310000000027,29
Even Sample,Lily Adam - One Hive/recorders/wooster/2024-07-26/1_143/240726_1446,55110.353,55116.07,ambient_background,5.71699999999691,30
Even Sample,Lily Adam - One Hive/recorders/wooster/2024-07-26/1_143/240726_1446,55116.07,55132.543,mech_auto,16.4729999999981,31
Even Sample,Lily Adam - One Hive/recorders/wooster/2024-07-26/1_143/240726_1446,55132.543,55140.0,ambient_background,7.45700000000215,32
Even Sample,Lily Adam - One Hive/recorders/wooster/2024-07-26/1_143/240726_1446,58440.0,58446.11179,ambient_background,6.11179000000266,33
Even Sample,Lily Adam - One Hive/recorders/wooster/2024-07-26/1_143/240726_1446,58446.11179,58448.63799,mech_auto,2.52620000000024,34
Even Sample,Lily Adam - One Hive/recorders/wooster/2024-07-26/1_143/240726_1446,58448.63799,58450.553,ambient_background,1.91500999999698,35
Even Sample,Lily Adam - One Hive/recorders/wooster/2024-07-26/1_143/240726_1446,58450.553,58455.2387,mech_auto,4.68570000000182,36
Even Sample,Lily Adam - One Hive/recorders/wooster/2024-07-26/1_143/240726_1446,58455.2387,58488.5276,ambient_background,33.2888999999996,37
Even Sample,Lily Adam - One Hive/recorders/wooster/2024-07-26/1_143/240726_1446,58488.5276,58518.6511,mech_auto,30.1235000000015,38
Even Sample,Lily Adam - One Hive/recorders/wooster/2024-07-26/1_143/240726_1446,58518.6511,58521.5856,ambient_background,2.93449999999575,39
Even Sample,Lily Adam - One Hive/recorders/wooster/2024-07-26/1_143/240726_1446,58521.5856,58547.071,mech_auto,25.485400000005,40
Even Sample,Lily Adam - One Hive/recorders/wooster/2024-07-26/1_143/240726_1446,58547.071,58558.589,ambient_background,11.5179999999964,41
Even Sample,Lily Adam - One Hive/recorders/wooster/2024-07-26/1_143/240726_1446,58558.589,58596.35,mech_auto,37.7609999999986,42
Even Sample,Lily Adam - One Hive/recorders/wooster/2024-07-26/1_143/240726_1446,58596.35,58615.835,ambient_background,19.4850000000006,43
Even Sample,Lily Adam - One Hive/recorders/wooster/2024-07-26/1_143/240726_1446,58615.835,58634.843,mech_auto,19.0080000000016,44
Even Sample,Lily Adam - One Hive/recorders/wooster/2024-07-26/1_143/240726_1446,58634.843,58649.172,ambient_background,14.3289999999979,45
Even Sample,Lily Adam - One Hive/recorders/wooster/2024-07-26/1_143/240726_1446,58649.172,58719.813,mech_auto,70.6410000000033,46
Even Sample,Lily Adam - One Hive/recorders/wooster/2024-07-26/1_143/240726_1446,58719.813,58740.0,ambient_background,20.1869999999981,47
Even Sample,Lily Adam - One Hive/recorders/wooster/2024-07-26/1_143/240726_1446,62040.0,62040.865748,ambient_background,0.865747999996529,48
Even Sample,Lily Adam - One Hive/recorders/wooster/2024-07-26/1_143/240726_1446,62040.865748,62041.42088,ins_buzz_medium,0.555132000001322,49
Even Sample,Lily Adam - One Hive/recorders/wooster/2024-07-26/1_143/240726_1446,62041.42088,62303.531,ambient_background,262.110120000005,50
Even Sample,Lily Adam - One Hive/recorders/wooster/2024-07-26/1_143/240726_1446,62303.531,62304.489,mech_auto,0.957999999998719,51
Even Sample,Lily Adam - One Hive/recorders/wooster/2024-07-26/1_143/240726_1446,62304.489,62312.896,ambient_background,8.40699999999924,52
Even Sample,Lily Adam - One Hive/recorders/wooster/2024-07-26/1_143/240726_1446,62312.896,62314.343,mech_auto,1.44700000000012,53
Even Sample,Lily Adam - One Hive/recorders/wooster/2024-07-26/1_143/240726_1446,62314.343,62340.0,ambient_background,25.6569999999992,54
Even Sample,Lily Adam - One Hive/recorders/wooster/2024-07-26/1_143/240726_1446,65640.0,65655.2787,ambient_background,15.2786999999953,55
Even Sample,Lily Adam - One Hive/recorders/wooster/2024-07-26/1_143/240726_1446,65655.2787,65662.8061,ins_trill,7.52740000000631,56
Even Sample,Lily Adam - One Hive/recorders/wooster/2024-07-26/1_143/240726_1446,65662.8061,65668.0224,ambient_background,5.21630000000005,57
Even Sample,Lily Adam - One Hive/recorders/wooster/2024-07-26/1_143/240726_1446,65668.0224,65698.2313,ins_trill,30.2088999999978,58
Even Sample,Lily Adam - One Hive/recorders/wooster/2024-07-26/1_143/240726_1446,65698.2313,65699.9417,ambient_background,1.7103999999963,59
Even Sample,Lily Adam - One Hive/recorders/wooster/2024-07-26/1_143/240726_1446,65699.9417,65719.1821,ins_trill,19.2404000000097,60
Even Sample,Lily Adam - One Hive/recorders/wooster/2024-07-26/1_143/240726_1446,65719.1821,65720.6089,ambient_background,1.42680000000109,61
Even Sample,Lily Adam - One Hive/recorders/wooster/2024-07-26/1_143/240726_1446,65720.6089,65814.616,ins_trill,94.007099999988,62
Even Sample,Lily Adam - One Hive/recorders/wooster/2024-07-26/1_143/240726_1446,65808.721,65809.051,ins_buzz_medium,0.330000000001746,63
Even Sample,Lily Adam - One Hive/recorders/wooster/2024-07-26/1_143/240726_1446,65814.616,65825.603,ambient_background,10.9870000000083,64
Even Sample,Lily Adam - One Hive/recorders/wooster/2024-07-26/1_143/240726_1446,65825.603,65909.432,ins_trill,83.8289999999979,65
Even Sample,Lily Adam - One Hive/recorders/wooster/2024-07-26/1_143/240726_1446,65909.432,65914.184,ambient_background,4.75199999999313,66
Even Sample,Lily Adam - One Hive/recorders/wooster/2024-07-26/1_143/240726_1446,65914.184,65940.03,ins_trill,25.846000000005,67
Even Sample,Lily Adam - One Hive/recorders/wooster/2024-07-26/1_143/240726_1446,69240.0,69284.9214,mech_plane,44.9214000000065,68
Even Sample,Lily Adam - One Hive/recorders/wooster/2024-07-26/1_143/240726_1446,69284.9214,69289.0967,ambient_background,4.17529999998806,69
Even Sample,Lily Adam - One Hive/recorders/wooster/2024-07-26/1_143/240726_1446,69289.0967,69290.6292,ins_buzz_medium,1.53250000000116,70
Even Sample,Lily Adam - One Hive/recorders/wooster/2024-07-26/1_143/240726_1446,69290.6292,69290.9122,ambient_background,0.283000000010361,71
Even Sample,Lily Adam - One Hive/recorders/wooster/2024-07-26/1_143/240726_1446,69290.9122,69291.3872,ins_buzz_medium,0.474999999991269,72
Even Sample,Lily Adam - One Hive/recorders/wooster/2024-07-26/1_143/240726_1446,69291.3872,69294.4196,ambient_background,3.03239999999641,73
Even Sample,Lily Adam - One Hive/recorders/wooster/2024-07-26/1_143/240726_1446,69294.4196,69294.84,ins_buzz_medium,0.420400000002701,74
Even Sample,Lily Adam - One Hive/recorders/wooster/2024-07-26/1_143/240726_1446,69294.84,69297.1911,ambient_background,2.35109999999986,75
Even Sample,Lily Adam - One Hive/recorders/wooster/2024-07-26/1_143/240726_1446,69297.1911,69299.7058,ins_buzz_medium,2.51469999999972,76
Even Sample,Lily Adam - One Hive/recorders/wooster/2024-07-26/1_143/240726_1446,69299.7058,69303.5518,ambient_background,3.84600000000501,77
Even Sample,Lily Adam - One Hive/recorders/wooster/2024-07-26/1_143/240726_1446,69303.5518,69304.4159,ins_buzz_medium,0.864100000006147,78
Even Sample,Lily Adam - One Hive/recorders/wooster/2024-07-26/1_143/240726_1446,69304.4159,69305.685,ambient_background,1.26909999999043,79
Even Sample,Lily Adam - One Hive/recorders/wooster/2024-07-26/1_143/240726_1446,69305.685,69308.3787,ins_buzz_medium,2.69370000000345,80
Even Sample,Lily Adam - One Hive/recorders/wooster/2024-07-26/1_143/240726_1446,69308.3787,69316.9036,ambient_background,8.52490000000398,81
Even Sample,Lily Adam - One Hive/recorders/wooster/2024-07-26/1_143/240726_1446,69316.9036,69319.1069,ins_buzz_medium,2.20329999999376,82
Even Sample,Lily Adam - One Hive/recorders/wooster/2024-07-26/1_143/240726_1446,69319.1069,69322.112,ambient_background,3.00509999999485,83
Even Sample,Lily Adam - One Hive/recorders/wooster/2024-07-26/1_143/240726_1446,69322.112,69323.9964,ins_buzz_medium,1.88440000000992,84
Even Sample,Lily Adam - One Hive/recorders/wooster/2024-07-26/1_143/240726_1446,69323.9964,69325.1386,ins_buzz_medium,1.14220000000205,85
Even Sample,Lily Adam - One Hive/recorders/wooster/2024-07-26/1_143/240726_1446,69325.1386,69383.357,ambient_background,58.2183999999979,86
Even Sample,Lily Adam - One Hive/recorders/wooster/2024-07-26/1_143/240726_1446,69383.357,69384.395,ins_buzz_medium,1.03800000000047,87
Even Sample,Lily Adam - One Hive/recorders/wooster/2024-07-26/1_143/240726_1446,69384.395,69385.345,ins_buzz_medium,0.94999999999709,88
Even Sample,Lily Adam - One Hive/recorders/wooster/2024-07-26/1_143/240726_1446,69385.345,69386.653,ambient_background,1.30800000000454,89
Even Sample,Lily Adam - One Hive/recorders/wooster/2024-07-26/1_143/240726_1446,69386.653,69387.774,ins_buzz_medium,1.12099999999919,90
Even Sample,Lily Adam - One Hive/recorders/wooster/2024-07-26/1_143/240726_1446,69387.774,69390.549,ambient_background,2.77499999999418,91
Even Sample,Lily Adam - One Hive/recorders/wooster/2024-07-26/1_143/240726_1446,69390.549,69390.967,ins_buzz_medium,0.418000000005122,92
Even Sample,Lily Adam - One Hive/recorders/wooster/2024-07-26/1_143/240726_1446,69390.967,69399.075,ambient_background,8.1079999999929,93
Even Sample,Lily Adam - One Hive/recorders/wooster/2024-07-26/1_143/240726_1446,69399.075,69482.399,mech_plane,83.3240000000078,94
Even Sample,Lily Adam - One Hive/recorders/wooster/2024-07-26/1_143/240726_1446,69419.001,69419.203,ins_buzz_low,0.201999999990221,95
Even Sample,Lily Adam - One Hive/recorders/wooster/2024-07-26/1_143/240726_1446,69421.975,69422.831,ins_buzz_low,0.855999999999767,96
Even Sample,Lily Adam - One Hive/recorders/wooster/2024-07-26/1_143/240726_1446,69463.478,69466.203,ins_buzz_medium,2.72499999999127,97
Even Sample,Lily Adam - One Hive/recorders/wooster/2024-07-26/1_143/240726_1446,69472.688,69477.757,ins_buzz_medium,5.06900000000314,98
Even Sample,Lily Adam - One Hive/recorders/wooster/2024-07-26/1_143/240726_1446,69482.399,69521.845,ambient_background,39.4459999999963,99
Even Sample,Lily Adam - One Hive/recorders/wooster/2024-07-26/1_143/240726_1446,69521.845,69540.004,mech_plane,18.1589999999997,100
Even Sample,Lily Adam - One Hive/recorders/wooster/2024-07-26/1_143/240726_1446,72840.0,72872.2671,ambient_background,32.2670999999973,101
Even Sample,Lily Adam - One Hive/recorders/wooster/2024-07-26/1_143/240726_1446,72872.2671,72873.1687,ins_buzz_medium,0.901599999997416,102
Even Sample,Lily Adam - One Hive/recorders/wooster/2024-07-26/1_143/240726_1446,72873.1687,72875.1341,ambient_background,1.96540000000095,103
Even Sample,Lily Adam - One Hive/recorders/wooster/2024-07-26/1_143/240726_1446,72875.1341,72876.5405,ins_buzz_medium,1.40640000000712,104
Even Sample,Lily Adam - One Hive/recorders/wooster/2024-07-26/1_143/240726_1446,72876.5405,72878.9864,ambient_background,2.44589999999152,105
Even Sample,Lily Adam - One Hive/recorders/wooster/2024-07-26/1_143/240726_1446,72878.9864,72880.4211,ins_buzz_medium,1.43470000001253,106
Even Sample,Lily Adam - One Hive/recorders/wooster/2024-07-26/1_143/240726_1446,72880.4211,72893.7885,ambient_background,13.3673999999883,107
Even Sample,Lily Adam - One Hive/recorders/wooster/2024-07-26/1_143/240726_1446,72893.7885,72894.5476,ins_buzz_medium,0.759100000010221,108
Even Sample,Lily Adam - One Hive/recorders/wooster/2024-07-26/1_143/240726_1446,72894.5476,72899.4588,ambient_background,4.91119999998773,109
Even Sample,Lily Adam - One Hive/recorders/wooster/2024-07-26/1_143/240726_1446,72899.4588,72901.645,ins_buzz_medium,2.18620000001101,110
Even Sample,Lily Adam - One Hive/recorders/wooster/2024-07-26/1_143/240726_1446,72901.645,72906.8834,ambient_background,5.238400000002,111
Even Sample,Lily Adam - One Hive/recorders/wooster/2024-07-26/1_143/240726_1446,72906.8834,72907.2495,ins_buzz_medium,0.366099999999278,112
Even Sample,Lily Adam - One Hive/recorders/wooster/2024-07-26/1_143/240726_1446,72907.2495,72938.8723,ambient_background,31.6227999999974,113
Even Sample,Lily Adam - One Hive/recorders/wooster/2024-07-26/1_143/240726_1446,72938.8723,72939.0757,ins_buzz_medium,0.20339999999851,114
Even Sample,Lily Adam - One Hive/recorders/wooster/2024-07-26/1_143/240726_1446,72939.0757,72954.005,ambient_background,14.9293000000034,115
Even Sample,Lily Adam - One Hive/recorders/wooster/2024-07-26/1_143/240726_1446,72954.005,72954.346,ins_buzz_medium,0.341000000000349,116
Even Sample,Lily Adam - One Hive/recorders/wooster/2024-07-26/1_143/240726_1446,72954.346,72957.503,ambient_background,3.15699999999197,117
Even Sample,Lily Adam - One Hive/recorders/wooster/2024-07-26/1_143/240726_1446,72957.503,72958.081,ins_buzz_medium,0.578000000008615,118
Even Sample,Lily Adam - One Hive/recorders/wooster/2024-07-26/1_143/240726_1446,72958.081,72965.183,ambient_background,7.10199999999895,119
Even Sample,Lily Adam - One Hive/recorders/wooster/2024-07-26/1_143/240726_1446,72965.183,72965.403,ins_buzz_medium,0.220000000001164,120
Even Sample,Lily Adam - One Hive/recorders/wooster/2024-07-26/1_143/240726_1446,72965.403,72995.59,ambient_background,30.1869999999908,121
Even Sample,Lily Adam - One Hive/recorders/wooster/2024-07-26/1_143/240726_1446,72995.59,73009.829,mech_auto,14.2390000000014,122
Even Sample,Lily Adam - One Hive/recorders/wooster/2024-07-26/1_143/240726_1446,73006.024,73008.323,ins_buzz_medium,2.29899999999907,123
Even Sample,Lily Adam - One Hive/recorders/wooster/2024-07-26/1_143/240726_1446,73009.829,73013.236,ambient_background,3.40700000000652,124
Even Sample,Lily Adam - One Hive/recorders/wooster/2024-07-26/1_143/240726_1446,73013.236,73013.507,ins_buzz_medium,0.270999999993364,125
Even Sample,Lily Adam - One Hive/recorders/wooster/2024-07-26/1_143/240726_1446,73013.507,73017.446,ambient_background,3.93899999999849,126
Even Sample,Lily Adam - One Hive/recorders/wooster/2024-07-26/1_143/240726_1446,73017.446,73018.162,ins_buzz_medium,0.716000000000349,127
Even Sample,Lily Adam - One Hive/recorders/wooster/2024-07-26/1_143/240726_1446,73018.162,73021.206,ambient_background,3.04400000000896,128
Even Sample,Lily Adam - One Hive/recorders/wooster/2024-07-26/1_143/240726_1446,73021.206,73021.783,ins_buzz_low,0.576999999990221,129
Even Sample,Lily Adam - One Hive/recorders/wooster/2024-07-26/1_143/240726_1446,73021.783,73026.516,ambient_background,4.73300000000745,130
Even Sample,Lily Adam - One Hive/recorders/wooster/2024-07-26/1_143/240726_1446,73026.516,73027.003,ins_buzz_medium,0.486999999993714,131
Even Sample,Lily Adam - One Hive/recorders/wooster/2024-07-26/1_143/240726_1446,73027.003,73031.114,ambient_background,4.11100000000442,132
Even Sample,Lily Adam - One Hive/recorders/wooster/2024-07-26/1_143/240726_1446,73031.114,73031.808,ins_buzz_medium,0.694000000003143,133
Even Sample,Lily Adam - One Hive/recorders/wooster/2024-07-26/1_143/240726_1446,73031.808,73040.572,ambient_background,8.76399999999558,134
Even Sample,Lily Adam - One Hive/recorders/wooster/2024-07-26/1_143/240726_1446,73040.572,73041.96,ins_buzz_medium,1.38800000000629,135
Even Sample,Lily Adam - One Hive/recorders/wooster/2024-07-26/1_143/240726_1446,73041.96,73043.033,ambient_background,1.07299999998941,136
Even Sample,Lily Adam - One Hive/recorders/wooster/2024-07-26/1_143/240726_1446,73043.033,73043.521,ins_buzz_medium,0.487999999997555,137
Even Sample,Lily Adam - One Hive/recorders/wooster/2024-07-26/1_143/240726_1446,73043.521,73044.908,ambient_background,1.38700000000244,138
Even Sample,Lily Adam - One Hive/recorders/wooster/2024-07-26/1_143/240726_1446,73044.908,73046.486,ins_buzz_medium,1.57800000000861,139
Even Sample,Lily Adam - One Hive/recorders/wooster/2024-07-26/1_143/240726_1446,73046.486,73048.713,ambient_background,2.22699999999895,140
Even Sample,Lily Adam - One Hive/recorders/wooster/2024-07-26/1_143/240726_1446,73048.713,73049.903,ins_buzz_medium,1.19000000000233,141
Even Sample,Lily Adam - One Hive/recorders/wooster/2024-07-26/1_143/240726_1446,73049.903,73065.951,ambient_background,16.0479999999952,142
Even Sample,Lily Adam - One Hive/recorders/wooster/2024-07-26/1_143/240726_1446,73065.951,73066.753,ins_buzz_medium,0.801999999996042,143
Even Sample,Lily Adam - One Hive/recorders/wooster/2024-07-26/1_143/240726_1446,73066.753,73072.288,ambient_background,5.53500000000349,144
Even Sample,Lily Adam - One Hive/recorders/wooster/2024-07-26/1_143/240726_1446,73072.288,73073.387,ins_buzz_medium,1.09900000000198,145
Even Sample,Lily Adam - One Hive/recorders/wooster/2024-07-26/1_143/240726_1446,73073.387,73083.117,ambient_background,9.72999999999593,146
Even Sample,Lily Adam - One Hive/recorders/wooster/2024-07-26/1_143/240726_1446,73083.117,73083.567,ins_buzz_high,0.44999999999709,147
Even Sample,Lily Adam - One Hive/recorders/wooster/2024-07-26/1_143/240726_1446,73083.549,73083.82,ins_buzz_medium,0.271000000007916,148
Even Sample,Lily Adam - One Hive/recorders/wooster/2024-07-26/1_143/240726_1446,73083.82,73090.089,ambient_background,6.26900000000023,149
Even Sample,Lily Adam - One Hive/recorders/wooster/2024-07-26/1_143/240726_1446,73090.089,73090.992,ins_buzz_high,0.902999999991152,150
Even Sample,Lily Adam - One Hive/recorders/wooster/2024-07-26/1_143/240726_1446,73090.992,73101.365,ambient_background,10.3730000000069,151
Even Sample,Lily Adam - One Hive/recorders/wooster/2024-07-26/1_143/240726_1446,73101.365,73101.658,ins_buzz_medium,0.29299999999057,152
Even Sample,Lily Adam - One Hive/recorders/wooster/2024-07-26/1_143/240726_1446,73101.658,73105.893,ambient_background,4.23500000000058,153
Even Sample,Lily Adam - One Hive/recorders/wooster/2024-07-26/1_143/240726_1446,73105.893,73114.127,mech_auto,8.23399999999674,154
Even Sample,Lily Adam - One Hive/recorders/wooster/2024-07-26/1_143/240726_1446,73114.127,73125.621,ambient_background,11.4940000000061,155
Even Sample,Lily Adam - One Hive/recorders/wooster/2024-07-26/1_143/240726_1446,73125.621,73139.001,mech_auto,13.3800000000047,156
Even Sample,Lily Adam - One Hive/recorders/wooster/2024-07-26/1_143/240726_1446,73139.001,73140.0,ambient_background,0.998999999996158,157
Even Sample,Lily Adam - One Hive/recorders/wooster/2024-07-26/1_143/240726_1446,76440.0,76441.6892,ambient_background,1.68919999999343,158
Even Sample,Lily Adam - One Hive/recorders/wooster/2024-07-26/1_143/240726_1446,76443.5187,76461.2015,ambient_background,17.682799999995,160
Even Sample,Lily Adam - One Hive/recorders/wooster/2024-07-26/1_143/240726_1446,76464.1202,76487.6875,ambient_background,23.5672999999952,162
Even Sample,Lily Adam - One Hive/recorders/wooster/2024-07-26/1_143/240726_1446,76487.6875,76488.6373,ins_buzz_low,0.949800000002142,163
Even Sample,Lily Adam - One Hive/recorders/wooster/2024-07-26/1_143/240726_1446,76488.6373,76490.0716,ambient_background,1.43429999999353,164
Even Sample,Lily Adam - One Hive/recorders/wooster/2024-07-26/1_143/240726_1446,76490.0716,76491.066,ins_buzz_low,0.994400000010501,165
Even Sample,Lily Adam - One Hive/recorders/wooster/2024-07-26/1_143/240726_1446,76491.066,76497.9768,ambient_background,6.91079999999783,166
Even Sample,Lily Adam - One Hive/recorders/wooster/2024-07-26/1_143/240726_1446,76497.9768,76513.586,mech_auto,15.6091999999917,167
Even Sample,Lily Adam - One Hive/recorders/wooster/2024-07-26/1_143/240726_1446,76508.4684,76508.7361,ins_buzz_medium,0.267699999996694,168
Even Sample,Lily Adam - One Hive/recorders/wooster/2024-07-26/1_143/240726_1446,76511.356,76511.7958,ins_buzz_medium,0.439800000007381,169
Even Sample,Lily Adam - One Hive/recorders/wooster/2024-07-26/1_143/240726_1446,76513.586,76515.6524,ambient_background,2.06640000001062,170
Even Sample,Lily Adam - One Hive/recorders/wooster/2024-07-26/1_143/240726_1446,76515.6524,76519.4197,ins_buzz_medium,3.76729999999225,171
Even Sample,Lily Adam - One Hive/recorders/wooster/2024-07-26/1_143/240726_1446,76519.4197,76548.539,ambient_background,29.1193000000058,172
Even Sample,Lily Adam - One Hive/recorders/wooster/2024-07-26/1_143/240726_1446,76548.539,76561.809,mech_auto,13.2699999999895,173
Even Sample,Lily Adam - One Hive/recorders/wooster/2024-07-26/1_143/240726_1446,76561.809,76562.938,ambient_background,1.12900000000081,174
Even Sample,Lily Adam - One Hive/recorders/wooster/2024-07-26/1_143/240726_1446,76562.938,76563.123,ins_buzz_low,0.185000000012224,175
Even Sample,Lily Adam - One Hive/recorders/wooster/2024-07-26/1_143/240726_1446,76563.123,76584.318,ambient_background,21.1949999999924,176
Even Sample,Lily Adam - One Hive/recorders/wooster/2024-07-26/1_143/240726_1446,76584.318,76584.669,ins_buzz_low,0.350999999995111,177
Even Sample,Lily Adam - One Hive/recorders/wooster/2024-07-26/1_143/240726_1446,76584.669,76612.902,ambient_background,28.2330000000075,178
Even Sample,Lily Adam - One Hive/recorders/wooster/2024-07-26/1_143/240726_1446,76612.902,76614.865,ins_buzz_medium,1.96300000000338,179
Even Sample,Lily Adam - One Hive/recorders/wooster/2024-07-26/1_143/240726_1446,76614.865,76616.752,ins_buzz_medium,1.88699999998789,180
Even Sample,Lily Adam - One Hive/recorders/wooster/2024-07-26/1_143/240726_1446,76616.752,76620.506,ambient_background,3.75400000000081,181
Even Sample,Lily Adam - One Hive/recorders/wooster/2024-07-26/1_143/240726_1446,76620.506,76621.214,ins_buzz_medium,0.708000000013271,182
Even Sample,Lily Adam - One Hive/recorders/wooster/2024-07-26/1_143/240726_1446,76621.214,76621.603,ambient_background,0.388999999995576,183
Even Sample,Lily Adam - One Hive/recorders/wooster/2024-07-26/1_143/240726_1446,76621.603,76622.795,ins_buzz_high,1.19199999999546,184
Even Sample,Lily Adam - One Hive/recorders/wooster/2024-07-26/1_143/240726_1446,76622.795,76644.876,ambient_background,22.0810000000056,185
Even Sample,Lily Adam - One Hive/recorders/wooster/2024-07-26/1_143/240726_1446,76644.876,76646.189,ins_buzz_medium,1.31299999999464,186
Even Sample,Lily Adam - One Hive/recorders/wooster/2024-07-26/1_143/240726_1446,76646.189,76648.68,ambient_background,2.49099999999453,187
Even Sample,Lily Adam - One Hive/recorders/wooster/2024-07-26/1_143/240726_1446,76648.68,76649.401,ins_buzz_medium,0.721000000005006,188
Even Sample,Lily Adam - One Hive/recorders/wooster/2024-07-26/1_143/240726_1446,76649.401,76651.682,ambient_background,2.28100000000268,189
Even Sample,Lily Adam - One Hive/recorders/wooster/2024-07-26/1_143/240726_1446,76651.682,76654.31,ins_buzz_medium,2.62799999999697,190
Even Sample,Lily Adam - One Hive/recorders/wooster/2024-07-26/1_143/240726_1446,76654.31,76703.562,ambient_background,49.2520000000077,191
Even Sample,Lily Adam - One Hive/recorders/wooster/2024-07-26/1_143/240726_1446,76703.562,76705.563,ins_buzz_low,2.00099999998929,192
Even Sample,Lily Adam - One Hive/recorders/wooster/2024-07-26/1_143/240726_1446,76705.563,76709.596,ambient_background,4.03300000001036,193
Even Sample,Lily Adam - One Hive/recorders/wooster/2024-07-26/1_143/240726_1446,76709.596,76711.249,ins_buzz_medium,1.65299999999115,194
Even Sample,Lily Adam - One Hive/recorders/wooster/2024-07-26/1_143/240726_1446,76711.249,76734.824,ambient_background,23.5749999999971,195
Even Sample,Lily Adam - One Hive/recorders/wooster/2024-07-26/1_143/240726_1446,76734.824,76735.779,ins_buzz_medium,0.955000000001746,196
Even Sample,Lily Adam - One Hive/recorders/wooster/2024-07-26/1_143/240726_1446,76735.779,76740.0,ambient_background,4.22100000000501,197
Even Sample,Lily Adam - One Hive/recorders/wooster/2024-07-26/1_143/240726_1446,80040.0,80042.0573,ambient_background,2.0573000000004,198
Even Sample,Lily Adam - One Hive/recorders/wooster/2024-07-26/1_143/240726_1446,80042.0573,80042.6368,ins_buzz_medium,0.579499999992549,199
Even Sample,Lily Adam - One Hive/recorders/wooster/2024-07-26/1_143/240726_1446,80042.6368,80043.2162,ambient_background,0.579400000002352,200
Even Sample,Lily Adam - One Hive/recorders/wooster/2024-07-26/1_143/240726_1446,80043.2162,80043.4439,ins_buzz_low,0.227700000003097,201
Even Sample,Lily Adam - One Hive/recorders/wooster/2024-07-26/1_143/240726_1446,80043.4439,80045.2381,ambient_background,1.79420000000391,202
Even Sample,Lily Adam - One Hive/recorders/wooster/2024-07-26/1_143/240726_1446,80045.2381,80046.4733,ins_buzz_medium,1.23519999999553,203
Even Sample,Lily Adam - One Hive/recorders/wooster/2024-07-26/1_143/240726_1446,80046.4733,80081.3639,ambient_background,34.8905999999988,204
Even Sample,Lily Adam - One Hive/recorders/wooster/2024-07-26/1_143/240726_1446,80081.3639,80081.986,ins_buzz_medium,0.622100000007777,205
Even Sample,Lily Adam - One Hive/recorders/wooster/2024-07-26/1_143/240726_1446,80081.986,80082.545,ambient_background,0.55899999999383,206
Even Sample,Lily Adam - One Hive/recorders/wooster/2024-07-26/1_143/240726_1446,80082.545,80084.1588,ins_buzz_medium,1.61380000000645,207
Even Sample,Lily Adam - One Hive/recorders/wooster/2024-07-26/1_143/240726_1446,80084.1588,80088.3781,ambient_background,4.21929999999702,208
Even Sample,Lily Adam - One Hive/recorders/wooster/2024-07-26/1_143/240726_1446,80088.3781,80089.9558,ins_buzz_medium,1.57769999999437,209
Even Sample,Lily Adam - One Hive/recorders/wooster/2024-07-26/1_143/240726_1446,80089.9558,80093.7514,ambient_background,3.79559999999765,210
Even Sample,Lily Adam - One Hive/recorders/wooster/2024-07-26/1_143/240726_1446,80093.7514,80094.1842,ins_buzz_low,0.432800000009593,211
Even Sample,Lily Adam - One Hive/recorders/wooster/2024-07-26/1_143/240726_1446,80094.1842,80094.7071,ambient_background,0.522899999996298,212
Even Sample,Lily Adam - One Hive/recorders/wooster/2024-07-26/1_143/240726_1446,80094.7071,80096.5643,ins_buzz_medium,1.85719999999856,213
Even Sample,Lily Adam - One Hive/recorders/wooster/2024-07-26/1_143/240726_1446,80096.5643,80104.4891,ambient_background,7.92480000000796,214
Even Sample,Lily Adam - One Hive/recorders/wooster/2024-07-26/1_143/240726_1446,80104.4891,80105.5079,ins_buzz_medium,1.01879999999073,215
Even Sample,Lily Adam - One Hive/recorders/wooster/2024-07-26/1_143/240726_1446,80105.5079,80111.2508,ambient_background,5.74289999999746,216
Even Sample,Lily Adam - One Hive/recorders/wooster/2024-07-26/1_143/240726_1446,80111.2508,80112.2876,ins_buzz_medium,1.03680000000168,217
Even Sample,Lily Adam - One Hive/recorders/wooster/2024-07-26/1_143/240726_1446,80112.2876,80122.6106,ambient_background,10.323000000004,218
Even Sample,Lily Adam - One Hive/recorders/wooster/2024-07-26/1_143/240726_1446,80122.6106,80123.0794,ins_buzz_low,0.468800000002375,219
Even Sample,Lily Adam - One Hive/recorders/wooster/2024-07-26/1_143/240726_1446,80123.0794,80151.38,ambient_background,28.3006000000023,220
Even Sample,Lily Adam - One Hive/recorders/wooster/2024-07-26/1_143/240726_1446,80151.38,80153.066,ins_buzz_medium,1.68600000000151,221
Even Sample,Lily Adam - One Hive/recorders/wooster/2024-07-26/1_143/240726_1446,80152.119,80155.545,mech_auto,3.4259999999922,222
Even Sample,Lily Adam - One Hive/recorders/wooster/2024-07-26/1_143/240726_1446,80154.31,80155.198,ins_buzz_medium,0.888000000006286,223
Even Sample,Lily Adam - One Hive/recorders/wooster/2024-07-26/1_143/240726_1446,80155.198,80156.005,ins_buzz_medium,0.807000000000698,224
Even Sample,Lily Adam - One Hive/recorders/wooster/2024-07-26/1_143/240726_1446,80156.005,80157.096,ambient_background,1.09100000000035,225
Even Sample,Lily Adam - One Hive/recorders/wooster/2024-07-26/1_143/240726_1446,80157.096,80161.495,mech_auto,4.39899999999034,226
Even Sample,Lily Adam - One Hive/recorders/wooster/2024-07-26/1_143/240726_1446,80158.736,80160.125,ins_buzz_medium,1.38899999999558,227
Even Sample,Lily Adam - One Hive/recorders/wooster/2024-07-26/1_143/240726_1446,80160.918,80161.495,ins_buzz_medium,0.576999999990221,228
Even Sample,Lily Adam - One Hive/recorders/wooster/2024-07-26/1_143/240726_1446,80161.495,80163.154,ambient_background,1.65899999999965,229
Even Sample,Lily Adam - One Hive/recorders/wooster/2024-07-26/1_143/240726_1446,80163.154,80166.219,mech_auto,3.06500000000233,230
Even Sample,Lily Adam - One Hive/recorders/wooster/2024-07-26/1_143/240726_1446,80166.219,80185.237,ambient_background,19.0179999999964,231
Even Sample,Lily Adam - One Hive/recorders/wooster/2024-07-26/1_143/240726_1446,80185.237,80195.641,mech_auto,10.4040000000095,232
Even Sample,Lily Adam - One Hive/recorders/wooster/2024-07-26/1_143/240726_1446,80195.641,80199.144,ambient_background,3.50299999999697,233
Even Sample,Lily Adam - One Hive/recorders/wooster/2024-07-26/1_143/240726_1446,80199.144,80200.887,ins_buzz_low,1.74300000000221,234
Even Sample,Lily Adam - One Hive/recorders/wooster/2024-07-26/1_143/240726_1446,80200.887,80201.547,ins_buzz_low,0.660000000003492,235
Even Sample,Lily Adam - One Hive/recorders/wooster/2024-07-26/1_143/240726_1446,80201.547,80201.728,ambient_background,0.180999999996857,236
Even Sample,Lily Adam - One Hive/recorders/wooster/2024-07-26/1_143/240726_1446,80201.728,80202.466,ins_buzz_medium,0.737999999997555,237
Even Sample,Lily Adam - One Hive/recorders/wooster/2024-07-26/1_143/240726_1446,80202.466,80202.654,ambient_background,0.187999999994645,238
Even Sample,Lily Adam - One Hive/recorders/wooster/2024-07-26/1_143/240726_1446,80202.654,80205.271,ins_buzz_low,2.61699999999837,239
Even Sample,Lily Adam - One Hive/recorders/wooster/2024-07-26/1_143/240726_1446,80205.271,80212.996,ambient_background,7.72500000000582,240
Even Sample,Lily Adam - One Hive/recorders/wooster/2024-07-26/1_143/240726_1446,80212.996,80214.164,ins_buzz_high,1.16800000000512,241
Even Sample,Lily Adam - One Hive/recorders/wooster/2024-07-26/1_143/240726_1446,80214.164,80230.952,ambient_background,16.7880000000005,242
Even Sample,Lily Adam - One Hive/recorders/wooster/2024-07-26/1_143/240726_1446,80230.952,80243.177,mech_auto,12.2249999999913,243
Even Sample,Lily Adam - One Hive/recorders/wooster/2024-07-26/1_143/240726_1446,80243.177,80262.419,ambient_background,19.2419999999984,244
Even Sample,Lily Adam - One Hive/recorders/wooster/2024-07-26/1_143/240726_1446,80262.419,80270.523,ambient_noise,8.10400000000664,245
Even Sample,Lily Adam - One Hive/recorders/wooster/2024-07-26/1_143/240726_1446,80270.523,80274.609,ambient_background,4.08599999999569,246
Even Sample,Lily Adam - One Hive/recorders/wooster/2024-07-26/1_143/240726_1446,80274.609,80277.103,ambient_noise,2.49400000000605,247
Even Sample,Lily Adam - One Hive/recorders/wooster/2024-07-26/1_143/240726_1446,80277.103,80278.498,ambient_background,1.39500000000407,248
Even Sample,Lily Adam - One Hive/recorders/wooster/2024-07-26/1_143/240726_1446,80278.498,80296.688,mech_auto,18.1899999999878,249
Even Sample,Lily Adam - One Hive/recorders/wooster/2024-07-26/1_143/240726_1446,80296.688,80297.263,ambient_background,0.575000000011642,250
Even Sample,Lily Adam - One Hive/recorders/wooster/2024-07-26/1_143/240726_1446,80297.263,80308.544,ambient_noise,11.2809999999881,251
Even Sample,Lily Adam - One Hive/recorders/wooster/2024-07-26/1_143/240726_1446,80308.544,80316.24,ambient_background,7.69600000001083,252
Even Sample,Lily Adam - One Hive/recorders/wooster/2024-07-26/1_143/240726_1446,80316.24,80319.666,mech_auto,3.4259999999922,253
Even Sample,Lily Adam - One Hive/recorders/wooster/2024-07-26/1_143/240726_1446,80319.666,80340.0,ambient_background,20.3340000000026,254
Even Sample,Lily Adam - One Hive/recorders/wooster/2024-07-26/1_143/240726_1446,83640.0,83686.3367,ambient_background,46.3366999999998,255
Even Sample,Lily Adam - One Hive/recorders/wooster/2024-07-26/1_143/240726_1446,83686.3367,83686.4153,ins_buzz_medium,0.0785999999934575,256
Even Sample,Lily Adam - One Hive/recorders/wooster/2024-07-26/1_143/240726_1446,83686.4153,83698.1404,ambient_background,11.7251000000106,257
Even Sample,Lily Adam - One Hive/recorders/wooster/2024-07-26/1_143/240726_1446,83698.1404,83735.7378,mech_auto,37.5973999999987,258
Even Sample,Lily Adam - One Hive/recorders/wooster/2024-07-26/1_143/240726_1446,83727.9206,83728.5826,ins_buzz_high,0.661999999996624,259
Even Sample,Lily Adam - One Hive/recorders/wooster/2024-07-26/1_143/240726_1446,83735.7378,83763.05,ambient_background,27.3122000000003,260
Even Sample,Lily Adam - One Hive/recorders/wooster/2024-07-26/1_143/240726_1446,83763.05,83763.769,ins_buzz_medium,0.718999999997322,261
Even Sample,Lily Adam - One Hive/recorders/wooster/2024-07-26/1_143/240726_1446,83763.769,83840.714,ambient_background,76.945000000007,262
Even Sample,Lily Adam - One Hive/recorders/wooster/2024-07-26/1_143/240726_1446,83840.714,83841.865,ins_buzz_low,1.15099999999802,263
Even Sample,Lily Adam - One Hive/recorders/wooster/2024-07-26/1_143/240726_1446,83840.714,83841.111,ins_buzz_medium,0.396999999997206,264
Even Sample,Lily Adam - One Hive/recorders/wooster/2024-07-26/1_143/240726_1446,83841.865,83940.0,ambient_background,98.1349999999948,265
Even Sample,Lily Adam - One Hive/recorders/wooster/2024-07-26/1_143/240726_1446,87240.0,87283.294,ambient_background,43.2939999999944,266
Even Sample,Lily Adam - One Hive/recorders/wooster/2024-07-26/1_143/240726_1446,87283.294,87283.4332,ins_buzz_low,0.139200000005076,267
Even Sample,Lily Adam - One Hive/recorders/wooster/2024-07-26/1_143/240726_1446,87283.4332,87293.8296,ambient_background,10.3963999999978,268
Even Sample,Lily Adam - One Hive/recorders/wooster/2024-07-26/1_143/240726_1446,87293.8296,87294.8125,ins_buzz_high,0.982900000002701,269
Even Sample,Lily Adam - One Hive/recorders/wooster/2024-07-26/1_143/240726_1446,87294.8125,87295.3728,ambient_background,0.560299999997369,270
Even Sample,Lily Adam - One Hive/recorders/wooster/2024-07-26/1_143/240726_1446,87295.3728,87296.6155,ins_buzz_high,1.24270000000251,271
Even Sample,Lily Adam - One Hive/recorders/wooster/2024-07-26/1_143/240726_1446,87296.6155,87302.0139,ambient_background,5.3984000000055,272
Even Sample,Lily Adam - One Hive/recorders/wooster/2024-07-26/1_143/240726_1446,87302.0139,87302.7782,ins_buzz_high,0.764299999995274,273
Even Sample,Lily Adam - One Hive/recorders/wooster/2024-07-26/1_143/240726_1446,87302.7782,87308.7983,ambient_background,6.02009999999427,274
Even Sample,Lily Adam - One Hive/recorders/wooster/2024-07-26/1_143/240726_1446,87308.7983,87309.2044,ins_buzz_high,0.406100000007427,275
Even Sample,Lily Adam - One Hive/recorders/wooster/2024-07-26/1_143/240726_1446,87309.2044,87413.273,ambient_background,104.068599999999,276
Even Sample,Lily Adam - One Hive/recorders/wooster/2024-07-26/1_143/240726_1446,87413.273,87446.998,mech_auto,33.7250000000058,277
Even Sample,Lily Adam - One Hive/recorders/wooster/2024-07-26/1_143/240726_1446,87421.163,87421.485,ins_buzz_medium,0.322000000000116,278
Even Sample,Lily Adam - One Hive/recorders/wooster/2024-07-26/1_143/240726_1446,87446.998,87455.687,ambient_background,8.68899999999849,279
Even Sample,Lily Adam - One Hive/recorders/wooster/2024-07-26/1_143/240726_1446,87455.687,87456.617,ins_buzz_medium,0.929999999993015,280
Even Sample,Lily Adam - One Hive/recorders/wooster/2024-07-26/1_143/240726_1446,87456.617,87485.388,ambient_background,28.7710000000079,281
Even Sample,Lily Adam - One Hive/recorders/wooster/2024-07-26/1_143/240726_1446,87485.388,87485.522,ins_buzz_medium,0.13399999999092,282
Even Sample,Lily Adam - One Hive/recorders/wooster/2024-07-26/1_143/240726_1446,87485.522,87540.0,ambient_background,54.4780000000028,283
Even Sample,Lily Adam - One Hive/recorders/wooster/2024-07-26/1_143/240726_1446,90840.0,90852.6515,ambient_background,12.6515000000072,284
Even Sample,Lily Adam - One Hive/recorders/wooster/2024-07-26/1_143/240726_1446,90852.6515,90853.8336,ins_buzz_medium,1.1820999999909,285
Even Sample,Lily Adam - One Hive/recorders/wooster/2024-07-26/1_143/240726_1446,90853.8336,90859.453,ambient_background,5.61939999999595,286
Even Sample,Lily Adam - One Hive/recorders/wooster/2024-07-26/1_143/240726_1446,90859.453,90859.6333,ins_buzz_medium,0.180300000007264,287
Even Sample,Lily Adam - One Hive/recorders/wooster/2024-07-26/1_143/240726_1446,90859.6333,90877.8643,ambient_background,18.2309999999998,288
Even Sample,Lily Adam - One Hive/recorders/wooster/2024-07-26/1_143/240726_1446,90877.8643,90878.1347,ins_buzz_medium,0.27039999999397,289
Even Sample,Lily Adam - One Hive/recorders/wooster/2024-07-26/1_143/240726_1446,90878.1347,90879.452,ambient_background,1.31730000000971,290
Even Sample,Lily Adam - One Hive/recorders/wooster/2024-07-26/1_143/240726_1446,90879.452,90879.7625,ins_buzz_medium,0.310499999992317,291
Even Sample,Lily Adam - One Hive/recorders/wooster/2024-07-26/1_143/240726_1446,90879.7625,90885.2131,ambient_background,5.45059999999648,292
Even Sample,Lily Adam - One Hive/recorders/wooster/2024-07-26/1_143/240726_1446,90885.2131,90899.151,mech_auto,13.9379000000044,293
Even Sample,Lily Adam - One Hive/recorders/wooster/2024-07-26/1_143/240726_1446,90891.9233,90892.5802,ins_buzz_medium,0.65690000000177,294
Even Sample,Lily Adam - One Hive/recorders/wooster/2024-07-26/1_143/240726_1446,90899.151,90920.5468,ambient_background,21.3957999999984,295
Even Sample,Lily Adam - One Hive/recorders/wooster/2024-07-26/1_143/240726_1446,90920.5468,90920.7922,ins_buzz_medium,0.24539999999979,296
Even Sample,Lily Adam - One Hive/recorders/wooster/2024-07-26/1_143/240726_1446,90920.7922,90922.7705,ambient_background,1.97830000000249,297
Even Sample,Lily Adam - One Hive/recorders/wooster/2024-07-26/1_143/240726_1446,90922.7705,90923.026,ins_buzz_medium,0.255499999999302,298
Even Sample,Lily Adam - One Hive/recorders/wooster/2024-07-26/1_143/240726_1446,90923.026,90931.1061,ambient_background,8.0801000000065,299
Even Sample,Lily Adam - One Hive/recorders/wooster/2024-07-26/1_143/240726_1446,90931.1061,90959.322,mech_auto,28.2158999999956,300
Even Sample,Lily Adam - One Hive/recorders/wooster/2024-07-26/1_143/240726_1446,90959.322,90971.375,ambient_background,12.0529999999999,301
Even Sample,Lily Adam - One Hive/recorders/wooster/2024-07-26/1_143/240726_1446,90971.375,90975.152,ins_buzz_high,3.77700000000186,302
Even Sample,Lily Adam - One Hive/recorders/wooster/2024-07-26/1_143/240726_1446,90975.152,91027.142,ambient_background,51.9900000000052,303
Even Sample,Lily Adam - One Hive/recorders/wooster/2024-07-26/1_143/240726_1446,91027.142,91051.958,mech_auto,24.8159999999916,304
Even Sample,Lily Adam - One Hive/recorders/wooster/2024-07-26/1_143/240726_1446,91051.958,91092.377,ambient_background,40.4189999999944,305
Even Sample,Lily Adam - One Hive/recorders/wooster/2024-07-26/1_143/240726_1446,91092.377,91093.274,ins_buzz_medium,0.897000000011758,306
Even Sample,Lily Adam - One Hive/recorders/wooster/2024-07-26/1_143/240726_1446,91093.274,91140.0,ambient_background,46.7259999999951,307
Even Sample,Lily Adam - One Hive/recorders/wooster/2024-07-26/1_143/240726_1446,94440.0,94511.8398,ambient_background,71.8398000000016,308
Even Sample,Lily Adam - One Hive/recorders/wooster/2024-07-26/1_143/240726_1446,94511.8398,94512.5347,ins_buzz_medium,0.694900000002235,309
Even Sample,Lily Adam - One Hive/recorders/wooster/2024-07-26/1_143/240726_1446,94512.5347,94546.781,ambient_background,34.2462999999989,310
Even Sample,Lily Adam - One Hive/recorders/wooster/2024-07-26/1_143/240726_1446,94546.781,94549.877,mech_auto,3.09599999999045,311
Even Sample,Lily Adam - One Hive/recorders/wooster/2024-07-26/1_143/240726_1446,94549.877,94555.451,ambient_background,5.5740000000078,312
Even Sample,Lily Adam - One Hive/recorders/wooster/2024-07-26/1_143/240726_1446,94555.451,94586.726,mech_auto,31.2749999999942,313
Even Sample,Lily Adam - One Hive/recorders/wooster/2024-07-26/1_143/240726_1446,94586.726,94593.522,ambient_background,6.7960000000021,314
Even Sample,Lily Adam - One Hive/recorders/wooster/2024-07-26/1_143/240726_1446,94593.522,94593.976,ins_buzz_medium,0.453999999997905,315
Even Sample,Lily Adam - One Hive/recorders/wooster/2024-07-26/1_143/240726_1446,94593.976,94640.916,ambient_background,46.9400000000023,316
Even Sample,Lily Adam - One Hive/recorders/wooster/2024-07-26/1_143/240726_1446,94640.916,94641.612,ins_buzz_medium,0.695999999996275,317
Even Sample,Lily Adam - One Hive/recorders/wooster/2024-07-26/1_143/240726_1446,94641.612,94717.466,ambient_background,75.8540000000066,318
Even Sample,Lily Adam - One Hive/recorders/wooster/2024-07-26/1_143/240726_1446,94717.466,94740.03,mech_auto,22.5639999999985,319
Even Sample,Lily Adam - One Hive/recorders/wooster/2024-07-26/1_143/240726_1446,94730.429,94731.2,ins_buzz_medium,0.770999999993364,320
Even Sample,Lily Adam - One Hive/recorders/wooster/2024-07-26/1_143/240726_1446,98040.0,98109.9385,mech_auto,69.9385000000038,321
Even Sample,Lily Adam - One Hive/recorders/wooster/2024-07-26/1_143/240726_1446,98048.59249,98050.279,ins_buzz_medium,1.68650999999954,322
Even Sample,Lily Adam - One Hive/recorders/wooster/2024-07-26/1_143/240726_1446,98060.41,98061.0654,ins_buzz_low,0.655400000003283,323
Even Sample,Lily Adam - One Hive/recorders/wooster/2024-07-26/1_143/240726_1446,98081.0901,98081.4249,ins_buzz_medium,0.334799999996903,324
Even Sample,Lily Adam - One Hive/recorders/wooster/2024-07-26/1_143/240726_1446,98109.9385,98131.9827,ambient_background,22.0441999999894,325
Even Sample,Lily Adam - One Hive/recorders/wooster/2024-07-26/1_143/240726_1446,98131.9827,98132.1127,ins_buzz_medium,0.130000000004657,326
Even Sample,Lily Adam - One Hive/recorders/wooster/2024-07-26/1_143/240726_1446,98132.1127,98206.673,ambient_background,74.5602999999974,327
Even Sample,Lily Adam - One Hive/recorders/wooster/2024-07-26/1_143/240726_1446,98206.673,98223.905,mech_auto,17.2320000000036,328
Even Sample,Lily Adam - One Hive/recorders/wooster/2024-07-26/1_143/240726_1446,98222.844,98235.478,mech_plane,12.6340000000055,329
Even Sample,Lily Adam - One Hive/recorders/wooster/2024-07-26/1_143/240726_1446,98235.478,98238.156,ambient_background,2.67799999999988,330
Even Sample,Lily Adam - One Hive/recorders/wooster/2024-07-26/1_143/240726_1446,98238.156,98263.625,mech_plane,25.4689999999973,331
Even Sample,Lily Adam - One Hive/recorders/wooster/2024-07-26/1_143/240726_1446,98257.795,98258.438,ins_buzz_high,0.642999999996391,332
Even Sample,Lily Adam - One Hive/recorders/wooster/2024-07-26/1_143/240726_1446,98263.625,98272.859,ambient_background,9.23399999999674,333
Even Sample,Lily Adam - One Hive/recorders/wooster/2024-07-26/1_143/240726_1446,98272.859,98280.54,mech_auto,7.68099999999686,334
Even Sample,Lily Adam - One Hive/recorders/wooster/2024-07-26/1_143/240726_1446,98280.54,98301.771,ambient_background,21.2309999999998,335
Even Sample,Lily Adam - One Hive/recorders/wooster/2024-07-26/1_143/240726_1446,98301.771,98302.35,ins_buzz_medium,0.579000000012456,336
Even Sample,Lily Adam - One Hive/recorders/wooster/2024-07-26/1_143/240726_1446,98302.35,98334.369,ambient_background,32.0190000000002,337
Even Sample,Lily Adam - One Hive/recorders/wooster/2024-07-26/1_143/240726_1446,98334.369,98340.031,mech_auto,5.66199999999662,338
Even Sample,Luke - Diel Drivers/2026-04-08/1_150/260408_1942,29880.0,29880.6022,ambient_background,0.602200000001176,1
Even Sample,Luke - Diel Drivers/2026-04-08/1_150/260408_1942,29880.6022,29893.0745,ambient_background,12.4722999999976,2
Even Sample,Luke - Diel Drivers/2026-04-08/1_150/260408_1942,29882.1858,29883.4213,mech_auto,1.2355000000025,3
Even Sample,Luke - Diel Drivers/2026-04-08/1_150/260408_1942,29887.7227,29892.2369,mech_auto,4.51420000000144,4
Even Sample,Luke - Diel Drivers/2026-04-08/1_150/260408_1942,29893.0745,29894.1838,ambient_background,1.10930000000008,5
Even Sample,Luke - Diel Drivers/2026-04-08/1_150/260408_1942,29894.1838,29896.6086,ambient_background,2.42480000000069,6
Even Sample,Luke - Diel Drivers/2026-04-08/1_150/260408_1942,29896.6086,29898.5526,ambient_background,1.94399999999951,7
Even Sample,Luke - Diel Drivers/2026-04-08/1_150/260408_1942,29898.5526,29901.0724,ambient_background,2.51980000000185,8
Even Sample,Luke - Diel Drivers/2026-04-08/1_150/260408_1942,29901.0724,29902.1157,ambient_background,1.04329999999754,9
Even Sample,Luke - Diel Drivers/2026-04-08/1_150/260408_1942,29902.1157,29906.7116,ambient_background,4.59590000000026,10
Even Sample,Luke - Diel Drivers/2026-04-08/1_150/260408_1942,29904.7517,29907.3032,mech_train,2.55149999999776,11
Even Sample,Luke - Diel Drivers/2026-04-08/1_150/260408_1942,29907.3032,29907.8764,ambient_background,0.573200000002544,12
Even Sample,Luke - Diel Drivers/2026-04-08/1_150/260408_1942,29907.8764,29910.9113,ambient_background,3.03489999999874,13
Even Sample,Luke - Diel Drivers/2026-04-08/1_150/260408_1942,29910.9113,29911.7274,ambient_background,0.816100000000006,14
Even Sample,Luke - Diel Drivers/2026-04-08/1_150/260408_1942,29911.7274,29913.2171,ambient_background,1.4897000000019,15
Even Sample,Luke - Diel Drivers/2026-04-08/1_150/260408_1942,29913.2171,29914.6857,ambient_background,1.46860000000015,16
Even Sample,Luke - Diel Drivers/2026-04-08/1_150/260408_1942,29914.6857,29916.5795,mech_train,1.89379999999801,17
Even Sample,Luke - Diel Drivers/2026-04-08/1_150/260408_1942,29915.2853,29917.9952,ambient_background,2.70990000000165,18
Even Sample,Luke - Diel Drivers/2026-04-08/1_150/260408_1942,29917.9952,29918.859,ambient_background,0.863799999999173,19
Even Sample,Luke - Diel Drivers/2026-04-08/1_150/260408_1942,29918.859,29935.1056,ambient_background,16.2465999999986,20
Even Sample,Luke - Diel Drivers/2026-04-08/1_150/260408_1942,29919.4981,29920.0845,mech_train,0.58640000000014,21
Even Sample,Luke - Diel Drivers/2026-04-08/1_150/260408_1942,29921.635,29921.9836,mech_train,0.34860000000117,22
Even Sample,Luke - Diel Drivers/2026-04-08/1_150/260408_1942,29935.1056,29936.4131,ambient_background,1.30750000000262,23
Even Sample,Luke - Diel Drivers/2026-04-08/1_150/260408_1942,29936.4131,29939.3608,ambient_background,2.94769999999698,24
Even Sample,Luke - Diel Drivers/2026-04-08/1_150/260408_1942,29939.3608,29942.1368,ambient_background,2.77600000000166,25
Even Sample,Luke - Diel Drivers/2026-04-08/1_150/260408_1942,29942.1368,29943.6503,ambient_background,1.51350000000093,26
Even Sample,Luke - Diel Drivers/2026-04-08/1_150/260408_1942,29943.6503,29945.9324,ambient_background,2.28210000000036,27
Even Sample,Luke - Diel Drivers/2026-04-08/1_150/260408_1942,29945.9324,29947.9292,ambient_background,1.99679999999717,28
Even Sample,Luke - Diel Drivers/2026-04-08/1_150/260408_1942,29947.9292,29949.2684,ambient_background,1.33920000000217,29
Even Sample,Luke - Diel Drivers/2026-04-08/1_150/260408_1942,29949.2684,29951.9546,ambient_background,2.6862000000001,30
Even Sample,Luke - Diel Drivers/2026-04-08/1_150/260408_1942,29951.9546,29953.1009,ambient_background,1.14630000000034,31
Even Sample,Luke - Diel Drivers/2026-04-08/1_150/260408_1942,29953.1009,29955.7237,ambient_background,2.62279999999737,32
Even Sample,Luke - Diel Drivers/2026-04-08/1_150/260408_1942,29955.7237,29957.4115,ambient_background,1.6877999999997,33
Even Sample,Luke - Diel Drivers/2026-04-08/1_150/260408_1942,29957.4115,29957.4987,ambient_background,0.0872000000017579,34
Even Sample,Luke - Diel Drivers/2026-04-08/1_150/260408_1942,29957.4987,29958.1748,ambient_background,0.676100000000588,35
Even Sample,Luke - Diel Drivers/2026-04-08/1_150/260408_1942,29958.1748,29959.0227,ambient_background,0.847900000000664,36
Even Sample,Luke - Diel Drivers/2026-04-08/1_150/260408_1942,29958.7942,29965.662,mech_auto,6.86779999999999,37
Even Sample,Luke - Diel Drivers/2026-04-08/1_150/260408_1942,29960.8769,29963.6027,ambient_background,2.72580000000016,38
Even Sample,Luke - Diel Drivers/2026-04-08/1_150/260408_1942,29964.1733,29964.8626,ambient_background,0.689300000001822,39
Even Sample,Luke - Diel Drivers/2026-04-08/1_150/260408_1942,29965.6207,29966.3339,ambient_background,0.713200000001962,40
Even Sample,Luke - Diel Drivers/2026-04-08/1_150/260408_1942,29966.3339,29967.1817,ambient_background,0.847799999999552,41
Even Sample,Luke - Diel Drivers/2026-04-08/1_150/260408_1942,29967.1817,29968.7903,ambient_background,1.60859999999957,42
Even Sample,Luke - Diel Drivers/2026-04-08/1_150/260408_1942,29968.7903,29969.5166,ambient_background,0.726299999998446,43
Even Sample,Luke - Diel Drivers/2026-04-08/1_150/260408_1942,29969.5166,29972.2187,ambient_background,2.70210000000225,44
Even Sample,Luke - Diel Drivers/2026-04-08/1_150/260408_1942,29972.1181,29982.8839,mech_auto,10.765800000001,45
Even Sample,Luke - Diel Drivers/2026-04-08/1_150/260408_1942,29975.1505,29975.4279,ambient_background,0.277399999999034,46
Even Sample,Luke - Diel Drivers/2026-04-08/1_150/260408_1942,29980.309,29980.4358,ambient_background,0.126799999998184,47
Even Sample,Luke - Diel Drivers/2026-04-08/1_150/260408_1942,29982.8839,29985.0649,ambient_background,2.18100000000049,48
Even Sample,Luke - Diel Drivers/2026-04-08/1_150/260408_1942,29985.0649,29992.0498,mech_auto,6.98489999999947,49
Even Sample,Luke - Diel Drivers/2026-04-08/1_150/260408_1942,29987.8685,29988.1062,ambient_background,0.237699999997858,50
Even Sample,Luke - Diel Drivers/2026-04-08/1_150/260408_1942,29991.1014,29992.4723,ambient_background,1.37090000000171,51
Even Sample,Luke - Diel Drivers/2026-04-08/1_150/260408_1942,29992.4723,29993.5975,ambient_background,1.12519999999859,52
Even Sample,Luke - Diel Drivers/2026-04-08/1_150/260408_1942,29993.5975,29994.7227,ambient_background,1.12519999999859,53
Even Sample,Luke - Diel Drivers/2026-04-08/1_150/260408_1942,29994.7227,29995.9694,ambient_background,1.24670000000333,54
Even Sample,Luke - Diel Drivers/2026-04-08/1_150/260408_1942,29995.9694,29999.6144,ambient_background,3.6449999999968,55
Even Sample,Luke - Diel Drivers/2026-04-08/1_150/260408_1942,29999.6144,30000.2694,ambient_background,0.655000000002474,56
Even Sample,Luke - Diel Drivers/2026-04-08/1_150/260408_1942,30000.2694,30004.9208,ambient_background,4.65139999999883,57
Even Sample,Luke - Diel Drivers/2026-04-08/1_150/260408_1942,30003.4494,30019.6445,mech_auto,16.1950999999972,58
Even Sample,Luke - Diel Drivers/2026-04-08/1_150/260408_1942,30007.1474,30009.4929,ambient_background,2.34549999999945,59
Even Sample,Luke - Diel Drivers/2026-04-08/1_150/260408_1942,30011.1886,30012.599,ambient_background,1.41039999999703,60
Even Sample,Luke - Diel Drivers/2026-04-08/1_150/260408_1942,30013.1352,30014.205,ambient_background,1.06980000000112,61
Even Sample,Luke - Diel Drivers/2026-04-08/1_150/260408_1942,30014.5932,30015.7184,ambient_background,1.12520000000222,62
Even Sample,Luke - Diel Drivers/2026-04-08/1_150/260408_1942,30015.8214,30017.4141,ambient_background,1.59270000000106,63
Even Sample,Luke - Diel Drivers/2026-04-08/1_150/260408_1942,30019.6857,30021.1754,ambient_background,1.48969999999827,64
Even Sample,Luke - Diel Drivers/2026-04-08/1_150/260408_1942,30021.1754,30022.7496,ambient_background,1.57419999999911,65
Even Sample,Luke - Diel Drivers/2026-04-08/1_150/260408_1942,30022.7496,30026.7116,ambient_background,3.96199999999953,66
Even Sample,Luke - Diel Drivers/2026-04-08/1_150/260408_1942,30026.7116,30028.0428,ambient_background,1.33120000000054,67
Even Sample,Luke - Diel Drivers/2026-04-08/1_150/260408_1942,30028.0428,30028.8352,ambient_background,0.79240000000209,68
Even Sample,Luke - Diel Drivers/2026-04-08/1_150/260408_1942,30028.8352,30030.2509,ambient_background,1.41569999999774,69
Even Sample,Luke - Diel Drivers/2026-04-08/1_150/260408_1942,30030.2509,30032.0813,ambient_background,1.83040000000256,70
Even Sample,Luke - Diel Drivers/2026-04-08/1_150/260408_1942,30032.0813,30034.3872,ambient_background,2.30589999999938,71
Even Sample,Luke - Diel Drivers/2026-04-08/1_150/260408_1942,30034.3872,30035.6471,ambient_background,1.25989999999729,72
Even Sample,Luke - Diel Drivers/2026-04-08/1_150/260408_1942,30035.6471,30037.5013,ambient_background,1.85420000000158,73
Even Sample,Luke - Diel Drivers/2026-04-08/1_150/260408_1942,30037.5013,30039.9815,ambient_background,2.48020000000179,74
Even Sample,Luke - Diel Drivers/2026-04-08/1_150/260408_1942,30037.8147,30051.5967,mech_auto,13.7819999999992,75
Even Sample,Luke - Diel Drivers/2026-04-08/1_150/260408_1942,30042.2319,30044.5615,ambient_background,2.32960000000094,76
Even Sample,Luke - Diel Drivers/2026-04-08/1_150/260408_1942,30045.0185,30045.3988,ambient_background,0.380300000000716,77
Even Sample,Luke - Diel Drivers/2026-04-08/1_150/260408_1942,30045.8716,30047.4168,ambient_background,1.54520000000048,78
Even Sample,Luke - Diel Drivers/2026-04-08/1_150/260408_1942,30048.0745,30050.7369,ambient_background,2.66240000000107,79
Even Sample,Luke - Diel Drivers/2026-04-08/1_150/260408_1942,30051.5967,30052.7364,ambient_background,1.13970000000336,80
Even Sample,Luke - Diel Drivers/2026-04-08/1_150/260408_1942,30052.7364,30055.4384,ambient_background,2.7019999999975,81
Even Sample,Luke - Diel Drivers/2026-04-08/1_150/260408_1942,30055.4384,30057.1923,ambient_background,1.7538999999997,82
Even Sample,Luke - Diel Drivers/2026-04-08/1_150/260408_1942,30057.1923,30059.6566,ambient_background,2.46429999999964,83
Even Sample,Luke - Diel Drivers/2026-04-08/1_150/260408_1942,30059.6566,30060.1954,ambient_background,0.538800000002084,84
Even Sample,Luke - Diel Drivers/2026-04-08/1_150/260408_1942,30060.1954,30060.2905,ambient_background,0.0950999999986379,85
Even Sample,Luke - Diel Drivers/2026-04-08/1_150/260408_1942,30060.2905,30061.3893,ambient_background,1.09879999999976,86
Even Sample,Luke - Diel Drivers/2026-04-08/1_150/260408_1942,30061.3893,30063.0375,ambient_background,1.64819999999963,87
Even Sample,Luke - Diel Drivers/2026-04-08/1_150/260408_1942,30063.0375,30064.4797,ambient_background,1.44220000000132,88
Even Sample,Luke - Diel Drivers/2026-04-08/1_150/260408_1942,30064.4797,30064.5985,ambient_background,0.118800000000192,89
Even Sample,Luke - Diel Drivers/2026-04-08/1_150/260408_1942,30064.5985,30065.2087,ambient_background,0.610199999999168,90
Even Sample,Luke - Diel Drivers/2026-04-08/1_150/260408_1942,30065.2087,30065.3117,ambient_background,0.102999999999156,91
Even Sample,Luke - Diel Drivers/2026-04-08/1_150/260408_1942,30065.3117,30065.6048,ambient_background,0.293100000002596,92
Even Sample,Luke - Diel Drivers/2026-04-08/1_150/260408_1942,30065.6048,30065.9614,ambient_background,0.356599999999162,93
Even Sample,Luke - Diel Drivers/2026-04-08/1_150/260408_1942,30065.9614,30066.3101,ambient_background,0.348699999998644,94
Even Sample,Luke - Diel Drivers/2026-04-08/1_150/260408_1942,30066.3101,30067.99,ambient_background,1.67990000000282,95
Even Sample,Luke - Diel Drivers/2026-04-08/1_150/260408_1942,30067.99,30070.7818,ambient_background,2.79179999999906,96
Even Sample,Luke - Diel Drivers/2026-04-08/1_150/260408_1942,30070.7818,30072.5489,ambient_background,1.76710000000094,97
Even Sample,Luke - Diel Drivers/2026-04-08/1_150/260408_1942,30072.5489,30074.8758,ambient_background,2.32690000000002,98
Even Sample,Luke - Diel Drivers/2026-04-08/1_150/260408_1942,30074.8758,30077.982,ambient_background,3.10619999999835,99
Even Sample,Luke - Diel Drivers/2026-04-08/1_150/260408_1942,30077.982,30080.2113,ambient_background,2.22929999999906,100
Even Sample,Luke - Diel Drivers/2026-04-08/1_150/260408_1942,30080.2113,30081.6614,ambient_background,1.45010000000184,101
Even Sample,Luke - Diel Drivers/2026-04-08/1_150/260408_1942,30081.6614,30084.1733,ambient_background,2.5118999999977,102
Even Sample,Luke - Diel Drivers/2026-04-08/1_150/260408_1942,30084.1733,30085.8135,ambient_background,1.64020000000164,103
Even Sample,Luke - Diel Drivers/2026-04-08/1_150/260408_1942,30085.8135,30086.7644,ambient_background,0.95089999999982,104
Even Sample,Luke - Diel Drivers/2026-04-08/1_150/260408_1942,30086.7644,30088.476,ambient_background,1.71159999999873,105
Even Sample,Luke - Diel Drivers/2026-04-08/1_150/260408_1942,30088.476,30089.0042,ambient_background,0.528200000000652,106
Even Sample,Luke - Diel Drivers/2026-04-08/1_150/260408_1942,30089.0042,30089.8204,ambient_background,0.816200000001118,107
Even Sample,Luke - Diel Drivers/2026-04-08/1_150/260408_1942,30089.8204,30090.692,ambient_background,0.87159999999858,108
Even Sample,Luke - Diel Drivers/2026-04-08/1_150/260408_1942,30090.692,30093.6318,ambient_background,2.9398000000001,109
Even Sample,Luke - Diel Drivers/2026-04-08/1_150/260408_1942,30093.6318,30094.8441,ambient_background,1.21229999999923,110
Even Sample,Luke - Diel Drivers/2026-04-08/1_150/260408_1942,30094.8441,30096.0169,ambient_background,1.17280000000028,111
Even Sample,Luke - Diel Drivers/2026-04-08/1_150/260408_1942,30095.4009,30106.1202,mech_auto,10.7193000000007,112
Even Sample,Luke - Diel Drivers/2026-04-08/1_150/260408_1942,30096.7485,30098.2858,ambient_background,1.53729999999996,113
Even Sample,Luke - Diel Drivers/2026-04-08/1_150/260408_1942,30100.8611,30103.785,ambient_background,2.9239000000016,114
Even Sample,Luke - Diel Drivers/2026-04-08/1_150/260408_1942,30104.9551,30108.5288,ambient_background,3.57370000000083,115
Even Sample,Luke - Diel Drivers/2026-04-08/1_150/260408_1942,30108.5288,30110.1056,ambient_background,1.57679999999891,116
Even Sample,Luke - Diel Drivers/2026-04-08/1_150/260408_1942,30110.1056,30110.5018,ambient_background,0.396199999999226,117
Even Sample,Luke - Diel Drivers/2026-04-08/1_150/260408_1942,30110.5018,30111.231,ambient_background,0.729200000001583,118
Even Sample,Luke - Diel Drivers/2026-04-08/1_150/260408_1942,30111.231,30115.593,mech_auto,4.36200000000099,119
Even Sample,Luke - Diel Drivers/2026-04-08/1_150/260408_1942,30112.1104,30113.719,ambient_background,1.60859999999957,120
Even Sample,Luke - Diel Drivers/2026-04-08/1_150/260408_1942,30114.6645,30115.5282,ambient_background,0.8637000000017,121
Even Sample,Luke - Diel Drivers/2026-04-08/1_150/260408_1942,30115.593,30117.0127,ambient_background,1.41969999999856,122
Even Sample,Luke - Diel Drivers/2026-04-08/1_150/260408_1942,30117.0127,30120.2298,ambient_background,3.21710000000166,123
Even Sample,Luke - Diel Drivers/2026-04-08/1_150/260408_1942,30120.2298,30120.8478,ambient_background,0.617999999998574,124
Even Sample,Luke - Diel Drivers/2026-04-08/1_150/260408_1942,30120.8478,30124.3106,ambient_background,3.46280000000115,125
Even Sample,Luke - Diel Drivers/2026-04-08/1_150/260408_1942,30123.7559,30126.9334,mech_train,3.1775000000016,126
Even Sample,Luke - Diel Drivers/2026-04-08/1_150/260408_1942,30125.3777,30127.4696,ambient_background,2.09189999999944,127
Even Sample,Luke - Diel Drivers/2026-04-08/1_150/260408_1942,30127.4696,30128.5314,ambient_background,1.06179999999949,128
Even Sample,Luke - Diel Drivers/2026-04-08/1_150/260408_1942,30128.5314,30131.075,ambient_background,2.54360000000088,129
Even Sample,Luke - Diel Drivers/2026-04-08/1_150/260408_1942,30131.075,30131.9625,ambient_background,0.887500000000728,130
Even Sample,Luke - Diel Drivers/2026-04-08/1_150/260408_1942,30131.9625,30133.8642,ambient_background,1.90169999999853,131
Even Sample,Luke - Diel Drivers/2026-04-08/1_150/260408_1942,30133.8642,30134.6962,ambient_background,0.831999999998516,132
Even Sample,Luke - Diel Drivers/2026-04-08/1_150/260408_1942,30134.6962,30135.0687,ambient_background,0.37250000000131,133
Even Sample,Luke - Diel Drivers/2026-04-08/1_150/260408_1942,30135.0687,30136.3444,ambient_background,1.27570000000196,134
Even Sample,Luke - Diel Drivers/2026-04-08/1_150/260408_1942,30136.3444,30136.487,ambient_background,0.14259999999922,135
Even Sample,Luke - Diel Drivers/2026-04-08/1_150/260408_1942,30136.487,30137.1923,ambient_background,0.705299999997806,136
Even Sample,Luke - Diel Drivers/2026-04-08/1_150/260408_1942,30137.1923,30139.2604,ambient_background,2.06810000000041,137
Even Sample,Luke - Diel Drivers/2026-04-08/1_150/260408_1942,30139.2604,30139.5166,ambient_background,0.256199999999808,138
Even Sample,Luke - Diel Drivers/2026-04-08/1_150/260408_1942,30139.5166,30140.2932,ambient_background,0.776600000001054,139
Even Sample,Luke - Diel Drivers/2026-04-08/1_150/260408_1942,30140.2932,30142.8288,ambient_background,2.53559999999925,140
Even Sample,Luke - Diel Drivers/2026-04-08/1_150/260408_1942,30142.8288,30144.3344,ambient_background,1.50560000000041,141
Even Sample,Luke - Diel Drivers/2026-04-08/1_150/260408_1942,30144.3344,30148.8563,ambient_background,4.52189999999973,142
Even Sample,Luke - Diel Drivers/2026-04-08/1_150/260408_1942,30148.8563,30149.0623,ambient_background,0.20600000000195,143
Even Sample,Luke - Diel Drivers/2026-04-08/1_150/260408_1942,30149.0623,30149.5378,ambient_background,0.475499999996828,144
Even Sample,Luke - Diel Drivers/2026-04-08/1_150/260408_1942,30149.5378,30149.7359,ambient_background,0.198100000001432,145
Even Sample,Luke - Diel Drivers/2026-04-08/1_150/260408_1942,30149.7359,30150.0924,ambient_background,0.356500000001688,146
Even Sample,Luke - Diel Drivers/2026-04-08/1_150/260408_1942,30150.0924,30150.346,ambient_background,0.253600000000006,147
Even Sample,Luke - Diel Drivers/2026-04-08/1_150/260408_1942,30150.346,30151.9572,ambient_background,1.61119999999937,148
Even Sample,Luke - Diel Drivers/2026-04-08/1_150/260408_1942,30151.9572,30152.0127,ambient_background,0.0554999999985739,149
Even Sample,Luke - Diel Drivers/2026-04-08/1_150/260408_1942,30152.0127,30155.2535,ambient_background,3.24079999999958,150
Even Sample,Luke - Diel Drivers/2026-04-08/1_150/260408_1942,30155.2535,30155.4992,ambient_background,0.245699999999488,151
Even Sample,Luke - Diel Drivers/2026-04-08/1_150/260408_1942,30155.4992,30156.7485,ambient_background,1.24930000000313,152
Even Sample,Luke - Diel Drivers/2026-04-08/1_150/260408_1942,30156.7485,30157.85,ambient_background,1.10149999999703,153
Even Sample,Luke - Diel Drivers/2026-04-08/1_150/260408_1942,30157.85,30159.7808,ambient_background,1.93080000000191,154
Even Sample,Luke - Diel Drivers/2026-04-08/1_150/260408_1942,30159.7808,30161.5319,ambient_background,1.75110000000132,155
Even Sample,Luke - Diel Drivers/2026-04-08/1_150/260408_1942,30161.5319,30164.9023,ambient_background,3.37039999999979,156
Even Sample,Luke - Diel Drivers/2026-04-08/1_150/260408_1942,30164.9023,30165.6709,ambient_background,0.768599999999424,157
Even Sample,Luke - Diel Drivers/2026-04-08/1_150/260408_1942,30165.6709,30169.0876,ambient_background,3.41669999999795,158
Even Sample,Luke - Diel Drivers/2026-04-08/1_150/260408_1942,30169.0876,30177.8116,mech_auto,8.72400000000198,159
Even Sample,Luke - Diel Drivers/2026-04-08/1_150/260408_1942,30170.0502,30172.047,ambient_background,1.99679999999717,160
Even Sample,Luke - Diel Drivers/2026-04-08/1_150/260408_1942,30175.6339,30177.7496,ambient_background,2.11569999999847,161
Even Sample,Luke - Diel Drivers/2026-04-08/1_150/260408_1942,30177.8116,30180.0,ambient_background,2.18839999999909,162
Even Sample,Luke - Diel Drivers/2026-04-08/1_150/260408_1942,33480.0,33481.1014,ambient_background,1.10139999999956,163
Even Sample,Luke - Diel Drivers/2026-04-08/1_150/260408_1942,33481.1014,33484.9128,ambient_background,3.81139999999868,164
Even Sample,Luke - Diel Drivers/2026-04-08/1_150/260408_1942,33484.9128,33485.3196,ambient_background,0.406800000004296,165
Even Sample,Luke - Diel Drivers/2026-04-08/1_150/260408_1942,33485.3196,33492.1421,ambient_background,6.82249999999476,166
Even Sample,Luke - Diel Drivers/2026-04-08/1_150/260408_1942,33492.1421,33492.8315,ambient_background,0.689400000002934,167
Even Sample,Luke - Diel Drivers/2026-04-08/1_150/260408_1942,33492.8315,33510.0317,ambient_background,17.2001999999993,168
Even Sample,Luke - Diel Drivers/2026-04-08/1_150/260408_1942,33510.0317,33511.8225,ambient_background,1.79080000000249,169
Even Sample,Luke - Diel Drivers/2026-04-08/1_150/260408_1942,33511.8225,33512.607,ambient_background,0.784500000001572,170
Even Sample,Luke - Diel Drivers/2026-04-08/1_150/260408_1942,33512.607,33513.3201,ambient_background,0.713099999993574,171
Even Sample,Luke - Diel Drivers/2026-04-08/1_150/260408_1942,33513.3201,33515.3883,ambient_background,2.06820000000153,172
Even Sample,Luke - Diel Drivers/2026-04-08/1_150/260408_1942,33515.3883,33516.0882,ambient_background,0.699899999999616,173
Even Sample,Luke - Diel Drivers/2026-04-08/1_150/260408_1942,33516.0882,33517.5383,ambient_background,1.45010000000184,174
Even Sample,Luke - Diel Drivers/2026-04-08/1_150/260408_1942,33517.5383,33518.1484,ambient_background,0.610099999998056,175
Even Sample,Luke - Diel Drivers/2026-04-08/1_150/260408_1942,33518.1484,33520.2324,ambient_background,2.08400000000256,176
Even Sample,Luke - Diel Drivers/2026-04-08/1_150/260408_1942,33520.2324,33520.9852,ambient_background,0.752800000002026,177
Even Sample,Luke - Diel Drivers/2026-04-08/1_150/260408_1942,33520.9852,33522.3164,ambient_background,1.33120000000054,178
Even Sample,Luke - Diel Drivers/2026-04-08/1_150/260408_1942,33522.3164,33523.9778,ambient_background,1.66139999999723,179
Even Sample,Luke - Diel Drivers/2026-04-08/1_150/260408_1942,33523.9778,33526.6957,ambient_background,2.71789999999601,180
Even Sample,Luke - Diel Drivers/2026-04-08/1_150/260408_1942,33526.6957,33527.1078,ambient_background,0.412100000001374,181
Even Sample,Luke - Diel Drivers/2026-04-08/1_150/260408_1942,33527.1078,33527.6307,ambient_background,0.522900000003574,182
Even Sample,Luke - Diel Drivers/2026-04-08/1_150/260408_1942,33527.6307,33527.7417,ambient_background,0.110999999997148,183
Even Sample,Luke - Diel Drivers/2026-04-08/1_150/260408_1942,33527.7417,33534.057,ambient_background,6.31530000000203,184
Even Sample,Luke - Diel Drivers/2026-04-08/1_150/260408_1942,33534.057,33535.6867,ambient_background,1.62969999999768,185
Even Sample,Luke - Diel Drivers/2026-04-08/1_150/260408_1942,33535.6867,33538.2224,ambient_background,2.53570000000036,186
Even Sample,Luke - Diel Drivers/2026-04-08/1_150/260408_1942,33538.2224,33538.7322,ambient_background,0.509799999999814,187
Even Sample,Luke - Diel Drivers/2026-04-08/1_150/260408_1942,33538.7322,33545.7528,mech_auto,7.02060000000347,188
Even Sample,Luke - Diel Drivers/2026-04-08/1_150/260408_1942,33539.5642,33545.1743,ambient_background,5.61009999999806,189
Even Sample,Luke - Diel Drivers/2026-04-08/1_150/260408_1942,33545.7528,33547.4802,ambient_background,1.72739999999612,190
Even Sample,Luke - Diel Drivers/2026-04-08/1_150/260408_1942,33547.4802,33547.6466,ambient_background,0.166400000001886,191
Even Sample,Luke - Diel Drivers/2026-04-08/1_150/260408_1942,33547.6466,33548.1801,ambient_background,0.53349999999773,192
Even Sample,Luke - Diel Drivers/2026-04-08/1_150/260408_1942,33548.1801,33550.589,ambient_background,2.40890000000218,193
Even Sample,Luke - Diel Drivers/2026-04-08/1_150/260408_1942,33550.589,33553.0032,ambient_background,2.41419999999925,194
Even Sample,Luke - Diel Drivers/2026-04-08/1_150/260408_1942,33553.0032,33556.664,ambient_background,3.66079999999783,195
Even Sample,Luke - Diel Drivers/2026-04-08/1_150/260408_1942,33556.664,33557.0206,ambient_background,0.356600000006438,196
Even Sample,Luke - Diel Drivers/2026-04-08/1_150/260408_1942,33557.0206,33558.2092,mech_plane,1.18859999999404,197
Even Sample,Luke - Diel Drivers/2026-04-08/1_150/260408_1942,33558.2092,33559.7253,ambient_background,1.51610000000073,198
Even Sample,Luke - Diel Drivers/2026-04-08/1_150/260408_1942,33559.7253,33562.7047,ambient_background,2.97940000000381,199
Even Sample,Luke - Diel Drivers/2026-04-08/1_150/260408_1942,33559.8891,33560.7765,mech_plane,0.887399999999616,200
Even Sample,Luke - Diel Drivers/2026-04-08/1_150/260408_1942,33562.6888,33563.4258,mech_plane,0.736999999993714,201
Even Sample,Luke - Diel Drivers/2026-04-08/1_150/260408_1942,33563.4258,33564.2763,ambient_background,0.850500000000466,202
Even Sample,Luke - Diel Drivers/2026-04-08/1_150/260408_1942,33564.2763,33565.1717,ambient_background,0.895400000001246,203
Even Sample,Luke - Diel Drivers/2026-04-08/1_150/260408_1942,33564.654,33567.0312,mech_plane,2.37719999999536,204
Even Sample,Luke - Diel Drivers/2026-04-08/1_150/260408_1942,33566.8357,33570.9588,ambient_background,4.12309999999707,205
Even Sample,Luke - Diel Drivers/2026-04-08/1_150/260408_1942,33570.9588,33571.6561,ambient_background,0.697299999999814,206
Even Sample,Luke - Diel Drivers/2026-04-08/1_150/260408_1942,33571.6561,33575.7052,ambient_background,4.04909999999654,207
Even Sample,Luke - Diel Drivers/2026-04-08/1_150/260408_1942,33575.7052,33576.0327,ambient_background,0.327500000006694,208
Even Sample,Luke - Diel Drivers/2026-04-08/1_150/260408_1942,33576.0327,33577.7602,mech_auto,1.7274999999936,209
Even Sample,Luke - Diel Drivers/2026-04-08/1_150/260408_1942,33576.2969,33576.4316,ambient_background,0.13470000000234,210
Even Sample,Luke - Diel Drivers/2026-04-08/1_150/260408_1942,33576.9308,33577.0497,ambient_background,0.118900000001304,211
Even Sample,Luke - Diel Drivers/2026-04-08/1_150/260408_1942,33577.7602,33577.9424,ambient_background,0.182200000002922,212
Even Sample,Luke - Diel Drivers/2026-04-08/1_150/260408_1942,33577.9424,33582.15,ambient_background,4.20760000000155,213
Even Sample,Luke - Diel Drivers/2026-04-08/1_150/260408_1942,33582.15,33585.8426,ambient_background,3.69260000000213,214
Even Sample,Luke - Diel Drivers/2026-04-08/1_150/260408_1942,33585.8426,33591.1067,ambient_background,5.26409999999305,215
Even Sample,Luke - Diel Drivers/2026-04-08/1_150/260408_1942,33588.9488,33589.8679,mech_auto,0.919099999999162,216
Even Sample,Luke - Diel Drivers/2026-04-08/1_150/260408_1942,33591.1067,33592.5938,ambient_background,1.48710000000574,217
Even Sample,Luke - Diel Drivers/2026-04-08/1_150/260408_1942,33592.5938,33594.9868,ambient_background,2.39299999999639,218
Even Sample,Luke - Diel Drivers/2026-04-08/1_150/260408_1942,33594.9868,33596.7882,ambient_background,1.80140000000392,219
Even Sample,Luke - Diel Drivers/2026-04-08/1_150/260408_1942,33596.7882,33601.8278,ambient_background,5.03959999999643,220
Even Sample,Luke - Diel Drivers/2026-04-08/1_150/260408_1942,33601.8991,33603.5631,mech_auto,1.66399999999703,221
Even Sample,Luke - Diel Drivers/2026-04-08/1_150/260408_1942,33602.7654,33607.496,ambient_background,4.7306000000026,222
Even Sample,Luke - Diel Drivers/2026-04-08/1_150/260408_1942,33607.3402,33609.9551,mech_auto,2.61490000000049,223
Even Sample,Luke - Diel Drivers/2026-04-08/1_150/260408_1942,33608.0639,33611.6851,ambient_background,3.62120000000141,224
Even Sample,Luke - Diel Drivers/2026-04-08/1_150/260408_1942,33611.6851,33612.5119,ambient_background,0.826799999995274,225
Even Sample,Luke - Diel Drivers/2026-04-08/1_150/260408_1942,33612.5119,33612.6941,ambient_background,0.182200000002922,226
Even Sample,Luke - Diel Drivers/2026-04-08/1_150/260408_1942,33612.6941,33613.2224,ambient_background,0.528299999998126,227
Even Sample,Luke - Diel Drivers/2026-04-08/1_150/260408_1942,33613.2224,33617.953,ambient_background,4.7306000000026,228
Even Sample,Luke - Diel Drivers/2026-04-08/1_150/260408_1942,33617.6281,33618.7057,mech_auto,1.07759999999689,229
Even Sample,Luke - Diel Drivers/2026-04-08/1_150/260408_1942,33618.7559,33620.206,ambient_background,1.45010000000184,230
Even Sample,Luke - Diel Drivers/2026-04-08/1_150/260408_1942,33620.206,33620.3962,ambient_background,0.190200000004552,231
Even Sample,Luke - Diel Drivers/2026-04-08/1_150/260408_1942,33620.3962,33628.0692,ambient_background,7.67299999999523,232
Even Sample,Luke - Diel Drivers/2026-04-08/1_150/260408_1942,33628.0692,33628.5737,ambient_background,0.504500000002736,233
Even Sample,Luke - Diel Drivers/2026-04-08/1_150/260408_1942,33628.5737,33629.0016,ambient_background,0.42790000000241,234
Even Sample,Luke - Diel Drivers/2026-04-08/1_150/260408_1942,33629.0016,33630.3962,ambient_background,1.39459999999963,235
Even Sample,Luke - Diel Drivers/2026-04-08/1_150/260408_1942,33630.3962,33635.4834,ambient_background,5.08719999999448,236
Even Sample,Luke - Diel Drivers/2026-04-08/1_150/260408_1942,33635.4834,33635.8003,ambient_background,0.316900000005262,237
Even Sample,Luke - Diel Drivers/2026-04-08/1_150/260408_1942,33635.8003,33638.0428,ambient_background,2.24250000000029,238
Even Sample,Luke - Diel Drivers/2026-04-08/1_150/260408_1942,33638.0428,33638.3756,ambient_background,0.332799999996496,239
Even Sample,Luke - Diel Drivers/2026-04-08/1_150/260408_1942,33638.3756,33644.7464,ambient_background,6.37080000000424,240
Even Sample,Luke - Diel Drivers/2026-04-08/1_150/260408_1942,33644.7464,33645.515,ambient_background,0.768599999995786,241
Even Sample,Luke - Diel Drivers/2026-04-08/1_150/260408_1942,33645.515,33645.9033,ambient_background,0.388299999998708,242
Even Sample,Luke - Diel Drivers/2026-04-08/1_150/260408_1942,33645.9033,33646.1569,ambient_background,0.253600000003644,243
Even Sample,Luke - Diel Drivers/2026-04-08/1_150/260408_1942,33646.1569,33651.0222,ambient_background,4.86529999999766,244
Even Sample,Luke - Diel Drivers/2026-04-08/1_150/260408_1942,33651.0222,33651.9229,ambient_background,0.900699999998324,245
Even Sample,Luke - Diel Drivers/2026-04-08/1_150/260408_1942,33651.9229,33658.2858,ambient_background,6.36290000000008,246
Even Sample,Luke - Diel Drivers/2026-04-08/1_150/260408_1942,33658.2858,33659.4374,ambient_background,1.15160000000469,247
Even Sample,Luke - Diel Drivers/2026-04-08/1_150/260408_1942,33659.4374,33661.0618,ambient_background,1.62440000000061,248
Even Sample,Luke - Diel Drivers/2026-04-08/1_150/260408_1942,33661.0618,33661.4078,ambient_background,0.34599999999773,249
Even Sample,Luke - Diel Drivers/2026-04-08/1_150/260408_1942,33661.4078,33670.6075,mech_auto,9.19969999999739,250
Even Sample,Luke - Diel Drivers/2026-04-08/1_150/260408_1942,33662.327,33662.6915,ambient_background,0.364500000003318,251
Even Sample,Luke - Diel Drivers/2026-04-08/1_150/260408_1942,33663.4284,33663.7771,ambient_background,0.348700000002282,252
Even Sample,Luke - Diel Drivers/2026-04-08/1_150/260408_1942,33666.3286,33667.9371,ambient_background,1.6085000000021,253
Even Sample,Luke - Diel Drivers/2026-04-08/1_150/260408_1942,33669.4268,33671.9229,ambient_background,2.49609999999666,254
Even Sample,Luke - Diel Drivers/2026-04-08/1_150/260408_1942,33671.9229,33672.4141,ambient_background,0.491200000004028,255
Even Sample,Luke - Diel Drivers/2026-04-08/1_150/260408_1942,33672.4141,33674.8838,ambient_background,2.46970000000147,256
Even Sample,Luke - Diel Drivers/2026-04-08/1_150/260408_1942,33674.8838,33676.6455,ambient_background,1.76169999999547,257
Even Sample,Luke - Diel Drivers/2026-04-08/1_150/260408_1942,33676.6455,33681.8727,ambient_background,5.22720000000118,258
Even Sample,Luke - Diel Drivers/2026-04-08/1_150/260408_1942,33681.8727,33690.3169,ambient_background,8.44419999999809,259
Even Sample,Luke - Diel Drivers/2026-04-08/1_150/260408_1942,33690.3169,33691.4976,ambient_background,1.18070000000444,260
Even Sample,Luke - Diel Drivers/2026-04-08/1_150/260408_1942,33691.4976,33692.7496,ambient_background,1.25200000000041,261
Even Sample,Luke - Diel Drivers/2026-04-08/1_150/260408_1942,33692.7496,33693.6133,ambient_background,0.863699999994424,262
Even Sample,Luke - Diel Drivers/2026-04-08/1_150/260408_1942,33693.6133,33696.4818,ambient_background,2.86850000000413,263
Even Sample,Luke - Diel Drivers/2026-04-08/1_150/260408_1942,33696.4818,33697.6387,ambient_background,1.15690000000177,264
Even Sample,Luke - Diel Drivers/2026-04-08/1_150/260408_1942,33697.6387,33698.336,ambient_background,0.697299999999814,265
Even Sample,Luke - Diel Drivers/2026-04-08/1_150/260408_1942,33698.336,33700.0079,ambient_background,1.67189999999391,266
Even Sample,Luke - Diel Drivers/2026-04-08/1_150/260408_1942,33700.0079,33700.8769,ambient_background,0.869000000006054,267
Even Sample,Luke - Diel Drivers/2026-04-08/1_150/260408_1942,33700.8769,33701.1701,ambient_background,0.29320000000007,268
Even Sample,Luke - Diel Drivers/2026-04-08/1_150/260408_1942,33701.1701,33701.5187,ambient_background,0.348599999997532,269
Even Sample,Luke - Diel Drivers/2026-04-08/1_150/260408_1942,33701.5187,33701.6534,ambient_background,0.13470000000234,270
Even Sample,Luke - Diel Drivers/2026-04-08/1_150/260408_1942,33701.6534,33702.0972,ambient_background,0.443799999993644,271
Even Sample,Luke - Diel Drivers/2026-04-08/1_150/260408_1942,33702.0972,33702.2319,ambient_background,0.13470000000234,272
Even Sample,Luke - Diel Drivers/2026-04-08/1_150/260408_1942,33702.2319,33702.8262,ambient_background,0.594300000004296,273
Even Sample,Luke - Diel Drivers/2026-04-08/1_150/260408_1942,33702.8262,33704.411,ambient_background,1.5847999999969,274
Even Sample,Luke - Diel Drivers/2026-04-08/1_150/260408_1942,33704.411,33706.2176,ambient_background,1.80660000000353,275
Even Sample,Luke - Diel Drivers/2026-04-08/1_150/260408_1942,33706.2176,33707.1843,mech_auto,0.966699999997218,276
Even Sample,Luke - Diel Drivers/2026-04-08/1_150/260408_1942,33706.4078,33706.8515,ambient_background,0.44369999999617,277
Even Sample,Luke - Diel Drivers/2026-04-08/1_150/260408_1942,33707.1843,33708.6635,ambient_background,1.47920000000158,278
Even Sample,Luke - Diel Drivers/2026-04-08/1_150/260408_1942,33708.6635,33713.2329,ambient_background,4.56940000000031,279
Even Sample,Luke - Diel Drivers/2026-04-08/1_150/260408_1942,33713.2329,33715.309,ambient_background,2.0760999999984,280
Even Sample,Luke - Diel Drivers/2026-04-08/1_150/260408_1942,33715.309,33716.8198,ambient_background,1.51079999999638,281
Even Sample,Luke - Diel Drivers/2026-04-08/1_150/260408_1942,33716.8198,33717.4855,ambient_background,0.665700000005018,282
Even Sample,Luke - Diel Drivers/2026-04-08/1_150/260408_1942,33717.4855,33719.2974,ambient_background,1.81190000000061,283
Even Sample,Luke - Diel Drivers/2026-04-08/1_150/260408_1942,33719.2974,33720.2403,ambient_background,0.942899999994552,284
Even Sample,Luke - Diel Drivers/2026-04-08/1_150/260408_1942,33720.2403,33722.0787,ambient_background,1.83840000000055,285
Even Sample,Luke - Diel Drivers/2026-04-08/1_150/260408_1942,33722.0787,33722.4062,ambient_background,0.327499999999418,286
Even Sample,Luke - Diel Drivers/2026-04-08/1_150/260408_1942,33722.4062,33723.1907,ambient_background,0.784500000001572,287
Even Sample,Luke - Diel Drivers/2026-04-08/1_150/260408_1942,33723.1907,33723.9936,ambient_background,0.80290000000241,288
Even Sample,Luke - Diel Drivers/2026-04-08/1_150/260408_1942,33723.9936,33724.3265,ambient_background,0.332900000001246,289
Even Sample,Luke - Diel Drivers/2026-04-08/1_150/260408_1942,33724.3265,33724.934,ambient_background,0.607499999998254,290
Even Sample,Luke - Diel Drivers/2026-04-08/1_150/260408_1942,33724.934,33725.1321,ambient_background,0.198100000001432,291
Even Sample,Luke - Diel Drivers/2026-04-08/1_150/260408_1942,33725.1321,33725.6524,ambient_background,0.520299999996496,292
Even Sample,Luke - Diel Drivers/2026-04-08/1_150/260408_1942,33725.6524,33725.795,ambient_background,0.14259999999922,293
Even Sample,Luke - Diel Drivers/2026-04-08/1_150/260408_1942,33725.795,33726.7036,ambient_background,0.90860000000248,294
Even Sample,Luke - Diel Drivers/2026-04-08/1_150/260408_1942,33726.7036,33727.2583,ambient_background,0.554700000000594,295
Even Sample,Luke - Diel Drivers/2026-04-08/1_150/260408_1942,33726.9863,33728.888,ambient_background,1.90170000000217,296
Even Sample,Luke - Diel Drivers/2026-04-08/1_150/260408_1942,33728.888,33729.5166,ambient_background,0.628600000003644,297
Even Sample,Luke - Diel Drivers/2026-04-08/1_150/260408_1942,33729.5166,33732.9767,ambient_background,3.4600999999966,298
Even Sample,Luke - Diel Drivers/2026-04-08/1_150/260408_1942,33732.9767,33733.8695,ambient_background,0.892800000001444,299
Even Sample,Luke - Diel Drivers/2026-04-08/1_150/260408_1942,33733.8695,33736.1991,ambient_background,2.3295999999973,300
Even Sample,Luke - Diel Drivers/2026-04-08/1_150/260408_1942,33736.1991,33738.8352,ambient_background,2.63610000000335,301
Even Sample,Luke - Diel Drivers/2026-04-08/1_150/260408_1942,33738.8352,33739.057,ambient_background,0.221799999999348,302
Even Sample,Luke - Diel Drivers/2026-04-08/1_150/260408_1942,33739.057,33739.3344,ambient_background,0.277399999999034,303
Even Sample,Luke - Diel Drivers/2026-04-08/1_150/260408_1942,33739.3344,33743.6582,ambient_background,4.3237999999983,304
Even Sample,Luke - Diel Drivers/2026-04-08/1_150/260408_1942,33743.6582,33744.197,ambient_background,0.538800000002084,305
Even Sample,Luke - Diel Drivers/2026-04-08/1_150/260408_1942,33744.197,33744.6011,ambient_background,0.404099999999744,306
Even Sample,Luke - Diel Drivers/2026-04-08/1_150/260408_1942,33744.6011,33744.9656,ambient_background,0.364500000003318,307
Even Sample,Luke - Diel Drivers/2026-04-08/1_150/260408_1942,33744.9656,33745.2509,ambient_background,0.285299999995914,308
Even Sample,Luke - Diel Drivers/2026-04-08/1_150/260408_1942,33745.2509,33746.0961,ambient_background,0.845200000003388,309
Even Sample,Luke - Diel Drivers/2026-04-08/1_150/260408_1942,33746.0961,33748.5024,ambient_background,2.4062999999951,310
Even Sample,Luke - Diel Drivers/2026-04-08/1_150/260408_1942,33748.5024,33750.243,ambient_background,1.74060000000463,311
Even Sample,Luke - Diel Drivers/2026-04-08/1_150/260408_1942,33750.243,33752.0417,ambient_background,1.79869999999937,312
Even Sample,Luke - Diel Drivers/2026-04-08/1_150/260408_1942,33752.0417,33753.0137,ambient_background,0.972000000001572,313
Even Sample,Luke - Diel Drivers/2026-04-08/1_150/260408_1942,33753.0137,33754.6302,ambient_background,1.61649999999645,314
Even Sample,Luke - Diel Drivers/2026-04-08/1_150/260408_1942,33754.6302,33755.6207,ambient_background,0.990499999999884,315
Even Sample,Luke - Diel Drivers/2026-04-08/1_150/260408_1942,33755.6207,33761.4316,ambient_background,5.81090000000404,316
Even Sample,Luke - Diel Drivers/2026-04-08/1_150/260408_1942,33761.4316,33761.8119,ambient_background,0.380299999997078,317
Even Sample,Luke - Diel Drivers/2026-04-08/1_150/260408_1942,33761.8119,33762.0021,ambient_background,0.190199999997276,318
Even Sample,Luke - Diel Drivers/2026-04-08/1_150/260408_1942,33762.0021,33762.4379,ambient_background,0.43579999999929,319
Even Sample,Luke - Diel Drivers/2026-04-08/1_150/260408_1942,33762.4379,33764.5061,ambient_background,2.06820000000153,320
Even Sample,Luke - Diel Drivers/2026-04-08/1_150/260408_1942,33764.5061,33766.3365,ambient_background,1.83039999999892,321
Even Sample,Luke - Diel Drivers/2026-04-08/1_150/260408_1942,33766.3365,33769.9075,ambient_background,3.57100000000355,322
Even Sample,Luke - Diel Drivers/2026-04-08/1_150/260408_1942,33769.9075,33770.3275,ambient_background,0.419999999998254,323
Even Sample,Luke - Diel Drivers/2026-04-08/1_150/260408_1942,33770.3275,33771.458,ambient_background,1.1304999999993,324
Even Sample,Luke - Diel Drivers/2026-04-08/1_150/260408_1942,33771.458,33774.0148,ambient_background,2.55679999999847,325
Even Sample,Luke - Diel Drivers/2026-04-08/1_150/260408_1942,33774.0148,33775.8848,ambient_background,1.87000000000262,326
Even Sample,Luke - Diel Drivers/2026-04-08/1_150/260408_1942,33775.8848,33776.6746,ambient_background,0.78979999999865,327
Even Sample,Luke - Diel Drivers/2026-04-08/1_150/260408_1942,33776.6746,33780.0,ambient_background,3.32540000000154,328
Even Sample,Luke - Diel Drivers/2026-04-08/1_150/260408_1942,58680.0,58980.0,mech_auto,300.0,329
Even Sample,Luke - Diel Drivers/2026-04-08/1_150/260408_1942,58687.0549,58688.8616,ambient_noise,1.80669999999373,330
Even Sample,Luke - Diel Drivers/2026-04-08/1_150/260408_1942,58690.3354,58691.2229,ambient_noise,0.88749999999709,331
Even Sample,Luke - Diel Drivers/2026-04-08/1_150/260408_1942,58692.6836,58693.1352,ambient_noise,0.451600000000326,332
Even Sample,Luke - Diel Drivers/2026-04-08/1_150/260408_1942,58695.0343,58695.2958,ambient_noise,0.261500000000524,333
Even Sample,Luke - Diel Drivers/2026-04-08/1_150/260408_1942,58695.8822,58696.2071,ambient_noise,0.324899999999616,334
Even Sample,Luke - Diel Drivers/2026-04-08/1_150/260408_1942,58696.9625,58697.2081,ambient_background,0.245600000002014,335
Even Sample,Luke - Diel Drivers/2026-04-08/1_150/260408_1942,58703.2118,58703.4337,ambient_background,0.221900000004098,336
Even Sample,Luke - Diel Drivers/2026-04-08/1_150/260408_1942,58711.5953,58712.0153,ambient_background,0.419999999998254,337
Even Sample,Luke - Diel Drivers/2026-04-08/1_150/260408_1942,58716.2863,58717.4591,ambient_background,1.17280000000028,338
Even Sample,Luke - Diel Drivers/2026-04-08/1_150/260408_1942,58718.056,58718.4522,ambient_background,0.396200000002864,339
Even Sample,Luke - Diel Drivers/2026-04-08/1_150/260408_1942,58720.7343,58721.0195,ambient_background,0.285200000005716,340
Even Sample,Luke - Diel Drivers/2026-04-08/1_150/260408_1942,58721.5663,58721.907,ambient_background,0.340700000000652,341
Even Sample,Luke - Diel Drivers/2026-04-08/1_150/260408_1942,58736.7116,58738.5499,mech_auto,1.8382999999958,342
Even Sample,Luke - Diel Drivers/2026-04-08/1_150/260408_1942,58760.5124,58761.6852,mech_auto,1.17280000000028,343
Even Sample,Luke - Diel Drivers/2026-04-08/1_150/260408_1942,58771.9282,58772.3006,ambient_background,0.372400000000198,344
Even Sample,Luke - Diel Drivers/2026-04-08/1_150/260408_1942,58784.6117,58785.7211,ins_buzz_medium,1.10940000000119,345
Even Sample,Luke - Diel Drivers/2026-04-08/1_150/260408_1942,58787.9847,58788.3967,ins_buzz_medium,0.411999999996624,346
Even Sample,Luke - Diel Drivers/2026-04-08/1_150/260408_1942,58790.8373,58790.9561,ambient_noise,0.11880000000383,347
Even Sample,Luke - Diel Drivers/2026-04-08/1_150/260408_1942,58792.3719,58793.1088,ins_buzz_medium,0.736900000003516,348
Even Sample,Luke - Diel Drivers/2026-04-08/1_150/260408_1942,58795.6841,58795.9614,ins_buzz_medium,0.27730000000156,349
Even Sample,Luke - Diel Drivers/2026-04-08/1_150/260408_1942,58799.7544,58800.5705,ins_buzz_medium,0.816100000003644,350
Even Sample,Luke - Diel Drivers/2026-04-08/1_150/260408_1942,58801.1384,58802.4696,ins_buzz_medium,1.33119999999326,351
Even Sample,Luke - Diel Drivers/2026-04-08/1_150/260408_1942,58803.2699,58804.7755,ins_buzz_medium,1.50560000000405,352
Even Sample,Luke - Diel Drivers/2026-04-08/1_150/260408_1942,58819.7491,58819.963,ambient_background,0.213900000002468,353
Even Sample,Luke - Diel Drivers/2026-04-08/1_150/260408_1942,58820.8331,58822.4971,mech_train,1.66399999999703,354
Even Sample,Luke - Diel Drivers/2026-04-08/1_150/260408_1942,58835.149,58836.9239,mech_train,1.77490000000398,355
Even Sample,Luke - Diel Drivers/2026-04-08/1_150/260408_1942,58841.121,58842.3413,mech_train,1.22030000000086,356
Even Sample,Luke - Diel Drivers/2026-04-08/1_150/260408_1942,58841.6297,58841.6931,ambient_noise,0.063399999999092,357
Even Sample,Luke - Diel Drivers/2026-04-08/1_150/260408_1942,58845.1056,58845.2324,ambient_background,0.126799999998184,358
Even Sample,Luke - Diel Drivers/2026-04-08/1_150/260408_1942,58846.2504,58847.5024,mech_train,1.25200000000041,359
Even Sample,Luke - Diel Drivers/2026-04-08/1_150/260408_1942,58852.0285,58852.4089,ambient_noise,0.380400000001828,360
Even Sample,Luke - Diel Drivers/2026-04-08/1_150/260408_1942,58852.6968,58854.6302,mech_auto,1.93340000000171,361
Even Sample,Luke - Diel Drivers/2026-04-08/1_150/260408_1942,58855.0222,58857.1379,mech_train,2.11570000000211,362
Even Sample,Luke - Diel Drivers/2026-04-08/1_150/260408_1942,58859.0201,58859.1706,ambient_background,0.1504999999961,363
Even Sample,Luke - Diel Drivers/2026-04-08/1_150/260408_1942,58861.2308,58863.1801,ins_buzz_medium,1.94930000000022,364
Even Sample,Luke - Diel Drivers/2026-04-08/1_150/260408_1942,58864.0518,58864.1152,ins_buzz_medium,0.063399999999092,365
Even Sample,Luke - Diel Drivers/2026-04-08/1_150/260408_1942,58864.8294,58867.3413,mech_train,2.5118999999977,366
Even Sample,Luke - Diel Drivers/2026-04-08/1_150/260408_1942,58881.841,58883.1484,ambient_noise,1.30739999999787,367
Even Sample,Luke - Diel Drivers/2026-04-08/1_150/260408_1942,58884.1468,58884.3687,ambient_noise,0.221899999996822,368
Even Sample,Luke - Diel Drivers/2026-04-08/1_150/260408_1942,58891.1516,58891.8964,ambient_noise,0.744800000000396,369
Even Sample,Luke - Diel Drivers/2026-04-08/1_150/260408_1942,58893.0824,58893.8431,ambient_noise,0.760699999998906,370
Even Sample,Luke - Diel Drivers/2026-04-08/1_150/260408_1942,58916.8832,58917.5013,ins_buzz_medium,0.618100000006962,373
Even Sample,Luke - Diel Drivers/2026-04-08/1_150/260408_1942,58918.1035,58918.3729,ins_buzz_medium,0.26940000000468,374
Even Sample,Luke - Diel Drivers/2026-04-08/1_150/260408_1942,58918.6276,58919.523,mech_plane,0.895400000001246,375
Even Sample,Luke - Diel Drivers/2026-04-08/1_150/260408_1942,58919.7411,58920.898,ins_buzz_medium,1.15690000000177,376
Even Sample,Luke - Diel Drivers/2026-04-08/1_150/260408_1942,58920.8938,58922.6371,mech_plane,1.74330000000191,377
Even Sample,Luke - Diel Drivers/2026-04-08/1_150/260408_1942,58922.8632,58923.711,ins_buzz_medium,0.84780000000319,378
Even Sample,Luke - Diel Drivers/2026-04-08/1_150/260408_1942,58923.5906,58951.4326,mech_plane,27.8419999999969,379
Even Sample,Luke - Diel Drivers/2026-04-08/1_150/260408_1942,58923.8114,58926.355,ambient_background,2.54360000000452,380
Even Sample,Luke - Diel Drivers/2026-04-08/1_150/260408_1942,58924.4532,58926.6878,ins_buzz_medium,2.23459999999614,381
Even Sample,Luke - Diel Drivers/2026-04-08/1_150/260408_1942,58952.9133,58953.0956,ambient_background,0.182300000000396,382
Even Sample,Luke - Diel Drivers/2026-04-08/1_150/260408_1942,58953.6159,58955.0185,ambient_background,1.40260000000126,383
Even Sample,Luke - Diel Drivers/2026-04-08/1_150/260408_1942,58954.6656,58956.9715,mech_plane,2.30589999999938,384
Even Sample,Luke - Diel Drivers/2026-04-08/1_150/260408_1942,58955.6709,58955.8373,ambient_noise,0.166400000001886,385
Even Sample,Luke - Diel Drivers/2026-04-08/1_150/260408_1942,58960.1954,58961.0908,ins_buzz_medium,0.895400000001246,386
Even Sample,Luke - Diel Drivers/2026-04-08/1_150/260408_1942,58961.6297,58961.8991,ambient_background,0.26940000000468,387
Even Sample,Luke - Diel Drivers/2026-04-08/1_150/260408_1942,58963.0359,58964.4305,mech_plane,1.39459999999963,388
Even Sample,Luke - Diel Drivers/2026-04-08/1_150/260408_1942,58964.9086,58966.0259,mech_plane,1.11729999999807,389
Even Sample,Luke - Diel Drivers/2026-04-08/1_150/260408_1942,58967.0179,58980.0,ambient_background,12.9821000000011,390
Even Sample,Luke - Diel Drivers/2026-04-08/1_150/260408_1942,58968.1944,58971.4353,mech_plane,3.24089999999705,391
Even Sample,Luke - Diel Drivers/2026-05-06/1_95/260506_1924,88560.0,88576.2584,ambient_background,16.2584000000061,1
Even Sample,Luke - Diel Drivers/2026-05-06/1_95/260506_1924,88576.2584,88580.2231,ins_buzz_medium,3.96469999999681,2
Even Sample,Luke - Diel Drivers/2026-05-06/1_95/260506_1924,88580.2231,88581.4993,ambient_background,1.27619999999297,3
Even Sample,Luke - Diel Drivers/2026-05-06/1_95/260506_1924,88581.4993,88584.1169,ins_buzz_medium,2.61759999999776,4
Even Sample,Luke - Diel Drivers/2026-05-06/1_95/260506_1924,88584.1169,88593.0618,ambient_background,8.94490000000224,5
Even Sample,Luke - Diel Drivers/2026-05-06/1_95/260506_1924,88593.0618,88593.2038,ambient_noise,0.142000000007101,6
Even Sample,Luke - Diel Drivers/2026-05-06/1_95/260506_1924,88593.2038,88594.3777,ambient_background,1.17389999999432,7
Even Sample,Luke - Diel Drivers/2026-05-06/1_95/260506_1924,88594.3777,88595.6289,ins_buzz_medium,1.25119999999879,8
Even Sample,Luke - Diel Drivers/2026-05-06/1_95/260506_1924,88595.6289,88606.4121,ambient_background,10.7832000000053,9
Even Sample,Luke - Diel Drivers/2026-05-06/1_95/260506_1924,88606.4121,88631.1237,mech_auto,24.7115999999951,10
Even Sample,Luke - Diel Drivers/2026-05-06/1_95/260506_1924,88631.1237,88639.548,ambient_background,8.42429999999877,11
Even Sample,Luke - Diel Drivers/2026-05-06/1_95/260506_1924,88639.548,88642.1353,ins_buzz_medium,2.58729999999923,12
Even Sample,Luke - Diel Drivers/2026-05-06/1_95/260506_1924,88642.1353,88645.4891,ambient_background,3.35380000001169,13
Even Sample,Luke - Diel Drivers/2026-05-06/1_95/260506_1924,88645.4891,88646.7976,ins_buzz_medium,1.30849999999919,14
Even Sample,Luke - Diel Drivers/2026-05-06/1_95/260506_1924,88646.7976,88653.0592,ambient_background,6.261599999998,15
Even Sample,Luke - Diel Drivers/2026-05-06/1_95/260506_1924,88653.0592,88655.3891,ins_buzz_medium,2.329899999997,16
Even Sample,Luke - Diel Drivers/2026-05-06/1_95/260506_1924,88655.3891,88662.2552,ambient_background,6.86609999999928,17
Even Sample,Luke - Diel Drivers/2026-05-06/1_95/260506_1924,88662.2552,88666.2129,ins_buzz_medium,3.95769999999902,18
Even Sample,Luke - Diel Drivers/2026-05-06/1_95/260506_1924,88666.2129,88685.4484,ambient_background,19.2354999999952,19
Even Sample,Luke - Diel Drivers/2026-05-06/1_95/260506_1924,88685.4484,88686.8847,ins_buzz_medium,1.43630000000121,20
Even Sample,Luke - Diel Drivers/2026-05-06/1_95/260506_1924,88686.8847,88689.1098,ambient_background,2.22510000001057,21
Even Sample,Luke - Diel Drivers/2026-05-06/1_95/260506_1924,88689.1098,88690.9769,ins_buzz_medium,1.86709999998857,22
Even Sample,Luke - Diel Drivers/2026-05-06/1_95/260506_1924,88690.9769,88693.625,ambient_background,2.6481000000058,23
Even Sample,Luke - Diel Drivers/2026-05-06/1_95/260506_1924,88693.625,88695.4603,ins_buzz_medium,1.8353000000061,24
Even Sample,Luke - Diel Drivers/2026-05-06/1_95/260506_1924,88695.4603,88726.0303,ambient_background,30.5699999999924,25
Even Sample,Luke - Diel Drivers/2026-05-06/1_95/260506_1924,88726.0303,88805.8368,mech_plane,79.806500000006,26
Even Sample,Luke - Diel Drivers/2026-05-06/1_95/260506_1924,88805.8368,88860.0,ambient_background,54.1631999999954,27
Even Sample,Luke - Diel Drivers/2026-05-06/1_95/260506_1924,92160.0,92419.5418,mech_hum,259.541800000006,28
Even Sample,Luke - Diel Drivers/2026-05-06/1_95/260506_1924,92329.0822,92340.2791,mech_auto,11.1968999999954,29
Even Sample,Luke - Diel Drivers/2026-05-06/1_95/260506_1924,92349.3454,92394.0996,mech_auto,44.7541999999958,30
Even Sample,Luke - Diel Drivers/2026-05-06/1_95/260506_1924,92419.5418,92442.5768,ambient_background,23.0349999999889,31
Even Sample,Luke - Diel Drivers/2026-05-06/1_95/260506_1924,92442.5768,92460.0,mech_hum,17.4232000000047,32
Even Sample,Luke - Diel Drivers/2026-05-06/1_95/260506_1924,95760.0,96060.0,mech_plane,300.0,33
Even Sample,Luke - Diel Drivers/2026-05-06/1_95/260506_1924,95765.0728,95766.4039,animal_dog,1.33110000001034,34
Even Sample,Luke - Diel Drivers/2026-05-06/1_95/260506_1924,96019.7506,96041.0438,ambient_noise,21.2932000000001,35
Even Sample,Luke - Diel Drivers/2026-05-06/1_95/260506_1924,96045.0043,96053.6022,ambient_noise,8.59789999999339,36
Even Sample,Luke - Diel Drivers/2026-05-06/1_95/260506_1924,96055.3652,96058.389,ambient_noise,3.02379999999539,37
Even Sample,Luke - Diel Drivers/2026-05-06/1_95/260506_1924,96059.7605,96060.0,ambient_noise,0.239499999996042,38
Even Sample,Luke - Diel Drivers/2026-05-06/1_95/260506_1924,99360.0,99540.8011,mech_plane,180.801099999997,39
Even Sample,Luke - Diel Drivers/2026-05-06/1_95/260506_1924,99540.8011,99565.5289,ambient_background,24.7278000000078,40
Even Sample,Luke - Diel Drivers/2026-05-06/1_95/260506_1924,99565.5289,99660.0,mech_plane,94.4710999999952,41
Even Sample,Luke - Various Opportunistic Recordings/2025-07-03/1_37/250703_1635,48300.0,48492.315,ambient_background,192.315000000002,1
Even Sample,Luke - Various Opportunistic Recordings/2025-07-03/1_37/250703_1635,48492.315,48493.601,ins_buzz_medium,1.28600000000006,2
Even Sample,Luke - Various Opportunistic Recordings/2025-07-03/1_37/250703_1635,48493.601,48564.731,ambient_background,71.1299999999974,3
Even Sample,Luke - Various Opportunistic Recordings/2025-07-03/1_37/250703_1635,48564.731,48599.978,mech_plane,35.247000000003,4
Even Sample,Luke - Various Opportunistic Recordings/2025-07-03/1_37/250703_1635,51900.0,51995.1228,ambient_background,95.1227999999974,5
Even Sample,Luke - Various Opportunistic Recordings/2025-07-03/1_37/250703_1635,51995.1228,52001.111,ins_buzz_medium,5.98819999999978,6
Even Sample,Luke - Various Opportunistic Recordings/2025-07-03/1_37/250703_1635,51996.27,52064.679,mech_plane,68.4089999999997,7
Even Sample,Luke - Various Opportunistic Recordings/2025-07-03/1_37/250703_1635,52064.679,52124.9,ambient_background,60.221000000005,8
Even Sample,Luke - Various Opportunistic Recordings/2025-07-03/1_37/250703_1635,52124.9,52125.773,ins_buzz_medium,0.872999999999593,9
Even Sample,Luke - Various Opportunistic Recordings/2025-07-03/1_37/250703_1635,52125.773,52200.0,ambient_background,74.226999999999,10
Even Sample,Luke - Various Opportunistic Recordings/2025-07-03/1_37/250703_1635,55500.0,55503.7679,ins_buzz_medium,3.76789999999892,11
Even Sample,Luke - Various Opportunistic Recordings/2025-07-03/1_37/250703_1635,55503.7679,55504.2308,ambient_background,0.462899999998626,12
Even Sample,Luke - Various Opportunistic Recordings/2025-07-03/1_37/250703_1635,55504.2308,55508.5284,ins_buzz_medium,4.29760000000533,13
Even Sample,Luke - Various Opportunistic Recordings/2025-07-03/1_37/250703_1635,55508.5284,55510.3132,ins_buzz_medium,1.78479999999399,14
Even Sample,Luke - Various Opportunistic Recordings/2025-07-03/1_37/250703_1635,55510.3132,55512.4655,ins_buzz_medium,2.15230000000156,15
Even Sample,Luke - Various Opportunistic Recordings/2025-07-03/1_37/250703_1635,55510.5875,55512.1015,ins_buzz_medium,1.51399999999558,16
Even Sample,Luke - Various Opportunistic Recordings/2025-07-03/1_37/250703_1635,55512.4655,55512.7867,ambient_background,0.321199999998498,17
Even Sample,Luke - Various Opportunistic Recordings/2025-07-03/1_37/250703_1635,55512.7867,55517.1816,ins_buzz_medium,4.3949000000066,18
Even Sample,Luke - Various Opportunistic Recordings/2025-07-03/1_37/250703_1635,55517.1816,55519.214,ambient_background,2.03239999999641,19
Even Sample,Luke - Various Opportunistic Recordings/2025-07-03/1_37/250703_1635,55519.214,55530.5256,ins_buzz_medium,11.3116000000009,20
Even Sample,Luke - Various Opportunistic Recordings/2025-07-03/1_37/250703_1635,55530.5256,55533.3077,ambient_background,2.78209999999672,21
Even Sample,Luke - Various Opportunistic Recordings/2025-07-03/1_37/250703_1635,55533.3077,55533.9347,ins_buzz_medium,0.627000000000407,22
Even Sample,Luke - Various Opportunistic Recordings/2025-07-03/1_37/250703_1635,55533.9347,55534.7779,ambient_background,0.84320000000298,23
Even Sample,Luke - Various Opportunistic Recordings/2025-07-03/1_37/250703_1635,55534.7779,55542.8037,ins_buzz_medium,8.0257999999958,24
Even Sample,Luke - Various Opportunistic Recordings/2025-07-03/1_37/250703_1635,55542.8037,55546.9051,ambient_background,4.10140000000683,25
Even Sample,Luke - Various Opportunistic Recordings/2025-07-03/1_37/250703_1635,55546.9051,55549.9747,ins_buzz_medium,3.06959999999526,26
Even Sample,Luke - Various Opportunistic Recordings/2025-07-03/1_37/250703_1635,55549.9747,55550.1025,ambient_background,0.127800000002026,27
Even Sample,Luke - Various Opportunistic Recordings/2025-07-03/1_37/250703_1635,55550.1025,55551.6841,ins_buzz_medium,1.58159999999771,28
Even Sample,Luke - Various Opportunistic Recordings/2025-07-03/1_37/250703_1635,55551.6841,55553.4238,ambient_background,1.73969999999827,29
Even Sample,Luke - Various Opportunistic Recordings/2025-07-03/1_37/250703_1635,55553.4238,55553.9066,ins_buzz_medium,0.482800000005227,30
Even Sample,Luke - Various Opportunistic Recordings/2025-07-03/1_37/250703_1635,55553.9066,55565.3639,ambient_background,11.4572999999946,31
Even Sample,Luke - Various Opportunistic Recordings/2025-07-03/1_37/250703_1635,55565.3639,55620.787,mech_plane,55.4231,32
Even Sample,Luke - Various Opportunistic Recordings/2025-07-03/1_37/250703_1635,55620.787,55705.08,ambient_background,84.2930000000051,33
Even Sample,Luke - Various Opportunistic Recordings/2025-07-03/1_37/250703_1635,55705.08,55705.205,ambient_noise,0.125,34
Even Sample,Luke - Various Opportunistic Recordings/2025-07-03/1_37/250703_1635,55705.205,55708.052,ambient_background,2.84700000000157,35
Even Sample,Luke - Various Opportunistic Recordings/2025-07-03/1_37/250703_1635,55708.052,55708.718,ins_buzz_medium,0.665999999997439,36
Even Sample,Luke - Various Opportunistic Recordings/2025-07-03/1_37/250703_1635,55708.718,55710.674,ambient_background,1.95599999999831,37
Even Sample,Luke - Various Opportunistic Recordings/2025-07-03/1_37/250703_1635,55710.674,55712.846,ins_buzz_medium,2.17199999999866,38
Even Sample,Luke - Various Opportunistic Recordings/2025-07-03/1_37/250703_1635,55712.846,55713.87,ambient_background,1.02400000000489,39
Even Sample,Luke - Various Opportunistic Recordings/2025-07-03/1_37/250703_1635,55713.87,55715.155,ins_buzz_medium,1.28499999999622,40
Even Sample,Luke - Various Opportunistic Recordings/2025-07-03/1_37/250703_1635,55715.155,55715.664,ambient_background,0.508999999998196,41
Even Sample,Luke - Various Opportunistic Recordings/2025-07-03/1_37/250703_1635,55715.664,55716.317,ins_buzz_medium,0.653000000005704,42
Even Sample,Luke - Various Opportunistic Recordings/2025-07-03/1_37/250703_1635,55716.317,55722.918,ambient_background,6.60099999999511,43
Even Sample,Luke - Various Opportunistic Recordings/2025-07-03/1_37/250703_1635,55722.918,55724.821,ins_buzz_medium,1.9030000000057,44
Even Sample,Luke - Various Opportunistic Recordings/2025-07-03/1_37/250703_1635,55724.821,55725.266,ambient_background,0.444999999999709,45
Even Sample,Luke - Various Opportunistic Recordings/2025-07-03/1_37/250703_1635,55725.266,55725.715,ins_buzz_medium,0.448999999993248,46
Even Sample,Luke - Various Opportunistic Recordings/2025-07-03/1_37/250703_1635,55725.715,55750.043,ambient_background,24.3280000000013,47
Even Sample,Luke - Various Opportunistic Recordings/2025-07-03/1_37/250703_1635,55750.043,55751.924,ins_buzz_medium,1.88100000000122,48
Even Sample,Luke - Various Opportunistic Recordings/2025-07-03/1_37/250703_1635,55751.924,55757.597,ambient_background,5.6730000000025,49
Even Sample,Luke - Various Opportunistic Recordings/2025-07-03/1_37/250703_1635,55757.597,55757.805,ambient_noise,0.207999999998719,50
Even Sample,Luke - Various Opportunistic Recordings/2025-07-03/1_37/250703_1635,55757.805,55780.038,ambient_background,22.2330000000002,51
Even Sample,Luke - Various Opportunistic Recordings/2025-07-03/1_37/250703_1635,55780.038,55799.978,mech_plane,19.9400000000023,52
Even Sample,Luke - Various Opportunistic Recordings/2025-07-03/1_37/250703_1635,59100.0,59100.412802,ambient_background,0.412801999998919,53
Even Sample,Luke - Various Opportunistic Recordings/2025-07-03/1_37/250703_1635,59100.412802,59102.27041,ins_buzz_medium,1.85760799999844,54
Even Sample,Luke - Various Opportunistic Recordings/2025-07-03/1_37/250703_1635,59102.27041,59102.90337,ambient_background,0.63296000000264,55
Even Sample,Luke - Various Opportunistic Recordings/2025-07-03/1_37/250703_1635,59102.90337,59104.12802,ins_buzz_medium,1.22464999999647,56
Even Sample,Luke - Various Opportunistic Recordings/2025-07-03/1_37/250703_1635,59104.12802,59107.31362,ambient_background,3.18560000000434,57
Even Sample,Luke - Various Opportunistic Recordings/2025-07-03/1_37/250703_1635,59107.31362,59109.46354,ins_buzz_medium,2.1499199999962,58
Even Sample,Luke - Various Opportunistic Recordings/2025-07-03/1_37/250703_1635,59109.55448,59112.971,ins_buzz_medium,3.41651999999885,59
Even Sample,Luke - Various Opportunistic Recordings/2025-07-03/1_37/250703_1635,59110.8403,59112.3004,ins_buzz_medium,1.4600999999966,60
Even Sample,Luke - Various Opportunistic Recordings/2025-07-03/1_37/250703_1635,59112.971,59115.081,ambient_background,2.11000000000058,61
Even Sample,Luke - Various Opportunistic Recordings/2025-07-03/1_37/250703_1635,59115.081,59117.1251,ins_buzz_medium,2.04409999999916,62
Even Sample,Luke - Various Opportunistic Recordings/2025-07-03/1_37/250703_1635,59116.8244,59118.1222,ins_buzz_medium,1.29780000000028,63
Even Sample,Luke - Various Opportunistic Recordings/2025-07-03/1_37/250703_1635,59118.1222,59118.9201,ambient_background,0.797900000005029,64
Even Sample,Luke - Various Opportunistic Recordings/2025-07-03/1_37/250703_1635,59118.9201,59120.3649,ins_buzz_medium,1.44479999999749,65
Even Sample,Luke - Various Opportunistic Recordings/2025-07-03/1_37/250703_1635,59119.4992,59120.3117,ins_buzz_medium,0.8125,66
Even Sample,Luke - Various Opportunistic Recordings/2025-07-03/1_37/250703_1635,59120.3649,59123.3921,ambient_background,3.02719999999681,67
Even Sample,Luke - Various Opportunistic Recordings/2025-07-03/1_37/250703_1635,59123.3921,59125.8934,ins_buzz_medium,2.50130000000354,68
Even Sample,Luke - Various Opportunistic Recordings/2025-07-03/1_37/250703_1635,59125.8934,59129.1163,ambient_background,3.22290000000066,69
Even Sample,Luke - Various Opportunistic Recordings/2025-07-03/1_37/250703_1635,59129.1163,59131.827,ins_buzz_medium,2.710699999996,70
Even Sample,Luke - Various Opportunistic Recordings/2025-07-03/1_37/250703_1635,59129.1433,59130.1035,ins_buzz_medium,0.960199999994074,71
Even Sample,Luke - Various Opportunistic Recordings/2025-07-03/1_37/250703_1635,59131.1006,59131.8498,ins_buzz_medium,0.749200000005658,72
Even Sample,Luke - Various Opportunistic Recordings/2025-07-03/1_37/250703_1635,59131.8498,59134.1387,ambient_background,2.28889999999956,73
Even Sample,Luke - Various Opportunistic Recordings/2025-07-03/1_37/250703_1635,59134.1387,59135.4459,ins_buzz_medium,1.30719999999565,74
Even Sample,Luke - Various Opportunistic Recordings/2025-07-03/1_37/250703_1635,59135.4459,59136.0789,ambient_background,0.63300000000163,75
Even Sample,Luke - Various Opportunistic Recordings/2025-07-03/1_37/250703_1635,59136.0789,59137.5099,ins_buzz_medium,1.43099999999686,76
Even Sample,Luke - Various Opportunistic Recordings/2025-07-03/1_37/250703_1635,59137.5099,59138.4075,ambient_background,0.897600000003877,77
Even Sample,Luke - Various Opportunistic Recordings/2025-07-03/1_37/250703_1635,59138.4075,59139.0301,ins_buzz_medium,0.622600000002421,78
Even Sample,Luke - Various Opportunistic Recordings/2025-07-03/1_37/250703_1635,59139.0301,59139.1336,ambient_background,0.103499999997439,79
Even Sample,Luke - Various Opportunistic Recordings/2025-07-03/1_37/250703_1635,59139.1336,59140.3995,ins_buzz_medium,1.26589999999851,80
Even Sample,Luke - Various Opportunistic Recordings/2025-07-03/1_37/250703_1635,59140.3995,59140.6075,ambient_background,0.207999999998719,81
Even Sample,Luke - Various Opportunistic Recordings/2025-07-03/1_37/250703_1635,59140.6075,59141.2195,ins_buzz_medium,0.61200000000099,82
Even Sample,Luke - Various Opportunistic Recordings/2025-07-03/1_37/250703_1635,59141.2195,59142.4541,ambient_background,1.23460000000341,83
Even Sample,Luke - Various Opportunistic Recordings/2025-07-03/1_37/250703_1635,59142.4541,59143.6306,ins_buzz_medium,1.17649999999412,84
Even Sample,Luke - Various Opportunistic Recordings/2025-07-03/1_37/250703_1635,59143.6306,59144.6514,ambient_background,1.02080000000569,85
Even Sample,Luke - Various Opportunistic Recordings/2025-07-03/1_37/250703_1635,59144.6514,59145.821,ins_buzz_medium,1.16960000000108,86
Even Sample,Luke - Various Opportunistic Recordings/2025-07-03/1_37/250703_1635,59145.821,59146.7979,ambient_background,0.976899999994203,87
Even Sample,Luke - Various Opportunistic Recordings/2025-07-03/1_37/250703_1635,59146.7979,59151.2358,ins_buzz_medium,4.43790000000445,88
Even Sample,Luke - Various Opportunistic Recordings/2025-07-03/1_37/250703_1635,59146.9543,59149.36,ins_buzz_medium,2.40570000000298,89
Even Sample,Luke - Various Opportunistic Recordings/2025-07-03/1_37/250703_1635,59151.2358,59154.5173,ambient_background,3.28149999999732,90
Even Sample,Luke - Various Opportunistic Recordings/2025-07-03/1_37/250703_1635,59154.5173,59155.5631,ins_buzz_medium,1.04579999999987,91
Even Sample,Luke - Various Opportunistic Recordings/2025-07-03/1_37/250703_1635,59154.736,59155.9706,ins_buzz_medium,1.23460000000341,92
Even Sample,Luke - Various Opportunistic Recordings/2025-07-03/1_37/250703_1635,59155.9706,59156.3749,ambient_background,0.404300000001967,93
Even Sample,Luke - Various Opportunistic Recordings/2025-07-03/1_37/250703_1635,59156.3749,59157.7922,ins_buzz_medium,1.41730000000098,94
Even Sample,Luke - Various Opportunistic Recordings/2025-07-03/1_37/250703_1635,59157.7922,59158.7967,ambient_background,1.00449999999546,95
Even Sample,Luke - Various Opportunistic Recordings/2025-07-03/1_37/250703_1635,59158.7967,59160.7971,ins_buzz_medium,2.00040000000445,96
Even Sample,Luke - Various Opportunistic Recordings/2025-07-03/1_37/250703_1635,59160.7971,59163.1421,ins_buzz_medium,2.34499999999389,97
Even Sample,Luke - Various Opportunistic Recordings/2025-07-03/1_37/250703_1635,59163.1421,59164.4796,ambient_background,1.33750000000146,98
Even Sample,Luke - Various Opportunistic Recordings/2025-07-03/1_37/250703_1635,59164.4796,59166.9977,ins_buzz_medium,2.51810000000114,99
Even Sample,Luke - Various Opportunistic Recordings/2025-07-03/1_37/250703_1635,59166.9977,59167.2041,ambient_background,0.206400000002759,100
Even Sample,Luke - Various Opportunistic Recordings/2025-07-03/1_37/250703_1635,59167.2041,59169.8873,ins_buzz_medium,2.68319999999949,101
Even Sample,Luke - Various Opportunistic Recordings/2025-07-03/1_37/250703_1635,59168.3871,59169.7465,ins_buzz_medium,1.35940000000119,102
Even Sample,Luke - Various Opportunistic Recordings/2025-07-03/1_37/250703_1635,59169.8873,59171.7591,ambient_background,1.8718000000008,103
Even Sample,Luke - Various Opportunistic Recordings/2025-07-03/1_37/250703_1635,59171.7591,59172.772,ins_buzz_medium,1.01289999999426,104
Even Sample,Luke - Various Opportunistic Recordings/2025-07-03/1_37/250703_1635,59172.772,59175.8867,ambient_background,3.11470000000554,105
Even Sample,Luke - Various Opportunistic Recordings/2025-07-03/1_37/250703_1635,59175.8867,59177.4148,ins_buzz_medium,1.5280999999959,106
Even Sample,Luke - Various Opportunistic Recordings/2025-07-03/1_37/250703_1635,59177.4148,59177.9915,ambient_background,0.5766999999978,107
Even Sample,Luke - Various Opportunistic Recordings/2025-07-03/1_37/250703_1635,59177.9915,59180.4,ins_buzz_medium,2.40850000000501,108
Even Sample,Luke - Various Opportunistic Recordings/2025-07-03/1_37/250703_1635,59180.4,59181.1705,ambient_background,0.770499999998719,109
Even Sample,Luke - Various Opportunistic Recordings/2025-07-03/1_37/250703_1635,59181.1705,59183.0832,ins_buzz_medium,1.91270000000077,110
Even Sample,Luke - Various Opportunistic Recordings/2025-07-03/1_37/250703_1635,59183.0832,59183.5373,ambient_background,0.454100000002654,111
Even Sample,Luke - Various Opportunistic Recordings/2025-07-03/1_37/250703_1635,59183.5373,59185.1815,ins_buzz_medium,1.64419999999518,112
Even Sample,Luke - Various Opportunistic Recordings/2025-07-03/1_37/250703_1635,59184.2867,59185.1299,ins_buzz_medium,0.84320000000298,113
Even Sample,Luke - Various Opportunistic Recordings/2025-07-03/1_37/250703_1635,59184.975,59186.6111,ins_buzz_medium,1.63610000000335,114
Even Sample,Luke - Various Opportunistic Recordings/2025-07-03/1_37/250703_1635,59186.1692,59187.5165,ins_buzz_medium,1.34730000000127,115
Even Sample,Luke - Various Opportunistic Recordings/2025-07-03/1_37/250703_1635,59187.5165,59188.1606,ambient_background,0.644100000004983,116
Even Sample,Luke - Various Opportunistic Recordings/2025-07-03/1_37/250703_1635,59188.1606,59190.1696,ins_buzz_medium,2.0089999999982,117
Even Sample,Luke - Various Opportunistic Recordings/2025-07-03/1_37/250703_1635,59190.1696,59191.0365,ambient_background,0.866900000000896,118
Even Sample,Luke - Various Opportunistic Recordings/2025-07-03/1_37/250703_1635,59191.0365,59192.3575,ins_buzz_medium,1.32099999999627,119
Even Sample,Luke - Various Opportunistic Recordings/2025-07-03/1_37/250703_1635,59191.3806,59194.7022,ins_buzz_medium,3.32160000000295,120
Even Sample,Luke - Various Opportunistic Recordings/2025-07-03/1_37/250703_1635,59194.7022,59194.944,ambient_background,0.241800000003423,121
Even Sample,Luke - Various Opportunistic Recordings/2025-07-03/1_37/250703_1635,59194.944,59197.6826,ins_buzz_medium,2.73859999999695,122
Even Sample,Luke - Various Opportunistic Recordings/2025-07-03/1_37/250703_1635,59197.6826,59200.297,ambient_background,2.61439999999857,123
Even Sample,Luke - Various Opportunistic Recordings/2025-07-03/1_37/250703_1635,59200.297,59202.058,ins_buzz_medium,1.7609999999986,124
Even Sample,Luke - Various Opportunistic Recordings/2025-07-03/1_37/250703_1635,59202.058,59203.173,ambient_background,1.11500000000524,125
Even Sample,Luke - Various Opportunistic Recordings/2025-07-03/1_37/250703_1635,59203.173,59204.246,ins_buzz_medium,1.07299999999668,126
Even Sample,Luke - Various Opportunistic Recordings/2025-07-03/1_37/250703_1635,59204.246,59206.241,ambient_background,1.99500000000262,127
Even Sample,Luke - Various Opportunistic Recordings/2025-07-03/1_37/250703_1635,59206.241,59207.136,ins_buzz_medium,0.894999999996799,128
Even Sample,Luke - Various Opportunistic Recordings/2025-07-03/1_37/250703_1635,59207.136,59207.851,ambient_background,0.715000000003783,129
Even Sample,Luke - Various Opportunistic Recordings/2025-07-03/1_37/250703_1635,59207.851,59208.842,ins_buzz_medium,0.990999999994528,130
Even Sample,Luke - Various Opportunistic Recordings/2025-07-03/1_37/250703_1635,59208.842,59209.241,ambient_background,0.399000000004889,131
Even Sample,Luke - Various Opportunistic Recordings/2025-07-03/1_37/250703_1635,59209.241,59210.638,ins_buzz_medium,1.39699999999721,132
Even Sample,Luke - Various Opportunistic Recordings/2025-07-03/1_37/250703_1635,59210.638,59211.363,ins_buzz_medium,0.724999999998545,133
Even Sample,Luke - Various Opportunistic Recordings/2025-07-03/1_37/250703_1635,59211.363,59212.368,ambient_background,1.00500000000466,134
Even Sample,Luke - Various Opportunistic Recordings/2025-07-03/1_37/250703_1635,59212.368,59212.913,ins_buzz_medium,0.544999999998254,135
Even Sample,Luke - Various Opportunistic Recordings/2025-07-03/1_37/250703_1635,59212.913,59226.785,ambient_background,13.872000000003,136
Even Sample,Luke - Various Opportunistic Recordings/2025-07-03/1_37/250703_1635,59226.785,59227.913,ins_buzz_medium,1.12799999999697,137
Even Sample,Luke - Various Opportunistic Recordings/2025-07-03/1_37/250703_1635,59227.913,59239.513,ambient_background,11.5999999999985,138
Even Sample,Luke - Various Opportunistic Recordings/2025-07-03/1_37/250703_1635,59239.513,59240.27,ins_buzz_medium,0.756999999997788,139
Even Sample,Luke - Various Opportunistic Recordings/2025-07-03/1_37/250703_1635,59240.27,59247.109,ambient_background,6.83899999999994,140
Even Sample,Luke - Various Opportunistic Recordings/2025-07-03/1_37/250703_1635,59247.109,59247.947,ins_buzz_medium,0.838000000003376,141
Even Sample,Luke - Various Opportunistic Recordings/2025-07-03/1_37/250703_1635,59247.947,59249.261,ambient_background,1.31399999999849,142
Even Sample,Luke - Various Opportunistic Recordings/2025-07-03/1_37/250703_1635,59249.261,59251.171,ins_buzz_medium,1.91000000000349,143
Even Sample,Luke - Various Opportunistic Recordings/2025-07-03/1_37/250703_1635,59251.171,59251.76,ambient_background,0.588999999999942,144
Even Sample,Luke - Various Opportunistic Recordings/2025-07-03/1_37/250703_1635,59251.76,59253.411,ins_buzz_medium,1.65099999999802,145
Even Sample,Luke - Various Opportunistic Recordings/2025-07-03/1_37/250703_1635,59252.567,59253.564,ins_buzz_medium,0.996999999995751,146
Even Sample,Luke - Various Opportunistic Recordings/2025-07-03/1_37/250703_1635,59253.564,59255.42,ambient_background,1.85599999999977,147
Even Sample,Luke - Various Opportunistic Recordings/2025-07-03/1_37/250703_1635,59255.42,59261.834,ins_buzz_medium,6.41400000000431,148
Even Sample,Luke - Various Opportunistic Recordings/2025-07-03/1_37/250703_1635,59256.149,59257.038,ins_buzz_medium,0.889000000002852,149
Even Sample,Luke - Various Opportunistic Recordings/2025-07-03/1_37/250703_1635,59257.213,59258.659,ins_buzz_medium,1.44599999999627,150
Even Sample,Luke - Various Opportunistic Recordings/2025-07-03/1_37/250703_1635,59260.827,59262.08,ins_buzz_medium,1.25300000000425,151
Even Sample,Luke - Various Opportunistic Recordings/2025-07-03/1_37/250703_1635,59262.08,59263.552,ambient_background,1.47200000000157,152
Even Sample,Luke - Various Opportunistic Recordings/2025-07-03/1_37/250703_1635,59263.552,59265.873,ins_buzz_medium,2.32099999999627,153
Even Sample,Luke - Various Opportunistic Recordings/2025-07-03/1_37/250703_1635,59265.873,59266.778,ambient_background,0.904999999998836,154
Even Sample,Luke - Various Opportunistic Recordings/2025-07-03/1_37/250703_1635,59266.778,59268.459,ins_buzz_medium,1.68100000000413,155
Even Sample,Luke - Various Opportunistic Recordings/2025-07-03/1_37/250703_1635,59267.17,59268.001,ins_buzz_medium,0.830999999998312,156
Even Sample,Luke - Various Opportunistic Recordings/2025-07-03/1_37/250703_1635,59268.459,59269.81,ambient_background,1.35099999999511,157
Even Sample,Luke - Various Opportunistic Recordings/2025-07-03/1_37/250703_1635,59269.81,59271.505,ins_buzz_medium,1.69499999999971,158
Even Sample,Luke - Various Opportunistic Recordings/2025-07-03/1_37/250703_1635,59271.505,59272.661,ambient_background,1.15600000000268,159
Even Sample,Luke - Various Opportunistic Recordings/2025-07-03/1_37/250703_1635,59272.661,59273.996,ins_buzz_medium,1.33499999999913,160
Even Sample,Luke - Various Opportunistic Recordings/2025-07-03/1_37/250703_1635,59273.996,59274.498,ambient_background,0.502000000000407,161
Even Sample,Luke - Various Opportunistic Recordings/2025-07-03/1_37/250703_1635,59274.498,59276.631,ins_buzz_medium,2.13300000000163,162
Even Sample,Luke - Various Opportunistic Recordings/2025-07-03/1_37/250703_1635,59276.637,59278.839,ins_buzz_medium,2.2019999999975,163
Even Sample,Luke - Various Opportunistic Recordings/2025-07-03/1_37/250703_1635,59277.818,59278.866,ins_buzz_medium,1.0480000000025,164
Even Sample,Luke - Various Opportunistic Recordings/2025-07-03/1_37/250703_1635,59278.866,59279.539,ambient_background,0.672999999995227,165
Even Sample,Luke - Various Opportunistic Recordings/2025-07-03/1_37/250703_1635,59279.539,59289.001,ins_buzz_medium,9.46199999999953,166
Even Sample,Luke - Various Opportunistic Recordings/2025-07-03/1_37/250703_1635,59289.001,59291.086,ambient_background,2.0850000000064,167
Even Sample,Luke - Various Opportunistic Recordings/2025-07-03/1_37/250703_1635,59291.086,59292.943,ins_buzz_medium,1.85699999999633,168
Even Sample,Luke - Various Opportunistic Recordings/2025-07-03/1_37/250703_1635,59292.943,59293.715,ambient_background,0.771999999997206,169
Even Sample,Luke - Various Opportunistic Recordings/2025-07-03/1_37/250703_1635,59293.715,59296.473,ins_buzz_medium,2.75800000000163,170
Even Sample,Luke - Various Opportunistic Recordings/2025-07-03/1_37/250703_1635,59294.866,59400.004,mech_plane,105.137999999999,171
Even Sample,Luke - Various Opportunistic Recordings/2025-07-03/1_37/250703_1635,59296.473,59302.799,ins_buzz_medium,6.32600000000093,172
Even Sample,Luke - Various Opportunistic Recordings/2025-07-03/1_37/250703_1635,59298.905,59299.332,ins_buzz_medium,0.427000000003318,173
Even Sample,Luke - Various Opportunistic Recordings/2025-07-03/1_37/250703_1635,59301.61,59303.746,ins_buzz_medium,2.1359999999986,174
Even Sample,Luke - Various Opportunistic Recordings/2025-07-03/1_37/250703_1635,59303.746,59304.872,ins_buzz_medium,1.12600000000384,175
Even Sample,Luke - Various Opportunistic Recordings/2025-07-03/1_37/250703_1635,59307.056,59308.112,ins_buzz_medium,1.05600000000413,176
Even Sample,Luke - Various Opportunistic Recordings/2025-07-03/1_37/250703_1635,59308.989,59309.209,ins_buzz_medium,0.220000000001164,177
Even Sample,Luke - Various Opportunistic Recordings/2025-07-03/1_37/250703_1635,59310.314,59310.431,ins_buzz_medium,0.11699999999837,178
Even Sample,Luke - Various Opportunistic Recordings/2025-07-03/1_37/250703_1635,59314.783,59315.971,ins_buzz_medium,1.18799999999464,179
Even Sample,Luke - Various Opportunistic Recordings/2025-07-03/1_37/250703_1635,59318.441,59319.074,ins_buzz_medium,0.63300000000163,180
Even Sample,Luke - Various Opportunistic Recordings/2025-07-03/1_37/250703_1635,59319.719,59320.895,ins_buzz_medium,1.17599999999948,181
Even Sample,Luke - Various Opportunistic Recordings/2025-07-03/1_37/250703_1635,59375.33,59375.901,ins_buzz_medium,0.570999999996275,182
Even Sample,Luke - Various Opportunistic Recordings/2025-07-03/1_37/250703_1635,59378.161,59380.41,ins_buzz_medium,2.24900000000343,183
Even Sample,Luke - Various Opportunistic Recordings/2025-07-03/1_37/250703_1635,59383.677,59391.597,ins_buzz_medium,7.91999999999825,184
Even Sample,Luke - Various Opportunistic Recordings/2025-07-03/1_37/250703_1635,59385.237,59387.558,ins_buzz_medium,2.32099999999627,185
Even Sample,Luke - Various Opportunistic Recordings/2025-07-03/1_37/250703_1635,59393.685,59393.879,ins_buzz_medium,0.194000000003143,186
Even Sample,Luke - Various Opportunistic Recordings/2025-07-03/1_37/250703_1635,59398.076,59398.601,ins_buzz_medium,0.525000000001455,187
Even Sample,Luke - Various Opportunistic Recordings/2025-07-03/1_37/250703_1635,62700.0,62727.8044,ambient_background,27.8044000000009,188
Even Sample,Luke - Various Opportunistic Recordings/2025-07-03/1_37/250703_1635,62727.8044,62728.105,ins_buzz_medium,0.300600000002305,189
Even Sample,Luke - Various Opportunistic Recordings/2025-07-03/1_37/250703_1635,62728.105,62739.6744,ambient_background,11.5694000000003,190
Even Sample,Luke - Various Opportunistic Recordings/2025-07-03/1_37/250703_1635,62739.6744,62740.0107,ins_buzz_high,0.33629999999539,191
Even Sample,Luke - Various Opportunistic Recordings/2025-07-03/1_37/250703_1635,62740.0107,62741.4069,ambient_background,1.39620000000286,192
Even Sample,Luke - Various Opportunistic Recordings/2025-07-03/1_37/250703_1635,62741.4069,62741.6362,ins_buzz_high,0.229299999999057,193
Even Sample,Luke - Various Opportunistic Recordings/2025-07-03/1_37/250703_1635,62741.6362,62744.6171,ambient_background,2.98090000000229,194
Even Sample,Luke - Various Opportunistic Recordings/2025-07-03/1_37/250703_1635,62744.6171,62745.7229,ins_buzz_medium,1.10579999999754,195
Even Sample,Luke - Various Opportunistic Recordings/2025-07-03/1_37/250703_1635,62745.7229,62779.2825,ambient_background,33.5596000000005,196
Even Sample,Luke - Various Opportunistic Recordings/2025-07-03/1_37/250703_1635,62779.2825,62779.5271,ins_buzz_medium,0.244599999998172,197
Even Sample,Luke - Various Opportunistic Recordings/2025-07-03/1_37/250703_1635,62779.5271,62780.0826,ambient_background,0.555500000002212,198
Even Sample,Luke - Various Opportunistic Recordings/2025-07-03/1_37/250703_1635,62780.0826,62781.4278,ins_buzz_medium,1.34519999999611,199
Even Sample,Luke - Various Opportunistic Recordings/2025-07-03/1_37/250703_1635,62781.4278,62940.88,ambient_background,159.4522,200
Even Sample,Luke - Various Opportunistic Recordings/2025-07-03/1_37/250703_1635,62940.88,62941.201,ins_buzz_high,0.321000000003551,201
Even Sample,Luke - Various Opportunistic Recordings/2025-07-03/1_37/250703_1635,62941.201,63000.0,ambient_background,58.7989999999991,202
Even Sample,Luke - Various Opportunistic Recordings/2025-07-03/1_37/250703_1635,66300.0,66310.3956,ambient_background,10.3956000000035,203
Even Sample,Luke - Various Opportunistic Recordings/2025-07-03/1_37/250703_1635,66310.3956,66311.8714,ins_buzz_medium,1.47580000000016,204
Even Sample,Luke - Various Opportunistic Recordings/2025-07-03/1_37/250703_1635,66311.8714,66317.9396,ambient_background,6.06819999999425,205
Even Sample,Luke - Various Opportunistic Recordings/2025-07-03/1_37/250703_1635,66317.9396,66318.4895,ins_buzz_medium,0.549899999998161,206
Even Sample,Luke - Various Opportunistic Recordings/2025-07-03/1_37/250703_1635,66318.4895,66324.6852,ambient_background,6.19570000001113,207
Even Sample,Luke - Various Opportunistic Recordings/2025-07-03/1_37/250703_1635,66324.6852,66325.7015,ins_buzz_medium,1.0162999999884,208
Even Sample,Luke - Various Opportunistic Recordings/2025-07-03/1_37/250703_1635,66325.7015,66328.2216,ambient_background,2.52010000000882,209
Even Sample,Luke - Various Opportunistic Recordings/2025-07-03/1_37/250703_1635,66328.2216,66329.4955,ins_buzz_medium,1.27390000000014,210
Even Sample,Luke - Various Opportunistic Recordings/2025-07-03/1_37/250703_1635,66329.4955,66331.1314,ambient_background,1.63589999999385,211
Even Sample,Luke - Various Opportunistic Recordings/2025-07-03/1_37/250703_1635,66331.1314,66332.4332,ins_buzz_medium,1.30180000000109,212
Even Sample,Luke - Various Opportunistic Recordings/2025-07-03/1_37/250703_1635,66332.4332,66336.8578,ambient_background,4.42459999999846,213
Even Sample,Luke - Various Opportunistic Recordings/2025-07-03/1_37/250703_1635,66336.8578,66337.583,ins_buzz_high,0.725200000000768,214
Even Sample,Luke - Various Opportunistic Recordings/2025-07-03/1_37/250703_1635,66337.583,66345.8248,ambient_background,8.24180000000342,215
Even Sample,Luke - Various Opportunistic Recordings/2025-07-03/1_37/250703_1635,66345.8248,66346.671,ins_buzz_medium,0.846199999999953,216
Even Sample,Luke - Various Opportunistic Recordings/2025-07-03/1_37/250703_1635,66346.671,66355.7324,ambient_background,9.06139999999141,217
Even Sample,Luke - Various Opportunistic Recordings/2025-07-03/1_37/250703_1635,66355.7324,66475.448,mech_plane,119.71560000001,218
Even Sample,Luke - Various Opportunistic Recordings/2025-07-03/1_37/250703_1635,66356.0997,66356.8221,ins_buzz_medium,0.722399999998743,219
Even Sample,Luke - Various Opportunistic Recordings/2025-07-03/1_37/250703_1635,66357.7165,66358.6247,ins_buzz_medium,0.908200000005309,220
Even Sample,Luke - Various Opportunistic Recordings/2025-07-03/1_37/250703_1635,66362.8146,66363.2962,ins_buzz_medium,0.481599999999162,221
Even Sample,Luke - Various Opportunistic Recordings/2025-07-03/1_37/250703_1635,66363.5577,66364.1769,ins_buzz_medium,0.619200000001001,222
Even Sample,Luke - Various Opportunistic Recordings/2025-07-03/1_37/250703_1635,66432.123,66432.831,ins_buzz_medium,0.707999999998719,223
Even Sample,Luke - Various Opportunistic Recordings/2025-07-03/1_37/250703_1635,66449.262,66449.716,ins_buzz_medium,0.453999999997905,224
Even Sample,Luke - Various Opportunistic Recordings/2025-07-03/1_37/250703_1635,66450.707,66452.076,ins_buzz_medium,1.36900000000605,225
Even Sample,Luke - Various Opportunistic Recordings/2025-07-03/1_37/250703_1635,66454.36,66454.897,ins_buzz_medium,0.536999999996624,226
Even Sample,Luke - Various Opportunistic Recordings/2025-07-03/1_37/250703_1635,66459.576,66460.269,ins_buzz_medium,0.692999999999302,227
Even Sample,Luke - Various Opportunistic Recordings/2025-07-03/1_37/250703_1635,66466.99,66468.241,ins_buzz_medium,1.25099999998929,228
Even Sample,Luke - Various Opportunistic Recordings/2025-07-03/1_37/250703_1635,66472.785,66473.664,ins_buzz_medium,0.879000000000815,229
Even Sample,Luke - Various Opportunistic Recordings/2025-07-03/1_37/250703_1635,66475.448,66496.249,ambient_background,20.8009999999922,230
Even Sample,Luke - Various Opportunistic Recordings/2025-07-03/1_37/250703_1635,66496.249,66498.663,ins_buzz_medium,2.41400000000431,231
Even Sample,Luke - Various Opportunistic Recordings/2025-07-03/1_37/250703_1635,66497.412,66563.733,mech_plane,66.3209999999963,232
Even Sample,Luke - Various Opportunistic Recordings/2025-07-03/1_37/250703_1635,66563.733,66585.205,ambient_background,21.4720000000088,233
Even Sample,Luke - Various Opportunistic Recordings/2025-07-03/1_37/250703_1635,66585.205,66585.287,ambient_noise,0.0819999999948777,234
Even Sample,Luke - Various Opportunistic Recordings/2025-07-03/1_37/250703_1635,66585.287,66586.405,ambient_background,1.11800000000221,235
Even Sample,Luke - Various Opportunistic Recordings/2025-07-03/1_37/250703_1635,66586.405,66586.515,ambient_noise,0.110000000000582,236
Even Sample,Luke - Various Opportunistic Recordings/2025-07-03/1_37/250703_1635,66586.515,66587.558,ambient_background,1.04300000000512,237
Even Sample,Luke - Various Opportunistic Recordings/2025-07-03/1_37/250703_1635,66587.558,66587.661,ambient_noise,0.102999999988242,238
Even Sample,Luke - Various Opportunistic Recordings/2025-07-03/1_37/250703_1635,66587.661,66588.672,ambient_background,1.01100000001315,239
Even Sample,Luke - Various Opportunistic Recordings/2025-07-03/1_37/250703_1635,66588.672,66588.796,ambient_noise,0.123999999996158,240
Even Sample,Luke - Various Opportunistic Recordings/2025-07-03/1_37/250703_1635,66588.796,66590.127,ambient_background,1.33099999999104,241
Even Sample,Luke - Various Opportunistic Recordings/2025-07-03/1_37/250703_1635,66590.127,66590.241,ambient_noise,0.114000000001397,242
Even Sample,Luke - Various Opportunistic Recordings/2025-07-03/1_37/250703_1635,66590.241,66591.149,ambient_background,0.908000000010361,243
Even Sample,Luke - Various Opportunistic Recordings/2025-07-03/1_37/250703_1635,66591.149,66591.262,ambient_noise,0.112999999997555,244
Even Sample,Luke - Various Opportunistic Recordings/2025-07-03/1_37/250703_1635,66591.262,66592.68,ambient_background,1.41799999999057,245
Even Sample,Luke - Various Opportunistic Recordings/2025-07-03/1_37/250703_1635,66592.68,66592.783,ambient_noise,0.103000000002794,246
Even Sample,Luke - Various Opportunistic Recordings/2025-07-03/1_37/250703_1635,66592.783,66593.381,ambient_background,0.597999999998137,247
Even Sample,Luke - Various Opportunistic Recordings/2025-07-03/1_37/250703_1635,66593.381,66593.481,ambient_noise,0.100000000005821,248
Even Sample,Luke - Various Opportunistic Recordings/2025-07-03/1_37/250703_1635,66593.481,66594.72,ambient_background,1.2390000000014,249
Even Sample,Luke - Various Opportunistic Recordings/2025-07-03/1_37/250703_1635,66594.72,66594.833,ambient_noise,0.112999999997555,250
Even Sample,Luke - Various Opportunistic Recordings/2025-07-03/1_37/250703_1635,66594.833,66600.0,ambient_background,5.16700000000128,251
Even Sample,Luke - Various Opportunistic Recordings/2025-07-03/1_37/250703_1635,69900.0,69900.103946,ambient_background,0.103946000002907,252
Even Sample,Luke - Various Opportunistic Recordings/2025-07-03/1_37/250703_1635,69900.103946,69903.10639,ins_buzz_low,3.00244399999792,253
Even Sample,Luke - Various Opportunistic Recordings/2025-07-03/1_37/250703_1635,69903.10639,69909.04381,ambient_background,5.93742000000202,254
Even Sample,Luke - Various Opportunistic Recordings/2025-07-03/1_37/250703_1635,69909.04381,69910.0308,ins_buzz_low,0.986989999990328,255
Even Sample,Luke - Various Opportunistic Recordings/2025-07-03/1_37/250703_1635,69910.0308,69914.6756,ambient_background,4.64480000000913,256
Even Sample,Luke - Various Opportunistic Recordings/2025-07-03/1_37/250703_1635,69914.6756,69915.3742,ins_buzz_low,0.698600000003353,257
Even Sample,Luke - Various Opportunistic Recordings/2025-07-03/1_37/250703_1635,69915.3742,69932.0247,ambient_background,16.6504999999888,258
Even Sample,Luke - Various Opportunistic Recordings/2025-07-03/1_37/250703_1635,69932.0247,69932.3057,ins_buzz_medium,0.281000000002678,259
Even Sample,Luke - Various Opportunistic Recordings/2025-07-03/1_37/250703_1635,69932.3057,69933.9452,ambient_background,1.63950000000477,260
Even Sample,Luke - Various Opportunistic Recordings/2025-07-03/1_37/250703_1635,69933.9452,69934.4964,ins_buzz_medium,0.5512000000017,261
Even Sample,Luke - Various Opportunistic Recordings/2025-07-03/1_37/250703_1635,69934.4964,69950.1052,ambient_background,15.6088000000018,262
Even Sample,Luke - Various Opportunistic Recordings/2025-07-03/1_37/250703_1635,69950.1052,69950.7682,ins_buzz_medium,0.663000000000466,263
Even Sample,Luke - Various Opportunistic Recordings/2025-07-03/1_37/250703_1635,69950.7682,70149.848,ambient_background,199.079799999992,264
Even Sample,Luke - Various Opportunistic Recordings/2025-07-03/1_37/250703_1635,70149.848,70199.647,mech_plane,49.7989999999991,265
Even Sample,Luke - Various Opportunistic Recordings/2025-07-03/1_37/250703_1635,70199.647,70200.0,ambient_background,0.353000000002794,266
Even Sample,Luke - Various Opportunistic Recordings/2025-07-03/1_37/250703_1635,73500.0,73523.2127,ambient_background,23.2127000000037,267
Even Sample,Luke - Various Opportunistic Recordings/2025-07-03/1_37/250703_1635,73523.2127,73523.5568,ins_buzz_medium,0.344100000002072,268
Even Sample,Luke - Various Opportunistic Recordings/2025-07-03/1_37/250703_1635,73523.5568,73579.382,ambient_background,55.825199999992,269
Even Sample,Luke - Various Opportunistic Recordings/2025-07-03/1_37/250703_1635,73579.382,73580.7857,ins_buzz_medium,1.4036999999953,270
Even Sample,Luke - Various Opportunistic Recordings/2025-07-03/1_37/250703_1635,73580.7857,73641.161,ambient_background,60.3752999999997,271
Even Sample,Luke - Various Opportunistic Recordings/2025-07-03/1_37/250703_1635,73641.161,73641.914,ins_buzz_medium,0.753000000011525,272
Even Sample,Luke - Various Opportunistic Recordings/2025-07-03/1_37/250703_1635,73641.914,73744.94,ambient_background,103.025999999998,273
Even Sample,Luke - Various Opportunistic Recordings/2025-07-03/1_37/250703_1635,73744.94,73747.202,ins_buzz_high,2.26200000000244,274
Even Sample,Luke - Various Opportunistic Recordings/2025-07-03/1_37/250703_1635,73747.202,73800.0,ambient_background,52.7979999999952,275
Even Sample,Luke - Various Opportunistic Recordings/2025-07-03/1_37/250703_1635,77100.0,77231.141,ambient_background,131.141000000003,276
Even Sample,Luke - Various Opportunistic Recordings/2025-07-03/1_37/250703_1635,77231.141,77232.037,ins_buzz_medium,0.895999999993364,277
Even Sample,Luke - Various Opportunistic Recordings/2025-07-03/1_37/250703_1635,77232.037,77400.0,ambient_background,167.963000000003,278
Even Sample,Luke - Various Opportunistic Recordings/2025-07-03/1_37/250703_1635,80700.0,80803.677,ambient_background,103.676999999996,279
Even Sample,Luke - Various Opportunistic Recordings/2025-07-03/1_37/250703_1635,80803.677,80875.699,mech_plane,72.0219999999972,280
Even Sample,Luke - Various Opportunistic Recordings/2025-07-03/1_37/250703_1635,80875.699,80881.269,ambient_background,5.57000000000698,281
Even Sample,Luke - Various Opportunistic Recordings/2025-07-03/1_37/250703_1635,80881.269,80881.733,ins_buzz_medium,0.463999999992666,282
Even Sample,Luke - Various Opportunistic Recordings/2025-07-03/1_37/250703_1635,80881.733,81000.0,ambient_background,118.267000000007,283
Even Sample,Luke - Various Opportunistic Recordings/2025-07-03/1_37/250703_1635,84300.0,84506.847,ambient_background,206.846999999994,284
Even Sample,Luke - Various Opportunistic Recordings/2025-07-03/1_37/250703_1635,84506.847,84507.102,ins_buzz_medium,0.255000000004657,285
Even Sample,Luke - Various Opportunistic Recordings/2025-07-03/1_37/250703_1635,84507.102,84600.0,ambient_background,92.898000000001,286
Even Sample,Luke - Various Opportunistic Recordings/2025-07-03/1_37/250703_1635,87900.0,87955.4875,ambient_background,55.4875000000029,287
Even Sample,Luke - Various Opportunistic Recordings/2025-07-03/1_37/250703_1635,87955.4875,87961.3483,mech_auto,5.86079999999492,288
Even Sample,Luke - Various Opportunistic Recordings/2025-07-03/1_37/250703_1635,87957.7333,88015.541,mech_plane,57.8076999999903,289
Even Sample,Luke - Various Opportunistic Recordings/2025-07-03/1_37/250703_1635,88015.541,88098.824,ambient_background,83.2829999999958,290
Even Sample,Luke - Various Opportunistic Recordings/2025-07-03/1_37/250703_1635,88098.824,88166.588,mech_plane,67.7640000000101,291
Even Sample,Luke - Various Opportunistic Recordings/2025-07-03/1_37/250703_1635,88166.588,88200.0,ambient_background,33.4119999999966,292
Even Sample,Luke - Various Opportunistic Recordings/2025-07-03/1_37/250703_1635,91500.0,91678.188,ambient_background,178.187999999995,293
Even Sample,Luke - Various Opportunistic Recordings/2025-07-03/1_37/250703_1635,91678.188,91679.666,ins_buzz_medium,1.47800000000279,294
Even Sample,Luke - Various Opportunistic Recordings/2025-07-03/1_37/250703_1635,91679.666,91689.394,ambient_background,9.72800000000279,295
Even Sample,Luke - Various Opportunistic Recordings/2025-07-03/1_37/250703_1635,91689.394,91736.857,mech_plane,47.4630000000034,296
Even Sample,Luke - Various Opportunistic Recordings/2025-07-03/1_37/250703_1635,91703.0,91703.336,ins_buzz_medium,0.335999999995693,297
Even Sample,Luke - Various Opportunistic Recordings/2025-07-03/1_37/250703_1635,91736.857,91800.0,ambient_background,63.1429999999964,298
Even Sample,Luke - Various Opportunistic Recordings/2025-07-03/1_37/250703_1635,95100.0,95119.2952,ambient_background,19.2951999999932,299
Even Sample,Luke - Various Opportunistic Recordings/2025-07-03/1_37/250703_1635,95119.2952,95120.584,ambient_noise,1.28880000000936,301
Even Sample,Luke - Various Opportunistic Recordings/2025-07-03/1_37/250703_1635,95120.584,95160.7317,ambient_background,40.1477000000014,302
Even Sample,Luke - Various Opportunistic Recordings/2025-07-03/1_37/250703_1635,95160.7317,95162.2311,ambient_noise,1.49940000000061,303
Even Sample,Luke - Various Opportunistic Recordings/2025-07-03/1_37/250703_1635,95162.2311,95281.568,ambient_background,119.336899999995,304
Even Sample,Luke - Various Opportunistic Recordings/2025-07-03/1_37/250703_1635,95281.568,95346.477,mech_plane,64.9089999999997,305
Even Sample,Luke - Various Opportunistic Recordings/2025-07-03/1_37/250703_1635,95346.477,95400.0,ambient_background,53.523000000001,306
Even Sample,Luke - Various Opportunistic Recordings/2025-07-03/1_37/250703_1635,98700.0,98703.33852,ambient_background,3.33852000000479,307
Even Sample,Luke - Various Opportunistic Recordings/2025-07-03/1_37/250703_1635,98703.33852,98705.47298,mech_auto,2.13446000000113,308
Even Sample,Luke - Various Opportunistic Recordings/2025-07-03/1_37/250703_1635,98705.47298,98709.7419,ambient_background,4.2689199999877,309
Even Sample,Luke - Various Opportunistic Recordings/2025-07-03/1_37/250703_1635,98709.7419,98712.8615,mech_auto,3.11960000000545,310
Even Sample,Luke - Various Opportunistic Recordings/2025-07-03/1_37/250703_1635,98712.8615,98721.5635,mech_auto,8.70200000000477,311
Even Sample,Luke - Various Opportunistic Recordings/2025-07-03/1_37/250703_1635,98721.5635,98740.9379,ambient_background,19.3744000000006,312
Even Sample,Luke - Various Opportunistic Recordings/2025-07-03/1_37/250703_1635,98740.9379,98742.4156,mech_auto,1.47769999998854,313
Even Sample,Luke - Various Opportunistic Recordings/2025-07-03/1_37/250703_1635,98742.4156,98746.9581,ambient_background,4.54250000001048,314
Even Sample,Luke - Various Opportunistic Recordings/2025-07-03/1_37/250703_1635,98746.9581,98748.6548,mech_auto,1.69670000000042,315
Even Sample,Luke - Various Opportunistic Recordings/2025-07-03/1_37/250703_1635,98748.6548,98797.0846,ambient_background,48.4297999999981,316
Even Sample,Luke - Various Opportunistic Recordings/2025-07-03/1_37/250703_1635,98797.0846,98797.2432,ambient_noise,0.158599999995204,317
Even Sample,Luke - Various Opportunistic Recordings/2025-07-03/1_37/250703_1635,98797.2432,98798.1287,ambient_background,0.885500000003958,318
Even Sample,Luke - Various Opportunistic Recordings/2025-07-03/1_37/250703_1635,98798.1287,98798.3071,ambient_noise,0.178400000004331,319
Even Sample,Luke - Various Opportunistic Recordings/2025-07-03/1_37/250703_1635,98798.3071,98798.4723,ambient_background,0.165199999988545,320
Even Sample,Luke - Various Opportunistic Recordings/2025-07-03/1_37/250703_1635,98798.4723,98798.6441,ambient_noise,0.17180000001099,321
Even Sample,Luke - Various Opportunistic Recordings/2025-07-03/1_37/250703_1635,98798.6441,98973.995,ambient_background,175.35089999999,322
Even Sample,Luke - Various Opportunistic Recordings/2025-07-03/1_37/250703_1635,98973.995,98974.332,ambient_noise,0.336999999999534,323
Even Sample,Luke - Various Opportunistic Recordings/2025-07-03/1_37/250703_1635,98974.332,99000.0,ambient_background,25.6680000000051,324
