"source","ident","start","end","label","duration","item"
"2025-06-04 original annotations","Karlan Forrester - Soybean Attractiveness/L6-8/4/210728_1100",108.32,109.34,"ins_buzz_bee",1.02000000000001,6292
"2025-06-04 original annotations","Karlan Forrester - Soybean Attractiveness/L6-8/4/210728_1100",112.78,116.9,"ins_buzz_bee",4.12,6293
"2025-06-04 original annotations","Chia - Bee Audio 2022 Original/7-13-22_SouthCharleston/1/220713_0941_01",364.67,367.63,"human",2.95999999999998,1
"2025-06-04 original annotations","Chia - Bee Audio 2022 Original/7-13-22_SouthCharleston/1/220715_1123",428.68,429.68,"ins_buzz_bee",1,444
"2025-06-04 original annotations","Chia - Bee Audio 2022 Original/7-13-22_SouthCharleston/5/220715_1130",527.91,529.19,"ins_buzz_high",1.28000000000009,1464
"2025-06-04 original annotations","Karlan Forrester - Soybean Attractiveness/C9-16/4/210721_0910",609.08,610.08,"ins_buzz_bee",1,3597
"2025-06-04 original annotations","Karlan Forrester - Soybean Attractiveness/C9-16/4/210721_0910",648.19,649.19,"ins_buzz_bee",1,3598
"2025-06-04 original annotations","Chia - Bee Audio 2022 Original/7-13-22_SouthCharleston/5/220715_1130",860.14,861.14,"ins_buzz_bee",1,1465
"2025-06-04 original annotations","Karlan Forrester - Soybean Attractiveness/L6-8/4/210721_0855",1073.31,1074.37,"ins_buzz_bee",1.05999999999995,5923
"2025-06-04 original annotations","Karlan Forrester - Soybean Attractiveness/EBN/4/210728_1132",1111.88,1112.88,"ins_buzz_bee",1,5653
"2025-06-04 original annotations","Chia - Bee Audio 2022 Original/7-13-22_SouthCharleston/4/220713_0946",1137.4,1138.4,"ins_buzz_low",1,1059
"2025-06-04 original annotations","Chia - Bee Audio 2022 Original/7-13-22_SouthCharleston/4/220713_0946",1138.83,1139.83,"ins_buzz_low",1,1060
"2025-06-04 original annotations","Chia - Bee Audio 2022 Original/7-13-22_SouthCharleston/2/220713_0943",1271.92,1272.92,"ins_buzz_bee",1,683
"2025-06-04 original annotations","Chia - Bee Audio 2022 Original/7-13-22_SouthCharleston/5/220713_0947",1375.76,1376.76,"ins_buzz_bee",1,1379
"2025-06-04 original annotations","Chia - Bee Audio 2022 Original/7-13-22_SouthCharleston/4/220715_1128",1425.96,1426.96,"ins_buzz_low",1,1277
"2025-06-04 original annotations","Chia - Bee Audio 2022 Original/7-13-22_SouthCharleston/2/220713_0943",1614.75,1615.75,"ins_buzz_low",1,684
"2025-06-04 original annotations","Chia - Bee Audio 2022 Original/7-13-22_SouthCharleston/4/220715_1128",1625.83,1626.83,"ins_buzz_low",1,1279
"2025-06-04 original annotations","Karlan Forrester - Soybean Attractiveness/C9-16/4/210721_0910",1752.78,1753.78,"ins_buzz_bee",1,3599
"2025-06-04 original annotations","Chia - Bee Audio 2022 Original/7-13-22_SouthCharleston/3/220715_1127",1788.32,1789.32,"ins_buzz_low",1,958
"2025-06-04 original annotations","Chia - Bee Audio 2022 Original/7-13-22_SouthCharleston/4/220715_1128",1849.84,1851.61,"ins_buzz_high",1.76999999999998,1280
"2025-06-04 original annotations","Chia - Bee Audio 2022 Original/7-13-22_SouthCharleston/4/220715_1128",1867,1867.42,"ins_buzz_high",0.420000000000073,1282
"2025-06-04 original annotations","Karlan Forrester - Soybean Attractiveness/L6-8/4/210728_1100",1868.86,1869.86,"ins_buzz_bee",1,6294
"2025-06-04 original annotations","Chia - Bee Audio 2022 Original/7-13-22_SouthCharleston/3/220715_1127",1894.24,1895.24,"ins_buzz_low",1,959
"2025-06-04 original annotations","Chia - Bee Audio 2022 Original/7-13-22_SouthCharleston/4/220715_1128",1955.95,1956.81,"ins_buzz_bee",0.8599999999999,1285
"2025-06-04 original annotations","Chia - Bee Audio 2022 Original/7-13-22_SouthCharleston/4/220715_1128",1968.58,1969.32,"ins_buzz_bee",0.740000000000009,1287
"2025-06-04 original annotations","Chia - Bee Audio 2022 Original/7-13-22_SouthCharleston/4/220715_1128",1977.57,1979.15,"ins_buzz_low",1.58000000000015,1288
"2025-06-04 original annotations","Chia - Bee Audio 2022 Original/7-13-22_SouthCharleston/4/220715_1128",1985.08,1986.57,"ins_buzz_low",1.49000000000001,1289
"2025-06-04 original annotations","Chia - Bee Audio 2022 Original/7-13-22_SouthCharleston/4/220715_1128",1987.86,1988.79,"ins_buzz_low",0.930000000000064,1290
"2025-06-04 original annotations","Chia - Bee Audio 2022 Original/7-13-22_SouthCharleston/4/220715_1128",1991.62,1993.42,"ins_buzz_low",1.80000000000018,1291
"2025-06-04 original annotations","Chia - Bee Audio 2022 Original/7-13-22_SouthCharleston/4/220715_1128",1999.72,2000.44,"ins_buzz_bee",0.720000000000027,1292
"2025-06-04 original annotations","Karlan Forrester - Soybean Attractiveness/C9-16/4/210721_0910",2014.8,2015.8,"ins_buzz_high",1,3601
"2025-06-04 original annotations","Chia - Bee Audio 2022 Original/7-13-22_SouthCharleston/4/220715_1128",2025.43,2026.09,"ins_buzz_bee",0.659999999999854,1293
"2025-06-04 original annotations","Chia - Bee Audio 2022 Original/7-13-22_SouthCharleston/4/220715_1128",2030.7,2032.74,"ins_buzz_low",2.03999999999996,1294
"2025-06-04 original annotations","Chia - Bee Audio 2022 Original/7-13-22_SouthCharleston/4/220715_1128",2044.91,2045.57,"ins_buzz_low",0.659999999999854,1295
"2025-06-04 original annotations","Karlan Forrester - Soybean Attractiveness/A11/4/210723_1131",2046.28,2048.75,"ins_buzz_bee",2.47000000000003,3256
"2025-06-04 original annotations","Chia - Bee Audio 2022 Original/7-13-22_SouthCharleston/4/220715_1128",2051.28,2052.84,"ins_buzz_bee",1.55999999999995,1296
"2025-06-04 original annotations","Chia - Bee Audio 2022 Original/7-13-22_SouthCharleston/4/220715_1128",2062.75,2063.78,"ins_buzz_bee",1.0300000000002,1297
"2025-06-04 original annotations","Chia - Bee Audio 2022 Original/7-13-22_SouthCharleston/4/220715_1128",2088.32,2088.94,"ins_buzz_bee",0.619999999999891,1298
"2025-06-04 original annotations","Chia - Bee Audio 2022 Original/7-13-22_SouthCharleston/4/220715_1128",2116.91,2118.43,"ins_buzz_high",1.51999999999998,1299
"2025-06-04 original annotations","Karlan Forrester - Soybean Attractiveness/A11/4/210723_1131",2152.69,2153.31,"ins_buzz_bee",0.619999999999891,3257
"2025-06-04 original annotations","Karlan Forrester - Soybean Attractiveness/A11/4/210723_1131",2159.03,2160.19,"ins_buzz_bee",1.15999999999985,3258
"2025-06-04 original annotations","Karlan Forrester - Soybean Attractiveness/A11/4/210723_1131",2225.52,2226.22,"ins_buzz_bee",0.699999999999818,3259
"2025-06-04 original annotations","Karlan Forrester - Soybean Attractiveness/A11/4/210723_1131",2268.73,2269.98,"ins_buzz_bee",1.25,3260
"2025-06-04 original annotations","Chia - Bee Audio 2022 Original/7-13-22_SouthCharleston/5/220713_0947",2491.64,2492.64,"ins_buzz_bee",1,1380
"2025-06-04 original annotations","Karlan Forrester - Soybean Attractiveness/EBN/4/210728_1132",2543.47,2544.25,"ins_buzz_low",0.7800000000002,5656
"2025-06-04 original annotations","Chia - Bee Audio 2022 Original/7-13-22_SouthCharleston/3/220713_0944",2616.28,2617.28,"ins_buzz_bee",1,845
"2025-06-04 original annotations","Karlan Forrester - Soybean Attractiveness/EBN/4/210728_1132",2631.53,2632.72,"ins_buzz_low",1.1899999999996,5659
"2025-06-04 original annotations","Karlan Forrester - Soybean Attractiveness/EBN/4/210728_1132",2660.7,2661.08,"ins_buzz_low",0.380000000000109,5660
"2025-06-04 original annotations","Karlan Forrester - Soybean Attractiveness/EBN/4/210728_1132",2662.27,2664.27,"ins_buzz_low",2,5661
"2025-06-04 original annotations","Karlan Forrester - Soybean Attractiveness/EBN/4/210728_1132",2675.51,2678.29,"ins_buzz_low",2.77999999999975,5662
"2025-06-04 original annotations","Karlan Forrester - Soybean Attractiveness/EBN/4/210728_1132",2685.62,2690.3,"ins_buzz_low",4.68000000000029,5663
"2025-06-04 original annotations","Karlan Forrester - Soybean Attractiveness/EBN/4/210728_1132",2697.18,2698.22,"ins_buzz_low",1.03999999999996,5664
"2025-06-04 original annotations","Karlan Forrester - Soybean Attractiveness/EBN/4/210728_1132",2700.6,2706.89,"ins_buzz_low",6.28999999999996,5665
"2025-06-04 original annotations","Karlan Forrester - Soybean Attractiveness/EBN/4/210728_1132",2729.71,2730.69,"ins_buzz_low",0.980000000000018,5666
"2025-06-04 original annotations","Karlan Forrester - Soybean Attractiveness/EBN/4/210728_1132",2743.28,2746.96,"ins_buzz_bee",3.67999999999984,5667
"2025-06-04 original annotations","Karlan Forrester - Soybean Attractiveness/EBN/4/210728_1132",2752.42,2753.99,"ins_buzz_bee",1.56999999999971,5668
"2025-06-04 original annotations","Karlan Forrester - Soybean Attractiveness/EBN/4/210728_1132",2763.15,2764.02,"ins_buzz_low",0.869999999999891,5669
"2025-06-04 original annotations","Karlan Forrester - Soybean Attractiveness/EBN/4/210728_1132",2763.21,2765.91,"ins_buzz_bee",2.69999999999982,5670
"2025-06-04 original annotations","Karlan Forrester - Soybean Attractiveness/EBN/4/210728_1132",2769.14,2770.86,"ins_buzz_bee",1.72000000000025,5671
"2025-06-04 original annotations","Karlan Forrester - Soybean Attractiveness/C9-16/4/210728_1115",2938.67,2939.67,"ins_buzz_low",1,5074
"2025-06-04 original annotations","Chia - Bee Audio 2022 Original/7-13-22_SouthCharleston/5/220713_0947",3099.63,3100.63,"ins_buzz_bee",1,1381
"2025-06-04 original annotations","Chia - Bee Audio 2022 Original/7-13-22_SouthCharleston/6/220713_0948",3108.92,3109.92,"ins_buzz_bee",1,1519
"2025-06-04 original annotations","Chia - Bee Audio 2022 Original/7-13-22_SouthCharleston/4/220713_0946",3203.2,3207.07,"ins_buzz_high",3.87000000000035,1062
"2025-06-04 original annotations","Chia - Bee Audio 2022 Original/7-13-22_SouthCharleston/4/220713_0946",3205.99,3207.07,"ins_buzz_high",1.08000000000038,1063
"2025-06-04 original annotations","Chia - Bee Audio 2022 Original/7-13-22_SouthCharleston/1/220713_0941_01",3242.41,3243.41,"human",1,2
"2025-06-04 original annotations","Chia - Bee Audio 2022 Original/7-13-22_SouthCharleston/1/220713_0941_01",3244.27,3245.27,"human",1,3
"2025-06-04 original annotations","Chia - Bee Audio 2022 Original/7-13-22_SouthCharleston/1/220713_0941_01",3247.17,3248.8,"human",1.63000000000011,4
"2025-06-04 original annotations","Chia - Bee Audio 2022 Original/7-13-22_SouthCharleston/1/220713_0941_01",3291.15,3292.15,"human",1,5
"2025-06-04 original annotations","Karlan Forrester - Soybean Attractiveness/EBN/4/210721_0930",3319.21,3320.21,"ins_buzz_bee",1,5363
"2025-06-04 original annotations","Karlan Forrester - Soybean Attractiveness/EBN/4/210721_0930",3331.47,3332.47,"ins_buzz_high",1,5364
"2025-06-04 original annotations","Karlan Forrester - Soybean Attractiveness/EBN/4/210721_0930",3336.11,3337.11,"ins_buzz_high",1,5365
"2025-06-04 original annotations","Karlan Forrester - Soybean Attractiveness/C9-16/4/210728_1115",3374.27,3375.27,"ins_buzz_low",1,5075
"2025-06-04 original annotations","Karlan Forrester - Soybean Attractiveness/L6-8/4/210728_1100",3426.62,3427.81,"ins_buzz_low",1.19000000000005,6295
"2025-06-04 original annotations","Karlan Forrester - Soybean Attractiveness/L6-8/4/210728_1100",3430.7,3431.7,"ins_buzz_low",1,6296
"2025-06-04 original annotations","Karlan Forrester - Soybean Attractiveness/L6-8/4/210728_1100",3518.56,3519.62,"ins_buzz_low",1.05999999999995,6297
"2025-06-04 original annotations","Chia - Bee Audio 2022 Original/7-13-22_SouthCharleston/1/220713_0941_01",3559.15,3560.15,"human",1,6
"2025-06-04 original annotations","Karlan Forrester - Soybean Attractiveness/L6-8/4/210728_1100",3595.33,3596.48,"ins_buzz_low",1.15000000000009,6298
"2025-06-04 original annotations","Chia - Bee Audio 2022 Original/7-13-22_SouthCharleston/1/220713_0941_01",3646.39,3649.39,"mech_plane_prop",3,7
"2025-06-04 original annotations","Karlan Forrester - Soybean Attractiveness/C9-16/4/210728_1115",3659.12,3660.12,"ins_buzz_low",1,5077
"2025-06-04 original annotations","Chia - Bee Audio 2022 Original/7-13-22_SouthCharleston/7/220715_1134",3824.86,3825.86,"ins_buzz_low",1,1922
"2025-06-04 original annotations","Karlan Forrester - Soybean Attractiveness/L6-8/4/210728_1100",3837.58,3838.58,"ins_buzz_low",1,6299
"2025-06-04 original annotations","Chia - Bee Audio 2022 Original/7-13-22_SouthCharleston/3/220715_1127",3890.56,3891.56,"ins_buzz_low",1,960
"2025-06-04 original annotations","Karlan Forrester - Soybean Attractiveness/L6-8/4/210728_1100",3976.22,3977.22,"ins_buzz_low",1,6300
"2025-06-04 original annotations","Chia - OSPT/2022/2022-07-26/17/220725_1311",4021.19,4021.8,"ins_buzz_high",0.610000000000127,2155
"2025-06-04 original annotations","Chia - Bee Audio 2022 Original/7-13-22_SouthCharleston/4/220715_1128",4060.23,4061.23,"ins_buzz_low",1,1301
"2025-06-04 original annotations","Chia - Bee Audio 2022 Original/7-13-22_SouthCharleston/3/220713_0944",4095.21,4096.21,"ins_buzz_low",1,847
"2025-06-04 original annotations","Karlan Forrester - Soybean Attractiveness/L6-8/4/210723_1038",4095.72,4096.72,"ins_buzz_low",1.00000000000045,6036
"2025-06-04 original annotations","Chia - OSPT/2022/2022-07-26/17/220725_1311",4113.02,4114.21,"ins_buzz_high",1.1899999999996,2158
"2025-06-04 original annotations","Chia - OSPT/2022/2022-07-26/17/220725_1311",4159.25,4160.13,"ins_buzz_bee",0.880000000000109,2161
"2025-06-04 original annotations","Karlan Forrester - Soybean Attractiveness/EBN/4/210721_0930",4179.61,4181.1,"ins_buzz_low",1.49000000000069,5413
"2025-06-04 original annotations","Chia - Bee Audio 2022 Original/7-13-22_SouthCharleston/1/220713_0941_01",4181.61,4182.61,"human",1,8
"2025-06-04 original annotations","Chia - OSPT/2022/2022-07-26/17/220725_1311",4191.65,4192.77,"ins_buzz_bee",1.1200000000008,2162
"2025-06-04 original annotations","Chia - OSPT/2022/2022-07-26/17/220725_1311",4194.12,4195.44,"ins_buzz_bee",1.31999999999971,2163
"2025-06-04 original annotations","Chia - OSPT/2022/2022-07-26/17/220725_1311",4201.38,4204.85,"ins_buzz_bee",3.47000000000025,2164
"2025-06-04 original annotations","Chia - OSPT/2022/2022-07-26/17/220725_1311",4209.4,4217.93,"ins_buzz_bee",8.53000000000065,2165
"2025-06-04 original annotations","Chia - OSPT/2022/2022-07-26/17/220725_1311",4219.41,4224.05,"ins_buzz_bee",4.64000000000033,2167
"2025-06-04 original annotations","Chia_Lin - Soybean on-farm spray audios/2023-07-25 Combs Sabine-Bigelow/14/230725_1202",4228.03,4228.98,"ins_buzz_bee",0.949999999999818,2410
"2025-06-04 original annotations","Chia - OSPT/2022/2022-07-26/17/220725_1311",4228.13,4230.6,"ins_buzz_bee",2.47000000000025,2168
"2025-06-04 original annotations","Chia_Lin - Soybean on-farm spray audios/2023-07-25 Combs Sabine-Bigelow/14/230725_1202",4233.03,4235.18,"ins_buzz_bee",2.15000000000055,2411
"2025-06-04 original annotations","Chia_Lin - Soybean on-farm spray audios/2023-07-25 Combs Sabine-Bigelow/14/230725_1202",4236.14,4237.87,"ins_buzz_bee",1.72999999999956,2412
"2025-06-04 original annotations","Chia - OSPT/2022/2022-07-26/17/220725_1311",4238.39,4240.94,"ins_buzz_bee",2.54999999999927,2169
"2025-06-04 original annotations","Chia_Lin - Soybean on-farm spray audios/2023-07-25 Combs Sabine-Bigelow/14/230725_1202",4240.13,4244.84,"ins_buzz_bee",4.71000000000004,2413
"2025-06-04 original annotations","Chia - OSPT/2022/2022-07-26/17/220725_1311",4242.96,4244,"ins_buzz_bee",1.03999999999996,2170
"2025-06-04 original annotations","Chia_Lin - Soybean on-farm spray audios/2023-07-25 Combs Sabine-Bigelow/14/230725_1202",4247.34,4249.96,"ins_buzz_bee",2.61999999999989,2414
"2025-06-04 original annotations","Chia - OSPT/2022/2022-07-26/17/220725_1311",4247.55,4248.64,"ins_buzz_bee",1.09000000000015,2171
"2025-06-04 original annotations","Chia_Lin - Soybean on-farm spray audios/2023-07-25 Combs Sabine-Bigelow/14/230725_1202",4249.32,4249.56,"ins_buzz_low",0.240000000000691,2415
"2025-06-04 original annotations","Chia - OSPT/2022/2022-07-26/17/220725_1311",4251.29,4255.88,"ins_buzz_bee",4.59000000000015,2172
"2025-06-04 original annotations","Chia_Lin - Soybean on-farm spray audios/2023-07-25 Combs Sabine-Bigelow/14/230725_1202",4252.21,4252.47,"ins_buzz_low",0.260000000000218,2416
"2025-06-04 original annotations","Chia_Lin - Soybean on-farm spray audios/2023-07-25 Combs Sabine-Bigelow/14/230725_1202",4252.98,4258.44,"ins_buzz_bee",5.46000000000004,2417
"2025-06-04 original annotations","Chia - Bee Audio 2022 Original/7-13-22_SouthCharleston/7/220715_1134",4255.92,4256.92,"ins_buzz_low",1,1924
"2025-06-04 original annotations","Chia_Lin - Soybean on-farm spray audios/2023-07-25 Combs Sabine-Bigelow/14/230725_1202",4259.12,4260.36,"ins_buzz_bee",1.23999999999978,2418
"2025-06-04 original annotations","Chia - OSPT/2022/2022-07-26/17/220725_1311",4260.24,4261.59,"ins_buzz_bee",1.35000000000036,2173
"2025-06-04 original annotations","Chia_Lin - Soybean on-farm spray audios/2023-07-25 Combs Sabine-Bigelow/14/230725_1202",4261.62,4263.86,"ins_buzz_bee",2.23999999999978,2419
"2025-06-04 original annotations","Chia - OSPT/2022/2022-07-26/17/220725_1311",4263.75,4264.38,"ins_buzz_bee",0.630000000000109,2174
"2025-06-04 original annotations","Chia_Lin - Soybean on-farm spray audios/2023-07-25 Combs Sabine-Bigelow/14/230725_1202",4265.5,4269.47,"ins_buzz_bee",3.97000000000025,2420
"2025-06-04 original annotations","Chia - OSPT/2022/2022-07-26/17/220725_1311",4267.18,4268.54,"ins_buzz_bee",1.35999999999967,2175
"2025-06-04 original annotations","Chia - OSPT/2022/2022-07-26/17/220725_1311",4271.29,4272.66,"ins_buzz_bee",1.36999999999989,2176
"2025-06-04 original annotations","Chia_Lin - Soybean on-farm spray audios/2023-07-25 Combs Sabine-Bigelow/14/230725_1202",4271.42,4277.01,"ins_buzz_bee",5.59000000000015,2421
"2025-06-04 original annotations","Chia - OSPT/2022/2022-07-26/17/220725_1311",4276.51,4277.29,"ins_buzz_bee",0.779999999999745,2177
"2025-06-04 original annotations","Chia_Lin - Soybean on-farm spray audios/2023-07-25 Combs Sabine-Bigelow/14/230725_1202",4279.37,4284.76,"ins_buzz_bee",5.39000000000033,2422
"2025-06-04 original annotations","Chia - OSPT/2022/2022-07-26/17/220725_1311",4281.19,4282.44,"ins_buzz_bee",1.25,2178
"2025-06-04 original annotations","Chia_Lin - Soybean on-farm spray audios/2023-07-25 Combs Sabine-Bigelow/14/230725_1202",4286.38,4287.37,"ins_buzz_bee",0.989999999999782,2423
"2025-06-04 original annotations","Chia - Bee Audio 2022 Original/7-13-22_SouthCharleston/1/220713_0941_01",4289.07,4290.07,"human",1,9
"2025-06-04 original annotations","Chia_Lin - Soybean on-farm spray audios/2023-07-25 Combs Sabine-Bigelow/14/230725_1202",4289.18,4292.07,"ins_buzz_bee",2.88999999999942,2424
"2025-06-04 original annotations","Chia_Lin - Soybean on-farm spray audios/2023-07-25 Combs Sabine-Bigelow/14/230725_1202",4295.83,4296.17,"ins_buzz_bee",0.340000000000146,2425
"2025-06-04 original annotations","Chia_Lin - Soybean on-farm spray audios/2023-07-25 Combs Sabine-Bigelow/14/230725_1202",4298.94,4299.62,"ins_buzz_bee",0.680000000000291,2426
"2025-06-04 original annotations","Chia_Lin - Soybean on-farm spray audios/2023-07-25 Combs Sabine-Bigelow/14/230725_1202",4301.72,4308.68,"ins_buzz_bee",6.96000000000004,2427
"2025-06-04 original annotations","Chia_Lin - Soybean on-farm spray audios/2023-07-25 Combs Sabine-Bigelow/14/230725_1202",4309.98,4317.65,"ins_buzz_bee",7.67000000000007,2429
"2025-06-04 original annotations","Chia_Lin - Soybean on-farm spray audios/2023-07-25 Combs Sabine-Bigelow/14/230725_1202",4319.96,4328.62,"ins_buzz_bee",8.65999999999985,2430
"2025-06-04 original annotations","Chia_Lin - Soybean on-farm spray audios/2023-07-25 Combs Sabine-Bigelow/14/230725_1202",4332.08,4333.52,"ins_buzz_bee",1.44000000000051,2431
"2025-06-04 original annotations","Chia_Lin - Soybean on-farm spray audios/2023-07-25 Combs Sabine-Bigelow/14/230725_1202",4335.14,4337.25,"ins_buzz_high",2.10999999999967,2432
"2025-06-04 original annotations","Chia_Lin - Soybean on-farm spray audios/2023-07-25 Combs Sabine-Bigelow/14/230725_1202",4384.07,4384.99,"ins_buzz_low",0.920000000000073,2433
"2025-06-04 original annotations","Chia_Lin - Soybean on-farm spray audios/2023-07-25 Combs Sabine-Bigelow/14/230725_1202",4397.08,4398.76,"ins_buzz_low",1.68000000000029,2434
"2025-06-04 original annotations","Chia - Bee Audio 2022 Original/7-13-22_SouthCharleston/1/220713_0941_01",4404.96,4405.96,"human",1,10
"2025-06-04 original annotations","Chia_Lin - Soybean on-farm spray audios/2023-07-25 Combs Sabine-Bigelow/14/230725_1202",4408.92,4409.57,"ins_buzz_low",0.649999999999636,2435
"2025-06-04 original annotations","Chia_Lin - Soybean on-farm spray audios/2023-07-25 Combs Sabine-Bigelow/14/230725_1202",4468.75,4470.99,"ins_buzz_bee",2.23999999999978,2437
"2025-06-04 original annotations","Chia_Lin - Soybean on-farm spray audios/2023-07-25 Combs Sabine-Bigelow/14/230725_1202",4473.78,4476.78,"ins_buzz_bee",3,2438
"2025-06-04 original annotations","Chia - Bee Audio 2022 Original/7-13-22_SouthCharleston/1/220713_0941_01",4485.56,4486.56,"human",1,11
"2025-06-04 original annotations","Chia_Lin - Soybean on-farm spray audios/2023-07-25 Combs Sabine-Bigelow/14/230725_1202",4501.89,4502.73,"ins_buzz_high",0.839999999999236,2439
"2025-06-04 original annotations","Chia_Lin - Soybean on-farm spray audios/2023-07-25 Combs Sabine-Bigelow/14/230725_1202",4505.87,4506.63,"ins_buzz_low",0.760000000000218,2440
"2025-06-04 original annotations","Chia_Lin - Soybean on-farm spray audios/2023-07-25 Combs Sabine-Bigelow/14/230725_1202",4507.78,4508.71,"ins_buzz_low",0.930000000000291,2441
"2025-06-04 original annotations","Chia_Lin - Soybean on-farm spray audios/2023-07-25 Combs Sabine-Bigelow/14/230725_1202",4518.78,4519.25,"ins_buzz_low",0.470000000000255,2442
"2025-06-04 original annotations","Karlan Forrester - Soybean Attractiveness/L6-8/4/210728_1100",4615.71,4616.8,"ins_buzz_bee",1.09000000000015,6302
"2025-06-04 original annotations","Karlan Forrester - Soybean Attractiveness/L6-8/4/210726_0918",4685.25,4686.34,"ins_buzz_bee",1.09000000000015,6114
"2025-06-04 original annotations","Chia - Bee Audio 2022 Original/7-13-22_SouthCharleston/7/220713_0951",4780.67,4781.67,"ins_buzz_low",1,1697
"2025-06-04 original annotations","Karlan Forrester - Soybean Attractiveness/L6-8/4/210721_0855",4806.11,4807.17,"ins_buzz_bee",1.0600000000004,5924
"2025-06-04 original annotations","Karlan Forrester - Soybean Attractiveness/L6-8/4/210726_0918",4831.05,4832.05,"ins_buzz_bee",1,6116
"2025-06-04 original annotations","Karlan Forrester - Soybean Attractiveness/EBN/4/210721_0930",4911.26,4912.26,"ins_buzz_bee",1,5415
"2025-06-04 original annotations","Karlan Forrester - Soybean Attractiveness/L6-8/4/210728_1100",5023.5,5024.5,"ins_buzz_low",1,6303
"2025-06-04 original annotations","Karlan Forrester - Soybean Attractiveness/L6-8/4/210728_1100",5101.28,5102.28,"ins_buzz_low",1,6304
"2025-06-04 original annotations","Chia - Bee Audio 2022 Original/7-13-22_SouthCharleston/7/220715_1134",5133.22,5135,"ins_buzz_bee",1.77999999999975,1925
"2025-06-04 original annotations","Karlan Forrester - Soybean Attractiveness/L6-8/4/210728_1100",5151.32,5152.32,"ins_buzz_low",1,6305
"2025-06-04 original annotations","Karlan Forrester - Soybean Attractiveness/A11/4/210721_0949",5169.21,5170.21,"ins_buzz_bee",1,3177
"2025-06-04 original annotations","Chia - Bee Audio 2022 Original/7-13-22_SouthCharleston/5/220715_1130",5270.93,5271.93,"ins_buzz_low",1,1467
"2025-06-04 original annotations","Chia - Bee Audio 2022 Original/7-13-22_SouthCharleston/2/220713_0943",5418.6,5419.6,"ins_buzz_bee",1,686
"2025-06-04 original annotations","Chia - Bee Audio 2022 Original/7-13-22_SouthCharleston/1/220713_0941_01",5456.05,5459.05,"ambient_background",3,12
"2025-06-04 original annotations","Chia - Bee Audio 2022 Original/7-13-22_SouthCharleston/6/220715_1131",5571.27,5572.27,"ins_buzz_bee",1,1629
"2025-06-04 original annotations","Chia_Lin - Soybean on-farm spray audios/2023-07-30 FSR/29/230730_1704",5610.84,5611.65,"ins_buzz_bee",0.809999999999491,3008
"2025-06-04 original annotations","Chia_Lin - Soybean on-farm spray audios/2023-07-30 FSR/29/230730_1704",5615.1,5615.5,"ins_buzz_bee",0.399999999999636,3009
"2025-06-04 original annotations","Chia - Bee Audio 2022 Original/7-13-22_SouthCharleston/2/220715_1125",5617.49,5618.49,"ins_buzz_bee",1,791
"2025-06-04 original annotations","Chia_Lin - Soybean on-farm spray audios/2023-07-30 FSR/29/230730_1704",5618.15,5620.29,"ins_buzz_bee",2.14000000000033,3010
"2025-06-04 original annotations","Chia_Lin - Soybean on-farm spray audios/2023-07-30 FSR/29/230730_1704",5622.99,5624.26,"ins_buzz_bee",1.27000000000044,3011
"2025-06-04 original annotations","Chia_Lin - Soybean on-farm spray audios/2023-07-30 FSR/29/230730_1704",5630.18,5632.32,"ins_buzz_bee",2.13999999999942,3012
"2025-06-04 original annotations","Chia_Lin - Soybean on-farm spray audios/2023-07-30 FSR/29/230730_1704",5634.32,5640.04,"ins_buzz_bee",5.72000000000025,3013
"2025-06-04 original annotations","Karlan Forrester - Soybean Attractiveness/L6-8/4/210726_0918",5637.47,5638.56,"ins_buzz_bee",1.09000000000015,6117
"2025-06-04 original annotations","Chia_Lin - Soybean on-farm spray audios/2023-07-30 FSR/29/230730_1704",5641.18,5650.03,"ins_buzz_bee",8.84999999999945,3014
"2025-06-04 original annotations","Chia_Lin - Soybean on-farm spray audios/2023-07-30 FSR/29/230730_1704",5656.46,5657.26,"ins_buzz_bee",0.800000000000182,3015
"2025-06-04 original annotations","Chia_Lin - Soybean on-farm spray audios/2023-07-30 FSR/29/230730_1704",5660.96,5664.49,"ins_buzz_bee",3.52999999999975,3016
"2025-06-04 original annotations","Chia_Lin - Soybean on-farm spray audios/2023-07-30 FSR/29/230730_1704",5668.84,5670,"ins_buzz_bee",1.15999999999985,3017
"2025-06-04 original annotations","Chia - OSPT/2022/2022-08-02/13/220806_1432",5766.08,5767.33,"ins_buzz_bee",1.25,2329
"2025-06-04 original annotations","Chia - OSPT/2022/2022-08-02/13/220806_1432",5768.78,5769.71,"ins_buzz_bee",0.930000000000291,2330
"2025-06-04 original annotations","Chia - OSPT/2022/2022-08-02/13/220806_1432",5770.2,5771.76,"ins_buzz_bee",1.5600000000004,2331
"2025-06-04 original annotations","Chia - Bee Audio 2022 Original/7-13-22_SouthCharleston/1/220713_0941_01",5876.35,5877.35,"ins_buzz_bee",1,13
"2025-06-04 original annotations","Chia - Bee Audio 2022 Original/7-13-22_SouthCharleston/3/220713_0944",5894.84,5895.84,"ins_buzz_bee",1,849
"2025-06-04 original annotations","Karlan Forrester - Soybean Attractiveness/A11/4/210723_1131",5909.53,5910.32,"ins_buzz_bee",0.789999999999964,3261
"2025-06-04 original annotations","Karlan Forrester - Soybean Attractiveness/L6-8/4/210726_0918",5913.53,5914.53,"ins_buzz_bee",1,6119
"2025-06-04 original annotations","Karlan Forrester - Soybean Attractiveness/A11/4/210723_1131",6057.55,6058.38,"ins_buzz_bee",0.829999999999927,3262
"2025-06-04 original annotations","Chia - Bee Audio 2022 Original/7-13-22_SouthCharleston/3/220715_1127",6082.05,6083.05,"ins_buzz_bee",1,961
"2025-06-04 original annotations","Chia - Bee Audio 2022 Original/7-13-22_SouthCharleston/3/220715_1127",6086.34,6087.43,"ins_buzz_bee",1.09000000000015,962
"2025-06-04 original annotations","Karlan Forrester - Soybean Attractiveness/A11/4/210721_0949",6119.92,6120.92,"ins_buzz_bee",1,3179
"2025-06-04 original annotations","Karlan Forrester - Soybean Attractiveness/A11/4/210723_1131",6129.77,6130.42,"ins_buzz_bee",0.649999999999636,3265
"2025-06-04 original annotations","Chia - Bee Audio 2022 Original/7-13-22_SouthCharleston/3/220715_1127",6140.35,6141.35,"ins_buzz_bee",1,963
"2025-06-04 original annotations","Karlan Forrester - Soybean Attractiveness/L6-8/4/210726_0918",6219.36,6220.35,"ins_buzz_bee",0.990000000000691,6120
"2025-06-04 original annotations","Chia - Bee Audio 2022 Original/7-13-22_SouthCharleston/5/220715_1130",6246.47,6248.72,"ins_buzz_bee",2.25,1468
"2025-06-04 original annotations","Chia - Bee Audio 2022 Original/7-13-22_SouthCharleston/3/220715_1127",6251.84,6252.84,"ins_buzz_bee",1,964
"2025-06-04 original annotations","Chia - Bee Audio 2022 Original/7-13-22_SouthCharleston/3/220715_1127",6262.56,6263.56,"ins_buzz_bee",1,965
"2025-06-04 original annotations","Chia - Bee Audio 2022 Original/7-13-22_SouthCharleston/3/220715_1127",6266,6267,"ins_buzz_bee",1,966
"2025-06-04 original annotations","Chia - Bee Audio 2022 Original/7-13-22_SouthCharleston/3/220715_1127",6270.39,6271.39,"ins_buzz_bee",1,967
"2025-06-04 original annotations","Chia - Bee Audio 2022 Original/7-13-22_SouthCharleston/3/220715_1127",6271.78,6272.84,"ins_buzz_bee",1.0600000000004,968
"2025-06-04 original annotations","Chia - Bee Audio 2022 Original/7-13-22_SouthCharleston/3/220715_1127",6279.78,6281,"ins_buzz_bee",1.22000000000025,969
"2025-06-04 original annotations","Chia - Bee Audio 2022 Original/7-13-22_SouthCharleston/3/220715_1127",6294.74,6295.74,"ins_buzz_bee",1,970
"2025-06-04 original annotations","Karlan Forrester - Soybean Attractiveness/A11/4/210723_1131",6351.72,6369.3,"ins_buzz_bee",17.5799999999999,3266
"2025-06-04 original annotations","Karlan Forrester - Soybean Attractiveness/A11/4/210728_1150",6360.28,6367.8,"ins_buzz_bee",7.52000000000044,3386
"2025-06-04 original annotations","Karlan Forrester - Soybean Attractiveness/C9-16/4/210807_0925",6402.73,6404.42,"ins_buzz_bee",1.69000000000051,5334
"2025-06-04 original annotations","Karlan Forrester - Soybean Attractiveness/L6-8/4/210726_0918",6443.24,6444.24,"ins_buzz_bee",1,6121
"2025-06-04 original annotations","Chia - Bee Audio 2022 Original/7-13-22_SouthCharleston/4/220713_0946",6460.28,6461.28,"ins_buzz_low",1,1064
"2025-06-04 original annotations","Chia - Bee Audio 2022 Original/7-13-22_SouthCharleston/4/220715_1128",6512.25,6513.25,"ins_buzz_high",1,1303
"2025-06-04 original annotations","Karlan Forrester - Soybean Attractiveness/EBN/4/210728_1132",6577.89,6578.94,"ins_buzz_bee",1.04999999999927,5672
"2025-06-04 original annotations","Karlan Forrester - Soybean Attractiveness/A11/4/210728_1150",6628.81,6631.6,"ins_buzz_high",2.78999999999996,3388
"2025-06-04 original annotations","Chia - Bee Audio 2022 Original/7-13-22_SouthCharleston/4/220713_0946",6666.33,6667.33,"ins_buzz_low",1,1065
"2025-06-04 original annotations","Chia - Bee Audio 2022 Original/7-13-22_SouthCharleston/5/220715_1130",6682.97,6683.97,"ins_buzz_low",1,1469
"2025-06-04 original annotations","Chia - Bee Audio 2022 Original/7-13-22_SouthCharleston/8/220715_1135",6753.82,6756.3,"ins_buzz_bee",2.48000000000047,2047
"2025-06-04 original annotations","Chia - Bee Audio 2022 Original/7-13-22_SouthCharleston/1/220715_1123",6779.19,6780.19,"ins_buzz_bee",1,448
"2025-06-04 original annotations","Chia - Bee Audio 2022 Original/7-13-22_SouthCharleston/3/220715_1127",6816.61,6817.77,"ins_buzz_bee",1.16000000000076,971
"2025-06-04 original annotations","Chia - Bee Audio 2022 Original/7-13-22_SouthCharleston/3/220715_1127",6877.12,6878.12,"ins_buzz_low",1,972
"2025-06-04 original annotations","Karlan Forrester - Soybean Attractiveness/EBN/4/210726_0950",6951.44,6952.44,"ins_buzz_low",1,5569
"2025-06-04 original annotations","Karlan Forrester - Soybean Attractiveness/EBN/4/210726_0950",7004.41,7005.41,"ins_buzz_high",1,5570
"2025-06-04 original annotations","Karlan Forrester - Soybean Attractiveness/A11/4/210728_1150",7012.64,7013.64,"ins_buzz_bee",1,3390
"2025-06-04 original annotations","Chia - Bee Audio 2022 Original/7-13-22_SouthCharleston/3/220715_1127",7041.57,7046.88,"ins_buzz_bee",5.3100000000004,973
"2025-06-04 original annotations","Chia - Bee Audio 2022 Original/7-13-22_SouthCharleston/1/220713_0941_01",7177.92,7178.92,"human",1,14
"2025-06-04 original annotations","Chia - Bee Audio 2022 Original/7-13-22_SouthCharleston/3/220715_1127",7199.25,7210.04,"ins_buzz_bee",10.79,974
"2025-06-04 original annotations","Chia - OSPT/2022/2022-07-26/23/220727_1453",7275.31,7279.79,"ins_buzz_bee",4.47999999999956,2196
"2025-06-04 original annotations","Chia - OSPT/2022/2022-07-26/23/220727_1453",7284.94,7286.35,"ins_buzz_bee",1.41000000000076,2197
"2025-06-04 original annotations","Chia - OSPT/2022/2022-07-26/23/220727_1453",7287.27,7289.12,"ins_buzz_bee",1.84999999999945,2198
"2025-06-04 original annotations","Chia - OSPT/2022/2022-07-26/23/220727_1453",7335.71,7337.73,"ins_buzz_bee",2.01999999999953,2202
"2025-06-04 original annotations","Chia - OSPT/2022/2022-07-26/23/220727_1453",7346.4,7346.84,"ins_buzz_bee",0.440000000000509,2203
"2025-06-04 original annotations","Chia - OSPT/2022/2022-07-26/23/220727_1453",7395.99,7397,"ins_buzz_high",1.01000000000022,2205
"2025-06-04 original annotations","Chia - OSPT/2022/2022-07-26/23/220727_1453",7404.56,7410.09,"ins_buzz_bee",5.52999999999975,2206
"2025-06-04 original annotations","Chia - OSPT/2022/2022-07-26/23/220727_1453",7412.41,7417.43,"ins_buzz_bee",5.02000000000044,2207
"2025-06-04 original annotations","Chia - OSPT/2022/2022-07-26/23/220727_1453",7420.9,7424.86,"ins_buzz_bee",3.96000000000004,2208
"2025-06-04 original annotations","Chia - OSPT/2022/2022-07-26/23/220727_1453",7428.86,7429.88,"ins_buzz_bee",1.02000000000044,2209
"2025-06-04 original annotations","Chia - OSPT/2022/2022-07-26/23/220727_1453",7433.21,7439.4,"ins_buzz_bee",6.1899999999996,2210
"2025-06-04 original annotations","Chia - OSPT/2022/2022-07-26/23/220727_1453",7444.15,7446.72,"ins_buzz_bee",2.57000000000062,2211
"2025-06-04 original annotations","Chia - OSPT/2022/2022-07-26/23/220727_1453",7450.51,7451.79,"ins_buzz_bee",1.27999999999975,2212
"2025-06-04 original annotations","Chia - Bee Audio 2022 Original/7-13-22_SouthCharleston/8/220713_0953",7450.75,7451.75,"ins_buzz_low",1,1970
"2025-06-04 original annotations","Chia - OSPT/2022/2022-07-26/23/220727_1453",7455.11,7456.13,"ins_buzz_bee",1.02000000000044,2213
"2025-06-04 original annotations","Chia - OSPT/2022/2022-07-26/23/220727_1453",7459.76,7460.51,"ins_buzz_bee",0.75,2214
"2025-06-04 original annotations","Chia - Bee Audio 2022 Original/7-13-22_SouthCharleston/5/220713_0947",7461.26,7462.26,"ins_buzz_bee",1,1382
"2025-06-04 original annotations","Chia - OSPT/2022/2022-07-26/23/220727_1453",7461.58,7465.57,"ins_buzz_bee",3.98999999999978,2215
"2025-06-04 original annotations","Chia - OSPT/2022/2022-07-26/23/220727_1453",7469.7,7474.41,"ins_buzz_bee",4.71000000000004,2216
"2025-06-04 original annotations","Chia - OSPT/2022/2022-07-26/23/220727_1453",7478.1,7491.97,"ins_buzz_bee",13.8699999999999,2217
"2025-06-04 original annotations","Chia - OSPT/2022/2022-07-26/23/220727_1453",7494.87,7495.83,"ins_buzz_bee",0.960000000000036,2218
"2025-06-04 original annotations","Chia - OSPT/2022/2022-07-26/23/220727_1453",7496.73,7497.39,"ins_buzz_bee",0.660000000000764,2219
"2025-06-04 original annotations","Chia - OSPT/2022/2022-07-26/23/220727_1453",7500.6,7505.55,"ins_buzz_bee",4.94999999999982,2220
"2025-06-04 original annotations","Chia - Bee Audio 2022 Original/7-13-22_SouthCharleston/1/220715_1123",7505.42,7506.42,"ins_buzz_bee",1,451
"2025-06-04 original annotations","Karlan Forrester - Soybean Attractiveness/C9-16/4/210728_1115",7515.97,7516.96,"ins_buzz_low",0.989999999999782,5082
"2025-06-04 original annotations","Karlan Forrester - Soybean Attractiveness/L6-8/4/210728_1100",7532.08,7533.08,"ins_buzz_low",1,6307
"2025-06-04 original annotations","Karlan Forrester - Soybean Attractiveness/C9-16/4/210728_1115",7566.94,7567.94,"ins_buzz_low",1,5083
"2025-06-04 original annotations","Karlan Forrester - Soybean Attractiveness/A11/4/210807_1001",7641.03,7650.56,"ins_buzz_low",9.53000000000065,3572
"2025-06-04 original annotations","Karlan Forrester - Soybean Attractiveness/L6-8/4/210728_1100",7652.83,7653.82,"ins_buzz_bee",0.989999999999782,6308
"2025-06-04 original annotations","Chia - Bee Audio 2022 Original/7-13-22_SouthCharleston/8/220715_1135",7675.2,7676.2,"ins_buzz_low",1,2048
"2025-06-04 original annotations","Karlan Forrester - Soybean Attractiveness/EBN/4/210721_0930",7694.78,7695.78,"ins_buzz_low",1,5418
"2025-06-04 original annotations","Chia - Bee Audio 2022 Original/7-13-22_SouthCharleston/1/220713_0941_01",7750.92,7753.92,"mech_plane_prop",3,15
"2025-06-04 original annotations","Chia - Bee Audio 2022 Original/7-13-22_SouthCharleston/2/220715_1125",7787.26,7788.26,"ins_buzz_bee",1,793
"2025-06-04 original annotations","Chia - Bee Audio 2022 Original/7-13-22_SouthCharleston/4/220713_0946",7979.02,7980.02,"ins_buzz_low",1,1066
"2025-06-04 original annotations","Chia - Bee Audio 2022 Original/7-13-22_SouthCharleston/1/220713_0941_01",8086.4,8087.4,"ins_buzz_bee",1,16
"2025-06-04 original annotations","Chia - Bee Audio 2022 Original/7-13-22_SouthCharleston/1/220713_0941_01",8101.48,8104.77,"ins_buzz_bee",3.29000000000087,17
"2025-06-04 original annotations","Chia - Bee Audio 2022 Original/7-13-22_SouthCharleston/1/220713_0941_01",8107.79,8108.79,"ins_buzz_RECLASSIFY",1,18
"2025-06-04 original annotations","Chia - Bee Audio 2022 Original/7-13-22_SouthCharleston/8/220713_0953",8133.55,8134.55,"ins_buzz_high",1,1971
"2025-06-04 original annotations","Chia - Bee Audio 2022 Original/7-13-22_SouthCharleston/1/220713_0941_01",8146.51,8147.51,"ambient_scraping",1,19
"2025-06-04 original annotations","Chia - Bee Audio 2022 Original/7-13-22_SouthCharleston/5/220715_1130",8167.44,8168.43,"ins_buzz_bee",0.990000000000691,1471
"2025-06-04 original annotations","Karlan Forrester - Soybean Attractiveness/C9-16/4/210728_1115",8168.19,8173.27,"ins_buzz_low",5.08000000000084,5085
"2025-06-04 original annotations","Chia - Bee Audio 2022 Original/7-13-22_SouthCharleston/5/220715_1130",8176.77,8177.77,"ins_buzz_bee",1,1472
"2025-06-04 original annotations","Chia - Bee Audio 2022 Original/7-13-22_SouthCharleston/5/220715_1130",8187.81,8188.81,"ins_buzz_bee",1,1473
"2025-06-04 original annotations","Chia - Bee Audio 2022 Original/7-13-22_SouthCharleston/5/220715_1130",8193.89,8194.89,"ins_buzz_bee",1,1474
"2025-06-04 original annotations","Karlan Forrester - Soybean Attractiveness/L6-8/4/210728_1100",8198.24,8199.26,"ins_buzz_bee",1.02000000000044,6309
"2025-06-04 original annotations","Karlan Forrester - Soybean Attractiveness/EBN/4/210805_0800",8246,8247,"ins_buzz_RECLASSIFY",1,5728
"2025-06-04 original annotations","Chia - Bee Audio 2022 Original/7-13-22_SouthCharleston/8/220713_0953",8299.63,8300.63,"ins_buzz_high",1,1972
"2025-06-04 original annotations","Karlan Forrester - Soybean Attractiveness/L6-8/4/210726_0918",8428.88,8429.88,"ins_buzz_bee",1,6124
"2025-06-04 original annotations","Chia - Bee Audio 2022 Original/7-13-22_SouthCharleston/3/220713_0944",8523.63,8524.63,"ins_buzz_bee",1,851
"2025-06-04 original annotations","Chia - Bee Audio 2022 Original/7-13-22_SouthCharleston/8/220713_0953",8551.2,8552.2,"ins_buzz_low",1,1973
"2025-06-04 original annotations","Chia - Bee Audio 2022 Original/7-13-22_SouthCharleston/8/220713_0953",8552.41,8553.41,"ins_buzz_low",1,1974
"2025-06-04 original annotations","Chia - Bee Audio 2022 Original/7-13-22_SouthCharleston/6/220715_1131",8570.02,8571.02,"ins_buzz_bee",1,1630
"2025-06-04 original annotations","Karlan Forrester - Soybean Attractiveness/EBN/4/210721_0930",8656.58,8657.63,"ins_buzz_bee",1.04999999999927,5419
"2025-06-04 original annotations","Karlan Forrester - Soybean Attractiveness/EBN/4/210721_0930",8663.32,8664.32,"ins_buzz_bee",1,5420
"2025-06-04 original annotations","Karlan Forrester - Soybean Attractiveness/L6-8/4/210805_0726",8715.2,8716.19,"ins_buzz_high",0.989999999999782,6388
"2025-06-04 original annotations","Chia - Bee Audio 2022 Original/7-13-22_SouthCharleston/3/220713_0944",8769.26,8770.26,"ins_buzz_bee",1,852
"2025-06-04 original annotations","Karlan Forrester - Soybean Attractiveness/L6-8/4/210721_0855",8770.44,8771.44,"ins_buzz_bee",1,5926
"2025-06-04 original annotations","Chia - Bee Audio 2022 Original/7-13-22_SouthCharleston/3/220713_0944",8787.16,8788.16,"ins_buzz_bee",1,853
"2025-06-04 original annotations","Karlan Forrester - Soybean Attractiveness/EBN/4/210721_0930",8830.84,8831.84,"ins_buzz_low",1,5421
"2025-06-04 original annotations","Chia - Bee Audio 2022 Original/7-13-22_SouthCharleston/3/220713_0944",8860.52,8861.52,"ins_buzz_bee",1,854
"2025-06-04 original annotations","Karlan Forrester - Soybean Attractiveness/EBN/4/210723_1112",8873.65,8876.65,"ins_buzz_low",3,5507
"2025-06-04 original annotations","Chia - OSPT/2022/2022-08-02/29/220804_1244",8927.52,8929.54,"ins_buzz_bee",2.02000000000044,2382
"2025-06-04 original annotations","Chia - OSPT/2022/2022-08-02/29/220804_1244",8930.9,8934.06,"ins_buzz_bee",3.15999999999985,2383
"2025-06-04 original annotations","Chia - OSPT/2022/2022-08-02/29/220804_1244",8937.38,8939.19,"ins_buzz_bee",1.81000000000131,2384
"2025-06-04 original annotations","Chia - Bee Audio 2022 Original/7-13-22_SouthCharleston/3/220713_0944",9011.31,9012.31,"ins_buzz_bee",1,855
"2025-06-04 original annotations","Karlan Forrester - Soybean Attractiveness/C9-16/4/210728_1115",9020.99,9022.11,"ins_buzz_bee",1.1200000000008,5086
"2025-06-04 original annotations","Karlan Forrester - Soybean Attractiveness/L6-8/4/210726_0918",9038.84,9039.84,"ins_buzz_bee",1,6126
"2025-06-04 original annotations","Karlan Forrester - Soybean Attractiveness/C9-16/4/210726_0933",9068.59,9069.05,"ins_buzz_bee",0.459999999999127,4790
"2025-06-04 original annotations","Karlan Forrester - Soybean Attractiveness/C9-16/4/210726_0933",9075.03,9078.76,"ins_buzz_low",3.72999999999956,4791
"2025-06-04 original annotations","Karlan Forrester - Soybean Attractiveness/C9-16/4/210726_0933",9080.21,9083.79,"ins_buzz_low",3.58000000000175,4792
"2025-06-04 original annotations","Chia - Bee Audio 2022 Original/7-13-22_SouthCharleston/4/220713_0946",9094.6,9095.6,"ins_buzz_low",1,1067
"2025-06-04 original annotations","Karlan Forrester - Soybean Attractiveness/C9-16/4/210726_0933",9095.94,9098.02,"ins_buzz_low",2.07999999999993,4793
"2025-06-04 original annotations","Karlan Forrester - Soybean Attractiveness/C9-16/4/210726_0933",9100.32,9101.29,"ins_buzz_low",0.970000000001164,4794
"2025-06-04 original annotations","Karlan Forrester - Soybean Attractiveness/C9-16/4/210726_0933",9133.37,9133.53,"ins_buzz_high",0.159999999999854,4797
"2025-06-04 original annotations","Karlan Forrester - Soybean Attractiveness/C9-16/4/210726_0933",9143.63,9144.31,"ins_buzz_bee",0.680000000000291,4798
"2025-06-04 original annotations","Karlan Forrester - Soybean Attractiveness/L6-8/4/210728_1100",9147.36,9148.36,"ins_buzz_low",1,6311
"2025-06-04 original annotations","Karlan Forrester - Soybean Attractiveness/C9-16/4/210726_0933",9148.32,9149.23,"ins_buzz_bee",0.909999999999854,4799
"2025-06-04 original annotations","Karlan Forrester - Soybean Attractiveness/C9-16/4/210726_0933",9159.98,9161.05,"ins_buzz_low",1.06999999999971,4800
"2025-06-04 original annotations","Karlan Forrester - Soybean Attractiveness/C9-16/4/210726_0933",9163.1,9163.75,"ins_buzz_low",0.649999999999636,4801
"2025-06-04 original annotations","Karlan Forrester - Soybean Attractiveness/A11/4/210807_1001",9167.96,9168.96,"ins_buzz_low",1,3573
"2025-06-04 original annotations","Chia - Bee Audio 2022 Original/7-13-22_SouthCharleston/3/220713_0944",9169.18,9170.18,"ins_buzz_bee",1,856
"2025-06-04 original annotations","Karlan Forrester - Soybean Attractiveness/C9-16/4/210726_0933",9176.6,9177.32,"ins_buzz_high",0.719999999999345,4802
"2025-06-04 original annotations","Karlan Forrester - Soybean Attractiveness/C9-16/4/210726_0933",9180.74,9181.46,"ins_buzz_high",0.719999999999345,4803
"2025-06-04 original annotations","Chia - Bee Audio 2022 Original/7-13-22_SouthCharleston/3/220713_0944",9185.95,9187.07,"ins_buzz_bee",1.11999999999898,857
"2025-06-04 original annotations","Chia - Bee Audio 2022 Original/7-13-22_SouthCharleston/3/220715_1127",9195.63,9196.63,"ins_buzz_bee",1,975
"2025-06-04 original annotations","Karlan Forrester - Soybean Attractiveness/C9-16/4/210807_0925",9210.37,9211.42,"ins_buzz_bee",1.04999999999927,5336
"2025-06-04 original annotations","Chia - Bee Audio 2022 Original/7-13-22_SouthCharleston/4/220715_1128",9233.21,9234.88,"ins_buzz_bee",1.67000000000007,1307
"2025-06-04 original annotations","Karlan Forrester - Soybean Attractiveness/C9-16/4/210726_0933",9243.96,9250.46,"ins_buzz_low",6.5,4804
"2025-06-04 original annotations","Karlan Forrester - Soybean Attractiveness/C9-16/4/210726_0933",9261.02,9263.17,"ins_buzz_low",2.14999999999964,4805
"2025-06-04 original annotations","Chia - Bee Audio 2022 Original/7-13-22_SouthCharleston/4/220715_1128",9266.56,9270.78,"ins_buzz_bee",4.22000000000116,1308
"2025-06-04 original annotations","Karlan Forrester - Soybean Attractiveness/C9-16/4/210726_0933",9283.46,9287.96,"ins_buzz_low",4.5,4806
"2025-06-04 original annotations","Chia - Bee Audio 2022 Original/7-13-22_SouthCharleston/1/220715_1123",9287.05,9288.05,"ins_buzz_bee",1,452
"2025-06-04 original annotations","Karlan Forrester - Soybean Attractiveness/L6-8/4/210728_1100",9290.78,9291.84,"ins_buzz_bee",1.05999999999949,6312
"2025-06-04 original annotations","Karlan Forrester - Soybean Attractiveness/C9-16/4/210726_0933",9299.01,9303.99,"ins_buzz_low",4.97999999999956,4807
"2025-06-04 original annotations","Karlan Forrester - Soybean Attractiveness/C9-16/4/210726_0933",9319,9322.19,"ins_buzz_low",3.19000000000051,4808
"2025-06-04 original annotations","Karlan Forrester - Soybean Attractiveness/C9-16/4/210726_0933",9344.1,9344.85,"ins_buzz_bee",0.75,4809
"2025-06-04 original annotations","Karlan Forrester - Soybean Attractiveness/C9-16/4/210726_0933",9346.19,9349.38,"ins_buzz_low",3.18999999999869,4810
"2025-06-04 original annotations","Chia - Bee Audio 2022 Original/7-13-22_SouthCharleston/3/220713_0944",9350.44,9351.44,"ins_buzz_bee",1,858
"2025-06-04 original annotations","Chia - Bee Audio 2022 Original/7-13-22_SouthCharleston/3/220715_1127",9362.29,9363.29,"ins_buzz_bee",1,977
"2025-06-04 original annotations","Karlan Forrester - Soybean Attractiveness/C9-16/4/210728_1115",9380.17,9381.17,"ins_buzz_low",1,5087
"2025-06-04 original annotations","Karlan Forrester - Soybean Attractiveness/A11/4/210807_1001",9470.16,9472,"ins_buzz_bee",1.84000000000015,3574
"2025-06-04 original annotations","Chia - Bee Audio 2022 Original/7-13-22_SouthCharleston/6/220715_1131",9486.34,9487.84,"ins_buzz_bee",1.5,1631
"2025-06-04 original annotations","Chia - Bee Audio 2022 Original/7-13-22_SouthCharleston/6/220715_1131",9492.76,9493.92,"ins_buzz_bee",1.15999999999985,1632
"2025-06-04 original annotations","Chia - Bee Audio 2022 Original/7-13-22_SouthCharleston/6/220715_1131",9496.17,9497.17,"ins_buzz_bee",1,1633
"2025-06-04 original annotations","Chia - Bee Audio 2022 Original/7-13-22_SouthCharleston/3/220713_0944",9538,9539,"ins_buzz_bee",1,859
"2025-06-04 original annotations","Chia - Bee Audio 2022 Original/7-13-22_SouthCharleston/3/220713_0944",9544.41,9545.41,"ins_buzz_bee",1,860
"2025-06-04 original annotations","Chia - Bee Audio 2022 Original/7-13-22_SouthCharleston/3/220713_0944",9546.16,9547.16,"ins_buzz_bee",1,861
"2025-06-04 original annotations","Karlan Forrester - Soybean Attractiveness/L6-8/4/210726_0918",9551.85,9552.85,"ins_buzz_low",1,6127
"2025-06-04 original annotations","Chia - Bee Audio 2022 Original/7-13-22_SouthCharleston/3/220713_0944",9562.24,9563.24,"ins_buzz_bee",1,862
"2025-06-04 original annotations","Chia - Bee Audio 2022 Original/7-13-22_SouthCharleston/3/220713_0944",9569.58,9570.58,"ins_buzz_bee",1,863
"2025-06-04 original annotations","Chia - Bee Audio 2022 Original/7-13-22_SouthCharleston/3/220713_0944",9573.21,9574.21,"ins_buzz_bee",1,864
"2025-06-04 original annotations","Chia - Bee Audio 2022 Original/7-13-22_SouthCharleston/3/220713_0944",9599.21,9600.21,"ins_buzz_bee",1,865
"2025-06-04 original annotations","Chia_Lin - Soybean on-farm spray audios/2023-07-25 Combs Sabine-Bigelow/14/230725_1202",9632.98,9633.24,"ins_buzz_low",0.260000000000218,2443
"2025-06-04 original annotations","Chia_Lin - Soybean on-farm spray audios/2023-07-25 Combs Sabine-Bigelow/14/230725_1202",9648.46,9649.61,"ins_buzz_bee",1.15000000000146,2444
"2025-06-04 original annotations","Karlan Forrester - Soybean Attractiveness/C9-16/4/210728_1115",9649.41,9650.4,"ins_buzz_low",0.989999999999782,5088
"2025-06-04 original annotations","Karlan Forrester - Soybean Attractiveness/C9-16/4/210728_1115",9657.5,9658.53,"ins_buzz_low",1.03000000000065,5089
"2025-06-04 original annotations","Chia_Lin - Soybean on-farm spray audios/2023-07-25 Combs Sabine-Bigelow/14/230725_1202",9677.53,9680.09,"ins_buzz_bee",2.55999999999949,2446
"2025-06-04 original annotations","Chia_Lin - Soybean on-farm spray audios/2023-07-25 Combs Sabine-Bigelow/14/230725_1202",9680.57,9682.02,"ins_buzz_RECLASSIFY",1.45000000000073,2447
"2025-06-04 original annotations","Chia_Lin - Soybean on-farm spray audios/2023-07-25 Combs Sabine-Bigelow/14/230725_1202",9688.62,9691.34,"ins_buzz_bee",2.71999999999935,2448
"2025-06-04 original annotations","Chia - Bee Audio 2022 Original/7-13-22_SouthCharleston/2/220715_1125",9705.79,9706.79,"ins_buzz_bee",1,794
"2025-06-04 original annotations","Chia_Lin - Soybean on-farm spray audios/2023-07-25 Combs Sabine-Bigelow/14/230725_1202",9711.38,9712.82,"ins_buzz_RECLASSIFY",1.44000000000051,2449
"2025-06-04 original annotations","Chia - Bee Audio 2022 Original/7-13-22_SouthCharleston/3/220715_1127",9720.29,9721.29,"ins_buzz_bee",1,978
"2025-06-04 original annotations","Chia - Bee Audio 2022 Original/7-13-22_SouthCharleston/3/220715_1127",9722.72,9723.72,"ins_buzz_bee",1,979
"2025-06-04 original annotations","Chia_Lin - Soybean on-farm spray audios/2023-07-25 Combs Sabine-Bigelow/14/230725_1202",9723.7,9724.53,"ins_buzz_bee",0.829999999999927,2450
"2025-06-04 original annotations","Chia_Lin - Soybean on-farm spray audios/2023-07-25 Combs Sabine-Bigelow/14/230725_1202",9726.86,9729.75,"ins_buzz_bee",2.88999999999942,2451
"2025-06-04 original annotations","Chia_Lin - Soybean on-farm spray audios/2023-07-25 Combs Sabine-Bigelow/14/230725_1202",9732.51,9733.62,"ins_buzz_bee",1.11000000000058,2452
"2025-06-04 original annotations","Chia_Lin - Soybean on-farm spray audios/2023-07-25 Combs Sabine-Bigelow/14/230725_1202",9755.7,9756.36,"ins_buzz_bee",0.659999999999854,2453
"2025-06-04 original annotations","Chia - Bee Audio 2022 Original/7-13-22_SouthCharleston/6/220715_1131",9782.98,9783.98,"ins_buzz_bee",1,1634
"2025-06-04 original annotations","Chia_Lin - Soybean on-farm spray audios/2023-07-25 Combs Sabine-Bigelow/14/230725_1202",9801.75,9802.9,"ins_buzz_bee",1.14999999999964,2454
"2025-06-04 original annotations","Chia_Lin - Soybean on-farm spray audios/2023-07-25 Combs Sabine-Bigelow/14/230725_1202",9803.68,9804.52,"ins_buzz_bee",0.840000000000146,2455
"2025-06-04 original annotations","Karlan Forrester - Soybean Attractiveness/L6-8/4/210728_1100",9813.4,9814.4,"ins_buzz_low",1,6313
"2025-06-04 original annotations","Chia_Lin - Soybean on-farm spray audios/2023-07-25 Combs Sabine-Bigelow/14/230725_1202",9823.75,9825.33,"ins_buzz_bee",1.57999999999993,2456
"2025-06-04 original annotations","Chia - Bee Audio 2022 Original/7-13-22_SouthCharleston/5/220715_1130",9839.61,9840.61,"ins_buzz_low",1,1476
"2025-06-04 original annotations","Chia - Bee Audio 2022 Original/7-13-22_SouthCharleston/6/220715_1131",9859.45,9860.45,"ins_buzz_bee",1,1635
"2025-06-04 original annotations","Karlan Forrester - Soybean Attractiveness/C9-16/4/210726_0933",9914.56,9915.56,"ins_buzz_low",1,4811
"2025-06-04 original annotations","Chia - Bee Audio 2022 Original/7-13-22_SouthCharleston/3/220713_0944",9933.69,9934.69,"ins_buzz_bee",1,866
"2025-06-04 original annotations","Chia - Bee Audio 2022 Original/7-13-22_SouthCharleston/3/220713_0944",9978.83,9979.83,"ins_buzz_bee",1,867
"2025-06-04 original annotations","Chia - Bee Audio 2022 Original/7-13-22_SouthCharleston/3/220713_0944",9981.05,9982.05,"ins_buzz_bee",1,868
"2025-06-04 original annotations","Karlan Forrester - Soybean Attractiveness/L6-8/4/210728_1100",9987.05,9988.05,"ins_buzz_bee",1,6314
"2025-06-04 original annotations","Chia - Bee Audio 2022 Original/7-13-22_SouthCharleston/8/220715_1135",10212.7,10213.7,"ins_buzz_low",1,2050
"2025-06-04 original annotations","Karlan Forrester - Soybean Attractiveness/L6-8/4/210721_0855",10323.18,10324.18,"ins_buzz_bee",1,5927
"2025-06-04 original annotations","Chia - OSPT/2022/2022-08-02/23/220802_1047",10359.37,10361.11,"ins_buzz_bee",1.73999999999978,2355
"2025-06-04 original annotations","Karlan Forrester - Soybean Attractiveness/L6-8/4/210728_1100",10362.97,10363.97,"ins_buzz_low",1,6316
"2025-06-04 original annotations","Chia - OSPT/2022/2022-08-02/23/220802_1047",10364.1,10365.52,"ins_buzz_bee",1.42000000000007,2356
"2025-06-04 original annotations","Chia - OSPT/2022/2022-08-02/23/220802_1047",10367.34,10369.39,"ins_buzz_bee",2.04999999999927,2357
"2025-06-04 original annotations","Chia - OSPT/2022/2022-08-02/23/220802_1047",10370.54,10375.59,"ins_buzz_bee",5.04999999999927,2358
"2025-06-04 original annotations","Chia - OSPT/2022/2022-08-02/23/220802_1047",10377.78,10385.83,"ins_buzz_bee",8.04999999999927,2359
"2025-06-04 original annotations","Chia - OSPT/2022/2022-08-02/23/220802_1047",10424.67,10426.58,"ins_buzz_bee",1.90999999999985,2360
"2025-06-04 original annotations","Chia - OSPT/2022/2022-08-02/23/220802_1047",10429.31,10430.27,"ins_buzz_bee",0.960000000000946,2361
"2025-06-04 original annotations","Chia - OSPT/2022/2022-08-02/23/220802_1047",10441.2,10441.97,"ins_buzz_bee",0.769999999998618,2362
"2025-06-04 original annotations","Chia - Bee Audio 2022 Original/7-13-22_SouthCharleston/4/220715_1128",10475.96,10476.96,"ins_buzz_bee",1,1310
"2025-06-04 original annotations","Chia - OSPT/2022/2022-08-02/23/220802_1047",10494.7,10495.71,"ins_buzz_bee",1.0099999999984,2363
"2025-06-04 original annotations","Chia - OSPT/2022/2022-08-02/23/220802_1047",10534.83,10535.62,"ins_buzz_bee",0.790000000000873,2365
"2025-06-04 original annotations","Chia - Bee Audio 2022 Original/7-13-22_SouthCharleston/5/220713_0947",10539.16,10540.16,"ins_buzz_low",1,1384
"2025-06-04 original annotations","Chia - OSPT/2022/2022-08-02/23/220802_1047",10576.47,10577.6,"ins_buzz_high",1.13000000000102,2366
"2025-06-04 original annotations","Chia - OSPT/2022/2022-08-02/23/220802_1047",10577.89,10582.12,"ins_buzz_high",4.23000000000138,2367
"2025-06-04 original annotations","Karlan Forrester - Soybean Attractiveness/L6-8/4/210726_0918",10600.06,10601.06,"ins_buzz_low",1,6128
"2025-06-04 original annotations","Karlan Forrester - Soybean Attractiveness/C9-16/4/210807_0925",10757.82,10758.82,"ins_buzz_bee",1,5337
"2025-06-04 original annotations","Chia - Bee Audio 2022 Original/7-13-22_SouthCharleston/2/220713_0943",10774.54,10775.54,"ins_buzz_bee",1,688
"2025-06-04 original annotations","Karlan Forrester - Soybean Attractiveness/A11/4/210805_0819",10973.45,10976.15,"ins_buzz_high",2.69999999999891,3405
"2025-06-04 original annotations","Chia - Bee Audio 2022 Original/7-13-22_SouthCharleston/2/220715_1125",11032.88,11033.88,"ins_buzz_bee",1,795
"2025-06-04 original annotations","Chia - Bee Audio 2022 Original/7-13-22_SouthCharleston/3/220715_1127",11060.59,11061.59,"ins_buzz_low",1,981
"2025-06-04 original annotations","Chia - Bee Audio 2022 Original/7-13-22_SouthCharleston/3/220713_0944",11067.87,11068.87,"ins_buzz_low",1,870
"2025-06-04 original annotations","Chia - Bee Audio 2022 Original/7-13-22_SouthCharleston/1/220715_1123",11120.75,11121.75,"ins_buzz_high",1,455
"2025-06-04 original annotations","Karlan Forrester - Soybean Attractiveness/L6-8/4/210728_1100",11137.9,11138.9,"ins_buzz_bee",1,6317
"2025-06-04 original annotations","Karlan Forrester - Soybean Attractiveness/C9-16/4/210723_1052",11179.02,11180.02,"ins_buzz_low",1,4500
"2025-06-04 original annotations","Karlan Forrester - Soybean Attractiveness/L6-8/4/210721_0855",11183.82,11184.82,"ins_buzz_bee",1,5928
"2025-06-04 original annotations","Chia - Bee Audio 2022 Original/7-13-22_SouthCharleston/1/220715_1123",11185.5,11186.49,"ins_buzz_bee",0.989999999999782,456
"2025-06-04 original annotations","Chia - Bee Audio 2022 Original/7-13-22_SouthCharleston/5/220715_1130",11203.45,11204.45,"ins_buzz_low",1,1477
"2025-06-04 original annotations","Chia - Bee Audio 2022 Original/7-13-22_SouthCharleston/5/220715_1130",11208.53,11209.53,"ins_buzz_bee",1,1478
"2025-06-04 original annotations","Chia - Bee Audio 2022 Original/7-13-22_SouthCharleston/2/220715_1125",11282.94,11283.94,"ins_buzz_bee",1,796
"2025-06-04 original annotations","Karlan Forrester - Soybean Attractiveness/L6-8/4/210721_0855",11335.01,11336,"ins_buzz_bee",0.989999999999782,5929
"2025-06-04 original annotations","Chia - Bee Audio 2022 Original/7-13-22_SouthCharleston/1/220715_1123",11372.7,11373.7,"ins_buzz_bee",1,457
"2025-06-04 original annotations","Chia - Bee Audio 2022 Original/7-13-22_SouthCharleston/1/220715_1123",11375.48,11376.48,"ins_buzz_bee",1,458
"2025-06-04 original annotations","Chia - Bee Audio 2022 Original/7-13-22_SouthCharleston/8/220713_0953",11378.04,11379.04,"ins_buzz_low",1,1976
"2025-06-04 original annotations","Karlan Forrester - Soybean Attractiveness/L6-8/4/210726_0918",11397.74,11398.74,"ins_buzz_bee",1,6130
"2025-06-04 original annotations","Karlan Forrester - Soybean Attractiveness/L6-8/4/210726_0918",11400.57,11401.57,"ins_buzz_bee",1,6131
"2025-06-04 original annotations","Chia - Bee Audio 2022 Original/7-13-22_SouthCharleston/8/220715_1135",11462.11,11463.15,"ins_buzz_bee",1.03999999999905,2051
"2025-06-04 original annotations","Chia - Bee Audio 2022 Original/7-13-22_SouthCharleston/4/220713_0946",11472.93,11473.95,"ins_buzz_bee",1.02000000000044,1069
"2025-06-04 original annotations","Karlan Forrester - Soybean Attractiveness/C9-16/4/210807_0925",11519.1,11520.1,"ins_buzz_bee",1,5338
"2025-06-04 original annotations","Karlan Forrester - Soybean Attractiveness/L6-8/4/210726_0918",11584.75,11585.75,"ins_buzz_bee",1,6132
"2025-06-04 original annotations","Chia - Bee Audio 2022 Original/7-13-22_SouthCharleston/4/220715_1128",11623.77,11624.77,"ins_buzz_bee",1,1311
"2025-06-04 original annotations","Karlan Forrester - Soybean Attractiveness/L6-8/4/210726_0918",11667.79,11668.79,"ins_buzz_bee",1,6133
"2025-06-04 original annotations","Chia - Bee Audio 2022 Original/7-13-22_SouthCharleston/7/220715_1134",11827.97,11828.96,"ins_buzz_low",0.989999999999782,1927
"2025-06-04 original annotations","Karlan Forrester - Soybean Attractiveness/L6-8/4/210721_0855",11892.27,11893.27,"ins_buzz_bee",1,5930
"2025-06-04 original annotations","Karlan Forrester - Soybean Attractiveness/L6-8/4/210721_0855",11894.72,11895.72,"ins_buzz_bee",1,5931
"2025-06-04 original annotations","Chia - Bee Audio 2022 Original/7-13-22_SouthCharleston/1/220713_0941_01",12067.08,12068.08,"ins_buzz_bee",1,20
"2025-06-04 original annotations","Chia - Bee Audio 2022 Original/7-13-22_SouthCharleston/3/220713_0944",12075.92,12076.92,"ins_buzz_low",1,871
"2025-06-04 original annotations","Chia - Bee Audio 2022 Original/7-13-22_SouthCharleston/1/220715_1123",12087.42,12088.42,"ins_buzz_bee",1,459
"2025-06-04 original annotations","Chia - Bee Audio 2022 Original/7-13-22_SouthCharleston/1/220713_0941_01",12135.69,12136.69,"ins_buzz_bee",1,21
"2025-06-04 original annotations","Karlan Forrester - Soybean Attractiveness/L6-8/4/210728_1100",12185.12,12186.12,"ins_buzz_low",1,6318
"2025-06-04 original annotations","Karlan Forrester - Soybean Attractiveness/EBN/4/210726_0950",12225.53,12226.53,"ins_buzz_low",1,5571
"2025-06-04 original annotations","Karlan Forrester - Soybean Attractiveness/EBN/4/210726_0950",12231.37,12232.37,"ins_buzz_low",1,5572
"2025-06-04 original annotations","Karlan Forrester - Soybean Attractiveness/L6-8/4/210723_1038",12271.4,12272.4,"ins_buzz_bee",1,6041
"2025-06-04 original annotations","Chia - Bee Audio 2022 Original/7-13-22_SouthCharleston/2/220715_1125",12278.53,12280.72,"ins_buzz_low",2.18999999999869,797
"2025-06-04 original annotations","Karlan Forrester - Soybean Attractiveness/L6-8/4/210726_0918",12292.99,12294.14,"ins_buzz_bee",1.14999999999964,6134
"2025-06-04 original annotations","Karlan Forrester - Soybean Attractiveness/L6-8/4/210726_0918",12298.25,12299.25,"ins_buzz_bee",1,6135
"2025-06-04 original annotations","Karlan Forrester - Soybean Attractiveness/EBN/4/210728_1132",12413.96,12414.96,"ins_buzz_bee",1,5684
"2025-06-04 original annotations","Karlan Forrester - Soybean Attractiveness/L6-8/4/210721_0855",12483.98,12484.98,"ins_buzz_bee",1,5932
"2025-06-04 original annotations","Chia - Bee Audio 2022 Original/7-13-22_SouthCharleston/3/220715_1127",12658.69,12659.69,"ins_buzz_bee",1,982
"2025-06-04 original annotations","Karlan Forrester - Soybean Attractiveness/L6-8/4/210726_0918",12781.76,12782.82,"ins_buzz_bee",1.05999999999949,6136
"2025-06-04 original annotations","Chia - Bee Audio 2022 Original/7-13-22_SouthCharleston/3/220715_1127",12786.95,12787.97,"ins_buzz_high",1.01999999999862,983
"2025-06-04 original annotations","Karlan Forrester - Soybean Attractiveness/EBN/4/210723_1112",12859.64,12862.87,"ins_buzz_bee",3.23000000000138,5508
"2025-06-04 original annotations","Karlan Forrester - Soybean Attractiveness/L6-8/4/210805_0726",13121.31,13122.5,"ins_buzz_low",1.19000000000051,6396
"2025-06-04 original annotations","Chia - Bee Audio 2022 Original/7-13-22_SouthCharleston/5/220713_0947",13136.52,13137.52,"ins_buzz_low",1,1386
"2025-06-04 original annotations","Karlan Forrester - Soybean Attractiveness/A11/4/210721_0949",13331.58,13332.64,"ins_buzz_bee",1.05999999999949,3206
"2025-06-04 original annotations","Karlan Forrester - Soybean Attractiveness/A11/4/210721_0949",13335.26,13336.26,"ins_buzz_bee",1,3207
"2025-06-04 original annotations","Karlan Forrester - Soybean Attractiveness/A11/4/210721_0949",13337.12,13338.12,"ins_buzz_bee",1,3208
"2025-06-04 original annotations","Karlan Forrester - Soybean Attractiveness/A11/4/210721_0949",13345.34,13346.34,"ins_buzz_bee",1,3209
"2025-06-04 original annotations","Karlan Forrester - Soybean Attractiveness/A11/4/210721_0949",13348.32,13349.32,"ins_buzz_bee",1,3210
"2025-06-04 original annotations","Karlan Forrester - Soybean Attractiveness/A11/4/210721_0949",13350.76,13351.76,"ins_buzz_bee",1,3211
"2025-06-04 original annotations","Karlan Forrester - Soybean Attractiveness/L6-8/4/210721_0855",13500.7,13501.7,"ins_buzz_bee",1,5933
"2025-06-04 original annotations","Chia - Bee Audio 2022 Original/7-13-22_SouthCharleston/6/220713_0948",13553.55,13554.55,"ins_buzz_low",1,1522
"2025-06-04 original annotations","Karlan Forrester - Soybean Attractiveness/L6-8/4/210726_0918",13564,13564.99,"ins_buzz_bee",0.989999999999782,6137
"2025-06-04 original annotations","Karlan Forrester - Soybean Attractiveness/C9-16/4/210726_0933",13584.24,13585.24,"ins_buzz_low",1,4813
"2025-06-04 original annotations","Chia - Bee Audio 2022 Original/7-13-22_SouthCharleston/1/220713_0941_01",13652.06,13653.06,"ins_buzz_bee",1,23
"2025-06-04 original annotations","Karlan Forrester - Soybean Attractiveness/C9-16/4/210807_0925",13662.4,13663.39,"ins_buzz_low",0.989999999999782,5339
"2025-06-04 original annotations","Karlan Forrester - Soybean Attractiveness/A11/4/210807_1001",13665.2,13666.2,"ins_buzz_low",1,3575
"2025-06-04 original annotations","Karlan Forrester - Soybean Attractiveness/L6-8/4/210726_0918",13691.82,13692.82,"ins_buzz_bee",1,6138
"2025-06-04 original annotations","Chia - Bee Audio 2022 Original/7-13-22_SouthCharleston/7/220715_1134",13772.75,13773.75,"ins_buzz_bee",1,1929
"2025-06-04 original annotations","Karlan Forrester - Soybean Attractiveness/L6-8/4/210726_0918",13795.1,13796.1,"ins_buzz_low",1,6139
"2025-06-04 original annotations","Karlan Forrester - Soybean Attractiveness/EBN/4/210726_0950",14046.88,14047.88,"ins_buzz_low",1,5573
"2025-06-04 original annotations","Karlan Forrester - Soybean Attractiveness/C9-16/4/210807_0925",14048.2,14049.2,"ins_buzz_bee",1,5340
"2025-06-04 original annotations","Chia - Bee Audio 2022 Original/7-13-22_SouthCharleston/1/220713_0941_01",14048.94,14049.94,"ins_buzz_bee",1,28
"2025-06-04 original annotations","Karlan Forrester - Soybean Attractiveness/EBN/4/210726_0950",14049.98,14050.98,"ins_buzz_low",1,5574
"2025-06-04 original annotations","Chia - Bee Audio 2022 Original/7-13-22_SouthCharleston/1/220713_0941_01",14052.43,14053.43,"ins_buzz_bee",1,29
"2025-06-04 original annotations","Karlan Forrester - Soybean Attractiveness/EBN/4/210726_0950",14058.33,14059.33,"ins_buzz_low",1,5575
"2025-06-04 original annotations","Karlan Forrester - Soybean Attractiveness/C9-16/4/210807_0925",14095.18,14096.18,"ins_buzz_low",1,5341
"2025-06-04 original annotations","Karlan Forrester - Soybean Attractiveness/C9-16/4/210807_0925",14100.12,14101.12,"ins_buzz_bee",1,5342
"2025-06-04 original annotations","Karlan Forrester - Soybean Attractiveness/C9-16/4/210805_0743",14177.58,14179.82,"ins_buzz_low",2.23999999999978,5102
"2025-06-04 original annotations","Karlan Forrester - Soybean Attractiveness/C9-16/4/210805_0743",14181.59,14182.28,"ins_buzz_high",0.690000000000509,5103
"2025-06-04 original annotations","Karlan Forrester - Soybean Attractiveness/C9-16/4/210805_0743",14198.02,14198.24,"ins_buzz_high",0.219999999999345,5105
"2025-06-04 original annotations","Karlan Forrester - Soybean Attractiveness/C9-16/4/210805_0743",14207.98,14212.63,"ins_buzz_low",4.64999999999964,5106
"2025-06-04 original annotations","Karlan Forrester - Soybean Attractiveness/C9-16/4/210805_0743",14215.45,14218.4,"ins_buzz_low",2.94999999999891,5107
"2025-06-04 original annotations","Karlan Forrester - Soybean Attractiveness/C9-16/4/210805_0743",14223.05,14223.59,"ins_buzz_low",0.540000000000873,5108
"2025-06-04 original annotations","Chia - Bee Audio 2022 Original/7-13-22_SouthCharleston/7/220713_0951",14259.64,14262.3,"ins_buzz_low",2.65999999999985,1756
"2025-06-04 original annotations","Karlan Forrester - Soybean Attractiveness/C9-16/4/210805_0743",14270.54,14271.07,"ins_buzz_bee",0.529999999998836,5109
"2025-06-04 original annotations","Karlan Forrester - Soybean Attractiveness/L6-8/4/210728_1100",14280.54,14281.54,"ins_buzz_bee",1,6319
"2025-06-04 original annotations","Karlan Forrester - Soybean Attractiveness/C9-16/4/210805_0743",14285.28,14286.41,"ins_buzz_high",1.1299999999992,5110
"2025-06-04 original annotations","Karlan Forrester - Soybean Attractiveness/C9-16/4/210805_0743",14291.66,14292.56,"ins_buzz_high",0.899999999999636,5111
"2025-06-04 original annotations","Karlan Forrester - Soybean Attractiveness/C9-16/4/210805_0743",14296.39,14297.68,"ins_buzz_low",1.29000000000087,5112
"2025-06-04 original annotations","Karlan Forrester - Soybean Attractiveness/C9-16/4/210805_0743",14296.83,14300.39,"ins_buzz_high",3.55999999999949,5113
"2025-06-04 original annotations","Karlan Forrester - Soybean Attractiveness/C9-16/4/210805_0743",14318.57,14320.31,"ins_buzz_bee",1.73999999999978,5115
"2025-06-04 original annotations","Chia - Bee Audio 2022 Original/7-13-22_SouthCharleston/7/220713_0951",14338.12,14340.85,"ins_buzz_low",2.72999999999956,1787
"2025-06-04 original annotations","Karlan Forrester - Soybean Attractiveness/C9-16/4/210805_0743",14375.92,14376.33,"ins_buzz_bee",0.409999999999854,5120
"2025-06-04 original annotations","Chia - Bee Audio 2022 Original/7-13-22_SouthCharleston/7/220713_0951",14380.61,14387.67,"ins_buzz_low",7.05999999999949,1800
"2025-06-04 original annotations","Karlan Forrester - Soybean Attractiveness/C9-16/4/210805_0743",14381.01,14381.42,"ins_buzz_bee",0.409999999999854,5121
"2025-06-04 original annotations","Chia - Bee Audio 2022 Original/7-13-22_SouthCharleston/7/220713_0951",14390.26,14395.13,"ins_buzz_low",4.86999999999898,1803
"2025-06-04 original annotations","Karlan Forrester - Soybean Attractiveness/C9-16/4/210805_0743",14408.21,14409.34,"ins_buzz_high",1.13000000000102,5122
"2025-06-04 original annotations","Chia - Bee Audio 2022 Original/7-13-22_SouthCharleston/1/220713_0941_01",14423.29,14424.29,"ins_buzz_bee",1,31
"2025-06-04 original annotations","Chia - Bee Audio 2022 Original/7-13-22_SouthCharleston/8/220713_0953",14452.99,14453.99,"ins_buzz_low",1,1978
"2025-06-04 original annotations","Chia - Bee Audio 2022 Original/7-13-22_SouthCharleston/5/220715_1130",14483.21,14484.21,"ins_buzz_bee",1,1480
"2025-06-04 original annotations","Karlan Forrester - Soybean Attractiveness/L6-8/4/210721_0855",14509.86,14511.01,"ins_buzz_bee",1.14999999999964,5935
"2025-06-04 original annotations","Chia - Bee Audio 2022 Original/7-13-22_SouthCharleston/2/220713_0943",14581.15,14582.15,"ins_buzz_low",1,689
"2025-06-04 original annotations","Chia - Bee Audio 2022 Original/7-13-22_SouthCharleston/5/220715_1130",14588.77,14589.77,"ins_buzz_bee",1,1481
"2025-06-04 original annotations","Chia - Bee Audio 2022 Original/7-13-22_SouthCharleston/5/220715_1130",14590.41,14591.41,"ins_buzz_bee",1,1482
"2025-06-04 original annotations","Chia - Bee Audio 2022 Original/7-13-22_SouthCharleston/5/220715_1130",14596.41,14597.41,"ins_buzz_bee",1,1483
"2025-06-04 original annotations","Chia - Bee Audio 2022 Original/7-13-22_SouthCharleston/5/220715_1130",14664.18,14665.17,"ins_buzz_bee",0.989999999999782,1484
"2025-06-04 original annotations","Karlan Forrester - Soybean Attractiveness/L6-8/4/210726_0918",14727.24,14728.24,"ins_buzz_bee",1,6141
"2025-06-04 original annotations","Chia - Bee Audio 2022 Original/7-13-22_SouthCharleston/1/220713_0941_01",14902.91,14903.9,"ins_buzz_bee",0.989999999999782,50
"2025-06-04 original annotations","Karlan Forrester - Soybean Attractiveness/L6-8/4/210728_1100",15015.46,15016.48,"ins_buzz_bee",1.02000000000044,6320
"2025-06-04 original annotations","Karlan Forrester - Soybean Attractiveness/L6-8/4/210728_1100",15055.17,15056.35,"ins_buzz_bee",1.18000000000029,6321
"2025-06-04 original annotations","Karlan Forrester - Soybean Attractiveness/L6-8/4/210723_1038",15076.33,15077.33,"ins_buzz_bee",1,6044
"2025-06-04 original annotations","Karlan Forrester - Soybean Attractiveness/A11/4/210721_0949",15092.43,15093.43,"ins_buzz_bee",1,3212
"2025-06-04 original annotations","Karlan Forrester - Soybean Attractiveness/A11/4/210721_0949",15094.14,15095.14,"ins_buzz_bee",1,3213
"2025-06-04 original annotations","Chia - Bee Audio 2022 Original/7-13-22_SouthCharleston/2/220715_1125",15265.62,15266.64,"ins_buzz_low",1.01999999999862,799
"2025-06-04 original annotations","Karlan Forrester - Soybean Attractiveness/C9-16/4/210726_0933",15272.83,15273.82,"ins_buzz_low",0.989999999999782,4815
"2025-06-04 original annotations","Karlan Forrester - Soybean Attractiveness/L6-8/4/210723_1038",15344.96,15345.98,"ins_buzz_bee",1.02000000000044,6045
"2025-06-04 original annotations","Chia - Bee Audio 2022 Original/7-13-22_SouthCharleston/6/220715_1131",15349.5,15350.5,"ins_buzz_bee",1,1637
"2025-06-04 original annotations","Karlan Forrester - Soybean Attractiveness/L6-8/4/210723_1038",15398.86,15399.86,"ins_buzz_low",1,6046
"2025-06-04 original annotations","Karlan Forrester - Soybean Attractiveness/L6-8/4/210721_0855",15436.9,15437.89,"ins_buzz_bee",0.989999999999782,5936
"2025-06-04 original annotations","Chia - Bee Audio 2022 Original/7-13-22_SouthCharleston/4/220713_0946",15501.25,15502.55,"ins_buzz_high",1.29999999999927,1083
"2025-06-04 original annotations","Chia - Bee Audio 2022 Original/7-13-22_SouthCharleston/4/220713_0946",15514.8,15515.54,"ins_buzz_high",0.740000000001601,1087
"2025-06-04 original annotations","Chia - Bee Audio 2022 Original/7-13-22_SouthCharleston/4/220713_0946",15520.2,15521.62,"ins_buzz_high",1.42000000000007,1090
"2025-06-04 original annotations","Chia - Bee Audio 2022 Original/7-13-22_SouthCharleston/4/220713_0946",15523.55,15525.37,"ins_buzz_high",1.82000000000153,1091
"2025-06-04 original annotations","Chia - Bee Audio 2022 Original/7-13-22_SouthCharleston/4/220713_0946",15537.92,15540.31,"ins_buzz_high",2.38999999999942,1094
"2025-06-04 original annotations","Chia - Bee Audio 2022 Original/7-13-22_SouthCharleston/4/220713_0946",15543.67,15545.67,"ins_buzz_high",2,1095
"2025-06-04 original annotations","Chia - Bee Audio 2022 Original/7-13-22_SouthCharleston/8/220713_0953",15551.56,15552.56,"ins_buzz_bee",1,1979
"2025-06-04 original annotations","Karlan Forrester - Soybean Attractiveness/L6-8/4/210726_0918",15571.79,15572.79,"ins_buzz_bee",1,6142
"2025-06-04 original annotations","Chia - Bee Audio 2022 Original/7-13-22_SouthCharleston/4/220713_0946",15647.91,15648.67,"ins_buzz_bee",0.760000000000218,1102
"2025-06-04 original annotations","Chia - Bee Audio 2022 Original/7-13-22_SouthCharleston/8/220715_1135",15661.1,15662.1,"ins_buzz_high",1,2053
"2025-06-04 original annotations","Karlan Forrester - Soybean Attractiveness/C9-16/4/210726_0933",15741.79,15742.78,"ins_buzz_bee",0.989999999999782,4816
"2025-06-04 original annotations","Karlan Forrester - Soybean Attractiveness/EBN/4/210805_0800",15746.48,15747.48,"ins_buzz_low",1,5730
"2025-06-04 original annotations","Karlan Forrester - Soybean Attractiveness/EBN/4/210805_0800",15754.88,15755.88,"ins_buzz_low",1,5731
"2025-06-04 original annotations","Karlan Forrester - Soybean Attractiveness/L6-8/4/210721_0855",15879.9,15881.18,"ins_buzz_bee",1.28000000000065,5937
"2025-06-04 original annotations","Karlan Forrester - Soybean Attractiveness/L6-8/4/210721_0855",15888.01,15889.01,"ins_buzz_bee",1,5938
"2025-06-04 original annotations","Chia - Bee Audio 2022 Original/7-13-22_SouthCharleston/3/220713_0944",15889.72,15890.72,"ins_buzz_bee",1,872
"2025-06-04 original annotations","Chia - Bee Audio 2022 Original/7-13-22_SouthCharleston/3/220713_0944",15895.07,15896.07,"ins_buzz_bee",1,873
"2025-06-04 original annotations","Chia - Bee Audio 2022 Original/7-13-22_SouthCharleston/3/220713_0944",15899.2,15900.26,"ins_buzz_bee",1.05999999999949,874
"2025-06-07 night detections","Chia - Bee Audio 2022 Original/7-19-22_WestManchester/16/220721_1135",54739.861,54740.761,"ambient_rustle",0.900000000001455,16
"2025-06-07 night detections","Chia - Bee Audio 2022 Original/7-19-22_WestManchester/16/220721_1135",54744.363,54747.124,"ambient_rustle",2.76100000000588,17
"2025-06-07 night detections","Chia - Bee Audio 2022 Original/7-19-22_WestManchester/16/220721_1135",54760.99,54761.89,"ambient_rustle",0.900000000001455,18
"2025-06-07 night detections","Chia - Bee Audio 2022 Original/7-19-22_WestManchester/16/220721_1135",54766.932,54773.535,"ambient_rustle",6.60300000000279,19
"2025-06-07 night detections","Chia - Bee Audio 2022 Original/7-19-22_WestManchester/10/220721_1123",55429.386,55433.733,"mech_hum_traffic",4.34700000000157,10
"2025-06-07 night detections","Chia - Bee Audio 2022 Original/7-19-22_WestManchester/10/220721_1123",55446.107,55447.071,"ambient_rustle",0.963999999999942,11
"2025-06-07 night detections","Chia - Bee Audio 2022 Original/7-19-22_WestManchester/10/220721_1123",55452.145,55453.058,"ambient_rustle",0.913000000000466,12
"2025-06-07 night detections","Chia - Bee Audio 2022 Original/7-19-22_WestManchester/10/220721_1123",55454.022,55455.138,"ambient_rustle",1.1160000000018,13
"2025-06-07 night detections","Chia - Bee Audio 2022 Original/7-13-22_SouthCharleston/8/220713_0953",136395.7282,136476.596,"mech_hum_traffic",80.8677999999782,2
"2025-06-07 night detections","Chia - Bee Audio 2022 Original/7-13-22_SouthCharleston/8/220713_0953",136487.39,136495.614,"mech_hum_traffic",8.22399999998743,3
"2025-06-07 night detections","Chia - Bee Audio 2022 Original/7-13-22_SouthCharleston/8/220713_0953",139920,140017.1138,"mech_hum_traffic",97.1137999999919,5
"2025-06-07 night detections","Chia - Bee Audio 2022 Original/7-13-22_SouthCharleston/8/220713_0953",140050.221,140117.114,"mech_auto_car",66.8930000000109,6
"2025-06-07 night detections","Chia - Bee Audio 2022 Original/7-13-22_SouthCharleston/8/220713_0953",140118.472,140176.537,"ambient_background",58.0650000000023,7
"2025-06-07 night detections","Chia - Bee Audio 2022 Original/7-13-22_SouthCharleston/8/220713_0953",140184.177,140209.813,"ambient_background",25.6359999999986,8
"2025-06-11 Lilian Dicentra","Lilian Martin - Dicentra/SH/1_144/250415_1124",74300.508728,74301.732717,"ins_buzz_low",1.22398900000553,714
"2025-06-11 Lilian Dicentra","Lilian Martin - Dicentra/SH/1_144/250415_1124",74393.232018,74395.893214,"ins_buzz_low",2.66119600000093,718
"2025-06-11 Lilian Dicentra","Lilian Martin - Dicentra/SH/1_87/250415_1130",88292.848489,88294.427092,"ins_buzz_low",1.57860300000175,932
"2025-06-11 Lilian Dicentra","Lilian Martin - Dicentra/BTW/52/250415_1210",93073.936781,93074.657784,"ins_buzz_low",0.721002999998746,521
"2025-06-11 Lilian Dicentra","Lilian Martin - Dicentra/BTW/52/250415_1210",93076.616735,93077.31053,"ins_buzz_low",0.693794999999227,522
"2025-06-11 Lilian Dicentra","Lilian Martin - Dicentra/BTW/1_103/250415_1209",93101.756719,93102.332312,"ins_buzz_low",0.57559300000139,211
"2025-06-11 Lilian Dicentra","Lilian Martin - Dicentra/BTW/1_103/250415_1209",93145.719011,93146.169149,"ins_buzz_low",0.450138000000152,213
"2025-06-11 Lilian Dicentra","Lilian Martin - Dicentra/BTW/1_103/250415_1209",93191.654015,93193.590103,"ins_buzz_low",1.9360880000022,221
"2025-06-11 Lilian Dicentra","Lilian Martin - Dicentra/SH/1_87/250415_1130",95450.646995,95451.421611,"ins_buzz_low",0.774615999995149,965
"2025-06-11 Lilian Dicentra","Lilian Martin - Dicentra/SH/1_87/250415_1130",95563.71049,95565.101741,"ins_buzz_low",1.3912510000082,991
"2025-06-11 Lilian Dicentra","Lilian Martin - Dicentra/SH/1_87/250415_1130",95571.68037,95572.316371,"ins_buzz_low",0.636000999991666,993
"2025-06-11 Lilian Dicentra","Lilian Martin - Dicentra/SH/1_87/250415_1130",95579.232876,95579.868876,"ins_buzz_low",0.635999999998603,994
"2025-06-11 Lilian Dicentra","Lilian Martin - Dicentra/SH/1_87/250415_1130",95610.198147,95611.410523,"ins_buzz_low",1.21237599999586,1001
"2025-06-11 Lilian Dicentra","Lilian Martin - Dicentra/SH/1_87/250415_1130",95626.277034,95626.833534,"ins_buzz_low",0.556500000006054,1006
"2025-06-11 Lilian Dicentra","Lilian Martin - Dicentra/SH/1_87/250415_1130",95641.99817,95642.455295,"ins_buzz_low",0.457125000000815,1009
"2025-06-11 Lilian Dicentra","Lilian Martin - Dicentra/BTW/52/250415_1210",96719.954857,96723.813054,"ins_buzz_low",3.85819699999411,549
"2025-06-11 Lilian Dicentra","Lilian Martin - Dicentra/BTW/52/250415_1210",96755.096371,96756.432358,"ins_buzz_low",1.33598699999857,552
"2025-06-11 Lilian Dicentra","Lilian Martin - Dicentra/BTW/52/250415_1210",96757.166833,96759.571242,"ins_buzz_low",2.40440900000976,553
"2025-06-11 Lilian Dicentra","Lilian Martin - Dicentra/BTW/52/250415_1210",96789.848073,96791.117066,"ins_buzz_low",1.26899300000514,560
"2025-06-11 Lilian Dicentra","Lilian Martin - Dicentra/BTW/52/250415_1210",96792.419454,96793.955603,"ins_buzz_low",1.53614899999229,561
"2025-06-11 Lilian Dicentra","Lilian Martin - Dicentra/BTW/52/250415_1210",96804.274522,96805.309754,"ins_buzz_low",1.03523199999472,563
"2025-06-11 Lilian Dicentra","Lilian Martin - Dicentra/BTW/52/250415_1210",96805.877461,96806.578747,"ins_buzz_low",0.701286000010441,564
"2025-06-11 Lilian Dicentra","Lilian Martin - Dicentra/BTW/52/250415_1210",96815.895829,96816.797482,"ins_buzz_low",0.90165299999353,566
"2025-06-11 Lilian Dicentra","Lilian Martin - Dicentra/BTW/1_103/250415_1209",96937.644232,96938.413996,"ins_buzz_low",0.76976399999694,242
"2025-06-11 Lilian Dicentra","Lilian Martin - Dicentra/SH/1_144/250415_1124",99635.733989,99636.813383,"ins_buzz_low",1.07939400000032,777
"2025-06-11 Lilian Dicentra","Lilian Martin - Dicentra/SH/1_144/250415_1124",99640.962306,99642.783784,"ins_buzz_low",1.82147799999802,778
"2025-06-11 Lilian Dicentra","Lilian Martin - Dicentra/SH/1_144/250415_1124",99644.251795,99644.757761,"ins_buzz_low",0.505965999996988,779
"2025-06-11 Lilian Dicentra","Lilian Martin - Dicentra/SH/1_144/250415_1124",99657.170798,99658.452579,"ins_buzz_low",1.28178099999786,780
"2025-06-11 Lilian Dicentra","Lilian Martin - Dicentra/BTW/52/250415_1210",100239.448746,100240.314586,"ins_buzz_low",0.86583999999857,245
"2025-06-11 Lilian Dicentra","Lilian Martin - Dicentra/BTW/1_103/250415_1209",100276.384914,100276.829532,"ambient_background",0.444618000008631,1
"2025-06-11 Lilian Dicentra","Lilian Martin - Dicentra/BTW/1_103/250415_1209",100278.216739,100278.608002,"ambient_background",0.391262999997707,2
"2025-06-11 Lilian Dicentra","Lilian Martin - Dicentra/BTW/1_103/250415_1209",100279.35496,100279.852932,"ins_buzz_low",0.49797199999739,3
"2025-06-11 Lilian Dicentra","Lilian Martin - Dicentra/BTW/1_103/250415_1209",100280.345133,100290.024094,"ambient_rustle",9.6789609999978,4
"2025-06-11 Lilian Dicentra","Lilian Martin - Dicentra/BTW/1_103/250415_1209",100292.277511,100292.599427,"ambient_rustle",0.321916000000783,5
"2025-06-11 Lilian Dicentra","Lilian Martin - Dicentra/BTW/1_103/250415_1209",100306.398921,100308.223116,"ambient_squeak",1.82419499999378,6
"2025-06-11 Lilian Dicentra","Lilian Martin - Dicentra/BTW/1_103/250415_1209",100312.987482,100316.893405,"ambient_rustle",3.90592299999844,7
"2025-06-11 Lilian Dicentra","Lilian Martin - Dicentra/BTW/1_103/250415_1209",100327.04451,100327.280582,"ambient_scraping",0.236071999999695,8
"2025-06-11 Lilian Dicentra","Lilian Martin - Dicentra/BTW/1_103/250415_1209",100331.122121,100332.474171,"ins_buzz_low",1.35205000000133,9
"2025-06-11 Lilian Dicentra","Lilian Martin - Dicentra/BTW/1_103/250415_1209",100340.200171,100341.316149,"ins_buzz_low",1.11597800000163,10
"2025-06-11 Lilian Dicentra","Lilian Martin - Dicentra/BTW/1_103/250415_1209",100366.511493,100378.336565,"ambient_background",11.8250720000069,11
"2025-06-11 Lilian Dicentra","Lilian Martin - Dicentra/BTW/1_103/250415_1209",100392.801353,100395.956136,"ambient_background",3.15478299999086,12
"2025-06-11 Lilian Dicentra","Lilian Martin - Dicentra/BTW/1_103/250415_1209",100427.418125,100427.825886,"ambient_background",0.407761000009486,13
"2025-06-11 Lilian Dicentra","Lilian Martin - Dicentra/BTW/1_103/250415_1209",100431.324047,100432.096647,"ambient_squeak",0.772599999996601,14
"2025-06-11 Lilian Dicentra","Lilian Martin - Dicentra/BTW/1_103/250415_1209",100444.308019,100445.037697,"ambient_background",0.729678000003332,15
"2025-06-11 Lilian Dicentra","Lilian Martin - Dicentra/BTW/52/250415_1210",100476.134086,100477.815481,"ins_buzz_low",1.68139499999234,256
"2025-06-11 Lilian Dicentra","Lilian Martin - Dicentra/BTW/1_103/250415_1209",100517.453864,100520.019605,"ambient_background",2.56574099999852,16
"2025-06-11 Lilian Dicentra","Lilian Martin - Dicentra/BTW/1_103/250415_1209",100529.40289,100530.282573,"ambient_background",0.87968300000648,17
"2025-06-11 Lilian Dicentra","Lilian Martin - Dicentra/BTW/1_103/250415_1209",100532.188552,100532.59174,"ambient_background",0.40318799999659,18
"2025-06-11 Lilian Dicentra","Lilian Martin - Dicentra/BTW/1_103/250415_1209",100539.299322,100545.677024,"ambient_background",6.37770199999795,19
"2025-06-11 Lilian Dicentra","Lilian Martin - Dicentra/BTW/1_103/250415_1209",100551.138388,100552.567873,"ambient_background",1.42948500000057,20
"2025-06-11 Lilian Dicentra","Lilian Martin - Dicentra/SH/1_144/250415_1124",102975.0993,102977.61585,"ins_buzz_low",2.51655000000028,581
"2025-06-11 Lilian Dicentra","Lilian Martin - Dicentra/SH/1_144/250415_1124",102990.198601,102993.274384,"ins_buzz_low",3.0757830000075,582
"2025-06-11 Lilian Dicentra","Lilian Martin - Dicentra/SH/1_144/250415_1124",102997.608442,102999.565759,"ins_buzz_low",1.95731700000761,583
"2025-06-11 Lilian Dicentra","Lilian Martin - Dicentra/SH/1_144/250415_1124",103015.084484,103016.622376,"ins_buzz_low",1.53789199999301,585
"2025-06-11 Lilian Dicentra","Lilian Martin - Dicentra/SH/1_144/250415_1124",103051.155035,103052.972543,"ins_buzz_low",1.81750799999281,586
"2025-06-11 Lilian Dicentra","Lilian Martin - Dicentra/SH/1_144/250415_1124",103085.24601,103086.251635,"ins_buzz_low",1.00562499999069,588
"2025-06-11 Lilian Dicentra","Lilian Martin - Dicentra/SH/1_144/250415_1124",103111.392257,103112.123621,"ins_buzz_low",0.731364000006579,590
"2025-06-24 InsectSound1000","Luke - External Data Sources/InsectSound1000/Bombus_terrestris/2023510-16-19/000034/2023510-16-19_Bombus_terrestris_000034_s13_ch0",0,2.5,"ins_buzz_Bombus",2.5,4
"2025-06-24 InsectSound1000","Luke - External Data Sources/InsectSound1000/Bombus_terrestris/2023510-16-19/000034/2023510-16-19_Bombus_terrestris_000034_s85_ch0",0,2.5,"ins_buzz_Bombus",2.5,5
"2025-06-24 InsectSound1000","Luke - External Data Sources/InsectSound1000/Bombus_terrestris/2023510-16-19/000034/2023510-16-19_Bombus_terrestris_000034_s95_ch0",0,2.5,"ins_buzz_Bombus",2.5,6
"2025-06-24 InsectSound1000","Luke - External Data Sources/InsectSound1000/Coccinella_septempunctata/2023418-15-24/000000/2023418-15-24_Coccinella_septempunctata_000000_s1_ch0",0,2.5,"ambient_noise",2.5,10
"2025-06-24 InsectSound1000","Luke - External Data Sources/InsectSound1000/Coccinella_septempunctata/2023418-15-24/000000/2023418-15-24_Coccinella_septempunctata_000000_s10_ch0",0,2.5,"ambient_background",2.5,11
"2025-06-24 InsectSound1000","Luke - External Data Sources/InsectSound1000/Coccinella_septempunctata/2023418-15-24/000000/2023418-15-24_Coccinella_septempunctata_000000_s11_ch0",0,2.5,"ambient_background",2.5,12
"2025-06-24 InsectSound1000","Luke - External Data Sources/InsectSound1000/Coccinella_septempunctata/2023418-15-24/000000/2023418-15-24_Coccinella_septempunctata_000000_s12_ch0",0,2.5,"ambient_background",2.5,13
"2025-06-24 InsectSound1000","Luke - External Data Sources/InsectSound1000/Coccinella_septempunctata/2023418-15-24/000000/2023418-15-24_Coccinella_septempunctata_000000_s13_ch0",0,2.5,"ambient_background",2.5,14
"2025-06-24 InsectSound1000","Luke - External Data Sources/InsectSound1000/Coccinella_septempunctata/2023418-15-24/000000/2023418-15-24_Coccinella_septempunctata_000000_s14_ch0",0,2.5,"ambient_background",2.5,15
"2025-06-24 InsectSound1000","Luke - External Data Sources/InsectSound1000/Coccinella_septempunctata/2023418-15-24/000000/2023418-15-24_Coccinella_septempunctata_000000_s14_ch0",0,2.5,"ambient_background",2.5,16
"2025-06-24 InsectSound1000","Luke - External Data Sources/InsectSound1000/Coccinella_septempunctata/2023418-15-24/000000/2023418-15-24_Coccinella_septempunctata_000000_s15_ch0",0,2.5,"ambient_background",2.5,17
"2025-06-24 InsectSound1000","Luke - External Data Sources/InsectSound1000/Coccinella_septempunctata/2023418-15-24/000000/2023418-15-24_Coccinella_septempunctata_000000_s16_ch0",0,2.5,"ambient_noise",2.5,18
"2025-06-24 InsectSound1000","Luke - External Data Sources/InsectSound1000/Coccinella_septempunctata/2023418-15-24/000000/2023418-15-24_Coccinella_septempunctata_000000_s17_ch0",0,2.5,"ambient_background",2.5,19
"2025-06-24 InsectSound1000","Luke - External Data Sources/InsectSound1000/Coccinella_septempunctata/2023418-15-24/000000/2023418-15-24_Coccinella_septempunctata_000000_s18_ch0",0,2.5,"ambient_noise",2.5,20
"2025-06-24 InsectSound1000","Luke - External Data Sources/InsectSound1000/Coccinella_septempunctata/2023419-16-19/000017/2023419-16-19_Coccinella_septempunctata_000017_s47_ch0",0,2.5,"ins_buzz_Coccinella_strange",2.5,64
"2025-06-24 InsectSound1000","Luke - External Data Sources/InsectSound1000/Coccinella_septempunctata/2023419-16-19/000020/2023419-16-19_Coccinella_septempunctata_000020_s37_ch0",0,2.5,"ins_buzz_Coccinella_strange",2.5,66
"2025-06-24 InsectSound1000","Luke - External Data Sources/InsectSound1000/Coccinella_septempunctata/2023419-16-19/000060/2023419-16-19_Coccinella_septempunctata_000060_s92_ch0",0,2.5,"ins_buzz_Coccinella",2.5,88
"2025-06-24 InsectSound1000","Luke - External Data Sources/InsectSound1000/Episyrphus_balteatus/2023515-16-42/000001/2023515-16-42_Episyrphus_balteatus_000001_s91_ch0",0,2.5,"ins_buzz_Episyrphus",2.5,160
"2025-06-24 InsectSound1000","Luke - External Data Sources/InsectSound1000/Episyrphus_balteatus/2023515-16-42/000005/2023515-16-42_Episyrphus_balteatus_000005_s21_ch0",0,2.5,"ins_buzz_Episyrphus",2.5,161
"2025-06-24 InsectSound1000","Luke - External Data Sources/InsectSound1000/Episyrphus_balteatus/2023515-16-42/000037/2023515-16-42_Episyrphus_balteatus_000037_s56_ch3",0,2.5,"ins_buzz_Episyrphus",2.5,165
"2025-06-24 InsectSound1000","Luke - External Data Sources/InsectSound1000/Episyrphus_balteatus/2023515-16-42/000045/2023515-16-42_Episyrphus_balteatus_000045_s83_ch0",0,2.5,"ins_buzz_Episyrphus",2.5,169
"2025-06-24 InsectSound1000","Luke - External Data Sources/InsectSound1000/Episyrphus_balteatus/2023612-16-19/000001/2023612-16-19_Episyrphus_balteatus_000001_s46_ch0",0,2.5,"ins_buzz_Episyrphus",2.5,170
"2025-06-24 InsectSound1000","Luke - External Data Sources/InsectSound1000/Episyrphus_balteatus/2023612-16-19/000003/2023612-16-19_Episyrphus_balteatus_000003_s42_ch0",0,2.5,"ins_buzz_Episyrphus",2.5,171
"2025-06-24 InsectSound1000","Luke - External Data Sources/InsectSound1000/Episyrphus_balteatus/2023612-16-19/000005/2023612-16-19_Episyrphus_balteatus_000005_s100_ch0",0,2.5,"ins_buzz_Episyrphus",2.5,172
"2025-06-24 InsectSound1000","Luke - External Data Sources/InsectSound1000/Episyrphus_balteatus/2023612-16-19/000005/2023612-16-19_Episyrphus_balteatus_000005_s101_ch0",0,2.5,"ins_buzz_Episyrphus",2.5,173
"2025-06-24 InsectSound1000","Luke - External Data Sources/InsectSound1000/Episyrphus_balteatus/2023612-16-19/000005/2023612-16-19_Episyrphus_balteatus_000005_s102_ch0",0,2.5,"ins_buzz_Episyrphus",2.5,174
"2025-06-24 InsectSound1000","Luke - External Data Sources/InsectSound1000/Episyrphus_balteatus/2023612-16-19/000005/2023612-16-19_Episyrphus_balteatus_000005_s109_ch0",0,2.5,"ins_buzz_Episyrphus",2.5,175
"2025-06-24 InsectSound1000","Luke - External Data Sources/InsectSound1000/Episyrphus_balteatus/2023612-16-19/000005/2023612-16-19_Episyrphus_balteatus_000005_s110_ch0",0,2.5,"ins_buzz_Episyrphus",2.5,176
"2025-06-24 InsectSound1000","Luke - External Data Sources/InsectSound1000/Episyrphus_balteatus/2023612-16-19/000005/2023612-16-19_Episyrphus_balteatus_000005_s126_ch0",0,2.5,"ins_buzz_Episyrphus",2.5,177
"2025-06-24 InsectSound1000","Luke - External Data Sources/InsectSound1000/Episyrphus_balteatus/2023612-16-19/000005/2023612-16-19_Episyrphus_balteatus_000005_s128_ch0",0,2.5,"ins_buzz_Episyrphus",2.5,178
"2025-06-24 InsectSound1000","Luke - External Data Sources/InsectSound1000/Episyrphus_balteatus/2023612-16-19/000005/2023612-16-19_Episyrphus_balteatus_000005_s136_ch0",0,2.5,"ins_buzz_Episyrphus",2.5,179
"2025-06-24 InsectSound1000","Luke - External Data Sources/InsectSound1000/Episyrphus_balteatus/2023612-16-19/000005/2023612-16-19_Episyrphus_balteatus_000005_s143_ch0",0,2.5,"ins_buzz_Episyrphus",2.5,180
"2025-06-24 InsectSound1000","Luke - External Data Sources/InsectSound1000/Episyrphus_balteatus/2023612-16-19/000005/2023612-16-19_Episyrphus_balteatus_000005_s144_ch0",0,2.5,"ins_buzz_Episyrphus",2.5,181
"2025-06-24 InsectSound1000","Luke - External Data Sources/InsectSound1000/Episyrphus_balteatus/2023612-16-19/000005/2023612-16-19_Episyrphus_balteatus_000005_s15_ch0",0,2.5,"ins_buzz_Episyrphus",2.5,182
"2025-06-24 InsectSound1000","Luke - External Data Sources/InsectSound1000/Episyrphus_balteatus/2023612-16-19/000005/2023612-16-19_Episyrphus_balteatus_000005_s152_ch0",0,2.5,"ins_buzz_Episyrphus",2.5,183
"2025-06-24 InsectSound1000","Luke - External Data Sources/InsectSound1000/Episyrphus_balteatus/2023612-16-19/000005/2023612-16-19_Episyrphus_balteatus_000005_s153_ch0",0,2.5,"ins_buzz_Episyrphus",2.5,184
"2025-06-24 InsectSound1000","Luke - External Data Sources/InsectSound1000/Episyrphus_balteatus/2023612-16-19/000005/2023612-16-19_Episyrphus_balteatus_000005_s154_ch0",0,2.5,"ins_buzz_Episyrphus",2.5,185
"2025-06-24 InsectSound1000","Luke - External Data Sources/InsectSound1000/Episyrphus_balteatus/2023612-16-19/000005/2023612-16-19_Episyrphus_balteatus_000005_s155_ch0",0,2.5,"ins_buzz_Episyrphus",2.5,186
"2025-06-24 InsectSound1000","Luke - External Data Sources/InsectSound1000/Episyrphus_balteatus/2023612-16-19/000005/2023612-16-19_Episyrphus_balteatus_000005_s161_ch0",0,2.5,"ins_buzz_Episyrphus",2.5,187
"2025-06-24 InsectSound1000","Luke - External Data Sources/InsectSound1000/Episyrphus_balteatus/2023612-16-19/000005/2023612-16-19_Episyrphus_balteatus_000005_s169_ch0",0,2.5,"ins_buzz_Episyrphus",2.5,188
"2025-06-24 InsectSound1000","Luke - External Data Sources/InsectSound1000/Episyrphus_balteatus/2023612-16-19/000005/2023612-16-19_Episyrphus_balteatus_000005_s18_ch0",0,2.5,"ins_buzz_Episyrphus",2.5,189
"2025-06-24 InsectSound1000","Luke - External Data Sources/InsectSound1000/Episyrphus_balteatus/2023612-16-19/000005/2023612-16-19_Episyrphus_balteatus_000005_s24_ch0",0,2.5,"ins_buzz_Episyrphus",2.5,190
"2025-06-24 InsectSound1000","Luke - External Data Sources/InsectSound1000/Episyrphus_balteatus/2023612-16-19/000005/2023612-16-19_Episyrphus_balteatus_000005_s40_ch0",0,2.5,"ins_buzz_Episyrphus",2.5,191
"2025-06-24 InsectSound1000","Luke - External Data Sources/InsectSound1000/Episyrphus_balteatus/2023612-16-19/000005/2023612-16-19_Episyrphus_balteatus_000005_s45_ch0",0,2.5,"ins_buzz_Episyrphus",2.5,192
"2025-06-24 InsectSound1000","Luke - External Data Sources/InsectSound1000/Episyrphus_balteatus/2023612-16-19/000005/2023612-16-19_Episyrphus_balteatus_000005_s46_ch0",0,2.5,"ins_buzz_Episyrphus",2.5,193
"2025-06-24 InsectSound1000","Luke - External Data Sources/InsectSound1000/Episyrphus_balteatus/2023612-16-19/000005/2023612-16-19_Episyrphus_balteatus_000005_s48_ch0",0,2.5,"ins_buzz_Episyrphus",2.5,194
"2025-06-24 InsectSound1000","Luke - External Data Sources/InsectSound1000/Episyrphus_balteatus/2023612-16-19/000005/2023612-16-19_Episyrphus_balteatus_000005_s55_ch0",0,2.5,"ins_buzz_Episyrphus",2.5,195
"2025-06-24 InsectSound1000","Luke - External Data Sources/InsectSound1000/Episyrphus_balteatus/2023612-16-19/000005/2023612-16-19_Episyrphus_balteatus_000005_s56_ch0",0,2.5,"ins_buzz_Episyrphus",2.5,196
"2025-06-24 InsectSound1000","Luke - External Data Sources/InsectSound1000/Episyrphus_balteatus/2023612-16-19/000005/2023612-16-19_Episyrphus_balteatus_000005_s57_ch0",0,2.5,"ins_buzz_Episyrphus",2.5,197
"2025-06-24 InsectSound1000","Luke - External Data Sources/InsectSound1000/Episyrphus_balteatus/2023612-16-19/000005/2023612-16-19_Episyrphus_balteatus_000005_s58_ch0",0,2.5,"ins_buzz_Episyrphus",2.5,198
"2025-06-24 InsectSound1000","Luke - External Data Sources/InsectSound1000/Episyrphus_balteatus/2023612-16-19/000005/2023612-16-19_Episyrphus_balteatus_000005_s60_ch0",0,2.5,"ins_buzz_Episyrphus",2.5,199
"2025-06-24 InsectSound1000","Luke - External Data Sources/InsectSound1000/Episyrphus_balteatus/2023612-16-19/000005/2023612-16-19_Episyrphus_balteatus_000005_s61_ch0",0,2.5,"ins_buzz_Episyrphus",2.5,200
"2025-06-24 InsectSound1000","Luke - External Data Sources/InsectSound1000/Episyrphus_balteatus/2023612-16-19/000005/2023612-16-19_Episyrphus_balteatus_000005_s62_ch0",0,2.5,"ins_buzz_Episyrphus",2.5,201
"2025-06-24 InsectSound1000","Luke - External Data Sources/InsectSound1000/Episyrphus_balteatus/2023612-16-19/000005/2023612-16-19_Episyrphus_balteatus_000005_s63_ch0",0,2.5,"ins_buzz_Episyrphus",2.5,202
"2025-06-24 InsectSound1000","Luke - External Data Sources/InsectSound1000/Episyrphus_balteatus/2023612-16-19/000005/2023612-16-19_Episyrphus_balteatus_000005_s66_ch0",0,2.5,"ins_buzz_Episyrphus",2.5,203
"2025-06-24 InsectSound1000","Luke - External Data Sources/InsectSound1000/Episyrphus_balteatus/2023612-16-19/000005/2023612-16-19_Episyrphus_balteatus_000005_s69_ch0",0,2.5,"ins_buzz_Episyrphus",2.5,204
"2025-06-24 InsectSound1000","Luke - External Data Sources/InsectSound1000/Episyrphus_balteatus/2023612-16-19/000005/2023612-16-19_Episyrphus_balteatus_000005_s71_ch0",0,2.5,"ins_buzz_Episyrphus",2.5,205
"2025-06-24 InsectSound1000","Luke - External Data Sources/InsectSound1000/Episyrphus_balteatus/2023612-16-19/000005/2023612-16-19_Episyrphus_balteatus_000005_s72_ch0",0,2.5,"ins_buzz_Episyrphus",2.5,206
"2025-06-24 InsectSound1000","Luke - External Data Sources/InsectSound1000/Episyrphus_balteatus/2023612-16-19/000005/2023612-16-19_Episyrphus_balteatus_000005_s73_ch0",0,2.5,"ins_buzz_Episyrphus",2.5,207
"2025-06-24 InsectSound1000","Luke - External Data Sources/InsectSound1000/Episyrphus_balteatus/2023612-16-19/000005/2023612-16-19_Episyrphus_balteatus_000005_s78_ch0",0,2.5,"ins_buzz_Episyrphus",2.5,208
"2025-06-24 InsectSound1000","Luke - External Data Sources/InsectSound1000/Episyrphus_balteatus/2023612-16-19/000005/2023612-16-19_Episyrphus_balteatus_000005_s82_ch0",0,2.5,"ins_buzz_Episyrphus",2.5,209
"2025-06-24 InsectSound1000","Luke - External Data Sources/InsectSound1000/Episyrphus_balteatus/2023612-16-19/000005/2023612-16-19_Episyrphus_balteatus_000005_s83_ch0",0,2.5,"ins_buzz_Episyrphus",2.5,210
"2025-06-24 InsectSound1000","Luke - External Data Sources/InsectSound1000/Episyrphus_balteatus/2023612-16-19/000005/2023612-16-19_Episyrphus_balteatus_000005_s84_ch0",0,2.5,"ins_buzz_Episyrphus",2.5,211
"2025-06-24 InsectSound1000","Luke - External Data Sources/InsectSound1000/Episyrphus_balteatus/2023612-16-19/000005/2023612-16-19_Episyrphus_balteatus_000005_s85_ch0",0,2.5,"ins_buzz_Episyrphus",2.5,212
"2025-06-24 InsectSound1000","Luke - External Data Sources/InsectSound1000/Episyrphus_balteatus/2023612-16-19/000005/2023612-16-19_Episyrphus_balteatus_000005_s86_ch0",0,2.5,"ins_buzz_Episyrphus",2.5,213
"2025-06-24 InsectSound1000","Luke - External Data Sources/InsectSound1000/Episyrphus_balteatus/2023612-16-19/000005/2023612-16-19_Episyrphus_balteatus_000005_s87_ch0",0,2.5,"ins_buzz_Episyrphus",2.5,214
"2025-06-24 InsectSound1000","Luke - External Data Sources/InsectSound1000/Episyrphus_balteatus/2023612-16-19/000007/2023612-16-19_Episyrphus_balteatus_000007_s123_ch0",0,2.5,"ins_buzz_Episyrphus",2.5,215
"2025-06-24 InsectSound1000","Luke - External Data Sources/InsectSound1000/Episyrphus_balteatus/2023612-16-19/000010/2023612-16-19_Episyrphus_balteatus_000010_s53_ch0",0,2.5,"ins_buzz_Episyrphus",2.5,216
"2025-06-24 InsectSound1000","Luke - External Data Sources/InsectSound1000/Episyrphus_balteatus/2023612-16-19/000066/2023612-16-19_Episyrphus_balteatus_000066_s32_ch0",0,2.5,"ins_buzz_Episyrphus",2.5,218
"2025-06-24 InsectSound1000","Luke - External Data Sources/InsectSound1000/Episyrphus_balteatus/2023613-16-37/000001/2023613-16-37_Episyrphus_balteatus_000001_s146_ch2",0,2.5,"ins_buzz_Episyrphus",2.5,219
"2025-06-24 InsectSound1000","Luke - External Data Sources/InsectSound1000/Episyrphus_balteatus/2023613-16-37/000003/2023613-16-37_Episyrphus_balteatus_000003_s40_ch0",0,2.5,"ins_buzz_Episyrphus",2.5,220
"2025-06-24 InsectSound1000","Luke - External Data Sources/InsectSound1000/Episyrphus_balteatus/2023613-16-37/000003/2023613-16-37_Episyrphus_balteatus_000003_s88_ch0",0,2.5,"ins_buzz_Episyrphus",2.5,221
"2025-06-24 InsectSound1000","Luke - External Data Sources/InsectSound1000/Episyrphus_balteatus/2023613-16-37/000009/2023613-16-37_Episyrphus_balteatus_000009_s154_ch3",0,2.5,"ins_buzz_Episyrphus",2.5,222
"2025-06-24 InsectSound1000","Luke - External Data Sources/InsectSound1000/Episyrphus_balteatus/2023613-16-37/000009/2023613-16-37_Episyrphus_balteatus_000009_s31_ch3",0,2.5,"ins_buzz_Episyrphus",2.5,223
"2025-06-24 InsectSound1000","Luke - External Data Sources/InsectSound1000/Episyrphus_balteatus/2023613-16-37/000011/2023613-16-37_Episyrphus_balteatus_000011_s39_ch1",0,2.5,"ins_buzz_Episyrphus",2.5,224
"2025-06-24 InsectSound1000","Luke - External Data Sources/InsectSound1000/Episyrphus_balteatus/2023613-16-37/000012/2023613-16-37_Episyrphus_balteatus_000012_s36_ch1",0,2.5,"ins_buzz_Episyrphus",2.5,225
"2025-06-24 InsectSound1000","Luke - External Data Sources/InsectSound1000/Episyrphus_balteatus/2023613-16-37/000065/2023613-16-37_Episyrphus_balteatus_000065_s43_ch0",0,2.5,"ins_buzz_Episyrphus",2.5,226
"2025-06-24 InsectSound1000","Luke - External Data Sources/InsectSound1000/Episyrphus_balteatus/2023613-16-37/000066/2023613-16-37_Episyrphus_balteatus_000066_s89_ch3",0,2.5,"ins_buzz_Episyrphus",2.5,227
"2025-06-24 InsectSound1000","Luke - External Data Sources/InsectSound1000/Episyrphus_balteatus/2023613-16-37/000067/2023613-16-37_Episyrphus_balteatus_000067_s155_ch0",0,2.5,"ins_buzz_Episyrphus",2.5,228
"2025-06-24 InsectSound1000","Luke - External Data Sources/InsectSound1000/Episyrphus_balteatus/2023614-16-27/000003/2023614-16-27_Episyrphus_balteatus_000003_s54_ch0",0,2.5,"ins_buzz_Episyrphus",2.5,229
"2025-06-24 InsectSound1000","Luke - External Data Sources/InsectSound1000/Episyrphus_balteatus/2023614-16-27/000006/2023614-16-27_Episyrphus_balteatus_000006_s121_ch0",0,2.5,"ins_buzz_Episyrphus",2.5,230
"2025-06-24 InsectSound1000","Luke - External Data Sources/InsectSound1000/Episyrphus_balteatus/2023614-16-27/000007/2023614-16-27_Episyrphus_balteatus_000007_s70_ch0",0,2.5,"ins_buzz_Episyrphus",2.5,231
"2025-06-24 InsectSound1000","Luke - External Data Sources/InsectSound1000/Episyrphus_balteatus/2023614-16-27/000007/2023614-16-27_Episyrphus_balteatus_000007_s77_ch0",0,2.5,"ins_buzz_Episyrphus",2.5,232
"2025-06-24 InsectSound1000","Luke - External Data Sources/InsectSound1000/Episyrphus_balteatus/2023614-16-27/000007/2023614-16-27_Episyrphus_balteatus_000007_s92_ch0",0,2.5,"ins_buzz_Episyrphus",2.5,233
"2025-06-24 InsectSound1000","Luke - External Data Sources/InsectSound1000/Episyrphus_balteatus/2023614-16-27/000007/2023614-16-27_Episyrphus_balteatus_000007_s98_ch0",0,2.5,"ins_buzz_Episyrphus",2.5,234
"2025-06-24 InsectSound1000","Luke - External Data Sources/InsectSound1000/Episyrphus_balteatus/2023614-16-27/000008/2023614-16-27_Episyrphus_balteatus_000008_s116_ch3",0,2.5,"ins_buzz_Episyrphus",2.5,235
"2025-06-24 InsectSound1000","Luke - External Data Sources/InsectSound1000/Episyrphus_balteatus/2023614-16-27/000008/2023614-16-27_Episyrphus_balteatus_000008_s116_ch3",0,2.5,"ins_buzz_Episyrphus",2.5,236
"2025-06-24 InsectSound1000","Luke - External Data Sources/InsectSound1000/Episyrphus_balteatus/2023614-16-27/000008/2023614-16-27_Episyrphus_balteatus_000008_s95_ch3",0,2.5,"ins_buzz_Episyrphus",2.5,237
"2025-06-24 InsectSound1000","Luke - External Data Sources/InsectSound1000/Episyrphus_balteatus/2023614-16-27/000014/2023614-16-27_Episyrphus_balteatus_000014_s74_ch0",0,2.5,"ins_buzz_Episyrphus",2.5,239
"2025-06-24 InsectSound1000","Luke - External Data Sources/InsectSound1000/Episyrphus_balteatus/2023614-16-27/000014/2023614-16-27_Episyrphus_balteatus_000014_s9_ch0",0,2.5,"ins_buzz_Episyrphus",2.5,240
"2025-06-24 InsectSound1000","Luke - External Data Sources/InsectSound1000/Episyrphus_balteatus/2023614-16-27/000067/2023614-16-27_Episyrphus_balteatus_000067_s90_ch0",0,2.5,"ins_buzz_Episyrphus",2.5,242
"2025-06-24 InsectSound1000","Luke - External Data Sources/InsectSound1000/Episyrphus_balteatus/2023615-16-27/000001/2023615-16-27_Episyrphus_balteatus_000001_s13_ch0",0,2.5,"ins_buzz_Episyrphus",2.5,243
"2025-06-24 InsectSound1000","Luke - External Data Sources/InsectSound1000/Episyrphus_balteatus/2023615-16-27/000008/2023615-16-27_Episyrphus_balteatus_000008_s111_ch0",0,2.5,"ins_buzz_Episyrphus",2.5,245
"2025-06-24 InsectSound1000","Luke - External Data Sources/InsectSound1000/Episyrphus_balteatus/2023615-16-27/000008/2023615-16-27_Episyrphus_balteatus_000008_s16_ch0",0,2.5,"ins_buzz_Episyrphus",2.5,246
"2025-06-24 InsectSound1000","Luke - External Data Sources/InsectSound1000/Episyrphus_balteatus/2023615-16-27/000009/2023615-16-27_Episyrphus_balteatus_000009_s63_ch0",0,2.5,"ins_buzz_Episyrphus",2.5,247
"2025-06-24 InsectSound1000","Luke - External Data Sources/InsectSound1000/Episyrphus_balteatus/2023615-16-27/000010/2023615-16-27_Episyrphus_balteatus_000010_s8_ch0",0,2.5,"ins_buzz_Episyrphus",2.5,248
"2025-06-24 InsectSound1000","Luke - External Data Sources/InsectSound1000/Episyrphus_balteatus/2023615-16-27/000012/2023615-16-27_Episyrphus_balteatus_000012_s59_ch0",0,2.5,"ins_buzz_Episyrphus",2.5,249
"2025-06-24 InsectSound1000","Luke - External Data Sources/InsectSound1000/Episyrphus_balteatus/2023615-16-27/000013/2023615-16-27_Episyrphus_balteatus_000013_s48_ch0",0,2.5,"ins_buzz_Episyrphus",2.5,250
"2025-06-24 InsectSound1000","Luke - External Data Sources/InsectSound1000/Halyomorpha_halys/2022421-16-34/000001/2022421-16-34_Halyomorpha_halys_000001_s52_ch3",0,0.212109,"ins_buzz_Halyomorpha",0.212109,267
"2025-06-24 InsectSound1000","Luke - External Data Sources/InsectSound1000/Halyomorpha_halys/2022421-16-34/000005/2022421-16-34_Halyomorpha_halys_000005_s22_ch1",0,0.160626,"ins_buzz_Halyomorpha",0.160626,272
"2025-06-24 InsectSound1000","Luke - External Data Sources/InsectSound1000/Halyomorpha_halys/2022421-16-34/000010/2022421-16-34_Halyomorpha_halys_000010_s41_ch1",0,0.190114,"ins_buzz_Halyomorpha",0.190114,282
"2025-06-24 InsectSound1000","Luke - External Data Sources/InsectSound1000/Halyomorpha_halys/2022421-16-34/000067/2022421-16-34_Halyomorpha_halys_000067_s85_ch0",0,0.527567,"ins_buzz_Halyomorpha",0.527567,311
"2025-06-24 InsectSound1000","Luke - External Data Sources/InsectSound1000/Halyomorpha_halys/2022524-16-36/000026/2022524-16-36_Halyomorpha_halys_000026_s76_ch3",0,0.171103,"ins_buzz_Halyomorpha",0.171103,402
"2025-06-24 InsectSound1000","Luke - External Data Sources/InsectSound1000/Nezara_viridula/2022511-18-10/000018/2022511-18-10_Nezara_viridula_000018_s76_ch0",0,2.5,"ins_buzz_Nezara_strange",2.5,550
"2025-06-24 InsectSound1000","Luke - External Data Sources/InsectSound1000/Nezara_viridula/2022511-18-10/000025/2022511-18-10_Nezara_viridula_000025_s61_ch0",0,2.5,"ins_buzz_Nezara_strange",2.5,556
"2025-06-24 InsectSound1000","Luke - External Data Sources/InsectSound1000/Nezara_viridula/2022511-18-10/000025/2022511-18-10_Nezara_viridula_000025_s62_ch0",0,2.5,"ins_buzz_Nezara_strange",2.5,557
"2025-06-24 InsectSound1000","Luke - External Data Sources/InsectSound1000/Nezara_viridula/2022511-18-10/000050/2022511-18-10_Nezara_viridula_000050_s38_ch0",0,2.5,"ins_buzz_Nezara_strange",2.5,564
"2025-06-24 InsectSound1000","Luke - External Data Sources/InsectSound1000/Bombus_terrestris/2023510-16-19/000031/2023510-16-19_Bombus_terrestris_000031_s158_ch3",0.006574,2.592,"ins_buzz",2.585426,3
"2025-06-24 InsectSound1000","Luke - External Data Sources/InsectSound1000/Bombus_terrestris/202359-16-42/000021/202359-16-42_Bombus_terrestris_000021_s162_ch0",0.006574,2.592,"ins_buzz",2.585426,9
"2025-06-24 InsectSound1000","Luke - External Data Sources/InsectSound1000/Bombus_terrestris/202359-16-42/000004/202359-16-42_Bombus_terrestris_000004_s222_ch3",0.009861,2.592,"static",2.582139,8
"2025-06-24 InsectSound1000","Luke - External Data Sources/InsectSound1000/Episyrphus_balteatus/2023614-16-27/000014/2023614-16-27_Episyrphus_balteatus_000014_s95_ch0",0.009861,2.592,"ins_buzz",2.582139,241
"2025-06-24 InsectSound1000","Luke - External Data Sources/InsectSound1000/Episyrphus_balteatus/2023515-16-42/000045/2023515-16-42_Episyrphus_balteatus_000045_s54_ch0",0.019722,2.592,"ins_buzz",2.572278,168
"2025-06-24 InsectSound1000","Luke - External Data Sources/InsectSound1000/Episyrphus_balteatus/2023615-16-27/000008/2023615-16-27_Episyrphus_balteatus_000008_s11_ch0",0.019722,2.592,"ins_buzz",2.572278,244
"2025-06-24 InsectSound1000","Luke - External Data Sources/InsectSound1000/Episyrphus_balteatus/2023614-16-27/000013/2023614-16-27_Episyrphus_balteatus_000013_s21_ch3",0.026296,2.592,"ins_buzz",2.565704,238
"2025-06-24 InsectSound1000","Luke - External Data Sources/InsectSound1000/Bombus_terrestris/2023427-16-31/000000/2023427-16-31_Bombus_terrestris_000000_s118_ch3",0.029583,2.592,"ins_buzz_strange",2.562417,1
"2025-06-24 InsectSound1000","Luke - External Data Sources/InsectSound1000/Bombus_terrestris/2023510-16-19/000009/2023510-16-19_Bombus_terrestris_000009_s92_ch1",0.029583,2.592,"static",2.562417,2
"2025-06-24 InsectSound1000","Luke - External Data Sources/InsectSound1000/Episyrphus_balteatus/2023515-16-42/000032/2023515-16-42_Episyrphus_balteatus_000032_s19_ch3",0.039443,2.580261,"ins_buzz",2.540818,164
"2025-06-24 InsectSound1000","Luke - External Data Sources/InsectSound1000/Bombus_terrestris/202359-16-42/000004/202359-16-42_Bombus_terrestris_000004_s220_ch3",0.065739,2.592,"ambient_scraping",2.526261,7
"2025-06-24 InsectSound1000","Luke - External Data Sources/InsectSound1000/Nezara_viridula/2022523-16-40/000010/2022523-16-40_Nezara_viridula_000010_s66_ch1",0.139417,0.652725,"ins_buzz_Nezara",0.513308,587
"2025-06-24 InsectSound1000","Luke - External Data Sources/InsectSound1000/Nezara_viridula/2022523-16-40/000010/2022523-16-40_Nezara_viridula_000010_s67_ch1",0.158428,1.05513,"ins_buzz_Nezara",0.896702,588
"2025-06-24 InsectSound1000","Luke - External Data Sources/InsectSound1000/Halyomorpha_halys/2022524-16-36/000004/2022524-16-36_Halyomorpha_halys_000004_s44_ch0",0.161597,0.304183,"ins_buzz_Halyomorpha",0.142586,327
"2025-06-24 InsectSound1000","Luke - External Data Sources/InsectSound1000/Halyomorpha_halys/2022524-16-36/000011/2022524-16-36_Halyomorpha_halys_000011_s169_ch1",0.204373,0.790558,"ins_buzz_Halyomorpha",0.586185,377
"2025-06-24 InsectSound1000","Luke - External Data Sources/InsectSound1000/Halyomorpha_halys/202261-15-3/000024/202261-15-3_Halyomorpha_halys_000024_s15_ch1",0.490115,0.632208,"ins_buzz_Halyomorpha",0.142093,539
"2025-06-24 InsectSound1000","Luke - External Data Sources/InsectSound1000/Halyomorpha_halys/2022524-16-36/000005/2022524-16-36_Halyomorpha_halys_000005_s161_ch0",0.519645,0.865019,"ins_buzz_Halyomorpha",0.345374,335
"2025-06-24 InsectSound1000","Luke - External Data Sources/InsectSound1000/Halyomorpha_halys/2022421-8-56/000001/2022421-8-56_Halyomorpha_halys_000001_s4_ch0",0.755766,1.17998,"ins_buzz_Halyomorpha",0.424214,315
"2025-06-24 InsectSound1000","Luke - External Data Sources/InsectSound1000/Halyomorpha_halys/2022524-16-36/000005/2022524-16-36_Halyomorpha_halys_000005_s48_ch0",0.822243,1.13118,"ins_buzz_Halyomorpha",0.308937,346
"2025-06-24 InsectSound1000","Luke - External Data Sources/InsectSound1000/Halyomorpha_halys/2022421-16-34/000012/2022421-16-34_Halyomorpha_halys_000012_s29_ch0",0.841255,1.29436,"ins_buzz_Halyomorpha",0.453105,284
"2025-06-24 InsectSound1000","Luke - External Data Sources/InsectSound1000/Halyomorpha_halys/2022421-16-34/000052/2022421-16-34_Halyomorpha_halys_000052_s30_ch2",0.885615,1.25158,"ins_buzz_Halyomorpha",0.365965,309
"2025-06-24 InsectSound1000","Luke - External Data Sources/InsectSound1000/Halyomorpha_halys/2022421-16-34/000005/2022421-16-34_Halyomorpha_halys_000005_s39_ch1",0.92257,1.42916,"ins_buzz_Halyomorpha",0.50659,274
"2025-06-24 InsectSound1000","Luke - External Data Sources/InsectSound1000/Halyomorpha_halys/2022421-16-34/000025/2022421-16-34_Halyomorpha_halys_000025_s47_ch0",0.993346,1.27376,"ins_buzz_Halyomorpha",0.280414,298
"2025-06-24 InsectSound1000","Luke - External Data Sources/InsectSound1000/Episyrphus_balteatus/2023515-16-42/000045/2023515-16-42_Episyrphus_balteatus_000045_s54_ch0",1.072504,1.279583,"ins_buzz",0.207079,167
"2025-06-24 InsectSound1000","Luke - External Data Sources/InsectSound1000/Halyomorpha_halys/2022524-16-36/000005/2022524-16-36_Halyomorpha_halys_000005_s47_ch0",1.09474,1.36882,"ins_buzz_Halyomorpha",0.27408,343
"2025-06-24 InsectSound1000","Luke - External Data Sources/InsectSound1000/Episyrphus_balteatus/2023515-16-42/000032/2023515-16-42_Episyrphus_balteatus_000032_s19_ch3",1.173443,1.288487,"ins_buzz",0.115044,163
"2025-06-24 InsectSound1000","Luke - External Data Sources/InsectSound1000/Rhaphigaster_nebulos/2023104-16-43/000059/2023104-16-43_Rhaphigaster_nebulos_000059_s73_ch0",1.180017,2.592,"ins_buzz",1.411983,613
"2025-06-24 InsectSound1000","Luke - External Data Sources/InsectSound1000/Nezara_viridula/2022523-16-40/000010/2022523-16-40_Nezara_viridula_000010_s3_ch1",1.26109,1.81401,"ins_buzz_Nezara",0.55292,584
"2025-06-24 InsectSound1000","Luke - External Data Sources/InsectSound1000/Nezara_viridula/2022523-16-40/000066/2022523-16-40_Nezara_viridula_000066_s34_ch0",1.28327,1.66984,"ins_buzz_Nezara",0.38657,604
"2025-06-24 InsectSound1000","Luke - External Data Sources/InsectSound1000/Halyomorpha_halys/2022524-16-36/000004/2022524-16-36_Halyomorpha_halys_000004_s40_ch0",1.37041,1.65558,"ins_buzz_Halyomorpha",0.28517,326
"2025-06-24 InsectSound1000","Luke - External Data Sources/InsectSound1000/Halyomorpha_halys/2022524-16-36/000005/2022524-16-36_Halyomorpha_halys_000005_s67_ch0",1.50824,1.76489,"ins_buzz_Halyomorpha",0.25665,351
"2025-06-24 InsectSound1000","Luke - External Data Sources/InsectSound1000/Halyomorpha_halys/2022524-16-36/000014/2022524-16-36_Halyomorpha_halys_000014_s165_ch0",1.50824,1.75063,"ins_buzz_Halyomorpha",0.24239,386
"2025-06-24 InsectSound1000","Luke - External Data Sources/InsectSound1000/Halyomorpha_halys/2022421-16-34/000028/2022421-16-34_Halyomorpha_halys_000028_s37_ch0",1.56369,1.77757,"ins_buzz_Halyomorpha",0.21388,300
"2025-06-24 InsectSound1000","Luke - External Data Sources/InsectSound1000/Nezara_viridula/2022523-16-40/000010/2022523-16-40_Nezara_viridula_000010_s65_ch1",1.63657,1.91065,"ins_buzz_Nezara",0.27408,586
"2025-06-24 InsectSound1000","Luke - External Data Sources/InsectSound1000/Halyomorpha_halys/2022524-16-36/000043/2022524-16-36_Halyomorpha_halys_000043_s4_ch0",1.68726,1.9249,"ins_buzz_Halyomorpha",0.23764,421
"2025-06-24 InsectSound1000","Luke - External Data Sources/InsectSound1000/Halyomorpha_halys/2022421-16-34/000010/2022421-16-34_Halyomorpha_halys_000010_s33_ch1",1.69025,1.89727,"ins_buzz_Halyomorpha",0.20702,278
"2025-06-24 InsectSound1000","Luke - External Data Sources/InsectSound1000/Halyomorpha_halys/202261-15-3/000024/202261-15-3_Halyomorpha_halys_000024_s15_ch1",1.75041,1.93575,"ins_buzz_Halyomorpha",0.18534,540
"2025-06-24 InsectSound1000","Luke - External Data Sources/InsectSound1000/Halyomorpha_halys/2022524-16-36/000005/2022524-16-36_Halyomorpha_halys_000005_s6_ch0",1.76783,2.0278,"ins_buzz_Halyomorpha",0.25997,348
"2025-06-24 InsectSound1000","Luke - External Data Sources/InsectSound1000/Halyomorpha_halys/2022524-16-36/000004/2022524-16-36_Halyomorpha_halys_000004_s4_ch0",1.8346,2.05482,"ins_buzz_Halyomorpha",0.22022,325
"2025-06-24 InsectSound1000","Luke - External Data Sources/InsectSound1000/Halyomorpha_halys/2022524-16-36/000005/2022524-16-36_Halyomorpha_halys_000005_s104_ch0",1.85232,2.0668,"ins_buzz_Halyomorpha",0.21448,330
"2025-06-24 InsectSound1000","Luke - External Data Sources/InsectSound1000/Halyomorpha_halys/2022524-16-36/000003/2022524-16-36_Halyomorpha_halys_000003_s33_ch0",2.12136,2.33999,"ins_buzz_Halyomorpha",0.21863,323
"2025-06-24 InsectSound1000","Luke - External Data Sources/InsectSound1000/Halyomorpha_halys/2022524-16-36/000007/2022524-16-36_Halyomorpha_halys_000007_s126_ch0",2.22117,2.37643,"ins_buzz_Halyomorpha",0.15526,361
"2026-05-26 Automatic Annotations","Luke - Various Opportunistic Recordings/2025-04-22/50/250424_1835",20099.52,20100.48,"auto_ambient_night",0.959999999999127,14
"2026-05-26 Automatic Annotations","Luke - Various Opportunistic Recordings/2025-04-22/1_80/250424_1833",20874.24,20875.2,"auto_ambient_night",0.959999999999127,12
"2026-05-26 Automatic Annotations","Luke - Various Opportunistic Recordings/2025-04-22/1_51/250424_1831",21154.56,21155.52,"auto_ambient_night",0.959999999999127,18
"2026-05-26 Automatic Annotations","Luke - Various Opportunistic Recordings/2025-04-22/22/250424_1828",21528.96,21529.92,"auto_ambient_night",0.959999999999127,20
"2026-05-26 Automatic Annotations","Luke - Various Opportunistic Recordings/2025-04-22/1_51/250424_1831",21580.8,21581.76,"auto_ambient_night",0.959999999999127,15
"2026-05-26 Automatic Annotations","Luke - Various Opportunistic Recordings/2025-07-23/1_72/250724_1741_01",22535.04,22536,"auto_ambient_night",0.959999999999127,17
"2026-05-26 Automatic Annotations","Luke - Various Opportunistic Recordings/2025-04-22/1_44/250424_1827",23106.24,23107.2,"auto_ambient_night",0.959999999999127,10
"2026-05-26 Automatic Annotations","Luke - Various Opportunistic Recordings/2025-07-15/1_1/250715_1641",23368.32,23369.28,"auto_ambient_night",0.959999999999127,7
"2026-05-26 Automatic Annotations","Luke - Various Opportunistic Recordings/2025-04-22/22/250424_1828",23730.24,23731.2,"auto_ambient_night",0.959999999999127,19
"2026-05-26 Automatic Annotations","Luke - Various Opportunistic Recordings/2025-04-22/1_51/250424_1831",28445.76,28446.72,"auto_ambient_night",0.960000000002765,16
"2026-05-26 Automatic Annotations","Luke - Various Opportunistic Recordings/2025-04-22/1_51/250424_1831",28465.92,28466.88,"auto_ambient_night",0.960000000002765,13
"2026-05-26 Automatic Annotations","Luke - Various Opportunistic Recordings/2025-07-07/1_73/250707_1152",40097.28,40098.24,"auto_ambient_night",0.959999999999127,9
"2026-05-26 Automatic Annotations","Luke - Various Opportunistic Recordings/2025-07-07/1_73/250707_1152",40104,40104.96,"auto_ambient_night",0.959999999999127,8
"2026-05-26 Automatic Annotations","Luke - Various Opportunistic Recordings/2025-07-07/1_73/250707_1152",40111.68,40112.64,"auto_ambient_night",0.959999999999127,11
"2026-05-26 Automatic Annotations","Luke - Various Opportunistic Recordings/2025-04-22/1_76/250425_1927",111211.2,111212.16,"auto_ambient_night",0.960000000006403,6
