activation_ins_buzz,correct
-0.96759343,True
-0.9468848,True
-1.2705116,True
-0.9674607,True
0.078433484,True
-0.23999858,True
0.05192774,True
-0.8672821,True
-1.3915503,True
-1.1434629,True
-0.18971069,True
-2.112199,True
-1.2352306,True
-0.84473056,True
0.7872333,True
3.7719908,True
-0.13581005,True
-0.6111532,True
-0.5435787,True
-2.6729875,True
-2.6364923,True
-1.4051329,True
-2.3986557,True
-2.0665379,True
-2.2275372,True
-2.5341425,True
-2.0122075,False
-2.3601027,False
-2.6295052,False
-1.5704457,True
-0.2413727,True
1.4014814,True
0.97726285,True
-0.38327426,True
-2.2762663,True
-2.6161065,True
-2.556046,True
-2.3277256,True
-0.9892544,True
-2.4469576,True
-2.5632226,True
-2.8451102,True
-2.4721715,True
-2.4837954,True
-2.4905639,True
-1.0533448,True
-1.068363,True
-0.60968506,True
-0.54879236,True
-1.4187553,True
-2.5138352,True
-1.3970932,True
2.1514308,True
-1.8989832,True
-2.4775586,False
-2.4676409,False
-2.449841,False
-2.4341826,False
-2.2636635,False
-2.800813,False
-2.851841,False
-2.8861618,False
-2.6238554,False
-2.519914,False
-2.7792385,False
-2.9980264,False
-2.7578342,False
-2.6664376,False
-2.6247973,False
-2.3297536,False
-2.7241268,False
-2.7160807,False
-2.5442457,False
-2.393722,False
-2.43538,False
-2.5161288,False
-2.7942905,False
-2.4499145,False
-2.3018012,False
-2.3192527,False
-2.4527745,False
-2.3194115,False
-2.7913792,False
-2.4180245,False
-2.769116,False
-2.6087606,False
-2.6045647,False
-2.337881,False
-2.5263467,False
-2.3385906,False
-2.5289528,False
-2.7175307,False
-2.7560945,False
-2.6871727,False
-2.3902545,False
-2.4278183,False
-2.7134535,False
-2.5363634,False
-2.6525042,False
-2.495714,False
-2.2964544,False
-2.3499546,False
-2.472783,False
-2.7595122,False
-2.6958404,False
-2.70721,False
-2.8040326,False
-2.5935612,False
-2.665764,False
-2.892542,False
-2.6420603,False
-2.757203,False
-2.8786979,False
-2.6226401,False
-2.472622,False
-2.2285776,False
-2.6897519,False
-2.792725,False
-2.503248,False
-2.5762548,False
-2.506584,False
-2.8270676,False
-2.7832005,False
-2.4682136,False
-2.9107928,False
-2.531347,False
-2.4066682,False
-2.6368823,False
-2.7400346,False
-3.2006316,False
-3.1757202,False
-2.8499582,False
-2.2852879,False
-2.3756695,False
-2.5156946,False
-2.5906725,False
-2.7649703,False
-2.716258,False
-2.2997208,False
-2.430795,False
-2.520361,False
-2.3929968,False
-2.2557359,False
-2.458369,False
-2.6159275,False
-2.4467807,False
-2.414197,False
-2.3210907,False
-2.480195,False
-2.1309452,False
-2.237527,False
-2.765068,False
-2.7103326,False
-2.8533576,False
-2.9593372,False
-2.9032917,False
-2.7230694,False
-2.4718623,False
-2.534859,False
-2.7147453,False
-2.4031513,False
-2.5394232,False
-2.8170834,False
-2.8237796,False
-2.7966623,False
-2.5165782,False
-2.5528233,False
-2.5047338,False
-2.583364,False
-2.6657476,False
-2.6921785,False
-2.5926847,False
-2.647138,False
-2.4458954,False
-2.60873,False
-2.7290351,False
-2.763488,False
-2.6209154,False
-2.485859,False
-2.5057037,False
-2.4502094,False
-2.6669886,False
-2.5019991,False
-2.2578888,False
-2.5088072,False
-2.6429353,False
-2.862998,False
-2.7256126,False
-2.8671012,False
-2.737889,False
-2.644756,False
-2.8687248,False
-2.8288205,False
-3.2307005,False
-2.835569,False
-2.5558426,False
-2.6827993,False
-2.5680153,False
-2.349101,False
-2.2672153,False
-2.4587755,False
-2.3372998,False
-2.7372751,False
-2.5167117,False
-2.4183035,False
-2.3872633,False
-2.4052649,False
-2.639472,False
-2.7178214,False
-2.5525851,False
-2.50941,False
-2.437612,False
-2.577673,False
-2.5279768,False
-2.534992,False
-2.5166023,False
-2.5602283,False
-2.5338738,False
-2.779356,False
-2.9320757,False
-2.847348,False
-2.3331451,False
-2.8593695,False
-3.136191,False
-3.2332366,False
-3.0466716,False
-3.185539,False
-3.22217,False
-3.1798055,False
-3.4318888,False
-3.1415215,False
-3.4235365,False
-3.354494,False
-3.1459043,False
-2.8218017,False
-3.0519118,False
-3.0049067,False
-2.9368548,False
-3.075546,False
-2.8187866,False
-2.8894708,False
-2.960306,False
-3.438849,False
-3.4141634,False
-3.2319443,False
-2.976871,False
-2.7975762,False
-3.2352185,False
-3.127369,False
-2.9860344,False
-2.727129,False
-2.7927737,False
-3.1592848,False
-3.3214834,False
-3.0125704,False
-2.8619163,False
-3.2206564,False
-3.1204362,False
-3.2266533,False
-3.1441987,False
-2.6809797,False
-3.2244413,False
-2.9452043,False
-3.2385998,False
-3.1949098,False
-3.0060024,False
-3.0542607,False
-2.8960168,False
-2.9165635,False
-3.1241071,False
-3.2583342,False
-3.3456616,False
-3.3823724,False
-3.4396434,False
-3.3262665,False
-3.1712847,False
-3.2532706,False
-3.1780684,False
-2.91395,False
-2.9825013,False
-3.123222,False
-3.054325,False
-2.9970107,False
-3.140368,False
-2.8299258,False
-2.9182498,False
-2.88444,False
-3.0031354,False
-3.0476828,False
-2.9493122,False
-3.2054567,False
-3.2364535,False
-3.2263575,False
-3.217848,False
-3.4116411,False
-3.009907,False
-2.6185508,False
-3.3105383,False
-3.279836,False
-3.1258426,False
-3.1975,False
-3.4875088,False
-3.1709273,False
-3.1293912,False
-3.29302,False
-3.7295866,False
-3.3759956,False
-3.0602689,False
-3.1878943,False
-3.3127797,False
-3.1301181,False
-3.0308194,False
-2.8444672,False
-2.7662797,False
-2.9959254,False
-3.2299724,False
-3.1427722,False
-3.0642922,False
-3.1727867,False
-3.04603,False
-3.0128412,False
-3.1063282,False
-3.0223577,False
-2.9658997,False
-2.876103,False
-3.2940416,False
-3.3982937,False
-3.2938828,False
-3.1890695,False
-2.911427,False
-3.0881279,False
-2.6709309,False
-2.837385,False
-3.1604414,False
-3.1098087,False
-3.3878574,False
-3.1148605,False
-3.0573714,False
-3.1446269,False
-3.2258568,False
-3.6413155,False
-3.2456985,False
-3.2244353,False
-2.8773317,False
-3.3620758,False
-2.9652367,False
-2.7513573,False
-3.2349322,False
-3.1709635,False
-3.2680688,False
-3.0791183,False
-3.097208,False
-3.3224835,False
-2.994807,False
-2.8326948,False
-2.7784996,False
-3.4108272,False
-3.1249108,False
-3.162316,False
-3.0231688,False
-3.0349271,False
-3.036648,False
-3.127604,False
-3.0591798,False
-2.9948382,False
-2.9623492,False
-3.270257,False
-3.1255322,False
-2.9714563,False
-3.4308088,False
-3.4962127,False
-3.3326967,False
-3.4498274,False
-3.1986794,False
-3.2310977,False
-3.07798,False
-3.0292222,False
-3.5871148,False
-3.7241907,False
-3.4483232,False
-3.0615945,False
-3.0280569,False
-3.3362277,False
-3.4480948,False
-3.415897,False
-3.2068453,False
-2.8083575,False
-2.8361635,False
-3.1355486,False
-2.9311948,False
-2.9350948,False
-3.2849553,False
-3.4528363,False
-3.2518659,False
-3.43115,False
-3.1956825,False
-3.5455618,False
-3.3653822,False
-3.3603878,False
-3.2641087,False
-3.218063,False
-2.87974,False
-3.2343118,False
-3.2575366,False
-3.2688978,False
-2.8582375,False
-2.9451704,False
-2.7595253,False
-2.9650295,False
-3.2122688,False
-3.1482286,False
-2.9607227,False
-2.6004457,False
-2.6285698,False
-2.7725623,False
-2.8467488,False
-3.024163,False
-2.9842756,False
-2.8540528,False
-3.1449344,False
-3.0013602,False
-3.2542284,False
-3.0607262,False
-2.928675,False
-2.9512737,False
-2.939929,False
-2.645772,False
-2.7602189,False
-2.9201882,False
-2.882776,False
-2.8301845,False
-2.7707753,False
-2.9373798,False
-3.0635605,False
-2.7093434,False
-2.79653,False
-2.9673893,False
-2.9503338,False
-3.109952,False
-2.7653234,False
-2.7191284,False
-2.6185343,False
-2.9262972,False
-2.9886312,False
-3.0542097,False
-2.9584713,False
-3.059642,False
-3.3494153,False
-3.2990756,False
-3.596392,False
-3.1848197,False
-3.0658405,False
-2.9415767,False
-3.1777508,False
-3.3816915,False
-3.3330667,False
-3.0448065,False
-3.0423534,False
-2.9347281,False
-3.1104743,False
-3.201723,False
-3.2769265,False
-3.4987736,False
-3.1163492,False
-3.2265542,False
-2.7934537,False
-2.7078671,False
-2.6406653,False
-2.7657351,False
-2.7938192,False
-3.007204,False
-2.7788641,False
-3.2489107,False
-3.6654568,False
-3.650013,False
-3.1836977,False
-2.8856833,False
-2.876452,False
-2.8264441,False
-2.91582,False
-2.8555622,False
-2.785094,False
-3.0538867,False
-3.062146,False
-2.9536169,False
-3.0078042,False
-3.079041,False
-3.026822,False
-3.0045474,False
-2.949636,False
-3.1836576,False
-3.0200317,False
-3.1159248,False
-3.1069734,False
-3.258139,False
-3.1679347,False
-2.985722,False
-3.1026742,False
-3.0410101,False
-2.9131005,False
-2.9763618,False
-3.2445748,False
-3.0361094,False
-3.152938,False
-3.0104039,False
-3.242978,False
-2.7507446,False
-3.1226676,False
-3.2594113,False
-3.159063,False
-3.616547,False
-3.3196616,False
-3.5706277,False
-3.142231,False
-3.1976087,False
-2.8557932,False
-3.020692,False
-3.0096483,False
-3.112819,False
-3.097847,False
-3.5043938,False
-3.2606218,False
-3.1794944,False
-2.7610586,False
-2.9151683,False
-3.0021176,False
-3.1064806,False
-2.917671,False
-2.6881151,False
-2.8558419,False
-2.9912782,False
-3.3270261,False
-2.6788073,False
-2.6447134,False
-2.6210728,False
-2.7730222,False
-3.024938,False
-2.7831793,False
-3.0319738,False
-3.0565348,False
-2.933187,False
-3.0171592,False
-2.9986415,False
-2.993151,False
-3.055754,False
-2.8089724,False
-2.794306,False
-2.5152197,False
-2.8225646,False
-3.069297,False
-3.155001,False
-3.1021564,False
-2.8660858,False
-2.5741966,False
-2.9400878,False
-3.030996,False
-3.0755355,False
-3.0537896,False
-2.8792877,False
-3.093005,False
-3.3707576,False
-3.0861685,False
-2.8474932,False
-2.8112214,False
-2.581483,False
-2.660114,False
-2.9688272,False
-3.3432028,False
-3.4251854,False
-3.7258978,False
-3.6645198,False
-3.1973364,False
-2.923414,False
-2.915085,False
-2.6299171,False
-2.8586082,False
-3.039949,False
-3.2358346,False
-2.6664774,False
-3.1280103,False
-3.2693448,False
-3.3247728,False
-2.8683827,False
-2.99322,False
-3.218167,False
-3.035756,False
-3.2078772,False
-3.001443,False
-3.067034,False
-3.0184736,False
-3.1835985,False
-3.4232318,False
-3.2551272,False
-3.232221,False
-3.041552,False
-2.7189853,False
-2.9229865,False
-3.081472,False
-3.115223,False
-2.870122,False
-3.1767979,False
-3.135311,False
-3.038243,False
-2.7125685,False
-2.9356768,False
-3.05267,False
-3.190168,False
-3.2955556,False
-3.296934,False
-3.0097134,False
-2.6094494,False
-2.7192743,False
-2.3915517,False
-2.9075031,False
-3.32004,False
-3.4498775,False
-2.985948,False
-2.8106203,False
-2.7422366,False
-2.6902046,False
-2.8464546,False
-2.7071931,False
-2.9280195,False
-3.0156178,False
-3.0216587,False
-3.1290708,False
-2.7216423,False
-2.4984965,False
-2.8592665,False
-3.0331252,False
-3.1263297,False
-2.8423538,False
-3.6839185,False
-3.607565,False
-3.432431,False
-3.1938648,False
-2.829383,False
-3.0102134,False
-3.1003373,False
-2.8595195,False
-2.9242587,False
-2.9980552,False
-3.4390514,False
-2.821421,False
-2.8222086,False
-2.7244205,False
-2.6512659,False
-2.6464558,False
-2.9403608,False
-3.1457293,False
-2.900655,False
-2.9851935,False
-2.7826557,False
-2.811417,False
-3.1429486,False
-2.889217,False
-2.5832496,False
-2.782134,False
-2.9310446,False
-2.7901437,False
-2.8575177,False
-3.3605509,False
-2.9408488,False
-2.6950703,False
-3.141028,False
-2.8633611,False
-2.9270244,False
-2.88323,False
-2.8173528,False
-2.7163687,False
-2.8462508,False
-3.1122537,False
-3.0209556,False
-3.008579,False
-2.9929266,False
-2.9641044,False
-2.8136258,False
-2.9994564,False
-3.125724,False
-3.0554104,False
-2.8187006,False
-3.0410838,False
-2.7616467,False
-3.3671646,False
-2.933251,False
-3.31789,False
-3.225693,False
-3.4894557,False
-2.76924,False
-3.2376668,False
-3.0129871,False
-3.3394525,False
-2.9293454,False
-3.466499,False
-3.3144,False
-3.564867,False
-3.123769,False
-3.1958227,False
-3.2502174,False
-3.1153355,False
-2.8015647,False
-2.5542765,False
-2.3479707,False
-2.838695,False
-3.09004,False
-3.3816576,False
-2.987062,False
-2.7939553,False
-2.706158,False
-3.2065542,False
-3.1295853,False
-3.025668,False
-2.9180665,False
-2.7700825,False
-2.602632,False
-2.6758735,False
-2.7587698,False
-2.686898,False
-2.863686,False
-3.0840726,False
-3.0774403,False
-2.8659637,False
-3.0684774,False
-3.2155237,False
-3.4225624,False
-3.131221,False
-3.1053462,False
-3.113654,False
-3.0274215,False
-3.3173945,False
-2.8840256,False
-2.9938376,False
-2.9425178,False
-2.655094,False
-2.5933003,False
-3.2574353,False
-3.117111,False
-2.9820647,False
-3.0216641,False
-3.066622,False
-2.851371,False
-2.852053,False
-2.5815346,False
-2.815268,False
-2.962529,False
-3.1260257,False
-3.0803075,False
-2.9212675,False
-2.8175554,False
-2.9103808,False
-3.0885563,False
-3.3011048,False
-2.917059,False
-2.2055304,False
-2.2893653,False
-2.0401497,False
-2.723942,False
-2.9044552,False
-2.8073425,False
-3.0595777,False
-2.729931,False
-2.4981375,False
-2.445909,False
-2.5620573,False
-2.6226323,False
-2.8386583,False
-3.0862725,False
-2.676704,False
-3.2313385,False
-2.9989083,False
-2.9859698,False
-3.0093288,False
-2.868529,False
-2.935448,False
-2.9715261,False
-2.6749957,False
-3.0446973,False
-2.744141,False
-3.0480154,False
-3.0032334,False
-3.1955848,False
-2.962603,False
-2.9540882,False
-3.1678739,False
-2.9989767,False
-2.9515681,False
-2.7012696,False
-2.957111,False
-3.048022,False
-2.3990324,False
-2.8959372,False
-2.9210174,False
-3.0971963,False
-2.767007,False
-2.1592288,True
-2.4084918,True
-2.1157174,True
-2.4582462,True
-2.2811322,True
-2.0183988,True
-2.047255,True
-2.1287057,True
-2.3936653,True
-2.5924823,True
-2.5363955,True
-2.225241,True
-2.1334517,True
-2.170305,True
-2.1277933,True
-2.2321038,True
-2.3196168,True
-2.1269612,True
-2.5847135,False
-2.7335086,False
-2.871868,False
-2.555323,False
-2.6024632,False
-3.1095366,False
-2.6294513,False
-2.908642,False
-3.1584437,False
-2.6800227,False
-2.7397592,False
-2.6521597,False
-2.6369011,False
-2.753013,False
-2.2902339,False
-3.1605918,False
-2.4560978,False
-2.7434943,False
-3.120432,False
-3.1013265,False
-2.6623993,False
-2.585888,False
-2.504901,False
-2.530515,False
-2.8558006,False
-2.9430568,False
-3.137178,False
-2.908681,False
-3.0770068,False
-3.0644703,False
-2.6859095,False
-2.6571329,False
-2.7817857,False
-3.0812817,False
-3.0028296,False
-2.7183022,False
-2.5175812,False
-2.3415384,False
-2.434231,False
-2.361639,False
-2.8145251,False
-2.8950605,False
-3.0088181,False
-3.0730891,False
-3.1724863,False
-3.0750601,False
-2.9259222,False
-2.905993,False
-2.5562892,False
-2.8345294,False
-2.8037262,False
-2.7999797,False
-2.7419343,False
-2.6067784,False
-2.6842065,False
-2.795347,False
-3.0229232,False
-2.9058714,False
-2.7731502,False
-2.8124144,False
-3.0242548,False
-2.80339,False
-2.9088173,False
-2.8257415,False
-2.6992285,False
-2.841596,False
-2.6045747,False
-2.7857614,False
-3.0315876,False
-2.5518367,False
-2.6688883,False
-2.5895665,False
-2.5405312,False
-2.5643315,False
-2.7336059,False
-2.8824096,False
-3.4979982,False
-3.4354835,False
-3.5927987,False
-3.472088,False
-3.3782268,False
-3.398162,False
-3.466408,False
-3.4248626,False
-3.4080029,False
-3.1510084,False
-3.2055118,False
-3.1907663,False
-3.1228194,False
-2.9915297,False
-3.1281614,False
-3.0737238,False
-3.1000583,False
-3.2838063,False
-3.1646037,False
-3.4674857,False
-3.3003368,False
-3.1748672,False
-3.1831014,False
-3.391415,False
-3.724795,False
-3.52195,False
-3.7260277,False
-3.745205,False
-3.4113092,False
-3.4940865,False
-3.2224545,False
-3.1918232,False
-3.282743,False
-3.619023,False
-3.4984944,False
-3.6216688,False
-3.820773,False
-3.26443,False
-3.0787702,False
-3.2555518,False
-3.1883223,False
-3.354594,False
-3.157143,False
-3.2621317,False
-3.284712,False
-3.491688,False
-3.6476676,False
-3.2562337,False
-3.2604375,False
-3.2990303,False
-3.37691,False
-3.2486289,False
-3.3965905,False
-3.4389362,False
-3.5074553,False
-3.2851775,False
-3.4595287,False
-3.28109,False
-3.1780233,False
-3.1076727,False
-3.2785335,False
-3.4330344,False
-3.2129672,False
-3.3253179,False
-3.2661347,False
-3.5983458,False
-3.5129254,False
-3.0819855,False
-3.299809,False
-3.136678,False
-3.345062,False
-3.4020185,False
-3.150156,False
-3.3316061,False
-3.2556026,False
-3.123179,False
-2.5531578,False
-2.8054109,False
-3.073865,False
-2.8095653,False
-2.5694664,False
-2.773032,False
-2.7919006,False
-2.7269268,False
-2.9010804,False
-2.772205,False
-2.8843486,False
-2.7229817,False
-2.933142,False
-2.9871619,False
-3.1729555,False
-2.7085173,False
-2.7158017,False
-2.666398,False
-2.5650828,False
-2.990274,False
-3.0139809,False
-3.0083108,False
-2.677082,False
-2.5228384,False
-2.6040514,False
-2.654696,False
-2.4720495,False
-2.6901083,False
-2.416573,False
-2.7530837,False
-2.8577464,False
-2.6974204,False
-2.7083826,False
-2.6498175,False
-2.7245605,False
-2.7776442,False
-3.1177907,False
-2.994275,False
-3.2614002,False
-3.3036034,False
-3.1996853,False
-3.0248866,False
-2.4781327,False
-2.4451795,False
-2.4035485,False
-2.8206189,False
-2.9375288,False
-2.6967974,False
-2.721847,False
-2.3936548,False
-2.1740255,False
-2.4990962,False
-2.5185869,False
-2.7285259,False
-2.5821548,False
-2.3013759,False
-2.5021827,False
-2.2197847,False
-2.500127,False
-2.3024259,False
-2.6243348,False
-2.5648263,False
-2.564938,False
-2.7255135,False
-2.708871,False
-2.5774517,False
-2.4249325,False
-2.3710644,False
-2.4221747,False
-2.9274921,False
-3.0026467,False
-3.0136797,False
-3.0611854,False
-3.033672,False
-3.0457966,False
-2.9490283,False
-2.7996457,False
-2.7212043,False
-2.599142,False
-2.688914,False
-2.5742376,False
-2.5014408,False
-2.7057528,False
-2.8347151,False
-2.7219718,False
-2.52818,False
-2.8518457,False
-2.831697,False
-2.882492,False
-2.5942771,False
-2.6728642,False
-2.748143,False
-2.5712533,False
-2.304417,False
-2.5018883,False
-2.9189625,False
-2.5867941,False
-2.582348,False
-2.7203069,False
-3.0662432,False
-3.1036644,False
-2.753761,False
-2.756968,False
-2.7802982,False
-2.7113657,False
-2.6507566,False
-2.760687,False
-2.9369476,False
-3.0222323,False
-2.6894858,False
-2.763944,False
-2.4337087,False
-2.4368963,False
-2.5426743,False
-2.4777424,False
-2.7954383,False
-2.6119347,False
-2.6045547,False
-2.7836814,False
-3.0487206,False
-3.020497,False
-2.980642,False
-3.114744,False
-3.2177768,False
-3.3475018,False
-3.0878613,False
-2.9170256,False
-2.9446795,False
-2.7623777,False
-2.5722513,False
-2.763033,False
-2.6278977,False
-2.9588504,False
-3.1961794,False
-3.6045828,False
-3.495871,False
-3.1209228,False
-2.8882637,False
-2.5596068,False
-2.8347495,False
-3.0447488,False
-3.1043813,False
-3.218684,False
-3.1210916,False
-3.186999,False
-3.1762516,False
-3.0707397,False
-3.2363212,False
-3.3545449,False
-3.2328036,False
-3.137387,False
-2.7648063,False
-2.8473632,False
-3.0312028,False
-3.1767442,False
-3.053129,False
-3.2051373,False
-3.1642227,False
-3.3903272,False
-3.0412734,False
-2.9239995,False
-2.9766881,False
-3.22862,False
-3.421207,False
-3.5415454,False
-3.342499,False
-3.3093984,False
-2.718399,False
-2.6175628,False
-2.903151,False
-3.1080089,False
-2.9870362,False
-3.1536791,False
-3.0299673,False
-3.1571763,False
-2.9479465,False
-3.027262,False
-3.1360345,False
-2.9915433,False
-2.9167876,False
-2.9286172,False
-2.6416554,False
-2.640829,False
-2.5898798,False
-2.6403902,False
-2.7396498,False
-2.8304348,False
-3.2220225,False
-2.7323318,False
-2.817255,False
-2.3557553,False
-2.6840518,False
-2.825319,False
-3.1068504,False
-3.067136,False
-2.577479,False
-2.3593364,False
-2.4447665,False
-2.7422557,False
-2.4754667,False
-1.4056138,False
-2.1686978,False
-2.8198075,False
-2.647614,False
-2.5299768,False
-2.5673556,False
-2.9556756,False
-2.595574,False
-2.321349,False
-2.1634095,False
-2.3697917,False
-2.2826452,False
-2.314583,False
-2.149106,False
-2.2338712,False
-2.1696227,False
-2.0605626,False
-2.2879052,False
-2.2954352,False
-2.1540203,False
-2.685237,False
-2.7483332,False
-2.8995266,False
-2.671298,False
-2.825945,False
-2.964428,False
-2.296948,False
-2.2739441,False
-2.0905218,False
-2.2691114,False
-2.4073758,False
-2.459886,False
-2.8046427,False
-2.7264957,False
-2.2950468,False
-2.3647985,False
-2.5863583,False
-2.6477678,False
-2.6845577,False
-2.51731,False
-2.4258811,False
0.09516406,False
-2.683596,False
-2.4163744,False
-2.4318624,False
-2.753907,False
-2.9814582,False
-2.8848763,False
-2.8071575,False
-2.6620283,False
-2.516433,False
-2.4287603,False
-2.629102,False
-2.749306,False
-2.5674312,False
-2.6697388,False
-2.433547,False
-2.31879,False
-2.2963147,False
-2.8534384,False
-3.0890536,False
-2.7896464,False
-2.7506313,False
-2.6344938,False
-2.7004642,False
-2.7725177,False
-2.7323384,False
-2.680847,False
-2.4706917,False
-2.5443788,False
-2.2705452,False
-2.299405,False
-2.4352932,False
-2.4770985,False
-2.4487975,False
-2.5905912,False
-2.4831614,False
-2.4430304,False
-2.4865186,False
-2.684393,False
-2.4116344,False
-2.407031,False
-2.379985,False
-2.5790675,False
-2.7015321,False
-2.401462,False
-2.2201452,False
-2.5073814,False
-2.518756,False
-2.7294157,False
-2.5620065,False
-2.7821546,False
-2.654457,False
-2.683933,False
-2.862525,False
-2.7777426,False
-2.603313,False
-2.6911178,False
-2.5081158,False
-2.6527574,False
-2.7567067,False
-2.7715664,False
-2.884442,False
-2.954386,False
-3.4787376,False
-3.471757,False
-3.0733874,False
-3.1498349,False
-3.21418,False
-3.067953,False
-2.9047391,False
-2.9978251,False
-3.174782,False
-3.108323,False
-3.0096262,False
-3.326855,False
-3.434474,False
-3.7684648,False
-3.4819584,False
-3.4626608,False
-3.2601738,False
-2.8741674,False
-2.882486,False
-3.5757754,False
-2.8450031,False
-2.9726715,False
-2.9182894,False
-3.3002553,False
-2.6856365,False
-2.034958,False
-2.1904187,False
-2.597793,False
-2.4007118,False
-2.4547012,False
-2.428803,False
-2.4579701,False
-2.1967235,False
-2.2854855,False
-2.7871292,False
-1.9255719,False
-3.08704,False
-2.9311395,True
-2.277813,True
-2.6865385,True
-2.1342108,True
-1.2587825,True
-2.3235106,False
-1.9376794,False
-3.0486193,False
-2.9456868,False
-3.224175,False
-2.1220171,False
-2.7722805,False
-2.5794954,False
-2.4293623,False
-2.1684184,False
-2.2253728,False
-2.3533983,False
-2.1143668,False
-2.5426352,False
-2.586533,False
-2.7892535,False
-2.540422,False
-2.4971347,False
-2.4927387,False
-2.3710294,False
-2.54516,False
-2.7709124,False
-2.856556,False
-2.9066057,False
-2.6533754,False
-2.911456,False
-2.786355,False
-2.7835088,False
-2.8072488,False
-2.6407652,False
-2.8205664,False
-2.6936185,False
-2.4726558,False
-2.8333087,False
-2.9265184,False
-2.9774127,False
-2.528905,False
-2.5182593,False
-3.073276,False
-2.7995398,False
-2.7934246,False
-2.7471888,False
-2.9577327,False
-2.985325,False
-2.301315,False
-2.396954,False
-2.7411323,False
-2.2277765,False
-2.6181111,False
-2.5021536,False
-2.3421662,False
-2.5010612,False
-2.7290483,False
-2.94481,False
-2.743194,False
-2.6923952,False
-2.810655,False
-2.4303067,False
-2.4687133,False
-2.334916,False
-2.3763602,False
-2.292753,False
-2.3520637,False
-2.331009,False
-2.3821726,False
-2.3900285,False
-2.613585,False
-2.5502684,False
-2.599802,False
-2.4287093,False
-2.3323674,False
-2.183457,False
-2.3467908,False
-2.438014,False
-2.16251,False
-2.383748,False
-2.321839,False
-2.782668,False
-2.2645104,False
-1.9496869,False
-2.4153478,False
-2.480946,False
-2.4703043,False
-2.5594482,False
-2.492415,False
-2.3339548,False
-2.2380257,False
-2.4970531,False
-2.4305396,False
-2.662091,False
-2.7888336,False
-2.8200028,False
-2.3856614,False
-2.4304996,False
-2.4676256,False
-2.5303442,False
-2.6357515,False
-2.8801012,False
-2.3411033,False
-2.2767262,False
-2.5167336,False
-2.513389,False
-2.6526217,False
-2.3028293,False
-2.4032085,False
-2.7726445,False
-2.4860604,True
-2.6549664,True
-2.2309132,True
-2.1113834,True
-2.905755,True
-2.7614543,True
-2.6347356,True
-2.4884453,True
-2.5260298,True
-2.1309195,True
-2.277474,True
-2.2557077,True
-2.351254,True
-2.199153,True
-2.5907338,True
-2.2323487,True
-2.446851,True
-2.3478422,True
-2.4307854,True
-2.0513558,True
-2.4988737,True
-2.302825,True
-2.1999762,True
-2.4136887,True
-2.3185303,True
-2.1622941,True
-2.062998,True
-1.9895207,True
-2.440086,True
-2.6347728,True
-2.2477121,True
-2.79725,True
-2.5661983,True
-2.7122216,True
-2.6676764,True
-2.2588592,True
-2.427003,True
-2.3675287,True
-2.5073829,True
-2.2548797,True
-2.9035306,True
-2.4748585,True
-2.740254,True
-2.532842,True
-2.2268932,True
-2.2419395,True
-2.534997,True
-2.2349267,True
-1.7863396,True
-2.3867993,True
-2.403865,True
-2.1067016,True
-2.027557,True
-2.3865077,True
-2.2547932,True
-2.039886,True
-2.6049976,True
-2.161157,True
-2.075872,True
-2.3870325,True
-2.3450031,True
-2.2860897,True
-2.7556927,True
-2.5561137,True
-2.4727113,True
-2.541617,True
-2.465659,True
-2.600798,True
-2.9408803,True
-2.391541,True
-2.3958776,True
-2.832074,True
-2.6722798,False
-2.4711614,False
-2.0625536,False
-2.4242158,False
-2.318262,False
-2.258905,False
-2.6613326,False
-2.8936167,False
-2.3995836,False
-2.0811095,False
-2.394266,False
-2.2090673,False
-2.145624,False
-2.1005087,False
-2.3791268,False
-2.366825,False
-2.3748295,False
-2.2719724,False
-2.5903268,False
-2.5348268,False
-2.2637029,False
-2.517571,False
-2.486266,False
-2.425173,False
-2.8386295,False
-2.8595788,False
-2.4461312,False
-2.7380624,False
-2.6808913,False
-2.5703306,False
-2.5098236,False
-2.5173175,False
-2.6747324,False
-2.788553,False
-2.7667606,False
-2.72182,False
-2.4485362,False
-2.559276,False
-2.5060105,False
-2.916142,False
-2.6773388,False
-2.645224,False
-2.8154297,False
-2.611521,False
-2.692162,False
-2.684708,False
-2.54593,False
-3.0622396,False
-3.2659,False
-3.0455432,False
-2.5578494,False
-2.6900396,False
-2.5583167,False
-2.3044405,False
-2.388745,False
-2.5335057,False
-2.5500674,False
-3.1831079,False
-3.143739,False
-3.256567,False
-3.413844,False
-3.433854,False
-3.041,False
-3.137796,False
-2.9362702,False
-3.0460298,False
-3.241809,False
-3.3007057,False
-3.6096654,False
-3.389512,False
-3.231691,False
-3.139046,False
-3.4167817,False
-3.73846,False
-3.9145055,False
-3.8272672,False
-3.7413113,False
-3.2981014,False
-3.4216475,False
-3.4354944,False
-3.6647902,False
-3.4982402,False
-4.0162554,False
-3.5509357,False
-3.5374486,False
-3.4644191,False
-3.218976,False
-3.661771,False
-3.522472,False
-3.5137572,False
-3.494336,False
-3.2868764,False
-3.2989225,False
-3.0713649,False
-3.5921493,False
-3.508865,False
-3.7019901,False
-3.5628996,False
-4.1844535,False
-3.448558,False
-3.9023585,False
-3.7266808,False
-3.7911253,False
-3.3341079,False
-3.1126468,False
-3.3186643,False
-3.531545,False
-3.236245,False
-3.1624327,False
-3.2006798,False
-2.7894645,False
-3.0140495,False
-3.0034854,False
-3.1190321,False
-2.8742626,False
-2.6657732,False
-2.6796157,False
-2.733918,False
-3.031693,False
-2.784435,False
-2.7994785,False
-2.852854,False
-3.0189471,False
-2.4942648,False
-2.7693448,False
-3.184677,False
-2.9189498,False
-2.9488478,False
-2.9142272,False
-2.8974159,False
-2.8451726,False
-2.9369712,False
-2.8125823,False
-2.9133759,False
-3.0887864,False
-3.4797764,False
-3.2870996,False
-3.036283,False
-2.9363725,False
-3.0868816,False
-2.822189,False
-2.5538676,False
-1.5795454,True
-1.4848773,True
-2.6112797,True
-2.2916079,True
-2.3396277,True
-2.6546226,True
-2.6287549,True
-2.0474346,True
-1.9518437,True
-2.6039915,True
-2.3034146,True
-2.3689044,True
-2.6294708,True
-2.2108405,True
-2.0798726,True
-2.2138388,True
-2.0362005,True
-2.2617307,True
-0.013352875,True
-2.2531326,True
-0.48983753,True
-2.434365,True
-2.22729,True
-2.1566908,True
-2.267079,True
-2.2587132,True
-2.3902674,True
-0.6306886,True
-2.4404502,True
-2.040357,True
-2.07804,True
-2.562121,True
-2.6492658,True
-1.5372862,True
-2.038082,True
-2.5332532,True
-2.5103533,True
-2.474184,True
1.0283267,True
-2.4289923,True
-2.532795,True
-2.1540194,True
-2.2277973,True
-2.0736587,True
-1.2740831,True
-2.5026557,True
-2.3844144,True
-2.0924444,True
-2.2103517,True
-2.515314,False
-2.762062,False
-2.5442915,False
-2.7048357,False
-2.7330875,False
-3.0502572,False
-2.870411,False
-3.1357553,False
-3.0947492,False
-2.4153578,False
-2.3507257,False
-2.6159697,True
-1.9165438,True
-2.2754555,True
-3.12087,True
-3.060089,True
0.44400242,True
0.59458274,True
-1.4297675,True
-2.517296,True
-2.5681186,True
-2.4739106,True
-2.3282232,True
-2.960205,False
-3.169517,False
-3.0330002,False
-3.1624482,False
-2.7634687,False
-2.369175,False
-2.6232975,False
-2.8194447,False
-2.4437387,False
-2.7876196,False
-2.8448324,False
-2.4861217,False
-2.6751633,False
-2.8186028,False
-2.152059,False
-2.1287966,False
-2.3494194,False
-2.7917333,False
-3.4160373,False
-2.9855127,False
-3.1405954,False
-2.8079002,False
-2.4275692,False
-2.6018522,False
-2.5352411,False
-2.6436222,False
-2.620704,False
-2.598269,False
-2.6308038,False
-2.4186742,False
-2.503771,False
-2.7862134,False
-2.2702768,False
-3.004662,False
-2.687961,False
-2.1403944,False
-2.2772634,False
-2.8487244,False
-2.661179,False
-1.8983582,False
-2.283938,False
-2.079477,False
-2.6850615,False
-2.9471815,False
-2.7935176,False
-3.3688822,False
-3.1158566,False
-2.796358,False
-2.8448849,False
-2.6010218,False
-2.8151455,False
-2.6134872,False
-2.3789754,False
-2.5180845,False
-2.747485,False
-2.25564,False
-2.5448046,False
-2.550617,False
-2.6005588,False
-2.8545048,False
-1.6768029,False
-2.3915658,False
-2.6441162,False
-2.5242271,False
-2.8428068,False
-2.4352086,False
-2.2957485,False
-2.3493016,False
-2.9549518,False
-2.2486115,False
-2.6231368,False
-2.5254524,False
-1.8661602,False
-2.1218219,False
-2.376564,False
-2.5601628,False
-2.3776898,False
-2.0816464,False
-2.3281126,False
-2.465251,False
-2.3639443,False
-2.4866004,True
-2.0713294,True
-1.0065459,True
-0.66970176,True
-1.7040979,True
-0.9253894,True
-2.8875356,False
-2.7637513,False
-2.3624454,False
-2.277441,False
-2.561713,False
-2.5833437,False
-2.3593311,False
-2.1094704,False
-2.4236164,False
-2.789849,False
-2.737282,False
-3.069944,False
-2.671272,False
-2.59147,False
-2.4108934,False
-2.640387,False
-2.553584,False
-2.5978172,False
-2.6793935,False
-2.655251,False
-2.6925673,False
-2.5474837,False
-2.780549,False
-2.8660429,False
-2.6265018,False
-2.9401703,False
-2.9269803,False
-3.0784779,False
-2.9364307,False
-2.7966557,False
-2.5619876,False
-2.434918,False
-2.5765789,False
-2.7253575,False
-3.017631,False
-2.3639958,False
-2.3517947,False
-2.3817368,False
-2.530158,False
-2.6612635,False
-2.6049924,False
-2.8193328,False
-2.6324859,False
-2.5639334,False
-2.4827266,False
-2.573365,False
-2.2375352,False
-2.5122921,False
-2.7680006,False
-2.5961497,False
-2.475716,False
-2.7889466,False
-2.426323,False
-2.5209446,False
-2.6334062,False
-2.5493326,False
-2.498718,False
-2.5987122,False
-2.7074742,False
-2.2490034,False
-2.4052932,False
-2.2060494,False
-2.4809864,False
-2.3920074,False
-2.3579254,False
-2.5662274,False
-2.4130206,False
-2.5116506,False
-2.5303152,False
-2.502342,False
-2.6326783,False
-2.4075923,False
-2.8331678,False
-2.8260734,False
-2.534111,False
-2.4028106,False
-2.4063828,False
-2.488382,False
-2.5617757,False
-2.6920576,False
-2.7902308,False
-2.7994986,False
-3.0017393,False
-2.7180123,False
-2.8021026,False
-2.8584576,False
-3.0949788,False
-2.6997488,False
-2.7479136,False
-2.8193266,False
-2.828097,False
-2.9213638,False
-2.5266914,False
-2.6890144,False
-2.4071088,False
-2.279923,False
-2.5168805,False
-2.350659,False
-2.6940684,False
-2.5493374,False
-2.8282502,False
-2.7384603,False
-2.6213272,False
-2.50562,False
-2.0980637,False
-2.6174884,False
-2.415342,False
-2.4303277,False
-2.4897935,False
-2.6564863,False
-2.7388465,False
-3.2965436,False
-3.2147834,False
-2.7233078,False
-2.5854783,False
-2.7998664,False
-2.6711354,False
-2.788485,False
-2.431318,False
-2.2564075,False
-2.6513312,False
-2.4189425,False
-2.6422286,False
-2.3718572,False
-2.6932614,False
-2.8719106,False
-2.6318488,False
-2.54358,False
-2.5079613,False
-2.935425,False
-2.6565242,False
-2.4592793,False
-2.4584115,False
-2.596119,False
-2.806521,False
-2.8243,False
-2.8681202,False
-2.8860145,False
-2.5014055,False
-2.860004,False
-2.898972,False
-2.7370412,False
-2.7860322,False
-2.735853,False
-2.8796604,False
-2.8709562,False
-2.589881,False
-2.5942516,False
-2.39265,False
-2.5109167,False
-2.7546952,False
-2.3271194,False
-2.7371635,False
-2.4949906,False
-2.302118,False
-2.6268742,False
-2.4065788,False
-2.7941463,False
-2.6985037,False
-2.6016788,False
-2.7857702,False
-2.8394065,False
-2.6328533,False
-2.457421,False
-2.190796,False
-2.4510946,False
-2.2968614,False
-2.392049,False
-2.2876818,False
-1.930235,False
-2.3822472,False
-2.6428037,False
-2.4341307,False
-2.563549,False
-2.2540793,False
-2.3446085,False
-2.473484,False
-2.6271384,False
-2.4291759,False
-2.445917,False
-2.6272542,False
-2.6143403,False
-2.7567565,False
-2.3681378,False
-2.606009,False
-2.6216319,False
-2.1475148,False
-2.423235,False
-2.4509113,False
-2.5088074,False
-2.5336964,False
-2.6705167,False
-2.459019,False
-2.6448665,False
-2.6157842,False
-2.3822145,False
-2.6481347,False
-2.7122245,False
-2.4439292,False
-2.6790195,False
-2.7126513,False
-2.630618,False
-2.4963088,False
-2.3697927,False
-2.620417,False
-2.3607137,False
-2.511492,False
-2.645102,False
-2.800474,False
-2.8279004,False
-2.7439184,False
-2.8204327,False
-2.8394923,False
-2.5787995,False
-2.5583656,False
-2.8065298,False
-2.8263006,False
-2.7062733,False
-2.4531393,False
-2.3584738,False
-2.4142406,False
-3.1583853,False
-2.9560976,False
-2.2950654,False
-2.2429037,False
-2.2646155,False
-2.401472,False
-2.325011,False
-2.2528548,False
-2.2538426,False
-2.2840312,False
-2.301573,False
-2.5737693,False
-2.8101747,False
-2.3542101,False
-2.2502298,False
-2.0960884,False
-2.3942323,False
-2.466733,False
-2.2554824,False
-2.4210706,False
-2.6683214,False
-2.958252,False
-2.588187,False
-2.4971528,False
-2.4577618,False
-2.646576,False
-2.427826,False
-2.4861298,False
-2.6875904,False
-2.7346992,False
-2.245005,False
-2.834156,False
-2.5286076,False
-2.5890908,False
-2.5290272,False
-2.4988034,False
-2.711579,False
-2.7174363,False
-2.7469196,False
-2.80542,False
-2.8222902,False
-2.8125753,False
-2.6342812,False
-2.5078335,False
-2.5902076,False
-2.8883448,False
-2.4518433,False
-2.36305,False
-2.3152518,False
-2.5030816,False
-2.4318004,False
-2.7329962,False
-2.2794404,False
-2.422773,False
-2.641315,False
-2.2072437,False
-2.326347,False
-2.3114367,False
-2.3701832,False
-2.559078,False
-2.4628568,False
-2.4230607,False
-2.6215518,False
-2.8614542,False
-2.5472279,False
-2.636082,False
-2.3817055,False
-2.4952607,False
-2.5642576,False
-2.6504412,False
-2.5498476,False
-2.9086413,False
-2.534183,False
-2.565087,False
-2.4973197,False
-2.462055,False
-2.747893,False
-2.7898812,False
-2.4232154,False
-2.4129863,False
-2.3457568,False
-2.7032275,False
-2.37674,False
-2.4380043,False
-2.4088948,False
-2.6267564,False
-2.4082224,False
-2.2099955,False
-2.4824965,False
-2.576037,False
-2.3787463,False
-1.8956347,False
-2.8779054,False
-2.0926642,False
-1.9679921,False
-2.5317461,False
-2.2701435,False
-2.0622594,False
-1.8652111,False
-2.4579241,False
-2.459229,False
-2.7045496,False
-2.7832837,False
-2.553635,False
-2.2045631,False
-2.613997,False
-2.732989,False
-2.7855303,False
-2.990197,False
-3.174465,False
-2.6841483,False
-2.8964562,False
-1.7325332,True
-2.5893779,False
-2.519463,False
-2.8109498,False
-2.712638,False
-2.947075,False
-3.3740244,False
-3.000582,False
-3.2885237,False
-2.8787575,False
-2.587606,False
-2.685708,False
-2.7053204,False
-2.8091063,False
-3.008135,False
-3.2827458,False
-3.2434547,False
-3.15553,False
-2.980836,False
-3.1197693,False
-2.9580534,False
-2.6764812,False
-2.7562563,False
-3.1305776,False
-3.3942468,False
-3.3621616,False
-3.3289578,False
-3.2640126,False
-3.044391,False
-3.0117908,False
-2.9756572,False
-3.1441214,False
-3.481065,False
-3.1608708,False
-3.115316,False
-2.7655387,False
-2.9114926,False
-2.9773636,False
-2.9229944,False
-2.7753756,False
-2.7581158,False
-2.6965468,False
-2.914911,False
-3.0663018,False
-3.0522146,False
-2.6313784,False
-2.7297466,False
-2.3487318,False
-3.0908263,False
-2.5439525,False
-2.9169297,False
-2.6345394,False
-2.7028356,False
-2.6146824,False
-3.0477219,False
-3.187485,False
-3.0335968,False
-3.4220793,False
-3.4325569,False
-3.2301142,False
-3.0556726,False
-3.4302227,False
-3.3709111,False
-3.412375,False
-3.1614087,False
-3.1932435,False
-3.32058,False
-3.2876718,False
-2.9593573,False
-3.2130063,False
-3.0713544,False
-3.3520575,False
-3.6120813,False
-3.4612906,False
-3.2396464,False
-3.295428,False
-3.3098464,False
-3.5861402,False
-3.4299204,False
-3.2000673,False
-3.204069,False
-3.1143951,False
-3.5333958,False
-3.344792,False
-3.204137,False
-2.9943976,False
-2.9390948,False
-3.0402145,False
-3.252246,False
-2.9838536,False
-2.9260015,False
-2.767634,False
-2.9681835,False
-2.9083672,False
-3.1040103,False
-3.4255836,False
-3.2929788,False
-3.1890788,False
-2.9550452,False
-3.3277624,False
-3.2994866,False
-3.211874,False
-3.0655494,False
-3.1288419,False
-3.1808841,False
-3.2167501,False
-3.4728777,False
-3.280415,False
-3.6211853,False
-3.5785224,False
-3.507008,False
-3.2006583,False
-3.0764956,False
-3.142425,False
-3.143566,False
-3.281521,False
-3.2721484,False
-3.3250964,False
-3.143059,False
-3.7094026,False
-3.409209,False
-3.3951278,False
-2.9158835,False
-3.0327573,False
-3.3075185,False
-3.3110762,False
-3.1132078,False
-3.0794685,False
-3.0177293,False
-3.1925998,False
-2.9408321,False
-2.833595,False
-3.03372,False
-3.1133518,False
-3.40526,False
-3.2632115,False
-2.8723655,False
-2.7630177,False
-2.780844,False
-2.715403,False
-3.012657,False
-3.0499887,False
-2.7376444,False
-2.7256925,False
-2.9854386,False
-3.134841,False
-3.249199,False
-3.5152357,False
-3.2447755,False
-3.304895,False
-3.395328,False
-3.0731432,False
-2.8853645,False
-2.759148,False
-2.777165,False
-3.1049418,False
-2.8012187,False
-2.9481077,False
-3.072502,False
-3.2420604,False
-3.110245,False
-3.197869,False
-3.1582215,False
-3.3241582,False
-3.0456977,False
-2.811405,False
-3.0582926,False
-3.0249145,False
-2.6267514,False
-2.9243822,False
-2.9344468,False
-2.905844,False
-2.745456,False
-2.6137743,False
-2.8856845,False
-2.9496975,False
-3.0463529,False
-3.1123855,False
-3.1836066,False
-3.0120246,False
-3.2483678,False
-3.4866943,False
-3.3446012,False
-3.1957521,False
-3.066539,False
-3.0252407,False
-3.085378,False
-3.239126,False
-3.443182,False
-3.251009,False
-3.5292368,False
-3.232994,False
-2.9681394,False
-2.6865354,False
-2.9040766,False
-2.7048502,False
-3.1020381,False
-2.9676158,False
-3.183625,False
-2.7541904,False
-2.875618,False
-3.0111573,False
-2.875926,False
-2.7604349,False
-3.0372066,False
-2.7993584,False
-2.819022,False
-2.775297,False
-2.9594653,False
-3.129179,False
-3.1263654,False
-3.0364056,False
-2.945188,False
-2.7469096,False
-2.833659,False
-3.1442118,False
-3.035245,False
-3.1743374,False
-3.0685947,False
-2.7412667,False
-2.7496538,False
-2.7891083,False
-3.2362428,False
-2.857753,False
-2.7490952,False
-3.0655396,False
-2.946559,False
-2.965818,False
-3.3065777,False
-3.4563982,False
-4.1276884,False
-3.4911,False
-3.6406012,False
-3.0816503,False
-3.1271682,False
-2.8029544,False
-3.1356266,False
-3.2751467,False
-3.2674584,False
-3.2334723,False
-2.6051586,False
-3.0164123,False
-3.0482893,False
-3.3230975,False
-3.287479,False
-3.3066936,False
-2.9594204,False
-3.0554156,False
-3.0445678,False
-3.1244733,False
-2.6160154,False
-2.861807,False
-2.9179897,False
-2.9705122,False
-3.0007915,False
-2.8238974,False
-2.528586,False
-2.781629,False
-2.8096797,False
-3.2006152,False
-3.280862,False
-3.3868172,False
-3.4397502,False
-3.5348375,False
-3.48566,False
-3.1691341,False
-2.9307845,False
-2.8655112,False
-2.7849946,False
-2.7473304,False
-2.8680243,False
-2.9570603,False
-3.1125293,False
-3.0657063,False
-2.9945626,False
-2.9882016,False
-3.0817516,False
-3.36131,False
-3.2080288,False
-2.9401302,False
-2.906723,False
-3.0651712,False
-3.4287503,False
-3.1609297,False
-3.422172,False
-3.097351,False
-3.079057,False
-2.9668097,False
-2.9064384,False
-3.051757,False
-2.656044,False
-2.4340267,False
-2.6594837,False
-2.959186,False
-3.02672,False
-2.9689841,False
-3.1937265,False
-3.3736887,False
-3.4302197,False
-2.9840066,False
-2.655193,False
-2.581605,False
-2.6968632,False
-2.8748624,False
-2.994367,False
-2.8613956,False
-2.8697007,False
-2.9649496,False
-2.9640343,False
-3.2407446,False
-2.8354301,False
-3.3132515,False
-2.998359,False
-2.2938025,False
-2.376914,False
-2.2980034,False
-2.4924626,False
-2.753952,False
-2.9413037,False
-2.6106906,False
-2.5780575,False
-2.4294827,False
-2.1501062,False
-2.2372146,False
-2.9528255,False
-3.1163144,False
-3.1942334,False
-3.233477,False
-3.1932368,False
-2.805001,False
-2.8499973,False
-2.8752491,False
-2.6609638,False
-2.9168649,False
-3.2223997,False
-3.0095336,False
-2.5892835,False
-2.9113224,False
-2.9705675,False
-3.2628088,False
-2.9992056,False
-2.440952,False
-2.571281,False
-2.8821611,False
-2.692538,False
-2.3451064,False
-2.5676758,False
-2.438219,False
-2.2470894,False
-2.4256868,False
-2.3066807,False
-2.3304183,False
-2.4535842,False
-2.3630273,False
-3.043578,False
-3.080682,False
-2.597082,False
-2.961876,False
-3.0191398,False
-3.260264,False
-3.5031807,False
-3.4535928,False
-3.1689856,False
-3.1494312,False
-2.9846928,False
-2.6294181,False
-3.28288,False
-3.24788,False
-3.1912298,False
-2.853707,False
-2.8228292,False
-2.8501444,False
-2.86805,False
-3.171478,False
-3.0945027,False
-3.3248587,False
-2.9378448,False
-2.813267,False
-2.9110157,False
-3.076605,False
-2.7204945,False
-2.7808504,False
-2.7178414,False
-2.6002479,False
-2.8037717,False
-2.5930886,False
-2.7415285,False
-2.8274212,False
-2.6857302,False
-2.673255,False
-2.6904812,False
-2.8648403,False
-3.158119,False
-3.0058339,False
-2.9158454,False
-2.839585,False
-2.5158687,False
-2.2282252,False
-2.404583,False
-2.5737908,False
-2.7256422,False
-2.685233,False
-2.8418455,False
-2.4893975,False
-2.7197344,False
-2.8242898,False
-2.9036057,False
-2.9016273,False
-2.7771068,False
-3.0214925,False
-2.849534,False
-2.6295168,False
-3.191369,False
-2.7824037,False
-2.7153668,False
-2.3821907,False
-2.456869,False
-2.4900353,False
-2.7158186,False
-3.1629841,False
-2.7902267,False
-2.8860805,False
-2.9222915,False
-3.0832655,False
-2.9982588,False
-2.9277015,False
-2.9098244,False
-2.5315614,False
-2.8902264,False
-2.6869657,False
-2.8602543,False
-2.7435594,False
-2.9558442,False
-3.0913682,False
-2.9160953,False
-2.711954,False
-3.0342767,False
-2.9258115,False
-2.7861528,False
-3.202053,False
-2.940733,False
-3.0113356,False
-2.7564833,False
-2.8232749,False
-2.6980085,False
-2.8902302,False
-3.277523,False
-2.7994242,False
-2.585837,False
-2.9397464,False
-2.8270133,False
-3.0039904,False
-2.9642122,False
-3.2828748,False
-3.150687,False
-3.210772,False
-3.0662556,False
-2.9596708,False
-2.5072787,False
-2.6294022,False
-2.7999775,False
-2.6271992,False
-2.656411,False
-2.5087347,False
-2.5180998,False
-2.569415,False
-2.5974345,False
-2.579399,False
-2.5754094,False
-2.606936,False
-2.8034954,False
-2.7887967,False
-2.703376,False
-3.0479088,False
-3.0134504,False
-3.5417447,False
-3.261983,False
-3.2409363,False
-2.7983108,False
-3.1123028,False
-3.1125774,False
-3.1732411,False
-3.0381374,False
-3.124421,False
-2.9428377,False
-2.939115,False
-2.965123,False
-3.0210354,False
-3.0209627,False
-3.1799247,False
-3.2625947,False
-3.3367586,False
-3.1335955,False
-2.9110134,False
-2.975335,False
-3.2060711,False
-3.048278,False
-3.1009219,False
-3.27004,False
-3.4500034,False
-3.3150818,False
-2.871445,False
-3.2068162,False
-3.2111087,False
-2.9431517,False
-2.9177663,False
-3.0724459,False
-3.170382,False
-3.019363,False
-2.9599538,False
-3.1569526,False
-3.2533038,False
-2.8932176,False
-2.910708,False
-2.9910724,False
-3.2964334,False
-3.1249678,False
-3.4018419,False
-2.9718587,False
-2.9761026,False
-3.0463166,False
-3.115077,False
-3.0630076,False
-3.271293,False
-3.1828802,False
-2.747391,False
-2.8925102,False
-3.1032686,False
-3.5316753,False
-3.874786,False
-3.7193358,False
-3.5026052,False
-3.2272737,False
-3.736063,False
-3.530027,False
-3.7305145,False
-3.7520368,False
-3.299642,False
-3.0165741,False
-3.0403476,False
-2.9693904,False
-3.049755,False
-3.672338,False
-3.286798,False
-3.114666,False
-2.9201968,False
-2.9259639,False
-2.864891,False
-3.0983841,False
-3.0403166,False
-3.1737194,False
-3.5595272,False
-3.0673168,False
-2.8255043,False
-3.1618326,False
-3.1864023,False
-2.9440937,False
-3.125692,False
-2.892733,False
-3.1632192,False
-3.3969617,False
-3.4265716,False
-2.9591584,False
-2.9656186,False
-3.0762882,False
-2.984302,False
-2.7113833,False
-3.225614,False
-3.415564,False
-3.4877954,False
-3.0427852,False
-2.7621975,False
-2.6202009,False
-2.6896503,False
-2.801594,False
-3.0821347,False
-2.8059254,False
-3.0303729,False
-3.0833862,False
-3.3380842,False
-2.880019,False
-3.050918,False
-2.8026464,False
-2.6585329,False
-2.9720232,False
-3.0359836,False
-3.011835,False
-3.1342044,False
-2.9436393,False
-2.851009,False
-3.0865326,False
-2.9323559,False
-2.625964,False
-3.3178446,False
-3.3910968,False
-3.18107,False
-3.4437468,False
-3.5030289,False
-2.777827,False
-3.0955245,False
-3.1820724,False
-3.240069,False
-2.6402917,False
-2.5673316,False
-3.1345692,False
-3.1690345,False
-3.100081,False
-3.4475038,False
-3.0432353,False
-2.9173322,False
-2.935691,False
-3.1917915,False
-3.1551583,False
-2.7807856,False
-2.971109,False
-2.7609115,False
-3.1460717,False
-3.291342,False
-3.3727424,False
-3.3494174,False
-3.4414961,False
-3.6049306,False
-3.5503674,False
-3.206967,False
-3.0605035,False
-3.0319188,False
-2.943371,False
-3.062846,False
-3.2504928,False
-3.1116664,False
-3.2572904,False
-3.0955925,False
-2.9544427,False
-3.2709317,False
-3.2303736,False
-3.317877,False
-3.4268413,False
-2.909576,False
-2.969692,False
-2.948083,False
-3.0360465,False
-2.9400177,False
-3.1448152,False
-3.008764,False
-2.9321194,False
-2.6921551,False
-2.8301141,False
-3.3624105,False
-3.418126,False
-3.2465158,False
-2.9382403,False
-3.0227218,False
-3.1904094,False
-3.1493611,False
-3.4852898,False
-3.225693,False
-3.5586934,False
-3.3330781,False
-3.3708544,False
-3.113672,False
-3.459569,False
-3.5072877,False
-3.2199163,False
-2.8665643,False
-2.6875434,False
-2.9225345,False
-3.1676106,False
-3.289969,False
-3.5100183,False
-2.7963235,False
-3.1518865,False
-3.2459955,False
-3.197238,False
-3.2577484,False
-2.9169905,False
-2.8048146,False
-3.0178876,False
-2.6156793,False
-2.8985562,False
-3.0526774,False
-3.0684323,False
-3.4217603,False
-3.1246724,False
-3.171807,False
-3.1549737,False
-2.7439687,False
-2.9210215,False
-2.7490597,False
-2.6214027,False
-3.01194,False
-3.1337395,False
-3.1405568,False
-2.4388142,False
-2.2275295,False
-2.5051584,False
-2.6390352,False
-1.6016134,False
-2.502794,False
-2.625198,False
-2.349409,False
-2.9980993,False
-2.8919718,False
-2.595562,False
-3.2974281,False
-2.3094122,False
-2.5347142,False
-2.5457451,False
-3.0864177,False
-2.841605,False
-2.7921262,False
-3.1346602,False
-2.6625588,False
-2.4089863,False
-2.330475,False
-2.5727081,False
-2.7773414,False
-2.9659867,False
-2.6669405,False
-2.9397476,False
-2.0839655,False
-2.351279,False
-2.714245,False
-2.365277,False
-2.879819,True
-2.811753,False
-2.9529934,False
-2.5627542,False
-2.5007617,False
-3.0015385,False
-3.1064143,False
-2.9688742,False
-2.7587855,False
-2.4958458,False
-2.8646955,False
-2.9969492,False
-2.7584689,False
-2.766525,False
-2.8763053,False
-2.6978495,False
-2.4787173,False
-2.1073656,False
-2.8227668,False
-2.623862,False
-2.6094897,False
-3.1083417,False
-2.9211733,False
-2.8315213,False
-2.078771,False
-2.322986,False
-2.9237552,False
-2.613896,False
-2.8370106,False
-2.6651714,False
-2.5631993,False
-2.8826768,False
-2.7213476,False
-2.7528534,False
-2.765515,False
-3.459041,False
-2.9666777,False
-2.7967646,False
-2.7679725,False
-2.6608677,False
-3.0582454,False
-2.8713715,False
-2.8793523,False
-3.1646533,False
-2.2114706,False
-3.212947,False
-2.7127895,False
-2.6201208,False
-2.9056368,False
-3.0266778,False
-2.6669784,False
-2.5486221,False
-2.724173,False
-2.8020046,False
-2.8846748,False
-2.7507691,False
-1.8361421,False
-2.4619727,False
-2.3617177,False
-2.385533,False
-2.2721508,False
-2.392804,False
-2.2628028,False
-2.5222428,False
-2.762639,False
-2.3496037,False
-2.6121519,False
-3.3365571,False
-3.5261219,False
-3.1030447,False
-3.0310051,False
-2.3284416,False
-2.3618202,False
-2.7388668,False
-3.0026498,False
-2.332529,False
-2.5996363,False
-2.2707462,False
-2.3010414,False
-2.3982048,False
-2.3630936,False
-2.2980795,False
-2.18397,False
-2.5325055,False
-2.5074356,True
-2.8207526,True
-2.6956365,True
-2.767689,True
-2.8148808,True
-2.615478,True
-2.7447977,True
-2.6495333,True
-2.9339223,True
-2.9469547,True
-3.0299523,True
-2.7284465,True
-2.7216804,True
-2.657025,True
-2.503669,True
-2.6496375,True
-2.3862438,True
-2.3518522,True
-2.6149235,True
-2.2594268,True
-1.7152394,True
-2.3361666,True
-2.384693,True
-2.1289926,True
-2.407256,True
-2.027259,True
-2.2025714,True
-2.2091508,True
-2.4770653,True
-2.4139137,True
-2.4408908,True
-2.1582987,True
-2.025592,True
-2.0659668,True
-2.5393088,True
-2.2214732,True
-2.1977754,True
-2.1997824,True
-2.1404483,True
-2.3133543,True
-2.3228793,True
-2.0940087,True
-2.0690715,True
-2.331227,True
-2.519645,False
-3.3063328,False
-3.4779327,False
-2.9322162,False
-2.5715528,False
-2.7804058,False
-2.630805,False
-2.6841145,False
-2.4502437,False
-2.6143868,False
-2.7344444,False
-2.64311,False
-2.5600944,False
-2.3599923,False
-2.2233584,False
-2.7820609,False
-2.7656953,False
-2.8930383,False
-2.6995568,False
-2.7066684,False
-2.9519393,False
-2.6599164,False
-2.676344,False
-2.5168989,False
-2.5550218,False
-2.3339825,False
-2.3392181,False
-2.7588403,False
-2.7199626,False
-3.040628,False
-2.2084308,False
-3.1030495,False
-3.0891616,False
-2.8180788,False
-2.6163647,False
-2.5728512,False
-2.6249304,False
-2.4731405,False
-2.8122835,False
-2.8566222,False
-3.1967402,False
-2.9233775,False
-2.3365488,False
-2.3039093,False
-3.1634,False
-2.9692793,False
-3.3067644,False
-3.018057,False
-3.0019133,False
-3.0487628,False
-3.09058,False
-3.0613346,False
-3.2429245,False
-3.3055916,False
-3.0204632,False
-2.9497232,False
-2.9595513,False
-2.9547863,False
-3.1888669,False
-2.670042,False
-2.9432878,False
-3.1529548,False
-3.2104952,False
-2.9763203,False
-2.9494905,False
-2.5861003,False
-2.827,False
-2.4011583,False
-2.8682709,False
-2.8837028,False
-2.7966146,False
-2.7788916,False
-2.7267778,False
-2.491607,False
-2.7311661,False
-3.090714,False
-2.8731384,False
-2.7167344,False
-2.6273608,False
-2.921414,False
-2.859925,False
-3.1795201,False
-2.7942414,False
-2.7599149,False
-2.469625,False
-2.5159786,False
-2.6313312,False
-2.8531604,False
-2.6219368,False
-2.4876814,False
-2.9737337,False
-2.7013147,False
-2.9343405,False
-3.1844203,False
-3.2334263,False
-2.8384647,False
-2.880559,False
-2.544459,False
-2.8379765,False
-2.6793034,False
-2.8180568,False
-2.825841,False
-2.906087,False
-2.945821,False
-2.6528249,False
-2.7092206,False
-2.6802683,False
-2.7500122,False
-2.8897538,False
-2.6778798,False
-2.959572,False
-3.0824878,False
-2.7056923,False
-3.1521404,False
-2.973596,False
-2.6201234,False
-2.7529697,False
-2.7035685,False
-2.577351,False
-2.4063473,False
-2.7325177,False
-2.5774336,False
-2.7149544,False
-2.4463086,False
-3.083872,False
-2.9969294,False
-3.054172,False
-2.8129632,False
-2.5403395,False
-2.561005,False
-2.6060197,False
-2.5598273,False
-2.5305595,False
-2.8304222,False
-2.6144235,False
-2.6140954,False
-2.3877268,False
-2.582852,False
-2.6096349,False
-2.527778,False
-2.6501627,False
-2.4219103,False
-2.5819192,False
-2.7210896,False
-2.9435613,False
-2.5688229,False
-2.7595894,False
-2.7930229,False
-2.8088534,False
-2.7411141,False
-2.637892,False
-2.5290787,False
-2.9723804,False
-2.4127624,False
-2.615996,False
-2.7433655,False
-2.4230378,False
-2.813836,False
-2.6896586,False
-2.67437,False
-2.711028,False
-2.863274,False
-2.6679168,False
-3.04574,False
-2.9254732,False
-2.8549504,False
-2.8180423,False
-2.8670104,False
-2.709488,False
-2.8894525,False
-2.82927,False
-2.7781973,False
-2.739903,False
-2.9113402,False
-3.1836743,False
-3.01628,False
-2.751808,False
-2.7066362,False
-2.8819664,False
-2.9985142,False
-3.1777399,False
-2.803307,False
-2.9063675,False
-2.8561115,False
-2.6758137,False
-2.6088977,False
-2.924012,False
-2.7676678,False
-2.8116088,False
-2.4001927,False
-2.7921758,False
-2.385994,False
-2.3403935,False
-2.801441,False
-2.5734642,False
-3.1249292,False
-3.2707183,False
-2.952773,False
-2.7855852,False
-2.8690329,False
-3.0837502,False
-2.6016576,False
-2.554531,False
-3.117907,False
-2.8567824,False
-2.5337234,False
-2.684366,False
-3.0794106,False
-2.6866033,False
-2.8014703,False
-2.9161234,False
-2.5644128,False
-3.243334,False
-3.1205993,False
-2.8144588,False
-2.4391074,False
-2.427156,False
-2.8393595,False
-2.7418666,False
-2.519289,False
-2.9468157,False
-2.6918945,False
-3.093218,False
-2.913454,False
-2.7133405,False
-2.6841388,False
-2.7749524,False
-3.2428236,False
-2.8830836,False
-2.993809,False
-3.0937247,False
-2.9913728,False
-3.375126,False
-3.0914612,False
-3.2385468,False
-2.980105,False
-2.4124084,False
-2.2550976,False
-2.3820453,False
-2.6196156,False
-2.795564,False
-2.7085886,False
-3.052519,False
-2.9110658,False
-3.0157137,False
-2.9101934,False
-3.3275826,False
-3.381037,False
-3.1444454,False
-3.1698382,False
-3.0235906,False
-3.0541694,False
-2.702821,False
-2.625901,False
-2.7337801,False
-2.6638422,False
-2.860518,False
-3.0658958,False
-3.070885,False
-3.0580359,False
-3.1815767,False
-2.5647058,False
-2.693887,False
-2.543621,False
-2.8548594,False
-3.1896832,False
-2.9533327,False
-3.0813673,False
-2.7347007,False
-2.629355,False
-2.5450506,False
-2.7931602,False
-2.5203516,False
-2.4641752,False
-2.7443383,False
-2.665031,False
-2.8800693,False
-2.6200507,False
-3.0589867,False
-2.8409977,False
-2.9334455,False
-2.9332101,False
-2.9202938,False
-2.8392072,False
-2.712955,False
-2.6440406,False
-2.4172795,False
-2.600565,False
-2.763268,False
-2.5383499,False
-2.5890582,False
-2.6318572,False
-2.6077895,False
-2.809401,False
-2.3380818,False
-2.7542143,False
-2.9518387,False
-2.522318,False
-2.7296834,False
-2.390952,False
-2.7285187,False
-2.5391755,False
-2.6671233,False
-2.6838756,False
-2.762013,False
-2.0483832,False
-2.2520802,False
-2.2329364,False
-2.427587,False
-2.2131405,False
-2.1777377,False
-2.3705633,False
-2.398752,False
-2.8897793,False
-2.7590494,False
-2.8782897,False
-2.8177285,False
-2.717626,False
-2.5094166,False
-2.6503081,False
-2.4948814,False
-2.5410063,False
-2.3564796,False
-2.4684784,False
-2.748841,False
-2.7637331,False
-3.0039515,False
-3.1178513,False
-2.6407597,False
-2.6017885,False
-2.657335,False
-2.9308367,False
-2.884632,False
-2.7460294,False
-2.880292,False
-2.89167,False
-2.8005803,False
-2.9901829,False
-2.6584678,False
-2.4138112,False
-2.2477953,False
-2.4525106,False
-2.5897632,False
-2.9413779,False
-2.5077937,False
-2.4521942,False
-2.5605886,False
-2.8373,False
-2.6628773,False
-2.4072247,False
-2.6334093,False
-2.8076367,False
-2.7668731,False
-2.4240746,False
-2.7855747,False
-2.782956,False
-2.9180765,False
-2.9278698,False
-3.0372632,False
-2.9369504,False
-2.804732,False
-2.7484217,False
-3.118393,False
-2.9510627,False
-2.5029998,False
-2.491203,False
-2.5215652,False
-2.375648,False
-2.3233576,False
-2.4123917,False
-2.6122794,False
-2.6589699,False
-2.3859668,False
-2.6464343,False
-2.3948202,False
-2.2382321,False
-2.2189639,False
-2.154867,False
-2.1914756,False
-2.5622075,False
-2.398994,False
-2.7140667,False
-2.8995502,False
-2.7588286,False
-2.2818756,False
-2.3815203,False
-2.6408844,False
-2.3433976,False
-2.514709,False
-2.0452347,False
-2.4946268,False
-2.1809566,False
-2.7600875,False
-2.4072587,False
-2.4209414,False
-2.6373935,False
-2.3112228,False
-2.3752265,False
-2.6022136,False
-2.857287,False
-2.8902853,False
-2.6144717,False
-2.5306792,False
-2.2446108,False
-2.361962,False
-2.4681816,False
-2.4106944,False
-2.5773885,False
-2.4506574,False
-2.7949553,False
-2.3300142,False
-2.2958488,False
-2.4929311,False
-2.309173,False
-2.180801,False
-2.273685,False
-2.467222,False
-2.0463169,False
-2.4682884,False
-2.334284,False
-2.5190983,False
-2.2219121,False
-2.344979,False
-2.3588324,False
-2.3474476,False
-2.6337016,False
-2.4851112,False
-2.5813923,False
-2.352328,False
-2.6080642,False
-2.40216,False
-2.2386937,False
-1.7648323,False
-1.5914153,False
-2.1438804,False
-1.9779998,False
-2.2589574,False
-2.0218198,False
-2.3733294,False
-2.1795447,False
-1.8568934,False
-1.5546085,False
-2.0459116,False
-2.065222,False
-2.0907362,False
-2.4690037,False
-2.1589959,False
-2.3043897,False
-2.327503,False
-2.743947,False
-2.686565,False
-2.659064,False
-2.746535,False
-2.7820191,False
-3.2869477,False
-2.9793885,False
-2.693944,False
-3.122019,False
-1.3608733,False
-1.0407386,False
-2.3616872,False
-2.562121,False
-2.606297,False
-2.4765353,False
-2.1702304,False
-2.370628,False
-2.4287093,False
-2.766571,False
-2.3693876,False
-2.4079676,False
-3.0678592,False
-2.6481996,False
-2.5460691,False
-2.7994301,False
-2.689136,False
-2.3029985,False
-2.482144,False
-2.343446,False
-2.3166595,False
-2.0565498,False
-2.9146633,False
-2.8691983,False
-2.5885885,False
-2.8288255,False
-3.0447168,False
-2.94172,False
-2.5147324,False
-2.673455,False
-2.443521,False
-2.9288778,False
-2.8556004,False
-2.2748032,False
-2.2543285,False
-2.3918695,False
-2.3240886,False
-2.7473774,False
-2.5867534,False
-2.6626737,False
-2.4887981,False
-2.5490632,False
-2.4760904,False
-2.7367182,False
-2.5082827,False
-2.5750465,False
-2.4493294,False
-2.377884,False
-2.5862386,False
-2.6889045,False
-2.4691043,False
-2.6307633,False
-2.2162437,False
-2.7371993,False
-2.5048568,False
-2.1311672,False
-2.1187952,False
-2.5911558,False
-2.6520567,False
-2.4269094,False
-2.8764603,False
-2.3506994,False
-2.6418643,False
-2.083806,False
-2.5611885,False
-2.43027,False
-2.2607822,False
-2.0742278,False
-2.469694,False
-2.4190168,False
-2.6369047,False
-2.8285708,False
-2.5569086,False
-2.5991874,False
-2.2142754,False
-2.431332,False
-2.3871496,False
-2.0975733,False
-2.41982,False
-2.4938443,False
-2.3005636,False
-2.5028458,False
-2.5804813,False
-2.528055,False
-2.304325,False
-2.878474,False
-3.0015717,False
-3.2139049,False
-2.5069916,False
-2.4257998,False
-2.7044435,False
-2.5180104,False
-3.3201752,False
-3.2525373,False
-3.3188066,False
-2.7438548,False
-2.557657,False
-2.017756,False
-2.2583294,False
-2.416343,False
-2.4948676,False
-2.2139528,False
-2.200737,False
-2.5110104,False
-2.1581292,False
-2.1145802,False
-2.6147988,False
-2.2024457,False
-2.5043893,False
-2.1116054,False
-2.5530796,False
-2.6033792,False
-2.4549696,False
-2.2185397,False
-2.0786445,False
-2.0581393,False
-2.2658687,False
-1.9093219,False
-2.7521753,False
-2.6475554,False
-2.4275432,False
-2.372575,False
-1.5438045,False
-1.2137891,False
-2.020546,False
-1.6796498,False
-2.0219102,False
-2.1869314,False
-2.092107,False
-2.9283216,False
-2.4066617,False
-2.4533052,False
-2.3963592,False
-2.1653478,False
-2.0500932,False
-1.792374,False
-1.9426734,False
-2.1521819,False
-2.1239948,False
-2.149941,False
-2.3849044,False
-2.1700644,False
-2.0949852,False
-2.3821912,False
-2.5369673,False
-2.5334208,False
-2.5102892,False
-2.3147094,False
-2.5194008,False
-2.8955011,False
-2.4025156,False
-2.167217,False
-2.0705101,False
-2.1418033,False
-2.1817684,False
-1.8776006,False
-2.0516958,False
-2.2397306,False
-2.7200668,False
-2.3770308,False
-2.3967888,False
-2.2716582,False
-2.1396158,False
-1.8062699,False
-2.4323728,False
-2.8746629,False
-3.082014,False
-2.295557,False
-2.5405633,False
-2.2590177,False
-2.166569,False
-2.1752222,False
-2.0525439,False
-2.1539063,False
-2.1362503,False
-2.26956,False
-2.2756958,False
-2.2498014,False
-2.2103055,False
-1.8028555,False
-2.0182126,False
-2.1133637,False
-2.4225311,False
-2.2937639,False
-2.2396069,False
-2.3418121,False
-2.1791928,False
-2.4554033,False
-2.1206522,False
-2.01233,False
-2.0787868,False
-2.3306706,False
-2.3177328,False
-2.274151,False
-2.5256774,False
-2.5731158,False
-2.276736,False
-1.9175044,False
-2.0589278,False
-2.4580784,False
-2.2862995,False
-2.2483642,False
-2.2081041,False
-2.2195158,False
-2.2998376,False
-1.8434713,False
-2.0286396,False
-2.1957123,False
-2.1043131,False
-2.1067505,False
-2.1324944,False
-2.694844,False
-2.7912502,False
-3.0565445,False
-2.2560859,False
-2.5806239,False
-2.391491,False
-2.3529458,False
-2.2734756,False
-2.2737029,False
-2.2668166,False
-2.158109,False
-2.3460598,False
-2.2602918,False
-2.4362292,False
-2.4418676,False
-2.3509948,False
-2.1975226,False
-1.9072418,False
-1.8077586,False
-2.2191477,False
-2.242865,False
-2.0710132,False
-2.02727,False
-2.1631856,False
-2.4572308,False
-2.2507632,False
-2.5535786,False
-2.203275,False
-2.2185235,False
-2.4018157,False
-2.0822186,False
-2.242184,False
-2.3912303,False
-2.1332226,False
-2.19794,False
-2.1727192,False
-2.1301887,False
-2.2314067,False
-2.509954,False
-2.4788787,False
-2.5948253,False
-2.3273315,False
-2.3723075,False
-2.1779168,False
-2.0633395,False
-2.0533466,False
-2.1313033,False
-2.119306,False
-2.0030513,False
-2.4756112,False
-2.6245115,False
-2.660941,False
-2.2828794,False
-2.1708286,False
-2.1091716,False
-2.2967784,False
-2.4659877,False
-2.1196733,False
-2.2893264,False
-2.3027728,False
-2.6744063,False
-2.3945105,False
-2.4354343,False
-2.364394,False
-2.1822522,False
-2.3777592,False
-2.292975,False
-2.6140585,False
-2.4055796,False
-2.1985486,False
-2.1240392,False
-2.1114616,False
-2.4084525,False
-2.742433,False
-2.4851305,False
-2.4871912,False
-2.2364278,False
-1.9755385,False
-2.2075694,False
-2.2940361,False
-2.3949616,False
-2.4410663,False
-2.2535784,False
-2.182542,False
-2.852839,False
-2.372604,False
-2.4141219,False
-2.4442322,False
-2.1656432,False
-2.4501417,False
-2.2691891,False
-2.2118673,False
-2.2134848,False
-2.4671886,False
-2.505546,False
-2.077636,False
-2.2047606,False
-2.4090164,False
-2.3181577,False
-2.4425836,False
-2.2982469,False
-3.0605993,False
-2.3701086,True
-2.0905457,True
-2.4703877,True
-2.004475,True
-2.407735,True
-2.1641474,True
-2.1729991,True
-2.0486393,True
-1.9083935,True
-2.4395533,True
-2.1525333,True
-0.96323425,True
-0.5863023,True
-1.434872,True
-0.8290774,True
-0.7444429,True
-1.5653185,True
-1.5675294,True
-0.37517115,True
-0.8755365,True
-0.1433711,True
-1.9527278,True
-1.3447479,True
-0.03603052,True
-0.7219365,True
-0.57936877,True
-1.7898251,True
-0.10522276,True
-0.56401205,True
-1.766318,True
-1.5252308,True
-2.9086146,True
-3.0341742,True
-2.4265049,True
-2.4674654,True
-2.0915635,True
-2.4980125,True
-1.1906904,True
-2.241079,True
-1.9529616,True
-2.1994019,True
-2.1941388,False
-2.7944274,False
-2.7373192,False
-3.3605292,False
-3.6902738,False
-2.6204085,False
-2.5501857,False
-2.6808217,False
-2.4943223,False
-2.7252252,False
-2.5270264,False
-2.4075181,False
-2.5636063,False
-2.291468,False
-1.9557915,False
-2.326431,False
-2.1021376,False
-3.2741473,False
-3.6261132,False
-3.8319433,False
-3.5293815,False
-3.1555035,False
-3.3667603,False
-3.4718857,False
-1.0135677,True
-1.2413511,True
0.17245819,True
-0.2844411,True
-1.4711262,True
-2.4628696,False
-3.4154024,False
-2.5753512,False
-2.4846869,False
-2.534544,False
-2.2373416,False
-2.7702086,False
-2.583079,False
-2.363852,False
-2.391497,False
-2.3322437,False
-2.6445208,False
-2.4531796,False
-2.4163573,False
-2.7491474,False
-2.351084,False
-2.6731117,False
-2.861564,False
-2.4178116,False
-2.315652,False
-2.3157015,False
-2.4260287,False
-2.4010987,False
-2.422418,False
-2.6051455,False
-2.6487586,False
-2.5983057,False
-2.2671413,False
-2.543484,False
-2.3894534,False
-2.2356427,False
-2.2412229,False
-2.2815175,False
-2.6453757,False
-2.2790098,False
-2.0438457,False
-2.3845615,False
-2.179821,False
-2.8930547,False
-2.5056627,False
-2.710036,False
-2.6189704,False
-2.7545545,False
-2.4583688,False
-2.7613747,False
-2.6012979,False
-2.63648,False
-2.4526675,False
-2.3217514,False
-2.3384278,False
-2.197121,False
-2.3087907,False
-2.4244716,False
-2.1923375,False
-2.4954193,False
-2.0224025,False
-2.1874142,False
-2.355415,False
-2.1503868,False
-2.1747706,False
-2.3272147,False
-2.424474,False
-2.3201857,False
-2.207179,False
-2.4684048,False
-2.0992618,False
-2.323871,False
-2.3996198,False
-2.16955,False
-2.4129589,False
-2.4531949,False
-2.3513267,False
-2.4274144,False
-2.5042324,False
-2.204033,False
-2.6538131,False
-2.5337203,False
-2.7854464,False
-2.8594677,False
-2.1168134,False
-2.6170487,False
-2.6095417,False
-2.3782244,False
-2.3710825,False
-2.8027153,False
-2.8099616,False
-2.445713,False
-2.6317723,False
-2.2420654,False
-2.4900727,False
-2.5979378,False
-2.6203785,False
-2.5814822,False
-2.706613,False
-2.4811754,False
-2.5389843,False
-2.7095227,False
-2.5768225,False
-2.8606656,False
-2.6255598,False
-2.4162638,False
-2.2358212,False
-2.4622808,False
-2.6531818,False
-2.735655,False
-2.4357746,False
-2.215555,False
-2.2962832,False
-2.113955,False
-2.2956057,False
-2.4197745,False
-2.2023146,False
-2.2436426,False
-2.2453556,False
-2.1644573,False
-2.3547878,False
-2.0479565,False
-2.4658134,False
-2.6042638,False
-2.5743265,False
-2.5183861,False
-2.3232706,False
-2.2476237,False
-2.5189624,False
-2.656618,False
-2.5060353,False
-2.515464,False
-2.2738721,False
-2.2208543,False
-2.2754014,False
-2.1323972,False
-2.364463,False
-2.2589428,False
-2.2857277,False
-2.3497,False
-2.3840275,False
-2.5152962,False
-2.651979,False
-2.2626233,False
-2.9364064,False
-2.62901,False
-2.3967571,False
-2.6409354,False
-2.2716246,False
-2.6021693,False
-2.2593806,False
-2.4637203,False
-2.4816165,False
-2.3219094,False
-2.2323697,False
-2.1406126,False
-2.4414377,False
-2.3116481,False
-2.1796901,False
-2.1105905,False
-2.197167,False
-1.7872733,False
-3.1853323,False
-2.2486043,False
-2.41624,False
-2.2838411,False
-2.3811214,False
-2.3713655,False
-2.127355,False
-2.2716658,False
-2.4160993,False
-2.2140882,False
-2.124532,False
-2.341566,False
-2.177707,False
-2.3682516,False
-2.7224195,False
-2.1557505,False
-2.1565845,False
-3.0630243,False
-3.4912362,False
-3.0925982,False
-2.7160006,False
-2.5953393,False
-2.704031,False
-2.7512274,False
-2.2845676,False
-2.3599963,False
-2.1433666,False
-2.4159534,False
-2.7683856,False
-2.841909,False
-2.6343002,False
-2.5914621,False
-2.3748355,False
-2.3943539,False
-2.4021018,False
-2.0945427,False
-2.32386,False
-2.3522987,False
-2.950354,False
-2.4201179,False
-2.3240051,False
-2.406999,False
-2.4734888,False
-2.5160415,False
-2.5428305,False
-2.594437,False
-2.1758468,False
-2.2606132,False
-2.1895967,False
-2.159897,False
-2.5345187,False
-2.3925776,False
-2.2445345,False
-2.6804495,False
-2.4435596,False
-3.1671634,False
-3.0922093,False
-3.6053736,False
-3.5617743,False
-2.8255777,False
-2.6076007,False
-2.6193545,False
-2.3154535,False
-2.610828,False
-2.7561224,False
-2.825674,False
-2.8546028,False
-2.5652792,False
-2.2286131,False
-2.5088718,False
-2.768734,False
-2.6589189,False
-2.2285898,False
-2.5670536,False
-3.182933,False
-2.6808887,False
-2.5447118,False
-2.3884344,False
-2.460049,False
-2.228306,False
-2.347073,False
-2.8602493,False
-3.2239974,False
-2.7990766,False
-2.5712042,False
-2.555673,False
-2.2999914,False
-2.4067433,False
-2.7885056,False
-2.363559,False
-2.2443542,False
-2.3416295,False
-2.3371778,False
-2.1197288,False
-2.3795364,False
-2.0191772,False
-2.3062122,False
-2.0381901,False
-2.3284853,False
-2.0412116,False
-2.1371017,False
-2.4859374,False
-1.9973322,False
-2.2111814,False
-2.1214037,False
-2.4308653,False
-2.5622277,False
-2.583777,False
-2.717041,False
-2.7334511,False
-2.8658893,False
-2.9738648,False
-2.482891,False
-2.799877,False
-2.575049,False
-2.5731266,False
-2.5052114,False
-2.4702737,False
-2.7034202,False
-2.7577987,False
-2.8729568,False
-2.4059334,False
-2.488162,False
-2.5670528,False
-2.4963074,False
-2.0164056,False
-2.163477,False
-2.4677172,False
-2.2815423,False
-2.0034478,False
-2.412224,False
-2.0697265,False
-2.5337188,False
-2.4522138,False
-2.0828116,False
-2.4184973,False
-2.5274458,False
-2.4358094,False
-2.3652205,False
-2.9114547,False
-2.537308,False
-2.7553492,False
-3.059116,False
-2.681757,False
-3.000867,False
-2.713119,False
-2.3727877,False
-2.5957665,False
-2.92001,False
-2.58032,False
-3.0823345,False
-2.4550521,False
-2.4733517,False
-2.5028129,False
-2.163046,False
-2.6260293,False
-2.620139,False
-2.1354828,False
-2.4823496,False
-2.8522496,False
-2.3719654,False
-2.0118737,False
-2.322741,False
-2.2123713,False
-2.3274128,False
-2.4332402,False
-2.6876345,False
-2.6319323,False
-2.4770207,False
-2.4530976,False
-2.3240619,False
-2.2239327,False
-2.2699077,False
-2.457062,False
-2.3370764,False
-2.2421246,False
-2.0823507,False
-2.1352503,False
-2.318246,False
-2.1180356,False
-2.485976,False
-2.6671705,False
-2.4852335,False
-2.5320396,False
-2.7558644,False
-2.5803397,False
-2.6521707,False
-2.533005,False
-2.8372173,False
-2.5495205,False
-2.3166444,False
-2.224153,False
-2.312037,False
-2.75625,False
-2.5576048,False
-2.9267967,False
-2.6030333,False
-2.4452891,False
-2.3971448,False
-2.4671175,False
-2.7307944,False
-2.4703674,False
-2.2293289,False
-2.1109486,False
-2.8202817,False
-2.453729,False
-2.550058,False
-2.3865018,False
-2.623468,False
-2.6032104,False
-2.6600058,False
-2.7616506,False
-2.883701,False
-2.4694571,False
-2.1495275,False
-2.3343952,False
-2.70212,False
-2.9602947,False
-2.7274668,False
-2.3645759,False
-2.508421,False
-2.2204742,False
-2.7624075,False
-2.6395223,False
-2.767648,False
-2.9271367,False
-2.8040304,False
-2.7462215,False
-2.377577,False
-2.5115833,False
-2.379118,False
-2.3535979,False
-2.7982743,False
-2.07557,False
-2.1368623,False
-2.6365533,False
-2.5131412,False
-2.3869748,False
-2.6389105,False
-2.5117402,False
-2.9414823,False
-2.5025496,False
-2.5950108,False
-2.749711,False
-2.602779,False
-3.135624,False
-2.8830168,False
-2.6675897,False
-2.266485,False
-2.9684856,False
-2.9273753,False
-2.7072465,False
-2.3908193,False
-2.2967713,False
-2.896589,False
-3.0229955,False
-2.8002484,False
-2.7477345,False
-2.6505358,False
-2.4184337,False
-2.323004,False
-2.1509013,False
-2.2960877,False
-1.9812628,False
-2.7183545,False
-2.5605752,False
-1.9525071,False
-2.2002063,False
-2.0178647,False
-2.1830695,False
-2.331543,False
-2.250588,False
-2.2887216,False
-2.3554173,False
-2.545977,False
-2.3224096,False
-2.4692748,False
-2.069256,False
-2.4376342,False
-2.5326502,False
-2.3760788,False
-2.4461737,False
-2.3875499,False
-2.3534653,False
-2.3580146,False
-2.5769448,False
-2.143779,False
-2.125179,False
-2.2154255,False
-2.3360596,False
-2.1581192,False
-2.3028123,False
-2.2602754,False
-2.3790872,False
-2.5239565,False
-2.4435759,False
-2.3117876,False
-2.4069858,False
-2.5725546,False
-2.4714985,False
-2.2370825,False
-2.5260186,False
-2.366108,False
-2.3425136,False
-2.2967978,False
-2.442808,False
-2.3326147,False
-2.5144799,False
-2.292809,False
-2.205316,False
-2.1998286,False
-2.2372074,False
-2.4402459,False
-2.5175045,False
-2.765519,False
-3.1331065,False
-2.6980371,False
-3.2904198,False
-2.721751,False
-2.2742116,False
-2.3041644,False
-2.5009089,False
-2.4791296,False
-2.5639203,False
-2.617959,False
-2.3769462,False
-2.723435,False
-2.815753,False
-2.5757556,False
-2.828137,False
-2.5290186,False
-2.9532094,False
-3.0876567,False
-3.414607,False
-2.9942665,False
-2.3556724,False
-2.2707613,False
-2.4595857,False
-2.7352188,False
-2.671749,False
-3.0647933,False
-2.5131998,False
-2.5909293,False
-2.6657681,False
-2.6253796,False
-2.3965654,False
-2.070107,False
-2.3315728,False
-2.2193966,False
-2.3747027,False
-2.3563635,False
-2.2080677,False
-2.4520206,False
-2.399951,False
-2.460442,False
-2.046117,False
-2.9036257,False
-2.424709,False
-2.6381361,False
-2.0597906,False
-2.128563,False
-2.4752274,False
-2.5416963,False
-2.859418,False
-2.6883516,False
-2.3081768,False
-2.041975,False
-2.4209967,False
-2.6087708,False
-2.3103478,False
-2.3644657,False
-2.61535,False
-2.9045174,False
-2.2638607,False
-2.6164446,False
-2.2207308,False
-2.1281564,False
-2.0753627,False
-2.1402087,False
-2.2506814,False
-2.3617446,False
-2.7876196,False
-3.0276392,False
-2.8525581,False
-2.6083405,False
-2.3611176,False
-2.6497793,False
-2.9754112,False
-2.3092911,False
-2.752989,False
-2.509854,False
-2.8635798,False
-3.0200186,False
-2.6434784,False
-2.7637272,False
-2.8044825,False
-2.4272156,False
-2.1484156,False
-2.2489872,False
-2.3516834,False
-2.7485259,False
-2.1038704,False
-2.2107813,False
-2.038134,False
-2.0060346,False
-2.1896467,False
-2.3494081,False
-2.5285683,False
-2.3020496,False
-2.0501773,False
-2.5450575,False
-2.9823413,False
-2.7808933,False
-2.163628,False
-2.3921456,False
-2.370046,False
-2.3114755,False
-2.3945076,False
-2.4515631,False
-2.8457956,False
-2.6792667,False
-2.6157675,False
-2.5132427,False
-3.0504494,False
-3.2433088,False
-3.3699703,False
-3.185215,False
-3.4733317,False
-2.9775088,False
-2.737323,False
-2.693141,False
-2.8252873,False
-3.0245745,False
-3.2926998,False
-3.1621833,False
-3.3180933,False
-2.786911,False
-2.817274,False
-2.7521381,False
-2.3661933,False
-2.8902507,False
-2.6632912,False
-2.7919807,False
-2.6568494,False
-2.974323,False
-2.9440823,False
-3.1279972,False
-3.0413249,False
-2.9195457,False
-2.63263,False
-2.581641,False
-2.6562626,False
-2.7708356,False
-2.6422024,False
-2.7320254,False
-2.2922583,False
-3.197871,False
-2.600153,False
-2.9078817,False
-3.0069306,False
-2.8398614,False
-2.7075717,False
-2.3144882,False
-2.3481288,False
-2.9829419,False
-3.4338763,False
-3.3515239,False
-2.6147742,False
-2.8404083,False
-2.833773,False
-2.6165338,False
-3.78258,False
-2.968065,False
-3.5862935,False
-3.1985252,False
-3.1310616,False
-2.9890773,False
-3.3193862,False
-3.394728,False
-3.1982486,False
-2.8949509,False
-2.6462002,False
-2.2063448,False
-2.4342577,False
-2.8460755,False
-2.8539994,False
-2.3706634,False
-2.2596738,False
-3.0022376,False
-2.8838153,False
-2.684361,False
-2.4385912,False
-2.6037111,False
-3.0716395,False
-2.8231916,False
-2.2753122,False
-2.3237252,False
-2.3857954,False
-2.2819507,False
-2.7252023,False
-2.8772168,False
-2.4321308,False
-2.4535222,False
-3.019134,False
-2.808743,False
-2.8393042,False
-2.4497516,False
-2.734163,False
-2.7486029,False
-2.8778155,False
-2.8146138,False
-2.74836,False
-2.866706,False
-2.9032059,False
-2.6111395,False
-2.238789,False
-3.0250452,False
-2.9013171,False
-3.3525326,False
-2.7861826,False
-3.1052127,False
-2.8148577,False
-2.7778366,False
-3.0413194,False
-3.0261412,False
-2.8435636,False
-2.7658076,False
-2.956583,False
-2.6740007,False
-2.9710255,False
-2.886719,False
-2.9700222,False
-2.96102,False
-2.8789425,False
-2.9251783,False
-2.6704879,False
-2.734794,False
-3.046649,False
-3.0560648,False
-3.1230204,False
-3.0407236,False
-2.8860142,False
-3.0546398,False
-2.9913497,False
-2.8681126,False
-2.666346,False
-2.6750767,False
-2.7163503,False
-2.574061,False
-2.8097491,False
-2.3440137,False
-2.668522,False
-2.712389,False
-2.6996858,False
-2.5253148,False
-2.1873636,False
-2.5286155,False
-2.4503927,False
-2.5602536,False
-2.95268,False
-3.0443113,False
-2.9724367,False
-2.839209,False
-2.7416458,False
-2.44908,False
-2.1391847,False
-2.2654986,False
-2.6185832,False
-2.6677809,False
-2.5952454,False
-2.930803,False
-2.6074746,False
-2.5437074,False
-2.3796556,False
-2.7383099,False
-3.0073953,False
-2.305569,False
-2.706997,False
-2.6295366,False
-2.6081107,False
-2.2666354,False
-2.4232364,False
-2.503543,False
-2.898382,False
-3.063385,False
-3.2561033,False
-2.7928193,False
-2.4920197,False
-2.7187796,False
-2.8460827,False
-2.5091696,False
-2.1168823,False
-2.3832178,False
-2.628972,False
-3.2357228,False
-3.0926933,False
-3.3313804,False
-3.323925,False
-2.987196,False
-2.7531848,False
-2.867734,False
-2.686743,False
-2.770114,False
-2.9721634,False
-2.9217958,False
-2.8553252,False
-2.9831963,False
-2.8959827,False
-3.043534,False
-2.6897407,False
-2.9799452,False
-2.5087829,False
-2.6042528,False
-2.516295,False
-2.256918,False
-2.7983797,False
-2.2442005,False
-2.485517,False
-2.1264486,False
-2.53514,False
-2.5603313,False
-2.3247175,False
-2.3191717,False
-2.676445,False
-2.537767,False
-2.0706959,False
-2.0858343,False
-2.7357984,False
-2.5305667,False
-2.980156,False
-3.0019033,False
-2.4673772,False
-2.4239726,False
-2.0779924,False
-2.5514932,False
-2.4022682,False
-2.5893588,False
-2.6395702,False
-2.2891839,False
-2.77232,False
-2.854672,False
-2.4534996,False
-2.5104957,False
-2.4968243,False
-2.408174,False
-2.9574068,False
-2.8812015,False
-3.1120956,False
-2.7771633,False
-2.731662,False
-2.9441912,False
-2.6451466,False
-2.942123,False
-2.170247,False
-2.409476,False
-2.257925,False
-2.7147691,False
-2.807033,False
-2.59511,False
-2.5535736,False
-2.6560345,False
-2.6473083,False
-2.5142317,False
-2.8051548,False
-2.6757264,False
-2.5273821,False
-2.9537847,False
-2.957618,False
-2.7812874,False
-2.7069314,False
-3.0225682,False
-2.6425004,False
-2.9386556,False
-2.936908,False
-2.3621602,False
-2.269309,False
-2.5422187,False
-2.1324213,False
-2.6197524,False
-2.5166178,False
-2.5653124,False
-2.567832,False
-2.7361648,False
-2.6746466,False
-2.4337237,False
-2.3390083,False
-2.6028867,False
-2.5940938,False
-2.332474,False
-2.7945504,False
-2.9242015,False
-2.5813391,False
-2.6478238,False
-2.511175,False
-3.1829448,False
-3.0660782,False
-2.7067683,False
-2.4929874,False
-2.3867612,False
-2.3551297,False
-2.491024,False
-2.4311118,False
-2.6727705,False
-2.9408414,False
-2.223356,False
-2.6683247,False
-2.7049117,False
-3.1360958,False
-2.9125872,False
-2.8158567,False
-2.5125928,False
-2.4118106,False
-2.6952877,False
-2.6074486,False
-2.594613,False
-2.4714143,False
-2.422877,False
-2.603665,False
-2.652111,False
-3.144931,False
-3.0239594,False
-3.061224,False
-3.1736548,False
-3.132522,False
-2.9006813,False
-2.6025488,False
-2.542189,False
-2.4293303,False
-2.1539693,False
-2.1761453,False
-2.3746042,False
-2.3870115,False
-2.3426979,False
-2.8384256,False
-2.8597083,False
-2.4990232,False
-2.932491,False
-2.754877,False
-2.8773339,False
-3.0930488,False
-3.0850413,False
-2.9897459,False
-2.5879505,False
-2.6702557,False
-2.7913694,False
-2.3299413,False
-2.6260915,False
-2.5940282,False
-2.4601703,False
-2.2555387,False
-2.131414,False
-2.0157187,False
-2.113949,False
-2.7970436,False
-2.665505,False
-3.0418532,False
-3.5423627,False
-3.3849063,False
-2.322306,False
-2.2990737,False
-2.3387961,False
-2.5505774,False
-2.5334253,False
-3.0036147,False
-2.3511374,False
-2.592999,False
-2.3121352,False
-2.1128983,False
-2.573503,False
-2.630778,False
-2.668596,False
-2.5156581,False
-2.3022788,False
-2.245749,False
-2.3307405,False
-2.623507,False
-2.1655014,False
-2.5704958,False
-2.4656942,False
-2.4068336,False
-2.5002131,False
-2.8619683,False
-2.8627474,False
-2.6376643,False
-2.8784602,False
-2.3297868,False
-2.5076604,False
-2.740761,False
-3.1102264,False
-2.857539,False
-2.8793108,False
-2.5578084,False
-2.6303282,False
-2.8062015,False
-2.9447746,False
-2.8878162,False
-2.131644,False
-2.4525638,False
-2.6596599,False
-2.7310603,False
-2.938418,False
-3.0568585,False
-2.8557115,False
-3.1055615,False
-2.5678155,False
-2.3278844,False
-2.4289255,False
-2.3170707,False
-2.7258148,False
-2.690443,False
-2.8776944,False
-2.5880406,False
-2.7337475,False
-2.9429624,False
-2.4262452,False
-2.8660953,False
-3.0073972,False
-2.865652,False
-2.8171728,False
-2.9698782,False
-2.70757,False
-2.4254282,False
-2.748585,False
-3.2311244,False
-2.1672394,False
-2.4534178,False
-2.4303815,False
-2.7803202,False
-2.5256777,False
-2.670454,False
-2.5967307,False
-2.4087522,False
-2.2812977,False
-2.727184,False
-2.7316258,False
-2.720335,False
-1.9475938,False
-2.2731054,False
-2.3201418,False
-2.1670475,False
-2.598187,False
-2.4449549,False
-2.5120976,False
-2.5505886,False
-2.5099363,False
-2.415951,False
-2.4272795,False
-2.2790453,False
-2.1460505,False
-2.5572333,False
-2.3732505,False
-2.472919,False
-2.8013074,False
-2.8647664,False
-2.831168,False
-2.7802248,False
-2.6436267,False
-2.6067672,False
-2.5838437,False
-2.2570271,False
-2.3717263,False
-2.3881516,False
-2.7598467,False
-2.4706688,False
-2.720142,False
-2.6226733,False
-2.6214347,False
-2.4228363,False
-2.4985542,False
-2.4519553,False
-2.2597005,False
-2.7339013,False
-2.5345263,False
-2.5022624,False
-2.751823,False
-2.7578537,False
-2.6708245,False
-2.6852682,False
-2.40879,False
-2.4303198,False
-2.331387,False
-2.221439,False
-2.4644413,False
-2.6473112,False
-2.7848697,False
-2.8205123,False
-2.494056,False
-2.4749105,False
-2.6538067,False
-2.4419734,False
-2.6107595,False
-2.5223436,False
-2.637072,False
-2.6103547,False
-2.2568877,False
-2.4042048,False
-2.647958,False
-2.8691478,False
-2.8565557,False
-2.562099,False
-2.1848876,False
-2.563183,False
-3.0384924,False
-2.7796986,False
-2.8015022,False
-2.9780846,False
-2.668624,False
-2.550572,False
-2.4044292,False
-3.082286,False
-3.0103328,False
-2.9366772,False
-2.7044759,False
-2.7179432,False
-3.1266243,False
-3.1920795,False
-2.7223,False
-2.5730362,False
-2.776626,False
-2.405026,False
-2.5689907,False
-2.6274,False
-3.1889408,False
-2.9073832,False
-2.9764748,False
-2.5902154,False
-2.6110759,False
-2.5551155,False
-2.7397606,False
-2.474393,False
-2.5447745,False
-2.8677115,False
-2.5225492,False
-2.5451097,False
-2.438791,False
-2.7568562,False
-2.7089355,False
-2.8686945,False
-2.500308,False
-2.59349,False
-2.7861483,False
-2.7682374,False
-2.9372728,False
-2.6912074,False
-3.12631,False
-3.0509589,False
-2.935382,False
-2.1533735,False
-2.532181,False
-2.471791,False
-2.6201978,False
-2.6279354,False
-2.3709977,False
-2.7623234,False
-2.6953743,False
-2.9531221,False
-2.9600236,False
-2.677024,False
-2.3147032,False
-2.2142508,False
-2.4504504,False
-2.618478,False
-2.55057,False
-2.7826989,False
-2.8650856,False
-2.7694864,False
-2.7399087,False
-2.8572044,False
-2.9619982,False
-2.7453353,False
-2.6099517,False
-2.7567677,False
-2.4510016,False
-2.5777016,False
-2.388219,False
-2.7573092,False
-2.9245954,False
-2.534047,False
-2.5463715,False
-2.4488413,False
-3.0051255,False
-2.859282,False
-3.023017,False
-2.911822,False
-2.6494808,False
-2.971692,False
-2.88446,False
-2.961521,False
-3.1356125,False
-2.7281833,False
-3.0569637,False
-2.72409,False
-2.8052106,False
-2.5151308,False
-2.5979037,False
-2.7406511,False
-2.9059014,False
-2.544359,False
-2.5811422,False
-2.7252963,False
-2.616333,False
-2.664813,False
-2.6970642,False
-2.475059,False
-2.5309217,False
-3.021518,False
-2.9484396,False
-2.557887,False
-2.8422256,False
-2.6280847,False
-2.6981018,False
-2.2188134,False
-2.2398164,False
-3.0249276,False
-2.606754,False
-2.8142467,False
-2.5690203,False
-2.5174181,False
-2.6494029,False
-2.3100522,False
-2.2573702,False
-2.5698256,False
-2.675355,False
-2.511744,False
-2.9437187,False
-2.8218234,False
-2.886895,False
-2.6981564,False
-2.7241707,False
-2.6989102,False
-2.3500164,False
-2.6827488,False
-2.7131124,False
-2.32788,False
-2.4243355,False
-2.582812,False
-2.8586402,False
-2.5628853,False
-3.0581596,False
-2.7562444,False
-3.0795078,False
-3.2526908,False
-2.8100388,False
-2.6293218,False
-2.5547495,False
-2.5481255,False
-2.5611565,False
-2.936784,False
-2.7624536,False
-2.8572097,False
-3.162167,False
-3.4025686,False
-3.0121086,False
-2.9666905,False
-3.128281,False
-2.5472121,False
-2.4744663,False
-2.8067632,False
-2.8760273,False
-2.597885,False
-2.6646194,False
-2.788448,False
-2.7284334,False
-2.7092106,False
-2.7085686,False
-2.9752126,False
-3.2939544,False
-2.8179598,False
-2.5308676,False
-2.3805728,False
-2.5579185,False
-2.2948055,False
-2.3191745,False
-2.6788855,False
-2.714576,False
-2.5295138,False
-3.028442,False
-3.1135435,False
-3.1065722,False
-2.5253243,False
-2.614563,False
-2.5557294,False
-2.868049,False
-2.974697,False
-2.9129248,False
-3.1603997,False
-2.0988212,False
-2.7812834,False
-2.6716783,False
-2.6545053,False
-2.5236132,False
-2.9859333,False
-3.2700036,False
-2.8886225,False
-2.763418,False
-3.0252795,False
-3.012984,False
-2.730208,False
-2.8019857,False
-3.0401027,False
-3.1209905,False
-3.045242,False
-2.8153574,False
-2.9428897,False
-2.6827202,False
-2.3749952,False
-2.482894,False
-2.506238,False
-2.8426266,False
-2.5970788,False
-2.76282,False
-2.7419996,False
-2.8740814,False
-2.5792737,False
-2.374232,False
-2.375195,False
-2.4553044,False
-2.631593,False
-2.9128113,False
-2.7114682,False
-2.7339878,False
-2.4421813,False
-2.6007454,False
-2.4389749,False
-2.503272,False
-2.6732259,False
-2.3667672,False
-2.274803,False
-2.8164294,False
-3.099104,False
-2.9423835,False
-2.790016,False
-2.5397706,False
-2.835947,False
-2.3714767,False
-2.0952976,False
-2.5310214,False
-2.4818294,False
-2.4664853,False
-2.1096573,False
-2.4390848,False
-2.2470586,False
-2.4562283,False
-2.3790207,False
-2.5406208,False
-2.7160892,False
-2.6958673,False
-2.8951275,False
-2.5221493,False
-2.2926455,False
-2.2807503,False
-2.059109,False
-2.5652256,False
-2.6374273,False
-3.094262,False
-2.816586,False
-2.9284797,False
-2.5613184,False
-2.4998286,False
-2.6363287,False
-2.640137,False
-2.97015,False
-2.9996724,False
-2.9829524,False
-2.5529115,False
-2.633046,False
-2.9020655,False
-3.0026205,False
-2.6743631,False
-2.812619,False
-2.7096324,False
-3.118576,False
-3.1050694,False
-2.8568513,False
-2.8454523,False
-3.0391715,False
-2.6322925,False
-2.8558834,False
-2.9304605,False
-2.8810883,False
-2.8969798,False
-2.5382218,False
-2.3171268,False
-2.9528508,False
-2.7038004,False
-3.125137,False
-2.6917882,False
-2.572105,False
-2.2662334,False
-2.467509,False
-2.5748146,False
-2.431612,False
-2.7261248,False
-2.8863072,False
-2.894385,False
-2.6426601,False
-2.582008,False
-2.5709953,False
-2.6337492,False
-2.934032,False
-2.841098,False
-2.4919336,False
-2.5253253,False
-2.5351527,False
-2.4124725,False
-2.5684783,False
-2.838188,False
-2.597861,False
-2.6815665,False
-2.746015,False
-2.827262,False
-2.7761142,False
-2.833732,False
-3.354846,False
-2.998599,False
-2.4978027,False
-2.3405309,False
-2.1435318,False
-2.1610768,False
-2.3025706,False
-2.4154367,False
-2.5415363,False
-2.414315,False
-2.3958292,False
-2.3931406,False
-2.347506,False
-2.2981448,False
-2.2656872,False
-2.3649666,False
-2.3598554,False
-2.360533,False
-2.2200356,False
-2.3636148,False
-2.0769696,False
-2.1613314,False
-2.6547534,False
-3.0569658,False
-2.6639519,False
-2.516098,False
-2.3564982,False
-2.3821387,False
-2.7109609,False
-2.4904962,False
-2.30991,False
-2.5018783,False
-2.872177,False
-2.4545302,False
-2.5080824,False
-2.6517408,False
-2.5525126,False
-2.4598634,False
-2.4861898,False
-2.6909683,False
-2.3547487,False
-2.4237733,False
-2.873385,False
-2.6887856,False
-2.6517296,False
-2.576775,False
-2.4445264,False
-2.264622,False
-2.3260322,False
-2.4195716,False
-2.24501,False
-2.224687,False
-2.5257733,False
-2.2756026,False
-2.4839625,False
-2.6566124,False
-2.7253234,False
-2.239938,False
-2.121568,False
-2.0779746,False
-2.2173245,False
-2.110395,False
-2.1849709,False
-2.0763304,False
-2.1309443,False
-2.2127388,False
-2.2414505,False
-2.215106,False
-2.3244133,False
-2.167873,False
-2.3770795,False
-2.606832,False
-2.2005134,False
-2.2996411,False
-1.9686537,False
-2.1578965,False
-2.0354316,False
-2.3045685,False
-2.125291,False
-2.3090289,False
-2.1169913,False
-2.2047086,False
-2.0853071,False
-2.3361278,False
-2.3440084,False
-2.3642416,False
-2.2278752,False
-2.1499543,False
-2.1501148,False
-2.3208427,False
-2.2758565,False
-2.359182,False
-2.317052,False
-2.1302776,False
-2.065613,False
-2.3683567,False
-2.188144,False
-2.1601348,False
-2.2125347,False
-2.4394853,False
-2.6545374,False
-2.2375703,False
-2.3796823,False
-2.4411516,False
-2.5290518,False
-2.2913465,False
-2.2427702,False
-2.2805617,False
-2.4408717,False
-2.5098712,False
-2.2759154,False
-2.4742203,False
-2.54912,False
-2.4205759,False
-2.3648758,False
-2.2688475,False
-2.303603,False
-2.5113373,False
-2.566088,False
-2.6727533,False
-2.1301425,False
-2.1736705,False
-2.107535,False
-2.0814974,False
-2.141336,False
-2.205114,False
-2.412516,False
-2.2888098,False
-2.1473176,False
-2.1780765,False
-2.040215,False
-2.24081,False
-2.417392,False
-2.238883,False
-2.4774032,False
-2.513999,False
-2.2376096,False
-2.1793313,False
-2.1527896,False
-2.3570402,False
-2.1064978,False
-2.2752054,False
-2.4384742,False
-2.5455427,False
-2.146461,False
-2.2845342,False
-2.2022488,False
-2.3703284,False
-2.461431,False
-2.103987,False
-1.9714957,False
-2.1950002,False
-2.3016348,False
-2.1887107,False
-2.1977317,False
-2.2720773,False
-2.14222,False
-2.2370582,False
-2.1905198,False
-2.1383471,False
-2.2248378,False
-2.0247128,False
-2.1232865,False
-2.3436844,False
-2.305151,False
-2.251101,False
-2.1723447,False
-2.1639543,False
-2.3020413,False
-2.1860387,False
-2.0440178,False
-2.353567,False
-2.261378,False
-2.329817,False
-2.501282,False
-2.575955,False
-2.6084857,False
-2.2865891,False
-2.5559285,False
-2.5162368,False
-2.4685705,False
-2.563816,False
-2.696711,False
-2.3953302,False
-2.271418,False
-2.2943053,False
-2.4435084,False
-2.3903134,False
-2.3617167,False
-2.2674365,False
-2.175933,False
-2.3296516,False
-2.4893565,False
-2.7328444,False
-2.6444864,False
-2.597085,False
-2.4535563,False
-2.5663664,False
-2.5038471,False
-2.287782,False
-2.3398428,False
-2.362888,False
-2.5588691,False
-2.4572997,False
-2.275794,False
-2.3800795,False
-2.8651836,False
-2.3632743,False
-2.479303,False
-2.1042724,False
-2.0786824,False
-1.9135597,False
-2.143691,False
-2.0129273,False
-2.266687,False
-2.024499,False
-2.20704,False
-2.1412082,False
-1.9741491,False
-1.9647361,False
-2.3503003,False
-2.4379234,False
-2.111958,False
-2.1941984,False
-2.082086,False
-2.1228585,False
-2.3544762,False
-2.50633,False
-2.0724576,False
-2.1417212,False
-2.294688,False
-2.2631335,False
-2.6939554,False
-2.6359823,False
-2.3827808,False
-2.5449882,False
-2.389286,False
-2.2215586,False
-2.412633,False
-2.272674,False
-2.5797832,False
-2.223969,False
-2.4131024,False
-2.6052356,False
-2.990572,False
-2.8341682,False
-2.40214,False
-1.0682495,False
-2.3744779,False
-2.1945655,False
-2.2859118,False
-2.59255,False
-2.4937396,False
-2.376186,False
-2.4356484,False
-2.6700933,False
-2.4386625,False
-2.5174456,False
-2.556426,False
-2.729498,False
-2.6969671,False
-2.6194491,False
-2.3989117,False
-2.794453,False
-2.4123042,False
-2.7082963,False
-2.772288,False
-3.092177,False
-3.1298187,False
-2.9952383,False
-2.71528,False
-2.8562877,False
-3.020588,False
-2.7249403,False
-2.6234834,False
-2.6389663,False
-2.7440238,False
-2.4163406,False
-2.4649436,False
-2.6399703,False
-3.0171185,False
-2.7996333,False
-2.9152687,False
-2.9939108,False
-3.3252394,False
-3.2215636,False
-2.7154415,False
-2.347273,False
-2.594467,False
-2.6517785,False
-2.6348724,False
-2.4656036,False
-2.488656,False
-2.0586958,False
-1.8226426,False
-2.052163,False
-1.8801028,False
-2.000524,False
-2.1089313,False
-2.8518672,False
-3.084249,False
-2.3855748,False
-2.439268,False
-2.549693,False
-2.4457626,False
-2.5157435,False
-2.488877,False
-2.3845847,False
-2.2739816,False
-2.0548427,False
-1.9853991,False
-2.0351777,False
-2.3083,False
-2.234682,False
-2.3071525,False
-2.2757273,False
-2.3624072,False
-1.9453177,False
-2.2559836,False
-2.3257167,False
-2.5674748,False
-2.5220082,False
-2.6185117,False
-2.170378,False
-1.9558988,False
-2.4100096,False
-2.5476036,False
-2.2983446,False
-2.5156643,False
-2.27724,False
-2.2197163,False
-2.5483541,False
-2.6091685,False
-2.4175408,False
-2.223518,False
-2.2729769,False
-2.1994116,False
-2.2324693,False
-2.3236754,False
-2.7340572,False
-3.0201344,False
-2.615255,False
-2.281638,False
-1.990944,False
-1.8412247,False
-2.2147949,False
-2.3249478,False
-2.1383712,False
-2.307417,False
-2.3693435,False
-2.3351874,False
-2.2863972,False
-2.4411619,False
-2.6337874,False
-2.5202246,False
-2.4477282,False
-2.3804648,False
-2.499929,False
-3.0199842,False
-2.949966,False
-2.550631,False
-2.0803142,False
-2.061886,False
-2.2242012,False
-2.414402,False
-2.6659918,False
-2.3129811,False
-2.3243663,False
-2.2270153,False
-2.433206,False
-2.5267162,False
-2.610559,False
-2.418745,False
-1.7649267,False
-1.8993984,False
-2.328577,False
-2.327072,False
-2.225374,False
-2.275669,False
-2.2789867,False
-2.2705116,False
-2.1215088,False
-2.237654,False
-2.4222188,False
-2.221019,False
-2.0580404,False
-2.101874,False
-2.4488976,False
-2.5254912,False
-2.6033177,False
-2.420265,False
-2.644452,False
-2.469386,False
-2.0315342,False
-2.3416128,False
-2.2973747,False
-2.4703517,False
-2.1470199,False
-2.3852103,False
-2.2607658,False
-2.233726,False
-2.5134335,False
-2.6425169,False
-2.7888558,False
-2.5596304,False
-2.2925043,False
-2.1753068,False
-2.5337794,False
-2.5586033,False
-2.6271737,False
-2.5026817,False
-2.4954119,False
-2.7948723,False
-2.6288483,False
-2.4982817,False
-2.3970294,False
-2.28388,False
-2.3510702,False
-2.5091279,False
-2.7246952,False
-2.6973016,False
-2.6256945,False
-2.519826,False
-2.4537454,False
-2.514105,False
-2.4888291,False
-2.2539084,False
-2.4787729,False
-2.3320901,False
-2.5033062,False
-2.4438932,False
-2.522474,False
-2.6724675,False
-2.7974498,False
-2.7001123,False
-2.6718764,False
-2.4922366,False
-2.616012,False
-2.7626343,False
-2.8078694,False
-2.516523,False
-2.8417382,False
-2.2569964,False
-2.360735,False
-2.2320285,False
-2.281969,False
-2.216391,False
-2.0250502,False
-2.2991576,False
-2.3366876,False
-2.897226,False
-2.6892781,False
-2.6308784,False
-2.323282,False
-2.115591,False
-2.1753159,False
-2.1750405,False
-2.2062469,False
-2.6658847,False
-2.4842484,False
-2.636989,False
-2.5130749,False
-2.2571626,False
-2.2308412,False
-1.9859157,False
-2.075684,False
-2.472005,False
-2.7380369,False
-3.0976148,False
-2.9372692,False
-0.93554634,False
-2.7437687,False
-2.2581396,False
-2.3891075,False
-2.3402643,False
-2.5139427,False
-2.8249469,False
-2.5279033,False
-2.4246316,False
-2.3126097,False
-2.4319108,False
-2.612402,False
-2.521728,False
-2.3873756,False
-2.4608588,False
-0.3961783,False
-2.5855224,False
-2.4978988,False
-2.3046112,False
-2.253296,False
-2.6100328,False
-2.6206477,False
-2.3496475,False
-2.585032,False
-2.805125,False
-2.3747568,False
-2.283142,False
-2.1780117,False
-2.2784572,False
-2.4191484,False
-2.388895,False
-2.2943964,False
-2.8528779,False
-3.0565593,False
-2.5793471,False
-2.375232,False
-2.475324,False
-2.5621493,False
-2.5555353,False
-2.4622412,False
-2.2882097,False
-2.5344388,False
-2.6586366,False
-2.4939759,False
-2.48927,False
-2.575231,False
-2.309152,False
-2.052013,False
-2.2438657,False
-2.0991848,False
-2.2112164,False
-2.3126216,False
-1.9540633,False
-2.2037835,False
-1.47351,False
-2.5377512,False
-2.3231583,False
-2.3554168,False
-2.6814964,False
-2.5136054,False
-2.4969537,False
-2.4583595,False
-2.861876,False
-2.7742214,False
-2.2432482,False
-2.2283607,False
-2.5409286,False
-2.4463,False
-2.3366358,False
-2.2178857,False
-1.0388932,False
-2.2947264,False
-2.5652616,False
-2.6123986,False
-2.7335725,False
-2.5974934,False
-2.375806,False
-2.3851852,False
-2.414722,False
-2.1681077,False
-2.2420537,False
-2.4170866,False
-2.4796903,False
-2.5394807,False
-2.4498134,False
-2.515137,False
-2.4940767,False
-2.428389,False
-2.5734813,False
-2.395021,False
-2.3295662,False
-2.685635,False
-2.5011356,False
-3.013924,False
-2.483414,False
-2.7474272,False
-2.8364165,False
-2.792208,False
-2.402533,False
-1.2150354,False
-2.5767522,False
-2.6526227,False
-2.4799285,False
-2.7092566,False
-2.3818834,False
-2.4420128,False
-2.333734,False
-2.674715,False
-2.7701766,False
-2.4887445,False
-2.5881221,False
-2.411669,False
-2.3811681,False
-2.4753973,False
-2.1744044,False
-2.0574234,False
-2.4391043,False
-2.0569456,False
-2.1687322,False
-2.2566447,False
-2.1662407,False
-2.6159017,False
-2.3643243,False
-2.2719626,False
-2.2461007,False
-2.2377748,False
-2.5007763,False
-2.3155234,False
-2.2438896,False
-2.3644524,False
-2.5447538,False
-2.650381,False
-2.575963,False
-2.5116525,False
-2.5013266,False
-2.3303113,False
-2.446055,False
-2.197742,False
-2.0397835,False
-2.133486,False
-2.2880585,False
-2.6531727,False
-2.538886,False
-2.1340504,False
-1.9368932,False
-2.2368846,False
-1.996149,False
-2.105106,False
-2.1107109,False
-2.0148773,False
-2.0373845,False
-2.269018,False
-1.9862651,False
-2.1177242,False
-1.9839112,False
-2.2692597,False
-2.428181,False
-2.1853976,False
-2.1419244,False
-1.9336867,False
-2.1303077,False
-2.2618663,False
-2.3138452,False
-2.1560729,False
-2.2776875,False
-1.9253652,False
-2.1362379,False
-2.118423,False
-1.9732223,False
-2.146805,False
-2.4198854,False
-2.4870236,False
-2.0524604,False
-2.1838045,False
-2.5235245,False
-2.4464426,False
-2.4040918,False
-2.5349274,False
-2.2238042,False
-2.117011,False
-2.0984347,False
-1.9705641,False
-2.282247,False
-2.381299,False
-2.822454,False
-2.488893,False
-1.8914261,False
-1.8921783,False
-2.7456028,False
-2.3200784,False
-2.2485914,False
-2.3222523,False
-2.5695937,False
-2.411336,False
-2.02322,False
-2.2756448,False
-2.6183925,False
-3.047412,False
-2.6838484,False
-2.2668421,False
-2.5976682,False
-2.4223628,False
-2.36852,False
-2.3862548,False
-2.3213282,False
-2.3987322,False
-2.1708536,False
-2.2136905,False
-2.2772179,False
-2.3887854,False
-2.415031,False
-2.4851425,False
-2.07172,False
-2.3182602,False
-2.1878796,False
-1.9013631,False
-2.179528,False
-2.2028883,False
-2.606667,False
-2.4707453,False
-2.539021,False
-2.3291178,False
-2.2875195,False
-2.229146,False
-2.3225217,False
-2.31814,False
-2.3162427,False
-2.5308006,False
-2.4808567,False
-2.3295698,False
-2.3469164,False
-2.5546744,False
-2.3953505,False
-2.3797257,False
-2.4769619,False
-2.6103907,False
-2.3020253,False
-2.1465662,False
-2.0690148,False
-2.32693,False
-2.2718387,False
-2.4234276,False
-2.6132395,False
-2.3714871,False
-2.2611058,False
-1.6306508,False
-2.2378802,False
-2.099926,False
-2.2351325,False
-2.3306506,False
-2.161633,False
-2.4341898,False
-2.3026433,False
-2.0919557,False
-2.38053,False
-2.4814188,False
-2.553027,False
-2.3218527,False
-2.3185496,False
-2.3456564,False
-2.6551,False
-2.584762,False
-2.395244,False
-2.5401416,False
-2.564119,False
-2.6848917,False
-2.541375,False
-2.567961,False
-2.2076173,False
-2.307149,False
-2.2498794,False
-2.8218207,False
-2.6284268,False
-2.3049183,False
-2.4496098,False
-2.6003397,False
-2.3467371,False
-2.3515577,False
-2.8846738,False
-3.0155392,False
-2.695172,False
-2.681765,False
-2.4135404,False
-2.2259977,False
-2.0542498,False
-2.0683556,False
-1.9261587,False
-2.35029,False
-2.2065706,False
-2.3807545,False
-2.0837438,False
-0.4887195,False
-2.1076727,False
-2.3790197,False
-2.3429081,False
-2.111633,False
-2.3092937,False
-2.0503445,False
-2.1114798,False
-2.0678253,False
-2.2963445,False
-2.184442,False
-2.3284948,False
-2.4840543,False
-2.1743805,False
-0.8521846,False
-2.1878543,False
-2.3111248,False
-2.3094277,False
-2.2147193,False
-2.4343128,False
-2.5384607,False
-2.4011679,False
-2.829285,False
-2.430727,False
-2.832817,False
-2.1476223,False
0.011617046,False
-2.913168,False
-2.7468004,False
-2.750668,False
-2.5182822,False
-2.6251073,False
-2.3843656,False
-2.5556822,False
-2.91484,False
-2.659095,False
-2.678539,False
-0.46265712,False
-0.72102654,False
-2.645978,False
-2.4640374,False
-2.5400898,False
-2.2972505,False
-2.5258114,False
-2.431939,False
-2.3959246,False
-2.4717464,False
-2.6696424,False
-2.490687,False
-2.0326045,False
-2.3644543,False
-2.3150492,False
-2.2643826,False
-2.3297164,False
-2.6597958,False
-2.8388662,False
-2.9539003,False
-2.5072694,False
-2.1127038,False
-2.3363478,False
-2.5134647,False
-2.5626478,False
-2.5931263,False
-2.2776413,False
-2.215643,False
-2.188536,False
-2.5457444,False
-2.8565488,False
-3.089172,False
-2.891756,False
-2.2773147,False
-2.2863028,False
-2.222999,False
-2.1525915,False
-2.4427955,False
-2.175523,False
-2.3688931,False
-2.6522388,False
-2.2940254,False
-2.617916,False
-2.7783947,False
-2.8059158,False
-2.5285416,False
-2.3256407,False
-2.463716,False
-2.1382723,False
-2.364577,False
-2.3803809,False
-2.4172797,False
-2.1836681,False
-2.4393163,False
-2.6697626,False
-2.3452682,False
-0.65938526,False
-1.5074584,False
-2.3507845,False
-2.287188,False
-2.508776,False
-2.6314156,False
-2.4899976,False
-2.2333565,False
-2.796904,False
-2.3701138,False
-2.233909,False
-2.303968,False
-2.353595,False
-2.3901691,False
-2.6079435,False
-2.4220817,False
-1.9835635,False
-2.5169368,False
-2.5142486,False
-2.5707674,False
-2.4859757,False
-2.4070406,False
-2.4615872,False
-2.2649972,False
-2.297043,False
-2.884708,False
-3.135349,False
-3.180601,False
-2.6245818,False
-2.6021595,False
-2.4233954,False
-2.3905144,False
-2.4221046,False
-2.4809341,False
-2.8946354,False
-2.9432473,False
-2.6813228,False
-2.8920033,False
-2.980376,False
-3.259891,False
-2.9439049,False
-2.5827146,False
-2.4974205,False
-2.3958035,False
-2.686665,False
-2.736547,False
-2.9587255,False
-2.9111402,False
-3.1976442,False
-3.3135047,False
-3.17338,False
-3.1597586,False
-3.0954194,False
-3.0103145,False
-2.722102,False
-3.0953376,False
-2.8861825,False
-2.8822737,False
-2.8249145,False
-2.6695817,False
-3.0197241,False
-3.2500644,False
-2.99408,False
-2.9980056,False
-2.9859931,False
-2.865962,False
-2.9957657,False
-2.9547567,False
-3.1418266,False
-2.951249,False
-3.4462855,False
-3.0990944,False
-2.7400904,False
-2.8071291,False
-2.952295,False
-2.9339247,False
-2.9917953,False
-2.7320693,False
-2.7488432,False
-2.9947455,False
-3.1800668,False
-3.191507,False
-3.3355496,False
-3.4088488,False
-3.4556227,False
-3.1868296,False
-3.4688718,False
-3.2881942,False
-3.1169913,False
-3.178087,False
-3.3394651,False
-3.371444,False
-3.2847283,False
-3.257103,False
-3.2844396,False
-3.3722882,False
-3.11488,False
-3.0372078,False
-3.3700783,False
-3.56016,False
-3.5238934,False
-3.586029,False
-3.654158,False
-4.1352806,False
-3.9420888,False
-2.8476496,False
-3.1182666,False
-2.680677,False
-3.2150378,False
-3.5380747,False
-3.1191282,False
-2.642223,False
-2.7146978,False
-2.6867886,False
-2.8186657,False
-2.7979398,False
-2.8588777,False
-2.9939055,False
-3.1113937,False
-2.6039343,False
-2.7061462,False
-2.915062,False
-2.75349,False
-2.3177943,False
-2.5274136,False
-2.3199522,False
-2.6709695,False
-2.8218002,False
-2.897396,False
-2.5573754,False
-2.844596,False
-2.5725648,False
-2.6435149,False
-2.7555604,False
-2.5816045,False
-2.838716,False
-2.5529943,False
-2.3951204,False
-2.6350265,False
-2.6958442,False
-2.634232,False
-3.0179405,False
-2.8410342,False
-2.6681771,False
-2.4831853,False
-2.8402467,False
-2.5318787,False
-2.8011408,False
-2.423024,False
-2.3191519,False
-2.3571153,False
-2.3786519,False
-2.4005618,False
-2.7529697,False
-2.8145962,False
-3.134689,False
-2.878011,False
-2.730657,False
-2.9568665,False
-2.8505793,False
-3.025948,False
-3.0821378,False
-2.9957166,False
-2.8511982,False
-2.7344933,False
-2.3839014,False
-2.7039723,False
-2.7776635,False
-2.8381786,False
-2.2485447,False
-2.3553874,False
-2.0166376,False
-2.1413703,False
-2.3069837,False
-2.4269657,False
-2.567606,False
-2.545769,False
-2.3646936,False
-2.5058618,False
-2.127689,False
-2.2921228,False
-2.1373234,False
-2.378386,False
-2.4217381,False
-1.9902545,False
-2.0819857,False
-2.4113984,False
-2.601172,False
-2.1465788,False
-2.4285517,False
-2.3403568,False
-2.4649918,False
-2.347322,False
-2.0395885,False
-2.4700656,False
-2.4302392,False
-2.433858,False
-2.2585876,False
-2.3607252,False
-2.32082,False
-2.3433783,False
-2.7730975,False
-1.9323622,False
-2.2677157,False
-2.1497629,False
-2.6470082,False
-1.3204836,False
-2.0825326,False
-2.976303,False
-2.6232185,False
-2.2409215,False
-2.454484,False
-2.4967446,False
-2.5458786,False
-2.5817442,False
-2.333395,False
-2.1161582,False
-2.3931239,False
-2.370113,False
-2.4262862,False
-2.5741918,False
-2.3415694,False
-2.273541,False
-2.1839564,False
-2.1374722,False
-2.1973996,False
-2.4142494,False
-2.2461905,False
-2.190598,False
-2.3228688,False
-2.3563266,False
-2.0270329,False
-2.2439485,False
-2.0166023,False
-2.1417634,False
-2.0137398,False
-2.3583717,False
-2.5624356,False
-2.854985,False
-2.520361,False
-2.607234,False
-2.6741068,False
-2.3685303,False
-2.1061966,False
-1.931167,False
-2.2080235,False
-2.5613837,False
-2.2507327,False
-2.260521,False
-2.309711,False
-2.2459772,False
-2.2687173,False
-2.4183109,False
-2.6778426,False
-2.3318539,False
-2.3355753,False
-2.3471503,False
-2.3194456,False
-2.4286764,False
-2.32511,False
-2.0762298,False
-2.221213,False
-2.6431742,False
-2.7116365,False
-2.4146016,False
-2.5970504,False
-2.1625266,False
-2.433597,False
-2.3308988,False
-2.3523061,False
-2.577877,False
-2.6031222,False
-2.3923705,False
-2.36094,False
-2.613183,False
-2.4752798,False
-2.0268176,False
-2.0251946,False
-2.3762395,False
-2.3254917,False
-2.2994368,False
-2.4979377,False
-2.252253,False
-2.3654373,False
-2.5521188,False
-2.6901402,False
-2.4445243,False
-2.3829877,False
-2.2237477,False
-2.4478507,False
-2.1896198,False
-2.300413,False
-2.4909928,False
-2.2033927,False
-2.2478614,False
-2.1754842,False
-2.4287453,False
-2.225813,False
-2.3183854,False
-2.352119,False
-2.4067762,False
-2.40892,False
-2.6354163,False
-2.5170753,False
-2.4939837,False
-2.2697272,False
-2.5923948,False
-2.4900181,False
-2.4740007,False
-2.4233801,False
-2.2355428,False
-2.3201537,False
-2.3704684,False
-1.8654255,False
-2.345487,False
-2.4087083,False
-2.409347,False
-2.138001,False
-2.511877,False
-2.6095285,False
-2.641393,False
-2.4942203,False
-2.4655874,False
-2.5195792,False
-2.548308,False
-2.2782211,False
-2.5510187,False
-2.5058112,False
-2.5700881,False
-2.7450824,False
-2.511036,False
-2.5134058,False
1.4300472,False
-2.061384,False
-2.3935103,False
-2.7660036,False
-2.5054476,False
-2.5806897,False
-2.3896139,False
-2.553535,False
-2.2294714,False
-1.9269886,False
-2.363524,False
-2.1972878,False
-2.0838618,False
-2.3208187,False
-2.4092283,False
-2.448764,False
-2.2101884,False
-2.2149854,False
-2.1549134,False
-2.6401775,False
-2.4894426,False
-2.2879143,False
-2.297339,False
-2.4002137,False
-2.4271188,False
-2.644427,False
-2.8950043,False
-2.2726734,False
-2.760197,False
-2.3558018,False
-2.526341,False
-2.3758385,False
-2.7184007,False
-2.343995,False
-1.4532232,False
-2.4808629,False
-2.909358,False
-2.3274872,False
-2.1118932,False
-2.1566854,False
-2.3967354,False
-2.1895444,False
-2.4900992,False
-2.3884912,False
-2.310247,False
-2.4342077,False
-2.562849,False
-2.4645987,False
-2.2950563,False
-2.3798294,False
-2.4472759,False
-2.4076736,False
-2.2687995,False
-2.6751769,False
-2.939148,False
-2.6053548,False
-2.0682924,False
-2.6188786,False
-2.5986722,False
-2.4009814,False
-2.6086524,False
-2.0532386,False
-2.113273,False
-2.573811,False
-2.4095447,False
-2.433734,False
-2.2594836,False
-2.4855962,False
-2.632225,False
-2.362515,False
-2.376229,False
-2.8832667,False
-2.180469,False
-2.3165152,False
-2.3363583,False
-2.3560264,False
-2.8534837,False
-2.8566089,False
-2.6085129,False
-2.145641,False
-2.2659252,False
-2.5017064,False
-2.5526881,False
-2.550971,False
-2.270087,False
-2.6375732,False
-2.430881,False
-2.4082131,False
-2.7891195,False
-2.5044918,False
-2.5111718,False
-2.3557491,False
-2.5457125,False
-2.434624,False
-2.624445,False
-2.133562,False
-2.0551543,False
-2.6118655,False
-2.2527478,False
-2.3539085,False
-2.563702,False
-2.3062534,False
-2.5459337,False
-3.0388665,False
-3.3928719,False
-2.7811697,False
-2.617767,False
-2.2470255,False
-2.3222833,False
-2.3600008,False
-2.3200479,False
-2.416548,False
-2.7488537,False
-2.4591508,False
-2.1814556,False
-2.6612594,False
-2.8403049,False
-2.2608995,False
-2.2984817,False
-2.4230852,False
-2.430693,False
-2.5033364,False
-2.5753722,False
-2.2250757,False
-2.2434306,False
-2.3375232,False
-2.2883794,False
-2.5200813,False
-2.2360566,False
-2.0636935,False
-2.3682947,False
-2.3127124,False
-2.5981848,False
-2.1617455,False
-2.316247,False
-2.1406634,False
-2.231436,False
-2.6032627,False
-2.845661,False
-2.3401012,False
-2.704073,False
-2.3595273,False
-2.6673603,False
-2.7932239,False
-2.9155636,False
-2.5351045,False
-2.4509861,False
-2.2617698,False
-1.9066545,False
-2.3285463,False
-2.1986463,False
-2.5050373,False
-2.2662158,False
-2.4370296,False
-2.4910345,False
-2.5226703,False
-2.338915,False
-2.7663794,False
-2.2772017,False
-2.458066,False
-2.6831675,False
-2.0968218,False
-2.228049,False
-2.2586591,False
-2.3111155,False
-2.3853087,False
-2.1701207,False
-2.2007396,False
-2.314648,False
-2.5443554,False
-2.4295163,False
-2.1703405,False
-2.6063068,False
-2.0360875,False
-2.2786598,False
-2.1479807,False
-1.7615014,False
-2.4805958,False
-2.2246037,False
-2.0475225,False
-2.780995,False
-2.3201828,False
-2.26966,False
-2.2827978,False
-2.2414155,False
-2.2437563,False
-2.1305664,False
-2.2266202,False
-2.0507586,False
-2.1266727,False
-2.061843,False
-1.9704779,False
-2.4974132,False
-2.420294,False
-2.4857478,False
-2.2569513,False
-2.2726665,False
-1.9965665,False
-2.3496497,False
-2.0485191,False
-2.181865,False
-2.3976023,False
-2.2023606,False
-2.3755975,False
-2.471982,False
-2.5307927,False
-2.322838,False
-2.0393445,False
-2.039468,False
-2.2518134,False
-2.3694887,False
-2.4410088,False
-2.0632284,False
-2.2812126,False
-2.2997425,False
-2.5329628,False
-2.483282,False
-2.3794825,False
-2.1900408,False
-2.6515265,False
-2.5812936,False
-2.834159,False
-2.6316302,False
-3.2342181,False
-2.660585,False
-2.279561,False
-2.4658263,False
-2.181185,False
-2.3235335,False
-2.0298598,False
-2.109736,False
-2.2578027,False
-2.3160987,False
-2.0866566,False
-2.2391205,False
-2.3658354,False
-2.4835045,False
-2.1726813,False
-2.4747415,False
-2.2248812,False
-1.9422737,False
-2.176498,False
-2.0184772,False
-2.350332,False
-2.5192838,False
-2.3630896,False
-2.1372736,False
-2.3743663,False
-2.2248003,False
-2.33917,False
-1.8642828,False
-2.1735837,False
-2.4464884,False
-2.528619,False
-2.2671494,False
-2.4285054,False
-2.1185005,False
-2.098942,False
-2.3756182,False
-2.9306288,False
-2.4284577,False
-2.017322,False
-2.2612643,False
-2.335734,False
-2.3427525,False
-2.4590642,False
-2.4154131,False
-2.0002959,False
-1.848559,False
-2.1562052,False
-2.4250562,False
-2.1123319,False
-2.299559,False
-1.9392893,False
-2.3071442,False
-2.720841,False
-2.427174,False
-2.3653767,False
-2.11334,False
-2.1893475,False
-2.2679133,False
-2.3201756,False
-2.2455432,False
-2.3256898,False
-2.2991915,False
-2.552465,False
-2.4108582,False
-2.1115863,False
-2.0716825,False
-2.492585,False
-2.4474738,False
-2.1819205,False
-2.3694987,False
-2.1410604,False
-2.1662638,False
-2.3288262,False
-2.529461,False
-2.3933983,False
-2.5084183,False
-2.1150289,False
-2.72338,False
-2.379869,False
-2.696073,False
-2.3000362,False
-2.3042078,False
-2.0423682,False
-2.4184182,False
-2.5738702,False
-2.2918377,False
-2.1963491,False
-2.2989044,False
-2.1758924,False
-2.3882432,False
-2.276647,False
-2.0766299,False
-2.3600948,False
-2.4722948,False
-2.459491,False
-2.301746,False
-2.4767492,False
-2.3070836,False
-2.5360055,False
-2.3929803,False
-2.2043533,False
-2.4908073,False
-1.8475131,False
-2.3633564,False
-2.536094,False
-2.522479,False
-2.1857424,False
-2.4503357,False
-2.1955671,False
-2.373456,False
-2.3548844,False
-2.8716948,False
-2.8831382,False
-2.9935746,False
-2.3640246,False
-2.3226647,False
-2.4482353,False
-2.2433856,False
-2.207423,False
-2.2302008,False
-2.3717575,False
-2.2711272,False
-2.0137482,False
-2.4844544,False
-2.0026042,False
-1.8553269,False
-2.5141854,False
-2.0251427,False
-2.3355336,False
-2.0960388,False
-2.3019555,False
-2.1797154,False
-2.2198086,False
-2.1583197,False
-2.2143927,False
-2.42568,False
-2.0998328,False
-2.432647,False
-2.2899384,False
-2.49995,False
-2.4567049,False
-2.3271523,False
-2.5317373,False
-2.4557414,False
-2.5744786,False
-2.4168556,False
-2.682914,False
-2.6307602,False
-2.8230085,False
-2.2579076,False
-2.5355322,False
-2.7405548,False
-3.1220064,False
-2.5791302,False
-2.6837084,False
-2.3846316,False
-1.8968227,False
-1.9857172,False
-2.4808865,False
-2.451956,False
-2.3893983,False
-2.3525348,False
-2.7415788,False
-2.903319,False
-2.7238746,False
-2.7918444,False
-2.6228042,False
-2.7251737,False
-2.2818403,False
-2.1733,False
-2.3468459,False
-2.4212444,False
-2.2763493,False
-2.6428118,False
-2.368463,False
-2.4882379,False
-2.1155443,False
-2.323882,False
-2.4626207,False
-2.4016552,False
-2.1856318,False
-2.5339825,False
-2.558444,False
-2.4569101,False
-2.5948577,False
-2.3824012,False
-2.5221229,False
-2.20975,False
-2.1897082,False
-2.359197,False
-2.589415,False
-2.4984722,False
-2.6456892,False
-2.2747684,False
-2.1665895,False
-2.7926903,False
-2.289304,False
-2.221276,False
-2.0923226,False
-2.1818495,False
-2.0464678,False
-1.9931241,False
-2.1690445,False
-2.265184,False
-2.297803,False
-2.354976,False
-2.2230356,False
-2.1130304,False
-2.017687,False
-2.12266,False
-1.8458601,False
-2.0589972,False
-2.0854588,False
-2.2669144,False
-2.3343148,False
-2.4862528,False
-2.2377584,False
-2.5888824,False
-2.5437768,False
-2.5563822,False
-2.9302766,False
-2.9028232,False
-2.6180422,False
-2.2175653,False
-2.3758078,False
-2.6101916,False
-2.5445771,False
-2.604403,False
-3.0151074,False
-3.0566764,False
-2.8284242,False
-2.4036438,False
-2.3406415,False
-2.4647775,False
-2.903087,False
-2.3470364,False
-2.379589,False
-2.521267,False
-2.119843,False
-2.8066583,False
-2.5523896,False
-2.3792293,False
-2.6046805,False
-2.7546623,False
-2.5353236,False
-2.5656374,False
-2.585313,False
-2.2265503,False
-2.848158,False
-2.798425,False
-2.8747375,False
-2.3621354,False
-2.3244505,False
-2.4280171,False
-3.0170305,False
-2.8235116,False
-2.4875052,False
-2.930535,False
-2.8368082,False
-2.718172,False
-2.759111,False
-2.6844645,False
-2.0933979,False
-2.2836373,False
-2.4264266,False
-2.6663337,False
-2.9029365,False
-3.0619507,False
-2.4333842,False
-3.103726,False
-2.8798375,False
-2.9255505,False
-2.680008,False
-2.446595,False
-2.9787455,False
-2.7233043,False
-2.6882834,False
-2.7564535,False
-2.6676416,False
-2.7288098,False
-2.3563902,False
-2.6685767,False
-2.5916467,False
-2.732418,False
-2.6267967,False
-2.4790947,False
-2.6371975,False
-2.6314402,False
-2.809615,False
-2.5203588,False
-2.4049103,False
-2.9924793,False
-2.5632422,False
-2.6140347,False
-2.6270494,False
-2.734462,False
-2.4945853,False
-2.4316542,False
-2.498293,False
-2.505031,False
-2.3053172,False
-2.1592615,False
-2.3729007,False
-2.6204011,False
-2.6297066,False
-2.9782994,False
-2.5359662,False
-2.3992882,False
-2.4511695,False
-2.324544,False
-2.467955,False
-2.6969657,False
-3.07015,False
-2.782461,False
-2.6724207,False
-2.1309595,False
-2.2397318,False
-2.393212,False
-2.4753976,False
-2.6516573,False
-2.047789,False
-2.532715,False
-2.1819062,False
-2.3478312,False
-2.4431937,False
-2.6762702,False
-2.4274595,False
-2.2835422,False
-2.1656766,False
-2.8313675,False
-2.9607682,False
-2.5482812,False
-2.5661197,False
-2.395173,False
-2.5936148,False
-2.9304848,False
-2.711472,False
