activation_ins_buzz,correct
-4.7604194,True
-3.8112879,True
-2.9604304,True
-2.756963,True
-3.615518,True
-3.7486453,True
-3.3212738,True
-3.0982769,True
-3.5255945,True
-3.621265,True
-3.4910488,True
-3.7542293,True
-3.1096847,True
-3.209235,True
-3.6771097,True
-3.2842107,True
-3.5797207,True
-3.6123595,True
-3.7328384,True
-3.7280695,True
-2.73281,True
-2.6813817,True
-1.5577121,True
-2.8462863,True
-2.8527405,True
-2.9217796,True
-2.974131,True
-2.9471827,True
-2.7538924,True
-3.0869877,True
-3.5090086,True
1.0223278,True
0.2522152,True
-1.9425434,True
-2.1352649,True
-2.6274955,True
-2.4739983,True
-2.1617184,True
-2.230241,True
-2.6511545,True
-2.947057,True
-1.7974509,True
-1.0513152,True
-1.2471889,True
-2.5896773,True
-2.6800148,True
-2.8431485,True
-1.9115614,True
-2.6538565,True
-2.2427754,True
-1.5379957,True
-1.1204747,True
-1.467499,True
-1.9890985,True
-3.0487573,True
-1.6098404,True
-0.88739884,True
1.287417,True
1.2256227,True
0.30535096,True
-2.1446223,True
-2.8197224,True
-2.403263,True
-2.8785272,True
-2.2278874,True
-2.7859704,True
-2.9394662,True
-2.8601937,True
-2.665881,True
-2.9647675,True
-3.4476812,True
-1.4905393,True
0.60738766,True
1.4242814,True
-2.6414256,True
-2.8084266,True
-2.8258688,True
-2.1402826,True
-2.6414208,True
-2.7405095,True
-2.9768393,True
-3.0261853,True
-3.3983479,True
-3.26221,True
-3.2504876,True
-2.6539392,True
-2.4933455,True
-2.6952786,True
-2.4478097,True
-1.8258191,True
-1.4391767,True
-1.8046106,True
-1.144735,True
0.72421515,True
-0.10086397,True
-2.3559556,True
-2.2415287,True
-2.649292,True
-3.0796375,True
-3.4816568,True
-3.0766377,True
-2.4791152,True
-2.5086546,True
-3.291653,True
-2.5661974,True
-2.838666,True
-3.1995723,True
-3.3494163,True
-3.2310536,True
-3.2819095,True
-3.3606608,False
-3.2885349,False
-2.8846297,False
-2.6983483,False
-2.6402574,False
-2.4366302,False
-2.840148,False
-2.6051693,False
-2.30093,False
-3.367002,False
-3.6419976,False
-3.3661778,False
-3.2122848,False
-3.1712303,False
-2.8452013,False
-2.741221,False
-2.4895499,False
-2.2694278,False
-3.2007575,False
-2.6186287,False
-2.2151191,False
-2.6609032,False
-3.4750593,False
-2.5864398,False
-2.631762,False
-2.826011,True
-3.3983076,False
-3.5951848,False
-2.594509,False
-3.019906,False
-3.399756,False
-3.2606006,False
-3.4746037,False
-3.3994596,False
-3.488638,False
-3.2091,False
-2.357384,False
-3.5015907,False
-2.5122867,False
-2.7583315,False
-2.8153667,False
-4.5417385,False
-2.7682056,False
-2.8042586,False
-3.1492827,False
-3.5171995,False
-3.2874978,False
-3.1709714,False
-3.0623007,False
-2.9701242,False
-3.1386425,False
-3.034177,False
-2.858461,False
-3.278667,False
-3.4816444,False
-3.2817998,False
-3.0453403,False
-3.276597,False
-3.25886,False
-3.0237353,False
-3.7802749,False
-2.9700928,False
-2.8941824,False
-2.7455246,False
-2.542534,False
-3.5176988,False
-2.0226316,False
-2.9797456,False
-3.1468666,False
-3.049128,False
-3.2478547,False
-2.998271,False
-3.0254722,False
-2.9720678,False
-3.1495118,False
-3.1877196,False
-2.962299,False
-2.6811957,False
-2.7973294,False
-2.8817503,False
-2.9783502,False
-2.9150472,False
-3.2994344,False
-3.8103178,False
-2.5983822,False
-3.1107333,False
-3.1598382,False
-3.3581047,False
-2.972171,False
-2.7952237,False
-2.6107416,False
-3.1646302,False
-3.1234052,False
-3.639273,False
-2.679233,False
-3.285963,False
-3.434288,False
-3.4136875,False
-2.9443724,False
-2.8157833,False
-3.2335584,False
-2.9401557,False
-3.0660398,False
-2.461498,True
-2.6325,True
-3.0705254,True
-2.8760684,True
-2.8354435,True
-3.1607597,True
-2.813147,True
-2.6458852,True
-3.6188552,True
-3.2075112,True
-3.882874,True
-3.3698354,True
-2.87413,True
-3.0043898,True
-3.2773423,True
-2.9251664,True
-3.0304308,True
-3.31148,True
-2.5933158,True
-1.8472227,True
-2.1072142,True
-3.557692,True
-3.2582812,True
-2.8336663,True
-2.603034,True
-2.5728014,True
-2.5644183,True
-3.2631636,True
-3.3025424,True
-3.4538991,True
-3.126206,True
-2.439762,True
-2.6497,True
-2.8732266,True
-2.9280684,True
-2.7218385,True
-2.8669586,True
-2.8700776,True
-2.863561,True
-2.7788286,True
-3.0062997,False
-3.396208,False
-3.016779,False
-3.1829612,False
-2.5958564,False
-2.6548173,True
-2.247305,True
-2.35125,True
-2.6021566,True
-1.6756831,True
-2.0081673,True
-2.3635068,True
0.10619246,True
-2.257751,True
-2.2622838,True
-2.5804927,True
-2.526521,True
-2.662353,True
-2.6223197,True
-2.9027834,True
-1.8012434,True
-0.95550096,True
-3.6042683,False
-3.7264738,False
-3.3487883,False
-3.316033,False
-3.7199368,False
-3.4461827,False
-3.0476222,True
-2.7743416,True
-3.0885403,True
-2.897153,True
-2.4425812,True
-2.2726126,True
-3.190142,False
-3.920514,False
-2.7071712,False
-3.6158862,False
-2.847023,False
-2.5393882,False
-3.0205243,False
-2.449984,False
-3.0578623,False
-2.709447,False
-2.5853376,False
-3.1146407,False
-3.4668365,False
-3.1358266,False
-2.7582998,False
-2.3516288,False
-2.8952293,False
-3.2292802,False
-4.3584228,False
-3.822365,False
-2.85337,True
-2.2005453,True
-2.1533873,True
-3.048318,False
-2.8395922,False
-3.2631795,False
-2.5756547,False
-2.7084882,False
-2.9700863,True
-2.7452433,True
-2.1078472,False
-2.794167,False
-2.9016857,False
-2.5547547,False
-3.175769,False
-2.9398868,False
-3.2328022,False
-3.2891147,False
-3.0424893,False
-2.8852088,False
-2.9864917,False
-3.443487,False
-3.3681235,False
-3.4484258,False
-3.1201293,False
-2.7829494,False
-2.916864,False
-2.7320864,False
-3.2956018,False
-2.9905663,False
-2.8486774,False
-2.43304,False
-3.4009137,False
-3.3088703,False
-3.1631758,False
-3.0908623,False
-2.8689535,False
-3.3786335,False
-2.9363182,False
-3.0828547,False
-2.915288,False
-2.9881802,False
-1.8996354,False
-2.1621904,False
-2.2522943,False
-1.9463413,False
-1.4511029,False
-1.8715973,False
-1.7212164,False
-2.0676486,False
-2.0210881,False
-1.7554421,False
-1.2965193,False
-1.0867333,False
-1.4502062,False
-1.9676962,False
-1.8925477,False
-1.8170396,False
-1.8333719,False
-1.9834349,False
-2.3155313,False
-2.196433,False
-2.3721967,False
-2.4958088,False
-2.5235975,False
-2.6968281,False
-2.9157743,False
-2.7283301,False
-2.8028703,False
-2.6443317,False
-2.980795,False
-3.0240114,False
-2.8304448,False
-2.809525,False
-3.083676,False
-3.0922809,False
-2.9954376,False
-2.6142273,False
-2.920739,False
-2.5980542,False
-2.3882966,False
-2.195693,False
-2.190713,False
-1.8659383,False
-1.7466829,False
-2.2090185,False
-1.9642602,False
-1.4650472,False
-1.9091223,False
-2.095819,False
-1.9967417,False
-2.0228727,False
-2.084744,False
-2.148914,False
-2.1108887,False
-1.673829,False
-1.9935656,False
-1.7917653,False
-1.8861359,False
-1.7438804,False
-1.6938651,False
-3.089836,True
-2.5119486,True
-3.1308372,True
-3.6093285,True
-3.1865504,True
-3.0013225,True
-3.1723254,True
-3.080379,True
-1.9213841,True
-1.7085798,True
-2.1313062,True
-2.5843928,True
-2.7499435,True
-2.5047007,True
-2.826165,True
-2.9063373,True
-3.030227,True
-2.2894309,True
-1.8777667,True
-1.6588368,True
-2.3284755,True
-2.208476,True
-2.592151,True
-3.5085568,True
-2.9511456,True
-1.5885051,True
-3.143922,False
-3.4699712,False
-3.503686,False
-2.4916992,True
-2.1719506,True
-2.4020526,True
-1.7058574,True
-1.1022985,True
-2.2617922,True
-2.7571447,False
-2.9727244,False
-3.1658864,False
-3.0557842,False
-2.7613811,False
-3.2057493,False
-2.6586678,True
-3.0673184,True
-2.808335,True
-1.5712798,True
-2.8918278,True
-2.9348865,True
-3.0888894,True
-3.4356222,False
-4.0475082,False
-3.485482,False
-3.6915424,False
-2.7941878,False
-3.31632,False
-3.6270733,False
-2.563249,False
-2.5989532,False
-3.297209,False
-2.8553734,False
-2.5367677,False
-3.0245264,False
-2.7084246,False
-2.6676524,False
-2.598255,False
-2.6909184,False
-3.1127682,False
-3.1651943,False
-3.3630083,False
-3.3344152,False
-3.0253608,False
-3.1044629,False
-3.55075,False
-3.3090203,False
-3.028202,False
-3.2254336,False
-2.476151,False
-5.044048,False
-3.0652428,False
-3.444471,False
-2.8028994,False
-2.9917157,False
-3.1412745,False
-3.4461656,False
-3.6226954,False
-3.5939503,False
-3.6353283,False
-2.5214744,False
-3.369999,False
-2.019982,False
-3.2442102,False
-3.0769439,False
-1.9086154,False
-1.8148781,False
-1.9746435,False
-2.0337827,False
-2.0611544,False
-1.8941785,False
-2.4666116,False
-2.4303358,False
-3.0048375,False
-2.280153,False
-2.9682138,False
-2.7539673,False
-2.5231442,False
-2.4245467,False
-3.168931,False
-2.909664,False
-3.2423074,False
-2.803464,False
-2.9153695,False
-2.9902384,False
-3.0603504,False
-2.9603016,False
-2.9773245,False
-3.0451818,False
-3.0022442,False
-3.2172358,False
-2.840344,False
-3.341896,False
-3.0055401,False
-3.0681581,False
-3.0639172,False
-3.2156284,False
-3.3488266,False
-3.711778,False
-3.6071975,False
-3.6524107,False
-3.4433692,False
-3.6588886,False
-2.6244326,False
-3.0478044,False
-3.3351138,False
-2.8992543,False
-3.1775682,False
-2.8030822,False
-2.914085,False
-2.858261,False
-3.0981097,False
-3.2687123,False
-3.2000802,False
-3.7302833,False
-2.9239147,False
-2.5902643,False
-2.5197914,False
-2.3929338,False
-2.5087028,False
-2.308302,False
-2.2395978,False
-2.566801,False
-2.7113004,False
-1.91049,False
-2.2785184,False
-1.6876005,False
-2.014674,False
-1.6802306,False
-2.191314,False
-2.7575583,False
-2.7128396,False
-2.6398687,False
-2.78135,False
-3.068293,False
-3.192826,False
-2.8191216,False
-2.7734673,False
-2.6679192,False
-3.0691712,False
-3.3596663,False
-2.6921277,False
-2.4864628,False
-2.5692341,False
-3.2999833,False
-2.7613091,False
-2.915366,False
-2.7569926,False
-3.1535037,False
-3.0100303,False
-2.959546,False
-3.0523536,False
-3.0965612,False
-3.4393404,False
-2.8734055,False
-2.7450914,False
-2.708169,False
-3.419412,False
-3.09827,False
-3.0050807,False
-3.2001915,False
-3.137779,False
-2.868256,False
-3.180652,False
-3.3910556,False
-3.1657472,False
-2.8490372,False
-2.5830412,False
-2.999307,False
-3.257572,False
-3.6217916,False
-3.899468,False
-3.7405152,False
-3.1666443,False
-2.482605,False
-4.0081,False
-2.6595063,False
-2.8348858,False
-2.2570553,False
-1.9236883,False
-2.4006965,False
-2.760324,False
-2.594354,False
-2.4781933,False
-2.1174462,False
-2.2111893,False
-2.386889,False
-2.6730998,False
-2.7640164,False
-2.836814,False
-3.0836272,False
-2.5829508,False
-2.4047055,False
-2.2455862,False
-2.9000561,False
-2.7813902,False
-2.6597219,False
-2.5363379,False
-2.2282991,False
-2.425507,False
-2.8253691,False
-3.3599975,False
-3.2026815,False
-3.1026423,False
-2.8390596,False
-2.85089,False
-2.8487434,False
-3.1598084,False
-2.9124272,False
-3.087162,False
-2.937518,False
-2.892849,False
-2.6982503,False
-2.416642,False
-2.7784777,False
-3.1063118,False
-2.820554,False
-2.8267176,False
-2.7496452,False
-2.8005028,False
-2.1832874,False
-2.9009733,False
-3.2799816,False
-3.0552263,False
-3.2602515,False
-2.7525365,False
-2.5864165,False
-2.2313867,False
-2.440195,False
-2.8699229,False
-3.3224761,False
-2.9620137,False
-2.8950124,False
-3.7823837,False
-3.314504,False
-3.3721073,False
-3.0681064,False
-3.2529173,False
-3.0407426,False
-3.826008,False
-3.8652005,False
-3.7208564,False
-3.2753706,False
-2.847558,False
-3.1678047,False
-3.2252812,False
-3.309073,False
-3.3051362,False
-3.099822,False
-3.3153887,False
-3.3190417,False
-3.2240322,False
-2.9321506,False
-3.412884,False
-2.8745408,False
-3.4767146,False
-3.1104333,False
-2.8973281,False
-3.2254028,False
-3.2325633,False
-3.0022998,False
-3.2045107,False
-3.357634,False
-3.2362192,False
-3.479478,False
-3.0301864,False
-3.2264137,False
-2.9526744,False
-2.8191519,False
-2.9551156,False
-2.9950287,False
-3.1623268,False
-3.5456362,False
-3.2112079,False
-3.4321024,False
-3.207587,False
-3.10016,False
-3.0401404,False
-3.058753,False
-3.1019456,False
-3.3308468,False
-3.2049127,False
-3.1167994,False
-3.1442711,False
-3.580245,False
-3.1405597,False
-3.1692183,False
-2.538813,False
-3.006695,False
-3.3310933,False
-2.637766,False
-2.7621467,False
-3.626643,False
-3.14619,False
-3.4758918,False
-3.4081335,False
-3.163229,False
-3.4054923,False
-3.4127393,False
-3.7956743,False
-3.2618632,False
-3.2345893,False
-3.5010328,False
-3.4713032,False
-3.4469595,False
-3.155995,False
-3.399802,False
-3.340712,False
-3.2321496,False
-3.251165,False
-3.5193448,False
-3.137438,False
-2.686426,False
-3.1204255,False
-3.4575014,False
-3.2495406,False
-3.8566287,False
-3.2366629,False
-3.235246,False
-3.093621,False
-3.1454597,False
-3.534747,False
-2.8875978,False
-2.623536,False
-2.7942796,False
-2.7047763,False
-2.371321,False
-1.2302958,False
-1.6965204,False
-2.027553,False
-1.39096,False
-0.814914,False
-1.208301,False
-1.6880525,False
-1.7883373,False
-1.3873355,False
-1.4143544,False
-1.2505269,False
-1.5412514,False
-0.9735791,False
-1.3312371,False
-1.9538194,False
-1.478264,False
-1.3184012,False
-0.72995,False
-1.109369,False
-0.7035086,False
-1.6189994,False
-1.3198458,False
-1.8766968,False
-2.0851922,False
-1.9195876,False
-1.8751191,False
-2.0088603,False
-1.7044419,False
-2.0914602,False
-1.6518047,False
-2.2448606,False
-2.001339,False
-1.9211143,False
-1.7788528,False
-1.7353961,False
-1.9985334,False
-1.7738203,False
-1.6538274,False
-1.805571,False
-1.8683308,False
-2.2735128,False
-1.6890708,False
-1.818932,False
-1.8879429,False
-1.8435048,False
-1.9241747,False
-1.8731782,False
-1.8251661,False
-1.7938862,False
-2.0913966,False
-1.4796311,False
-1.6288512,False
-1.4058037,False
-1.2390033,False
-1.1494011,False
-1.1571498,False
-2.080544,False
-2.0209217,False
-1.8052858,False
-1.6456968,False
-1.104158,False
-1.1886542,False
-1.4394087,False
-1.6926537,False
-1.7041188,False
-1.704424,False
-1.9469525,False
-1.473976,False
-1.8504066,False
-1.8807535,False
-1.9819117,False
-1.8791591,False
-1.9406265,False
-1.7516636,False
-1.4632043,False
-1.616823,False
-1.7055302,False
-1.4257629,False
-1.4685465,False
-1.635635,False
-1.5956906,False
-1.7612325,False
-1.4524218,False
-1.7074404,False
-1.497924,False
-1.7773814,False
-1.5059248,False
-1.5869715,False
-1.6600956,False
-1.7626313,False
-1.7111822,False
-1.6544968,False
-1.7518259,False
-1.523019,False
-1.7762754,False
-1.4865938,False
-1.4745665,False
-1.6317118,False
-1.4562744,False
-1.7555491,False
-1.7865533,False
-1.5694611,False
-1.7831693,False
-2.1656075,False
-2.0067418,False
-1.649649,False
-1.5612932,False
-1.6423602,False
-1.4646116,False
-1.5110877,False
-1.7123079,False
-1.3166056,False
-1.3362656,False
-1.4171476,False
-1.3621988,False
-1.3764447,False
-1.8186439,False
-1.6374825,False
-1.7093887,False
-1.8317854,False
-2.0185344,False
-1.7020724,False
-1.5086054,False
-1.7906129,False
-1.6087354,False
-1.1728287,False
-1.2934347,False
-1.4732227,False
-1.3497659,False
-1.1009103,False
-1.3220285,False
-1.5608763,False
-1.6088011,False
-1.5906985,False
-1.167818,False
-1.3688946,False
-1.4371397,False
-1.8515099,False
-1.526543,False
-1.7581772,False
-1.8749257,False
-1.4327222,False
-1.1688468,False
-0.67075634,False
-0.966434,False
-1.477061,False
-1.3955499,False
-1.2580274,False
-1.4134566,False
-1.2494719,False
-1.3514539,False
-1.049151,False
-1.3969609,False
-1.0461773,False
-1.0943507,False
-1.3698426,False
-1.815348,False
-1.7492814,False
-1.9693812,False
-1.7640088,False
-1.5949365,False
-1.1102488,False
-1.2487524,False
-1.7316102,False
-1.8393068,False
-1.7918248,False
-1.718203,False
-1.8197033,False
-1.6551256,False
-1.3183109,False
-1.9597034,False
-1.7236106,False
-1.5936453,False
-1.2976285,False
-1.653459,False
-1.6761855,False
-1.8015497,False
-1.0043198,False
-1.6029583,False
-1.7950821,False
-1.6725178,False
-1.824594,False
-1.920575,False
-2.0810075,False
-2.2995872,False
-1.6590791,False
-1.7411702,False
-1.6317955,False
-1.518854,False
-1.7197895,False
-1.879933,False
-1.8068553,False
-1.5317831,False
-1.3537109,False
-1.0366284,False
-0.88523203,False
-0.80615544,False
-1.636952,False
-2.080481,False
-2.4396799,False
-1.87623,False
-1.8436738,False
-1.8150992,False
-2.019611,False
-1.6088606,False
-2.0188386,False
-1.4777768,False
-1.5602604,False
-1.2066104,False
-1.5488828,False
-1.5847374,False
-2.19051,False
-2.7629862,False
-2.2638273,False
-1.5113883,False
-1.6038984,False
-1.556885,False
-1.9444472,False
-1.9062251,False
-1.8921814,False
-1.4299887,False
-1.4846209,False
-1.346453,False
-1.725656,False
-1.8593223,False
-1.9499651,False
-1.9558994,False
-1.8170925,False
-1.8424406,False
-1.7000864,False
-1.4809252,False
-2.9363391,True
-3.392173,True
-3.1267347,True
-2.3570778,True
-0.237163,True
0.9985776,True
-3.5801518,True
-3.4893985,True
-4.0329256,True
-2.8068728,True
-2.2308643,True
-1.9963948,True
-2.6543596,True
-2.4649215,True
-2.7748802,False
-2.7817774,False
-2.6665993,False
-3.2055056,False
-5.278856,False
-3.89545,False
-4.3171415,False
-4.089822,False
-3.3361635,False
-3.3945315,False
-3.5170064,False
-3.0727932,False
-3.5710652,False
-3.188688,False
-3.1299677,False
-4.0892897,False
-3.3208227,True
-3.1977189,False
-2.682544,True
-2.5101645,True
-2.4406304,True
-2.6925173,True
-2.879261,True
-2.8910809,True
-2.937693,True
-2.3906748,True
-2.383519,True
-3.0502753,True
-2.861929,True
-2.564788,True
-2.814754,True
-2.8885038,False
-2.775362,False
-2.8340452,False
-2.8320165,False
-2.9256685,False
-2.8776739,False
-3.056118,False
-2.8291867,False
-2.8282607,False
-3.1465414,False
-3.2663882,False
-2.850577,False
-3.3543224,False
-2.7806988,False
-2.8302531,False
-2.8708935,False
-3.0923796,False
-2.024445,False
-2.77166,False
-2.846015,False
-2.0495453,False
-1.6547914,False
-2.4662256,False
-1.7329236,False
-2.317498,False
-2.470156,False
-2.4996262,False
-2.9625852,False
-3.4498036,False
-3.3655112,False
-2.9695644,False
-1.9061084,False
-2.8261409,False
-3.4266381,False
-3.1821246,False
-3.3038526,False
-2.4517155,False
-3.1448169,False
-3.1219087,False
-3.226984,False
-3.0069783,False
-2.4841733,False
-3.1133733,False
-3.1328921,False
-2.9256864,False
-3.5527523,False
-3.429547,False
-3.2197752,False
-2.8711374,False
-3.1548202,False
-2.8779001,False
-2.9827414,False
-2.772569,False
-2.0387232,False
-2.9588666,False
-3.0049167,False
-3.051152,False
-3.086346,False
-2.8775353,False
-3.1425095,False
-2.191565,False
-2.720804,False
-3.2404306,False
-3.111999,False
-3.2103674,False
-3.3557267,False
-3.2298882,False
-3.0809479,False
-2.9979568,False
-2.7957606,False
-3.0348153,False
-3.3151135,False
-2.923082,False
-3.0930564,False
-3.1045222,False
-3.061047,False
-2.8515358,False
-3.177039,False
-2.8226924,False
-2.7657402,False
-2.7621374,False
-3.2263298,False
-3.242241,False
-3.191118,False
-3.5143168,False
-3.1197295,False
-2.9169314,False
-2.9178152,False
-3.0061452,False
-3.025011,True
-3.1377547,True
-0.7587744,True
-2.6722202,True
-3.0137737,False
-2.903317,False
-3.0883138,False
-2.8521268,False
-2.600064,False
-2.3610358,False
-2.2840178,False
-2.3068683,False
-2.3230138,False
-2.4835174,False
-2.4980273,False
-2.3087869,False
-2.6127715,False
-2.6120574,False
-2.5540776,False
-2.4147465,False
-2.4333353,False
-2.6179917,False
-2.9738593,False
-2.9357677,False
-2.9487498,False
-2.8917654,False
-2.9719896,False
-2.9678197,False
-2.7885447,False
-2.7734408,False
-2.6730452,False
-2.328663,False
-2.7810674,False
-2.9018743,False
-2.8027854,False
-2.8554134,False
-2.6081283,False
-2.801195,False
-3.0853646,False
-3.1484163,False
-3.162941,False
-3.2998307,False
-3.2601097,False
-3.0944378,False
-4.159193,False
-4.192062,False
-4.1947393,False
-3.3281157,False
-3.7677634,False
-4.38798,False
-3.8206496,False
-3.2557657,False
-2.510027,False
-2.5309913,False
-2.6894028,False
-3.224931,False
-3.0446713,False
-2.645905,False
-2.7301013,False
-2.7836602,False
-2.8531806,False
-3.1457205,False
-2.8069208,False
-2.8510141,False
-2.7186224,False
-3.1884623,False
-3.0639734,False
-3.514594,False
-2.963655,False
-3.014857,False
-2.7512014,False
-2.895228,False
-3.723408,False
-3.840424,False
-3.303944,False
-3.1913016,False
-3.327111,False
-3.2208424,False
-3.668743,False
-4.126961,False
-4.118652,False
-4.29422,False
-4.5092473,False
-3.3658216,False
-3.6935077,False
-2.9118123,False
-2.9284956,False
-3.043158,False
-3.084414,False
-2.6664264,False
-3.1007152,False
-2.5323234,False
-2.9030156,False
-2.6114907,False
-2.8627741,False
-3.1492374,False
-2.86069,False
-3.7039802,False
-3.7249918,False
-3.648424,False
-3.4732559,False
-3.022395,False
-3.876401,False
-3.7462244,False
-2.9562364,False
-3.592958,False
-3.7743232,False
-3.5663388,False
-3.4674842,False
-3.619824,False
-3.43395,False
-3.615047,False
-3.6703382,False
-3.7269645,False
-3.6589298,False
-4.170991,False
-4.157937,False
-4.1069436,False
-2.51157,False
-2.8612125,False
-3.020354,False
-2.9222078,False
-2.831658,False
-2.7345054,False
-3.9301214,False
-3.8119965,False
-3.5899403,False
-3.7558389,False
-3.465721,False
-3.4786751,False
-3.534806,False
-4.1541367,False
-3.9236403,False
-3.8420973,False
-3.5600245,False
-4.0713162,False
-3.5700047,False
-3.8073225,False
-4.137415,False
-3.477147,False
-4.242275,False
-3.9283464,False
-3.6119034,False
-3.6812146,False
-3.414882,False
-3.1970196,False
-3.420842,False
-2.777629,False
-3.5003374,False
-2.6852927,False
-2.6822495,False
-2.6981003,False
-3.2765791,False
-3.3317535,False
-3.208063,False
-3.236829,False
-3.3788207,False
-3.1645103,False
-3.007478,False
-3.5515447,False
-4.3022246,False
-3.8264427,False
-3.8832147,False
-3.431937,False
-3.727095,False
-3.341838,False
-3.286628,False
-2.6763186,False
-3.3141983,False
-3.4236434,False
-3.923353,False
-4.2357874,False
-3.809884,False
-3.4817147,False
-3.3872817,False
-3.4507334,False
-2.7889724,False
-3.1201768,False
-3.087123,False
-3.281176,False
-3.0432765,False
-3.223126,False
-3.1414807,False
-3.1224668,False
-2.5935435,False
-2.7703743,False
-3.055839,False
-3.5124302,False
-3.0585303,False
-2.9343886,False
-2.560287,False
-2.3952136,False
-2.5191703,False
-2.7127423,False
-2.216113,False
-2.4504972,False
-2.6335177,False
-2.7160916,False
-2.812585,False
-2.7501245,False
-3.136531,False
-2.7888358,False
-3.1235182,False
-3.2398856,False
-3.6676335,False
-3.2105017,False
-2.6838536,False
-2.2833674,False
-2.891007,False
-3.0578446,False
-3.1260633,False
-2.5694108,False
-3.9777164,False
-4.712722,False
-4.39607,False
-4.6719036,False
-4.0907865,False
-4.314861,False
-3.9586487,False
-3.6617496,False
-3.2277937,False
-3.5673203,False
-3.1906695,False
-3.3444624,False
-2.8469646,False
-3.202198,False
-2.8864715,False
-3.0719275,False
-3.2125022,False
-3.4428022,True
-3.805674,True
-3.5902197,True
-3.027631,True
-1.0235263,True
-1.8018566,True
-3.123413,True
-2.7732904,True
-2.9272385,True
-3.0705783,True
-2.6832125,True
-3.4638357,True
-3.1060963,True
-2.0854695,False
-3.654665,False
-3.0628235,False
-3.7355468,False
-2.815894,False
-3.3211105,False
-3.590419,False
-3.2805846,False
-2.9720917,False
-3.6280577,False
-3.664606,False
-3.3889234,False
-2.9724846,False
-2.8024113,False
-2.8550754,False
-3.3491774,False
-3.2165413,False
-3.5978398,False
-3.1079028,False
-2.8771768,False
-2.814272,False
-1.9077561,False
-2.887574,False
-2.5916016,False
-3.3405828,False
-2.8182623,False
-3.6978252,False
-3.4288878,False
-3.4625494,False
-3.7824836,False
-3.060334,False
-3.2550738,False
-2.486265,False
-2.7166357,False
-2.2024274,False
-3.2115762,False
-3.327619,False
-3.1173248,False
-3.7934253,False
-3.166836,False
-3.561973,False
-3.1274087,False
-3.0990932,False
-3.0149567,False
-3.3189785,False
-2.7685633,False
-2.815539,False
-3.508794,False
-3.5245457,False
-2.376181,False
-2.6100667,False
-3.218219,False
-3.6259737,False
-3.6197388,False
-2.7396593,False
-2.5950499,False
-2.965064,False
-3.47973,False
-2.053417,True
-2.7430704,True
-2.390999,True
-3.5444946,False
-3.6348333,False
-3.7217054,False
-3.7594414,False
-4.1118627,False
-2.8986177,False
-3.140183,False
-3.3083134,False
-4.0230927,False
-2.478665,False
-2.5500352,False
-2.413445,False
-2.8416317,False
-3.0291395,False
-2.0010228,False
-2.8752532,False
-2.9803743,False
-3.1385672,False
-3.6639361,False
-3.2610607,False
-3.20237,False
-3.143209,False
-2.9339519,False
-2.890293,False
-2.8965597,False
-2.851697,False
-2.8987687,False
-3.3568418,False
-3.2290168,False
-3.0305133,False
-3.090691,False
-3.0267162,False
-2.9988997,False
-2.914929,False
-2.8720431,False
-3.020378,False
-3.0703034,False
-3.1246445,False
-3.2352765,False
-3.2040668,False
-3.132239,False
-2.9899318,False
-3.0828788,False
-3.0249043,False
-2.792038,False
-2.9259536,False
-2.9787593,False
-3.1557052,False
-3.0336998,False
-2.9958436,False
-3.234348,False
-3.3376226,False
-2.9793928,False
-2.9956403,False
-3.0819628,False
-3.090193,False
-3.1082916,False
-3.125248,False
-3.201421,False
-2.9761407,False
-3.0198905,False
-3.0822275,False
-2.8440266,False
-2.8090088,False
-3.0191138,False
-2.8989773,False
-2.861462,False
-3.1850955,False
-3.0473726,False
-3.2713115,False
-3.1476333,False
-2.8055077,False
-2.9236019,False
-2.9544148,False
-2.7014816,False
-2.5755556,False
-2.3687007,False
-2.2120435,False
-2.3380687,False
-2.3687904,False
-2.6841326,False
-2.9563155,False
-2.621044,False
-2.4881716,False
-2.4708648,False
-2.610217,False
-2.726636,False
-2.8444383,False
-2.9213378,False
-2.6392813,False
-2.737001,False
-2.8018622,False
-2.8613393,False
-2.8638315,False
-2.7874298,False
-2.5751193,False
-2.63465,False
-2.669808,False
-2.6513648,False
-2.6160207,False
-2.6356533,False
-2.7972171,False
-2.7965226,False
-3.1246524,False
-2.8046362,False
-2.4444296,False
-2.6840003,False
-2.660809,False
-2.6980886,False
-2.4097166,False
-2.5325446,False
-2.7971203,False
-2.7004151,False
-2.880646,False
-2.6741552,False
-2.8653774,False
-2.7273064,False
-2.8933532,False
-2.7367504,False
-2.8187249,False
-3.1284268,False
-2.778632,False
-2.4640667,False
-2.3331494,False
-2.164602,False
-2.4301443,False
-2.3939724,False
-2.3447256,False
-2.5361657,False
-2.6444767,False
-2.8131142,False
-2.3795385,False
-2.8493853,False
-2.3954082,False
-2.900839,False
-2.7262106,False
-2.5855258,False
-2.3031485,False
-2.4565697,False
-2.8534257,False
-2.1877866,False
-2.2191412,False
-1.9073191,False
-2.0412357,False
-2.098802,False
-2.2461286,False
-2.099553,False
-2.08055,False
-1.9939094,False
-2.0992644,False
-1.9740812,False
-2.0671108,False
-2.256258,False
-2.2284646,False
-1.4972261,False
-1.6454691,False
-1.7275274,False
-2.3255608,False
-2.0968523,False
-1.7291652,False
-2.0674915,False
-2.0173419,False
-2.236699,False
-2.4632099,False
-2.1938603,False
-2.1558604,False
-2.019332,False
-2.2376723,False
-2.466964,False
-3.0759015,False
-3.0847538,False
-2.8066552,False
-2.6596103,False
-2.7359443,False
-2.6909535,False
-2.1651032,False
-2.1507716,False
-2.2365804,False
-2.2471766,False
-2.455892,False
-2.5716274,False
-2.505793,False
-2.2156234,False
-2.3293812,False
-2.2239914,False
-2.4249525,False
-2.0563893,False
-2.2974665,False
-2.5685396,False
-2.2360346,False
-1.8914365,False
-2.2871723,False
-2.6413,False
-2.9950147,False
-2.9879766,False
-2.6010575,False
-2.86637,False
-2.9548085,False
-3.539331,False
-3.415835,False
-3.043783,False
-3.2319083,False
-3.8152359,False
-4.132092,False
-3.9961298,False
-3.6169994,False
-3.5652418,False
-4.2475476,False
-4.187593,False
-4.2456136,False
-3.574053,False
-3.4381301,False
-3.3187137,False
-3.8590887,False
-4.3918543,False
-3.152194,False
-3.6061394,False
-3.7175858,False
-3.4685202,False
-3.188116,False
-3.5105937,False
-3.690628,False
-4.1787353,False
-3.0509665,False
-3.6990576,False
-3.6920512,False
-3.547038,False
-3.6511474,False
-3.9457161,False
-4.190801,False
-3.5734,False
-3.1595452,False
-4.0919323,False
-5.1237726,False
-5.7045994,False
-5.0011916,False
-4.5988994,False
-4.457524,False
-5.074027,False
-3.2339702,False
-3.585553,False
-3.6549838,False
-3.705033,False
-3.4577641,False
-3.3219264,False
-3.248383,False
-3.428132,False
-3.0803661,False
-3.2211602,False
-3.0189586,False
-3.5119932,False
-3.1155005,False
-3.323211,False
-2.8830104,False
-3.3574803,False
-3.0789428,False
-2.8871815,False
-2.5198672,False
-2.480383,False
-3.6071038,False
-3.5923264,False
-4.249409,False
-3.3830745,False
-3.6382651,False
-4.0738535,False
-4.160045,False
-3.2083025,False
-2.4481988,False
-2.533341,False
-2.3699548,False
-2.9354916,False
-3.2612107,False
-2.9430654,False
-3.401389,False
-3.6837933,False
-4.0661077,False
-3.7056305,False
-3.9230156,False
-3.583272,False
-3.553281,False
-4.332307,False
-4.3314085,False
-4.6555824,False
-3.71542,False
-3.6154532,False
-3.5160668,False
-3.5028126,False
-3.7524266,False
-3.8741028,False
-4.147352,False
-3.9617932,False
-3.8432279,False
-3.4428096,False
-3.4595702,False
-3.5749328,False
-3.5365074,False
-3.8856208,False
-3.8898237,False
-3.250001,False
-3.8618703,False
-3.5256789,False
-3.3831038,False
-3.414913,False
-4.6937833,False
-4.8258123,False
-3.9329278,False
-3.2228863,False
-3.6840692,False
-3.1117256,False
-3.08046,False
-3.443294,False
-3.4921575,False
-3.6208832,False
-4.011185,False
-3.6087265,False
-3.20672,False
-3.8071058,False
-3.2569497,False
-2.786885,False
-2.741142,False
-3.565436,False
-3.7347176,False
-4.044481,False
-3.350719,False
-3.3068783,False
-3.1728868,False
-3.5304124,False
-3.4487903,False
-3.271628,False
-3.116906,False
-2.9551628,False
-3.0666208,False
-3.3911104,False
-2.3398273,False
-2.4465928,False
-3.1023185,False
-2.8963275,False
-2.5274198,False
-2.6305645,False
-2.3610535,False
-2.7283177,False
-2.591279,False
-2.9205952,False
-3.054502,False
-3.3321488,False
-3.4353676,False
-3.3163462,False
-3.9759126,False
-2.9478085,False
-3.4908152,False
-3.2659166,False
-3.4483147,False
-3.839465,False
-3.8920474,False
-3.6798592,False
-2.9374478,False
-2.8867543,False
-2.5563633,False
-2.726648,False
-2.5170703,False
-3.1419275,False
-3.1076655,False
-3.1191807,False
-3.0134192,False
-3.3690743,False
-2.850552,False
-2.464887,False
-2.7655616,False
-3.1602073,False
-3.1630356,False
-2.5794606,False
-3.0199814,False
-2.8040698,False
-2.3320277,False
-2.752455,False
-2.8410475,False
-3.158417,False
-2.831457,False
-2.48354,False
-2.9235322,False
-2.7309818,False
-3.015328,False
-2.648292,False
-2.5990915,False
-3.1976874,False
-3.3386836,False
-2.9305186,False
-2.5997317,False
-2.541719,False
-2.764361,False
-2.9536576,False
-3.115481,False
-2.8330402,False
-2.531818,False
-3.2976005,False
-3.0695422,False
-2.8819227,False
-2.672068,False
-2.4511025,False
-2.878092,False
-3.1259627,False
-2.752848,False
-2.6774452,False
-2.70891,False
-2.9952574,False
-2.9458559,False
-2.5617495,False
-2.9076219,False
-3.4081018,False
-2.763309,False
-2.6722662,False
-2.6795702,False
-2.7796805,False
-2.5012856,False
-2.2510986,False
-2.4494665,False
-2.6655807,False
-2.7997763,False
-2.9410055,False
-3.1255689,False
-2.9057086,False
-3.2409163,False
-3.2250214,False
-3.0819604,False
-3.0650043,False
-3.3915694,False
-3.4162085,False
-3.721408,False
-3.4672651,False
-3.6654508,False
-3.2545261,False
-2.6375904,False
-2.8928602,False
-3.2116137,False
-2.8049438,False
-2.9953969,False
-2.846532,False
-3.182957,False
-3.204248,False
-2.829398,False
-3.3389902,False
-2.4250464,False
-1.1054009,False
-1.0499424,False
-1.2823393,False
-3.0912724,False
-2.7412558,False
-3.0946624,False
-3.240619,False
-2.8294907,False
-3.0536578,False
-2.8998148,False
-2.9405646,False
-2.3948605,False
-2.6327398,False
-2.367808,False
-2.7042398,False
-2.6617367,False
-3.1899261,False
-2.785222,False
-2.6098006,False
-2.4164076,False
-2.4049323,False
-2.7004824,False
-2.5960982,False
-2.6193328,False
-2.497926,False
-2.545311,False
-2.3492904,False
-2.6188803,False
-2.2845821,False
-2.911167,False
-3.0790796,False
-3.1813176,False
-3.0090597,False
-2.9105196,False
-3.009359,False
-2.5234072,False
-2.6751735,False
-3.120946,False
-2.4270985,False
-2.7829795,False
-2.6549377,False
-2.9339447,False
-2.9332666,False
-2.8894162,False
-3.232315,False
-3.1857965,False
-2.9035456,False
-3.1852536,False
-2.9066403,False
-3.0029106,False
-3.0442154,False
-2.7738156,False
-3.3344407,False
-3.1363027,False
-3.1260142,False
-2.9425375,False
-3.5248709,False
-3.6051464,False
-4.2193575,False
-3.080101,False
-2.7521026,False
-3.412441,False
-3.3459072,False
-3.2501032,False
-2.8952093,False
-2.5653527,False
-2.3695395,False
-2.6101258,False
-3.413385,False
-3.4212222,False
-3.9661663,False
-4.359165,False
-4.134626,False
-3.5755816,False
-3.6362624,False
-3.1675727,False
-3.3730793,False
-3.497944,False
-3.540596,False
-3.2573502,False
-2.9800694,False
-3.623076,False
-3.16462,False
-3.2998195,False
-2.9877853,False
-3.0424547,False
-3.033838,False
-2.9760852,False
-3.4159248,False
-3.5485096,False
-2.9053347,False
-3.1485834,False
-3.2273903,False
-2.7007952,False
-2.5744689,False
-2.7331135,False
-3.6906788,False
-3.8594062,False
-3.251379,False
-2.6106672,False
-2.6607318,False
-2.808746,False
-2.660087,False
-2.4530954,False
-2.8039725,False
-3.049789,False
-4.366792,False
-3.2560108,False
-2.8919163,False
-2.870528,False
-2.978584,False
-2.9488535,False
-2.9559002,False
-2.8206832,False
-2.901827,False
-2.4500473,False
-3.049519,False
-2.6226242,False
-3.082496,False
-2.257486,False
-2.360889,False
-2.626137,False
-2.7328777,False
-2.2974908,False
-2.6113617,False
-2.946855,False
-2.884487,False
-3.142096,False
-2.9441555,False
-2.9376028,False
-1.564205,False
-0.07856559,False
1.4465036,False
-2.844557,True
-2.8470764,True
-2.0961597,True
-1.9858699,True
-2.3272781,True
-3.277127,False
-2.8044803,True
-3.0750933,True
-3.1533182,True
-3.195097,True
-2.9473016,True
-2.8561997,True
-2.9087315,True
-3.0578275,True
-3.5214577,True
-3.137982,True
-2.4652321,True
-2.3401432,True
-2.7962296,True
-2.6893184,True
-2.7892754,True
-3.203537,True
-3.1242332,True
-3.1867485,False
-3.1618056,False
-3.7689798,False
-3.6849477,False
-3.8977156,False
-3.5199566,False
-2.8337803,False
-3.1975462,False
-3.1903381,False
-3.268634,False
-2.8332665,False
-2.9098716,False
-2.7210798,False
-3.0461433,False
-3.2862408,False
-2.814397,False
-3.1837966,False
-2.6474545,False
-2.8097181,False
-2.672848,False
-2.676831,False
-2.9191372,False
-2.8613007,False
-2.969424,False
-3.0139682,False
-3.2884727,False
-2.9433692,False
-2.2332513,False
-2.7593348,False
-2.605199,False
-3.0201874,False
-3.1266837,False
-3.1476517,False
-2.520977,False
-2.6349092,False
-2.7886693,False
-3.3057516,False
-3.2117531,False
-2.4522262,False
-2.836914,False
-2.9807644,False
-2.7474637,False
-3.1855543,False
-3.5741587,False
-2.9371908,False
-2.9842718,False
-2.8334427,False
-2.5177903,False
-2.9988813,False
-2.7346005,False
-3.0119574,False
-3.0778933,False
-3.4465475,False
-3.1928115,False
-3.2426372,False
-2.8574436,False
-2.933526,False
-2.6251683,False
-2.501355,False
-2.736091,False
-2.7890916,False
-2.9242733,False
-2.6235995,False
-2.6711395,False
-2.8738728,False
-2.2368996,False
-2.5249646,False
-2.6590996,False
-2.8754811,False
-2.9141645,False
-2.8861458,False
-2.4888015,False
-2.6548786,False
-3.1167188,False
-3.2840137,False
-3.5499206,False
-2.9868708,False
-3.3458076,False
-3.7208524,False
-2.5580404,False
-2.4702191,False
-2.634458,False
-2.8628707,False
-3.036002,False
-2.8035312,False
-2.7194479,False
-2.5614982,False
-3.619069,False
-3.369654,False
-2.94091,False
-2.8147657,False
-3.1779296,False
-3.2861772,False
-3.264111,False
-3.0394206,False
-2.801112,False
-3.1637557,False
-3.1055522,False
-3.1494653,False
-3.054232,False
-2.833714,False
-4.3381624,False
-3.6765497,False
-3.510525,False
-3.3184159,False
-3.4047425,False
-3.0595753,True
-3.5159116,False
-3.6205547,False
-3.404915,False
-3.428763,False
-3.2006874,False
-3.0833502,False
-3.1183763,False
-2.6290898,False
-2.8070142,False
-3.235564,False
-2.713097,False
-2.6165562,False
-2.5240736,False
-2.486457,False
-2.8582363,False
-2.6845412,False
-2.823481,False
-2.5555813,False
-2.8083255,False
-2.5686424,False
-2.5795145,False
-2.5751407,False
-2.3749304,False
-2.7098446,False
-2.684936,False
-2.728922,False
-2.5867577,False
-2.6346533,False
-3.1215832,False
-2.409407,False
-2.5201297,False
-3.1588175,False
-3.047535,False
-3.4358284,False
-2.6835806,False
-2.8242977,False
-2.934453,False
-3.3502462,False
-2.9017375,False
-2.6732798,False
-3.362027,False
-2.8467717,False
-2.6983669,False
-2.6145873,False
-2.539758,False
-3.127827,False
-2.739328,False
-3.0357616,False
-2.8245547,False
-3.1720808,False
-2.7499478,False
-3.115149,False
-2.8583896,False
-2.9158707,False
-2.806355,False
-2.8291945,False
-2.8510418,False
-2.895213,False
-2.7884173,False
-2.7947106,False
-2.9710221,False
-2.6407962,False
-2.7063737,False
-2.9580355,False
-2.7129061,False
-2.8333194,False
-2.5559895,False
-2.8115919,False
-2.9372694,False
-3.0068805,False
-2.6761029,False
-2.5428343,False
-2.6214638,False
-2.7243896,False
-2.814623,False
-2.6509762,False
-2.6864548,False
-2.5837247,False
-2.425499,False
-2.4422026,False
-2.5009782,False
-2.6450381,False
-2.5626907,False
-2.2130845,False
-2.4387195,False
-2.7502246,False
-2.4845438,False
-2.3008711,False
-2.458302,False
-2.252159,False
-2.5151803,False
-2.6353607,False
-2.9197373,False
-2.969274,False
-2.62071,False
-2.4671052,False
-2.527504,False
-2.6869898,False
-2.650443,False
-2.7295132,False
-2.548676,False
-2.876509,False
-3.0071938,False
-2.7092779,False
-2.4989398,False
-2.379201,False
-2.2451067,False
-2.1309342,False
-2.4208217,False
-2.5375495,False
-2.5922587,False
-2.7329855,False
-2.8308458,False
-3.1335933,False
-2.8491583,False
-2.6848521,False
-2.4971232,False
-2.6365204,False
-2.8934066,False
-2.6337287,False
-2.7846804,False
-3.1042361,False
-3.006181,False
-2.660351,False
-2.5242543,False
-2.6540055,False
-2.67097,False
-2.7846777,False
-2.7650614,False
-2.8041203,False
-2.9603834,False
-2.7898045,False
-2.6258938,False
-2.8244627,False
-2.8559878,False
-2.927339,False
-2.772619,False
-2.621942,False
-3.1160412,False
-2.9482038,False
-2.6648355,False
-2.8237252,False
-2.9687614,False
-2.744416,False
-2.6907558,False
-2.771609,False
-2.6411858,False
-2.8219178,False
-2.7302127,False
-3.062663,False
-2.8485858,False
-2.6462455,False
-2.3879457,False
-2.4977326,False
-2.706034,False
-2.8612487,False
-2.7719524,False
-2.6018085,False
-2.8190632,False
-2.8343132,False
-2.5316522,False
-2.6559818,False
-2.6286438,False
-2.5854278,False
-2.3893979,False
-2.6524115,False
-2.7251303,False
-2.5787597,False
-2.411921,False
-2.2550325,False
-2.2800503,False
-2.5143077,False
-2.6473422,False
-2.661695,False
-2.7958765,False
-2.84689,False
-2.8199396,False
-2.6183257,False
-2.5291014,False
-2.5818603,False
-2.8149087,False
-2.6559777,False
-2.7219622,False
-2.8560674,False
-3.0194824,False
-2.7721152,False
-2.8155308,False
-2.6899316,False
-2.5746787,False
-2.9997642,False
-2.9174523,False
-2.7025878,False
-2.5699098,False
-2.3834243,False
-2.7086117,False
-2.924276,False
-2.9050834,False
-2.8901267,False
-2.7962425,False
-2.8715231,False
-2.775164,False
-2.7733934,False
-2.7369485,False
-2.778885,False
-2.746799,False
-2.7422936,False
-2.908526,False
-2.9313257,False
-2.958654,False
-3.0662196,False
-2.7719162,False
-2.54115,False
-2.5862632,False
-2.5961652,False
-2.775799,False
-2.5780349,False
-2.6381354,False
-3.0142272,False
-2.7935526,False
-2.6270313,False
-2.813981,False
-2.9426641,False
-3.2245164,False
-3.0868816,False
-2.8316584,False
-2.8745534,False
-2.7243412,False
-3.0218432,False
-2.9598303,False
-2.9027917,False
-2.8609676,False
-2.9412763,False
-2.6115901,False
-2.6569982,False
-2.8033283,False
-2.783121,False
-2.719742,False
-2.8828938,False
-2.9484665,False
-2.7704978,False
-2.72442,False
-2.7080264,False
-2.7866454,False
-2.816331,False
-2.804805,False
-2.779762,False
-2.762565,False
-2.6239862,False
-2.831272,False
-2.5841463,False
-2.7261188,False
-2.434158,False
-2.3513875,False
-2.4953976,False
-2.639085,False
-2.775198,False
-2.730587,False
-2.3847222,False
-2.960106,False
-2.809655,False
-2.6356685,False
-2.4336472,False
-2.4869695,False
-2.5599194,False
-2.3670573,False
-2.3949487,False
-2.7825918,False
-2.6350627,False
-2.52678,False
-2.5836365,False
-2.537434,False
-2.5144289,False
-3.1377652,False
-2.7820528,False
-2.607666,False
-2.739947,False
-2.8118286,False
-3.008707,False
-2.991558,False
-3.3619766,False
-2.742945,False
-2.7149758,False
-2.8972788,False
-3.5094173,False
-3.0021734,False
-2.762044,False
-2.6751826,False
-2.7100182,False
-2.7942085,False
-2.8935099,False
-2.656632,False
-2.834176,False
-2.679803,False
-2.9892437,False
-3.0101604,False
-2.924303,False
-2.850273,False
-2.6422148,False
-2.6672199,False
-2.503798,False
-2.5943336,False
-2.7533278,False
-2.7512593,False
-2.5488198,False
-2.5805492,False
-2.7911134,False
-2.841635,False
-2.6538045,False
-2.543981,False
-2.5634131,False
-2.4212177,False
-2.7732654,False
-2.7731922,False
-2.5756953,False
-2.4891222,False
-2.7339873,False
-2.9055283,False
-2.788248,False
-2.7319305,False
-2.7893975,False
-3.0700824,False
-2.8334358,False
-3.0081482,False
-2.9009275,False
-2.610688,False
-2.7741141,False
-3.260285,False
-2.858952,False
-2.8365853,False
-2.923336,False
-3.1663065,False
-2.5882711,False
-3.042977,False
-2.6893873,False
-2.7952495,False
-2.9176288,False
-2.9644818,False
-2.6519547,False
-2.5517826,False
-2.6609972,False
-2.9188838,False
-2.8309307,False
-2.6587403,False
-2.728352,False
-2.8819163,False
-2.7922795,False
-2.9276085,False
-2.7088282,False
-2.603621,False
-2.6020465,False
-2.7979403,False
-2.8957744,False
-2.6378717,False
-2.7980888,False
-2.6921887,False
-2.6181316,False
-2.7300873,False
-2.616016,False
-2.6852798,False
-2.2473254,False
-2.65215,False
-2.9503176,False
-2.8256943,False
-2.9603655,False
-2.6425686,False
-2.865948,False
-2.9041712,False
-2.6697261,False
-2.4281607,False
-2.867081,False
-2.7182865,False
-3.3429277,False
-2.8625178,False
-2.8717897,False
-3.1510825,False
-2.9441745,False
-2.8307037,False
-3.1181946,False
-2.8729863,False
-2.84006,False
-2.715986,False
-2.6803286,False
-2.6042936,False
-3.0437815,False
-2.6188493,False
-2.681875,False
-2.8501241,False
-2.989781,False
-3.068457,False
-2.955785,False
-2.9016464,False
-2.8354256,False
-2.9080431,False
-2.9017792,False
-2.8741016,False
-2.9520824,False
-2.956317,False
-2.458973,False
-2.6509914,False
-2.5389497,False
-2.7257068,False
-2.3547077,False
-2.8020253,False
-2.8533175,False
-2.806867,False
-2.7156863,False
-2.7427387,False
-2.7802923,False
-2.9400277,False
-2.6663485,False
-2.7286198,False
-2.83081,False
-2.4620118,False
-2.791628,False
-2.8230622,False
-3.006087,False
-2.80895,False
-2.5856435,False
-2.657674,False
-3.0010288,False
-2.8956647,False
-3.0139399,False
-2.8930185,False
-2.5651033,False
-2.7315273,False
-2.6044116,False
-2.7282417,False
-2.7779527,False
-2.6488867,False
-2.9396048,False
-2.8882945,False
-2.8972042,False
-2.7683513,False
-3.0081403,False
-2.8070054,False
-2.8620126,False
-2.9250078,False
-2.9093103,False
-1.2784475,False
-3.3168187,False
-2.3197336,False
-2.1163654,False
-2.0319018,False
-1.940451,False
-2.5563018,False
-2.5757158,False
-2.718434,False
-2.6725676,False
-2.4952173,False
-2.8889854,False
-3.1664836,False
-3.3087986,False
-3.6526883,False
-3.213554,False
-2.4898348,False
-2.996345,False
-3.266342,False
-3.2263322,False
-2.5528948,False
-2.824087,False
-2.5775578,False
-3.1471117,False
-3.2450445,False
-2.9372356,False
-3.1832654,False
-2.988386,False
-2.545376,False
-2.9230168,False
-2.7630057,False
-3.2164075,False
-2.7745032,False
-2.757655,False
-2.1445048,False
-2.255466,False
-2.7361917,False
-2.406302,True
-2.876834,True
-2.5326734,True
-2.6197753,True
-2.7381454,True
-2.4238336,True
-4.0972514,True
-3.107656,False
-3.383746,False
-3.35483,False
-3.028339,False
-2.7199109,False
-2.646089,False
-2.589149,False
-2.9186938,True
-3.0850523,True
-3.606194,False
-2.2315607,False
-3.150187,False
-3.004232,False
-3.6705878,False
-3.1434534,False
-2.7403183,False
-0.8084933,True
0.33339283,True
-3.718459,True
-3.5159068,True
-2.2673476,True
-2.5241668,True
-2.6540122,False
-2.9599402,False
-3.0441074,False
-3.5807452,False
-3.0686374,False
-3.0308542,False
-3.180312,False
-2.7622921,False
-3.7618427,False
-3.1366534,False
-3.2044196,False
-3.0646267,False
-3.3021135,False
-3.520661,False
-5.0437775,False
-4.5023146,False
-4.583452,False
-3.924046,False
-3.7892392,False
-2.9202898,False
-3.1395764,False
-3.4865942,False
-3.6312132,False
-3.2005844,False
-2.8436544,False
-2.5361893,False
-2.360205,False
-3.5554373,False
-2.958364,False
-2.3606887,False
-2.983965,True
-3.1586132,True
-2.9479916,True
-2.5399349,True
-3.0443137,True
-3.2085693,True
-1.8464559,True
-2.7586565,False
-3.1122427,False
-2.9428465,False
-2.9741676,False
-3.3748784,False
-3.6505136,False
-2.7846546,False
-2.647489,False
-2.3509102,False
-1.010247,False
-3.4450316,False
-3.2286518,False
-2.7577505,False
-3.6158123,False
-3.7755318,False
-3.2928782,False
-3.5273616,False
-3.7036488,False
-2.6637397,False
-2.5461433,False
-3.240819,False
-3.6493125,False
-2.3495603,False
-2.5448856,False
-2.0813868,False
-2.7128649,False
-3.0446224,False
-2.5404565,True
-2.896026,True
-2.9952755,True
-2.5382874,True
-2.6760762,True
-3.2606149,False
-3.1072845,False
-3.8055294,False
-3.0996294,False
-1.284696,False
-1.3473747,False
-2.628497,False
-2.7130466,False
-2.7492151,False
-2.4233966,False
-2.323328,False
-2.8117285,False
-2.5430791,False
-2.7829206,False
-2.8667765,False
-2.7706401,False
-2.705746,False
-2.5527406,False
-2.7276654,False
-2.7582693,False
-2.6412418,False
-2.6979134,False
-2.7928166,False
-2.6577704,False
-2.567868,False
-2.4079003,False
-2.5500462,False
-2.6216183,False
-3.0063317,False
-2.8276842,False
-2.8140452,False
-2.8008106,False
-2.927541,False
-2.3289337,False
-2.6001554,False
-2.6393378,False
-2.6860075,False
-2.6157055,False
-2.5924823,False
-2.5285912,False
-2.4325519,False
-2.751378,False
-2.8370976,False
-3.0857668,False
-2.5392308,False
-2.6721282,False
-2.4191716,False
-3.6120594,False
-3.545619,False
-3.3266387,False
-3.6897264,False
-3.6459892,False
-3.694667,False
-3.4730906,False
-3.7366922,False
-4.2423005,False
-4.542359,False
-3.5926511,False
-3.5570714,False
-3.8673236,False
-3.6360612,False
-4.596544,False
-4.2588825,False
-4.396372,False
-3.8214006,False
-3.34856,False
-4.1654916,False
-3.9315553,False
-4.4864016,False
-3.5873709,False
-3.8971803,False
-3.3766158,False
-4.350519,False
-3.8806396,False
-3.1842935,False
-3.188485,False
-3.0346732,False
-3.4170284,False
-3.590931,False
-3.8255122,False
-3.6406221,False
-3.424105,False
-3.136861,False
-3.9359581,False
-3.5078368,False
-3.6105137,False
-3.5414402,False
-3.2065327,False
-3.1413512,False
-3.811718,False
-3.5049186,False
-2.857473,False
-3.016192,False
-3.365816,False
-3.228047,False
-3.5550642,False
-3.7480505,False
-2.9226038,False
-3.0981207,False
-2.948715,False
-2.9253838,False
-2.882895,False
-2.9581969,False
-2.9108086,False
-2.5507326,False
-3.0651696,False
-3.8409011,False
-4.153032,False
-3.8562899,False
-3.1092029,False
-2.397604,False
-2.1137176,False
-2.0720818,False
-2.7221599,False
-3.130214,False
-3.2921162,False
-2.846321,False
-2.825861,False
-3.3580937,False
-2.8408542,False
-3.3277915,False
-3.0722198,False
-2.8663259,False
-3.2858076,False
-2.9172778,False
-3.0164688,False
-3.4788096,False
-3.049789,False
-2.8595822,False
-3.2240927,False
-3.4005392,False
-3.3640459,False
-2.8739483,False
-3.2539945,False
-2.7380095,False
-3.2278411,False
-2.9802637,False
-3.3680356,False
-3.0676591,False
-2.9564645,False
-3.0978632,False
-3.0759854,False
-2.9138234,False
-3.11281,False
-3.5268414,False
-3.8611014,False
-3.3047583,False
-3.1391811,False
-3.4655244,False
-3.4008133,False
-3.4674006,False
-3.6280208,False
-3.7364419,False
-3.8979726,False
-4.052706,False
-3.9396105,False
-3.5878892,False
-3.7108316,False
-4.3029594,False
-4.3699007,False
-3.878607,False
-4.0281715,False
-4.1577573,False
-4.196972,False
-3.4426627,False
-3.1945682,False
-3.2984073,False
-3.4506273,False
-3.4060352,False
-3.2420726,False
-3.3915226,False
-3.1266682,False
-3.249669,False
-3.2856035,False
-3.3022933,False
-3.2713802,False
-3.350924,False
-3.4464061,False
-2.8858938,False
-2.7471292,False
-2.950864,False
-2.9557586,False
-3.089511,False
-3.5724514,False
-3.4045627,False
-3.5975714,False
-4.1008015,False
-4.26727,False
-4.4531813,False
-4.5407724,False
-4.7757983,False
-4.134277,False
-3.7016923,False
-3.6515174,False
-3.5184739,False
-3.8153148,False
-3.9678373,False
-3.9401515,False
-3.8637874,False
-4.397173,False
-3.9180362,False
-4.364011,False
-3.9361641,False
-4.0400767,False
-4.268146,False
-3.841017,False
-4.739352,False
-3.865687,False
-3.4453316,False
-3.5015943,False
-3.8921804,False
-4.1131916,False
-3.671862,False
-2.9160116,False
-2.9948854,False
-3.6433003,False
-3.5976617,False
-3.6419857,False
-3.6479504,False
-3.5337808,False
-3.3926165,False
-3.2366333,False
-3.5124912,False
-4.0730577,False
-4.247444,False
-4.094005,False
-3.3400187,False
-3.3990815,False
-3.4513261,False
-3.655835,False
-3.4184012,False
-3.6484604,False
-3.382492,False
-3.571419,False
-3.262036,False
-3.543414,False
-4.211032,False
-4.298148,False
-4.5287333,False
-4.217302,False
-3.9089751,False
-2.9737513,False
-3.0158937,False
-2.6204617,False
-3.4412136,False
-3.5945199,False
-3.9029431,False
-3.1825864,False
-3.1857111,False
-3.5701053,False
-3.703266,False
-3.9232986,False
-4.178887,False
-3.7796474,False
-3.0690317,False
-3.038608,False
-3.265176,False
-3.0174024,False
-3.0666409,False
-3.257335,False
-3.2823153,False
-3.036293,False
-2.808389,False
-2.4750464,False
-2.6454654,False
-2.488503,False
-2.6106892,False
-2.7980902,False
-3.1231375,False
-2.975075,False
-3.3213596,False
-3.1613147,False
-3.1104531,False
-3.3380425,False
-3.4573238,False
-4.04138,False
-3.6472216,False
-3.50433,False
-3.1508803,False
-3.1593442,False
-3.3599112,False
-3.860024,False
-3.7236178,False
-3.609947,False
-3.1677809,False
-3.3519413,False
-3.451788,False
-3.1212516,False
-3.2369568,False
-3.6481993,False
-3.426806,False
-3.448297,False
-3.2225127,False
-2.942103,False
-2.977085,False
-3.0783448,False
-3.0126534,False
-3.3045902,False
-3.4825442,False
-3.6583068,False
-3.101648,False
-2.9488652,False
-3.7050507,False
-3.6609066,False
-3.059604,False
-3.5210738,False
-3.5092375,False
-3.6121068,False
-3.3586028,False
-3.2990716,False
-3.7606044,False
-3.8031552,False
-3.533925,False
-3.0268095,False
-3.525133,False
-4.159581,False
-4.8117747,False
-4.6785555,False
-4.477518,False
-4.0239096,False
-3.9294114,False
-3.906399,False
-3.9001465,False
-3.7681425,False
-3.7516255,False
-3.3497167,False
-3.0226915,False
-3.1073766,False
-2.8819854,False
-3.3849483,False
-3.4605024,False
-3.1591396,False
-2.8313224,False
-2.6055377,False
-3.0276046,False
-3.5112169,False
-3.6706045,False
-4.1289067,False
-3.6973155,False
-3.3366435,False
-3.2788706,False
-2.8335874,False
-2.9121628,False
-3.4408307,False
-3.311985,False
-2.8057704,False
-2.7419183,False
-2.5628347,False
-2.8458056,False
-2.7279592,False
-2.6899416,False
-2.4123304,False
-2.5415602,False
-2.4132748,False
-2.2090707,False
-2.1130602,False
-2.093531,False
-2.7180903,False
-2.513093,False
-2.79551,False
-3.4489465,False
-3.4334106,False
-3.9049933,False
-3.0621748,False
-3.621687,False
-3.2176905,False
-3.7311282,False
-3.8635104,False
-2.8780956,False
-3.2082524,False
-2.6293879,False
-2.4826365,False
-2.2535336,False
-2.664166,False
-2.788482,False
-3.371919,False
-2.7470806,False
-2.875781,False
-3.6635754,False
-3.0138488,False
-3.1260848,False
-2.9403186,False
-2.8106499,False
-2.6271176,False
-2.9729767,False
-3.147787,False
-3.3086936,False
-3.2084398,False
-3.0320792,False
-2.8782928,False
-2.9984298,False
-2.7430954,False
-2.8676627,False
-2.6437883,False
-3.102075,False
-3.2407737,False
-2.3664048,False
-2.3920386,False
-3.3895411,False
-3.0989804,False
-2.8955722,False
-3.1240106,False
-3.3823357,False
-3.4698994,False
-3.6188223,False
-3.5861754,False
-3.6020029,False
-3.5375533,False
-2.9698362,False
-3.6094215,False
-3.3703208,False
-3.6452205,False
-3.1983368,False
-3.1551363,False
-3.4072795,False
-2.9801228,False
-3.1733148,False
-2.3598053,False
-3.0460708,False
-3.4291542,False
-2.754733,False
-3.0652232,False
-3.303171,False
-3.3151786,False
-3.116509,False
-3.487671,False
-3.9376574,False
-3.720807,False
-3.6878803,False
-4.029299,False
-3.898288,False
-3.8105817,False
-3.5689228,False
-3.2953377,False
-3.134525,False
-3.2578206,False
-3.0586338,False
-3.1574259,False
-3.358376,False
-3.1565468,False
-3.2226872,False
-3.7264743,False
-3.2228982,False
-3.2046158,False
-3.2627478,False
-3.544979,False
-2.317118,False
-2.365577,False
-2.5093327,False
-2.472185,False
-2.3038754,False
-2.5254776,False
-2.4490943,False
-2.3796256,False
-2.193103,False
-2.1379137,False
-2.6462054,False
-2.8083794,False
-2.849788,False
-2.5855975,False
-2.428645,False
-1.9823974,False
-2.1674767,False
-2.3878021,False
-2.528514,False
-2.4790394,False
-2.4337683,False
-2.371697,False
-2.1742322,False
-2.2179472,False
-2.2508354,False
-2.0311594,False
-2.1174784,False
-1.8336428,False
-1.7076081,False
-1.8909358,False
-2.186613,False
-2.1979911,False
-2.2126281,False
-1.9932908,False
-2.172879,False
-2.0005848,False
-2.3135693,False
-2.1651382,False
-2.2125738,False
-2.352148,False
-2.2102063,False
-2.118808,False
-2.1925046,False
-2.1241484,False
-2.1860318,False
-2.186194,False
-2.471541,False
-2.9195564,False
-2.857629,False
-3.2687094,False
-3.0982745,False
-3.124517,False
-2.6231596,False
-2.7262583,False
-3.1744006,False
-3.533622,False
-3.4786348,False
-3.8419178,False
-3.7925057,False
-3.831925,False
-4.0274577,False
-3.7300751,False
-4.2712836,False
-3.9270287,False
-3.785627,False
-4.1640964,False
-4.554551,False
-4.290822,False
-4.213598,False
-4.5064974,False
-3.8299477,False
-3.5282583,False
-3.540838,False
-3.4053593,False
-3.9085763,False
-3.987989,False
-3.5242589,False
-3.684189,False
-3.5671234,False
-3.430933,False
-3.6334724,False
-3.6607342,False
-3.7452202,False
-4.252333,False
-4.1759543,False
-4.3310437,False
-4.066568,False
-3.6788943,False
-3.7693355,False
-3.4535975,False
-3.5401723,False
-3.3388188,False
-3.2396398,False
-3.4202414,False
-3.6279745,False
-3.7824106,False
-3.265514,False
-2.927844,False
-3.1350915,False
-3.1104112,False
-3.1802707,False
-3.1362658,False
-3.2306736,False
-3.0712783,False
-3.0417361,False
-3.0419388,False
-3.3978992,False
-2.9198802,False
-2.9309938,False
-3.1536984,False
-2.757531,False
-2.843253,False
-2.8336256,False
-2.9679012,False
-2.9841013,False
-2.4892688,False
-2.1533928,False
-1.7062577,False
-2.185049,False
-2.366461,False
-2.4705558,False
-2.5235577,False
-2.6204348,False
-2.3460586,False
-2.2481413,False
-2.1517363,False
-2.4371374,False
-2.6151183,False
-2.8064857,False
-2.7128031,False
-2.78526,False
-2.852685,False
-2.6932666,False
-2.5738559,False
-2.6466677,False
-2.6077342,False
-2.73668,False
-2.8785393,False
-2.5672426,False
-2.171797,False
-2.5806901,False
-2.8974562,False
-2.9310374,False
-2.748978,False
-2.3810947,False
-2.4616034,False
-2.8208961,False
-2.8801305,False
-2.8043005,False
-2.7813032,False
-2.929957,False
-2.7244215,False
-2.630129,False
-2.5885913,False
-2.4202394,False
-2.8207378,False
-2.879156,False
-3.1086414,False
-2.7492774,False
-2.6687782,False
-2.8055098,False
-3.0693846,False
-2.9138439,False
-2.5296917,False
-2.704867,False
-2.776596,False
-2.6377625,False
-2.5781107,False
-2.4255764,False
-2.8636367,False
-2.7161179,False
-2.2806065,False
-2.3049252,False
-2.0954783,False
-2.21149,False
-2.467875,False
-2.592823,False
-2.8730478,False
-2.597239,False
-2.2717724,False
-2.2234674,False
-2.6532304,False
-2.469594,False
-2.6081722,False
-2.5872278,False
-2.5805793,False
-2.8165567,False
-2.7055893,False
-2.585322,False
-2.7563376,True
-2.661272,True
-3.056341,True
-2.7906883,True
-2.7217796,True
-2.8887718,True
-3.17957,True
-3.30128,True
-3.4773471,False
-2.8508637,False
-3.042923,False
-2.807991,False
-2.6814318,False
-3.5287013,False
-3.7159061,False
-2.5308192,False
-2.5496182,False
-2.1034212,False
-3.0258074,False
-2.992606,False
-2.3832588,False
-2.9194684,False
-2.4960258,False
-2.9976678,False
-2.5242448,False
-2.8087893,False
-3.2794607,False
-3.4195657,False
-2.923261,False
-2.7230954,False
-3.3709993,False
-3.389067,False
-3.127539,False
-3.0274265,False
-2.6736407,False
-2.46526,False
-2.3757045,False
-2.6451323,False
-2.8721995,False
-3.1708307,False
-2.7671134,False
-3.048659,False
-3.6047904,False
-3.0233564,False
-2.9987006,False
-2.5754485,False
-2.2230215,False
-2.3706286,False
-2.4261105,False
-3.6006043,False
-2.846551,False
-2.5785522,False
-3.113652,False
-3.277396,False
-3.5316646,False
-3.2621107,False
-2.6913743,False
-3.001972,False
-2.8452969,False
0.3266336,True
-0.51413506,True
-4.235478,False
-2.8743498,False
-4.5008197,False
-3.3732471,False
-2.7365627,False
-2.4877863,False
-2.7377264,False
-3.1966088,False
-3.4436016,False
-2.8988433,False
-3.0820076,False
-3.086028,False
-3.1568131,False
-3.1672685,False
-2.8694835,False
-2.797915,False
-2.8118248,False
-2.687695,False
-2.9285126,False
-2.6205773,False
-2.5082405,False
-2.775418,False
-2.9124777,False
-2.9821086,False
-2.680878,False
-2.467186,False
-2.8413746,False
-2.7059324,False
-2.7299547,False
-2.7483535,False
-2.8633597,False
-2.700433,False
-2.6792629,False
-2.672108,False
-2.6318612,False
-2.6241274,False
-2.9210677,False
-2.6287575,False
-2.815379,False
-2.7917783,False
-2.8410907,False
-2.7555578,False
-2.6463027,False
-2.755993,False
-2.8417716,False
-2.4544713,False
-2.8000078,False
-2.580036,False
-2.4098454,False
-2.5814002,False
-3.1705296,False
-2.405527,False
-2.5220687,False
-2.546653,False
-1.9373912,False
-1.5181104,False
-3.6790686,False
-3.5219324,False
-3.5885234,False
-3.7817657,False
-3.4296966,False
-3.5170882,False
-3.4895387,False
-3.356405,False
-3.3155131,False
-3.7047136,False
-3.8587983,False
-3.882541,False
-4.1236196,False
-3.9751897,False
-3.5852194,False
-3.6588454,False
-3.5010946,False
-3.3402944,False
-3.417298,False
-3.9347343,False
-4.108003,False
-4.034737,False
-3.8270206,False
-3.686807,False
-4.1262193,False
-3.4524364,False
-3.6206553,False
-3.3943334,False
-3.7734704,False
-3.4856732,False
-3.5864284,False
-3.8962007,False
-3.9201627,False
-3.913051,False
-3.4867215,False
-3.256083,False
-3.1921093,False
-3.6537323,False
-3.3522258,False
-3.7639143,False
-3.576992,False
-3.9710724,False
-4.0717044,False
-4.1801376,False
-4.2649975,False
-4.3011084,False
-3.6188948,False
-3.764865,False
-4.088137,False
-4.0427217,False
-4.356063,False
-3.5644426,False
-3.5368729,False
-3.4176078,False
-3.2571392,False
-3.9001148,False
-3.6880615,False
-3.568236,False
-3.6229966,False
-3.381194,False
-4.0009146,False
-4.020315,False
-3.828392,False
-3.897464,False
-3.754365,False
-4.045288,False
-3.687393,False
-4.0891485,False
-3.6593957,False
-3.8639452,False
-3.7657108,False
-4.071385,False
-3.7377589,False
-3.741854,False
-3.486491,False
-4.4972277,False
-4.423474,False
-3.8963647,False
-3.8003027,False
-3.5040724,False
-3.7340546,False
-4.023656,False
-4.134338,False
-4.6509495,False
-4.194246,False
-4.3337126,False
-4.0831957,False
-3.9259467,False
-3.6374152,False
-3.7488563,False
-4.2674294,False
-4.6418557,False
-4.650332,False
-4.4732494,False
-4.193906,False
-4.1451135,False
-3.894215,False
-3.329919,False
-3.2181356,False
-3.1948614,False
-3.237518,False
-3.5940523,False
-3.5225863,False
-3.4912074,False
-3.5414553,False
-3.5165286,False
-3.1893837,False
-2.903439,False
-3.4595628,False
-3.4405253,False
-3.8823767,False
-4.068279,False
-3.7173195,False
-3.5056071,False
-3.7858772,False
-3.897032,False
-3.8419707,False
-3.8167334,False
-3.2076318,False
-3.6231396,False
-3.8279548,False
-4.04459,False
-3.9067223,False
-4.4662986,False
-3.7954328,False
-3.9336817,False
-4.0986185,False
-3.9504855,False
-3.359398,False
-3.7364883,False
-4.586542,False
-5.001449,False
-4.776957,False
-3.4947193,False
-3.96545,False
-4.1983023,False
-3.823519,False
-3.5704532,False
-2.960222,False
-3.2569149,False
-3.5164952,False
-3.5891306,False
-2.7629645,False
-3.1429408,False
-2.8145034,False
-3.0450218,False
-3.2012932,False
-3.5502555,False
-3.5197392,False
-3.8103483,False
-3.8997915,False
-3.6647327,False
-3.5764046,False
-3.1060493,False
-3.4637198,False
-3.643768,False
-3.3026595,False
-3.7729306,False
-3.4085252,False
-3.4762242,False
-3.0639937,False
-3.3420432,False
-3.7477856,False
-3.7452955,False
-3.3547127,False
-3.422167,False
-3.4930897,False
-3.789747,False
-3.309968,False
-3.5589647,False
-3.7042978,False
-3.6552095,False
-3.0894141,False
-3.1816146,False
-3.3777034,False
-3.337677,False
-3.3630228,False
-3.1532145,False
-3.3599186,False
-2.5930681,False
-2.5517006,False
-2.4711397,False
-2.4515054,False
-2.7870593,False
-2.697795,False
-2.2226598,False
-2.3913496,False
-2.3173501,False
-2.7476263,False
-2.5451558,False
-2.6719322,False
-2.7503614,False
-1.824591,False
-1.6104274,False
-1.4233084,False
-2.3240092,False
-2.3903627,False
-2.424446,False
-2.6218994,False
-2.8414323,False
-2.8047717,False
-2.889152,False
-2.935821,False
-3.1484838,False
-3.5444794,False
-3.333562,False
-3.2223272,False
-3.5277572,False
-3.22332,False
-3.1172245,False
-2.9637153,False
-3.1189866,False
-2.9747274,False
-3.3088088,False
-2.6573122,False
-3.0194314,False
-4.3045206,False
-4.053466,False
-3.4354706,False
-2.997341,False
-3.5261621,False
-3.153945,False
-3.3882513,False
-3.4175527,False
-3.374116,False
-4.622155,False
-3.9658177,False
-3.2442153,False
-4.438228,False
-3.3153565,False
-3.1514463,False
-3.168305,False
-3.3581882,False
-3.7821891,False
-3.690855,False
-3.1098275,False
-2.7164724,False
-3.021113,False
-2.659752,False
-2.7681744,False
-2.802932,False
-2.9457128,False
-3.60746,False
-3.2616,False
-3.917561,False
-3.429487,False
-3.1069136,False
-3.5643756,False
-3.2695696,False
-3.4330652,False
-3.2414412,False
-3.4430342,False
-3.390367,False
-3.3796456,False
-3.284133,False
-3.3393369,False
-2.8835456,False
-1.2469537,False
-2.7085266,False
-2.5647185,False
-2.8564565,False
-2.9903448,False
-2.9865746,False
-2.4935603,False
-2.9623737,False
-3.0091372,False
-3.3441129,False
-3.1474018,False
-2.4621902,False
-2.696526,False
-3.4154835,False
-3.0641642,False
-2.573224,False
-2.8563538,False
-2.6491134,False
-2.7782302,False
-2.4835005,False
-2.6111455,False
-2.964883,False
-2.574165,False
-2.5300329,False
-2.4567776,False
-2.2269285,False
-1.9259627,False
-1.1301616,False
0.48766828,False
0.6414753,False
0.46728212,False
-0.3203901,False
0.61217093,False
0.014544247,False
-0.26603794,False
-1.9458511,False
-0.90934825,False
-0.2940973,False
1.4026095,False
1.0179204,False
-0.38220125,False
-1.771809,False
-2.3118892,False
-1.7986556,False
-2.1707754,False
-1.3741641,False
-2.0462677,False
-1.7826562,False
-2.1725023,False
-1.9984012,False
-1.9609406,False
-1.6667525,False
-2.042078,False
-1.9622641,False
-2.7487767,False
-3.2121186,False
-3.636748,False
-3.3479939,False
-2.8437974,False
-2.7812605,False
-2.9181497,False
-3.4096932,False
-2.2849073,False
-2.9262793,False
-2.3801136,False
-3.2480264,False
-3.1597083,False
-3.9146867,False
-3.4477763,False
-3.1435013,False
-2.4405656,False
-3.2265384,False
-3.5581954,False
-4.0262537,False
-3.368881,False
-3.3933601,False
-3.182925,False
-2.991347,False
-2.8489387,False
-2.9380827,False
-3.079072,False
-3.2595398,False
-3.533702,False
-3.520241,False
-2.8866768,False
-2.6293564,False
-2.8678586,False
-3.2970788,False
-3.7584758,False
-3.8708863,False
-3.636931,False
-3.6243129,False
-3.4080272,False
-3.4251049,False
-2.7527237,False
-2.797783,False
-2.894469,False
-2.8662302,False
-2.807486,False
-2.5810957,False
-2.953735,False
-2.5688381,False
-2.1519964,False
-2.1713102,False
-2.3307524,False
-2.487691,False
-2.6897974,False
-2.723316,False
-2.956054,False
-2.7652974,False
-2.5628529,False
-2.3004873,False
-2.8845782,False
-2.6576214,False
-2.4401922,False
-2.8175423,False
-2.7613628,False
-2.5467455,False
-2.5456538,False
-2.597652,False
-2.751938,False
-2.6120582,False
-2.5963857,False
-2.5911226,False
-2.5780544,False
-2.6444724,False
-2.5948396,False
-1.2757998,False
-1.3617474,False
-0.38022774,False
-1.3262761,False
-1.5477389,False
-0.90668154,False
-0.4038275,False
-0.4014993,False
-0.94598687,False
-0.8305694,False
-0.52788115,False
-0.12532035,False
-0.35421413,False
-0.24475873,False
-1.6056851,False
-0.4062077,False
0.38346267,False
1.3350024,False
1.377349,False
0.33546072,False
-0.96543026,False
-1.7870779,False
-1.6020156,False
-1.2548684,False
-0.9770465,False
-1.2650291,False
-0.9872682,False
-0.8884078,False
-1.3105721,False
-1.2243023,False
-1.7494677,False
-0.36028266,False
-1.1529717,False
-1.0101981,False
-1.8352648,False
-1.199951,False
-1.2761619,False
-0.22999936,False
-0.41439855,False
-0.8619603,False
-0.47932017,False
-0.80656475,False
-0.80642486,False
-1.6044323,False
-1.9177814,False
-0.682426,False
-1.1458573,False
-0.7146903,False
-0.73333967,False
-0.6696688,False
-0.13458793,False
-0.8373341,False
0.15084574,False
-0.6670155,False
0.41117376,False
-0.68650645,False
-0.39667284,False
-0.23546864,False
1.2785846,False
2.1698463,False
1.6678829,False
0.45254722,False
-0.15489465,False
-0.79889953,False
-0.15641896,False
-0.48546004,False
-0.041703597,False
-0.9733747,False
-0.08411791,False
-0.95661986,False
-0.8845533,False
-1.846099,False
-1.9954067,False
-1.9050634,False
-2.1215253,False
-1.3624111,False
-1.4608874,False
-1.6375116,False
-2.550902,False
-2.799575,False
-2.5705063,False
-2.5787423,False
-2.4976525,False
-2.308708,False
-2.0763862,False
-2.188425,False
-2.1997526,False
-2.4825919,False
-2.4787881,False
-2.3571951,False
-2.4823887,False
-2.5269365,False
-2.577891,False
-2.6982949,False
-2.5057924,False
-2.2308333,False
-2.646072,False
-2.4887009,False
-2.2728105,False
-2.6998343,False
-2.6190355,False
-2.8205757,False
-2.7087195,False
-2.5477862,False
-2.5318353,False
-2.5271308,False
-2.2668965,False
-2.4366913,False
-2.589469,False
-2.6929522,False
-2.659103,False
-2.6269288,False
-2.5453575,False
-2.5721798,False
-2.8794315,False
-2.7317846,False
-2.744473,False
-2.3383217,False
-2.3891504,False
-2.334787,False
-2.5309827,False
-2.4750946,False
-2.384067,False
-2.4852757,False
-2.4645724,False
-2.5773947,False
-2.5641255,False
-2.5156927,False
-2.4951715,False
-2.6295369,False
-2.3712523,False
-2.353521,False
-2.5997584,False
-2.237699,False
-2.3717258,False
-2.538211,False
-2.539561,False
-2.5486183,False
-2.4116793,False
-2.7332826,False
-2.5075622,False
-2.6035635,False
-2.3279328,False
-2.3551772,False
-2.9316864,False
-3.1714349,False
-3.1099017,False
-2.0765688,False
-2.019251,False
-2.349863,False
-2.6885245,False
-2.3266203,False
-2.3601062,False
-2.143477,False
-2.1971073,False
-1.8714252,False
-1.8447834,False
-1.9520198,False
-2.4073083,False
-1.9559605,False
-2.033308,False
-2.0186076,False
-2.314298,False
-2.074511,False
-2.3156512,False
-1.9174793,False
-2.2667933,False
-2.4469597,False
-2.3201516,False
-2.1878865,False
-2.1584892,False
-2.5314498,False
-2.1642156,False
-2.181569,False
-2.2961128,False
-1.9152387,False
-2.0108984,False
-1.9490088,False
-2.3654664,False
-2.719575,False
-2.661262,False
-2.5355837,False
-2.4169164,False
-2.554196,False
-2.4873881,False
-2.2510126,False
-2.5248616,False
-2.228051,False
-2.526914,False
-2.312338,False
-2.4829519,False
-2.2764225,False
-2.564065,False
-2.5803084,False
-2.6293054,False
-2.5944917,False
-2.3314598,False
-2.4250278,False
-2.264705,False
-2.603239,False
-2.1071184,False
-2.5038676,False
-2.386721,False
-2.7645326,False
-2.5236528,False
-2.7510884,False
-2.4607825,False
-2.2483215,False
-2.5226915,False
-2.7940784,False
-2.6229436,False
-2.8057375,False
-2.951915,False
-2.761202,False
-2.809145,False
-2.6764975,False
-2.5344296,False
-2.8538191,False
-2.8165922,False
-2.7834198,False
-2.5470986,False
-2.417463,False
-2.600287,False
-2.6998074,False
-2.85002,False
-2.8885667,False
-3.1040034,False
-2.8914762,False
-2.5252402,False
-2.5786078,False
-2.6113558,False
-2.4802403,False
-2.5358176,False
-2.6832263,False
-2.9748392,False
-2.6464722,False
-3.3256943,False
-3.0012507,False
-2.6296275,False
-2.7977247,False
-2.959213,False
-2.3728433,False
-2.2992392,False
-1.7445949,False
-1.9498497,False
-1.7963831,False
-2.1545951,False
-2.2714598,False
-2.2756405,False
-2.3945007,False
-2.2137282,False
-2.427157,False
-2.183192,False
-2.7060695,False
-2.5457478,False
-2.5369284,False
-2.5371513,False
-2.6045244,False
-2.7370148,False
-2.600909,False
-2.7224882,False
-2.717857,False
-2.5097277,False
-2.4553785,False
-2.6201324,False
-2.8567016,False
-2.5456917,False
-2.2110748,False
-2.3475204,False
-2.4103403,False
-2.6641905,False
-2.8487525,False
-2.8216696,False
-2.564792,False
-2.6991036,False
-2.4762654,False
-2.360834,False
-2.4522421,False
-2.75471,False
-2.5017633,False
-2.4655328,False
-2.4435525,False
-2.4702392,False
-2.3769403,False
-2.299981,False
-2.4822712,False
-2.4416702,False
-2.4961927,False
-2.4698741,False
-2.6944094,False
-2.6123638,False
-2.7313068,False
-2.8467941,False
-2.6153216,False
-2.6179342,False
-2.5990348,False
-2.5724936,False
-2.780113,False
-2.7705066,False
-2.7417762,False
-2.7077858,False
-2.8327405,False
-3.0114768,False
-2.7718382,False
-2.7878895,False
-2.7947426,False
-2.6092522,False
-2.6834102,False
-2.6372287,False
-2.3701103,False
-2.4349322,False
-2.2254946,False
-2.1686378,False
-2.3980029,False
-2.3128593,False
-2.3190722,False
-2.4413195,False
-2.2689524,False
-2.415627,False
-2.526436,False
-2.6472898,False
-2.5380685,False
-2.632882,False
-2.3820105,False
-2.3996613,False
-2.4475815,False
-2.3252923,False
-2.5989225,False
-2.56777,False
-2.4542625,False
-2.4228694,False
-2.4616296,False
-2.6221106,False
-2.418846,False
-2.523062,False
-2.5759287,False
-2.675277,False
-2.567388,False
-2.4552739,False
-2.5866964,False
-2.6076114,False
-3.2696154,False
-3.5694888,True
-3.0019786,True
-2.6772203,False
-2.773633,False
-2.6293445,False
-2.860411,False
-2.4784133,False
-3.0058513,False
-3.143362,False
-3.1455016,False
-2.4275434,False
-3.0357242,False
-3.1068933,False
-3.1249833,False
-2.893212,False
-3.496306,False
-2.8927314,False
-2.9012008,False
-3.100277,False
-3.3370225,False
-3.2769356,True
-3.6289594,True
-0.3285036,True
-3.2319932,False
-2.9528618,False
-2.4132087,False
-2.513233,False
-2.6536279,False
-2.4811826,False
-2.3065603,False
-2.5668385,False
-2.4892035,False
-2.2601798,False
-2.2504327,False
-2.4284809,False
-2.8013916,False
-2.714583,False
-2.726506,False
-2.5298324,False
-2.9225278,False
-2.866191,False
-3.1855469,False
-2.9738045,False
-2.7012236,False
-2.492718,False
-2.7483587,False
-2.7485073,False
-3.5781329,False
-2.7275374,False
-2.7896378,False
-2.9262776,False
-2.9824371,False
-2.9158027,False
-3.557088,False
-2.64432,False
-2.79121,False
-2.9785957,False
-2.6052074,False
-2.724553,False
-3.0293558,False
-3.175522,False
-3.1835253,False
-2.371339,False
-3.0422828,True
-2.0982776,True
-2.2888465,True
-3.1734343,False
-3.2416458,False
-3.426557,False
-3.2688963,False
-2.8491716,False
-2.8054752,False
-3.5424068,False
-2.4804797,False
-2.6931376,False
-2.583798,False
-2.39049,False
-2.4915042,False
-2.966876,False
-2.6121187,False
-2.7369103,False
-2.99639,False
-2.8905718,False
-2.7441473,False
-2.8176663,False
-3.8615613,False
-3.996897,False
-3.6650057,False
-4.3494754,False
-4.130574,False
-4.3734593,False
-3.4766874,False
-4.423126,False
-3.0378902,False
-3.5159855,False
-4.127216,False
-3.5231185,False
-3.4187164,False
-3.4193077,False
-3.4302502,False
-3.378964,False
-3.5630972,False
-3.7106848,False
-3.0150652,False
-3.532217,False
-3.0514212,False
-3.5533378,False
-3.2264307,False
-4.121489,False
-3.6514618,False
-3.6407983,False
-3.5261161,False
-2.8774586,False
-2.9054708,False
-2.7759397,False
-3.325142,False
-3.6477098,False
-3.7005365,False
-3.4221225,False
-3.221625,False
-3.1922827,False
-2.9933162,False
-3.3929927,False
-3.1601708,False
-2.974215,False
-3.2647045,False
-4.1209106,False
-3.1700954,False
-3.141774,False
-3.170148,False
-3.001281,False
-3.2659552,False
-3.1736271,False
-3.2088113,False
-3.1432536,False
-3.0182002,False
-3.2269197,False
-3.8166552,False
-3.3593197,False
-3.7617414,False
-3.2732472,False
-3.5565228,False
-3.572439,False
-3.1118736,False
-3.1368928,False
-3.7115839,False
-2.6127515,False
-2.8629572,False
-2.5266907,False
-3.0433648,False
-3.068265,False
-2.7425506,False
-3.153899,False
-3.6049848,False
-3.0240211,False
-2.9226947,False
-3.3803415,False
-3.600834,False
-3.1144688,False
-3.4944086,False
-3.1380637,False
-3.4232433,False
-3.492821,False
-3.3791168,False
-3.4932404,False
-3.5867267,False
-3.904514,False
-3.0345366,False
-3.0172915,False
-3.7882094,False
-2.8958678,False
-2.8265114,False
-2.5605762,False
-2.7656007,False
-2.3326526,False
-2.6164331,False
-3.1111307,False
-3.1731117,False
-2.942278,False
-3.3048701,False
-2.698862,False
-2.6878018,False
-2.9662433,False
-3.2849188,False
-3.199797,False
-2.9878986,False
-2.8004773,False
-2.6017442,False
-2.9831314,False
-2.955671,False
-2.880051,False
-2.5907233,False
-3.526956,False
-2.3030565,False
-3.34708,False
-3.2089238,False
-3.054442,False
-3.088215,False
-3.0979304,False
-3.2530837,False
-2.7679937,False
-3.46922,False
-3.5105927,False
-3.4271913,False
-3.5700166,False
-3.8934538,False
-3.4576461,False
-3.5073683,False
-3.3054726,False
-4.1660686,False
-4.1281514,False
-4.501126,True
-4.439762,True
-3.8100784,True
-3.5795226,True
-3.8272972,True
-3.8908937,True
-2.4255068,True
-3.828388,True
-4.053345,True
-4.0160522,True
-3.6960485,True
-3.676228,True
-3.294919,True
-3.7556722,True
-3.8002589,True
-3.3989801,True
-3.7501988,True
-3.1625292,True
-3.1851184,True
-2.8027606,True
-2.854733,True
-3.0913365,True
-2.5849843,True
-2.5697472,True
-2.1263633,True
-1.8615292,True
-2.3104386,True
-3.1136448,True
-2.9282131,True
-2.9561825,True
-3.1164005,True
-3.0678365,True
-2.7396207,True
-3.4170473,True
-3.193446,True
-1.2568839,True
-2.0067081,True
-1.8595356,True
-3.0829496,True
-2.7540987,True
-2.7532313,True
-3.0005593,True
-2.7243285,True
-3.32811,True
-3.3259315,True
-2.9315643,True
-2.620136,True
-3.15336,True
-3.7651725,True
-2.1173275,True
-2.490643,True
-3.0732899,True
-2.4549723,True
-3.0865347,True
-3.909635,True
-3.5009072,True
-3.0097752,True
-2.658443,True
-2.9128258,False
-2.7668757,False
-3.971918,False
-4.2868114,False
-4.4634724,False
-3.9290075,False
-3.1375399,False
-2.9569201,False
-2.7889168,False
-3.2590935,False
-3.1282024,False
-3.7384415,False
-3.6454635,False
-3.0692494,False
-3.6239347,False
-3.3533936,False
-3.672669,False
-4.032862,False
-3.3427212,False
-3.5897858,False
-3.6218102,False
-3.1182761,False
-3.3481107,False
-3.5091124,False
-3.1456208,False
-3.5230813,False
-3.5583596,False
-3.7424989,False
-3.398919,False
-2.9274275,False
-3.1686776,False
-3.3577082,False
-3.022324,False
-3.6413,False
-3.168488,False
-3.1969476,False
-3.4743762,False
-3.1791527,False
-2.9999485,False
-3.147955,False
-2.570064,False
-2.8850796,False
-2.8658462,False
-3.3936636,False
-3.660954,False
-3.6972866,False
-2.965907,False
-3.2675228,False
-3.4471242,False
-3.1818855,False
-3.4210265,False
-4.2008395,False
-3.9534662,False
-3.5927434,False
-3.0005155,False
-2.8984556,False
-2.8486023,False
-3.5077865,False
-3.1436722,False
-2.961442,False
-3.501893,False
-3.7205503,False
-3.1574087,False
-3.6623526,False
-3.4152117,False
-3.423877,False
-3.2176127,False
-3.6118784,False
-3.6802578,False
-3.4152946,False
-3.4641762,False
-3.1871786,False
-3.0932546,False
-2.86357,False
-3.0301583,False
-2.5578766,False
-2.6161027,False
-2.7408614,False
-2.9610758,False
-3.1834364,False
-2.4268587,False
-2.5548267,False
-2.7798321,False
-3.2063613,False
-3.269662,False
-3.3487487,False
-2.6863136,False
-3.049079,False
-3.2724874,False
-3.3025172,False
-3.5539167,False
-3.1477373,False
-3.7313793,False
-3.4064944,False
-3.7716248,False
-3.796911,False
-3.4791496,False
-4.26162,False
-4.469374,False
-3.8275986,False
-3.5184453,False
-3.5795667,False
-2.9954329,False
-2.7219446,False
-2.7617307,False
-2.6748528,False
-2.9010944,False
-2.855014,False
-2.7140532,False
-3.0281231,False
-2.790991,False
-2.9752312,False
-3.431294,False
-3.142177,False
-3.239914,False
-3.0098915,False
-3.0936224,False
-2.939679,False
-2.9287276,False
-3.3587627,False
-3.2216144,False
-3.3156877,False
-3.3089302,False
-3.28285,False
-3.597428,False
-2.9348652,False
-3.5230346,False
-3.9484105,False
-3.3062022,False
-3.1246269,False
-3.1582074,False
-3.6077237,False
-3.2933502,False
-3.211442,False
-2.9776156,False
-3.3042994,False
-3.1018624,False
-3.2738159,False
-2.9806516,False
-3.1579826,False
-3.2082763,False
-3.2697306,False
-2.6354353,False
-3.186281,False
-2.8905523,False
-3.3379712,False
-3.452216,False
-1.4125533,False
-3.0209258,False
-3.2227669,False
-3.0582495,False
-2.750071,False
-2.8542926,False
-2.6569188,False
-3.3132458,False
-2.6169868,False
-3.548973,False
-3.1544106,False
-3.2415144,False
-2.9745147,False
-3.294958,False
-3.0617902,False
-3.2500372,False
-2.7641451,False
-3.2607307,False
-2.9358692,False
-2.7842677,False
-2.8356214,False
-3.1893723,False
-3.1512177,False
-3.3995297,False
-2.5746126,False
-2.8474097,False
-2.6180842,False
-3.0725644,False
-3.180843,False
-3.0710907,False
-3.0467093,False
-3.4297605,False
-3.2330682,False
-2.6119645,False
-2.8699543,False
-3.06208,False
-3.1957822,False
-3.067497,False
-2.736367,False
-2.9966207,False
-2.175303,False
-2.462036,False
-2.521629,False
-2.7101307,False
-2.9491477,False
-3.3482518,False
-1.4226265,True
-0.6182475,True
-0.35254106,True
-1.6866084,True
-2.5168295,True
-2.337832,True
0.03735172,True
0.79134506,True
-2.9324687,True
-2.6207323,True
-2.3465264,True
-3.5490701,True
-3.322246,True
-3.1157405,True
-3.121315,False
-1.100334,False
-1.2695444,False
-2.8433511,False
-2.6981695,False
-2.059227,False
-1.5515662,False
-1.851731,False
-1.5108346,False
-2.4265242,False
-2.1108034,False
-2.2533824,False
-2.5440495,False
-2.6008754,False
-2.4251237,False
-2.326883,False
-2.350066,False
-2.3050303,False
-1.9305724,False
-1.8607461,False
-1.9052703,False
-1.8390099,False
-2.2296028,True
-2.859152,True
-3.306378,True
-3.712324,True
-2.0919664,True
-1.8245487,True
-3.1013582,True
-2.7444034,True
-2.0854251,True
0.6656571,True
-3.0224063,True
-2.804691,True
-3.198046,True
-3.3454335,True
-3.2292864,True
-3.0634887,True
-2.8050995,True
-3.3191638,True
-3.3263547,True
-3.448876,True
-3.0146856,True
-3.470267,False
-3.3733897,False
-2.6847174,False
-3.159404,False
-3.2534924,False
-3.5924554,False
-3.4450305,False
-3.6677501,False
-3.3439202,False
-3.1964056,False
-3.1889188,False
-3.3548248,False
-3.337286,False
-3.3909788,False
-2.8156295,False
-3.331178,False
-3.0797653,False
-2.4863346,False
-2.995415,False
-3.2844462,False
-3.4574294,False
-3.3607862,False
-2.9001653,False
-3.1428866,False
-3.3792217,False
-3.1082118,False
-3.4872272,False
-3.2574775,False
-2.7981431,False
-3.3784108,False
-2.4007025,True
-1.3811507,True
-0.58331025,True
-2.7509506,True
-3.525563,False
-2.866988,False
-2.8986726,False
-3.0071619,False
-2.649921,False
-2.8228605,False
-2.7998683,False
-2.9465222,False
-3.169229,False
-2.564448,False
-2.7050521,False
-2.6630309,False
-2.9759662,False
-3.0470088,False
-3.08003,False
-3.2744312,False
-3.1198673,False
-3.1251621,False
-3.3790944,False
-3.88915,False
-3.8115306,False
-3.3151088,False
-3.9235928,False
-3.6115806,False
-2.7800992,False
-4.074583,False
-4.1385255,False
-4.641077,False
-4.097442,False
-3.3904998,False
-3.1654315,False
-3.083265,False
-2.9220886,False
-3.1595566,False
-3.1976118,False
-2.6230226,False
-3.051059,False
-2.843947,False
-2.888242,False
-3.263456,False
-3.278995,False
-3.3457658,False
-2.8826694,False
-3.3386877,False
-3.2663708,False
-2.9901314,False
-3.2067623,False
-2.8339775,False
-3.6237695,False
-3.1915524,False
-3.5301323,False
-3.057355,False
-3.2487805,False
-3.1827185,False
-3.0317755,False
-3.1011238,False
-3.076885,False
-3.273877,False
-3.0419185,False
-2.7025385,False
-2.83007,False
-2.981814,False
-3.1172264,False
-3.2429173,False
-3.3215067,False
-3.5479999,False
-3.1581707,False
-3.236804,False
-3.5690227,False
-3.007544,False
-3.140893,False
-3.525281,False
-3.5871835,False
-3.4385948,False
-2.36695,False
-3.4375246,False
-3.184954,False
-3.4270136,False
-3.3493996,False
-3.5019472,False
-4.0403214,False
-3.7775414,False
-3.1520014,False
-3.5019212,False
-3.5102837,False
-3.407058,False
-3.568324,False
-3.7608395,False
-4.3134837,False
-4.4668493,False
-4.200805,False
-3.8504486,False
-3.9859848,False
-4.215086,False
-4.3616595,False
-4.2405868,False
-3.2365203,False
-3.3731534,False
-3.9835188,False
-4.325555,False
-4.343986,False
-4.11373,False
-3.22636,False
-3.001901,False
-2.7733111,False
-2.7867646,False
-3.7018623,False
-3.3148198,False
-3.0804083,False
-3.0370007,False
-2.8680806,False
-3.054808,False
-3.403556,False
-3.0297747,False
-3.0301983,False
-2.6326625,False
-2.9619153,False
-2.5690749,False
-3.3591154,False
-3.1428385,False
-3.3825986,False
-3.4528413,False
-3.062296,False
-3.0535574,False
-2.9430392,False
-3.159852,False
-3.289399,False
-2.7000403,False
-2.6566234,False
-2.9596958,False
-4.494202,False
-2.7613716,True
-3.1437201,True
-2.3533564,False
-2.2855196,False
-2.6647,False
-2.9065194,False
-2.4012816,False
-2.366942,False
-2.3780925,False
-2.9364545,False
-2.741577,False
-2.3008296,False
-2.2593565,False
-2.6071856,False
-2.2137814,False
-2.0044394,False
-2.0782437,False
-2.2581,False
-2.228821,False
-2.1483517,False
-2.5847712,False
-2.3650723,False
-2.2714322,False
-2.186336,False
-2.6458912,False
-2.8112686,False
-2.49399,False
-2.7167394,False
-2.1314802,False
-2.4186516,False
-2.0502846,False
-2.3536859,False
-2.316064,False
-2.1530175,False
-2.4852483,False
-2.5836887,False
-2.758234,False
-2.4692373,False
-2.5819204,False
-3.2344472,False
-3.5566263,False
-3.2921252,False
-3.0855708,False
-2.9013271,False
-3.0837996,False
-3.0709577,False
-2.6609643,False
-2.8743157,False
-3.0640233,False
-3.038605,False
-2.9778092,False
-3.0553691,False
-3.1070843,False
-3.4753714,False
-2.81424,False
-3.5309653,False
-3.1000636,False
-3.0935788,False
-3.5221796,False
-2.7942321,False
-3.149407,False
-3.1582894,False
-3.1009572,False
-3.2772145,False
-2.9440634,False
-2.9517097,False
-2.9323256,False
-2.768891,False
-2.7527308,False
-2.8190897,False
-2.833056,False
-2.5732837,False
-2.902388,False
-3.1322691,False
-3.0091555,False
-3.1336632,False
-3.10992,False
-3.0740314,False
-3.094473,False
-2.9831853,False
-3.0950258,False
-2.911093,False
-2.8946135,False
-3.0457146,False
-3.1759853,False
-3.0768516,False
-3.0400283,False
-2.754168,False
-2.7936337,False
-3.0101278,False
-3.0128171,False
-3.115017,False
-2.8995483,False
-2.99074,False
-3.1408925,False
-2.8813925,False
-2.9112766,False
-3.1162984,False
-3.0409782,False
-2.8574405,False
-2.8735745,False
-3.0527205,False
-2.9983697,False
-2.8704658,False
-2.906257,False
-3.1366718,False
-3.022603,False
-3.1794705,False
-3.187891,False
-3.164295,False
-3.778904,False
-3.1811707,False
-2.954706,False
-3.1063612,False
-3.0091066,False
-3.4991899,False
-2.9657958,False
-3.346658,False
-3.0155928,False
-2.8700347,False
-3.0911782,False
-3.4450977,False
-3.2378829,False
-2.7949002,False
-3.4059846,False
-3.22108,False
-3.4985523,False
-3.209897,False
-2.9686139,False
-2.807837,False
-2.9090095,False
-2.8007221,False
-2.5872397,False
-3.0594447,False
-2.9751477,False
-2.721274,False
-3.062274,False
-3.014259,False
-3.01682,False
-3.0173755,False
-2.9844759,False
-2.8738437,False
-2.9910192,False
-2.9950333,False
-3.0173633,False
-2.9781277,False
-2.7634196,False
-2.8718052,False
-2.9776049,False
-2.976387,False
-2.9982188,False
-3.0137093,False
-2.9896312,False
-3.1904826,False
-2.9645436,False
-2.7413204,False
-2.962674,False
-3.0216355,False
-2.9384296,False
-2.9561245,False
-3.0405211,False
-3.023048,False
-2.8673308,False
-2.9024384,False
-2.7926078,False
-3.0793436,False
-2.6779659,False
-3.2787185,False
-2.9093192,False
-2.6965857,False
-2.9546912,False
-2.8893058,False
-3.1874394,False
-3.0931087,False
-3.0111907,False
-2.828413,False
-2.9013495,False
-3.1093595,False
-3.128308,False
-3.3785834,False
-2.9302018,False
-3.509952,False
-2.9522629,False
-3.3114867,False
-3.040289,False
-3.0407054,False
-2.8834734,False
-2.7619922,False
-2.9563346,False
-2.8198104,False
-2.8426335,False
-2.8014421,False
-2.7574391,False
-2.8920908,False
-2.9295988,False
-2.970737,False
-2.9312024,False
-2.7388148,False
-2.9890375,False
-3.1139996,False
-2.8839922,False
-3.2276595,False
-2.851935,False
-3.3177993,False
-3.0547142,False
-3.449696,False
-2.924695,False
-2.8860784,False
-2.7798238,False
-2.5860229,False
-2.5014303,False
-2.5370097,False
-2.6199393,False
-2.7702277,False
-2.9127133,False
-2.8852718,False
-3.0143876,False
-2.9864414,False
-2.8015368,False
-2.8395436,False
-2.9601412,False
-3.1381907,False
-3.149561,False
-2.9465516,False
-3.179967,False
-2.5562205,False
-2.5402434,False
-2.6427336,False
-2.6062415,False
-2.7145257,False
-2.751304,False
-2.8800097,False
-3.04333,False
-2.8681781,False
-2.9085832,False
-3.0024915,False
-2.923605,False
-2.9870667,False
-3.0081663,False
-3.1107635,False
-2.9463186,False
-2.9745567,False
-2.83266,False
-3.016678,False
-2.8053548,False
-3.0134764,False
-3.115732,False
-2.7799702,False
-2.8355556,False
-2.9023852,False
-3.003379,False
-2.855091,False
-2.8115568,False
-2.8808064,False
-3.1149302,False
-3.0873759,False
-2.9192588,False
-3.463149,False
-3.0891857,False
-3.4229352,False
-3.1491122,False
-2.9569004,False
-3.3044813,False
-3.2284377,False
-3.060322,False
-2.9764194,False
-2.7994196,False
-2.5451179,False
-2.8199465,False
-2.8224297,False
-2.7637155,False
-3.0148904,False
-3.1229386,False
-3.0667987,False
-2.8162236,False
-2.8323135,False
-2.8068798,False
-2.7914066,False
-2.7023978,False
-2.7113771,False
-2.8167267,False
-2.9238312,False
-2.844714,False
-2.9264,False
-2.748091,False
-3.0182188,False
-2.8935206,False
-2.7523282,False
-3.028177,False
-2.8134825,False
-2.8950937,False
-2.883686,False
-3.0187137,False
-2.9385343,False
-3.043497,False
-2.8760297,False
-2.917526,False
-2.9268923,False
-2.7472954,False
-2.8076477,False
-2.8039284,False
-2.8611054,False
-2.9057665,False
-2.9216385,False
-2.996806,False
-3.1182702,False
-3.1228113,False
-2.8285332,False
-2.8471785,False
-3.0667908,False
-2.776531,False
-2.833638,False
-2.7885962,False
-3.015056,False
-2.8925228,False
-2.8262053,False
-3.114661,False
-3.2569747,False
-2.9172585,False
-3.0925364,False
-3.5534968,False
-2.9060228,False
-2.8231456,False
-2.9444454,False
-3.2474835,False
-3.2178028,False
-2.9667504,False
-3.7284343,False
-3.130857,False
-3.0289617,False
-2.6889749,False
-2.842804,False
-2.9251277,False
-2.837245,False
-2.7805822,False
-3.03494,False
-2.696531,False
-2.9500167,False
-2.8150265,False
-2.7836528,False
-2.821643,False
-2.7304304,False
-2.8486555,False
-2.8545194,False
-2.9358237,False
-2.9224195,False
-2.7921677,False
-2.7185383,False
-2.7767572,False
-2.8672395,False
-2.8109677,False
-3.091606,False
-2.8674896,False
-3.0597532,False
-3.1054964,False
-3.049294,False
-2.967161,False
-3.1235957,False
-3.042617,False
-3.09154,False
-3.3851686,False
-3.1889596,False
-2.8291304,False
-2.7963083,False
-2.7238731,False
-2.94841,False
-2.8060958,False
-2.863388,False
-2.8186936,False
-3.178508,False
-3.0523055,False
-3.0558593,False
-3.1315958,False
-2.9502063,False
-2.970897,False
-3.0853124,False
-3.0465472,False
-2.9986644,False
-3.2019274,False
-2.7950826,False
-3.0921137,False
-2.8625495,False
-2.8496256,False
-2.8824296,False
-2.7519763,False
-2.7743347,False
-2.910898,False
-3.0229812,False
-3.0712621,False
-2.8901322,False
-3.1743083,False
-2.8987403,False
-2.963851,False
-3.168511,False
-3.0135458,False
-2.817869,False
-2.8959184,False
-3.021785,False
-2.7884862,False
-3.2820466,False
-3.485546,False
-2.8688836,False
-2.8283515,False
-3.2110493,False
-3.1931317,False
-3.4560444,False
-2.9842722,False
-3.149763,False
-2.9557974,False
-2.9246697,False
-3.4690428,False
-3.6019213,False
-3.4358196,False
-3.4045422,False
-3.093949,False
-3.4738867,False
-3.2573419,False
-2.98926,False
-3.2407548,False
-2.8001235,False
-2.9413905,False
-2.9204237,False
-2.8625634,False
-2.9364238,False
-2.8753145,False
-3.0262349,False
-3.0302472,False
-2.8755004,False
-3.1384814,False
-2.9943943,False
-2.8106287,False
-2.8192205,False
-2.8075562,False
-2.9508417,False
-2.820124,False
-2.5482178,False
-2.758451,False
-3.0246482,False
-3.1678712,False
-3.0507722,False
-3.2076755,False
-3.1688173,False
-3.6083124,False
-3.096635,False
-3.202964,False
-3.0253212,False
-2.8850353,False
-2.937331,False
-3.2863698,False
-2.9758978,False
-2.9072359,False
-2.6666236,False
-2.9562166,False
-3.4001453,False
-3.3970258,False
-3.1263492,False
-3.2141032,False
-3.1640072,False
-3.190071,False
-2.979146,False
-2.8138063,False
-2.633698,False
-2.8532972,False
-3.0285017,False
-2.8168023,False
-2.8656268,False
-3.070629,False
-3.0263488,False
-2.9500105,False
-3.0077276,False
-2.9734366,False
-3.0179222,False
-2.8581967,False
-2.9764216,False
-2.9273944,False
-2.7402952,False
-2.8961148,False
-3.1266913,False
-2.9454224,False
-3.0928123,False
-2.9693801,False
-2.8667216,False
-3.059118,False
-2.897916,False
-3.107166,False
-2.8844328,False
-2.9138734,False
-3.071651,False
-2.8594246,False
-3.18785,False
-3.5690784,False
-3.473536,False
-3.5835679,False
-3.5091646,False
-3.3509564,False
-3.1863883,False
-2.89785,False
-3.3131607,False
-3.412981,False
-3.1024299,False
-3.1019704,False
-3.059781,False
-3.3492901,False
-3.2031207,False
-3.3343978,False
-3.0144484,False
-3.3097851,False
-3.335894,False
-3.0008411,False
-3.3600407,False
-2.9652622,False
-3.158662,False
-2.7542937,False
-2.961281,False
-2.9645572,False
-2.9102952,False
-2.9089093,False
-2.934515,False
-2.9388108,False
-2.9772024,False
-2.9808912,False
-3.1048384,False
-2.5747838,False
-2.6438022,False
-2.76644,False
-2.9125814,False
-2.8810372,False
-2.8773065,False
-2.9075856,False
-2.9292073,False
-2.7634683,False
-3.0060682,False
-2.8364503,False
-2.7999446,False
-3.0436697,False
-2.902373,False
-3.0323017,False
-3.208538,False
-3.428329,False
-2.9775753,False
-3.3455956,False
-2.8847008,False
-3.1780844,False
-2.829524,False
-3.4615722,False
-2.6986191,False
-3.0163548,False
-2.692217,False
-3.1024704,False
-2.8033974,False
-2.832211,False
-3.4029596,False
-3.4444904,False
-3.541372,False
-3.3641105,False
-3.338503,False
-2.7668595,False
-2.60128,False
-2.8636646,False
-2.883079,False
-2.7355764,False
-2.6911478,False
-2.5874054,False
-2.805053,False
-2.919802,False
-2.7736788,False
-2.818394,False
-2.837726,False
-2.7227168,False
-2.6469553,False
-2.7143734,False
-2.7844198,False
-2.581075,False
-2.7729259,False
-2.7743483,False
-2.659878,False
-2.7587547,False
-2.6591718,False
-2.744311,False
-2.9337337,False
-2.9121706,False
-2.9334893,False
-2.6124556,False
-2.705659,False
-3.0006216,False
-2.8723686,False
-2.7197163,False
-2.481907,False
-2.7079062,False
-2.725987,False
-2.9107556,False
-3.0750628,False
-2.5928392,False
-2.8832853,False
-2.9552774,False
-3.0980275,False
-2.6753619,False
-2.7375026,False
-3.027763,False
-3.010094,False
-2.7689903,False
-2.7223847,False
-2.7917538,False
-2.712442,False
-2.8679342,False
-2.8497846,False
-2.6226008,False
-2.5116045,False
-2.714827,False
-2.7345462,False
-2.7058005,False
-2.724031,False
-2.854307,False
-2.8477812,False
-2.6590989,False
-2.801155,False
-2.9567935,False
-2.7285671,False
-2.5390365,False
-2.592706,False
-2.6541717,False
-2.7886925,False
-2.905978,False
-2.9862065,False
-2.8677456,False
-2.8850064,False
-2.9987056,False
-2.9414148,False
-2.6979618,False
-2.7551684,False
-2.5432105,False
-2.8072577,False
-2.616919,False
-2.466351,False
-2.7464862,False
-2.6663616,False
-2.3098989,False
-2.5711863,False
-2.6357322,False
-2.8849177,False
-3.0101118,False
-2.8489203,False
-2.7584584,False
-2.5135176,False
-2.60379,False
-2.7254064,False
-2.8771548,False
-2.6031911,False
-2.4908009,False
-2.4766428,False
-2.7313678,False
-2.6334338,False
-2.737935,False
-2.8989832,False
-2.7738528,False
-2.6684027,False
-2.7481544,False
-2.2585063,False
-2.4580863,False
-2.4194522,False
-2.4687707,False
-2.683661,False
-2.9082735,False
-2.664208,False
-3.0022185,False
-2.2741523,False
-2.5987968,False
-3.0787132,False
-2.392373,False
-2.9542997,False
-2.3545265,False
-2.5734482,False
-2.7541683,False
-2.5424747,False
-3.0189915,False
-2.752562,False
-2.644442,False
-2.4614546,False
-2.5374546,False
-3.1311548,False
-2.8123207,False
-3.4488616,False
-2.9140806,False
-2.9575455,False
-3.1110268,False
-3.317335,False
-2.7775326,False
-2.8660915,False
-2.8171623,False
-2.8256993,False
-2.794001,False
-2.6514795,False
-2.7028716,False
-2.8767521,False
-2.8441205,False
-2.9611416,False
-2.6793425,False
-2.8572173,False
-2.608341,False
-2.8129516,False
-2.962411,False
-2.9607534,False
-2.876984,False
-2.980498,False
-3.0384974,False
-2.9252055,False
-2.9445431,False
-3.1505353,False
-2.7440825,False
-2.9518964,False
-2.8454912,False
-2.9319124,False
-2.981646,False
-2.9142177,False
-2.7603574,False
-2.7612212,False
-2.9799726,False
-2.6831048,False
-2.8680341,False
-2.7507608,False
-2.7913122,False
-2.779694,False
-2.6162684,False
-2.7873635,False
-2.9443119,False
-2.8806527,False
-2.9858396,False
-2.8394005,False
-2.8183615,False
-2.567887,False
-2.4449592,False
-2.4671128,False
-2.8824334,False
-2.792232,False
-2.6732316,False
-2.8093953,False
-2.937266,False
-2.870359,False
-2.8139088,False
-2.8008533,False
-2.7044616,False
-3.027907,False
-2.8433118,False
-2.772445,False
-2.5730174,False
-2.631079,False
-2.5929732,False
-2.3005176,False
-2.3978505,False
-2.465833,False
-2.6280684,False
-2.7556446,False
-2.7365532,False
-2.636886,False
-2.6828647,False
-2.6664648,False
-2.7526612,False
-2.6329632,False
-2.7175035,False
-2.63442,False
-2.702083,False
-2.822202,False
-2.5101228,False
-2.7349625,False
-2.7432678,False
-2.9222393,False
-2.7988422,False
-2.7637587,False
-2.7359285,False
-2.83491,False
-2.8002443,False
-2.6199367,False
-2.6849236,False
-2.8096883,False
-2.7249012,False
-2.9074976,False
-2.765286,False
-2.8268855,False
-2.783669,False
-2.6679258,False
-2.584946,False
-2.8687122,False
-2.555851,False
-2.6661541,False
-2.663779,False
-2.8154123,False
-2.9069834,False
-2.6343684,False
-3.2058816,False
-2.514092,False
-3.0527277,False
-2.5468106,False
-2.5626543,False
-2.3823767,False
-3.0081806,False
-2.8963819,False
-3.0418186,False
-3.1455462,False
-3.0804517,False
-3.4508495,False
-3.0461533,False
-3.2944186,False
-3.5904064,False
-2.8264098,False
-2.9761262,False
-2.6387906,False
-2.6780796,False
-2.7187796,False
-3.0252323,False
-2.9978888,False
-3.0584939,False
-3.3873358,False
-3.449958,False
-2.952394,False
-2.9462147,False
-3.014485,False
-3.069434,False
-3.398424,False
-2.8739161,False
-2.797964,False
-2.8303056,False
-3.0534608,False
-3.095344,False
-3.1078155,False
-3.1208723,False
-3.0025158,False
-2.875661,False
-3.0369601,False
-2.9249852,False
-2.7921648,False
-3.1981015,False
-3.346847,False
-2.7814755,False
-2.148105,False
-2.554997,False
-2.9360566,False
-3.1399112,False
-2.93965,False
-1.4220902,False
-2.0739734,False
-2.7913005,False
-2.8341386,False
-2.9362228,False
-2.892325,False
-2.668173,False
-2.827697,False
-3.0710325,False
-3.0063248,False
-2.9592757,False
-2.9590359,False
-2.9578803,False
-2.7684367,False
-2.710175,False
-2.981279,False
-3.2628152,False
-2.9678354,False
-2.872147,False
-2.7004774,False
-2.6479077,False
-2.9674823,False
-3.000461,False
-2.8463988,False
-2.685939,False
-2.94906,False
-2.8334105,False
-2.4349818,False
-2.6890907,False
-2.791229,False
-2.8413243,False
-2.676513,False
-2.906556,False
-3.167891,False
-2.7429159,False
-2.9137588,False
-3.0015173,False
-2.818425,False
-2.7478688,False
-2.6013348,False
-2.576906,False
-2.9512844,False
-2.8823748,False
-2.750692,False
-2.8858123,False
-2.8234138,False
-3.0088813,False
-2.9262047,False
-3.0611687,False
-2.8409357,False
-3.0112891,False
-2.7118785,False
-2.8485868,False
-2.852356,False
-2.6827419,False
-2.6169956,False
-3.0224414,False
-2.8146622,False
-2.678473,False
-2.7583737,False
-2.9325495,False
-2.8151407,False
-2.8087213,False
-2.7045956,False
-2.9357233,False
-2.9931352,False
-3.2282073,False
-3.0552783,False
-2.8993654,False
-3.1828387,False
-3.074155,False
-2.9412167,False
-2.9040017,False
-2.8166423,False
-2.6903377,False
-2.9002304,False
-2.7792227,False
-2.9027555,False
-2.847588,False
-2.9366202,False
-3.0736604,False
-2.9239173,False
-3.1043386,False
-3.0799704,False
-2.901896,False
-3.0421953,False
-3.065822,False
-3.2182846,False
-2.8353145,False
-2.747343,False
-2.884951,False
-2.9302542,False
-2.8362029,False
-3.1919894,False
-2.9980247,False
-2.8970714,False
-3.19976,False
-3.0108006,False
-3.0246642,False
-2.8637192,False
-2.744674,False
-2.8985515,False
-2.815572,False
-3.027491,False
-2.8131046,False
-2.8101833,False
-2.9477556,False
-2.9020839,False
-2.7151606,False
-2.7724545,False
-2.1223485,False
-2.4062543,False
-2.764558,False
-2.8169625,False
-3.0449586,False
-2.8463242,False
-2.5728996,False
-2.9925904,False
-3.244415,False
-3.0778873,False
-3.0888987,False
-3.0669482,False
-3.0968812,False
-2.855744,False
-2.784658,False
-2.8136656,False
-2.5731242,False
-2.5413208,False
-2.7323024,False
-2.777656,False
-2.779036,False
-2.7731283,False
-2.424969,False
-2.5431435,False
-2.7774193,False
-2.4863136,False
-2.37756,False
-2.590849,False
-2.7634013,False
-2.7404213,False
-2.9069965,False
-2.7162647,False
-2.6666255,False
-2.4277906,False
-2.5319567,False
-2.4796834,False
-2.5733366,False
-2.7299144,False
-2.8863895,False
-2.9983842,False
-2.8119411,False
-2.7188005,False
-2.684561,False
-2.8954968,False
-2.6807058,False
-2.612344,False
-3.0593328,False
-2.8675075,False
-2.8571353,False
-2.8583686,False
-3.1063538,False
-3.0519862,False
-3.1496823,False
-2.86996,False
-2.7446778,False
-2.4821613,False
-2.9541814,False
-2.8486428,False
-2.826166,False
-2.3416862,False
-2.4941795,False
-2.546198,False
-2.3930073,False
-2.666871,False
-2.5737038,False
-2.650233,False
-2.5515556,False
-2.479301,False
-2.6030452,False
-2.5246325,False
-2.4297516,False
-2.3385103,False
-2.3023057,False
-2.507096,False
-2.6077614,False
-2.5574884,False
-2.4356315,False
-2.6803665,False
-2.4158134,False
-2.3208299,False
-2.2631528,False
-2.2476857,False
-2.582601,False
-2.4225242,False
-2.3706384,False
-2.4432259,False
-2.3323925,False
-2.5199132,False
-2.4326837,False
-1.9930937,False
-2.0968802,False
-2.2701044,False
-2.5104318,False
-2.6205153,False
-2.5360436,False
-2.5118687,False
-2.5085268,False
-2.5987976,False
-2.8025103,False
-3.0548658,False
-2.926279,False
-2.9243538,False
-2.6545267,False
-2.5642133,False
-2.5173292,False
-2.3281915,False
-2.3367338,False
-2.8558202,False
-2.5653043,False
-2.7485707,False
-2.4203324,False
-2.4579468,False
-2.4404387,False
-2.7015111,False
-2.46472,False
-2.6194775,False
-2.2821107,False
-2.6651149,False
-2.6526964,False
-2.5444548,False
-2.520834,False
-2.759949,False
-2.7167337,False
-3.3238103,False
-2.7994606,False
-2.475125,False
-2.6113527,False
-2.9784257,False
-2.3752024,False
-2.7052517,False
-2.2890446,False
-2.4712439,False
-2.5410936,False
-2.894179,False
-2.659607,False
-2.878223,False
-2.859978,False
-3.4175508,False
-2.828426,False
-2.7771153,False
-2.8636975,False
-3.0509663,False
-2.632845,False
-2.7019958,False
-2.5223677,False
-2.4336457,False
-2.8077705,False
-3.0113616,False
-2.9884565,False
-2.6982005,False
-2.8123093,False
-2.5507214,False
-2.759337,False
-2.638572,False
-3.124998,False
-2.6103625,False
-3.0267994,False
-2.6828954,False
-2.8637674,False
-2.608127,False
-2.6647382,False
-2.83662,False
-2.921001,False
-2.7848182,False
-2.8523138,False
-2.8855743,False
-2.9682052,False
-2.6851275,False
-2.78446,False
-2.9413042,False
-2.8962893,False
-2.7443762,False
-2.6999924,False
-2.8278096,False
-2.8639965,False
-2.8123636,False
-2.7416954,False
-2.7426217,False
-2.6690397,False
-4.9675856,False
-4.5013146,False
-3.7492635,False
-4.350689,False
-3.6918442,False
-3.9936945,False
-4.392256,False
-4.3528285,False
-4.007521,False
-4.0476155,False
-3.524454,False
-3.5150695,False
-2.6453853,False
-3.107019,False
-3.2795916,False
-3.6559427,False
-3.5736227,False
-3.9971378,False
-4.379436,False
-4.470398,False
-3.8179386,False
-3.4942567,False
-3.7468617,False
-3.9763644,False
-3.834316,False
-4.8205957,False
-4.434191,False
-4.1521316,False
-3.5656366,False
-3.9692855,False
-4.222479,False
-3.8268225,False
-4.0447726,False
-3.6648057,False
-3.9225998,False
-3.973353,False
-3.9091964,False
-3.5577455,False
-3.854537,False
-3.7453856,False
-4.0415554,False
-4.076099,False
-3.9010859,False
-3.6063495,False
-3.6450002,False
-3.4820426,False
-3.472532,False
-3.6496596,False
-3.8466563,False
-3.2734447,False
-3.7900746,False
-3.794193,False
-3.3928952,False
-3.6372678,False
-4.2221427,False
-4.5191274,False
-4.434065,False
-4.350563,False
-4.329936,False
-3.8546312,False
-3.2380178,False
-3.659443,False
-3.6867867,False
-3.8602319,False
-4.234203,False
-4.085015,False
-3.6012597,False
-3.5393527,False
-4.0624056,False
-4.080365,False
-4.2761736,False
-3.913006,False
-3.8132117,False
-3.4524243,False
-4.125006,False
-3.916615,False
-3.9233348,False
-3.936349,False
-4.043705,False
-4.0647874,False
-3.1580331,False
-3.5221968,False
-4.0012746,False
-3.5184164,False
-3.1845386,False
-3.344657,False
-3.6720386,False
-4.5595727,False
-4.5465527,False
-4.476985,False
-3.7489955,False
-3.5423045,False
-4.002706,False
-3.378111,False
-3.5961094,False
-3.2427833,False
-3.4564228,False
-3.7221081,False
-3.8048215,False
-3.5397773,False
-3.1385071,False
-3.2501879,False
-3.3679273,False
-3.3233337,False
-3.7584105,False
-3.9177382,False
-4.6255054,False
-6.243404,False
-5.7078176,False
-3.8976135,False
-3.3605819,False
-3.7294805,False
-3.7927406,False
-3.737798,False
-3.5166533,False
-3.288101,False
-3.7099833,False
-3.866756,False
-3.8099694,False
-3.2312334,False
-3.3188152,False
-3.640453,False
-3.655415,False
-3.6933935,False
-3.7898443,False
-3.844873,False
-3.5630977,False
-3.3868003,False
-3.2732,False
-3.6323776,False
-3.764323,False
-3.3061712,False
-3.3277032,False
-3.5698507,False
-3.3141406,False
-3.7141,False
-3.7032535,False
-4.1655293,False
-4.082553,False
-3.9685717,False
-3.976512,False
-4.036914,False
-4.515114,False
-4.2540565,False
-4.447141,False
-4.799294,False
-4.4224257,False
-3.808384,False
-3.6393652,False
-3.4481275,False
-3.3297317,False
-3.1401637,False
-3.6895487,False
-4.3574657,False
-4.342449,False
-3.8705409,False
-3.6872296,False
-3.9654322,False
-3.8968155,False
-3.3893583,False
-3.612503,False
-3.9962668,False
-4.3614264,False
-4.184048,False
-4.2248473,False
-4.3510194,False
-4.3104744,False
-4.18811,False
-4.130538,False
-4.5096045,False
-3.8999052,False
-4.076091,False
-4.049336,False
-3.7272522,False
-3.283142,False
-3.7342463,False
-3.1880605,False
-3.7762783,False
-3.3034089,False
-3.399088,False
-3.0558019,False
-3.563179,False
-3.8652124,False
-3.587815,False
-3.034462,False
-3.14144,False
-4.6642785,False
-4.0236726,False
-4.1644807,False
-4.3730264,False
-4.043873,False
-3.762624,False
-3.9952157,False
-4.3462563,False
-4.0291095,False
-4.016879,False
-3.6367679,False
-3.8723538,False
-4.350621,False
-4.043283,False
-4.4776754,False
-3.248494,False
-3.472591,False
-4.1007137,False
-3.9621017,False
-3.962032,False
-3.3992279,False
-3.2423072,False
-3.2692037,False
-3.4553976,False
-3.3403559,False
-3.194063,False
-3.0650456,False
-2.9252439,False
-3.7297738,False
-3.348209,False
-3.487285,False
-3.7971828,False
-3.6504273,False
-3.5555773,False
-4.120255,False
-3.8605583,False
-3.5446625,False
-3.664707,False
-4.2047315,False
-3.646666,False
-3.562842,False
-3.312139,False
-3.6783729,False
-3.8794816,False
-3.596902,False
-3.453641,False
-3.1415126,False
-3.1824846,False
-3.7720275,False
-4.067155,False
-4.330857,False
-3.5826352,False
-3.314545,False
-3.2138627,False
-3.2067308,False
-4.192061,False
-4.3522587,False
-4.41745,False
-4.2480145,False
-3.607687,False
-4.0327454,False
-4.1605735,False
-4.01383,False
-3.8034775,False
-4.6638656,False
-4.4958134,False
-3.653856,False
-3.6903362,False
-3.8773515,False
-3.9776103,False
-3.5898352,False
-3.6837904,False
-3.4765818,False
-3.9323325,False
-3.974964,False
-4.0341964,False
-3.537922,False
-3.9110034,False
-3.4168735,False
-3.464655,False
-3.5207384,False
-3.4819748,False
-3.4902103,False
-4.2261086,False
-3.7373183,False
-3.9783826,False
-4.1236467,False
-3.8609707,False
-4.0359964,False
-3.9085102,False
-3.8967702,False
-3.4664676,False
-3.7360115,False
-3.5872884,False
-3.7607627,False
-3.9659982,False
-4.814859,False
-4.544752,False
-4.767898,False
-5.0937386,False
-4.703278,False
-4.4287143,False
-4.2848196,False
-3.422214,False
-3.6535976,False
-3.8655891,False
-4.0640388,False
-4.295763,False
-4.288039,False
-3.806827,False
-4.1347895,False
-4.279378,False
-3.9016478,False
-3.5902188,False
-3.76686,False
-4.051261,False
-4.281577,False
-4.5294576,False
-4.2895174,False
-4.2423472,False
-4.262731,False
-3.9749932,False
-3.4902513,False
-3.6771207,False
-4.201595,False
-4.166076,False
-3.8918576,False
-4.026195,False
-3.533802,False
-3.5802307,False
-4.0035567,False
-4.0796714,False
-4.3043466,False
-4.1840086,False
-4.445893,False
-4.903543,False
-4.4171457,False
-3.8256688,False
-3.5051343,False
-3.4856062,False
-3.3376844,False
-3.6469295,False
-4.2620683,False
-4.612749,False
-4.562506,False
-4.088043,False
-3.632673,False
-4.166952,False
-4.0835547,False
-3.6698399,False
-3.85948,False
-3.9320402,False
-3.3881168,False
-3.5751982,False
-3.5811083,False
-3.5380177,False
-3.907768,False
-4.280667,False
-4.3684688,False
-3.691347,False
-3.8737428,False
-3.996218,False
-3.9059236,False
-3.777535,False
-3.4797351,False
-3.4866052,False
-3.907473,False
-3.818669,False
-3.72593,False
-3.219916,False
-3.4439163,False
-3.6584027,False
-3.778033,False
-3.3096125,False
-3.3341916,False
-3.8684778,False
-4.4514008,False
-4.485198,False
-4.0669146,False
-3.8992612,False
-3.4354982,False
-3.2663188,False
-3.6668768,False
-3.2316608,False
-3.1004224,False
-3.5546584,False
-3.8206456,False
-3.6810768,False
-3.6080458,False
-3.5803673,False
-3.7254527,False
-3.9726734,False
-4.523926,False
-3.930437,False
-3.841536,False
-3.411816,False
-3.3557482,False
-3.5747106,False
-3.6185267,False
-4.152656,False
-4.137256,False
-3.7097287,False
-3.9576561,False
-4.29788,False
-3.917096,False
-3.9552195,False
-3.769835,False
-3.548238,False
-3.8082266,False
-4.0955305,False
-4.222269,False
-4.1874914,False
-3.9435194,False
-4.620096,False
-4.2611003,False
-3.7724078,False
-3.5923436,False
-3.5133243,False
-3.9526882,False
-4.2327757,False
-4.2788258,False
-3.5913274,False
-3.6774035,False
-3.556186,False
-3.8929367,False
-3.8255298,False
-3.7975621,False
-3.801466,False
-4.440675,False
-4.1719913,False
-3.8442142,False
-3.2226033,False
-3.526076,False
-3.7518299,False
-4.149591,False
-4.3531885,False
-4.035784,False
-4.306792,False
-3.8846042,False
-3.8125017,False
-3.8760738,False
-4.0090904,False
-3.6779363,False
-4.5586863,False
-4.8047643,False
-4.3882594,False
-3.7782931,False
-3.9135742,False
-3.988916,False
-3.739147,False
-3.749703,False
-4.2066603,False
-4.198184,False
-4.3165,False
-4.5178003,False
-3.7016122,False
-3.425877,False
-3.1459086,False
-3.2525692,False
-3.7006445,False
-3.9280896,False
-3.7601,False
-4.032874,False
-3.7053778,False
-3.7004433,False
-3.4318006,False
-3.4269013,False
-3.9812748,False
-4.1323724,False
-3.629519,False
-4.1295347,False
-3.7774334,False
-3.478452,False
-3.21939,False
-3.668751,False
-3.5944138,False
-3.4786665,False
-3.8025317,False
-4.1162953,False
-3.6079779,False
-3.3701448,False
-3.2153003,False
-3.6596425,False
-3.658853,False
-3.4266798,False
-3.9683115,False
-3.4004514,False
-3.4232736,False
-3.4618063,False
-3.5992131,False
-4.277366,False
-3.5477722,False
-3.5988455,False
-3.5403,False
-3.4962187,False
-3.5599284,False
-3.8068411,False
-3.868308,False
-3.62974,False
-3.1311314,False
-3.522266,False
-3.701676,False
-3.9769094,False
-3.7281609,False
-3.7646315,False
-3.2986727,False
-2.7798645,False
-2.593524,False
-3.3904424,False
-3.5280428,False
-3.834345,False
-3.7910743,False
-3.3391035,False
-3.5252724,False
-3.489913,False
-3.5504456,False
-3.2543964,False
-2.8539734,False
-3.3513832,False
-3.481973,False
-2.686175,False
-3.421554,False
-3.499128,False
-3.1799138,False
-3.4792588,False
-3.342602,False
-3.5311766,False
-3.4301465,False
-3.4272633,False
-3.2242346,False
-3.4024007,False
-3.7230008,False
-3.7510765,False
-3.3711207,False
-3.3031325,False
-3.2333355,False
-3.126767,False
-3.1798303,False
-3.6642447,False
-3.6050198,False
-3.033562,False
-3.2110918,False
-3.5121453,False
-3.3898869,False
-3.1537747,False
-3.268001,False
-3.2978995,False
-3.4887078,False
-3.2796242,False
-2.938032,False
-3.542421,False
-3.8835764,False
-4.2107205,False
-3.4420836,False
-3.2967398,False
-3.3261526,False
-2.7448351,False
-3.7631905,False
-3.1889465,False
-3.1487617,False
-3.045897,False
-3.1841333,False
-3.359678,False
-3.5215676,False
-3.6768038,False
-3.4275546,False
-3.046287,False
-2.8653662,False
-3.1688015,False
-2.865351,False
-3.510831,False
-3.4390197,False
-3.3045368,False
-3.7163708,False
-3.7009292,False
-3.7984433,False
-3.7098937,False
-3.409563,False
-3.2175624,False
-3.459486,False
-3.4369185,False
-3.0387917,False
-3.1332948,False
-3.5336692,False
-3.9629962,False
-4.3090744,False
-3.8516152,False
-3.2303505,False
-3.6470392,False
-3.6359482,False
-3.5639143,False
-3.2396963,False
-3.0085995,False
-3.0992267,False
-3.074467,False
-2.9340088,False
-2.8688178,False
-3.1657917,False
-3.2747893,False
-3.5591416,False
-2.8968148,False
-3.8027306,False
-3.005747,False
-2.9034152,False
-2.859318,False
-2.6733444,False
-3.4034448,False
-2.6637654,False
-3.1548615,False
-2.9148767,False
-2.6828172,False
-3.728355,False
-3.7491107,False
-3.5425797,False
-3.6587331,False
-3.5667303,False
-3.1722703,False
-2.9185603,False
-3.1977348,False
-3.2260847,False
-3.5326955,False
-2.6456628,False
-3.3245766,False
-2.9970589,False
-3.7531364,False
-3.7364774,False
-3.513157,False
-3.2407327,False
-3.444813,False
-3.4832766,False
-3.227231,False
-3.9996583,False
-3.5880442,False
-3.6242998,False
-3.6202452,False
-3.910373,False
-3.379344,False
-4.2787213,False
-4.2593484,False
-3.8875623,False
-3.4970906,False
-2.1708963,False
-2.8918695,False
-2.5704725,False
-2.991073,False
-2.801229,False
-3.3638587,False
-3.9161866,False
-3.187265,False
-2.9423413,False
-3.0179052,False
-3.5099027,False
-3.614973,False
-3.0809102,False
-2.8286765,False
-2.9594975,False
-3.0907779,False
-3.042618,False
-3.1216156,False
-3.650016,False
-4.734343,False
-2.8054702,False
-2.4632819,False
-2.9018834,False
-2.8444803,False
-3.1735067,False
-3.0101073,False
-2.525482,False
-3.045691,False
-3.7005918,False
-4.1688957,False
-3.8188562,False
-3.433223,False
-3.0463133,False
-3.3580737,False
-3.5337863,False
-3.386529,False
-3.9398804,False
-3.7584426,False
-3.1423278,False
-2.965598,False
-2.8978524,False
-3.4559965,False
-3.6218927,False
-3.561831,False
-3.7154686,False
-3.9548426,False
-4.1084557,False
-3.6969655,False
-3.6743758,False
-3.7035491,False
-3.5299659,False
-3.1159492,False
-2.5850286,False
-2.450738,False
-3.0300727,False
-3.0772157,False
-3.106322,False
-2.8746188,False
-3.3343408,False
-3.1501212,False
-3.035619,False
-3.4299736,False
-3.074938,False
-3.5753028,False
-3.3314145,False
-2.5444221,False
-2.6250465,False
-2.8781824,False
-3.4229877,False
-3.635464,False
-3.2548187,False
-3.404586,False
-3.6599317,False
-3.4147193,False
-3.6445355,False
-3.8142474,False
-3.3906145,False
-3.4505038,False
-3.0200183,False
-3.3599892,False
-3.5083885,False
-3.5195591,False
-3.5699382,False
-3.8746665,False
-3.7756815,False
-3.2875793,False
-3.064527,False
-3.5706775,False
-3.890162,False
-3.7379072,False
-2.7160683,False
-2.9501634,False
-3.0334475,False
-3.2996342,False
-3.0208619,False
-3.4674995,False
-2.8711276,False
-3.634814,False
-3.2151437,False
-3.2826564,False
-3.272841,False
-3.155681,False
-3.3321745,False
-3.306218,False
-3.1999097,False
-3.471663,False
-3.5280948,False
-3.4408982,False
-3.2513804,False
-3.287604,False
-3.617217,False
-3.6159334,False
-3.1114614,False
-3.1297948,False
-3.487811,False
-3.6169605,False
-3.4345348,False
-3.335601,False
-3.7240198,False
-3.5919647,False
-3.642525,False
-3.3117292,False
-3.7920365,False
-3.4238997,False
-2.788895,False
-3.7017214,False
-3.416741,False
-3.3466551,False
-2.6945832,False
-3.654477,False
-3.4646122,False
-3.3564756,False
-3.087925,False
-3.463568,False
-3.3076274,False
-3.3524714,False
-3.7076733,False
-3.047117,False
-3.2845817,False
-3.2903652,False
-3.151085,False
-3.043431,False
-3.247775,False
-3.9735427,False
-3.1451728,False
-3.1334662,False
-3.2521713,False
-3.4322243,False
-3.597617,False
-3.3399434,False
-3.3895023,False
-3.3153634,False
-2.8870254,False
-2.7600007,False
-2.4809282,False
-2.6118264,False
-3.4357026,False
-2.9739358,False
-2.9487884,False
-3.1972375,False
-3.059455,False
-3.2086256,False
-3.1212475,False
-3.031416,False
-3.61044,False
-3.513258,False
-3.0219758,False
-2.8855565,False
-3.2797382,False
-2.4131448,False
-3.024438,False
-2.9760196,False
-3.3649576,False
-3.1768792,False
-3.266547,False
-2.8889244,False
-2.9114296,False
-2.609253,False
-2.4892914,False
-3.1902769,False
-2.2311773,False
-2.6706035,False
-2.83105,False
-2.6516104,False
-2.6917472,False
-2.820046,False
-2.7386322,False
-3.355769,False
-3.53539,False
-3.2824402,False
-3.0856683,False
-3.291146,False
-3.2003555,False
-3.5008552,False
-3.4066675,False
-3.5883236,False
-3.4570658,False
-3.5599742,False
-3.2234488,False
-2.3453326,False
-2.5778582,False
-3.5634038,False
-3.6038163,False
-3.5006356,False
-3.3436365,False
-3.0640743,False
-2.8033323,False
-2.9484997,False
-2.7883613,False
-3.0157936,False
-3.3911018,False
-2.7642045,False
-2.9449713,False
-2.866881,False
-3.2810004,False
-2.6305828,False
-2.2014868,False
-2.5937257,False
-2.8765092,False
-3.1052039,False
-3.5373113,False
-3.2655232,False
-3.411377,False
-3.2741327,False
-3.0690691,False
-2.8981557,False
-2.9206734,False
-2.739941,False
-2.72676,False
-2.7819638,False
-3.1762354,False
-3.2728138,False
-2.9830296,False
-3.0029886,False
-3.5458152,False
-3.265363,False
-3.1891336,False
-3.5115826,False
-3.539561,False
-3.393367,False
-3.529677,False
-3.4607787,False
-3.4182975,False
-3.4324677,False
-3.065308,False
-3.1483364,False
-3.8517532,False
-3.6618395,False
-2.9717948,False
-3.3267257,False
-3.099265,False
-3.1992435,False
-3.4068174,False
-3.306057,False
-3.502381,False
-3.066761,False
-2.8600953,False
-2.9620693,False
-2.597652,False
-3.0117836,False
-2.8303998,False
-2.6270895,False
-3.3897727,False
-3.5304575,False
-3.08923,False
-2.9001057,False
-3.215927,False
-3.4656777,False
-3.2855911,False
-3.4836943,False
-3.605779,False
-3.4152505,False
-3.5611098,False
-3.4021244,False
-3.3108907,False
-3.1110103,False
-2.849888,False
-2.949235,False
-2.9931357,False
-3.1228108,False
-3.1033015,False
-2.5705638,False
-3.377373,False
-3.071061,False
-3.5022883,False
-2.8545675,False
-2.9374828,False
-3.0984635,False
-3.416801,False
-2.599252,False
-2.7706754,False
-2.6037683,False
-3.041964,False
-2.7943294,False
-2.8096852,False
-3.1647408,False
-2.895385,False
-2.7654915,False
-3.2725124,False
-2.8938088,False
-2.93818,False
-2.912322,False
-2.973947,False
-3.2977228,False
-3.3195333,False
-2.9497273,False
-2.6101184,False
-2.794939,False
-2.7800167,False
-2.8919938,False
-3.1428425,False
-3.2371314,False
-3.3318753,False
-3.1142213,False
-3.180112,False
-3.2703547,False
-3.0845952,False
-3.6525009,False
-3.6752963,False
-3.2525802,False
-3.304891,False
-2.6819003,False
-3.8090084,False
-3.393139,False
-3.4613514,False
-3.2447817,False
-3.5745714,False
-3.7380724,False
-3.6344528,False
-3.0720804,False
-3.013028,False
-2.8917422,False
-2.7815046,False
-2.822791,False
-2.9319746,False
-3.4637241,False
-3.338349,False
-3.1508946,False
-3.1381643,False
-3.4415848,False
-3.2743468,False
-3.2942228,False
-3.0296485,False
-2.9746935,False
-3.4319408,False
-3.157251,False
-2.931786,False
-2.874657,False
-3.182051,False
-3.512139,False
-3.4949334,False
-3.2533169,False
-3.1979058,False
-3.0346203,False
-2.9452176,False
-3.1154149,False
-3.0773928,False
-3.1520429,False
-2.9294379,False
-3.0220041,False
-3.279076,False
-3.237653,False
-3.1705196,False
-2.7908168,False
-2.9845912,False
-3.8121076,False
-3.9718773,False
-3.8117075,False
-2.8478725,False
-2.6543593,False
-3.135161,False
-3.1310763,False
-2.9236398,False
-3.224673,False
-3.0989919,False
-3.1395333,False
-3.505474,False
-3.7121248,False
-3.5017765,False
-3.6558244,False
-3.2548132,False
-2.8328063,False
-2.4761114,False
-2.8905632,False
-3.0689383,False
-2.7310886,False
-2.770086,False
-2.3255162,False
-2.4699805,False
-3.0621438,False
-3.0480754,False
-3.0763235,False
-2.7503536,False
-2.6164653,False
-2.854873,False
-3.268569,False
-2.8009129,False
-3.006288,False
-2.9206374,False
-2.8547451,False
-3.3824837,False
-3.4731615,False
-2.895295,False
-2.1705313,False
-2.8016481,False
-3.5491536,False
-3.091834,False
-2.8677404,False
-2.9938948,False
-2.9301565,False
-2.297253,False
-2.9322243,False
-2.8908198,False
-3.5014336,False
-3.6699576,False
-3.288601,False
-3.5597067,False
-3.2590966,False
-2.3335783,False
-1.5653496,False
-3.2594223,False
-3.1581044,False
-2.9530363,False
-3.2634075,False
-3.6448128,False
-3.2710364,False
-3.4668064,False
-3.2535594,False
-2.8182411,False
-2.9058304,False
-3.1906786,False
-3.4076529,False
-3.2559645,False
-2.918461,False
-3.4448557,False
-3.3398154,False
-3.0958135,False
-2.9301977,False
-2.753443,False
-3.0432882,False
-2.8096352,False
-2.898623,False
-2.8232737,False
-3.0819569,False
-3.0878456,False
-3.4503388,False
-3.4230616,False
-3.0563629,False
-3.2606127,False
-2.7451918,False
-2.7684517,False
-2.7745695,False
-3.1223228,False
-3.1191444,False
-2.9929543,False
-3.3327034,False
-3.5297213,False
-3.521144,False
-3.3342388,False
-3.5398295,False
-2.9114063,False
-2.9549508,False
-3.5134933,False
-3.7689376,False
-2.6141279,False
-2.633708,False
-3.1953464,False
-3.7589808,False
-4.17325,False
-3.4975376,False
-3.6079037,False
-3.5239096,False
-3.392204,False
-3.2337065,False
-3.333999,False
-3.1395059,False
-3.653246,False
-3.8015535,False
-3.8511636,False
-3.840121,False
-3.7461965,False
-3.858841,False
-3.6992025,False
-3.4650414,False
-3.638947,False
-2.472227,False
-2.5531628,False
-2.7331839,False
-3.292991,False
-2.8243053,False
-3.314686,False
-2.4827003,False
-3.0673642,False
-3.0723348,False
-3.096834,False
-2.5732894,False
-2.5386379,False
-2.8258436,False
-3.1236372,False
-2.9611475,False
-2.4687443,False
-3.1420298,False
-2.8344948,False
-2.9163759,False
-3.087891,False
-2.8372953,False
-2.8478694,False
-2.5815039,False
-2.9608874,False
-3.2505538,False
-2.664944,False
-2.8736312,False
-3.083367,False
-3.239112,False
-3.1719391,False
-2.534779,False
-3.6172419,False
-2.8961964,False
-2.9877312,False
-3.1335258,False
-3.61166,False
-3.7393117,False
-3.2679482,False
-4.063282,False
-3.567153,False
-3.4860632,False
-3.0520787,False
-3.4098186,False
-3.6635647,False
-3.3367178,False
-4.0120416,False
-3.8129933,False
-3.3590882,False
-3.0644565,False
-3.5988941,False
-3.8138392,False
-3.1112769,False
-3.429924,False
-3.2024007,False
-3.0099976,False
-3.4947238,False
-3.7709897,False
-3.5608766,False
-3.4477758,False
-3.3335574,False
-3.0248876,False
-3.1445334,False
-2.8700361,False
-3.7095468,False
-2.9353092,False
-2.715242,False
-2.5554485,False
-2.456981,False
-3.268276,False
-3.8427005,False
-3.0010567,False
-3.2092524,False
-2.534997,False
-2.7158468,False
-2.689487,False
-3.3636656,False
-3.2284503,False
-3.4185743,False
-3.4042892,False
-3.267085,False
-3.881273,False
-4.1049294,False
-4.1145024,False
-3.390402,False
-3.5787935,False
-3.22496,False
-3.0030036,False
-2.9349322,False
-3.2650597,False
-2.92817,False
-3.3745453,False
-3.4108086,False
-3.506032,False
-3.393316,False
-3.4572992,False
-3.2048125,False
-3.694424,False
-3.6909313,False
-3.5359793,False
-3.3056095,False
-3.226765,False
-3.774957,False
-3.6632833,False
-3.8190584,False
-3.9794753,False
-3.9256136,False
-3.6630266,False
-3.7873178,False
-3.8802812,False
-3.6029286,False
-3.7042794,False
-4.1307497,False
-3.603868,False
-3.9454727,False
-4.154024,False
-4.154646,False
-4.402852,False
-4.558438,False
-3.8900633,False
-3.253349,False
-3.4826179,False
-3.8079884,False
-3.978266,False
-3.4143484,False
-3.37818,False
-3.9128366,False
-4.057832,False
-4.216791,False
-4.473776,False
-4.554734,False
-3.5059752,False
-3.7175224,False
-3.6899457,False
-3.6131938,False
-3.5182238,False
-3.847734,False
-3.721593,False
-4.251936,False
-4.2020574,False
-3.6721888,False
-3.6181576,False
-3.839367,False
-4.062578,False
-3.6020427,False
-4.147909,False
-3.3180983,False
-3.7247744,False
-3.9849744,False
-3.5828688,False
-3.5655217,False
-3.541342,False
-3.1004765,False
-3.2421846,False
-3.303081,False
-3.2527432,False
-2.9258091,False
-2.900028,False
-3.2065332,False
-3.3253496,False
-3.4708529,False
-3.6459084,False
-3.3832755,False
-3.1996813,False
-3.5190551,False
-3.430449,False
-3.4282985,False
-3.2014718,False
-3.0610754,False
-3.2232366,False
-3.216183,False
-3.640881,False
-3.8218827,False
-3.566253,False
-3.6571314,False
-3.7266788,False
-3.3318548,False
-3.6092086,False
-3.3263762,False
-2.9775915,False
-3.1869514,False
-3.2403414,False
-3.127544,False
-3.0706155,False
-3.2600996,False
-4.233687,False
-3.241993,False
-3.2421298,False
-2.8104172,False
-3.6862,False
-3.7327049,False
-3.5628104,False
-3.4007382,False
-3.4174335,False
-3.3615773,False
-3.0937495,False
-3.646373,False
-3.304204,False
-3.4307587,False
-3.3881788,False
-3.618881,False
-3.259888,False
-3.6867783,False
-3.8658004,False
-3.9232306,False
-3.8909829,False
-3.6839035,False
-3.4059799,False
-3.1797643,False
-3.8596318,False
-3.8203049,False
-3.341328,False
-3.1838424,False
-3.5890133,False
-3.4901583,False
-3.5783334,False
-3.7194524,False
-3.2786343,False
-3.796012,False
-3.6779861,False
-3.5522406,False
-3.6661744,False
-3.6461494,False
-3.3135862,False
-3.899019,False
-3.0695593,False
-3.092459,False
-3.1113694,False
-3.1319335,False
-3.5579796,False
-3.5724185,False
-2.9945586,False
-3.8027556,False
-4.4579296,False
-4.2526774,False
-4.1236305,False
-4.1646814,False
-3.45681,False
-3.5609126,False
-3.5380383,False
-3.9021869,False
-4.2678566,False
-3.7443738,False
-3.5142264,False
-3.6380959,False
-3.4952433,False
-4.1315346,False
-3.9698813,False
-4.050261,False
-3.7383509,False
-3.663961,False
-3.9376476,False
-3.5907586,False
-3.712018,False
-3.8032176,False
-3.659388,False
-3.1631052,False
-3.323572,False
-2.9270623,False
-3.5673244,False
-3.6323173,False
-2.428613,False
-2.675142,False
-2.8157241,False
-3.4051852,False
-3.5075738,False
-3.5506058,False
-3.1184165,False
-2.861475,False
-3.1556547,False
-2.9128628,False
-3.1165895,False
-3.381051,False
-3.7704759,False
-3.6228526,False
-3.6216862,False
-3.7365205,False
-4.078266,False
-3.4321613,False
-3.361856,False
-3.3004174,False
1.8373893,False
-0.10609422,False
-0.26222366,False
-2.0406857,False
-1.6086469,False
-1.5786536,False
-1.7464173,False
-2.2692916,False
-0.41148752,False
-1.4098711,False
-2.7389603,False
-1.5200372,False
-2.4129493,False
-2.3546815,False
-2.6607237,False
-3.0797791,False
-3.0117614,False
-2.5435731,False
-3.387886,False
-3.666076,False
-3.6099133,False
-3.200006,False
-3.679843,False
-3.1800349,False
-3.4475594,False
-3.3635721,False
-3.2868264,False
-3.1875916,False
-2.6871824,False
-3.1354654,False
-3.3968472,False
-3.3005364,False
-3.2747917,False
-3.435311,False
-3.6201062,False
-3.7036834,False
-3.0763705,False
-2.873294,False
-3.554534,False
-3.464828,False
-3.6978586,False
-3.2494884,False
-2.8432004,False
-2.5501633,False
-3.5757322,False
-3.3613846,False
-3.4608781,False
-3.1420877,False
-2.7279115,False
-2.736513,False
-2.9568858,False
-2.711855,False
-2.6928415,False
-3.3921797,False
-3.5464265,False
-3.4730473,False
-3.2720325,False
-3.4460711,False
-3.3337727,False
-3.7586117,False
-4.1367116,False
-3.6820889,False
-3.6095467,False
-3.3998206,False
-3.4363918,False
-3.215954,False
-3.3134267,False
-2.9417708,False
-2.8166866,False
-3.307768,False
-3.4825726,False
-3.6151788,False
-3.2183652,False
-2.8800004,False
-2.4157817,False
-2.7565491,False
-2.9914722,False
-3.5532022,False
-3.2319934,False
-2.9369965,False
-3.0957215,False
-3.130106,False
-3.5072844,False
-3.5648022,False
-3.561502,False
-3.5589526,False
-3.5665216,False
-3.721657,False
-3.690167,False
-3.6035118,False
-3.658179,False
-3.509524,False
-3.4865243,False
-3.5338352,False
-3.5808458,False
-3.3370924,False
-3.1289537,False
-3.3355947,False
-3.1506913,False
-2.9067898,False
-3.7170496,False
-3.5004547,False
-3.4524877,False
-3.227081,False
-3.2527966,False
-3.7422128,False
-3.6007836,False
-3.8563166,False
-3.8368158,False
-3.7726297,False
-3.890464,False
-3.6249025,False
-3.713117,False
-3.760341,False
-3.8390331,False
-4.30185,False
-3.7897222,False
-3.9218636,False
-4.2707543,False
-4.127061,False
-4.0467973,False
-3.9401152,False
-3.9566212,False
-4.103453,False
-3.5750449,False
-3.4196682,False
-3.4048104,False
-3.5900674,False
-3.7323525,False
-3.7547696,False
-3.043149,False
-2.6584613,False
-3.0236092,False
-3.620898,False
-2.8255644,False
-3.223271,False
-3.1133137,False
-2.9362295,False
-3.1134882,False
-3.1729474,False
-3.0941143,False
-3.1388896,False
-2.9511242,False
-3.0043762,False
-2.8962755,False
-2.9818885,False
-3.0835125,False
-3.2248008,False
-2.952207,False
-3.0371108,False
-2.9182854,False
-2.953317,False
-2.8374383,False
-2.8989873,False
-3.0037239,False
-2.9176042,False
-3.104438,False
-2.8477247,False
-2.5341914,False
-2.5772727,False
-2.5723996,False
-2.6494389,False
-2.6819668,False
-2.700994,False
-2.80986,False
-2.7108536,False
-2.8523731,False
-2.837558,False
-2.8164093,False
-2.709799,False
-2.4990907,False
-2.5149581,False
-2.579287,False
-2.696387,False
-2.7025156,False
-2.628839,False
-2.5969477,False
-2.5518491,False
-2.418604,False
-2.3672035,False
-2.0875616,False
-2.4734716,False
-2.8234735,False
-2.7059243,False
