activation_ins_buzz,correct
-3.568397,False
-2.9616601,False
-2.2846866,False
-2.7716115,False
-2.6927593,False
-3.2104416,False
-2.634232,False
-2.9630942,False
-3.200134,False
-3.4668539,False
-3.285826,False
-3.552795,False
-3.7019358,False
-3.8586166,False
-3.6079593,False
-3.7035394,False
-3.524962,False
-3.7072482,False
-3.477323,False
-3.2490313,False
-2.9801397,False
-3.0226393,False
-3.3730643,False
-3.2166991,False
-2.9722846,False
-2.9897556,False
-3.3113024,False
-3.027257,False
-3.1970465,False
-3.2261872,False
-3.4194481,False
-3.453591,False
-3.5369992,False
-3.7486591,False
-3.4179685,False
-3.293074,False
-3.256032,False
-3.34102,False
-4.345221,False
-4.371333,False
-4.763034,False
-3.9847348,False
-3.9833076,False
-3.7803931,False
-3.4809031,False
-4.231876,False
-4.7643356,False
-4.9090614,False
-4.390079,False
-4.2514143,False
-4.810817,False
-4.7171507,False
-4.52458,False
-4.351865,False
-4.1105056,False
-3.9894502,False
-3.6671581,False
-3.3132384,False
-3.9520874,False
-3.9603057,False
-4.06384,False
-3.604131,False
-3.2708964,False
-3.4073453,False
-3.2519426,False
-4.019832,False
-3.6196523,False
-3.8992128,False
-3.6497617,False
-3.2197833,False
-2.961126,False
-3.2199233,False
-3.5773406,False
-3.4886177,False
-3.9281058,False
-3.4834542,False
-3.8107853,False
-3.5254872,False
-2.5204847,False
-2.0897145,False
-3.324607,False
-3.2316084,False
-3.4588933,False
-3.5808105,False
-3.5059032,False
-3.468099,False
-3.618079,False
-4.16092,False
-4.247453,False
-3.8334234,False
-3.3244503,False
0.67766184,True
0.067688435,True
-0.014238736,True
0.34323588,True
0.1844465,True
0.30616808,True
-0.044428203,True
-1.7199793,True
-0.95404166,True
-1.4591113,True
-1.3641633,True
-0.21442334,True
-0.2556174,True
0.11852163,True
-0.9825693,True
-1.044643,True
-2.165744,True
-2.1928582,True
-1.8190084,True
-1.1242567,True
-0.2859456,True
0.71117705,True
1.2329987,True
0.26736522,True
0.1555947,True
0.50110394,True
-0.082733855,True
-1.1291026,True
-0.767337,True
-1.5927457,True
-2.1965952,True
-1.5413934,True
-1.2704345,True
-0.5167788,True
0.76337963,True
0.5040789,True
-0.20524363,True
-0.63391787,True
-0.6754177,True
-0.57816714,True
0.53644687,True
0.47115347,True
0.030394983,True
-1.0146574,True
-1.5057411,True
-1.4286541,True
-1.0437974,True
0.036806453,True
-0.6316584,True
0.02188224,True
0.6619165,True
0.41554326,True
0.5700011,True
0.16216461,True
0.28822973,True
0.60162336,True
-0.051302504,True
1.0397642,True
0.8153166,True
0.43085387,True
0.837133,True
0.9418081,True
-0.7802276,True
-0.9116093,True
-0.4420103,True
1.1183912,True
0.7654307,True
0.30532596,True
0.8699221,True
-0.3998541,True
0.8019938,True
0.50064063,True
0.9668854,True
1.2899628,True
1.7143846,True
1.6257263,True
2.0502815,True
1.4703063,True
0.07994275,True
0.42141563,True
0.3958521,True
0.4756544,True
-0.43778777,True
-0.21246386,True
0.37839782,True
0.19813195,True
0.116966784,True
0.020770479,True
0.6215714,True
0.40242103,True
0.48695782,True
1.2897729,True
1.0119452,True
0.5653169,True
0.42055058,True
1.4610122,True
1.4087075,True
-0.9684711,True
-0.38406184,True
-0.61444265,True
-0.20657817,True
0.052898932,True
0.3755794,True
0.579137,True
0.60816795,True
0.11057107,True
-0.8028145,True
-2.3565242,True
-2.5611212,True
-1.0115516,True
0.14755784,True
0.07479793,True
0.5919321,True
-0.6658407,True
-0.27551317,True
-0.44068846,True
0.10070722,True
0.19909836,True
1.028929,True
-0.38520443,True
-0.83178097,True
0.02038794,True
1.0769022,True
1.8605263,True
2.3814082,True
0.65048385,True
0.33659127,True
-0.16593763,True
0.09121181,True
-0.7288546,True
-1.2797505,True
-1.8650415,True
-2.3851826,True
-1.549801,True
-1.7657526,True
-2.1079328,True
-2.7309241,True
-2.6267376,True
-2.0758471,True
-0.9059349,True
-0.8261563,True
-0.1957758,True
0.44779906,True
0.14338902,True
-0.22132532,True
-0.16159126,True
-0.6108689,True
0.2832954,True
0.6183286,True
0.39990222,True
-0.45528626,True
-0.85325,True
-0.48537496,True
0.057569135,True
1.2468666,True
0.88373107,True
0.40641963,True
1.003949,True
0.63490844,True
1.7796607,True
1.0705128,True
1.5121036,True
0.25214088,True
0.88091,True
0.6905106,True
1.2400014,True
1.0906075,True
0.2158782,True
-0.19654427,True
-0.35913295,True
0.48567525,True
0.78221446,True
1.4566025,True
0.21359225,True
0.38673398,True
-0.13112094,True
0.9293621,True
0.97813064,True
0.049055103,True
0.29733732,True
-0.4261218,True
-0.10011372,True
-1.3491298,True
-0.3136243,True
-0.14815575,True
1.3296994,True
0.46858838,True
0.37327966,True
0.57466453,True
0.6456682,True
1.316466,True
1.0032419,True
1.2585961,True
1.1661448,True
0.4099635,True
1.0312905,True
0.0128192045,True
1.5185064,True
0.48612306,True
0.17117357,True
-0.8011772,True
-0.034263562,True
-0.26454043,True
-0.71127856,True
-1.2954723,True
-1.8570287,True
-2.765457,True
-2.4149508,True
-2.405354,True
-2.7145183,True
-1.3295336,True
0.08373208,True
0.73360413,True
-0.045557424,True
-0.18411614,True
-0.030396964,True
0.6420301,True
0.36151114,True
1.088145,True
0.01015513,True
-0.18822658,True
0.38762513,True
0.39028606,True
0.70795685,True
0.74872595,True
0.61429036,True
0.27324015,True
-0.37355724,True
-0.27852437,True
0.007759746,True
-0.705765,True
-0.0071804337,True
0.57172745,True
0.85175717,True
0.8687027,True
0.48217902,True
0.8399372,True
0.36268893,True
0.057436798,True
-0.7004337,True
0.55948955,True
0.5846397,True
0.96077025,True
0.88728404,True
-0.16299294,True
-1.2555197,True
-1.3879019,True
-0.635633,True
-0.083260015,True
0.40376922,True
1.0702488,True
1.4487665,True
0.83272946,True
0.9062824,True
0.9138563,True
1.8866729,True
1.3982438,True
1.2542545,True
1.1464957,True
0.64848447,True
0.6210988,True
1.3095381,True
1.3012909,True
1.3403939,True
1.2756149,True
1.5748078,True
0.75895375,True
0.8190587,True
-0.43026796,True
-1.004915,True
-0.1238621,True
0.08186734,True
1.1039312,True
0.7919419,True
0.7324165,True
0.38826853,True
-0.07241617,True
-0.3800992,True
0.62009054,True
0.8117952,True
0.97636753,True
0.45581385,True
0.43087316,True
0.8672765,True
0.6442464,True
0.8426921,True
1.1224804,True
0.9843045,True
0.13929358,True
0.50981003,True
0.5971224,True
1.4338952,True
1.1060169,True
0.023839515,True
-0.98008704,True
-0.9394052,True
0.093608364,True
0.9703966,True
-0.78012186,True
-1.1677722,True
-0.7118673,True
1.0889465,True
1.761686,True
0.7220543,True
0.2413523,True
0.24016894,True
1.1202615,True
0.7780828,True
1.2823187,True
1.0565583,True
1.3601407,True
1.3387018,True
0.93588823,True
0.96248287,True
0.56635576,True
-0.48728877,True
-0.77711654,True
-1.5335377,True
-0.7874683,True
0.2062416,True
1.0910665,True
-0.19155999,True
0.50961953,True
-0.20516567,True
0.81701124,True
-0.051866617,True
0.42132798,True
0.88940555,True
-0.73755383,True
0.5218483,True
0.44289926,True
0.83802646,True
0.32514587,True
-0.32838953,True
-0.8799412,True
-0.28156394,True
-0.9482075,True
-1.4270631,True
-1.6775124,True
-0.98703927,True
-1.1378856,True
0.1838202,True
0.96445286,True
1.3694028,True
1.9573468,True
1.8556746,True
2.1061742,True
1.6387669,True
1.6321815,True
1.0803958,True
-1.1361737,True
-0.7522649,True
-1.4725586,True
0.3040857,True
0.7332046,True
0.90107006,True
0.73446864,True
-0.8201957,True
1.0623035,True
0.7465138,True
-1.0378097,True
-0.8941285,True
-0.3849809,True
-0.2750222,True
-2.5863953,True
-3.1170857,True
-0.7675044,True
-1.0749534,True
-1.7975103,True
-2.6633048,True
-2.5017984,True
-2.615696,True
-0.7401772,True
-0.89059174,True
0.044734765,True
-0.5837087,True
-2.3887718,True
-2.5003762,True
-0.4587532,True
-0.7534024,True
-0.09432833,True
-0.22969337,True
0.2997509,True
-0.6589025,True
0.0007083677,True
-0.4295178,True
-1.1886921,True
0.08919269,True
-0.009705123,True
0.120663986,True
-0.5041115,True
0.1986235,True
0.25565824,True
0.65986973,True
1.0236557,True
1.7090715,True
1.169456,True
-0.039301563,True
-0.35893673,True
0.4761481,True
0.3976755,True
0.25640294,True
0.09054689,True
0.64227587,True
0.2955143,True
-0.4261054,True
-0.20439242,True
0.023218866,True
0.40376154,True
1.563033,True
1.6736653,True
2.0179431,True
1.1032495,True
0.7510433,True
0.7385684,True
-0.42269868,True
-0.8636322,True
-0.9074621,True
-0.41189742,True
-0.34651402,True
-0.48604766,True
-2.9841561,False
-2.9443827,False
-3.0698276,False
-3.2906578,False
-3.0728111,False
-2.9215965,False
-3.131061,False
-3.097781,False
-3.1982615,False
-3.09795,False
-4.1060467,False
-3.6051288,False
-3.6021547,False
-2.8803673,False
-2.592984,False
-2.84466,False
-3.1382954,False
-3.173253,False
-2.8878906,False
-3.120988,False
-3.0076113,False
-3.520524,False
-3.8519716,False
-3.7806988,False
-3.3881638,False
-3.2256668,False
-2.9485126,False
-3.2319882,False
-3.0252135,False
-2.8944442,False
-2.7849329,False
-2.7257583,False
-3.152301,False
-3.1295998,False
-3.3775914,False
-3.1474352,False
-3.0376415,False
-3.0380793,False
-3.3184109,False
-2.7575653,False
-2.5797946,False
-2.5385683,False
-2.898351,False
-2.7989595,False
-2.5846117,False
-2.1463704,False
-3.4663174,False
-3.2583668,False
-2.9585485,False
-2.8451915,False
-2.8561962,False
-3.0605538,False
-3.277066,False
-3.211498,False
-3.095783,False
-3.0268037,False
-3.0549204,False
-2.9927154,False
-3.051747,False
-3.0006363,False
-2.7285106,False
-2.899066,False
-2.8715446,False
-3.2065063,False
-3.1425369,False
-3.359198,False
-3.4498885,False
-3.390256,False
-3.2306561,False
-3.3043635,False
-3.2324245,False
-3.213932,False
-3.2411895,False
-3.3242218,False
-3.4084718,False
-3.31583,False
-3.3624291,False
-3.3813376,False
-3.342695,False
-3.2756968,False
-3.1932514,False
-3.0228536,False
-2.8938608,False
-3.0024815,False
-2.903329,False
-2.447854,False
-2.8044963,False
-3.0784016,False
-3.5052097,False
-3.5617456,False
-3.7687218,False
-3.5785434,False
-3.294454,False
-3.4664602,False
-2.979625,False
-2.6295397,False
-2.4390213,False
-2.4378278,False
-2.9545739,False
-2.7969713,False
-3.0460446,False
-3.1042535,False
-3.0513508,False
-2.776379,False
-2.6814277,False
-2.9104443,False
-2.9059312,False
-3.179328,False
-3.0745933,False
-3.051096,False
-3.5295749,False
-3.065279,False
-3.0493028,False
-3.040714,False
-3.131725,False
-3.5861049,False
-3.32084,False
-2.880907,False
-2.9170308,False
-2.8871646,False
-3.5417073,False
-3.8558745,False
-3.6016006,False
-3.2125142,False
-3.1451573,False
-3.3225484,False
-4.0111814,False
-3.973937,False
-3.75266,False
-3.3455327,False
-3.639749,False
-3.248623,False
-2.949829,False
-3.2635107,False
-2.9203007,False
-2.4211545,False
-3.0884423,False
-3.0625954,False
-3.1752436,False
-3.7749348,False
-3.659643,False
-3.142365,False
-2.8266175,False
-3.0650747,False
-3.0751426,False
-2.9121847,False
-3.068892,False
-2.8124945,False
-3.0048714,False
-3.3052664,False
-3.046532,False
-2.8777828,False
-2.619026,False
-2.7743187,False
-3.2074325,False
-3.3626404,False
-3.5857358,False
-3.2670138,False
-2.6980658,False
-3.131977,False
-3.1411006,False
-3.200063,False
-2.7646334,False
-3.6999166,False
-3.36485,False
-3.0072894,False
-3.0862293,False
-3.3846793,False
-3.1553984,False
-3.0151358,False
-3.0680816,False
-3.0280626,False
-3.286171,False
-3.2627008,False
-3.2242496,False
-3.0550563,False
-3.20948,False
-3.8192062,False
-3.7995589,False
-3.6590893,False
-3.4078717,False
-3.6201723,False
-3.44927,False
-3.284381,False
-3.6747203,False
-3.2155058,False
-3.1391773,False
-2.823394,False
-3.165916,False
-3.14116,False
-2.8457181,False
-2.784,False
-2.9949915,False
-2.859903,False
-3.1162987,False
-3.0687373,False
-3.1292894,False
-3.244341,False
-3.396957,False
-3.2526128,False
-3.2778366,False
-3.313761,False
-3.0635467,False
-3.2359848,False
-3.1586208,False
-3.2654276,False
-3.0830872,False
-2.8675926,False
-3.1521108,False
-2.9645188,False
-3.1705248,False
-3.14964,False
-2.8794804,False
-3.4649682,False
-3.1875708,False
-3.2828844,False
-2.8746376,False
-2.749303,False
-2.7298691,False
-3.1421175,False
-3.1520982,False
-3.3379996,False
-3.082591,False
-2.9013672,False
-2.930042,False
-2.5356584,False
-2.7186737,False
-2.8355384,False
-2.905488,False
-3.1151674,False
-2.788352,False
-3.181635,False
-2.732832,False
-3.1140594,False
-3.0283594,False
-2.5380929,False
-2.527256,False
-2.4870534,False
-3.0623407,False
-3.0624285,False
-3.2404077,False
-3.0212054,False
-2.8744566,False
-2.4745207,False
-2.6157908,False
-2.3910365,False
-2.5757456,False
-2.7072845,False
-2.8916042,False
-2.8316784,False
-2.7905147,False
-2.767785,False
-3.0923367,False
-2.9922628,False
-3.2180922,False
-2.7364137,False
-3.0859594,False
-2.933601,False
-3.2015324,False
-3.1719263,False
-2.7386084,False
-2.7331982,False
-3.3155577,False
-3.0892327,False
-3.4456534,False
-2.4708736,False
-2.9048855,False
-2.650645,False
-2.8113163,False
-2.9111397,False
-3.0215914,False
-2.788608,False
-2.8970406,False
-2.781791,False
-2.8353229,False
-3.3123193,False
-3.406591,False
-3.3262224,False
-3.120349,False
-2.9869332,False
-2.8598402,False
-2.7069244,False
-2.9696627,False
-2.5675492,False
-2.4432871,False
-2.9055543,False
-2.886555,False
-2.71109,False
-2.723491,False
-3.086418,False
-3.276186,False
-3.1330526,False
-2.7536588,False
-2.5301416,False
-2.730562,False
-2.8937094,False
-3.2871046,False
-3.305636,False
-2.7436128,False
-2.881457,False
-2.9690833,False
-2.9267888,False
-2.9823952,False
-3.1433618,False
-3.3064094,False
-2.891414,False
-3.1055207,False
-2.8154366,False
-3.15239,False
-3.1045437,False
-3.1717432,False
-2.9876008,False
-2.9886432,False
-2.9808462,False
-3.0851254,False
-3.0053325,False
-2.8423352,False
-2.852213,False
-3.0072246,False
-3.4243972,False
-3.1674225,False
-3.3629243,False
-3.2002294,False
-2.6929238,False
-3.109251,False
-2.8701453,False
-3.0692286,False
-3.196948,False
-2.9324045,False
-3.0599945,False
-3.308455,False
-2.8640037,False
-2.9569604,False
-2.8376553,False
-3.1142917,False
-2.9362555,False
-2.8317416,False
-2.866324,False
-2.887965,False
-2.9433203,False
-3.0838838,False
-3.2830334,False
-2.9790366,False
-3.177986,False
-3.0123174,False
-3.2086694,False
-3.2600765,False
-3.188914,False
-3.4615843,False
-3.657724,False
-3.6161196,False
-3.1632133,False
-2.9201076,False
-2.7722273,False
-3.0013008,False
-2.868832,False
-3.0099566,False
-3.098,False
-3.2958655,False
-3.0881312,False
-3.3944964,False
-2.99128,False
-3.0046146,False
-3.2691138,False
-3.392572,False
-3.1210556,False
-3.4953423,False
-3.2913623,False
-3.2535517,False
-3.1436863,False
-3.1001122,False
-3.0793943,False
-3.4593399,False
-3.400604,False
-3.6918097,False
-3.2333128,False
-3.3610713,False
-3.175235,False
-3.0439765,False
-3.6009881,False
-3.0509417,False
-3.3089383,False
-3.681443,False
-3.6399994,False
-3.4751532,False
-3.3607597,False
-3.2329776,False
-3.1874135,False
-3.234519,False
-3.0286355,False
-2.7358003,False
-3.0178971,False
-2.7861269,False
-2.9370074,False
-2.9447181,False
-3.084421,False
-2.8514981,False
-3.0857801,False
-3.0656476,False
-3.2531953,False
-2.759403,False
-2.9219513,False
-3.679455,False
-2.9042144,False
-3.4083204,False
-2.3768451,False
-2.5460405,False
-3.2423916,False
-3.6816595,False
-2.8066087,False
-3.1411338,False
-3.3734603,False
-3.415302,False
-3.388474,False
-3.1818595,False
-3.2956824,False
-2.96189,False
-3.1699338,False
-3.105255,False
-3.1764627,False
-3.1359363,False
-2.9587831,False
-3.2802644,False
-3.3015473,False
-3.4647517,False
-3.2140229,False
-2.8218894,False
-2.954484,False
-3.1667843,False
-3.6020074,False
-3.7411451,False
-3.5053768,False
-3.456352,False
-3.2130451,False
-3.350524,False
-3.197009,False
-3.3039691,False
-2.8161173,False
-3.1770234,False
-2.9502344,False
-3.0635328,False
-2.9796312,False
-2.8355262,False
-3.0096383,False
-2.4353778,False
-2.6240396,False
-2.6788259,False
-2.6482284,False
-2.7326515,False
-3.1179893,False
-4.0836577,False
-3.118498,False
-2.576413,False
-3.0102937,False
-2.8559637,False
-3.0388181,False
-2.9942858,False
-3.0658932,False
-3.0103035,False
-3.3553965,False
-2.9280033,False
-3.227308,False
-3.1940591,False
-3.1952262,False
-3.406946,False
-3.069244,False
-3.1595674,False
-2.9211361,False
-2.4219973,False
-2.6928682,False
-2.6960702,False
-2.784125,False
-2.769799,False
-2.6873634,False
-2.7240262,False
-2.956319,False
-3.1623685,False
-2.8505435,False
-3.1287296,False
-3.0389137,False
-2.899207,False
-3.0751584,False
-3.2084026,False
-3.0634785,False
-2.738886,False
-2.8435698,False
-2.9821799,False
-3.400483,False
-3.5936868,False
-3.7852027,False
-3.8151696,False
-3.4326086,False
-3.524163,False
-3.5598433,False
-3.578893,False
-3.434177,False
-3.5192256,False
-3.9850338,False
-3.7120373,False
-3.6485069,False
-3.0208714,False
-3.2840846,False
-2.960798,False
-2.8109171,False
-2.5376174,False
-2.610566,False
-2.7754242,False
-3.2620401,False
-3.0348902,False
-2.691496,True
-2.803128,True
-2.7983649,False
-2.9139683,False
-2.4353516,False
-2.6880908,False
-2.7282996,False
-2.4781957,False
-3.6775293,False
-2.893187,False
-2.318655,False
-2.2004733,False
-1.9152685,False
-2.4496024,False
-2.6775427,False
-3.012072,False
-2.3288393,False
-2.3730965,False
-2.5794826,False
-2.7485745,False
-2.4639966,False
-2.3276498,False
-2.487111,False
-2.918323,False
-2.6693194,False
-2.5783029,False
-1.9990423,False
-2.85411,False
-2.9117672,False
-3.145864,False
-3.089511,False
-2.9996128,False
-3.0954018,False
-2.9654987,False
-2.677324,False
-2.6631367,False
-2.8081427,False
-2.913535,False
-2.4928122,False
-2.7937803,False
-2.739041,False
-3.276175,False
-2.834402,False
-2.9539766,False
-3.2200294,False
-2.993062,False
-3.0166593,False
-3.3240016,False
-3.247465,False
-2.839242,False
-2.990738,False
-3.4180999,False
-3.3690953,False
-3.472718,False
-3.2619188,False
-2.9714844,False
-2.715371,False
-2.5569162,False
-2.8292017,False
-2.9028096,False
-2.5162327,False
-2.6051228,False
-3.1137958,False
-3.4786031,False
-3.6395338,False
-3.1428819,False
-3.1559734,False
-3.341813,False
-3.4805417,False
-3.659735,False
-3.3329492,False
-3.527782,False
-3.5285711,False
-3.734364,False
-4.1399255,False
-4.5745997,False
-4.2635617,False
-4.1933637,False
-3.4325671,False
-3.0478234,False
-3.2246857,False
-3.461603,False
-3.364911,False
-3.1021078,False
-3.0257528,False
-2.7555172,False
-3.1029615,False
-3.1385078,False
-2.9075506,False
-2.7551959,False
-2.7599514,False
-2.9318404,False
-3.1216238,False
-2.577882,False
-2.7523625,False
-2.910468,False
-2.9133997,False
-2.653359,False
-2.6352663,False
-2.6985943,False
-2.649162,False
-2.597136,False
-2.9274192,False
-2.75843,False
-2.7013862,False
-2.5616016,False
-2.199576,False
-2.3594563,False
-2.6519673,False
-2.9833798,False
-2.6754878,False
-2.0991619,False
-1.7624317,False
-2.3734245,False
-2.6004815,False
-2.8721051,False
-2.9797282,False
-3.422759,False
-3.5930676,False
-1.9284933,True
-1.5602682,True
-1.8470975,True
-1.2955946,True
-2.379407,True
-2.235032,True
-2.1142805,True
0.265309,True
0.71777564,True
0.7061792,True
1.7043931,True
1.63354,True
1.2653702,True
-0.107889146,True
-0.9399577,True
-1.2859766,True
-0.35605177,True
-0.1924163,True
-0.2765246,True
-0.514646,True
-1.6392415,True
-1.5036448,True
-1.9393408,True
-2.2392588,True
-2.6653306,True
-2.012116,True
-2.068493,True
-1.6363131,True
-0.93301076,True
-1.0293148,True
-1.4952245,True
-0.7989327,True
-1.008341,True
-1.9017597,True
-2.347975,True
-1.7638738,True
-1.781518,True
-1.9558831,True
-2.5548503,True
-2.0500274,True
-2.0705504,True
-2.4363606,True
-2.568812,True
-2.5285897,True
-2.3608167,True
-2.6595552,True
-3.010427,True
-3.171379,True
-2.865853,True
-2.866358,True
-3.1613927,True
-3.3177218,True
-3.1348145,True
-2.8271537,True
-3.3253775,True
-3.3595667,True
-3.4605591,True
-3.063795,True
-2.8822412,True
-2.7832747,True
-2.937515,True
-2.606023,True
-2.7977347,True
-2.7232604,True
-2.977877,True
-3.5280244,True
-3.9704373,True
-4.40199,True
-3.8782816,True
-3.4803984,True
-3.6201797,True
-3.6127717,True
-3.6455624,True
-3.9985867,True
-4.430976,True
-4.220764,True
-3.5597441,True
-3.3461916,True
-3.5189493,True
-3.4080493,True
-3.0690608,True
-2.9862797,True
-3.2317235,True
-3.0527792,True
-3.1229186,True
-3.2322145,True
-3.35435,True
-3.1062818,True
-3.6927674,True
-3.2295952,True
-3.0821087,True
-3.1249146,True
-3.02431,True
-3.2190356,True
-2.9226127,True
-2.898682,True
-2.7203279,True
-2.9818838,True
-3.081573,True
-2.4309826,True
-2.5118563,True
-2.554668,True
-3.1095288,True
-1.879431,True
-1.9690889,True
-2.295981,True
-2.807566,True
-3.1082203,True
-3.2219405,True
-3.424881,True
-3.4505343,True
-3.275992,True
-2.4892852,True
-4.5961165,False
-4.3751764,False
-4.4732924,False
-4.253775,False
-3.7231462,False
-3.447766,False
-3.426174,False
-3.4993343,False
-3.7176664,False
-4.4699736,False
-4.1572137,False
-4.594248,False
-4.1109633,False
-4.1221056,False
-4.1515675,False
-3.6555393,False
-3.643454,False
-3.6022675,False
-3.742968,False
-4.073139,False
-4.0496306,False
-3.8413732,False
-3.7047386,False
-3.7787774,False
-3.6686573,False
-3.507492,False
-4.2938323,False
-4.120548,False
-3.9619703,False
-3.6931581,False
-3.6683724,False
-3.77305,False
-4.0712705,False
-3.4430575,False
-4.083081,False
-3.8973556,False
-3.8028762,False
-3.947152,False
-3.9652913,False
-3.992184,False
-3.731044,False
-3.3320224,False
-3.0659523,False
-3.168353,False
-3.6033907,False
-3.9472024,False
-3.68638,False
-3.6692524,False
-3.215342,False
-3.3748658,False
-2.6474774,False
-2.9598355,False
-3.2957807,False
-3.8149228,False
-3.4503481,False
-3.4949594,False
-3.5590405,False
-3.616775,False
-3.6513064,False
-3.4736261,False
-3.7687573,False
-4.11542,False
-3.8691263,False
-3.617494,False
-3.7568433,False
-4.0714374,False
-4.0198784,False
-3.4675303,False
-3.0845888,False
-2.8920653,False
-3.3113673,False
-3.469166,False
-3.604275,False
-3.6423373,False
-3.9343553,False
-3.8331895,False
-3.7605247,False
-3.537929,False
-3.6357353,False
-3.6911752,False
-3.6692295,False
-3.1669858,False
-2.9371924,False
-2.98724,False
-3.0660343,False
-3.1825953,False
-3.1424654,False
-3.0563276,False
-3.566757,False
-3.6138003,False
-3.6388109,False
-3.50046,False
-3.8283684,False
-3.736619,False
-3.4841468,False
-3.520267,False
-3.831148,False
-3.7551672,False
-3.377385,False
-3.5793712,False
-3.771109,False
-3.6489072,False
-3.4535625,False
-3.7266824,False
-3.5641048,False
-3.3128746,False
-3.1812117,False
-3.0168228,False
-3.5811024,False
-3.7858994,False
-3.83811,False
-4.0423484,False
-4.233431,False
-4.6991405,False
-4.266261,False
-4.2910156,False
-3.835147,False
-4.6231656,False
-4.4031534,False
-3.9592695,False
-3.7535229,False
-3.6984296,False
-4.1443973,False
-4.520815,False
-4.4854774,False
-4.34208,False
-4.357118,False
-4.332097,False
-3.89299,False
-3.8015888,False
-3.7968242,False
-3.717186,False
-3.313297,False
-2.9372425,False
-2.5547373,False
-2.799049,False
-3.4362333,False
-4.1340227,False
-3.8233666,False
-3.9073505,False
-3.8458436,False
-4.2573867,False
-4.510324,False
-4.4069133,False
-4.464408,False
-4.319491,False
-4.296914,False
-4.2283087,False
-4.3086557,False
-4.0930967,False
-3.7036858,False
-3.7820954,False
-3.4878051,False
-3.7175996,False
-4.1777983,False
-4.3387413,False
-4.4292364,False
-4.1893425,False
-4.6908135,False
-5.208112,False
-5.134013,False
-4.819676,False
-4.357537,False
-3.1447444,False
-3.4842937,False
-3.5628836,False
-2.0108278,False
-2.5149655,False
-3.1105406,False
-4.234662,False
-3.9556968,False
-3.2065313,False
-2.4112318,False
-2.6273282,False
-2.609616,False
-3.1106482,False
-2.7578166,False
-2.8108249,False
-2.403718,False
-2.5643353,False
-2.4840188,False
-2.311531,False
-2.6128545,False
-2.9673014,False
-3.0369878,False
-2.8516037,False
-2.7279518,False
-3.1568737,False
-3.1268034,False
-2.8891897,False
-2.852147,False
-2.9568665,False
-3.1421056,False
-3.0034695,False
-2.8709748,False
-3.0841804,False
-3.095176,False
-3.2040987,False
-3.0054855,False
-2.6707013,False
-2.6614783,False
-2.862933,False
-3.161952,False
-2.9521613,False
-2.9349246,False
-2.9218504,False
-3.0403428,False
-2.9710045,False
-2.7977133,False
-2.4026635,False
-2.2749398,False
-2.3734164,False
-2.4428196,False
-2.7953296,False
-3.1138124,False
-2.9525156,False
-2.906814,False
-3.2829828,False
-2.980069,False
-3.034994,False
-3.036787,False
-2.7007978,False
-2.5597353,False
-2.9940722,False
-3.0573509,False
-3.2568593,False
-3.3051536,False
-2.958231,False
-3.0532236,False
-2.9322076,False
-3.08527,False
-3.3620172,False
-3.504429,False
-3.5199597,False
-3.637359,False
-3.5472348,False
-3.6896043,False
-3.3235724,False
-2.9920352,False
-2.9140866,False
-2.4892483,False
-2.5133793,False
-2.6609733,False
-2.7723246,False
-2.5087883,False
-3.00557,False
-3.3660178,False
-3.0091403,False
-3.0197093,False
-2.564061,False
-2.5502286,False
-2.8847184,False
-3.9752579,False
-3.8111546,False
-3.8192973,False
-3.5570738,False
-3.3192713,False
-3.314346,False
-3.5192611,False
-3.7343338,False
-3.6509738,False
-3.6411266,False
-3.7951815,False
-3.7138844,False
-3.968495,False
-3.3939762,False
-3.360147,False
-3.2549765,False
-3.6265883,False
-3.171784,False
-3.1831934,False
-2.8701365,False
-2.9784148,False
-2.7676342,False
-2.7163737,False
-2.4451177,False
-2.4288363,False
-2.5132878,False
-2.7198093,False
-2.6323605,False
-3.020894,False
-2.840537,False
-2.767083,False
-2.875296,False
-2.8159077,False
-2.842645,False
-3.1360896,False
-3.311872,False
-2.8991566,False
-2.8460338,False
-2.7199543,False
-2.702298,False
-2.7216625,False
-2.882163,False
-3.1332288,False
-3.2535276,False
-3.6521425,False
-3.139337,False
-2.8923552,False
-2.6963866,False
-2.533895,False
-2.8819573,False
-2.9354258,False
-3.0963259,False
-2.875937,False
-2.784752,False
-2.9499772,False
-2.9148946,False
-2.7687387,False
-2.8348076,False
-3.0304127,False
-3.596088,False
-3.4196415,False
-3.122142,False
-2.916637,False
-2.9234629,False
-2.8211567,False
-2.9840612,False
-2.7768762,False
-2.8356366,False
-2.9081352,False
-2.9892836,False
-2.9299011,False
-2.9757018,False
-2.635231,False
-2.9084373,False
-3.144122,False
-2.8594348,False
-3.1180317,False
-3.00717,False
-3.00672,False
-2.6466959,False
-2.519535,False
-2.7353265,False
-2.6876783,False
-2.8699255,False
-3.003946,False
-3.0970526,False
-3.3318043,False
-3.0426235,False
-3.232034,False
-2.7261968,False
-2.7420213,False
-2.452695,False
-2.7930858,False
-2.946785,False
-3.214348,False
-2.951333,False
-2.709808,False
-2.8718371,False
-3.0176957,False
-2.8886664,False
-3.0879774,False
-3.039012,False
-3.2939632,False
-2.9184122,False
-3.1291592,False
-2.6721244,False
-2.769295,False
-2.5529728,False
-2.7366872,False
-3.0690804,False
-3.2990916,False
-3.3179789,False
-3.4094336,False
-3.455203,False
-3.3312447,False
-3.526375,False
-3.403672,False
-3.3295317,False
-2.8627486,False
-2.9888577,False
-2.8245876,False
-3.3010607,False
-3.14425,False
-2.8828068,False
-3.3945775,False
-3.0978928,False
-3.1466978,False
-3.5265827,False
-2.98849,False
-2.5337317,False
-2.1488307,False
-2.7843544,False
-2.7878418,False
-2.708037,False
-2.689667,False
-2.632444,False
-2.8067577,False
-2.9460747,False
-2.8822637,False
-2.549168,False
-2.7475603,False
-2.8196988,False
-3.4713435,False
-3.0989344,False
-3.4414473,False
-2.8830564,False
-2.8341696,False
-2.763662,False
-2.7341552,False
-2.7693553,False
-2.6402614,False
-2.8656456,False
-2.9474323,False
-3.083759,False
-3.2750034,False
-3.0593088,False
-2.8242748,False
-2.504883,False
-2.4722636,False
-2.329839,False
-2.709682,False
-2.813212,False
-3.0462792,False
-2.9171026,False
-2.9228296,False
-2.9078221,False
-2.8514667,False
-2.839892,False
-2.8737664,False
-3.0149758,False
-3.1489525,False
-3.0399811,False
-2.95953,False
-2.7818825,False
-2.7721958,False
-3.285264,False
-2.5239973,False
-1.9002315,False
-1.7588761,False
-1.9596807,False
-2.575482,False
-2.0949566,False
-2.653831,False
-2.776973,False
-2.9788232,False
-2.4607434,False
-2.976706,False
-2.4276307,False
-1.9833721,False
-2.1732903,False
-3.1064072,False
-2.938013,False
-2.7572758,False
-2.7489724,False
-3.0433936,False
-3.296702,False
-3.0267901,False
-3.1181116,False
-3.1959767,False
-3.106539,False
-3.2059412,False
-3.4306962,False
-3.2345078,False
-3.290753,False
-3.1881883,False
-3.4313955,False
-3.4188845,False
-3.195139,False
-2.2014906,True
-1.9474553,True
-1.9171493,True
-2.8494139,False
-2.370318,False
-2.7380517,False
-3.2374241,False
-2.9360702,False
-2.7844057,False
-2.6964357,False
-2.5971713,False
-2.519488,False
-2.2769732,False
-2.5620174,False
-2.8583589,False
-2.5901628,False
-2.9532368,False
-2.9892488,False
-2.6577349,False
-2.2894428,False
-2.1171632,False
-2.1406825,False
-2.321619,False
-2.3754284,False
-2.3750455,False
-2.3100545,False
-2.472255,False
-2.3171692,False
-2.6043236,False
-2.6221023,False
-2.17771,False
-2.3004544,False
-1.7662764,False
-1.4889307,False
-2.1895068,False
-2.125358,False
-2.1760333,False
-2.4861035,False
-2.9300132,False
-2.9446812,False
-2.2967982,False
-2.2457829,False
-2.54836,False
-3.3079607,False
-3.1287808,False
-2.4055889,False
-1.8407682,False
-1.6908017,False
-2.0590737,False
-3.1400552,False
-3.4432297,False
-3.049895,False
-3.0654666,False
-2.5021462,False
-2.2894561,False
-2.6996882,False
-3.1174715,False
-3.0316393,False
-2.7880323,False
-2.45402,False
-2.2887151,False
-2.6701255,False
-2.5584192,False
-2.9139569,False
-2.9995275,False
-3.127066,False
-3.1999502,False
-2.83342,False
-2.284179,False
-2.2019875,False
-1.8492297,False
-1.9698025,False
-2.557597,False
-2.5461345,False
-2.2550502,False
-1.9163003,False
-2.3873343,False
-2.876639,False
-3.0572324,False
-2.8517113,False
-2.5791793,False
-2.088481,False
-2.2352023,False
-2.3732507,False
-2.3989708,False
-2.550094,False
-2.3428657,False
-2.5306287,False
-2.1103687,False
-2.055285,False
-1.795091,False
-2.1573267,False
-2.6393259,False
-2.524651,False
-2.2149959,False
-2.53056,False
-2.5526443,False
-2.4717314,False
-2.0102654,False
-2.3825126,False
-2.6264672,False
-2.458048,False
-2.4309025,False
-2.4434533,False
-2.5096061,False
-2.247309,False
-2.1833928,False
-2.4700863,False
-2.3307226,False
-3.1975658,False
-3.2483926,False
-3.7402873,False
-3.7525759,False
-4.09984,False
-3.6129794,False
-3.9626138,False
-4.2930536,False
-3.5307295,False
-3.4568439,False
-3.0984397,False
-3.1408148,False
-3.4372802,False
-3.2449496,False
-3.2993479,False
-3.232863,False
-3.1275089,False
-2.5891063,False
-2.4902294,False
-2.1855075,False
-2.3748984,False
-2.3379772,False
-2.6211762,False
-2.3288856,False
-2.020436,False
-2.051082,False
-2.0888917,False
-2.3878396,False
-2.2880182,False
-2.1957006,False
-1.7824091,False
-2.1302922,False
-2.004125,False
-1.8363768,False
-2.07949,False
-2.1487138,False
-2.321345,False
-2.293945,False
-2.0866132,False
-2.007569,False
-1.7886598,False
-1.9353172,False
-2.2099469,False
-2.731581,False
-3.038317,False
-3.2419956,False
-2.2410102,False
-2.4047067,False
-1.9285125,False
-2.0369222,False
-2.190478,False
-2.5474944,False
-2.8581457,False
-3.2381127,False
-3.6985312,False
-3.8632388,False
-4.192651,False
-3.8754146,False
-3.6903667,False
-3.7706048,False
-4.1159587,False
-3.8786435,False
-3.7906504,False
-3.8889034,False
-4.0579705,False
-4.252657,False
-4.4556017,False
-4.3307996,False
-3.8151712,False
-3.0567234,False
-2.9105015,False
-3.0504084,False
-3.3357139,False
-3.567751,False
-3.6858525,False
-3.854189,False
-3.679025,False
-3.6325347,False
-3.371158,False
-3.3373015,False
-3.9781492,False
-3.912678,False
-3.415042,False
-3.1086407,False
-2.9905686,False
-2.77944,False
-2.6846614,False
-2.9395688,False
-2.6713145,False
-2.9703743,False
-2.7581618,False
-2.3477175,False
-2.6332467,False
-2.4231088,False
-2.451244,False
-3.7287943,False
-3.1045132,False
-2.539285,False
-2.8803942,False
-2.941447,False
-3.0128424,False
-3.2863538,False
-3.0137522,False
-2.5549746,False
-2.846918,False
-3.0166087,False
-3.074347,False
-2.455246,False
-2.8279345,False
-3.0059955,False
-3.3609276,False
-2.5855036,False
-2.3667128,False
-2.677759,False
-2.4010177,False
-2.4466913,False
-2.2636364,False
-2.3012784,False
-2.2575834,False
-2.4016767,False
-2.6468925,False
-2.3373694,False
-2.224728,False
-2.319686,False
-2.840207,False
-2.9693267,False
-3.194132,False
-2.4866338,False
-2.508607,False
-2.857196,False
-3.219848,False
-3.2227793,False
-3.0260282,False
-2.5818522,False
-2.4473393,False
-1.9330548,False
-2.2728732,False
-2.242227,False
-2.2371233,False
-2.61387,False
-2.2067702,False
-2.3238823,False
-2.6471455,False
-2.7643254,False
-3.166895,False
-2.8445334,False
-2.456004,False
-2.3265727,False
-2.4276118,False
-2.7649293,False
-2.8154852,False
-2.212438,False
-2.35741,False
-2.2334278,False
-2.7144532,False
-2.6753263,False
-2.9681423,False
-2.3027365,False
-2.6885262,False
-2.6510048,False
-4.0056877,False
-4.32922,False
-3.8790083,False
-3.460317,False
-3.0086281,False
-3.171189,False
-2.6572583,False
-2.4709132,False
-3.3579235,False
-3.5149124,False
-3.1685631,False
-3.0485137,False
-3.526613,False
-3.1849556,False
-2.9750025,False
-3.2880278,False
-3.5068698,False
-3.2945902,False
-2.7450857,False
-3.588913,False
-3.4524043,False
-3.2091506,False
-3.3661497,False
-2.9142041,False
-2.6693187,False
-3.0109103,False
-3.3184924,False
-3.42864,False
-3.41199,False
-3.060243,False
-3.35839,False
-2.801273,False
-3.3900592,False
-3.2235718,False
-3.502255,False
-3.2329376,False
-3.172338,False
-3.4330125,False
-3.2406347,False
-2.8347418,False
-2.6258912,False
-2.777367,False
-2.9481668,False
-3.429002,False
-3.2678487,False
-2.6335952,False
-2.8379765,False
-2.9705234,False
-3.162264,False
-3.0702014,False
-3.6274016,False
-3.7037985,False
-3.3707821,False
-3.5885541,False
-3.5402544,False
-3.6923273,False
-3.445977,False
-3.006788,False
-2.9943476,False
-2.5302963,False
-3.1961215,False
-3.2654006,False
-3.3408048,False
-3.3403897,False
-3.285372,False
-3.2452734,False
-2.8056777,False
-2.7181115,False
-2.9507773,False
-3.1789513,False
-3.3193684,False
-3.130848,False
-3.21239,False
-3.2907796,False
-3.1212907,False
-3.4237256,False
-3.5907977,False
-3.5697901,False
-3.260975,False
-3.195898,False
-3.380862,False
-3.840741,False
-3.3022432,False
-3.3393633,False
-3.6349006,False
-3.9336483,False
-3.49659,False
-3.5637136,False
-3.2114046,False
-3.16159,False
-3.2902331,False
-3.532432,False
-3.3210838,False
-3.5423381,False
-3.5093465,False
-3.489946,False
-3.892786,False
-3.7948077,False
-3.1443079,False
-2.6722498,False
-3.3240762,False
-3.6426363,False
-3.75319,False
-3.4521692,False
-3.6868842,False
-3.4271166,False
-3.8185658,False
-3.4436278,False
-3.1865983,False
-3.021528,False
-2.8539314,False
-3.1959863,False
-3.4063451,False
-4.1011972,False
-4.2642813,False
-3.4185114,False
-3.1510541,False
-3.3519557,False
-3.9217675,False
-3.9803827,False
-4.384856,False
-3.467229,False
-3.0074763,False
-3.5568457,False
-3.6181629,False
-4.0809712,False
-3.798932,False
-3.1360662,False
-2.9566612,False
-3.1747143,False
-3.9790187,False
-3.8729491,False
-4.2211967,False
-3.2778203,False
-3.7445686,False
-3.2747912,False
-3.6495187,False
-3.46513,False
-3.8376133,False
-3.5172758,False
-3.2413735,False
-3.900446,False
-4.116449,False
-4.284675,False
-3.6837401,False
-3.134513,False
-3.4399006,False
-3.1332705,False
-3.3212314,False
-3.5148427,False
-3.8679416,False
-3.7272382,False
-3.619972,False
-3.853574,False
-3.2546587,False
-2.8039987,True
-3.275576,True
-3.0228765,True
-2.9518592,True
-3.3540318,True
-3.377773,True
-3.7408178,True
-3.152559,True
-2.9719114,True
-1.759638,True
-2.0088518,True
-2.2600307,True
-2.352813,True
-2.7842436,True
-3.218749,True
-2.9284928,True
-2.804501,True
-2.930432,True
-2.8218343,True
-2.767049,True
-3.6043036,True
-3.5138512,True
-3.4571478,True
-3.0020156,True
-3.0833526,True
-3.1827035,True
-3.1984332,True
-3.0622156,True
-2.9523513,True
-3.088151,True
-3.171677,True
-3.0290577,False
-2.684051,False
-2.5889974,False
-2.4660115,False
-2.7388754,False
-1.6375409,True
-2.3529983,True
-2.7628384,True
-2.7480276,True
-2.6481566,True
-2.7099934,True
-3.0877988,True
-3.433314,True
-3.1787076,True
-3.4941957,True
-3.1111407,True
-3.157475,True
-3.2405083,False
-3.1896212,False
-3.0684066,False
-3.5593998,False
-3.4038708,False
-3.1748238,False
-3.2553706,False
-3.1290147,False
-3.608073,False
-3.5961246,False
-4.215094,False
-3.57934,False
-3.2867548,False
-3.3145497,False
-3.1705372,False
-3.6124475,False
-3.6058075,False
-3.364318,False
-3.2579417,False
-4.095971,False
-3.8286984,False
-3.6529336,False
-3.5321133,False
-4.001217,False
-3.882434,False
-3.648349,False
-3.5146034,False
-3.6446772,False
-3.816233,False
-4.077924,False
-3.5327144,False
-3.852943,False
-3.471696,False
-3.7356129,False
-3.6791008,False
-3.6561606,False
-3.349926,False
-3.1618984,False
-3.4732552,False
-3.666178,False
-3.519486,False
-3.2329504,False
-3.0786386,False
-2.892943,False
-3.4079802,False
-3.3629124,False
-3.1332746,False
-3.1659243,False
-3.5356483,False
-3.4062183,False
-3.151361,False
-3.387913,False
-3.1901267,False
-3.408406,False
-3.476313,False
-3.4731653,False
-3.3255951,False
-3.1879056,False
-3.6912398,False
-3.160984,False
-3.6736293,False
-3.878205,False
-3.5773678,False
-3.6076305,False
-3.3866389,False
-3.8309734,False
-4.1624827,False
-3.9230716,False
-3.8624601,False
-3.8500996,False
-3.7487671,False
-3.6248288,False
-3.8874562,False
-3.7622287,False
-4.450785,False
-4.1875577,False
-3.416272,False
-3.53489,False
-3.58435,False
-3.6208546,False
-3.4988592,False
-2.8927684,False
-2.8586326,False
-3.212572,False
-3.8977227,False
-3.1424134,False
-2.6564724,False
-2.4244044,False
-2.6299863,False
-3.386414,False
-3.2118974,False
-3.0599685,False
-3.7392485,False
-3.5972068,False
-3.8043327,False
-3.3669803,False
-2.4786048,False
-2.694489,False
-2.7396626,False
-2.827023,False
-2.5842478,False
-2.7660162,False
-2.9020395,False
-3.270174,False
-3.5783055,False
-3.730227,False
-3.3484395,False
-3.145837,False
-3.5970852,False
-3.3280332,False
-3.404575,False
-3.6092038,False
-3.6693468,False
-3.6464934,False
-3.559361,False
-3.3140225,False
-2.8775754,False
-2.9795635,False
-3.1469886,False
-3.3309658,False
-2.821715,False
-3.081817,False
-3.280344,False
-3.8183053,False
-4.1254144,False
-1.8601174,False
-2.1575825,False
-2.0159245,False
-2.1977732,False
-2.3231392,False
-2.5329418,False
-2.6666017,False
-2.4851794,False
-2.7341006,False
-2.949616,False
-2.6346052,False
-2.4418807,False
-2.35182,False
-2.3001254,False
-2.3694506,False
-1.9864517,False
-2.2002926,False
-2.1299205,False
-2.431844,False
-1.1303291,False
-2.2162626,False
-1.9195877,False
-2.248424,False
-2.3198166,False
-2.513914,False
-2.179177,False
-2.3600886,False
-2.628201,False
-3.0081432,False
-3.0236228,False
-3.3691516,False
-2.872149,False
-2.939546,False
-2.743224,False
-2.702806,False
-2.7973258,False
-2.7132118,False
-2.6373382,False
-2.5258636,False
-2.5337427,False
-2.4641085,False
-2.8740556,False
-3.0628393,False
-3.3452747,False
-2.9966633,False
-3.1749039,False
-2.7996542,False
-2.7956426,False
-2.744076,False
-3.0948265,False
-3.0355763,False
-3.1101704,False
-3.3905911,False
-3.538374,False
-3.5521345,False
-2.992234,False
-2.7241187,False
-2.5577238,False
-2.4820604,False
-2.485081,False
-2.617909,False
-2.692053,False
-2.7618365,False
-2.8659267,False
-2.837864,False
-2.5302029,False
-2.5983763,False
-2.9507651,False
-3.0683465,False
-3.2264066,False
-2.8896766,False
-2.9950435,False
-3.0027666,False
-3.0273237,False
-2.8884983,False
-3.085557,False
-3.3153348,False
-3.2527618,False
-3.3250737,False
-2.9847946,False
-2.9471416,False
-2.831121,False
-2.8717637,False
-3.0440817,False
-2.8607073,False
-2.68978,False
-2.496931,False
-2.9880855,False
-2.9076579,False
-3.1236422,False
-2.9326775,False
-2.862741,False
-2.664283,False
-2.6748824,False
-2.453678,False
-2.8789356,False
-2.8157475,False
-2.9818897,False
-3.0811887,False
-2.7614625,False
-2.8266757,False
-3.147715,False
-2.9769526,False
-2.891201,False
-2.5139453,False
-2.6458964,False
-2.633329,False
-3.1216693,False
-2.9285922,False
-3.1515582,False
-2.4172812,False
-2.292561,False
-2.2574375,False
-2.1934447,False
-2.4262397,False
-2.3554583,False
-2.9014735,False
-3.1053026,False
-3.1387374,False
-3.1738415,False
-3.0695317,False
-2.834035,False
-2.879916,False
-2.7781901,False
-2.563575,False
-2.650445,False
-3.0968246,False
-3.079116,False
-3.3030355,False
-3.4402685,False
-3.387275,False
-2.926219,False
-3.1314034,False
-3.4570642,False
-3.2416568,False
-3.08618,False
-3.1514463,False
-3.235458,False
-3.0277934,False
-3.0256627,False
-2.8219779,False
-2.815638,False
-2.9502587,False
-3.1462014,False
-3.1664412,False
-2.8639426,False
-2.6622577,False
-2.7564857,False
-2.6987007,False
-2.9332917,False
-2.7303092,False
-2.7023487,False
-2.7378182,False
-2.5291538,False
-2.6076117,False
-2.5640965,False
-2.7652626,False
-2.6767335,False
-2.9279418,False
-2.9051092,False
-3.0116804,False
-2.7444134,False
-2.4521224,False
-2.5961738,False
-2.5542219,False
-2.630145,False
-2.4471312,False
-2.5547822,False
-2.8395064,False
-2.6994123,False
-2.746051,False
-2.867599,False
-2.909924,False
-3.2162368,False
-3.2851505,False
-3.130311,False
-2.8427835,False
-3.0400722,False
-2.9450166,False
-2.773908,False
-2.547685,False
-2.4758677,False
-2.4316132,False
-2.5954363,False
-2.408038,False
-2.610878,False
-2.7426841,False
-2.876346,False
-2.5854685,False
-2.425761,False
-2.1842325,False
-2.3788474,False
-2.6830933,False
-2.7566257,False
-2.463691,False
-2.2351134,False
-1.8224455,False
-2.0682986,False
-2.019154,False
-2.3916175,False
-2.2790742,False
-2.4475317,False
-2.6010737,False
-2.5389073,False
-2.1767473,False
-2.435698,False
-2.5637002,False
-3.0063226,False
-2.8655367,False
-3.115888,False
-2.7994606,False
-2.753265,False
-2.7456937,False
-3.3016262,False
-2.906352,False
-3.363043,False
-3.121785,False
-3.238873,False
-3.0700989,False
-3.0092936,False
-2.7674665,False
-2.9297023,False
-3.0203507,False
-2.9566517,False
-3.036821,False
-2.935789,False
-2.5809145,False
-3.017047,False
-2.8554637,False
-2.986366,False
-3.1439407,False
-3.0339913,False
-2.9692535,False
-2.867178,False
-2.922798,False
-2.7425559,False
-2.815451,False
-2.6594188,False
-2.5586913,False
-2.7299976,False
-2.759533,False
-2.857089,False
-2.7739549,False
-2.8352697,False
-2.8633797,False
-2.672368,False
-2.4933856,False
-2.709344,False
-2.8968596,False
-2.944807,False
-2.8210392,False
-3.1824815,False
-3.1456156,False
-2.8264902,False
-2.3728402,False
-2.2937422,False
-2.4126215,False
-2.7951243,False
-2.2547395,False
-2.2681854,False
-2.2465723,False
-2.6278086,False
-3.0558894,False
-3.0915842,False
-3.3005764,False
-2.8181849,False
-3.0396886,False
-3.0892065,False
-3.1821835,False
-3.124257,False
-3.1911774,False
-3.187372,False
-3.2746966,False
-2.9759178,False
-2.8831291,False
-3.0051825,False
-3.093788,False
-3.1357052,False
-2.9576683,False
-2.883883,False
-2.6766086,False
-2.9253857,False
-2.6831775,False
-2.5335705,False
-2.2901287,False
-2.2834623,False
-2.7541082,False
-2.8566773,False
-3.0784936,False
-2.7272506,False
-2.6006522,False
-2.5691824,False
-2.629281,False
-2.8413386,False
-2.6740386,False
-2.6564188,False
-2.5396225,False
-2.763444,False
-2.3559048,False
-2.7752,False
-2.8088741,False
-2.7439177,False
-2.8773227,False
-3.2093928,False
-3.2077878,False
-3.0102649,False
-2.4597194,False
-3.0555763,False
-2.790686,False
-2.6119914,False
-2.5464206,False
-3.1463199,False
-3.0073218,False
-3.0969944,False
-2.9502068,False
-2.8913774,False
-2.8493652,False
-2.9692209,False
-3.0582016,False
-3.229243,False
-3.2530973,False
-3.256493,False
-3.4334376,False
-3.1538196,False
-3.0989876,False
-2.9691577,False
-2.8784385,False
-2.9070334,False
-3.1260865,False
-3.0326188,False
-2.9391108,False
-2.9829721,False
-3.143782,False
-2.6713362,False
-2.7134893,False
-2.582038,False
-2.8162916,False
-2.8521466,False
-3.3633895,False
-3.0786328,False
-3.0273402,False
-3.183473,False
-3.188562,False
-3.1463046,False
-3.434906,False
-3.1044998,False
-2.8586004,False
-2.5779521,False
-2.8288767,False
-2.8322442,False
-3.1539905,False
-3.1650186,False
-3.1214347,False
-2.7082584,False
-2.8912697,False
-2.8732905,False
-2.9457593,False
-3.0535743,False
-3.216423,False
-3.2567377,False
-3.1250646,False
-3.2369902,False
-3.2702768,False
-3.3382313,False
-3.2293937,False
-3.0489764,False
-3.086758,False
-2.1596346,False
-2.1921313,False
-2.1977472,False
-2.4035935,False
-2.7215343,False
-2.6910396,False
-2.6975873,False
-2.8750408,False
-2.1883464,False
-2.208736,False
-2.2936556,False
-2.1961017,False
-2.4421322,False
-2.8802948,False
-2.754023,False
-3.1353786,False
-3.0768578,False
-2.948944,False
-2.6512337,False
-2.7249858,False
-2.7683733,False
-2.8950505,False
-2.7066681,False
-2.3011749,False
-2.0696568,False
-1.901388,False
-1.9910048,False
-2.4742758,False
-2.5600011,False
-2.4717677,False
-2.5015438,False
-3.078773,False
-2.764236,False
-2.524953,False
-2.3939674,False
-2.5595465,False
-2.7735465,False
-2.8881278,False
-2.79693,False
-2.7062452,False
-2.5471103,True
-3.0619476,True
-2.630874,True
-2.8213027,True
-2.4282122,True
-2.4002075,True
-2.7202947,True
-2.4490302,True
-2.8446248,True
-2.6266534,True
-2.4858472,True
-2.6017525,True
-2.8241587,True
-2.9161496,True
-2.8758068,True
-2.820544,True
-2.690584,True
-2.17628,True
-2.3449779,True
-1.9655402,True
-2.0831337,True
-1.9954967,True
-2.3337927,True
-3.0292444,True
-2.6151035,True
-2.9582782,True
-2.354805,True
-1.2456706,True
-1.4598554,True
-2.1459908,True
-1.5823532,True
-1.9158751,True
-1.9267209,True
-1.9748921,True
-1.7625777,True
-1.5783387,True
-2.0356488,True
-1.875774,True
-1.9710455,True
-2.201471,True
-1.9595238,True
-1.2435281,True
-1.063362,True
-1.0401852,True
-1.9565092,True
-2.2413433,True
-2.43061,True
-2.381449,True
-2.1694536,True
-1.7159209,True
-1.5494443,True
-1.1693245,True
-1.756035,True
-2.3632448,True
-2.5177982,True
-2.875802,True
-1.3737789,True
-1.6740899,True
-2.4745529,True
-2.6123664,True
-2.6907654,True
-2.3737643,True
-2.029243,True
-2.0872943,True
-2.1245904,True
-2.4613905,True
-2.0296917,True
-2.0302386,True
-2.2636592,True
-2.7609832,True
-2.8386517,True
-2.8086388,True
-2.7097774,True
-2.5012078,True
-2.501431,True
-2.2462442,True
-1.522732,True
-1.568509,True
-1.9799738,True
-2.6043074,True
-2.1613624,True
-2.0020444,True
-1.9469577,True
-2.3587441,True
-2.4241157,True
-2.8011765,True
-2.596193,True
-2.4238212,True
-2.6593726,True
-2.0221653,True
-2.3427334,True
-1.6697865,True
-1.9271821,True
-1.0973942,True
-0.74587405,True
-0.05407978,True
-1.3127998,True
-1.6677109,True
-0.100020036,True
-0.16061126,True
-0.012762796,True
-1.2772462,True
-1.4767917,True
-1.3348333,True
-1.7164098,True
-0.9256037,True
-0.4944559,True
-0.7654623,True
-1.4437594,True
-1.1527699,True
-1.6381522,True
-1.9001254,True
-2.0137963,True
-1.9193771,True
-1.0543733,True
-0.6741968,True
-0.4892222,True
-1.4268891,True
-1.1386805,True
0.047387455,True
1.1064794,True
0.82021004,True
-1.0859698,True
0.3858252,True
-0.7365999,True
0.008005582,True
-0.9744459,True
-2.134876,True
-2.524589,True
-2.218809,True
-1.9881575,True
-2.0424774,True
-0.85058796,True
-1.0540625,True
-1.2114795,True
-2.6428342,True
-1.0377283,True
-1.2611386,True
-1.182234,True
-1.6686728,True
-1.6291307,True
-0.8709472,True
-1.1399243,True
-1.2077142,True
-2.2432387,True
-0.98566,True
-1.683422,True
-2.3088484,True
-1.6981127,True
-2.2578595,True
-2.0826468,True
-1.9264853,True
-1.9942132,True
-1.9064496,True
-1.9294053,True
-1.2486019,True
-0.59106797,True
-0.9391209,True
-0.58481354,True
-2.697327,True
-2.2471697,True
-1.93393,True
-1.6849412,True
-2.2431724,True
-1.6809473,True
-2.0230033,True
-1.8277311,True
-2.7030113,True
-2.107844,True
-2.6506023,True
-2.3187509,True
-1.9569671,True
-1.2409779,True
0.09485641,True
-0.40734214,True
-0.8797677,True
-0.89632946,True
-2.1692393,True
-1.7754025,True
-2.286621,True
-2.4954355,True
-2.878999,True
-2.1860964,True
-1.7093774,True
-1.8852615,True
-2.0239553,True
-1.3021325,True
0.047915388,True
0.4949188,True
0.42075112,True
0.56561464,True
0.45100972,True
0.19655335,True
-0.9553218,True
-1.0596606,True
-1.4157708,True
-1.3298519,True
-1.8940651,True
-2.6283386,True
-2.5736575,True
-2.4164577,True
-1.9906312,True
-2.3073342,True
-2.4185574,True
-1.50107,True
-1.2261409,True
-1.0034189,True
-1.059715,True
-1.8832717,True
-0.62628573,True
-0.94448006,True
0.5635573,True
0.39609846,True
-0.98200333,True
-1.9350754,True
-2.5171678,True
-2.4398441,True
-2.1242218,True
0.30435887,True
1.5543698,True
1.3971341,True
1.1339122,True
0.63245255,True
-0.26102307,True
-0.06954372,True
-0.5015402,True
-0.6590102,True
-0.2673965,True
-0.5883606,True
0.109150976,True
-0.19871673,True
0.19005959,True
0.5859445,True
0.3965126,True
-0.57587117,True
-1.2948343,True
-2.0348094,True
-2.3152807,True
-2.9800239,True
-2.8540165,True
-2.664031,True
-2.5074308,True
-2.7427046,True
-2.4893277,True
-1.9766775,True
-1.870134,True
-0.30462876,True
0.4723486,True
1.6114341,True
1.666666,True
1.1382444,True
0.0772789,True
0.11833201,True
0.4963511,True
1.4450415,True
1.2467794,True
1.1023331,True
1.0250081,True
1.0295852,True
0.7646558,True
0.54213,True
0.21005832,True
-1.1645397,True
-1.4151425,True
-0.50024337,True
-0.019214716,True
0.70126116,True
1.0310808,True
0.13153459,True
0.10765596,True
-0.25861236,True
0.83952326,True
0.9462901,True
1.4051274,True
0.6775036,True
0.15420967,True
0.73214984,True
0.37198144,True
1.2667776,True
1.108511,True
1.1164266,True
0.70876867,True
1.1309788,True
-1.0211214,True
-0.14036275,True
-0.3190409,True
0.18884593,True
-0.8586586,True
-1.2046994,True
-1.903672,True
-1.9046617,True
-2.8978243,True
-2.9132297,True
-3.0019333,True
-3.3060217,True
0.4038097,True
0.7434487,True
0.91924256,True
-0.035796843,True
0.8571505,True
1.0184807,True
1.2019342,True
0.9171904,True
0.5487195,True
0.83783144,True
0.71220374,True
0.68560314,True
-3.7731843,False
-3.2131093,False
-3.823214,False
-3.668718,False
-3.491088,False
-3.4719505,False
-3.5186212,False
-3.908044,False
-3.9369583,False
-3.3979328,False
-3.484344,False
-3.6804159,False
-3.641466,False
-3.1061828,False
-2.776789,False
-2.9356878,False
-2.4201047,False
-2.5490396,False
-2.1832836,False
-2.602867,False
-3.252872,False
-3.333479,False
-2.596229,False
-3.0533886,False
-2.936663,False
-3.0320928,False
-2.8941417,False
-2.8932889,False
-2.9785943,False
-2.9839141,False
-3.0799105,False
-3.5317457,False
-2.8953686,False
-2.5187507,False
-2.0067716,False
-2.8197334,False
-3.1063156,False
-2.967438,False
-2.9859822,False
-2.7605402,False
-3.1392195,False
-3.2779193,False
-3.0659883,False
-3.0164459,False
-3.1749368,False
-3.4034271,False
-3.5883505,False
-3.6315455,False
-3.6466987,False
-3.719163,False
-3.370989,False
-3.374465,False
-3.534257,False
-3.069541,False
-3.3673396,False
-3.5478315,False
-3.948548,False
-3.5866718,False
-3.1977556,False
-3.5118148,False
-3.2868297,False
-3.439359,False
-2.902047,False
-2.9234595,False
-2.4765673,False
-2.5690203,False
-2.3087802,False
-2.2872095,False
-2.4298587,False
-2.330416,False
-2.431346,False
-2.9758842,False
-2.556835,False
-2.2006233,False
-2.770585,False
-3.2400744,False
-3.551181,False
-2.6239927,False
-2.612718,False
-2.253618,False
-3.180918,False
-2.5748801,True
-1.4713315,True
-2.9340286,False
-2.493496,False
0.016132675,True
-0.26929063,True
-3.3341265,True
-2.7266517,True
-2.8739924,True
-2.8124223,True
-2.906417,True
-2.9525619,True
-2.3309093,True
-1.1999075,True
-1.7504567,True
-3.1731038,True
-2.9005265,True
-2.4533513,True
-2.1334248,True
-2.726276,True
-3.1718493,True
-3.36379,True
-3.2351446,True
-3.461649,True
-3.4144092,True
-3.4352772,True
-3.1137779,True
-2.7278032,False
-3.2782307,False
-2.78285,False
-2.890243,False
-2.5868473,False
-3.150096,False
-3.112202,False
-3.619687,False
-2.6646655,False
-3.138945,False
-2.86785,False
-2.515306,False
-3.8896635,False
-3.1793451,False
-3.2451448,False
-3.5210495,False
-3.4149725,False
-2.9811826,False
-3.426776,False
-3.2299576,False
-3.2679143,False
-2.8733885,False
-3.0436168,False
-2.7428195,False
-3.1694696,False
-3.4381154,False
-3.1241696,False
-2.8198411,False
-2.993642,False
-3.0200686,False
-2.632635,False
-2.879985,False
-2.7801557,False
-2.91991,False
-2.8679202,False
-2.6500518,False
-3.1723669,False
-3.0107088,False
-2.4812973,False
-2.4453716,False
-2.654484,False
-2.7710865,False
-2.440877,False
-2.6177104,False
-2.7569451,False
-3.2634895,False
-3.1513493,False
-3.063806,False
-3.0833619,False
-2.9640307,False
-3.2817426,False
-2.8935883,False
-2.7131093,False
-2.6381814,False
-2.5825555,False
-2.8344827,False
-2.7528324,False
-2.5344756,False
-2.376168,False
-2.5859168,False
-2.8036022,False
-2.7366753,False
-2.309653,False
-2.466681,False
-2.2270749,False
-1.6868467,False
-2.4195848,False
-2.2289853,False
-1.9218227,False
-2.1199713,False
-2.3148963,False
-2.2361932,False
-2.5620332,False
-2.11203,False
-2.065633,False
-1.6798593,False
-1.8279148,False
-2.020227,False
-1.584824,False
-2.4305148,False
-2.4291255,False
-2.4961905,False
-2.346102,False
-2.29521,False
-2.3000627,False
-2.418276,False
-2.2413807,False
-2.6375432,False
-2.1298962,False
-0.8301782,False
-1.3182447,False
-1.5678953,False
-2.358078,False
-1.7143004,False
-1.9306867,False
-1.1918087,False
-0.35684282,False
-2.0125756,False
-2.3561788,False
-1.3071648,False
-0.4846404,False
-1.9590198,False
-0.87424093,False
-1.034675,False
-1.5783007,False
-0.78375995,False
-0.68619627,False
-0.72194,False
-1.1084838,False
-1.998964,False
-2.2384562,False
-2.0277796,False
-2.2272098,False
-2.3715558,False
-2.4947214,False
-2.492669,False
-2.2814577,False
-2.3055584,False
-2.0715868,False
-2.541339,False
-2.961627,False
-2.4869413,False
-2.3930175,False
-2.3414116,False
-2.563532,False
-2.377463,False
-2.3179247,False
-2.3736815,False
-2.6112425,False
-2.5688622,False
-2.182714,False
-1.907537,False
-2.194312,False
-2.2722175,False
-2.848906,False
-2.6122632,False
-2.819761,False
-2.9504924,False
-3.0770178,False
-3.80463,False
-3.9527388,False
-4.07364,False
-4.2297564,False
-4.0874305,False
-3.8637,False
-3.7371354,False
-4.0027246,False
-3.9316773,False
-3.9515877,False
-3.8530774,False
-3.457462,False
-4.071621,False
-3.9310012,False
-3.3877482,False
-2.8459382,False
-2.6969738,False
-2.6079779,False
-2.808714,False
-2.6240058,False
-2.7641964,False
-2.1487594,False
-2.1934066,False
-2.1114666,False
-2.1221519,False
-2.4707692,False
-1.6742357,True
-2.3431132,True
-1.6915666,True
-1.9882911,True
-2.2092948,True
-0.64253247,True
-0.28012356,True
-0.6207327,True
-2.0237982,True
-2.2174551,True
-2.7966163,True
-2.6584976,True
-2.8778064,True
-2.9899752,True
-3.0958054,True
-2.9469156,True
-3.0491862,True
-3.1342528,True
-2.2977037,True
-2.2737348,True
-1.2069951,True
-1.7955914,True
-1.862454,True
-2.9036026,True
-3.0509388,True
-2.002323,True
-1.667859,True
-1.8669009,True
-2.5619895,True
-2.2579267,True
-0.6250678,True
-0.8476212,True
-0.7153364,True
-1.130506,True
-0.1723535,True
-1.4952185,True
-1.1218926,True
-1.2405815,True
-1.5703014,True
-2.059597,True
-2.884427,True
-3.3519843,True
-3.0610645,True
-2.6994011,True
-2.769918,True
-2.3760576,True
-2.3682745,True
-2.2128325,True
-1.9251133,True
-1.857243,True
-1.8638237,True
-1.9438806,True
-2.1529362,True
-1.5551984,True
-1.5598413,True
-1.6591679,True
-1.2171235,True
-1.8052766,True
-2.512916,True
-2.6885703,True
-2.3974857,True
-2.1457005,True
-1.617889,True
-2.243116,True
-2.8109095,True
-1.4721884,True
-1.4077827,True
-1.4841139,True
-2.3398128,True
-1.2328575,True
-0.33849928,True
-0.38924065,True
-0.35408217,True
0.27785742,True
-0.8867102,True
-2.0121975,True
-3.6764698,True
-3.7573493,True
-3.8123815,True
-3.0649228,True
-2.8606646,True
-2.6513386,True
-3.20616,True
-3.432599,True
-2.734299,True
-2.5603564,True
-1.4998081,True
-1.858497,True
-1.6284845,True
-1.6711453,True
-1.4982743,True
-1.8221929,True
-2.4179797,True
-1.3191527,False
-2.0062935,False
-1.9287947,False
-3.4646366,False
-3.184545,False
-2.6918702,False
-2.862033,False
-2.8140697,False
-2.8580742,False
-2.939864,False
-3.3075917,False
-3.7468204,False
-3.9651546,False
-3.5726635,False
-3.8470118,False
-4.0840616,False
-3.526372,False
-3.7648025,False
-4.049972,False
-3.742312,False
-3.7373853,False
-4.162341,False
-3.9739387,False
-3.7883558,False
-3.3136773,False
-4.3217435,False
-3.4014733,False
-3.131919,False
-3.2559621,False
-2.676302,False
-2.9032285,False
-2.950207,False
-2.880883,False
-2.612288,False
-2.5307453,False
-3.095922,False
-3.1727493,False
-3.1122875,False
-2.9600542,False
-2.7029514,False
-2.7769675,False
-2.5953376,False
-3.170291,False
-2.8269215,False
-2.790749,False
-2.8434718,False
-3.467205,False
-3.4366982,False
-3.1900752,False
-2.8082945,False
-3.474596,False
-3.7844217,False
-3.7552943,False
-3.3918786,False
-3.7856693,False
-3.4320061,False
-3.4139967,False
-2.7623484,False
-2.888354,False
-3.3426654,False
-2.9412751,False
-3.2531571,False
-2.67727,False
-3.136321,False
-3.248905,False
-2.9760728,False
-3.3506875,False
-3.2683477,False
-3.3902054,False
-2.965921,False
-3.1725435,False
-3.0208209,False
-3.0445907,False
-3.558532,False
-2.9501693,False
-3.0160484,False
-3.1305537,False
-3.361103,False
-3.2237506,False
-3.0677588,False
-3.3154402,False
-3.044681,False
-3.2795815,False
-3.1310349,False
-3.1640651,False
-2.47779,False
-2.825708,False
-3.0598695,False
-3.7004848,False
-3.07341,False
-3.2623053,False
-2.662177,False
-2.9236205,False
-3.0734525,False
-3.1561992,False
-3.1182132,False
-2.702295,False
-2.9992101,False
-3.0331557,False
-3.527693,False
-3.3230145,False
-3.5257354,False
-3.2831624,False
-3.698387,False
-3.7626207,False
-3.9024806,False
-3.6208928,False
-2.7781947,False
-2.7564263,False
-2.5412166,False
-2.5495555,False
-3.0208619,False
-3.1152282,False
-3.286081,False
-3.6021657,False
-3.7209766,False
-3.4317882,False
-2.8567913,False
-2.1073227,False
-2.6709368,False
-3.0493352,False
-2.5706093,False
-2.6890812,False
-2.3958876,False
-2.6240914,False
-2.647045,False
-2.1674354,False
-2.1830873,False
-2.7104928,False
-3.0108402,False
-3.2031455,False
-3.0714526,False
-3.1924632,False
-3.4739718,False
-2.952155,False
-2.244712,False
-2.6059718,False
-3.2265344,False
-3.2728467,False
-3.8514507,False
-4.3102007,False
-3.195488,False
-3.0018804,False
-2.7321544,False
-2.4807281,False
-2.7904398,False
-3.0494568,False
-2.9470253,False
-2.6791544,False
-2.6085098,False
-2.5642893,False
-2.5640392,False
-2.6366634,False
-2.9003954,False
-2.7794209,False
-2.8800561,False
-2.521431,False
-2.8941016,False
-2.7242482,False
-2.6825466,False
-2.9040992,False
-3.0248537,False
-2.6358073,False
-2.6098084,False
-2.5073516,False
-2.7323232,False
-2.5935202,False
-2.6315663,False
-3.0166423,False
-2.7813282,False
-2.8372567,False
-2.7477236,False
-3.2976243,False
-3.4310722,False
-3.2840047,False
-3.1794837,False
-2.925896,False
-3.0476391,False
-3.0817518,False
-3.0885246,False
-2.9261124,False
-3.0260496,False
-2.9740937,False
-2.4175441,False
-2.5531445,False
-2.6302571,False
-2.8836026,False
-2.799555,False
-2.8911803,False
-3.107258,False
-3.179656,False
-3.1077251,False
-3.2246695,False
-2.4902081,False
-2.6598084,False
-2.675917,False
-3.0134742,False
-3.0862262,False
-3.0181959,False
-2.9256139,False
-3.394709,False
-3.4633064,False
-3.3412013,False
-3.0438113,False
-2.801497,False
-2.9488702,False
-3.0125148,False
-2.999771,False
-3.1984458,False
-2.80192,False
-2.799215,False
-2.8772948,False
-2.4574692,False
-2.3787286,False
-2.052759,False
-2.2629755,False
-2.0375779,False
-2.5288997,False
-2.4770598,False
-2.7920313,False
-3.2443595,False
-3.3812363,False
-2.9798768,False
-2.842695,False
-2.788833,False
-2.5515351,False
-2.6625836,False
-2.39208,False
-2.7198906,False
-2.868601,False
-3.0947917,False
-2.6759868,False
-2.8736925,False
-2.9716609,False
-3.072801,False
-3.1557872,False
-3.0736432,False
-2.9973168,False
-3.0038867,False
-3.229469,False
-2.6647165,False
-2.528888,False
-2.8522644,False
-2.690848,False
-2.7730205,False
-2.5860512,False
-2.5877168,False
-2.543531,False
-2.850644,False
-3.1354754,False
-3.0523524,False
-3.097726,False
-3.109866,False
-3.1747239,False
-3.0088675,False
-2.967992,False
-3.2038584,False
-2.9515648,False
-2.8557115,False
-2.5138853,False
-3.0818653,False
-3.0657294,False
-2.9591396,False
-2.8826282,False
-2.7744951,False
-3.0203414,False
-2.4853096,False
-2.4253998,False
-2.2553613,False
-2.758246,False
-2.9523585,False
-2.7845354,False
-2.878991,False
-2.8992648,False
-2.0393944,False
-4.0506983,False
-3.6142907,False
-3.4440815,False
-2.6589482,False
-2.7485864,False
-2.8629942,False
-3.6121953,False
-3.3247352,False
-2.9988844,False
-2.835297,False
-3.861632,False
-3.4289691,False
-2.8363857,False
-3.294839,False
-3.6354623,False
-3.033582,False
-3.3453662,False
-2.7469602,False
-2.63788,False
-3.2074344,False
-3.1972256,False
-3.2542503,False
-3.3986459,False
-3.858281,False
-4.116448,False
-3.1090171,False
-3.0732477,False
-3.2617445,False
-4.405276,False
-3.9526803,False
-4.2611656,False
-3.5643747,False
-4.591902,False
-4.202124,False
-3.4347131,False
-4.004481,False
-3.6088483,False
-3.5632145,False
-3.9416344,False
-3.7547405,False
-3.955093,False
-3.2462707,False
-3.2593238,False
-2.918818,False
-3.1969213,False
-3.1231546,False
-3.522176,False
-4.023149,False
-4.3252416,False
-4.647185,False
-2.8336391,False
-3.3121507,False
-2.8875444,False
-2.580612,False
-2.1163783,False
-2.0352783,False
-2.2917495,False
-2.1221607,False
-2.4991732,False
-3.2457445,False
-3.1410482,False
-2.6997309,False
-2.976155,False
-2.7242472,False
-2.019387,False
-2.1673462,False
-2.5008795,False
-2.8079355,False
-2.4796736,False
-2.5007937,False
-2.6807292,False
-2.674697,False
-2.8623626,False
-2.8482082,False
-2.8774242,False
-2.774316,False
-2.7128417,False
-2.8108463,False
-3.0019338,False
-3.2087445,False
-2.8861122,False
-3.1912088,False
-3.4921446,False
-3.433051,False
-3.4246845,False
-3.1774414,False
-2.7926598,False
-3.108476,False
-3.2552123,False
-3.0672517,False
-3.1895387,False
-2.797087,False
-3.1977792,False
-3.0152795,False
-2.7097974,True
-2.7374318,True
-1.939153,True
-1.799841,True
-1.9316746,True
-2.0737658,True
-1.8516259,True
-1.861711,True
-2.2016306,True
-2.5214112,True
-2.8932376,True
-2.5664437,False
-2.525033,False
-3.0034199,False
-3.3310924,False
-2.804275,False
-2.7164001,False
-2.4613483,False
-2.2797813,False
-2.4743955,False
-3.1666906,False
-3.2997985,False
-3.3587923,False
-3.1553829,False
-3.2514656,False
-3.2414656,False
-2.9439468,False
-2.5442398,False
-2.3489566,False
-2.9871216,False
-2.5833557,False
-2.62231,False
-2.3677344,False
-2.241057,False
-1.9713222,False
-2.4793174,False
-3.0952933,False
-3.1973693,False
-2.690794,False
-3.1294875,False
-2.7573664,False
-3.1480024,False
-2.9207401,False
-2.1452286,False
-2.6571858,False
-2.4871745,False
-3.2837038,False
-2.7321084,False
-2.7338984,False
-2.73585,False
-2.745545,False
-3.127698,False
-3.4672723,False
-3.2845008,False
-3.8400173,False
-3.3243473,False
-3.050745,False
-2.734997,False
-2.3728588,False
-2.796732,False
-2.8419535,False
-2.7150953,False
-2.6248686,False
-2.455311,False
-2.6193984,False
-2.7045083,False
-2.8700264,False
-2.8482914,False
-2.8232465,False
-2.6295335,False
-2.484876,False
-2.511469,False
-2.5348196,False
-2.321004,False
-2.665051,False
-2.6532357,False
-2.5696435,False
-2.6248796,False
-3.0138752,False
-2.9146261,False
-2.9425392,False
-2.8677156,False
-2.5326123,False
-2.0772767,False
-2.7196176,False
-2.5925896,False
-2.6006038,False
-2.7034569,False
-2.8218482,False
-2.9628863,False
-3.348907,False
-2.7649624,False
-2.7946177,False
-2.737644,False
-2.9107013,False
-2.897389,False
-2.844573,False
-2.5922492,False
-2.172221,False
-2.9473066,False
-3.1956928,False
-2.4292116,False
-2.8286445,False
-2.6431615,False
-3.043288,False
-2.7884898,False
-2.7268891,False
-2.7378829,False
-2.4597828,False
-2.6648855,False
-2.861047,False
-3.4113817,False
-3.367248,False
-2.9217467,False
-2.5089598,False
-2.329134,False
-2.2470353,False
-2.0655806,False
-2.4401307,False
-2.8443081,False
-2.7069454,False
-2.6634674,False
-2.3429894,False
-2.4180844,False
-2.4337914,False
-3.0145807,False
-3.175885,False
-3.03929,False
-2.5092049,False
-3.1237025,False
-3.4904594,False
-3.2195,False
-2.7592072,False
-2.713157,False
-2.7318559,False
-2.8539813,False
-2.3142858,False
-2.5323358,False
-2.6785562,False
-2.906151,False
-2.6855636,False
-2.584835,False
-2.1748366,False
-2.765994,False
-2.602479,False
-2.425384,False
-2.4146972,False
-2.5939457,False
-3.0512204,False
-2.6941452,False
-3.3517284,False
-2.7476883,False
-2.7739632,False
-2.6281946,False
-2.8138664,False
-3.1652205,False
-2.9643133,False
-2.9491608,False
-2.0777826,False
-2.0779622,False
-1.9551141,False
-2.2023137,False
-2.1026473,False
-2.096886,False
-2.8879077,False
-2.6971817,False
-2.4539187,False
-2.0339246,False
-2.318215,False
-2.6557817,False
-2.988392,False
-3.5015209,False
-3.5737178,False
-3.4102576,False
-2.931131,False
-2.8187985,False
-2.6224535,False
-2.7704124,False
-2.709855,False
-2.4492629,False
-2.5398448,False
-3.1487474,False
-2.9611716,False
-2.4845195,False
-2.5108726,False
-2.334865,False
-2.8589616,False
-2.8041203,False
-3.2239885,False
-3.0311775,False
-2.9791403,False
-2.5589423,False
-2.7154374,False
-2.6473374,False
-2.7995818,False
-2.8642783,False
-2.5410697,False
-2.733257,False
-2.9644542,False
-3.103217,False
-2.9124584,False
-2.662553,False
-2.9293253,False
-3.0291932,False
-2.756536,False
-2.7057495,False
-2.2162886,False
-2.7289112,False
-3.029346,False
-3.2597613,False
-2.9043891,False
-3.255156,False
-2.736745,False
-2.5140615,False
-2.37651,False
-2.6872709,False
-2.7681656,False
-2.4548194,False
-2.8478765,False
-2.6742659,False
-3.064514,False
-2.920831,False
-2.8437588,False
-2.5763452,False
-2.3316312,False
-1.4254646,False
-1.8321458,False
-2.5412369,False
-2.756364,False
-2.9201481,False
-3.1202974,False
-3.3308694,False
-3.03951,False
-2.7498744,False
-2.7693598,False
-2.9512851,False
-2.5042996,False
-3.0281668,False
-3.079192,False
-3.089634,False
-2.9641874,False
-3.3695607,False
-2.9478283,False
-1.5971342,False
-2.7146173,False
-2.501179,False
-3.0084825,False
-2.8452668,False
-2.9318707,False
-2.8135443,False
-2.6860275,False
-2.7141984,False
-3.0714886,False
-2.8880475,False
-3.2926466,False
-3.0464928,False
-2.8948274,False
-2.7857692,False
-2.9416447,False
-2.658827,False
-2.869845,False
-2.472155,False
-3.0011885,False
-2.9143252,False
-3.1168785,False
-2.8463817,False
-3.2934265,False
-2.670026,False
-1.9498023,False
-2.4990594,False
-2.5038526,False
-2.6891882,False
-2.7042177,False
-2.9082093,False
-3.1119688,False
-3.4218028,False
-3.0008554,False
-2.5954063,False
-2.600275,False
-2.7926705,False
-2.5487561,False
-2.5858989,False
-2.53409,False
-2.7421,False
-2.6120362,False
-3.0444093,False
-2.951401,False
-3.094365,False
-2.7468407,False
-2.707924,False
-2.6775534,False
-3.1114795,False
-2.8136728,False
-2.6818473,False
-2.749339,False
-3.0336797,False
-2.887218,False
-2.8778234,False
-2.724584,False
-2.3366833,False
-2.3846078,False
-2.4404929,False
-2.326624,False
-2.4601054,False
-2.1271937,False
-2.2051716,False
-2.4523811,False
-2.1044269,False
-2.0165956,False
-2.0297737,False
-2.305578,False
-2.6293402,False
-2.6032243,False
-2.2904258,False
-1.8661312,False
-1.7993728,False
-2.1714034,False
-2.5000982,False
-2.4802365,False
-2.7068768,False
-2.7463014,False
-2.6430068,False
-2.1871688,False
-1.8330257,False
-2.1491005,False
-2.0844336,False
-2.1482797,False
-1.88413,False
-2.299339,False
-2.2489624,False
-2.0693123,False
-2.2281673,False
-2.1082907,False
-2.327995,False
-1.8500444,False
-2.1647973,False
-2.449399,False
-2.0232532,False
-2.027521,False
-1.7430246,False
-1.9285051,False
-2.0175118,False
-2.2425656,False
-2.0995057,False
-2.0674233,False
-1.9491317,False
-1.6866372,False
-2.0528524,False
-1.7727178,False
-2.4735312,False
-2.1435304,False
-2.3724067,False
-2.2228236,False
-2.1467774,False
-2.2819822,False
-2.18861,False
-2.6833003,False
-2.6173444,False
-2.7528887,False
-2.5738795,False
-2.3951542,False
-2.35115,False
-2.3395658,False
-2.3931904,False
-2.3893833,False
-2.509718,False
-2.3532023,False
-2.0441644,False
-2.465448,False
-2.6854267,False
-2.7960563,False
-2.4574296,False
-2.2217267,False
-2.166099,False
-2.0844822,False
-2.0146623,False
-2.175191,False
-2.614698,False
-2.24448,False
-2.539394,False
-2.2304738,False
-2.2820327,False
-2.4856744,False
-2.3003592,False
-2.201159,False
-2.2958076,False
-2.3165636,False
-1.8358904,False
-2.0547702,False
-1.9927298,False
-1.9774376,False
-2.2151332,False
-1.9481177,False
-1.8957177,False
-1.8189903,False
-2.194492,False
-2.7267294,False
-2.5070224,False
-2.4987118,False
-1.9129459,False
-2.3564718,False
-2.7119226,False
-2.0830889,False
-1.8470503,False
-1.912804,False
-2.093071,False
-2.066936,False
-2.3478866,False
-2.3591633,False
-2.3162649,False
-2.2152424,False
-2.059012,False
-2.3756227,False
-2.640358,False
-2.4904053,False
-2.127742,False
-2.135783,False
-2.3436027,False
-2.416836,False
-2.2407815,False
-1.8877299,False
-2.3404105,False
-2.6628184,False
-2.6816955,False
-2.384592,False
-2.104657,False
-2.0372963,False
-2.197646,False
-2.8908868,False
-2.8469381,False
-2.6517398,False
-2.2831986,False
-2.2778313,False
-2.3663332,False
-2.4246354,False
-2.292725,False
-2.5193937,False
-2.2003434,False
-2.362676,False
-2.645665,False
-2.3044264,False
-2.1827796,False
-2.4582984,False
-1.9765257,False
-1.8548135,False
-2.5606725,False
-2.2483068,False
-1.8700601,False
-2.1782026,False
-2.9557934,False
-3.2039945,False
-2.8843708,False
-2.5011125,False
-2.2962742,False
-1.766721,False
-2.3926117,False
-2.6689281,False
-2.0998402,False
-1.2293007,False
-3.795216,False
-3.7897997,False
-3.5046167,False
-3.4456713,False
-3.077837,False
-3.7931504,False
-3.5820243,False
-3.3860977,False
-3.665877,False
-3.2606115,False
-3.801175,False
-3.6616716,False
-3.7070756,False
-3.9941223,False
-3.9244444,False
-3.408267,False
-3.7530472,False
-3.7927601,False
-3.8892524,False
-4.059086,False
-3.807374,False
-4.04238,False
-3.624083,False
-3.6348264,False
-3.5292733,False
-3.493534,False
-3.3417423,False
-3.4626272,False
-3.386361,False
-3.6109161,False
-3.2828882,False
-3.3558311,False
-3.7279139,False
-3.829419,False
-3.7750702,False
-3.7102644,False
-3.6771045,False
-3.7391198,False
-3.4949296,False
-4.077452,False
-3.58699,False
-3.9337075,False
-4.233327,False
-4.099697,False
-4.1433883,False
-3.5694222,False
-3.8642812,False
-3.5641174,False
-3.656126,False
-3.6211965,False
-3.9286351,False
-4.078212,False
-4.0400753,False
-3.945275,False
-3.6967611,False
-3.8189752,False
-3.4535747,False
-3.8655572,False
-3.9808238,False
-3.7325923,False
-3.8495293,False
-3.7566612,False
-4.1722026,False
-4.1072707,False
-3.8772721,False
-3.8494353,False
-3.9484954,False
-3.689278,False
-3.8752062,False
-3.6563349,False
-3.7244682,False
-3.629861,False
-4.044377,False
-3.9576948,False
-4.1370115,False
-3.6698208,False
-3.9806564,False
-4.0889316,False
-4.093804,False
-4.1720567,False
-3.941698,False
-3.9811592,False
-4.0145326,False
-3.9457743,False
-3.3908253,False
-3.1388905,False
-2.8312109,False
-3.1725912,False
-3.1921132,False
-3.383858,False
-3.3738213,False
-3.6233218,False
-3.8126194,False
-4.0865974,False
-4.2631664,False
-3.6690493,False
-3.3298264,False
-3.1775284,False
-3.4773545,False
-3.6786864,False
-3.5274668,False
-3.943992,False
-4.046134,False
-4.2006593,False
-4.3080883,False
-4.407004,False
-4.2267284,False
-3.9443886,False
-4.066423,False
-3.3427444,False
-3.4064677,False
-3.3689823,False
-4.26391,False
-4.378343,False
-4.423878,False
-4.3287454,False
-4.109639,False
-4.0095654,False
-3.9018784,False
-3.7862656,False
-3.4986966,False
-3.5749729,False
-4.001833,False
-4.4835553,False
-4.395481,False
-4.312742,False
-4.0753007,False
-3.7851276,False
-3.5304067,False
-3.111426,False
-3.0679574,False
-3.3409667,False
-3.7990043,False
-3.5756032,False
-3.673197,False
-3.594797,False
-3.9375188,False
-4.2628827,False
-4.1727996,False
-4.054496,False
-3.582897,False
-3.652787,False
-3.368121,False
-3.255916,False
-3.3937614,False
-3.6428258,False
-3.7878978,False
-3.6587348,False
-3.953784,False
-3.482585,False
-3.7801542,False
-3.6091263,False
-3.484825,False
-3.6898742,False
-3.9087307,False
-3.780659,False
-3.5663717,False
-3.6810408,False
-3.8900185,False
-3.710905,False
-3.6241493,False
-3.6983783,False
-3.5009046,False
-3.7614489,False
-3.5934558,False
-3.7382238,False
-3.5396428,False
-3.9084387,False
-3.6230774,False
-3.516405,False
-3.411547,False
-3.9321747,False
-3.8645563,False
-3.268664,False
-3.6722925,False
-3.4321804,False
-3.675626,False
-4.0850925,False
-3.798237,False
-3.867087,False
-4.1609206,False
-3.9031014,False
-3.9189517,False
-3.5092976,False
-3.618964,False
-3.5914857,False
-3.982328,False
-3.7829556,False
-3.9957957,False
-3.8882186,False
-3.9864447,False
-4.0432124,False
-3.754818,False
-3.9427981,False
-3.7091198,False
-3.7501826,False
-3.9500918,False
-3.7856984,False
-4.021573,False
-3.7714884,False
-3.9959493,False
-3.8112316,False
-4.0642776,False
-3.8059626,False
-3.9215384,False
-3.4968684,False
-3.7226284,False
-3.8073592,False
-4.001665,False
-3.939305,False
-3.997914,False
-3.8917227,False
-3.9910953,False
-3.9601011,False
-4.2138453,False
-4.011485,False
-4.124085,False
-4.1979437,False
-3.9763036,False
-4.184289,False
-3.978631,False
-4.079078,False
-3.9514318,False
-4.070702,False
-4.29399,False
-4.3216734,False
-4.605213,False
-4.0790377,False
-4.082675,False
-4.2872033,False
-4.0870533,False
-4.188533,False
-3.8815534,False
-4.2364764,False
-3.8508394,False
-4.111682,False
-3.787445,False
-4.015834,False
-4.103053,False
-4.0403996,False
-4.047347,False
-3.818554,False
-3.6537168,False
-3.6681592,False
-3.4513013,False
-3.870922,False
-4.227733,False
-4.150673,False
-4.161552,False
-4.130801,False
-4.2892447,False
-4.307687,False
-4.034475,False
-3.919652,False
-4.395505,False
-4.357043,False
-4.214815,False
-4.4075356,False
-4.107938,False
-3.9312615,False
-4.0035443,False
-3.8841584,False
-4.068737,False
-4.1606812,False
-3.944313,False
-4.082886,False
-4.429682,False
-4.168533,False
-4.0989046,False
-3.7007954,False
-3.993635,False
-3.850767,False
-4.033208,False
-4.0798874,False
-4.024344,False
-4.2603264,False
-4.0498986,False
-3.9195259,False
-3.8296077,False
-3.9615939,False
-4.3258305,False
-4.123506,False
-4.074474,False
-3.9484649,False
-4.1202073,False
-4.1784368,False
-3.881497,False
-3.796126,False
-3.7194958,False
-3.6438253,False
-3.8842459,False
-3.9203572,False
-3.9454672,False
-4.0262976,False
-3.9329913,False
-4.1332192,False
-3.6997726,False
-3.8535874,False
-3.6581044,False
-3.9112277,False
-3.9881542,False
-4.019392,False
-3.650637,False
-3.756289,False
-3.898635,False
-4.167086,False
-4.299108,False
-4.039645,False
-3.074063,False
-3.469443,False
-4.313884,False
-4.167264,False
-3.3924909,False
-3.318405,False
-3.720495,False
-3.6147108,False
-3.7821312,False
-4.014797,False
-3.9609277,False
-3.7434368,False
-3.2468128,False
-3.2559514,False
-3.3164012,False
-3.3473716,False
-3.1889281,False
-2.7528663,False
-3.1501632,False
-3.1957283,False
-3.3657877,False
-3.0353186,False
-3.4005826,False
-3.845563,False
-3.1689131,False
-3.5200567,False
-3.270188,False
-3.5152078,False
-3.3378124,False
-3.4089677,False
-3.2243168,False
-3.464463,False
-3.2709484,False
-3.4417753,False
-3.2052016,False
-3.3970633,False
-3.8031573,False
-4.1141176,False
-4.171127,False
-3.9639027,False
-3.5424075,False
-3.3106177,False
-3.02501,False
-3.146167,False
-3.3306303,False
-3.5707233,False
-3.7149255,False
-3.6408756,False
-3.4150317,False
-3.5674908,False
-3.786786,False
-3.5752866,False
-3.6381176,False
-3.5481308,False
-3.5062487,False
-3.3890038,False
-3.2267063,False
-3.3966491,False
-3.3859653,False
-3.2506678,False
-3.2945094,False
-3.2698216,False
-3.0367515,False
-3.113782,False
-3.131439,False
-3.074095,False
-2.7376587,False
-2.883632,False
-3.0952911,False
-3.411603,False
-3.2363362,False
-3.2497354,False
-2.8894048,False
-2.82491,False
-2.8676836,False
-3.351264,False
-3.9472566,False
-4.367349,False
-4.238497,False
-4.4969916,False
-3.911659,False
-3.921119,False
-3.623479,False
-3.8085284,False
-3.1305137,False
-3.397068,False
-3.1044133,False
-3.9430652,False
-3.8850617,False
-4.2957277,False
-4.4707775,False
-4.35287,False
-4.170082,False
-3.9166627,False
-3.456722,False
-3.7194295,False
-3.4069285,False
-3.4828675,False
-3.7606506,False
-3.7740645,False
-3.658618,False
-3.3535173,False
-3.6791656,False
-3.1213777,False
-4.377257,False
-4.093348,False
-4.1423273,False
-4.2724595,False
-4.002374,False
-4.1741796,False
-4.0287433,False
-4.1941175,False
-3.938823,False
-3.418492,False
-3.5774307,False
-3.4954302,False
-3.1727593,False
-3.0636675,False
-3.6262045,False
-3.6557062,False
-3.5603476,False
-3.3929205,False
-3.302005,False
-4.054137,False
-3.604287,False
-3.5558674,False
-3.7473447,False
-3.8882737,False
-3.9835446,False
-3.4341424,False
-3.3963847,False
-3.430231,False
-4.055663,False
-3.6927328,False
-3.600131,False
-3.2665322,False
-3.1787586,False
-3.808402,False
-3.8978179,False
-4.0038605,False
-4.1501703,False
-3.7259102,False
-4.157888,False
-3.8727655,False
-4.0451713,False
-3.810389,False
-3.7956316,False
-3.8874152,False
-3.7515585,False
-3.5325227,False
-3.6736348,False
-3.8495715,False
-3.8683987,False
-4.0614815,False
-3.2012415,False
-3.2396188,False
-3.212488,False
-3.2916727,False
-3.6974685,False
-3.8181372,False
-3.5060618,False
-3.7876484,False
-3.6689153,False
-3.4003868,False
-3.9169173,False
-3.731497,False
-4.1530223,False
-4.125314,False
-4.3780055,False
-3.7223766,False
-3.880157,False
-3.6489503,False
-3.5624442,False
-3.3489199,False
-3.7388046,False
-3.7632356,False
-3.7181878,False
-3.6059716,False
-3.6628058,False
-3.5568051,False
-3.5558944,False
-4.08971,False
-4.185086,False
-3.9507332,False
-3.7004218,False
-3.7627902,False
-3.6270745,False
-3.579721,False
-4.351602,False
-4.331006,False
-3.9795303,False
-3.9189951,False
-3.980429,False
-3.3075073,False
-3.5458488,False
-3.5033314,False
-3.8075,False
-3.8750203,False
-3.941121,False
-4.642957,False
-3.723174,False
-3.904753,False
-3.9374819,False
-4.0812473,False
-4.2339706,False
-4.190186,False
-4.103535,False
-4.272634,False
-4.419006,False
-4.241839,False
-4.2114806,False
-3.4954572,False
-3.8991656,False
-4.287045,False
-4.231425,False
-4.08854,False
-4.37746,False
-4.1030216,False
-4.131561,False
-4.005973,False
-4.402384,False
-4.1508117,False
-4.0835733,False
-3.5703974,False
-3.784919,False
-4.122014,False
-4.412615,False
-4.003197,False
-4.4626217,False
-4.253177,False
-4.5145545,False
-4.519384,False
-4.2498846,False
-5.0211086,False
-4.637977,False
-4.804878,False
-4.14991,False
-4.20039,False
-4.0572124,False
-4.3162475,False
-4.4355254,False
-4.8031716,False
-4.5014524,False
-4.6492867,False
-4.5218816,False
-4.575952,False
-4.0915775,False
-3.6953146,False
-4.031336,False
-4.10135,False
-4.337297,False
-3.9672077,False
-3.9929307,False
-3.6191072,False
-4.118794,False
-3.955758,False
-3.5699608,False
-3.795809,False
-3.9971566,False
-3.6796079,False
-3.7651496,False
-3.743629,False
-3.3566842,False
-3.454149,False
-3.3704646,False
-3.2608922,False
-3.4591827,False
-3.8869045,False
-3.730553,False
-3.4651775,False
-3.834596,False
-3.6582372,False
-3.7085676,False
-3.679419,False
-3.822683,False
-3.149722,False
-3.6855185,False
-3.4920287,False
-4.1478834,False
-3.8640954,False
-3.903346,False
-3.9874506,False
-3.694544,False
-3.7734034,False
-4.0404425,False
-3.9870195,False
-4.1304746,False
-3.914767,False
-3.879726,False
-3.8449852,False
-3.8942816,False
-4.022014,False
-3.9202,False
-3.9701927,False
-4.188318,False
-4.167715,False
-4.174764,False
-3.3838844,False
-3.4220726,False
-3.6170557,False
-4.369221,False
-4.579226,False
-4.7337008,False
-4.376097,False
-3.8851109,False
-4.226311,False
-4.019178,False
-4.199931,False
-3.9464502,False
-4.058431,False
-3.9640503,False
-4.3902307,False
-4.2536683,False
-4.0792856,False
-4.2610054,False
-3.77871,False
-4.004876,False
-4.283695,False
-3.8286402,False
-3.7209685,False
-3.6319232,False
-3.1041412,False
-3.1298485,False
-3.681452,False
-4.243545,False
-3.9081912,False
-3.7649546,False
-3.5556822,False
-3.9411895,False
-4.1362696,False
-3.857347,False
-3.9882822,False
-3.2044573,False
-3.1649415,False
-3.647121,False
-3.3975663,False
-3.83625,False
-3.506435,False
-3.8563242,False
-4.3084817,False
-4.19788,False
-3.8824701,False
-4.4095993,False
-4.1872773,False
-4.6504397,False
-4.421442,False
-4.4640236,False
-4.3665323,False
-4.4544134,False
-4.225146,False
-4.64598,False
-4.606357,False
-5.014085,False
-5.07513,False
-4.383289,False
-4.506053,False
-3.9492376,False
-3.9602993,False
-4.3826942,False
-4.0307083,False
-3.922998,False
-3.9339087,False
-4.228486,False
-4.3411508,False
-4.2332644,False
-3.817271,False
-3.876564,False
-3.9004202,False
-4.310182,False
-4.230377,False
-3.6363075,False
-3.7858777,False
-3.636207,False
-3.6834865,False
-3.93789,False
-4.4125714,False
-4.165931,False
-3.9204535,False
-3.6950538,False
-4.614601,False
-4.416817,False
-4.1689095,False
-3.8334,False
-3.8175597,False
-4.092557,False
-4.153451,False
-4.194946,False
-4.1895723,False
-4.118514,False
-3.836222,False
-4.0067315,False
-4.719438,False
-4.59991,False
-5.113522,False
-4.7910852,False
-4.536699,False
-3.9272008,False
-4.342433,False
-4.653841,False
-4.319807,False
-4.4300027,False
-4.428112,False
-4.581461,False
-4.598183,False
-4.7508874,False
-4.202123,False
-4.064593,False
-4.0833135,False
-3.7034805,False
-3.572492,False
-3.8721824,False
-4.5026593,False
-4.2510467,False
-4.189481,False
-4.149489,False
-3.905279,False
-3.9346051,False
-3.8608186,False
-4.0479145,False
-4.394504,False
-3.963436,False
-3.857819,False
-3.6492925,False
-4.314754,False
-4.476469,False
-4.089209,False
-4.139095,False
-4.3106,False
-4.0641427,False
-4.155347,False
-4.1866484,False
-4.1054826,False
-4.2267666,False
-4.057003,False
-4.01254,False
-4.1955423,False
-4.160911,False
-4.112644,False
-4.308928,False
-4.565565,False
-4.629643,False
-4.431538,False
-4.1656675,False
-4.273238,False
-4.482207,False
-4.5064774,False
-4.325589,False
-3.799398,False
-4.0933366,False
-4.444141,False
-4.148775,False
-3.9979048,False
-3.9364192,False
-4.0131783,False
-4.37331,False
-4.356567,False
-4.8055882,False
-4.3407435,False
-4.350188,False
-4.2015824,False
-4.20755,False
-4.176784,False
-4.289853,False
-4.7027044,False
-4.5140004,False
-4.3722715,False
-4.607613,False
-4.1294303,False
-4.1022983,False
-4.145271,False
-4.528473,False
-4.72883,False
-4.649294,False
-4.2033696,False
-3.5424547,False
-4.1440315,False
-3.8822525,False
-4.129706,False
-3.850616,False
-4.30646,False
-3.4594896,False
-3.2901309,False
-2.9371302,False
-3.247609,False
-3.850986,False
-4.154848,False
-3.9509296,False
-4.009899,False
-4.17055,False
-4.412993,False
-3.6584237,False
-3.6847277,False
-3.9912353,False
-4.359404,False
-4.358026,False
-4.2052946,False
-4.003906,False
-4.392196,False
-4.1882954,False
-4.237434,False
-4.010151,False
-4.0114346,False
-4.409983,False
-4.455382,False
-4.151267,False
-4.256329,False
-4.117815,False
-4.2376156,False
-4.088959,False
-3.7678018,False
-3.8285494,False
-3.4911425,False
-3.5239685,False
-3.8638172,False
-3.6292367,False
-3.6847444,False
-3.6960363,False
-3.8082893,False
-3.746726,False
-3.6911216,False
-3.695663,False
-3.8219912,False
-3.963507,False
-3.9913366,False
-3.7956529,False
-3.9698288,False
-3.9363906,False
-4.32522,False
-4.2426805,False
-4.2874775,False
-4.483213,False
-4.1563373,False
-4.0050645,False
-3.9865837,False
-4.222928,False
-4.0030575,False
-4.297105,False
-4.0628543,False
-3.8258739,False
-3.9934678,False
-4.8186026,False
-4.597972,False
-4.4050255,False
-3.8555613,False
-4.3831463,False
-4.253644,False
-4.4786325,False
-4.3825865,False
-4.5246696,False
-4.3587537,False
-4.508206,False
-4.1736317,False
-4.1295815,False
-4.156368,False
-4.2958775,False
-4.248235,False
-3.9201248,False
-3.9615002,False
-4.0683846,False
-3.9504213,False
-3.6863286,False
-3.6873555,False
-3.8459206,False
-4.031566,False
-4.5230584,False
-4.7316318,False
-4.647917,False
-4.255222,False
-4.2865887,False
-4.118276,False
-4.3424506,False
-4.2308564,False
-3.973664,False
-4.115317,False
-3.8584363,False
-3.7774413,False
-3.894869,False
-4.3238144,False
-3.9455502,False
-3.5814211,False
-3.5915027,False
-3.6248639,False
-3.8197596,False
-4.1884475,False
-3.8857176,False
-3.7908194,False
-4.053046,False
-4.3967714,False
-4.372843,False
-4.2358656,False
-4.0902133,False
-4.348184,False
-4.668357,False
-4.5785384,False
-4.249228,False
-3.784654,False
-3.8929505,False
-4.2293067,False
-4.663033,False
-4.69162,False
-5.004684,False
-5.147042,False
-4.717855,False
-4.3864884,False
-4.327139,False
-4.7875443,False
-4.5588584,False
-4.5988054,False
-4.5077496,False
-4.2964244,False
-4.101577,False
-3.8675673,False
-3.8797152,False
-3.7750154,False
-3.6669931,False
-3.4871614,False
-3.8942382,False
-4.1014943,False
-3.1314907,False
-3.2969184,False
-3.5902734,False
-3.5239193,False
-3.2148008,False
-3.5050635,False
-3.5548403,False
-3.4613345,False
-3.4419367,False
-3.3951898,False
-3.3930552,False
-3.1563468,False
-3.1630874,False
-3.0021024,False
-3.2090664,False
-2.8706093,False
-2.6809103,False
-3.2621489,False
-3.6289546,False
-3.1392787,False
-3.4814188,False
-3.2936454,False
-3.3974276,False
-3.5110958,False
-3.1902506,False
-3.283173,False
-3.1886334,False
-3.0816107,False
-3.2830882,False
-3.698458,False
-3.5175815,False
-3.6302772,False
-3.6398077,False
-3.6066396,False
-3.4285486,False
-3.1157413,False
-3.3908021,False
-3.3971896,False
-3.2528074,False
-3.3020177,False
-3.5180073,False
-3.3948998,False
-3.203373,False
-3.1625676,False
-3.2676187,False
-3.4262877,False
-3.4446504,False
-3.3036232,False
-3.4924672,False
-3.6807823,False
-3.658963,False
-3.5205047,False
-3.4641542,False
-2.8247595,False
-2.6825426,False
-3.2846775,False
-3.6579611,False
-3.6036072,False
-3.4613733,False
-3.5053108,False
-3.4793856,False
-3.6036606,False
-3.5229502,False
-3.32792,False
-3.4971175,False
-3.663635,False
-3.1508732,False
-3.091206,False
-3.1910887,False
-3.519522,False
-3.6355112,False
-3.2361693,False
-3.075883,False
-3.0017757,False
-2.536867,False
-2.575348,False
-2.8796558,False
-3.3644757,False
-3.2613752,False
-3.123908,False
-3.737632,False
-3.7498767,False
-3.3262887,False
-3.6172104,False
-3.307547,False
-3.6863058,False
-3.4544816,False
-3.6053348,False
-3.7997284,False
-3.6588085,False
-3.4939988,False
-3.4560847,False
-3.6115055,False
-3.588274,False
-3.5290153,False
-3.3882163,False
-3.7083385,False
-3.8009713,False
-3.8818593,False
-3.4335976,False
-3.5662792,False
-3.883408,False
-3.1103184,False
-3.3415508,False
-3.3304322,False
-3.225818,False
-3.426883,False
-3.7826552,False
-3.854239,False
-3.635252,False
-3.1167731,False
-3.2435322,False
-3.322342,False
-3.0995848,False
-3.0031838,False
-3.2404115,False
-3.278595,False
-3.3734002,False
-3.5182197,False
-3.3273892,False
-3.2789063,False
-3.1306424,False
-2.8630037,False
-3.4468434,False
-3.5718408,False
-3.5782895,False
-4.1124973,False
-4.560094,False
-4.1545415,False
-3.9949772,False
-3.6837533,False
-4.2001796,False
-4.3413963,False
-4.067867,False
-3.5253873,False
-3.287695,False
-3.4979773,False
-3.553075,False
-3.7790105,False
-3.9434566,False
-3.6853878,False
-3.7114155,False
-4.0587635,False
-3.991105,False
-3.9956136,False
-4.5306525,False
-4.3044143,False
-3.596161,False
-3.7719958,False
-4.118698,False
-4.340026,False
-3.7718344,False
-3.903654,False
-3.7661643,False
-3.978925,False
-4.6798882,False
-4.402787,False
-4.1839476,False
-3.989431,False
-3.799408,False
-3.810205,False
-3.809445,False
-4.0552154,False
-3.71611,False
-3.9042537,False
-3.2918818,False
-3.3525069,False
-3.0736308,False
-3.1354895,False
-3.4998577,False
-3.6507566,False
-3.969741,False
-3.9197946,False
-3.5716708,False
-3.4034276,False
-3.801729,False
-3.5451083,False
-3.3033907,False
-3.1765828,False
-3.2160883,False
-3.2397704,False
-3.2970812,False
-2.9091666,False
-3.47191,False
-3.6831744,False
-3.84681,False
-3.53472,False
-3.5885675,False
-3.1286943,False
-3.2714286,False
-3.1943746,False
-3.0741825,False
-2.8635406,False
-2.9336534,False
-2.8830752,False
-3.0647624,False
-3.3175387,False
-3.68037,False
-3.8682804,False
-3.433698,False
-2.7854097,False
-3.271824,False
-3.432704,False
-3.4794135,False
-3.4389071,False
-3.2734766,False
-3.097755,False
-3.3155751,False
-3.731581,False
-3.7982044,False
-3.752582,False
-3.1860912,False
-3.5989747,False
-3.8220854,False
-3.5567384,False
-3.2696655,False
-3.7859619,False
-3.7337523,False
-3.5844948,False
-3.3442779,False
-3.5361254,False
-3.669359,False
-3.7077916,False
-3.7788515,False
-3.7003117,False
-4.0746284,False
-3.8400095,False
-3.5340035,False
-3.2652576,False
-3.3321357,False
-3.402888,False
-3.133383,False
-3.0612688,False
-3.4774227,False
-4.090239,False
-4.197392,False
-4.764671,False
-4.604757,False
-4.5521593,False
-3.8547163,False
-3.9682558,False
-3.6807554,False
-3.8409526,False
-4.3176975,False
-4.8213677,False
-4.9117503,False
-4.6626663,False
-4.549496,False
-4.6346006,False
-4.40207,False
-4.298394,False
-4.5417595,False
-4.705048,False
-4.6623087,False
-4.5351057,False
-4.2752385,False
-4.438802,False
-4.8989496,False
-4.6329393,False
-4.3501143,False
-4.066784,False
-4.229228,False
-4.377058,False
-4.397844,False
-4.106169,False
-4.016257,False
-3.889037,False
-4.1684766,False
-4.0584507,False
-3.461941,False
-3.2135315,False
-3.2566884,False
-3.0020363,False
-3.1411097,False
-2.8223622,False
-2.9516551,False
-2.7496676,False
-2.8350039,False
-2.942738,False
-3.018716,False
-3.3254263,False
-3.048118,False
-2.6681073,False
-3.028238,False
-2.663798,False
-2.596932,False
-2.8998537,False
-3.115201,False
-3.250298,False
-3.0962565,False
-2.7994487,False
-2.8508883,False
-2.9272432,False
-3.0173993,False
-2.6077492,False
-2.4848762,False
-2.5505514,False
-2.8357701,False
-2.811899,False
-3.1240973,False
-3.1354544,False
-2.883485,False
-3.186882,False
-3.0135617,False
-2.9966087,False
-2.848831,False
-3.060996,False
-3.0874321,False
-3.2772477,False
-2.990113,False
-2.9634418,False
-2.9843447,False
-2.9288685,False
-2.7989616,False
-2.6030457,False
-2.7246835,False
-2.488134,False
-2.7254581,False
-2.726738,False
-2.8299117,False
-2.8046017,False
-2.948412,False
-2.7131474,False
-2.5730155,False
-2.4140513,False
-2.4692674,False
-2.6134698,False
-2.682593,False
-2.4862351,False
-2.5722818,False
-2.6231067,False
-2.7690718,False
-2.9337091,False
-3.0221128,False
-2.735971,False
-2.723832,False
-2.6283798,False
-2.575299,False
-2.9358072,False
-2.7648947,False
-2.6872544,False
-2.6809742,False
-2.7742128,False
-3.017119,False
-2.9099724,False
-3.2160046,False
-3.281204,False
-3.2845125,False
-3.1600153,False
-3.312727,False
-3.0533726,False
-2.9981802,False
-2.6120138,False
-3.0113428,False
-2.726159,False
-2.92164,False
-2.9789033,False
-3.0826457,False
-3.0182805,False
-3.121075,False
-2.9871035,False
-2.933499,False
-2.9686818,False
-2.917143,False
-3.0953991,False
-3.0622954,False
-3.0121813,False
-2.863614,False
-2.6092992,False
-2.7485652,False
-2.710144,False
-2.976738,False
-3.2142131,False
-3.128314,False
-3.0274534,False
-2.9521163,False
-3.1131723,False
-2.882771,False
-3.0168972,False
-2.8156939,False
-2.894664,False
-2.8983643,False
-3.0145607,False
-3.2382877,False
-3.1493657,False
-2.977395,False
-2.353135,False
-2.3426776,False
-2.807053,False
-3.3298564,False
-2.9274268,False
-2.815516,False
-2.731781,False
-3.1616142,False
-3.0655968,False
-3.0261219,False
-2.8999648,False
-2.9520729,False
-3.150836,False
-2.988744,False
-3.2401764,False
-3.279644,False
-3.185501,False
-3.1622946,False
-3.0464027,False
-3.222132,False
-3.292761,False
-3.189868,False
-2.959417,False
-2.9267664,False
-2.8854308,False
-2.8391125,False
-3.1138844,False
-2.8982341,False
-2.9361567,False
-2.8636677,False
-3.0642018,False
-3.3875587,False
-3.0481827,False
-2.7666237,False
-2.6821215,False
-2.9314535,False
-2.968231,False
-2.8575323,False
-2.8692508,False
-2.7014391,False
-3.2671294,False
-3.308739,False
-3.0917292,False
-2.802948,False
-2.8382084,False
-2.9165025,False
-2.8516924,False
-2.959873,False
-2.9044995,False
-3.0794585,False
-2.6814532,False
-2.6191885,False
-2.4794805,False
-2.7772863,False
-2.7949078,False
-2.8044958,False
-2.7718797,False
-2.8840077,False
-2.720282,False
-2.7663972,False
-2.7797992,False
-3.0691786,False
-3.0660686,False
-2.8847382,False
-3.0407026,False
-3.0121357,False
-3.1218626,False
-3.3085387,False
-3.3300147,False
-3.2765062,False
-3.2588446,False
-3.191984,False
-2.8336933,False
-3.0114784,False
-1.9835986,False
-2.9373302,False
-2.2565002,False
-2.4009085,False
-2.9603255,False
-3.119775,False
-2.8815374,False
-2.9151616,False
-3.240314,False
-3.0938132,False
-2.769387,False
-2.7506723,False
-2.9048092,False
-2.7487357,False
-3.5141761,False
-2.935779,False
-2.799476,False
-2.480538,False
-2.901359,False
-2.886755,False
-2.1637719,False
-2.5081232,False
-2.2127223,False
-2.9655032,False
-3.920874,False
-3.7687328,False
-3.2934217,False
-2.909377,False
-2.780561,False
-2.9416132,False
-2.915464,False
-2.510408,False
-3.026165,False
-3.3002708,False
-2.8446836,False
-2.9037232,False
-3.0320604,False
-3.5820684,False
-1.9720606,False
-1.5009305,False
-2.5214913,False
-2.8488827,False
-2.9465435,False
-2.4059155,False
-2.3221943,False
-2.367199,False
-2.950922,False
-3.054948,False
-2.759046,False
-2.5492592,False
-2.9981937,False
-2.9426308,False
-2.5155296,False
-2.3461218,False
-2.3241348,False
-2.9490645,False
-2.9300466,False
-2.9750745,False
-2.9899385,False
-3.109701,False
-2.1157143,False
-0.9872413,False
-2.2107155,False
-2.5157115,False
-2.602967,False
-2.7574477,False
-0.78891337,False
-0.6398525,False
-1.5850576,False
-2.0598397,False
-3.0826237,False
-3.889642,False
-4.311854,False
-3.8512073,False
-3.1273935,False
-2.7611842,False
-3.291636,False
-4.0353827,False
-4.126677,False
-3.7558808,False
-2.1349802,False
-3.3452084,False
-2.5874035,False
-1.9157573,False
-2.858182,False
-1.8230914,False
-2.080567,False
-1.5030268,False
-3.5787911,False
-3.7455263,False
-2.5619035,False
-2.4994268,False
-2.24425,False
-1.8604441,False
-2.524089,False
-2.513783,False
-3.0448902,False
-3.3542566,False
-2.250221,False
-0.490477,False
-0.88498724,False
-0.8626295,False
-1.9630857,False
-2.3151312,False
-2.9236374,False
-3.492426,False
-3.2135217,False
-3.2033463,False
-2.6559577,False
-2.3866713,False
-1.9293774,False
-1.979788,False
-2.0816221,False
-2.5927188,False
-3.250158,False
-3.6518586,False
-3.70695,False
-3.640889,False
-3.580134,False
-2.7468472,False
-2.6698666,False
-2.9218915,False
-3.529092,False
-3.7466416,False
-3.1327,False
-2.7151427,False
-3.2509546,False
-3.4314487,False
-3.6596534,False
-3.6117737,False
-1.9259586,False
-3.0319192,False
-2.313814,False
-3.0831146,False
-2.2895453,False
-3.3067462,False
-3.015394,False
-3.3466659,False
-2.9658868,False
-2.9870772,False
-3.057439,False
-2.4155402,False
-2.5271482,False
-2.6568213,False
-2.2151873,False
-2.7883828,False
-2.70411,False
-2.8229463,False
-3.1906896,False
-3.2169049,False
-3.1214032,False
-3.090003,False
-2.87815,False
-2.7965062,False
-3.2763252,False
-2.5436995,False
-3.0278661,False
-3.0823407,False
-4.1603208,False
-3.9445026,False
-3.3328345,False
-3.1243498,False
-3.1136284,False
-3.6234853,False
-3.0125358,False
-2.7841156,False
-3.1485188,False
-2.8496084,False
-2.6984968,False
-2.4255238,False
-2.7169466,False
-3.4429266,False
-2.804389,False
-3.025571,False
-1.7835984,False
-2.3424823,False
-2.4677618,False
-3.2518132,False
-3.242154,False
-3.12616,False
-2.9655032,False
-3.3924541,False
-3.09779,False
-3.1585543,False
-2.2267978,False
-2.927396,False
-3.0173016,False
-2.4305477,False
-1.901617,False
-1.5873516,False
-3.4028456,False
-3.380822,False
-2.9656801,False
-2.9427085,False
-2.84039,False
-3.0071099,False
-3.423972,False
-3.638671,False
-3.3253572,False
-3.584452,False
-3.269388,False
-2.9369688,False
-2.8230984,False
-3.3061042,False
-3.0691438,False
-2.8740523,False
-3.0346446,False
-2.9649518,False
-2.8507092,False
-2.8874443,False
-2.9478843,False
-3.2951853,False
-3.606861,False
-3.6664085,False
-3.403831,False
-2.8165324,False
-2.8497903,False
-2.9467375,False
-3.1870935,False
-3.4435236,False
-3.3259382,False
-3.304012,False
-3.0717978,False
-3.4334097,False
-3.9808073,False
-3.2162845,False
-3.162622,False
-3.3883238,False
-3.5236394,False
-3.507538,False
-3.0166497,False
-3.462622,False
-3.7388642,False
-4.090768,False
-3.9450972,False
-3.4645495,False
-3.0445826,False
-3.181519,False
-3.4559495,False
-3.484033,False
-3.677226,False
-3.5961132,False
-3.8524482,False
-3.3947463,False
-3.6071396,False
-3.3566422,False
-3.4886165,False
-3.3721585,False
-3.1891081,False
-2.9689932,False
-3.6014564,False
-3.2300582,False
-3.2888873,False
-2.5971785,False
-2.6298068,False
-2.895704,False
-2.966556,False
-2.8777614,False
-2.8065386,False
-2.9143758,False
-3.3123202,False
-3.4568107,False
-3.7039592,False
-3.9331381,False
-3.619557,False
-3.511752,False
-3.0833912,False
-3.467906,False
-3.2262058,False
-3.1456068,False
-3.4632745,False
-3.6977768,False
-3.8473415,False
-3.2542238,False
-3.4086187,False
-3.3047774,False
-3.553049,False
-2.887934,False
-3.8915694,False
-3.1007605,False
-3.4663498,False
-3.065518,False
-3.675207,False
-3.554815,False
-3.27833,False
-3.3210676,False
-2.9952445,False
-3.297912,False
-2.808002,False
-3.547034,False
-3.459605,False
-3.1697965,False
-2.5552816,False
-3.6596866,False
-3.5737495,False
-4.1406603,False
-3.7873387,False
-3.7241745,False
-3.4889665,False
-3.9754615,False
-3.334219,False
-3.2026696,False
-2.9745495,False
-3.562702,False
-3.9342096,False
-4.0929866,False
-3.6556087,False
-3.1660175,False
-3.2855556,False
-3.9556048,False
-4.713578,False
-4.8500752,False
-4.653653,False
-4.231102,False
-3.7924833,False
-4.2051506,False
-3.5721889,False
-3.2708397,False
-3.4304376,False
-3.7037697,False
-3.5716536,False
-3.357127,False
-3.9408832,False
-4.080189,False
-2.5749173,True
-1.1356175,True
-1.8247639,True
0.08195208,True
-0.5428319,True
0.34905377,True
-0.0021767877,True
0.8052934,True
0.6930015,True
0.57139313,True
-0.1451679,True
-0.29046932,True
0.20451953,True
1.6341583,True
1.644463,True
1.4703336,True
1.4624519,True
0.93545073,True
1.089718,True
0.77684146,True
1.1248596,True
0.6218954,True
1.4288989,True
1.187405,True
0.9873703,True
0.76279074,True
0.5723315,True
-0.39765388,True
0.10189605,True
-0.2565718,True
-0.9021254,True
-2.1201591,True
-3.1121225,True
-3.2556956,True
-3.1371245,True
-1.6257349,True
-0.3816239,True
-4.18507,False
-4.1371903,False
-3.7089763,False
-3.5079002,False
-2.9426844,False
-3.0781724,False
-2.877267,False
-3.0749204,False
-3.6491072,False
-3.6368232,False
-3.4463303,False
-2.8179488,False
-3.4307222,False
-3.750721,False
-3.5981808,False
-3.76099,False
-3.4544077,False
-3.0245852,False
-2.7958832,False
-2.8565836,False
-3.0293846,False
-3.0994241,False
-2.291954,True
-2.3055468,True
-3.2145987,True
-2.785964,True
-2.6750853,True
-2.3572283,True
-2.270772,True
-2.6311262,True
-2.144689,True
-2.6265748,True
-3.3674252,True
-2.8591175,True
-2.8341017,True
-2.4875915,True
-2.8272257,True
-2.8512037,True
-2.6662962,True
-2.5988228,True
-2.1865485,True
-0.4746203,True
-0.41148517,True
-0.8400266,True
-2.09932,True
-2.1216705,True
-1.695113,True
-1.8855296,True
-2.2106712,True
-2.9210029,True
-2.4081688,True
-1.8441662,True
-2.0969634,True
-2.3815672,True
-3.1109753,True
-2.5029244,True
-2.8036304,True
-3.2859838,True
-2.9489365,True
-1.6048416,True
-1.381972,True
-2.7584043,True
-2.366011,True
-2.2056348,True
-2.3660767,True
-2.439471,True
-2.084364,True
-2.4374235,True
-2.326733,True
-1.3126254,True
-1.7573372,True
-2.0591016,True
-2.60321,True
-0.7225037,True
-1.0492151,True
-2.827344,True
-2.0504644,True
-1.1474127,True
-0.8160514,True
-0.2905119,True
0.8472992,True
1.0229999,True
-0.7753058,True
0.13501239,True
0.4281293,True
0.07002835,True
0.6582236,True
0.45450824,True
1.0263408,True
0.40704802,True
-0.018704398,True
0.4703208,True
0.109910354,True
0.7475738,True
1.2909298,True
1.131804,True
1.2786614,True
1.7357833,True
1.8034734,True
2.0729005,True
1.0177222,True
1.1872448,True
-0.91822857,True
-1.5494888,True
-1.348106,True
-0.64643514,True
0.89003724,True
-0.1702994,True
-0.965957,True
-0.9602003,True
-2.3048413,True
-1.5671802,True
-1.4170219,True
-0.5147539,True
-0.3201156,True
-1.0723333,True
0.2663393,True
1.046666,True
-0.45350936,True
1.7307198,True
1.3776184,True
0.9251978,True
-0.7444508,True
-0.8614263,True
-1.1124052,True
0.15803447,True
0.36605653,True
-0.4214969,True
0.3952014,True
-0.0667108,True
0.7107362,True
0.90146476,True
0.45541325,True
0.17821537,True
1.4401137,True
1.2973791,True
0.37923136,True
0.040581483,True
0.53661436,True
0.808975,True
0.58705854,True
-0.34560278,True
-0.78278923,True
-1.1262808,True
0.6023091,True
1.0704181,True
0.17341553,True
0.5784548,True
0.07519977,True
-2.4632678,True
-1.415775,True
-1.8544098,True
-1.1249051,True
-1.8541185,True
-0.9065332,True
-1.4974252,True
-1.6289915,True
-1.1496565,True
-1.1220765,True
-0.98593664,True
-0.7466123,True
-1.0588883,True
-2.3507497,True
-2.9403315,True
-3.168927,True
-2.6719272,True
-1.4442061,True
-1.7817302,True
-2.0952222,True
-1.743588,True
-0.0006820522,True
-0.8175172,True
-1.2597913,True
-0.78108174,True
-0.8289957,True
-0.8681894,True
-2.132226,True
-2.0558498,True
-2.3051338,True
-1.9452201,True
-1.5609345,True
-0.8961939,True
-1.6660652,True
-1.2570295,True
-2.0992696,True
-1.5760075,True
-1.3399838,True
-1.7315255,True
-1.677373,True
-1.8619282,True
-2.560251,True
-2.8613887,True
-1.9637084,True
-0.7533997,True
-0.8046294,True
-2.6624632,True
-2.1131532,True
-2.3363056,True
-1.8504987,True
-1.8924683,True
-2.0265024,True
-2.7057652,True
-1.5694145,True
-1.7685958,True
-2.0671744,True
-1.3042268,True
0.17376636,True
1.1437608,True
0.022487637,True
-1.3359973,True
-2.2626812,True
-2.0329528,True
-1.8950093,True
-2.0351264,True
-2.3752642,True
-2.4476748,True
-3.2580938,True
-3.2762494,True
-3.2296464,True
-2.8568966,True
-2.4040444,True
-2.9579742,True
-3.7157824,True
-3.4044244,True
-2.8031468,True
-2.2668986,True
-2.2188442,True
-2.9727392,True
-3.270921,True
-3.2088606,True
-2.1889708,True
-1.9222381,True
-2.1272833,True
-2.523735,True
-2.5558224,True
-2.65486,True
-2.5947735,True
-2.4357245,True
-2.636173,True
-2.6523094,True
-2.2162461,True
-1.2964591,True
-2.5405786,True
-2.260408,True
-2.2558315,True
-1.8834655,True
-1.935939,True
-1.3643003,True
-0.7980284,True
-0.014352996,True
-0.19423167,True
-1.7231795,True
-2.1260767,True
-2.4706094,True
-2.3262486,True
-2.5710125,True
-3.0816598,True
-3.6605096,True
-3.639765,True
-3.0786989,True
-2.3689435,True
-2.4955313,True
-2.3077536,True
-2.785772,True
-2.5885015,True
-2.4962618,True
-2.4049175,True
-2.4517343,True
-2.433289,True
-2.2468104,True
-2.5380554,True
-2.4794805,True
-2.6570327,True
-1.3366107,True
-1.2255121,True
-1.2452856,True
-1.712695,True
-1.804682,True
-1.3375189,True
-2.1161745,True
-2.0124156,True
-2.0633771,True
-1.3932968,True
-0.4179013,True
-0.6441178,True
-0.97141516,True
-1.7552724,True
-1.4338995,True
-2.6444604,True
-2.79567,True
-3.1910036,True
-3.1566465,True
-2.7474012,True
-2.983266,True
-3.4657083,True
-3.5192134,True
-3.2816305,True
-2.582694,True
-2.6482062,True
-2.3626873,True
-2.6231968,True
-2.262603,True
-2.245538,True
-2.0429099,True
-2.2069101,True
-1.9733404,True
-1.2686139,True
0.08437523,True
-1.3071631,True
-1.9439218,True
-2.415258,True
-2.737552,True
-2.9939034,True
-2.3984125,True
-0.32269755,True
-0.85795265,True
-1.7171241,True
-2.8568869,True
-1.7089883,True
-2.0551074,True
-0.75733274,True
-0.8380709,True
-0.7865023,True
-0.9850004,True
-1.3041058,True
0.25441012,True
-0.2998091,True
-0.9158699,True
-2.2841702,True
-2.4053464,True
-1.7437438,True
-1.9915345,True
-1.6418734,True
-1.8724878,True
-1.3616445,True
-1.8837258,True
-1.8512479,True
-1.6748772,True
-1.6787144,True
-1.9264532,True
-3.186923,True
-3.2085905,True
-3.2348597,True
-2.6010373,True
-2.10069,True
-1.7693169,True
-1.9049385,True
-2.1784384,True
-2.3006144,True
-2.1868153,True
-1.2335765,True
-1.6533544,True
-1.8023401,True
-2.5712225,True
-2.3191342,True
-1.8079389,True
-1.5342249,True
-1.2668701,True
-1.9867206,True
-2.2652879,True
-1.9470235,True
-1.6551012,True
-1.8528308,True
-2.0524054,True
-2.2079277,True
-1.8665785,True
-2.0317445,True
-1.5793127,True
-1.6205386,True
-2.5243204,True
-3.213472,True
-0.8699935,True
-2.0411544,True
-0.9968202,True
-1.384267,True
-1.0767372,True
-1.8518301,True
-1.6670995,True
-2.2522259,True
-2.2378874,True
-2.3649595,True
-2.141919,True
-2.3909562,True
-2.787642,True
-2.798391,True
-2.2352476,True
-1.4274483,True
-1.8403552,True
-1.3250438,True
-1.3271266,True
-1.5009676,True
-1.8454922,True
-1.9356579,True
-2.2020082,True
-2.02683,True
-1.8496746,True
-1.936208,True
-1.576668,True
-1.9298317,True
-2.0021071,True
-2.2948108,True
-1.8845344,True
-1.6893606,True
-1.1479208,True
-1.3991576,True
-1.2446481,True
-1.2572942,True
-1.2629558,True
-0.7649159,True
-0.78582543,True
-0.4639503,True
-0.81283814,True
-1.6421853,True
-2.3873084,True
-2.3783777,True
-2.4035978,True
-2.515409,True
-2.1170218,True
-2.047157,True
-2.0771732,True
-1.7078843,True
-1.1299788,True
-0.47484946,True
-1.8547937,True
-2.387988,True
-3.0675452,True
-1.2094841,True
-0.13756949,True
-0.67981154,True
-0.4526253,True
-1.5499766,True
-2.2381237,True
-2.648102,True
-1.8916192,True
-0.98649746,True
-0.6551553,True
-1.34105,True
-1.970146,True
-2.0846817,True
-2.4197931,True
-1.9615929,True
-1.4149812,True
-0.5000297,True
0.0121247955,True
0.7530653,True
0.24184634,True
-0.6003931,True
-1.9188578,True
-2.1301486,True
-2.3676465,True
-1.7325387,True
-0.97721106,True
-1.2476169,True
-0.5826691,True
-1.4884491,True
-1.6738348,True
-1.7824597,True
-1.698772,True
-2.1237519,True
-2.4413815,True
1.558586,True
1.036132,True
1.8485636,True
1.672084,True
1.8684492,True
2.0800138,True
2.0002608,True
2.0485473,True
1.0147554,True
1.4157807,True
-1.1814287,True
-1.9537882,True
-3.6242802,True
-3.8127599,True
-3.7558866,True
-3.8882363,True
-3.6125894,True
-3.0026684,True
-2.0590837,True
-1.8309033,True
-1.5804787,True
-2.3730533,True
-3.063574,True
-3.151241,True
-3.2171853,True
-3.1160953,True
-3.3525264,True
-3.1731105,True
-1.0968766,True
-0.10410835,True
0.011477958,True
-1.0912187,True
-1.4825733,True
-1.3510492,True
0.08559023,True
0.8510496,True
0.26168844,True
-0.06800075,True
-1.2843851,True
-0.985094,True
-0.4645698,True
-0.029800612,True
0.9184241,True
-0.39090592,True
-1.4233958,True
-2.5041935,True
-2.027613,True
-1.1590539,True
-1.2900447,True
-0.25511864,True
0.02421065,True
-0.039029334,True
-1.509865,True
-1.326188,True
-0.2729068,True
0.42497593,True
-0.4751006,True
-0.6984406,True
-1.5697489,True
-1.5937905,True
-2.860464,True
-2.4551816,True
-1.8813962,True
-1.7043306,True
-1.6918418,True
-0.6854505,True
-1.2319728,True
-0.8878176,True
-2.1420808,True
-1.4740776,True
-1.100781,True
-0.029383015,True
-0.6572438,True
-1.2097197,True
-2.063069,True
-1.2037219,True
-1.1858333,True
-1.1261705,True
-1.4970227,True
-1.2756289,True
-0.95625615,True
-1.3891286,True
-0.56527233,True
-1.653549,True
-1.2870116,True
-1.2619959,True
-1.4622577,True
0.1158839,True
-0.7962595,True
-0.06609535,True
-0.33631977,True
-0.25326705,True
0.03994778,True
-0.48887366,True
-0.4084953,True
-1.0898602,True
-0.6317447,True
-0.38086027,True
0.5092973,True
0.32505497,True
-0.41351095,True
-1.1547476,True
-1.7147163,True
-1.9611487,True
-2.094231,True
-1.3992174,True
-1.3882211,True
-1.5351466,True
-2.067131,True
-1.1751,True
-1.2055662,True
-0.8884181,True
-1.305482,True
-1.5721928,True
-2.101321,True
-2.1076193,True
-1.4437255,True
-1.4730165,True
-1.9472524,True
-2.1708357,True
-0.5625415,True
-0.75228983,True
-0.42084384,True
-1.6104451,True
-1.6190377,True
-2.0214865,True
-1.337843,True
-1.8823968,True
-2.5694544,True
-3.1479552,True
-2.523768,True
-2.6407804,True
-2.1399195,True
-1.337104,True
-1.5337906,True
-0.6662281,True
-1.4882388,True
-1.2047732,True
-1.7274371,True
-1.7159812,True
-1.9739203,True
-1.5970991,True
-1.7722365,True
-1.8061382,True
-1.9705002,True
-2.011133,True
-2.0360155,True
-2.092932,True
-2.4878013,True
-2.2694302,True
-2.0073657,True
-1.5145844,True
-1.5960864,True
-1.862145,True
-2.2108898,True
-2.2331662,True
-1.7260443,True
-2.084611,True
-1.6583635,True
-2.1230135,True
-1.0378504,True
-0.29661664,True
-0.5441953,True
-0.7078853,True
-1.2666191,True
-1.433088,True
-1.4426911,True
-1.8257592,True
-1.211665,True
-1.1677349,True
-0.90671104,True
-1.6484076,True
-1.7205659,True
-1.241046,True
-1.3933945,True
-1.1695169,True
-2.693351,True
-2.317876,True
-2.905856,True
-2.4647155,True
-2.1000543,True
-1.7936801,True
-1.9571396,True
-2.1553109,True
-1.1844336,True
-1.3743178,True
-1.4882779,True
-2.463326,True
-2.19233,True
-1.7611983,True
-1.7383454,True
-1.7146536,True
-2.1735926,True
-1.7244145,True
-2.2224603,True
-0.8301928,True
-0.1478717,True
-0.06794606,True
-1.1389452,True
-0.59088874,True
-0.74450016,True
-1.0626202,True
-2.4773333,True
-2.2709956,True
-1.2321928,True
0.6771113,True
-0.16351646,True
-0.86740077,True
-1.9115499,True
-0.87771195,True
0.12806617,True
1.0373071,True
1.2884997,True
1.1094368,True
1.3091038,True
-0.26831317,True
-0.0696287,True
-0.82701546,True
0.60617465,True
1.1784396,True
2.0387537,True
1.393294,True
-0.081088565,True
-0.18469718,True
0.3547408,True
1.1119658,True
1.111169,True
1.2333673,True
-0.051185723,True
-1.286602,True
-0.8854818,True
-1.0435085,True
-1.3940498,True
-0.70108324,True
1.0064694,True
1.4276456,True
-0.33925363,True
-2.085677,True
-2.4161801,True
-2.0707104,True
-1.54639,True
-2.554822,True
-1.7739853,True
-2.3778496,True
-1.7599921,True
-1.4660614,True
-1.1235266,True
-1.1006235,True
-1.0957404,True
-1.5965337,True
-1.9943467,True
-0.95358855,True
-1.2548175,True
-1.9802878,True
-3.4951248,True
-1.9873093,True
-1.0504467,True
-1.0116928,True
-2.1998408,True
-2.1731236,True
-1.843148,True
-1.2282172,True
-1.0963678,True
0.19033204,True
-0.055981573,True
-0.8760691,True
-1.4492135,True
-1.5163978,True
-0.15871191,True
-1.0576619,True
-0.7886921,True
-2.187159,True
-1.3042032,True
-1.580912,True
-0.5663593,True
-1.7566298,True
-1.666381,True
-2.19259,True
-2.432361,True
-2.2308419,True
-1.4959111,True
-0.8081848,True
0.7513612,True
-0.42467916,True
0.047036182,True
-0.28088096,True
0.42601886,True
0.4574045,True
-0.70779675,True
-0.7585723,True
-1.000852,True
0.609783,True
1.52829,True
1.9114381,True
1.1238663,True
-0.17275125,True
0.4813238,True
-1.3368976,True
-0.83991015,True
-2.188946,True
-1.3459866,True
-1.2848598,True
-1.1031275,True
-0.90500236,True
-0.698944,True
-0.054145437,True
-0.6872555,True
-1.265231,True
-1.7568542,True
-2.3273687,True
-2.070457,True
-1.8916053,True
-0.8653646,True
0.173217,True
-3.2995272,True
-2.290681,True
-2.2570739,True
-0.858321,True
0.6497796,True
-0.2428431,True
-1.6087775,True
-3.0267613,True
-2.9614391,True
-2.2012763,True
-3.143335,True
-2.480904,True
-2.710094,True
-3.455139,True
-3.7416198,True
-2.872254,True
-2.447081,True
-2.0770512,True
-2.33598,True
-1.9567335,True
-2.3569806,True
-1.0911294,True
-0.64855206,True
-0.98294383,True
-2.0709944,True
-1.74657,True
-1.7363226,True
-1.9275357,True
-2.0332358,True
-1.4399152,True
0.06943013,True
0.2686439,True
-0.40707153,True
-1.1755972,True
-1.512813,True
-2.352223,True
-2.3686357,True
-2.6430473,True
-2.9395983,True
-2.4625087,True
-2.1294959,True
-2.3405967,True
-2.6617045,True
-1.8469864,True
-1.829438,True
-2.0227246,True
-2.898152,True
-2.6597788,True
-2.412367,True
-0.4809669,True
0.19871396,True
-0.19371419,True
-1.1016036,True
-0.98491025,True
-0.22741018,True
-0.7823643,True
-1.196558,True
-1.0388416,True
-0.19015099,True
-0.47641066,True
-0.61715996,True
-0.68157065,True
-0.5815144,True
-0.91194284,True
-0.75811535,True
-0.7318763,True
-0.9547359,True
-1.1115928,True
-1.2809517,True
-1.2708168,True
-1.2736393,True
-1.1133312,True
-0.44172654,True
-0.45183071,True
0.026069004,True
-0.0022603609,True
-0.973038,True
-0.63103276,True
-0.33799845,True
-0.58403456,True
-1.002085,True
-1.2035975,True
-1.0249474,True
-0.62019145,True
-0.68125916,True
-0.83810097,True
-0.29519922,True
-0.17733969,True
0.2898532,True
-0.17526613,True
-0.44091916,True
-0.99672586,True
-1.0717101,True
-0.188663,True
0.10531153,True
-0.16253236,True
-0.954774,True
-1.1801939,True
-0.7095127,True
0.26067537,True
-0.12168907,True
-0.36395344,True
-0.11115278,True
-0.16384657,True
-0.42336866,True
-1.0495075,True
-0.7073322,True
-0.44016364,True
-0.007843237,True
-0.2755106,True
-0.32184735,True
-0.48429006,True
0.003947992,True
-0.45836782,True
-0.22705846,True
-0.8342499,True
-0.14435329,True
-0.48727491,True
-0.065124124,True
-0.36078396,True
-0.8842411,True
-0.6997884,True
-0.0731699,True
1.1337298,True
1.4409757,True
1.0250564,True
0.47697863,True
0.12820299,True
0.21131974,True
-0.12454109,True
-0.63571763,True
-1.6678969,True
-1.6678847,True
-1.6047857,True
-1.3518683,True
-0.95940924,True
-0.5901627,True
-0.7250357,True
-0.66496336,True
-0.48176214,True
-0.33660376,True
0.43695343,True
-0.113024786,True
0.08474289,True
0.36830822,True
0.45854622,True
-0.3228238,True
0.28942084,True
0.83049744,True
0.06656736,True
-0.5411004,True
0.28106734,True
1.8627299,True
1.4865366,True
0.7797997,True
0.37899944,True
0.23896979,True
0.5554294,True
0.39410236,True
1.4671685,True
0.8005714,True
0.6171587,True
-0.2361358,True
0.023923848,True
0.8787572,True
1.2302136,True
0.54851186,True
-0.23578028,True
-0.08116926,True
0.5440851,True
0.42738298,True
0.19573805,True
-1.134869,True
-0.7770007,True
-1.3768085,True
-1.1314416,True
-1.2126813,True
-0.10314737,True
1.3349499,True
0.65469956,True
0.041757766,True
-0.39137134,True
-0.6517864,True
-0.35860842,True
0.11718954,True
0.1449128,True
-0.004654061,True
-0.31880537,True
0.38658383,True
-0.37928915,True
-0.9214212,True
-1.1442784,True
0.33749232,True
-0.23024346,True
-0.13334213,True
-1.8548915,True
-1.9647375,True
-2.4451125,True
-1.5896417,True
-0.59411186,True
-0.14598835,True
-0.3728148,True
-1.4317044,True
-1.2505864,True
-0.7796898,True
-1.3439044,True
-2.2625244,True
-2.7621274,True
-2.7610703,True
-2.5338647,True
-2.0784075,True
-2.131806,True
-1.6104182,True
-1.5910197,True
-1.6203192,True
-1.8718579,True
-1.4796137,True
-1.5459191,True
-1.5555744,True
-1.9193939,True
-1.332293,True
-0.5867087,True
-0.8313249,True
-1.0208877,True
-1.5298821,True
-0.33022073,True
-0.610965,True
-1.5007931,True
-2.2693377,True
-2.584149,True
-1.7035435,True
-1.7237188,True
0.08165078,True
-0.0391782,True
-0.6481109,True
-2.5125365,True
-2.6692097,True
-2.0329604,True
-2.4272523,True
-2.1580465,True
-1.7458534,True
-2.0925274,True
-1.7499955,True
-1.4412937,True
-1.4721884,True
-0.37780756,True
-0.60772955,True
-0.55155087,True
-1.7030071,True
-2.2867799,True
-0.8672733,True
-3.3904,True
-3.3604698,True
-1.8180842,True
-1.7776982,True
-1.8647057,True
-2.7797034,True
-2.194588,True
-2.892865,True
-2.7873368,True
-0.9121954,True
-1.2433562,True
-2.3879402,True
-1.9019221,True
-2.0865903,True
-2.406636,True
-2.2649932,True
-2.4115663,True
-2.0335743,True
-2.7594442,True
-2.4337368,True
-2.7413058,True
-2.1100843,True
-2.6576421,True
-3.040232,True
-1.9760317,True
-1.1297547,True
-2.3726416,True
-1.8293132,True
-1.995972,True
-2.1361804,True
-0.40089998,True
-0.09057045,True
0.09738813,True
-0.6653685,True
-1.1484443,True
-2.0596108,True
-1.9789386,True
-2.8688338,True
-2.4588945,True
-2.45233,True
-2.5643737,True
-2.3035984,True
-2.635583,True
-2.54459,True
-2.3842874,True
-2.8580027,True
-2.797705,True
-2.4323447,True
-2.7090206,True
-2.651267,True
-2.3881109,True
-2.4233496,True
-2.892663,True
-3.2002788,True
-3.2412407,True
-2.211696,True
-2.7157612,True
-2.4768069,True
-3.0390525,True
-2.4468098,True
-1.9580059,True
-2.179226,True
-1.4410964,True
-1.8399893,True
-2.0832994,True
-3.3606205,True
-3.0093892,True
-2.0408804,True
-1.5294956,True
-1.7231718,True
-3.0448008,True
-3.0463207,True
-2.8646224,True
-2.7844634,True
-2.9438407,True
-2.941461,True
-3.0422566,True
-2.4217608,True
-2.8463993,True
-2.7644067,True
-3.1405237,True
-3.2931135,True
-3.8390734,True
-3.2575717,True
-3.5980322,True
-3.1799166,True
-2.7129748,False
-2.9177022,False
-2.9678166,False
-3.1574624,False
-2.797908,False
-2.5508626,False
-2.798628,False
-2.8005867,False
-3.1357682,False
-2.9350204,False
-2.8414917,False
-2.338072,False
-2.6703553,False
-2.7499924,False
-3.0905256,False
-2.7826848,False
-2.9099872,False
-3.109459,False
-3.3916767,False
-2.7355027,False
-2.8541045,False
-2.8803906,False
-2.5844002,False
-2.7363424,False
-2.2944088,False
-1.951979,False
-2.0458028,False
-2.2965362,False
-1.9484537,False
-2.0503159,False
-2.7372546,False
-2.7422762,False
-2.3539479,False
-2.1926377,False
-2.3559709,False
-2.3614795,False
-2.2990973,False
-2.261607,False
-2.1174643,False
-1.5968219,False
-1.7849834,False
-2.084142,False
-2.6404922,False
-2.40597,False
-2.399346,False
-2.5900342,False
-2.7014322,False
-2.402675,False
-2.2692065,False
-2.0349138,False
-2.3732884,False
-2.1609218,False
-2.128636,False
-2.3206294,False
-2.2092538,False
-2.1635175,False
-2.137961,False
-2.3891191,False
-2.3850117,False
-2.169185,False
-2.289287,False
-2.5570846,False
-2.7628875,False
-2.3543727,False
-2.607329,False
-2.690076,False
-2.5088391,False
-2.2566648,False
-2.571496,False
-3.2999854,False
-2.5207686,False
-2.596396,False
-2.5218174,False
-2.5374956,False
-2.5524473,False
-2.8053455,False
-2.0430005,False
-2.136195,False
-1.93589,False
-2.6642983,False
-2.858932,False
-3.0043626,False
-2.5977907,False
-2.5878634,False
-3.069713,False
-2.715228,False
-2.610566,False
-2.136358,False
-2.270953,False
-2.3210053,False
-2.5527754,False
-2.2405934,False
-2.013442,False
-2.1736643,False
-2.4526596,False
-2.272753,False
-2.2444396,False
-2.2610269,False
-2.3096116,False
-2.1348987,False
-2.3386195,False
-2.3882782,False
-2.6386077,False
-2.593616,False
-2.4555256,False
-2.737462,False
-2.946075,False
-2.7952774,False
-3.005365,False
-2.382686,False
-2.3100073,False
-2.1793656,False
-2.452487,False
-2.5167634,False
-2.4238663,False
-2.5068746,False
-2.421483,False
-2.370949,False
-2.5800617,False
-2.7286687,False
-2.8541934,False
-2.7497764,False
-2.9752333,False
-2.2601254,False
-2.3131762,False
-2.326365,False
-2.4444466,False
-2.674014,False
-2.8470867,False
-3.1845503,False
-2.9984958,False
-2.5046437,False
-2.7345576,False
-2.914591,False
-2.6657567,False
-2.5041275,False
-2.5181785,False
-2.606639,False
-2.464659,False
-2.3991346,False
-2.5961392,False
-2.8232396,False
-2.7397735,False
-2.587478,False
-2.685399,False
-2.9408393,False
-2.7689366,False
-2.5673392,False
-2.3891966,False
-2.5670042,False
-2.2884264,False
-2.5601528,False
-2.6805367,False
-2.57297,False
-2.662377,False
-2.950681,False
-2.8904145,False
-3.1847537,False
-3.0599384,False
-2.9334755,False
-2.8933015,False
-2.9315226,False
-2.8131685,False
-2.5177078,False
-2.6159449,False
-2.8893495,False
-3.2677817,False
-2.7225611,False
-2.6298933,False
-2.4862566,False
-2.6436162,False
-2.9166589,False
-2.905146,False
-2.6740286,False
-2.550293,False
-2.7491,False
-2.7713737,False
-3.0030055,False
-2.9846683,False
-2.8343174,False
-2.8879573,False
-2.612465,False
-2.6198485,False
-2.7635787,False
-2.8042953,False
-2.7894032,False
-2.8388438,False
-2.5591216,False
-2.6837263,False
-2.6041734,False
-2.5756578,False
-2.7782285,False
-2.483873,False
-2.3026168,False
-2.4055908,False
-2.767023,False
-2.762026,False
-2.8576837,False
-2.3368406,False
-2.1759298,False
-2.2252803,False
-2.360505,False
-2.357253,False
-2.469365,False
-2.5105174,False
-2.6058583,False
-2.534889,False
-2.4810753,False
-2.1414278,False
-2.6174097,False
-2.8497677,False
-2.340973,False
-2.5954883,False
-2.4618511,False
-2.3345454,False
-2.5000248,False
-1.7054895,False
-2.414863,False
-2.0629096,False
-2.7957065,False
-2.678567,False
-2.2963626,False
-2.6335924,False
-2.935289,False
-2.0372608,False
-2.0206552,False
-2.2057605,False
-3.3145223,False
-2.874589,False
-2.6915529,False
-3.2332537,False
-2.7755075,False
-2.1600332,False
-1.8947959,False
-2.617061,False
-2.708099,False
-3.278807,False
-2.4960938,False
-3.1934714,False
-2.5909333,False
-3.0092716,False
-2.8110905,False
-2.2107823,False
-2.4570446,False
-3.1145954,False
-2.713967,False
-3.3397477,False
-2.775711,False
-2.7343667,False
-2.796502,False
-2.8491497,False
-3.188034,False
-3.159887,False
-2.988426,False
-2.9749699,False
-2.7316926,False
-2.6481674,False
-2.3999422,False
-2.4425597,False
-2.6577005,False
-2.604009,False
-2.3888779,False
-2.1010022,False
-2.2518778,False
-2.315592,False
-2.2302406,False
-2.5616581,False
-2.4669805,False
-2.4681895,False
-2.627764,False
-2.4868243,False
-2.6655922,False
-2.5576158,False
-2.372537,False
-3.1161933,False
-2.905572,False
-2.692756,False
-2.1295598,False
-2.3305755,False
-2.5995557,False
-2.6851788,False
-2.5935106,False
-2.8637643,False
-2.8092988,False
-2.8201957,False
-2.5335665,False
-2.593895,False
-2.937094,False
-3.0024576,False
-2.7100635,False
-2.564758,False
-2.483057,False
-2.928542,False
-3.0712225,False
-3.1632514,False
-3.135423,False
-2.7297125,False
-2.8549302,False
-2.907557,False
-2.8116956,False
-2.76054,False
-3.109673,False
-2.6646335,False
-2.492522,False
-1.7630763,False
-1.6890564,False
-2.05408,False
-2.7740908,False
-2.9473097,False
-2.763776,False
-2.5369885,False
-3.219875,False
-2.9947996,False
-2.9892883,False
-2.4170322,False
-2.411216,False
-2.3862565,False
-2.4906914,False
-2.582898,False
-2.7577164,False
-2.8678155,False
-2.8646789,False
-2.6910684,False
-2.395592,False
-2.0802228,False
-2.1358986,False
-2.282012,False
-2.889043,False
-2.6191955,False
-2.3075762,False
-2.983814,False
-2.941664,False
-3.2277467,False
-2.9539633,False
-2.7215002,False
-2.603042,False
-2.5889134,False
-2.5708702,False
-2.700828,False
-2.473951,False
-2.7664497,False
-2.9543433,False
-2.9237225,False
-2.784381,False
-2.9682012,False
-2.6733534,False
-2.5042222,False
-2.2038543,False
-2.8859043,False
-2.9908743,False
-2.9868627,False
-3.1451983,False
-2.9188983,False
-2.961471,False
-2.8122807,False
-2.7794967,False
-2.5484774,False
-2.6833873,False
-2.5700164,False
-2.7968004,False
-2.2848659,False
-2.7222178,False
-2.6653037,False
-2.865711,False
-2.616582,False
-3.0515964,False
-2.992915,False
-2.9530652,False
-2.516669,False
-2.6323063,False
-2.9222128,False
-3.110019,False
-2.6952028,False
-2.57862,False
-2.9245102,False
-3.092074,False
-2.6556132,False
-2.669949,False
-3.147503,False
-3.093462,False
-3.050062,False
-2.9814384,False
-3.145518,False
-2.9454253,False
-3.1862943,False
-3.2691789,False
-3.6285648,False
-3.845423,False
-3.79027,False
-3.6139612,False
-3.505813,False
-3.4425595,False
-3.5219047,False
-3.5236337,False
-3.6028981,False
-3.466452,False
-3.5597274,False
-3.6636198,False
-3.5184,False
-3.7212794,False
-3.4454772,False
-3.6488984,False
-3.6472366,False
-3.6846125,False
-3.3113754,False
-4.4301143,False
-4.3930464,False
-3.8096502,False
-3.8420987,False
-3.3991847,False
-3.6404967,False
-3.8402383,False
-3.6403542,False
-3.7234652,False
-3.4675286,False
-3.3363497,False
-4.04826,False
-3.5970712,False
-4.489269,False
-3.5750055,False
-3.769726,False
-4.4338417,False
-4.266395,False
-4.6163917,False
-4.179425,False
-4.181855,False
-4.250922,False
-4.7859898,False
-3.9553578,False
-4.1141267,False
-4.0294895,False
-4.2060165,False
-4.353225,False
-3.403582,False
-3.79797,False
-3.5757418,False
-4.1509933,False
-3.6361132,False
-3.8379977,False
-4.00869,False
-4.1923976,False
-3.9101138,False
-4.253371,False
-2.6545463,False
-2.9069192,False
-3.2494378,False
-3.19401,False
-3.2380629,False
-2.6605332,False
-2.6462417,False
-2.6486843,False
-3.0104415,False
-2.7223687,False
-3.0203967,False
-2.9710512,False
-2.8149602,False
-2.95434,False
-2.8016274,False
-2.99087,False
-2.6449564,False
-2.5271957,False
-2.5767362,False
-2.9585028,False
-3.1075861,False
-2.866876,False
-2.8645668,False
-2.275129,False
-2.6007597,False
-2.4529555,False
-2.3165393,False
-2.577338,False
-1.9028479,False
-2.154782,False
-2.3293777,False
-3.006116,False
-2.5113792,False
-2.4588206,False
-2.6122897,False
-2.6592472,False
-2.7339466,False
-2.514939,False
-2.9112847,False
-2.4763727,False
-2.354543,False
-2.1264563,False
-2.082072,False
-2.9163408,False
-2.9010375,False
-2.7702456,False
-2.9321156,False
-2.6533134,False
-2.7144291,False
-3.281957,False
-2.9990783,False
-2.6667247,False
-2.564215,False
-2.72802,False
-2.4961786,False
-2.30707,False
-2.5048394,False
-2.204349,False
-2.768515,False
-2.7250013,False
-3.2484672,False
-2.7364304,False
-2.8732111,False
-2.557868,False
-2.8174336,False
-2.6594143,False
-3.104131,False
-2.6755724,False
-2.4830678,False
-2.5503826,False
-2.7964869,False
-2.530399,False
-2.5545123,False
-2.5594597,False
-2.9498146,False
-3.1144052,False
-2.8479302,False
-2.7066576,False
-2.8406868,False
-2.7379744,False
-2.7303307,False
-2.8192406,False
-2.7192452,False
-2.372924,False
-2.277784,False
-2.4629767,False
-2.480252,False
-2.594094,False
-2.8932278,False
-2.605637,False
-2.4159014,False
-2.5629869,False
-2.4233756,False
-2.848858,False
-2.7393653,False
-2.5871465,False
-2.4599438,False
-2.491641,False
