activation_ins_buzz,correct
-2.6548338,True
-3.9413462,False
-3.2617726,False
-3.4502187,False
-4.0478497,False
-3.3043146,False
-3.504121,False
-3.630627,False
-3.7459788,False
-3.638274,False
-3.4851792,False
-3.5290017,False
-3.616649,False
-3.5214117,False
-3.669771,False
-3.058421,False
-4.07865,False
-3.183742,False
-2.8767061,False
-3.3675964,False
-3.6996489,False
-3.8109925,False
-3.7602654,False
-4.469508,False
-3.6278534,False
-3.9887996,False
-3.6668541,False
-3.936358,False
-3.626924,False
-3.5921195,False
-3.625894,False
-3.9949353,False
-3.5615222,False
-3.4260123,False
-2.3906436,False
-2.880909,False
-3.1197462,False
-3.3361259,False
-2.6638134,False
-2.795679,False
-3.0098305,False
-3.8748863,False
-4.1066146,False
-4.112263,False
-3.6039305,False
-3.2746868,False
-3.1700227,False
-2.9022884,False
-3.1801574,False
-3.3872404,False
-3.627039,False
-3.915534,False
-3.6766455,False
-3.8971312,False
-4.3009763,False
-4.4075723,False
-3.5117924,False
-3.6458173,False
-3.9210432,False
-3.785441,False
-3.3314197,False
-3.2716255,False
-3.4472125,False
-3.6952195,False
-4.1326084,False
-3.6541996,False
-4.0503845,False
-3.849818,False
-3.8864102,False
-3.921895,False
-3.84522,False
-3.4278414,False
-3.7277646,False
-3.9552572,False
-3.8707464,False
-4.886639,False
-4.0592275,False
-4.266037,False
-3.978784,False
-3.7341015,False
-3.5133052,False
-3.7511911,False
-4.1467977,False
-4.1984086,False
-4.3935947,False
-4.4238105,False
-4.0364537,False
-3.6553056,False
-3.7532625,False
-3.722439,False
-3.5544996,False
-4.048533,False
-3.9035134,False
-3.5772636,False
-4.58656,False
-3.9868321,False
-4.074074,False
-3.894779,False
-3.8985226,False
-4.1808376,False
-4.374004,False
-4.5479245,False
-3.886394,False
-3.7576752,False
-3.3328319,False
-3.3146849,False
-3.5104055,False
-3.7450807,False
-3.760005,False
-3.6591396,False
-3.7235508,False
-3.617886,False
-3.3243413,False
-3.5059881,False
-3.8403883,False
-3.4879427,False
-3.876066,False
-3.9056768,False
-3.8541284,False
-3.5358276,False
-3.425181,False
-3.2552538,False
-4.2701936,False
-3.814166,False
-3.2265472,False
-4.144411,False
-3.8775995,False
-3.3761072,False
-3.5565403,False
-3.5685153,False
-3.8247797,False
-3.4898503,False
-3.7956758,False
-3.5392544,False
-3.978844,False
-4.4522767,False
-4.081556,False
-3.35678,False
-3.5117233,False
-3.5376754,False
-3.292735,False
-3.2200782,False
-3.466387,False
-4.1639338,False
-4.106442,False
-3.9066122,False
-3.9806318,False
-4.2836375,False
-4.0801234,False
-4.067949,False
-3.9203088,False
-3.2201355,False
-4.194462,False
-3.8781207,False
-3.6274903,False
-3.1952672,False
-3.495935,False
-4.1756673,False
-4.6296296,False
-4.5050483,False
-4.171901,False
-4.1694107,False
-4.1261415,False
-3.8070502,False
-3.64559,False
-3.979604,False
-3.998023,False
-3.6822436,False
-3.8386521,False
-3.9500766,False
-3.9170399,False
-4.09943,False
-3.4040637,False
-3.5201373,False
-3.5389943,False
-3.8397546,False
-4.176006,False
-3.6493685,False
-3.5589318,False
-3.675944,False
-3.6149468,False
-3.5975165,False
-3.5122635,False
-3.5027387,False
-4.007412,False
-3.8240433,False
-3.6810806,False
-3.8546596,False
-3.6789553,False
-3.8166986,False
-3.608909,False
-3.7521877,False
-4.143969,False
-4.3549285,False
-3.9233618,False
-3.5332406,False
-3.8022108,False
-3.9824805,False
-4.2698135,False
-3.8747292,False
-3.5184236,False
-3.7616918,False
-3.7947764,False
-3.824281,False
-3.8654337,False
-4.1766143,False
-4.5678725,False
-4.7659297,False
-3.989889,False
-4.1410646,False
-4.042149,False
-4.1473646,False
-4.006755,False
-4.0653386,False
-4.080506,False
-4.1820188,False
-4.017244,False
-3.5951,False
-4.0449734,False
-3.7404966,False
-3.7541943,False
-4.5052476,False
-4.034312,False
-4.151934,False
-4.4132752,False
-4.7101603,False
-4.5718255,False
-4.6044106,False
-4.1437345,False
-4.157535,False
-3.3260756,False
-3.7658677,False
-3.9887235,False
-3.8143888,False
-3.6192667,False
-3.9705548,False
-4.158898,False
-4.5675316,False
-4.141634,False
-4.191515,False
-4.107698,False
-4.1476474,False
-4.0517545,False
-4.196385,False
-3.842708,False
-4.1033177,False
-4.2093472,False
-3.7858927,False
-3.662655,False
-3.9628484,False
-4.4082775,False
-4.332062,False
-4.041617,False
-4.7450905,False
-4.564256,False
-3.775758,False
-3.9703906,False
-3.4402719,False
-3.827825,False
-4.2596664,False
-4.353734,False
-3.9216228,False
-3.4408667,False
-3.4350338,False
-4.327909,False
-3.9125557,False
-4.4273043,False
-3.835471,False
-3.0126247,False
-3.6198661,False
-3.4805136,False
-3.8338218,False
-3.8061929,False
-3.6874182,False
-4.0782647,False
-4.323964,False
-4.375035,False
-3.5519574,False
-3.6980925,False
-3.5479033,False
-3.646799,False
-4.1213613,False
-4.2190185,False
-4.116532,False
-3.6302361,False
-3.9354897,False
-3.8589559,False
-3.7315166,False
-3.9833121,False
-4.005821,False
-3.8138762,False
-3.518906,False
-3.5590441,False
-3.771139,False
-3.9596524,False
-3.775724,False
-3.5332255,False
-3.5301557,False
-4.286519,False
-4.4837112,False
-4.7424445,False
-4.615814,False
-4.1213775,False
-4.200432,False
-4.715317,False
-4.1316085,False
-3.4354796,False
-3.7604413,False
-4.254663,False
-4.064633,False
-4.4808717,False
-4.0958314,False
-4.0763392,False
-3.5361762,False
-3.7243166,False
-3.861946,False
-3.5948842,False
-3.5252395,False
-3.5109076,False
-3.923307,False
-3.9637752,False
-4.2533364,False
-3.9150026,False
-3.8245754,False
-3.8212137,False
-3.6339564,False
-3.9962578,False
-4.2964816,False
-3.8916264,False
-3.3830175,False
-3.8720648,False
-3.6702082,False
-4.1367016,False
-3.472514,False
-3.6083827,False
-3.8679776,False
-3.819438,False
-3.2346008,False
-3.2134383,False
-3.7134624,False
-4.0057774,False
-3.819425,False
-3.6861959,False
-3.7212024,False
-3.462579,False
-3.6983078,False
-3.9863691,False
-4.1572485,False
-4.349231,False
-5.008636,False
-4.4572396,False
-3.884724,False
-3.5654054,False
-4.106362,False
-4.4281216,False
-4.1680837,False
-4.336255,False
-4.140029,False
-4.340034,False
-4.3340607,False
-4.0184145,False
-3.8904529,False
-3.5743885,False
-3.7681618,False
-3.6740448,False
-3.7746205,False
-3.9144993,False
-3.7336779,False
-3.6851516,False
-4.141034,False
-4.1555233,False
-3.9138985,False
-3.740319,False
-4.00615,False
-4.705876,False
-4.398538,False
-3.8617048,False
-3.8574595,False
-3.5354831,False
-3.281719,False
-3.547244,False
-3.9860723,False
-3.6545637,False
-3.822227,False
-3.840823,False
-3.4015498,False
-3.3129504,False
-4.133397,False
-3.975472,False
-4.036232,False
-3.540142,False
-3.5785034,False
-3.9426665,False
-3.4248676,False
-4.023061,False
-4.022952,False
-4.2189765,False
-4.1073246,False
-3.9666607,False
-3.547517,False
-2.9249446,False
-3.0840716,False
-3.062876,False
-3.4148095,False
-3.8657792,False
-3.397519,False
-3.147136,False
-3.2782683,False
-3.684169,False
-3.0217347,False
-3.1444874,False
-3.5074728,False
-4.0706973,False
-3.1672516,False
-3.2954547,False
-3.7003374,False
-4.132462,False
-4.164374,False
-4.6114907,False
-4.2270284,False
-3.8098135,False
-3.5545442,False
-3.698157,False
-3.6893272,False
-3.5296373,False
-3.0179486,False
-3.1191027,False
-3.5258336,False
-3.528174,False
-3.5234287,False
-4.020107,False
-3.2256682,False
-3.7766156,False
-3.0203967,False
-3.5678647,False
-3.8260622,False
-3.547278,False
-3.181193,False
-4.2154546,False
-4.5412917,False
-4.144273,False
-3.3780682,False
-3.7917352,False
-3.5780196,False
-3.448986,False
-3.569212,False
-3.5072825,False
-4.17579,False
-3.7558234,False
-3.3360848,False
-3.7506776,False
-3.2816331,False
-3.458634,False
-3.2327616,False
-2.9155314,False
-3.2552876,False
-3.5173788,False
-3.1745656,False
-3.2385552,False
-3.3913844,False
-3.4362102,False
-3.5760407,False
-3.6549983,False
-4.001105,False
-4.026702,False
-3.6876488,False
-3.165723,False
-3.2015264,False
-3.5150795,False
-4.0581355,False
-3.7861688,False
-3.9776955,False
-3.8034017,False
-3.768871,False
-3.6813176,False
-3.0148025,False
-3.531009,False
-3.996352,False
-3.7199466,False
-4.382074,False
-4.2440786,False
-4.147689,False
-3.4608433,False
-3.9488964,False
-3.6011152,False
-3.6904185,False
-4.153584,False
-3.5543697,False
-3.2692022,False
-2.925399,False
-3.0885875,False
-3.48598,False
-3.365837,False
-3.3295622,False
-3.8127341,False
-3.448204,False
-3.562217,False
-3.6035187,False
-3.1180723,False
-2.9485042,False
-3.5488515,False
-3.7342005,False
-3.5765998,False
-4.32923,False
-4.8600125,False
-4.0968347,False
-3.9730165,False
-4.1526184,False
-3.9864511,False
-2.884788,False
-2.9433818,False
-3.1376858,False
-2.9661722,False
-2.9304066,False
-2.6502438,False
-3.7571716,False
-3.549732,False
-4.4003215,False
-4.387589,False
-3.8859167,False
-4.3365684,False
-4.6635995,False
-3.8552995,False
-3.0023491,False
-3.3557694,False
-3.7179163,False
-4.0917,False
-3.945687,False
-3.0222614,False
-2.9402957,False
-3.057804,False
-3.5970926,False
-2.9092464,False
-3.4464884,False
-2.910415,False
-3.8598583,False
-3.6896842,False
-3.3005705,False
-3.7097485,False
-3.582458,False
-3.5768838,False
-3.6284003,False
-3.4596443,False
-3.7752452,False
-4.137689,False
-3.6072688,False
-3.0301538,False
-2.6692343,False
-3.612033,False
-3.4604073,False
-2.6588342,False
-2.9947271,False
-3.5227075,False
-2.9315362,False
-2.871537,False
-3.5684364,False
-3.8516223,False
-4.1561437,False
-3.5424373,False
-3.7227917,False
-3.3493972,False
-3.439666,False
-3.536659,False
-2.9206522,False
-3.1803522,False
-3.2402096,False
-3.3654208,False
-2.8145106,False
-2.9508414,False
-2.8825676,False
-3.009573,False
-3.3659494,False
-3.5511026,False
-3.553153,False
-2.9486094,False
-3.3353488,False
-3.131743,False
-3.0643883,False
-3.1260443,False
-3.0415225,False
-3.8039668,False
-3.4057314,False
-2.7870672,False
-3.294214,False
-3.3926017,False
-3.051392,False
-3.052833,False
-3.3625035,False
-3.107272,False
-3.1841142,False
-3.066554,False
-2.8580287,False
-2.5375957,False
-3.2233326,False
-3.56074,False
-3.8187277,False
-3.2235284,False
-4.278093,False
-3.2812548,False
-3.3555515,False
-2.883822,False
-3.1903481,False
-3.1803033,False
-3.5166788,False
-3.8396513,False
-3.2867074,False
-3.7050862,False
-3.593801,False
-3.3142793,False
-3.1196861,False
-3.6936717,False
-3.4227757,False
-3.1405053,False
-3.2214658,False
-3.2359262,False
-2.7790926,False
-3.108549,False
-3.1790366,False
-2.9399235,False
-3.0553193,False
-2.283504,False
-3.3329337,False
-3.4987457,False
-3.5646844,False
-3.144709,False
-2.9749646,False
-3.5111804,False
-3.5175838,False
-2.8463845,False
-4.1244993,False
-3.986314,False
-3.4798095,False
-3.6537046,False
-3.3461075,False
-3.0568686,False
-3.2949827,False
-4.2652802,False
-3.4213219,False
-3.5380363,False
-2.9827807,False
-3.3009431,False
-3.8780863,False
-2.9940352,False
-3.927768,False
-3.28573,False
-3.7874498,False
-3.4874256,False
-3.4013417,False
-3.9249156,False
-4.182076,False
-4.097988,False
-3.9655824,False
-4.2316756,False
-4.098224,False
-3.7753377,False
-3.302041,False
-3.7373343,False
-3.976716,False
-3.6567476,False
-3.3355849,False
-3.3336318,False
-3.474043,False
-3.2478867,False
-3.3859038,False
-3.06841,False
-3.951509,False
-3.4891207,False
-3.2585754,False
-3.195713,False
-3.5905356,False
-4.1589656,False
-4.4920754,False
-3.85596,False
-3.113597,False
-2.8974347,False
-2.8602948,False
-2.2970827,False
-2.9064069,False
-2.9087868,False
-3.246635,False
-3.5798569,False
-3.7128806,False
-3.9192505,False
-3.556353,False
-3.310214,False
-3.4884067,False
-3.327775,False
-3.87352,False
-3.9591439,False
-4.43463,False
-3.7886908,False
-4.015969,False
-3.6471634,False
-3.5167615,False
-3.3580523,False
-3.6169908,False
-3.7758753,False
-3.3002348,False
-3.212641,False
-3.171884,False
-3.2823427,False
-3.1462843,False
-3.5525959,False
-3.9686928,False
-4.0319285,False
-4.0808606,False
-3.6465194,False
-3.5075517,False
-3.5150309,False
-3.3137305,False
-3.0154583,False
-2.768274,False
-3.318201,False
-3.2253222,False
-4.1759796,False
-3.9555905,False
-4.5067244,False
-3.254787,False
-2.641675,False
-2.3644512,False
-2.0694432,False
-2.0919383,False
-2.1583369,False
-1.9118139,False
-1.8485322,False
-2.3595498,False
-2.3536282,False
-2.5548763,False
-2.1739817,False
-2.51229,False
-2.490554,False
-2.4106078,False
-2.7600803,False
-2.7310722,False
-2.941836,False
-2.5263731,False
-2.453905,False
-2.34878,False
-2.9250517,False
-2.953145,False
-3.2709184,False
-3.2018852,False
-3.086859,False
-2.669848,False
-2.727755,False
-2.7728145,False
-3.826106,False
-3.1936097,False
-2.488688,False
-3.0919476,False
-2.7847025,False
-2.8551898,False
-2.79599,False
-2.9836025,False
-3.2931116,False
-3.363584,False
-3.3728135,False
-3.464046,False
-3.7126794,False
-3.578388,False
-3.7858016,False
-3.466947,False
-2.995857,False
-3.163673,False
-2.8739982,False
-2.8790057,False
-2.9440048,False
-2.7285638,False
-3.5842862,False
-3.8757992,False
-3.7157114,False
-3.3465965,False
-3.2514176,False
-3.1345713,False
-3.2440553,False
-3.3650694,False
-3.1340196,False
-3.5046222,False
-3.2876363,False
-3.38175,False
-2.9076118,False
-3.3454874,False
-3.398447,False
-3.4710433,False
-3.3622615,False
-3.1610227,False
-3.1898172,False
-3.3368945,False
-3.7939146,False
-3.5091581,False
-3.393667,False
-3.283444,False
-3.1956816,False
-3.3559036,False
-3.293911,False
-3.454917,False
-3.194231,False
-3.3268142,False
-3.3710303,False
-3.6563666,False
-3.5349975,False
-3.6054606,False
-3.4853823,False
-3.4683359,False
-3.6359017,False
-3.3465543,False
-3.6447225,False
-3.577017,False
-3.3733816,False
-3.7010024,False
-3.5845227,False
-3.3116531,False
-3.61677,False
-3.4596958,False
-3.7476199,False
-3.2740984,False
-3.2399635,False
-3.2675297,False
-3.560432,False
-3.0753427,False
-2.7192717,False
-2.770365,False
-2.9921503,False
-3.3541408,False
-3.002008,False
-3.0270207,False
-3.2776918,False
-3.0247219,False
-3.0441513,False
-2.7460892,False
-3.1010294,False
-3.0091858,False
-3.188924,False
-3.3192706,False
-3.1593986,False
-3.2673712,False
-3.1563435,False
-3.2190208,False
-3.3467772,False
-3.1394455,False
-3.748785,False
-3.8524282,False
-4.1131577,False
-3.6222744,False
-4.109438,False
-4.145041,False
-4.0778995,False
-4.084294,False
-3.9769487,False
-4.073478,False
-3.5268812,False
-3.7163386,False
-3.7537184,False
-4.039705,False
-3.8045306,False
-3.9344826,False
-4.2215977,False
-4.0401216,False
-4.1997952,False
-4.14312,False
-2.9809182,False
-3.2618,False
-3.1792789,False
-3.4387012,False
-3.0453072,False
-3.347805,False
-3.4888809,False
-3.8674626,False
-3.8339744,False
-3.963502,False
-3.8524697,False
-3.4842746,False
-3.457417,False
-3.1875062,False
-3.0214167,False
-3.3329554,False
-3.2422745,False
-3.2037997,False
-3.2347705,False
-3.278492,False
-3.6321073,False
-3.4341536,False
-3.2750065,False
-3.657191,False
-3.550253,False
-3.1386797,False
-2.9852345,False
-3.1444075,False
-3.6534207,False
-3.6497574,False
-3.3846252,False
-3.2038305,False
-3.2652946,False
-3.4995716,False
-3.322681,False
-3.3217654,False
-2.9446394,False
-2.6655169,False
-2.9640548,False
-2.9358256,False
-2.82923,False
-2.885546,False
-3.1341538,False
-3.1477187,False
-3.6295598,False
-3.43026,False
-3.3296463,False
-3.134309,False
-2.602023,False
-2.5119812,False
-2.9952962,False
-2.6329722,True
-2.608458,True
-2.342856,True
-3.405179,True
-2.6784184,True
-2.5251057,True
-2.6958141,True
-2.719447,True
-2.026339,True
-2.131675,True
-2.3709226,True
-2.4149303,True
-2.5610077,True
-2.5610316,True
-2.4427667,True
-2.5837119,True
-1.028836,True
-1.3711612,True
0.18354131,True
0.630772,True
-0.5081995,True
-1.9218189,True
-2.4701025,True
-2.5908785,True
-0.8532722,True
-0.28036806,True
-0.049747005,True
-1.0795195,True
-1.9118019,True
-2.149839,True
-1.8506141,True
-1.129021,True
0.7201166,True
1.2706999,True
1.9761716,True
0.58081526,True
-1.7893025,True
-1.1316504,True
-1.0343336,True
-0.27901226,True
0.1654196,True
-0.13653278,True
-0.18059927,True
0.05934231,True
-0.008994502,True
0.45292267,True
0.031685688,True
-0.41062862,True
2.3299887,True
4.6677833,True
3.2688737,True
-1.5394956,True
-0.47594023,True
0.62215,True
0.2412742,True
-2.6579165,True
-2.7490191,True
-1.3065543,True
0.24735077,True
0.5578846,True
0.96317816,True
-1.49414,True
-0.3094675,True
0.11594935,True
0.5664112,True
0.71163183,True
-1.2830746,True
0.22284943,True
0.28392488,True
-0.051560722,True
2.1672628,True
1.7214789,True
1.7641394,True
1.4474099,True
3.2975714,True
3.4032855,True
2.281124,True
2.194223,True
2.6593258,True
3.6277962,True
2.7887762,True
-0.44772956,True
-1.6965996,True
-1.5419732,True
-2.6076794,True
-0.8562249,True
-0.9065709,True
-2.0417652,True
-2.8786469,True
-2.6974401,True
-2.5656517,True
-1.656773,True
-1.5573919,True
-0.82492256,True
-2.0931885,True
-1.9324386,True
-1.7549781,True
-0.8498389,True
-0.83224916,True
-0.7976163,True
-1.5048468,True
-1.7298833,True
-2.0807261,True
-1.540278,True
-2.1301298,True
-1.9484969,True
-2.6487544,True
-2.5633755,True
-2.4023788,True
-1.7903979,True
-1.9134451,True
-1.9871173,True
-2.387374,True
-1.8799155,True
-2.021251,True
-2.0300817,True
-2.4426427,True
-1.9787616,True
-1.7856239,True
-1.4877812,True
-1.9750104,True
-2.2501023,True
-2.60908,True
-1.8056731,True
-1.319978,True
-0.7072732,True
-1.6757383,True
-2.3607132,True
-2.793769,True
-2.528053,True
-2.8570533,True
-2.6596613,True
-2.8457627,True
-2.9282818,True
-3.0387564,True
-3.0109997,True
-2.7983391,True
-2.7350314,True
-2.762,True
-2.5553184,True
-2.2647555,True
-2.4021606,True
-2.40733,True
-2.623419,True
-2.7229493,True
-2.8942776,True
-2.7810423,True
-2.851892,True
-2.4834933,True
-2.6214244,True
-2.3901863,True
-2.699744,True
-2.6353896,True
-2.4369118,True
-2.4727223,True
-1.1835095,True
-1.2307991,True
-0.57222676,True
-1.8824313,True
-0.08671327,True
1.21473,True
2.9724362,True
1.4327137,True
1.6180496,True
0.7351403,True
0.7558081,True
-0.6414002,True
-1.1391276,True
0.080644116,True
1.383909,True
3.5037887,True
4.8625503,True
4.6763687,True
5.406256,True
3.8084953,True
4.0375457,True
2.9516888,True
1.4102315,True
-0.18021952,True
-2.3443265,True
-2.3141196,True
-1.924201,True
0.12741227,True
0.84763384,True
2.731244,True
1.8838651,True
1.6843596,True
-0.61862516,True
-1.3602521,True
-0.22438295,True
-0.14834641,True
-0.09861128,True
-3.1087604,True
-2.2152958,True
-0.55752265,True
0.532615,True
0.023730384,True
-0.13007487,True
0.048381187,True
2.0424373,True
2.282669,True
0.93657386,True
0.22780894,True
-0.8998051,True
0.42981967,True
2.464888,True
2.298173,True
0.017269062,True
-2.1940422,True
-2.6808863,True
-1.1358496,True
-1.2156641,True
-1.1984332,True
-2.2386942,True
-0.48602796,True
0.5556047,True
2.1999593,True
1.3449491,True
0.9076296,True
-0.06435429,True
-2.0613973,True
-2.3266506,True
-2.3592584,True
-1.2421485,True
0.16106531,True
0.4420784,True
-0.007492451,True
-1.667339,True
-1.3981473,True
-0.5318441,True
-1.1501081,True
-0.63472015,True
-1.0500187,True
-2.1763887,True
-2.1693232,True
-2.6885383,True
-2.5913584,True
-2.6630418,True
-2.3239312,True
-2.1629715,True
-2.1245937,True
-1.9724989,True
-1.8359346,True
-2.1964738,True
-1.8891507,True
-1.7959777,True
-1.6097006,True
-1.7116649,True
-1.5785352,True
-1.8025136,True
-1.7797956,True
-1.1641665,True
3.341118,True
1.8719295,True
0.8277797,True
-0.48362422,True
-0.24645837,True
-0.21154085,True
0.477051,True
0.21311049,True
-0.15603594,True
-2.1033518,True
-1.8839229,True
-2.1679583,True
-1.1764729,True
-0.49731624,True
0.20965505,True
0.0338687,True
-0.15168174,True
0.22022687,True
0.80763084,True
1.7370105,True
1.5924208,True
1.4458122,True
0.37633926,True
-1.6269643,True
-1.8373227,True
-2.016019,True
-1.4242067,True
-0.36864746,True
-0.3443396,True
0.6975832,True
-0.010273142,True
0.007862823,True
-2.473156,True
-2.4826171,True
-2.327051,True
-2.0627146,True
-0.64847326,True
-0.23385525,True
0.91713786,True
-0.86194724,True
-1.5392926,True
-1.4184663,True
-1.1145912,True
-0.86037046,True
-1.6356944,True
-2.0894618,True
-2.2469883,True
-2.4028819,True
-2.4549963,True
-1.3681632,True
-1.1413084,True
-0.8863111,True
-0.8685297,True
-1.1020908,True
0.11063701,True
0.17955263,True
1.5930156,True
3.1994023,True
2.4752178,True
1.6560472,True
0.10959901,True
-0.6703188,True
-0.4621422,True
0.58755434,True
-0.2449034,True
-1.0955479,True
-0.8101738,True
0.058398627,True
0.18760128,True
-1.3632324,True
-0.5823314,True
0.77076024,True
2.4715514,True
1.6708711,True
2.3909574,True
2.7204578,True
2.2320223,True
2.0288382,True
1.7900877,True
4.361595,True
4.5985866,True
4.0523005,True
2.2941787,True
2.2287335,True
0.6457689,True
-0.48703533,True
-1.3601515,True
-2.576848,True
-1.8731549,True
-1.351356,True
-1.5565727,True
-1.9566545,True
-1.8818885,True
-1.6078337,True
-1.7045273,True
-1.8287885,True
-2.434476,True
-1.533686,True
-1.9185928,True
-0.9286512,True
-0.53261065,True
0.1747763,True
-0.1874548,True
-1.2655559,True
-1.0106543,True
-0.6567932,True
-0.6817757,True
-1.7589825,True
-1.958612,True
-1.6394521,True
-1.6623255,True
0.2984298,True
0.60421026,True
0.81513256,True
-0.5338478,True
-1.8419459,True
-0.518391,True
0.37370837,True
1.6007094,True
-0.88586926,True
-1.1887685,True
-1.4072229,True
-1.0214734,True
-0.9694002,True
-1.3561006,True
-1.7815287,True
-1.449089,True
-2.092541,True
-1.6603603,True
-0.6029406,True
-0.110247135,True
0.56110317,True
-1.0888942,True
-1.2418902,True
-1.3270085,True
-0.18855686,True
-0.6807358,True
0.07975468,True
-1.3495498,True
-0.696832,True
-1.5480851,True
-1.5243216,True
-0.90402186,True
-0.072007224,True
0.9849242,True
3.2111876,True
2.3855016,True
2.3563488,True
-0.74420965,True
-1.9242184,True
-2.5756888,True
-2.4511206,True
-2.0658336,True
-1.3646759,True
-0.81646657,True
0.40305942,True
0.4706735,True
0.041316107,True
-0.3721098,True
-1.1327382,True
-0.0883905,True
0.21665436,True
0.33821929,True
1.2948393,True
-0.39317754,True
1.1438019,True
-0.6145443,True
0.4708936,True
-0.01638168,True
0.26742688,True
0.4233169,True
-0.10430329,True
0.8310717,True
2.5160532,True
4.1879783,True
2.8521004,True
0.6101105,True
-0.9151654,True
-1.2053292,True
-1.4939953,True
-1.1672087,True
-0.8180271,True
1.3111843,True
2.3195572,True
2.1557515,True
-0.1482775,True
-0.5623982,True
0.6139548,True
2.756687,True
4.19553,True
2.275236,True
1.2283845,True
1.1367697,True
2.714656,True
3.8030784,True
3.4797394,True
3.334379,True
2.38525,True
1.2961109,True
1.5363618,True
1.7194291,True
3.0002437,True
2.6661267,True
1.8562317,True
1.341197,True
0.85794026,True
-0.22603448,True
-1.8075191,True
-0.83272964,True
0.8182495,True
1.171617,True
1.8735754,True
1.4827664,True
2.6788359,True
2.7878885,True
3.2828887,True
3.5941868,True
4.119911,True
3.5588078,True
1.9041836,True
-1.3528764,True
-2.2654948,True
-1.7058786,True
-1.284922,True
-0.8018643,True
-0.80700845,True
0.60976964,True
1.8479344,True
4.0268903,True
4.287355,True
3.9974403,True
3.0401456,True
3.1616087,True
2.9210846,True
3.0485232,True
1.7652704,True
0.23918827,True
-1.061075,True
-1.8597827,True
-1.6351036,True
-0.6681511,True
-0.8163864,True
-0.08601295,True
-0.02521932,True
0.5679903,True
0.58448195,True
-0.5276089,True
-1.6463623,True
-1.1985219,True
-0.74091965,True
-0.714349,True
-1.6499034,True
-1.048248,True
-1.6214577,True
-0.6301723,True
-1.3358083,True
-0.6088623,True
0.043241814,True
0.028337078,True
-0.7151635,True
-1.9877167,True
-1.94678,True
-1.7298939,True
-0.6625612,True
-0.6456923,True
-1.0360757,True
-1.4475865,True
-1.5155214,True
-1.4355401,True
-1.9451606,True
-2.4316893,True
-1.9770013,True
-1.8772775,True
-1.6366088,True
-1.1214389,True
-0.7722962,True
-0.89141893,True
-1.6554947,True
-2.2995563,True
-2.2090778,True
-1.880121,True
-2.1078386,True
-1.9740394,True
-1.9470772,True
-2.1949582,True
-2.0434015,True
-1.629187,True
-1.4359742,True
-0.9359091,True
-1.7765453,True
-2.0846462,True
-2.5085824,True
-1.7303112,True
-1.948512,True
-1.1806006,True
-2.2087722,True
-2.1238642,True
-2.4956076,True
-1.2743045,True
-1.5553379,True
-0.10150468,True
-0.9341336,True
-0.13749886,True
-0.5858991,True
-1.1822336,True
-1.3291607,True
-2.154754,True
-2.1754856,True
-2.6427839,True
-1.5650911,True
-1.9500428,True
-1.4657362,True
-2.1631663,True
-1.6362748,True
-3.057093,True
-2.7369266,True
-1.981553,True
-2.002338,True
-1.8505287,True
-2.6155324,True
-2.606679,True
-2.9294422,True
-2.7628274,True
-2.547282,True
-2.597777,True
-2.550384,True
-2.7315543,True
-2.8021293,True
-2.6042566,True
-2.752816,True
-2.726462,True
-3.0824738,True
-3.1123524,True
-2.858669,True
-2.4189556,True
-2.304526,True
-2.6621363,True
-2.729491,True
-2.1198277,True
-2.0779338,True
-2.3922362,True
-2.18399,True
-2.415702,True
-2.6054783,True
-2.6693964,True
-2.638384,True
-2.6716383,True
-2.613468,True
-2.518915,True
-2.8542082,True
-2.750557,True
-2.7775228,True
-2.319908,True
-2.0705125,True
-2.113362,True
-2.521615,True
-2.2681909,True
-2.4839892,True
-2.3057086,True
-2.6193316,True
-2.2706141,True
-2.4548805,True
-2.6925094,True
-2.807547,True
-3.01986,True
-2.7348878,True
-2.5317917,True
-2.2721338,True
-2.3343031,True
-2.587785,True
-2.6444075,True
-2.3612494,True
-2.701314,True
-2.4308438,True
-2.5019743,True
-2.2505555,True
-2.4865744,True
-2.4947038,True
-2.550742,True
-2.416175,True
-1.58034,True
-1.8884609,True
-1.7253715,True
-2.5956328,True
-2.2389827,True
-2.189216,True
-1.7201039,True
-1.8316185,True
-2.059293,True
-2.0660548,True
-2.2435277,True
-2.3860266,True
-2.6505654,True
-2.7538412,True
-2.4524722,True
-2.7505767,True
-2.553663,True
-2.8205085,True
-2.8185756,True
-2.5941906,True
-2.2911627,True
-2.2928576,True
-2.3669724,True
-2.7545648,True
-2.4112504,True
-2.2357879,True
-2.1746516,True
-1.802583,True
-2.5013986,True
-1.6213703,True
-1.8870313,True
-2.0457184,True
-2.3021286,True
-2.489512,True
-2.6293015,True
-2.2631521,True
-2.4426417,True
-2.3519418,True
-2.2214992,True
-2.382426,True
-1.5492175,True
-1.7390785,True
-1.5786107,True
-1.6459554,True
-2.0331101,True
-2.6089232,True
-2.6533957,True
-2.8261285,True
-2.7218914,True
-2.6502903,True
-2.6594546,True
-2.7002993,True
-3.2596169,True
-3.3295012,True
-3.7602305,True
-3.202012,True
-3.0682545,True
-2.6908126,True
-3.084955,True
-2.8721302,True
-2.6953063,True
-2.5415597,True
-2.3855288,True
-2.5732179,True
-3.1482685,True
-2.67648,True
-3.0266907,True
-3.025463,True
-2.8021293,True
-2.6691093,True
-1.8233984,True
-1.1557933,True
-1.0121783,True
-1.0968932,True
-2.605373,True
-1.6780705,True
-1.7263947,True
-1.1106839,True
-1.7475672,True
-2.0227375,True
-2.3426178,True
-2.3484564,True
-2.9064827,True
-2.4259973,True
-2.5320039,True
-2.703671,True
-2.8608327,True
-2.5317762,True
-2.5109403,True
-1.9019744,True
-2.4154968,True
-2.655489,True
-2.5712795,True
-2.602506,True
-2.415576,True
-2.2122898,True
-2.2778306,True
-1.9509481,True
-1.2332296,True
-1.6111492,True
-1.8286902,True
-2.5242853,True
-2.3257153,True
-2.4690719,True
-2.2317758,True
-2.1638644,True
-2.5546474,True
-2.5317633,True
-3.0633552,True
-2.5942838,True
-2.587287,True
-2.3766408,True
-2.5003088,True
-2.6158934,True
-2.7439482,True
-2.8312526,True
-2.9597776,True
-2.1730185,True
-2.371123,True
-1.6965928,True
-2.6696439,True
-2.2788262,True
-2.084437,True
-2.4169333,True
-2.1644392,True
-2.4194727,True
-1.9131455,True
-2.5443351,True
-2.472398,True
-2.726949,True
-2.746514,True
-2.952134,True
-3.066682,True
-2.897262,True
-2.6163745,True
-2.488757,True
-1.6606125,True
-2.1278734,True
-1.8970554,True
-2.812272,True
-2.493035,True
-2.6999345,True
-2.4774182,True
-2.5985422,True
-2.8089583,True
-2.8724883,True
-2.884832,True
-2.5845337,True
-2.4587173,True
-2.720821,True
-2.2910402,True
-2.4403052,True
-2.708771,True
-3.0739474,False
-3.1899986,False
-2.6998618,False
-2.8453286,False
-2.8080885,False
-3.0916755,False
-3.1962698,False
-3.0108752,False
-3.0548863,False
-2.9056194,False
-2.6171253,False
-2.4620721,False
-3.3019154,False
-3.9996474,False
-4.1440864,False
-2.7201579,False
-2.8971865,False
-2.6236424,False
-3.2695343,False
-3.385971,False
-3.8763275,False
-3.77423,False
-3.8252044,False
-3.3677807,False
-4.6662436,False
-4.749717,False
-4.6431417,False
-4.290975,False
-4.440976,False
-4.3682303,False
-4.5733614,False
-4.409346,False
-4.307316,False
-4.4093876,False
-4.4424634,False
-4.038497,False
-4.068852,False
-4.401909,False
-4.704882,False
-4.372874,False
-4.5687723,False
-4.655208,False
-4.509184,False
-4.622861,False
-4.4658313,False
-4.7970943,False
-4.3737574,False
-4.1016374,False
-4.324287,False
-4.324347,False
-4.265893,False
-4.155867,False
-4.283852,False
-4.4930434,False
-4.6733627,False
-4.241276,False
-4.6361203,False
-4.8017206,False
-4.9136257,False
-4.7059155,False
-4.683665,False
-4.8123903,False
-4.697695,False
-4.7984614,False
-5.051827,False
-4.59093,False
-4.748613,False
-4.542234,False
-4.515281,False
-4.4263663,False
-4.440267,False
-4.333251,False
-4.6034546,False
-4.4953017,False
-4.1874533,False
-4.1599674,False
-4.557609,False
-3.8392332,False
-3.9867034,False
-3.6763988,False
-3.9467077,False
-4.105945,False
-4.448884,False
-4.1600075,False
-4.0920405,False
-3.8732057,False
-3.9330435,False
-3.494432,False
-3.3818862,False
-3.2732298,False
-3.5842175,False
-3.701488,False
-3.75481,False
-4.023267,False
-4.4129095,False
-4.5978,False
-4.537271,False
-4.5547066,False
-4.1281753,False
-3.761446,False
-4.049627,False
-4.2308083,False
-4.1764064,False
-3.6414666,False
-4.1764145,False
-3.7893057,False
-3.8154395,False
-3.926483,False
-4.354546,False
-4.1337905,False
-4.1442943,False
-3.8838072,False
-3.677003,False
-3.8603907,False
-3.4889941,False
-3.840637,False
-3.4716656,False
-3.917366,False
-4.1968527,False
-4.293286,False
-4.039752,False
-3.593168,False
-3.9329422,False
-2.655879,False
-2.8849645,False
-2.7139144,False
-3.1680408,False
-3.0399246,False
-2.9289086,False
-2.7592647,False
-2.6544843,False
-2.5167584,False
-2.9821098,False
-2.991177,False
-2.9225953,False
-2.9667933,False
-2.8694675,False
-3.1565585,False
-2.9397037,False
-2.717155,False
-3.0641446,False
-2.8414295,False
-2.9462128,False
-2.719789,False
-2.696031,False
-3.0168257,False
-3.10247,False
-2.8520896,False
-2.5104623,False
-3.0650918,False
-2.9261277,False
-2.7415357,False
-2.7851832,False
-2.965363,False
-2.7972574,False
-2.9107904,False
-2.863243,False
-2.9902947,False
-2.964757,False
-2.595405,False
-2.6694374,False
-2.3133545,False
-2.715369,False
-2.761774,False
-2.823462,False
-2.8536077,False
-2.9274256,False
-2.8207538,False
-2.71548,False
-2.7339478,False
-2.80403,False
-2.9325724,False
-2.8368552,False
-2.7120543,False
-2.6818893,False
-2.7435684,False
-2.9479325,False
-2.7348652,False
-2.8923402,False
-2.5796294,False
-2.9659967,False
-2.774042,False
-2.9202416,False
-2.6975813,False
-3.0514076,False
-3.0249321,False
-3.2224998,False
-3.1936617,False
-3.2353039,False
-3.305263,False
-3.497548,False
-3.7680542,False
-3.7974946,False
-3.5570316,False
-3.344943,False
-3.3217027,False
-3.6988204,False
-3.756076,False
-4.0229716,False
-3.7336922,False
-3.6462257,False
-3.7196093,False
-4.388989,False
-4.8045635,False
-3.936336,False
-3.456649,False
-2.8829324,False
-3.1388745,False
-3.262808,False
-3.1787596,False
-3.2214336,False
-3.1278703,False
-3.8114538,False
-3.7640479,False
-3.5822775,False
-3.8351982,False
-3.702463,False
-3.952543,False
-4.0135756,False
-3.8402345,False
-3.2670097,False
-3.1181788,False
-3.0227935,False
-3.3499665,False
-3.488148,False
-3.4250822,False
-3.1154797,False
-3.1857555,False
-3.0721693,False
-3.1751392,False
-2.9296017,False
-2.796987,False
-2.7475069,False
-3.0993178,False
-2.9308786,False
-2.6354814,False
-3.0534837,False
-3.076779,False
-3.1315978,False
-2.9258387,False
-2.6243527,False
-2.9131258,False
-3.3745637,False
-3.3185265,False
-2.9234943,False
-2.9155242,False
-3.0993195,False
-3.0132015,False
-2.9678514,False
-2.9107654,False
-3.1064382,False
-3.126868,False
-3.13043,False
-3.0398245,False
-3.2040048,False
-3.0177402,False
-2.9959161,False
-2.892863,False
-2.8319554,False
-2.687937,False
-2.849225,False
-3.251478,False
-3.3920538,False
-3.1238499,False
-2.7898924,False
-2.9485595,False
-3.5491796,False
-3.7342334,False
-3.271308,False
-3.1831138,False
-3.187786,False
-3.205102,False
-3.0132272,False
-2.8396857,False
-3.2891455,False
-3.3540776,False
-3.1911726,False
-3.3809817,False
-3.3759325,False
-3.4695942,False
-3.1167343,False
-3.440346,False
-3.3545156,False
-3.551325,False
-3.7865224,False
-3.5946155,False
-3.6127658,False
-3.5055935,False
-2.4149237,False
-2.61779,False
-2.790999,False
-2.7689333,False
-3.2258046,False
-3.3620849,False
-3.956488,False
-3.5515745,False
-3.4165847,False
-2.965625,False
-3.2106032,False
-2.548335,False
-2.886642,False
-2.7088323,False
-2.9786775,False
-2.8590767,False
-3.166693,False
-3.1675901,False
-2.9438648,False
-2.6741502,False
-2.7436838,False
-2.8957987,False
-2.7007933,False
-2.9824224,False
-2.8910985,False
-3.0886955,False
-2.8577847,False
-2.6483102,False
-2.80795,False
-2.8796608,False
-2.6450224,False
-2.6630259,False
-2.6077425,False
-2.6243649,False
-2.8480659,False
-2.8629363,False
-3.0018983,False
-3.0779634,False
-3.112677,False
-3.1691031,False
-3.0566263,False
-2.9338555,False
-3.1630628,False
-3.1398296,False
-3.2681243,False
-3.5862129,False
-3.082852,False
-3.1324937,False
-3.1628916,False
-3.4540722,False
-3.8857086,False
-3.4298515,False
-3.2725177,False
-3.1580544,False
-2.9785323,False
-2.9476974,False
-2.6187863,False
-2.7682066,False
-2.6585226,False
-2.9204893,False
-3.2006357,False
-2.7104845,False
-2.8868861,False
-2.9277868,False
-2.9799235,False
-2.819641,False
-2.3847134,False
-2.8221474,False
-3.1186879,False
-3.0547268,False
-3.1500554,False
-2.9526098,False
-3.0640314,False
-2.7249188,False
-2.6708593,False
-2.7136464,False
-2.694004,False
-3.1855888,False
-3.3912926,False
-3.5178032,False
-3.0962174,False
-2.847017,False
-2.9415674,False
-2.6176176,False
-2.9597626,False
-2.703633,False
-3.0459557,False
-2.9992392,False
-3.1012452,False
-2.8299835,False
-3.1610641,False
-2.853915,False
-3.1002622,False
-3.1110501,False
-3.0561295,False
-2.647293,False
-2.6215477,False
-2.90413,False
-2.8604147,False
-3.1018784,False
-3.3594277,False
-3.4099736,False
-2.857542,False
-3.4287329,False
-3.6448362,False
-3.4355423,False
-3.2714257,False
-3.4519427,False
-3.4804633,False
-3.6692693,False
-3.2839363,False
-3.2951353,False
-3.1637647,False
-3.1508074,False
-2.8877103,False
-3.380657,False
-3.698586,False
-3.1906874,False
-3.0970535,False
-3.0898404,False
-3.138164,False
-3.346351,False
-3.035298,False
-3.042062,False
-2.8484037,False
-2.8653286,False
-3.088256,False
-2.8035336,False
-2.8216743,False
-2.8799381,False
-2.5376525,False
-2.3300993,False
-2.660408,False
-2.705983,False
-2.790386,False
-2.7013288,False
-2.762832,False
-2.629687,False
-2.697302,False
-2.8097994,False
-2.677764,False
-3.1102967,False
-2.6308477,False
-2.7503846,False
-2.8137558,False
-2.9449458,False
-2.6389182,False
-2.9802096,False
-3.0464869,False
-3.0342753,False
-3.2059681,False
-3.0380354,False
-2.802164,False
-2.8636012,False
-3.123456,False
-3.0860107,False
-2.9055188,False
-3.244311,False
-3.494994,False
-3.4479232,False
-3.3115914,False
-3.235684,False
-2.9974422,False
-2.5348861,False
-2.6751993,False
-2.6893654,False
-2.6811962,False
-2.8264065,False
-2.7422528,False
-2.677184,False
-2.8028743,False
-2.737738,False
-2.7193656,False
-2.793098,False
-2.8205702,False
-2.8033433,False
-2.4250152,False
-2.7764802,False
-2.6736429,False
-2.52178,False
-2.858655,False
-3.3689442,False
-3.095808,False
-2.8106163,False
-3.0032663,False
-2.6545763,False
-2.9426773,False
-3.3652196,False
-3.1923156,False
-3.3733442,False
-2.8352652,False
-2.9715748,False
-3.0814915,False
-2.839001,False
-2.9786644,False
-2.978174,False
-2.7572846,False
-3.0302758,False
-3.2242196,False
-3.2789958,False
-2.8913574,False
-2.8297217,False
-2.629697,False
-3.0742433,False
-2.8207242,False
-3.192731,False
-2.975482,False
-3.3329036,False
-3.358025,False
-3.3199296,False
-3.6199765,False
-3.5484016,False
-2.7031236,False
-3.0260105,False
-3.4894974,False
-3.7496378,False
-3.6158063,False
-3.8697095,False
-3.7849803,False
-3.9319468,False
-3.7203453,False
-3.4952614,False
-3.8193374,False
-4.1113234,False
-4.248792,False
-4.332622,False
-4.1173253,False
-3.843155,False
-3.6756957,False
-4.011061,False
-4.0723515,False
-4.323017,False
-3.807972,False
-3.8440108,False
-3.3366609,False
-3.4337397,False
-3.6120136,False
-3.3008823,False
-3.6339586,False
-3.670235,False
-3.9217305,False
-3.9926794,False
-4.191186,False
-4.1116266,False
-4.0313644,False
-4.3609557,False
-4.1968203,False
-3.8898401,False
-3.8718522,False
-3.8484914,False
-3.8237057,False
-3.982846,False
-4.364755,False
-4.4142404,False
-4.741603,False
-4.4987655,False
-4.168118,False
-3.4972727,False
-3.3578436,False
-2.610749,False
-2.9683192,False
-3.3522134,False
-3.4295652,False
-3.0142784,False
-3.0698972,False
-2.6765625,False
-2.7803042,False
-2.4615161,False
-2.922254,False
-3.0477788,False
-2.658656,False
-2.586771,False
-2.7398224,False
-3.2864234,False
-3.5564694,False
-3.3453276,False
-3.1894321,False
-2.864143,False
-2.471155,False
-2.5308557,False
-2.7822063,False
-2.8859658,False
-2.7924652,False
-2.832347,False
-3.0959423,False
-3.1214683,False
-2.6374042,False
-2.6175687,False
-2.5607522,False
-2.8807852,False
-3.3087354,False
-3.1261077,False
-2.8536928,False
-3.2107859,False
-2.5385566,True
-2.3452458,True
-3.1862905,False
-3.2048602,False
-2.8379996,False
-2.3206992,False
-2.4530802,False
-2.9193082,False
-2.740206,False
-3.1588008,False
-2.465165,False
-2.6470547,True
-3.417701,True
-2.6665893,True
-2.7482204,True
-2.7679813,True
-2.5571449,True
-2.5737774,True
-2.6736321,True
-2.8457808,True
-2.4645762,True
-2.9917545,True
-2.5542061,True
-2.4623322,True
-1.1248118,True
-2.8524268,True
-2.3500152,True
-1.7511934,True
-2.9899454,True
-1.819026,True
-2.8560042,True
-0.64025927,True
-0.035544008,True
-1.070515,True
-1.0777675,True
-1.5754431,True
-1.7800823,True
-2.473658,True
-0.852015,True
-1.1305182,True
-0.33536112,True
-0.10518496,True
-1.611165,True
-1.0219092,True
-0.67451936,True
-0.84829307,True
1.4576384,True
0.9673562,True
1.0854632,True
-0.9915096,True
-1.0651786,True
-2.5553758,True
-2.6367006,True
-2.9003148,True
-2.7966187,True
-2.6068635,True
-2.981501,False
-3.0478504,False
-2.7327974,False
-2.6772382,False
-2.6081367,False
-2.4119544,False
-2.0802906,False
-2.4970922,False
-2.4243305,False
-2.443196,False
-2.6221662,False
-2.439999,False
-2.2321353,False
-2.279193,False
-2.1043963,False
-2.2999637,False
-2.1969826,False
-2.1978025,False
-2.3075407,False
-2.5248227,False
-2.4518561,False
-2.6198301,False
-2.324409,False
-2.9049103,False
-2.5203207,False
-2.6637502,False
-2.540441,False
-2.4671097,False
-2.446328,False
-2.5078442,False
-2.9091878,False
-3.195137,False
-3.3649044,False
-2.9083364,False
-2.753978,False
-2.875194,False
-2.4396255,False
-2.3338554,False
-2.798979,False
-2.7350295,False
-3.0586598,False
-2.407876,False
-2.6203635,False
-2.6168911,False
-2.805029,False
-2.9061663,False
-2.6484249,False
-2.653623,False
-3.2250092,False
-2.1683507,False
-2.3572798,True
-3.171773,True
-2.9066925,True
-1.2286317,True
-1.1643643,True
-2.554472,True
-2.5558004,True
-2.6328642,True
-2.06346,True
-2.2614183,True
-1.843394,True
-2.2846508,True
-1.7961276,True
-2.162547,True
-2.6097345,True
-2.5222006,True
-1.9973612,True
-2.2626662,True
-2.5332112,True
-2.1100206,True
-2.19142,True
-2.4042242,True
-2.6626596,True
-2.1992931,True
-1.5936773,True
-2.0198097,True
-2.1490066,True
-2.5937974,True
-2.4979239,True
-2.4058511,True
-1.9678969,True
-2.0564375,True
-1.8073965,True
-2.111777,True
-2.2283075,True
-2.4084446,True
-2.345809,True
-2.3846898,True
-2.2884324,True
-2.5747333,True
-2.6512861,True
-2.6153808,True
-2.6894448,True
-2.3835473,True
-2.9122784,True
-2.8926747,True
-2.7401114,True
-2.9666653,True
-3.2070248,True
-3.0904064,True
-2.8555155,True
-2.6568978,True
-2.5871458,True
-2.608135,True
-2.450397,True
-2.7564898,True
-2.9649994,True
-2.9176376,True
-3.3300173,True
-2.911861,True
-2.489963,True
-2.544263,True
-2.7437813,True
-2.6073885,True
-2.8678393,True
-2.5391796,True
-2.5988564,True
-2.7272007,True
-2.406708,True
-2.5438776,True
-2.8007102,True
-3.014343,True
-2.4248044,True
-2.1848176,True
-2.3261924,True
-2.7612472,True
-2.6406786,True
-2.6854181,True
-2.6645594,True
-2.4274676,True
-2.1011655,True
-2.4567215,True
-2.3822298,True
-2.197621,True
-2.441992,True
-2.6771798,True
-2.354796,True
-2.2638803,True
-2.2606773,True
-2.4444857,True
-2.286564,True
-2.7584999,True
-2.852073,True
-3.2860422,True
-3.3533235,True
-3.496446,True
-3.2411153,True
-3.0844188,True
-3.003395,True
-3.1644287,True
-3.5089362,True
-3.5492237,True
-3.04433,True
-2.843176,True
-2.6311426,True
-2.9586494,True
-3.289899,True
-3.0854013,True
-2.993218,True
-2.350673,True
-2.6032887,True
-2.5629601,True
-2.6477723,True
-3.1930802,True
-2.0794399,True
-1.3968817,True
-0.85233057,True
-1.2981048,True
-2.0103648,True
-2.2531066,True
-2.0726514,True
-3.1930094,False
-3.0984132,False
-3.3446894,False
-2.8467124,False
-2.8205462,False
-2.2412357,False
-2.4099557,False
-2.1802392,False
-2.1626842,False
-2.1393018,False
-2.3881354,False
-2.7437685,False
-2.955698,False
-3.6974378,False
-3.9778438,False
-3.7788668,False
-3.140368,False
-3.2208455,False
-3.4971967,False
-4.3346257,False
-2.3335645,False
-2.6105037,False
-2.4253483,False
-2.3588686,False
-2.2452683,False
-2.319739,False
-2.289156,False
-2.3941212,False
-2.3463314,False
-2.2309575,False
-2.4156432,False
-2.5917947,False
-2.7137089,False
-2.5111806,False
-2.2102902,False
-2.2132912,False
-2.3348982,False
-2.0362396,False
-2.1165328,False
-2.5306172,False
-2.7289164,False
-3.0642874,False
-2.3692138,False
-2.717802,False
-3.0384276,False
-2.7999732,False
-2.6497798,False
-2.6457486,False
-2.4421558,False
-2.5274525,False
-2.3358061,False
-2.222589,False
-2.1304643,False
-2.0908282,False
-2.0929203,False
-2.292717,False
-2.041532,False
-2.0223742,False
-1.9266763,False
-2.0839434,False
-2.0530872,False
-2.0662959,False
-2.216884,False
-2.2516837,False
-2.5752902,False
-2.8559735,False
-3.001065,False
-2.659249,False
-2.6507971,False
-2.4488945,False
-2.652384,False
-2.1595914,False
-2.1793647,False
-2.343093,False
-2.2600553,False
-2.8840375,False
-2.3115394,False
-2.617663,False
-2.6333568,False
-2.430239,False
-2.182118,False
-2.116161,False
-2.3913116,False
-2.285104,False
-2.3941464,False
-2.0132542,False
-2.10999,False
-2.0810204,False
-1.9450485,False
-2.170846,False
-2.4814143,False
-2.6026978,False
-2.2831595,False
-2.2720997,False
-2.4323518,False
-2.347847,False
-2.227788,False
-2.0749702,False
-2.283771,False
-2.0122654,False
-2.1975238,False
-2.0851357,False
-2.2708092,False
-2.3004005,False
-2.333137,False
-2.2823224,False
-2.0344973,False
-2.3135502,False
-2.358984,False
-2.4985437,False
-2.521468,False
-2.3964229,False
-2.3860154,False
-2.4899623,False
-2.2584915,False
-2.478358,False
-2.5686982,False
-2.445879,False
-2.333518,False
-2.6697507,False
-2.327533,False
-2.3582747,False
-2.4122427,False
-2.3061264,False
-2.5392904,False
-2.3398933,False
-2.2927897,False
-2.6983745,False
-2.4602811,False
-2.5759146,False
-2.500145,False
-2.3024564,False
-2.6988904,False
-2.577971,False
-2.7272208,False
-2.641335,False
-2.4912086,False
-2.4483624,False
-2.4694362,False
-2.6501215,False
-2.5997264,False
-2.2238958,False
-1.9052575,False
-2.0227356,False
-2.2796295,False
-2.270111,False
-2.218847,False
-2.1910956,False
-2.2103975,False
-2.344402,False
-2.8039446,False
-2.7003224,False
-2.5251818,False
-2.585226,False
-2.7229319,False
-2.548424,False
-2.652079,False
-2.7506626,False
-2.7281466,False
-2.4990387,False
-2.4545116,False
-2.5961037,False
-2.6955595,False
-2.684305,False
-2.3312583,False
-2.4595613,False
-2.1187382,False
-2.177648,False
-2.3205884,False
-2.338984,False
-2.157489,False
-2.3414571,False
-2.5936298,False
-2.72852,False
-2.8518014,False
-3.0386686,False
-2.8744233,False
-2.8719997,False
-2.7895486,False
-2.762879,False
-2.8847523,False
-2.73763,False
-2.884684,False
-2.922265,False
-2.9252262,False
-2.6141841,False
-2.515609,False
-2.8841867,False
-2.5538197,False
-3.5107026,False
-3.0368986,False
-3.3894918,False
-3.7153862,False
-3.4312973,False
-3.3733194,False
-3.1705754,False
-3.482724,False
-3.5165002,False
-3.322263,False
-3.6900554,False
-3.5418184,False
-3.7974958,False
-3.7153456,False
-3.584112,False
-3.1110442,False
-3.143883,False
-3.6561868,False
-3.235953,False
-3.5497966,False
-3.5182483,False
-3.7627535,False
-3.5391114,False
-3.5815248,False
-3.5369327,False
-3.8786669,False
-3.6729002,False
-3.924961,False
-3.4930801,False
-3.6814513,False
-3.0907416,False
-2.6342964,False
-2.9581404,False
-3.2073967,False
-3.907086,False
-3.4963863,False
-3.3489792,False
-3.6612566,False
-3.849451,False
-3.9483142,False
-4.4474053,False
-4.224327,False
-3.7102377,False
-3.5777433,False
-3.217343,False
-3.9205532,False
-3.328927,False
-3.7797058,False
-3.5345354,False
-3.1798148,False
-3.1217842,False
-3.3769338,False
-3.4530954,False
-4.110282,False
-3.6954434,False
-4.1216054,False
-3.7537305,False
-3.54827,False
-3.6621845,False
-3.5941358,False
-4.5484633,False
-4.4769125,False
-4.0629897,False
-3.4237063,False
-3.5919266,False
-3.7031484,False
-4.0512652,False
-3.8026214,False
-3.442744,False
-3.666086,False
-4.2423267,False
-4.3877225,False
-4.6232796,False
-4.6965265,False
-4.4645324,False
-4.4268427,False
-4.981648,False
-4.678806,False
-4.479777,False
-4.518174,False
-4.2913995,False
-4.0028887,False
-4.356314,False
-4.138461,False
-3.753107,False
-3.5782628,False
-3.6351166,False
-3.8684015,False
-3.5920286,False
-3.9348674,False
-5.829869,False
-6.5859017,False
-5.603758,False
-3.9124527,False
-3.439982,False
-3.2879717,False
-3.9666595,False
-3.8064651,False
-3.7763946,False
-3.3531818,False
-3.3541293,False
-3.5339339,False
-3.5465698,False
-4.000545,False
-3.3167295,False
-3.0023193,False
-3.2719374,False
-3.6825638,False
-3.9236884,False
-4.1001534,False
-3.7968397,False
-3.3476195,False
-3.6790874,False
-3.4341645,False
-3.5390992,False
-3.6513364,False
-3.9276948,False
-3.735488,False
-3.1796227,False
-2.9940047,False
-3.4868584,False
-3.351323,False
-2.7948463,False
-2.9810097,False
-3.133574,False
-3.22067,False
-3.2633014,False
-3.1572485,False
-3.6845741,False
-4.091195,False
-3.5770018,False
-3.7958436,False
-3.6979392,False
-3.8298776,False
-3.892597,False
-3.1423116,False
-3.722555,False
-4.3473616,False
-4.8601475,False
-5.163322,False
-5.2397413,False
-4.6977463,False
-3.8657837,False
-3.7874951,False
-3.785181,False
-4.2847514,False
-3.4933188,False
-3.1401682,False
-3.6006644,False
-3.0933192,False
-3.2876494,False
-3.7088697,False
-3.5684443,False
-3.6444016,False
-3.456201,False
-3.7349675,False
-4.471766,False
-4.5719876,False
-3.567504,False
-3.084245,False
-3.0964584,False
-3.6551504,False
-3.5194216,False
-3.4564009,False
-3.2327638,False
-3.50548,False
-3.1028514,False
-2.5750039,False
-2.5759768,False
-3.6001494,False
-3.7775297,False
-3.482848,False
-2.8233125,False
-2.658661,False
-2.9315841,False
-2.9521408,False
-2.8504732,False
-2.4215162,False
-3.2536433,False
-3.5071518,False
-3.069316,False
-3.5773382,False
-4.142753,False
-3.9842024,False
-3.4379346,False
-3.140081,False
-3.6826024,False
-3.5712538,False
-3.8041196,False
-3.3999104,False
-3.7586765,False
-3.8250806,False
-3.6516712,False
-4.365866,False
-3.922285,False
-2.9169652,False
-2.508896,False
-2.9941702,False
-3.054853,False
-3.0069501,False
-3.6331067,False
-3.4226794,False
-3.7330215,False
-3.5820892,False
-5.0025024,False
-5.2688594,False
-4.6414514,False
-4.91144,False
-3.8406985,False
-3.2941458,False
-3.5504515,False
-3.7037854,False
-3.8227463,False
-3.180648,False
-2.7911086,False
-3.105533,False
-3.2857385,False
-3.7144206,False
-3.0855057,False
-3.3287926,False
-3.9190607,False
-3.8196633,False
-3.6482034,False
-4.2600245,False
-3.6783535,False
-3.9245565,False
-3.2814937,False
-3.906684,False
-3.961608,False
-3.982569,False
-4.261541,False
-3.7797785,False
-4.7495117,False
-4.373796,False
-4.291349,False
-4.890292,False
-4.311315,False
-3.7995884,False
-3.227659,False
-3.8446338,False
-3.86586,False
-4.2290506,False
-4.404508,False
-4.5171313,False
-4.168291,False
-4.1748505,False
-4.0521483,False
-4.2138486,False
-4.088453,False
-3.666739,False
-4.559428,False
-4.0334206,False
-4.574743,False
-3.9582434,False
-3.90687,False
-3.6591918,False
-3.633994,False
-3.9558911,False
-4.3902016,False
-4.833491,False
-3.4733796,False
-3.1015558,False
-3.3266182,False
-3.7900085,False
-4.086654,False
-4.5712056,False
-4.6562057,False
-4.879876,False
-5.830258,False
-5.8175054,False
-5.3304963,False
-4.1244435,False
-3.8412344,False
-4.491904,False
-3.8717394,False
-3.304677,False
-3.983054,False
-4.364617,False
-4.622786,False
-3.825931,False
-3.3395855,False
-2.9895318,False
-2.8492253,False
-3.205728,False
-2.7966285,False
-3.9327762,False
-3.722227,False
-4.0001006,False
-3.4326186,False
-3.7454374,False
-3.0444098,False
-3.3162057,False
-3.7141542,False
-3.7451425,False
-4.443015,False
-4.681502,False
-4.105995,False
-4.03052,False
-3.662063,False
-3.656217,False
-4.1304736,False
-4.130953,False
-3.7405353,False
-4.114273,False
-4.119903,False
-3.7244172,False
-4.2494917,False
-3.8050504,False
-4.3798404,False
-4.966764,False
-3.8208418,False
-3.973978,False
-3.619776,False
-3.759747,False
-3.798262,False
-3.8020103,False
-3.763043,False
-4.0436697,False
-4.393185,False
-3.8596537,False
-3.589471,False
-3.593777,False
-4.1178637,False
-3.9743733,False
-3.8297172,False
-3.9578042,False
-3.9861252,False
-3.820994,False
-4.139425,False
-3.8343847,False
-3.6996284,False
-4.0124884,False
-4.2264924,False
-3.767546,False
-3.4997623,False
-4.4648623,False
-4.519686,False
-4.707223,False
-4.6780915,False
-4.91993,False
-4.1945796,False
-3.8387065,False
-4.0710883,False
-3.939783,False
-3.8950682,False
-3.617463,False
-3.9922767,False
-3.8947964,False
-4.1077957,False
-4.196315,False
-4.3968987,False
-4.5421424,False
-3.8696826,False
-4.0456223,False
-4.443205,False
-4.2001677,False
-4.6681857,False
-4.1764755,False
-4.658324,False
-4.6922855,False
-4.313254,False
-3.9931254,False
-3.8547153,False
-4.522352,False
-4.8831496,False
-4.3400254,False
-4.0145583,False
-3.950567,False
-3.6208649,False
-3.5587473,False
-4.1464086,False
-3.9625444,False
-4.118774,False
-3.8921528,False
-3.8209918,False
-3.7600636,False
-3.1376364,False
-2.6600764,False
-2.6318197,False
-2.49882,False
-2.69713,False
-2.7268424,False
-2.6127656,False
-2.7358022,False
-2.6544569,False
-2.93657,False
-2.628558,False
-2.8416278,False
-2.7903962,False
-3.2455516,False
-3.2438524,False
-3.1476696,False
-3.0927362,False
-2.986678,False
-2.582522,False
-2.91344,False
-2.8780446,False
-2.6864078,False
-2.6375592,False
-2.8576605,False
-3.2378914,False
-2.5027838,False
-2.8843834,False
-2.5575736,False
-2.5605695,False
-2.2925537,False
-2.3528855,False
-2.2243538,False
-2.321699,False
-2.1240857,False
-2.526938,False
-2.3979974,False
-2.7693424,False
-2.822698,False
-2.5868478,False
-2.4890625,False
-2.4064293,False
-2.0393004,False
-2.0165615,False
-2.044714,False
-2.0705771,False
-2.347177,False
-2.7689342,False
-2.710709,False
-3.6041493,False
-3.9164906,False
-4.0915165,False
-3.8008578,False
-3.2269292,False
-2.5864005,False
-2.234882,False
-2.32119,False
-2.119317,False
-2.640565,False
-2.2061205,False
-2.457295,False
-2.187727,False
-2.1928127,False
-2.6710713,False
-2.5826254,False
-3.068364,False
-2.6819634,False
-2.819087,False
-2.0824988,False
-2.2698789,False
-2.0984879,False
-2.6469462,False
-3.0110445,False
-2.4425423,False
-1.466582,False
-1.3629361,False
-1.5673335,False
-2.098734,False
-2.1382825,False
-2.386981,False
-2.1931396,False
-1.8954606,False
-1.8522149,False
-2.0563765,False
-2.9682007,False
-2.9023345,False
-2.4422832,False
-1.8476183,False
-1.722282,False
-1.4562948,False
-1.3790914,False
-1.4256028,False
-1.9508494,False
-2.43896,False
-2.414692,False
-2.3218527,False
-2.6163085,False
-2.4800932,False
-2.71075,False
-2.853662,False
-2.863077,False
-2.769317,False
-2.6249206,False
-2.9451973,False
-2.9201388,False
-2.6237068,False
-2.9089615,False
-2.372665,False
-3.1607602,False
-3.3456883,False
-3.1268775,False
-2.9790947,False
-3.019002,False
-3.0862062,False
-3.0772934,False
-2.911366,False
-3.290161,False
-3.4264488,False
-3.791692,False
-3.5347524,False
-3.2224634,False
-2.600867,False
-2.8509858,False
-3.1222768,False
-2.9341023,False
-2.6706624,False
-2.545484,False
-2.775857,False
-2.7671854,False
-2.5727797,False
-2.5279467,False
-2.6013553,False
-2.7372108,False
-2.7939587,False
-2.9689074,False
-3.176684,False
-3.0774796,False
-3.1621084,False
-3.177277,False
-3.6682305,False
-3.1518836,False
-3.1115217,False
-2.9634912,False
-3.394685,False
-3.2734377,False
-3.1525369,False
-2.866887,False
-2.8322902,False
-2.8049757,False
-2.4769452,False
-2.749578,False
-2.9066563,False
-3.052908,False
-2.9332156,False
-3.016526,False
-3.1139052,False
-2.854193,False
-2.773109,False
-2.810867,False
-2.9213636,False
-2.5676672,False
-2.5360186,False
-2.6714401,False
-2.5160174,False
-2.7649283,False
-2.6215932,False
-2.3740256,False
-2.7403898,False
-2.6971579,False
-2.497857,False
-2.408479,False
-2.4778872,False
-2.8710372,False
-2.8399234,False
-2.9420776,False
-2.7531416,False
-2.870004,False
-2.7478511,False
-2.6983635,False
-2.8729858,False
-2.8491294,False
-2.5933592,False
-2.8128223,False
-2.755065,False
-2.9051576,False
-2.8359394,False
-2.5390935,False
-2.5512104,False
-2.7872744,False
-2.794552,False
-2.8884594,False
-2.7934418,False
-2.8477933,False
-2.5852232,False
-2.550245,False
-2.5083551,False
-2.7645688,False
-2.8859668,False
-2.909953,False
-3.0279417,False
-2.6553771,False
-2.9299617,False
-3.1444411,False
-3.1965857,False
-2.8228314,False
-2.6810956,False
-2.6807804,False
-2.5939825,False
-2.5228493,False
-2.4066894,False
-2.6051037,False
-2.6485782,False
-2.576229,False
-2.642991,False
-2.7894897,False
-2.3765318,False
-2.3506334,False
-2.0587037,False
-2.6644063,False
-3.0456898,False
-2.623006,False
-2.6882987,False
-2.9967062,False
-3.037001,False
-2.8802423,False
-2.8299842,False
-2.5243719,False
-2.8001516,False
-3.048861,False
-2.8286908,False
-2.9544487,False
-3.0350235,False
-2.8716671,False
-2.7839818,False
-2.9791074,False
-2.8165722,False
-2.705064,False
-2.7389498,False
-2.8561583,False
-2.9148898,False
-2.8476808,False
-2.9265559,False
-2.8256857,False
-2.8277216,False
-2.619234,False
-3.2616906,False
-3.2675953,False
-2.3546026,False
-2.241559,False
-2.554949,False
-2.9863598,False
-2.4652743,False
-2.2901833,False
-2.2314165,False
-2.2316935,False
-2.6484964,False
-2.3483987,False
-2.1930463,False
-2.23528,False
-2.3319476,False
-2.478653,False
-2.5459306,False
-2.477107,False
-2.5718365,False
-2.6530662,False
-2.6731002,False
-2.4768815,False
-2.956273,False
-2.5091505,False
-2.8090549,False
-3.8312304,True
-3.1674678,True
-2.6947727,True
-2.6141672,True
-3.1424658,True
-3.4488218,True
-3.1874514,False
-3.107195,False
-3.0107753,False
-3.526233,False
-3.0019712,False
-3.3254023,False
-3.616262,False
-3.2941813,False
-3.086983,False
-2.9547677,False
-3.2412999,False
-3.3566127,False
-3.397132,False
-3.6208086,False
-3.5959861,False
-3.1005323,False
-2.9272509,False
-3.5294132,False
-3.955043,False
-4.276928,False
-4.1253157,False
-4.0123134,False
-4.084901,False
-4.235543,False
-3.996705,False
-3.9492128,False
-3.5218608,False
-3.0275147,False
-3.4056327,False
-3.2591436,False
-3.7722843,False
-3.583159,False
-3.9069684,False
-3.7273176,False
-3.7757921,False
-3.6684973,False
-3.7267222,False
-3.6080914,False
-3.4816265,False
-3.8306818,False
-3.4059749,False
-3.3488643,False
-3.041086,False
-3.6448245,False
-3.746903,False
-3.971519,False
-3.812649,False
-3.7564983,False
-3.7414136,False
-3.788138,False
-4.047878,False
-3.980317,False
-3.317965,False
-2.784528,False
-3.005604,False
-2.9103694,False
-3.2464318,False
-3.2223296,False
-2.7066307,False
-2.3516016,False
-2.9465065,False
-3.1969652,False
-3.2334542,False
-2.7321546,False
-2.6139483,False
-2.6715796,False
-3.5403678,False
-3.4000812,False
-3.6583138,False
-3.3658974,False
-3.6004195,False
-2.944776,False
-3.3358824,False
-3.4603689,False
-3.1988254,False
-3.605394,False
-3.347194,False
-3.2798874,False
-3.0950682,False
-3.5101757,False
-3.568938,False
-2.2946258,False
-2.1736748,False
-3.310236,False
-3.0745535,False
-3.2284856,False
-3.3002467,False
-3.3295403,False
-3.1714504,False
-3.0967178,False
-2.926578,False
-3.826697,False
-4.0118265,False
-3.739779,False
-3.9444602,False
-3.6786044,False
-3.4562204,False
-4.1167617,False
-3.8966174,False
-3.6276908,False
-3.4304872,False
-3.4759023,False
-3.7789361,False
-3.9142704,False
-3.8411613,False
-3.4317818,False
-3.5613623,False
-3.2522757,False
-3.3197985,False
-3.4780388,False
-3.4575121,False
-3.4739885,False
-3.3349245,False
-3.1485505,False
-3.3301888,False
-3.6145785,False
-3.6950355,False
-3.917498,False
-3.5433927,False
-3.7951648,False
-3.2047288,False
-3.350823,False
-3.4569292,False
-3.3435926,False
-3.4088016,False
-3.2487497,False
-3.1238608,False
-3.617432,False
-3.2881434,False
-3.58973,False
-3.85434,False
-3.7199757,False
-3.6397583,False
-3.6861103,False
-3.7162986,False
-3.453212,False
-3.22752,False
-3.4689422,False
-3.4971797,False
-3.6000755,False
-3.5509143,False
-3.5856876,False
-3.6914983,False
-3.74406,False
-3.9314787,False
-3.4986877,False
-3.5332615,False
-3.46426,False
-3.5160315,False
-3.8665638,False
-3.8796978,False
-3.700148,False
-3.8034444,False
-3.793315,False
-3.7082224,False
-3.4571676,False
-3.0485077,False
-3.2604606,False
-3.1343331,False
-3.7599475,False
-4.069581,False
-4.268376,False
-4.0285344,False
-4.051942,False
-4.07023,False
-4.161552,False
-4.034394,False
-3.4876468,False
-3.2091968,False
-3.220665,False
-3.437217,False
-3.623746,False
-3.9435284,False
-4.041922,False
-3.727734,False
-3.0276556,False
-3.2945309,False
-3.2165644,False
-3.1318052,False
-2.8281302,False
-2.603328,False
-3.337354,False
-3.142913,False
-3.2300415,False
-2.9369051,False
-3.0753956,False
-3.5586588,False
-3.5598788,False
-3.460122,False
-2.7577105,False
-3.2954988,False
-3.2779083,False
-3.2123253,False
-3.3812916,False
-3.4727082,False
-3.185174,False
-2.6611729,False
-2.2701826,False
-2.2496433,False
-2.9436157,False
-2.8888688,False
-2.899818,False
-2.7812052,False
-2.7069046,False
-2.4808207,False
-2.9120116,False
-2.7797408,False
-3.1974337,False
-3.522454,False
-3.6028264,False
-3.4110708,False
-3.4953635,False
-3.3110347,False
-3.2127695,False
-3.1021354,False
-3.146858,False
-3.2501583,False
-3.2546866,False
-3.4604762,False
-3.5569015,False
-3.6766155,False
-3.914129,False
-3.7457793,False
-3.5513413,False
-3.671229,False
-3.394531,False
-3.0626745,False
-3.180091,False
-3.2320404,False
-3.947193,False
-3.7501383,False
-3.8395975,False
-3.3373804,False
-3.494244,False
-3.6828887,False
-3.4337945,False
-2.9504218,False
-3.3393047,False
-3.4970603,False
-3.543981,False
-3.4649026,False
-3.4833314,False
-3.5384648,False
-3.5645864,False
-4.06525,False
-3.4544635,False
-3.648228,False
-3.8283002,False
-3.8106344,False
-3.9421554,False
-4.251266,False
-4.678717,False
-4.723643,False
-3.9979913,False
-3.6921024,False
-3.9963562,False
-3.9614015,False
-3.9538302,False
-4.0600085,False
-3.8027267,False
-3.9041977,False
-3.9750874,False
-4.1234508,False
-4.0499187,False
-4.0684466,False
-3.9130533,False
-3.9310055,False
-4.0539446,False
-3.8884525,False
-3.9287267,False
-3.7819846,False
-3.8068752,False
-3.8029215,False
-3.6773381,False
-3.5798492,False
-3.309321,False
-3.3652442,False
-3.0503695,False
-3.2561355,False
-3.1767232,False
-3.286782,False
-3.4350724,False
-3.4136794,False
-3.2707536,False
-3.2231467,False
-2.9373841,False
-3.1477215,False
-3.0119793,False
-2.9905612,False
-3.0101185,False
-3.2982132,False
-3.2649946,False
-3.213023,False
-2.8156364,False
-2.7529645,False
-2.6859198,False
-3.160298,False
-3.0001233,False
-2.8344877,False
-3.0345774,False
-3.0980768,False
-2.9561718,False
-3.5596626,False
-3.305079,False
-3.3132758,False
-3.3665643,False
-3.701807,False
-4.057584,False
-3.5430207,False
-3.6453447,False
-3.3603754,False
-3.6930654,False
-3.8199365,False
-3.8401132,False
-3.7146842,False
-3.7297733,False
-3.4736233,False
-3.8472474,False
-3.6390555,False
-3.7344468,False
-3.4343133,False
-3.4454114,False
-3.310142,False
-3.6021168,False
-3.7855742,False
-3.8009233,False
-3.6985629,False
-3.711678,False
-3.664191,False
-3.7574253,False
-3.6983955,False
-3.545354,False
-3.404597,False
-3.5398552,False
-3.6179934,False
-3.7824326,False
-3.9010777,False
-3.8620317,False
-3.5149603,False
-3.5253358,False
-3.3774855,False
-3.6525838,False
-3.7599502,False
-3.6813917,False
-3.6003885,False
-3.615721,False
-4.003126,False
-3.9422483,False
-3.8857934,False
-3.867143,False
-3.9244103,False
-3.7391493,False
-3.4276853,False
-3.4076748,False
-3.566401,False
-3.886464,False
-3.6903682,False
-3.8559232,False
-3.655168,False
-3.887803,False
-3.8634472,False
-3.554789,False
-3.4992337,False
-3.4623883,False
-3.4935641,False
-3.3759348,False
-3.2544878,False
-3.3133202,False
-3.6708374,False
-3.495911,False
-3.9930139,False
-3.7458868,False
-4.059934,False
-4.0365586,False
-3.738806,False
-3.9607444,False
-3.7985935,False
-4.2378697,False
-3.7970076,False
-3.8847547,False
-3.7587192,False
-3.9622324,False
-3.9151518,False
-4.081171,False
-4.1093187,False
-4.1110024,False
-4.003974,False
-3.8993313,False
-3.9417093,False
-4.109741,False
-3.8499951,False
-3.4923346,False
-3.395576,False
-4.1301413,False
-3.9215248,False
-3.6968446,False
-3.5266914,False
-3.5871854,False
-3.9829552,False
-3.4630387,False
-3.533988,False
-3.4268975,False
-3.687367,False
-3.8116102,False
-3.8407793,False
-3.8731942,False
-3.894775,False
-3.835493,False
-3.6238055,False
-3.5957036,False
-3.3109365,False
-3.464747,False
-3.2329311,False
-3.4873917,False
-3.6857944,False
-3.9694066,False
-3.890531,False
-3.7850904,False
-3.8217528,False
-3.906889,False
-3.74104,False
-3.643813,False
-3.511268,False
-3.499261,False
-3.4055297,False
-3.7373188,False
-3.812369,False
-3.5569186,False
-3.7914474,False
-3.5240788,False
-3.5809917,False
-3.3017027,False
-3.2869287,False
-3.3292098,False
-3.5491333,False
-3.6962576,False
-3.496557,False
-3.6983237,False
-3.7664387,False
-4.0597258,False
-3.895991,False
-3.7788825,False
-3.2257843,False
-3.4878526,False
-3.3593628,False
-3.5448892,False
-3.692207,False
-3.9804418,False
-3.7974863,False
-3.6785798,False
-3.6230943,False
-3.4126074,False
-3.3717067,False
-2.923945,False
-3.4414172,False
-2.7347326,False
-2.881976,False
-3.0444052,False
-3.5168352,False
-3.320157,False
-3.664845,False
-3.5027454,False
-3.893592,False
-3.8502479,False
-3.654634,False
-3.546902,False
-3.2955234,False
-3.34988,False
-3.275156,False
-3.226022,False
-3.1637845,False
-3.139793,False
-3.2766304,False
-2.9851108,False
-3.2689304,False
-3.260428,False
-3.0712807,False
-3.1537085,False
-3.5522554,False
-3.5799875,False
-3.395933,False
-3.4300616,False
-3.3813,False
-3.6760352,False
-3.4608476,False
-3.3876517,False
-3.4646323,False
-3.2910838,False
-3.2454495,False
-3.4364324,False
-3.356398,False
-3.525465,False
-2.853961,False
-2.9142895,False
-2.7060173,False
-3.0241005,False
-2.7860556,False
-2.8950605,False
-2.9657402,False
-2.849563,False
-2.634025,False
-2.6315558,False
-2.9437487,False
-3.0155742,False
-2.6429672,False
-3.1607184,False
-3.5059454,False
-3.4241714,False
-3.5692616,False
-3.2744608,False
-3.014908,False
-3.2109897,False
-2.7260985,False
-2.9682524,False
-2.6763802,False
-3.226623,False
-3.6041605,False
-3.4740345,False
-3.8211284,False
-3.6290915,False
-4.1119075,False
-3.8042638,False
-3.9214463,False
-3.845585,False
-3.6517448,False
-3.7498012,False
-3.9670842,False
-3.8127115,False
-4.0291414,False
-4.0399776,False
-4.266363,False
-4.323451,False
-4.020774,False
-3.8193405,False
-3.5695608,False
-3.6935353,False
-3.8140454,False
-3.87333,False
-4.24688,False
-4.226801,False
-3.8280933,False
-4.080109,False
-4.0258155,False
-4.053703,False
-3.8798633,False
-4.016646,False
-3.8996701,False
-3.6979463,False
-3.4049947,False
-3.6643746,False
-3.532022,False
-3.7394478,False
-3.607275,False
-4.127151,False
-4.0284624,False
-3.9093914,False
-3.8776908,False
-3.823434,False
-4.09077,False
-4.604387,False
-4.2041426,False
-4.456266,False
-4.235514,False
-3.8903048,False
-3.4529371,False
-3.7021136,False
-3.846151,False
-4.2122316,False
-4.2607646,False
-4.3639464,False
-4.917942,False
-4.894054,False
-4.524156,False
-4.317693,False
-4.4157023,False
-4.2570596,False
-4.199968,False
-4.419902,False
-4.5015373,False
-4.3773437,False
-4.3455877,False
-4.287969,False
-4.254898,False
-4.143482,False
-4.2986717,False
-4.5789146,False
-4.3897686,False
-4.36294,False
-4.2433667,False
-4.399244,False
-4.1194305,False
-4.2603145,False
-4.192715,False
-4.489714,False
-4.3821607,False
-4.1552134,False
-4.3212695,False
-4.252665,False
-4.2883363,False
-4.4997864,False
-4.423102,False
-4.434747,False
-4.4035535,False
-4.795353,False
-4.267186,False
-4.412879,False
-4.373787,False
-4.1173015,False
-4.082015,False
-4.580667,False
-4.595532,False
-4.4670653,False
-4.466752,False
-4.004185,False
-4.156823,False
-4.4394093,False
-4.6286983,False
-4.5931106,False
-3.8645375,False
-4.347851,False
-4.3193154,False
-3.8858166,False
-4.2545195,False
-4.0882087,False
-4.5133133,False
-4.538645,False
-4.2298903,False
-4.322277,False
-4.4087076,False
-4.474486,False
-4.2828703,False
-3.9351544,False
-4.015292,False
-4.619247,False
-4.4588904,False
-4.7439494,False
-4.316108,False
-4.6447678,False
-4.9046197,False
-4.5128856,False
-4.3633432,False
-4.105556,False
-3.8698518,False
-4.301004,False
-4.6196775,False
-4.5210376,False
-4.4874125,False
-4.4317226,False
-4.5439725,False
-4.5431695,False
-4.606334,False
-4.633128,False
-4.249103,False
-4.479746,False
-4.304049,False
-4.2632413,False
-4.1686883,False
-4.0737066,False
-4.0345016,False
-4.44636,False
-4.472804,False
-4.7735085,False
-4.668671,False
-4.374297,False
-4.372063,False
-4.2846365,False
-4.2935505,False
-4.50729,False
-4.300448,False
-4.4851894,False
-3.8676088,False
-4.48069,False
-4.342047,False
-4.398707,False
-4.084287,False
-4.5180507,False
-4.5740867,False
-5.0701737,False
-4.588331,False
-4.5806327,False
-4.459075,False
-4.26998,False
-4.452468,False
-4.519913,False
-4.4634743,False
-4.6792073,False
-4.1638093,False
-4.1880064,False
-3.758515,False
-4.2239,False
-4.252367,False
-4.10517,False
-4.69016,False
-4.551265,False
-4.7821074,False
-4.887546,False
-4.7945375,False
-4.916325,False
-4.733782,False
-4.4176865,False
-4.500563,False
-4.0618997,False
-4.124284,False
-4.095581,False
-4.3177505,False
-4.28325,False
-3.8480635,False
-4.1380715,False
-3.785573,False
-3.9459012,False
-4.0248895,False
-4.1525083,False
-3.8060253,False
-4.288658,False
-3.934684,False
-4.3060455,False
-4.529699,False
-4.0319014,False
-4.0078173,False
-4.421521,False
-4.1820602,False
-4.4265466,False
-4.524936,False
-4.3953357,False
-4.46963,False
-4.321245,False
-4.8665476,False
-4.7131033,False
-4.9497366,False
-5.0193768,False
-4.6676736,False
-4.569664,False
-4.573983,False
-4.2902875,False
-4.366007,False
-3.9329596,False
-4.2749424,False
-4.375669,False
-4.017539,False
-4.110377,False
-3.9103737,False
-4.350787,False
-4.19473,False
-4.01786,False
-4.394496,False
-3.855682,False
-4.1517477,False
-3.9660559,False
-4.370442,False
-4.3114123,False
-4.3552165,False
-4.2923856,False
-4.347025,False
-4.647214,False
-4.4108047,False
-4.355211,False
-4.197236,False
-4.56702,False
-4.6220956,False
-4.737829,False
-4.447026,False
-3.9356327,False
-3.954184,False
-4.402555,False
-4.4025874,False
-4.750773,False
-4.782251,False
-5.0326896,False
-4.6818953,False
-4.6315517,False
-4.5853405,False
-4.2753916,False
-3.7993786,False
-4.331584,False
-4.368274,False
-4.347713,False
-4.7725935,False
-4.6189747,False
-4.941625,False
-4.999548,False
-5.2053957,False
-5.149816,False
-5.2498555,False
-4.768311,False
-4.916854,False
-4.896799,False
-4.853354,False
-5.2599874,False
-5.073309,False
-5.252402,False
-4.6355705,False
-4.738173,False
-4.407735,False
-4.4657836,False
-4.174066,False
-3.9122014,False
-4.4292674,False
-4.6568594,False
-4.2624803,False
-4.4350095,False
-4.429729,False
-4.52931,False
-4.5745335,False
-4.670706,False
-4.5207267,False
-4.27844,False
-4.223339,False
-4.468723,False
-4.3636084,False
-4.512989,False
-4.665433,False
-4.618027,False
-4.466759,False
-4.323952,False
-4.306721,False
-4.251963,False
-4.307039,False
-4.370766,False
-4.5845027,False
-4.388905,False
-4.5811296,False
-4.2542067,False
-4.590653,False
-4.430321,False
-4.314573,False
-4.6713595,False
-4.820584,False
-4.7928424,False
-4.4401155,False
-4.520484,False
-4.4180403,False
-4.675054,False
-4.871137,False
-4.568862,False
-5.021092,False
-4.8934155,False
-4.698469,False
-4.430123,False
-4.4966426,False
-4.3563886,False
-4.551584,False
-4.636028,False
-4.649523,False
-4.378795,False
-4.3705416,False
-4.2605724,False
-4.4985676,False
-4.4391303,False
-4.355472,False
-4.4095325,False
-4.650093,False
-4.6121597,False
-4.5386686,False
-4.7086563,False
-4.7337694,False
-4.558337,False
-4.4889297,False
-4.5532455,False
-4.583342,False
-4.445246,False
-4.6234474,False
-4.981898,False
-4.6182833,False
-4.473934,False
-4.4734826,False
-4.400721,False
-4.542115,False
-4.262681,False
-4.35526,False
-4.4816833,False
-4.6202645,False
-4.8322845,False
-4.595617,False
-4.537443,False
-4.474834,False
-4.1640043,False
-4.59759,False
-4.551143,False
-4.3731847,False
-4.420033,False
-4.608007,False
-4.4531775,False
-4.6865993,False
-4.741564,False
-4.672687,False
-4.3376827,False
-4.404491,False
-4.6037498,False
-4.5622153,False
-4.5379195,False
-4.612749,False
-4.8060455,False
-4.6689215,False
-4.4261394,False
-4.4060616,False
-4.4070406,False
-4.3231807,False
-4.5201855,False
-4.5026164,False
-4.685091,False
-4.442219,False
-4.7204256,False
-4.6905956,False
-4.815716,False
-4.930025,False
-4.696594,False
-4.8654103,False
-4.7857122,False
-4.4622183,False
-4.5582347,False
-4.4969745,False
-4.7130623,False
-4.695407,False
-5.1529093,False
-4.963781,False
-4.947757,False
-4.7405725,False
-4.530469,False
-4.5722566,False
-4.6548295,False
-4.5554256,False
-4.5010295,False
-4.585766,False
-4.7280526,False
-4.359332,False
-4.781493,False
-4.6383977,False
-4.6435356,False
-4.6529346,False
-4.4051075,False
-4.657715,False
-4.4780493,False
-4.384301,False
-4.630527,False
-4.7883315,False
-4.7412286,False
-4.521877,False
-4.263921,False
-4.5001698,False
-4.6997356,False
-4.6829743,False
-4.5334306,False
-4.248897,False
-4.480676,False
-4.4710803,False
-4.5308666,False
-4.334972,False
-4.3596854,False
-4.473386,False
-4.611979,False
-4.59932,False
-4.6916575,False
-4.597098,False
-4.2828774,False
-4.4092846,False
-4.7611794,False
-4.8094835,False
-4.598044,False
-4.47986,False
-4.5160637,False
-4.6089964,False
-4.5082564,False
-4.529981,False
-4.190589,False
-4.19067,False
-4.3236175,False
-4.2987337,False
-4.380404,False
-4.4147243,False
-4.6365333,False
-4.7745233,False
-4.5675383,False
-4.3186746,False
-4.439886,False
-4.3960323,False
-4.774855,False
-4.5943522,False
-4.709533,False
-4.604774,False
-4.4792147,False
-4.726561,False
-4.8639703,False
-4.9038067,False
-4.734593,False
-4.4098115,False
-4.8281984,False
-4.628271,False
-4.5416684,False
-4.658711,False
-4.6813984,False
-4.5916753,False
-4.6838136,False
-4.3418336,False
-4.5822716,False
-4.719273,False
-4.7166343,False
-4.637696,False
-4.6131124,False
-4.752482,False
-4.7192883,False
-4.8674264,False
-4.702724,False
-4.6614456,False
-4.4260125,False
-4.3465986,False
-4.52577,False
-4.479151,False
-4.598684,False
-4.223287,False
-4.419143,False
-4.271251,False
-4.438269,False
-4.6414776,False
-4.8805056,False
-4.3716464,False
-4.2062564,False
-4.2529354,False
-4.3145723,False
-4.527235,False
-4.5123405,False
-4.505389,False
-4.3284574,False
-4.60994,False
-4.8266015,False
-4.5724254,False
-4.684749,False
-4.573079,False
-4.423294,False
-4.374943,False
-4.525639,False
-4.443653,False
-4.626881,False
-4.3435493,False
-4.372449,False
-4.1452484,False
-4.559162,False
-4.336136,False
-4.402991,False
-4.4221177,False
-4.3226895,False
-4.476415,False
-4.684856,False
-4.6438465,False
-4.5956426,False
-4.422763,False
-4.652229,False
-4.5563726,False
-4.423895,False
-4.5378504,False
-4.6764526,False
-4.926579,False
-4.650301,False
-4.620056,False
-4.5281234,False
-4.464411,False
-4.68436,False
-4.4948487,False
-4.5378323,False
-4.439689,False
-4.6866074,False
-4.6763473,False
-4.2679043,False
-4.414,False
-4.5196886,False
-4.566691,False
-4.687855,False
-4.5516047,False
-4.3852663,False
-4.346752,False
-4.5085206,False
-4.8838305,False
-4.8493423,False
-4.3076034,False
-4.460651,False
-4.457282,False
-4.372948,False
-4.5223265,False
-4.27542,False
-3.8342268,False
-3.6368363,False
-3.464558,False
-3.3599277,False
-3.5196252,False
-3.2095158,False
-3.2558925,False
-3.1553423,False
-3.48006,False
-3.8340936,False
-3.6137326,False
-3.316202,False
-3.2465405,False
-3.3643348,False
-3.4783876,False
-3.3797362,False
-3.5388644,False
-3.7266657,False
-3.4554021,False
-3.1593518,False
-3.2474148,False
-3.3506172,False
-3.4533072,False
-3.361958,False
-3.3232646,False
-3.1457129,False
-3.1306942,False
-3.035545,False
-2.653576,False
-3.3897886,False
-3.6729004,False
-3.5818875,False
-3.4172065,False
-3.41643,False
-3.5446353,False
-3.2365508,False
-3.500009,False
-3.517037,False
-3.8340409,False
-3.6725786,False
-3.7258408,False
-3.5539906,False
-3.2830646,False
-3.2038262,False
-3.4223337,False
-3.783048,False
-3.9357743,False
-3.8170621,False
-3.4993985,False
-3.4061909,False
-3.4577742,False
-3.3820262,False
-3.4286647,False
-3.2598495,False
-3.8482242,False
-3.7495105,False
-3.7420306,False
-3.4989996,False
-3.22388,False
-3.4327972,False
-3.494576,False
-3.724255,False
-3.7786589,False
-3.5764408,False
-3.3172965,False
-3.2559094,False
-3.2253604,False
-3.2339785,False
-3.4244144,False
-3.505268,False
-3.3607655,False
-3.2045195,False
-2.8206713,False
-2.8918092,False
-2.9820652,False
-2.6862273,False
-2.8756027,False
-3.1944335,False
-3.5035424,False
-3.486902,False
-4.0091224,False
-4.0574765,False
-3.743129,False
-3.5350919,False
-3.0176775,False
-3.0483932,False
-3.1923745,False
-3.4673495,False
-3.4201002,False
-3.3913276,False
-3.8207896,False
-4.126082,False
-4.081186,False
-3.621754,False
-3.7295847,False
-3.621542,False
-3.8287327,False
-3.3439915,False
-3.186077,False
-3.232455,False
-3.359568,False
-3.4742243,False
-3.7096534,False
-3.3607402,False
-3.207325,False
-3.3480906,False
-3.2218175,False
-3.1619,False
-3.315748,False
-3.5809245,False
-3.4408116,False
-3.2347646,False
-3.4139638,False
-3.4219804,False
-3.4462717,False
-3.4685771,False
-3.59263,False
-3.4685934,False
-3.4441967,False
-3.1053207,False
-3.465189,False
-3.5770311,False
-3.7577214,False
-4.1130605,False
-3.7616477,False
-3.895665,False
-3.7881036,False
-3.788884,False
-3.8314822,False
-3.67077,False
-3.8042016,False
-3.974423,False
-3.7146332,False
-3.8046896,False
-3.8603132,False
-3.8426898,False
-3.7263176,False
-3.712491,False
-3.8015714,False
-4.3037353,False
-4.043645,False
-3.3873248,False
-3.3233664,False
-3.085907,False
-3.6583123,False
-3.9908442,False
-3.7222238,False
-3.711629,False
-3.7897785,False
-3.746279,False
-3.8342597,False
-3.506122,False
-3.6458187,False
-3.5741444,False
-3.3449042,False
-3.5288048,False
-3.5117013,False
-3.6346684,False
-3.9027486,False
-3.7559707,False
-3.4837668,False
-3.922594,False
-3.77029,False
-3.7077363,False
-3.815346,False
-4.0095916,False
-3.891221,False
-3.8502517,False
-4.128288,False
-3.8711362,False
-3.834664,False
-3.514982,False
-3.6147597,False
-3.4519353,False
-3.7268398,False
-4.094884,False
-4.137118,False
-3.943772,False
-3.6854436,False
-3.5049596,False
-3.7749918,False
-3.8167634,False
-4.0924573,False
-4.1892967,False
-3.6168122,False
-3.596246,False
-3.3724136,False
-3.6493802,False
-3.7341058,False
-3.9373877,False
-3.9246938,False
-3.770618,False
-3.878338,False
-3.7268734,False
-3.4563017,False
-3.7384062,False
-3.4841833,False
-3.5210993,False
-3.1012776,False
-3.5754542,False
-3.1373982,False
-3.3233273,False
-3.6809816,False
-4.0358734,False
-3.5999465,False
-3.3748617,False
-3.4595058,False
-3.4407833,False
-3.855417,False
-3.565842,False
-4.0016,False
-3.768483,False
-3.706133,False
-3.5658195,False
-3.350744,False
-3.556248,False
-3.4871807,False
-3.4706018,False
-3.490687,False
-3.6074257,False
-3.3881612,False
-3.6605346,False
-3.3479917,False
-3.4887633,False
-3.360527,False
-3.6750343,False
-3.8523793,False
-3.4409566,False
-3.3601334,False
-3.6011724,False
-3.3399522,False
-3.6180594,False
-3.4329731,False
-3.7954338,False
-3.4686923,False
-3.552796,False
-3.2240422,False
-3.6837783,False
-3.371549,False
-3.5661876,False
-3.288456,False
-3.0561342,False
-3.4133477,False
-3.5344715,False
-3.4006367,False
-3.54536,False
-3.575318,False
-3.381083,False
-3.003275,False
-3.199516,False
-3.0048802,False
-3.2976482,False
-3.56596,False
-3.8561177,False
-3.6834514,False
-3.602127,False
-3.3005471,False
-3.219893,False
-3.3375497,False
-3.2133129,False
-3.5750792,False
-3.3990672,False
-3.2681015,False
-3.3143332,False
-3.4625614,False
-3.5046785,False
-3.6338506,False
-3.3495913,False
-3.376115,False
-3.4489632,False
-3.5005226,False
-3.5628955,False
-3.363538,False
-3.3029006,False
-3.1856003,False
-3.1475277,False
-3.3681698,False
-3.5631173,False
-3.4921627,False
-3.4742525,False
-3.27694,False
-3.4756005,False
-3.4723682,False
-3.5106797,False
-3.2501469,False
-3.4806795,False
-3.1320603,False
-3.4757245,False
-3.5651445,False
-3.5475283,False
-3.139636,False
-3.5818446,False
-3.4425473,False
-3.546425,False
-3.3690834,False
-3.286063,False
-3.5106392,False
-3.4337573,False
-3.556785,False
-3.2454376,False
-3.5422525,False
-3.484658,False
-3.930419,False
-3.6237843,False
-3.529846,False
-3.155457,False
-3.2905478,False
-3.3151937,False
-2.971341,False
-3.1976244,False
-3.2463555,False
-3.282631,False
-3.5614295,False
-3.289449,False
-3.327224,False
-3.2067256,False
-3.4505599,False
-3.3480072,False
-3.4631405,False
-3.3650756,False
-3.3315187,False
-3.149338,False
-3.3771656,False
-3.2744346,False
-3.2969108,False
-3.3996503,False
-3.2623582,False
-3.3827634,False
-3.2259235,False
-3.3900182,False
-3.5382586,False
-3.366972,False
-3.1198242,False
-3.0987675,False
-3.1548598,False
-3.4405363,False
-3.5017302,False
-3.3889184,False
-3.3535652,False
-3.2849646,False
-3.287248,False
-3.1263518,False
-3.5389225,False
-3.2722876,False
-3.3630543,False
-3.4859157,False
-3.3735468,False
-3.4110732,False
-3.377581,False
-3.4492524,False
-3.509886,False
-3.4627397,False
-3.5589569,False
-3.404227,False
-3.6664722,False
-3.564136,False
-3.3639357,False
-3.0047374,False
-3.271241,False
-3.610307,False
-3.5539823,False
-3.771257,False
-3.6962216,False
-3.6448221,False
-3.7615283,False
-3.574437,False
-3.5644693,False
-3.5030715,False
-3.5108984,False
-3.0964265,False
-3.14497,False
-3.4214256,False
-3.4298604,False
-3.4740531,False
-3.6375098,False
-3.342594,False
-3.2479765,False
-3.2410185,False
-3.4362178,False
-3.5573845,False
-3.1778471,False
-3.4887276,False
-3.3609436,False
-3.3513696,False
-3.4173584,False
-3.1785793,False
-3.1781962,False
-2.955195,False
-3.3002944,False
-3.3441253,False
-3.433828,False
-3.3299356,False
-3.257963,False
-3.318397,False
-3.1625907,False
-3.2181234,False
-3.258811,False
-3.2178614,False
-3.1468205,False
-3.176693,False
-2.8411787,False
-3.2327657,False
-3.1848004,False
-3.2419264,False
-3.206453,False
-3.1665769,False
-3.2245317,False
-3.0673158,False
-3.2051404,False
-3.1574397,False
-3.5808349,False
-3.261924,False
-3.3975787,False
-3.4479873,False
-3.5314867,False
-3.4807558,False
-3.2677245,False
-3.1102023,False
-3.0342903,False
-3.1978536,False
-3.4419105,False
-3.5437403,False
-3.3360257,False
-3.679881,False
-3.6968355,False
-3.60822,False
-3.3927388,False
-3.3260074,False
-3.334431,False
-3.5635834,False
-3.7154403,False
-3.4706917,False
-3.3608198,False
-3.5142183,False
-3.167902,False
-3.440848,False
-3.433807,False
-3.3868704,False
-3.4147594,False
-3.4030578,False
-3.2327187,False
-3.4678469,False
-3.5191033,False
-3.320017,False
-3.2567735,False
-3.105262,False
-3.1552312,False
-3.2905645,False
-3.5339165,False
-3.3228977,False
-3.5276155,False
-3.4602566,False
-3.2857022,False
-3.3900928,False
-3.5473819,False
-3.280022,False
-3.340384,False
-3.3983412,False
-3.4600704,False
-3.2391136,False
-3.2772448,False
-2.882662,False
-3.098188,False
-3.0211954,False
-3.3923244,False
-3.4963741,False
-3.7099786,False
-3.6827407,False
-3.6490397,False
-3.5974932,False
-3.867269,False
-3.9640706,False
-4.1094027,False
-3.865063,False
-3.6670403,False
-3.6241226,False
-3.9860215,False
-3.8596435,False
-3.5397878,False
-3.3024507,False
-3.3877733,False
-3.4281101,False
-3.4908812,False
-3.5518782,False
-3.2743127,False
-3.6150026,False
-3.6015882,False
-3.6537523,False
-3.6538987,False
-3.889695,False
-3.785781,False
-3.9428287,False
-4.036191,False
-4.0743194,False
-3.933387,False
-3.6242085,False
-3.4299498,False
-3.4459689,False
-3.7273333,False
-3.4301987,False
-3.6541219,False
-3.5487132,False
-3.4975898,False
-3.8023152,False
-3.6223166,False
-3.6547167,False
-3.6616623,False
-3.5702853,False
-3.873457,False
-3.8478613,False
-3.5081916,False
-3.5829754,False
-3.7662065,False
-3.809189,False
-3.567633,False
-3.422251,False
-3.4995794,False
-3.3937175,False
-3.770112,False
-3.727335,False
-3.4137576,False
-3.526512,False
-3.6563957,False
-3.652137,False
-3.6016397,False
-3.504562,False
-3.388481,False
-3.551521,False
-3.5558047,False
-3.4551618,False
-3.692912,False
-3.5834947,False
-3.6674998,False
-3.7223773,False
-3.4816813,False
-3.2711644,False
-3.5362663,False
-3.7097278,False
-3.5585713,False
-3.7453668,False
-3.5902727,False
-3.259488,False
-3.1824284,False
-3.320795,False
-3.5184836,False
-3.332062,False
-3.6910946,False
-3.4832125,False
-3.3838453,False
-3.44976,False
-3.3215895,False
-3.6787462,False
-3.4507008,False
-3.5937274,False
-3.770513,False
-3.671872,False
-3.58575,False
-3.4184384,False
-3.2527714,False
-3.3853142,False
-3.4671493,False
-3.5293767,False
-3.479742,False
-3.168075,False
-3.2478187,False
-3.4384928,False
-3.350315,False
-3.8729012,False
-3.6399894,False
-3.5456316,False
-3.328166,False
-3.5115042,False
-3.344123,False
-3.4554255,False
-3.3225493,False
-3.7282908,False
-3.6792245,False
-3.4803176,False
-3.58973,False
-3.5773747,False
-3.535711,False
-3.4887836,False
-3.6809075,False
-3.4753194,False
-3.4595513,False
-3.599992,False
-3.7150795,False
-3.369845,False
-3.6429138,False
-3.5701914,False
-3.477816,False
-3.658015,False
-3.431725,False
-3.4940562,False
-3.1936812,False
-3.6172056,False
-3.712775,False
-3.3848226,False
-3.3297732,False
-3.3775277,False
-3.3797252,False
-3.233906,False
-3.827561,False
-3.5427458,False
-3.5945113,False
-3.373766,False
-3.470718,False
-3.5814207,False
-3.514422,False
-3.4860473,False
-3.5481153,False
-3.437624,False
-3.3591447,False
-3.5239882,False
-3.4473257,False
-3.742533,False
-3.6020217,False
-3.3046582,False
-3.2223861,False
-3.2067053,False
-3.505349,False
-3.415901,False
-3.3410246,False
-3.4182172,False
-3.298567,False
-3.5504487,False
-3.4534986,False
-3.5013602,False
-3.36397,False
-3.4422128,False
-3.5216684,False
-3.5530078,False
-3.6686056,False
-3.6035266,False
-3.2798486,False
-3.0795734,False
-3.146333,False
-3.590678,False
-3.6269093,False
-3.5442693,False
-3.44616,False
-3.5841372,False
-3.5545623,False
-3.8507862,False
-3.392956,False
-3.606371,False
-3.4412322,False
-3.2435822,False
-3.223065,False
-3.2668,False
-3.28245,False
-3.1404905,False
-3.2773008,False
-3.1594574,False
-3.2088466,False
-3.3889663,False
-3.367909,False
-3.4536648,False
-3.568438,False
-3.518121,False
-3.1349983,False
-3.3316922,False
-3.5261824,False
-3.4255087,False
-3.6734507,False
-3.219275,False
-3.305081,False
-3.0788426,False
-3.560309,False
-3.2926147,False
-3.0137453,False
-2.5658522,False
-2.5499868,False
-2.257567,False
-2.725189,False
-2.9540668,False
-3.405328,False
-3.1411521,False
-3.186428,False
-3.3746483,False
-2.8664033,False
-2.7381878,False
-2.5784953,False
-2.4449067,False
-2.9186807,False
-3.0492363,False
-3.371891,False
-3.3080647,False
-3.4872477,False
-3.2828143,False
-3.536049,False
-3.1101036,False
-3.2152283,False
-3.1204693,False
-3.3716543,False
-3.1341426,False
-3.0153365,False
-3.12575,False
-3.2429428,False
-3.0533993,False
-3.3317585,False
-3.281666,False
-3.0840185,False
-3.242089,False
-3.3006995,False
-3.1140695,False
-3.1800191,False
-2.9670753,False
-2.7725604,False
-2.9629083,False
-3.123546,False
-2.9273543,False
-3.0519881,False
-3.0753744,False
-3.0618384,False
-2.7565315,False
-3.2498205,False
-2.9453716,False
-2.942335,False
-3.292261,False
-3.528397,False
-3.5031142,False
-3.63282,False
-3.5805562,False
-3.3580136,False
-3.225498,False
-2.8932383,False
-3.002228,False
-3.1417727,False
-3.256714,False
-3.2409563,False
-2.377633,False
-3.4700556,False
-3.81255,False
-3.8022952,False
-3.8992515,False
-3.7626061,False
-3.683143,False
-3.8974366,False
-3.7715743,False
-3.9280653,False
-3.9146256,False
-3.4939697,False
-3.4928946,False
-3.7449877,False
-3.6113048,False
-3.7254136,False
-3.689838,False
-3.821447,False
-3.6618407,False
-3.620149,False
-3.255981,False
-3.399374,False
-3.4781997,False
-3.061878,False
-3.2345088,False
-3.264675,False
-3.3777654,False
-3.697781,False
-4.079539,False
-3.800374,False
-3.8482003,False
-3.802086,False
-3.9060645,False
-3.66473,False
-3.756947,False
-4.112072,False
-4.1946836,False
-4.1037664,False
-4.079872,False
-4.013833,False
-3.7342453,False
-3.5459585,False
-3.593024,False
-3.6849706,False
-3.6631975,False
-3.456671,False
-3.4672704,False
-3.7241051,False
-3.6809676,False
-3.7827213,False
-3.616321,False
-3.7334912,False
-3.525399,False
-3.4496076,False
-3.2355874,False
-3.1762505,False
-3.1602902,False
-3.484088,False
-3.8114607,False
-3.8010547,False
-3.5721004,False
-3.5570843,False
-3.7702057,False
-3.7388644,False
-3.5709772,False
-3.0974264,False
-3.2176301,False
-3.3264747,False
-3.6318707,False
-3.5070827,False
-3.973844,False
-3.6383965,False
-3.9537485,False
-3.5377023,False
-4.066451,False
-3.8728237,False
-3.931407,False
-3.7089245,False
-3.9988596,False
-3.7298498,False
-4.1823006,False
-3.920258,False
-3.9787114,False
-3.624283,False
-3.6579754,False
-3.4611287,False
-3.4428415,False
-3.2005444,False
-3.4378881,False
-3.8564348,False
-3.9320807,False
-4.1098747,False
-3.899228,False
-3.8999453,False
-3.7061949,False
-3.7049506,False
-3.8584926,False
-4.006386,False
-4.051834,False
-3.99186,False
-3.8682067,False
-4.0783277,False
-4.260647,False
-4.1396384,False
-4.446115,False
-4.2337275,False
-4.2061486,False
-4.2697415,False
-3.5786245,False
-3.868444,False
-3.5393689,False
-3.937009,False
-3.7800658,False
-3.6449633,False
-3.5396056,False
-3.7676485,False
-3.8349977,False
-3.6944246,False
-3.640895,False
-3.9173734,False
-3.8928914,False
-3.4819233,False
-3.6714606,False
-3.7250588,False
-3.975295,False
-3.9961565,False
-4.0499325,False
-3.906713,False
-4.1241364,False
-3.9584029,False
-3.8916898,False
-3.6909893,False
-3.6439571,False
-3.718642,False
-4.021161,False
-4.0727663,False
-4.3040013,False
-3.9450033,False
-3.8046863,False
-3.7725801,False
-4.175564,False
-3.9668033,False
-3.7680073,False
-3.654652,False
-3.4817584,False
-3.6312928,False
-3.4253466,False
-3.7771735,False
-3.8782294,False
-4.137087,False
-4.108382,False
-4.2151413,False
-4.118698,False
-3.7924263,False
-3.2601435,False
-4.074204,False
-3.9178789,False
-4.6268945,False
-4.1035285,False
-4.2890387,False
-4.2323833,False
-3.9353013,False
-3.8961582,False
-3.988434,False
-3.2980995,False
-3.5340757,False
-3.9282608,False
-4.202568,False
-3.9719622,False
-3.8887422,False
-3.497573,False
-3.6225493,False
-4.0740414,False
-4.0750837,False
-3.8659198,False
-3.646639,False
-3.5672684,False
-3.4031677,False
-3.60502,False
-3.3010695,False
-3.5097535,False
-3.3357196,False
-3.426848,False
-3.0426574,False
-3.3081357,False
-3.2959585,False
-3.4751415,False
-3.8989205,False
-3.9876158,False
-4.2546926,False
-3.5904531,False
-3.935959,False
-3.941595,False
-3.9536333,False
-4.210251,False
-4.0655527,False
-3.7522292,False
-3.5211453,False
-3.5868425,False
-3.6081753,False
-3.7222183,False
-3.8841066,False
-3.7612598,False
-3.9481168,False
-3.3329785,False
-3.4244652,False
-3.3965037,False
-3.6348138,False
-3.6949632,False
-3.8577905,False
-4.0565124,False
-3.7946217,False
-3.9353237,False
-3.694611,False
-3.7212732,False
-3.9097686,False
-4.081671,False
-4.1337194,False
-4.2788754,False
-3.8430257,False
-4.055039,False
-3.8630624,False
-4.023071,False
-3.7566757,False
-3.6459272,False
-3.6630826,False
-3.7150884,False
-3.7941163,False
-3.8882062,False
-3.690917,False
-3.4791875,False
-3.471928,False
-3.1174338,False
-3.301591,False
-3.6844683,False
-3.8617725,False
-3.6020703,False
-3.5125825,False
-3.427372,False
-3.6710017,False
-3.5691128,False
-3.5880685,False
-3.4745362,False
-3.7042072,False
-3.9370756,False
-3.4986813,False
-3.26252,False
-3.270801,False
-3.5123987,False
-3.338583,False
-3.419604,False
-3.528131,False
-3.3525589,False
-3.2520254,False
-2.9631624,False
-3.1475327,False
-3.0844436,False
-3.496632,False
-3.334658,False
-3.599988,False
-3.565624,False
-3.8007138,False
-3.6791072,False
-4.0472865,False
-3.899055,False
-3.9057925,False
-3.3899183,False
-3.62664,False
-3.548948,False
-3.5521417,False
-3.5330465,False
-3.4847171,False
-3.5176258,False
-3.9207783,False
-3.9607177,False
-3.697878,False
-3.6489196,False
-3.7181134,False
-4.1914396,False
-4.274159,False
-4.0366545,False
-3.9973052,False
-3.8844075,False
-3.9908907,False
-3.7147079,False
-3.756224,False
-3.6316588,False
-3.4672794,False
-3.3027341,False
-3.5339954,False
-3.5891373,False
-3.725049,False
-3.7514713,False
-3.7167757,False
-3.5149012,False
-3.516128,False
-4.2204003,False
-3.7784042,False
-3.7413561,False
-3.4188397,False
-3.5238795,False
-3.7191277,False
-3.6424344,False
-3.7542882,False
-4.014814,False
-3.560192,False
-3.5199823,False
-3.5871205,False
-3.7286808,False
-3.7807403,False
-3.6926866,False
-3.9391632,False
-3.505031,False
-3.573415,False
-3.6828969,False
-3.4622548,False
-3.7785778,False
-3.5058336,False
-3.425873,False
-3.68421,False
-3.5900307,False
-3.8358233,False
-3.9953732,False
-3.9396117,False
-3.8329604,False
-3.7966142,False
-3.7664127,False
-3.8733394,False
-4.0042095,False
-3.7190776,False
-3.328854,False
-3.4850242,False
-3.909378,False
-4.053642,False
-3.4187653,False
-3.5239763,False
-3.4643955,False
-3.2754192,False
-3.2760687,False
-3.5850313,False
-3.8252594,False
-3.9638155,False
-3.6770337,False
-3.5639145,False
-3.504772,False
-3.7401943,False
-3.872508,False
-3.6457832,False
-3.5530107,False
-3.8934665,False
-3.8799222,False
-3.4791708,False
-3.614913,False
-3.7469,False
-3.9096074,False
-3.7455597,False
-3.773887,False
-3.634507,False
-3.8370807,False
-3.6570842,False
-3.9539077,False
-3.9673111,False
-4.1502185,False
-3.9106286,False
-3.5066726,False
-3.4402025,False
-3.5577612,False
-3.7133052,False
-3.910018,False
-3.9334142,False
-3.9386263,False
-4.239515,False
-4.23542,False
-4.419288,False
-4.346787,False
-3.6826355,False
-3.6377988,False
-3.638628,False
-3.6233819,False
-3.8330061,False
-3.939181,False
-3.772251,False
-3.4924972,False
-3.4409811,False
-3.8533695,False
-3.9536667,False
-4.090001,False
-3.9330187,False
-4.0322495,False
-3.2413127,False
-3.2220328,False
-3.4602067,False
-3.7236314,False
-3.8966568,False
-4.1085763,False
-3.8816261,False
-4.0420623,False
-3.8462455,False
-3.500478,False
-3.5036786,False
-3.4179955,False
-3.5644567,False
-3.6087255,False
-3.8231504,False
-3.8886566,False
-3.878582,False
-4.2477746,False
-4.0001097,False
-3.7294648,False
-3.6843412,False
-3.813921,False
-3.7016184,False
-3.7315795,False
-3.8073292,False
-3.6299207,False
-3.917445,False
-3.6969945,False
-3.8659432,False
-3.9296904,False
-3.8541312,False
-4.26379,False
-3.934559,False
-3.845891,False
-3.8405352,False
-3.8169656,False
-3.810425,False
-4.18724,False
-3.841729,False
-3.8873243,False
-3.5143323,False
-3.57817,False
-3.75672,False
-3.7975512,False
-3.7478704,False
-3.7149646,False
-3.883188,False
-3.8873131,False
-3.6916006,False
-3.576085,False
-3.469383,False
-3.3948536,False
-3.6783478,False
-3.649766,False
-3.9360528,False
-4.2747903,False
-4.2386184,False
-4.155033,False
-3.7651541,False
-3.7395608,False
-3.2344027,False
-3.201161,False
-2.8953962,False
-3.2744894,False
-3.3483524,False
-3.4695847,False
-3.5323925,False
-3.511576,False
-3.4195347,False
-3.348904,False
-3.3723464,False
-3.6422331,False
-3.6437683,False
-3.553689,False
-3.4147055,False
-3.3454852,False
-3.4698806,False
-3.3709311,False
-3.5183158,False
-3.5977678,False
-3.6331072,False
-3.8319035,False
-3.5611672,False
-3.1518848,False
-3.1318762,False
-3.1594777,False
-3.4308746,False
-3.2246552,False
-3.1380396,False
-3.1826065,False
-3.1193352,False
-3.156267,False
-3.1182148,False
-3.0869398,False
-3.0124931,False
-3.1511478,False
-3.1641908,False
-3.2335782,False
-3.1675668,False
-3.2026343,False
-3.3527443,False
-3.291251,False
-3.263922,False
-3.322582,False
-3.2245328,False
-3.243278,False
-3.234063,False
-3.2986095,False
-2.9842741,False
-3.205905,False
-3.053872,False
-3.3605585,False
-3.4592495,False
-3.2374465,False
-3.10256,False
-3.2502952,False
-3.262969,False
-3.7589185,False
-4.174269,False
-3.63877,False
-3.0730364,False
-2.921166,False
-3.1373162,False
-3.1662664,False
-3.237704,False
-3.2253907,False
-2.6255298,False
-3.3984368,False
-3.3412507,False
-3.620792,False
-3.4052083,False
-3.3258026,False
-3.598473,False
-3.7985427,False
-3.9866247,False
-3.4991379,False
-3.4413779,False
-3.7836154,False
-3.86049,False
-4.02099,False
-3.8121676,False
-3.998672,False
-4.2710366,False
-3.9637785,False
-3.73188,False
-3.814519,False
-3.6741922,False
-3.5539246,False
-3.574792,False
-3.4063842,False
-3.3172588,False
-3.7241104,False
-3.5532448,False
-3.2381442,False
-3.487142,False
-3.2216625,False
-1.8237116,False
-2.367544,False
-2.790121,False
-2.6903386,False
-3.435626,False
-3.5685253,False
-3.4287107,False
-3.629939,False
-3.2013488,False
-2.730269,False
-2.9760122,False
-2.8506222,False
-2.6728249,False
-2.6046631,False
-2.7652159,False
-2.9294934,False
-2.9138389,False
-2.9311807,False
-3.0226207,False
-3.2953,False
-3.5697434,False
-3.2568867,False
-3.2423985,False
-2.7841415,False
-3.189641,False
-2.8088756,False
-2.5797007,False
-2.7243774,False
-2.39436,False
-2.7260816,False
-2.7210383,False
-3.214833,False
-3.174189,False
-3.2445986,False
-3.2291996,False
-3.0162225,False
-3.4332001,False
-2.87962,False
-2.827808,False
-2.9619222,False
-2.7290254,False
-2.6205423,False
-2.6698544,False
-2.47579,False
-2.919887,False
-2.5599031,False
-2.7571945,False
-3.1055326,False
-2.9945142,False
-3.3744197,False
-3.2897017,False
-3.1268005,False
-2.6446857,False
-2.6355627,False
-2.4706175,False
-2.6533823,False
-2.7458365,False
-2.7953818,False
-3.4340086,False
-3.0719295,False
-3.013736,False
-2.9756196,False
-3.1995058,False
-3.54198,False
-3.7535465,False
-3.5204084,False
-3.4175844,False
-2.7966666,False
-3.2778583,False
-2.8568666,False
-3.1849751,False
-2.6606555,False
-2.3911219,False
-2.6929512,False
-2.72045,False
-2.6710525,False
-2.5395927,False
-2.9154477,False
-3.3540158,False
-3.481235,False
-3.1592867,False
-3.2350326,False
-3.2669306,False
-3.3548033,False
-2.752678,False
-2.7911186,False
-2.881052,False
-2.6604574,False
-2.5274408,False
-2.5433254,False
-2.7334392,False
-2.5628216,False
-2.5599833,False
-2.7176912,False
-2.7333221,False
-2.7794125,False
-2.879193,False
-2.8555117,False
-3.0680985,False
-2.884499,False
-3.4132547,False
-2.9649544,False
-2.9149847,False
-3.1103868,False
-3.5528893,False
-3.6917038,False
-3.1982214,False
-2.9374955,False
-2.92153,False
-2.5538154,False
-2.6879022,False
-2.681346,False
-2.716201,False
-2.7638395,False
-2.7826965,False
-2.6896904,False
-2.7138746,False
-3.1590102,False
-3.6997344,False
-3.5556238,False
-3.6442297,False
-2.7056053,False
-3.172556,False
-2.8979502,False
-3.1191568,False
-2.975066,False
-2.734274,False
-3.0301723,False
-2.6799471,False
-2.8162384,False
-2.5927343,False
-2.8948267,False
-2.8323874,False
-3.0100868,False
-2.8328764,False
-2.934428,False
-2.7046666,False
-3.0079498,False
-3.2268474,False
-3.1474328,False
-2.9475975,False
-3.0780258,False
-3.107625,False
-3.2788723,False
-3.5662737,False
-3.2322552,False
-2.4697177,False
-2.657716,False
-3.0455384,False
-3.187187,False
-3.5273952,False
-3.099162,False
-2.9219236,False
-2.87089,False
-2.8297198,False
-3.0169654,False
-2.5404608,False
-2.667451,False
-2.9121194,False
-3.1194143,False
-3.2102299,False
-3.1276586,False
-3.2816968,False
-2.918771,False
-3.0792372,False
-2.8526707,False
-2.7773654,False
-3.209188,False
-3.000112,False
-3.5947285,False
-3.2049081,False
-3.276509,False
-3.4850025,False
-3.4671261,False
-2.6487906,False
-2.6782339,False
-2.6286178,False
-3.058229,False
-3.0204096,False
-2.9801278,False
-3.5661855,False
-3.3596473,False
-3.3782969,False
-3.0325074,False
-3.1689887,False
-3.2337134,False
-3.5296962,False
-2.674116,False
-2.7391775,False
-3.203751,False
-2.9889925,False
-2.8664572,False
-2.75689,False
-2.9187045,False
-2.8445268,False
-2.845705,False
-3.200387,False
-2.9824488,False
-2.9328024,False
-3.1087976,False
-3.2537808,False
-3.1318574,False
-2.9496484,False
-2.9259055,False
-2.8473454,False
-3.005794,False
-3.1667066,False
-2.783384,False
-2.786352,False
-2.6869075,False
-2.7861133,False
-2.6499605,False
-2.7043798,False
-2.9827948,False
-2.987381,False
-2.5562367,False
-2.3382592,False
-2.854011,False
-2.9573746,False
-3.0090284,False
-3.5226052,False
-3.0020943,False
-3.0090299,False
-2.7139785,False
-2.7387483,False
-2.550455,False
-2.4512882,False
-2.6306279,False
-2.6307502,False
-2.980452,False
-3.113711,False
-2.9535906,False
-3.1347978,False
-3.3674207,False
-2.7000875,False
-2.8498194,False
-2.8141346,False
-3.1400893,False
-3.5175643,False
-3.3971202,False
-2.7465825,False
-2.7116697,False
-2.7478786,False
-2.7089887,False
-2.7959344,False
-2.934651,False
-2.7599907,False
-2.8875632,False
-2.6482882,False
-2.8932369,False
-2.8969417,False
-2.9912536,False
-2.904686,False
-3.0174646,False
-2.952552,False
-2.931888,False
-2.8506594,False
-2.8950818,False
-2.9740126,False
-2.7177444,False
-2.7048714,False
-2.702215,False
-2.7830842,False
-3.0534244,False
-2.9184434,False
-2.820462,False
-2.8905423,False
-2.6707976,False
-2.907837,False
-2.377833,False
-2.0869331,False
-1.9117322,False
-2.0322893,False
-2.8926883,False
-2.8610332,False
-2.8069932,False
-2.6534948,False
-2.6300726,False
-2.426299,False
-2.8985543,False
-2.5635889,False
-2.4404542,False
-2.2743356,False
-3.3210454,False
-3.251192,False
-2.7370849,False
-2.1347885,True
-2.4555664,True
-2.365758,True
-2.8893695,True
-4.165938,False
-4.3925405,False
-4.42084,False
-4.2019095,False
-3.7778802,False
-4.2097926,False
-3.5294964,False
-3.166331,False
-3.5932043,False
-3.688436,False
-3.5239675,False
-3.452985,False
-2.9235945,False
-2.8427339,False
-3.5889678,True
-3.1632707,True
-3.051584,True
-2.8386264,True
-2.8890867,True
-2.4567995,True
-2.991482,True
-3.3862407,True
-3.067307,True
-2.63886,True
-2.8114705,True
-2.9160697,True
-3.2555172,True
-3.6536734,True
-3.4169412,True
-3.1242256,True
-3.040568,True
-2.6624322,True
-2.9513297,True
-2.982201,True
-3.5294456,True
-3.5402822,True
-3.0235245,True
-2.9611917,True
-2.5833402,True
-2.228386,True
-2.723543,True
-2.1851716,True
-2.416725,True
-1.698352,True
-0.21247602,True
1.7135664,True
2.6604588,True
4.293127,True
3.418696,True
1.6841059,True
-1.1224,True
-2.2178705,True
-2.9129252,True
-2.7137222,True
-2.7479148,True
-2.9620059,True
-3.461604,True
-3.6115057,True
-3.7121575,True
-3.8238828,True
-4.074749,True
-3.4910872,True
-3.8374364,True
-4.038587,True
-3.2974236,True
-3.1764355,True
-3.2628942,True
-3.315443,True
-2.9558868,True
-2.900514,True
-2.7683108,True
-2.7843413,True
-3.463619,True
-2.9133327,True
-2.21663,True
-2.80462,True
-2.6679678,True
-2.4630253,False
-2.7929046,False
-2.7615626,False
-2.0566576,False
-2.3863683,False
-3.0381796,False
-3.3325708,False
-3.0228639,False
-3.1385791,False
-3.1432738,False
-3.5168092,False
-3.321341,False
-3.0429091,False
-2.934133,False
-3.0070028,False
-2.963986,False
-3.1904602,False
-2.6183891,False
-2.9861386,False
-3.2119033,False
-3.2231784,False
-3.1262639,False
-2.6440654,False
-2.905895,False
-3.1681395,False
-2.5406938,False
-2.685324,False
-3.1596072,False
-2.7136092,False
-2.5137544,False
-2.819319,False
-2.6155734,False
-2.4867399,False
-2.752851,False
-2.8527114,False
-2.9960964,False
-3.0247495,False
-2.5537024,False
-2.105589,True
-2.8424714,True
-2.4219756,True
-3.16411,False
-3.2449172,False
-2.7252526,False
-2.6234434,True
-2.6853223,False
-2.592799,False
-2.3152723,False
-2.4251394,False
-2.355063,False
-2.49168,False
-2.624995,False
-2.6170247,False
-2.7297933,False
-2.476536,False
-2.5873804,False
-2.3935907,False
-2.416999,False
-2.6852953,False
-2.9495947,False
-2.8489203,False
-2.8731282,False
-2.8824332,False
-2.6501613,False
-2.7043662,False
-2.5561264,False
-2.7644885,False
-3.0723453,False
-3.3195357,False
-3.4869862,False
-3.0442739,False
-2.8847756,False
-2.833421,False
-2.4350584,False
-2.8128622,False
-2.7756479,False
-2.8402867,False
-2.6928847,False
-2.751164,False
-2.8455167,False
-2.842926,False
-2.859604,False
-2.9953918,False
-3.011188,False
-2.8177824,False
-2.8002043,False
-2.567812,False
-2.715808,False
-2.8409274,False
-3.2845545,False
-2.8625824,False
-2.8163717,False
-2.7093956,False
-2.8009145,False
-2.6816723,False
-2.7884464,False
-2.837775,False
-3.0162518,False
-3.0286536,False
-3.185668,False
-3.1966493,False
-3.0708768,False
-3.0227017,False
-2.6460695,False
-2.7017627,False
-2.5196147,False
-2.7096055,False
-2.819688,False
-3.0098784,False
-2.9471211,False
-3.1651554,False
-3.0602477,False
-3.0972505,False
-3.1588056,False
-3.2142043,False
-3.318531,False
-2.795286,False
-2.8883812,False
-2.957049,False
-3.1598966,False
-3.2166157,False
-3.0630257,False
-2.8850842,False
-2.882509,False
-3.3732252,False
-3.2426124,False
-3.3901665,False
-3.2045233,False
-3.7052462,False
-3.5299172,False
-2.939561,False
-2.678206,False
-2.8799841,False
-2.9190252,False
-2.859355,False
-2.935253,False
-3.2136476,False
-3.2422905,False
-3.0443819,False
-2.8756428,False
-2.8964102,False
-3.0238988,False
-2.9173033,False
-3.1659944,False
-2.964327,False
-3.115931,False
-2.9267442,False
-2.6827848,False
-2.765316,False
-2.8182397,False
-2.7056427,False
-2.6807215,False
-2.5639257,False
-2.585402,False
-2.512419,False
-2.2632797,False
-2.4716709,False
-3.016079,False
-2.9642057,False
-2.9548216,False
-2.9624693,False
-2.74968,False
-2.687834,False
-2.4030495,False
-2.3118114,False
-2.8901238,False
-2.952846,False
-2.788041,False
-2.9927807,False
-2.6310244,False
-2.684575,False
-2.9392705,False
-3.0236642,False
-3.1089222,False
-2.9528427,False
-3.1259513,False
-3.2635167,False
-3.1559951,False
-3.2233696,False
-2.777366,False
-2.9768558,False
-2.9678595,False
-3.2230856,False
-2.864512,False
-2.9941769,False
-2.9569263,False
-2.8780503,False
-2.8306117,False
-3.107423,False
-2.812492,False
-2.7764323,False
-2.6715019,False
-2.9972012,False
-2.7162356,False
-2.7126904,False
-2.8054228,False
-2.8045094,False
-2.7714915,False
-2.97078,False
-2.8443837,False
-3.0892682,False
-2.8236156,False
-2.8848374,False
-2.677673,False
-2.7296517,False
-2.497723,False
-2.4894426,False
-2.6167967,False
-2.6744487,False
-3.0647764,False
-3.1114802,False
-2.9660547,False
-2.7091856,False
-3.219349,False
-2.951405,False
-3.3897874,False
-3.5291777,False
-3.4847643,False
-3.354592,False
-2.9029143,False
-3.0015326,False
-2.8401403,False
-2.8054113,False
-2.799882,False
-2.8347924,False
-3.1326816,False
-3.0470886,False
-3.6098783,False
-3.2413232,False
-3.219916,False
-3.1925159,False
-3.3383975,False
-3.240634,False
-3.0823984,False
-2.5753005,False
-3.1049156,False
-3.1770377,False
-3.0363736,False
-3.0174499,False
-3.0593553,False
-2.953414,False
-2.6411877,False
-2.768646,False
-3.2939377,False
-3.3637009,False
-3.4670541,False
-3.035728,False
-3.2346008,False
-3.1340923,False
-3.130667,False
-2.9473104,False
-2.9159384,False
-3.0943515,False
-2.8687625,False
-2.9355738,False
-2.9050066,False
-3.0221996,False
-2.8831344,False
-2.7457585,False
-2.8794918,False
-3.1036367,False
-2.8239877,False
-3.051074,False
-3.083338,False
-2.8780122,False
-2.7052674,False
-2.958522,False
-2.7556086,False
-2.6675954,False
-3.056149,False
-2.8933563,False
-2.9850905,False
-3.0556347,False
-2.8268616,False
-2.9700596,False
-3.0462372,False
-3.0871408,False
-2.96524,False
-3.1038263,False
-3.0491457,False
-2.6697414,False
-3.0438976,False
-3.016388,False
-2.8840308,False
-2.878751,False
-2.889673,False
-3.0017848,False
-3.5378528,False
-2.8878546,False
-2.9533129,False
-2.8448336,False
-2.9058135,False
-2.8628337,False
-3.0949523,False
-3.1207507,False
-3.4944935,False
-3.1895056,False
-2.7218468,False
-3.1129553,False
-3.2651136,False
-3.246425,False
-2.9203038,False
-2.814648,False
-2.75686,False
-2.935812,False
-2.670809,False
-2.9823675,False
-3.1482692,False
-3.1028783,False
-2.998827,False
-2.7142012,False
-2.7604067,False
-3.238632,False
-3.0153992,False
-3.0664864,False
-3.0714355,False
-3.0659947,False
-3.0481372,False
-2.8471434,False
-2.9365768,False
-2.9180758,False
-2.9318929,False
-3.0938122,False
-2.8688827,False
-2.834264,False
-3.0807366,False
-3.392597,False
-3.4608984,False
-3.082937,False
-3.0474412,False
-2.9801826,False
-2.803627,False
-3.2392452,False
-3.0330029,False
-3.3314395,False
-3.2014477,False
-3.1044066,False
-3.019885,False
-3.173931,False
-2.8340416,False
-2.740224,False
-2.6745136,False
-2.961577,False
-3.0445924,False
-3.2645035,False
-3.0136151,False
-2.9757059,False
-2.7219791,False
-2.7390828,False
-2.8367705,False
-2.9001179,False
-2.953221,False
-2.8626902,False
-3.2173834,False
-2.813253,False
-3.5571442,False
-3.05878,False
-3.0684638,False
-2.6467443,False
-2.5653875,False
-2.7692862,False
-2.7617784,False
-3.0346477,False
-3.0340626,False
-3.0346093,False
-2.9335675,False
-3.0534449,False
-2.96963,False
-3.0163164,False
-3.2326334,False
-3.2136703,False
-2.9774265,False
-2.5878406,False
-2.7685883,False
-2.8660624,False
-3.1282961,False
-3.1460416,False
-3.1687212,False
-2.6198025,False
-2.8218844,False
-2.7622275,False
-2.618905,False
-2.468423,False
-2.465921,False
-2.5373573,False
-2.57266,False
-2.6634321,False
-2.6322675,False
-2.623518,False
-2.8319988,False
-2.6231315,False
-2.6313999,False
-2.6888013,False
-2.9045956,False
-2.663848,False
-2.5466745,False
-2.7278948,False
-3.0106788,False
-2.9543998,False
-2.7618356,False
-2.9269047,False
-3.038886,False
-2.937349,False
-3.0500605,False
-2.978171,False
-2.7765956,False
-2.838613,False
-2.5882275,False
-2.6916575,False
-2.7542386,False
-2.7259831,False
-2.7560298,False
-2.889689,False
-2.8547308,False
-2.5823247,False
-2.4049268,False
-2.3047743,False
-2.4999845,False
-2.7858746,False
-2.7747056,False
-2.624689,False
-2.5774593,False
-2.6680036,False
-2.2185326,False
-2.3639393,False
-2.168682,False
-2.6054978,False
-2.6411343,False
-2.610145,False
-2.5687454,False
-2.369179,False
-2.739317,False
-2.5838552,False
-2.7990696,False
-2.373978,False
-2.4127722,False
-2.725504,False
-2.8235114,False
-3.1751895,False
-2.831358,False
-2.6822023,False
-2.662419,False
-2.812172,False
-2.7760272,False
-2.6060376,False
-2.4306269,False
-2.4504793,False
-2.6081514,False
-2.9217358,False
-2.8313656,False
-2.9881344,False
-2.631908,False
-2.7067194,False
-2.5718477,False
-2.8765743,False
-3.098995,False
-2.9873886,False
-3.027488,False
-2.735767,False
-2.639241,False
-2.8769407,False
-2.991362,False
-3.0837126,False
-2.8903947,False
-2.6133456,False
-2.9545083,False
-2.7051678,False
-2.9474847,False
-2.7427635,False
-2.87256,False
-2.686518,False
-2.9511461,False
-2.6442153,False
-2.7749705,False
-2.5233438,False
-2.8665066,False
-2.8275805,False
-2.7114081,False
-3.028512,False
-3.095189,False
-2.9484286,False
-3.0311441,False
-2.9903283,False
-2.8337977,False
-2.5857937,False
-2.4732273,False
-2.6195533,False
-2.6619117,False
-2.8137584,False
-2.6494138,False
-2.5073802,False
-2.8223073,False
-2.9178712,False
-2.664412,False
-2.5899138,False
-2.5972872,False
-3.030122,False
-3.105751,False
-3.21812,False
-3.1897366,False
-3.54893,False
-3.1469803,False
-3.338138,False
-2.8629673,False
-2.9215484,False
-2.807131,False
-2.6188323,False
-3.0982242,False
-3.071616,False
-3.499125,False
-3.2338533,False
-3.2063975,False
-2.7225034,False
-2.8318064,False
-2.6634424,False
-2.782474,False
-2.867568,False
-3.061563,False
-3.0297682,False
-3.0148993,False
-2.75688,False
-2.9862673,False
-2.8183823,False
-3.0029175,False
-2.9022918,False
-2.8995652,False
-3.0202622,False
-2.9805548,False
-2.9336967,False
-2.7734473,False
-2.9887643,False
-2.8209774,False
-2.6411245,False
-2.7318757,False
-3.0394328,False
-3.3711019,False
-3.1195524,False
-2.7123065,False
-2.746755,False
-2.6684706,False
-2.923139,False
-2.8482497,False
-2.8480997,False
-2.8017788,False
-3.4460008,False
-3.4235296,False
-3.0984242,False
-2.9625165,False
-2.6669483,False
-2.795687,False
-2.7391176,False
-3.1158168,False
-2.9115026,False
-3.0322773,False
-3.2145371,False
-2.9719353,False
-3.1433122,False
-2.844764,False
-3.0993695,False
-2.7536118,False
-2.79588,False
-2.9664965,False
-3.0286102,False
-2.7922359,False
-3.4149563,False
-3.5107832,False
-3.7889562,False
-3.136066,False
-2.9570284,False
-3.221698,False
-2.750311,False
-2.922965,False
-2.903371,False
-3.0425675,False
-3.0824325,False
-2.7767625,False
-2.931784,False
-3.0098648,False
-3.2648273,False
-2.9490678,False
-2.98829,False
-2.828506,False
-3.0736039,False
-3.1041152,False
-3.1065137,False
-3.1044853,False
-2.7942307,False
-2.799522,False
-2.6913192,False
-2.8991566,False
-2.8004634,False
-3.0005372,False
-3.0676844,False
-3.0025349,False
-2.9504275,False
-2.9559453,False
-2.971563,False
-2.9623775,False
-2.877728,False
-2.99393,False
-3.049112,False
-3.0938747,False
-3.1493464,False
-3.0855289,False
-3.047104,False
-3.234192,False
-3.1264677,False
-3.5613704,False
-3.175795,False
-3.0349176,False
-3.3155642,False
-3.283405,False
-3.4118,False
-3.7320342,False
-4.2164283,False
-3.8638804,False
-3.3785458,False
-2.9321687,False
-3.1083236,False
-2.9448931,False
-2.7327213,False
-2.829577,False
-2.7965636,False
-2.9133093,False
-2.821908,False
-2.7878294,False
-2.8059566,False
-2.9646893,False
-2.9237335,False
-3.4517944,False
-2.798027,False
-2.9378004,False
-3.0262084,False
-2.9230545,False
-3.428348,False
-3.659339,False
-3.1507957,False
-3.1706088,False
-2.9429069,False
-2.9682622,False
-2.7824068,False
-2.846702,False
-2.6110272,False
-2.9089751,False
-2.750913,False
-2.735602,False
-2.942328,False
-2.7569222,False
-2.7633054,False
-2.784185,False
-3.0572143,False
-2.8258657,False
-2.8571992,False
-2.9426427,False
-3.0955248,False
-3.0309396,False
-2.8461998,False
-3.0791798,False
-2.9903612,False
-2.5264893,False
-2.340255,False
-2.6866753,False
-3.0238094,False
-3.066035,False
-3.1604483,False
-3.0204701,False
-2.7294884,False
-2.6172862,False
-2.386404,False
-2.594535,False
-2.6109385,False
-2.7374482,False
-3.075541,False
-2.6922941,False
-2.8274822,False
-2.7401695,False
-2.8256419,False
-3.1058538,False
-3.1490831,False
-3.4572332,False
-2.8307285,False
-2.8576527,False
-3.0019443,False
-2.973054,False
-2.926129,False
-2.7279325,False
-2.8482184,False
-2.8967834,False
-2.8172858,False
-2.6956456,False
-2.7092588,False
-3.042797,False
-2.827875,False
-3.1002345,False
-2.9451623,False
-2.9843671,False
-2.818189,False
-3.0668833,False
-2.7288284,False
-2.5701466,False
-2.9787986,False
-3.0434523,False
-3.0659347,False
-3.1207273,False
-3.1678908,False
-2.8380628,False
-2.8809597,False
-2.8869054,False
-2.7107959,False
-2.5720506,False
-2.4763548,False
-2.6500375,False
-2.8448095,False
-2.8970158,False
-2.7765403,False
-3.2093358,False
-3.1596212,False
-2.8499799,False
-2.7801852,False
-2.8743386,False
-2.8154843,False
-2.6403193,False
-3.0345502,False
-2.9872975,False
-2.9999175,False
-3.0014958,False
-2.9795876,False
-3.0003936,False
-2.9089541,False
-3.1110466,False
-2.90667,False
-3.0761366,False
-2.816147,False
-2.7874312,False
-2.4877348,False
-2.8624117,False
-2.8151724,False
-3.063311,False
-3.1614301,False
-2.9852333,False
-2.9431787,False
-2.968669,False
-2.9113407,False
-2.9980516,False
-2.7996013,False
-2.892685,False
-3.2537937,False
-3.1074612,False
-3.0944335,False
-3.271783,False
-3.337431,False
-3.2484791,False
-2.805642,False
-2.9748106,False
-2.9667382,False
-2.9788792,False
-3.001432,False
-2.917333,False
-3.2969923,False
-3.1503854,False
-2.9468703,False
-2.9540434,False
-3.0677595,False
-2.8556767,False
-3.0671885,False
-3.1741617,False
-3.25813,False
-2.915657,False
-2.804629,False
-2.7275424,False
-3.0281892,False
-3.238987,False
-3.0890007,False
-2.775576,False
-2.469164,False
-2.7723403,False
-2.7443585,False
-2.9135923,False
-2.8498368,False
-2.8789515,False
-2.9040926,False
-2.7904096,False
-2.8993764,False
-2.8990626,False
-2.892366,False
-2.9960966,False
-2.982794,False
-3.0840697,False
-2.9069216,False
-2.9802105,False
-2.9996471,False
-3.0730255,False
-2.8734763,False
-2.8205495,False
-2.828631,False
-2.861335,False
-2.8874316,False
-2.9829571,False
-2.8100128,False
-2.7766151,False
-3.1569088,False
-3.032858,False
-3.0652735,False
-2.7774308,False
-2.9063396,False
-2.951356,False
-3.0440273,False
-3.2659688,False
-3.0262597,False
-3.1356597,False
-2.8752723,False
-2.649195,False
-2.912745,False
-2.9923863,False
-3.0213013,False
-2.9616914,False
-3.998881,False
-3.3974297,False
-3.0790312,False
-2.5939183,False
-2.678059,False
-2.3947148,False
-2.4061909,False
-2.6008976,False
-2.6116126,False
-2.9268768,False
-2.9531243,False
-3.0129213,False
-3.1865911,False
-3.5621107,False
-3.956883,False
-3.6327808,False
-4.2767606,False
-4.7239738,False
-4.45661,False
-4.360203,False
-3.9676454,False
-4.0462,False
-4.1380944,False
-3.941996,False
-3.5633495,False
-3.2965343,False
-3.1280053,False
-3.086776,False
-2.9928925,False
-3.146886,False
-2.9423478,False
-2.9658134,False
-2.676995,False
-2.8378465,False
-2.547336,False
-2.528668,False
-2.7317157,False
-2.7101707,False
-3.102454,False
-3.1228695,False
-2.9801915,False
-2.660986,False
-2.7914147,False
-2.2862651,False
-2.4279046,False
-2.5942426,False
-2.9018457,False
-2.6283066,False
-2.8116424,False
-2.599178,False
-2.988258,False
-2.6366556,False
-3.094545,False
-3.4756298,False
-3.1940145,False
-3.740871,False
-3.1334734,False
-3.446657,False
-2.5633311,False
-2.6705773,False
-2.5586357,False
-2.6851695,False
-2.9295921,False
-2.757963,False
-2.9155622,False
-3.129911,False
-3.1611638,False
-2.8209622,False
-2.7369697,False
-3.1727624,False
-3.209899,False
-3.3953643,False
-3.0423717,False
-3.4018502,False
-3.5187356,False
-3.1905594,False
-3.0471556,False
-2.9238408,False
-2.7503843,False
-2.629816,False
-3.0686684,False
-3.2740817,False
-3.0425591,False
-2.8736992,False
-2.8697605,False
-2.5897062,False
-2.4327848,False
-2.790042,False
-2.0434508,False
-2.5188608,False
-2.398039,False
-2.9095862,False
-2.9491966,False
-3.2658162,False
-4.1178846,False
-3.9655273,False
-2.832437,False
-3.5351267,False
-2.8558357,False
-3.0679157,False
-2.8804626,False
-3.0320296,False
-2.93426,False
-2.966436,False
-2.8745184,False
-2.8099844,False
-3.1995206,False
-3.2847133,False
-2.7809362,False
-2.9373245,False
-3.0612643,False
-2.5496054,False
-2.9214468,False
-2.725827,False
-2.660198,False
-3.1043556,False
-2.9969523,False
-3.2516925,False
-2.888665,False
-2.9582481,False
-3.0602303,False
-2.6058931,False
-2.7060034,False
-2.8139062,False
-3.0093052,False
-2.7041686,False
-2.9255812,False
-3.109016,False
-2.7173913,False
-2.5107117,False
-2.4692369,False
-2.7084293,False
-3.0183976,False
-2.9659574,False
-2.7115803,False
-2.7543685,False
-2.8534951,False
-2.8493972,False
-2.6386604,False
-2.671444,False
-2.6207879,False
-2.8370993,False
-3.0183353,False
-3.2063751,False
-3.1662455,False
-3.1391606,False
-2.8956583,False
-2.8865447,False
-2.7511194,False
-2.9685202,False
-2.513296,False
-3.1808987,False
-2.8809972,False
-2.5280051,False
-2.7254097,False
-2.1872802,False
-2.7121143,False
-2.8204362,False
-3.0414796,False
-2.9446769,False
-3.0719023,False
-2.9630363,False
-3.056588,False
-3.2405427,False
-3.0555606,False
-2.893454,False
-2.419827,False
-2.4792337,False
-2.6817262,False
-2.746939,False
-2.6690748,False
-2.969846,False
-2.979173,False
-3.102503,False
-2.8228085,False
-2.9285812,False
-2.7013137,False
-2.7932315,False
-2.7557607,False
-2.6914883,False
-2.4187896,False
-2.560673,False
-2.3958373,False
-2.697523,False
-2.9095535,False
-2.8029504,False
-3.004849,False
-2.917607,False
-2.6662748,False
-2.562882,False
-2.6383471,False
-3.0784497,False
-3.052174,False
-2.9529765,False
-2.9146125,False
-2.546482,False
-2.6102011,False
-2.3900573,False
-2.7404864,False
-2.8978004,False
-2.8442557,False
-2.679297,False
-3.0488753,False
-2.6008625,False
-3.0638828,False
-2.7372978,False
-2.6585553,False
-2.6839018,False
-2.488988,False
-2.538651,False
-2.5354033,False
-2.5595515,False
-2.6676624,False
-2.9845057,False
-2.637796,False
-2.5615556,False
-2.6400442,False
-2.3797853,False
-2.9612546,False
-2.745599,False
-3.0471354,False
-2.644327,False
-2.3794994,False
-2.391327,False
-2.9364789,False
-2.5134382,False
-2.9556212,False
-3.0504,False
-2.7493534,False
-2.3662968,False
-2.5067484,False
-2.421443,False
-2.508808,False
-2.9127586,False
-2.8546565,False
-2.925188,False
-2.6763036,False
-3.209535,False
-2.1019962,False
-1.0863593,False
-2.9535213,False
-2.8343484,False
-3.1356184,False
-2.6452818,False
-2.6973763,False
-2.4537785,False
-2.6099832,False
-2.4375353,False
-2.7999258,False
-2.7004762,False
-2.7592914,False
-2.6493912,False
-2.8481755,False
-2.6815963,False
-2.760921,False
-2.9151907,False
-2.811951,False
-2.9480867,False
-2.9882994,False
-2.8395975,False
-2.7160072,False
-2.6213012,False
-2.4484794,False
-2.4908383,False
-2.7188416,False
-3.077206,False
-3.2070513,False
-2.428946,False
-2.3702738,False
-2.4555945,False
-2.884288,False
-2.5862677,False
-2.7819376,False
-3.020357,False
-2.7358608,False
-2.7692091,False
-2.671531,False
-2.6314979,False
-2.6531408,False
-3.0401669,False
-3.0444899,False
-2.8119056,False
-2.9082282,False
-3.1578083,False
-2.6447833,False
-3.194741,False
-2.9908464,False
-2.9804444,False
-2.8276713,False
-2.5004086,False
-2.7238657,False
-2.8416636,False
-2.6558833,False
-3.1179397,False
-2.9165678,False
-3.1438088,False
-3.3493767,False
-2.8937738,False
-3.0541894,False
-3.068806,False
-2.7925093,False
-2.9765847,False
-3.245952,False
-2.5292642,False
-2.5824957,False
-2.4996495,False
-2.465945,False
-2.7220573,False
-2.5134625,False
-2.7741995,False
-2.7414353,False
-2.765322,False
-2.6174195,False
-2.4995604,False
-3.0577865,False
-3.4841611,False
-3.7217462,False
-3.569002,False
-3.0628777,False
-2.9833484,False
-2.5499203,False
-2.6699638,False
-2.8789544,False
-2.9173906,False
-2.6449332,False
-2.6176226,False
-2.6354342,False
-2.738096,False
-3.0619812,False
-3.3792143,False
-3.0072384,False
-3.1221616,False
-3.0025115,False
-3.1408672,False
-3.0278318,False
-2.9777577,False
-2.709775,False
-2.6904883,False
-2.790811,False
-2.7355537,False
-2.9829845,False
-2.431702,False
-2.5309858,False
-2.4646988,False
-2.5604982,False
-2.6555135,False
-2.8869672,False
-3.0206356,False
-2.39181,False
-2.672877,False
-2.889888,False
-3.0267103,False
-2.6486244,False
-2.886109,False
-2.909349,False
-3.125704,False
-2.655201,False
-2.6403198,False
-2.5989647,False
-2.7079937,False
-3.0568244,False
-2.7556765,False
-3.0162075,False
-2.8013232,False
-3.0501971,False
-2.5937438,False
-2.523461,False
-2.5220554,False
-2.3970068,False
-2.644165,False
-3.0426652,False
-3.244546,False
-3.2255476,False
-2.9981844,False
-3.2240868,False
-2.8019338,False
-2.680383,False
-2.3516564,False
-2.6941218,False
-2.773191,False
-3.0529659,False
-2.853201,False
-3.078889,False
-2.8570964,False
-2.9353888,False
-3.1418357,False
-3.058474,False
-2.6472805,False
-2.7790902,False
-2.917345,False
-2.8938608,False
-2.9690475,False
-2.907998,False
-3.1369615,False
-3.1699748,False
-2.8696022,False
-3.0236976,False
-2.9504707,False
-2.5766625,False
-2.6013403,False
-2.6467848,False
-2.6413295,False
-2.7142682,False
-2.8128195,False
-2.6573508,False
-2.498901,False
-2.4446187,False
-2.5349267,False
-2.6339972,False
-2.792201,False
-2.920252,False
-3.1501725,False
-3.1184666,False
-2.959779,False
-2.688904,False
-2.763387,False
-1.8578236,False
-2.448854,False
-2.328767,False
-2.67729,False
-2.7409637,False
-2.4306064,False
-3.0326483,False
-2.0123281,False
-2.5330877,False
-2.4687262,False
-2.703621,False
-2.6825223,False
-2.7830615,False
-2.592031,False
-2.5980725,False
-2.6141841,False
-2.8376694,False
-2.7448103,False
-2.6273715,False
-2.4859211,False
-2.474094,False
-2.6852057,False
-2.8517306,False
-2.9256043,False
-3.040553,False
-3.0368702,False
-2.496533,False
-2.7879276,False
-2.2525997,False
-2.613703,False
-2.116233,False
-2.5733685,False
-2.6260824,False
-2.772882,False
-3.048461,False
-2.676985,False
-2.8910453,False
-2.5061994,False
-1.7498559,False
-2.3695254,False
-2.5475726,False
-2.6936326,False
-2.466973,False
-2.9143631,False
-2.186782,False
-1.852743,False
-3.2088149,False
-2.933742,False
-2.488506,False
-2.690377,False
-3.0096087,False
-3.537031,False
-3.0184028,False
-3.105205,False
-1.694205,False
-0.6568783,False
-1.6006844,False
0.901838,False
-0.87071645,False
-1.4890629,False
-2.0824237,False
-2.256546,False
-2.7533948,False
-1.5497698,False
-1.9553227,False
-1.1475286,False
-2.6539607,False
-0.17345697,False
-1.9501219,False
-2.2253792,False
-2.862536,False
-2.7528152,False
-2.6455078,False
-1.5465192,False
-0.5842904,False
-0.9670405,False
-0.82902217,False
-2.4578323,False
-2.6264453,False
-1.9042225,False
-0.5101533,False
-1.3708179,False
-2.0783257,False
-2.9634562,False
-1.162456,False
-0.751368,False
-1.5377191,False
-3.4872992,False
-3.4956656,False
-1.6637913,False
-3.1455915,False
-3.3200822,False
-2.9374855,False
-2.3095999,False
-2.1683939,False
-2.2711573,False
-2.967177,False
-1.6780375,False
-2.5838366,False
-2.9249246,False
-3.0859778,False
-3.4213629,False
-2.7462015,False
-2.7251227,False
-2.8940282,False
-3.3229775,False
-3.533276,False
-3.7087805,False
-3.285172,False
-2.7616081,False
-2.5328372,False
-2.4727275,False
-2.569709,False
-2.9287815,False
-3.1115189,False
-3.0826104,False
-2.7425606,False
-2.9393938,False
-2.8707607,False
-2.7772143,False
-2.7247581,False
-2.9584656,False
-3.20712,False
-2.6748893,False
-2.5034378,False
-2.743951,False
-2.7722003,False
-2.941385,False
-2.7504206,False
-3.0644436,False
-2.8521683,False
-3.0814724,False
-3.3073149,False
-3.0753634,False
-3.1003585,False
-3.0131195,False
-2.9004598,False
-2.742451,False
-2.554197,False
-2.706244,False
-2.785934,False
-3.0074725,False
-2.8509548,False
-2.7573488,False
-2.9296746,False
-2.8593507,False
-2.8324573,False
-2.7059119,False
-2.8238897,False
-2.8149195,False
-2.7448325,False
-2.691894,False
-2.8288624,False
-2.961906,False
-2.8827727,False
-2.9815884,False
-2.8446202,False
-2.9263508,False
-2.9955726,False
-2.8178787,False
-3.0244257,False
-3.005078,False
-2.7387824,False
-2.786108,False
-3.0603356,False
-3.012165,False
-2.9642692,False
-2.733889,False
-2.8525095,False
-2.6381457,False
-2.82077,False
-2.908474,False
-2.7941175,False
-2.9062,False
-3.0353856,False
-2.9338384,False
-2.9653409,False
-2.8973355,False
-2.8163166,False
-2.7275815,False
-2.6433492,False
-2.482236,False
-2.5637918,False
-2.693667,False
-2.9204512,False
-2.9869864,False
-2.9896457,False
-2.8728762,False
-2.7951045,False
-2.8869865,False
-2.8642964,False
-3.15333,False
-2.9774864,False
-2.6932242,False
-3.1198597,False
-2.768751,False
-2.706339,False
-2.6689658,False
-3.0083115,False
-2.9851668,False
-2.8332233,False
-2.8194737,False
-2.8362672,False
-2.8324428,False
-2.5467644,False
-2.8739421,False
-2.7335892,False
-2.9059408,False
-2.7303536,False
-2.6600177,False
-2.7057073,False
-2.7918077,False
-2.8414567,False
-2.8752143,False
-2.958064,False
-2.9493487,False
-2.9917152,False
-2.9259162,False
-2.9609854,False
-2.7647939,False
-2.5576913,False
-2.6914227,False
-2.9312825,False
-2.967549,False
-2.984066,False
-3.2103035,False
-3.309375,False
-3.034132,False
-2.862617,False
-2.821079,False
-3.0788994,False
-3.0238378,False
-2.916135,False
-2.9822583,False
-3.0253363,False
-2.9239976,False
-2.9509914,False
-2.8289711,False
-2.8941188,False
-3.0273247,False
-3.0613947,False
-3.000261,False
